Date,Open,High,Low,Close,Volume
2025-12-04 14:30:00,278.85999,279.97,278.82001,279.97,698641
2025-12-04 14:45:00,279.97,280.35001,279.89001,280.34,654285
2025-12-04 15:00:00,280.32999,280.73001,280.16,280.34009,786616
2025-12-04 15:15:00,280.34,280.54999,280.089996,280.125,668454
2025-12-04 15:30:00,280.12,280.23999,279.89999,280.13,730365
2025-12-04 15:45:00,280.14001,280.69,279.57999,280.64999,2435143
2025-12-05 09:30:00,280.54001,281.049988,279.26999,279.5,2041658
2025-12-05 09:45:00,279.5,280.26001,279.29999,280.17999,782182
2025-12-05 10:00:00,280.20999,280.70001,279.67999,280.6701,794823
2025-12-05 10:15:00,280.69,281.14001,280.31,280.45511,774482
2025-12-05 10:30:00,280.45999,280.98001,280.20999,280.32501,731532
2025-12-05 10:45:00,280.33279,280.51001,279.81,280.075012,523728
2025-12-05 11:00:00,280.079987,280.32001,279.78,279.85001,457038
2025-12-05 11:15:00,279.85001,279.94,279.29001,279.29501,1866949
2025-12-05 11:30:00,279.29999,279.32999,278.79001,279.049988,649567
2025-12-05 11:45:00,279.029999,279.17999,278.76001,278.78,566820
2025-12-05 12:00:00,278.76999,278.85001,278.12,278.12,652443
2025-12-05 12:15:00,278.12,278.54001,278.11499,278.315,456838
2025-12-05 12:30:00,278.315,279.079803,278.049988,279.033508,525389
2025-12-05 12:45:00,279.029999,279.45001,278.80411,279.39001,435265
2025-12-05 13:00:00,279.38,279.45001,279.019012,279.14001,337973
2025-12-05 13:15:00,279.14001,279.4801,278.89001,279.44,394678
2025-12-05 13:30:00,279.48001,279.57001,279.070007,279.17969,396529
2025-12-05 13:45:00,279.17999,279.28,278.58499,278.70001,358138
2025-12-05 14:00:00,278.69,279.44589,278.64999,279.42001,372649
2025-12-05 14:15:00,279.42999,279.42999,279.10999,279.2338,426516
2025-12-05 14:30:00,279.23001,279.29999,278.73999,278.87451,463136
2025-12-05 14:45:00,278.88,279.019989,278.72839,278.88321,505325
2025-12-05 15:00:00,278.89001,278.94501,278.59509,278.8634,486479
2025-12-05 15:15:00,278.85999,278.90991,278.54001,278.80139,482298
2025-12-05 15:30:00,278.79999,279.024994,278.79001,278.92999,581249
2025-12-05 15:45:00,278.92001,278.95999,278.19,278.79001,2138221
2025-12-08 09:30:00,278.16849,279.66931,277.45001,277.89001,3594064
2025-12-08 09:45:00,277.88501,278.37,277.5,277.953,820642
2025-12-08 10:00:00,277.95499,278.32001,277.54999,278.049988,937707
2025-12-08 10:15:00,278.019989,278.5199,277.48999,277.56,933513
2025-12-08 10:30:00,277.54999,277.85999,277.13,277.37,818316
2025-12-08 10:45:00,277.39001,277.53,277.049988,277.33499,714799
2025-12-08 11:00:00,277.33499,277.88,276.91861,277.26001,1054336
2025-12-08 11:15:00,277.25,277.57999,276.70499,277.45999,738875
2025-12-08 11:30:00,277.47,277.51001,277.000091553,277.4968,439338
2025-12-08 11:45:00,277.48999,277.70001,277.38,277.48499,493106
2025-12-08 12:00:00,277.48999,277.54001,277.049988,277.19,470762
2025-12-08 12:15:00,277.22,277.819,277.19,277.23001,493275
2025-12-08 12:30:00,277.20999,277.39999,277.049988,277.14011,501282
2025-12-08 12:45:00,277.16,277.54001,276.87,277.32999,530176
2025-12-08 13:00:00,277.32001,277.84991,277.089996,277.31,633820
2025-12-08 13:15:00,277.32001,277.48001,276.92001,276.97,333746
2025-12-08 13:30:00,276.94949,276.94949,276.39999,276.5,468381
2025-12-08 13:45:00,276.48999,276.57999,276.20001,276.37,447013
2025-12-08 14:00:00,276.35999,276.73999,276.20999,276.34,499973
2025-12-08 14:15:00,276.34,276.5784,276.26999,276.35999,409741
2025-12-08 14:30:00,276.37,276.5871,276.14999,276.35999,477683
2025-12-08 14:45:00,276.37,276.53,276.20169,276.31,418280
2025-12-08 15:00:00,276.32001,276.70001,276.29999,276.67999,1463074
2025-12-08 15:15:00,276.67999,276.97,276.62,276.92499,6787018
2025-12-08 15:30:00,276.92999,277.23001,276.66,277.22501,617887
2025-12-08 15:45:00,277.23001,277.98499,277.14001,277.95999,1996013
2025-12-09 09:30:00,277.89001,280.029999,277.89001,279.040009,2662902
2025-12-09 09:45:00,279.040009,279.67001,278.41,278.565,1014150
2025-12-09 10:00:00,278.54999,278.54999,277.57999,277.57999,894756
2025-12-09 10:15:00,277.57999,278.019806,277.35001,277.70001,769696
2025-12-09 10:30:00,277.70001,277.92999,277.22,277.89099,692623
2025-12-09 10:45:00,277.89099,278.0,277.48001,277.82501,498943
2025-12-09 11:00:00,277.82501,277.98999,277.029999,277.5101,671916
2025-12-09 11:15:00,277.5101,277.70999,277.23001,277.41,426669
2025-12-09 11:30:00,277.41,277.79001,277.20001,277.38339,415764
2025-12-09 11:45:00,277.38339,278.019989,277.35001,277.98499,400334
2025-12-09 12:00:00,277.98499,278.12,277.69,277.858,430214
2025-12-09 12:15:00,277.858,278.059998,277.38,277.875,450617
2025-12-09 12:30:00,277.875,278.60001,277.79999,278.13,572549
2025-12-09 12:45:00,278.13,278.37,277.84009,278.32001,305952
2025-12-09 13:00:00,278.32001,278.57001,278.17001,278.51001,462648
2025-12-09 13:15:00,278.51001,278.73999,278.25,278.38501,647306
2025-12-09 13:30:00,278.38501,278.51001,278.22,278.31,257579
2025-12-09 13:45:00,278.30881,278.69901,278.12,278.66,318385
2025-12-09 14:00:00,278.66,278.89001,278.48001,278.70999,412092
2025-12-09 14:15:00,278.70999,278.82001,278.62,278.69,274837
2025-12-09 14:30:00,278.69,278.75,278.10001,278.125,308088
2025-12-09 14:45:00,278.14001,278.14999,277.7601,277.82999,525830
2025-12-09 15:00:00,277.82999,277.92001,277.64999,277.785,607242
2025-12-09 15:15:00,277.785,278.13501,277.75,277.86499,465378
2025-12-09 15:30:00,277.86499,277.92999,277.64001,277.77499,5934364
2025-12-09 15:45:00,277.76999,278.25,276.92001,277.23001,2224096
2025-12-10 09:30:00,277.87,278.29999,276.58499,277.82999,1719162
2025-12-10 09:45:00,277.815,278.793,277.60001,277.88,845838
2025-12-10 10:00:00,277.875,277.97501,276.92999,277.25009,804444
2025-12-10 10:15:00,277.26001,277.70999,277.20001,277.45001,498721
2025-12-10 10:30:00,277.45499,277.54001,276.79999,277.045013,556624
2025-12-10 10:45:00,277.019989,277.17001,276.59,276.75,390491
2025-12-10 11:00:00,276.72299,277.23999,276.44,277.155,414464
2025-12-10 11:15:00,277.16,278.28,277.059998,278.25769,518461
2025-12-10 11:30:00,278.23001,278.60001,278.13,278.25,440921
2025-12-10 11:45:00,278.2301,278.89001,277.97501,278.75,394386
2025-12-10 12:00:00,278.73999,278.75,278.26001,278.51001,363785
2025-12-10 12:15:00,278.47,278.77991,278.31,278.52649,412826
2025-12-10 12:30:00,278.51999,278.64001,278.23999,278.32001,228295
2025-12-10 12:45:00,278.29999,279.28,278.28,278.70999,429732
2025-12-10 13:00:00,278.66,278.97501,278.57001,278.84009,371860
2025-12-10 13:15:00,278.84,278.98001,278.084991,278.12,344388
2025-12-10 13:30:00,278.12,278.45999,278.059998,278.14999,285300
2025-12-10 13:45:00,278.14999,278.45001,278.089996,278.39001,254274
2025-12-10 14:00:00,278.35999,279.22,278.28,278.79001,609639
2025-12-10 14:15:00,278.79001,279.13,277.91,278.22,482577
2025-12-10 14:30:00,278.22,279.20999,277.70001,278.37,5283567
2025-12-10 14:45:00,278.37,279.5925,278.37,279.38,579997
2025-12-10 15:00:00,279.39999,279.75,279.29501,279.47,571980
2025-12-10 15:15:00,279.48001,279.53,278.94,278.98001,676515
2025-12-10 15:30:00,278.98999,279.23001,278.86011,279.089996,633178
2025-12-10 15:45:00,279.079987,279.37,278.59,278.72,1609473
2025-12-11 09:30:00,279.095001,279.57999,275.029999,275.30551,2353534
2025-12-11 09:45:00,275.31741,275.35901,273.81,274.20999,1823778
2025-12-11 10:00:00,274.20001,276.23999,274.01001,276.17999,1656519
2025-12-11 10:15:00,276.20001,276.54999,275.56,276.12,1053377
2025-12-11 10:30:00,276.11499,276.29001,275.34,276.20999,594788
2025-12-11 10:45:00,276.20999,276.29221,275.20001,275.92999,624241
2025-12-11 11:00:00,275.94,276.56799,275.63,276.45999,661343
2025-12-11 11:15:00,276.44,276.59,275.75,275.82501,463235
2025-12-11 11:30:00,275.82001,277.57999,275.81,277.47,552366
2025-12-11 11:45:00,277.46579,277.72,276.3501,276.73001,593199
2025-12-11 12:00:00,276.72,277.56,276.66,277.44,601470
2025-12-11 12:15:00,277.42999,278.17999,277.37009,277.905,667105
2025-12-11 12:30:00,277.92001,278.35001,277.92001,278.25,451011
2025-12-11 12:45:00,278.23001,278.29001,277.47,277.59,376286
2025-12-11 13:00:00,277.57999,277.95999,277.5,277.60001,363235
2025-12-11 13:15:00,277.60999,277.76001,277.38,277.52261,283126
2025-12-11 13:30:00,277.52499,278.20999,277.51001,277.94,365830
2025-12-11 13:45:00,277.9523,278.20999,277.67001,277.70499,337013
2025-12-11 14:00:00,277.70001,277.98001,277.52499,277.70001,365328
2025-12-11 14:15:00,277.70001,277.98999,277.6272,277.76001,364146
2025-12-11 14:30:00,277.76001,278.019989,277.65961,277.89999,417028
2025-12-11 14:45:00,277.91,277.92001,277.59131,277.63,491873
2025-12-11 15:00:00,277.64001,278.049988,277.60999,278.040009,455743
2025-12-11 15:15:00,278.040009,278.215,277.82999,278.095001,452990
2025-12-11 15:30:00,278.089996,278.20999,277.76999,277.89999,593405
2025-12-11 15:45:00,277.88,278.10999,277.47,278.059998,1391947
2025-12-12 09:30:00,277.79501,279.1908,276.82001,278.60999,1662056
2025-12-12 09:45:00,278.60999,279.22,278.019989,278.95499,703150
2025-12-12 10:00:00,278.94,279.15991,278.35919,278.63,720536
2025-12-12 10:15:00,278.64999,278.70511,277.82001,277.87,821586
2025-12-12 10:30:00,277.88,278.85999,277.54001,278.56,922417
2025-12-12 10:45:00,278.57001,278.69,277.70999,277.85001,691633
2025-12-12 11:00:00,277.79999,278.38,277.51001,277.67001,945296
2025-12-12 11:15:00,277.64001,278.17999,277.44,277.73999,926199
2025-12-12 11:30:00,277.76999,278.019989,277.28079,277.95999,671064
2025-12-12 11:45:00,277.95001,278.029999,277.46011,277.73001,420908
2025-12-12 12:00:00,277.70001,278.215,277.64001,277.82019,562741
2025-12-12 12:15:00,277.82999,278.44,277.81,277.85501,441419
2025-12-12 12:30:00,277.83499,279.19,277.83499,278.85001,973006
2025-12-12 12:45:00,278.82001,279.01001,278.60001,278.76999,427203
2025-12-12 13:00:00,278.79001,279.19,278.64001,278.95999,537735
2025-12-12 13:15:00,278.965,279.10999,278.5,279.049988,626781
2025-12-12 13:30:00,279.040009,279.049988,278.51501,278.67499,676478
2025-12-12 13:45:00,278.69,278.76001,278.32001,278.35999,546623
2025-12-12 14:00:00,278.35999,278.42999,278.019989,278.10001,638626
2025-12-12 14:15:00,278.076385,278.16,277.73001,277.95001,492738
2025-12-12 14:30:00,277.95001,278.22,277.81,277.89999,440279
2025-12-12 14:45:00,277.89499,278.44479,277.86029,278.38,506597
2025-12-12 15:00:00,278.37,278.82,278.245,278.39999,589802
2025-12-12 15:15:00,278.39999,278.44101,277.90009,278.054993,860531
2025-12-12 15:30:00,278.049988,278.12,276.94501,277.67331,1062519
2025-12-12 15:45:00,277.67999,278.5,277.13,278.37,1725352
2025-12-15 09:30:00,280.0,280.049988,274.70499,274.95999,3208758
2025-12-15 09:45:00,274.95999,275.10999,274.16,274.85001,2264058
2025-12-15 10:00:00,274.82001,275.59,274.0,274.26999,1517416
2025-12-15 10:15:00,274.25,274.34,273.62,274.14499,1123730
2025-12-15 10:30:00,274.17001,274.81,273.91501,274.55499,1217234
2025-12-15 10:45:00,274.55499,274.63,273.72,274.37,914738
2025-12-15 11:00:00,274.39001,274.50549,274.040009,274.185,596694
2025-12-15 11:15:00,274.1875,275.64041,274.17999,275.51001,4675328
2025-12-15 11:30:00,275.54001,275.69501,274.20999,274.22,573774
2025-12-15 11:45:00,274.23001,275.20001,274.14999,274.95001,597843
2025-12-15 12:00:00,274.95001,275.17999,274.51999,274.75,473767
2025-12-15 12:15:00,274.72,275.16,274.48999,274.92001,490900
2025-12-15 12:30:00,274.92499,275.10001,274.54001,274.9545,463189
2025-12-15 12:45:00,274.97,275.079987,274.38,274.70001,513987
2025-12-15 13:00:00,274.69501,274.81,274.25,274.47269,480794
2025-12-15 13:15:00,274.47769,274.51999,273.73001,274.040009,534718
2025-12-15 13:30:00,274.019989,274.25,273.44,273.69501,542006
2025-12-15 13:45:00,273.70331,274.079987,273.67001,273.91,528277
2025-12-15 14:00:00,273.905,274.14999,273.51001,273.51999,610665
2025-12-15 14:15:00,273.51001,273.53,273.079987,273.37,749205
2025-12-15 14:30:00,273.38,273.44,272.84,273.1799,677341
2025-12-15 14:45:00,273.17999,273.57999,273.075012,273.5405,669894
2025-12-15 15:00:00,273.54001,273.67999,273.23001,273.48001,684822
2025-12-15 15:15:00,273.48499,273.8425,273.39001,273.80499,772559
2025-12-15 15:30:00,273.81,273.89999,273.51999,273.67899,868814
2025-12-15 15:45:00,273.67001,274.72,273.57001,274.11499,3235616
2025-12-16 09:30:00,272.82001,273.92999,271.79001,272.375,2783210
2025-12-16 09:45:00,272.38,274.029999,272.20001,273.60999,897018
2025-12-16 10:00:00,273.70999,273.94,272.54999,273.25519,847860
2025-12-16 10:15:00,273.255,273.42999,272.54999,273.17001,686218
2025-12-16 10:30:00,273.17001,273.57001,272.5,273.3299,691203
2025-12-16 10:45:00,273.32999,273.82001,273.20001,273.42001,502446
2025-12-16 11:00:00,273.42001,273.73999,273.10999,273.1799,519488
2025-12-16 11:15:00,273.16,273.21011,272.57001,272.81,568922
2025-12-16 11:30:00,272.79999,273.44,272.69,273.32001,498471
2025-12-16 11:45:00,273.35999,273.94,273.079987,273.91,447112
2025-12-16 12:00:00,273.89001,274.28,273.47,273.85501,635025
2025-12-16 12:15:00,273.84,274.040009,273.16,273.20001,349196
2025-12-16 12:30:00,273.19989,273.48999,272.64001,272.71841,451298
2025-12-16 12:45:00,272.72,272.84,272.10001,272.17999,4284807
2025-12-16 13:00:00,272.17001,272.53,271.79999,272.26999,662466
2025-12-16 13:15:00,272.26999,272.54001,272.060608,272.13,473372
2025-12-16 13:30:00,272.13501,273.42999,272.13501,273.42001,619122
2025-12-16 13:45:00,273.42999,273.91,273.42001,273.70999,511380
2025-12-16 14:00:00,273.70001,273.76001,273.019989,273.13,491173
2025-12-16 14:15:00,273.125,273.5755,272.98999,273.565,386363
2025-12-16 14:30:00,273.565,274.13,273.54001,274.019989,453644
2025-12-16 14:45:00,274.029999,274.42001,273.88,274.12,480825
2025-12-16 15:00:00,274.089996,274.64999,274.019989,274.34,473499
2025-12-16 15:15:00,274.34,274.79999,274.34,274.56,504621
2025-12-16 15:30:00,274.54999,275.35501,274.54001,275.13501,674084
2025-12-16 15:45:00,275.14001,275.5,274.45001,274.47,1687763
2025-12-17 09:30:00,275.01001,276.16,274.82999,275.61011,2112654
2025-12-17 09:45:00,275.60999,275.98999,274.97,275.31,968099
2025-12-17 10:00:00,275.35999,275.85999,275.0,275.39499,745825
2025-12-17 10:15:00,275.39499,275.85999,275.25,275.495,748272
2025-12-17 10:30:00,275.47,275.73001,274.94,275.015106,871567
2025-12-17 10:45:00,275.0,275.095001,274.31,274.61499,701990
2025-12-17 11:00:00,274.60001,275.059998,273.79999,273.85001,3306353
2025-12-17 11:15:00,273.84729,273.92001,273.045013,273.48999,901379
2025-12-17 11:30:00,273.48999,273.48999,272.7301,272.91,651268
2025-12-17 11:45:00,272.89001,273.079987,272.31,272.63989,565810
2025-12-17 12:00:00,272.61139,272.76999,272.28,272.35999,592336
2025-12-17 12:15:00,272.35999,273.12991,272.35001,272.87,563395
2025-12-17 12:30:00,272.88,273.51001,272.85001,272.97,477334
2025-12-17 12:45:00,272.97,273.63,272.94,273.38,374185
2025-12-17 13:00:00,273.38,273.69,272.81,272.82001,372541
2025-12-17 13:15:00,272.81,273.2189,272.64999,273.019989,475062
2025-12-17 13:30:00,272.99011,273.090088,272.44,272.88989,419430
2025-12-17 13:45:00,272.85999,273.12,272.70001,272.98999,488902
2025-12-17 14:00:00,272.97,273.44,272.79999,273.375,471786
2025-12-17 14:15:00,273.35001,273.97,273.35001,273.785,666245
2025-12-17 14:30:00,273.76999,274.10999,273.69,273.89001,501463
2025-12-17 14:45:00,273.91,274.029999,273.59,273.64999,694325
2025-12-17 15:00:00,273.66,273.95001,273.57001,273.79999,421701
2025-12-17 15:15:00,273.79001,273.935,273.57501,273.65009,549991
2025-12-17 15:30:00,273.67001,273.87,273.4101,273.5,848643
2025-12-17 15:45:00,273.5,273.57999,271.69,271.85999,4282093
2025-12-18 09:30:00,273.60501,273.62,266.95999,268.168,4332523
2025-12-18 09:45:00,268.20999,269.63,268.070007,268.82001,2832135
2025-12-18 10:00:00,268.82001,269.54999,268.38,269.41,1446645
2025-12-18 10:15:00,269.39999,271.065002,268.70999,270.89999,1515783
2025-12-18 10:30:00,270.862,272.22501,270.81,271.67001,1184566
2025-12-18 10:45:00,271.67001,272.1105,271.18091,272.019989,803068
2025-12-18 11:00:00,272.0,272.66,271.92999,272.48999,855810
2025-12-18 11:15:00,272.48999,272.72,272.0,272.29999,815791
2025-12-18 11:30:00,272.29001,273.164,272.26001,273.049713,625960
2025-12-18 11:45:00,273.040009,273.14999,272.66,272.85999,1878840
2025-12-18 12:00:00,272.85501,272.85999,270.92999,271.024994,6084623
2025-12-18 12:15:00,270.98999,270.98999,269.94,270.25,626166
2025-12-18 12:30:00,270.20001,271.98999,270.12,271.95999,631432
2025-12-18 12:45:00,271.98001,272.42001,271.98001,272.38989,491245
2025-12-18 13:00:00,272.35999,272.45999,271.85999,272.070007,379390
2025-12-18 13:15:00,272.070007,272.75,272.070007,272.64999,418445
2025-12-18 13:30:00,272.67001,272.95999,272.42001,272.655,444001
2025-12-18 13:45:00,272.64499,272.66501,271.60999,271.75,490685
2025-12-18 14:00:00,271.715,271.89999,271.10001,271.35001,615322
2025-12-18 14:15:00,271.35001,271.53,271.089996,271.37,558837
2025-12-18 14:30:00,271.37,271.39001,270.64001,270.75,541791
2025-12-18 14:45:00,270.73001,271.049988,270.5,270.86499,8963409
2025-12-18 15:00:00,270.875,271.60001,270.67001,271.57001,763539
2025-12-18 15:15:00,271.57501,271.96991,271.5,271.84,680950
2025-12-18 15:30:00,271.85001,272.60001,271.785,272.58499,830930
2025-12-18 15:45:00,272.56,273.20001,272.10001,272.16,2125836
2025-12-19 09:30:00,272.14499,272.80249,271.57001,272.63629,15739748
2025-12-19 09:45:00,272.67999,272.92001,271.45471,271.70001,918352
2025-12-19 10:00:00,271.69,272.17999,270.95001,271.83499,1198386
2025-12-19 10:15:00,271.85001,271.9899,271.26001,271.73499,718280
2025-12-19 10:30:00,271.72009,272.82001,271.45001,271.8876,827199
2025-12-19 10:45:00,271.85999,271.90961,271.17001,271.20999,875994
2025-12-19 11:00:00,271.20999,271.95999,270.995,271.35001,650792
2025-12-19 11:15:00,271.35001,271.62,271.20999,271.2608,565561
2025-12-19 11:30:00,271.2623,271.45999,270.965,270.965,581646
2025-12-19 11:45:00,270.98001,271.42001,270.845,270.98999,605102
2025-12-19 12:00:00,271.0,271.17001,270.66699,270.69,604903
2025-12-19 12:15:00,270.69,270.94861,270.26999,270.655,837914
2025-12-19 12:30:00,270.66,271.35001,270.34,271.34,762908
2025-12-19 12:45:00,271.35001,271.63,271.049988,271.44009,648276
2025-12-19 13:00:00,271.45001,271.67999,270.98001,271.22501,1058098
2025-12-19 13:15:00,271.23001,271.80951,270.73999,270.75,616332
2025-12-19 13:30:00,270.76001,271.070007,270.39999,271.040009,644522
2025-12-19 13:45:00,271.035004,271.070007,270.67999,270.85999,637994
2025-12-19 14:00:00,270.85001,271.26001,270.56,271.20999,768188
2025-12-19 14:15:00,271.20001,271.50989,271.13,271.37,494234
2025-12-19 14:30:00,271.38,271.64999,271.345,271.48999,547954
2025-12-19 14:45:00,271.5,271.73999,271.41,271.47,540055
2025-12-19 15:00:00,271.45999,271.56,271.10501,271.20001,739601
2025-12-19 15:15:00,271.20001,271.38681,270.17499,270.79999,1280509
2025-12-19 15:30:00,270.81,271.070007,270.32001,270.59,1160634
2025-12-19 15:45:00,270.59,274.57629,269.89999,273.67001,7032675
2025-12-22 09:30:00,272.85999,273.88,272.32,272.78311,2896710
2025-12-22 09:45:00,272.78,273.022491,272.070007,272.48001,1094369
2025-12-22 10:00:00,272.47,272.75,271.94,272.029999,1288518
2025-12-22 10:15:00,272.01001,272.4899,271.57001,272.015015,831311
2025-12-22 10:30:00,272.029999,272.17001,271.51001,272.015015,810770
2025-12-22 10:45:00,272.03009,272.42001,271.98001,272.32999,626421
2025-12-22 11:00:00,272.3399,272.79999,272.25,272.35001,568062
2025-12-22 11:15:00,272.35999,272.68121,272.20001,272.44,462657
2025-12-22 11:30:00,272.42001,272.51001,272.10501,272.14001,463318
2025-12-22 11:45:00,272.13,272.24829,271.92999,272.19061,510047
2025-12-22 12:00:00,272.20999,272.29999,271.63,271.75,578602
2025-12-22 12:15:00,271.75,271.98999,271.51999,271.94,562966
2025-12-22 12:30:00,271.92001,272.14001,271.80011,271.98999,551786
2025-12-22 12:45:00,271.98059,272.14001,271.39999,271.47009,564944
2025-12-22 13:00:00,271.49179,271.50681,270.91,270.94,580826
2025-12-22 13:15:00,270.9353,271.0090027,270.73999,270.93991,529091
2025-12-22 13:30:00,270.935,271.14001,270.75,270.935,498909
2025-12-22 13:45:00,270.92999,270.95001,270.51001,270.76501,649523
2025-12-22 14:00:00,270.76001,270.92001,270.69,270.83011,400841
2025-12-22 14:15:00,270.85999,271.019989,270.64999,270.86499,410806
2025-12-22 14:30:00,270.87,271.049988,270.76001,270.92001,479843
2025-12-22 14:45:00,270.92001,271.079987,270.85999,270.92499,405757
2025-12-22 15:00:00,270.92499,271.054993,270.82999,270.995,487907
2025-12-22 15:15:00,270.995,271.10999,270.715,270.72,626286
2025-12-22 15:30:00,270.715,270.73499,270.505,270.62,782142
2025-12-22 15:45:00,270.62,271.19989,270.57999,270.82001,1817829
2025-12-23 09:30:00,270.35999,271.26999,269.56,271.19,2029995
2025-12-23 09:45:00,271.20001,271.92999,271.070007,271.23001,1236126
2025-12-23 10:00:00,271.22501,271.53,270.70001,271.28,1061941
2025-12-23 10:15:00,271.26999,271.60999,270.56,270.84,776700
2025-12-23 10:30:00,270.84,271.20001,270.70001,271.17001,554145
2025-12-23 10:45:00,271.17999,271.57001,271.10999,271.45999,461628
2025-12-23 11:00:00,271.44,271.89999,271.43011,271.75,753027
2025-12-23 11:15:00,271.77011,271.95001,271.51999,271.7814,475000
2025-12-23 11:30:00,271.815,272.17001,271.72,271.98499,545239
2025-12-23 11:45:00,271.98999,272.31119,271.97,272.159,448209
2025-12-23 12:00:00,272.14499,272.23151,271.685,271.78,676475
2025-12-23 12:15:00,271.76999,271.85001,271.47299,271.53,416396
2025-12-23 12:30:00,271.54001,271.60999,271.10999,271.435,379465
2025-12-23 12:45:00,271.43359,271.64999,271.26999,271.60999,330906
2025-12-23 13:00:00,271.60001,271.755,271.56,271.655,321228
2025-12-23 13:15:00,271.66,271.81,271.5,271.70001,279134
2025-12-23 13:30:00,271.70001,272.12,271.69,272.079987,277785
2025-12-23 13:45:00,272.089996,272.089996,271.64001,271.70001,380022
2025-12-23 14:00:00,271.70001,271.72,271.5,271.57001,367090
2025-12-23 14:15:00,271.57001,271.81,271.54001,271.81,417231
2025-12-23 14:30:00,271.81,272.21579,271.76001,272.17001,482525
2025-12-23 14:45:00,272.14999,272.44,272.049988,272.084991,477912
2025-12-23 15:00:00,272.089996,272.1799,271.98001,272.024994,420556
2025-12-23 15:15:00,272.019989,272.12,271.92999,272.10699,476129
2025-12-23 15:30:00,272.10001,272.17499,271.84009,271.94501,454290
2025-12-23 15:45:00,271.965,272.45001,271.84,272.23999,1833419
2025-12-24 09:30:00,273.25,274.73999,273.089996,274.13501,2540696
2025-12-24 09:45:00,274.11499,274.42599,273.57269,274.19501,839574
2025-12-24 10:00:00,274.17542,274.29999,273.70001,274.045013,628906
2025-12-24 10:15:00,274.029999,274.45001,273.79999,274.035095,580447
2025-12-24 10:30:00,274.040009,274.34,273.91,274.24899,486522
2025-12-24 10:45:00,274.25,274.56909,274.17999,274.56909,455720
2025-12-24 11:00:00,274.5625,275.049988,274.48999,274.98981,647073
2025-12-24 11:15:00,274.98999,275.040009,274.69,274.85101,506918
2025-12-24 11:30:00,274.85999,275.20999,274.82999,275.16,620978
2025-12-24 11:45:00,275.17999,275.34,275.10999,275.14999,464495
2025-12-24 12:00:00,275.17001,275.29001,274.97,275.22,499772
2025-12-24 12:15:00,275.22,275.42999,275.12009,275.35999,469910
2025-12-24 12:30:00,275.35501,275.39001,274.85001,274.89001,581086
2025-12-24 12:45:00,274.8501,274.92499,273.56,273.85001,1372566
2025-12-26 09:30:00,274.25,275.31,274.059998,275.089996,1299308
2025-12-26 09:45:00,275.10999,275.37,274.34,274.45999,630780
2025-12-26 10:00:00,274.465,274.73999,274.13501,274.34,501548
2025-12-26 10:15:00,274.38,274.82999,274.28,274.8248,468350
2025-12-26 10:30:00,274.815,274.95999,274.66,274.67001,390493
2025-12-26 10:45:00,274.64001,274.89001,274.45999,274.72409,325636
2025-12-26 11:00:00,274.70999,274.98001,274.42999,274.435,421307
2025-12-26 11:15:00,274.45001,274.94,274.37,274.88,297447
2025-12-26 11:30:00,274.88,274.935,274.60001,274.60001,248659
2025-12-26 11:45:00,274.62,274.73001,274.53,274.57999,230264
2025-12-26 12:00:00,274.59,274.75,274.41,274.53,373212
2025-12-26 12:15:00,274.509,274.69,274.47,274.64001,226965
2025-12-26 12:30:00,274.63,274.64001,274.22501,274.36319,248910
2025-12-26 12:45:00,274.35001,274.50009,274.33011,274.5,186213
2025-12-26 13:00:00,274.48001,274.64999,274.45999,274.59009,228040
2025-12-26 13:15:00,274.57999,274.63,274.42749,274.51999,240084
2025-12-26 13:30:00,274.52499,274.95001,274.38,274.73529,579274
2025-12-26 13:45:00,274.73999,274.98499,274.67001,274.73001,232815
2025-12-26 14:00:00,274.73001,274.77011,274.51999,274.60999,348880
2025-12-26 14:15:00,274.62,274.814,274.57999,274.7601,286372
2025-12-26 14:30:00,274.76501,274.82999,274.51001,274.5199,283352
2025-12-26 14:45:00,274.51001,274.60001,274.47,274.49921,275928
2025-12-26 15:00:00,274.48999,274.54001,274.10999,274.14499,422501
2025-12-26 15:15:00,274.14011,274.17999,273.87009,273.98001,481766
2025-12-26 15:30:00,273.98001,273.98999,273.60001,273.72,729370
2025-12-26 15:45:00,273.73001,273.73999,272.87,273.25,1833881
2025-12-29 09:30:00,272.69,274.35999,272.39001,273.66501,1826316
2025-12-29 09:45:00,273.69,274.070007,273.48999,273.85999,567304
2025-12-29 10:00:00,273.87,273.98901,272.92001,273.10999,649918
2025-12-29 10:15:00,273.12,274.019897,273.11151,273.95432,661533
2025-12-29 10:30:00,273.95001,274.029999,273.73999,273.76001,467778
2025-12-29 10:45:00,273.76501,273.79999,272.98999,273.26001,461323
2025-12-29 11:00:00,273.25,273.45001,273.13,273.29999,320015
2025-12-29 11:15:00,273.285,273.35999,273.070007,273.22,284263
2025-12-29 11:30:00,273.21881,273.29001,272.82999,273.019989,332731
2025-12-29 11:45:00,273.024994,273.26999,272.95999,273.14999,321001
2025-12-29 12:00:00,273.14999,273.285,273.01001,273.10999,282099
2025-12-29 12:15:00,273.10501,273.28,272.97,273.040009,267536
2025-12-29 12:30:00,273.040009,273.14011,272.95029,273.084991,263844
2025-12-29 12:45:00,273.090912,273.26999,273.020111,273.17999,344015
2025-12-29 13:00:00,273.16,273.48999,273.080109,273.45999,293132
2025-12-29 13:15:00,273.47,273.67001,273.44,273.64001,2333561
2025-12-29 13:30:00,273.63,274.0,273.56,273.9639,2365874
2025-12-29 13:45:00,273.98001,273.98001,273.75,273.8956,249363
2025-12-29 14:00:00,273.89999,273.9101,273.51599,273.54581,294951
2025-12-29 14:15:00,273.5401,273.79001,273.44,273.67999,278368
2025-12-29 14:30:00,273.67999,273.88,273.67001,273.79999,321637
2025-12-29 14:45:00,273.79999,274.0,273.77011,273.91,361881
2025-12-29 15:00:00,273.91,274.0,273.8201,273.88559,3311290
2025-12-29 15:15:00,273.88501,273.94989,273.73001,273.9028,359092
2025-12-29 15:30:00,273.91,273.94,273.54001,273.64999,447446
2025-12-29 15:45:00,273.67001,273.88,273.45999,273.79901,1005367
2025-12-30 09:30:00,274.0,274.070007,272.47,273.32001,1652607
2025-12-30 09:45:00,273.31,273.85001,273.0,273.64001,546787
2025-12-30 10:00:00,273.62,273.70001,272.51999,272.60999,589070
2025-12-30 10:15:00,272.60999,273.0,272.39481,272.59,547369
2025-12-30 10:30:00,272.57999,272.8299,272.42001,272.5,454990
2025-12-30 10:45:00,272.51511,273.049988,272.45001,272.85999,486783
2025-12-30 11:00:00,272.85999,273.31989,272.82001,273.095001,413058
2025-12-30 11:15:00,273.080109,273.32001,272.78,272.8598,356390
2025-12-30 11:30:00,272.82999,272.92001,272.5,272.69,415125
2025-12-30 11:45:00,272.70001,272.72,272.31,272.38,427765
2025-12-30 12:00:00,272.37,272.48999,272.28,272.42999,342465
2025-12-30 12:15:00,272.42081,272.63,272.35721,272.59,397333
2025-12-30 12:30:00,272.59,272.85999,272.56,272.76001,295010
2025-12-30 12:45:00,272.76501,272.97501,272.69,272.89001,225730
2025-12-30 13:00:00,272.8949,273.13721,272.73001,273.070007,334799
2025-12-30 13:15:00,273.059998,273.19,273.059998,273.10001,281833
2025-12-30 13:30:00,273.10001,273.26999,273.010101,273.23499,406460
2025-12-30 13:45:00,273.23999,273.37991,273.17999,273.23001,309529
2025-12-30 14:00:00,273.22,273.47501,273.17999,273.39001,331789
2025-12-30 14:15:00,273.38,273.52179,273.31009,273.39001,348525
2025-12-30 14:30:00,273.38,273.45001,273.20001,273.22,296125
2025-12-30 14:45:00,273.22,273.29999,273.089996,273.29001,340554
2025-12-30 15:00:00,273.29001,273.39001,273.23001,273.26999,398225
2025-12-30 15:15:00,273.26999,273.47449,273.16,273.16501,361401
2025-12-30 15:30:00,273.16,273.255,273.059998,273.14999,593938
2025-12-30 15:45:00,273.14999,273.19119,272.73999,272.98999,1528035
2025-12-31 09:30:00,273.35999,273.67999,272.29001,272.38501,1571556
2025-12-31 09:45:00,272.37,273.12,272.23181,273.059998,470591
2025-12-31 10:00:00,273.079987,273.10999,272.85001,273.070709,423632
2025-12-31 10:15:00,273.10001,273.10999,272.38501,272.48999,478204
2025-12-31 10:30:00,272.495,272.58499,272.24969,272.418,423879
2025-12-31 10:45:00,272.40231,272.40231,271.76001,271.89001,548070
2025-12-31 11:00:00,271.92001,272.26999,271.90491,272.14401,455954
2025-12-31 11:15:00,272.16,272.5,272.10001,272.48999,458810
2025-12-31 11:30:00,272.48999,272.63,272.26999,272.40991,424517
2025-12-31 11:45:00,272.39499,272.76999,272.29001,272.76141,312197
2025-12-31 12:00:00,272.76001,272.79001,272.30499,272.51999,1950337
2025-12-31 12:15:00,272.52499,272.79999,272.51001,272.67001,269600
2025-12-31 12:30:00,272.66,272.81,272.57001,272.7901,305926
2025-12-31 12:45:00,272.785,272.88,272.66,272.76999,320097
2025-12-31 13:00:00,272.76599,273.089996,272.70999,273.089996,406097
2025-12-31 13:15:00,273.089996,273.10001,272.54999,272.625,413551
2025-12-31 13:30:00,272.625,272.95001,272.57999,272.94,327182
2025-12-31 13:45:00,272.95001,273.32999,272.92999,273.29501,379138
2025-12-31 14:00:00,273.28,273.42999,273.11499,273.23001,443841
2025-12-31 14:15:00,273.23999,273.23999,272.95999,272.96091,306129
2025-12-31 14:30:00,272.97021,273.0068054,272.60339,272.94,327038
2025-12-31 14:45:00,272.92001,272.94,272.62,272.70999,292183
2025-12-31 15:00:00,272.70999,272.73001,272.17999,272.32999,3130260
2025-12-31 15:15:00,272.32001,272.48999,271.95999,272.079987,405770
2025-12-31 15:30:00,272.089996,272.73999,272.019989,272.70999,500348
2025-12-31 15:45:00,272.70999,272.75,271.75,271.84,5218607
2026-01-02 09:30:00,272.0,275.54999,272.0,275.54999,3170646
2026-01-02 09:45:00,275.57001,277.8248,275.52899,276.95499,2138837
2026-01-02 10:00:00,276.95499,277.75,275.51001,275.51001,1295296
2026-01-02 10:15:00,275.51001,275.51001,273.37009,273.39001,1080744
2026-01-02 10:30:00,273.37,273.39001,272.35999,272.75,1002422
2026-01-02 10:45:00,272.76001,273.29001,270.60001,270.64999,1248184
2026-01-02 11:00:00,270.64999,270.73801,269.82999,270.625,1125539
2026-01-02 11:15:00,270.625,270.84839,270.01001,270.32458,702339
2026-01-02 11:30:00,270.29999,270.95999,270.14999,270.14999,600550
2026-01-02 11:45:00,270.14001,270.32001,269.58011,269.64999,628531
2026-01-02 12:00:00,269.64001,270.24991,269.10999,270.23001,707529
2026-01-02 12:15:00,270.22501,270.27499,269.78,270.14999,495263
2026-01-02 12:30:00,270.17999,270.26999,269.91,270.13501,487945
2026-01-02 12:45:00,270.14999,270.29999,269.73001,270.14001,5297434
2026-01-02 13:00:00,270.11731,270.48001,269.94,269.95001,406242
2026-01-02 13:15:00,269.94,270.26999,269.89001,270.079987,354172
2026-01-02 13:30:00,270.089996,270.14999,269.66,269.92999,368276
2026-01-02 13:45:00,269.92999,270.079987,269.019989,269.40009,545557
2026-01-02 14:00:00,269.40729,270.24991,269.29999,269.91501,566183
2026-01-02 14:15:00,269.92999,270.17999,269.4801,270.13,540814
2026-01-02 14:30:00,270.14001,270.70999,270.089996,270.4986,586064
2026-01-02 14:45:00,270.48999,270.59,270.23001,270.35999,465911
2026-01-02 15:00:00,270.35999,270.79001,270.29999,270.66,548579
2026-01-02 15:15:00,270.66,270.84,270.21661,270.51001,506933
2026-01-02 15:30:00,270.53,270.78,270.35001,270.60999,641012
2026-01-02 15:45:00,270.60999,271.049988,270.36499,270.98001,2009892
2026-01-05 09:30:00,270.63501,270.85999,267.85999,269.17999,3566827
2026-01-05 09:45:00,269.20001,270.14499,268.72009,269.38501,1169361
2026-01-05 10:00:00,269.44,271.17999,269.29999,270.31,1458252
2026-01-05 10:15:00,270.31021,270.465,269.60001,269.81,994896
2026-01-05 10:30:00,269.79999,270.22,268.97,269.12,945145
2026-01-05 10:45:00,269.12,269.32999,268.87,269.019989,751844
2026-01-05 11:00:00,269.019989,269.185,268.73999,268.73999,689828
2026-01-05 11:15:00,268.73999,269.35001,268.70001,268.79001,733159
2026-01-05 11:30:00,268.78,268.85001,268.25,268.4201,791585
2026-01-05 11:45:00,268.44,268.72,267.98001,268.019989,706609
2026-01-05 12:00:00,268.035004,268.28,267.64001,267.81,791748
2026-01-05 12:15:00,267.81,267.92001,266.92001,266.97,795156
2026-01-05 12:30:00,266.98999,267.26999,266.77011,267.19,769911
2026-01-05 12:45:00,267.17001,267.64001,267.17001,267.56839,563954
2026-01-05 13:00:00,267.57001,267.89001,267.5,267.59,596001
2026-01-05 13:15:00,267.59,267.70001,267.255,267.42001,566589
2026-01-05 13:30:00,267.41,267.66501,267.089996,267.26999,550642
2026-01-05 13:45:00,267.26999,267.48001,267.0,267.019989,499992
2026-01-05 14:00:00,267.029999,267.35001,266.97,267.16,563223
2026-01-05 14:15:00,267.14099,267.16,266.14001,266.2699,900634
2026-01-05 14:30:00,266.26999,266.76999,266.20001,266.63,731369
2026-01-05 14:45:00,266.63,266.66,266.25,266.25,547795
2026-01-05 15:00:00,266.25,266.97,266.23999,266.8804,695956
2026-01-05 15:15:00,266.89999,267.040009,266.71201,267.019012,711432
2026-01-05 15:30:00,267.029999,267.48999,266.98999,267.28,907219
2026-01-05 15:45:00,267.28,267.73999,266.45001,267.26001,1987403
2026-01-06 09:30:00,267.0079956,267.0079956,263.029999,263.82,3382230
2026-01-06 09:45:00,263.8,264.69,263.42999,264.45621,2502077
2026-01-06 10:00:00,264.48001,265.69,264.41,264.755,1365453
2026-01-06 10:15:00,264.73999,264.79999,263.87,264.029999,930073
2026-01-06 10:30:00,264.029999,265.10001,263.95001,265.054993,766587
2026-01-06 10:45:00,264.92999,265.049988,263.79001,263.85501,944602
2026-01-06 11:00:00,263.85001,263.85001,262.53329,262.70999,1633902
2026-01-06 11:15:00,262.79999,263.040009,262.29999,262.41989,1530049
2026-01-06 11:30:00,262.42001,262.81,262.2,262.78,1215231
2026-01-06 11:45:00,262.76999,263.01,262.54901,262.72,564685
2026-01-06 12:00:00,262.66,263.01,262.45,262.63641,750063
2026-01-06 12:15:00,262.625,263.01,262.35999,262.88461,718975
2026-01-06 12:30:00,262.89001,263.45999,262.82001,263.39001,671146
2026-01-06 12:45:00,263.48,263.79999,262.73999,262.86151,740274
2026-01-06 13:00:00,262.87,263.079987,262.75,263.01001,648872
2026-01-06 13:15:00,263.015015,263.24,262.49011,262.845,571584
2026-01-06 13:30:00,262.92999,263.068115,262.76001,262.94989,515347
2026-01-06 13:45:00,262.94501,263.070007,262.54001,262.89001,497857
2026-01-06 14:00:00,262.92001,263.015015,262.63501,262.73,425317
2026-01-06 14:15:00,262.76001,262.98001,262.72501,262.87701,603240
2026-01-06 14:30:00,262.84,263.015015,262.69,262.88,687293
2026-01-06 14:45:00,262.89001,262.95,262.54,262.64999,676061
2026-01-06 15:00:00,262.655,262.85999,262.15,262.18,811075
2026-01-06 15:15:00,262.37,262.82999,262.26001,262.82001,1063015
2026-01-06 15:30:00,262.82999,262.96,262.61499,262.85999,974733
2026-01-06 15:45:00,262.97,263.0,262.22,262.22,1522214
2026-01-07 09:30:00,263.26999,263.67999,261.23499,262.435,3246739
2026-01-07 09:45:00,262.42499,262.85001,261.41,261.41,1552023
2026-01-07 10:00:00,261.44,262.13,261.20999,262.039886,1488142
2026-01-07 10:15:00,262.024994,262.42999,261.66,262.029999,1081794
2026-01-07 10:30:00,262.019989,262.28,261.32501,261.62,1091345
2026-01-07 10:45:00,261.63,262.29001,261.60001,261.9899,797730
2026-01-07 11:00:00,261.98999,262.20999,261.61499,261.64001,604875
2026-01-07 11:15:00,261.62781,261.642,260.91,261.08371,1071649
2026-01-07 11:30:00,261.084991,262.10001,261.070007,262.000091553,981022
2026-01-07 11:45:00,262.0,262.35999,261.89999,262.17999,843006
2026-01-07 12:00:00,262.17999,262.57001,262.17899,262.34,740412
2026-01-07 12:15:00,262.34,262.48001,261.98999,262.35999,771575
2026-01-07 12:30:00,262.37,262.51999,262.155,262.35999,543453
2026-01-07 12:45:00,262.36499,262.70001,262.31,262.315,660238
2026-01-07 13:00:00,262.315,262.32001,261.30969,261.69,954654
2026-01-07 13:15:00,261.67999,261.70999,261.079987,261.22,732319
2026-01-07 13:30:00,261.245,261.87,261.13,261.85001,856595
2026-01-07 13:45:00,261.85001,262.14999,261.70999,262.01001,551862
2026-01-07 14:00:00,262.024994,262.20001,261.70001,261.76501,667668
2026-01-07 14:15:00,261.7601,261.77499,261.26651,261.59,498237
2026-01-07 14:30:00,261.59,262.51999,261.5101,262.32501,629827
2026-01-07 14:45:00,262.32001,262.32999,261.76999,261.84,589022
2026-01-07 15:00:00,261.85001,261.97,261.39999,261.49799,687321
2026-01-07 15:15:00,261.48001,261.66,261.26001,261.32999,821736
2026-01-07 15:30:00,261.32999,261.32999,260.60001,260.685,1414464
2026-01-07 15:45:00,260.68149,260.79001,259.82001,260.35999,3133312
2026-01-08 09:30:00,256.375,257.76999,255.89999,256.10001,5072440
2026-01-08 09:45:00,256.12,257.059998,255.85001,256.29001,1933260
2026-01-08 10:00:00,256.28,256.97,255.7,256.92999,1831640
2026-01-08 10:15:00,256.92999,257.019989,256.13501,256.745,1346339
2026-01-08 10:30:00,256.72009,257.19,256.51001,256.73999,1247540
2026-01-08 10:45:00,256.75,256.89999,255.95,256.69,1112321
2026-01-08 11:00:00,256.70001,256.97,256.079987,256.14001,911326
2026-01-08 11:15:00,256.12,256.45999,256.0,256.10999,895906
2026-01-08 11:30:00,256.10999,257.95001,255.97,257.89001,1240227
2026-01-08 11:45:00,257.90799,258.60001,257.19009,257.69501,1394349
2026-01-08 12:00:00,257.70499,257.85999,257.059998,257.27499,636982
2026-01-08 12:15:00,257.25,257.444,256.67999,256.70901,620926
2026-01-08 12:30:00,256.69009,257.35001,256.59799,257.15991,771912
2026-01-08 12:45:00,257.16,257.63,257.049988,257.39001,568031
2026-01-08 13:00:00,257.39029,257.62,256.69,256.70001,463669
2026-01-08 13:15:00,256.70499,257.57001,256.67999,257.48001,644706
2026-01-08 13:30:00,257.51001,257.51999,257.059998,257.32999,468701
2026-01-08 13:45:00,257.328,257.5,256.84,256.935,456679
2026-01-08 14:00:00,256.92001,257.20251,256.67999,256.69,592930
2026-01-08 14:15:00,256.69,256.85001,256.29999,256.60001,881045
2026-01-08 14:30:00,256.60501,257.059998,256.38,257.019989,640235
2026-01-08 14:45:00,257.035004,257.32999,256.89999,257.23001,760920
2026-01-08 15:00:00,257.22,257.62,257.20001,257.42001,1022032
2026-01-08 15:15:00,257.44,258.32999,257.39011,258.28,1120361
2026-01-08 15:30:00,258.28,258.91,257.96011,258.31009,1215870
2026-01-08 15:45:00,258.32001,259.28,258.29999,259.059998,1997815
2026-01-09 09:30:00,259.075012,260.0,257.70001,258.29001,2940922
2026-01-09 09:45:00,258.125,258.32001,256.38,256.935,1709347
2026-01-09 10:00:00,256.88,258.39999,256.22009,258.29001,1383241
2026-01-09 10:15:00,258.29349,258.67001,257.685,258.45999,1186543
2026-01-09 10:30:00,258.45999,258.75,257.755,257.8306,818872
2026-01-09 10:45:00,257.82999,258.14001,257.54999,257.76999,700096
2026-01-09 11:00:00,257.77499,258.60001,257.70999,258.19,694728
2026-01-09 11:15:00,258.17999,258.26999,256.88,256.95999,998623
2026-01-09 11:30:00,256.95129,257.17999,256.76639,256.935,887394
2026-01-09 11:45:00,256.92929,257.68771,256.85001,257.67999,881048
2026-01-09 12:00:00,257.67499,258.64999,257.54999,258.57999,905541
2026-01-09 12:15:00,258.57999,259.054993,258.16,258.92999,671113
2026-01-09 12:30:00,258.91,259.015015,258.53,258.64001,537665
2026-01-09 12:45:00,258.67001,259.16,258.66,258.76071,673116
2026-01-09 13:00:00,258.76001,258.875,258.24011,258.29001,505279
2026-01-09 13:15:00,258.32001,259.14999,258.2662,259.12,457710
2026-01-09 13:30:00,259.13,259.5,259.01001,259.19,582483
2026-01-09 13:45:00,259.23999,259.54001,259.10001,259.48001,378769
2026-01-09 14:00:00,259.47501,259.63101,259.38,259.48001,429642
2026-01-09 14:15:00,259.48001,259.95001,259.48001,259.73001,581074
2026-01-09 14:30:00,259.73001,260.0,259.67999,259.82001,587915
2026-01-09 14:45:00,259.81,260.20001,259.67999,259.97009,787386
2026-01-09 15:00:00,259.95999,260.20999,259.80099,259.98001,624390
2026-01-09 15:15:00,259.98001,260.17999,259.82001,259.965,732363
2026-01-09 15:30:00,259.95001,260.054993,259.62,259.77701,739614
2026-01-09 15:45:00,259.76999,259.89001,258.95001,259.35001,1564073
2026-01-12 09:30:00,259.41,260.26999,256.79999,257.54999,3496481
2026-01-12 09:45:00,257.75,258.72,257.75,258.32999,1819056
2026-01-12 10:00:00,258.26999,259.87,258.14999,259.63,1123118
2026-01-12 10:15:00,259.60999,261.29999,258.89001,260.35001,2066964
2026-01-12 10:30:00,260.36499,260.43231,259.049988,259.69,1121903
2026-01-12 10:45:00,259.67999,259.7399,259.23001,259.39001,641064
2026-01-12 11:00:00,259.39999,260.32999,259.16,260.315,801852
2026-01-12 11:15:00,260.315,260.45001,259.97501,260.23001,715196
2026-01-12 11:30:00,260.23001,260.5,259.70999,259.76001,679573
2026-01-12 11:45:00,259.75,261.10999,259.72,261.0,902441
2026-01-12 12:00:00,260.98999,261.079987,260.41,260.58499,574632
2026-01-12 12:15:00,260.57001,260.66,260.23499,260.60931,552827
2026-01-12 12:30:00,260.60001,260.67001,260.35001,260.53,476229
2026-01-12 12:45:00,260.53,261.10999,260.41,260.67499,680402
2026-01-12 13:00:00,260.66,261.29999,260.64001,260.75,591915
2026-01-12 13:15:00,260.73999,261.10999,260.67999,260.89001,411806
2026-01-12 13:30:00,260.89099,260.94,260.63,260.67999,426707
2026-01-12 13:45:00,260.67001,260.81989,260.29999,260.41,5931563
2026-01-12 14:00:00,260.39999,260.54001,260.19,260.26001,482616
2026-01-12 14:15:00,260.26999,260.88,260.26999,260.64001,650129
2026-01-12 14:30:00,260.64999,261.019989,260.48529,260.56,543234
2026-01-12 14:45:00,260.54999,261.17001,260.5025,261.13,574762
2026-01-12 15:00:00,261.12,261.19,260.935,261.040009,804005
2026-01-12 15:15:00,261.040009,261.10999,260.73001,260.97,732546
2026-01-12 15:30:00,260.95999,261.13,260.58499,260.93771,737815
2026-01-12 15:45:00,260.94,260.965,260.01001,260.20999,9064093
2026-01-13 09:30:00,258.72,261.81,258.39001,260.215,5344626
2026-01-13 09:45:00,260.215,260.54001,259.51999,259.91,1138293
2026-01-13 10:00:00,259.89999,260.48999,259.28,260.029999,1080827
2026-01-13 10:15:00,260.040009,260.285,259.42001,260.090088,914821
2026-01-13 10:30:00,260.14001,260.1799,259.62,259.82999,678768
2026-01-13 10:45:00,259.82001,260.19,259.48999,259.92999,793780
2026-01-13 11:00:00,259.94,260.27991,259.76501,260.0,625171
2026-01-13 11:15:00,260.0050049,260.14001,259.62,259.91,511089
2026-01-13 11:30:00,259.89999,261.019989,259.85001,260.82001,811435
2026-01-13 11:45:00,260.82001,261.029999,260.62,260.89999,660945
2026-01-13 12:00:00,260.89001,261.16,260.72,260.73999,473976
2026-01-13 12:15:00,260.745,260.97,260.17999,260.84,537581
2026-01-13 12:30:00,260.85001,261.44,260.72,261.13,614531
2026-01-13 12:45:00,261.13,261.20001,260.41,260.51999,478077
2026-01-13 13:00:00,260.5,260.87,260.22,260.85001,539735
2026-01-13 13:15:00,260.85999,260.92999,259.98999,259.98999,427527
2026-01-13 13:30:00,259.98001,260.67361,259.965,260.18079,516234
2026-01-13 13:45:00,260.185,260.48999,259.76001,259.95999,538178
2026-01-13 14:00:00,259.95999,260.089996,259.20999,259.25,6148201
2026-01-13 14:15:00,259.25,259.91,259.14999,259.73999,612889
2026-01-13 14:30:00,259.7399,259.79999,259.39999,259.51999,417943
2026-01-13 14:45:00,259.5,259.75,259.29001,259.45999,412443
2026-01-13 15:00:00,259.465,259.465,258.92999,258.95999,581711
2026-01-13 15:15:00,258.965,259.2955,258.7601,259.019989,548551
2026-01-13 15:30:00,259.01001,259.54001,258.84,259.44,629705
2026-01-13 15:45:00,259.42999,261.20001,259.37,261.049988,20934724
2026-01-14 09:30:00,259.48999,261.81,259.23999,259.95001,2367601
2026-01-14 09:45:00,259.94,260.19,259.049988,259.10001,891554
2026-01-14 10:00:00,259.17999,260.39999,258.82001,260.35001,1057188
2026-01-14 10:15:00,260.37,260.95001,259.54001,259.75,831425
2026-01-14 10:30:00,259.755,260.0,259.26999,259.48499,651068
2026-01-14 10:45:00,259.48001,259.57001,257.85999,258.071014,1049745
2026-01-14 11:00:00,258.070007,258.81,257.89999,258.089996,701509
2026-01-14 11:15:00,258.079987,258.95001,258.070007,258.73999,576139
2026-01-14 11:30:00,258.73999,258.81,257.79001,257.88049,565980
2026-01-14 11:45:00,257.89001,257.9317,257.25,257.72,570788
2026-01-14 12:00:00,257.72,258.049988,257.44,257.48999,499591
2026-01-14 12:15:00,257.5,257.54001,256.70999,257.38,697569
2026-01-14 12:30:00,257.39001,257.42001,257.040009,257.23001,408693
2026-01-14 12:45:00,257.23001,257.715,257.11499,257.26001,396180
2026-01-14 13:00:00,257.23001,257.42001,257.089996,257.17999,380158
2026-01-14 13:15:00,257.1702,257.53,256.91,257.53,419930
2026-01-14 13:30:00,257.53,257.85999,257.054993,257.85999,437081
2026-01-14 13:45:00,257.87,258.10001,257.56,258.0,428917
2026-01-14 14:00:00,257.98999,258.0,257.51001,257.62,490693
2026-01-14 14:15:00,257.61499,257.94031,257.565,257.79999,420534
2026-01-14 14:30:00,257.79999,258.4317,257.79001,258.32001,576227
2026-01-14 14:45:00,258.31,258.48001,258.10001,258.26001,439943
2026-01-14 15:00:00,258.26501,259.67181,258.1134,259.4201,796325
2026-01-14 15:15:00,259.41,259.98001,259.20001,259.97,8745157
2026-01-14 15:30:00,259.98001,260.60001,259.95999,260.079987,909427
2026-01-14 15:45:00,260.079987,260.23999,258.68411,259.95001,24410941
2026-01-15 09:30:00,260.64999,261.029999,259.78,260.69,2499572
2026-01-15 09:45:00,260.69501,260.98001,259.62,260.17999,992766
2026-01-15 10:00:00,260.089996,260.57001,259.89999,260.23999,920913
2026-01-15 10:15:00,260.29001,260.67999,259.89999,260.1001,632889
2026-01-15 10:30:00,260.14001,260.7851,259.91,259.95499,742027
2026-01-15 10:45:00,259.92999,259.98999,259.19,259.92999,752020
2026-01-15 11:00:00,259.95999,260.23999,259.73999,259.88,708281
2026-01-15 11:15:00,259.87,260.60001,259.79001,260.495,592916
2026-01-15 11:30:00,260.5,260.63,260.29001,260.54001,505239
2026-01-15 11:45:00,260.54001,260.54999,259.92001,259.98499,560504
2026-01-15 12:00:00,259.97,260.285,259.94,260.019989,547091
2026-01-15 12:15:00,260.019196,260.20001,259.29999,259.32999,509824
2026-01-15 12:30:00,259.34,259.39999,258.0,258.99011,5434924
2026-01-15 12:45:00,258.98999,259.17999,258.84,258.94,459531
2026-01-15 13:00:00,258.92001,259.28,258.89999,259.16,394297
2026-01-15 13:15:00,259.17999,259.565,259.079987,259.53,399237
2026-01-15 13:30:00,259.54999,259.75,259.47,259.66,438293
2026-01-15 13:45:00,259.64999,259.66,259.22,259.23001,375771
2026-01-15 14:00:00,259.22,259.22,258.45999,258.64001,537655
2026-01-15 14:15:00,258.64001,258.7399,258.26001,258.32001,652129
2026-01-15 14:30:00,258.34341,258.45001,257.6601,257.69989,850454
2026-01-15 14:45:00,257.69,258.125,257.5,257.60999,796778
2026-01-15 15:00:00,257.60001,257.79999,257.39001,257.40921,638338
2026-01-15 15:15:00,257.38,257.67001,257.049988,257.67001,872696
2026-01-15 15:30:00,257.6575,257.67001,257.23499,257.4512,799703
2026-01-15 15:45:00,257.45999,258.38,257.10999,258.32999,1934208
2026-01-16 09:30:00,257.88,258.89999,257.49469,257.56,8285086
2026-01-16 09:45:00,257.57999,257.79999,256.76999,256.85001,1422067
2026-01-16 10:00:00,256.85001,257.25,256.62,256.88,886868
2026-01-16 10:15:00,256.89001,257.019989,256.46011,256.81,684784
2026-01-16 10:30:00,256.81,256.92001,256.059998,256.35999,786675
2026-01-16 10:45:00,256.35999,256.63,256.24011,256.57999,537809
2026-01-16 11:00:00,256.57001,256.87,256.36499,256.7294,663309
2026-01-16 11:15:00,256.72,256.73999,256.13,256.43991,803040
2026-01-16 11:30:00,256.42651,256.60999,256.22,256.54999,655789
2026-01-16 11:45:00,256.54999,256.63,255.95,256.16699,727465
2026-01-16 12:00:00,256.17999,256.54999,256.059998,256.28,687001
2026-01-16 12:15:00,256.26999,256.37,255.82001,255.83,726462
2026-01-16 12:30:00,255.83,255.88,255.14999,255.3999,1177120
2026-01-16 12:45:00,255.3804,255.41,254.92999,255.17,945788
2026-01-16 13:00:00,255.18649,255.60001,255.089996,255.4805,732093
2026-01-16 13:15:00,255.49001,256.089905,255.49001,256.029999,751143
2026-01-16 13:30:00,256.029999,256.741,255.92,256.70999,862368
2026-01-16 13:45:00,256.70999,256.85001,256.48499,256.54999,575040
2026-01-16 14:00:00,256.54001,257.14999,256.26001,256.26999,724692
2026-01-16 14:15:00,256.26999,256.42001,255.91499,256.0,649880
2026-01-16 14:30:00,256.0,256.75,255.94,256.56,608705
2026-01-16 14:45:00,256.595,256.97,256.53,256.59,626730
2026-01-16 15:00:00,256.57999,256.85001,256.10999,256.155,610611
2026-01-16 15:15:00,256.1701,256.35001,255.97501,256.17999,802772
2026-01-16 15:30:00,256.17001,256.4725,255.64,255.64999,972900
2026-01-16 15:45:00,255.64999,255.88,255.13,255.48,2538659
2026-01-20 09:30:00,252.50999,254.78999,252.36,253.070007,4775257
2026-01-20 09:45:00,253.080002,253.17999,251.86,252.58,1671773
2026-01-20 10:00:00,252.47,252.75999,251.020004,251.14,1414733
2026-01-20 10:15:00,251.17,251.74001,250.85001,251.61571,1225790
2026-01-20 10:30:00,251.64,251.7,251.0,251.53999,1032328
2026-01-20 10:45:00,251.53999,251.69,250.89999,251.55,899363
2026-01-20 11:00:00,251.57001,252.13,251.4501,251.67999,691871
2026-01-20 11:15:00,251.67,251.67999,250.69,251.30499,743572
2026-01-20 11:30:00,251.3,251.59,250.82001,250.8503,705338
2026-01-20 11:45:00,250.88,251.25999,250.35001,251.2,901663
2026-01-20 12:00:00,251.2,251.28,250.66,250.75999,537205
2026-01-20 12:15:00,250.77,250.89,250.5,250.56,533051
2026-01-20 12:30:00,250.52,250.7,250.21001,250.3302,596285
2026-01-20 12:45:00,250.35001,250.44501,250.080002,250.27,685457
2026-01-20 13:00:00,250.24001,250.5,249.56,249.71001,1084253
2026-01-20 13:15:00,249.72,249.92,249.080002,249.19501,613241
2026-01-20 13:30:00,249.17999,249.23,248.5,248.62,902891
2026-01-20 13:45:00,248.61,248.6665,248.2412,248.53,759635
2026-01-20 14:00:00,248.53999,248.67999,248.0401,248.13,788322
2026-01-20 14:15:00,248.13,248.22,247.42,247.4525,901136
2026-01-20 14:30:00,247.45,248.17999,247.25999,247.703,1051734
2026-01-20 14:45:00,247.7,247.71001,246.8091,246.955,1105249
2026-01-20 15:00:00,246.95,247.22,246.71001,246.74001,1316258
2026-01-20 15:15:00,246.75,247.024994,245.080002,245.46001,2483086
2026-01-20 15:30:00,245.46001,245.52679,244.2701,244.49001,2466339
2026-01-20 15:45:00,244.5,246.92999,243.42,246.69,7593257
2026-01-21 09:30:00,248.71001,248.75,246.080002,246.77,3521710
2026-01-21 09:45:00,246.77,247.52,246.315,246.89999,1259737
2026-01-21 10:00:00,246.89999,247.36,246.28999,246.91,1396623
2026-01-21 10:15:00,246.91499,248.0,246.87,247.57001,1127600
2026-01-21 10:30:00,247.57001,248.50999,247.47,248.48,993609
2026-01-21 10:45:00,248.49001,248.72,247.925,248.145,921218
2026-01-21 11:00:00,248.16991,248.28999,247.25,247.26109,995663
2026-01-21 11:15:00,247.25999,247.52,246.83,247.3,892155
2026-01-21 11:30:00,247.31,247.36,245.97,245.995,1016231
2026-01-21 11:45:00,246.0050049,246.325,245.71091,245.78,850563
2026-01-21 12:00:00,245.78,246.039993,245.2,245.28999,795888
2026-01-21 12:15:00,245.295,246.16631,245.19,245.83,859529
2026-01-21 12:30:00,245.8201,246.16,245.58,245.9501,510087
2026-01-21 12:45:00,245.965,246.47,245.88,246.22009,480484
2026-01-21 13:00:00,246.235,246.42,245.62,246.2,623911
2026-01-21 13:15:00,246.2,246.27,245.86,245.88,400316
2026-01-21 13:30:00,245.88,246.0,245.5,245.86,452039
2026-01-21 13:45:00,245.87,246.375,245.74001,246.125,523987
2026-01-21 14:00:00,246.12,246.17999,245.74001,245.895,507187
2026-01-21 14:15:00,245.89999,247.34,245.58,247.11031,874218
2026-01-21 14:30:00,247.13,249.34,247.10001,249.13989,1564406
2026-01-21 14:45:00,249.17,250.83,249.11,250.71001,2993575
2026-01-21 15:00:00,250.72,251.56,250.31,250.35001,1876604
2026-01-21 15:15:00,250.33,250.39,248.3828,248.3828,1463768
2026-01-21 15:30:00,248.39,248.58,247.58,248.16,1188498
2026-01-21 15:45:00,248.14,248.2,246.84,247.63,3156722
2026-01-22 09:30:00,249.36,250.77991,248.8,249.73,3343760
2026-01-22 09:45:00,249.74001,249.99001,248.38499,249.855,1860587
2026-01-22 10:00:00,249.87,250.3,249.57001,249.86,1336418
2026-01-22 10:15:00,249.86,250.25999,249.3,250.13,759865
2026-01-22 10:30:00,250.14999,250.16,249.57001,249.73,715563
2026-01-22 10:45:00,249.739,249.83,249.0,249.089203,977409
2026-01-22 11:00:00,249.10001,249.82001,249.050003,249.52,850024
2026-01-22 11:15:00,249.49001,250.0,249.46001,249.69991,622747
2026-01-22 11:30:00,249.69501,249.81,249.25999,249.67999,459178
2026-01-22 11:45:00,249.7,249.89999,249.57001,249.59,505135
2026-01-22 12:00:00,249.58,249.8,249.44,249.66,502613
2026-01-22 12:15:00,249.66,249.88,249.61,249.74001,417491
2026-01-22 12:30:00,249.75,250.5275,249.7301,250.27,502525
2026-01-22 12:45:00,250.27,250.28,250.039993,250.14999,409480
2026-01-22 13:00:00,250.12,250.28,249.73,250.0070038,462179
2026-01-22 13:15:00,250.0099945,250.82001,249.99001,250.67999,459425
2026-01-22 13:30:00,250.67,250.6825,250.10001,250.2,451247
2026-01-22 13:45:00,250.19,250.39999,249.75011,250.22,461446
2026-01-22 14:00:00,250.2399,251.0,250.22,250.845,648830
2026-01-22 14:15:00,250.8246,250.94,250.45,250.52,486368
2026-01-22 14:30:00,250.50999,250.625,249.52,249.53,791244
2026-01-22 14:45:00,249.52,249.60001,248.76981,248.88,966833
2026-01-22 15:00:00,248.86,249.21989,248.81,249.059998,665233
2026-01-22 15:15:00,249.084,249.17,248.26511,248.37,931899
2026-01-22 15:30:00,248.34,248.85001,248.31,248.63,742573
2026-01-22 15:45:00,248.60989,248.92,248.17999,248.34,10370229
2026-01-23 09:30:00,245.75,246.48,245.33411,245.83009,3288078
2026-01-23 09:45:00,245.83,246.27361,244.67999,245.89,2023440
2026-01-23 10:00:00,245.92,246.45,245.81,245.95,1121755
2026-01-23 10:15:00,245.94,247.24001,245.71001,247.010101,1167917
2026-01-23 10:30:00,247.020004,248.33501,246.97,248.039993,932602
2026-01-23 10:45:00,248.061005,249.3,247.85001,248.98,944450
2026-01-23 11:00:00,248.98,249.41,248.64011,248.83,717208
2026-01-23 11:15:00,248.8284,248.935,248.28,248.35001,684557
2026-01-23 11:30:00,248.37,248.70689,247.88,248.31,693662
2026-01-23 11:45:00,248.31,248.63,248.039993,248.24001,536363
2026-01-23 12:00:00,248.24001,248.25999,247.88,248.050003,501500
2026-01-23 12:15:00,248.125,248.8,247.95,248.7399,533552
2026-01-23 12:30:00,248.72,248.80991,247.89301,248.080002,448310
2026-01-23 12:45:00,248.080002,248.21989,247.61,247.78999,550414
2026-01-23 13:00:00,247.77,248.059998,247.64999,247.69769,521096
2026-01-23 13:15:00,247.705,248.16,247.696,247.92999,397695
2026-01-23 13:30:00,247.96001,248.029907,247.34,247.39,523217
2026-01-23 13:45:00,247.38,247.56,246.97,247.52,573818
2026-01-23 14:00:00,247.53,247.88,247.23,247.77,664368
2026-01-23 14:15:00,247.755,248.0099945,247.47,247.47501,527493
2026-01-23 14:30:00,247.47,248.194,247.405,248.151,441537
2026-01-23 14:45:00,248.14999,248.25,247.91,248.17,410790
2026-01-23 15:00:00,248.17,248.25999,247.96001,248.1855,450889
2026-01-23 15:15:00,248.215,248.47,248.14999,248.19,638109
2026-01-23 15:30:00,248.19,248.73,248.059998,248.71001,10466320
2026-01-23 15:45:00,248.71001,248.85001,247.745,247.97,1909612
2026-01-26 09:30:00,251.48,253.25,249.8,252.71001,4751362
2026-01-26 09:45:00,252.73,253.7869,252.27,252.75999,1703995
2026-01-26 10:00:00,252.74001,254.10001,252.62,253.68201,1759095
2026-01-26 10:15:00,253.7,254.89,253.50999,254.039993,1596154
2026-01-26 10:30:00,254.039993,255.34,253.92,254.951,1649373
2026-01-26 10:45:00,254.965,255.5,254.67,254.8,1118042
2026-01-26 11:00:00,254.80901,255.32001,254.56,255.1201,1196000
2026-01-26 11:15:00,255.13499,255.21001,254.23,255.099899,977744
2026-01-26 11:30:00,255.085007,255.28,254.81,255.0,1077473
2026-01-26 11:45:00,255.009903,255.25,254.60001,254.86,632106
2026-01-26 12:00:00,254.87,255.42,254.25999,254.28999,818089
2026-01-26 12:15:00,254.289,254.8499,254.289,254.5,487558
2026-01-26 12:30:00,254.47,254.75,254.42999,254.66,495724
2026-01-26 12:45:00,254.6628,254.66991,254.080002,254.33,463095
2026-01-26 13:00:00,254.33,254.48,254.080002,254.24001,458423
2026-01-26 13:15:00,254.235,254.69,254.089996,254.64999,444291
2026-01-26 13:30:00,254.64,255.17,254.32001,254.59,598755
2026-01-26 13:45:00,254.595,255.35001,254.48,255.11,742727
2026-01-26 14:00:00,255.10001,255.55321,255.10001,255.435,829052
2026-01-26 14:15:00,255.4501,255.97,255.28,255.94,843283
2026-01-26 14:30:00,255.92999,256.26501,255.71001,256.13,841819
2026-01-26 14:45:00,256.14001,256.56,256.075012,256.10001,9699907
2026-01-26 15:00:00,256.10501,256.37,255.73,255.8,736410
2026-01-26 15:15:00,255.81,255.96001,255.47,255.72501,927569
2026-01-26 15:30:00,255.73,255.99001,255.455,255.505,919533
2026-01-26 15:45:00,255.50999,255.64999,254.89999,255.42,13299580
2026-01-27 09:30:00,259.14001,260.77249,258.66,260.59,5329210
2026-01-27 09:45:00,260.60001,261.95001,260.38,261.465,2577343
2026-01-27 10:00:00,261.48001,261.57999,259.95001,260.029999,1753863
2026-01-27 10:15:00,260.049988,260.20999,259.53,259.845,1252357
2026-01-27 10:30:00,259.85999,260.54999,259.76001,260.38,880061
2026-01-27 10:45:00,260.35001,260.67999,260.019989,260.34,687420
2026-01-27 11:00:00,260.35999,261.23999,260.35001,261.14999,867816
2026-01-27 11:15:00,261.14499,261.39001,260.60999,260.72,827598
2026-01-27 11:30:00,260.72,261.14999,260.47,260.90689,611187
2026-01-27 11:45:00,260.91,261.047607,260.73001,260.78,525215
2026-01-27 12:00:00,260.76999,261.17001,260.73999,260.91,558986
2026-01-27 12:15:00,260.89001,261.35999,260.82001,261.31,480599
2026-01-27 12:30:00,261.30011,261.35001,260.85001,260.85001,428161
2026-01-27 12:45:00,260.85001,260.92999,260.62,260.70999,488063
2026-01-27 13:00:00,260.70001,261.13,260.51999,260.9801,554248
2026-01-27 13:15:00,260.98001,260.99991,260.2301,260.255,518619
2026-01-27 13:30:00,260.26999,260.35999,259.79999,259.85001,836748
2026-01-27 13:45:00,259.84839,259.97,259.51999,259.82001,592221
2026-01-27 14:00:00,259.84,260.019989,259.53,259.81,570380
2026-01-27 14:15:00,259.81,259.97,259.62,259.875,505280
2026-01-27 14:30:00,259.875,259.89999,259.51501,259.60501,541752
2026-01-27 14:45:00,259.60999,260.040009,259.17499,259.73999,788484
2026-01-27 15:00:00,259.745,259.96671,259.45001,259.62,603931
2026-01-27 15:15:00,259.61499,259.64001,259.14999,259.38,668119
2026-01-27 15:30:00,259.38501,259.67499,259.215,259.34,891298
2026-01-27 15:45:00,259.32999,259.54001,258.20999,258.26999,11439692
2026-01-28 09:30:00,257.56,258.85501,255.82001,256.63,3189845
2026-01-28 09:45:00,256.6799,257.23999,255.73,256.14499,1307599
2026-01-28 10:00:00,256.14001,256.75,255.215,256.45999,1289781
2026-01-28 10:15:00,256.45999,257.049988,256.029999,256.089996,816985
2026-01-28 10:30:00,256.059998,256.70999,255.89,256.020905,858201
2026-01-28 10:45:00,256.040009,256.22,255.72,255.84,669190
2026-01-28 11:00:00,255.84,256.22,255.7,255.9062,537980
2026-01-28 11:15:00,255.89999,256.029999,255.25999,255.49001,680403
2026-01-28 11:30:00,255.47,255.48,254.78999,254.89,809877
2026-01-28 11:45:00,254.88,255.36501,254.74001,255.34,543199
2026-01-28 12:00:00,255.33,255.42,255.078094,255.25,395773
2026-01-28 12:15:00,255.237,255.39999,254.66,254.82001,481657
2026-01-28 12:30:00,254.8,255.11,254.50999,255.029999,453925
2026-01-28 12:45:00,255.029999,255.11,254.72,254.83,615128
2026-01-28 13:00:00,254.82001,255.0,254.53999,254.955,352062
2026-01-28 13:15:00,254.95,255.39,254.95,255.255,375427
2026-01-28 13:30:00,255.25999,255.345,254.88,255.315,391362
2026-01-28 13:45:00,255.32001,255.88,255.14999,255.65649,484107
2026-01-28 14:00:00,255.66,255.86501,254.9301,255.0099945,486838
2026-01-28 14:15:00,255.0,255.3694,254.78,255.11,537150
2026-01-28 14:30:00,255.080002,255.89999,255.050003,255.64,832930
2026-01-28 14:45:00,255.64,256.37,255.63,256.29001,791057
2026-01-28 15:00:00,256.29001,256.64001,256.029999,256.20001,875253
2026-01-28 15:15:00,256.19,256.54999,255.97,256.47501,892328
2026-01-28 15:30:00,256.45999,256.64001,256.185,256.53,847011
2026-01-28 15:45:00,256.51001,256.89999,255.92999,256.44,2245327
2026-01-29 09:30:00,258.070007,259.64999,256.22,256.22,3158117
2026-01-29 09:45:00,256.25,257.66,256.070007,256.79999,1398253
2026-01-29 10:00:00,256.81,256.82001,255.49001,256.32999,1409972
2026-01-29 10:15:00,256.36499,257.69,256.36499,256.89999,1315829
2026-01-29 10:30:00,256.89001,257.040009,254.78999,255.14,1324622
2026-01-29 10:45:00,255.14,255.91,254.41,255.455,1228231
2026-01-29 11:00:00,255.45,256.13,254.89999,255.86,1105408
2026-01-29 11:15:00,255.88,256.41,255.39999,256.17001,1143628
2026-01-29 11:30:00,256.13,256.32999,255.395,255.5901,836347
2026-01-29 11:45:00,255.64,255.77,255.12,255.39,698565
2026-01-29 12:00:00,255.39999,256.755,255.345,256.54999,749322
2026-01-29 12:15:00,256.56,257.41,256.01001,257.22,1240346
2026-01-29 12:30:00,257.20001,257.67001,256.85001,257.059998,913374
2026-01-29 12:45:00,257.059998,257.20001,256.54999,256.935,981995
2026-01-29 13:00:00,256.98001,257.29001,256.64001,256.95001,731153
2026-01-29 13:15:00,256.92999,257.45999,256.73001,257.38,606197
2026-01-29 13:30:00,257.36499,258.029999,257.17999,257.62009,914528
2026-01-29 13:45:00,257.63,257.64001,257.16,257.32999,634610
2026-01-29 14:00:00,257.34,257.88,257.22,257.81,698731
2026-01-29 14:15:00,257.81281,258.18161,257.78,258.14499,831157
2026-01-29 14:30:00,258.14499,258.39001,257.89999,258.029999,943663
2026-01-29 14:45:00,258.029999,258.079895,257.74011,257.92001,813122
2026-01-29 15:00:00,257.92499,258.51999,257.8399,258.19,1135010
2026-01-29 15:15:00,258.18991,258.56839,258.14001,258.29501,1349046
2026-01-29 15:30:00,258.31,258.54001,257.91,258.44,1476410
2026-01-29 15:45:00,258.435,259.35001,257.75,258.17499,4384711
2026-01-30 09:30:00,255.16499,256.95999,252.17999,253.53999,10336866
2026-01-30 09:45:00,253.5004,256.39001,252.73,256.29001,3075921
2026-01-30 10:00:00,256.29999,258.35999,255.86,258.26999,2759309
2026-01-30 10:15:00,258.27499,258.70001,253.92999,254.0,7842688
2026-01-30 10:30:00,254.080002,255.97,253.69501,255.605,2105383
2026-01-30 10:45:00,255.5901,255.84,254.67999,254.94,1681076
2026-01-30 11:00:00,254.91499,256.26001,254.75,255.5,1868721
2026-01-30 11:15:00,255.535,256.905,255.1806,256.6875,1616518
2026-01-30 11:30:00,256.69,257.14001,256.30029,256.81,1716344
2026-01-30 11:45:00,256.82001,257.13,255.88,256.10501,1125507
2026-01-30 12:00:00,256.089996,256.14999,254.28349,254.52499,1603623
2026-01-30 12:15:00,254.52499,255.505,254.39,255.21001,1517530
2026-01-30 12:30:00,255.16,255.34,254.53999,254.71001,1072792
2026-01-30 12:45:00,254.71001,255.23,254.67999,254.855,903103
2026-01-30 13:00:00,254.84,255.64999,254.71001,255.46001,1023455
2026-01-30 13:15:00,255.45,256.070007,254.58,256.054993,1358704
2026-01-30 13:30:00,256.054993,256.48999,255.78,256.1467,1155060
2026-01-30 13:45:00,256.14001,258.28,255.75,257.35001,1510834
2026-01-30 14:00:00,257.375,258.079987,257.36499,257.79001,1287515
2026-01-30 14:15:00,257.76999,257.97,257.32999,257.58499,1218681
2026-01-30 14:30:00,257.60001,258.42999,257.41,258.095001,1278561
2026-01-30 14:45:00,258.089996,258.94,257.95999,258.26999,1471149
2026-01-30 15:00:00,258.29001,258.73999,257.56,258.64999,1527033
2026-01-30 15:15:00,258.64999,259.91,258.45001,259.91,2320677
2026-01-30 15:30:00,259.92001,261.040009,259.82001,260.98999,4203613
2026-01-30 15:45:00,260.98001,261.8999,258.0,259.48001,8827197
2026-02-02 09:30:00,260.019989,263.97,259.20499,261.1579,5610936
2026-02-02 09:45:00,261.17999,263.92999,260.92001,263.32501,2530490
2026-02-02 10:00:00,263.29001,264.681,263.17999,264.655,2574750
2026-02-02 10:15:00,264.63,265.25,264.079987,265.040009,2008522
2026-02-02 10:30:00,265.035004,265.37,263.595,263.95001,1355687
2026-02-02 10:45:00,263.92001,263.965,262.31,262.73999,1119624
2026-02-02 11:00:00,262.70001,263.41989,262.51001,263.255,925579
2026-02-02 11:15:00,263.23999,264.56351,263.13,264.29181,899596
2026-02-02 11:30:00,264.29501,264.73001,264.20999,264.69501,689157
2026-02-02 11:45:00,264.70679,264.70679,263.89001,264.465,671923
2026-02-02 12:00:00,264.45001,264.85001,264.32999,264.36499,684340
2026-02-02 12:15:00,264.38,264.51001,263.81,264.17999,642883
2026-02-02 12:30:00,264.19,264.4335,263.78,263.92999,561395
2026-02-02 12:45:00,263.92999,264.42999,263.85001,264.1738,474130
2026-02-02 13:00:00,264.19,265.31,264.19,264.79001,811233
2026-02-02 13:15:00,264.78,265.26999,264.62,265.13,756708
2026-02-02 13:30:00,265.14499,265.70001,265.01001,265.41,869955
2026-02-02 13:45:00,265.38,266.73499,265.34,266.70499,1318241
2026-02-02 14:00:00,266.70001,267.13501,266.54001,267.12,1359574
2026-02-02 14:15:00,267.10999,267.35001,266.76001,267.17999,1132316
2026-02-02 14:30:00,267.125,267.44,266.82001,267.285,1086412
2026-02-02 14:45:00,267.30991,268.28,267.23001,268.0,1389323
2026-02-02 15:00:00,268.0,269.56989,267.85089,268.54999,2336738
2026-02-02 15:15:00,268.54999,269.39999,268.31,268.98001,1297695
2026-02-02 15:30:00,268.97501,269.70999,268.84,269.45001,1717343
2026-02-02 15:45:00,269.42001,270.48999,269.39999,269.95999,4314011
2026-02-03 09:30:00,269.13,270.32999,267.69,268.20999,3438941
2026-02-03 09:45:00,268.23001,271.57999,268.14001,270.36069,2301307
2026-02-03 10:00:00,270.38501,270.67001,268.70499,268.95001,1603518
2026-02-03 10:15:00,268.95001,270.01001,268.38129,269.88501,1752185
2026-02-03 10:30:00,269.85001,269.96552,267.60999,268.42001,1226402
2026-02-03 10:45:00,268.41,271.14001,268.29001,271.070007,1528671
2026-02-03 11:00:00,271.079987,271.285,269.97,270.084991,1419056
2026-02-03 11:15:00,270.084991,270.59,268.79001,268.89499,1160900
2026-02-03 11:30:00,268.89999,270.5,268.54999,269.73499,1491777
2026-02-03 11:45:00,269.76001,269.98001,268.7803,268.95999,669490
2026-02-03 12:00:00,268.94,269.78,268.64001,268.92001,982098
2026-02-03 12:15:00,268.84,269.34,268.29001,268.89999,833663
2026-02-03 12:30:00,268.89001,269.54501,268.755,269.44,1176806
2026-02-03 12:45:00,269.38501,270.0,269.01001,269.63,842536
2026-02-03 13:00:00,269.67999,270.37,269.32001,269.38501,755079
2026-02-03 13:15:00,269.35001,269.98001,268.94,269.34,817631
2026-02-03 13:30:00,269.33499,269.69,268.85001,269.52499,903572
2026-02-03 13:45:00,269.52499,270.57001,269.37,270.25,11973789
2026-02-03 14:00:00,270.25,270.98001,269.92001,270.84,1308859
2026-02-03 14:15:00,270.82001,271.875,270.60999,271.48001,1337827
2026-02-03 14:30:00,271.47,271.70001,270.66501,270.95001,782240
2026-02-03 14:45:00,270.95999,271.16,269.95001,270.0,901265
2026-02-03 15:00:00,269.97,270.23999,268.67001,269.82999,1051636
2026-02-03 15:15:00,269.84,269.84,268.81,269.20999,713629
2026-02-03 15:30:00,269.215,270.049988,269.215,269.41,1058915
2026-02-03 15:45:00,269.42001,270.0,268.84,269.45999,1989170
2026-02-04 09:30:00,272.31,277.059906,272.285,276.57999,5404777
2026-02-04 09:45:00,276.595,278.81,276.56,277.47,4506587
2026-02-04 10:00:00,277.48001,277.59,274.81,274.89999,2627604
2026-02-04 10:15:00,274.89999,276.27991,274.55011,276.10001,1824201
2026-02-04 10:30:00,276.125,276.56,275.29999,275.82001,1734379
2026-02-04 10:45:00,275.79501,277.39001,275.57999,277.10999,1577592
2026-02-04 11:00:00,277.095001,277.30969,275.95999,276.64999,1343961
2026-02-04 11:15:00,276.64499,277.29999,275.995,277.21381,1245116
2026-02-04 11:30:00,277.19351,277.26001,275.29001,275.51999,1021377
2026-02-04 11:45:00,275.53,275.70001,273.89999,274.965,1925733
2026-02-04 12:00:00,274.95001,276.57999,274.901,276.48999,1375581
2026-02-04 12:15:00,276.5199,276.60001,274.54501,275.25,1335213
2026-02-04 12:30:00,275.26999,276.11499,273.89001,274.85001,1761200
2026-02-04 12:45:00,274.82999,274.95001,273.685,274.084991,1067035
2026-02-04 13:00:00,274.089996,275.35501,273.14001,275.10001,1520170
2026-02-04 13:15:00,275.10159,275.70001,274.97,275.60001,723857
2026-02-04 13:30:00,275.62,275.76001,274.91,275.26001,746570
2026-02-04 13:45:00,275.16501,275.73999,274.84,275.38989,667158
2026-02-04 14:00:00,275.41,275.48001,274.35001,275.15729,934300
2026-02-04 14:15:00,275.14011,275.57999,274.60001,274.91,780512
2026-02-04 14:30:00,274.90021,275.45999,274.90009,275.345,667112
2026-02-04 14:45:00,275.35999,275.78,274.89999,275.14499,22310500
2026-02-04 15:00:00,275.14001,275.685,274.82999,275.685,1222931
2026-02-04 15:15:00,275.69,278.079987,275.6001,277.60999,2243574
2026-02-04 15:30:00,277.60999,277.79001,276.85001,276.92999,2015765
2026-02-04 15:45:00,276.95001,278.95001,276.35999,276.45999,5297157
2026-02-05 09:30:00,278.019989,279.44,273.5401,273.66,4060919
2026-02-05 09:45:00,273.655,276.69,273.23001,274.36499,1935568
2026-02-05 10:00:00,274.35999,275.64999,273.62,274.53,1530396
2026-02-05 10:15:00,274.51001,276.84,274.45761,276.785,4956139
2026-02-05 10:30:00,276.79001,277.39999,275.23001,275.98001,1331172
2026-02-05 10:45:00,275.95999,276.079987,273.91199,274.45001,1205545
2026-02-05 11:00:00,274.45001,274.94,273.29001,273.34,945370
2026-02-05 11:15:00,273.34,276.2204,273.34,275.22,1044262
2026-02-05 11:30:00,275.29001,275.35001,274.60999,274.66501,716120
2026-02-05 11:45:00,274.67999,275.5,274.47501,275.23999,643430
2026-02-05 12:00:00,275.19,275.20001,274.01001,274.070007,570200
2026-02-05 12:15:00,274.089996,274.95999,273.52499,274.73999,602070
2026-02-05 12:30:00,274.72,274.98001,274.16,274.44,454768
2026-02-05 12:45:00,274.45999,274.95001,274.070007,274.595,445012
2026-02-05 13:00:00,274.595,274.94,273.91,274.059998,437361
2026-02-05 13:15:00,274.065002,274.54999,273.98001,274.32001,427629
2026-02-05 13:30:00,274.26001,274.88,274.11499,274.57999,574744
2026-02-05 13:45:00,274.56,275.0,274.1973,274.98001,576065
2026-02-05 14:00:00,274.98999,276.69,274.92001,276.67999,856405
2026-02-05 14:15:00,276.67001,277.57001,276.64499,277.045013,988278
2026-02-05 14:30:00,277.065002,277.45999,276.085693,276.42001,732395
2026-02-05 14:45:00,276.405,276.78,276.28329,276.70999,618345
2026-02-05 15:00:00,276.72,277.72,276.51001,276.58011,937101
2026-02-05 15:15:00,276.61401,276.67001,276.10999,276.63,799280
2026-02-05 15:30:00,276.63,276.91,275.35001,275.45001,1186843
2026-02-05 15:45:00,275.39499,276.57999,275.38,275.92001,2803870
2026-02-06 09:30:00,277.16,279.92999,277.0,279.17001,4107057
2026-02-06 09:45:00,279.23999,280.73999,278.95999,280.52499,3220285
2026-02-06 10:00:00,280.54001,280.905,279.040009,279.14001,1937064
2026-02-06 10:15:00,279.14001,279.89999,278.51001,279.29001,1513359
2026-02-06 10:30:00,279.29999,279.95001,279.16,279.51001,957677
2026-02-06 10:45:00,279.50681,279.76999,278.35001,278.815,2005704
2026-02-06 11:00:00,278.81,279.44,278.48999,278.95999,1317452
2026-02-06 11:15:00,278.98001,279.66,278.81,279.11499,1216209
2026-02-06 11:30:00,279.10001,279.72369,279.0,279.34,794552
2026-02-06 11:45:00,279.37,279.77499,278.87,279.084991,1030565
2026-02-06 12:00:00,279.049988,279.47,278.94,279.090088,569335
2026-02-06 12:15:00,279.089996,279.23679,278.23999,278.67999,645128
2026-02-06 12:30:00,278.70999,278.79999,277.89999,278.32999,675536
2026-02-06 12:45:00,278.32999,278.47,278.11499,278.29501,619141
2026-02-06 13:00:00,278.29501,278.68619,278.23999,278.34,665521
2026-02-06 13:15:00,278.32001,278.52499,277.49011,277.77499,855572
2026-02-06 13:30:00,277.79999,277.815,277.040009,277.6235,730603
2026-02-06 13:45:00,277.61499,277.76001,276.92499,277.48001,706922
2026-02-06 14:00:00,277.48999,277.95999,277.34,277.44,589395
2026-02-06 14:15:00,277.44,277.92999,277.13,277.13,521666
2026-02-06 14:30:00,277.13,277.42001,276.995,277.23001,457776
2026-02-06 14:45:00,277.23999,278.64499,277.22,278.57999,888092
2026-02-06 15:00:00,278.565,278.75,277.85001,277.85001,771950
2026-02-06 15:15:00,277.85001,278.32999,277.56,277.66,1068681
2026-02-06 15:30:00,277.655,278.315,277.57001,278.10001,956625
2026-02-06 15:45:00,278.10001,279.01001,278.040009,278.079987,2298698
2026-02-09 09:30:00,277.905,278.040009,273.48999,274.3114,2755498
2026-02-09 09:45:00,274.345,274.94,273.16,273.95999,1487644
2026-02-09 10:00:00,273.95999,274.079987,273.049988,273.51501,1139245
2026-02-09 10:15:00,273.51999,274.26001,273.059998,273.082703,952157
2026-02-09 10:30:00,273.089996,273.75,273.059998,273.42999,649139
2026-02-09 10:45:00,273.42999,273.52499,272.76999,273.25,867221
2026-02-09 11:00:00,273.2681,273.70001,273.079987,273.32001,641760
2026-02-09 11:15:00,273.35001,273.47,272.85001,273.39819,634452
2026-02-09 11:30:00,273.37,273.79999,273.26001,273.42001,571336
2026-02-09 11:45:00,273.38,273.45001,272.75,272.79999,708051
2026-02-09 12:00:00,272.81,273.10999,271.89999,272.35001,5839878
2026-02-09 12:15:00,272.345,272.51999,271.70001,272.011505,821862
2026-02-09 12:30:00,272.040009,272.34,271.82999,271.845,568016
2026-02-09 12:45:00,271.85001,272.34,271.76999,271.965,498592
2026-02-09 13:00:00,271.965,272.19,271.79001,271.92999,440913
2026-02-09 13:15:00,271.92999,272.26999,271.82999,271.98001,429629
2026-02-09 13:30:00,271.98001,273.0098877,271.84,272.935,641887
2026-02-09 13:45:00,272.92001,273.20999,272.73999,272.89999,635173
2026-02-09 14:00:00,272.89999,273.42999,272.84,273.26999,647463
2026-02-09 14:15:00,273.28891,273.70999,273.01001,273.62,641948
2026-02-09 14:30:00,273.63,273.72501,273.079987,273.10999,450952
2026-02-09 14:45:00,273.10999,273.29001,272.91501,272.95999,390031
2026-02-09 15:00:00,272.95999,273.69,272.95999,273.57999,609604
2026-02-09 15:15:00,273.58289,274.25,273.55069,274.040009,917828
2026-02-09 15:30:00,274.029999,274.20999,273.51001,273.88,970675
2026-02-09 15:45:00,273.85001,275.12,273.81,274.54001,2866894
2026-02-10 09:30:00,274.88501,275.28,273.30609,274.19501,2204506
2026-02-10 09:45:00,274.20999,274.95001,273.20999,274.76001,959484
2026-02-10 10:00:00,274.79999,275.35999,273.85999,274.26001,959892
2026-02-10 10:15:00,274.25,274.745,274.079987,274.42001,627386
2026-02-10 10:30:00,274.39001,274.70001,274.17999,274.655,542731
2026-02-10 10:45:00,274.69501,274.91,274.14001,274.14001,479135
2026-02-10 11:00:00,274.14499,274.47989,274.12,274.19,428161
2026-02-10 11:15:00,274.19501,274.60001,273.98999,274.059998,416153
2026-02-10 11:30:00,274.019989,274.049896,273.20001,273.39999,526152
2026-02-10 11:45:00,273.42001,273.59,273.10001,273.2901,462792
2026-02-10 12:00:00,273.29001,273.79999,273.26999,273.48001,474275
2026-02-10 12:15:00,273.47,273.48999,272.94,273.35001,588185
2026-02-10 12:30:00,273.35001,273.70999,273.14999,273.70099,419243
2026-02-10 12:45:00,273.72,274.10999,273.68011,274.089996,383600
2026-02-10 13:00:00,274.10501,274.17999,273.79999,273.98001,306470
2026-02-10 13:15:00,273.98999,274.19,273.39999,274.054993,537280
2026-02-10 13:30:00,274.054993,274.26999,273.8718,274.22501,383430
2026-02-10 13:45:00,274.22,274.26001,273.6701,273.92999,339390
2026-02-10 14:00:00,273.95001,274.10999,273.72,274.0,350735
2026-02-10 14:15:00,273.95999,274.059998,273.66,273.965,298385
2026-02-10 14:30:00,273.97,274.070007,273.60001,273.73999,362399
2026-02-10 14:45:00,273.75,274.029999,273.51999,274.029999,383923
2026-02-10 15:00:00,274.01001,274.22,273.73001,274.14001,361781
2026-02-10 15:15:00,274.14999,274.29999,273.89001,274.070007,407541
2026-02-10 15:30:00,274.079987,274.38,273.97,274.25,437676
2026-02-10 15:45:00,274.29001,274.48999,273.31,273.79001,8961727
2026-02-11 09:30:00,274.69501,276.82999,274.45001,275.60001,5691798
2026-02-11 09:45:00,275.59,277.44,275.54001,276.39999,1481822
2026-02-11 10:00:00,276.41,277.029999,275.76999,276.285,1050726
2026-02-11 10:15:00,276.29001,277.25,275.75,277.05011,1272610
2026-02-11 10:30:00,277.10001,279.049988,277.040009,278.13,1624504
2026-02-11 10:45:00,278.16501,279.905,277.98001,279.755,1202585
2026-02-11 11:00:00,279.755,279.98001,278.81,279.67499,1070854
2026-02-11 11:15:00,279.67001,279.97,278.17499,278.19,798613
2026-02-11 11:30:00,278.19,279.20499,278.16,279.019989,639195
2026-02-11 11:45:00,279.035004,279.10001,278.28,278.35001,444629
2026-02-11 12:00:00,278.34,279.10999,278.17999,278.70001,624464
2026-02-11 12:15:00,278.73001,280.17999,278.715,279.94501,976808
2026-02-11 12:30:00,279.9104,280.14999,279.39999,279.76001,523365
2026-02-11 12:45:00,279.75,280.10001,279.35999,279.42001,469905
2026-02-11 13:00:00,279.42001,279.69,278.5,278.67001,480200
2026-02-11 13:15:00,278.66,279.16501,278.565,278.95999,419627
2026-02-11 13:30:00,278.935,279.070007,278.62,278.81989,363689
2026-02-11 13:45:00,278.81921,279.01001,278.67001,278.89261,365769
2026-02-11 14:00:00,278.89999,279.029999,278.5,278.85999,524308
2026-02-11 14:15:00,278.86591,279.67001,278.76001,279.57999,536485
2026-02-11 14:30:00,279.57999,279.59,278.57999,278.87,499321
2026-02-11 14:45:00,278.85001,278.89001,274.81061,276.59,3821435
2026-02-11 15:00:00,276.57999,277.29001,276.17001,276.24271,1109229
2026-02-11 15:15:00,276.23001,276.28769,275.019989,276.049988,1169682
2026-02-11 15:30:00,276.01001,276.54999,275.85999,276.27499,744371
2026-02-11 15:45:00,276.2814,276.35001,275.45999,275.54001,2186877
2026-02-12 09:30:00,275.60001,275.72,271.91,272.040009,3399573
2026-02-12 09:45:00,271.98001,273.0,271.54999,272.16,1336733
2026-02-12 10:00:00,272.16,272.23001,270.059998,270.255,1734081
2026-02-12 10:15:00,270.26001,271.75,270.255,271.25,1405441
2026-02-12 10:30:00,271.26001,271.75,270.89999,270.9288,865645
2026-02-12 10:45:00,270.88959,271.185,268.13,268.17999,1550488
2026-02-12 11:00:00,268.173,268.23999,267.39001,267.95999,1435469
2026-02-12 11:15:00,267.92999,267.94,266.14999,266.17001,1553934
2026-02-12 11:30:00,266.19,267.040009,265.57001,265.60999,1689751
2026-02-12 11:45:00,265.595,265.97,264.62,265.42999,1270934
2026-02-12 12:00:00,265.44421,265.85001,264.62,264.73999,979431
2026-02-12 12:15:00,264.73001,264.85999,264.42001,264.60001,777285
2026-02-12 12:30:00,264.57001,264.64999,263.39999,263.54001,1342357
2026-02-12 12:45:00,263.56,263.57999,261.53,261.77899,1650508
2026-02-12 13:00:00,261.79001,262.97989,260.86011,260.89001,2431940
2026-02-12 13:15:00,260.89011,262.48001,260.17999,262.32999,1722501
2026-02-12 13:30:00,262.31,262.57501,261.5,262.32001,1023482
2026-02-12 13:45:00,262.32001,262.39001,261.23001,261.73499,1017038
2026-02-12 14:00:00,261.70999,262.12,261.28,261.33679,933935
2026-02-12 14:15:00,261.35999,262.67001,261.35001,261.78,1033239
2026-02-12 14:30:00,261.76999,262.1611,261.48001,261.64001,903671
2026-02-12 14:45:00,261.66,262.44,261.51001,262.049988,1002772
2026-02-12 15:00:00,262.059998,262.48999,261.60001,262.0,952586
2026-02-12 15:15:00,262.0050049,262.029999,261.10001,261.48999,1059313
2026-02-12 15:30:00,261.48001,261.72,260.70001,260.75,18366301
2026-02-12 15:45:00,260.745,262.51001,260.28,261.59,4361314
2026-02-13 09:30:00,262.01001,262.23001,258.79999,259.51999,5998022
2026-02-13 09:45:00,259.51001,260.98001,258.82001,259.32999,1631418
2026-02-13 10:00:00,259.31,260.70001,258.88,260.019989,1218850
2026-02-13 10:15:00,260.049988,260.82001,259.32001,260.595,954964
2026-02-13 10:30:00,260.57999,261.48999,259.45001,259.48959,1041244
2026-02-13 10:45:00,259.57001,259.84,258.37,259.39001,917549
2026-02-13 11:00:00,259.42999,259.76001,258.94,259.33499,777148
2026-02-13 11:15:00,259.345,259.78,258.69501,259.28751,661458
2026-02-13 11:30:00,259.29849,259.62,258.60001,259.45001,651923
2026-02-13 11:45:00,259.48001,259.78,259.14999,259.17999,558760
2026-02-13 12:00:00,259.20001,259.87,258.89001,259.845,499412
2026-02-13 12:15:00,259.85999,260.20999,259.59,259.59,605411
2026-02-13 12:30:00,259.59,260.26999,259.5,260.10001,581671
2026-02-13 12:45:00,260.12,260.17999,259.024994,259.045013,831719
2026-02-13 13:00:00,259.045013,259.20001,258.76999,259.059998,582278
2026-02-13 13:15:00,259.049988,259.48999,258.79999,258.91,6637784
2026-02-13 13:30:00,258.94,259.20001,258.79999,258.97299,505503
2026-02-13 13:45:00,258.98499,259.31,258.57999,258.70001,832506
2026-02-13 14:00:00,258.71011,259.019989,258.60001,258.82001,552100
2026-02-13 14:15:00,258.81009,258.98001,258.28,258.45999,7167853
2026-02-13 14:30:00,258.48001,258.59,257.96011,258.045197,686220
2026-02-13 14:45:00,258.029999,258.73001,257.92999,258.10999,629729
2026-02-13 15:00:00,258.10501,258.53989,257.51999,257.51999,1012689
2026-02-13 15:15:00,257.54001,257.70001,255.81731,255.91,1650654
2026-02-13 15:30:00,255.91,256.20999,255.45,255.875,1930916
2026-02-13 15:45:00,255.88,256.66,255.59,255.82001,4790010
2026-02-17 09:30:00,258.049988,259.67001,255.55299,258.95999,3974724
2026-02-17 09:45:00,258.94,259.72,258.17999,258.60001,1363490
2026-02-17 10:00:00,258.55499,260.0,258.435,259.815,1101113
2026-02-17 10:15:00,259.79001,261.39001,259.41,259.64001,1656805
2026-02-17 10:30:00,259.63,259.95499,258.97,259.75,4140442
2026-02-17 10:45:00,259.73001,260.14001,258.82001,259.1481,944377
2026-02-17 11:00:00,259.17001,260.42999,258.73999,260.405,820088
2026-02-17 11:15:00,260.44,260.98001,260.0401,260.26501,812266
2026-02-17 11:30:00,260.255,260.88,259.92999,260.38,710012
2026-02-17 11:45:00,260.41,261.72989,260.17999,261.47,687052
2026-02-17 12:00:00,261.44501,262.23001,261.16,261.73999,913014
2026-02-17 12:15:00,261.73999,261.94,261.25,261.84991,826157
2026-02-17 12:30:00,261.85001,262.47,261.20999,261.22,770487
2026-02-17 12:45:00,261.20001,262.73999,260.91,262.285,1003196
2026-02-17 13:00:00,262.28,262.85001,262.070007,262.22,833835
2026-02-17 13:15:00,262.20001,263.67999,262.068512,263.39999,788264
2026-02-17 13:30:00,263.45999,265.10001,263.32001,264.97,1111518
2026-02-17 13:45:00,264.95499,266.10999,264.82999,265.81149,1400917
2026-02-17 14:00:00,265.79999,266.29001,265.49011,265.64001,938358
2026-02-17 14:15:00,265.67001,265.92999,265.19,265.285,713882
2026-02-17 14:30:00,265.26001,265.87,265.20001,265.85001,546525
2026-02-17 14:45:00,265.82001,266.1499,264.98999,265.19,854737
2026-02-17 15:00:00,265.20001,265.53989,264.76001,264.95001,624284
2026-02-17 15:15:00,264.94009,265.01001,264.020111,264.29001,800066
2026-02-17 15:30:00,264.29501,264.41,263.59,264.26999,924613
2026-02-17 15:45:00,264.28,264.53,262.5,263.75,3253591
2026-02-18 09:30:00,263.5,264.91,262.72,263.39499,4726577
2026-02-18 09:45:00,263.42001,264.56,262.45001,264.21021,1090094
2026-02-18 10:00:00,264.20999,265.10001,263.76999,264.54001,1062867
2026-02-18 10:15:00,264.57999,265.64999,264.51001,265.39819,918241
2026-02-18 10:30:00,265.39001,265.75,265.049988,265.67999,691804
2026-02-18 10:45:00,265.70001,265.95001,265.040009,265.16,618097
2026-02-18 11:00:00,265.15509,265.64999,265.10001,265.19501,533014
2026-02-18 11:15:00,265.20001,266.089996,265.16501,266.040009,529829
2026-02-18 11:30:00,266.024994,266.82001,265.92999,266.0,588112
2026-02-18 11:45:00,266.0,266.019989,265.17001,265.17001,501467
2026-02-18 12:00:00,265.20001,266.0,265.20001,265.4202,419023
2026-02-18 12:15:00,265.41,265.67099,265.32999,265.42001,332163
2026-02-18 12:30:00,265.41,265.54999,265.0,265.093994,360571
2026-02-18 12:45:00,265.12,265.64001,265.070007,265.26001,333002
2026-02-18 13:00:00,265.25,265.78,265.17999,265.715,338817
2026-02-18 13:15:00,265.73001,265.95999,265.31,265.3999,303028
2026-02-18 13:30:00,265.38,265.57901,264.82999,265.12,379856
2026-02-18 13:45:00,265.13,265.20001,264.73999,265.073608,306722
2026-02-18 14:00:00,265.081787,265.10001,264.63,264.64999,317585
2026-02-18 14:15:00,264.64499,264.89999,264.52301,264.57001,308398
2026-02-18 14:30:00,264.595,264.62991,263.7601,264.019287,382922
2026-02-18 14:45:00,264.01001,264.35001,263.57001,263.74341,390442
2026-02-18 15:00:00,263.79999,264.0,263.20999,263.60999,532556
2026-02-18 15:15:00,263.62961,263.85001,263.39001,263.73999,421553
2026-02-18 15:30:00,263.73999,264.22,263.73999,264.16,468267
2026-02-18 15:45:00,264.16,265.53,264.083008,264.32001,2636852
2026-02-19 09:30:00,262.60001,264.31909,262.29001,263.72,2343020
2026-02-19 09:45:00,263.72501,264.35001,263.29999,263.78,708817
2026-02-19 10:00:00,263.76999,264.14499,262.85001,262.965,766143
2026-02-19 10:15:00,262.98999,263.77679,262.77011,262.87,554747
2026-02-19 10:30:00,262.88,264.075012,262.7601,263.82001,465008
2026-02-19 10:45:00,263.81799,264.0,263.17001,263.82999,453568
2026-02-19 11:00:00,263.82999,263.91199,263.029999,263.72,356367
2026-02-19 11:15:00,263.72,264.48001,263.57001,263.62,451819
2026-02-19 11:30:00,263.67001,264.14001,263.32999,263.35999,468423
2026-02-19 11:45:00,263.34,263.5799,262.97,263.12,3076382
2026-02-19 12:00:00,263.17001,263.20001,262.69009,263.049988,478253
2026-02-19 12:15:00,263.049988,263.53,262.90009,262.94,352852
2026-02-19 12:30:00,262.89999,263.059998,262.60001,262.76001,265972
2026-02-19 12:45:00,262.78879,262.79999,261.995,262.079987,288749
2026-02-19 13:00:00,262.079987,262.29001,261.755,262.17999,350728
2026-02-19 13:15:00,262.20001,262.20001,261.42001,261.76999,332351
2026-02-19 13:30:00,261.73999,261.97501,261.51999,261.62,327617
2026-02-19 13:45:00,261.60999,262.3689,261.60501,262.34061,263341
2026-02-19 14:00:00,262.315,262.315,261.51999,261.70901,353622
2026-02-19 14:15:00,261.70001,262.0,261.5,261.54001,259239
2026-02-19 14:30:00,261.51001,261.67001,260.60001,260.76999,459675
2026-02-19 14:45:00,260.78,260.905,260.26999,260.41,4747017
2026-02-19 15:00:00,260.39999,261.17001,260.31,260.95001,582469
2026-02-19 15:15:00,260.94501,261.022705,260.59,260.76001,403569
2026-02-19 15:30:00,260.76001,260.90961,260.049988,260.39011,594912
2026-02-19 15:45:00,260.39499,261.29999,260.17001,260.51001,2361803
2026-02-20 09:30:00,258.95499,260.25,258.16,259.8989,3547086
2026-02-20 09:45:00,259.88,259.935,258.5,259.60001,975938
2026-02-20 10:00:00,259.715,262.35001,259.5,261.079987,1621383
2026-02-20 10:15:00,261.03009,261.68991,260.22,260.5705,823089
2026-02-20 10:30:00,260.54999,262.44321,260.27731,262.375,731328
2026-02-20 10:45:00,262.39999,263.26001,262.17001,262.54999,949379
2026-02-20 11:00:00,262.56,262.80301,262.14001,262.26001,700038
2026-02-20 11:15:00,262.29999,262.49799,261.39001,261.42999,579291
2026-02-20 11:30:00,261.42001,263.42001,261.23001,263.37009,974416
2026-02-20 11:45:00,263.37,264.75,263.29999,264.26999,918928
2026-02-20 12:00:00,264.29001,264.54501,262.67999,262.755,603104
2026-02-20 12:15:00,262.67999,262.67999,261.54001,262.29999,7614791
2026-02-20 12:30:00,262.2695,262.47,261.60999,262.16,458397
2026-02-20 12:45:00,262.12,263.12,261.85999,263.12,654710
2026-02-20 13:00:00,263.10001,263.73001,263.039612,263.66,482348
2026-02-20 13:15:00,263.67001,263.92999,263.2225,263.60999,418733
2026-02-20 13:30:00,263.57501,264.70999,263.16,264.28,732680
2026-02-20 13:45:00,264.2843,264.73001,263.76999,264.23001,421187
2026-02-20 14:00:00,264.23499,264.42999,263.81009,263.8801,323211
2026-02-20 14:15:00,263.89999,264.48001,263.72,264.42999,310265
2026-02-20 14:30:00,264.44,264.70999,263.89221,263.90021,447949
2026-02-20 14:45:00,263.91,264.31,263.60001,264.17599,394435
2026-02-20 15:00:00,264.17999,264.70999,264.10001,264.60999,471411
2026-02-20 15:15:00,264.625,264.65009,263.285,263.33011,573652
2026-02-20 15:30:00,263.345,263.66,263.089996,263.65991,538534
2026-02-20 15:45:00,263.63,264.745,263.6001,264.59,13001830
2026-02-23 09:30:00,263.48999,266.85989,263.38101,264.39511,3028007
2026-02-23 09:45:00,264.44,265.13,264.20001,264.92001,2781853
2026-02-23 10:00:00,264.91,266.070007,264.56812,265.43011,5145633
2026-02-23 10:15:00,265.5,267.73999,265.29001,267.049988,8809827
2026-02-23 10:30:00,267.089996,267.52991,266.63,266.7851,5442103
2026-02-23 10:45:00,266.79999,267.28,266.57999,266.79501,14046482
2026-02-23 11:00:00,266.845,266.87,264.75,264.85001,12893506
2026-02-23 11:15:00,264.8399,266.69,264.81,266.59,14036505
2026-02-23 11:30:00,266.57001,266.70999,266.17001,266.60999,18531814
2026-02-23 11:45:00,266.64999,266.85001,265.84,266.065002,8138075
2026-02-23 12:00:00,266.059998,266.884,265.97,266.48499,12369548
2026-02-23 12:15:00,266.53,267.34589,266.35999,267.12979,8787442
2026-02-23 12:30:00,267.10699,268.040009,266.86121,267.78,667319
2026-02-23 12:45:00,267.79001,268.28439,267.41,268.14999,14633198
2026-02-23 13:00:00,268.14001,268.9299,268.059998,268.85001,5473513
2026-02-23 13:15:00,268.83499,269.37,268.7901,269.33499,16648727
2026-02-23 13:30:00,269.34,269.42999,268.89999,269.0010071,22960652
2026-02-23 13:45:00,269.01001,269.10001,268.01001,268.070007,566283
2026-02-23 14:00:00,268.089996,268.13501,267.64001,267.72,13331111
2026-02-23 14:15:00,267.72,267.8699,267.25,267.29999,7029112
2026-02-23 14:30:00,267.27011,267.32999,266.53,266.64001,14288654
2026-02-23 14:45:00,266.64001,266.92999,266.44,266.63,14294145
2026-02-23 15:00:00,266.63,266.75699,266.28,266.69,7528489
2026-02-23 15:15:00,266.67499,267.019989,266.48001,266.78,7995749
2026-02-23 15:30:00,266.81,267.049988,266.42001,266.70999,8051716
2026-02-23 15:45:00,266.72,267.20001,265.98999,266.39001,1828373
2026-02-24 09:30:00,268.0,274.23999,267.73999,274.19501,5399153
2026-02-24 09:45:00,274.20001,274.89001,273.63,274.059998,11629666
2026-02-24 10:00:00,274.045013,274.67001,272.92999,272.97,9345794
2026-02-24 10:15:00,273.01001,274.059998,272.70001,273.67001,7500116
2026-02-24 10:30:00,273.67999,274.29999,272.35999,274.125,19768065
2026-02-24 10:45:00,274.11499,274.4299,273.85001,273.94989,8909323
2026-02-24 11:00:00,273.935,274.82001,273.43011,274.45001,5527143
2026-02-24 11:15:00,274.44,274.655,273.14001,273.22,17992181
2026-02-24 11:30:00,273.22501,273.23999,272.47589,272.6199,19198213
2026-02-24 11:45:00,272.60999,273.17999,272.4201,272.51999,19807455
2026-02-24 12:00:00,272.45001,272.87,271.98999,272.418,14193667
2026-02-24 12:15:00,272.39999,272.74991,272.16501,272.51001,7481896
2026-02-24 12:30:00,272.48999,272.5,271.82001,271.94,404886
2026-02-24 12:45:00,271.92999,272.79001,271.89001,272.29001,405629
2026-02-24 13:00:00,272.29999,272.67999,272.059998,272.22,23534697
2026-02-24 13:15:00,272.21411,272.21411,271.595,271.595,8700132
2026-02-24 13:30:00,271.60001,272.37,271.37,272.35001,17312297
2026-02-24 13:45:00,272.35501,272.54999,271.95001,271.95999,9116336
2026-02-24 14:00:00,271.95499,272.26999,271.78,271.9501,26805582
2026-02-24 14:15:00,271.98001,272.33499,271.73999,272.29001,450846
2026-02-24 14:30:00,272.28,272.54001,271.91,272.51001,18460590
2026-02-24 14:45:00,272.53,272.72,272.25,272.633,9770325
2026-02-24 15:00:00,272.64999,272.67001,271.53,271.66,483248
2026-02-24 15:15:00,271.67001,272.20499,271.38,271.90991,688390
2026-02-24 15:30:00,271.91,272.20001,271.48001,272.125,534658
2026-02-24 15:45:00,272.10999,272.4299,271.97,272.17001,12793748
2026-02-25 09:30:00,271.67999,272.63,271.049988,272.23001,4501149
2026-02-25 09:45:00,272.29999,274.0,272.29001,273.935,3547565
2026-02-25 10:00:00,273.94,274.079987,272.34,272.965,7248423
2026-02-25 10:15:00,272.9899,273.64001,272.67001,273.63,6011243
2026-02-25 10:30:00,273.63,273.95999,273.14999,273.39999,4802700
2026-02-25 10:45:00,273.42001,273.66,272.92001,273.5401,9467551
2026-02-25 11:00:00,273.54001,274.5899,273.53,274.23001,13265713
2026-02-25 11:15:00,274.19,274.401,273.84009,273.965,14350452
2026-02-25 11:30:00,273.91501,274.069885,272.95999,273.35001,15396245
2026-02-25 11:45:00,273.38101,273.61499,273.089996,273.41501,6698324
2026-02-25 12:00:00,273.39999,273.84,273.20999,273.785,10251453
2026-02-25 12:15:00,273.75,273.95999,273.5,273.60999,3854166
2026-02-25 12:30:00,273.60999,274.39999,273.42001,274.34,411373
2026-02-25 12:45:00,274.34,274.42999,274.029999,274.215,4060573
2026-02-25 13:00:00,274.22501,274.35001,273.95999,274.019989,4173896
2026-02-25 13:15:00,274.049988,274.63,274.01001,274.35001,8388439
2026-02-25 13:30:00,274.32999,274.59,274.22,274.5,12688345
2026-02-25 13:45:00,274.51001,274.75,274.32001,274.60999,4619990
2026-02-25 14:00:00,274.62,274.94,274.37,274.82999,9295350
2026-02-25 14:15:00,274.82999,274.92999,274.17999,274.41,9654051
2026-02-25 14:30:00,274.41,274.54001,274.19,274.23999,9828437
2026-02-25 14:45:00,274.22,274.22,273.26001,273.29001,448483
2026-02-25 15:00:00,273.26001,273.85999,273.20999,273.78,506828
2026-02-25 15:15:00,273.78989,273.931,273.42001,273.75,11066074
2026-02-25 15:30:00,273.72,274.22,273.625,273.97009,567012
2026-02-25 15:45:00,273.97,274.72,273.95999,274.17999,1855711
2026-02-26 09:30:00,274.95499,276.10999,273.20001,274.51001,4264828
2026-02-26 09:45:00,274.53,275.019989,273.45001,273.875,5116364
2026-02-26 10:00:00,273.89001,274.14999,272.5,272.55991,6098070
2026-02-26 10:15:00,272.5,272.67001,270.84,272.0,5253672
2026-02-26 10:30:00,271.92001,272.14011,271.079987,271.42999,8829180
2026-02-26 10:45:00,271.47,271.79999,270.81,270.97,10037365
2026-02-26 11:00:00,270.995,272.16,270.79501,272.16,7225197
2026-02-26 11:15:00,272.155,272.7851,271.94,272.54001,11361791
2026-02-26 11:30:00,272.53,272.73001,271.64001,272.080109,11941366
2026-02-26 11:45:00,272.070007,272.42499,271.5127,271.935,16523747
2026-02-26 12:00:00,271.94,272.19131,271.67001,271.81,12846650
2026-02-26 12:15:00,271.82501,271.89001,271.54001,271.76001,13159287
2026-02-26 12:30:00,271.755,272.024994,271.29001,271.457,4655547
2026-02-26 12:45:00,271.42999,271.42999,270.94299,271.19,9386390
2026-02-26 13:00:00,271.17001,271.48999,270.91,271.42001,9776158
2026-02-26 13:15:00,271.42001,271.79999,271.26001,271.39001,293534
2026-02-26 13:30:00,271.41,271.89001,270.853,271.75,11091636
2026-02-26 13:45:00,271.77649,272.19,271.64001,272.17499,6265406
2026-02-26 14:00:00,272.16,272.16,271.22,271.98999,13268142
2026-02-26 14:15:00,271.98999,272.94,271.98999,272.79999,19960952
2026-02-26 14:30:00,272.80499,273.22,272.73999,273.19,14005442
2026-02-26 14:45:00,273.2099,273.5,272.95001,273.019989,7443615
2026-02-26 15:00:00,273.01001,273.39999,272.79001,272.91,7551206
2026-02-26 15:15:00,272.89001,273.01001,272.57999,272.63,14969414
2026-02-26 15:30:00,272.64499,272.98001,272.51001,272.79001,8037580
2026-02-26 15:45:00,272.82001,273.070007,272.20001,272.98999,1388143
2026-02-27 09:30:00,272.81,272.81,268.87,268.97501,4445523
2026-02-27 09:45:00,268.93011,271.29999,268.76001,270.64001,3968112
2026-02-27 10:00:00,270.715,271.39999,269.45999,269.51999,6084184
2026-02-27 10:15:00,269.53,269.85001,268.29999,268.505,9309134
2026-02-27 10:30:00,268.47009,268.97989,268.19199,268.70499,3929608
2026-02-27 10:45:00,268.69,269.13251,268.38,268.89999,11275200
2026-02-27 11:00:00,268.88,269.64001,268.23001,268.41501,8335226
2026-02-27 11:15:00,268.42001,269.13,268.23001,269.054993,17299546
2026-02-27 11:30:00,269.070007,269.51999,268.82181,268.82999,18456230
2026-02-27 11:45:00,268.85501,269.39999,268.56,268.61499,19235845
2026-02-27 12:00:00,268.6225,269.20001,267.935,267.9686,10136895
2026-02-27 12:15:00,267.91,268.01001,267.26999,267.88419,5685855
2026-02-27 12:30:00,267.87,268.26001,267.34061,267.39001,11553392
2026-02-27 12:45:00,267.375,267.44501,266.85339,267.10001,6236021
2026-02-27 13:00:00,267.089996,267.4599,266.465,266.465,12514062
2026-02-27 13:15:00,266.465,266.52991,265.88,265.95081,19042358
2026-02-27 13:30:00,265.95001,266.3125,265.87009,266.01001,464714
2026-02-27 13:45:00,266.01001,266.315,265.85001,266.14999,13568122
2026-02-27 14:00:00,266.19501,266.48001,265.66,266.13501,7500312
2026-02-27 14:15:00,266.16,266.42499,265.4801,265.73001,500202
2026-02-27 14:30:00,265.73001,266.22,265.26999,265.39999,8214007
2026-02-27 14:45:00,265.42001,265.63,265.26001,265.35001,15927116
2026-02-27 15:00:00,265.39001,266.45001,265.28,266.45001,656730
2026-02-27 15:15:00,266.45999,266.89999,266.45001,266.64001,9273298
2026-02-27 15:30:00,266.63,266.63,264.84,264.86499,10772664
2026-02-27 15:45:00,264.85999,265.69,262.89001,264.17001,18091318
2026-03-02 09:30:00,262.44,263.32001,260.20001,262.815,4555355
2026-03-02 09:45:00,262.89001,263.38199,262.23001,263.14999,1078988
2026-03-02 10:00:00,263.12,264.17999,262.66,263.82001,4217165
2026-03-02 10:15:00,263.82001,264.53989,263.0,263.81,8972562
2026-03-02 10:30:00,263.82001,264.59,263.70001,263.82999,7432222
2026-03-02 10:45:00,263.81,263.96799,262.0,262.72,5739553
2026-03-02 11:00:00,262.70999,264.98001,262.60001,264.78,9231151
2026-03-02 11:15:00,264.88,265.029999,264.049988,264.35999,12982719
2026-03-02 11:30:00,264.35999,265.68799,264.0,265.63,10625625
2026-03-02 11:45:00,265.65091,265.94839,265.32501,265.85501,4180032
2026-03-02 12:00:00,265.87,266.15469,265.51501,265.85999,15424977
2026-03-02 12:15:00,265.94,266.20001,265.785,266.0,474181
2026-03-02 12:30:00,265.995,266.17001,265.5,265.94,4419692
2026-03-02 12:45:00,265.98999,266.12,265.44,266.10001,504553
2026-03-02 13:00:00,266.12,266.29001,265.54001,265.81,4893355
2026-03-02 13:15:00,265.81009,265.82999,265.25,265.5,9381924
2026-03-02 13:30:00,265.52802,265.55011,264.82999,265.01001,9773889
2026-03-02 13:45:00,265.01001,265.01001,264.35999,264.62,9985075
2026-03-02 14:00:00,264.60001,265.82999,264.4061,265.73999,5369527
2026-03-02 14:15:00,265.73999,266.14999,265.70999,266.059998,15878663
2026-03-02 14:30:00,266.045013,266.53,265.82999,266.13,11132688
2026-03-02 14:45:00,266.12,266.4899,265.73999,265.78,571467
2026-03-02 15:00:00,265.79001,265.95001,264.29001,264.44,12219178
2026-03-02 15:15:00,264.42999,265.0,264.14001,264.31,868180
2026-03-02 15:30:00,264.315,264.64999,263.76999,264.20239,1053093
2026-03-02 15:45:00,264.17999,265.54999,263.60999,264.60001,4685488
2026-03-03 09:30:00,263.48001,265.56,261.22,262.965,3893591
2026-03-03 09:45:00,263.049988,263.73071,262.024994,262.32001,1354513
2026-03-03 10:00:00,262.29001,264.75989,262.029999,264.13,1543333
2026-03-03 10:15:00,264.10001,264.48999,262.16,262.26001,1256121
2026-03-03 10:30:00,262.28,263.94,262.28,262.91,1203078
2026-03-03 10:45:00,262.935,263.29001,261.91,262.42001,895095
2026-03-03 11:00:00,262.39999,263.17001,262.2001,262.82501,963206
2026-03-03 11:15:00,262.80301,263.28,262.10999,262.57001,955466
2026-03-03 11:30:00,262.48001,263.39001,262.17999,262.98001,787373
2026-03-03 11:45:00,262.97,263.78,262.31,262.60999,752167
2026-03-03 12:00:00,262.67001,262.935,262.14999,262.54001,742460
2026-03-03 12:15:00,262.54001,262.67999,261.57999,261.81,658122
2026-03-03 12:30:00,261.79999,261.80499,260.13,261.41501,986879
2026-03-03 12:45:00,261.38,261.45999,260.62,260.73001,681675
2026-03-03 13:00:00,260.78,261.26801,260.5,260.64001,580531
2026-03-03 13:15:00,260.64099,261.87,260.60999,261.48001,652222
2026-03-03 13:30:00,261.44,262.54999,261.37,262.28,744380
2026-03-03 13:45:00,262.28,263.10001,262.089996,262.39999,628771
2026-03-03 14:00:00,262.4303,263.47501,262.23999,263.42001,920984
2026-03-03 14:15:00,263.47,263.91,263.3429,263.655,623383
2026-03-03 14:30:00,263.67001,264.61499,263.35001,264.29001,892638
2026-03-03 14:45:00,264.31,264.48999,263.049988,263.2601,545497
2026-03-03 15:00:00,263.31,263.49939,262.72,262.92999,567998
2026-03-03 15:15:00,262.94501,263.36981,262.51001,263.28,565244
2026-03-03 15:30:00,263.23999,263.77979,263.084991,263.27499,865298
2026-03-03 15:45:00,263.25,263.95999,262.34,263.689,3273163
2026-03-04 09:30:00,264.64999,266.14999,262.14001,262.29999,3310514
2026-03-04 09:45:00,262.16,262.95999,261.42001,262.5,1425158
2026-03-04 10:00:00,262.51999,263.19,261.70999,262.89999,1329567
2026-03-04 10:15:00,262.86011,264.32999,262.81,264.13,1149615
2026-03-04 10:30:00,264.125,264.5759,263.72,263.73001,951629
2026-03-04 10:45:00,263.72,264.079987,262.815,264.056213,853244
2026-03-04 11:00:00,264.065002,264.42999,263.41989,263.51001,882776
2026-03-04 11:15:00,263.54001,264.72,263.37,264.53,888562
2026-03-04 11:30:00,264.51999,265.48999,264.29999,265.32999,839682
2026-03-04 11:45:00,265.32001,265.51001,264.73001,264.73001,734730
2026-03-04 12:00:00,264.76001,265.41,264.67999,265.26999,782303
2026-03-04 12:15:00,265.26999,265.41,264.89001,264.89999,694127
2026-03-04 12:30:00,264.91,264.91,264.1825,264.67999,527673
2026-03-04 12:45:00,264.66971,265.35999,264.60001,264.62,534585
2026-03-04 13:00:00,264.60001,264.79001,263.82001,264.015015,979700
2026-03-04 13:15:00,264.0,264.040009,263.34,263.78,785345
2026-03-04 13:30:00,263.79999,264.19501,263.61011,263.66,651894
2026-03-04 13:45:00,263.67001,263.84,263.059998,263.26001,543010
2026-03-04 14:00:00,263.26001,263.62991,263.23001,263.45999,624490
2026-03-04 14:15:00,263.47,263.63,263.10999,263.35001,1069615
2026-03-04 14:30:00,263.34,263.67999,263.15009,263.20999,715918
2026-03-04 14:45:00,263.28,263.42001,263.019989,263.22,820912
2026-03-04 15:00:00,263.23001,263.45001,262.79999,262.875,917199
2026-03-04 15:15:00,262.85999,262.89999,262.059906,262.73001,929603
2026-03-04 15:30:00,262.70999,262.85001,262.34,262.3457,846826
2026-03-04 15:45:00,262.34,263.16,262.16461,262.45001,3990810
2026-03-05 09:30:00,260.745,261.45001,259.16,259.3399,5107923
2026-03-05 09:45:00,259.34,260.029999,258.85999,259.94,1959747
2026-03-05 10:00:00,259.91,260.28448,258.57999,259.62,1932288
2026-03-05 10:15:00,259.62,259.67001,258.54001,258.87,1468789
2026-03-05 10:30:00,258.91,260.35001,258.075012,260.15131,1488979
2026-03-05 10:45:00,260.16,261.22501,259.82001,261.0,1276908
2026-03-05 11:00:00,261.015015,261.040009,259.57001,259.64999,1252482
2026-03-05 11:15:00,259.64001,260.89001,259.5,260.755,832703
2026-03-05 11:30:00,260.76001,261.5,260.41501,260.76001,1130036
2026-03-05 11:45:00,260.78,261.29999,260.32001,260.69,973623
2026-03-05 12:00:00,260.70001,261.55499,260.059998,260.31,801593
2026-03-05 12:15:00,260.34,260.34,258.97,259.019989,1028102
2026-03-05 12:30:00,259.040009,259.37,258.54999,258.82999,1005838
2026-03-05 12:45:00,258.81,259.35999,258.495,258.72,981804
2026-03-05 13:00:00,258.72,259.42001,258.69,259.32501,737070
2026-03-05 13:15:00,259.32999,259.48999,258.71991,258.90909,701577
2026-03-05 13:30:00,258.92001,259.17999,258.66501,259.14001,815485
2026-03-05 13:45:00,259.16,259.17999,257.85001,258.22,1050756
2026-03-05 14:00:00,258.1861,258.55991,258.12,258.26001,770829
2026-03-05 14:15:00,258.26999,258.41,257.76001,257.85999,719419
2026-03-05 14:30:00,257.845,258.32999,257.25,258.32001,917938
2026-03-05 14:45:00,258.32999,258.41,257.56,257.77499,685357
2026-03-05 15:00:00,257.76999,258.76999,257.39999,258.7225,1116873
2026-03-05 15:15:00,258.72,259.48999,258.35001,258.69,1318215
2026-03-05 15:30:00,258.67999,259.17999,258.41,258.60999,1098536
2026-03-05 15:45:00,258.60999,260.56,258.495,260.26001,5923978
2026-03-06 09:30:00,258.73999,258.76001,254.37,255.50999,4275338
2026-03-06 09:45:00,255.4937,256.23999,254.72,255.89999,1701880
2026-03-06 10:00:00,255.89,256.69,255.2,256.56171,1742119
2026-03-06 10:15:00,256.59,257.069794,256.2001,256.70001,845732
2026-03-06 10:30:00,256.69501,257.26001,256.60999,256.85501,1211372
2026-03-06 10:45:00,256.86981,257.57001,256.079987,257.51001,759151
2026-03-06 11:00:00,257.51999,257.95001,257.05069,257.19,695111
2026-03-06 11:15:00,257.1778,257.64499,256.9017,257.25,604933
2026-03-06 11:30:00,257.29999,257.3992,256.44,256.68359,1264290
2026-03-06 11:45:00,256.72,257.48999,256.62,256.77011,686717
2026-03-06 12:00:00,256.79999,257.25,256.39001,256.71509,658455
2026-03-06 12:15:00,256.70001,257.1199,256.46011,256.76999,688178
2026-03-06 12:30:00,256.76999,257.079987,256.059998,256.27499,712340
2026-03-06 12:45:00,256.28,257.20999,256.28,256.35999,486566
2026-03-06 13:00:00,256.35831,257.59,256.31,257.57001,586638
2026-03-06 13:15:00,257.53,257.54999,256.35999,256.47501,602216
2026-03-06 13:30:00,256.47501,256.67441,256.079987,256.23441,610361
2026-03-06 13:45:00,256.23499,256.51001,255.91,256.33121,482967
2026-03-06 14:00:00,256.39001,257.0,256.32001,256.89001,426903
2026-03-06 14:15:00,256.88,257.23001,256.44,257.17999,570031
2026-03-06 14:30:00,257.17001,257.45001,256.80051,256.98999,457838
2026-03-06 14:45:00,256.98999,257.67999,256.8501,257.59,577721
2026-03-06 15:00:00,257.595,257.83011,257.14001,257.70001,736335
2026-03-06 15:15:00,257.69,257.96991,256.8111,256.91,1023583
2026-03-06 15:30:00,256.92001,257.28,256.44,256.57001,1274904
2026-03-06 15:45:00,256.57001,258.01001,256.54999,257.44,3854519
2026-03-09 09:30:00,255.69,257.019897,253.6805,254.96001,3695908
2026-03-09 09:45:00,254.95,256.37,254.63,255.71001,1318472
2026-03-09 10:00:00,255.655,256.59991,255.58,256.12,1179618
2026-03-09 10:15:00,256.14001,256.92001,255.50011,255.71001,987499
2026-03-09 10:30:00,255.66,257.070007,255.63,257.070007,1095237
2026-03-09 10:45:00,257.059998,257.88,256.98999,257.34,1094512
2026-03-09 11:00:00,257.32001,257.51999,256.92999,257.26001,816868
2026-03-09 11:15:00,257.26001,257.79001,257.18991,257.73001,720785
2026-03-09 11:30:00,257.72,257.92999,257.14999,257.41,820508
2026-03-09 11:45:00,257.41501,258.17999,257.31,257.44501,895461
2026-03-09 12:00:00,257.45999,258.10001,257.15009,257.75,709698
2026-03-09 12:15:00,257.76001,258.26999,257.31,257.57001,624830
2026-03-09 12:30:00,257.57999,257.98999,257.17999,257.73999,565526
2026-03-09 12:45:00,257.72501,258.089996,257.56,257.72501,636916
2026-03-09 13:00:00,257.76999,257.76999,257.20001,257.245,561356
2026-03-09 13:15:00,257.25,257.35001,256.54001,256.63,637294
2026-03-09 13:30:00,256.64999,256.73999,255.95,256.31,648601
2026-03-09 13:45:00,256.32001,256.47989,256.065002,256.12,570834
2026-03-09 14:00:00,256.13,256.875,256.1076,256.82001,964875
2026-03-09 14:15:00,256.85001,257.36499,256.75,257.14999,504549
2026-03-09 14:30:00,257.13171,257.79999,256.51999,257.50339,942072
2026-03-09 14:45:00,257.51501,257.785,257.39999,257.45099,524038
2026-03-09 15:00:00,257.45001,257.60501,257.040009,257.21011,796061
2026-03-09 15:15:00,257.20999,259.57001,257.14999,259.48001,1843819
2026-03-09 15:30:00,259.45999,261.14999,259.01001,260.019989,1950190
2026-03-09 15:45:00,260.0,260.31,259.47,259.89001,2871350
2026-03-10 09:30:00,257.69501,259.9184,256.95001,258.92001,2678705
2026-03-10 09:45:00,258.935,259.040009,257.70001,257.965,895969
2026-03-10 10:00:00,257.94,259.28,257.54999,259.13,826016
2026-03-10 10:15:00,259.11499,260.25,258.60999,259.97,889861
2026-03-10 10:30:00,259.94009,261.26001,259.91501,261.079987,874368
2026-03-10 10:45:00,261.10001,261.53,260.82501,261.32999,675468
2026-03-10 11:00:00,261.30499,261.78,261.049988,261.22,958802
2026-03-10 11:15:00,261.245,261.63,261.089996,261.31,522792
2026-03-10 11:30:00,261.29999,261.60999,261.070007,261.35999,563403
2026-03-10 11:45:00,261.36499,261.54999,261.0,261.51001,411989
2026-03-10 12:00:00,261.5,261.67001,261.17001,261.38,647507
2026-03-10 12:15:00,261.35999,261.98001,261.10999,261.87,757334
2026-03-10 12:30:00,261.89001,261.95999,261.19501,261.38,698682
2026-03-10 12:45:00,261.37,261.38,260.82001,261.155,494209
2026-03-10 13:00:00,261.17001,261.95999,261.10999,261.85999,576635
2026-03-10 13:15:00,261.82999,262.48001,261.69,262.20001,833686
2026-03-10 13:30:00,262.19,262.20999,261.28,261.91,769522
2026-03-10 13:45:00,261.95001,262.48001,261.81,262.26001,562275
2026-03-10 14:00:00,262.28,262.3732,261.0,261.029999,604548
2026-03-10 14:15:00,261.040009,261.91,260.47,261.67001,1064682
2026-03-10 14:30:00,261.70001,261.97,261.18011,261.29001,601319
2026-03-10 14:45:00,261.26999,261.76001,261.155,261.32501,522003
2026-03-10 15:00:00,261.35999,261.54001,260.95999,261.39001,527556
2026-03-10 15:15:00,261.405,261.60001,260.42999,260.505,726146
2026-03-10 15:30:00,260.47,261.20001,260.3501,260.97,1064169
2026-03-10 15:45:00,260.97,261.20001,260.5,260.72,2166991
2026-03-11 09:30:00,261.20999,262.019989,260.20999,261.35501,1495992
2026-03-11 09:45:00,261.31,261.73001,260.57001,261.26001,910723
2026-03-11 10:00:00,261.28,262.13,260.7254,260.8681,978791
2026-03-11 10:15:00,260.85999,261.089996,259.54999,259.995,895517
2026-03-11 10:30:00,260.0,260.50949,259.85999,260.41,690747
2026-03-11 10:45:00,260.4122,260.82999,260.28,260.72,615975
2026-03-11 11:00:00,260.75,260.95999,259.95001,260.39001,681840
2026-03-11 11:15:00,260.39999,260.92001,260.089996,260.10001,617215
2026-03-11 11:30:00,260.12,260.57999,259.85001,260.26999,572966
2026-03-11 11:45:00,260.22,260.86801,260.070007,260.63,560261
2026-03-11 12:00:00,260.64999,260.69,260.14001,260.4101,398000
2026-03-11 12:15:00,260.42999,260.73001,260.2001,260.64499,423520
2026-03-11 12:30:00,260.62,261.20001,260.62,260.72,422964
2026-03-11 12:45:00,260.67999,260.78,260.51001,260.67999,318952
2026-03-11 13:00:00,260.67999,260.85001,260.5,260.60001,417701
2026-03-11 13:15:00,260.60001,261.14001,260.56,261.025085,358285
2026-03-11 13:30:00,261.040009,261.13,259.63,260.17001,684176
2026-03-11 13:45:00,260.20001,260.75,260.01001,260.505,380596
2026-03-11 14:00:00,260.48001,260.60001,259.82001,259.98999,406700
2026-03-11 14:15:00,260.0,260.29001,259.76999,260.10999,374214
2026-03-11 14:30:00,260.10001,260.315,259.85001,259.98001,438118
2026-03-11 14:45:00,259.98221,260.39999,259.95999,260.17999,362585
2026-03-11 15:00:00,260.19,260.30789,259.81,260.0,435097
2026-03-11 15:15:00,259.98999,260.27499,259.89999,260.13171,371062
2026-03-11 15:30:00,260.14001,260.53,260.040009,260.23999,626329
2026-03-11 15:45:00,260.25,261.10001,260.070007,260.81,2608673
2026-03-12 09:30:00,258.64001,258.95001,256.76999,256.95001,2844149
2026-03-12 09:45:00,256.9599,257.019989,255.34,255.47,1814801
2026-03-12 10:00:00,255.44,256.39001,255.42,255.9801,1218939
2026-03-12 10:15:00,256.0,256.070007,254.67,254.67,1372443
2026-03-12 10:30:00,254.66,255.42999,254.35001,255.35001,1123794
2026-03-12 10:45:00,255.33,255.78999,254.83,254.89999,945286
2026-03-12 11:00:00,254.89999,255.31,254.49001,255.28011,816479
2026-03-12 11:15:00,255.30499,255.645,254.74001,255.355,1088851
2026-03-12 11:30:00,255.33,255.64999,254.17999,255.575,1222062
2026-03-12 11:45:00,255.58,255.64301,254.895,255.13,672805
2026-03-12 12:00:00,255.11501,255.73,254.98,255.66,880590
2026-03-12 12:15:00,255.7,256.25,255.38499,255.65781,904093
2026-03-12 12:30:00,255.63,255.95,255.45,255.71001,874745
2026-03-12 12:45:00,255.71001,255.71001,254.84,255.235,754639
2026-03-12 13:00:00,255.24001,255.70399,255.070007,255.10001,783215
2026-03-12 13:15:00,255.039993,255.47,254.77,255.050003,691838
2026-03-12 13:30:00,255.0401,255.41,254.92999,254.98,551015
2026-03-12 13:45:00,254.97,255.36,254.81,255.33,648042
2026-03-12 14:00:00,255.334,255.595,255.12,255.455,697383
2026-03-12 14:15:00,255.49001,255.67999,255.23,255.395,850102
2026-03-12 14:30:00,255.37,255.4702,254.89,255.149,609429
2026-03-12 14:45:00,255.13,255.41,254.91,255.17999,511271
2026-03-12 15:00:00,255.17999,255.7,255.080002,255.67999,729910
2026-03-12 15:15:00,255.67999,256.25,255.64,256.089996,1312132
2026-03-12 15:30:00,256.099915,256.20511,255.2401,255.32001,918573
2026-03-12 15:45:00,255.33,255.88,254.97,255.75,3613950
2026-03-13 09:30:00,255.39999,256.23001,254.84,255.77,2353319
2026-03-13 09:45:00,255.77,256.32999,255.5,255.81,982042
2026-03-13 10:00:00,255.83,255.94,254.98,255.2,1219557
2026-03-13 10:15:00,255.2,255.55,254.6407,255.425,897850
2026-03-13 10:30:00,255.42999,255.81,254.0,254.33,915467
2026-03-13 10:45:00,254.33,254.575,253.69,253.84,829026
2026-03-13 11:00:00,253.85001,254.39,253.52,254.25,809227
2026-03-13 11:15:00,254.255,254.27499,253.27,253.3007,726772
2026-03-13 11:30:00,253.33,253.50999,252.25,252.3602,948189
2026-03-13 11:45:00,252.3699,252.89999,251.85001,252.10001,1168844
2026-03-13 12:00:00,252.12,252.9478,252.063995,252.42,721966
2026-03-13 12:15:00,252.42999,252.78,252.25,252.655,556164
2026-03-13 12:30:00,252.64,252.97,251.65981,251.71989,980875
2026-03-13 12:45:00,251.71001,252.24989,251.38,251.42,1045611
2026-03-13 13:00:00,251.42999,251.795,250.96001,251.63,1172365
2026-03-13 13:15:00,251.63,251.92999,250.97,251.17999,1144361
2026-03-13 13:30:00,251.185,251.60001,250.89999,251.495,740873
2026-03-13 13:45:00,251.495,251.6575,251.059998,251.28011,527647
2026-03-13 14:00:00,251.28999,251.44,250.83,250.94,658601
2026-03-13 14:15:00,250.92999,251.28999,250.7793,251.26401,566616
2026-03-13 14:30:00,251.25999,251.845,251.22,251.77,622375
2026-03-13 14:45:00,251.77991,251.80499,251.1003,251.11,581540
2026-03-13 15:00:00,251.089996,251.17999,250.55,250.925,1012598
2026-03-13 15:15:00,250.92999,251.029907,250.21001,250.295,1079681
2026-03-13 15:30:00,250.28,250.50999,249.86,250.039993,1503721
2026-03-13 15:45:00,250.029999,250.62,249.52,250.11501,4863753
2026-03-16 09:30:00,252.105,252.31,249.91,251.56,3600335
2026-03-16 09:45:00,251.61,253.21001,251.61,253.080002,1052853
2026-03-16 10:00:00,253.089996,253.13,252.47,252.74001,7160867
2026-03-16 10:15:00,252.71001,253.59,252.61,253.23579,4492954
2026-03-16 10:30:00,253.22,253.8,253.0,253.13,7588110
2026-03-16 10:45:00,253.12,253.75101,253.070007,253.63,3323948
2026-03-16 11:00:00,253.62,253.88499,253.34,253.71001,6902559
2026-03-16 11:15:00,253.7,253.74001,252.92,253.014999,11297218
2026-03-16 11:30:00,253.0099945,253.48,252.985,253.205,11616530
2026-03-16 11:45:00,253.19,253.53999,252.925,252.955,8336185
2026-03-16 12:00:00,252.9525,253.28999,252.8,253.054993,566906
2026-03-16 12:15:00,253.044998,253.2,252.2001,252.36501,4907451
2026-03-16 12:30:00,252.35001,252.87,252.2,252.718,388980
2026-03-16 12:45:00,252.7,252.85001,252.48,252.57001,9982227
2026-03-16 13:00:00,252.58,253.33,252.53,253.175,10524004
2026-03-16 13:15:00,253.19,253.2,252.82001,252.92999,5459188
2026-03-16 13:30:00,252.94,253.059998,252.36,252.39011,5720826
2026-03-16 13:45:00,252.39999,252.72,252.16,252.17,5915189
2026-03-16 14:00:00,252.21989,252.50999,252.16,252.2,11948223
2026-03-16 14:15:00,252.22479,252.92,252.13,252.92,507504
2026-03-16 14:30:00,252.922,253.132,252.82001,252.97501,12551953
2026-03-16 14:45:00,252.97501,253.0016022,252.61,252.74001,19118423
2026-03-16 15:00:00,252.74001,253.44,252.52,252.67,655282
2026-03-16 15:15:00,252.67999,252.98,252.27,252.862,598504
2026-03-16 15:30:00,252.84,253.059998,252.17999,252.375,15000409
2026-03-16 15:45:00,252.37,252.97,252.11,252.78,1610498
2026-03-17 09:30:00,253.078506,254.42,252.17999,254.22,3225472
2026-03-17 09:45:00,254.215,255.074997,254.185,254.7,3165108
2026-03-17 10:00:00,254.69,254.78,254.080002,254.14999,5097180
2026-03-17 10:15:00,254.14999,254.47,253.78999,254.44,4597798
2026-03-17 10:30:00,254.48,254.95,254.27,254.56,3624927
2026-03-17 10:45:00,254.545,254.69,254.25999,254.3988,5699592
2026-03-17 11:00:00,254.38,254.59,253.8008,254.17999,8124389
2026-03-17 11:15:00,254.19,254.47,254.020004,254.17,6672824
2026-03-17 11:30:00,254.14999,254.325,253.66,254.255,9527705
2026-03-17 11:45:00,254.23,254.685,254.22,254.4388,353108
2026-03-17 12:00:00,254.44,254.89,254.21001,254.56,5542598
2026-03-17 12:15:00,254.5804,255.1299,254.52,254.86,6115052
2026-03-17 12:30:00,254.87,255.029999,254.36,254.5488,348494
2026-03-17 12:45:00,254.53999,254.7,254.059998,254.087997,6749450
2026-03-17 13:00:00,254.089996,254.31,253.8,253.9299,11818735
2026-03-17 13:15:00,253.91,253.94,253.56,253.92,9056652
2026-03-17 13:30:00,253.91,254.32001,253.88499,254.22,14323912
2026-03-17 13:45:00,254.25259,254.605,254.095001,254.504,9855524
2026-03-17 14:00:00,254.50999,254.63,254.22,254.27,10267549
2026-03-17 14:15:00,254.3,254.37399,253.96001,254.10001,5968083
2026-03-17 14:30:00,254.095001,254.33,253.92999,253.95,12558682
2026-03-17 14:45:00,253.97,254.059998,253.795,253.87,12813298
2026-03-17 15:00:00,253.88,253.91,253.1301,253.74001,6706492
2026-03-17 15:15:00,253.74519,254.10001,253.685,253.77,6695959
2026-03-17 15:30:00,253.78,253.94,253.67999,253.85001,434314
2026-03-17 15:45:00,253.855,254.58,253.81,254.23,1496154
2026-03-18 09:30:00,252.625,254.94,251.38,254.3,2463621
2026-03-18 09:45:00,254.285,254.685,253.17999,253.435,1915995
2026-03-18 10:00:00,253.45,253.81,252.89,253.085007,1446343
2026-03-18 10:15:00,253.039993,253.52,252.32001,252.355,1573820
2026-03-18 10:30:00,252.34,252.83,252.080002,252.16,4843550
2026-03-18 10:45:00,252.19,252.56,252.089996,252.52,3846034
2026-03-18 11:00:00,252.515,253.059998,252.22,252.52,6556166
2026-03-18 11:15:00,252.50999,252.74001,252.17999,252.3199,11966850
2026-03-18 11:30:00,252.31,252.33,251.66499,251.8111,10885620
2026-03-18 11:45:00,251.8,252.029999,251.52,251.77,6224368
2026-03-18 12:00:00,251.75999,251.883,251.46001,251.87,3520001
2026-03-18 12:15:00,251.85001,251.99001,251.50999,251.5701,6972612
2026-03-18 12:30:00,251.575,251.59,250.71001,250.92999,614793
2026-03-18 12:45:00,250.96001,251.25999,250.7,250.97,11835114
2026-03-18 13:00:00,250.95,251.0,250.39,250.48,302579
2026-03-18 13:15:00,250.49001,250.9299,250.42999,250.80499,8465943
2026-03-18 13:30:00,250.78999,250.9899,250.53999,250.845,8796763
2026-03-18 13:45:00,250.86,251.41,250.78999,251.33501,4747134
2026-03-18 14:00:00,251.37,251.6476,251.10001,251.3,9801490
2026-03-18 14:15:00,251.3,251.3,250.73,250.96001,376668
2026-03-18 14:30:00,250.94,250.94501,249.97,250.39,10790608
2026-03-18 14:45:00,250.37,250.44991,249.8701,249.88,11149285
2026-03-18 15:00:00,249.88,250.52,249.77499,250.17999,11705367
2026-03-18 15:15:00,250.16991,250.245,249.61,249.67999,6152079
2026-03-18 15:30:00,249.694,249.85989,249.0,249.17999,664288
2026-03-18 15:45:00,249.17,250.35001,249.070007,249.91,2334389
2026-03-19 09:30:00,249.39999,250.7,247.3,250.4882,3878911
2026-03-19 09:45:00,250.47,251.83,250.345,250.78011,5472477
2026-03-19 10:00:00,250.8,251.17909,250.2,250.715,6731210
2026-03-19 10:15:00,250.71001,250.8,249.66499,249.8,5297286
2026-03-19 10:30:00,249.80099,250.71001,249.565,249.63499,8747249
2026-03-19 10:45:00,249.63499,250.2,249.34579,249.86501,3593679
2026-03-19 11:00:00,249.86,250.27,249.605,250.10001,7132421
2026-03-19 11:15:00,250.10001,250.17,249.14011,249.41,14334315
2026-03-19 11:30:00,249.41,249.50999,249.125,249.14999,4031969
2026-03-19 11:45:00,249.1532,249.74899,249.039993,249.60001,4342978
2026-03-19 12:00:00,249.62,249.95261,249.368,249.64999,8863620
2026-03-19 12:15:00,249.64,249.7,248.88,249.25999,4814869
2026-03-19 12:30:00,249.27499,249.42,248.42,248.52,5168495
2026-03-19 12:45:00,248.55,248.57001,247.87,248.059998,15012699
2026-03-19 13:00:00,248.024994,248.22501,247.71001,247.97,10806293
2026-03-19 13:15:00,248.0,248.5399,247.91,248.28011,10962074
2026-03-19 13:30:00,248.295,248.45,247.78,247.99001,5803899
2026-03-19 13:45:00,248.0099945,248.31,247.7299,247.9543,6088553
2026-03-19 14:00:00,247.96001,248.52991,247.67,248.39999,6408045
2026-03-19 14:15:00,248.395,248.5,248.018005,248.022003,331005
2026-03-19 14:30:00,248.0099945,248.2,247.67,247.72009,19052645
2026-03-19 14:45:00,247.71001,248.57001,247.71001,248.4001,13451419
2026-03-19 15:00:00,248.42999,249.59,248.39999,249.059998,1155963
2026-03-19 15:15:00,249.050003,249.37,248.17,248.47,602727
2026-03-19 15:30:00,248.44,248.85001,248.28999,248.515,8303005
2026-03-19 15:45:00,248.50999,249.33,248.3,248.907,9816522
2026-03-20 09:30:00,248.11,248.73,246.61,247.33,21807652
2026-03-20 09:45:00,247.34,248.75999,247.3,247.67999,1699712
2026-03-20 10:00:00,247.66,247.755,246.82001,247.6409,1685679
2026-03-20 10:15:00,247.63,248.46001,247.59109,247.75999,1092149
2026-03-20 10:30:00,247.81,248.070007,247.1601,248.014099,941068
2026-03-20 10:45:00,248.0,248.85001,247.85001,248.185,1225201
2026-03-20 11:00:00,248.2,248.64,247.85001,248.19501,3048085
2026-03-20 11:15:00,248.24001,248.64999,247.78,247.985,1325094
2026-03-20 11:30:00,247.95,248.32001,247.86,248.31,486739
2026-03-20 11:45:00,248.3,248.92999,248.125,248.80499,580436
2026-03-20 12:00:00,248.8295,249.059998,248.56,248.84,759688
2026-03-20 12:15:00,248.83,248.89999,248.55721,248.62,1084458
2026-03-20 12:30:00,248.63,248.66,248.145,248.41,511125
2026-03-20 12:45:00,248.375,248.675,248.080002,248.44,654465
2026-03-20 13:00:00,248.46001,248.78999,248.21001,248.49001,534185
2026-03-20 13:15:00,248.47,248.61,248.16,248.27,870387
2026-03-20 13:30:00,248.28999,248.38,247.53011,247.85001,866265
2026-03-20 13:45:00,247.88,248.27,247.64999,248.16,617946
2026-03-20 14:00:00,248.19,248.7599,248.17,248.41,978307
2026-03-20 14:15:00,248.42,248.5,247.75999,248.039993,637895
2026-03-20 14:30:00,248.089996,248.27,247.81,247.94501,942827
2026-03-20 14:45:00,247.95,248.45,247.59,248.45,740144
2026-03-20 15:00:00,248.48,249.19991,248.12,248.21001,1227232
2026-03-20 15:15:00,248.215,248.37,247.87,248.089996,1084729
2026-03-20 15:30:00,248.089996,248.14999,246.83,247.72,1657569
2026-03-20 15:45:00,247.71001,248.2,246.0,248.19,4708516
2026-03-23 09:30:00,253.99001,254.56,251.36,253.31,5213795
2026-03-23 09:45:00,253.36,253.59,251.81,252.044998,1559628
2026-03-23 10:00:00,252.070007,252.22501,251.020004,252.14,1604159
2026-03-23 10:15:00,252.14999,253.0050049,252.050797,252.4399,1087082
2026-03-23 10:30:00,252.42,252.7,251.67,251.95,873286
2026-03-23 10:45:00,251.92999,252.61,251.53,252.105,667542
2026-03-23 11:00:00,252.11,252.92,251.92,252.71001,855517
2026-03-23 11:15:00,252.73,252.7699,252.050003,252.5799,998292
2026-03-23 11:30:00,252.59,252.905,252.325,252.72,1466976
2026-03-23 11:45:00,252.72501,252.74001,251.56,251.58,1066167
2026-03-23 12:00:00,251.55,252.41,251.53,252.1899,957352
2026-03-23 12:15:00,252.17,252.35001,250.675,250.80499,940597
2026-03-23 12:30:00,250.81,251.75,250.7,251.41,874627
2026-03-23 12:45:00,251.39999,251.675,250.87,251.044998,532272
2026-03-23 13:00:00,251.11,251.28,250.5,250.53,638100
2026-03-23 13:15:00,250.53,251.10001,250.28,250.92,524032
2026-03-23 13:30:00,250.955,251.67,250.89999,251.089996,661686
2026-03-23 13:45:00,251.10001,251.92999,250.99001,251.87,627852
2026-03-23 14:00:00,251.875,251.985,251.22,251.42,628510
2026-03-23 14:15:00,251.46001,251.55,251.2,251.33,605110
2026-03-23 14:30:00,251.37,252.12,251.37,251.80499,887176
2026-03-23 14:45:00,251.78999,252.41499,251.75999,252.32001,690034
2026-03-23 15:00:00,252.31,252.37,251.855,251.95,699307
2026-03-23 15:15:00,251.94,252.0,251.62,251.765,702850
2026-03-23 15:30:00,251.765,252.42,251.7187,252.42,758017
2026-03-23 15:45:00,252.42,252.52499,250.97,251.44,3615286
2026-03-24 09:30:00,250.49001,252.070007,249.55,251.67999,2489238
2026-03-24 09:45:00,251.69,252.17,251.17,251.64999,942178
2026-03-24 10:00:00,251.64,253.12,251.61501,252.73,960426
2026-03-24 10:15:00,252.75,253.11571,252.285,252.47,932830
2026-03-24 10:30:00,252.44,252.86,252.175,252.47,734420
2026-03-24 10:45:00,252.44,253.31,251.74001,252.11,1379079
2026-03-24 11:00:00,252.10001,253.81,252.059998,253.75,1165585
2026-03-24 11:15:00,253.75999,254.17,253.64,253.985,1146115
2026-03-24 11:30:00,253.98,254.32001,253.82401,254.255,544657
2026-03-24 11:45:00,254.2505,254.69,253.66,253.87,813451
2026-03-24 12:00:00,253.88499,253.98,253.3849,253.535,628245
2026-03-24 12:15:00,253.55,254.825,253.52,254.59,913832
2026-03-24 12:30:00,254.59689,254.71001,253.52119,253.655,649440
2026-03-24 12:45:00,253.66,253.91,253.39999,253.64999,468349
2026-03-24 13:00:00,253.6301,253.84,252.86501,252.99001,693068
2026-03-24 13:15:00,252.99001,253.070007,252.765,253.059998,443476
2026-03-24 13:30:00,253.050003,253.53999,252.295,252.41,666313
2026-03-24 13:45:00,252.41499,253.25999,252.325,253.21001,694851
2026-03-24 14:00:00,253.21001,253.5,252.66,252.75,434875
2026-03-24 14:15:00,252.72,252.86501,252.38,252.57001,666990
2026-03-24 14:30:00,252.59,253.059998,252.2299,252.495,644415
2026-03-24 14:45:00,252.52,252.78999,252.235,252.425,588648
2026-03-24 15:00:00,252.42,253.1501,252.40601,253.080002,477981
2026-03-24 15:15:00,253.029999,253.074997,252.080002,252.0896,538619
2026-03-24 15:30:00,252.089905,252.13,251.3,251.48,1445168
2026-03-24 15:45:00,251.46001,251.77,251.22,251.75,2138589
2026-03-25 09:30:00,254.020004,254.98,253.5,253.52,2238426
2026-03-25 09:45:00,253.5,253.60001,251.83,251.88,1300002
2026-03-25 10:00:00,251.89,252.845,251.60001,252.84,992599
2026-03-25 10:15:00,252.83,252.96001,252.17999,252.86,721173
2026-03-25 10:30:00,252.87,253.3627,252.60001,253.27,743926
2026-03-25 10:45:00,253.25999,253.67,253.25999,253.42,758891
2026-03-25 11:00:00,253.4225,253.95,253.11,253.75,721090
2026-03-25 11:15:00,253.74001,254.28999,252.98,254.245,1187714
2026-03-25 11:30:00,254.24001,254.46001,253.64999,253.72,706030
2026-03-25 11:45:00,253.685,253.95,253.38,253.5,580321
2026-03-25 12:00:00,253.50999,253.56,253.089996,253.505,457673
2026-03-25 12:15:00,253.53999,254.17,253.44,253.925,540825
2026-03-25 12:30:00,254.0,254.64999,253.86,254.25999,730904
2026-03-25 12:45:00,254.28,254.39,254.020004,254.2399,399292
2026-03-25 13:00:00,254.21001,254.41,253.78999,254.059998,559650
2026-03-25 13:15:00,253.98,254.33099,253.74001,254.145,433879
2026-03-25 13:30:00,254.12,254.50999,253.98,254.34,529307
2026-03-25 13:45:00,254.395,254.39999,253.84,253.97,502954
2026-03-25 14:00:00,253.97,254.13,253.735,254.089996,367729
2026-03-25 14:15:00,254.10001,254.25,253.935,253.96001,363478
2026-03-25 14:30:00,253.95,254.054993,253.46001,253.46001,533912
2026-03-25 14:45:00,253.46001,253.53,252.7,252.8,793313
2026-03-25 15:00:00,252.78011,252.8701,252.25999,252.81,668026
2026-03-25 15:15:00,252.8,253.059998,252.575,252.625,553258
2026-03-25 15:30:00,252.63499,252.64999,252.059998,252.16499,758309
2026-03-25 15:45:00,252.17999,252.715,252.0099945,252.57001,2300275
2026-03-26 09:30:00,251.995,252.47,250.77499,251.86,2148664
2026-03-26 09:45:00,251.86,253.85001,251.81,253.77,1295198
2026-03-26 10:00:00,253.8,255.13,253.46001,255.050003,1891396
2026-03-26 10:15:00,255.050003,256.23999,254.86,255.91,2010231
2026-03-26 10:30:00,255.89999,256.73001,255.8,256.41,1716376
2026-03-26 10:45:00,256.39001,256.85999,255.50999,256.47,1598160
2026-03-26 11:00:00,256.44,257.0,256.070007,256.16,1221702
2026-03-26 11:15:00,256.20001,256.28,255.55009,255.67999,910135
2026-03-26 11:30:00,255.69,256.70001,255.57001,256.22,936867
2026-03-26 11:45:00,256.25,256.76999,256.040009,256.51501,824840
2026-03-26 12:00:00,256.51999,256.70499,255.75,256.13031,722232
2026-03-26 12:15:00,256.14001,256.35999,255.57001,256.10001,898616
2026-03-26 12:30:00,256.10001,256.3996,255.61501,256.22009,876721
2026-03-26 12:45:00,256.23001,256.35001,255.86501,256.26501,744751
2026-03-26 13:00:00,256.25,256.45999,255.14999,255.2691,1039708
2026-03-26 13:15:00,255.25999,255.3,254.5901,254.99001,859723
2026-03-26 13:30:00,254.98,255.059998,254.13,254.28999,677430
2026-03-26 13:45:00,254.3,254.39999,253.661,253.80499,1078329
2026-03-26 14:00:00,253.78999,255.11501,253.66141,253.67,1718019
2026-03-26 14:15:00,253.66,253.9299,253.39,253.825,786745
2026-03-26 14:30:00,253.85001,254.515,253.82001,254.12,808016
2026-03-26 14:45:00,254.10001,254.39999,254.080002,254.37,724554
2026-03-26 15:00:00,254.37,254.48,253.73,253.78999,763319
2026-03-26 15:15:00,253.81,254.050003,253.14,253.67,947039
2026-03-26 15:30:00,253.67999,253.72501,252.34,252.58,1253516
2026-03-26 15:45:00,252.58501,253.22,252.020004,252.88,3167029
2026-03-27 09:30:00,253.91,255.10001,252.78011,254.0,2775711
2026-03-27 09:45:00,254.059998,255.36,254.020004,254.92,2870046
2026-03-27 10:00:00,254.86,255.493,254.024994,254.77,2221994
2026-03-27 10:15:00,254.72,255.28999,253.95,254.48,1816665
2026-03-27 10:30:00,254.46001,254.69,252.3412,252.53999,1466503
2026-03-27 10:45:00,252.53,253.46001,251.8,253.28,1754619
2026-03-27 11:00:00,253.25999,253.42999,252.12,252.19,1135776
2026-03-27 11:15:00,252.19,252.8,251.97,252.62,898563
2026-03-27 11:30:00,252.62,253.24001,252.14,252.57001,1096457
2026-03-27 11:45:00,252.61501,252.92999,252.31551,252.72501,684267
2026-03-27 12:00:00,252.72,252.89999,252.24001,252.72,740210
2026-03-27 12:15:00,252.75,252.75,251.69,251.78,781586
2026-03-27 12:30:00,251.77499,252.27,251.69501,252.22,734474
2026-03-27 12:45:00,252.22,252.75999,252.145,252.42,694675
2026-03-27 13:00:00,252.42,252.64999,251.60001,251.825,839743
2026-03-27 13:15:00,251.83,251.855,250.37,250.41,1013411
2026-03-27 13:30:00,250.41,250.58,249.56,249.64,1222848
2026-03-27 13:45:00,249.63,250.10001,249.36,249.8,1091838
2026-03-27 14:00:00,249.82001,249.92999,248.63499,249.095001,1492821
2026-03-27 14:15:00,249.089996,249.5351,248.97009,249.38499,772256
2026-03-27 14:30:00,249.42,249.52,248.61,248.9025,977703
2026-03-27 14:45:00,248.89,249.19,248.64,248.66,978379
2026-03-27 15:00:00,248.66,249.12,248.33,249.029999,1144213
2026-03-27 15:15:00,249.0,249.19009,248.25,248.4099,1013292
2026-03-27 15:30:00,248.41,248.75,248.14999,248.31,1140346
2026-03-27 15:45:00,248.32001,249.37,248.070007,248.62,4111750
2026-03-30 09:30:00,249.995,250.84,247.030899,247.45,2966526
2026-03-30 09:45:00,247.44,248.33,246.97,247.61,1527936
2026-03-30 10:00:00,247.60001,248.28,247.41,247.82001,949414
2026-03-30 10:15:00,247.85001,248.12,247.17999,247.83,816351
2026-03-30 10:30:00,247.82001,248.0,246.86,246.875,879307
2026-03-30 10:45:00,246.89,247.32001,246.039993,246.53,1214171
2026-03-30 11:00:00,246.50999,247.054993,246.17,246.61,915434
2026-03-30 11:15:00,246.61,246.955,246.22,246.53,999617
2026-03-30 11:30:00,246.53,247.020004,246.34,246.88499,764864
2026-03-30 11:45:00,246.89999,247.21001,246.48,246.86,797854
2026-03-30 12:00:00,246.88,247.0099945,246.16,246.9015,618600
2026-03-30 12:15:00,246.89301,246.91,245.96001,246.020004,636215
2026-03-30 12:30:00,246.0099945,247.070007,245.96001,246.995,766375
2026-03-30 12:45:00,246.99001,247.41991,246.93159,247.33,581051
2026-03-30 13:00:00,247.32001,247.44,246.75999,246.86,456458
2026-03-30 13:15:00,246.86501,246.89999,245.96001,246.25,909617
2026-03-30 13:30:00,246.255,247.070007,245.995,246.98,848914
2026-03-30 13:45:00,246.98,247.32001,246.66,246.92,759823
2026-03-30 14:00:00,246.94,247.13,246.53999,246.74001,673730
2026-03-30 14:15:00,246.75,246.83,246.38,246.48019,594735
2026-03-30 14:30:00,246.50999,246.8,246.16,246.42999,704039
2026-03-30 14:45:00,246.46001,246.83,246.31,246.72501,631795
2026-03-30 15:00:00,246.74001,246.81,245.92,246.19501,849496
2026-03-30 15:15:00,246.19501,246.39999,245.83,245.89,783818
2026-03-30 15:30:00,245.89,246.080002,245.50999,245.87,1050334
2026-03-30 15:45:00,245.88,247.039993,245.88,246.53999,3500827
2026-03-31 09:30:00,247.89,249.10001,247.64,247.82001,2958706
2026-03-31 09:45:00,247.83,249.27,247.83,248.815,1180638
2026-03-31 10:00:00,248.79269,248.89,247.9214,248.50999,982516
2026-03-31 10:15:00,248.511,249.12,248.315,248.94009,850282
2026-03-31 10:30:00,248.94009,249.0099945,247.56,247.61,1001839
2026-03-31 10:45:00,247.62,247.91,247.101,247.32001,878433
2026-03-31 11:00:00,247.28999,248.42999,247.27,248.38,842269
2026-03-31 11:15:00,248.39,248.88,248.321,248.42999,738688
2026-03-31 11:30:00,248.45,248.74001,247.66,248.63499,622253
2026-03-31 11:45:00,248.62,249.084,248.42,248.61,663786
2026-03-31 12:00:00,248.61,249.69,248.49001,249.465,956878
2026-03-31 12:15:00,249.435,250.69,249.435,250.34,1193226
2026-03-31 12:30:00,250.3499,252.31,250.17999,251.77,1826076
2026-03-31 12:45:00,251.74001,253.35001,251.64,253.13,1957054
2026-03-31 13:00:00,253.14,253.9299,252.56,253.25,1183442
2026-03-31 13:15:00,253.32001,253.61,253.074997,253.22501,785477
2026-03-31 13:30:00,253.17999,253.96001,252.39999,252.58009,931022
2026-03-31 13:45:00,252.59,253.19,252.42,252.53999,638805
2026-03-31 14:00:00,252.53,253.19,252.53,252.8,760072
2026-03-31 14:15:00,252.82001,253.38,252.73,253.13,812191
2026-03-31 14:30:00,253.12,253.78,253.020004,253.39999,787569
2026-03-31 14:45:00,253.37,253.94,253.36501,253.755,626791
2026-03-31 15:00:00,253.73,254.0099945,253.42999,253.895,862437
2026-03-31 15:15:00,253.8746,254.125,253.42999,253.67,1237700
2026-03-31 15:30:00,253.67,254.091003,253.63499,253.95,1600238
2026-03-31 15:45:00,253.935,255.48,253.28,253.78999,5401883
2026-04-01 09:30:00,254.3,256.17999,253.82001,255.54201,3366927
2026-04-01 09:45:00,255.52,255.82001,254.49001,254.61,1259952
2026-04-01 10:00:00,254.60001,255.155,253.97,254.27499,1573325
2026-04-01 10:15:00,254.25999,255.080002,253.88,254.1201,1095728
2026-04-01 10:30:00,254.19,254.38,253.33,254.14999,1371773
2026-04-01 10:45:00,254.175,254.39999,253.87,254.13,885364
2026-04-01 11:00:00,254.14,254.325,253.7973,254.155,789518
2026-04-01 11:15:00,254.17,254.745,253.97,254.14999,918753
2026-04-01 11:30:00,254.14999,254.22,253.75999,253.95,659893
2026-04-01 11:45:00,253.9425,254.82001,253.85001,254.62,694604
2026-04-01 12:00:00,254.625,254.81,254.31,254.41499,692794
2026-04-01 12:15:00,254.38989,254.58299,254.089996,254.4301,524438
2026-04-01 12:30:00,254.44,254.83,254.22,254.7793,450895
2026-04-01 12:45:00,254.77,254.96001,254.44,254.60001,586768
2026-04-01 13:00:00,254.59,255.17,254.50011,254.98,2201166
2026-04-01 13:15:00,254.9614,255.39999,254.9614,255.1422,1113905
2026-04-01 13:30:00,255.125,255.25999,254.75999,254.963,671681
2026-04-01 13:45:00,254.99001,255.28,254.77,254.785,565638
2026-04-01 14:00:00,254.7545,254.91,254.50999,254.7901,576047
2026-04-01 14:15:00,254.78,254.91,254.10001,254.31,801133
2026-04-01 14:30:00,254.32001,254.698,253.97,254.67,803657
2026-04-01 14:45:00,254.67,254.7,254.23,254.42,609091
2026-04-01 15:00:00,254.41,254.99001,254.38,254.97,718475
2026-04-01 15:15:00,254.97,255.66,254.84,255.655,1104333
2026-04-01 15:30:00,255.64,256.10001,255.36,255.85001,1271428
2026-04-01 15:45:00,255.84,256.13,255.1501,255.69,3510711
2026-04-02 09:30:00,254.14,254.75999,250.64999,250.84,3098545
2026-04-02 09:45:00,250.84,252.66,250.69,252.5,1231488
2026-04-02 10:00:00,252.52,252.81,251.19,252.039993,1167579
2026-04-02 10:15:00,252.070007,252.53,251.85001,252.125,827750
2026-04-02 10:30:00,252.11,254.56,251.99001,253.97009,1382774
2026-04-02 10:45:00,253.98,255.3999,253.78999,255.375,863700
2026-04-02 11:00:00,255.39999,255.72,254.87,254.985,760124
2026-04-02 11:15:00,255.0,255.2399,254.41,255.12,627183
2026-04-02 11:30:00,255.16499,255.185,254.61,254.85001,385339
2026-04-02 11:45:00,254.84,254.84,254.36011,254.57001,322321
2026-04-02 12:00:00,254.57001,254.735,254.125,254.45,410641
2026-04-02 12:15:00,254.46001,254.535,254.0,254.11,464653
2026-04-02 12:30:00,254.13,255.0,254.070007,254.73,436908
2026-04-02 12:45:00,254.78,254.89,254.39999,254.42,300770
2026-04-02 13:00:00,254.42,255.19,254.19,255.029999,317026
2026-04-02 13:15:00,255.029999,255.48531,255.029999,255.33501,366947
2026-04-02 13:30:00,255.33501,255.39,254.895,254.99001,371296
2026-04-02 13:45:00,255.0,255.0,254.31,254.61,452194
2026-04-02 14:00:00,254.58,255.23,254.58,255.11011,495489
2026-04-02 14:15:00,255.14999,255.295,254.9501,255.145,439723
2026-04-02 14:30:00,255.16,255.295,254.80009,255.12,1471913
2026-04-02 14:45:00,255.089996,255.455,254.91,255.28,665707
2026-04-02 15:00:00,255.28999,255.7,255.24001,255.52,696326
2026-04-02 15:15:00,255.53,255.59,255.0099945,255.12,475816
2026-04-02 15:30:00,255.10001,255.39999,254.82001,254.99001,594035
2026-04-02 15:45:00,254.98,256.13,254.8,255.89,2703556
2026-04-06 09:30:00,256.96249,258.22,256.48001,257.66,2192359
2026-04-06 09:45:00,257.66,260.01001,257.66,259.95999,1426769
2026-04-06 10:00:00,259.92999,260.1199,258.92999,260.10001,1288124
2026-04-06 10:15:00,260.080109,262.019989,260.01001,261.76001,1785792
2026-04-06 10:30:00,261.76001,262.16,260.60001,260.64999,1517222
2026-04-06 10:45:00,260.62,260.62,259.72,259.91,849883
2026-04-06 11:00:00,259.89999,260.12,259.3201,259.52689,726010
2026-04-06 11:15:00,259.54999,259.98001,258.97,259.25,860096
2026-04-06 11:30:00,259.2301,259.62,259.01001,259.13,686808
2026-04-06 11:45:00,259.13,259.54999,259.049988,259.5101,467070
2026-04-06 12:00:00,259.5199,259.63,258.90561,258.9501,425511
2026-04-06 12:15:00,258.97,259.089996,258.70999,259.040009,443298
2026-04-06 12:30:00,259.029999,259.45001,258.84,259.41501,559422
2026-04-06 12:45:00,259.42001,259.56,258.89999,259.01001,431190
2026-04-06 13:00:00,258.995,259.070007,257.91,258.22,578645
2026-04-06 13:15:00,258.23999,258.85989,258.22,258.78,436904
2026-04-06 13:30:00,258.79001,259.01001,258.51001,258.64499,471550
2026-04-06 13:45:00,258.64499,258.64499,258.12009,258.17999,547232
2026-04-06 14:00:00,258.19,258.51001,257.85001,258.38501,564411
2026-04-06 14:15:00,258.39001,259.39001,258.39001,259.28,487980
2026-04-06 14:30:00,259.28009,259.3699,258.84009,259.015015,401145
2026-04-06 14:45:00,259.015015,259.2597,258.97,259.17001,353693
2026-04-06 15:00:00,259.19,259.26001,258.54999,258.63501,721502
2026-04-06 15:15:00,258.63501,258.73001,258.019989,258.24991,744901
2026-04-06 15:30:00,258.23001,258.85501,258.13,258.78,762375
2026-04-06 15:45:00,258.78,259.075012,258.5,258.88699,1995217
2026-04-07 09:30:00,254.72,254.7999,250.17,250.25999,4549161
2026-04-07 09:45:00,250.3,250.32001,249.0,249.32001,4021230
2026-04-07 10:00:00,249.315,249.7,248.47,248.535,2635136
2026-04-07 10:15:00,248.53999,248.66991,247.57001,247.67,2654436
2026-04-07 10:30:00,247.66499,248.19,247.22,247.33,2266613
2026-04-07 10:45:00,247.315,247.71001,245.99001,246.1899,2268322
2026-04-07 11:00:00,246.17999,246.89999,245.7,246.83,2113901
2026-04-07 11:15:00,246.83,247.85001,246.83,247.82001,1877398
2026-04-07 11:30:00,247.82001,247.89,247.39999,247.785,1322949
2026-04-07 11:45:00,247.79939,248.50999,247.77,248.46001,1448356
2026-04-07 12:00:00,248.47,249.42,248.47,249.16,1821396
2026-04-07 12:15:00,249.166,250.2899,248.8,250.17,2270301
2026-04-07 12:30:00,250.17,250.34,249.6601,249.95,1086229
2026-04-07 12:45:00,249.965,250.39,249.77,250.029999,990813
2026-04-07 13:00:00,250.020004,253.39,249.72,251.47,4704619
2026-04-07 13:15:00,251.455,252.080002,251.2829,251.58501,1457689
2026-04-07 13:30:00,251.61501,252.78999,251.57001,251.64,1314545
2026-04-07 13:45:00,251.6201,251.94,251.32001,251.69,685571
2026-04-07 14:00:00,251.7,251.98,251.55,251.67,668578
2026-04-07 14:15:00,251.69,251.88989,251.28999,251.32001,757230
2026-04-07 14:30:00,251.33,251.59,250.98,251.13499,886638
2026-04-07 14:45:00,251.125,251.13,250.12,250.3999,965207
2026-04-07 15:00:00,250.38,251.25999,250.205,251.13499,972120
2026-04-07 15:15:00,251.121,252.5,251.11501,251.955,1433332
2026-04-07 15:30:00,251.92101,252.42,251.44,252.13,1194752
2026-04-07 15:45:00,252.129,253.60989,251.97,253.49001,4703993
2026-04-08 09:30:00,258.51001,258.56,256.53,257.17499,4888634
2026-04-08 09:45:00,257.23999,258.76001,257.12,258.51999,2106866
2026-04-08 10:00:00,258.505,259.74991,258.26999,258.85001,1954463
2026-04-08 10:15:00,258.84601,259.11749,258.034698,258.13,1272603
2026-04-08 10:30:00,258.14001,258.57999,257.64001,258.29501,1302842
2026-04-08 10:45:00,258.29501,258.89999,258.090088,258.89999,962470
2026-04-08 11:00:00,258.92001,259.51001,258.26999,258.35501,1240583
2026-04-08 11:15:00,258.37,258.47,257.51001,257.51001,954198
2026-04-08 11:30:00,257.51999,258.20999,257.35999,258.083313,953864
2026-04-08 11:45:00,258.10001,258.39999,257.41,257.63361,717404
2026-04-08 12:00:00,257.62,258.20999,257.51001,257.51999,605346
2026-04-08 12:15:00,257.56,257.56,257.10999,257.42801,1175772
2026-04-08 12:30:00,257.42499,258.34,257.42499,258.32001,803529
2026-04-08 12:45:00,258.29999,258.69,258.20999,258.42401,572635
2026-04-08 13:00:00,258.41251,258.63,258.13,258.4267,638639
2026-04-08 13:15:00,258.435,258.63,257.5,257.51001,649560
2026-04-08 13:30:00,257.5,258.10999,257.41,258.070007,809590
2026-04-08 13:45:00,257.98999,258.14999,257.67999,257.70001,514689
2026-04-08 14:00:00,257.70001,257.94501,257.42001,257.60971,817208
2026-04-08 14:15:00,257.60501,257.79001,256.91,257.23999,798910
2026-04-08 14:30:00,257.23001,257.56,257.1301,257.20999,494765
2026-04-08 14:45:00,257.20999,257.72,257.14999,257.39001,656216
2026-04-08 15:00:00,257.38,257.84,257.20001,257.72,945852
2026-04-08 15:15:00,257.72,257.79999,257.089996,257.20001,991547
2026-04-08 15:30:00,257.17999,258.27991,257.17999,258.040009,1042188
2026-04-08 15:45:00,258.049988,258.98999,257.98001,258.92999,2851083
2026-04-09 09:30:00,259.37,260.029999,257.97,257.97501,2025523
2026-04-09 09:45:00,257.98999,258.35501,256.10999,256.23001,1436003
2026-04-09 10:00:00,256.23001,258.17001,256.070007,257.72501,1273008
2026-04-09 10:15:00,257.72,258.13,257.45001,257.84,1179871
2026-04-09 10:30:00,257.81,258.26001,257.70001,258.0,726467
2026-04-09 10:45:00,258.0098877,258.14999,257.3501,257.64999,603294
2026-04-09 11:00:00,257.64511,257.84,257.35999,257.69,521461
2026-04-09 11:15:00,257.69501,257.92999,257.38,257.54999,628634
2026-04-09 11:30:00,257.51501,258.31989,257.47601,257.78,698452
2026-04-09 11:45:00,257.79001,258.70999,257.70459,258.69,741080
2026-04-09 12:00:00,258.67999,259.47,258.64499,258.95999,755877
2026-04-09 12:15:00,258.97,259.23999,258.82001,259.12,419640
2026-04-09 12:30:00,259.12,259.1788,258.82999,258.95999,376421
2026-04-09 12:45:00,258.95001,259.64999,258.80499,259.42001,619249
2026-04-09 13:00:00,259.44,260.029999,259.44,259.94089,657459
2026-04-09 13:15:00,259.92999,260.53,259.92499,260.054993,639449
2026-04-09 13:30:00,260.049988,260.45001,259.79001,260.0050049,523068
2026-04-09 13:45:00,260.01001,260.17001,259.836,259.94501,368077
2026-04-09 14:00:00,259.95999,260.049988,259.29999,259.92001,572161
2026-04-09 14:15:00,259.92999,260.049988,259.56,259.625,389533
2026-04-09 14:30:00,259.60999,259.85001,259.45001,259.79999,428016
2026-04-09 14:45:00,259.76511,259.95999,259.62,259.87,348694
2026-04-09 15:00:00,259.87,260.34,259.82999,260.089996,704156
2026-04-09 15:15:00,260.10001,260.26001,259.85001,260.059998,607488
2026-04-09 15:30:00,260.049988,260.79999,260.024994,260.79999,796678
2026-04-09 15:45:00,260.76999,261.12,260.35999,260.39001,2098223
2026-04-10 09:30:00,259.95001,260.64001,259.070007,259.70001,2337293
2026-04-10 09:45:00,259.70999,260.73001,259.5,260.35901,1075586
2026-04-10 10:00:00,260.36499,261.64001,260.185,261.57001,1172627
2026-04-10 10:15:00,261.59,261.85001,261.22101,261.565,893804
2026-04-10 10:30:00,261.565,262.10001,261.42001,261.63,975225
2026-04-10 10:45:00,261.64001,262.19,261.54001,261.73999,663759
2026-04-10 11:00:00,261.75,261.76001,261.13971,261.655,748299
2026-04-10 11:15:00,261.67001,261.82001,261.24011,261.29001,634420
2026-04-10 11:30:00,261.31989,261.60001,261.17001,261.50089,540876
2026-04-10 11:45:00,261.51999,261.75,260.74249,260.88,716636
2026-04-10 12:00:00,260.89001,261.040009,260.54001,260.89999,650580
2026-04-10 12:15:00,260.88,260.98001,260.42999,260.5351,568553
2026-04-10 12:30:00,260.54501,260.56,259.84,259.8999,590744
2026-04-10 12:45:00,259.89999,260.41,259.79001,260.26001,582907
2026-04-10 13:00:00,260.26651,260.26651,259.55011,259.67001,571356
2026-04-10 13:15:00,259.67999,259.73999,259.20001,259.23999,504089
2026-04-10 13:30:00,259.23999,259.51001,259.023102,259.35999,532449
2026-04-10 13:45:00,259.32999,259.82999,259.17001,259.69501,425688
2026-04-10 14:00:00,259.685,259.78,259.41,259.54001,493491
2026-04-10 14:15:00,259.56,260.14499,259.54001,260.12,473662
2026-04-10 14:30:00,260.10999,260.20001,259.85999,260.089996,540383
2026-04-10 14:45:00,260.079987,260.12,259.69,259.73001,453383
2026-04-10 15:00:00,259.73001,260.019989,259.63,259.88,632410
2026-04-10 15:15:00,259.88501,259.88501,259.35001,259.72,760137
2026-04-10 15:30:00,259.72,259.76999,259.29001,259.64001,1049172
2026-04-10 15:45:00,259.625,260.535,259.53,260.38,2605899
2026-04-13 09:30:00,259.85999,260.17999,257.51999,257.89499,2594713
2026-04-13 09:45:00,257.92001,258.53,257.20001,257.57999,1356710
2026-04-13 10:00:00,257.54501,258.0,256.66,257.91501,1631099
2026-04-13 10:15:00,257.89001,257.92001,257.10999,257.32001,681332
2026-04-13 10:30:00,257.31,257.79001,257.1301,257.48999,697676
2026-04-13 10:45:00,257.47,257.8299,257.10001,257.80499,945234
2026-04-13 11:00:00,257.82001,257.88,257.41,257.685,991707
2026-04-13 11:15:00,257.70001,257.81,257.22,257.70999,861179
2026-04-13 11:30:00,257.73001,257.76001,257.029999,257.11499,825614
2026-04-13 11:45:00,257.11499,257.23001,256.85999,257.0,807086
2026-04-13 12:00:00,257.019989,257.29001,256.79001,256.98999,671644
2026-04-13 12:15:00,256.98999,257.875,256.81,257.78,832054
2026-04-13 12:30:00,257.7901,258.34,257.51511,257.98999,833040
2026-04-13 12:45:00,257.98001,258.24991,257.72672,257.845,705568
2026-04-13 13:00:00,257.85001,257.9899,257.6601,257.89001,403681
2026-04-13 13:15:00,257.89499,258.20001,257.82001,257.86499,418054
2026-04-13 13:30:00,257.85999,257.92999,257.60999,257.67999,540164
2026-04-13 13:45:00,257.66989,257.85001,257.51999,257.58499,503204
2026-04-13 14:00:00,257.59,257.91,257.58081,257.89011,463587
2026-04-13 14:15:00,257.905,258.20001,257.85501,257.88,606498
2026-04-13 14:30:00,257.86499,258.38501,257.85999,258.36499,694926
2026-04-13 14:45:00,258.36499,258.48001,258.23001,258.37,543867
2026-04-13 15:00:00,258.37,258.39999,257.79999,258.014191,598090
2026-04-13 15:15:00,258.01001,258.10101,257.84,257.85001,676148
2026-04-13 15:30:00,257.845,257.905,257.63,257.79999,905518
2026-04-13 15:45:00,257.80499,259.57999,257.59,259.20999,4117090
2026-04-14 09:30:00,259.10001,261.78,259.10001,261.51999,3847164
2026-04-14 09:45:00,261.51001,261.92999,259.3501,259.44,1575240
2026-04-14 10:00:00,259.435,260.37,259.39999,260.26999,1541940
2026-04-14 10:15:00,260.28,260.29999,259.029999,259.34,1171085
2026-04-14 10:30:00,259.32999,259.42999,258.20001,258.22,1196102
2026-04-14 10:45:00,258.26001,258.26999,257.67001,257.85999,1604026
2026-04-14 11:00:00,257.82999,258.14999,257.60999,257.64001,1261413
2026-04-14 11:15:00,257.63,258.19,257.62909,258.055389,903366
2026-04-14 11:30:00,258.049988,258.39001,257.73999,258.23749,1370591
2026-04-14 11:45:00,258.23001,258.29999,257.64001,257.73001,1007467
2026-04-14 12:00:00,257.70999,257.87,257.255,257.39499,863483
2026-04-14 12:15:00,257.39999,257.75299,257.19009,257.70001,866709
2026-04-14 12:30:00,257.69,258.72,257.62,258.72,1147996
2026-04-14 12:45:00,258.75,259.73001,258.745,259.31,1338403
2026-04-14 13:00:00,259.32001,259.76511,259.32001,259.35999,705771
2026-04-14 13:15:00,259.35999,259.57999,258.56,258.66,905941
2026-04-14 13:30:00,258.66,258.66,257.75,258.26779,1027425
2026-04-14 13:45:00,258.26001,258.42001,258.10001,258.39999,522160
2026-04-14 14:00:00,258.39499,258.92001,258.39499,258.785,583674
2026-04-14 14:15:00,258.78989,258.97,258.51999,258.78,579501
2026-04-14 14:30:00,258.78,258.81,258.10999,258.19989,581222
2026-04-14 14:45:00,258.16,258.2995,257.94,258.0050049,687210
2026-04-14 15:00:00,258.0,258.4899,257.75,258.23999,999191
2026-04-14 15:15:00,258.245,258.67001,258.22,258.32501,806520
2026-04-14 15:30:00,258.32501,258.6799,258.14999,258.52499,2407554
2026-04-14 15:45:00,258.5,258.85999,258.20499,258.85501,2914811
2026-04-15 09:30:00,258.11,260.3,257.89,258.62,152450
2026-04-15 09:45:00,258.56,258.96,257.83,258.6,55541
2026-04-15 10:00:00,258.67,260.16,258.65,260.16,62761
2026-04-15 10:15:00,260.17,261.04,260.17,260.65,66247
2026-04-15 10:30:00,260.76,261.33,260.43,261.3,64557
2026-04-15 10:45:00,261.26,263.32,261.2,262.96,101563
2026-04-15 11:00:00,262.955,264.115,262.8,263.47,108494
2026-04-15 11:15:00,263.46,263.53,262.465,263.16,91267
2026-04-15 11:30:00,263.18,263.84,262.99,263.66,102224
2026-04-15 11:45:00,263.67,264.75,263.54,264.4,77413
2026-04-15 12:00:00,264.38,265.42,264.32,265.3,93110
2026-04-15 12:15:00,265.3,265.51,264.53,264.56,71443
2026-04-15 12:30:00,264.58,265.39,264.24,264.785,99586
2026-04-15 12:45:00,264.79,265.44,264.35,265.44,116990
2026-04-15 13:00:00,265.49,265.78,265.275,265.6,49275
2026-04-15 13:15:00,265.59,265.705,264.86,264.945,39407
2026-04-15 13:30:00,264.93,264.99,264.64,264.82,28348
2026-04-15 13:45:00,264.81,264.9,264.41,264.41,32670
2026-04-15 14:00:00,264.4,265.11,264.3,265.04,35278
2026-04-15 14:15:00,265.02,265.29,265.0,265.18,32054
2026-04-15 14:30:00,265.18,265.69,265.18,265.59,33040
2026-04-15 14:45:00,265.63,265.86499,265.62,265.64011,177496
2026-04-15 15:00:00,265.64999,265.79001,265.35,265.47,389532
2026-04-15 15:15:00,265.46,265.69,265.27,265.33,46011
2026-04-15 15:30:00,265.27,265.925,265.25,265.74,72032
2026-04-15 15:45:00,265.71,266.55,265.7,266.37,210531
2026-04-16 09:30:00,266.79999,267.16,262.22,262.96899,5751431
2026-04-16 09:45:00,262.94,263.029999,262.019989,262.34,2195156
2026-04-16 10:00:00,262.35501,262.60001,261.31,262.32999,2287822
2026-04-16 10:15:00,262.34,262.59,261.85999,262.059998,1319934
2026-04-16 10:30:00,262.089996,262.34021,261.9201,262.1701,1034191
2026-04-16 10:45:00,262.19,262.19,261.26999,261.87,1367214
2026-04-16 11:00:00,261.85001,262.73001,261.85001,262.47,1304401
2026-04-16 11:15:00,262.47,262.70001,262.13,262.25,1092148
2026-04-16 11:30:00,262.25,262.97989,262.19,262.97,1047132
2026-04-16 11:45:00,262.97501,263.63,262.97,263.5101,1145521
2026-04-16 12:00:00,263.52499,264.23001,263.45999,264.20001,929035
2026-04-16 12:15:00,264.23001,264.3898,263.67999,264.080109,1003749
2026-04-16 12:30:00,264.089996,264.16861,263.35999,264.0,835072
2026-04-16 12:45:00,264.015015,264.089996,263.185,263.20499,635080
2026-04-16 13:00:00,263.20999,263.64001,263.089996,263.39999,691145
2026-04-16 13:15:00,263.39081,263.70001,263.2001,263.51999,531005
2026-04-16 13:30:00,263.53,263.73999,263.29001,263.63501,525800
2026-04-16 13:45:00,263.64999,263.82001,263.423,263.81,480650
2026-04-16 14:00:00,263.79999,264.17001,263.73999,263.85001,745205
2026-04-16 14:15:00,263.84,263.9473,263.29999,263.57999,684074
2026-04-16 14:30:00,263.59,264.17999,263.54001,264.070007,705484
2026-04-16 14:45:00,264.065002,264.37,263.97,264.3699,599971
2026-04-16 15:00:00,264.37,264.54999,264.12,264.23001,830317
2026-04-16 15:15:00,264.22009,264.302,263.48001,263.63409,1124422
2026-04-16 15:30:00,263.63,263.97,263.51001,263.76999,962687
2026-04-16 15:45:00,263.771,264.25,263.26001,263.35999,2705244
2026-04-17 09:30:00,267.097992,269.79001,266.72,267.94,9836388
2026-04-17 09:45:00,267.97,269.51999,267.45001,268.97,2172982
2026-04-17 10:00:00,268.98001,269.23001,268.56,269.059998,3171311
2026-04-17 10:15:00,269.089996,269.41,268.50241,268.58499,1168586
2026-04-17 10:30:00,268.63501,269.88,268.44,269.73999,1583977
2026-04-17 10:45:00,269.81,270.45999,269.57001,270.25,2026530
2026-04-17 11:00:00,270.2702,271.73001,270.22,271.58499,2166786
2026-04-17 11:15:00,271.59,272.10001,271.20999,271.94,1702944
2026-04-17 11:30:00,271.95001,272.29999,271.36011,271.42999,1431162
2026-04-17 11:45:00,271.45001,271.8699,270.88309,270.97,1003907
2026-04-17 12:00:00,270.97,271.48001,270.76999,271.31,838530
2026-04-17 12:15:00,271.31,271.625,271.17999,271.54999,762686
2026-04-17 12:30:00,271.56,271.7399,271.38,271.57999,1297435
2026-04-17 12:45:00,271.57999,271.60001,270.82999,270.97,2327941
2026-04-17 13:00:00,270.97,271.48999,270.88,271.049988,1294080
2026-04-17 13:15:00,271.049988,271.10999,270.17999,270.57999,1222030
2026-04-17 13:30:00,270.57999,270.73001,270.38,270.44,907997
2026-04-17 13:45:00,270.42999,270.63,270.16,270.25,746717
2026-04-17 14:00:00,270.26001,270.45999,269.92001,270.019989,738266
2026-04-17 14:15:00,270.019989,270.53,269.94,270.19,749958
2026-04-17 14:30:00,270.19,270.79999,270.19,270.60999,1489758
2026-04-17 14:45:00,270.6001,270.66,269.82001,270.13,833254
2026-04-17 15:00:00,270.12,270.13,269.6001,269.63,832441
2026-04-17 15:15:00,269.62,269.81,269.53,269.69501,934246
2026-04-17 15:30:00,269.70999,270.51501,269.6601,270.48001,1164740
2026-04-17 15:45:00,270.48001,270.53,269.70999,270.185,3613258
2026-04-20 09:30:00,270.32999,273.25,270.32999,272.45001,4313567
2026-04-20 09:45:00,272.39999,274.099915,272.14999,273.922,2409300
2026-04-20 10:00:00,273.92999,274.27499,273.22,273.4801,1730491
2026-04-20 10:15:00,273.5,274.23999,273.31,273.38,1347296
2026-04-20 10:30:00,273.38989,273.85001,272.57999,272.66501,1061696
2026-04-20 10:45:00,272.66,273.17001,272.095001,272.39999,1096100
2026-04-20 11:00:00,272.37,272.47501,271.72,271.97,889823
2026-04-20 11:15:00,271.965,272.95999,271.79001,272.88,1106932
2026-04-20 11:30:00,272.82999,272.91,272.079987,272.36499,793394
2026-04-20 11:45:00,272.37,272.8692,272.16,272.77911,583537
2026-04-20 12:00:00,272.76999,272.85001,272.16501,272.26999,641776
2026-04-20 12:15:00,272.26001,272.68399,272.25,272.57001,480781
2026-04-20 12:30:00,272.59,273.13501,272.57001,272.82501,722782
2026-04-20 12:45:00,272.82501,272.875,272.35001,272.35001,462223
2026-04-20 13:00:00,272.375,272.38,271.84,272.311,674118
2026-04-20 13:15:00,272.32001,272.64999,272.16,272.19,544377
2026-04-20 13:30:00,272.17001,272.67001,271.98001,272.55499,606696
2026-04-20 13:45:00,272.55499,272.97,272.52499,272.95999,559432
2026-04-20 14:00:00,272.95999,273.5,272.79999,273.495,842370
2026-04-20 14:15:00,273.5,273.64001,273.28,273.45001,703095
2026-04-20 14:30:00,273.45999,273.45999,273.049988,273.075012,561568
2026-04-20 14:45:00,273.079987,273.20001,272.97,272.99011,390273
2026-04-20 15:00:00,272.98999,273.19,272.90009,273.13501,522752
2026-04-20 15:15:00,273.13501,273.26001,272.67001,272.69,701704
2026-04-20 15:30:00,272.64999,272.70999,272.26999,272.54501,1011228
2026-04-20 15:45:00,272.54999,273.16,272.35001,272.92999,2678211
2026-04-21 09:30:00,271.44501,272.79999,270.53,271.41,4030232
2026-04-21 09:45:00,271.44,271.88019,270.70999,271.84,1492828
2026-04-21 10:00:00,271.87,272.059998,270.32999,270.39401,1478617
2026-04-21 10:15:00,270.41919,270.54999,269.37,269.58011,1492680
2026-04-21 10:30:00,269.565,269.85001,269.10001,269.315,1174143
2026-04-21 10:45:00,269.30011,269.57999,268.75,268.82001,1176293
2026-04-21 11:00:00,268.84,269.079895,268.32999,268.905,1609541
2026-04-21 11:15:00,268.89001,268.91501,267.75,267.92999,1441190
2026-04-21 11:30:00,267.92001,268.019989,267.2504,267.27069,1311999
2026-04-21 11:45:00,267.26999,267.53,266.56,266.72,1418465
2026-04-21 12:00:00,266.7301,267.24561,265.81,266.17999,1640895
2026-04-21 12:15:00,266.17999,266.578,265.85001,265.85999,1264455
2026-04-21 12:30:00,265.85999,266.14001,265.39999,265.45001,2054790
2026-04-21 12:45:00,265.47,266.38989,265.47,266.34,1312473
2026-04-21 13:00:00,266.35001,266.88,265.89499,266.48999,2098005
2026-04-21 13:15:00,266.54999,266.6799,265.79999,266.16,917648
2026-04-21 13:30:00,266.17999,267.0,266.059998,266.63501,1013011
2026-04-21 13:45:00,266.63,266.66,266.079987,266.3801,990541
2026-04-21 14:00:00,266.39999,266.87,266.31,266.87,620930
2026-04-21 14:15:00,266.85999,266.85999,266.23001,266.375,702844
2026-04-21 14:30:00,266.38,267.47989,266.38,267.22501,1752954
2026-04-21 14:45:00,267.22501,267.88,266.97299,267.84,1010818
2026-04-21 15:00:00,267.8345,268.19,267.67001,267.69501,1289960
2026-04-21 15:15:00,267.69501,268.14001,267.60001,267.95999,1053459
2026-04-21 15:30:00,267.965,267.97,266.059998,266.29999,2455838
2026-04-21 15:45:00,266.32999,267.065002,265.87,266.22,3782154
2026-04-22 09:30:00,267.82001,268.60001,266.87,268.23999,3621573
2026-04-22 09:45:00,268.29999,269.10001,268.17001,268.49991,1619118
2026-04-22 10:00:00,268.44,270.78,268.42999,270.66501,3325661
2026-04-22 10:15:00,270.6601,271.94,270.34,271.94,2461399
2026-04-22 10:30:00,271.94,272.56,271.595,271.62979,1953358
2026-04-22 10:45:00,271.61499,271.8494,270.98001,271.28,1186926
2026-04-22 11:00:00,271.26999,272.25,271.20999,272.20999,843862
2026-04-22 11:15:00,272.23001,272.76501,271.89999,272.40009,1090954
2026-04-22 11:30:00,272.39001,273.25089,272.26001,272.84,1488293
2026-04-22 11:45:00,272.85001,273.14999,272.67999,273.01001,741621
2026-04-22 12:00:00,273.019989,273.505,272.81,273.20001,1000724
2026-04-22 12:15:00,273.22,273.38,272.56,272.69,868732
2026-04-22 12:30:00,272.70499,272.92999,272.39999,272.76501,770804
2026-04-22 12:45:00,272.76001,272.78989,272.35999,272.495,542846
2026-04-22 13:00:00,272.48001,273.42001,272.47009,273.17999,949798
2026-04-22 13:15:00,273.20001,273.38049,272.5,273.20999,692065
2026-04-22 13:30:00,273.21899,273.64999,273.20001,273.57999,593015
2026-04-22 13:45:00,273.60001,273.71719,273.17169,273.47,671598
2026-04-22 14:00:00,273.47,273.73999,273.23999,273.29001,614345
2026-04-22 14:15:00,273.26001,273.26001,272.63,272.685,1155342
2026-04-22 14:30:00,272.70999,272.78,272.28,272.42001,573889
2026-04-22 14:45:00,272.42999,272.51999,272.10049,272.39999,560277
2026-04-22 15:00:00,272.42999,272.66501,272.26999,272.34,671219
2026-04-22 15:15:00,272.345,272.82001,272.28,272.70999,777297
2026-04-22 15:30:00,272.715,273.0,272.57001,272.85641,994669
2026-04-22 15:45:00,272.85001,273.26001,272.54999,273.19,3283952
2026-04-23 09:30:00,275.045013,275.76999,273.1355,273.53,3663774
2026-04-23 09:45:00,273.5,274.1488,273.14511,273.70999,1066072
2026-04-23 10:00:00,273.69501,274.60001,273.42999,273.89999,999949
2026-04-23 10:15:00,273.88,274.53851,273.64001,273.905,679904
2026-04-23 10:30:00,273.97,274.20999,273.33801,273.59,624566
2026-04-23 10:45:00,273.63,274.30991,273.59,273.95001,612883
2026-04-23 11:00:00,273.935,274.13,273.26999,273.37,645535
2026-04-23 11:15:00,273.38,273.84,273.31009,273.67999,520748
2026-04-23 11:30:00,273.63,274.41,273.28,273.32001,834369
2026-04-23 11:45:00,273.29999,273.57001,273.030487,273.41,573605
2026-04-23 12:00:00,273.42001,273.4599,273.079987,273.35001,412305
2026-04-23 12:15:00,273.35001,273.67999,273.26999,273.60001,431816
2026-04-23 12:30:00,273.61499,273.99271,272.95999,273.059998,522658
2026-04-23 12:45:00,273.059998,273.23999,273.0,273.0,412101
2026-04-23 13:00:00,273.019989,273.035004,272.29999,272.48001,2476818
2026-04-23 13:15:00,272.495,272.98001,272.090088,272.23999,747445
2026-04-23 13:30:00,272.25,272.85501,271.78,272.10999,750566
2026-04-23 13:45:00,272.14001,273.13,271.64999,272.98999,1384592
2026-04-23 14:00:00,273.0,273.60001,272.90009,273.26501,788834
2026-04-23 14:15:00,273.29001,273.79999,273.20001,273.66,1054703
2026-04-23 14:30:00,273.66,274.12,273.53,273.86011,566033
2026-04-23 14:45:00,273.85001,274.23001,273.69,273.91501,829709
2026-04-23 15:00:00,273.905,274.54501,273.85001,274.47501,727782
2026-04-23 15:15:00,274.48001,274.53989,274.12,274.17001,666952
2026-04-23 15:30:00,274.14999,274.25989,273.48001,273.64999,657414
2026-04-23 15:45:00,273.64999,273.85999,273.059998,273.44,2096387
2026-04-24 09:30:00,272.76001,273.059998,270.10001,271.29749,3212552
2026-04-24 09:45:00,271.32001,272.070007,271.079987,271.64001,1231866
2026-04-24 10:00:00,271.64001,271.79999,270.91,271.54999,1225344
2026-04-24 10:15:00,271.57999,272.39999,271.4902,272.070007,1009279
2026-04-24 10:30:00,272.10001,272.59,271.85999,271.88,651040
2026-04-24 10:45:00,271.87921,272.12991,271.28,271.45499,627155
2026-04-24 11:00:00,271.51001,271.63,270.686,271.029999,727790
2026-04-24 11:15:00,271.040009,271.22989,270.5701,270.67999,751074
2026-04-24 11:30:00,270.69,270.69,269.79999,270.42999,1234674
2026-04-24 11:45:00,270.48999,271.17999,269.92001,271.032104,1163764
2026-04-24 12:00:00,271.029999,271.67999,270.73001,271.60001,638185
2026-04-24 12:15:00,271.57001,271.60001,270.98001,270.98999,506295
2026-04-24 12:30:00,271.0,271.15201,270.35001,270.44,507604
2026-04-24 12:45:00,270.39999,270.57999,270.061005,270.47501,1094972
2026-04-24 13:00:00,270.47009,270.60001,269.78,269.95499,743778
2026-04-24 13:15:00,269.95001,270.25,269.64999,270.065002,1029683
2026-04-24 13:30:00,270.049988,270.17001,269.85001,270.019989,813975
2026-04-24 13:45:00,270.029999,270.29999,269.76001,269.80551,759234
2026-04-24 14:00:00,269.80301,270.17001,269.72,270.16,895663
2026-04-24 14:15:00,270.17001,270.22,269.89999,269.95999,537144
2026-04-24 14:30:00,269.97,270.38,269.85999,270.32999,622202
2026-04-24 14:45:00,270.31,270.31,269.97,270.10999,558089
2026-04-24 15:00:00,270.12,270.38,269.89999,270.20999,1788148
2026-04-24 15:15:00,270.22,270.31,269.92001,270.089996,654679
2026-04-24 15:30:00,270.089996,270.53,270.0,270.5,927843
2026-04-24 15:45:00,270.48999,271.48001,270.47,271.059998,3816471
2026-04-27 09:30:00,266.089996,267.88,265.070007,267.48499,6222167
2026-04-27 09:45:00,267.495,268.35999,267.31,268.13,1881301
2026-04-27 10:00:00,268.12,268.20001,267.10999,267.39001,1232921
2026-04-27 10:15:00,267.38501,267.7399,267.17999,267.35999,882678
2026-04-27 10:30:00,267.39001,267.79999,267.049988,267.185,991787
2026-04-27 10:45:00,267.185,267.31,266.67001,267.16,827560
2026-04-27 11:00:00,267.17999,267.5556,266.75,266.89001,786834
2026-04-27 11:15:00,266.89001,267.20001,266.62,267.10999,645506
2026-04-27 11:30:00,267.14001,267.64001,266.85501,267.64001,645718
2026-04-27 11:45:00,267.62,267.63,266.67001,266.79001,680976
2026-04-27 12:00:00,266.79501,267.049988,266.66,266.845,726742
2026-04-27 12:15:00,266.84,266.85999,266.26001,266.29501,626268
2026-04-27 12:30:00,266.29001,266.64001,266.29001,266.58511,518399
2026-04-27 12:45:00,266.57001,266.67499,266.34,266.42001,663572
2026-04-27 13:00:00,266.42001,266.67001,266.37,266.44958,1072617
2026-04-27 13:15:00,266.42999,267.029999,266.39999,266.84,696055
2026-04-27 13:30:00,266.82999,267.049988,266.75,266.85999,516996
2026-04-27 13:45:00,266.85989,266.87589,266.35001,266.48001,559608
2026-04-27 14:00:00,266.48001,266.64001,266.17999,266.53009,630967
2026-04-27 14:15:00,266.54999,266.59,266.089996,266.34991,851097
2026-04-27 14:30:00,266.35001,266.45001,266.13,266.17999,687906
2026-04-27 14:45:00,266.17999,266.51501,266.14999,266.42001,545531
2026-04-27 15:00:00,266.44,266.73001,266.31,266.6301,677690
2026-04-27 15:15:00,266.64001,267.215,266.64001,267.14999,802229
2026-04-27 15:30:00,267.16,267.73001,267.049988,267.70001,1399745
2026-04-27 15:45:00,267.70999,267.95999,267.42999,267.67999,2678150
2026-04-28 09:30:00,272.33499,273.22,268.66,269.75,5002830
2026-04-28 09:45:00,269.76001,270.60001,269.53,269.905,1472049
2026-04-28 10:00:00,269.85001,270.44,269.66,270.29501,1042536
2026-04-28 10:15:00,270.32999,271.39999,270.25,271.27991,1577721
2026-04-28 10:30:00,271.28,271.65399,270.642,271.23499,1601168
2026-04-28 10:45:00,271.255,271.74951,270.92001,271.13,1374108
2026-04-28 11:00:00,271.17001,271.82999,271.084991,271.55499,1425800
2026-04-28 11:15:00,271.54001,271.60001,270.29001,270.32501,939779
2026-04-28 11:30:00,270.32501,270.565,269.89001,269.92999,1159758
2026-04-28 11:45:00,269.92999,270.1499,269.48001,269.64001,606295
2026-04-28 12:00:00,269.66501,270.17001,269.66501,269.87,504774
2026-04-28 12:15:00,269.87,269.87,269.3313,269.51599,448386
2026-04-28 12:30:00,269.495,269.87,269.44019,269.655,487095
2026-04-28 12:45:00,269.66501,270.10999,269.53,269.94,482547
2026-04-28 13:00:00,269.935,270.13,269.64001,269.70001,504308
2026-04-28 13:15:00,269.71179,269.95001,269.51001,269.87,381280
2026-04-28 13:30:00,269.87,270.12,269.79001,270.070007,361305
2026-04-28 13:45:00,270.070007,270.6499,270.050201,270.51999,500069
2026-04-28 14:00:00,270.54001,270.91501,270.12009,270.51999,1339683
2026-04-28 14:15:00,270.51999,270.73999,270.45001,270.5,564261
2026-04-28 14:30:00,270.5,270.54001,270.17999,270.23001,593109
2026-04-28 14:45:00,270.22501,270.29001,269.89001,270.060089,513094
2026-04-28 15:00:00,270.065002,270.45001,270.019989,270.45001,519703
2026-04-28 15:15:00,270.44,270.63,270.125,270.22501,674259
2026-04-28 15:30:00,270.23001,270.59,269.995,270.54001,749222
2026-04-28 15:45:00,270.54999,270.94501,270.50089,270.76001,2366319
2026-04-29 09:30:00,267.54999,269.0,267.040009,268.50009,2581280
2026-04-29 09:45:00,268.51001,269.56,268.51001,269.28119,1088979
2026-04-29 10:00:00,269.26999,270.3118,269.20001,269.505,1303491
2026-04-29 10:15:00,269.52161,269.67899,269.049988,269.39999,672580
2026-04-29 10:30:00,269.41,269.47,269.030396,269.39001,585382
2026-04-29 10:45:00,269.42999,269.92999,269.28,269.32001,563132
2026-04-29 11:00:00,269.30499,269.42001,268.84,268.91501,712864
2026-04-29 11:15:00,268.92001,269.14001,268.73001,268.84,583539
2026-04-29 11:30:00,268.82449,269.27011,268.60031,269.035004,677557
2026-04-29 11:45:00,269.079987,269.26001,268.20001,268.63,820175
2026-04-29 12:00:00,268.64999,269.099792,268.6207,269.0050049,446604
2026-04-29 12:15:00,268.98999,270.14661,268.72,269.82501,920940
2026-04-29 12:30:00,269.82999,270.22989,269.75,270.20001,584331
2026-04-29 12:45:00,270.2002,271.040009,270.089996,270.95001,740173
2026-04-29 13:00:00,270.97,270.98001,270.10999,270.13501,411390
2026-04-29 13:15:00,270.13501,270.23999,269.91,270.20001,427724
2026-04-29 13:30:00,270.20999,270.53989,270.14001,270.35999,353456
2026-04-29 13:45:00,270.35999,270.59,270.11499,270.17001,394014
2026-04-29 14:00:00,270.20999,270.22,269.64001,270.040009,510746
2026-04-29 14:15:00,270.019989,270.26001,269.73001,269.73999,385537
2026-04-29 14:30:00,269.73499,270.20001,269.487,269.5098,476992
2026-04-29 14:45:00,269.51999,270.084991,269.37,270.075012,473339
2026-04-29 15:00:00,270.070007,270.44501,270.070007,270.26001,509536
2026-04-29 15:15:00,270.26001,270.37,270.10501,270.28,427305
2026-04-29 15:30:00,270.26999,270.35999,269.70999,269.85999,715721
2026-04-29 15:45:00,269.84,270.32999,269.60999,270.19,2341757
2026-04-30 09:30:00,270.5,270.88751,268.14001,269.070007,3914894
2026-04-30 09:45:00,269.070007,270.70999,269.040009,270.60001,1848535
2026-04-30 10:00:00,270.60001,272.20001,270.5495,271.19,2464244
2026-04-30 10:15:00,271.20001,272.079987,271.01001,271.91901,1549746
2026-04-30 10:30:00,271.88,272.20999,270.92001,271.47,1185567
2026-04-30 10:45:00,271.48499,271.64001,270.73001,270.8605,977570
2026-04-30 11:00:00,270.85999,271.47,270.76001,271.29001,838380
2026-04-30 11:15:00,271.29001,271.63,270.95001,271.51999,1121080
2026-04-30 11:30:00,271.52499,271.935,271.22751,271.63,830909
2026-04-30 11:45:00,271.64001,271.98001,271.17999,271.92001,703165
2026-04-30 12:00:00,271.94989,272.62,271.76089,272.60001,792950
2026-04-30 12:15:00,272.60001,273.099915,272.30621,273.059998,1896471
2026-04-30 12:30:00,273.079987,273.76001,272.92001,272.98141,1775929
2026-04-30 12:45:00,272.97,272.98999,271.70999,271.95999,925713
2026-04-30 13:00:00,271.95999,272.57999,271.67999,272.31,882154
2026-04-30 13:15:00,272.29001,272.81,272.020111,272.785,870222
2026-04-30 13:30:00,272.81,273.76001,272.79999,273.70999,1160616
2026-04-30 13:45:00,273.72501,273.85999,273.5,273.62,929099
2026-04-30 14:00:00,273.61499,274.20001,273.57001,273.98001,1085256
2026-04-30 14:15:00,273.98999,274.07901,273.4498,273.60001,873074
2026-04-30 14:30:00,273.57999,273.94,273.5,273.63,749088
2026-04-30 14:45:00,273.62241,273.90991,273.040009,273.095001,1007818
2026-04-30 15:00:00,273.080109,274.25,272.82001,274.22,1299310
2026-04-30 15:15:00,274.22,274.48999,273.98999,274.48999,1478054
2026-04-30 15:30:00,274.47,274.53,273.89999,274.48999,1808274
2026-04-30 15:45:00,274.48001,275.94,270.34,271.35999,12429991
2026-05-01 09:30:00,278.94,283.75,278.37,282.10999,14396276
2026-05-01 09:45:00,282.019989,284.74991,281.42001,283.95001,5658908
2026-05-01 10:00:00,283.95001,287.20999,283.84,286.10001,6637287
2026-05-01 10:15:00,286.11499,286.45999,285.040009,285.34,3366025
2026-05-01 10:30:00,285.34009,285.60001,282.29999,282.39001,3210946
2026-05-01 10:45:00,282.38,283.72,282.01001,282.60999,2129079
2026-05-01 11:00:00,282.64999,283.535,281.45999,283.5325,2053924
2026-05-01 11:15:00,283.53,284.2692,283.26001,283.95001,1895250
2026-05-01 11:30:00,283.95499,284.94,283.20001,284.81,1702481
2026-05-01 11:45:00,284.79999,285.48999,284.39999,284.75,2345429
2026-05-01 12:00:00,284.70999,285.0,283.81,283.97,1630443
2026-05-01 12:15:00,283.965,284.76999,283.34,283.95499,4015227
2026-05-01 12:30:00,283.95499,284.10999,282.92999,282.92999,1282828
2026-05-01 12:45:00,282.94501,283.6199,282.39511,283.117,1714870
2026-05-01 13:00:00,283.13,283.5,282.47,282.67001,1040832
2026-05-01 13:15:00,282.67001,283.10001,282.41,282.81,1021628
2026-05-01 13:30:00,282.80499,282.82001,282.029999,282.10001,983531
2026-05-01 13:45:00,282.10001,282.37991,281.42499,281.47501,1242040
2026-05-01 14:00:00,281.47501,281.54001,280.64011,280.715,1330624
2026-05-01 14:15:00,280.69,281.35999,280.69,281.23001,1235637
2026-05-01 14:30:00,281.23999,281.23999,280.14999,280.7695,1321852
2026-05-01 14:45:00,280.73999,280.97641,280.2001,280.45001,930426
2026-05-01 15:00:00,280.45999,280.89001,280.29501,280.76999,1024006
2026-05-01 15:15:00,280.76999,280.85001,279.73999,280.34991,1547891
2026-05-01 15:30:00,280.34,280.64001,279.88,280.21991,1540982
2026-05-01 15:45:00,280.215,280.69,279.60999,280.14999,4294843
2026-05-04 09:30:00,279.655,280.63,276.16,276.78,5160796
2026-05-04 09:45:00,276.79001,277.67001,275.41,275.45001,2919276
2026-05-04 10:00:00,275.435,276.125,274.86011,276.10501,2236300
2026-05-04 10:15:00,276.10999,276.47,275.70001,276.2536,1527284
2026-05-04 10:30:00,276.27499,277.84,276.070007,277.72501,1903371
2026-05-04 10:45:00,277.73001,278.0,277.11499,277.32999,1094208
2026-05-04 11:00:00,277.32001,277.88,277.01001,277.54001,1046167
2026-05-04 11:15:00,277.54001,277.66,276.67001,276.83499,1051730
2026-05-04 11:30:00,276.85001,277.37,276.45999,277.215,810008
2026-05-04 11:45:00,277.20001,277.26999,276.6701,276.85999,634457
2026-05-04 12:00:00,276.82999,276.89001,275.45001,275.92999,1065774
2026-05-04 12:15:00,275.93399,276.26999,275.53009,276.089996,784072
2026-05-04 12:30:00,276.10001,277.059998,275.98001,276.88931,603233
2026-05-04 12:45:00,276.89001,277.0,276.33011,276.83511,687131
2026-05-04 13:00:00,276.82901,277.10959,276.78,276.87,534945
2026-05-04 13:15:00,276.88,277.34,276.79001,277.040009,561133
2026-05-04 13:30:00,277.059998,277.29031,276.82001,277.029999,657331
2026-05-04 13:45:00,277.049988,277.29001,276.70471,277.090607,557444
2026-05-04 14:00:00,277.089996,277.42001,276.95999,276.95999,572442
2026-05-04 14:15:00,276.95001,277.029907,276.63,276.76999,635401
2026-05-04 14:30:00,276.76999,276.95001,276.38,276.38989,400659
2026-05-04 14:45:00,276.39001,276.77991,276.26001,276.6575,611504
2026-05-04 15:00:00,276.66501,277.040009,276.47,277.024994,858720
2026-05-04 15:15:00,277.024994,277.67001,276.94,277.078491,1243652
2026-05-04 15:30:00,277.079987,277.32001,277.01001,277.065002,986164
2026-05-04 15:45:00,277.049988,277.19891,276.51001,276.84,3138422
2026-05-05 09:30:00,276.89999,279.98001,276.50101,278.70499,3681724
2026-05-05 09:45:00,278.69,279.74991,278.58261,279.57001,1772858
2026-05-05 10:00:00,279.58499,280.25,279.35999,279.60501,1587126
2026-05-05 10:15:00,279.60999,281.38,278.82001,281.19,1959858
2026-05-05 10:30:00,281.17999,283.20999,281.16,282.17001,2569071
2026-05-05 10:45:00,282.17999,282.17999,279.89999,280.52701,1538703
2026-05-05 11:00:00,280.51251,281.029999,280.10001,280.35001,1098869
2026-05-05 11:15:00,280.35501,280.57999,279.70999,280.22,914838
2026-05-05 11:30:00,280.23001,280.33499,279.85001,279.98001,631077
2026-05-05 11:45:00,279.95999,280.27499,279.845,280.17999,663537
2026-05-05 12:00:00,280.17001,280.922,280.019989,280.81339,744910
2026-05-05 12:15:00,280.82001,281.56,280.82001,281.39999,1000525
2026-05-05 12:30:00,281.39001,282.45001,281.32999,282.23999,1179338
2026-05-05 12:45:00,282.245,282.70001,282.089996,282.55499,881618
2026-05-05 13:00:00,282.54001,282.7999,281.70001,281.82999,886302
2026-05-05 13:15:00,281.83749,284.57001,281.79999,282.815,2199138
2026-05-05 13:30:00,282.81,282.95001,282.35269,282.4823,622602
2026-05-05 13:45:00,282.51999,283.35001,282.4801,283.31,1042903
2026-05-05 14:00:00,283.31989,284.14999,283.245,283.78549,1182602
2026-05-05 14:15:00,283.79001,284.28,283.60999,284.25009,1109436
2026-05-05 14:30:00,284.255,284.26001,283.42001,283.63,872096
2026-05-05 14:45:00,283.63,284.10001,283.53079,283.715,792693
2026-05-05 15:00:00,283.72009,284.35001,283.685,284.16,876080
2026-05-05 15:15:00,284.14001,284.45001,283.92001,284.20999,1065403
2026-05-05 15:30:00,284.22,284.32999,283.87,284.19,1292551
2026-05-05 15:45:00,284.19,284.32001,283.45001,284.17001,3402661
2026-05-06 09:30:00,281.91501,283.41,281.075012,282.95001,4439283
2026-05-06 09:45:00,282.97501,286.24899,282.58011,286.14001,2896241
2026-05-06 10:00:00,286.14999,286.60999,285.59961,286.39499,2217482
2026-05-06 10:15:00,286.41,286.72,285.57001,286.10999,1723782
2026-05-06 10:30:00,286.13,286.34,285.019989,285.079987,2142188
2026-05-06 10:45:00,285.079987,285.19,284.59,284.87,1230617
2026-05-06 11:00:00,284.86499,285.41,283.88,284.20499,1358188
2026-05-06 11:15:00,284.19,284.78,284.089996,284.73999,1960635
2026-05-06 11:30:00,284.73999,285.79999,284.64999,285.51001,1129306
2026-05-06 11:45:00,285.51999,286.0,284.95999,285.595,1611047
2026-05-06 12:00:00,285.595,285.73001,285.20999,285.31,662446
2026-05-06 12:15:00,285.31,286.37,285.255,286.26001,1124644
2026-05-06 12:30:00,286.255,286.64999,285.85999,286.63501,720533
2026-05-06 12:45:00,286.63501,287.13,285.70999,286.23001,1270703
2026-05-06 13:00:00,286.25,286.82001,285.78,286.73001,948246
2026-05-06 13:15:00,286.73001,287.040009,286.67999,286.73499,750451
2026-05-06 13:30:00,286.73001,287.099915,286.57001,286.69,650998
2026-05-06 13:45:00,286.70001,287.75,286.60999,287.664,1100606
2026-05-06 14:00:00,287.66,287.85001,286.71011,286.98001,1238699
2026-05-06 14:15:00,286.97,287.57999,286.79501,287.17999,888149
2026-05-06 14:30:00,287.16589,287.22501,286.67001,287.089996,1075836
2026-05-06 14:45:00,287.095001,287.37,286.66501,287.30151,856263
2026-05-06 15:00:00,287.30499,287.63,287.20499,287.60001,1005150
2026-05-06 15:15:00,287.60999,287.89999,287.44,287.76001,1221223
2026-05-06 15:30:00,287.76001,287.76001,287.23999,287.255,1468582
2026-05-06 15:45:00,287.23999,288.029999,287.040009,287.53,4285097
2026-05-07 09:30:00,289.26999,290.32999,288.20001,289.64001,4812095
2026-05-07 09:45:00,289.64001,291.059998,288.84,291.029999,2460691
2026-05-07 10:00:00,291.01001,292.13,290.29001,290.32999,2741000
2026-05-07 10:15:00,290.35001,291.13,289.73999,290.47,1882206
2026-05-07 10:30:00,290.47,290.8299,289.92001,290.73001,1093878
2026-05-07 10:45:00,290.72501,291.10999,290.10001,290.97949,1141452
2026-05-07 11:00:00,290.965,291.23001,290.41,291.019989,1048185
2026-05-07 11:15:00,291.020111,291.39001,290.20001,290.2001,905562
2026-05-07 11:30:00,290.20001,290.73999,289.63,289.87,986461
2026-05-07 11:45:00,289.83011,290.029999,289.080109,289.31931,958055
2026-05-07 12:00:00,289.29999,289.63,288.78,289.51999,965071
2026-05-07 12:15:00,289.51999,289.70001,289.17999,289.41,786817
2026-05-07 12:30:00,289.42499,289.655,288.88,289.28,822181
2026-05-07 12:45:00,289.27499,289.32999,288.23999,288.62991,870568
2026-05-07 13:00:00,288.6301,289.32999,288.5,289.22,643396
2026-05-07 13:15:00,289.20999,289.57999,288.48001,288.76501,792011
2026-05-07 13:30:00,288.745,289.01001,288.57001,288.76999,464142
2026-05-07 13:45:00,288.75,289.14999,287.89999,289.10999,864263
2026-05-07 14:00:00,289.13,289.28,288.73001,288.84,659666
2026-05-07 14:15:00,288.84,289.76999,288.26999,288.26999,1017449
2026-05-07 14:30:00,288.28,288.34,287.35999,287.47,807101
2026-05-07 14:45:00,287.48499,287.56,286.85999,287.42001,999626
2026-05-07 15:00:00,287.405,287.45499,285.78,286.375,1945920
2026-05-07 15:15:00,286.375,286.87,286.19,286.73999,1188364
2026-05-07 15:30:00,286.73499,287.29501,286.54501,286.91,1013476
2026-05-07 15:45:00,286.89001,287.56,286.28,287.47,2240990
2026-05-08 09:30:00,290.10999,293.66,290.0,293.39999,5766310
2026-05-08 09:45:00,293.38,294.55499,293.17999,293.89099,2462257
2026-05-08 10:00:00,293.91,293.98001,292.51999,293.26501,1638613
2026-05-08 10:15:00,293.28,293.95001,292.745,293.785,1489711
2026-05-08 10:30:00,293.76999,294.45999,293.69,294.35999,2011027
2026-05-08 10:45:00,294.33121,294.76001,293.39999,293.56,2059094
2026-05-08 11:00:00,293.54001,294.23001,293.029999,293.11499,1436954
2026-05-08 11:15:00,293.13501,293.41,292.42001,292.85001,1772235
2026-05-08 11:30:00,292.85001,293.040009,292.45999,292.70001,1090456
2026-05-08 11:45:00,292.72,293.019989,292.18011,292.315,737226
2026-05-08 12:00:00,292.29999,292.85999,292.28,292.84,720117
2026-05-08 12:15:00,292.84,292.91699,292.48999,292.79999,645456
2026-05-08 12:30:00,292.79999,292.79999,291.93011,291.98001,1236512
2026-05-08 12:45:00,292.01001,292.60001,291.88,292.14001,779474
2026-05-08 13:00:00,292.13901,292.63,291.86041,292.51999,816515
2026-05-08 13:15:00,292.52499,292.59,291.75009,292.14999,1171511
2026-05-08 13:30:00,292.14001,292.62,292.10999,292.28,623871
2026-05-08 13:45:00,292.28,292.49881,292.13501,292.13501,435230
2026-05-08 14:00:00,292.13,292.74991,292.070007,292.64001,612968
2026-05-08 14:15:00,292.62,292.85999,292.44,292.72299,775156
2026-05-08 14:30:00,292.76511,292.95001,292.60999,292.64001,671681
2026-05-08 14:45:00,292.66,292.95999,292.39001,292.88501,828412
2026-05-08 15:00:00,292.89001,293.079987,292.60999,293.024994,1072671
2026-05-08 15:15:00,293.049988,293.60001,292.92999,293.42999,1397907
2026-05-08 15:30:00,293.45001,293.85999,293.30219,293.73999,1237951
2026-05-08 15:45:00,293.73001,294.25,293.10001,293.28,4850706
2026-05-11 09:30:00,291.979,292.70001,290.29999,290.32999,4241392
2026-05-11 09:45:00,290.32999,291.75,290.23001,291.62,1616449
2026-05-11 10:00:00,291.60001,292.44,291.29999,292.26999,1898235
2026-05-11 10:15:00,292.25,293.14999,291.92999,292.045013,1471871
2026-05-11 10:30:00,292.045013,292.66,291.75,292.59,1157463
2026-05-11 10:45:00,292.58499,293.079987,292.39999,292.54999,776317
2026-05-11 11:00:00,292.53009,293.3699,292.25,293.079987,1498938
2026-05-11 11:15:00,293.070007,293.59,292.86011,293.3699,857399
2026-05-11 11:30:00,293.37,293.88,292.92001,293.23001,1164873
2026-05-11 11:45:00,293.23001,293.35001,292.45999,292.51999,926106
2026-05-11 12:00:00,292.51999,292.51999,291.82141,292.1799,959442
2026-05-11 12:15:00,292.17001,292.44,292.10001,292.41501,727229
2026-05-11 12:30:00,292.41501,292.70499,291.56,291.60001,731960
2026-05-11 12:45:00,291.60999,291.6153,290.63,290.79999,1471451
2026-05-11 13:00:00,290.80011,291.6694,290.69101,291.38,705966
2026-05-11 13:15:00,291.35001,292.023987,291.29999,291.94,646947
2026-05-11 13:30:00,291.93991,292.029999,291.72501,291.95999,390672
2026-05-11 13:45:00,291.95999,292.16,291.79001,292.065002,534959
2026-05-11 14:00:00,292.077515,292.98001,292.070007,292.59,910765
2026-05-11 14:15:00,292.57999,292.57999,291.73001,291.73999,750604
2026-05-11 14:30:00,291.73999,291.95999,291.54999,291.72,502067
2026-05-11 14:45:00,291.72,291.79999,291.17001,291.44,647614
2026-05-11 15:00:00,291.42001,291.67999,290.92529,291.59,655718
2026-05-11 15:15:00,291.58499,292.2099,290.85999,292.14999,1068641
2026-05-11 15:30:00,292.1459,292.47,291.81,292.0050049,882191
2026-05-11 15:45:00,291.98001,292.79999,291.94,292.73999,2425233
2026-05-12 09:30:00,292.755,293.85999,292.61499,293.59,6200497
2026-05-12 09:45:00,293.54999,294.172,292.75,294.054993,1689759
2026-05-12 10:00:00,294.079987,294.45001,293.13,294.44931,1780652
2026-05-12 10:15:00,294.45001,294.81,293.66,293.93991,1441834
2026-05-12 10:30:00,293.91,294.71881,293.25,294.685,1248915
2026-05-12 10:45:00,294.67001,294.84,293.97,294.8201,986263
2026-05-12 11:00:00,294.82001,294.8999,293.82001,293.88,1074076
2026-05-12 11:15:00,293.89001,294.42001,293.76001,294.37,1007518
2026-05-12 11:30:00,294.35999,294.45001,293.45999,294.14499,681132
2026-05-12 11:45:00,294.16,294.45999,293.63,294.45001,730272
2026-05-12 12:00:00,294.45999,294.78,293.72501,293.85501,833275
2026-05-12 12:15:00,293.845,294.26001,293.57999,293.95999,570629
2026-05-12 12:30:00,293.95001,294.59,293.78,294.29001,598140
2026-05-12 12:45:00,294.29001,294.32001,293.51999,293.88501,839567
2026-05-12 13:00:00,293.89999,294.56,293.69,294.14999,731651
2026-05-12 13:15:00,294.14001,294.16501,293.38,293.89999,928441
2026-05-12 13:30:00,293.89999,294.35001,293.69,294.32999,1549945
2026-05-12 13:45:00,294.31,294.435,293.95001,294.29999,428232
2026-05-12 14:00:00,294.29999,294.37,293.98999,294.070007,662561
2026-05-12 14:15:00,294.070007,294.66,293.85999,294.64999,723199
2026-05-12 14:30:00,294.62,294.62,294.079987,294.375,631525
2026-05-12 14:45:00,294.39001,294.54001,294.0,294.435,714520
2026-05-12 15:00:00,294.42001,294.64001,294.19,294.59,750697
2026-05-12 15:15:00,294.60501,294.92001,294.32001,294.80069,1354705
2026-05-12 15:30:00,294.79999,294.89001,294.35999,294.67001,804529
2026-05-12 15:45:00,294.64999,295.26999,294.45001,294.87,3244573
2026-05-13 09:30:00,293.63,297.5098,293.56,296.97,6144320
2026-05-13 09:45:00,296.97,297.070007,295.37,295.39999,1757513
2026-05-13 10:00:00,295.41501,296.079987,295.125,295.57501,1600385
2026-05-13 10:15:00,295.56,296.070007,295.12,295.14999,1257410
2026-05-13 10:30:00,295.17001,296.37,295.16,296.3595,1237580
2026-05-13 10:45:00,296.35501,296.70001,296.16,296.47501,760045
2026-05-13 11:00:00,296.51001,296.82999,296.26001,296.785,1084638
2026-05-13 11:15:00,296.79401,297.25,296.52029,296.94,1267479
2026-05-13 11:30:00,296.935,298.01001,296.819,297.48001,1412701
2026-05-13 11:45:00,297.48001,297.48001,296.72079,296.92001,1012363
2026-05-13 12:00:00,296.935,297.070007,296.78,296.93579,504708
2026-05-13 12:15:00,296.92999,298.54999,296.85001,298.40009,1209335
2026-05-13 12:30:00,298.39001,299.42001,298.33099,299.29001,2027712
2026-05-13 12:45:00,299.2901,299.41,298.79001,299.14999,1177429
2026-05-13 13:00:00,299.16,299.87,299.12,299.52151,1234922
2026-05-13 13:15:00,299.51999,300.37,299.20001,300.125,2503732
2026-05-13 13:30:00,300.10999,300.72,300.0,300.535,1643714
2026-05-13 13:45:00,300.5351,300.92001,299.875,300.16501,1207347
2026-05-13 14:00:00,300.14999,300.25,299.81,300.1799,1050537
2026-05-13 14:15:00,300.17499,300.495,299.70999,299.715,968909
2026-05-13 14:30:00,299.70999,299.72,299.22,299.32999,757249
2026-05-13 14:45:00,299.32999,299.67999,299.23001,299.4101,712609
2026-05-13 15:00:00,299.42999,299.535,298.87,299.024994,938549
2026-05-13 15:15:00,299.019989,299.17999,298.61499,299.14999,956451
2026-05-13 15:30:00,299.14999,299.45001,298.88,299.44,1127134
2026-05-13 15:45:00,299.42999,299.48001,298.85001,298.88,2743373
2026-05-14 09:30:00,299.82001,300.35001,297.17001,297.63,3463359
2026-05-14 09:45:00,297.64001,298.64001,297.29999,297.39001,1380953
2026-05-14 10:00:00,297.35001,298.5,297.079987,298.35001,1086581
2026-05-14 10:15:00,298.33499,298.77039,297.9201,297.935,1214688
2026-05-14 10:30:00,297.95001,298.44,297.57999,298.44,875331
2026-05-14 10:45:00,298.435,298.87991,298.2825,298.625,977341
2026-05-14 11:00:00,298.63,299.18439,297.78,299.01001,1108348
2026-05-14 11:15:00,299.029999,299.47,298.98999,299.065002,767298
2026-05-14 11:30:00,299.070007,299.35999,298.75,299.14499,938729
2026-05-14 11:45:00,299.155,299.3317,298.76001,299.155,672665
2026-05-14 12:00:00,299.155,299.20001,298.59,298.64999,482776
2026-05-14 12:15:00,298.64999,299.029999,298.28,298.30991,1105701
2026-05-14 12:30:00,298.31,298.51251,298.0,298.13,589643
2026-05-14 12:45:00,298.10999,298.12,295.38,297.60001,2621352
2026-05-14 13:00:00,297.5701,297.98999,297.45001,297.63,688859
2026-05-14 13:15:00,297.60999,298.41,297.35999,298.38,589952
2026-05-14 13:30:00,298.409,298.62991,297.92001,298.20999,644635
2026-05-14 13:45:00,298.2001,298.51001,298.10001,298.19,685489
2026-05-14 14:00:00,298.17999,298.35501,297.54999,298.34,529500
2026-05-14 14:15:00,298.35001,298.48999,298.23499,298.37,463647
2026-05-14 14:30:00,298.36499,298.56,298.22299,298.26941,995534
2026-05-14 14:45:00,298.26001,298.78,298.23999,298.59,692181
2026-05-14 15:00:00,298.60001,298.95001,298.5,298.85501,546758
2026-05-14 15:15:00,298.85501,299.20001,298.815,299.075012,696241
2026-05-14 15:30:00,299.079987,299.079987,298.66,298.67999,761474
2026-05-14 15:45:00,298.69,298.69501,297.88,298.16501,2337232
2026-05-15 09:30:00,297.755,298.54001,296.53,297.20001,6551897
2026-05-15 09:45:00,297.17999,298.67999,296.66101,298.075012,1518699
2026-05-15 10:00:00,298.10001,299.10001,297.535,299.059998,1172522
2026-05-15 10:15:00,299.075104,299.85001,298.92001,299.29001,1208529
2026-05-15 10:30:00,299.26999,300.98001,299.23999,300.80499,1634139
2026-05-15 10:45:00,300.81,301.25,300.14999,300.92499,1852602
2026-05-15 11:00:00,300.94,302.29999,300.94,301.94501,3558399
2026-05-15 11:15:00,301.95999,302.79001,301.76001,301.96951,1481537
2026-05-15 11:30:00,301.98999,302.60001,301.35999,301.42499,1803209
2026-05-15 11:45:00,301.44,301.60001,300.64001,301.024994,1516423
2026-05-15 12:00:00,301.10001,301.48001,300.871,301.17999,650265
2026-05-15 12:15:00,301.19,301.94,300.75,301.81,979098
2026-05-15 12:30:00,301.79001,302.19,301.48499,301.91,697882
2026-05-15 12:45:00,301.91501,302.60999,301.77499,302.0,1232090
2026-05-15 13:00:00,302.0,302.72,301.75,302.66,815880
2026-05-15 13:15:00,302.655,303.20001,302.35999,303.12,1361113
2026-05-15 13:30:00,303.10001,303.14001,302.39999,302.45001,827213
2026-05-15 13:45:00,302.47,302.57001,302.10999,302.23001,976451
2026-05-15 14:00:00,302.23999,302.47,301.84,301.89999,1615502
2026-05-15 14:15:00,301.89999,301.91,301.11801,301.26501,759516
2026-05-15 14:30:00,301.28,301.31961,300.51001,301.25,844612
2026-05-15 14:45:00,301.23999,301.72971,301.095001,301.66501,912582
2026-05-15 15:00:00,301.66501,301.76001,300.7204,300.81989,1253450
2026-05-15 15:15:00,300.82001,300.82999,299.88,300.2634,1222606
2026-05-15 15:30:00,300.28,300.4678,299.79999,299.85999,956787
2026-05-15 15:45:00,299.87,300.66,299.63,300.22,3662109
2026-05-18 09:30:00,300.23999,300.63,297.36011,299.17999,3975161
2026-05-18 09:45:00,299.17999,299.20001,297.54001,298.10999,1322257
2026-05-18 10:00:00,298.070007,298.48499,296.70001,298.20801,1468692
2026-05-18 10:15:00,298.17999,298.255,297.32999,298.16501,889073
2026-05-18 10:30:00,298.14001,298.48999,296.85001,297.84131,1039091
2026-05-18 10:45:00,297.84,298.57999,297.59,298.29999,837504
2026-05-18 11:00:00,298.23001,298.25,296.45001,296.67001,1087807
2026-05-18 11:15:00,296.66,296.73499,295.48001,295.48001,895395
2026-05-18 11:30:00,295.51999,296.38,295.32999,295.70999,788582
2026-05-18 11:45:00,295.70001,296.20001,295.26999,295.84,582375
2026-05-18 12:00:00,295.84,296.31,295.63,296.289,484972
2026-05-18 12:15:00,296.29999,296.81,295.019989,295.25,613595
2026-05-18 12:30:00,295.26999,295.76001,294.91,295.38501,1668627
2026-05-18 12:45:00,295.38501,296.13,295.14999,295.89999,586495
2026-05-18 13:00:00,295.92001,295.98999,295.45999,295.61011,453087
2026-05-18 13:15:00,295.60999,296.67999,295.59,296.17029,544665
2026-05-18 13:30:00,296.185,296.37,295.84,296.25989,542478
2026-05-18 13:45:00,296.22,296.51501,296.0,296.315,399985
2026-05-18 14:00:00,296.29999,296.685,296.10999,296.19,2100673
2026-05-18 14:15:00,296.19,296.20999,295.51999,296.079987,576775
2026-05-18 14:30:00,296.1499,296.37,295.5,295.59,684934
2026-05-18 14:45:00,295.54999,295.98001,295.45001,295.98001,825119
2026-05-18 15:00:00,295.98999,297.73001,295.79999,296.51999,1217170
2026-05-18 15:15:00,296.53,297.14999,296.5,297.077301,880210
2026-05-18 15:30:00,297.089996,297.72,296.905,297.63,935532
2026-05-18 15:45:00,297.60001,297.92001,297.10001,297.89999,2056673
2026-05-19 09:30:00,296.97,300.39001,296.35001,300.045013,5332020
2026-05-19 09:45:00,300.045013,300.51001,298.95001,299.095001,1833941
2026-05-19 10:00:00,299.095001,299.10001,297.56,297.62,1358813
2026-05-19 10:15:00,297.60001,297.97989,296.84,296.91,1273710
2026-05-19 10:30:00,296.92999,297.25,296.51999,297.23499,1004313
2026-05-19 10:45:00,297.245,297.54001,296.60999,297.51001,854607
2026-05-19 11:00:00,297.48001,297.75,297.14001,297.23999,784154
2026-05-19 11:15:00,297.25,297.51999,296.98001,297.070007,588826
2026-05-19 11:30:00,297.059998,297.57999,296.87,297.22,1676227
2026-05-19 11:45:00,297.23001,297.45001,297.16,297.28,453887
2026-05-19 12:00:00,297.29001,297.39999,296.36499,296.535,621850
2026-05-19 12:15:00,296.54001,297.5,296.48001,297.42499,496172
2026-05-19 12:30:00,297.41,297.75,297.35999,297.66,403736
2026-05-19 12:45:00,297.67999,298.72,297.64001,298.59991,1077383
2026-05-19 13:00:00,298.57999,298.73001,298.17499,298.70999,535193
2026-05-19 13:15:00,298.67499,298.73001,298.17181,298.24951,814843
2026-05-19 13:30:00,298.25,298.37,297.84,298.084991,559556
2026-05-19 13:45:00,298.10001,298.48691,297.95999,298.39001,409069
2026-05-19 14:00:00,298.38,298.42999,298.040009,298.26001,410177
2026-05-19 14:15:00,298.25,298.39001,297.87,297.89001,552209
2026-05-19 14:30:00,297.87,297.89999,297.60999,297.715,402650
2026-05-19 14:45:00,297.715,297.86499,297.48999,297.63,504556
2026-05-19 15:00:00,297.64999,298.39001,297.53,298.38321,775024
2026-05-19 15:15:00,298.375,298.44,297.92001,298.38,683170
2026-05-19 15:30:00,298.39001,298.42999,297.84,298.019989,723807
2026-05-19 15:45:00,298.019989,299.22,297.85001,298.98001,3097383
2026-05-20 09:30:00,298.17999,301.95001,298.089996,301.8801,3310301
2026-05-20 09:45:00,301.89999,302.37,299.92001,300.23999,1632347
2026-05-20 10:00:00,300.23999,300.28,299.20001,299.51001,1253541
2026-05-20 10:15:00,299.5336,300.35001,299.17001,299.51999,1274811
2026-05-20 10:30:00,299.51001,300.17001,299.089996,299.6199,1059777
2026-05-20 10:45:00,299.60999,300.47,299.32001,299.92999,884286
2026-05-20 11:00:00,299.92001,300.13,299.070007,299.2601,730341
2026-05-20 11:15:00,299.26001,300.51001,299.079987,299.16,1108265
2026-05-20 11:30:00,299.16,299.32999,298.67001,298.965,688926
2026-05-20 11:45:00,298.97,299.17999,298.81,299.17999,673487
2026-05-20 12:00:00,299.19,299.66,298.94,299.5722,688952
2026-05-20 12:15:00,299.57999,300.32001,299.54999,300.0050049,780392
2026-05-20 12:30:00,299.98999,300.10001,299.57001,300.01001,609992
2026-05-20 12:45:00,300.0,300.82001,299.98999,300.70999,857176
2026-05-20 13:00:00,300.71179,300.84,300.049988,300.5,614518
2026-05-20 13:15:00,300.48999,301.26999,300.48001,301.049988,760087
2026-05-20 13:30:00,301.059998,301.64999,300.91,301.31,703725
2026-05-20 13:45:00,301.32001,301.57999,300.9501,301.51501,544257
2026-05-20 14:00:00,301.51999,301.72,301.14499,301.22,903911
2026-05-20 14:15:00,301.20999,301.67999,301.19,301.47,854450
2026-05-20 14:30:00,301.47,302.23001,301.47,301.88,1014457
2026-05-20 14:45:00,301.875,302.29999,301.73001,302.20499,923147
2026-05-20 15:00:00,302.215,302.79999,301.48499,302.19,1271241
2026-05-20 15:15:00,302.17001,302.38,301.75,302.19,1015596
2026-05-20 15:30:00,302.20001,302.34,301.92001,301.95999,1034867
2026-05-20 15:45:00,301.95001,302.51999,301.85751,302.26501,2768411
2026-05-21 09:30:00,301.049988,302.47,300.39999,301.84,3738717
2026-05-21 09:45:00,301.82001,303.070007,301.63,302.75,1152880
2026-05-21 10:00:00,302.745,302.84,301.26001,301.59,988761
2026-05-21 10:15:00,301.59,302.13,301.29999,301.9509,1006362
2026-05-21 10:30:00,301.92999,302.59991,301.85999,301.98999,720447
2026-05-21 10:45:00,301.97,302.26999,301.58011,302.14999,556428
2026-05-21 11:00:00,302.155,302.92499,301.64999,302.89999,703208
2026-05-21 11:15:00,302.89511,303.35999,302.85999,303.024994,1201178
2026-05-21 11:30:00,303.024994,304.24429,302.91,303.94,1104407
2026-05-21 11:45:00,303.95239,304.029999,303.69,303.82001,564013
2026-05-21 12:00:00,303.82999,304.17001,303.73001,303.85999,851731
2026-05-21 12:15:00,303.87,303.87,303.29999,303.63699,544820
2026-05-21 12:30:00,303.62,303.78,303.22,303.73499,507918
2026-05-21 12:45:00,303.74069,303.79999,303.049896,303.41,649959
2026-05-21 13:00:00,303.42001,304.22,303.41,304.019989,838806
2026-05-21 13:15:00,304.035004,304.67999,303.87,304.591,1045175
2026-05-21 13:30:00,304.60999,304.75,304.42001,304.64499,665816
2026-05-21 13:45:00,304.64999,305.059998,304.51001,304.9201,1134058
2026-05-21 14:00:00,304.92001,305.10001,304.35999,304.56,722891
2026-05-21 14:15:00,304.56,305.0,304.48999,304.62,663070
2026-05-21 14:30:00,304.62,304.72049,304.27011,304.63,647811
2026-05-21 14:45:00,304.63,304.81,303.89001,304.20999,881785
2026-05-21 15:00:00,304.20999,305.10999,304.19,305.10999,844771
2026-05-21 15:15:00,305.10999,305.32501,305.01001,305.22681,964155
2026-05-21 15:30:00,305.22,305.539,304.73499,304.82001,1151825
2026-05-21 15:45:00,304.81,305.23999,304.51001,305.089996,3305282
2026-05-22 09:30:00,306.059998,308.95001,305.85001,307.35999,3703866
2026-05-22 09:45:00,307.32999,308.73999,307.070007,308.73401,1591705
2026-05-22 10:00:00,308.69,309.10001,308.040009,308.78,1643702
2026-05-22 10:15:00,308.77499,309.26999,308.26999,308.64001,2576154
2026-05-22 10:30:00,308.63501,309.85001,308.62,309.76999,1508124
2026-05-22 10:45:00,309.76999,310.48001,308.79919,310.32999,2872395
2026-05-22 11:00:00,310.32999,311.19,310.17001,311.17999,2067732
2026-05-22 11:15:00,311.17999,311.39999,310.76001,311.0050049,1290762
2026-05-22 11:30:00,311.0,311.040009,310.60999,310.67999,958446
2026-05-22 11:45:00,310.67999,310.75,309.85001,309.97559,982768
2026-05-22 12:00:00,309.98001,310.48999,309.72,310.40009,1329974
2026-05-22 12:15:00,310.41,310.51999,309.85999,309.92001,1429108
2026-05-22 12:30:00,309.92999,309.98999,309.23001,309.23999,834389
2026-05-22 12:45:00,309.23499,309.35999,308.82001,309.019989,788054
2026-05-22 13:00:00,309.019989,309.59,309.01001,309.5603,1000273
2026-05-22 13:15:00,309.56,309.87,309.25,309.86011,927613
2026-05-22 13:30:00,309.87,310.155,309.461,309.57019,969746
2026-05-22 13:45:00,309.60001,309.76999,309.29001,309.45001,461471
2026-05-22 14:00:00,309.45001,309.45001,308.95001,309.23001,689557
2026-05-22 14:15:00,309.215,309.51999,309.01001,309.31,478071
2026-05-22 14:30:00,309.315,309.48001,309.070007,309.34991,698390
2026-05-22 14:45:00,309.345,309.57999,309.19,309.33789,549116
2026-05-22 15:00:00,309.32001,309.37,308.94,309.315,600716
2026-05-22 15:15:00,309.34,309.35999,308.64001,308.70001,833118
2026-05-22 15:30:00,308.70001,309.17999,308.42001,308.45001,1015712
2026-05-22 15:45:00,308.45001,309.39999,307.97,308.88,3167889
2026-05-26 09:30:00,309.39999,311.48999,309.35001,310.42001,4211628
2026-05-26 09:45:00,310.45001,310.95999,309.935,310.92001,1646837
2026-05-26 10:00:00,310.905,311.634,309.88,311.5,2079870
2026-05-26 10:15:00,311.51501,311.82001,310.85999,311.72,1307541
2026-05-26 10:30:00,311.73001,311.81,310.98999,311.27499,1224764
2026-05-26 10:45:00,311.28,311.60001,310.85999,311.57001,934751
2026-05-26 11:00:00,311.54999,311.78,311.354,311.4899,933906
2026-05-26 11:15:00,311.48001,311.81,311.16,311.35999,842502
2026-05-26 11:30:00,311.38,311.57001,310.59,310.85001,1020518
2026-05-26 11:45:00,310.8501,310.9136,310.0,310.155,887107
2026-05-26 12:00:00,310.17001,310.75,309.76999,309.90881,1099977
2026-05-26 12:15:00,309.905,310.51001,309.88,310.47049,706984
2026-05-26 12:30:00,310.48499,310.76999,309.79999,309.92999,2853146
2026-05-26 12:45:00,309.92499,310.17001,309.745,310.079987,742051
2026-05-26 13:00:00,310.089996,310.29999,309.42999,309.54999,762527
2026-05-26 13:15:00,309.54999,309.73001,309.029999,309.185,851182
2026-05-26 13:30:00,309.19,309.51999,309.10999,309.13,541649
2026-05-26 13:45:00,309.11691,309.845,309.11011,309.79501,587792
2026-05-26 14:00:00,309.79501,309.95999,309.54001,309.95999,586630
2026-05-26 14:15:00,309.95001,310.20001,309.76001,309.82999,1193693
2026-05-26 14:30:00,309.84,310.059998,309.35001,309.5,491618
2026-05-26 14:45:00,309.505,309.57999,309.13,309.22,639360
2026-05-26 15:00:00,309.22,309.23001,308.51001,308.565,959500
2026-05-26 15:15:00,308.54999,308.67499,308.079987,308.37991,988970
2026-05-26 15:30:00,308.36011,308.95999,308.31,308.64999,1249510
2026-05-26 15:45:00,308.64001,308.70999,307.67001,308.38,3065815
2026-05-27 09:30:00,308.44,311.54001,308.32999,310.60501,3843204
2026-05-27 09:45:00,310.595,312.34,310.31,311.90909,2195836
2026-05-27 10:00:00,311.88,312.60001,311.45001,312.57999,1704437
2026-05-27 10:15:00,312.59,312.76999,310.81,311.26001,1738399
2026-05-27 10:30:00,311.26001,313.20001,311.19,312.73001,1886029
2026-05-27 10:45:00,312.73001,313.079987,312.19,313.059998,2926045
2026-05-27 11:00:00,313.070007,313.26001,312.44,312.45999,2152406
2026-05-27 11:15:00,312.45999,312.53799,311.47,311.77499,5024965
2026-05-27 11:30:00,311.79001,312.14001,311.0,311.075012,1094686
2026-05-27 11:45:00,311.059998,311.7999,310.7001,311.7001,1088215
2026-05-27 12:00:00,311.70001,311.7699,311.26001,311.69,1235685
2026-05-27 12:15:00,311.69,311.84,310.95999,311.23499,1536244
2026-05-27 12:30:00,311.23499,311.48499,310.81,310.85999,1020976
2026-05-27 12:45:00,310.85001,311.049988,310.38,310.60999,1215962
2026-05-27 13:00:00,310.62,311.0,310.39999,310.67001,949423
2026-05-27 13:15:00,310.67499,310.98001,310.45999,310.47,564253
2026-05-27 13:30:00,310.47,310.68991,310.32999,310.5585,452835
2026-05-27 13:45:00,310.5578,311.0,310.31,310.89001,575873
2026-05-27 14:00:00,310.89499,310.92999,310.41,310.85999,462257
2026-05-27 14:15:00,310.85999,311.0,310.66,310.82999,1192195
2026-05-27 14:30:00,310.82321,310.88,310.53,310.76999,476425
2026-05-27 14:45:00,310.76001,310.8399,310.42001,310.53,518908
2026-05-27 15:00:00,310.51001,310.72,310.049988,310.685,777215
2026-05-27 15:15:00,310.685,310.69,309.76999,309.82001,1037459
2026-05-27 15:30:00,309.82001,310.029999,309.51999,309.83499,1138972
2026-05-27 15:45:00,309.83499,311.10001,309.66,310.92999,3077279
2026-05-28 09:30:00,310.67999,310.94,309.60001,310.70001,3438148
2026-05-28 09:45:00,310.70499,312.19,310.63,311.070007,1536276
2026-05-28 10:00:00,311.089996,312.76001,310.67001,312.25,1506130
2026-05-28 10:15:00,312.32001,312.39999,311.34,311.70001,1088818
2026-05-28 10:30:00,311.70001,311.79001,311.049988,311.48499,943932
2026-05-28 10:45:00,311.48001,311.85999,311.10001,311.83499,745726
2026-05-28 11:00:00,311.83499,311.97,311.48001,311.81989,895244
2026-05-28 11:15:00,311.82001,311.95001,311.51999,311.82501,1027157
2026-05-28 11:30:00,311.82501,311.94501,310.95999,311.20499,1070356
2026-05-28 11:45:00,311.2001,311.34,310.39999,310.67001,991877
2026-05-28 12:00:00,310.67999,310.94821,310.56,310.66,699048
2026-05-28 12:15:00,310.67001,310.82999,310.3075,310.44,943135
2026-05-28 12:30:00,310.44501,310.755,309.57001,309.79999,1040772
2026-05-28 12:45:00,309.79999,310.67999,309.57001,310.57999,950508
2026-05-28 13:00:00,310.56009,311.62,310.56,310.88501,1094942
2026-05-28 13:15:00,310.88501,311.075012,310.62,310.79999,793539
2026-05-28 13:30:00,310.815,311.019989,310.62,310.66,845549
2026-05-28 13:45:00,310.655,310.76999,310.10999,310.38501,920914
2026-05-28 14:00:00,310.38501,310.82501,310.22501,310.685,835942
2026-05-28 14:15:00,310.69,311.019989,310.48999,310.84,871829
2026-05-28 14:30:00,310.79001,311.35001,310.78,310.98001,837320
2026-05-28 14:45:00,310.98001,311.18039,310.845,310.85001,805762
2026-05-28 15:00:00,310.84,310.89001,310.25,310.57001,2842908
2026-05-28 15:15:00,310.57001,311.35501,310.53,311.315,1298667
2026-05-28 15:30:00,311.315,311.57001,310.97,311.285,1408425
2026-05-28 15:45:00,311.28,312.56,311.26999,312.5,3408124
2026-05-29 09:30:00,311.77499,315.0,311.5,314.019989,4482210
2026-05-29 09:45:00,314.01001,314.17999,312.8801,313.48499,1341464
2026-05-29 10:00:00,313.48001,313.73999,312.82001,313.31,1228217
2026-05-29 10:15:00,313.29999,313.89999,312.81989,313.67499,1402574
2026-05-29 10:30:00,313.66,314.059998,312.89999,312.995,1410216
2026-05-29 10:45:00,313.0,313.0,311.14499,311.44,1784322
2026-05-29 11:00:00,311.35999,311.47,310.42001,310.83499,1594028
2026-05-29 11:15:00,310.85001,312.0,310.83011,311.79999,1037692
2026-05-29 11:30:00,311.82999,312.019989,311.23999,311.29001,705943
2026-05-29 11:45:00,311.29001,311.36499,310.57999,310.57999,913393
2026-05-29 12:00:00,310.60001,311.3598,310.45001,311.13269,622411
2026-05-29 12:15:00,311.13501,311.48999,310.86499,311.19009,548232
2026-05-29 12:30:00,311.20001,311.69,311.059998,311.39999,597589
2026-05-29 12:45:00,311.39999,311.42001,310.85001,311.079987,455683
2026-05-29 13:00:00,311.089996,311.10001,310.39999,310.70001,1174929
2026-05-29 13:15:00,310.70999,310.73999,310.20001,310.42001,1132705
2026-05-29 13:30:00,310.42001,310.56,309.91,310.045013,994718
2026-05-29 13:45:00,310.040009,310.12,309.53,309.57001,893068
2026-05-29 14:00:00,309.57001,310.27499,309.53,310.090088,1009882
2026-05-29 14:15:00,310.10999,310.35999,310.035004,310.26001,581854
2026-05-29 14:30:00,310.26001,310.69,310.25,310.57001,972254
2026-05-29 14:45:00,310.57999,310.76999,310.20999,310.57999,534970
2026-05-29 15:00:00,310.57999,311.63,310.57999,311.57999,1707081
2026-05-29 15:15:00,311.569,311.63,310.89499,311.44501,831451
2026-05-29 15:30:00,311.45001,311.98999,311.35999,311.73999,1058015
2026-05-29 15:45:00,311.76001,313.10999,311.59,312.070007,4265683
2026-06-01 09:30:00,309.535,310.92999,308.5,309.52551,5211777
2026-06-01 09:45:00,309.54999,310.62,309.14999,310.040009,1731103
2026-06-01 10:00:00,310.079987,310.25,309.12,309.70901,1649032
2026-06-01 10:15:00,309.70001,310.14999,307.79999,307.84,1583287
2026-06-01 10:30:00,307.81,308.47,307.35001,307.79999,1697371
2026-06-01 10:45:00,307.82999,307.82999,306.56,306.97,1736690
2026-06-01 11:00:00,306.97,307.5386,306.29999,306.81,1316293
2026-06-01 11:15:00,306.8399,307.089996,306.47,306.5751,940652
2026-06-01 11:30:00,306.56,307.26001,306.51999,306.79999,1485347
2026-06-01 11:45:00,306.80499,307.040009,306.45001,306.84,956232
2026-06-01 12:00:00,306.82999,306.98001,306.059998,306.060089,820044
2026-06-01 12:15:00,306.059998,306.22,305.48999,305.72,910187
2026-06-01 12:30:00,305.73999,306.20001,305.64999,306.070007,761763
2026-06-01 12:45:00,306.070007,306.53,305.89499,306.19501,1220311
2026-06-01 13:00:00,306.22,306.25,305.029999,305.73001,927052
2026-06-01 13:15:00,305.73001,306.51001,305.25,306.47,796709
2026-06-01 13:30:00,306.51999,308.019989,306.31,307.79001,1228711
2026-06-01 13:45:00,307.79001,308.39999,307.53009,307.76001,1269837
2026-06-01 14:00:00,307.76999,307.79999,307.29001,307.47501,646814
2026-06-01 14:15:00,307.48999,307.95001,307.38501,307.87,623134
2026-06-01 14:30:00,307.86499,308.32501,307.61499,307.87009,1004971
2026-06-01 14:45:00,307.88,308.0,307.32999,307.55499,822719
2026-06-01 15:00:00,307.54999,308.049988,307.48001,307.54501,1059791
2026-06-01 15:15:00,307.54501,307.97,307.35999,307.42999,1060977
2026-06-01 15:30:00,307.435,308.040009,307.35001,307.73001,1208949
2026-06-01 15:45:00,307.73001,307.82999,305.90991,306.32001,4052987
2026-06-02 09:30:00,307.45999,309.89001,306.72,309.12,3581841
2026-06-02 09:45:00,309.10999,309.35001,308.26169,309.070007,1408489
2026-06-02 10:00:00,309.049988,309.48001,308.535,308.64999,1023477
2026-06-02 10:15:00,308.63599,310.47,308.62,310.34,1397852
2026-06-02 10:30:00,310.375,310.45001,309.67999,309.76001,1044243
2026-06-02 10:45:00,309.78,310.76001,309.26001,310.51001,1126786
2026-06-02 11:00:00,310.54999,312.26999,310.42001,311.97501,1478995
2026-06-02 11:15:00,311.97,312.92999,311.73001,312.70999,1245411
2026-06-02 11:30:00,312.70001,313.029999,312.35999,312.88,1126052
2026-06-02 11:45:00,312.88,313.14999,312.35141,312.42499,1039802
2026-06-02 12:00:00,312.42001,312.85999,312.1001,312.496,784594
2026-06-02 12:15:00,312.5,312.57001,312.040009,312.48999,667212
2026-06-02 12:30:00,312.48001,312.55991,311.89999,312.065002,761972
2026-06-02 12:45:00,312.060089,314.47009,312.049988,314.29001,1456367
2026-06-02 13:00:00,314.29001,315.01001,314.285,314.98499,1765602
2026-06-02 13:15:00,314.99991,315.10001,314.079987,314.67999,1305763
2026-06-02 13:30:00,314.67999,315.28,314.32999,314.82999,1040016
2026-06-02 13:45:00,314.82751,315.45001,314.47,314.70499,1019322
2026-06-02 14:00:00,314.70499,314.94,314.35001,314.35001,757806
2026-06-02 14:15:00,314.34851,314.34851,313.755,314.23999,966101
2026-06-02 14:30:00,314.25989,314.51501,314.19,314.37,760902
2026-06-02 14:45:00,314.37,314.85999,314.255,314.64999,833969
2026-06-02 15:00:00,314.66,315.22,314.655,314.745,954686
2026-06-02 15:15:00,314.745,315.059998,314.69,314.76501,932840
2026-06-02 15:30:00,314.76001,315.12,314.75,314.965,990907
2026-06-02 15:45:00,314.965,315.44,314.029999,315.19,3605560
2026-06-03 09:30:00,314.17499,316.94,314.0,316.63,4000334
2026-06-03 09:45:00,316.60501,316.76999,314.81,314.89001,2402870
2026-06-03 10:00:00,314.85999,315.95999,314.19,315.8399,1779526
2026-06-03 10:15:00,315.81,315.92001,314.26001,314.35001,1213459
2026-06-03 10:30:00,314.37,314.64999,313.015015,313.02951,1601107
2026-06-03 10:45:00,313.039001,313.10001,311.14001,311.51001,1993288
2026-06-03 11:00:00,311.51001,311.918,310.39999,310.6004,1640433
2026-06-03 11:15:00,310.60001,311.87,310.31,311.66,1314318
2026-06-03 11:30:00,311.64001,312.19,311.16,311.53,2881636
2026-06-03 11:45:00,311.53,311.72,311.25,311.49991,978410
2026-06-03 12:00:00,311.48999,311.82919,310.92999,311.28,775182
2026-06-03 12:15:00,311.29001,311.32999,309.51001,309.7601,1917396
2026-06-03 12:30:00,309.76001,310.070007,309.32001,309.745,1092450
2026-06-03 12:45:00,309.98001,310.465,309.75101,310.26001,868532
2026-06-03 13:00:00,310.28,310.32001,309.1571,309.22,801843
2026-06-03 13:15:00,309.22,309.37,308.85001,309.20999,886182
2026-06-03 13:30:00,309.19501,309.715,308.98001,309.48001,605411
2026-06-03 13:45:00,309.45999,309.59,309.25,309.31,590263
2026-06-03 14:00:00,309.33499,309.73001,309.01001,309.32501,662929
2026-06-03 14:15:00,309.31,309.98001,309.29001,309.84,614728
2026-06-03 14:30:00,309.84,309.94,309.26999,309.5762,669433
2026-06-03 14:45:00,309.57501,309.905,309.5701,309.82001,652369
2026-06-03 15:00:00,309.815,310.0,309.48999,309.85999,748627
2026-06-03 15:15:00,309.85501,310.54001,309.79999,310.41501,1053332
2026-06-03 15:30:00,310.41501,311.10001,310.39999,310.92221,1289129
2026-06-03 15:45:00,310.92999,310.98999,309.20001,310.38,5273517
2026-06-04 09:30:00,313.30499,313.54001,310.43591,311.89001,5517795
2026-06-04 09:45:00,311.89999,312.47,310.84,312.38,1457485
2026-06-04 10:00:00,312.36499,312.37,310.79999,311.39771,1445792
2026-06-04 10:15:00,311.42499,311.875,309.90009,310.25,1218937
2026-06-04 10:30:00,310.26001,310.85001,310.059998,310.4201,944619
2026-06-04 10:45:00,310.42999,310.76001,309.79999,310.42999,1038787
2026-06-04 11:00:00,310.42999,311.35001,310.42499,310.85501,899030
2026-06-04 11:15:00,310.85999,311.29999,310.23001,310.39999,719304
2026-06-04 11:30:00,310.41,310.57001,309.64999,310.19,796684
2026-06-04 11:45:00,310.17999,310.42001,309.97,310.37,842807
2026-06-04 12:00:00,310.39999,310.9599,310.26001,310.85501,833069
2026-06-04 12:15:00,310.85001,311.10999,310.57999,310.63,630271
2026-06-04 12:30:00,310.63,311.4899,310.48001,311.41,1024144
2026-06-04 12:45:00,311.41,311.79001,311.0,311.405,1139043
2026-06-04 13:00:00,311.41,311.70001,310.95999,311.070007,762184
2026-06-04 13:15:00,311.070007,311.70499,310.98001,311.66501,589236
2026-06-04 13:30:00,311.67001,311.97501,311.63,311.69,570318
2026-06-04 13:45:00,311.6799,311.69,311.185,311.23999,529930
2026-06-04 14:00:00,311.23001,311.465,310.98999,311.3165,593320
2026-06-04 14:15:00,311.32001,311.64999,311.23499,311.42001,513349
2026-06-04 14:30:00,311.41,311.97501,311.35919,311.95499,655391
2026-06-04 14:45:00,311.95511,311.98999,311.44009,311.73001,633051
2026-06-04 15:00:00,311.72501,311.8999,311.66,311.82501,585660
2026-06-04 15:15:00,311.82501,312.070007,311.71451,311.94,738837
2026-06-04 15:30:00,311.94,311.95999,311.040009,311.41,912485
2026-06-04 15:45:00,311.41,311.95001,310.26001,311.16,3237992
2026-06-05 09:30:00,312.98999,314.26999,312.39999,313.68991,3837240
2026-06-05 09:45:00,313.69,314.5,312.97,313.66,2421141
2026-06-05 10:00:00,313.67001,313.75,312.5,313.56,2311317
2026-06-05 10:15:00,313.57501,315.17001,313.14999,313.42499,2091001
2026-06-05 10:30:00,313.42001,314.75,313.10001,314.15509,1419507
2026-06-05 10:45:00,314.14999,314.26001,312.23999,312.98001,1271956
2026-06-05 11:00:00,313.0,313.48999,312.97,313.0,871124
2026-06-05 11:15:00,313.011414,313.57001,312.62,313.42999,1183891
2026-06-05 11:30:00,313.42001,314.1499,313.35501,313.5,1414933
2026-06-05 11:45:00,313.5,313.621,312.87,313.42999,792621
2026-06-05 12:00:00,313.42001,313.54999,312.64999,313.14001,1041699
2026-06-05 12:15:00,313.13791,313.245,311.85001,312.0,1285582
2026-06-05 12:30:00,312.0050049,312.14999,310.79999,311.059998,1675947
2026-06-05 12:45:00,311.040009,311.67999,310.66,310.88,2905797
2026-06-05 13:00:00,310.89999,311.0,309.57999,310.51501,2053357
2026-06-05 13:15:00,310.51501,311.51999,310.35999,311.51001,1087006
2026-06-05 13:30:00,311.495,312.0,311.38,311.70999,986883
2026-06-05 13:45:00,311.72,312.64169,311.66531,312.51999,954486
2026-06-05 14:00:00,312.54001,312.64999,311.89001,312.039886,978458
2026-06-05 14:15:00,312.0,312.79999,311.47,311.526,1515700
2026-06-05 14:30:00,311.54001,312.019989,310.019989,310.089996,2673033
2026-06-05 14:45:00,310.10001,310.57001,309.45999,309.47,4699244
2026-06-05 15:00:00,309.47,309.67999,308.23999,308.465,2124919
2026-06-05 15:15:00,308.44,308.91,307.14999,308.91,2439476
2026-06-05 15:30:00,308.88,308.98001,307.92999,308.10001,1935809
2026-06-05 15:45:00,308.089996,308.82001,307.35999,307.39001,5340785
2026-06-08 09:30:00,308.73901,315.17001,308.522,311.48999,6266305
2026-06-08 09:45:00,311.495,312.76999,310.60501,310.92001,1760237
2026-06-08 10:00:00,310.95999,312.42999,310.745,310.92999,1459231
2026-06-08 10:15:00,310.91,312.27621,309.9169,311.97501,1375952
2026-06-08 10:30:00,311.95999,312.95999,311.78,312.87,1336093
2026-06-08 10:45:00,312.89001,315.35999,312.89001,315.26999,2011571
2026-06-08 11:00:00,315.26001,315.35001,314.26199,314.285,1213280
2026-06-08 11:15:00,314.29001,314.595,313.875,313.92999,958504
2026-06-08 11:30:00,313.92999,314.2999,313.32001,314.1799,1519122
2026-06-08 11:45:00,314.20001,314.60001,313.45999,313.60999,931927
2026-06-08 12:00:00,313.62,314.39001,313.3201,314.045013,1570776
2026-06-08 12:15:00,314.049988,314.98999,313.6301,313.66501,950410
2026-06-08 12:30:00,313.67999,313.79111,312.85999,313.285,1116518
2026-06-08 12:45:00,313.28,314.089996,313.20999,313.5,1004354
2026-06-08 13:00:00,313.51001,314.5,312.59,313.45999,1958320
2026-06-08 13:15:00,313.465,314.69,312.20999,314.57001,1450273
2026-06-08 13:30:00,314.565,317.39999,308.72,308.82999,7026268
2026-06-08 13:45:00,308.845,310.29001,307.57001,308.45499,4318798
2026-06-08 14:00:00,308.5,309.040009,303.70999,304.72,5515754
2026-06-08 14:15:00,304.72,306.0,303.72369,304.85999,3067008
2026-06-08 14:30:00,304.89999,305.53,302.67999,302.82999,2711671
2026-06-08 14:45:00,302.82999,304.29001,302.76999,303.81,2053638
2026-06-08 15:00:00,303.85001,304.76999,303.5,304.25,2481684
2026-06-08 15:15:00,304.25,304.88,302.05011,302.70499,2647134
2026-06-08 15:30:00,302.70999,303.24451,301.79001,302.82999,2324818
2026-06-08 15:45:00,302.85001,302.85001,301.17001,301.57001,4974017
2026-06-09 09:30:00,300.27499,300.72,297.059998,297.26999,5624533
2026-06-09 09:45:00,297.23999,298.25,295.94,296.14999,2901642
2026-06-09 10:00:00,296.17001,296.22989,293.5,294.035004,3423784
2026-06-09 10:15:00,294.01001,294.029999,292.20999,292.53,3608395
2026-06-09 10:30:00,292.5192,293.88,291.79999,293.29001,2860573
2026-06-09 10:45:00,293.29001,293.3205,291.91,293.12,2613532
2026-06-09 11:00:00,293.14001,293.73001,292.5,293.48999,1729985
2026-06-09 11:15:00,293.48499,293.69,291.5,291.57999,1954916
2026-06-09 11:30:00,291.56,291.98001,291.12,291.20999,1916351
2026-06-09 11:45:00,291.23001,291.88,290.89999,291.17001,2029891
2026-06-09 12:00:00,291.16501,291.5,290.33701,291.029999,2101261
2026-06-09 12:15:00,291.0,291.10501,289.48001,289.5,2481972
2026-06-09 12:30:00,289.5,289.85999,287.78,288.4422,3350622
2026-06-09 12:45:00,288.44,289.41,287.81,289.16,1969214
2026-06-09 13:00:00,289.20999,290.20001,289.18011,290.01001,1584084
2026-06-09 13:15:00,290.01001,291.13,289.6301,290.45999,1599405
2026-06-09 13:30:00,290.44,290.76999,289.91,290.054993,1192581
2026-06-09 13:45:00,290.054993,290.16,289.5,289.67999,1188503
2026-06-09 14:00:00,289.69,290.10999,289.34,289.97501,1059711
2026-06-09 14:15:00,289.97501,290.95001,289.45001,290.95001,1347656
2026-06-09 14:30:00,290.94,291.79999,290.42999,290.5,1319546
2026-06-09 14:45:00,290.48001,291.5,290.37,291.32001,1125472
2026-06-09 15:00:00,291.32999,291.92001,290.97,291.054993,1309518
2026-06-09 15:15:00,291.079987,291.26999,290.29001,291.13,1305796
2026-06-09 15:30:00,291.12,291.25,289.14001,289.20999,2001677
2026-06-09 15:45:00,289.20999,291.67999,288.79999,290.35999,5034143
2026-06-10 09:30:00,290.76501,291.0,287.38,289.92499,4667700
2026-06-10 09:45:00,289.89999,290.38,288.39001,289.48999,2346021
2026-06-10 10:00:00,289.48999,291.19,289.35001,290.73999,1959675
2026-06-10 10:15:00,290.73999,290.89999,289.29001,289.73499,1632394
2026-06-10 10:30:00,289.70999,290.62,288.70999,288.745,2509424
2026-06-10 10:45:00,288.73001,289.88,288.44501,289.67001,1274804
2026-06-10 11:00:00,289.67999,290.64999,289.10001,290.42999,1075704
2026-06-10 11:15:00,290.42499,290.60001,289.64001,289.98999,1247562
2026-06-10 11:30:00,289.95001,291.51999,289.73999,291.38501,1133775
2026-06-10 11:45:00,291.37,291.54001,290.10001,291.29501,1512352
2026-06-10 12:00:00,291.29999,291.64001,290.51001,290.91501,1081373
2026-06-10 12:15:00,290.91,291.73999,290.56,291.73001,812751
2026-06-10 12:30:00,291.73999,292.98001,291.35651,292.85999,2590410
2026-06-10 12:45:00,292.84,292.89999,291.79999,292.29999,1067025
2026-06-10 13:00:00,292.3053,292.87091,291.82999,292.13,816350
2026-06-10 13:15:00,292.10999,293.22949,291.72,293.15009,1011972
2026-06-10 13:30:00,293.16,293.19501,292.52759,292.70001,1007305
2026-06-10 13:45:00,292.70499,294.070007,292.51041,294.019989,2862884
2026-06-10 14:00:00,294.01001,294.66,293.87,294.48999,1435260
2026-06-10 14:15:00,294.48001,294.745,293.98999,294.31,1060131
2026-06-10 14:30:00,294.29999,294.29999,293.35999,293.60999,972838
2026-06-10 14:45:00,293.62,293.70999,292.73001,292.87,986615
2026-06-10 15:00:00,292.88,293.35999,292.59,292.82999,1130819
2026-06-10 15:15:00,292.84,292.87991,291.62,291.92999,1525028
2026-06-10 15:30:00,291.92001,292.5853,291.73999,292.14999,1235693
2026-06-10 15:45:00,292.14001,292.94,291.39001,291.5,3695978
2026-06-11 09:30:00,293.72,293.785,290.38,292.049011,2670367
2026-06-11 09:45:00,292.045013,293.95001,291.5,291.595,1660216
2026-06-11 10:00:00,291.595,291.78,290.049988,290.22,1413797
2026-06-11 10:15:00,290.22,291.32999,289.75,290.57999,1369570
2026-06-11 10:30:00,290.60999,291.13501,289.88,290.54001,1416250
2026-06-11 10:45:00,290.54001,290.98999,289.60001,289.89999,1038056
2026-06-11 11:00:00,289.91,290.9599,289.79001,290.79999,951547
2026-06-11 11:15:00,290.81,291.82001,290.60031,291.19,879517
2026-06-11 11:30:00,291.17999,293.070007,291.061493,292.67001,1097467
2026-06-11 11:45:00,292.69,293.565,292.41,293.39499,973636
2026-06-11 12:00:00,293.40991,293.9444,291.50449,293.49011,894470
2026-06-11 12:15:00,293.51999,293.85999,292.55521,292.98499,877207
2026-06-11 12:30:00,292.95999,294.5,292.91,293.94009,946436
2026-06-11 12:45:00,293.92001,294.17001,293.63,293.75,557343
2026-06-11 13:00:00,293.76001,293.89999,293.060089,293.37,685357
2026-06-11 13:15:00,293.38,296.0,293.12,295.95499,1430770
2026-06-11 13:30:00,295.98999,297.0,295.77499,296.5705,1842057
2026-06-11 13:45:00,296.60001,296.82001,295.45001,295.78,773612
2026-06-11 14:00:00,295.76999,295.98999,295.13,295.78,742314
2026-06-11 14:15:00,295.76501,296.45001,295.45001,295.54001,803027
2026-06-11 14:30:00,295.5401,295.79001,295.23999,295.45999,598374
2026-06-11 14:45:00,295.452,296.070007,295.14999,295.20999,668617
2026-06-11 15:00:00,295.20001,295.505,295.019989,295.35999,869083
2026-06-11 15:15:00,295.38,295.60999,295.089996,295.39999,993901
2026-06-11 15:30:00,295.41,296.17999,295.26001,296.019287,1473720
2026-06-11 15:45:00,296.019989,296.040009,294.70001,295.35999,4188116
2026-06-12 09:30:00,296.079987,297.14001,291.87741,292.39499,3957276
2026-06-12 09:45:00,292.39001,292.87991,291.0,291.13501,1794118
2026-06-12 10:00:00,291.10001,292.20999,290.60999,291.95001,1988474
2026-06-12 10:15:00,291.97,293.20999,291.72,291.995,1358070
2026-06-12 10:30:00,291.98001,292.32999,290.89001,291.10999,1067378
2026-06-12 10:45:00,291.12,291.84,290.01001,291.73999,1548385
2026-06-12 11:00:00,291.745,292.88,291.60001,292.76501,1033654
2026-06-12 11:15:00,292.76501,292.98999,292.25,292.875,1027203
2026-06-12 11:30:00,292.85999,292.85999,291.5,291.85501,1219788
2026-06-12 11:45:00,291.85999,292.070007,291.029999,291.33521,747263
2026-06-12 12:00:00,291.33499,292.19989,290.81,291.94501,1037317
2026-06-12 12:15:00,291.97,292.16,291.47,291.57999,649731
2026-06-12 12:30:00,291.57001,291.72,290.84,290.98001,749268
2026-06-12 12:45:00,290.98999,291.5,290.75,291.20999,779107
2026-06-12 13:00:00,291.17999,291.79001,291.125,291.51001,869123
2026-06-12 13:15:00,291.51999,292.245,291.41,291.46011,673104
2026-06-12 13:30:00,291.48001,291.51001,290.39001,290.41,608460
2026-06-12 13:45:00,290.41,290.638,289.81,289.88,942201
2026-06-12 14:00:00,289.89999,290.59,289.62,290.26999,898856
2026-06-12 14:15:00,290.27991,290.37,289.92001,290.22501,633905
2026-06-12 14:30:00,290.22,290.70001,290.22,290.6402,590905
2026-06-12 14:45:00,290.64001,290.73999,290.42001,290.48001,707087
2026-06-12 15:00:00,290.45999,290.97,290.35999,290.62,791893
2026-06-12 15:15:00,290.63,290.89001,290.44,290.64001,952489
2026-06-12 15:30:00,290.64001,290.76501,290.19,290.5506,1003990
2026-06-12 15:45:00,290.54999,291.64001,290.5,291.079987,3019727
2026-06-15 09:30:00,294.12,295.82001,291.70001,295.059998,5081263
2026-06-15 09:45:00,295.059998,295.92999,294.66,295.35831,1710728
2026-06-15 10:00:00,295.35001,296.32861,295.059998,295.85999,1522489
2026-06-15 10:15:00,295.88501,296.2999,295.38,295.67999,1312190
2026-06-15 10:30:00,295.70999,296.34,295.39999,296.20001,1200955
2026-06-15 10:45:00,296.22,296.70001,296.16,296.483,988815
2026-06-15 11:00:00,296.5,296.89999,296.17001,296.31,956987
2026-06-15 11:15:00,296.32001,296.85001,296.29001,296.53,901579
2026-06-15 11:30:00,296.54001,297.20999,296.22,297.029999,1082897
2026-06-15 11:45:00,297.029999,297.78,297.029999,297.48001,1151676
2026-06-15 12:00:00,297.48001,297.76999,296.89011,297.075012,903960
2026-06-15 12:15:00,297.075012,297.35501,296.87009,297.23999,629261
2026-06-15 12:30:00,297.23001,297.36499,296.85001,296.95999,554427
2026-06-15 12:45:00,296.97,296.98001,296.56,296.94501,571395
2026-06-15 13:00:00,296.92001,296.92001,296.25,296.70001,749069
2026-06-15 13:15:00,296.69,297.20999,296.54999,296.66,946242
2026-06-15 13:30:00,296.66,297.0,296.39001,296.59,782832
2026-06-15 13:45:00,296.57999,296.62,295.63,295.76001,740944
2026-06-15 14:00:00,295.75,295.82639,295.16,295.64001,1004823
2026-06-15 14:15:00,295.64001,295.73999,294.95999,295.070007,905867
2026-06-15 14:30:00,295.075012,296.29001,295.01001,296.20999,1009657
2026-06-15 14:45:00,296.20001,296.405,296.155,296.39499,681063
2026-06-15 15:00:00,296.39001,296.465,296.16,296.39499,666375
2026-06-15 15:15:00,296.38071,296.60999,295.97,296.5,850936
2026-06-15 15:30:00,296.495,296.67001,295.87009,296.3201,1161525
2026-06-15 15:45:00,296.32999,296.53,295.60999,296.42001,17040859
2026-06-16 09:30:00,295.245,296.48001,293.97,295.39999,2670804
2026-06-16 09:45:00,295.40009,297.95001,295.25,297.079987,1477877
2026-06-16 10:00:00,297.084991,297.79999,296.86499,297.42001,1267295
2026-06-16 10:15:00,297.435,298.0,296.70999,297.535,1332044
2026-06-16 10:30:00,297.535,297.89001,296.95001,297.32999,1306449
2026-06-16 10:45:00,297.26999,298.0,297.26999,297.54999,1099081
2026-06-16 11:00:00,297.54001,298.23001,297.48999,298.13,1011887
2026-06-16 11:15:00,298.10999,298.45001,297.20499,298.20001,1180251
2026-06-16 11:30:00,298.22,298.43701,297.5,298.084991,813648
2026-06-16 11:45:00,298.084991,298.57001,298.0,298.17001,970067
2026-06-16 12:00:00,298.17001,299.20001,298.040009,299.095001,1422719
2026-06-16 12:15:00,299.090088,299.27499,298.73001,298.94,739645
2026-06-16 12:30:00,298.94,299.26001,298.80411,299.079987,814914
2026-06-16 12:45:00,299.065002,299.76999,299.029999,299.47,778812
2026-06-16 13:00:00,299.45001,299.70001,299.089996,299.66501,610766
2026-06-16 13:15:00,299.67001,300.48001,299.67001,300.27499,1594132
2026-06-16 13:30:00,300.26001,300.45999,299.82001,299.84,699494
2026-06-16 13:45:00,299.84,299.95001,299.35001,299.60001,655674
2026-06-16 14:00:00,299.59,299.76001,298.91,298.99011,653619
2026-06-16 14:15:00,298.97,299.079895,298.56799,298.72501,569908
2026-06-16 14:30:00,298.72009,299.63031,298.63,299.5351,749325
2026-06-16 14:45:00,299.54001,299.57001,299.16501,299.1756,891065
2026-06-16 15:00:00,299.17499,299.25,298.72,298.92001,776668
2026-06-16 15:15:00,298.92999,299.13,298.22,298.34,1010479
2026-06-16 15:30:00,298.32999,298.715,298.23001,298.57001,802962
2026-06-16 15:45:00,298.57001,299.48999,298.54999,299.25,3659560
2026-06-17 09:30:00,300.845,302.070007,299.52011,301.25,2904323
2026-06-17 09:45:00,301.23001,301.32001,299.22198,300.29999,1528483
2026-06-17 10:00:00,300.34,300.51501,299.37009,300.45001,1062316
2026-06-17 10:15:00,300.45001,300.9675,299.92999,300.45001,940974
2026-06-17 10:30:00,300.45001,300.53949,298.67999,299.60001,1279790
2026-06-17 10:45:00,299.57999,299.85001,298.35001,298.54001,1073957
2026-06-17 11:00:00,298.54999,298.69,297.089996,297.45001,988878
2026-06-17 11:15:00,297.44501,298.14001,297.20001,297.42999,714169
2026-06-17 11:30:00,297.42999,297.45999,296.67001,296.82001,893087
2026-06-17 11:45:00,296.83301,298.76999,296.64001,298.55499,918525
2026-06-17 12:00:00,298.56,299.16,298.14999,298.42999,1515913
2026-06-17 12:15:00,298.44,298.87601,298.33099,298.61499,422719
2026-06-17 12:30:00,298.62979,298.745,298.23001,298.45999,576928
2026-06-17 12:45:00,298.47,298.53,298.095001,298.20001,464315
2026-06-17 13:00:00,298.20999,298.20999,296.59,296.70499,945963
2026-06-17 13:15:00,296.70001,297.23999,296.57001,296.81,625995
2026-06-17 13:30:00,296.79999,297.10999,296.42999,296.85001,539710
2026-06-17 13:45:00,296.85999,297.60001,296.85001,297.54999,461501
2026-06-17 14:00:00,297.53,297.53,295.64999,295.82999,1573935
2026-06-17 14:15:00,295.85999,296.53,295.32999,295.83499,764735
2026-06-17 14:30:00,295.82001,296.42001,295.20001,296.29999,1168167
2026-06-17 14:45:00,296.28,296.32001,294.38,294.59,1015070
2026-06-17 15:00:00,294.59,295.84,294.39001,295.54001,1151796
2026-06-17 15:15:00,295.53,295.655,294.82501,295.185,980763
2026-06-17 15:30:00,295.16,295.44,294.60001,294.94,1537856
2026-06-17 15:45:00,294.92999,296.22,294.59,295.88,2899579
2026-06-18 09:30:00,298.44,300.4599,295.62,297.69,14949133
2026-06-18 09:45:00,297.70001,298.70001,297.14999,298.27499,3600045
2026-06-18 10:00:00,298.31,299.42999,298.019989,298.98999,5846597
2026-06-18 10:15:00,298.965,299.63,298.22,299.60999,1793920
2026-06-18 10:30:00,299.61499,299.76001,298.5,299.70999,1297806
2026-06-18 10:45:00,299.69,300.57001,299.13019,299.17999,2573388
2026-06-18 11:00:00,299.23001,299.23001,297.87,298.070007,1788324
2026-06-18 11:15:00,298.089996,298.16,296.95999,297.10999,2481129
2026-06-18 11:30:00,297.10001,297.39001,296.14001,296.19,1012875
2026-06-18 11:45:00,296.19,297.62,295.95001,297.38,1607882
2026-06-18 12:00:00,297.39999,297.73001,296.69,297.084991,1749021
2026-06-18 12:15:00,297.084991,297.51999,296.94,297.48999,1862321
2026-06-18 12:30:00,297.48499,297.69,297.030609,297.48999,911274
2026-06-18 12:45:00,297.495,297.5,296.84,297.13,693046
2026-06-18 13:00:00,297.13,298.23199,297.029999,298.19501,616227
2026-06-18 13:15:00,298.20001,298.35989,297.57999,297.82001,1099082
2026-06-18 13:30:00,297.82501,297.98499,297.5,297.56,613695
2026-06-18 13:45:00,297.56049,297.85999,297.35001,297.5701,558866
2026-06-18 14:00:00,297.57501,297.63,297.019989,297.56,624192
2026-06-18 14:15:00,297.56,297.67999,297.01001,297.10999,587960
2026-06-18 14:30:00,297.14001,297.64999,297.060089,297.64499,751634
2026-06-18 14:45:00,297.64499,298.070007,297.59,297.70001,589722
2026-06-18 15:00:00,297.70999,297.76001,297.059998,297.10999,625063
2026-06-18 15:15:00,297.10999,297.5,297.0401,297.38,946675
2026-06-18 15:30:00,297.35999,297.685,297.059998,297.54999,895708
2026-06-18 15:45:00,297.54001,299.23941,297.51999,297.89001,4354813
2026-06-22 09:30:00,297.5,301.98001,297.5,301.59,3993489
2026-06-22 09:45:00,301.625,302.059998,300.5,301.73999,1538822
2026-06-22 10:00:00,301.745,302.42001,301.51999,301.85001,1925875
2026-06-22 10:15:00,301.85001,301.92499,300.88,301.20001,1210581
2026-06-22 10:30:00,301.20999,301.23001,299.56,299.70001,1336600
2026-06-22 10:45:00,299.67001,300.13,299.37,299.79999,944951
2026-06-22 11:00:00,299.80499,300.38989,299.035004,300.10989,941079
2026-06-22 11:15:00,300.095001,300.23511,299.20001,299.94,1089016
2026-06-22 11:30:00,299.94,301.26001,299.75,301.049988,771939
2026-06-22 11:45:00,301.089996,301.4299,300.26001,300.89001,711428
2026-06-22 12:00:00,300.88501,300.95901,300.32001,300.79031,811127
2026-06-22 12:15:00,300.79001,300.95001,300.14999,300.53989,656728
2026-06-22 12:30:00,300.51999,300.67999,299.91,300.17499,815905
2026-06-22 12:45:00,300.19,300.48001,299.91501,299.92001,658257
2026-06-22 13:00:00,299.92999,300.049988,299.45001,299.60501,652309
2026-06-22 13:15:00,299.62,300.13,299.62,299.81,564318
2026-06-22 13:30:00,299.815,299.85999,299.25,299.33011,683662
2026-06-22 13:45:00,299.32999,299.81989,299.25,299.31,552153
2026-06-22 14:00:00,299.31,299.32651,298.58301,298.69501,625804
2026-06-22 14:15:00,298.69751,299.20001,298.63,298.92001,593772
2026-06-22 14:30:00,298.92001,299.040009,298.59009,298.85999,502681
2026-06-22 14:45:00,298.875,299.23999,298.6604,299.070007,578390
2026-06-22 15:00:00,299.089996,299.34,298.88501,299.089996,880020
2026-06-22 15:15:00,299.089996,299.29999,298.91,299.059998,965367
2026-06-22 15:30:00,299.059998,299.089996,296.95999,297.26999,2116312
2026-06-22 15:45:00,297.28,297.67999,296.79001,296.79001,3982779
2026-06-23 09:30:00,296.5,300.57761,296.20001,300.51001,4412573
2026-06-23 09:45:00,300.47,301.64001,298.15851,299.10999,1976941
2026-06-23 10:00:00,299.084991,299.98999,298.79501,299.42999,1473782
2026-06-23 10:15:00,299.42999,300.56,298.89999,300.50659,1397185
2026-06-23 10:30:00,300.51999,300.88,299.56,300.35001,1211335
2026-06-23 10:45:00,300.37,300.48001,299.54001,300.089996,1066636
2026-06-23 11:00:00,300.089996,300.32001,299.10001,299.1478,1149969
2026-06-23 11:15:00,299.13,299.29001,298.39999,298.54999,1060666
2026-06-23 11:30:00,298.54501,298.59,297.35001,297.76001,1082737
2026-06-23 11:45:00,297.76999,298.23499,297.45999,298.065002,919099
2026-06-23 12:00:00,298.070007,298.76999,297.95001,298.17999,900525
2026-06-23 12:15:00,298.19,298.88501,298.19,298.6199,929769
2026-06-23 12:30:00,298.58499,298.85001,298.19501,298.57999,794195
2026-06-23 12:45:00,298.57999,299.28,298.42001,298.98999,923064
2026-06-23 13:00:00,299.01001,299.39499,297.88,299.040009,938454
2026-06-23 13:15:00,299.049988,299.47,298.91,299.39499,708965
2026-06-23 13:30:00,299.39499,299.79999,299.040009,299.34,763133
2026-06-23 13:45:00,299.32999,300.084991,298.89001,298.95999,917527
2026-06-23 14:00:00,298.98999,299.38,298.45001,298.76001,805526
2026-06-23 14:15:00,298.76999,298.85999,298.34,298.51999,861887
2026-06-23 14:30:00,298.52499,298.63501,297.72501,297.89999,915679
2026-06-23 14:45:00,297.89499,298.22,297.45001,297.51999,1075108
2026-06-23 15:00:00,297.51999,298.86761,296.79001,296.86899,1280507
2026-06-23 15:15:00,296.85999,296.88,295.31,295.84009,1825673
2026-06-23 15:30:00,295.84,296.42001,295.48499,295.70001,1633376
2026-06-23 15:45:00,295.73001,296.5,294.21201,294.28,6171971
2026-06-24 09:30:00,295.375,296.45999,293.20001,295.67999,2881299
2026-06-24 09:45:00,295.69,296.28,294.48001,294.76999,1312574
2026-06-24 10:00:00,294.72,295.5,294.23001,294.875,1033005
2026-06-24 10:15:00,294.89999,296.20941,294.72501,295.465,891569
2026-06-24 10:30:00,295.45999,296.60001,295.10999,296.48499,836531
2026-06-24 10:45:00,296.47,297.26001,296.45001,297.079987,928195
2026-06-24 11:00:00,297.10999,297.59,296.64999,297.48001,969444
2026-06-24 11:15:00,297.47,298.88,297.11292,298.785,1367244
2026-06-24 11:30:00,298.76001,299.5,298.16101,298.17001,1317430
2026-06-24 11:45:00,298.23001,299.70001,298.079987,299.47501,855910
2026-06-24 12:00:00,299.465,299.5,298.59,298.73001,777339
2026-06-24 12:15:00,298.75,298.89999,297.8396,298.070007,840793
2026-06-24 12:30:00,298.049988,298.049988,297.22,297.315,876775
2026-06-24 12:45:00,297.27499,297.60001,296.87,297.345,780942
2026-06-24 13:00:00,297.35999,297.38501,296.3121,296.60999,677466
2026-06-24 13:15:00,296.60999,296.94,295.79999,296.42001,1068705
2026-06-24 13:30:00,296.41,296.86441,295.76001,295.89999,1074758
2026-06-24 13:45:00,295.91611,296.32001,295.59,295.60999,820575
2026-06-24 14:00:00,295.60999,296.495,295.38,295.57001,1117423
2026-06-24 14:15:00,295.57001,296.20999,295.565,296.0,956357
2026-06-24 14:30:00,296.0,296.17999,294.88,295.20001,1308373
2026-06-24 14:45:00,295.19,295.25,294.16,295.17001,1549108
2026-06-24 15:00:00,295.19,295.44,294.79001,295.040009,1226253
2026-06-24 15:15:00,295.029999,295.23999,294.81,294.94009,1101681
2026-06-24 15:30:00,294.92999,295.14001,294.47,295.035004,1900765
2026-06-24 15:45:00,295.049988,295.37,292.94,293.26001,5715104
2026-06-25 09:30:00,287.51001,288.79999,277.88,278.16,9578191
2026-06-25 09:45:00,278.12,279.94,277.67001,278.97,5568483
2026-06-25 10:00:00,278.94501,280.17981,277.95999,278.45999,3869460
2026-06-25 10:15:00,278.44501,279.78,277.45999,279.63,3727708
2026-06-25 10:30:00,279.63501,280.089996,278.59,279.73001,2471128
2026-06-25 10:45:00,279.73001,279.98999,277.45999,277.60501,2477038
2026-06-25 11:00:00,277.60999,278.10001,276.7793,277.019989,2480258
2026-06-25 11:15:00,277.019989,278.0,276.44,277.64001,2685077
2026-06-25 11:30:00,277.66,279.47,277.59,279.25,2090482
2026-06-25 11:45:00,279.25,279.64499,277.63,277.85501,1779469
2026-06-25 12:00:00,277.89001,278.19,276.3045,276.47501,2171195
2026-06-25 12:15:00,276.48001,276.64999,274.45999,274.565,3117160
2026-06-25 12:30:00,274.565,275.0,273.75,274.745,3043945
2026-06-25 12:45:00,274.77499,275.16,274.12,275.12,3140380
2026-06-25 13:00:00,275.13501,277.53989,275.10999,277.17001,3960958
2026-06-25 13:15:00,277.18991,278.39001,277.019989,278.040009,3438882
2026-06-25 13:30:00,278.049988,278.10999,276.98001,277.065002,1629011
2026-06-25 13:45:00,277.059998,277.070007,276.19,276.78821,2430593
2026-06-25 14:00:00,276.79501,278.85999,276.22,278.29001,2187403
2026-06-25 14:15:00,278.28,280.17999,278.070007,279.345,2196485
2026-06-25 14:30:00,279.35001,280.22009,278.81,279.76999,1890503
2026-06-25 14:45:00,279.73999,279.75,279.029999,279.42499,1396703
2026-06-25 15:00:00,279.42999,279.42999,276.29999,276.53,2981721
2026-06-25 15:15:00,276.53,278.070007,276.040009,276.72501,3102268
2026-06-25 15:30:00,276.70001,277.059998,275.32999,275.375,4431924
2026-06-25 15:45:00,275.35999,277.45001,273.89999,275.049988,11193084
2026-06-26 09:30:00,275.0,278.17999,274.20999,276.89999,7382993
2026-06-26 09:45:00,276.92001,277.25,275.44,275.70001,3830859
2026-06-26 10:00:00,275.73691,278.35001,275.45999,278.19,3138370
2026-06-26 10:15:00,278.20999,278.92999,276.94,278.26001,2674582
2026-06-26 10:30:00,278.28,280.0,278.079987,279.35501,3237207
2026-06-26 10:45:00,279.37,280.22,278.92001,279.84961,2421515
2026-06-26 11:00:00,279.85001,280.47,279.17001,279.59,2311100
2026-06-26 11:15:00,279.59,280.0,278.35999,279.029999,2414668
2026-06-26 11:30:00,279.025909,279.45001,277.565,278.125,4022419
2026-06-26 11:45:00,278.13,278.37,277.0,277.16501,2882801
2026-06-26 12:00:00,277.17999,277.32001,275.56,276.0050049,2667188
2026-06-26 12:15:00,276.0050049,276.60001,275.25,275.89999,3657845
2026-06-26 12:30:00,275.89999,278.16,275.89999,278.12,2046981
2026-06-26 12:45:00,278.10501,279.37,277.92999,278.91,2445078
2026-06-26 13:00:00,278.91,279.37,278.42999,278.85999,1674372
2026-06-26 13:15:00,278.87,279.29999,278.5,279.19501,1804938
2026-06-26 13:30:00,279.17999,279.85999,279.019989,279.42001,1485854
2026-06-26 13:45:00,279.4371,279.72,278.64081,279.19501,1569245
2026-06-26 14:00:00,279.20999,281.29999,278.89001,281.05011,2840319
2026-06-26 14:15:00,281.059998,281.2999,279.5,280.19,2361830
2026-06-26 14:30:00,280.19501,281.82001,280.089996,281.17001,3219269
2026-06-26 14:45:00,281.16501,281.32999,280.26001,280.72,3284698
2026-06-26 15:00:00,280.715,281.82999,280.37,281.45001,3833782
2026-06-26 15:15:00,281.44501,281.82001,279.41,280.14999,5232321
2026-06-26 15:30:00,280.14999,281.42001,280.0,281.26001,5514668
2026-06-26 15:45:00,281.25,285.95001,281.01001,281.20001,18008359
2026-06-29 09:30:00,286.85999,288.36969,283.73499,284.015015,4206617
2026-06-29 09:45:00,284.040009,285.23999,283.522,283.95999,2652751
2026-06-29 10:00:00,283.97501,284.040009,281.72501,281.82501,1873670
2026-06-29 10:15:00,281.79999,282.375,280.45001,280.87,1896421
2026-06-29 10:30:00,280.88,282.29001,280.32999,281.52499,2871579
2026-06-29 10:45:00,281.54001,282.82999,281.26999,281.815,1808324
2026-06-29 11:00:00,281.82001,282.19971,280.70999,281.95001,2067061
2026-06-29 11:15:00,281.95001,282.42499,281.57999,282.33011,1119010
2026-06-29 11:30:00,282.3425,282.75,281.85001,282.67999,1669529
2026-06-29 11:45:00,282.67999,283.034485,281.47009,281.505,2046381
2026-06-29 12:00:00,281.53,281.62,280.35001,280.41,1709471
2026-06-29 12:15:00,280.42001,281.5,280.22,280.56,1978748
2026-06-29 12:30:00,280.56,280.79999,279.92999,280.16,1188548
2026-06-29 12:45:00,280.17999,280.76001,279.875,280.31,1369030
2026-06-29 13:00:00,280.32001,280.48999,279.85001,280.10001,1337902
2026-06-29 13:15:00,280.10999,281.54001,280.10999,281.48001,1329036
2026-06-29 13:30:00,281.47,281.89001,281.32001,281.5,1039972
2026-06-29 13:45:00,281.5,282.29999,281.45001,282.019989,1371868
2026-06-29 14:00:00,282.029999,282.029999,281.0,281.42999,887168
2026-06-29 14:15:00,281.42999,281.67999,280.85999,281.54999,907515
2026-06-29 14:30:00,281.54999,282.34991,281.48999,282.14999,1555767
2026-06-29 14:45:00,282.14999,282.2623,281.45499,282.070007,1186318
2026-06-29 15:00:00,282.075012,283.077515,281.94,282.64999,1410733
2026-06-29 15:15:00,282.64999,282.89001,282.29999,282.67999,1501591
2026-06-29 15:30:00,282.70999,282.73999,281.64999,281.79001,2701088
2026-06-29 15:45:00,281.79999,282.42001,281.47,281.63,3843663
2026-06-30 09:30:00,281.17001,284.8493,280.69501,283.2699,3769429
2026-06-30 09:45:00,283.26999,285.34369,282.82001,285.31,2019537
2026-06-30 10:00:00,285.31,285.98001,284.73999,285.85501,1819219
2026-06-30 10:15:00,285.85001,286.28989,285.5,286.024994,1498412
2026-06-30 10:30:00,286.01001,286.26001,285.26001,285.57071,1068286
2026-06-30 10:45:00,285.59,287.079987,285.41,286.97,2015216
2026-06-30 11:00:00,286.98001,287.34991,286.64001,286.95999,1136639
2026-06-30 11:15:00,286.95999,288.66,286.6199,288.26999,1549461
2026-06-30 11:30:00,288.28,289.15991,288.16,288.45001,1328498
2026-06-30 11:45:00,288.45001,289.38,288.45001,288.73981,1283489
2026-06-30 12:00:00,288.73999,289.20001,287.81,288.26001,1087894
2026-06-30 12:15:00,288.26001,288.5,287.94171,288.14499,724631
2026-06-30 12:30:00,288.16,288.75,288.125,288.70749,790244
2026-06-30 12:45:00,288.70999,289.22,288.62,289.185,919134
2026-06-30 13:00:00,289.20001,289.66,288.91501,289.0,936209
2026-06-30 13:15:00,288.98001,288.98001,288.32001,288.42999,727482
2026-06-30 13:30:00,288.44501,288.57501,288.22501,288.375,757837
2026-06-30 13:45:00,288.39001,288.72,288.16,288.42001,693212
2026-06-30 14:00:00,288.42001,289.19,288.089996,288.94,1198860
2026-06-30 14:15:00,288.92999,289.0,287.85501,288.089996,850140
2026-06-30 14:30:00,288.084991,288.17999,287.14001,287.45499,1012683
2026-06-30 14:45:00,287.4501,287.51001,286.67999,286.98499,831908
2026-06-30 15:00:00,286.97,287.70999,286.97,287.5506,1175097
2026-06-30 15:15:00,287.56,288.14001,287.27499,287.53,1324853
2026-06-30 15:30:00,287.53,288.070007,287.5,287.91,1438212
2026-06-30 15:45:00,287.91,289.91,287.42001,289.089996,6936703
2026-07-01 09:30:00,293.32999,293.39499,290.32999,291.12,3939465
2026-07-01 09:45:00,291.0,292.6499,289.19501,292.5,1943971
2026-07-01 10:00:00,292.51001,293.19,291.6344,292.95001,1487179
2026-07-01 10:15:00,292.94009,293.47989,291.94,293.059998,1384807
2026-07-01 10:30:00,293.059998,294.84,292.73001,294.82999,1559178
2026-07-01 10:45:00,294.82001,295.079987,294.0,294.64001,2200269
2026-07-01 11:00:00,294.63501,295.35001,294.285,294.60999,1099938
2026-07-01 11:15:00,294.60999,296.59,294.51001,295.75171,1906555
2026-07-01 11:30:00,295.78,295.79001,294.72501,294.94,1135569
2026-07-01 11:45:00,294.94,295.42001,294.63,295.23999,870993
2026-07-01 12:00:00,295.25,295.70999,295.040009,295.285,741802
2026-07-01 12:15:00,295.26999,295.465,294.92001,294.94501,656566
2026-07-01 12:30:00,294.94501,295.059906,294.27011,294.60001,785219
2026-07-01 12:45:00,294.60001,294.85001,294.10999,294.23001,975992
2026-07-01 13:00:00,294.23001,294.60999,293.92001,294.44501,1059466
2026-07-01 13:15:00,294.44501,294.44501,293.94,294.089996,745748
2026-07-01 13:30:00,294.079987,294.60001,293.92001,294.10501,659799
2026-07-01 13:45:00,294.10999,294.98999,293.10999,293.715,2012236
2026-07-01 14:00:00,293.73001,294.84,292.70001,294.54999,1837267
2026-07-01 14:15:00,294.57501,295.10001,294.315,294.80499,993028
2026-07-01 14:30:00,294.81,295.53,294.72,295.37,1158383
2026-07-01 14:45:00,295.35999,295.45999,294.67999,294.72,1032212
2026-07-01 15:00:00,294.73001,294.94,294.42001,294.56,988456
2026-07-01 15:15:00,294.57001,294.83969,294.0,294.015106,1227693
2026-07-01 15:30:00,294.0,294.35001,293.95001,294.20999,1510420
2026-07-01 15:45:00,294.20001,295.54999,293.75009,294.25,4721233
2026-07-02 09:30:00,294.084991,301.14001,293.67999,300.35001,4635901
2026-07-02 09:45:00,300.38,302.81,300.38,302.81,4738509
2026-07-02 10:00:00,302.85001,304.51999,302.6188,303.73001,3255379
2026-07-02 10:15:00,303.745,305.32001,303.59,305.049988,2958487
2026-07-02 10:30:00,305.044006,306.6398,304.85001,306.42001,3218871
2026-07-02 10:45:00,306.42001,307.040009,305.30011,306.87799,2785450
2026-07-02 11:00:00,306.89999,307.82001,305.41,307.41449,3117619
2026-07-02 11:15:00,307.44,307.44,305.28,305.41501,2199416
2026-07-02 11:30:00,305.42001,306.89999,305.42001,305.67499,1619967
2026-07-02 11:45:00,305.73001,306.12,305.28,305.625,1305109
2026-07-02 12:00:00,305.64001,307.084991,305.6105,307.054413,1644868
2026-07-02 12:15:00,307.045013,308.45001,306.95001,308.089996,2630702
2026-07-02 12:30:00,308.089996,308.48001,307.049988,307.45001,1854110
2026-07-02 12:45:00,307.4501,308.52991,306.67001,308.31,1760509
2026-07-02 13:00:00,308.29999,308.45001,307.089996,308.20999,1765007
2026-07-02 13:15:00,308.20999,308.31989,307.26001,307.80499,1275073
2026-07-02 13:30:00,307.80499,308.17999,307.42001,308.17999,1306022
2026-07-02 13:45:00,308.17001,308.29999,307.1001,307.32001,1576661
2026-07-02 14:00:00,307.35001,307.82001,307.14499,307.64001,1337055
2026-07-02 14:15:00,307.65009,307.79999,306.8201,307.32999,1330412
2026-07-02 14:30:00,307.34,307.89999,307.13,307.54999,1572539
2026-07-02 14:45:00,307.54999,308.10001,307.35001,307.64499,1118455
2026-07-02 15:00:00,307.64499,308.31,307.38,307.79001,1332226
2026-07-02 15:15:00,307.78,308.049988,307.2601,307.42499,1427355
2026-07-02 15:30:00,307.44,308.51001,307.315,307.98001,2141007
2026-07-02 15:45:00,307.98001,309.42001,307.20999,308.22,6519605
2026-07-06 09:30:00,307.67999,309.91,307.01001,309.29001,4296993
2026-07-06 09:45:00,309.34,309.95001,308.39999,309.63,1773303
2026-07-06 10:00:00,309.63,309.9899,308.87,309.85999,1642794
2026-07-06 10:15:00,309.87,311.75,309.48001,311.73001,2499785
2026-07-06 10:30:00,311.70001,311.84,311.21011,311.39999,1721559
2026-07-06 10:45:00,311.39999,312.57999,311.26001,312.52011,1408668
2026-07-06 11:00:00,312.54999,313.20999,312.45999,312.875,1449152
2026-07-06 11:15:00,312.87,313.60001,312.66101,313.57999,1670949
2026-07-06 11:30:00,313.58499,314.12,313.35999,314.089996,1327726
2026-07-06 11:45:00,314.10501,314.20001,313.38,313.70001,1123940
2026-07-06 12:00:00,313.64001,313.79001,312.82001,313.01001,1521135
2026-07-06 12:15:00,313.015015,313.019989,312.23001,312.25,844614
2026-07-06 12:30:00,312.245,312.75,311.85001,312.57001,4156676
2026-07-06 12:45:00,312.56,312.98001,312.44,312.54001,711963
2026-07-06 13:00:00,312.535,312.89999,312.32999,312.73059,658895
2026-07-06 13:15:00,312.7301,312.91,312.36011,312.38,745239
2026-07-06 13:30:00,312.3876,312.58499,312.10999,312.39999,699264
2026-07-06 13:45:00,312.39001,312.73499,312.29999,312.72009,536519
2026-07-06 14:00:00,312.73001,312.95999,312.41,312.92001,598943
2026-07-06 14:15:00,312.92499,313.1499,312.77499,313.070007,666518
2026-07-06 14:30:00,313.079987,313.47501,312.91,313.28,833694
2026-07-06 14:45:00,313.285,313.46881,313.045013,313.29001,702851
2026-07-06 15:00:00,313.29999,313.39001,312.98999,313.20001,942364
2026-07-06 15:15:00,313.20499,313.56,313.019989,313.39999,972974
2026-07-06 15:30:00,313.41501,313.73999,313.35001,313.61499,1024003
2026-07-06 15:45:00,313.6109,313.69,312.049988,312.81,3964388
2026-07-07 09:30:00,315.29001,315.48001,310.14999,312.089996,4038324
2026-07-07 09:45:00,312.070007,312.82999,311.10001,311.57999,1345322
2026-07-07 10:00:00,311.60001,312.5499,311.10999,311.87,1815490
2026-07-07 10:15:00,311.86011,312.26501,311.20001,311.45001,1746094
2026-07-07 10:30:00,311.45001,313.42999,310.98999,312.57001,2176057
2026-07-07 10:45:00,312.57999,313.019989,312.01001,312.78,902983
2026-07-07 11:00:00,312.80499,313.88,312.67499,313.32001,903105
2026-07-07 11:15:00,313.32501,314.13,313.14011,314.079987,1222626
2026-07-07 11:30:00,314.10251,314.42001,313.73999,314.39001,1580038
2026-07-07 11:45:00,314.37009,314.73001,314.14001,314.29001,1824284
2026-07-07 12:00:00,314.26999,314.36499,313.12,313.12,1154787
2026-07-07 12:15:00,313.12109,314.059998,312.67999,313.17001,1377331
2026-07-07 12:30:00,313.14001,313.89999,312.78,313.61499,727160
2026-07-07 12:45:00,313.63,314.01001,313.54001,313.60999,616288
2026-07-07 13:00:00,313.60999,313.62,312.27011,312.80499,843541
2026-07-07 13:15:00,312.80499,313.23999,312.70001,312.84,607530
2026-07-07 13:30:00,312.82001,313.0,312.56,312.72,566560
2026-07-07 13:45:00,312.72,312.935,311.8699,311.88,595272
2026-07-07 14:00:00,311.85999,312.42001,311.85001,312.16501,853897
2026-07-07 14:15:00,312.16501,312.72,311.92999,312.6192,625629
2026-07-07 14:30:00,312.62,313.17999,312.31,313.035004,758622
2026-07-07 14:45:00,313.040009,313.079987,311.85999,312.0050049,994800
2026-07-07 15:00:00,312.029999,312.50989,311.56,311.87991,1163238
2026-07-07 15:15:00,311.88,312.26999,311.56,311.89499,1344015
2026-07-07 15:30:00,311.89999,312.32001,311.55499,311.72501,1006990
2026-07-07 15:45:00,311.72501,312.078491,310.32999,310.66,10955583
2026-07-08 09:30:00,311.66,312.0,307.82001,307.9158,3587606
2026-07-08 09:45:00,307.91501,309.64011,307.051514,309.13,1409898
2026-07-08 10:00:00,309.14999,310.23999,308.42001,309.92499,1254960
2026-07-08 10:15:00,309.91101,310.66,308.806,308.85001,1350312
2026-07-08 10:30:00,308.82001,310.46091,308.77499,310.26999,1100654
2026-07-08 10:45:00,310.255,310.56,308.70001,308.88,1079699
2026-07-08 11:00:00,308.88,310.26001,308.76001,309.97,986591
2026-07-08 11:15:00,309.95001,310.85001,309.89001,310.065002,982431
2026-07-08 11:30:00,310.079987,310.12,309.315,309.56,781257
2026-07-08 11:45:00,309.55499,310.45001,309.45999,310.22501,742485
2026-07-08 12:00:00,310.25,311.215,310.084991,310.48499,881007
2026-07-08 12:15:00,310.48999,311.79001,310.48999,311.60001,1083725
2026-07-08 12:30:00,311.60001,312.29001,311.34,312.20999,1099775
2026-07-08 12:45:00,312.20999,313.34,312.10999,313.10001,1172278
2026-07-08 13:00:00,313.12991,314.079987,313.01001,313.89001,1287526
2026-07-08 13:15:00,313.88501,314.19,313.245,314.1199,1069470
2026-07-08 13:30:00,314.13,314.57001,313.91,314.48499,1346358
2026-07-08 13:45:00,314.48001,314.63501,311.15039,314.39001,1248405
2026-07-08 14:00:00,314.39999,314.81,314.20001,314.56,965212
2026-07-08 14:15:00,314.57001,314.625,314.10001,314.125,734822
2026-07-08 14:30:00,314.125,314.22,313.73999,313.95001,837017
2026-07-08 14:45:00,313.94,314.39999,313.84,313.89499,808757
2026-07-08 15:00:00,313.89499,314.1972,313.72,313.935,934674
2026-07-08 15:15:00,313.92999,314.079987,313.64999,313.815,897499
2026-07-08 15:30:00,313.815,314.20001,313.10001,313.10001,1162510
2026-07-08 15:45:00,313.10001,313.95999,312.75,313.26001,3623998
2026-07-09 09:30:00,310.44501,312.070007,308.16,310.88501,3624446
2026-07-09 09:45:00,310.85001,311.85999,310.65009,310.97501,1524024
2026-07-09 10:00:00,310.99451,311.94501,310.16,310.85501,1337873
2026-07-09 10:15:00,310.85001,312.29999,310.39001,312.089996,1114973
2026-07-09 10:30:00,312.070007,312.39999,311.51999,311.62,1095056
2026-07-09 10:45:00,311.60999,311.72,310.7012,311.56,742269
2026-07-09 11:00:00,311.54999,312.45999,311.51001,312.435,831243
2026-07-09 11:15:00,312.435,314.85001,312.42001,314.45999,1410396
2026-07-09 11:30:00,314.46991,315.019989,314.29999,314.60501,1039357
2026-07-09 11:45:00,314.62,314.92999,314.47,314.76999,5394175
2026-07-09 12:00:00,314.79001,315.22,314.23999,314.50009,1055741
2026-07-09 12:15:00,314.51999,315.22,314.10001,314.89999,995766
2026-07-09 12:30:00,314.90009,315.5,314.85999,315.0,933745
2026-07-09 12:45:00,314.98999,315.12,314.42001,314.70999,1296405
2026-07-09 13:00:00,314.71051,315.17999,314.60751,315.049988,1493911
2026-07-09 13:15:00,315.049988,315.079987,314.31,314.72141,828733
2026-07-09 13:30:00,314.72351,314.85999,314.43011,314.85999,1869507
2026-07-09 13:45:00,314.85999,315.079987,314.60999,314.98001,584710
2026-07-09 14:00:00,314.98999,315.31989,314.48001,314.79501,928966
2026-07-09 14:15:00,314.78,314.905,314.23499,314.56,704936
2026-07-09 14:30:00,314.56,314.78,314.38,314.69,771047
2026-07-09 14:45:00,314.67001,314.78,314.25,314.44,619483
2026-07-09 15:00:00,314.44,315.16,314.405,315.14999,643542
2026-07-09 15:15:00,315.14999,315.69,315.14001,315.41,1024209
2026-07-09 15:30:00,315.42001,316.19,315.39001,316.1395,1225245
2026-07-09 15:45:00,316.12979,316.53,315.67999,316.17999,2930579
2026-07-10 09:30:00,314.72,316.39001,313.20999,314.73499,3077854
2026-07-10 09:45:00,314.755,315.17999,314.019989,314.30051,1216355
2026-07-10 10:00:00,314.29999,314.76001,313.41501,313.76999,1028205
2026-07-10 10:15:00,313.75,313.95001,312.93011,313.13,1024039
2026-07-10 10:30:00,313.12,313.39001,312.17001,312.965,1674713
2026-07-10 10:45:00,312.94,313.92999,312.64999,313.76001,932758
2026-07-10 11:00:00,313.78,314.10999,313.0,313.87,879017
2026-07-10 11:15:00,313.88501,314.10001,313.32001,313.34,684185
2026-07-10 11:30:00,313.35001,313.81,312.9101,313.17999,783876
2026-07-10 11:45:00,313.17001,313.47,312.32001,313.23001,710095
2026-07-10 12:00:00,313.25,314.23999,313.059998,314.19159,610638
2026-07-10 12:15:00,314.23001,314.51401,314.05011,314.35501,483640
2026-07-10 12:30:00,314.37,314.64001,313.94,314.46011,500966
2026-07-10 12:45:00,314.44009,314.78,314.35999,314.70001,404291
2026-07-10 13:00:00,314.70999,314.73999,314.1499,314.28,402641
2026-07-10 13:15:00,314.27499,314.54401,314.22,314.45999,393670
2026-07-10 13:30:00,314.47,314.56,313.89999,313.91,366061
2026-07-10 13:45:00,313.89029,314.48001,313.89029,314.13,331656
2026-07-10 14:00:00,314.17001,314.37,314.01001,314.17001,415539
2026-07-10 14:15:00,314.16,314.89001,314.16,314.84009,417493
2026-07-10 14:30:00,314.85999,314.98001,314.73999,314.95499,408092
2026-07-10 14:45:00,314.95569,315.39999,314.93149,315.26999,1356829
2026-07-10 15:00:00,315.26999,316.14001,315.23001,316.019989,847303
2026-07-10 15:15:00,316.015015,316.47989,315.92181,316.16,964160
2026-07-10 15:30:00,316.14999,316.91,316.049988,316.66,1527397
2026-07-10 15:45:00,316.66,316.76999,314.78,315.3299,2462225
2026-07-13 09:30:00,317.015015,322.49991,316.45001,322.42999,6301363
2026-07-13 09:45:00,322.42999,323.45001,320.51001,321.215,2765562
2026-07-13 10:00:00,321.22,321.79999,320.63,321.19,1527313
2026-07-13 10:15:00,321.17001,321.4599,319.32999,320.19,1562236
2026-07-13 10:30:00,320.20999,320.29501,318.63,318.76999,1030377
2026-07-13 10:45:00,318.77759,319.56,318.37,319.070007,1125005
2026-07-13 11:00:00,319.14001,319.22,317.89001,317.92001,877386
2026-07-13 11:15:00,317.92001,318.16,316.85001,317.22,961429
2026-07-13 11:30:00,317.22,317.23001,316.089996,316.44,1032174
2026-07-13 11:45:00,316.44101,317.25,316.42001,317.12,919828
2026-07-13 12:00:00,317.10001,317.89999,316.79999,317.66501,1017345
2026-07-13 12:15:00,317.66,317.70999,316.85999,317.37,759404
2026-07-13 12:30:00,317.34,317.44,315.92999,316.48001,1029159
2026-07-13 12:45:00,316.51501,316.82001,316.17999,316.60001,520336
2026-07-13 13:00:00,316.66501,316.73001,316.019989,316.10001,532426
2026-07-13 13:15:00,316.095001,316.57999,315.78,316.47,1533343
2026-07-13 13:30:00,316.48999,316.67001,316.12,316.39999,647006
2026-07-13 13:45:00,316.39499,316.75,316.029999,316.155,807328
2026-07-13 14:00:00,316.17001,316.54001,315.89999,316.32999,586253
2026-07-13 14:15:00,316.315,316.845,316.14999,316.84052,571258
2026-07-13 14:30:00,316.85999,317.10001,316.64001,316.94,614708
2026-07-13 14:45:00,316.95999,317.48001,316.92999,317.16,1690288
2026-07-13 15:00:00,317.17999,317.51999,316.17001,316.29001,952226
2026-07-13 15:15:00,316.26999,317.13,316.23001,316.32999,871281
2026-07-13 15:30:00,316.32501,316.91,316.049988,316.85001,963965
2026-07-13 15:45:00,316.84,317.73999,316.70999,317.42001,3070381
2026-07-14 09:30:00,313.64001,315.685,311.91,314.79999,3461139
2026-07-14 09:45:00,314.78,315.60001,313.029999,314.48999,1230129
2026-07-14 10:00:00,314.47,314.51999,313.070099,314.26001,1393869
2026-07-14 10:15:00,314.26001,315.14999,313.36499,314.94199,868877
2026-07-14 10:30:00,314.95001,316.19,314.70999,315.48499,2336297
2026-07-14 10:45:00,315.47,315.51999,314.020508,314.9501,842290
2026-07-14 11:00:00,315.0,316.049988,314.79001,315.66,729648
2026-07-14 11:15:00,315.66,315.84991,314.26001,314.29999,702761
2026-07-14 11:30:00,314.32001,314.87,313.79999,314.45001,881668
2026-07-14 11:45:00,314.44,314.51001,313.20001,313.26001,844094
2026-07-14 12:00:00,313.285,314.23999,312.87,314.065002,792857
2026-07-14 12:15:00,314.065002,314.079987,312.87,313.26999,650048
2026-07-14 12:30:00,313.26001,313.87,313.10999,313.47,638877
2026-07-14 12:45:00,313.48001,314.22,313.39999,314.12,690152
2026-07-14 13:00:00,314.12,314.97,313.89999,314.42999,789581
2026-07-14 13:15:00,314.44,314.95001,314.25,314.87,527925
2026-07-14 13:30:00,314.89001,315.019989,314.59,314.77499,489180
2026-07-14 13:45:00,314.77499,315.23499,314.62,315.17999,486841
2026-07-14 14:00:00,315.20001,315.39001,315.040009,315.255,444515
2026-07-14 14:15:00,315.26001,315.26999,314.85999,315.22,508582
2026-07-14 14:30:00,315.22,315.44,314.82001,315.185,542718
2026-07-14 14:45:00,315.185,315.60001,315.040009,315.48001,519686
2026-07-14 15:00:00,315.48499,315.87,315.13,315.41,647290
2026-07-14 15:15:00,315.41989,315.85001,315.32001,315.70499,515145
2026-07-14 15:30:00,315.70499,315.76001,315.14999,315.34979,849777
2026-07-14 15:45:00,315.34,315.70001,314.59,314.92001,2167118
2026-07-15 09:30:00,317.625,321.19501,317.32001,321.17001,3454516
2026-07-15 09:45:00,321.17001,321.81799,319.92001,320.76501,3245597
2026-07-15 10:00:00,320.79001,324.98001,320.75,324.78629,3631865
2026-07-15 10:15:00,324.78,325.67999,324.25,324.70999,3219356
2026-07-15 10:30:00,324.70999,325.084991,323.54001,324.16,2245348
2026-07-15 10:45:00,324.20001,325.39999,323.6814,323.91,1581021
2026-07-15 11:00:00,323.91501,324.37,323.54001,324.23001,1081005
2026-07-15 11:15:00,324.245,325.67999,324.019989,325.62,1370640
2026-07-15 11:30:00,325.60999,327.10001,325.16,326.57001,2006929
2026-07-15 11:45:00,326.5751,327.019989,325.215,326.28,1383520
2026-07-15 12:00:00,326.29001,327.35999,326.25491,327.17001,1478769
2026-07-15 12:15:00,327.17499,328.53,327.086914,328.17001,2446506
2026-07-15 12:30:00,328.16,328.5,327.31,328.20001,2106487
2026-07-15 12:45:00,328.17999,328.34,327.35999,327.95999,1381039
2026-07-15 13:00:00,327.97,328.059998,326.45999,326.64001,1285045
2026-07-15 13:15:00,326.60001,327.20999,325.97,326.98999,1194731
2026-07-15 13:30:00,327.0,328.0,326.64999,327.22751,1136482
2026-07-15 13:45:00,327.22501,327.70999,327.19,327.58511,1026413
2026-07-15 14:00:00,327.59,327.67001,327.16,327.60999,851445
2026-07-15 14:15:00,327.60001,327.85999,327.20999,327.79001,882007
2026-07-15 14:30:00,327.78,327.85001,327.47,327.655,717863
2026-07-15 14:45:00,327.64001,327.70001,327.079987,327.52499,990612
2026-07-15 15:00:00,327.54001,328.72,327.45999,327.84,1570521
2026-07-15 15:15:00,327.81,327.9899,326.85999,327.059998,1267321
2026-07-15 15:30:00,327.040009,327.070007,325.85999,325.87,2902884
2026-07-15 15:45:00,325.89001,328.35001,325.72,327.57001,5115238
2026-07-16 09:30:00,328.0050049,328.98001,326.79001,327.85501,4686533
2026-07-16 09:45:00,327.88501,331.14999,327.79001,331.14999,3936026
2026-07-16 10:00:00,331.075012,331.41,327.89001,328.7522,2661650
2026-07-16 10:15:00,328.6701,330.60999,328.34,330.37,1518759
2026-07-16 10:30:00,330.34,331.14999,330.19,330.70499,1571614
2026-07-16 10:45:00,330.69,330.89001,329.77499,330.20001,1120259
2026-07-16 11:00:00,330.17999,330.61499,329.35001,330.47,1080768
2026-07-16 11:15:00,330.465,330.92499,329.8205,330.63,1514915
2026-07-16 11:30:00,330.65009,331.64999,330.48001,331.28922,1076644
2026-07-16 11:45:00,331.30499,332.28,331.23001,331.85001,1252282
2026-07-16 12:00:00,331.85501,331.95001,330.60001,330.69,1360716
2026-07-16 12:15:00,330.64999,331.45999,327.5,331.14001,917229
2026-07-16 12:30:00,331.18991,331.39999,329.85999,330.43799,990678
2026-07-16 12:45:00,330.42001,332.079987,330.32999,332.079987,2340635
2026-07-16 13:00:00,332.054993,332.37,331.72,331.77499,1070109
2026-07-16 13:15:00,331.78,332.97,331.72,332.89999,1288074
2026-07-16 13:30:00,332.89819,333.54999,332.29001,332.35001,1588746
2026-07-16 13:45:00,332.35999,332.51001,330.785,331.63501,1857156
2026-07-16 14:00:00,331.66,331.82001,329.56,329.63989,1459906
2026-07-16 14:15:00,329.64001,332.0,329.34,331.26001,1893004
2026-07-16 14:30:00,331.23999,332.089996,330.91,331.95999,1074392
2026-07-16 14:45:00,331.95499,333.51001,331.84,333.17999,2021575
2026-07-16 15:00:00,333.17999,334.67999,333.01001,334.19501,2394716
2026-07-16 15:15:00,334.19,334.35999,332.97,332.98999,2484627
2026-07-16 15:30:00,333.0,333.12,332.10001,332.28,2355196
2026-07-16 15:45:00,332.28,333.70001,330.76999,333.26999,5848809
2026-07-17 09:30:00,332.54001,334.98001,331.29501,333.84,9504764
2026-07-17 09:45:00,333.89011,334.39999,330.89001,330.98001,2808925
2026-07-17 10:00:00,330.94,330.98999,329.00061035,330.5087,2524373
2026-07-17 10:15:00,330.42999,331.85001,329.84,331.84,1706492
2026-07-17 10:30:00,331.88,333.97,331.85001,333.070007,2346822
2026-07-17 10:45:00,333.070007,333.59,331.91,333.17001,1426565
2026-07-17 11:00:00,333.17999,333.98999,332.51001,333.80499,1332251
2026-07-17 11:15:00,333.76999,334.76669,333.37,334.655,1428151
2026-07-17 11:30:00,334.66989,334.8699,333.20999,333.70999,1396365
2026-07-17 11:45:00,333.73999,333.73999,332.019989,332.35001,1515932
2026-07-17 12:00:00,332.37,332.375,330.0,330.30499,2158281
2026-07-17 12:15:00,330.34,331.92499,330.31,331.745,1182324
2026-07-17 12:30:00,331.72,332.37,331.48001,332.255,928427
2026-07-17 12:45:00,332.26501,333.5,330.45001,330.5101,1927782
2026-07-17 13:00:00,330.51001,330.79999,329.42001,329.48499,1764177
2026-07-17 13:15:00,329.48499,330.85001,329.16,330.54001,1653963
2026-07-17 13:30:00,330.5108,330.92999,330.079987,330.8801,843359
2026-07-17 13:45:00,330.89001,331.92001,330.45999,331.78,1163222
2026-07-17 14:00:00,331.79501,333.23001,331.54999,332.60501,1750415
2026-07-17 14:15:00,332.60501,332.71899,332.059998,332.375,820742
2026-07-17 14:30:00,332.375,333.70999,332.10999,333.59,1459026
2026-07-17 14:45:00,333.60001,334.67001,333.5,333.92499,1538568
2026-07-17 15:00:00,333.92001,334.625,333.62,333.64001,1479487
2026-07-17 15:15:00,333.63,333.95499,332.35999,332.82999,1558618
2026-07-17 15:30:00,332.78,334.089996,332.26001,333.92001,2080282
2026-07-17 15:45:00,333.89999,334.38,333.46051,333.73999,4289389
2026-07-20 09:30:00,333.024994,333.70999,330.019989,330.57999,4559974
2026-07-20 09:45:00,330.63989,330.87,328.39999,328.89999,2072510
2026-07-20 10:00:00,328.88,329.0,327.12,327.17001,2056393
2026-07-20 10:15:00,327.16,327.39001,326.10999,327.019989,2489491
2026-07-20 10:30:00,327.019989,328.019989,326.59,327.965,1562844
2026-07-20 10:45:00,327.95001,327.95999,326.019989,326.42999,1359159
2026-07-20 11:00:00,326.45999,327.015015,324.82101,324.95999,2006131
2026-07-20 11:15:00,324.95999,325.35001,324.42001,324.89999,2384793
2026-07-20 11:30:00,324.94,326.51999,324.905,326.015015,1241767
2026-07-20 11:45:00,326.015015,326.54501,325.13,325.97501,1161349
2026-07-20 12:00:00,325.98001,326.040009,324.94,325.22009,1152618
2026-07-20 12:15:00,325.22,325.67001,324.87,325.0,1145359
2026-07-20 12:30:00,325.019989,325.089996,323.70001,324.41501,1739551
2026-07-20 12:45:00,324.39499,324.85001,324.01001,324.245,830600
2026-07-20 13:00:00,324.26001,325.14499,323.92001,324.79999,891248
2026-07-20 13:15:00,324.79001,324.96161,324.39999,324.72,665126
2026-07-20 13:30:00,324.73001,325.065002,324.20001,324.37,1792737
2026-07-20 13:45:00,324.35001,325.38321,324.29999,324.78,764701
2026-07-20 14:00:00,324.78,325.79999,324.655,325.47,1149140
2026-07-20 14:15:00,325.45999,326.48999,325.39999,325.94,1338266
2026-07-20 14:30:00,325.98001,326.91,325.31,325.47,1576146
2026-07-20 14:45:00,325.47,327.37,325.45001,326.75,1213841
2026-07-20 15:00:00,326.75,328.55499,326.75,328.19,1478803
2026-07-20 15:15:00,328.17999,329.079987,327.76999,329.019989,1492745
2026-07-20 15:30:00,329.01001,329.76001,327.97,328.040009,2069652
2026-07-20 15:45:00,328.049988,328.3299,326.32001,326.70001,3458846
2026-07-21 09:30:00,323.345,325.60999,322.38141,324.82001,4477659
2026-07-21 09:45:00,324.82001,324.89001,322.2204,324.10999,2122244
2026-07-21 10:00:00,324.12,326.16,323.97,326.069885,1858099
2026-07-21 10:15:00,326.070007,327.029999,325.67999,326.73999,1239819
2026-07-21 10:30:00,326.72,327.33499,326.23001,327.29999,938491
2026-07-21 10:45:00,327.29001,327.45999,326.70999,327.089996,789070
2026-07-21 11:00:00,327.10001,327.98001,326.20999,327.45001,1225029
2026-07-21 11:15:00,327.5495,328.45001,327.215,328.38501,1052680
2026-07-21 11:30:00,328.38,328.70001,327.755,328.47501,971398
2026-07-21 11:45:00,328.46011,328.98001,328.0,328.77499,786551
2026-07-21 12:00:00,328.73999,329.60001,328.56009,329.57001,800624
2026-07-21 12:15:00,329.565,329.60001,328.56,328.62,958280
2026-07-21 12:30:00,328.621,328.82999,327.57001,327.95001,885072
2026-07-21 12:45:00,327.95511,328.5,327.41501,328.43011,994032
2026-07-21 13:00:00,328.435,328.76001,327.70999,328.23001,991590
2026-07-21 13:15:00,328.22,328.4899,327.0,327.070007,974456
2026-07-21 13:30:00,327.070007,327.31,326.72,326.89999,1612444
2026-07-21 13:45:00,326.92001,327.87,326.91501,327.67001,679713
2026-07-21 14:00:00,327.67999,327.79001,327.20999,327.5,584415
2026-07-21 14:15:00,327.51001,327.62,326.94,327.23999,721918
2026-07-21 14:30:00,327.25,328.34,327.17999,328.20999,669146
2026-07-21 14:45:00,328.20999,328.39001,327.98001,328.16,652922
2026-07-21 15:00:00,328.16,328.48999,327.60001,327.70499,774026
2026-07-21 15:15:00,327.70499,328.10001,327.51001,327.935,895312
2026-07-21 15:30:00,327.92999,328.10001,327.57001,327.76999,1045309
2026-07-21 15:45:00,327.73999,328.10001,327.14001,327.59,2642413
2026-07-22 09:30:00,327.875,328.99951,325.69,326.20499,2748510
2026-07-22 09:45:00,326.25,327.32999,325.72009,325.94,1299750
2026-07-22 10:00:00,325.95999,326.1481,324.91501,324.97501,1114600
2026-07-22 10:15:00,324.97501,325.38,324.32999,324.47501,1396745
2026-07-22 10:30:00,324.495,325.0,324.070007,324.8299,1035739
2026-07-22 10:45:00,324.78,325.61401,324.70001,325.60001,1075919
2026-07-22 11:00:00,325.60001,325.66989,324.12,324.32501,818899
2026-07-22 11:15:00,324.29999,325.81,324.20999,325.79999,769861
2026-07-22 11:30:00,325.76501,325.89001,325.20001,325.36499,1362044
2026-07-22 11:45:00,325.37,325.5,324.92999,325.059998,668405
2026-07-22 12:00:00,325.079987,325.10001,324.37,324.45001,728430
2026-07-22 12:15:00,324.45999,325.039001,324.45001,324.88501,1322941
2026-07-22 12:30:00,324.88501,324.95001,323.81,324.53,931189
2026-07-22 12:45:00,324.53,324.64001,324.070007,324.20999,635043
2026-07-22 13:00:00,324.2117,324.26001,323.59,323.95999,882721
2026-07-22 13:15:00,323.95001,324.13,323.34,323.66501,546164
2026-07-22 13:30:00,323.66501,324.0050049,323.55499,323.89999,446998
2026-07-22 13:45:00,323.89001,323.95999,323.70001,323.935,341042
2026-07-22 14:00:00,323.935,324.019989,323.60999,323.88,495881
2026-07-22 14:15:00,323.87,324.0,323.715,323.92999,364320
2026-07-22 14:30:00,323.9299,324.49991,323.82999,324.42999,650456
2026-07-22 14:45:00,324.42999,324.70001,324.17999,324.29999,629922
2026-07-22 15:00:00,324.29999,324.505,324.16,324.42499,596665
2026-07-22 15:15:00,324.42999,324.57001,324.26001,324.44,655360
2026-07-22 15:30:00,324.44,324.60001,323.98001,324.45001,1145125
2026-07-22 15:45:00,324.44501,326.91,324.41,325.87,4324260
2026-07-23 09:30:00,321.73001,323.29999,320.80499,320.84,3525480
2026-07-23 09:45:00,320.88,321.070007,319.35001,320.16,1947570
2026-07-23 10:00:00,320.14999,321.92999,319.82001,320.81,1404980
2026-07-23 10:15:00,320.80499,321.76001,320.22,321.48999,930139
2026-07-23 10:30:00,321.465,322.91,321.465,321.87,885496
2026-07-23 10:45:00,321.89001,322.019989,320.84,321.26999,854697
2026-07-23 11:00:00,321.285,322.01001,320.715,321.85001,1187377
2026-07-23 11:15:00,321.82001,322.29001,321.17001,321.28,1036396
2026-07-23 11:30:00,321.29001,321.32001,320.57999,320.85999,742868
2026-07-23 11:45:00,320.85999,321.029999,320.44,320.85999,570928
2026-07-23 12:00:00,320.89999,321.54999,320.34,321.45001,581068
2026-07-23 12:15:00,321.465,321.5101,320.070007,320.35989,2897072
2026-07-23 12:30:00,320.31,320.56,320.0,320.56,677163
2026-07-23 12:45:00,320.54001,320.85999,320.25,320.6105,613300
2026-07-23 13:00:00,320.62,321.01001,320.34,320.63,537501
2026-07-23 13:15:00,320.63501,321.049988,320.29999,320.87,412744
2026-07-23 13:30:00,320.87009,321.049988,320.35999,320.66,524797
2026-07-23 13:45:00,320.64001,321.39899,320.38,320.51239,565182
2026-07-23 14:00:00,320.51001,320.64801,320.0,320.14999,927364
2026-07-23 14:15:00,320.14001,320.44,320.029999,320.26999,533706
2026-07-23 14:30:00,320.27499,320.49438,319.76001,320.0050049,1493135
2026-07-23 14:45:00,320.019989,320.72,320.019989,320.72,549234
2026-07-23 15:00:00,320.70999,321.015015,320.35001,320.72,838836
2026-07-23 15:15:00,320.72501,321.20001,320.32999,320.41989,876587
2026-07-23 15:30:00,320.38,321.22501,320.040009,321.12,1042054
2026-07-23 15:45:00,321.10999,321.98001,320.45001,321.60999,3239665
2026-07-24 09:30:00,324.375,325.98999,323.23001,325.67001,2658351
2026-07-24 09:45:00,325.60999,327.76001,325.5,326.86499,2298240
2026-07-24 10:00:00,326.85999,328.64999,326.78601,328.019989,2040783
2026-07-24 10:15:00,328.029999,329.439,327.79999,328.79999,1591573
2026-07-24 10:30:00,328.79501,329.79001,328.70999,329.405,1496220
2026-07-24 10:45:00,329.41,330.23001,329.18011,329.965,1734932
2026-07-24 11:00:00,329.95999,331.39999,329.70999,331.26999,1546786
2026-07-24 11:15:00,331.28461,331.92999,331.019989,331.76501,1493787
2026-07-24 11:30:00,331.77499,333.26099,331.67001,332.81,1862161
2026-07-24 11:45:00,332.81,333.64001,332.72,333.049988,1685766
2026-07-24 12:00:00,333.040009,334.10001,332.66,333.21011,1767859
2026-07-24 12:15:00,333.22,334.37,332.95999,333.72,1305912
2026-07-24 12:30:00,333.69501,333.92999,333.35999,333.57999,932780
2026-07-24 12:45:00,333.53,333.72,332.68201,333.18201,828528
2026-07-24 13:00:00,333.19,334.22,332.38,332.5,1184808
2026-07-24 13:15:00,332.54001,332.76999,332.15051,332.39999,900631
2026-07-24 13:30:00,332.39499,333.19,332.35999,332.92001,813555
2026-07-24 13:45:00,332.92001,333.10001,332.63,332.64999,571783
2026-07-24 14:00:00,332.64499,333.16989,332.42999,332.44,626385
2026-07-24 14:15:00,332.44,332.75,332.14001,332.26501,768858
2026-07-24 14:30:00,332.26501,332.62,332.059998,332.23001,1125011
2026-07-24 14:45:00,332.20999,333.17001,332.20001,332.92999,838107
2026-07-24 15:00:00,332.95999,333.23001,332.54001,332.76001,3243144
2026-07-24 15:15:00,332.73999,333.10001,332.45999,332.48999,1041790
2026-07-24 15:30:00,332.48001,332.76999,332.26001,332.76501,1279694
2026-07-24 15:45:00,332.755,333.45001,331.85001,333.070007,3440029
2026-07-27 09:30:00,334.89999,337.12,334.10001,335.059998,4417171
2026-07-27 09:45:00,335.019989,336.78,334.019989,335.58499,2244368
2026-07-27 10:00:00,335.62,336.89999,335.26001,336.60001,2080323
2026-07-27 10:15:00,336.60001,338.14001,336.57001,337.69,2528942
2026-07-27 10:30:00,337.70001,337.909,336.23001,336.32501,2656315
2026-07-27 10:45:00,336.32501,338.3399,336.12,338.20001,1958513
2026-07-27 11:00:00,338.25,339.5,338.17999,339.049988,2060910
2026-07-27 11:15:00,339.049988,339.20999,338.2605,338.73999,1087004
2026-07-27 11:30:00,338.73001,339.57001,337.089996,338.26001,2982764
2026-07-27 11:45:00,338.28989,338.56,336.75,337.065002,1993032
2026-07-27 12:00:00,337.040009,337.53,336.95001,337.31,767752
2026-07-27 12:15:00,337.32999,338.0,337.19501,337.4501,810809
2026-07-27 12:30:00,337.45999,338.13,336.57001,336.73499,776381
2026-07-27 12:45:00,336.73999,336.79999,336.019989,336.66,911353
2026-07-27 13:00:00,336.67999,336.785,335.91071,336.3392,857610
2026-07-27 13:15:00,336.32999,336.75,335.67999,336.049988,769284
2026-07-27 13:30:00,336.070007,336.79999,336.0,336.26001,588744
2026-07-27 13:45:00,336.26999,336.29999,335.31,335.51749,1095154
2026-07-27 14:00:00,335.54001,335.88,335.049988,335.633,784081
2026-07-27 14:15:00,335.63,336.0,335.075409,335.14999,672928
2026-07-27 14:30:00,335.14999,335.19,334.70001,335.040009,942167
2026-07-27 14:45:00,335.040009,336.23999,335.0050049,335.85001,661891
2026-07-27 15:00:00,335.85001,335.85001,335.25,335.60001,658180
2026-07-27 15:15:00,335.57999,335.95001,335.51999,335.72,1224435
2026-07-27 15:30:00,335.72,336.44,335.64999,336.23001,1002910
2026-07-27 15:45:00,336.23499,337.22,335.72,336.92001,2611600
2026-07-28 09:30:00,340.029999,342.89001,337.70999,338.42999,6917350
2026-07-28 09:45:00,338.42001,339.6011,337.14999,337.5,2848494
2026-07-28 10:00:00,337.57999,338.12,335.60001,336.88,2014251
2026-07-28 10:15:00,336.96991,338.26999,336.95001,337.95999,1794952
2026-07-28 10:30:00,337.98001,338.79001,337.20999,338.16501,1573112
2026-07-28 10:45:00,338.17001,338.39499,336.92999,337.054993,1444371
2026-07-28 11:00:00,337.040497,339.48001,336.60001,339.089996,1595695
2026-07-28 11:15:00,339.089996,339.66879,338.60999,339.26999,1184251
2026-07-28 11:30:00,339.24011,339.89499,339.0,339.67001,1470875
2026-07-28 11:45:00,339.70999,339.86899,339.029999,339.66,737838
2026-07-28 12:00:00,339.66,339.98999,339.45999,339.82001,779427
2026-07-28 12:15:00,339.82999,340.14001,339.51001,339.81,1055225
2026-07-28 12:30:00,339.82999,340.5799,339.39001,339.45499,1006905
2026-07-28 12:45:00,339.47,339.97501,338.94,339.76999,861722
2026-07-28 13:00:00,339.79999,339.89001,339.019989,339.10001,650182
2026-07-28 13:15:00,339.070007,339.5,338.93011,339.029999,587798
2026-07-28 13:30:00,339.040009,339.78009,339.0,339.51999,700134
2026-07-28 13:45:00,339.48999,340.019897,339.45999,339.745,783655
2026-07-28 14:00:00,339.745,339.84,339.42001,339.56,948817
2026-07-28 14:15:00,339.57001,340.15991,339.42999,339.84,790473
2026-07-28 14:30:00,339.84,339.89001,338.28,338.39999,985319
2026-07-28 14:45:00,338.41,339.56,338.41,339.35001,824498
2026-07-28 15:00:00,339.345,339.67499,339.17001,339.17001,885357
2026-07-28 15:15:00,339.17001,339.51999,339.029999,339.20001,894846
2026-07-28 15:30:00,339.16,340.14999,339.10001,340.01001,2392455
2026-07-28 15:45:00,340.01001,340.53,339.10001,340.16,4023123
2026-07-29 09:30:00,339.69,342.19,339.56,341.56,4310852
2026-07-29 09:45:00,341.54501,343.67001,341.53,342.87,2852292
2026-07-29 10:00:00,342.82501,343.48001,341.72,341.82999,2247695
2026-07-29 10:15:00,341.82501,342.088989,340.72,341.16,1524408
2026-07-29 10:30:00,341.17001,341.73999,340.91,341.59,1194334
2026-07-29 10:45:00,341.57001,341.70001,340.12,340.39001,1386927
2026-07-29 11:00:00,340.39999,340.57001,339.51999,339.97,1465228
2026-07-29 11:15:00,339.97,340.32999,339.64999,339.81,844213
2026-07-29 11:30:00,339.82999,340.67999,339.76001,340.089996,1061992
2026-07-29 11:45:00,340.089996,341.22,340.059998,341.029999,1001140
2026-07-29 12:00:00,341.10001,341.14999,340.63,340.82999,652667
2026-07-29 12:15:00,340.79999,341.56,340.67999,341.26999,830611
2026-07-29 12:30:00,341.25,341.41,340.049988,340.56,631653
2026-07-29 12:45:00,340.56,341.31,340.3006,341.31,603868
2026-07-29 13:00:00,341.32001,342.32001,341.11499,342.32001,1109290
2026-07-29 13:15:00,342.32001,343.44891,342.12009,342.72,1468536
2026-07-29 13:30:00,342.69501,343.39001,342.35001,343.048401,964007
2026-07-29 13:45:00,343.065002,343.34,342.66,343.20999,885251
2026-07-29 14:00:00,343.25,344.56989,343.0401,343.70001,2213333
2026-07-29 14:15:00,343.69,344.033295,343.17001,343.58771,1061914
2026-07-29 14:30:00,343.59,343.94,342.97,343.70001,1237208
2026-07-29 14:45:00,343.69501,343.89001,342.745,342.89999,1051912
2026-07-29 15:00:00,342.89999,342.98999,341.91,342.42001,1344631
2026-07-29 15:15:00,342.39001,342.87,341.32999,341.53,1178925
2026-07-29 15:30:00,341.56,341.56,339.32001,339.57999,1705104
2026-07-29 15:45:00,339.58499,340.3299,337.3501,338.070007,6935377
2026-07-30 09:30:00,333.13,334.48001,330.71021,332.19,6270091
2026-07-30 09:45:00,332.17499,333.17999,331.25,332.14999,2931273
2026-07-30 10:00:00,332.079987,332.87,330.35001,331.39999,2656922
2026-07-30 10:15:00,331.405,332.29001,331.10999,331.31,1720708
2026-07-30 10:30:00,331.29999,332.23999,329.59,332.079987,2451975
2026-07-30 10:45:00,332.070007,332.64001,331.495,332.32999,1475737
2026-07-30 11:00:00,332.34,333.032288,331.35001,331.47,1645929
2026-07-30 11:15:00,331.48999,332.070007,331.019989,331.22,1194616
2026-07-30 11:30:00,331.23499,332.34,331.14999,332.14001,2318423
2026-07-30 11:45:00,332.14999,332.42001,331.34,331.76001,1086272
2026-07-30 12:00:00,331.75,331.75,330.63,331.20999,1375406
2026-07-30 12:15:00,331.20499,332.60001,331.095001,332.089996,1281880
2026-07-30 12:30:00,332.089996,332.24911,331.405,332.125,1138023
2026-07-30 12:45:00,332.125,332.37,331.57999,331.62,1155067
2026-07-30 13:00:00,331.62,332.85001,331.62,332.70999,855690
2026-07-30 13:15:00,332.72,332.76999,331.98999,332.089996,920018
2026-07-30 13:30:00,332.079987,332.78,331.72009,332.64999,721818
2026-07-30 13:45:00,332.64001,333.31,332.45999,333.29501,788540
2026-07-30 14:00:00,333.31,333.98001,333.011597,333.27499,1144772
2026-07-30 14:15:00,333.28,333.73999,332.7341,333.10001,939762
2026-07-30 14:30:00,333.12,333.755,332.89999,333.53,854567
2026-07-30 14:45:00,333.54001,334.089996,333.42001,333.75,970396
2026-07-30 15:00:00,333.73499,334.016602,333.40549,333.655,1263203
2026-07-30 15:15:00,333.66,333.95001,333.13,333.16,1680125
2026-07-30 15:30:00,333.16,333.57999,332.79999,333.0050049,2016510
2026-07-30 15:45:00,333.01001,334.75,332.31,333.85001,4018991
2026-07-31 09:30:00,304.81,306.89999,300.32999,304.79001,26244095
2026-07-31 09:45:00,304.78,305.91989,302.51999,302.79001,7293095
2026-07-31 10:00:00,302.79001,303.32001,301.3501,302.13611,5602604
2026-07-31 10:15:00,302.14499,303.56989,301.64999,302.73999,3131831
2026-07-31 10:30:00,302.755,302.99799,301.70001,302.435,2407001
2026-07-31 10:45:00,302.42001,303.20001,301.95001,303.16,2628902
2026-07-31 11:00:00,303.16,303.23999,302.32071,302.995,2711169
2026-07-31 11:15:00,302.995,304.25,301.64001,301.73001,3150744
2026-07-31 11:30:00,301.73001,302.82001,301.44,301.95001,3053335
2026-07-31 11:45:00,301.95001,302.35699,300.39999,301.29501,3049086
2026-07-31 12:00:00,301.285,302.14001,300.89999,302.11499,1560528
2026-07-31 12:15:00,302.10501,302.34,300.47,300.54001,2194267
2026-07-31 12:30:00,300.56,301.01001,300.0,300.36499,2821951
2026-07-31 12:45:00,300.35999,301.54999,300.245,300.87,1880706
2026-07-31 13:00:00,300.85999,301.83429,300.85501,301.51999,1624436
2026-07-31 13:15:00,301.51501,301.82001,301.040009,301.20001,1486657
2026-07-31 13:30:00,301.20001,301.72,301.10001,301.30499,1313153
2026-07-31 13:45:00,301.30499,301.42999,300.5,300.64001,4591648
2026-07-31 14:00:00,300.64001,302.095001,300.595,301.995,2192853
2026-07-31 14:15:00,302.0050049,302.42001,301.60999,301.73001,1478005
2026-07-31 14:30:00,301.76001,302.345,301.745,302.32239,1662411
2026-07-31 14:45:00,302.315,303.0,302.0401,302.82999,2082393
2026-07-31 15:00:00,302.84,304.87,302.78,304.57999,3453980
2026-07-31 15:15:00,304.58499,305.70999,304.53,305.655,4653179
2026-07-31 15:30:00,305.66,306.62,305.019989,306.535,4815226
2026-07-31 15:45:00,306.54001,310.66,306.13,309.029999,15827732
2026-08-03 09:30:00,309.67001,311.79999,305.17001,306.13501,7379724
2026-08-03 09:45:00,306.13501,308.29999,305.54999,305.91901,2886717
2026-08-03 10:00:00,305.91,306.67001,304.34,306.51001,3141614
2026-08-03 10:15:00,306.505,307.21552,305.51001,305.55011,1773814
2026-08-03 10:30:00,305.54999,306.177,305.25,305.755,1967863
2026-08-03 10:45:00,305.755,306.44,305.020111,305.35001,2224198
2026-08-03 11:00:00,305.345,305.67001,304.60001,305.1572,2548800
2026-08-03 11:15:00,305.14999,305.79999,303.89999,304.215,2771569
2026-08-03 11:30:00,304.215,304.39499,303.11011,303.1601,2111025
2026-08-03 11:45:00,303.16501,303.79001,302.56,303.77499,1694822
2026-08-03 12:00:00,303.77499,305.040009,303.73001,304.0401,2184345
2026-08-03 12:15:00,304.045013,306.35999,304.040009,306.35999,2027369
2026-08-03 12:30:00,306.35001,307.17999,306.045013,306.66,2191847
2026-08-03 12:45:00,306.6691,306.76999,305.89999,306.60999,1459836
2026-08-03 13:00:00,306.61499,307.070007,306.37,306.70499,1481168
2026-08-03 13:15:00,306.70499,307.54001,306.66501,307.22501,1766196
2026-08-03 13:30:00,307.22501,307.23001,306.19,306.79001,1144097
2026-08-03 13:45:00,306.78,306.78989,305.53009,306.075012,1278526
2026-08-03 14:00:00,306.071106,306.44,305.83499,305.98499,1333123
2026-08-03 14:15:00,305.98999,306.39001,305.5,305.52029,991206
2026-08-03 14:30:00,305.53,305.845,305.019989,305.084991,1344358
2026-08-03 14:45:00,305.084991,305.57001,304.89999,305.20999,1323586
2026-08-03 15:00:00,305.20999,305.97,305.14499,305.905,1376687
2026-08-03 15:15:00,305.905,305.95001,304.79999,305.045013,1584298
2026-08-03 15:30:00,305.045013,305.079987,304.45001,304.82501,1758420
2026-08-03 15:45:00,304.82501,304.8251,302.67999,303.26999,8427647
2026-08-04 09:30:00,303.79001,304.48999,302.45001,303.84,8605431
2026-08-04 09:45:00,303.79999,305.39999,303.69,305.29999,3061315
2026-08-04 10:00:00,305.285,305.87,304.41,305.75,2117988
2026-08-04 10:15:00,305.76001,307.14001,305.70999,306.81,2586510
2026-08-04 10:30:00,306.85999,306.8999,305.22501,305.48001,1758571
2026-08-04 10:45:00,305.47501,306.51001,305.39999,306.23499,1547492
2026-08-04 11:00:00,306.25,306.5,305.88,306.24231,1263457
2026-08-04 11:15:00,306.26999,306.57169,305.60001,305.67389,1186119
2026-08-04 11:30:00,305.67001,306.73001,305.48999,306.25989,1046644
2026-08-04 11:45:00,306.26001,306.67001,306.10001,306.345,1191476
2026-08-04 12:00:00,306.33749,306.45001,305.67001,306.35159,1086135
2026-08-04 12:15:00,306.35001,306.72,305.82001,306.505,951042
2026-08-04 12:30:00,306.505,307.84,306.34,307.76501,1352936
2026-08-04 12:45:00,307.73999,308.60001,307.42001,308.24539,1655962
2026-08-04 13:00:00,308.23001,310.42001,308.20001,310.12201,2093227
2026-08-04 13:15:00,310.13,310.25,308.85999,308.89999,1387639
2026-08-04 13:30:00,308.89999,309.60001,308.66,309.58301,1123610
2026-08-04 13:45:00,309.56,310.13,309.32999,309.35999,1258428
2026-08-04 14:00:00,309.34,310.095001,309.25,310.029999,1707112
2026-08-04 14:15:00,310.019989,310.12,309.20001,309.32001,965776
2026-08-04 14:30:00,309.31,309.5,308.64001,308.815,868538
2026-08-04 14:45:00,308.82001,309.28851,308.48001,308.51999,1002293
2026-08-04 15:00:00,308.52499,308.87991,308.25,308.72,1312673
2026-08-04 15:15:00,308.72501,309.79999,308.57001,309.57999,1502122
2026-08-04 15:30:00,309.57999,310.29001,309.51001,310.27499,1598066
2026-08-04 15:45:00,310.26001,310.42001,308.88,309.39001,4113242
2026-08-05 09:30:00,309.35999,309.38,305.67001,308.16,5649996
2026-08-05 09:45:00,308.17001,308.23999,306.89001,308.0,1844931
2026-08-05 10:00:00,307.98001,308.5,307.35001,308.41989,1477152
2026-08-05 10:15:00,308.39999,309.049896,306.72,306.72751,1572869
2026-08-05 10:30:00,306.70001,308.88,306.26999,308.84991,1772731
2026-08-05 10:45:00,308.85001,311.35999,308.82999,311.32501,2347163
2026-08-05 11:00:00,311.34,311.70819,310.51999,310.51999,1724218
2026-08-05 11:15:00,310.51001,310.60501,308.42001,308.595,1582577
2026-08-05 11:30:00,308.595,309.0,308.14001,308.26501,950794
2026-08-05 11:45:00,308.26511,308.5199,307.82999,307.97,1126219
2026-08-05 12:00:00,307.97,309.44,307.95999,309.095001,1238321
2026-08-05 12:15:00,309.089996,309.32999,308.6001,308.63989,615268
2026-08-05 12:30:00,308.63,309.34,308.45001,309.29001,804172
2026-08-05 12:45:00,309.28,309.34,308.75,308.82999,568693
2026-08-05 13:00:00,308.82999,309.76999,308.82001,309.72,639562
2026-08-05 13:15:00,309.715,309.98001,309.57999,309.73999,586224
2026-08-05 13:30:00,309.75,310.22,309.42001,309.625,739026
2026-08-05 13:45:00,309.60501,309.60999,308.73999,308.92001,607147
2026-08-05 14:00:00,308.92001,308.95999,308.32199,308.51001,614259
2026-08-05 14:15:00,308.51999,308.67001,308.079987,308.19009,695894
2026-08-05 14:30:00,308.2092,308.73999,308.084991,308.63,1433376
2026-08-05 14:45:00,308.625,309.12,308.48499,308.95999,603799
2026-08-05 15:00:00,308.95001,309.14001,308.70001,308.91,1056602
2026-08-05 15:15:00,308.91501,309.879,308.91501,309.62009,956960
2026-08-05 15:30:00,309.60999,310.059998,309.39001,309.905,1217744
2026-08-05 15:45:00,309.92001,311.55499,309.815,310.92001,4909035
2026-08-06 09:30:00,314.34,316.13,313.48999,314.76999,4147313
2026-08-06 09:45:00,314.7001,316.2894,314.56,314.76999,2397660
2026-08-06 10:00:00,314.79999,315.19,312.70001,313.31781,1806031
2026-08-06 10:15:00,313.32001,313.45499,312.12,312.84,2135973
2026-08-06 10:30:00,312.79999,313.29001,311.78009,312.42499,1482040
2026-08-06 10:45:00,312.42499,313.64001,312.25,313.3436,1349281
2026-08-06 11:00:00,313.35999,313.3699,312.0050049,312.15289,1116743
2026-08-06 11:15:00,312.22,312.26999,309.66,310.10001,1790104
2026-08-06 11:30:00,310.10501,310.41,309.79001,310.070007,1088250
2026-08-06 11:45:00,310.075012,310.25,309.23001,309.54001,952757
2026-08-06 12:00:00,309.53,310.079987,309.25,309.98001,871028
2026-08-06 12:15:00,309.98001,311.26001,309.79999,311.15701,862508
2026-08-06 12:30:00,311.16,311.67001,311.12,311.35999,708557
2026-08-06 12:45:00,311.36499,311.76001,311.28,311.66,583965
2026-08-06 13:00:00,311.64999,311.76001,310.70999,310.88501,1755060
2026-08-06 13:15:00,310.89001,311.25,310.88501,311.20059,700842
2026-08-06 13:30:00,311.20999,311.57001,311.18011,311.57001,516724
2026-08-06 13:45:00,311.56009,312.17999,311.45029,312.16,615256
2026-08-06 14:00:00,312.17999,312.25,311.98001,311.98999,631109
2026-08-06 14:15:00,311.98999,312.42001,311.79999,312.23999,687334
2026-08-06 14:30:00,312.24771,312.47,311.88,311.98801,526952
2026-08-06 14:45:00,311.97501,312.34,311.9223,312.26999,483472
2026-08-06 15:00:00,312.26999,312.5,312.090088,312.42999,605268
2026-08-06 15:15:00,312.41,312.82001,312.14999,312.57999,1411996
2026-08-06 15:30:00,312.59,312.92999,312.39999,312.79501,1169335
2026-08-06 15:45:00,312.81,312.94,311.78,312.45001,2627425
2026-08-07 09:30:00,312.0,313.81,310.73999,311.78,3250301
2026-08-07 09:45:00,311.76999,312.1781,311.029999,311.73499,1410439
2026-08-07 10:00:00,311.69,312.58801,311.64999,312.14001,1169584
2026-08-07 10:15:00,312.14011,314.13501,311.75,314.079987,1384919
2026-08-07 10:30:00,314.089996,314.81,313.91501,314.28,1200768
2026-08-07 10:45:00,314.245,314.38,313.64999,314.31799,1395494
2026-08-07 11:00:00,314.31,314.35001,313.54999,313.94421,543330
2026-08-07 11:15:00,313.935,313.94,313.0,313.35999,1022291
2026-08-07 11:30:00,313.35999,313.42001,312.42001,312.60001,865897
2026-08-07 11:45:00,312.60001,312.60001,312.019989,312.14999,1001318
2026-08-07 12:00:00,312.14001,312.42999,311.54999,311.82089,803096
2026-08-07 12:15:00,311.82501,311.95999,311.54001,311.69,588096
2026-08-07 12:30:00,311.69501,312.26001,311.61011,312.17499,571658
2026-08-07 12:45:00,312.17999,312.48901,312.12,312.22,499031
2026-08-07 13:00:00,312.22501,312.56,312.17999,312.47,542098
2026-08-07 13:15:00,312.47,312.90329,312.29501,312.73999,560787
2026-08-07 13:30:00,312.73999,313.073395,312.59,312.99179,508277
2026-08-07 13:45:00,313.0,313.25,312.91,312.98001,624539
2026-08-07 14:00:00,312.98499,313.059998,312.28,312.38181,668566
2026-08-07 14:15:00,312.37,312.39999,311.82001,311.91901,565022
2026-08-07 14:30:00,311.9101,312.049988,311.67999,311.89001,503699
2026-08-07 14:45:00,311.89999,312.48999,311.82999,312.42999,486622
2026-08-07 15:00:00,312.45001,312.91,312.23001,312.85501,689226
2026-08-07 15:15:00,312.85001,313.39001,312.84,313.2775,934187
2026-08-07 15:30:00,313.28,313.33401,313.0,313.26001,1067093
2026-08-07 15:45:00,313.25,314.17999,312.92499,313.29999,3186335
2026-08-10 09:30:00,306.82999,307.31039,304.63,305.86499,8260633
2026-08-10 09:45:00,305.85001,307.42001,305.66,307.049988,2584869
2026-08-10 10:00:00,307.040009,307.42001,305.95001,306.53,1895950
2026-08-10 10:15:00,306.51001,307.4559,306.29001,306.88,1467270
2026-08-10 10:30:00,306.89709,307.20001,306.45999,306.745,976935
2026-08-10 10:45:00,306.745,307.2099,306.22501,307.125,1140874
2026-08-10 11:00:00,307.125,307.14001,306.39001,306.39001,893194
2026-08-10 11:15:00,306.405,306.87039,306.28101,306.5585,661648
2026-08-10 11:30:00,306.52051,306.79001,306.32001,306.54501,712916
2026-08-10 11:45:00,306.54999,307.23001,306.51001,307.17999,655488
2026-08-10 12:00:00,307.10999,307.24719,305.39011,305.54501,1588486
2026-08-10 12:15:00,305.54501,305.99121,305.049988,305.53,1193431
2026-08-10 12:30:00,305.54999,305.76001,305.17001,305.63571,914069
2026-08-10 12:45:00,305.64499,306.29001,305.60999,306.26999,710291
2026-08-10 13:00:00,306.26999,306.63,306.22,306.45499,737612
2026-08-10 13:15:00,306.45999,306.79001,306.25009,306.47,611590
2026-08-10 13:30:00,306.47,306.84,306.35001,306.70999,506255
2026-08-10 13:45:00,306.70999,306.79001,306.0,306.72769,951408
2026-08-10 14:00:00,306.73001,306.98999,306.56,306.63,567365
2026-08-10 14:15:00,306.62,306.7793,306.52011,306.715,529735
2026-08-10 14:30:00,306.71991,306.97,306.60001,306.82999,684549
2026-08-10 14:45:00,306.82999,307.26001,306.70999,307.040009,621339
2026-08-10 15:00:00,307.049988,307.45999,307.040009,307.43671,847747
2026-08-10 15:15:00,307.44,307.66989,307.2001,307.23001,989797
2026-08-10 15:30:00,307.22,307.42999,306.98001,307.2565,1087924
2026-08-10 15:45:00,307.25,308.23001,306.87,308.19,3415800
2026-08-11 09:30:00,307.75,309.97,306.25,306.45999,5086162
2026-08-11 09:45:00,306.45999,306.62,305.67001,306.29001,1299620
2026-08-11 10:00:00,306.29999,306.69,306.029999,306.35999,916528
2026-08-11 10:15:00,306.37979,306.69,305.89001,306.19,777728
2026-08-11 10:30:00,306.19,306.94,306.12,306.67001,674286
2026-08-11 10:45:00,306.67001,306.94,306.51501,306.59,534243
2026-08-11 11:00:00,306.60001,306.69,306.049988,306.215,550040
2026-08-11 11:15:00,306.22,306.76999,306.17999,306.70499,773694
2026-08-11 11:30:00,306.70001,307.35999,306.49091,307.23499,754072
2026-08-11 11:45:00,307.23001,307.60999,307.0,307.25,590966
2026-08-11 12:00:00,307.23001,307.37,306.67001,306.80991,687792
2026-08-11 12:15:00,306.815,307.13,306.45001,306.55499,624800
2026-08-11 12:30:00,306.57001,306.59,305.79999,305.85001,773649
2026-08-11 12:45:00,305.85001,306.37,305.6987,306.23911,626801
2026-08-11 13:00:00,306.23999,306.31,305.965,306.0,496840
2026-08-11 13:15:00,306.0,306.29999,305.97501,306.19,420726
2026-08-11 13:30:00,306.16501,306.51999,306.14999,306.405,553224
2026-08-11 13:45:00,306.39999,306.48999,305.76001,306.024994,744703
2026-08-11 14:00:00,306.024994,306.024994,304.79001,304.95999,1133062
2026-08-11 14:15:00,304.95999,305.0,302.79001,303.29999,1740302
2026-08-11 14:30:00,303.2757,303.78,302.97,303.46011,1355557
2026-08-11 14:45:00,303.48001,304.59,303.12,304.345,845460
2026-08-11 15:00:00,304.35001,304.79999,304.0,304.745,845299
2026-08-11 15:15:00,304.73999,305.20001,304.73999,305.16,919576
2026-08-11 15:30:00,305.16,305.29999,304.38,304.62,1206777
2026-08-11 15:45:00,304.62,305.089996,303.75,304.89999,3512127
2026-08-12 09:30:00,305.13,305.66,302.17999,303.37,3514905
2026-08-12 09:45:00,303.38,303.60999,302.57999,303.37,1401431
2026-08-12 10:00:00,303.38501,304.32001,302.26001,302.47501,1723396
2026-08-12 10:15:00,302.47501,302.79999,302.29999,302.345,1079526
2026-08-12 10:30:00,302.35999,302.95001,302.31,302.94,1109336
2026-08-12 10:45:00,302.94,303.19,302.059998,302.42999,1392671
2026-08-12 11:00:00,302.42999,302.82999,301.57001,301.715,1074880
2026-08-12 11:15:00,301.68201,301.74469,301.029999,301.079987,1272108
2026-08-12 11:30:00,301.089905,301.29001,300.57001,300.845,1185528
2026-08-12 11:45:00,300.82999,301.25,300.62,301.17001,770602
2026-08-12 12:00:00,301.18991,301.82001,301.0,301.77499,950612
2026-08-12 12:15:00,301.77499,301.81,301.23999,301.51001,665575
2026-08-12 12:30:00,301.51501,301.89999,301.41,301.89999,635973
2026-08-12 12:45:00,301.89999,302.23001,301.63,302.16,731434
2026-08-12 13:00:00,302.16501,302.51001,302.040009,302.44,579718
2026-08-12 13:15:00,302.42999,302.5,302.059998,302.1601,638467
2026-08-12 13:30:00,302.17001,302.2977,301.73999,301.79001,711519
2026-08-12 13:45:00,301.79001,301.79999,301.26999,301.505,888044
2026-08-12 14:00:00,301.51001,301.79001,301.505,301.57001,719436
2026-08-12 14:15:00,301.55499,301.57999,301.059998,301.125,794899
2026-08-12 14:30:00,301.12,301.54001,301.040009,301.42499,1359759
2026-08-12 14:45:00,301.42499,302.039886,301.34,301.41,1367750
2026-08-12 15:00:00,301.41919,301.58771,301.19,301.26999,938276
2026-08-12 15:15:00,301.27499,301.70999,301.17001,301.67999,988801
2026-08-12 15:30:00,301.67001,302.039795,301.0,301.595,1817024
2026-08-12 15:45:00,301.60001,302.25,301.14999,302.22501,3667405
2026-08-13 09:30:00,304.258,304.75,302.049988,303.43149,6296749
2026-08-13 09:45:00,303.45999,304.64001,302.91,304.58011,1572784
2026-08-13 10:00:00,304.57999,305.48999,304.14999,305.4801,1834824
2026-08-13 10:15:00,305.48999,305.95999,304.16,305.64499,1516495
2026-08-13 10:30:00,305.66,306.0,304.85001,304.98001,1294515
2026-08-13 10:45:00,304.98001,305.17001,304.5397,305.10501,929475
2026-08-13 11:00:00,305.13,305.19,304.079987,304.23999,977660
2026-08-13 11:15:00,304.23999,304.3699,303.54999,303.72,1093070
2026-08-13 11:30:00,303.73001,303.98499,302.95001,303.44501,962068
2026-08-13 11:45:00,303.44,303.53,302.76999,302.78799,689234
2026-08-13 12:00:00,302.79001,303.41501,302.57001,303.41501,781748
2026-08-13 12:15:00,303.41501,303.87,303.25,303.42999,607881
2026-08-13 12:30:00,303.435,303.44989,303.049988,303.23499,545370
2026-08-13 12:45:00,303.23499,303.76001,303.01001,303.029999,636762
2026-08-13 13:00:00,303.040009,303.18991,302.85001,303.089996,596960
2026-08-13 13:15:00,303.079987,303.38501,302.961,303.34,497513
2026-08-13 13:30:00,303.33011,303.82001,303.079987,303.54001,617441
2026-08-13 13:45:00,303.56,303.89999,303.38,303.435,378631
2026-08-13 14:00:00,303.435,303.5,302.92999,303.42001,588590
2026-08-13 14:15:00,303.42499,303.51999,303.22,303.31,472257
2026-08-13 14:30:00,303.31,303.94,303.13,303.80499,863575
2026-08-13 14:45:00,303.80499,303.85001,303.14999,303.17999,736751
2026-08-13 15:00:00,303.19501,303.64001,303.029999,303.5,852845
2026-08-13 15:15:00,303.5,304.60999,303.45001,304.39999,1247769
2026-08-13 15:30:00,304.38,304.64999,303.97,304.10001,1138143
2026-08-13 15:45:00,304.079987,305.32001,304.029999,305.32001,2617278
2026-08-14 09:30:00,306.028015,307.48999,305.56,306.23001,3854309
2026-08-14 09:45:00,306.23999,307.01001,305.70001,306.10001,1079380
2026-08-14 10:00:00,306.070007,306.35651,305.5701,305.72989,773932
2026-08-14 10:15:00,305.70999,305.89999,304.76001,304.98999,1027728
2026-08-14 10:30:00,305.019989,305.1922,304.66,304.91,674187
2026-08-14 10:45:00,304.92001,305.42999,304.82999,305.16,604911
2026-08-14 11:00:00,305.16,305.25,304.29999,304.72,692852
2026-08-14 11:15:00,304.74011,305.9599,304.72,305.5329,803020
2026-08-14 11:30:00,305.54501,305.91681,305.41501,305.72501,479018
2026-08-14 11:45:00,305.73001,305.82999,305.52499,305.66501,379189
2026-08-14 12:00:00,305.64001,305.70999,305.20001,305.25,366118
2026-08-14 12:15:00,305.26999,305.47,304.97,305.44501,430973
2026-08-14 12:30:00,305.44501,305.5,305.16501,305.32001,362699
2026-08-14 12:45:00,305.31,305.51001,305.12,305.42999,697872
2026-08-14 13:00:00,305.435,305.565,305.26001,305.48001,353362
2026-08-14 13:15:00,305.48999,305.52499,305.079987,305.1944,303491
2026-08-14 13:30:00,305.19501,305.53,305.040009,305.40009,420869
2026-08-14 13:45:00,305.41,306.16,305.39999,306.049988,672187
2026-08-14 14:00:00,306.0401,306.16,305.57999,306.12,1054716
2026-08-14 14:15:00,306.14499,306.25,305.9101,305.979,432601
2026-08-14 14:30:00,305.98001,306.17999,305.63,305.72,464251
2026-08-14 14:45:00,305.73001,305.88,305.56,305.57999,479914
2026-08-14 15:00:00,305.60001,305.70901,305.26999,305.45001,500480
2026-08-14 15:15:00,305.45999,306.049988,305.45001,305.94501,538581
2026-08-14 15:30:00,305.92999,305.97,305.5,305.57001,862649
2026-08-14 15:45:00,305.57001,306.040009,305.54001,305.95001,1950242
2026-08-17 09:30:00,306.20999,307.66,304.054993,305.15009,5096503
2026-08-17 09:45:00,305.12,306.32001,305.089996,305.44,1090401
2026-08-17 10:00:00,305.39001,305.56,304.63,304.89999,938274
2026-08-17 10:15:00,304.87,305.10001,304.45999,304.495,776327
2026-08-17 10:30:00,304.48419,304.82001,304.12,304.56,967490
2026-08-17 10:45:00,304.57001,304.70999,303.64999,304.13,1226053
2026-08-17 11:00:00,304.14001,304.75,303.79999,304.66,1103811
2026-08-17 11:15:00,304.65399,304.91,304.44,304.535,847495
2026-08-17 11:30:00,304.54001,304.59509,303.29999,303.30499,1002928
2026-08-17 11:45:00,303.29999,303.51999,303.054993,303.19,700059
2026-08-17 12:00:00,303.17499,303.56,303.049988,303.56,718151
2026-08-17 12:15:00,303.54089,303.79999,303.405,303.55499,509537
2026-08-17 12:30:00,303.56,304.039215,303.54999,303.76801,491553
2026-08-17 12:45:00,303.76501,303.84,302.939,303.040009,794480
2026-08-17 13:00:00,303.029999,303.92001,303.019989,303.87,630136
2026-08-17 13:15:00,303.82999,304.42499,303.82001,304.41501,573565
2026-08-17 13:30:00,304.41501,304.6499,304.079987,304.535,517532
2026-08-17 13:45:00,304.53,304.64001,304.151,304.30499,399798
2026-08-17 14:00:00,304.29999,304.67999,303.95999,304.59,570985
2026-08-17 14:15:00,304.59,304.94,304.56,304.70499,974650
2026-08-17 14:30:00,304.70001,305.52011,304.69049,305.52011,696485
2026-08-17 14:45:00,305.52499,305.98999,305.42001,305.67999,923892
2026-08-17 15:00:00,305.685,305.97,305.59,305.815,537099
2026-08-17 15:15:00,305.81,306.16,305.62579,306.14499,768042
2026-08-17 15:30:00,306.14999,306.32001,305.53,305.62,837256
2026-08-17 15:45:00,305.64001,305.79001,305.029999,305.69,3143880
2026-08-18 09:30:00,307.53,307.89999,305.98001,306.97009,4967955
2026-08-18 09:45:00,306.965,307.35999,305.73999,307.29001,1875199
2026-08-18 10:00:00,307.29999,310.14999,307.14999,309.92499,3343094
2026-08-18 10:15:00,309.92499,310.26999,308.81,309.65991,1854247
2026-08-18 10:30:00,309.64001,311.48999,309.60001,310.76999,1962701
2026-08-18 10:45:00,310.76999,311.22,310.23001,310.39499,1593617
2026-08-18 11:00:00,310.41,311.14999,309.92001,310.51001,1389246
2026-08-18 11:15:00,310.51001,310.92789,310.070007,310.42999,852573
2026-08-18 11:30:00,310.42999,310.5199,309.73999,309.87631,855042
2026-08-18 11:45:00,309.87,310.029999,309.34,309.54001,1089573
2026-08-18 12:00:00,309.54001,310.4599,309.011993,310.25,1029714
2026-08-18 12:15:00,310.26001,310.64001,309.95001,310.61499,791495
2026-08-18 12:30:00,310.62,310.75,310.26999,310.45999,712477
2026-08-18 12:45:00,310.45999,310.76001,310.20001,310.75,690841
2026-08-18 13:00:00,310.74011,310.94,310.54001,310.57001,1422875
2026-08-18 13:15:00,310.57501,310.76999,310.27011,310.39999,519389
2026-08-18 13:30:00,310.39999,310.44,309.87,310.040009,1936763
2026-08-18 13:45:00,310.040009,310.26999,310.037506,310.13,611037
2026-08-18 14:00:00,310.125,310.59,309.75,310.5,830989
2026-08-18 14:15:00,310.495,310.6499,310.26999,310.62769,600444
2026-08-18 14:30:00,310.60999,311.20001,310.35001,311.059998,1078327
2026-08-18 14:45:00,311.065002,311.23999,310.37,310.37,711987
2026-08-18 15:00:00,310.37,310.42999,309.655,309.67001,838079
2026-08-18 15:15:00,309.67499,309.98999,309.37,309.70999,1173530
2026-08-18 15:30:00,309.69501,310.53,309.60141,310.45001,1189815
2026-08-18 15:45:00,310.44501,311.069,309.95001,310.20001,4707947
2026-08-19 09:30:00,310.13,312.39001,309.60001,311.70499,4407318
2026-08-19 09:45:00,311.69199,316.39001,311.69,316.36499,2972845
2026-08-19 10:00:00,316.39001,317.49899,316.060089,317.13,3145499
2026-08-19 10:15:00,317.14999,317.81,315.37,316.01001,1939767
2026-08-19 10:30:00,315.95999,317.059998,315.755,315.88,1571463
2026-08-19 10:45:00,315.88,318.32999,315.86499,317.8689,1264996
2026-08-19 11:00:00,317.88,319.27991,317.85999,318.79999,1344924
2026-08-19 11:15:00,318.81,318.97,317.98001,318.17999,1228177
2026-08-19 11:30:00,318.185,318.23001,316.30109,316.42999,1025181
2026-08-19 11:45:00,316.435,316.85999,315.966,316.29501,699724
2026-08-19 12:00:00,316.29999,317.29999,316.0,317.25,751019
2026-08-19 12:15:00,317.26001,317.45001,316.56,316.56,648333
2026-08-19 12:30:00,316.54999,316.54999,315.049988,315.26001,997529
2026-08-19 12:45:00,315.26001,315.31,314.64999,315.095001,1210161
2026-08-19 13:00:00,315.12,315.17001,314.48999,314.87,611148
2026-08-19 13:15:00,314.87,315.16,314.7001,315.059998,713401
2026-08-19 13:30:00,315.059998,315.819,314.95001,315.35999,741324
2026-08-19 13:45:00,315.37,315.51001,315.14999,315.2027,598331
2026-08-19 14:00:00,315.19199,315.70999,315.014709,315.45001,619168
2026-08-19 14:15:00,315.45001,315.45001,314.77499,314.84,867166
2026-08-19 14:30:00,314.85999,315.035004,314.29001,314.85501,710520
2026-08-19 14:45:00,314.85999,315.22961,314.77499,314.87,2182177
2026-08-19 15:00:00,314.88501,315.97,314.7652,315.82001,970583
2026-08-19 15:15:00,315.81,316.73001,315.69171,316.67841,1223685
2026-08-19 15:30:00,316.66,316.67001,315.3707,315.66,1038529
2026-08-19 15:45:00,315.655,316.88,315.20001,316.88,4301003
2026-08-20 09:30:00,317.45499,320.28,316.70999,318.44,4354202
2026-08-20 09:45:00,318.48001,318.51001,317.0,317.27991,1348650
2026-08-20 10:00:00,317.23001,317.62,316.3201,316.685,1219314
2026-08-20 10:15:00,316.66,317.089996,316.22,316.47,8306606
2026-08-20 10:30:00,316.42999,316.66989,316.17001,316.35001,16417685
2026-08-20 10:45:00,316.35999,317.48001,316.32999,317.42001,623508
2026-08-20 11:00:00,317.42999,317.78,316.25,316.5,10733543
2026-08-20 11:15:00,316.41,317.25,316.0,317.22,872428
2026-08-20 11:30:00,317.22989,317.25,316.22,316.53,442694
2026-08-20 11:45:00,316.505,316.97,315.95999,316.91,703853
2026-08-20 12:00:00,316.91,317.088715,316.23999,316.23999,403602
2026-08-20 12:15:00,316.095001,316.785,316.059998,316.465,464683
2026-08-20 12:30:00,316.465,317.44,316.29001,317.44,465993
2026-08-20 12:45:00,317.42999,317.54001,316.88,317.20999,551752
2026-08-20 13:00:00,317.20001,317.63,317.14011,317.28,485716
2026-08-20 13:15:00,317.285,317.57999,316.67001,316.67001,522861
2026-08-20 13:30:00,316.66,316.85999,316.5,316.60001,457391
2026-08-20 13:45:00,316.51999,316.63501,316.26001,316.32001,454921
2026-08-20 14:00:00,316.31,316.31,315.079987,315.45001,934782
2026-08-20 14:15:00,315.46979,315.70999,314.82001,314.84,698428
2026-08-20 14:30:00,314.81009,315.70001,314.78,315.6301,573805
2026-08-20 14:45:00,315.63,315.63,315.081787,315.1279,652949
2026-08-20 15:00:00,315.12,315.12,314.48499,314.55991,599804
2026-08-20 15:15:00,314.5,314.54001,313.29999,313.37,1330527
2026-08-20 15:30:00,313.39001,313.64999,312.91,312.95999,22850068
2026-08-20 15:45:00,313.0,313.089905,310.64999,311.34,4188780
2026-08-21 09:30:00,312.049988,312.38,307.44,308.12,7845190
2026-08-21 09:45:00,308.089996,308.32501,307.01001,307.38,1212165
2026-08-21 10:00:00,307.38,308.049988,307.089996,307.72,1371956
2026-08-21 10:15:00,307.70001,308.23001,307.45999,307.79501,3276085
2026-08-21 10:30:00,307.82001,308.73999,307.60001,308.57501,1280607
2026-08-21 10:45:00,308.54999,309.5,308.29639,309.45499,869869
2026-08-21 11:00:00,309.45999,309.94,309.25,309.70001,3958758
2026-08-21 11:15:00,309.67499,310.64001,309.53,310.60001,666549
2026-08-21 11:30:00,310.61499,311.64001,310.39999,311.31,2182366
2026-08-21 11:45:00,311.31,311.92999,310.92001,311.51001,671408
2026-08-21 12:00:00,311.52499,311.82001,311.17001,311.19,933392
2026-08-21 12:15:00,311.17999,311.43399,311.0,311.20319,471984
2026-08-21 12:30:00,311.20001,311.25,310.26999,310.70001,818788
2026-08-21 12:45:00,310.73999,311.03009,310.58069,311.0050049,387903
2026-08-21 13:00:00,310.98999,311.64001,310.89001,311.56,597491
2026-08-21 13:15:00,311.51999,311.64001,310.97,311.059998,672637
2026-08-21 13:30:00,311.019989,311.16,309.84,310.040009,647285
2026-08-21 13:45:00,310.019989,310.14801,309.42001,309.56,568332
2026-08-21 14:00:00,309.53,309.60999,309.0,309.185,1564225
2026-08-21 14:15:00,309.19,309.19,308.40051,308.47,530434
2026-08-21 14:30:00,308.47501,308.965,308.46011,308.54501,558594
2026-08-21 14:45:00,308.54999,308.87991,308.16,308.78299,828880
2026-08-21 15:00:00,308.78,308.875,308.39999,308.69,632736
2026-08-21 15:15:00,308.70001,309.85001,308.69,309.73999,1015251
2026-08-21 15:30:00,309.75,310.01001,309.42001,309.54529,1020433
2026-08-21 15:45:00,309.54001,310.17899,309.16,309.42001,2529662
2026-08-24 09:30:00,311.47,312.34,309.97,311.13,2664562
2026-08-24 09:45:00,311.14999,311.88,310.56,311.875,1332057
2026-08-24 10:00:00,311.85001,312.94,311.7001,312.23001,1505577
2026-08-24 10:15:00,312.20999,313.19989,312.10999,312.94,1104675
2026-08-24 10:30:00,312.92999,313.32999,312.81,313.10001,770816
2026-08-24 10:45:00,313.10999,313.26999,312.5,312.97,1333487
2026-08-24 11:00:00,312.97501,313.16,311.53,311.8801,10755035
2026-08-24 11:15:00,311.88,312.45001,311.66501,312.23999,1183522
2026-08-24 11:30:00,312.23999,312.39001,311.7001,312.23999,584144
2026-08-24 11:45:00,312.25,312.29501,311.57999,311.69971,513112
2026-08-24 12:00:00,311.67999,311.88,311.34,311.42001,12489833
2026-08-24 12:15:00,311.42001,312.019989,311.39999,311.92859,25834389
2026-08-24 12:30:00,311.91,312.32999,311.85999,312.25,13715378
2026-08-24 12:45:00,312.26999,313.35999,312.19,312.94,14863321
2026-08-24 13:00:00,312.94,312.94,312.16,312.4899,15148207
2026-08-24 13:15:00,312.48001,312.4899,311.87,312.1199,30195611
2026-08-24 13:30:00,312.11899,312.35001,311.70001,311.8515,431273
2026-08-24 13:45:00,311.905,312.29001,311.73001,312.010101,16102176
2026-08-24 14:00:00,312.019989,312.10999,311.5,311.72501,494974
2026-08-24 14:15:00,311.70999,311.89001,311.61099,311.73999,549574
2026-08-24 14:30:00,311.72,311.84,310.72,310.935,608810
2026-08-24 14:45:00,310.95001,311.79001,310.92999,311.59,556078
2026-08-24 15:00:00,311.57001,311.6557,311.019989,311.22,487181
2026-08-24 15:15:00,311.22,311.57001,311.1272,311.25,536969
2026-08-24 15:30:00,311.23001,311.27991,310.67001,310.67999,806687
2026-08-24 15:45:00,310.67999,311.01001,310.172,310.35001,2537591
2026-08-25 09:30:00,310.935,313.57999,310.25,310.505,2478475
2026-08-25 09:45:00,310.505,311.44501,310.040009,310.44,4674212
2026-08-25 10:00:00,310.45999,310.75,309.64999,310.095093,1102685
2026-08-25 10:15:00,310.089996,310.7236,309.92001,310.084991,10524612
2026-08-25 10:30:00,310.079987,310.79001,309.60999,309.85681,6489455
2026-08-25 10:45:00,309.845,309.97,309.037109,309.089996,798974
2026-08-25 11:00:00,309.089996,309.42001,308.39001,309.42001,859553
2026-08-25 11:15:00,309.39999,309.48999,308.87,309.31009,8514386
2026-08-25 11:30:00,309.31,309.85001,309.25,309.77499,626844
2026-08-25 11:45:00,309.76001,309.82999,309.22,309.60001,477939
2026-08-25 12:00:00,309.59,309.72,309.30499,309.53,351451
2026-08-25 12:15:00,309.54501,310.19,309.45001,309.95499,10337002
2026-08-25 12:30:00,309.95001,310.040009,309.5,309.78729,10648540
2026-08-25 12:45:00,309.79001,310.10001,309.59,310.035004,303518
2026-08-25 13:00:00,310.035004,310.040009,309.59,309.8201,323439
2026-08-25 13:15:00,309.82999,310.01001,309.58011,309.655,320679
2026-08-25 13:30:00,309.655,309.82999,309.51999,309.69,341115
2026-08-25 13:45:00,309.69,309.81,309.31,309.465,675609
2026-08-25 14:00:00,309.47,310.34,308.60999,309.285,13426462
2026-08-25 14:15:00,309.28,309.72,309.20001,309.54001,880511
2026-08-25 14:30:00,309.55499,309.60999,309.040009,309.19501,397636
2026-08-25 14:45:00,309.19,309.29999,308.41501,308.57999,600123
2026-08-25 15:00:00,308.57999,308.77499,308.20999,308.69,655257
2026-08-25 15:15:00,308.69,309.39511,308.69,308.97009,556371
2026-08-25 15:30:00,308.97009,309.070007,308.62,308.95999,600049
2026-08-25 15:45:00,308.95999,310.29999,308.81,309.82999,2246816
2026-08-26 09:30:00,310.245,311.67999,308.80011,311.41,2033019
2026-08-26 09:45:00,311.39001,312.70001,311.059998,312.5,1372605
2026-08-26 10:00:00,312.45999,313.41989,311.64999,312.83499,1277074
2026-08-26 10:15:00,312.83011,313.28,311.78,311.79501,932192
2026-08-26 10:30:00,311.79001,312.57001,311.66,312.48499,702798
2026-08-26 10:45:00,312.29001,312.86499,312.074585,312.79999,568829
2026-08-26 11:00:00,312.82501,313.45001,312.45999,313.054993,1142945
2026-08-26 11:15:00,313.040009,313.20001,312.50119,312.51999,587104
2026-08-26 11:30:00,312.51999,313.48999,312.17999,313.44,27405963
2026-08-26 11:45:00,313.44501,313.62,312.84,312.94,575872
2026-08-26 12:00:00,312.89999,313.94,312.37,313.41,11012236
2026-08-26 12:15:00,313.41,313.60501,313.14481,313.29471,459304
2026-08-26 12:30:00,313.30499,313.48001,312.5,312.73001,444296
2026-08-26 12:45:00,312.70999,313.19,312.625,313.029999,12288986
2026-08-26 13:00:00,313.024994,313.10001,312.53,312.60001,477036
2026-08-26 13:15:00,312.60999,313.26999,312.60999,313.13,472438
2026-08-26 13:30:00,313.155,313.25,312.65009,312.785,27080009
2026-08-26 13:45:00,312.79999,313.1199,312.70001,312.94,15075411
2026-08-26 14:00:00,312.95001,313.17001,312.81,312.81781,904299
2026-08-26 14:15:00,312.81,313.17999,312.73001,313.049896,342573
2026-08-26 14:30:00,313.029999,313.69,312.95001,313.685,524524
2026-08-26 14:45:00,313.685,315.10001,313.67001,314.565,1472341
2026-08-26 15:00:00,314.57001,315.25,314.44,315.070007,889235
2026-08-26 15:15:00,315.059998,315.23001,314.84,314.8446,963979
2026-08-26 15:30:00,314.85999,315.42999,314.67999,315.23999,21397656
2026-08-26 15:45:00,315.25,315.37,313.19,313.48999,3097599
2026-08-27 09:30:00,311.98999,312.035004,309.40009,310.815,3330425
2026-08-27 09:45:00,310.82999,312.10199,310.82001,311.62,1104615
2026-08-27 10:00:00,311.57999,311.9899,310.17001,310.22,1251144
2026-08-27 10:15:00,310.23001,310.91,309.63,310.79211,1563301
2026-08-27 10:30:00,310.79999,313.53,310.63,312.89499,1494638
2026-08-27 10:45:00,312.88,313.78,312.65009,313.39999,10207276
2026-08-27 11:00:00,313.42001,314.73001,313.42001,314.72971,11165187
2026-08-27 11:15:00,314.72,315.16,314.56,314.64999,775009
2026-08-27 11:30:00,314.655,315.079895,314.28,314.755,12262587
2026-08-27 11:45:00,314.76001,314.85001,314.14999,314.80499,12933523
2026-08-27 12:00:00,314.82001,314.97,314.29001,314.685,970624
2026-08-27 12:15:00,314.66,314.72989,314.11011,314.57001,396422
2026-08-27 12:30:00,314.565,314.82999,314.25,314.755,400650
2026-08-27 12:45:00,314.76999,315.18149,314.53,315.0,15436325
2026-08-27 13:00:00,315.029999,315.34,314.73999,314.92999,445835
2026-08-27 13:15:00,314.92999,315.39999,314.82001,315.26999,513863
2026-08-27 13:30:00,315.28,315.34,314.48999,314.68991,430702
2026-08-27 13:45:00,314.69,315.029999,314.62,314.82501,17018323
2026-08-27 14:00:00,314.85001,314.91,314.10999,314.32999,388657
2026-08-27 14:15:00,314.33499,314.39999,313.9935,314.17999,413969
2026-08-27 14:30:00,314.20001,314.48001,313.85999,314.245,371335
2026-08-27 14:45:00,314.26001,314.58701,313.57001,313.87949,487216
2026-08-27 15:00:00,313.85001,314.38,313.64999,314.20999,475083
2026-08-27 15:15:00,314.25,314.29999,313.44501,313.57001,561277
2026-08-27 15:30:00,313.57999,313.89999,313.37,313.89001,540290
2026-08-27 15:45:00,313.88,315.089996,313.76999,314.57501,23469437
2026-08-28 09:30:00,317.088013,318.13,315.5,317.32001,3018358
2026-08-28 09:45:00,317.2825,317.37,315.45041,316.70999,1267366
2026-08-28 10:00:00,316.76999,317.1199,316.049988,316.5,5925021
2026-08-28 10:15:00,316.46011,317.17801,316.1626,316.72501,1148227
2026-08-28 10:30:00,316.72501,319.57501,316.51999,319.47,1746038
2026-08-28 10:45:00,319.48001,320.7789,318.59,320.70999,2301467
2026-08-28 11:00:00,320.70999,321.34,320.029999,320.85001,13475019
2026-08-28 11:15:00,320.7999,322.029999,320.7999,321.94,14239937
2026-08-28 11:30:00,321.95499,322.37,321.29999,321.79999,1498168
2026-08-28 11:45:00,321.81,322.36499,321.10999,321.48001,1159551
2026-08-28 12:00:00,321.5,321.85999,321.10999,321.62,895737
2026-08-28 12:15:00,321.63,321.85239,320.535,320.97,850490
2026-08-28 12:30:00,320.94501,321.51999,320.61359,320.625,652938
2026-08-28 12:45:00,320.625,321.35001,320.61459,320.845,584997
2026-08-28 13:00:00,320.82001,320.82999,320.28,320.76999,666047
2026-08-28 13:15:00,320.78,320.79999,319.58011,319.73999,637969
2026-08-28 13:30:00,319.81,320.040009,319.38,319.41501,503644
2026-08-28 13:45:00,319.41501,319.70001,319.37,319.69,499563
2026-08-28 14:00:00,319.70999,320.049988,319.44,319.64999,22402656
2026-08-28 14:15:00,319.64011,319.82999,319.39999,319.54001,22921165
2026-08-28 14:30:00,319.54999,319.75,319.42999,319.595,445615
2026-08-28 14:45:00,319.59,319.815,319.049988,319.815,1386463
2026-08-28 15:00:00,319.82001,319.88989,319.23999,319.64001,25841171
2026-08-28 15:15:00,319.60999,319.98999,319.53,319.54501,681028
2026-08-28 15:30:00,319.78259,320.19931,319.5,319.83499,1168555
2026-08-28 15:45:00,319.70001,320.32999,319.51999,319.64001,2255280
2026-08-31 09:30:00,319.56,321.23499,317.040009,317.375,3203080
2026-08-31 09:45:00,317.32501,318.10001,316.73999,317.26001,1333299
2026-08-31 10:00:00,317.20499,317.245,315.77051,316.51501,1152480
2026-08-31 10:15:00,316.48001,316.85001,315.45001,315.70999,812148
2026-08-31 10:30:00,315.70999,315.70999,314.35999,314.97501,1000328
2026-08-31 10:45:00,314.97,315.62991,314.72,315.38,796942
2026-08-31 11:00:00,315.38,315.82001,315.029999,315.315,696755
2026-08-31 11:15:00,315.32999,315.44,314.89999,315.069885,813330
2026-08-31 11:30:00,315.040009,315.22501,314.60999,314.91901,573136
2026-08-31 11:45:00,314.91501,315.14999,314.59,314.66,501860
2026-08-31 12:00:00,314.66501,314.70999,313.94,314.45999,734922
2026-08-31 12:15:00,314.47,314.87,314.0,314.67001,627249
2026-08-31 12:30:00,314.60001,316.0,312.79999,313.48001,2185559
2026-08-31 12:45:00,313.48001,313.92001,313.39001,313.76001,580708
2026-08-31 13:00:00,313.76001,314.065002,313.41,314.031403,518437
2026-08-31 13:15:00,314.049988,314.25,313.76001,313.88,608623
2026-08-31 13:30:00,313.85001,314.23999,313.38501,314.17001,594531
2026-08-31 13:45:00,314.17001,315.19501,314.16501,315.07489,673491
2026-08-31 14:00:00,315.079987,315.70999,314.91,315.35999,759410
2026-08-31 14:15:00,315.35999,316.019989,315.13,315.685,667687
2026-08-31 14:30:00,315.68188,315.91541,315.01001,315.27011,532519
2026-08-31 14:45:00,315.27011,315.466,315.17999,315.39001,399764
2026-08-31 15:00:00,315.39499,316.069885,315.39499,316.029999,592121
2026-08-31 15:15:00,316.01001,316.16,315.66,316.024994,703386
2026-08-31 15:30:00,316.029999,316.51001,315.75,316.45999,1109000
2026-08-31 15:45:00,316.44501,317.69,315.70999,317.23001,3893995
2026-09-01 09:30:00,316.98001,319.34,314.737,319.14999,3942140
2026-09-01 09:45:00,319.14999,322.75,319.019989,322.69501,4114916
2026-09-01 10:00:00,322.69501,323.53,321.47,323.405,3250693
2026-09-01 10:15:00,323.405,325.39001,323.029999,325.34451,3233239
2026-09-01 10:30:00,325.33511,325.85999,324.23999,324.73499,2520616
2026-09-01 10:45:00,324.73499,325.255,324.23999,324.38,1306822
2026-09-01 11:00:00,324.39001,324.39499,322.73999,323.35999,1634295
2026-09-01 11:15:00,323.35999,325.44,323.32999,324.60001,1598536
2026-09-01 11:30:00,324.62,325.28,324.019989,325.14999,1005630
2026-09-01 11:45:00,325.17001,327.22681,324.87009,326.35999,2330367
2026-09-01 12:00:00,326.38,326.54001,325.51999,325.535,955168
2026-09-01 12:15:00,325.535,327.29999,325.34,326.66,1212086
2026-09-01 12:30:00,326.67999,326.88501,325.39999,325.53,1227876
2026-09-01 12:45:00,325.48999,326.26999,325.32001,325.85999,981692
2026-09-01 13:00:00,325.85001,325.97,324.95001,325.063995,1428281
2026-09-01 13:15:00,325.054993,325.35001,324.48499,324.64999,859878
2026-09-01 13:30:00,324.69,324.92001,324.32001,324.862,644104
2026-09-01 13:45:00,324.89499,325.22,324.5,325.20999,612626
2026-09-01 14:00:00,325.22,325.75,324.76001,324.92499,793785
2026-09-01 14:15:00,324.92999,325.51999,324.63,325.20999,829252
2026-09-01 14:30:00,325.20001,325.23999,324.3905,324.54001,663928
2026-09-01 14:45:00,324.54001,325.85999,324.45621,325.54501,1034363
2026-09-01 15:00:00,325.54001,325.85001,325.059998,325.78,901336
2026-09-01 15:15:00,325.75549,325.92999,325.3757,325.57001,899721
2026-09-01 15:30:00,325.60999,325.7399,325.14001,325.36499,1039359
2026-09-01 15:45:00,325.38,325.888,324.10001,325.14001,4715603
2026-09-02 09:30:00,326.97,328.39999,324.070007,325.45001,3670139
2026-09-02 09:45:00,325.45499,325.57489,324.44,325.19,1614463
2026-09-02 10:00:00,325.16,325.185,323.53,323.98999,1966411
2026-09-02 10:15:00,323.97,324.95001,323.60001,324.57001,889557
2026-09-02 10:30:00,324.58499,324.84,324.0,324.72501,773912
2026-09-02 10:45:00,324.72699,325.079987,324.14999,324.61911,844269
2026-09-02 11:00:00,324.64999,324.94501,324.10999,324.45999,549148
2026-09-02 11:15:00,324.48001,326.54999,324.4501,326.54999,1042748
2026-09-02 11:30:00,326.53,327.054993,324.9101,325.11499,1993614
2026-09-02 11:45:00,325.089996,325.4899,323.89499,325.01001,1283797
2026-09-02 12:00:00,325.01001,326.19,324.95499,325.29999,1454449
2026-09-02 12:15:00,325.27551,325.32999,324.11499,324.66989,927636
2026-09-02 12:30:00,324.66,325.69,324.62,325.38501,732623
2026-09-02 12:45:00,325.39999,326.23801,325.36499,326.12,748813
2026-09-02 13:00:00,326.13,326.5,325.44,325.55991,707457
2026-09-02 13:15:00,325.55499,325.99991,325.070007,325.075012,502940
2026-09-02 13:30:00,325.075012,325.48001,324.68039,325.33011,533530
2026-09-02 13:45:00,325.35999,326.19,325.27011,325.95499,644142
2026-09-02 14:00:00,325.95001,326.3299,325.72009,326.0,721383
2026-09-02 14:15:00,325.98999,326.48999,325.95999,326.2955,646797
2026-09-02 14:30:00,326.30991,326.42999,325.18011,325.34,604616
2026-09-02 14:45:00,325.35001,325.3999,324.85269,325.0,599834
2026-09-02 15:00:00,324.98499,325.82001,324.6001,325.53,829542
2026-09-02 15:15:00,325.535,325.73999,325.28,325.64001,747774
2026-09-02 15:30:00,325.6405,325.95001,324.95999,325.20001,985056
2026-09-02 15:45:00,325.20499,325.5199,324.67001,324.98999,2080147
2026-09-03 09:30:00,324.94769,327.5,324.10999,326.48499,2707054
2026-09-03 09:45:00,326.47,326.97,325.60001,326.72,1185859
2026-09-03 10:00:00,326.60001,328.13,325.94501,328.13,1168403
2026-09-03 10:15:00,328.13,330.31,328.0,329.715,2509629
2026-09-03 10:30:00,329.715,330.67999,327.92001,328.315,1831981
2026-09-03 10:45:00,328.29001,328.92001,327.60999,327.98499,1238864
2026-09-03 11:00:00,328.019989,330.81,328.01001,330.465,1287435
2026-09-03 11:15:00,330.5,330.76001,329.48001,329.82999,1556838
2026-09-03 11:30:00,329.85001,330.48001,329.23999,329.67999,891974
2026-09-03 11:45:00,329.69,329.88,329.28,329.76999,503657
2026-09-03 12:00:00,329.75,330.059998,329.44,330.020203,701728
2026-09-03 12:15:00,330.029999,330.57001,329.51999,330.069885,891692
2026-09-03 12:30:00,330.040009,330.23999,329.70999,329.82999,591207
2026-09-03 12:45:00,329.83499,329.85999,328.88,328.94009,519672
2026-09-03 13:00:00,328.948,329.019989,328.060089,328.11499,564221
2026-09-03 13:15:00,328.10999,328.32001,327.45001,327.73001,812337
2026-09-03 13:30:00,327.72,328.040009,326.73999,326.92001,831570
2026-09-03 13:45:00,326.91501,327.32001,326.67999,326.89999,634999
2026-09-03 14:00:00,326.89999,327.47,326.88,327.32999,794568
2026-09-03 14:15:00,327.32501,327.56,326.92001,327.12,634395
2026-09-03 14:30:00,327.14499,327.29001,326.86499,326.89511,876699
2026-09-03 14:45:00,326.87,327.26001,326.51001,327.19,897459
2026-09-03 15:00:00,327.20001,327.63989,327.049988,327.35001,651159
2026-09-03 15:15:00,327.34,327.84,327.25,327.79501,740990
2026-09-03 15:30:00,327.79001,327.85001,327.41,327.7836,853835
2026-09-03 15:45:00,327.79999,328.84,327.72,328.20999,2677400
2026-09-04 09:30:00,328.30499,328.92999,324.28,324.82001,3179590
2026-09-04 09:45:00,324.89001,324.89001,323.059998,323.69501,1976213
2026-09-04 10:00:00,323.62,323.66,321.20999,321.20999,1924646
2026-09-04 10:15:00,321.21609,321.89001,320.44,320.70999,2122617
2026-09-04 10:30:00,320.70999,321.16,319.88,320.029999,1665494
2026-09-04 10:45:00,320.040009,320.23001,318.29999,318.44,1635445
2026-09-04 11:00:00,318.44,319.39999,317.85999,319.285,1840350
2026-09-04 11:15:00,319.285,319.51001,318.57001,319.47,1085506
2026-09-04 11:30:00,319.47,320.59,319.10999,320.34,1253414
2026-09-04 11:45:00,320.32999,321.28,320.16,321.01001,1102116
2026-09-04 12:00:00,321.024994,321.26901,320.66,321.049896,858595
2026-09-04 12:15:00,321.040009,321.32919,320.42001,320.5,794103
2026-09-04 12:30:00,320.5174,321.14001,320.4101,320.84,586779
2026-09-04 12:45:00,320.85001,321.23999,320.77011,321.029999,586119
2026-09-04 13:00:00,321.045013,321.59,320.92999,321.2092,739337
2026-09-04 13:15:00,321.2005,321.89999,321.19009,321.685,741902
2026-09-04 13:30:00,321.67999,321.67999,320.73999,320.965,562933
2026-09-04 13:45:00,320.95999,321.44,320.88,321.015015,492926
2026-09-04 14:00:00,321.019989,321.31,320.92999,321.26999,452003
2026-09-04 14:15:00,321.26999,321.31,320.87,320.88,449742
2026-09-04 14:30:00,320.88,321.3613,320.85999,321.35001,468090
2026-09-04 14:45:00,321.35501,321.82999,321.32999,321.66501,681301
2026-09-04 15:00:00,321.66,322.10001,321.38,321.98999,742109
2026-09-04 15:15:00,322.0,322.040009,321.64499,321.785,791337
2026-09-04 15:30:00,321.76999,321.80911,320.64001,320.67999,885376
2026-09-04 15:45:00,320.66,320.84,319.651,319.98999,3410311
2026-09-08 09:30:00,317.12,320.70001,315.70001,317.51831,3837865
2026-09-08 09:45:00,317.5,317.64999,315.98001,316.89999,1268175
2026-09-08 10:00:00,316.92001,317.26001,315.73001,315.88501,1350814
2026-09-08 10:15:00,315.87051,316.0,315.29199,315.67001,1409314
2026-09-08 10:30:00,315.67001,316.26999,315.26999,316.089996,952946
2026-09-08 10:45:00,316.089996,316.38,315.62,315.97461,816979
2026-09-08 11:00:00,316.0,316.57001,315.71521,316.20001,1046895
2026-09-08 11:15:00,316.20499,316.78,315.75,316.24911,811968
2026-09-08 11:30:00,316.245,316.81,316.019989,316.41501,727123
2026-09-08 11:45:00,316.41,316.60001,316.0,316.079895,649119
2026-09-08 12:00:00,316.065002,316.26801,315.54001,315.595,696096
2026-09-08 12:15:00,315.59,316.14001,315.45999,316.084991,721260
2026-09-08 12:30:00,316.10001,316.1799,315.88,316.089996,545711
2026-09-08 12:45:00,316.079987,316.17999,315.75,315.98999,526867
2026-09-08 13:00:00,315.98999,316.56,315.95001,316.185,532571
2026-09-08 13:15:00,316.17001,316.28,315.79001,316.26999,438630
2026-09-08 13:30:00,316.272,316.32999,316.040009,316.26001,576982
2026-09-08 13:45:00,316.26001,316.29999,315.94101,316.029999,478644
2026-09-08 14:00:00,316.024994,316.51999,315.97,316.32501,486123
2026-09-08 14:15:00,316.32999,316.73999,315.95001,316.39001,695950
2026-09-08 14:30:00,316.39499,316.53,315.38,315.47,900952
2026-09-08 14:45:00,315.46881,315.98001,314.92001,315.53,1168535
2026-09-08 15:00:00,315.51999,316.53,315.35001,316.089996,871956
2026-09-08 15:15:00,316.089996,316.089996,315.52499,315.79999,753606
2026-09-08 15:30:00,315.80011,316.35999,315.52499,316.17999,896403
2026-09-08 15:45:00,316.20001,316.69,315.70001,316.35001,2735174
2026-09-09 09:30:00,315.93011,316.20999,315.070007,315.8501,2868314
2026-09-09 09:45:00,315.85001,318.0,315.5,317.87491,1654993
2026-09-09 10:00:00,317.85999,318.13,315.51001,315.535,1732704
2026-09-09 10:15:00,315.535,315.69,314.32999,314.75,1553908
2026-09-09 10:30:00,314.70999,314.71011,312.95001,313.23999,1484572
2026-09-09 10:45:00,313.22,313.75,313.10999,313.375,1170710
2026-09-09 11:00:00,313.39001,313.42249,312.17001,312.22,1498282
2026-09-09 11:15:00,312.22501,312.7634,312.10999,312.50259,1085506
2026-09-09 11:30:00,312.51001,313.58899,312.22,313.29001,1444865
2026-09-09 11:45:00,313.2496,313.60001,312.9201,313.17499,971106
2026-09-09 12:00:00,313.17001,313.5,312.86011,313.38501,715287
2026-09-09 12:15:00,313.38,313.70999,313.242,313.66501,1560413
2026-09-09 12:30:00,313.67999,314.38,313.44,314.34,920137
2026-09-09 12:45:00,314.35629,314.36499,313.57999,314.01001,1004868
2026-09-09 13:00:00,314.0050049,315.0,312.31,312.85999,2985674
2026-09-09 13:15:00,312.83499,313.10999,310.97,311.70499,3065240
2026-09-09 13:30:00,311.72,313.34,311.049988,312.51761,2739380
2026-09-09 13:45:00,312.51001,314.35999,312.13,313.255,3083548
2026-09-09 14:00:00,313.255,313.79001,310.079987,310.079987,3131780
2026-09-09 14:15:00,310.059998,313.42999,309.89999,312.13,5216878
2026-09-09 14:30:00,312.13501,314.28,311.95001,314.12,1571066
2026-09-09 14:45:00,314.1203,319.14999,313.76001,316.66,6623905
2026-09-09 15:00:00,316.67999,317.20001,315.14001,315.86011,3167952
2026-09-09 15:15:00,315.87271,316.35999,315.16,315.57001,1525002
2026-09-09 15:30:00,315.56,315.89001,314.88,315.76999,1558908
2026-09-09 15:45:00,315.76001,315.94391,315.019989,315.41,3409801
2026-09-10 09:30:00,316.79001,323.129,316.57001,319.92999,9486570
2026-09-10 09:45:00,319.94,321.17999,317.84,318.92899,2899854
2026-09-10 10:00:00,318.76001,320.0,318.10999,319.34,2171735
2026-09-10 10:15:00,319.3331,320.0,318.7511,318.95499,1254936
2026-09-10 10:30:00,319.01001,320.85001,318.88,320.065002,1636874
2026-09-10 10:45:00,320.059998,323.19,319.79001,323.010101,2772470
2026-09-10 11:00:00,323.040009,323.37,321.76999,321.94,2429494
2026-09-10 11:15:00,321.92001,323.82001,321.60001,323.70999,1874576
2026-09-10 11:30:00,323.67001,324.35001,322.38,322.48999,2760039
2026-09-10 11:45:00,322.46561,322.63,319.22,319.57001,3229762
2026-09-10 12:00:00,319.565,320.48999,319.20999,320.13501,1935656
2026-09-10 12:15:00,320.13501,321.92001,319.95999,321.905,1702119
2026-09-10 12:30:00,321.85501,324.73001,321.26001,324.4899,2790808
2026-09-10 12:45:00,324.47501,324.82999,323.029999,323.35001,2619911
2026-09-10 13:00:00,323.35431,323.98999,322.85001,323.54999,1297239
2026-09-10 13:15:00,323.565,324.86499,323.42001,324.82199,1672939
2026-09-10 13:30:00,324.84,325.67999,324.35001,325.44,2668880
2026-09-10 13:45:00,325.44,325.64999,324.95001,325.01001,1409873
2026-09-10 14:00:00,325.029999,325.19,323.45001,323.64999,1562830
2026-09-10 14:15:00,323.64999,324.47,323.38,324.12,1203716
2026-09-10 14:30:00,324.11011,324.55499,323.63,324.39999,930498
2026-09-10 14:45:00,324.39999,325.5,324.20999,325.38,1316655
2026-09-10 15:00:00,325.38,325.88501,324.94,325.79999,1603290
2026-09-10 15:15:00,325.79001,326.12,325.19,325.285,1605040
2026-09-10 15:30:00,325.26999,325.83499,325.17001,325.3999,1439334
2026-09-10 15:45:00,325.37,326.67999,325.17001,326.595,4141328
2026-09-11 09:30:00,327.63,334.26999,326.29999,333.35001,8088905
2026-09-11 09:45:00,333.39001,333.75,331.01001,332.47,2689877
2026-09-11 10:00:00,332.405,332.92999,331.6601,331.70001,1549627
2026-09-11 10:15:00,331.73999,334.59,331.6601,334.085114,2193073
2026-09-11 10:30:00,334.088287,334.90991,332.42001,334.70001,2645416
2026-09-11 10:45:00,334.70999,335.42999,334.20999,334.95999,2772935
2026-09-11 11:00:00,335.019989,336.22,334.94,335.54001,2147363
2026-09-11 11:15:00,335.51501,336.16,335.083496,335.57001,1453223
2026-09-11 11:30:00,335.54001,335.54001,334.62,334.78,1315939
2026-09-11 11:45:00,334.79001,334.85001,333.69,333.91751,1273282
2026-09-11 12:00:00,333.94,334.76999,333.63,334.70999,1137452
2026-09-11 12:15:00,334.67001,334.84,333.96039,334.17001,1013205
2026-09-11 12:30:00,334.19,334.4408,333.92999,334.13,747508
2026-09-11 12:45:00,334.14999,334.82999,333.92999,334.745,717126
2026-09-11 13:00:00,334.745,334.85001,334.125,334.34,573518
2026-09-11 13:15:00,334.35999,334.47,333.82999,333.95001,542171
2026-09-11 13:30:00,333.95999,334.29999,333.13,333.21951,875961
2026-09-11 13:45:00,333.22,333.47,332.73999,333.38,1059928
2026-09-11 14:00:00,333.375,333.8299,332.57999,332.79501,1044584
2026-09-11 14:15:00,332.82001,333.059998,332.54999,332.85501,592716
2026-09-11 14:30:00,332.85999,333.17899,332.73001,332.905,706259
2026-09-11 14:45:00,332.89999,333.049988,332.39001,332.51999,901639
2026-09-11 15:00:00,332.51141,333.0,332.39999,332.56,881210
2026-09-11 15:15:00,332.55499,332.92001,332.48001,332.64011,1673500
2026-09-11 15:30:00,332.67999,333.070007,332.45999,332.60999,936736
2026-09-11 15:45:00,332.64499,332.89001,332.070007,332.23001,2690228
2026-09-14 09:30:00,334.52,334.83,331.35,332.49,216369
2026-09-14 09:45:00,332.46,335.07,332.04,333.935,159439
2026-09-14 10:00:00,333.95,334.62,333.42,333.52,74483
2026-09-14 10:15:00,333.52,333.56,332.47,333.21,69154
2026-09-14 10:30:00,333.175,333.46,332.45,332.97,79910
2026-09-14 10:45:00,332.94,333.2,332.135,332.98,62707
2026-09-14 11:00:00,332.96,333.385,332.43,332.69,36055
2026-09-14 11:15:00,332.71,333.125,332.335,332.68,33437
2026-09-14 11:30:00,332.65,334.64,332.65,334.37,65162
2026-09-14 11:45:00,334.44,335.5,334.44,335.03,56922
2026-09-14 12:00:00,335.075,335.48,334.47,334.92,36823
2026-09-14 12:15:00,334.875,335.04,334.325,334.585,25685
2026-09-14 12:30:00,334.57,334.98,334.1,334.875,20987
2026-09-14 12:45:00,334.875,335.25,334.54,334.835,28321
