Date,Open,High,Low,Close,Volume
2026-08-25 14:09:00,308.92111,309.079987,308.89999,309.049988,17811
2026-08-25 14:10:00,309.04599,309.17999,309.040009,309.14999,20164
2026-08-25 14:11:00,309.17001,309.31,309.10999,309.2832,40340
2026-08-25 14:12:00,309.28,309.30991,309.26611,309.29001,4696
2026-08-25 14:13:00,310.34,310.34,309.35999,309.39999,60335
2026-08-25 14:14:00,309.39999,309.44,309.28,309.285,23133
2026-08-25 14:15:00,309.28,309.30621,309.20001,309.285,513483
2026-08-25 14:16:00,309.28,309.35999,309.26749,309.35001,23458
2026-08-25 14:17:00,309.34061,309.39001,309.29999,309.34,21801
2026-08-25 14:18:00,309.32001,309.435,309.31259,309.41,19933
2026-08-25 14:19:00,309.405,309.47,309.39001,309.45999,15668
2026-08-25 14:20:00,309.45999,309.57001,309.45999,309.55801,39466
2026-08-25 14:21:00,309.56,309.64999,309.53,309.64499,25946
2026-08-25 14:22:00,309.64999,309.72,309.59,309.66,35466
2026-08-25 14:23:00,309.67499,309.67499,309.55011,309.58499,35740
2026-08-25 14:24:00,309.59,309.60001,309.42001,309.5,35704
2026-08-25 14:25:00,309.48999,309.505,309.38,309.4274,19303
2026-08-25 14:26:00,309.66501,309.66501,309.42001,309.66501,21125
2026-08-25 14:27:00,309.67001,309.67999,309.51001,309.51001,27801
2026-08-25 14:28:00,309.5,309.56,309.465,309.5,31594
2026-08-25 14:29:00,309.51999,309.56,309.51761,309.54001,14023
2026-08-25 14:30:00,309.55499,309.60999,309.54001,309.57999,31479
2026-08-25 14:31:00,309.58499,309.59,309.4563,309.48001,21896
2026-08-25 14:32:00,309.45999,309.51999,309.44,309.48001,19606
2026-08-25 14:33:00,309.5,309.53,309.44501,309.45499,22285
2026-08-25 14:34:00,309.47,309.54999,309.47,309.54031,14435
2026-08-25 14:35:00,309.54001,309.56,309.45999,309.465,16276
2026-08-25 14:36:00,309.45001,309.46561,309.39001,309.42999,31825
2026-08-25 14:37:00,309.42001,309.42001,309.23001,309.23999,33004
2026-08-25 14:38:00,309.23999,309.25,309.11499,309.19501,37060
2026-08-25 14:39:00,309.20999,309.20999,309.10999,309.13,17474
2026-08-25 14:40:00,309.13501,309.19,309.095001,309.14001,23404
2026-08-25 14:41:00,309.14999,309.19,309.095001,309.10001,16228
2026-08-25 14:42:00,309.10001,309.13,309.049988,309.065002,21982
2026-08-25 14:43:00,309.070007,309.22,309.040009,309.22,66143
2026-08-25 14:44:00,309.215,309.28949,309.17999,309.19501,24539
2026-08-25 14:45:00,309.19,309.29001,309.13,309.255,29282
2026-08-25 14:46:00,309.255,309.29999,309.20999,309.20999,21941
2026-08-25 14:47:00,309.019989,309.20999,309.019989,309.019989,26169
2026-08-25 14:48:00,309.0,309.079987,309.0,309.040009,41560
2026-08-25 14:49:00,309.040009,309.14999,309.0,309.14999,25079
2026-08-25 14:50:00,309.13501,309.19,309.10001,309.12009,28098
2026-08-25 14:51:00,309.125,309.125,309.029999,309.059998,34176
2026-08-25 14:52:00,309.024994,309.1395,309.024994,309.11499,19127
2026-08-25 14:53:00,309.10001,309.185,309.059998,309.11389,19071
2026-08-25 14:54:00,309.10999,309.14941,309.065002,309.089996,13391
2026-08-25 14:55:00,309.078003,309.13,308.79999,308.80011,97624
2026-08-25 14:56:00,308.81,308.82999,308.54001,308.54999,69679
2026-08-25 14:57:00,308.54999,308.60001,308.41501,308.45001,87634
2026-08-25 14:58:00,308.45001,308.60501,308.42001,308.52499,49651
2026-08-25 14:59:00,308.54501,308.595,308.47,308.57999,37641
2026-08-25 15:00:00,308.57999,308.60999,308.28,308.36499,100532
2026-08-25 15:01:00,308.35501,308.5,308.24051,308.26001,66099
2026-08-25 15:02:00,308.23999,308.39001,308.22,308.32001,35468
2026-08-25 15:03:00,308.31,308.37991,308.26001,308.27271,28486
2026-08-25 15:04:00,308.2598,308.35501,308.23001,308.23999,35831
2026-08-25 15:05:00,308.23001,308.31,308.20999,308.31,41370
2026-08-25 15:06:00,308.29001,308.48001,308.26199,308.44,44034
2026-08-25 15:07:00,308.47,308.51001,308.37,308.39001,27767
2026-08-25 15:08:00,308.38,308.44,308.35681,308.42001,39789
2026-08-25 15:09:00,308.38,308.47501,308.35999,308.42999,25960
2026-08-25 15:10:00,308.435,308.55499,308.42999,308.495,48326
2026-08-25 15:11:00,308.50409,308.60999,308.4801,308.56,38932
2026-08-25 15:12:00,308.54999,308.62,308.5,308.54001,27065
2026-08-25 15:13:00,308.51501,308.72,308.51501,308.71991,32111
2026-08-25 15:14:00,308.7001,308.77499,308.62,308.69,63487
2026-08-25 15:15:00,308.69,308.82001,308.69,308.79999,84228
2026-08-25 15:16:00,308.80499,308.91891,308.76999,308.91,31456
2026-08-25 15:17:00,308.91,309.026001,308.87659,309.01001,46348
2026-08-25 15:18:00,309.029999,309.049988,308.94,308.97,28653
2026-08-25 15:19:00,308.97,309.070496,308.9545,308.98999,33217
2026-08-25 15:20:00,308.98999,309.059998,308.96011,309.026001,22331
2026-08-25 15:21:00,309.040009,309.13989,309.035004,309.070007,26115
2026-08-25 15:22:00,309.065002,309.14001,309.019989,309.035004,25404
2026-08-25 15:23:00,309.035004,309.1199,309.0,309.10001,28977
2026-08-25 15:24:00,309.10501,309.17999,309.059998,309.17999,31586
2026-08-25 15:25:00,309.17999,309.35999,309.17999,309.35999,54561
2026-08-25 15:26:00,309.36499,309.39511,309.20001,309.20099,49248
2026-08-25 15:27:00,309.20999,309.26999,309.070496,309.10501,40200
2026-08-25 15:28:00,309.089996,309.10001,309.018005,309.024994,22463
2026-08-25 15:29:00,309.03009,309.059998,308.95499,308.97009,31584
2026-08-25 15:30:00,308.97009,308.97198,308.84,308.875,51781
2026-08-25 15:31:00,308.88,308.92001,308.67001,308.74399,50759
2026-08-25 15:32:00,308.745,308.78,308.62,308.745,72189
2026-08-25 15:33:00,309.024994,309.070007,308.73999,309.024994,61432
2026-08-25 15:34:00,309.029999,309.070007,308.92499,308.97,31780
2026-08-25 15:35:00,308.95001,308.98001,308.88,308.97501,31132
2026-08-25 15:36:00,308.965,308.98999,308.86011,308.87,41319
2026-08-25 15:37:00,308.8645,308.94,308.82001,308.84,34841
2026-08-25 15:38:00,308.84,308.97,308.84,308.91,21868
2026-08-25 15:39:00,308.91,308.94,308.76999,308.84,45456
2026-08-25 15:40:00,308.91,308.92999,308.85001,308.91,36534
2026-08-25 15:41:00,308.875,308.97,308.85999,308.875,31954
2026-08-25 15:42:00,308.89001,308.98999,308.87,308.88501,35160
2026-08-25 15:43:00,308.88,308.92001,308.82501,308.92001,22360
2026-08-25 15:44:00,308.92499,308.97,308.89999,308.95999,31484
2026-08-25 15:45:00,308.95999,308.97989,308.81,308.91,58110
2026-08-25 15:46:00,308.91,308.98999,308.85999,308.935,41898
2026-08-25 15:47:00,308.935,309.215,308.935,309.17999,48603
2026-08-25 15:48:00,309.19,309.31,309.1507,309.23819,49933
2026-08-25 15:49:00,309.23999,309.32001,309.20999,309.32001,52308
2026-08-25 15:50:00,309.32999,309.39001,309.17001,309.29999,106957
2026-08-25 15:51:00,309.31,309.38,309.255,309.26999,68844
2026-08-25 15:52:00,309.28,309.47501,309.26999,309.34741,77574
2026-08-25 15:53:00,309.70001,309.72,309.34,309.70001,94128
2026-08-25 15:54:00,309.72,309.94,309.56,309.89001,111142
2026-08-25 15:55:00,309.94,310.23001,309.88251,310.17999,210380
2026-08-25 15:56:00,310.17001,310.26999,310.13,310.20999,150870
2026-08-25 15:57:00,310.22,310.29999,310.17999,310.22501,172837
2026-08-25 15:58:00,310.22501,310.23999,310.040009,310.040009,248297
2026-08-25 15:59:00,310.049988,310.14001,309.79001,309.82999,754935
2026-08-26 09:30:00,310.245,311.64999,310.21011,310.37,825962
2026-08-26 09:31:00,310.37,310.42999,308.80011,309.39001,174017
2026-08-26 09:32:00,309.39001,309.87961,309.049988,309.73001,77193
2026-08-26 09:33:00,309.73001,309.73999,309.19,309.64999,64400
2026-08-26 09:34:00,309.51999,309.81,309.35001,309.51999,45043
2026-08-26 09:35:00,309.51999,309.5499,309.12,309.48389,62994
2026-08-26 09:36:00,309.48999,310.198,309.45999,310.070007,75088
2026-08-26 09:37:00,310.0401,310.23001,309.91,310.049988,64289
2026-08-26 09:38:00,310.0896,310.35999,309.88,310.29999,49734
2026-08-26 09:39:00,310.32001,310.47,310.14001,310.26999,101916
2026-08-26 09:40:00,310.26501,310.81,310.22,310.72101,91782
2026-08-26 09:41:00,310.72,311.19501,310.64999,311.0,115309
2026-08-26 09:42:00,311.23499,311.26001,310.85001,311.23499,78666
2026-08-26 09:43:00,311.26001,311.63901,311.049988,311.54501,125246
2026-08-26 09:44:00,311.56,311.67999,311.29999,311.41,81380
2026-08-26 09:45:00,311.39001,311.60001,311.10001,311.53,89225
2026-08-26 09:46:00,311.505,311.69,311.42999,311.55499,88807
2026-08-26 09:47:00,311.53,311.54999,311.2001,311.39041,65376
2026-08-26 09:48:00,311.39999,311.47989,311.18271,311.35001,84732
2026-08-26 09:49:00,311.29999,311.82999,311.059998,311.595,129445
2026-08-26 09:50:00,311.62,311.64499,311.34,311.48001,74961
2026-08-26 09:51:00,311.39001,311.72351,311.28,311.39499,68330
2026-08-26 09:52:00,311.41,311.67999,311.39499,311.42999,47889
2026-08-26 09:53:00,311.64999,311.70999,311.41,311.64999,51626
2026-08-26 09:54:00,311.63,312.040009,311.53,312.029999,123917
2026-08-26 09:55:00,312.029999,312.13,311.79999,312.07489,121077
2026-08-26 09:56:00,312.065002,312.39001,312.065002,312.375,114123
2026-08-26 09:57:00,312.38989,312.67001,312.26001,312.60001,118204
2026-08-26 09:58:00,312.60001,312.70001,312.34,312.48001,92404
2026-08-26 09:59:00,312.46051,312.56,312.32001,312.5,102489
2026-08-26 10:00:00,312.45999,312.89999,312.23169,312.86499,148284
2026-08-26 10:01:00,312.85001,312.875,312.28,312.38501,119557
2026-08-26 10:02:00,312.38,312.38,311.73001,311.95999,92604
2026-08-26 10:03:00,311.98001,312.17599,311.64999,312.16,72585
2026-08-26 10:04:00,312.14999,312.66,312.1301,312.52499,81458
2026-08-26 10:05:00,312.48999,312.70999,312.18869,312.26999,74190
2026-08-26 10:06:00,312.31,312.66,312.10001,312.63,56718
2026-08-26 10:07:00,312.63501,312.77991,312.39999,312.5,69385
2026-08-26 10:08:00,312.51999,312.64499,312.397,312.45499,43840
2026-08-26 10:09:00,312.47,312.53,312.30499,312.37,45473
2026-08-26 10:10:00,312.35931,313.029999,312.35931,313.024994,107910
2026-08-26 10:11:00,313.039886,313.38,313.019989,313.37,111021
2026-08-26 10:12:00,313.35001,313.41989,313.049988,313.13,108916
2026-08-26 10:13:00,313.14511,313.25,312.94,313.10999,89008
2026-08-26 10:14:00,313.125,313.14999,312.77069,312.83499,56125
2026-08-26 10:15:00,312.83011,313.024994,312.82001,312.89499,69018
2026-08-26 10:16:00,312.89001,312.89249,312.54001,312.655,69625
2026-08-26 10:17:00,312.64511,312.85999,312.56,312.76999,60995
2026-08-26 10:18:00,312.76999,313.059906,312.66,312.9101,89995
2026-08-26 10:19:00,312.91,312.92001,312.64001,312.64999,47970
2026-08-26 10:20:00,312.66501,313.070007,312.64999,313.019989,59338
2026-08-26 10:21:00,313.01001,313.26001,312.95001,313.22,59595
2026-08-26 10:22:00,313.23001,313.28,313.029999,313.045013,61482
2026-08-26 10:23:00,313.029999,313.20001,313.017487,313.075012,37879
2026-08-26 10:24:00,313.12,313.12,312.67999,312.69,47989
2026-08-26 10:25:00,312.67001,312.75989,312.60501,312.67001,43748
2026-08-26 10:26:00,312.67001,312.73001,312.48001,312.53,63378
2026-08-26 10:27:00,312.535,312.535,312.17499,312.20499,69881
2026-08-26 10:28:00,312.20499,312.32501,312.059998,312.089996,75202
2026-08-26 10:29:00,312.095001,312.20001,311.78,311.79501,76097
2026-08-26 10:30:00,311.79001,311.9295,311.66,311.73001,73216
2026-08-26 10:31:00,311.76001,311.96991,311.76001,311.81,52565
2026-08-26 10:32:00,311.80499,311.89999,311.6701,311.72,41058
2026-08-26 10:33:00,311.73001,311.92001,311.73001,311.87,54912
2026-08-26 10:34:00,311.89001,311.9975,311.82001,311.85999,49761
2026-08-26 10:35:00,311.89999,312.20999,311.88,312.19,58892
2026-08-26 10:36:00,312.19989,312.20001,311.845,311.91,54126
2026-08-26 10:37:00,311.91501,312.095001,311.89001,312.095001,34830
2026-08-26 10:38:00,312.079987,312.079987,311.92999,311.95001,32350
2026-08-26 10:39:00,311.94501,312.19,311.94,312.11499,41420
2026-08-26 10:40:00,312.11499,312.29529,312.10999,312.26001,46335
2026-08-26 10:41:00,312.255,312.41,312.22,312.30011,54505
2026-08-26 10:42:00,312.34,312.39001,312.22,312.25,26768
2026-08-26 10:43:00,312.255,312.39999,312.14999,312.33499,37535
2026-08-26 10:44:00,312.345,312.57001,312.33011,312.48499,44525
2026-08-26 10:45:00,312.29001,312.66,312.20001,312.29001,63123
2026-08-26 10:46:00,312.32999,312.37,312.23001,312.32001,38192
2026-08-26 10:47:00,312.13501,312.34,312.074585,312.13501,33501
2026-08-26 10:48:00,312.13501,312.41,312.13501,312.41,26080
2026-08-26 10:49:00,312.42001,312.54999,312.39999,312.49731,34734
2026-08-26 10:50:00,312.48999,312.57999,312.41,312.52499,46517
2026-08-26 10:51:00,312.55991,312.57999,312.44,312.505,25024
2026-08-26 10:52:00,312.51001,312.54501,312.49011,312.535,20163
2026-08-26 10:53:00,312.52631,312.74881,312.52631,312.70499,36841
2026-08-26 10:54:00,312.70999,312.82001,312.66,312.66501,45797
2026-08-26 10:55:00,312.67001,312.70999,312.36011,312.4968,34919
2026-08-26 10:56:00,312.51001,312.78381,312.48499,312.7399,28271
2026-08-26 10:57:00,312.73001,312.76999,312.63,312.73999,38341
2026-08-26 10:58:00,312.73999,312.86499,312.69,312.79999,41134
2026-08-26 10:59:00,312.81,312.85989,312.66,312.79999,56192
2026-08-26 11:00:00,312.82501,312.95999,312.77011,312.81,33964
2026-08-26 11:01:00,312.82001,312.92999,312.76001,312.81,37197
2026-08-26 11:02:00,312.80991,312.95001,312.72,312.83499,31163
2026-08-26 11:03:00,312.79999,312.84,312.62,312.625,45621
2026-08-26 11:04:00,312.62,312.64499,312.45999,312.54279,54520
2026-08-26 11:05:00,312.56,312.87,312.54001,312.83499,42247
2026-08-26 11:06:00,312.85001,313.070007,312.82001,313.068512,69719
2026-08-26 11:07:00,313.049988,313.23001,313.049988,313.16501,455673
2026-08-26 11:08:00,313.17001,313.42999,313.16,313.41,64984
2026-08-26 11:09:00,313.41501,313.45001,313.22009,313.26999,57627
2026-08-26 11:10:00,313.29001,313.39499,313.26001,313.39499,44735
2026-08-26 11:11:00,313.39828,313.4295,313.32001,313.375,34905
2026-08-26 11:12:00,313.35999,313.38501,313.049988,313.079987,64180
2026-08-26 11:13:00,313.071014,313.13,312.82001,312.92999,64606
2026-08-26 11:14:00,312.95999,313.17999,312.9101,313.054993,41804
2026-08-26 11:15:00,313.040009,313.20001,313.024994,313.10001,38114
2026-08-26 11:16:00,313.095001,313.12,312.79999,312.85001,68262
2026-08-26 11:17:00,312.83011,312.875,312.59052,312.73001,46895
2026-08-26 11:18:00,312.72501,313.015015,312.59,312.73999,100814
2026-08-26 11:19:00,312.70999,312.78,312.64001,312.75,32540
2026-08-26 11:20:00,312.79001,312.98001,312.75,312.97,20685
2026-08-26 11:21:00,312.97,313.14999,312.84,313.045013,53330
2026-08-26 11:22:00,313.049988,313.049988,312.85999,312.86499,34267
2026-08-26 11:23:00,312.88,312.95001,312.83011,312.87,27566
2026-08-26 11:24:00,312.85999,312.87,312.70999,312.73001,29773
2026-08-26 11:25:00,312.72501,312.72501,312.53891,312.63,32708
2026-08-26 11:26:00,312.62,312.655,312.52499,312.62,23942
2026-08-26 11:27:00,312.64899,312.64999,312.56,312.62,24299
2026-08-26 11:28:00,312.62,312.7099,312.56,312.685,23903
2026-08-26 11:29:00,312.67001,312.69989,312.50119,312.51999,30006
2026-08-26 11:30:00,312.51999,312.58969,312.44,312.51999,43319
2026-08-26 11:31:00,312.51999,312.57999,312.42999,312.52499,8717438
2026-08-26 11:32:00,312.51999,312.57001,312.38,312.39999,32837
2026-08-26 11:33:00,312.39999,312.39999,312.17999,312.27499,40532
2026-08-26 11:34:00,312.26999,312.42999,312.23499,312.29999,33988
2026-08-26 11:35:00,312.30499,312.42001,312.26999,312.28,45244
2026-08-26 11:36:00,312.26999,312.5,312.23999,312.38501,8963254
2026-08-26 11:37:00,312.39001,312.58499,312.35001,312.51001,72209
2026-08-26 11:38:00,312.495,312.51999,312.32001,312.42499,61375
2026-08-26 11:39:00,312.44,312.54001,312.42001,312.495,41403
2026-08-26 11:40:00,312.79041,312.89001,312.42001,312.79041,9183859
2026-08-26 11:41:00,312.84,313.039886,312.79041,313.019989,38777
2026-08-26 11:42:00,313.019989,313.21741,312.95999,313.20999,32215
2026-08-26 11:43:00,313.22,313.48999,313.17999,313.465,52645
2026-08-26 11:44:00,313.47501,313.47501,313.38,313.44,46868
2026-08-26 11:45:00,313.44501,313.57999,313.44501,313.56201,57898
2026-08-26 11:46:00,313.57999,313.62,313.22339,313.25201,108233
2026-08-26 11:47:00,313.23999,313.39001,313.14001,313.29001,36121
2026-08-26 11:48:00,313.29001,313.38,313.23499,313.29001,23531
2026-08-26 11:49:00,313.26999,313.39481,313.2323,313.39001,26192
2026-08-26 11:50:00,313.42001,313.45499,313.3801,313.405,45198
2026-08-26 11:51:00,313.39999,313.39999,313.079987,313.10001,49129
2026-08-26 11:52:00,313.13,313.26541,313.095398,313.14999,18861
2026-08-26 11:53:00,313.16501,313.20001,313.10001,313.14001,18187
2026-08-26 11:54:00,313.125,313.20001,313.089996,313.185,19446
2026-08-26 11:55:00,313.1955,313.20001,313.0,313.049988,26155
2026-08-26 11:56:00,313.019989,313.089996,312.95999,313.075012,25802
2026-08-26 11:57:00,313.084991,313.19989,313.01001,313.035004,57213
2026-08-26 11:58:00,313.035004,313.035095,312.88501,312.89999,25558
2026-08-26 11:59:00,312.89999,312.94,312.84,312.94,38348
2026-08-26 12:00:00,312.89999,312.93201,312.73999,312.73999,25847
2026-08-26 12:01:00,312.73999,312.75,312.38501,312.39999,49597
2026-08-26 12:02:00,312.39999,312.54001,312.37,312.53448,22286
2026-08-26 12:03:00,312.54001,312.79999,312.535,312.75,104578
2026-08-26 12:04:00,312.76999,312.78,312.57001,312.59,34321
2026-08-26 12:05:00,312.57999,312.73001,312.54001,312.73001,30934
2026-08-26 12:06:00,312.72501,313.065002,312.70001,313.029999,10262186
2026-08-26 12:07:00,313.019989,313.27539,312.93259,313.25,41665
2026-08-26 12:08:00,313.26001,313.94,313.25,313.685,149411
2026-08-26 12:09:00,313.69,313.69,313.35001,313.48499,60002
2026-08-26 12:10:00,313.5,313.53,313.26141,313.345,68127
2026-08-26 12:11:00,313.33609,313.70999,313.33609,313.625,65470
2026-08-26 12:12:00,313.64001,313.66,313.39999,313.39999,36426
2026-08-26 12:13:00,313.565,313.5799,313.40399,313.565,27241
2026-08-26 12:14:00,313.56891,313.62,313.405,313.41,34145
2026-08-26 12:15:00,313.41,313.56,313.39999,313.5499,30070
2026-08-26 12:16:00,313.5426,313.60501,313.42001,313.48999,29522
2026-08-26 12:17:00,313.51001,313.54001,313.44,313.465,22301
2026-08-26 12:18:00,313.47,313.51001,313.41,313.42001,26218
2026-08-26 12:19:00,313.43991,313.52991,313.35001,313.41501,31410
2026-08-26 12:20:00,313.41,313.5025,313.35001,313.44,32461
2026-08-26 12:21:00,313.43091,313.47,313.22,313.2681,42480
2026-08-26 12:22:00,313.26459,313.3844,313.20999,313.23999,40239
2026-08-26 12:23:00,313.23001,313.32001,313.14481,313.2901,31986
2026-08-26 12:24:00,313.29501,313.37,313.25989,313.34,21954
2026-08-26 12:25:00,313.37,313.42001,313.33499,313.38,27364
2026-08-26 12:26:00,313.38,313.42999,313.26999,313.42999,24966
2026-08-26 12:27:00,313.44,313.47,313.39001,313.42999,53420
2026-08-26 12:28:00,313.42999,313.44,313.31009,313.38,22818
2026-08-26 12:29:00,313.38,313.44,313.29001,313.29471,22095
2026-08-26 12:30:00,313.30499,313.31,313.17001,313.17499,40840
2026-08-26 12:31:00,313.16461,313.29001,313.16461,313.26999,19586
2026-08-26 12:32:00,313.255,313.28,313.10001,313.26001,22390
2026-08-26 12:33:00,313.26999,313.3399,313.25,313.26501,20281
2026-08-26 12:34:00,313.26999,313.47501,313.26999,313.35999,42359
2026-08-26 12:35:00,313.35001,313.44,313.32001,313.42999,15784
2026-08-26 12:36:00,313.41,313.48001,313.28,313.28,27407
2026-08-26 12:37:00,313.2709,313.29999,313.0,313.059998,51054
2026-08-26 12:38:00,313.070007,313.14999,312.98999,313.089996,25116
2026-08-26 12:39:00,313.089996,313.10419,312.77271,312.77271,39108
2026-08-26 12:40:00,312.76999,312.78,312.65009,312.76501,28042
2026-08-26 12:41:00,312.75,312.75,312.67999,312.69,19448
2026-08-26 12:42:00,312.72,312.75,312.595,312.67001,28303
2026-08-26 12:43:00,312.67499,312.67499,312.5,312.57501,37690
2026-08-26 12:44:00,312.57501,312.73001,312.57501,312.73001,26888
2026-08-26 12:45:00,312.70999,312.83231,312.68011,312.78,28529
2026-08-26 12:46:00,312.78,312.78,312.625,312.73001,28393
2026-08-26 12:47:00,312.76001,312.92499,312.73999,312.92499,26713
2026-08-26 12:48:00,312.92499,312.92529,312.78,312.82001,37000
2026-08-26 12:49:00,312.70999,312.94,312.70001,312.70999,11804059
2026-08-26 12:50:00,312.70001,312.89999,312.67999,312.87,34496
2026-08-26 12:51:00,312.85999,312.89999,312.71011,312.82999,35167
2026-08-26 12:52:00,312.853,312.85999,312.70999,312.73141,16757
2026-08-26 12:53:00,312.72,312.83401,312.69,312.78,23336
2026-08-26 12:54:00,312.76999,312.79999,312.75009,312.77499,15949
2026-08-26 12:55:00,312.77499,312.91501,312.76999,312.88,47589
2026-08-26 12:56:00,312.89001,313.049988,312.84,313.040009,54458
2026-08-26 12:57:00,313.049988,313.19,313.0401,313.19,55846
2026-08-26 12:58:00,313.17999,313.19,312.95999,312.97,49420
2026-08-26 12:59:00,312.95999,313.069885,312.95001,313.029999,31274
2026-08-26 13:00:00,313.024994,313.10001,312.96011,313.070007,49387
2026-08-26 13:01:00,313.065002,313.070007,312.95999,312.97,25308
2026-08-26 13:02:00,312.98001,312.98999,312.8046,312.815,24740
2026-08-26 13:03:00,312.8046,312.82541,312.76001,312.81,17412
2026-08-26 13:04:00,312.82001,312.84,312.73001,312.79001,21863
2026-08-26 13:05:00,312.79999,312.84,312.73999,312.76001,19147
2026-08-26 13:06:00,312.78,312.84,312.72,312.745,38623
2026-08-26 13:07:00,312.76001,312.80499,312.73001,312.75,16304
2026-08-26 13:08:00,312.76501,312.86499,312.73999,312.77499,27988
2026-08-26 13:09:00,312.77499,312.85001,312.73001,312.82809,17597
2026-08-26 13:10:00,312.81,312.81,312.64999,312.77499,39191
2026-08-26 13:11:00,312.76999,312.82001,312.67999,312.68011,27634
2026-08-26 13:12:00,312.69,312.75,312.57999,312.67999,86183
2026-08-26 13:13:00,312.65009,312.69,312.62,312.66,27724
2026-08-26 13:14:00,312.66,312.66,312.53,312.60001,37935
2026-08-26 13:15:00,312.60999,312.85001,312.60999,312.76999,40991
2026-08-26 13:16:00,312.76999,312.95001,312.75,312.89041,53654
2026-08-26 13:17:00,312.905,313.019989,312.89001,312.98999,44839
2026-08-26 13:18:00,313.01001,313.029999,312.92001,312.96991,30306
2026-08-26 13:19:00,312.94,313.089996,312.81,312.8334,35370
2026-08-26 13:20:00,312.82919,313.029999,312.81,312.97501,25033
2026-08-26 13:21:00,312.98001,312.98999,312.87,312.89001,20902
2026-08-26 13:22:00,312.88,313.13,312.85999,313.10999,38111
2026-08-26 13:23:00,313.090088,313.22,313.049988,313.1601,36679
2026-08-26 13:24:00,313.185,313.23999,313.059998,313.23001,23042
2026-08-26 13:25:00,313.23001,313.23999,313.13,313.13,21823
2026-08-26 13:26:00,313.13,313.16,313.10999,313.13,17766
2026-08-26 13:27:00,313.13531,313.25,313.13,313.25,16363
2026-08-26 13:28:00,313.25,313.26999,313.10001,313.12,42920
2026-08-26 13:29:00,313.12,313.17001,313.040009,313.13,24639
2026-08-26 13:30:00,313.155,313.20999,313.12,313.17999,30898
2026-08-26 13:31:00,313.19,313.24991,313.16,313.23999,16427
2026-08-26 13:32:00,313.23001,313.25,313.14001,313.15009,30024
2026-08-26 13:33:00,313.155,313.19,313.12,313.14499,22455
2026-08-26 13:34:00,313.14499,313.19,313.13,313.17499,14283
2026-08-26 13:35:00,313.14001,313.19,313.14001,313.14001,13250468
2026-08-26 13:36:00,313.1301,313.17001,313.089996,313.13501,25020
2026-08-26 13:37:00,313.12,313.13,312.965,312.9798,38797
2026-08-26 13:38:00,312.98541,313.089996,312.95999,312.95999,18694
2026-08-26 13:39:00,312.95999,312.97739,312.82501,312.82501,25498
2026-08-26 13:40:00,312.8201,312.89001,312.78,312.81,34232
2026-08-26 13:41:00,312.78,312.84,312.73999,312.79001,25025
2026-08-26 13:42:00,312.79001,312.81,312.65009,312.67999,26270
2026-08-26 13:43:00,312.69,312.80991,312.685,312.73999,20881
2026-08-26 13:44:00,312.73001,312.79999,312.72009,312.785,13501037
2026-08-26 13:45:00,312.79999,312.92001,312.78,312.85001,23237
2026-08-26 13:46:00,312.84,312.85999,312.74011,312.78,28591
2026-08-26 13:47:00,312.76001,312.82001,312.72,312.78,32795
2026-08-26 13:48:00,312.77499,312.82001,312.73999,312.80499,25254
2026-08-26 13:49:00,312.80499,312.80991,312.70001,312.78,26164
2026-08-26 13:50:00,312.79001,312.89001,312.77261,312.83499,27727
2026-08-26 13:51:00,312.82999,312.87,312.80499,312.80499,511899
2026-08-26 13:52:00,312.81,312.95001,312.81,312.88989,20343
2026-08-26 13:53:00,312.89001,312.91501,312.87,312.905,14570
2026-08-26 13:54:00,312.89999,313.019989,312.88,313.019989,24494
2026-08-26 13:55:00,313.019989,313.1199,313.0,313.039886,14249878
2026-08-26 13:56:00,313.010101,313.029999,312.92001,312.94501,24766
2026-08-26 13:57:00,312.95999,312.98999,312.82001,312.98499,30132
2026-08-26 13:58:00,312.98499,313.039886,312.97,313.029999,16425
2026-08-26 13:59:00,313.019989,313.029999,312.91,312.94,19136
2026-08-26 14:00:00,312.95001,313.0,312.86499,312.90201,20679
2026-08-26 14:01:00,312.90509,313.019989,312.89999,312.9899,14038
2026-08-26 14:02:00,312.98999,313.02951,312.94,313.0,20226
2026-08-26 14:03:00,313.019989,313.13,312.98001,313.024994,38886
2026-08-26 14:04:00,313.040009,313.12,313.029999,313.070007,26906
2026-08-26 14:05:00,313.065308,313.13,313.019989,313.032013,534895
2026-08-26 14:06:00,313.019989,313.17001,313.019989,313.12,23895
2026-08-26 14:07:00,313.12,313.12009,312.97,313.019989,26088
2026-08-26 14:08:00,313.029999,313.070007,312.98001,313.054993,20089
2026-08-26 14:09:00,313.040009,313.089996,312.98999,313.049988,33561
2026-08-26 14:10:00,313.049988,313.079987,312.98001,312.98999,26405
2026-08-26 14:11:00,312.98999,313.0,312.85999,312.92001,32754
2026-08-26 14:12:00,312.92999,312.95999,312.82001,312.87,26903
2026-08-26 14:13:00,312.85999,312.95001,312.85999,312.88,39399
2026-08-26 14:14:00,312.89999,312.89999,312.81,312.81781,19575
2026-08-26 14:15:00,312.81,312.84,312.73001,312.79501,24269
2026-08-26 14:16:00,312.78,313.070007,312.78,313.01001,38481
2026-08-26 14:17:00,312.98499,313.059998,312.97,313.024994,26415
2026-08-26 14:18:00,313.024994,313.097992,313.019989,313.049988,21314
2026-08-26 14:19:00,313.029999,313.049988,312.94,313.029999,17753
2026-08-26 14:20:00,313.019989,313.1499,313.019989,313.13,20806
2026-08-26 14:21:00,313.13,313.17999,313.12,313.12,25704
2026-08-26 14:22:00,313.13989,313.13989,313.019989,313.079987,20323
2026-08-26 14:23:00,313.089996,313.10999,313.019897,313.066193,22496
2026-08-26 14:24:00,313.079987,313.079987,312.98999,312.98999,22253
2026-08-26 14:25:00,312.995,313.10001,312.95999,313.079987,33105
2026-08-26 14:26:00,313.10001,313.10999,312.98499,313.019989,21950
2026-08-26 14:27:00,313.019989,313.035004,312.95999,313.019989,692
2026-08-26 14:28:00,313.019989,313.019989,312.95471,313.01001,18940
2026-08-26 14:29:00,313.017395,313.13,313.0,313.049896,28072
2026-08-26 14:30:00,313.029999,313.059998,312.95999,312.97,21655
2026-08-26 14:31:00,312.98999,313.040009,312.95001,313.040009,21316
2026-08-26 14:32:00,313.059998,313.20001,313.059998,313.14999,84984
2026-08-26 14:33:00,313.14001,313.20001,313.059998,313.19,21082
2026-08-26 14:34:00,313.20001,313.22,313.17001,313.20999,21198
2026-08-26 14:35:00,313.20999,313.28989,313.16,313.26001,34014
2026-08-26 14:36:00,313.26001,313.3028,313.23001,313.25009,27358
2026-08-26 14:37:00,313.26001,313.26501,313.14001,313.17001,23883
2026-08-26 14:38:00,313.17001,313.17001,313.13,313.14999,18628
2026-08-26 14:39:00,313.14999,313.22,313.14011,313.16,25575
2026-08-26 14:40:00,313.19,313.20001,313.14001,313.14001,18698
2026-08-26 14:41:00,313.14499,313.26001,313.13,313.255,25308
2026-08-26 14:42:00,313.255,313.38,313.23001,313.25,37078
2026-08-26 14:43:00,313.25,313.48001,313.25,313.44501,30323
2026-08-26 14:44:00,313.42999,313.69,313.42999,313.685,113424
2026-08-26 14:45:00,313.685,314.16,313.67001,314.01001,151561
2026-08-26 14:46:00,314.0,314.089996,313.95999,314.079987,56782
2026-08-26 14:47:00,314.09079,314.39999,314.070007,314.35001,113771
2026-08-26 14:48:00,314.35001,314.39001,314.23999,314.245,82872
2026-08-26 14:49:00,314.23001,314.26001,314.083313,314.23001,43623
2026-08-26 14:50:00,314.23999,314.42001,314.22,314.41,58563
2026-08-26 14:51:00,314.41501,314.64001,314.41501,314.60999,163379
2026-08-26 14:52:00,315.075012,315.089905,314.62,315.075012,217734
2026-08-26 14:53:00,315.075012,315.10001,314.89011,314.94,142385
2026-08-26 14:54:00,314.95511,314.97,314.73001,314.745,125246
2026-08-26 14:55:00,314.51999,314.75079,314.48001,314.51999,88731
2026-08-26 14:56:00,314.51001,314.59,314.48999,314.57999,49254
2026-08-26 14:57:00,314.57001,314.69,314.54001,314.57999,65175
2026-08-26 14:58:00,314.57001,314.64001,314.51001,314.62,45611
2026-08-26 14:59:00,314.60999,314.78,314.54999,314.565,67654
2026-08-26 15:00:00,314.57001,314.75,314.44,314.73499,57486
2026-08-26 15:01:00,314.73499,314.81,314.57999,314.715,60314
2026-08-26 15:02:00,314.715,314.95999,314.70999,314.815,63373
2026-08-26 15:03:00,314.79999,314.86499,314.79999,314.84,48526
2026-08-26 15:04:00,314.85001,315.17001,314.82999,315.17001,97507
2026-08-26 15:05:00,315.14999,315.23999,315.10001,315.19,88584
2026-08-26 15:06:00,315.19,315.23999,314.95291,315.040009,66205
2026-08-26 15:07:00,315.035004,315.14001,314.97,315.084991,48413
2026-08-26 15:08:00,315.084991,315.17001,314.95999,315.12009,47677
2026-08-26 15:09:00,315.12,315.17001,315.10001,315.12,52965
2026-08-26 15:10:00,315.12,315.22,315.10001,315.14999,54454
2026-08-26 15:11:00,315.14001,315.19009,315.1001,315.17001,45992
2026-08-26 15:12:00,315.17999,315.25,315.11011,315.17001,67678
2026-08-26 15:13:00,315.17001,315.19989,315.029999,315.070007,51776
2026-08-26 15:14:00,315.059998,315.10999,315.019989,315.070007,38285
2026-08-26 15:15:00,315.059998,315.19,315.059998,315.16599,57804
2026-08-26 15:16:00,315.16501,315.22989,315.060089,315.16,58757
2026-08-26 15:17:00,315.16501,315.17999,314.92999,314.97,62415
2026-08-26 15:18:00,314.98001,315.1795,314.85999,315.17499,56221
2026-08-26 15:19:00,315.17499,315.23001,314.98999,315.049988,101247
2026-08-26 15:20:00,315.070007,315.10501,314.92001,314.98999,54457
2026-08-26 15:21:00,314.98999,314.99991,314.84,314.84109,55069
2026-08-26 15:22:00,314.85001,315.0,314.845,314.98499,52478
2026-08-26 15:23:00,314.98999,315.12,314.98001,315.024994,84591
2026-08-26 15:24:00,315.010101,315.059998,314.98999,315.01001,43396
2026-08-26 15:25:00,315.01001,315.059906,314.92999,314.97198,62641
2026-08-26 15:26:00,314.95999,315.019989,314.86661,314.89999,67365
2026-08-26 15:27:00,314.89999,314.9299,314.85999,314.9299,63983
2026-08-26 15:28:00,314.92001,315.045013,314.92001,314.95001,84489
2026-08-26 15:29:00,314.8446,315.019012,314.84,314.8446,59066
2026-08-26 15:30:00,314.85999,315.049988,314.82999,315.0,92857
2026-08-26 15:31:00,315.0,315.049988,314.70999,314.72501,94312
2026-08-26 15:32:00,314.72501,314.79999,314.67999,314.75,63634
2026-08-26 15:33:00,314.76001,314.82999,314.67999,314.76001,44517
2026-08-26 15:34:00,314.75,314.89999,314.73639,314.89999,74242
2026-08-26 15:35:00,314.89001,315.019989,314.82999,314.98001,71534
2026-08-26 15:36:00,314.9726,314.98001,314.69,314.75,59732
2026-08-26 15:37:00,314.75,314.81989,314.73499,314.78,52522
2026-08-26 15:38:00,314.785,315.045013,314.76001,314.97,79742
2026-08-26 15:39:00,314.98001,315.23999,314.97,315.23999,246055
2026-08-26 15:40:00,315.25,315.38,315.245,315.37961,105653
2026-08-26 15:41:00,315.38,315.42999,315.22,315.29001,94673
2026-08-26 15:42:00,315.28,315.32999,315.13,315.17001,75584
2026-08-26 15:43:00,315.17999,315.26199,315.13,315.17999,20187572
2026-08-26 15:44:00,315.17999,315.23999,315.10999,315.23999,55027
2026-08-26 15:45:00,315.25,315.37,315.10001,315.14999,101687
2026-08-26 15:46:00,315.16,315.20999,314.95999,314.95999,82360
2026-08-26 15:47:00,314.97501,314.9852,314.78,314.85999,73468
2026-08-26 15:48:00,314.87,314.90991,314.78,314.88,62851
2026-08-26 15:49:00,314.88,314.98999,314.82999,314.9744,49074
2026-08-26 15:50:00,315.0,315.070007,314.73999,314.94,97730
2026-08-26 15:51:00,314.85999,314.97,314.85001,314.85999,88604
2026-08-26 15:52:00,314.87,314.92999,314.73001,314.82001,127731
2026-08-26 15:53:00,314.79999,314.89999,314.43011,314.48001,149267
2026-08-26 15:54:00,314.48999,314.59,314.17999,314.29999,184383
2026-08-26 15:55:00,314.29001,314.32999,313.59,313.63501,682473
2026-08-26 15:56:00,313.63501,313.78,313.57001,313.755,194371
2026-08-26 15:57:00,313.75,313.7677,313.39001,313.47,221556
2026-08-26 15:58:00,313.47,313.69,313.31,313.57959,283425
2026-08-26 15:59:00,313.56,313.56,313.19,313.48999,698619
2026-08-27 09:30:00,311.98999,312.035004,309.95999,311.98999,1391870
2026-08-27 09:31:00,311.97501,312.0,310.75,310.76999,175490
2026-08-27 09:32:00,310.83499,310.83499,309.9501,310.23499,170798
2026-08-27 09:33:00,310.23499,310.42999,309.98001,310.11499,127412
2026-08-27 09:34:00,310.125,310.14001,309.40009,309.9458,353692
2026-08-27 09:35:00,309.92499,310.185,309.42899,310.015015,130487
2026-08-27 09:36:00,310.015015,310.5426,309.91,310.065002,123755
2026-08-27 09:37:00,310.1199,310.345,309.91,310.28,101364
2026-08-27 09:38:00,310.35001,310.85501,310.28,310.60999,82303
2026-08-27 09:39:00,310.63,310.9855,310.4404,310.655,75966
2026-08-27 09:40:00,310.64001,310.64001,310.31,310.37,66130
2026-08-27 09:41:00,310.39999,310.39999,309.95001,310.079987,128437
2026-08-27 09:42:00,310.059998,310.13,309.63,310.0,108699
2026-08-27 09:43:00,310.079987,310.76001,310.079987,310.57999,116837
2026-08-27 09:44:00,310.56,311.12009,310.51001,310.815,177185
2026-08-27 09:45:00,310.82999,311.19,310.82001,311.084991,97491
2026-08-27 09:46:00,311.079987,311.88501,311.070007,311.73999,107739
2026-08-27 09:47:00,311.34,311.7468,311.10001,311.34,82062
2026-08-27 09:48:00,311.32001,311.59,311.20999,311.55499,62954
2026-08-27 09:49:00,311.55499,311.70999,311.45499,311.565,58977
2026-08-27 09:50:00,311.54999,311.755,311.42999,311.73499,65473
2026-08-27 09:51:00,311.70001,311.85101,311.48499,311.5,78264
2026-08-27 09:52:00,311.54001,311.89001,311.51999,311.845,58006
2026-08-27 09:53:00,311.845,311.845,311.61899,311.79501,34357
2026-08-27 09:54:00,311.80499,312.10001,311.7048,311.95001,68498
2026-08-27 09:55:00,311.97,312.079895,311.72971,311.87,70170
2026-08-27 09:56:00,311.89001,312.10199,311.84,311.86499,87115
2026-08-27 09:57:00,311.86499,311.98999,311.634,311.67001,66939
2026-08-27 09:58:00,311.66501,311.70001,311.315,311.40399,93803
2026-08-27 09:59:00,311.40891,311.64999,311.2605,311.62,72767
2026-08-27 10:00:00,311.57999,311.79001,311.435,311.60001,126405
2026-08-27 10:01:00,311.625,311.84,311.41,311.84,105966
2026-08-27 10:02:00,311.82999,311.9899,311.745,311.7587,71703
2026-08-27 10:03:00,311.76001,311.76001,311.31,311.435,65580
2026-08-27 10:04:00,311.44,311.54999,311.32751,311.35001,55481
2026-08-27 10:05:00,311.37,311.42001,311.029999,311.26001,125974
2026-08-27 10:06:00,311.25,311.26001,310.59,310.66,86531
2026-08-27 10:07:00,310.67001,310.78,310.42001,310.72,93559
2026-08-27 10:08:00,310.73001,310.85999,310.38,310.41,72815
2026-08-27 10:09:00,310.44,310.742,310.44,310.4809,66313
2026-08-27 10:10:00,310.51501,310.91,310.5,310.8342,63059
2026-08-27 10:11:00,310.82001,310.875,310.62,310.76001,61725
2026-08-27 10:12:00,310.76999,311.059998,310.76001,310.98001,79843
2026-08-27 10:13:00,310.98001,311.049988,310.48999,310.57001,73936
2026-08-27 10:14:00,310.54001,310.59,310.17001,310.22,102254
2026-08-27 10:15:00,310.23001,310.54999,310.059998,310.10001,167652
2026-08-27 10:16:00,310.10001,310.26999,309.98001,310.20999,170072
2026-08-27 10:17:00,310.20999,310.35001,310.089996,310.32001,72372
2026-08-27 10:18:00,310.30499,310.31,310.10001,310.14999,48558
2026-08-27 10:19:00,310.14001,310.26999,309.91,310.058014,108604
2026-08-27 10:20:00,310.045013,310.17999,309.63,309.845,194048
2026-08-27 10:21:00,309.87,310.059998,309.70001,309.73001,107756
2026-08-27 10:22:00,309.72,310.049896,309.67001,309.95001,87904
2026-08-27 10:23:00,309.95001,310.049896,309.84,309.91989,62654
2026-08-27 10:24:00,309.91,310.42001,309.89999,310.39499,89452
2026-08-27 10:25:00,310.38,310.5499,310.30771,310.42001,85689
2026-08-27 10:26:00,310.39011,310.66,310.35001,310.5813,90901
2026-08-27 10:27:00,310.57501,310.91,310.51999,310.89999,143219
2026-08-27 10:28:00,310.85999,310.88501,310.44,310.535,81459
2026-08-27 10:29:00,310.52499,310.82999,310.48001,310.79211,52961
2026-08-27 10:30:00,310.79999,310.97501,310.64001,310.73999,63118
2026-08-27 10:31:00,310.76001,310.79999,310.63,310.72,37554
2026-08-27 10:32:00,310.75,310.85999,310.6701,310.80499,55029
2026-08-27 10:33:00,310.76001,311.20001,310.73001,311.19,82851
2026-08-27 10:34:00,311.19501,311.48001,311.18539,311.43881,111064
2026-08-27 10:35:00,311.45001,311.70999,311.45001,311.66,85524
2026-08-27 10:36:00,311.70999,312.20001,311.70999,312.14999,147207
2026-08-27 10:37:00,312.15009,312.35001,312.060211,312.32001,103967
2026-08-27 10:38:00,312.32999,312.95911,312.32999,312.88,141686
2026-08-27 10:39:00,312.89999,313.12,312.79999,312.98999,170169
2026-08-27 10:40:00,312.98999,313.26999,312.89999,312.98999,126493
2026-08-27 10:41:00,313.0050049,313.34991,312.85001,313.32999,94330
2026-08-27 10:42:00,313.32001,313.53,312.75,312.81,116927
2026-08-27 10:43:00,312.78,313.12,312.78,313.089996,79923
2026-08-27 10:44:00,313.095001,313.12,312.89499,312.89499,78796
2026-08-27 10:45:00,312.88,313.12,312.65009,313.12,59259
2026-08-27 10:46:00,313.10501,313.37,312.75,312.89001,76355
2026-08-27 10:47:00,312.91,313.040009,312.70001,312.73499,52028
2026-08-27 10:48:00,312.7601,313.17001,312.67001,313.10001,72532
2026-08-27 10:49:00,313.12,313.51001,313.12,313.48001,65170
2026-08-27 10:50:00,313.47,313.78,313.32001,313.64001,61878
2026-08-27 10:51:00,313.64999,313.66241,313.17999,313.31,47895
2026-08-27 10:52:00,313.34,313.38501,313.13501,313.32999,28663
2026-08-27 10:53:00,313.32999,313.44,313.21051,313.25,32886
2026-08-27 10:54:00,313.23999,313.54501,313.20999,313.53,39349
2026-08-27 10:55:00,313.47,313.63681,313.42999,313.47,36224
2026-08-27 10:56:00,313.48001,313.54999,313.32001,313.41391,35924
2026-08-27 10:57:00,313.42001,313.64001,313.33011,313.37,47954
2026-08-27 10:58:00,313.3407,313.56,313.22501,313.53,52890
2026-08-27 10:59:00,313.54001,313.57001,313.29001,313.39999,9498269
2026-08-27 11:00:00,313.42001,313.87,313.42001,313.76501,90207
2026-08-27 11:01:00,313.76001,314.23001,313.76001,314.22,88568
2026-08-27 11:02:00,314.20001,314.20001,313.6691,313.76001,62433
2026-08-27 11:03:00,313.7757,314.070007,313.76001,313.98999,54827
2026-08-27 11:04:00,314.010101,314.32999,314.0,314.31,65850
2026-08-27 11:05:00,314.32501,314.57001,314.29001,314.45001,66039
2026-08-27 11:06:00,314.48001,314.5,314.29349,314.48001,68478
2026-08-27 11:07:00,314.48001,314.4899,314.22079,314.37,59679
2026-08-27 11:08:00,314.38,314.60001,314.35001,314.58499,64354
2026-08-27 11:09:00,314.595,314.67001,314.42001,314.54999,81795
2026-08-27 11:10:00,314.405,314.685,314.35001,314.405,10266398
2026-08-27 11:11:00,314.39999,314.595,314.34,314.48999,44994
2026-08-27 11:12:00,314.45999,314.70001,314.42999,314.51999,52131
2026-08-27 11:13:00,314.52499,314.64999,314.45999,314.63959,38656
2026-08-27 11:14:00,314.64999,314.73001,314.54999,314.72971,60778
2026-08-27 11:15:00,314.72,314.89999,314.64999,314.86011,59240
2026-08-27 11:16:00,314.85999,314.91,314.76001,314.88,56929
2026-08-27 11:17:00,314.89001,315.16,314.89001,315.019989,150375
2026-08-27 11:18:00,314.98001,315.019989,314.8501,314.92001,36261
2026-08-27 11:19:00,314.92001,314.95001,314.73001,314.77499,61258
2026-08-27 11:20:00,314.77499,314.79001,314.60999,314.759,59071
2026-08-27 11:21:00,314.76999,314.95999,314.76999,314.87991,42054
2026-08-27 11:22:00,314.87,315.11249,314.85001,315.070007,45914
2026-08-27 11:23:00,315.049988,315.099915,314.85001,314.85001,50567
2026-08-27 11:24:00,314.89001,314.9252,314.715,314.81,43634
2026-08-27 11:25:00,314.80499,314.85001,314.63,314.67999,54279
2026-08-27 11:26:00,314.67999,314.70001,314.57001,314.62009,32102
2026-08-27 11:27:00,314.66,314.66,314.66,314.66,28250
2026-08-27 11:28:00,314.64499,314.81,314.63,314.72,24819
2026-08-27 11:29:00,314.69,314.72501,314.56,314.64999,30256
2026-08-27 11:30:00,314.655,314.69501,314.32999,314.41,50510
2026-08-27 11:31:00,314.41,314.67999,314.39999,314.51999,48509
2026-08-27 11:32:00,314.53,314.70999,314.41,314.70999,37604
2026-08-27 11:33:00,314.70001,314.755,314.52499,314.56,43295
2026-08-27 11:34:00,314.54999,314.56,314.45001,314.54001,32553
2026-08-27 11:35:00,314.54999,314.59909,314.4202,314.44,29609
2026-08-27 11:36:00,314.45001,314.59,314.39001,314.47009,22714
2026-08-27 11:37:00,314.45999,314.56,314.44,314.54999,14381
2026-08-27 11:38:00,314.55499,314.57999,314.31,314.44,32054
2026-08-27 11:39:00,314.47,314.5098,314.28,314.3699,26369
2026-08-27 11:40:00,314.345,314.42001,314.28,314.345,40932
2026-08-27 11:41:00,314.37,315.079895,314.35999,315.059998,71876
2026-08-27 11:42:00,315.057098,315.070007,314.89001,314.965,11743381
2026-08-27 11:43:00,314.89999,314.92001,314.715,314.73999,34495
2026-08-27 11:44:00,314.76001,314.76001,314.6409,314.755,34305
2026-08-27 11:45:00,314.76001,314.79501,314.39001,314.405,45111
2026-08-27 11:46:00,314.39001,314.42499,314.315,314.32999,34193
2026-08-27 11:47:00,314.33499,314.35001,314.20001,314.29001,52970
2026-08-27 11:48:00,314.32001,314.4299,314.14999,314.30499,43538
2026-08-27 11:49:00,314.32001,314.51001,314.1701,314.435,36008
2026-08-27 11:50:00,314.47,314.76501,314.46109,314.76501,42872
2026-08-27 11:51:00,314.73999,314.79001,314.57999,314.60001,12121863
2026-08-27 11:52:00,314.60001,314.67999,314.51501,314.60999,34324
2026-08-27 11:53:00,314.60999,314.85001,314.60001,314.785,47054
2026-08-27 11:54:00,314.76001,314.76999,314.67001,314.67999,322809
2026-08-27 11:55:00,314.69,314.76001,314.62,314.67001,30845
2026-08-27 11:56:00,314.67001,314.67001,314.42001,314.48999,35909
2026-08-27 11:57:00,314.48999,314.745,314.47,314.73499,30751
2026-08-27 11:58:00,314.73499,314.76999,314.64999,314.755,19965
2026-08-27 11:59:00,314.76001,314.83499,314.72,314.80499,35311
2026-08-27 12:00:00,314.82001,314.935,314.81,314.88989,35850
2026-08-27 12:01:00,314.88501,314.97,314.74301,314.95499,57312
2026-08-27 12:02:00,314.95001,314.95999,314.73999,314.85001,46538
2026-08-27 12:03:00,314.85999,314.87,314.70999,314.85001,23414
2026-08-27 12:04:00,314.845,314.95999,314.82001,314.87561,25886
2026-08-27 12:05:00,314.85001,314.88,314.67999,314.69,38732
2026-08-27 12:06:00,314.69,314.69,314.45999,314.495,26213
2026-08-27 12:07:00,314.4606,314.53979,314.38,314.53979,501917
2026-08-27 12:08:00,314.54001,314.59,314.44,314.44,26105
2026-08-27 12:09:00,314.44501,314.48001,314.34,314.35999,26167
2026-08-27 12:10:00,314.35501,314.5199,314.29001,314.51001,46117
2026-08-27 12:11:00,314.495,314.53989,314.32001,314.35989,41927
2026-08-27 12:12:00,314.35999,314.48999,314.34,314.48001,21106
2026-08-27 12:13:00,314.48499,314.48499,314.37,314.42999,19820
2026-08-27 12:14:00,314.435,314.70001,314.35501,314.685,33520
2026-08-27 12:15:00,314.66,314.70999,314.56,314.66,23076
2026-08-27 12:16:00,314.66,314.72989,314.62,314.67999,21133
2026-08-27 12:17:00,314.67999,314.72,314.5,314.57001,46725
2026-08-27 12:18:00,314.59,314.64999,314.53391,314.56009,17643
2026-08-27 12:19:00,314.582,314.582,314.37,314.37,23844
2026-08-27 12:20:00,314.35001,314.37,314.23001,314.32001,44017
2026-08-27 12:21:00,314.29999,314.39999,314.11011,314.38,59124
2026-08-27 12:22:00,314.35501,314.35501,314.25,314.26999,16354
2026-08-27 12:23:00,314.25,314.32001,314.18021,314.19501,16658
2026-08-27 12:24:00,314.20001,314.37,314.20001,314.35999,18655
2026-08-27 12:25:00,314.37,314.39999,314.31,314.34,14131
2026-08-27 12:26:00,314.345,314.37,314.19,314.20001,18102
2026-08-27 12:27:00,314.215,314.35001,314.16,314.35001,29674
2026-08-27 12:28:00,314.35001,314.48499,314.29001,314.45499,19511
2026-08-27 12:29:00,314.45999,314.58499,314.41,314.57001,27775
2026-08-27 12:30:00,314.565,314.595,314.45001,314.47,19319
2026-08-27 12:31:00,314.47501,314.53,314.41751,314.465,29238
2026-08-27 12:32:00,314.47,314.51999,314.42001,314.5,28247
2026-08-27 12:33:00,314.49011,314.53,314.43011,314.48999,23521
2026-08-27 12:34:00,314.48999,314.5,314.44,314.495,18832
2026-08-27 12:35:00,314.48001,314.54001,314.45001,314.54001,18229
2026-08-27 12:36:00,314.53,314.565,314.25,314.26001,44793
2026-08-27 12:37:00,314.29001,314.51001,314.27011,314.51001,30781
2026-08-27 12:38:00,314.5,314.5,314.3707,314.45499,25756
2026-08-27 12:39:00,314.595,314.64001,314.45999,314.595,28664
2026-08-27 12:40:00,314.60001,314.72,314.53,314.655,37335
2026-08-27 12:41:00,314.625,314.67001,314.57001,314.625,21535
2026-08-27 12:42:00,314.64001,314.64499,314.55499,314.64499,15765
2026-08-27 12:43:00,314.64001,314.78,314.63,314.70001,26203
2026-08-27 12:44:00,314.72,314.82999,314.6546,314.755,32432
2026-08-27 12:45:00,314.76999,315.1499,314.76999,315.14001,85358
2026-08-27 12:46:00,315.1301,315.16,314.87,314.95499,46515
2026-08-27 12:47:00,314.95999,314.98001,314.81009,314.88,71546
2026-08-27 12:48:00,314.88,314.89001,314.72,314.80011,24213
2026-08-27 12:49:00,314.79001,314.81,314.67999,314.685,27157
2026-08-27 12:50:00,314.70001,314.745,314.58499,314.64001,28811
2026-08-27 12:51:00,314.64001,314.72,314.53,314.70001,19600
2026-08-27 12:52:00,314.70001,314.785,314.64001,314.78,20953
2026-08-27 12:53:00,314.785,315.17999,314.76999,315.059998,14936835
2026-08-27 12:54:00,315.059998,315.18149,315.040009,315.063995,39595
2026-08-27 12:55:00,315.045013,315.075012,314.95001,314.95599,29956
2026-08-27 12:56:00,314.95001,315.074005,314.94501,315.049988,20625
2026-08-27 12:57:00,315.060089,315.12,314.85001,314.92221,44398
2026-08-27 12:58:00,314.92999,315.079987,314.92001,315.0401,22102
2026-08-27 12:59:00,315.035706,315.049988,314.935,315.0,18661
2026-08-27 13:00:00,315.029999,315.059998,314.94,314.965,21666
2026-08-27 13:01:00,314.97,315.0,314.85999,314.8847,30327
2026-08-27 13:02:00,314.89731,314.94501,314.82001,314.82001,24306
2026-08-27 13:03:00,314.815,314.875,314.75,314.875,22036
2026-08-27 13:04:00,314.88,314.92001,314.83499,314.86499,23381
2026-08-27 13:05:00,314.86499,314.86499,314.78,314.83499,48854
2026-08-27 13:06:00,314.82501,314.84,314.73999,314.79001,16451
2026-08-27 13:07:00,314.79001,314.89001,314.78,314.86499,16375
2026-08-27 13:08:00,314.85999,315.31,314.85999,315.31,71105
2026-08-27 13:09:00,315.29999,315.29999,315.17999,315.22989,34095
2026-08-27 13:10:00,315.23001,315.26999,315.19,315.22501,14948
2026-08-27 13:11:00,315.23499,315.29001,315.19,315.26999,31645
2026-08-27 13:12:00,315.28,315.34,315.23001,315.255,39801
2026-08-27 13:13:00,315.26999,315.26999,314.965,314.98999,26357
2026-08-27 13:14:00,314.98999,315.01001,314.8801,314.92999,24488
2026-08-27 13:15:00,314.92999,314.95001,314.82001,314.875,27208
2026-08-27 13:16:00,314.875,315.10501,314.845,315.0466,35380
2026-08-27 13:17:00,315.10001,315.20999,315.059998,315.10999,39502
2026-08-27 13:18:00,315.1199,315.19,315.049988,315.17999,25892
2026-08-27 13:19:00,315.17499,315.23999,315.14999,315.22501,28493
2026-08-27 13:20:00,315.22,315.28,315.14999,315.1601,78477
2026-08-27 13:21:00,315.186,315.35001,315.13,315.32001,31023
2026-08-27 13:22:00,315.34,315.345,315.19,315.30499,42694
2026-08-27 13:23:00,315.29999,315.39999,315.285,315.3299,39737
2026-08-27 13:24:00,315.28,315.29001,315.01001,315.015015,25885
2026-08-27 13:25:00,315.029999,315.29001,314.98499,315.155,31043
2026-08-27 13:26:00,315.14999,315.16,315.059998,315.10999,25394
2026-08-27 13:27:00,315.22,315.23999,315.116,315.22,22350
2026-08-27 13:28:00,315.22,315.26999,315.19,315.2601,23329
2026-08-27 13:29:00,315.25,315.26999,315.14999,315.26999,37456
2026-08-27 13:30:00,315.28,315.34,315.19,315.29001,32949
2026-08-27 13:31:00,315.29001,315.29001,315.17001,315.17999,30207
2026-08-27 13:32:00,315.19,315.31,315.080688,315.10001,25876
2026-08-27 13:33:00,315.065002,315.16501,315.049988,315.065002,22109
2026-08-27 13:34:00,315.049988,315.049988,314.87009,314.89001,33607
2026-08-27 13:35:00,314.88501,314.92001,314.82001,314.83499,34060
2026-08-27 13:36:00,314.84,314.87,314.71011,314.76501,32188
2026-08-27 13:37:00,314.78,314.79999,314.64999,314.70999,28904
2026-08-27 13:38:00,314.70999,314.72,314.60001,314.60001,16082
2026-08-27 13:39:00,314.59,314.63,314.5,314.54001,32117
2026-08-27 13:40:00,314.53,314.56,314.495,314.535,26677
2026-08-27 13:41:00,314.535,314.73001,314.48999,314.72,38877
2026-08-27 13:42:00,314.73001,314.81,314.67001,314.76999,30172
2026-08-27 13:43:00,314.75,314.94,314.75,314.92001,20709
2026-08-27 13:44:00,314.92001,314.98001,314.64999,314.68991,26168
2026-08-27 13:45:00,314.69,314.69,314.62,314.64999,19974
2026-08-27 13:46:00,314.64001,314.79001,314.63,314.755,20416
2026-08-27 13:47:00,314.76001,314.81,314.70999,314.75,21908
2026-08-27 13:48:00,314.76001,314.89999,314.73099,314.82999,28004
2026-08-27 13:49:00,314.82999,314.88,314.81,314.82501,24054
2026-08-27 13:50:00,314.84,314.85999,314.70001,314.715,21229
2026-08-27 13:51:00,314.715,314.73001,314.64001,314.66501,20256
2026-08-27 13:52:00,314.76001,314.76001,314.68201,314.76001,16594557
2026-08-27 13:53:00,314.79999,314.79999,314.625,314.625,20766
2026-08-27 13:54:00,314.64999,314.76999,314.62,314.76501,38208
2026-08-27 13:55:00,314.75461,314.98001,314.75,314.92499,66910
2026-08-27 13:56:00,314.92499,315.029999,314.79999,314.92999,66691
2026-08-27 13:57:00,314.92569,314.95499,314.72,314.82501,43730
2026-08-27 13:58:00,314.82999,314.85999,314.78009,314.84,12584
2026-08-27 13:59:00,314.845,314.88,314.73999,314.82501,19036
2026-08-27 14:00:00,314.85001,314.91,314.62,314.70999,23243
2026-08-27 14:01:00,314.70999,314.73001,314.48999,314.51999,35317
2026-08-27 14:02:00,314.51999,314.60001,314.42001,314.44501,36452
2026-08-27 14:03:00,314.44,314.47,314.39001,314.45001,21206
2026-08-27 14:04:00,314.42999,314.42999,314.21011,314.23001,30139
2026-08-27 14:05:00,314.22501,314.39001,314.19,314.26001,24714
2026-08-27 14:06:00,314.26001,314.29001,314.20001,314.2583,25388
2026-08-27 14:07:00,314.26001,314.26501,314.10999,314.20001,25620
2026-08-27 14:08:00,314.20999,314.39731,314.20999,314.31,24389
2026-08-27 14:09:00,314.29999,314.38,314.17999,314.37,18902
2026-08-27 14:10:00,314.37,314.41,314.24261,314.32999,25555
2026-08-27 14:11:00,314.32999,314.36969,314.25,314.315,19163
2026-08-27 14:12:00,314.31,314.32999,314.20999,314.28,30621
2026-08-27 14:13:00,314.29999,314.35001,314.215,314.29001,27431
2026-08-27 14:14:00,314.26999,314.34,314.20001,314.32999,20517
2026-08-27 14:15:00,314.33499,314.33499,314.17999,314.20999,29702
2026-08-27 14:16:00,314.22,314.22501,314.10001,314.185,28957
2026-08-27 14:17:00,314.17999,314.20001,314.10001,314.11499,34296
2026-08-27 14:18:00,314.11499,314.35999,314.11499,314.3201,27661
2026-08-27 14:19:00,314.34,314.39999,314.25821,314.32001,31429
2026-08-27 14:20:00,314.32001,314.36499,314.26501,314.31,19397
2026-08-27 14:21:00,314.22,314.31,314.19,314.22,19543
2026-08-27 14:22:00,314.25,314.26999,314.20001,314.21991,22277
2026-08-27 14:23:00,314.19,314.22,314.070007,314.13,28520
2026-08-27 14:24:00,314.12,314.23999,314.1001,314.20541,19775
2026-08-27 14:25:00,314.20999,314.28989,314.089996,314.20999,34336
2026-08-27 14:26:00,314.20499,314.26999,314.12,314.12,27438
2026-08-27 14:27:00,314.125,314.2399,314.059998,314.19,34680
2026-08-27 14:28:00,314.20001,314.22,314.10001,314.155,24251
2026-08-27 14:29:00,314.16,314.185,313.9935,314.17999,31707
2026-08-27 14:30:00,314.20001,314.22,314.10001,314.104,24542
2026-08-27 14:31:00,314.14001,314.23001,314.12,314.19949,29528
2026-08-27 14:32:00,314.19,314.22,314.029999,314.12,20218
2026-08-27 14:33:00,314.1199,314.14001,313.97,313.98001,26453
2026-08-27 14:34:00,314.0,314.0,313.88,313.92001,27954
2026-08-27 14:35:00,313.92001,314.054993,313.85999,314.024994,27026
2026-08-27 14:36:00,314.01001,314.070007,313.92999,314.040009,22636
2026-08-27 14:37:00,314.049988,314.19891,314.01001,314.19891,28817
2026-08-27 14:38:00,314.20001,314.41,314.20001,314.41,36452
2026-08-27 14:39:00,314.41,314.44,314.32001,314.39001,25173
2026-08-27 14:40:00,314.38989,314.465,314.37,314.45999,21895
2026-08-27 14:41:00,314.32999,314.48001,314.32001,314.32999,23874
2026-08-27 14:42:00,314.35001,314.42001,314.26999,314.31,23660
2026-08-27 14:43:00,314.30499,314.32001,314.16,314.23999,14828
2026-08-27 14:44:00,314.23999,314.29001,314.20999,314.245,18279
2026-08-27 14:45:00,314.26001,314.54999,314.23499,314.4201,34105
2026-08-27 14:46:00,314.42999,314.58701,314.41,314.50009,30945
2026-08-27 14:47:00,314.53,314.56,314.42999,314.465,39188
2026-08-27 14:48:00,314.48999,314.53,314.42499,314.42999,15950
2026-08-27 14:49:00,314.42499,314.465,314.2601,314.26999,31785
2026-08-27 14:50:00,314.26999,314.285,314.097992,314.12,39650
2026-08-27 14:51:00,314.10001,314.14001,314.019989,314.040009,27160
2026-08-27 14:52:00,314.040009,314.040009,313.76001,313.845,52694
2026-08-27 14:53:00,313.85989,313.85989,313.73999,313.75281,29735
2026-08-27 14:54:00,313.73999,313.73999,313.61011,313.67999,49224
2026-08-27 14:55:00,313.66,313.80951,313.57001,313.80951,30539
2026-08-27 14:56:00,313.80499,313.81,313.64471,313.70001,27992
2026-08-27 14:57:00,313.69,313.92001,313.69,313.89999,28297
2026-08-27 14:58:00,313.89499,313.92999,313.78,313.84,19705
2026-08-27 14:59:00,313.87949,313.89999,313.79999,313.87949,30247
2026-08-27 15:00:00,313.85001,314.069885,313.79999,314.029907,39382
2026-08-27 15:01:00,313.89999,314.079987,313.89999,313.89999,29485
2026-08-27 15:02:00,313.89001,313.89999,313.64999,313.67001,29713
2026-08-27 15:03:00,313.69501,313.92499,313.64999,313.88,64773
2026-08-27 15:04:00,313.88,314.065002,313.85001,313.96011,23759
2026-08-27 15:05:00,313.98001,314.040009,313.88501,313.97,40293
2026-08-27 15:06:00,313.845,314.0,313.81,313.845,25407
2026-08-27 15:07:00,313.85001,313.965,313.85001,313.89001,26682
2026-08-27 15:08:00,313.88,314.089996,313.88,314.075104,19599
2026-08-27 15:09:00,314.089996,314.20001,314.070801,314.10001,30915
2026-08-27 15:10:00,314.10001,314.19,314.059998,314.059998,32372
2026-08-27 15:11:00,314.059998,314.19,314.049988,314.12,29681
2026-08-27 15:12:00,314.10001,314.17999,314.040009,314.14999,28508
2026-08-27 15:13:00,314.16,314.34,314.1326,314.28,22759
2026-08-27 15:14:00,314.29001,314.38,314.17999,314.20999,31755
2026-08-27 15:15:00,314.25,314.26999,314.14001,314.22,31237
2026-08-27 15:16:00,314.2399,314.29999,314.14001,314.14001,32378
2026-08-27 15:17:00,314.13,314.19501,314.054993,314.079987,27688
2026-08-27 15:18:00,314.073608,314.17999,314.070007,314.125,28091
2026-08-27 15:19:00,314.125,314.22,314.045013,314.22,28526
2026-08-27 15:20:00,314.215,314.21799,314.084991,314.085114,37677
2026-08-27 15:21:00,314.085999,314.13989,313.935,314.024994,59643
2026-08-27 15:22:00,314.024994,314.049988,313.82999,313.85889,43297
2026-08-27 15:23:00,313.85999,313.85999,313.72,313.73999,37871
2026-08-27 15:24:00,313.75,313.75,313.60001,313.67001,49248
2026-08-27 15:25:00,313.67499,313.7074,313.57001,313.64001,36199
2026-08-27 15:26:00,313.63501,313.72,313.56,313.56,31783
2026-08-27 15:27:00,313.57001,313.64499,313.47,313.51501,40509
2026-08-27 15:28:00,313.51999,313.54001,313.44501,313.47391,34172
2026-08-27 15:29:00,313.48001,313.59,313.45151,313.57001,42958
2026-08-27 15:30:00,313.57999,313.72,313.56,313.60999,38892
2026-08-27 15:31:00,313.61499,313.67001,313.56,313.64001,33703
2026-08-27 15:32:00,313.62,313.64999,313.53,313.60001,28602
2026-08-27 15:33:00,313.60001,313.71011,313.565,313.595,28011
2026-08-27 15:34:00,313.60001,313.67999,313.56,313.63501,31378
2026-08-27 15:35:00,313.63501,313.64999,313.47,313.51999,35335
2026-08-27 15:36:00,313.5199,313.52499,313.37,313.41501,39634
2026-08-27 15:37:00,313.41501,313.54999,313.41501,313.51501,34716
2026-08-27 15:38:00,313.48001,313.57001,313.42001,313.48001,37033
2026-08-27 15:39:00,313.48499,313.67999,313.48499,313.64001,30188
2026-08-27 15:40:00,313.63,313.72,313.60001,313.66,34346
2026-08-27 15:41:00,313.69,313.76999,313.55499,313.73001,57285
2026-08-27 15:42:00,313.73001,313.74771,313.69,313.70999,27677
2026-08-27 15:43:00,313.69,313.785,313.60999,313.76999,42329
2026-08-27 15:44:00,313.79001,313.89999,313.70999,313.89001,41161
2026-08-27 15:45:00,313.88,313.94,313.76999,313.935,46595
2026-08-27 15:46:00,313.9393,313.98999,313.88101,313.92499,34434
2026-08-27 15:47:00,313.9166,314.029999,313.91,313.9599,35826
2026-08-27 15:48:00,313.9599,314.049988,313.86969,314.019989,38984
2026-08-27 15:49:00,314.019897,314.035004,313.94958,314.029999,356090
2026-08-27 15:50:00,314.019989,314.070007,313.80011,314.059998,86945
2026-08-27 15:51:00,314.059998,314.23001,314.059998,314.20001,20787396
2026-08-27 15:52:00,314.20001,314.44,314.16,314.44,81954
2026-08-27 15:53:00,314.42999,314.67001,314.42999,314.63,87800
2026-08-27 15:54:00,314.63,314.98001,314.55869,314.88181,195512
2026-08-27 15:55:00,314.88,315.089996,314.54001,314.70001,235355
2026-08-27 15:56:00,314.70001,314.85999,314.655,314.85501,153430
2026-08-27 15:57:00,314.85999,314.94,314.59,314.64001,232156
2026-08-27 15:58:00,314.64999,314.76001,314.53,314.54401,348058
2026-08-27 15:59:00,314.54999,314.70001,314.42999,314.57501,748902
2026-08-28 09:30:00,317.088013,317.67999,315.5,316.26001,1476247
2026-08-28 09:31:00,316.10999,317.11499,315.98999,316.83499,133646
2026-08-28 09:32:00,316.76999,317.34,316.5,317.3399,102990
2026-08-28 09:33:00,317.32001,317.79999,317.14999,317.70999,172187
2026-08-28 09:34:00,317.70001,318.029999,317.54001,317.655,198882
2026-08-28 09:35:00,317.67001,317.97,317.20999,317.845,116843
2026-08-28 09:36:00,317.845,318.13,317.63199,317.6705,138576
2026-08-28 09:37:00,317.79999,317.95999,317.62,317.79999,158768
2026-08-28 09:38:00,317.30499,317.7934,317.019989,317.30499,86724
2026-08-28 09:39:00,317.35999,317.45001,317.070007,317.17999,54008
2026-08-28 09:40:00,316.94,317.19,316.72,316.94,102644
2026-08-28 09:41:00,316.97,317.185,316.94,317.079987,67586
2026-08-28 09:42:00,317.075012,317.32501,316.85101,317.29999,73643
2026-08-28 09:43:00,317.29001,317.45999,317.17999,317.35999,73114
2026-08-28 09:44:00,317.38409,317.465,317.12,317.32001,62500
2026-08-28 09:45:00,317.2825,317.37,315.89999,316.33499,178630
2026-08-28 09:46:00,316.33499,316.3399,315.5542,315.875,118633
2026-08-28 09:47:00,315.87,315.99991,315.54999,315.99991,111558
2026-08-28 09:48:00,315.95001,316.4599,315.81,316.32001,95171
2026-08-28 09:49:00,316.29001,316.29001,315.76001,315.87009,84256
2026-08-28 09:50:00,315.87,315.91,315.505,315.60501,63437
2026-08-28 09:51:00,315.60001,315.85001,315.45041,315.8299,75096
2026-08-28 09:52:00,315.79501,315.9288,315.60001,315.85501,63832
2026-08-28 09:53:00,315.84,316.0,315.76999,315.9494,54775
2026-08-28 09:54:00,315.95001,316.42999,315.92001,316.2001,81559
2026-08-28 09:55:00,316.23801,316.37,315.85999,315.88,54137
2026-08-28 09:56:00,315.89499,316.1207,315.70001,315.91,56721
2026-08-28 09:57:00,315.89999,316.065002,315.76721,315.94,43274
2026-08-28 09:58:00,315.94,316.35999,315.92001,316.35999,48713
2026-08-28 09:59:00,316.37,316.87,316.2962,316.70999,137574
2026-08-28 10:00:00,316.76999,317.1199,316.44,317.0,99285
2026-08-28 10:01:00,316.98999,317.0,316.45001,316.45499,95473
2026-08-28 10:02:00,316.48999,316.82001,316.215,316.60001,67148
2026-08-28 10:03:00,316.57999,316.69,316.45999,316.53989,61212
2026-08-28 10:04:00,316.45151,316.83499,316.39001,316.785,45457
2026-08-28 10:05:00,316.785,316.965,316.70999,316.7226,57293
2026-08-28 10:06:00,316.70999,316.94,316.5,316.57001,88338
2026-08-28 10:07:00,316.57501,316.59,316.245,316.57999,37878
2026-08-28 10:08:00,316.60999,316.70999,316.48999,316.67929,41139
2026-08-28 10:09:00,316.67001,316.95001,316.64001,316.81,42303
2026-08-28 10:10:00,316.80499,316.92001,316.51999,316.55499,50486
2026-08-28 10:11:00,316.57001,316.57001,316.14001,316.26999,47360
2026-08-28 10:12:00,316.31,316.42001,316.15051,316.15051,26965
2026-08-28 10:13:00,316.2099,316.40579,316.049988,316.20999,38687
2026-08-28 10:14:00,316.5,316.51999,316.23001,316.5,5125997
2026-08-28 10:15:00,316.46011,316.49991,316.29001,316.30499,38346
2026-08-28 10:16:00,316.315,316.48001,316.18201,316.23001,43835
2026-08-28 10:17:00,316.23001,316.29999,316.18149,316.215,32259
2026-08-28 10:18:00,316.20001,316.82999,316.1626,316.82999,55586
2026-08-28 10:19:00,316.84,316.89999,316.69,316.80499,58452
2026-08-28 10:20:00,316.82999,317.089996,316.82001,316.82001,119592
2026-08-28 10:21:00,316.8595,317.059998,316.82001,317.040009,43969
2026-08-28 10:22:00,317.03009,317.17801,316.92999,317.0,62736
2026-08-28 10:23:00,317.01001,317.059998,316.70789,316.87,45393
2026-08-28 10:24:00,316.85999,317.059998,316.60001,317.016815,45932
2026-08-28 10:25:00,317.01001,317.040009,316.60999,316.655,57481
2026-08-28 10:26:00,316.64001,316.73001,316.41501,316.62,359348
2026-08-28 10:27:00,316.62,316.67999,316.17001,316.26001,74450
2026-08-28 10:28:00,316.29001,316.59,316.23001,316.45001,57192
2026-08-28 10:29:00,316.47501,316.81,316.47,316.72501,53656
2026-08-28 10:30:00,316.72501,316.82999,316.51999,316.80499,46910
2026-08-28 10:31:00,316.78909,317.099915,316.73999,317.01001,73195
2026-08-28 10:32:00,317.019501,317.019989,316.76001,316.82001,46633
2026-08-28 10:33:00,316.88,317.015015,316.7804,316.95001,38278
2026-08-28 10:34:00,316.9519,317.049988,316.82999,317.045013,28636
2026-08-28 10:35:00,317.020111,317.41,317.020111,317.33499,84584
2026-08-28 10:36:00,317.35999,317.57001,317.3215,317.54001,91319
2026-08-28 10:37:00,317.54999,317.79001,317.5304,317.6799,83385
2026-08-28 10:38:00,317.67999,317.78,317.45099,317.60999,189777
2026-08-28 10:39:00,317.60999,317.76001,317.50009,317.54001,59828
2026-08-28 10:40:00,317.54001,317.70999,317.51001,317.69,73758
2026-08-28 10:41:00,317.6701,318.14999,317.6701,318.13,136303
2026-08-28 10:42:00,318.12991,318.13501,317.91431,318.084991,87971
2026-08-28 10:43:00,318.10999,318.45999,318.000091553,318.45999,157826
2026-08-28 10:44:00,319.47,319.57501,318.44,319.47,547635
2026-08-28 10:45:00,319.48001,319.73999,319.15009,319.26999,296391
2026-08-28 10:46:00,319.26999,319.48001,319.0,319.13,254360
2026-08-28 10:47:00,319.10999,319.16501,318.67499,318.70001,158612
2026-08-28 10:48:00,318.70001,319.35001,318.59,319.22,136715
2026-08-28 10:49:00,319.23001,319.39001,319.12009,319.22,84541
2026-08-28 10:50:00,319.20999,319.23999,318.94,319.049988,96986
2026-08-28 10:51:00,319.070007,319.60001,319.049988,319.57001,85866
2026-08-28 10:52:00,319.57001,320.029999,319.53,319.87,300515
2026-08-28 10:53:00,319.89539,320.14001,319.811,320.13501,130463
2026-08-28 10:54:00,320.1301,320.2999,319.92499,320.019989,126667
2026-08-28 10:55:00,320.025085,320.17999,319.95001,320.13,97503
2026-08-28 10:56:00,320.125,320.38,320.10501,320.26001,202872
2026-08-28 10:57:00,320.26001,320.39999,320.22,320.37,99463
2026-08-28 10:58:00,320.35999,320.7789,320.35001,320.70801,126146
2026-08-28 10:59:00,320.71991,320.7496,320.38019,320.70999,104367
2026-08-28 11:00:00,320.70999,321.089996,320.5546,320.85001,171024
2026-08-28 11:01:00,320.845,320.905,320.45999,320.89001,119417
2026-08-28 11:02:00,320.91501,321.20999,320.71701,320.91,191744
2026-08-28 11:03:00,320.91,321.047394,320.64999,321.047394,155977
2026-08-28 11:04:00,321.015015,321.26001,320.89999,321.215,154332
2026-08-28 11:05:00,321.215,321.27011,320.9632,321.079987,93797
2026-08-28 11:06:00,321.10999,321.34,321.019989,321.064514,178471
2026-08-28 11:07:00,321.045013,321.26999,320.59839,320.60001,162991
2026-08-28 11:08:00,320.62,320.64001,320.12,320.19,11699284
2026-08-28 11:09:00,320.17459,320.57501,320.13,320.55499,106485
2026-08-28 11:10:00,320.565,320.62,320.26001,320.51001,70655
2026-08-28 11:11:00,320.51001,320.51501,320.029999,320.31,72494
2026-08-28 11:12:00,320.28,320.54999,320.22,320.53,82438
2026-08-28 11:13:00,320.54001,320.69,320.37,320.55499,117822
2026-08-28 11:14:00,320.60501,320.98999,320.53,320.85001,98088
2026-08-28 11:15:00,320.7999,321.29999,320.7999,321.12,113378
2026-08-28 11:16:00,321.1405,321.38,320.91,320.98001,120709
2026-08-28 11:17:00,320.97501,321.23999,320.79999,321.17001,144102
2026-08-28 11:18:00,321.14001,321.35001,321.10001,321.32001,75781
2026-08-28 11:19:00,321.29999,321.39999,321.0,321.14499,71220
2026-08-28 11:20:00,321.1601,321.25,320.97,321.045013,47387
2026-08-28 11:21:00,321.029999,321.096008,320.9101,321.040009,12889257
2026-08-28 11:22:00,321.049988,321.14001,320.97,321.070007,55172
2026-08-28 11:23:00,321.056091,321.26999,320.98001,321.23999,73580
2026-08-28 11:24:00,321.25,321.62991,321.25,321.48999,128154
2026-08-28 11:25:00,321.495,321.87,321.495,321.76501,115435
2026-08-28 11:26:00,321.77499,321.89999,321.60999,321.77499,67230
2026-08-28 11:27:00,321.77499,321.84,321.54999,321.60001,114244
2026-08-28 11:28:00,321.60999,321.67001,321.42001,321.53,77837
2026-08-28 11:29:00,321.51089,322.029999,321.5,321.94,146451
2026-08-28 11:30:00,321.95499,322.20001,321.84,322.14999,88351
2026-08-28 11:31:00,322.14499,322.35001,321.8848,322.24149,127020
2026-08-28 11:32:00,322.22,322.3399,322.14999,322.185,68096
2026-08-28 11:33:00,322.1601,322.34,322.155,322.25,75688
2026-08-28 11:34:00,322.26001,322.37,322.01001,322.17001,81516
2026-08-28 11:35:00,322.19,322.35001,321.91611,321.95001,82667
2026-08-28 11:36:00,321.94989,322.089508,321.76999,321.94101,60869
2026-08-28 11:37:00,321.95499,322.024994,321.73999,321.81,109942
2026-08-28 11:38:00,321.79501,321.85001,321.63,321.63,56657
2026-08-28 11:39:00,321.625,321.69989,321.46078,321.51001,73996
2026-08-28 11:40:00,321.51999,321.60999,321.35999,321.37,105511
2026-08-28 11:41:00,321.39999,321.655,321.39999,321.625,130316
2026-08-28 11:42:00,321.63,321.63,321.29999,321.48001,80942
2026-08-28 11:43:00,321.46609,322.029999,321.39001,321.92999,183325
2026-08-28 11:44:00,321.95709,321.95999,321.67001,321.79999,173272
2026-08-28 11:45:00,321.81,322.089996,321.78,322.070007,88348
2026-08-28 11:46:00,322.059998,322.23999,321.97,322.23999,95858
2026-08-28 11:47:00,322.23999,322.36499,322.01001,322.059998,92188
2026-08-28 11:48:00,322.079987,322.228,322.015015,322.13989,78190
2026-08-28 11:49:00,322.13,322.17999,322.040009,322.089996,62087
2026-08-28 11:50:00,322.10001,322.23001,321.87,321.87,71105
2026-08-28 11:51:00,321.85001,321.9295,321.75009,321.78329,82577
2026-08-28 11:52:00,321.75009,321.82001,321.57501,321.63,64221
2026-08-28 11:53:00,321.60999,321.77991,321.51001,321.57999,58031
2026-08-28 11:54:00,321.54001,321.60001,321.32999,321.57001,67504
2026-08-28 11:55:00,321.59,321.6199,321.10999,321.13501,94910
2026-08-28 11:56:00,321.14999,321.42999,321.10999,321.285,76077
2026-08-28 11:57:00,321.26001,321.42999,321.17999,321.35999,87646
2026-08-28 11:58:00,321.35999,321.48999,321.28,321.375,82016
2026-08-28 11:59:00,321.37,321.5,321.22,321.48001,58793
2026-08-28 12:00:00,321.5,321.73999,321.5,321.72,95189
2026-08-28 12:01:00,321.70001,321.70001,321.51999,321.595,71734
2026-08-28 12:02:00,321.59,321.69,321.38049,321.64999,88910
2026-08-28 12:03:00,321.655,321.85999,321.57999,321.71609,43736
2026-08-28 12:04:00,321.73999,321.82001,321.67001,321.715,35551
2026-08-28 12:05:00,321.70001,321.715,321.59,321.64999,45946
2026-08-28 12:06:00,321.67001,321.73999,321.42001,321.565,58577
2026-08-28 12:07:00,321.56,321.70001,321.3201,321.39999,55314
2026-08-28 12:08:00,321.39001,321.5,321.33499,321.39609,54516
2026-08-28 12:09:00,321.39001,321.5,321.30011,321.30011,54788
2026-08-28 12:10:00,321.32001,321.42001,321.245,321.345,70234
2026-08-28 12:11:00,321.32999,321.45969,321.26001,321.31,50823
2026-08-28 12:12:00,321.29999,321.32999,321.12079,321.13,57772
2026-08-28 12:13:00,321.11139,321.44,321.10999,321.34,43576
2026-08-28 12:14:00,321.33499,321.6799,321.33499,321.62,69071
2026-08-28 12:15:00,321.63,321.85239,321.5,321.51001,74567
2026-08-28 12:16:00,321.48999,321.60999,321.3905,321.4816,38915
2026-08-28 12:17:00,321.54001,321.54001,321.17001,321.19501,44248
2026-08-28 12:18:00,321.17001,321.19,320.77499,320.81,101554
2026-08-28 12:19:00,320.806,321.14001,320.67999,321.10001,66735
2026-08-28 12:20:00,321.10001,321.10001,320.70999,320.70999,76538
2026-08-28 12:21:00,320.70999,320.92999,320.70999,320.85999,44640
2026-08-28 12:22:00,320.84009,320.95001,320.75,320.89999,48390
2026-08-28 12:23:00,320.90549,320.95001,320.84,320.92499,37094
2026-08-28 12:24:00,320.9101,321.019989,320.535,320.94,111494
2026-08-28 12:25:00,320.95999,321.024994,320.82999,320.91501,41055
2026-08-28 12:26:00,320.89001,320.92999,320.71011,320.76501,42303
2026-08-28 12:27:00,320.76501,320.87,320.75009,320.82001,48240
2026-08-28 12:28:00,320.81601,320.98999,320.59,320.70001,43116
2026-08-28 12:29:00,320.69461,320.97,320.69,320.97,31601
2026-08-28 12:30:00,320.94501,321.22,320.94501,321.17001,44337
2026-08-28 12:31:00,321.17001,321.44,321.17001,321.42001,56869
2026-08-28 12:32:00,321.39999,321.42001,321.27011,321.35501,52616
2026-08-28 12:33:00,321.35989,321.38,321.10001,321.17999,46697
2026-08-28 12:34:00,321.19501,321.28,321.084991,321.245,47030
2026-08-28 12:35:00,321.315,321.315,321.19,321.26001,35986
2026-08-28 12:36:00,321.26501,321.45001,321.26501,321.39001,35959
2026-08-28 12:37:00,321.39499,321.51999,321.3461,321.48001,32646
2026-08-28 12:38:00,321.48001,321.5,321.22461,321.27011,32963
2026-08-28 12:39:00,321.26001,321.3855,321.16821,321.31,25378
2026-08-28 12:40:00,321.29001,321.33011,321.019989,321.019989,54153
2026-08-28 12:41:00,321.040009,321.14999,320.97501,321.015015,32390
2026-08-28 12:42:00,321.019989,321.019989,320.78009,320.82001,34239
2026-08-28 12:43:00,320.8006,320.85999,320.64999,320.70499,44262
2026-08-28 12:44:00,320.69,320.79001,320.61359,320.625,77413
2026-08-28 12:45:00,320.625,321.040009,320.61459,321.024994,79735
2026-08-28 12:46:00,320.98999,321.14001,320.95999,321.125,48651
2026-08-28 12:47:00,321.13,321.23001,321.079987,321.13,37590
2026-08-28 12:48:00,321.14001,321.34,321.049988,321.285,59067
2026-08-28 12:49:00,321.19,321.35001,321.17499,321.19,42397
2026-08-28 12:50:00,321.185,321.1994,320.82001,321.0,28018
2026-08-28 12:51:00,321.0,321.054993,320.86499,321.0,29301
2026-08-28 12:52:00,320.99591,321.089996,320.95001,321.045013,27670
2026-08-28 12:53:00,320.94,321.059906,320.89001,320.94,28212
2026-08-28 12:54:00,320.95001,321.019989,320.7406,320.78171,35644
2026-08-28 12:55:00,320.79999,320.85999,320.76999,320.79501,34662
2026-08-28 12:56:00,320.78009,320.81,320.67999,320.80499,36225
2026-08-28 12:57:00,320.79001,320.94971,320.76001,320.91501,28958
2026-08-28 12:58:00,320.91501,321.015015,320.89001,320.95499,39151
2026-08-28 12:59:00,320.9426,320.97989,320.82001,320.845,29716
2026-08-28 13:00:00,320.82001,320.82999,320.45001,320.45999,55796
2026-08-28 13:01:00,320.42999,320.53,320.28,320.42999,80149
2026-08-28 13:02:00,320.42999,320.62,320.35001,320.60001,60773
2026-08-28 13:03:00,320.62,320.80499,320.5701,320.76999,44442
2026-08-28 13:04:00,320.76999,320.81021,320.625,320.70001,40274
2026-08-28 13:05:00,320.69501,320.79001,320.53,320.57999,33459
2026-08-28 13:06:00,320.60001,320.64499,320.48999,320.52499,55386
2026-08-28 13:07:00,320.53,320.76001,320.53,320.64011,50813
2026-08-28 13:08:00,320.61499,320.79999,320.59,320.78201,16631
2026-08-28 13:09:00,320.79999,320.82999,320.57001,320.57001,41215
2026-08-28 13:10:00,320.57999,320.66809,320.45419,320.64011,22856
2026-08-28 13:11:00,320.64999,320.79749,320.62,320.78,29492
2026-08-28 13:12:00,320.78,320.78,320.57999,320.62,51297
2026-08-28 13:13:00,320.64499,320.73999,320.59,320.69,26459
2026-08-28 13:14:00,320.69,320.78989,320.60999,320.76999,57005
2026-08-28 13:15:00,320.78,320.79999,320.10001,320.26001,70171
2026-08-28 13:16:00,320.255,320.29001,320.061493,320.13,35528
2026-08-28 13:17:00,320.13919,320.23999,320.049988,320.17999,33547
2026-08-28 13:18:00,320.20001,320.255,320.0,320.17001,97824
2026-08-28 13:19:00,320.17001,320.26001,320.10501,320.16,61275
2026-08-28 13:20:00,320.17001,320.35999,320.12,320.17499,42447
2026-08-28 13:21:00,320.16989,320.20001,319.80969,319.90839,67790
2026-08-28 13:22:00,319.90021,319.9101,319.72,319.745,31958
2026-08-28 13:23:00,319.61499,319.82999,319.58011,319.61499,39059
2026-08-28 13:24:00,319.60001,319.76001,319.59821,319.73001,38772
2026-08-28 13:25:00,319.71799,319.81989,319.66,319.79501,24246
2026-08-28 13:26:00,319.81,319.92859,319.75,319.84,34239
2026-08-28 13:27:00,319.84271,319.89999,319.73999,319.76501,19498
2026-08-28 13:28:00,319.76001,319.8299,319.67661,319.73999,20027
2026-08-28 13:29:00,319.73001,319.79001,319.71011,319.73999,21588
2026-08-28 13:30:00,319.81,319.8555,319.76999,319.81,18581
2026-08-28 13:31:00,319.82999,319.91,319.76999,319.88,23500
2026-08-28 13:32:00,319.90991,319.97,319.85999,319.95001,42562
2026-08-28 13:33:00,319.97971,320.01001,319.90759,319.91,41630
2026-08-28 13:34:00,319.89999,320.040009,319.80011,319.83499,30728
2026-08-28 13:35:00,319.83749,319.90131,319.75,319.75,37703
2026-08-28 13:36:00,319.75,319.79999,319.66,319.685,27770
2026-08-28 13:37:00,319.66,319.72,319.48999,319.66,45410
2026-08-28 13:38:00,319.67001,319.73999,319.54001,319.54999,40172
2026-08-28 13:39:00,319.55499,319.55499,319.38,319.38,58701
2026-08-28 13:40:00,319.3801,319.59,319.3801,319.505,34285
2026-08-28 13:41:00,319.51001,319.62,319.48001,319.57001,27709
2026-08-28 13:42:00,319.57501,319.60999,319.52499,319.5401,24920
2026-08-28 13:43:00,319.48499,319.59,319.4502,319.48499,29585
2026-08-28 13:44:00,319.51001,319.51001,319.38,319.41501,20388
2026-08-28 13:45:00,319.41501,319.48499,319.39499,319.4299,24071
2026-08-28 13:46:00,319.42499,319.625,319.42499,319.60999,35474
2026-08-28 13:47:00,319.62,319.64999,319.45999,319.45999,30227
2026-08-28 13:48:00,319.465,319.53,319.38,319.51001,21321
2026-08-28 13:49:00,319.51999,319.53,319.42999,319.46249,16648
2026-08-28 13:50:00,319.465,319.48001,319.37,319.38501,25422
2026-08-28 13:51:00,319.37,319.5,319.37,319.47,21547
2026-08-28 13:52:00,319.478,319.57999,319.4101,319.42499,64986
2026-08-28 13:53:00,319.45001,319.5799,319.43301,319.5799,13863
2026-08-28 13:54:00,319.5,319.57999,319.44,319.5,30473
2026-08-28 13:55:00,319.51001,319.53,319.39999,319.45499,32676
2026-08-28 13:56:00,319.45499,319.54999,319.40399,319.54001,30653
2026-08-28 13:57:00,319.54501,319.63989,319.5101,319.58499,58322
2026-08-28 13:58:00,319.62,319.69,319.54999,319.685,64969
2026-08-28 13:59:00,319.69,319.70001,319.56009,319.69,28911
2026-08-28 14:00:00,319.70999,319.70999,319.46011,319.48001,24831
2026-08-28 14:01:00,319.5,319.60501,319.44,319.60501,36022
2026-08-28 14:02:00,319.60501,319.89999,319.60501,319.87009,30247
2026-08-28 14:03:00,319.89001,319.89999,319.81,319.8992,32653
2026-08-28 14:04:00,319.91,319.98001,319.84,319.875,31668
2026-08-28 14:05:00,319.87,320.019989,319.85999,319.88,57783
2026-08-28 14:06:00,319.862,319.88989,319.6701,319.70999,35757
2026-08-28 14:07:00,319.745,319.89001,319.6701,319.685,25034
2026-08-28 14:08:00,319.685,319.7106,319.52301,319.56821,21915871
2026-08-28 14:09:00,319.59,319.67239,319.57001,319.63501,27715
2026-08-28 14:10:00,319.63501,320.039886,319.54999,320.039886,45054
2026-08-28 14:11:00,320.029999,320.049988,319.79999,319.85999,28422
2026-08-28 14:12:00,319.845,319.86731,319.62009,319.79999,38417
2026-08-28 14:13:00,319.82501,319.8999,319.685,319.685,32400
2026-08-28 14:14:00,319.69,319.72501,319.60001,319.64999,40782
2026-08-28 14:15:00,319.64011,319.76999,319.57999,319.75,25409
2026-08-28 14:16:00,319.7692,319.82999,319.55011,319.55011,29305
2026-08-28 14:17:00,319.565,319.57999,319.43259,319.49011,25954
2026-08-28 14:18:00,319.51501,319.64001,319.5,319.64001,23009
2026-08-28 14:19:00,319.63501,319.64999,319.57999,319.60999,14206
2026-08-28 14:20:00,319.61499,319.67999,319.51999,319.57999,20415
2026-08-28 14:21:00,319.59,319.66,319.52609,319.62,11824
2026-08-28 14:22:00,319.60501,319.62991,319.48001,319.48499,23578
2026-08-28 14:23:00,319.48499,319.48999,319.41,319.44,45075
2026-08-28 14:24:00,319.45499,319.52499,319.39999,319.48001,50016
2026-08-28 14:25:00,319.47009,319.57001,319.47009,319.53,31271
2026-08-28 14:26:00,319.60999,319.67001,319.52011,319.60999,22540992
2026-08-28 14:27:00,319.60999,319.70001,319.56,319.60001,31593
2026-08-28 14:28:00,319.59,319.64001,319.5,319.62009,25278
2026-08-28 14:29:00,319.6351,319.64499,319.53,319.54001,23240
2026-08-28 14:30:00,319.54999,319.64499,319.51999,319.60001,25068
2026-08-28 14:31:00,319.64999,319.67999,319.55499,319.64999,36704
2026-08-28 14:32:00,319.64999,319.73999,319.61099,319.63,25756
2026-08-28 14:33:00,319.64499,319.69,319.59,319.66,21062
2026-08-28 14:34:00,319.66501,319.73999,319.56,319.63,24457
2026-08-28 14:35:00,319.62,319.69,319.60501,319.65549,25175
2026-08-28 14:36:00,319.64999,319.66,319.42999,319.54999,52444
2026-08-28 14:37:00,319.54999,319.63751,319.51001,319.60001,28779
2026-08-28 14:38:00,319.60001,319.67001,319.57999,319.60999,30575
2026-08-28 14:39:00,319.625,319.63,319.48001,319.53,22142
2026-08-28 14:40:00,319.56,319.7084,319.54501,319.69,41649
2026-08-28 14:41:00,319.67999,319.70001,319.60559,319.64999,31328
2026-08-28 14:42:00,319.66,319.75,319.62,319.67499,25726
2026-08-28 14:43:00,319.67499,319.73001,319.59,319.60999,26725
2026-08-28 14:44:00,319.60999,319.64999,319.57999,319.595,28025
2026-08-28 14:45:00,319.59,319.61499,319.47,319.47461,28206
2026-08-28 14:46:00,319.48499,319.52499,319.40009,319.5,39718
2026-08-28 14:47:00,319.505,319.66,319.47,319.62,44652
2026-08-28 14:48:00,319.625,319.64001,319.465,319.465,667235
2026-08-28 14:49:00,319.47,319.53,319.42001,319.45999,29894
2026-08-28 14:50:00,319.45999,319.48001,319.22,319.22,95031
2026-08-28 14:51:00,319.22009,319.28491,319.16089,319.26501,63997
2026-08-28 14:52:00,319.13,319.29001,319.049988,319.13,45676
2026-08-28 14:53:00,319.14001,319.5,319.10001,319.45999,109113
2026-08-28 14:54:00,319.48001,319.5499,319.39001,319.48999,44058
2026-08-28 14:55:00,319.47,319.47,319.30499,319.45999,44606
2026-08-28 14:56:00,319.47,319.5,319.38501,319.48499,44748
2026-08-28 14:57:00,319.48499,319.6893,319.48499,319.60999,41013
2026-08-28 14:58:00,319.63,319.78,319.58499,319.78,39978
2026-08-28 14:59:00,319.79001,319.815,319.64011,319.815,48538
2026-08-28 15:00:00,319.82001,319.8494,319.48001,319.48999,67488
2026-08-28 15:01:00,319.54001,319.57999,319.42999,319.54001,43030
2026-08-28 15:02:00,319.54501,319.57001,319.37,319.39999,32247
2026-08-28 15:03:00,319.39001,319.5289,319.33011,319.51001,48368
2026-08-28 15:04:00,319.51001,319.73999,319.51001,319.7374,39790
2026-08-28 15:05:00,319.73999,319.81989,319.70999,319.75,43018
2026-08-28 15:06:00,319.755,319.88989,319.71051,319.85001,65634
2026-08-28 15:07:00,319.82999,319.8374,319.70999,319.75,40573
2026-08-28 15:08:00,319.73001,319.82999,319.48001,319.72501,68754
2026-08-28 15:09:00,319.75,319.75,319.48001,319.59,84117
2026-08-28 15:10:00,319.58499,319.74991,319.51999,319.655,41187
2026-08-28 15:11:00,319.67001,319.73999,319.56,319.60999,31728
2026-08-28 15:12:00,319.60999,319.67001,319.35999,319.38,25143640
2026-08-28 15:13:00,319.37,319.56,319.23999,319.505,50997
2026-08-28 15:14:00,319.5,319.72,319.47009,319.64001,40600
2026-08-28 15:15:00,319.60999,319.76999,319.60999,319.60999,39949
2026-08-28 15:16:00,319.63,319.87,319.63,319.75021,49814
2026-08-28 15:17:00,319.755,319.7865,319.64011,319.76999,37859
2026-08-28 15:18:00,319.76999,319.85501,319.76001,319.79999,44027
2026-08-28 15:19:00,319.785,319.81,319.70499,319.76001,46973
2026-08-28 15:20:00,319.75,319.84,319.69,319.70001,43272
2026-08-28 15:21:00,319.6947,319.86499,319.67999,319.86499,41968
2026-08-28 15:22:00,319.86499,319.98999,319.82001,319.91501,49503
2026-08-28 15:23:00,319.91501,319.91501,319.76999,319.76999,42769
2026-08-28 15:24:00,319.76501,319.78,319.69,319.70999,38124
2026-08-28 15:25:00,319.70001,319.82001,319.69,319.76001,38786
2026-08-28 15:26:00,319.79001,319.79999,319.67999,319.75,49964
2026-08-28 15:27:00,319.755,319.82001,319.70001,319.76001,55369
2026-08-28 15:28:00,319.73999,319.785,319.64001,319.70999,55264
2026-08-28 15:29:00,319.685,319.70001,319.53,319.54501,47387
2026-08-28 15:30:00,319.78259,319.79001,319.5,319.78259,80502
2026-08-28 15:31:00,319.79001,319.85501,319.73999,319.81,47914
2026-08-28 15:32:00,319.84,319.92999,319.80859,319.90549,55220
2026-08-28 15:33:00,319.89999,319.89999,319.76999,319.79001,52721
2026-08-28 15:34:00,319.79001,320.040009,319.75,320.0,152983
2026-08-28 15:35:00,320.0050049,320.029999,319.77261,319.7999,82443
2026-08-28 15:36:00,319.7999,319.88,319.74011,319.76501,59455
2026-08-28 15:37:00,319.76999,319.97501,319.76999,319.935,42982
2026-08-28 15:38:00,319.92001,320.10001,319.91019,320.054993,79155
2026-08-28 15:39:00,320.054993,320.054993,319.95001,319.98001,66554
2026-08-28 15:40:00,319.98001,320.0,319.84,319.91,79896
2026-08-28 15:41:00,319.92999,320.10001,319.92001,320.070099,78243
2026-08-28 15:42:00,320.079987,320.17001,320.079987,320.079987,77050
2026-08-28 15:43:00,320.079987,320.19931,320.040009,320.14999,106328
2026-08-28 15:44:00,319.83499,320.1554,319.82001,319.83499,107109
2026-08-28 15:45:00,319.70001,319.91,319.57999,319.70001,101968
2026-08-28 15:46:00,319.67999,319.85989,319.6601,319.76999,67154
2026-08-28 15:47:00,319.76501,319.84,319.67001,319.685,78083
2026-08-28 15:48:00,319.685,319.7269,319.63211,319.66,62365
2026-08-28 15:49:00,319.66,319.88,319.66,319.82999,57339
2026-08-28 15:50:00,319.82001,320.32999,319.79999,320.20001,153620
2026-08-28 15:51:00,320.22,320.32001,319.92001,320.049988,128234
2026-08-28 15:52:00,320.049988,320.14001,319.92999,320.040009,105927
2026-08-28 15:53:00,320.040009,320.049988,319.72,319.79999,117146
2026-08-28 15:54:00,319.79999,319.94,319.54999,319.92999,146607
2026-08-28 15:55:00,319.92999,320.019989,319.51999,319.64499,162865
2026-08-28 15:56:00,319.64499,319.80499,319.57001,319.73499,130316
2026-08-28 15:57:00,319.73499,320.019989,319.72501,319.86499,141981
2026-08-28 15:58:00,319.87,319.94,319.79001,319.875,227835
2026-08-28 15:59:00,319.87,319.89999,319.52011,319.64001,573840
2026-08-31 09:30:00,319.56,321.23499,318.61819,319.35999,1441344
2026-08-31 09:31:00,319.35999,320.35001,318.37,319.29001,245993
2026-08-31 09:32:00,319.32001,319.89999,318.6301,319.3884,180836
2026-08-31 09:33:00,319.29999,319.29999,318.35999,318.58459,144584
2026-08-31 09:34:00,318.58459,318.64999,318.075012,318.075012,125287
2026-08-31 09:35:00,318.049988,318.13501,317.32999,317.45499,180710
2026-08-31 09:36:00,317.48001,317.77991,317.22,317.48999,81935
2026-08-31 09:37:00,317.48001,318.39999,317.315,318.315,154494
2026-08-31 09:38:00,318.315,318.47989,317.94,318.19,89760
2026-08-31 09:39:00,318.20001,318.8139,318.17499,318.64999,88627
2026-08-31 09:40:00,318.64999,318.89999,317.94,317.95001,103473
2026-08-31 09:41:00,317.92999,318.44989,317.92001,318.16501,86622
2026-08-31 09:42:00,318.16,318.17499,317.41,317.78,97460
2026-08-31 09:43:00,317.7616,317.76999,317.040009,317.19,124021
2026-08-31 09:44:00,317.19,317.64999,317.14001,317.375,57934
2026-08-31 09:45:00,317.32501,317.32501,316.79001,316.87399,184286
2026-08-31 09:46:00,316.85999,317.0,316.73999,316.905,89523
2026-08-31 09:47:00,316.92001,317.42999,316.82999,317.32001,74089
2026-08-31 09:48:00,317.315,317.56,317.17001,317.19,85521
2026-08-31 09:49:00,317.17999,317.42001,316.95001,317.39001,108222
2026-08-31 09:50:00,317.41501,317.45001,317.17001,317.245,57943
2026-08-31 09:51:00,317.255,317.9501,317.13501,317.95001,69807
2026-08-31 09:52:00,317.95001,318.029999,317.60999,317.83011,61158
2026-08-31 09:53:00,317.82501,318.0,317.73999,317.81,73754
2026-08-31 09:54:00,317.82001,318.10001,317.78,317.95001,135473
2026-08-31 09:55:00,317.935,318.10001,317.5,317.57501,97682
2026-08-31 09:56:00,317.57501,317.69989,317.41,317.69,62483
2026-08-31 09:57:00,317.69,317.70001,317.23001,317.30499,86088
2026-08-31 09:58:00,317.29999,317.54001,317.2785,317.505,73358
2026-08-31 09:59:00,317.48499,317.48499,317.16501,317.26001,73912
2026-08-31 10:00:00,317.20499,317.245,316.85001,316.89001,119293
2026-08-31 10:01:00,316.91,317.0050049,316.45001,316.45111,69461
2026-08-31 10:02:00,316.46011,316.5,316.29999,316.48499,104327
2026-08-31 10:03:00,316.47,316.79999,316.39081,316.57999,67255
2026-08-31 10:04:00,316.595,316.71991,316.48999,316.51999,53603
2026-08-31 10:05:00,316.51001,316.73999,316.41,316.64001,61947
2026-08-31 10:06:00,316.65009,316.79001,316.23999,316.41,75775
2026-08-31 10:07:00,316.38,316.62,316.32999,316.4975,41750
2026-08-31 10:08:00,316.495,316.54999,316.25,316.42999,46678
2026-08-31 10:09:00,316.45181,316.48999,316.27499,316.35999,29383
2026-08-31 10:10:00,316.35501,316.39001,315.78,315.80499,143700
2026-08-31 10:11:00,315.80499,316.22,315.78,316.099915,94026
2026-08-31 10:12:00,316.075012,316.089996,315.77051,315.94,71773
2026-08-31 10:13:00,315.94,316.32999,315.92999,316.245,63206
2026-08-31 10:14:00,316.20499,316.62,316.12,316.51501,110303
2026-08-31 10:15:00,316.48001,316.85001,316.45001,316.47501,95241
2026-08-31 10:16:00,316.45999,316.51001,316.079987,316.39999,64013
2026-08-31 10:17:00,316.39999,316.54309,316.25009,316.26001,76660
2026-08-31 10:18:00,316.23499,316.39001,316.14001,316.19,39011
2026-08-31 10:19:00,316.19,316.255,316.13,316.19,31506
2026-08-31 10:20:00,316.185,316.20001,315.82999,315.95999,51020
2026-08-31 10:21:00,315.94501,315.95999,315.73999,315.82501,51890
2026-08-31 10:22:00,315.79999,315.92999,315.69,315.69,49312
2026-08-31 10:23:00,315.69,315.69,315.51001,315.60001,60686
2026-08-31 10:24:00,315.60001,315.79999,315.535,315.62,51224
2026-08-31 10:25:00,315.60001,315.73001,315.45001,315.68921,54738
2026-08-31 10:26:00,315.69,315.79999,315.58499,315.73999,46591
2026-08-31 10:27:00,315.73999,315.79999,315.54001,315.73001,52730
2026-08-31 10:28:00,315.72501,315.82001,315.64011,315.66501,57157
2026-08-31 10:29:00,315.6481,315.73999,315.57001,315.70999,30369
2026-08-31 10:30:00,315.70999,315.70999,315.32999,315.33499,97905
2026-08-31 10:31:00,315.34,315.41,315.24261,315.2919,43018
2026-08-31 10:32:00,315.31,315.32001,315.019989,315.089996,69150
2026-08-31 10:33:00,315.084991,315.14001,314.76041,314.82001,132805
2026-08-31 10:34:00,314.82501,314.85999,314.35999,314.405,107409
2026-08-31 10:35:00,314.42001,314.6886,314.41,314.61499,103455
2026-08-31 10:36:00,314.60501,314.98999,314.59,314.92001,67637
2026-08-31 10:37:00,314.92001,315.21979,314.85999,315.10001,71700
2026-08-31 10:38:00,315.10001,315.14001,314.95999,315.125,36140
2026-08-31 10:39:00,315.14001,315.16,314.88,314.95001,37410
2026-08-31 10:40:00,314.95001,314.95001,314.56,314.815,63036
2026-08-31 10:41:00,314.81,314.95999,314.715,314.85001,50232
2026-08-31 10:42:00,314.87,315.019989,314.80701,314.83521,42681
2026-08-31 10:43:00,314.81,314.98999,314.81,314.91,35915
2026-08-31 10:44:00,314.89999,314.98001,314.82001,314.97501,41835
2026-08-31 10:45:00,314.97,315.019989,314.8371,314.95499,46863
2026-08-31 10:46:00,314.95001,315.089996,314.90891,315.089996,51893
2026-08-31 10:47:00,315.070007,315.20001,314.92999,315.20001,63801
2026-08-31 10:48:00,315.19501,315.31989,315.084991,315.14001,55146
2026-08-31 10:49:00,315.13501,315.22,315.040009,315.070007,38170
2026-08-31 10:50:00,315.060089,315.089996,314.91501,314.98999,43151
2026-08-31 10:51:00,314.965,315.16,314.94,315.059998,35412
2026-08-31 10:52:00,315.070007,315.16501,314.98001,315.075409,42609
2026-08-31 10:53:00,315.065002,315.065002,314.78,314.78,59615
2026-08-31 10:54:00,314.79999,314.98999,314.76501,314.98001,45307
2026-08-31 10:55:00,314.965,314.965,314.72,314.88971,39178
2026-08-31 10:56:00,314.88,315.22,314.79999,315.17499,48215
2026-08-31 10:57:00,315.17999,315.47501,315.16,315.38501,75208
2026-08-31 10:58:00,315.41,315.62991,315.39001,315.47,102928
2026-08-31 10:59:00,315.47,315.47989,315.31,315.38,49446
2026-08-31 11:00:00,315.38,315.60001,315.36011,315.57001,63738
2026-08-31 11:01:00,315.57999,315.78,315.53,315.75009,69677
2026-08-31 11:02:00,315.76019,315.82001,315.51999,315.57001,63443
2026-08-31 11:03:00,315.59,315.62,315.31,315.38,37849
2026-08-31 11:04:00,315.39249,315.44,315.17999,315.2381,39781
2026-08-31 11:05:00,315.23001,315.32501,315.049988,315.10001,43992
2026-08-31 11:06:00,315.10501,315.45499,315.029999,315.29999,41720
2026-08-31 11:07:00,315.32501,315.37,315.14001,315.20001,37684
2026-08-31 11:08:00,315.20999,315.23001,315.13751,315.23001,42367
2026-08-31 11:09:00,315.20001,315.5,315.17999,315.45499,47802
2026-08-31 11:10:00,315.4599,315.565,315.42499,315.54001,51956
2026-08-31 11:11:00,315.5499,315.56,315.35999,315.36499,39426
2026-08-31 11:12:00,315.35001,315.45999,315.26001,315.32999,27052
2026-08-31 11:13:00,315.345,315.48001,315.26999,315.26999,47103
2026-08-31 11:14:00,315.28,315.32001,315.10501,315.315,43165
2026-08-31 11:15:00,315.32999,315.41,315.31299,315.34,26889
2026-08-31 11:16:00,315.32001,315.34,315.10501,315.16501,37183
2026-08-31 11:17:00,315.14999,315.25,315.049988,315.070007,39500
2026-08-31 11:18:00,315.060089,315.12,314.92001,315.070007,71526
2026-08-31 11:19:00,315.079498,315.19,315.024994,315.17999,38751
2026-08-31 11:20:00,315.19,315.25,314.95001,315.075012,33778
2026-08-31 11:21:00,315.079987,315.22,315.059998,315.20999,21279
2026-08-31 11:22:00,315.20999,315.42999,315.20999,315.39999,42387
2026-08-31 11:23:00,315.40948,315.44,315.26999,315.30569,58218
2026-08-31 11:24:00,315.28,315.36499,314.92001,315.065002,153964
2026-08-31 11:25:00,315.049988,315.20001,314.98999,315.019989,30577
2026-08-31 11:26:00,314.98999,315.12,314.98001,315.035004,92736
2026-08-31 11:27:00,315.029999,315.079987,314.89999,314.95999,33435
2026-08-31 11:28:00,314.95999,315.14999,314.95999,315.079987,40055
2026-08-31 11:29:00,315.079987,315.14999,314.98999,315.069885,93052
2026-08-31 11:30:00,315.040009,315.084991,314.82999,314.92401,84370
2026-08-31 11:31:00,314.92999,314.95001,314.76001,314.84,51533
2026-08-31 11:32:00,314.84,315.079987,314.84,314.85999,33657
2026-08-31 11:33:00,314.85999,314.92999,314.76001,314.78,33622
2026-08-31 11:34:00,314.785,315.19,314.785,315.10001,51386
2026-08-31 11:35:00,315.084991,315.22501,315.0,315.049988,42298
2026-08-31 11:36:00,315.0,315.019989,314.8501,314.92499,30660
2026-08-31 11:37:00,314.92001,314.95001,314.76999,314.91501,24178
2026-08-31 11:38:00,314.92499,314.95001,314.70999,314.79001,46914
2026-08-31 11:39:00,314.79501,314.79999,314.67001,314.73001,27456
2026-08-31 11:40:00,314.72501,314.77661,314.67001,314.73499,39458
2026-08-31 11:41:00,314.73499,314.81,314.66101,314.79001,28991
2026-08-31 11:42:00,314.78,314.87,314.60999,314.82999,31829
2026-08-31 11:43:00,314.82999,314.88501,314.72,314.76001,22804
2026-08-31 11:44:00,314.755,314.91901,314.73999,314.91901,23980
2026-08-31 11:45:00,314.91501,314.92999,314.68011,314.70999,37808
2026-08-31 11:46:00,314.72,314.84,314.69,314.83499,18376
2026-08-31 11:47:00,314.84,314.92999,314.76999,314.76999,32655
2026-08-31 11:48:00,314.73999,314.82001,314.71011,314.76999,24338
2026-08-31 11:49:00,314.76001,314.92001,314.76001,314.91501,21367
2026-08-31 11:50:00,314.92001,314.98999,314.85001,314.92999,44872
2026-08-31 11:51:00,314.92999,314.98001,314.82999,314.965,26482
2026-08-31 11:52:00,314.97,315.024994,314.89999,314.995,32243
2026-08-31 11:53:00,315.0,315.14999,314.965,315.019989,44109
2026-08-31 11:54:00,315.0,315.0,314.85999,314.92999,36695
2026-08-31 11:55:00,314.92999,315.01001,314.78,314.79999,34596
2026-08-31 11:56:00,314.80499,314.88501,314.73001,314.73999,28046
2026-08-31 11:57:00,314.75,314.78,314.67001,314.67999,34770
2026-08-31 11:58:00,314.69,314.78,314.62,314.78,27030
2026-08-31 11:59:00,314.785,314.7998,314.59,314.66,58473
2026-08-31 12:00:00,314.66501,314.70999,314.56,314.60999,29098
2026-08-31 12:01:00,314.61499,314.66,314.51001,314.62,75340
2026-08-31 12:02:00,314.60999,314.63,314.5,314.54999,33772
2026-08-31 12:03:00,314.54001,314.61499,314.52499,314.56,23289
2026-08-31 12:04:00,314.54999,314.54999,314.35999,314.37,80556
2026-08-31 12:05:00,314.39001,314.39001,314.079987,314.13501,77651
2026-08-31 12:06:00,314.13501,314.19531,314.049988,314.14001,48670
2026-08-31 12:07:00,314.16,314.22,314.029999,314.070007,37806
2026-08-31 12:08:00,314.063904,314.13,313.95001,314.041809,88175
2026-08-31 12:09:00,314.049988,314.10999,314.0,314.01001,35871
2026-08-31 12:10:00,314.01239,314.13,313.94,314.040009,44347
2026-08-31 12:11:00,314.040009,314.19,313.9501,314.17209,38302
2026-08-31 12:12:00,314.18979,314.29001,314.11099,314.14999,55037
2026-08-31 12:13:00,314.13,314.23001,314.12,314.17999,30211
2026-08-31 12:14:00,314.17499,314.48999,314.14999,314.45999,36797
2026-08-31 12:15:00,314.47,314.51001,314.4101,314.45001,40761
2026-08-31 12:16:00,314.45001,314.47,314.26001,314.26001,47438
2026-08-31 12:17:00,314.285,314.285,314.049988,314.10501,40227
2026-08-31 12:18:00,314.10001,314.17999,314.0,314.070007,57122
2026-08-31 12:19:00,314.084991,314.29001,314.01001,314.25,51612
2026-08-31 12:20:00,314.24011,314.315,314.20999,314.23499,27006
2026-08-31 12:21:00,314.23499,314.26999,314.16,314.20499,38626
2026-08-31 12:22:00,314.18011,314.29501,314.10001,314.27011,47216
2026-08-31 12:23:00,314.28,314.29999,314.16,314.20001,29320
2026-08-31 12:24:00,314.1926,314.32999,314.1926,314.31,39445
2026-08-31 12:25:00,314.32001,314.358,314.25131,314.26001,25164
2026-08-31 12:26:00,314.2999,314.51501,314.27499,314.51501,37241
2026-08-31 12:27:00,314.51999,314.84,314.51001,314.82999,73215
2026-08-31 12:28:00,314.83591,314.87,314.60999,314.64001,43510
2026-08-31 12:29:00,314.64001,314.73001,314.60999,314.67001,29346
2026-08-31 12:30:00,314.60001,316.0,312.79999,314.32501,1194779
2026-08-31 12:31:00,314.35001,314.41,314.019989,314.0401,124405
2026-08-31 12:32:00,314.065002,314.23929,313.89001,314.085297,80073
2026-08-31 12:33:00,314.075012,314.26999,314.075012,314.125,34200
2026-08-31 12:34:00,314.125,314.24939,313.97,314.065002,38177
2026-08-31 12:35:00,314.079895,314.10001,313.45999,313.63501,78967
2026-08-31 12:36:00,313.64001,313.78,313.56,313.63989,62159
2026-08-31 12:37:00,313.60999,313.60999,313.37009,313.39001,56488
2026-08-31 12:38:00,313.39999,313.44,313.040009,313.089996,67067
2026-08-31 12:39:00,313.10501,313.54001,313.065002,313.13,151629
2026-08-31 12:40:00,313.14001,313.56,313.12,313.53519,76661
2026-08-31 12:41:00,313.54001,313.56,313.37,313.48999,42974
2026-08-31 12:42:00,313.51001,313.51001,313.28,313.38501,65317
2026-08-31 12:43:00,313.3808,313.53,313.2688,313.46991,63518
2026-08-31 12:44:00,313.47,313.48001,313.345,313.48001,49145
2026-08-31 12:45:00,313.48001,313.70999,313.39001,313.39999,56072
2026-08-31 12:46:00,313.39999,313.73001,313.39011,313.63,55005
2026-08-31 12:47:00,313.63,313.66989,313.5,313.51999,68252
2026-08-31 12:48:00,313.54001,313.70999,313.53,313.655,33893
2026-08-31 12:49:00,313.6601,313.73999,313.56,313.70001,29782
2026-08-31 12:50:00,313.67999,313.73001,313.54999,313.6824,38518
2026-08-31 12:51:00,313.72501,313.73999,313.60999,313.62,24247
2026-08-31 12:52:00,313.6246,313.715,313.60001,313.64999,30801
2026-08-31 12:53:00,313.63501,313.92001,313.54999,313.78,57427
2026-08-31 12:54:00,313.76001,313.78989,313.66,313.76001,23992
2026-08-31 12:55:00,313.76999,313.87,313.75,313.815,25347
2026-08-31 12:56:00,313.815,313.88,313.60001,313.70001,46146
2026-08-31 12:57:00,313.72,313.785,313.70001,313.78,26896
2026-08-31 12:58:00,313.78851,313.85001,313.75,313.78,29261
2026-08-31 12:59:00,313.76501,313.79999,313.70999,313.76001,35069
2026-08-31 13:00:00,313.76001,313.77499,313.69,313.69,31085
2026-08-31 13:01:00,313.69,313.69,313.48001,313.565,46223
2026-08-31 13:02:00,313.56,313.57001,313.42239,313.57001,30374
2026-08-31 13:03:00,313.56,313.67001,313.5293,313.57001,33399
2026-08-31 13:04:00,313.56,313.56711,313.41,313.48001,47446
2026-08-31 13:05:00,313.505,313.56,313.42499,313.55081,26775
2026-08-31 13:06:00,313.54999,313.62,313.54001,313.62,26868
2026-08-31 13:07:00,313.61591,313.76501,313.61591,313.73999,31632
2026-08-31 13:08:00,313.755,313.78989,313.62,313.64511,47561
2026-08-31 13:09:00,313.64001,313.67999,313.61139,313.62201,16288
2026-08-31 13:10:00,313.62,313.66989,313.60501,313.63,17220
2026-08-31 13:11:00,313.625,313.7355,313.625,313.70081,29757
2026-08-31 13:12:00,313.69,313.76501,313.57001,313.76001,34206
2026-08-31 13:13:00,313.76501,313.89499,313.76001,313.81,37570
2026-08-31 13:14:00,313.79501,314.065002,313.79001,314.031403,62033
2026-08-31 13:15:00,314.049988,314.049988,313.76999,313.875,44403
2026-08-31 13:16:00,313.87,313.98001,313.84619,313.91,18828
2026-08-31 13:17:00,313.91501,313.98999,313.8512,313.95001,65160
2026-08-31 13:18:00,313.94571,314.070007,313.9201,314.049988,24124
2026-08-31 13:19:00,314.059998,314.095001,313.91,314.070007,35428
2026-08-31 13:20:00,314.070007,314.20001,314.015015,314.079987,39895
2026-08-31 13:21:00,314.059998,314.17999,314.059998,314.13,35242
2026-08-31 13:22:00,314.125,314.22501,314.12,314.16,38628
2026-08-31 13:23:00,314.16,314.25,314.16,314.20499,124476
2026-08-31 13:24:00,314.19,314.19,314.10999,314.14999,21945
2026-08-31 13:25:00,314.14999,314.15601,313.98001,314.0,41842
2026-08-31 13:26:00,313.995,314.049988,313.95001,314.0,33990
2026-08-31 13:27:00,313.97,313.98001,313.82999,313.85001,24238
2026-08-31 13:28:00,313.85999,313.89001,313.79001,313.85001,28083
2026-08-31 13:29:00,313.85449,313.89999,313.76001,313.88,32341
2026-08-31 13:30:00,313.85001,313.86499,313.67999,313.70999,25995
2026-08-31 13:31:00,313.72,313.73001,313.61499,313.64001,25101
2026-08-31 13:32:00,313.67001,313.75,313.62,313.70001,34447
2026-08-31 13:33:00,313.70999,313.73499,313.67001,313.69501,12474
2026-08-31 13:34:00,313.70999,313.72,313.38501,313.39499,40608
2026-08-31 13:35:00,313.39499,313.63,313.39001,313.57999,88834
2026-08-31 13:36:00,313.59381,313.78989,313.59,313.76999,54963
2026-08-31 13:37:00,313.76999,314.070007,313.76999,313.995,69353
2026-08-31 13:38:00,313.98999,313.995,313.92001,313.94,25973
2026-08-31 13:39:00,313.9346,314.10001,313.89001,314.095001,31181
2026-08-31 13:40:00,314.10001,314.20999,314.054993,314.14001,49214
2026-08-31 13:41:00,314.14001,314.23999,314.10999,314.20499,40373
2026-08-31 13:42:00,314.20001,314.23801,313.98001,314.065002,41456
2026-08-31 13:43:00,314.054993,314.16,314.019989,314.12009,30386
2026-08-31 13:44:00,314.12,314.17001,314.094604,314.17001,24173
2026-08-31 13:45:00,314.17001,314.26999,314.16501,314.26001,46807
2026-08-31 13:46:00,314.26001,314.41,314.22,314.245,41522
2026-08-31 13:47:00,314.26001,314.34,314.20999,314.32001,30726
2026-08-31 13:48:00,314.29999,314.42001,314.29999,314.37,29095
2026-08-31 13:49:00,314.37909,314.48499,314.37909,314.42499,36730
2026-08-31 13:50:00,314.4212,314.54999,314.42001,314.52899,35915
2026-08-31 13:51:00,314.52621,314.70001,314.48999,314.67999,50665
2026-08-31 13:52:00,314.67001,314.84,314.63,314.79999,43003
2026-08-31 13:53:00,314.82001,314.87,314.79999,314.82001,33585
2026-08-31 13:54:00,314.82001,315.11499,314.82001,315.10001,76581
2026-08-31 13:55:00,315.10989,315.19501,315.019989,315.029999,81636
2026-08-31 13:56:00,315.03009,315.17999,315.029999,315.029999,63610
2026-08-31 13:57:00,315.01001,315.040009,314.92001,314.94,44127
2026-08-31 13:58:00,314.94501,315.045013,314.94501,315.01001,35272
2026-08-31 13:59:00,315.0050049,315.10001,314.97,315.07489,24217
2026-08-31 14:00:00,315.079987,315.10001,315.0,315.049988,38455
2026-08-31 14:01:00,315.045013,315.12,314.91,314.935,45768
2026-08-31 14:02:00,314.94501,315.019989,314.91,314.92999,47109
2026-08-31 14:03:00,314.9346,315.185,314.92999,315.084991,34315
2026-08-31 14:04:00,315.089905,315.20001,315.059998,315.16,33324
2026-08-31 14:05:00,315.16,315.185,315.060089,315.17001,38058
2026-08-31 14:06:00,315.185,315.37,315.17001,315.33499,46251
2026-08-31 14:07:00,315.32999,315.35001,315.23001,315.33011,39663
2026-08-31 14:08:00,315.33499,315.495,315.32999,315.495,57736
2026-08-31 14:09:00,315.5,315.60001,315.41,315.60001,115110
2026-08-31 14:10:00,315.60001,315.63,315.48001,315.57001,54621
2026-08-31 14:11:00,315.57001,315.60001,315.35019,315.60001,43910
2026-08-31 14:12:00,315.60999,315.70999,315.54999,315.56989,75015
2026-08-31 14:13:00,315.57001,315.582,315.29999,315.3399,52760
2026-08-31 14:14:00,315.32501,315.39999,315.27979,315.35999,37315
2026-08-31 14:15:00,315.35999,315.35999,315.22,315.28,28923
2026-08-31 14:16:00,315.28,315.39001,315.23999,315.29999,41388
2026-08-31 14:17:00,315.30499,315.32999,315.13,315.31,33517
2026-08-31 14:18:00,315.29999,315.38989,315.26001,315.29999,23128
2026-08-31 14:19:00,315.26999,315.44,315.26999,315.43109,38489
2026-08-31 14:20:00,315.44,315.56,315.44,315.54501,34736
2026-08-31 14:21:00,315.53021,315.57001,315.47,315.505,38852
2026-08-31 14:22:00,315.505,315.60999,315.45001,315.5751,38396
2026-08-31 14:23:00,315.57501,315.9599,315.57501,315.91,82338
2026-08-31 14:24:00,315.91501,316.019989,315.78,315.80499,77226
2026-08-31 14:25:00,315.82001,315.88,315.69009,315.69501,53853
2026-08-31 14:26:00,315.69989,315.73999,315.51031,315.62009,57669
2026-08-31 14:27:00,315.63,315.82001,315.63,315.81,52706
2026-08-31 14:28:00,315.81,315.85001,315.72,315.80011,39446
2026-08-31 14:29:00,315.81,315.81,315.66,315.685,27020
2026-08-31 14:30:00,315.68188,315.82001,315.63,315.76001,30819
2026-08-31 14:31:00,315.75,315.91,315.72,315.79501,51308
2026-08-31 14:32:00,315.79999,315.8696,315.76001,315.82999,22163
2026-08-31 14:33:00,315.84,315.91541,315.80179,315.82999,29771
2026-08-31 14:34:00,315.82501,315.89999,315.75,315.84,30623
2026-08-31 14:35:00,315.84,315.85001,315.755,315.76001,29209
2026-08-31 14:36:00,315.76999,315.78,315.56009,315.60001,38092
2026-08-31 14:37:00,315.59,315.64999,315.5477,315.59009,27762
2026-08-31 14:38:00,315.60001,315.64001,315.31,315.35999,51675
2026-08-31 14:39:00,315.36111,315.42001,315.29001,315.2926,30364
2026-08-31 14:40:00,315.29999,315.42001,315.20999,315.42001,37631
2026-08-31 14:41:00,315.41,315.42499,315.32001,315.35999,36327
2026-08-31 14:42:00,315.35999,315.35999,315.13,315.16,37538
2026-08-31 14:43:00,315.17499,315.20001,315.01001,315.13,45864
2026-08-31 14:44:00,315.1499,315.31,315.10001,315.27011,33373
2026-08-31 14:45:00,315.27011,315.34961,315.17999,315.2785,30087
2026-08-31 14:46:00,315.26001,315.405,315.22,315.38,27115
2026-08-31 14:47:00,315.38501,315.466,315.36401,315.466,21976
2026-08-31 14:48:00,315.45001,315.45001,315.35489,315.44,30327
2026-08-31 14:49:00,315.44501,315.45999,315.29001,315.29001,25436
2026-08-31 14:50:00,315.27499,315.41501,315.26999,315.39001,27973
2026-08-31 14:51:00,315.38501,315.42981,315.35751,315.41501,19236
2026-08-31 14:52:00,315.41501,315.45001,315.34,315.38,20577
2026-08-31 14:53:00,315.39001,315.44,315.32999,315.362,29819
2026-08-31 14:54:00,315.32999,315.41,315.31171,315.39999,19512
2026-08-31 14:55:00,315.39499,315.45001,315.255,315.2789,37550
2026-08-31 14:56:00,315.28,315.36499,315.25,315.30261,34585
2026-08-31 14:57:00,315.32001,315.39001,315.24011,315.35999,24163
2026-08-31 14:58:00,315.35001,315.3999,315.32001,315.39011,21643
2026-08-31 14:59:00,315.39499,315.42499,315.35001,315.39001,29765
2026-08-31 15:00:00,315.39499,315.54001,315.39499,315.44901,35657
2026-08-31 15:01:00,315.44501,315.54001,315.44501,315.47,24613
2026-08-31 15:02:00,315.47269,315.62,315.45001,315.535,51756
2026-08-31 15:03:00,315.535,315.57001,315.42999,315.55499,32659
2026-08-31 15:04:00,315.54999,315.69,315.4801,315.60501,47433
2026-08-31 15:05:00,315.57501,315.62,315.51001,315.60001,25217
2026-08-31 15:06:00,315.57999,315.57999,315.46011,315.5423,18025
2026-08-31 15:07:00,315.54501,315.59,315.505,315.565,21770
2026-08-31 15:08:00,315.57001,315.61951,315.51999,315.54999,30345
2026-08-31 15:09:00,315.54999,315.69,315.54999,315.65009,32120
2026-08-31 15:10:00,315.69,315.81,315.69,315.75821,55113
2026-08-31 15:11:00,315.75,315.89999,315.75,315.85001,40767
2026-08-31 15:12:00,315.8699,315.98999,315.84,315.98499,58081
2026-08-31 15:13:00,315.98499,315.98639,315.82001,315.94501,59328
2026-08-31 15:14:00,315.95001,316.069885,315.95001,316.029999,59237
2026-08-31 15:15:00,316.01001,316.040009,315.935,315.98001,49800
2026-08-31 15:16:00,315.97,316.079987,315.95001,316.01001,58627
2026-08-31 15:17:00,316.029999,316.045013,315.92001,315.92001,36010
2026-08-31 15:18:00,315.935,315.95999,315.87,315.92001,46883
2026-08-31 15:19:00,315.92499,315.95001,315.84,315.935,28917
2026-08-31 15:20:00,315.94,315.94501,315.81,315.82001,41755
2026-08-31 15:21:00,315.82001,315.82001,315.66,315.67999,90922
2026-08-31 15:22:00,315.67999,315.82999,315.66,315.82999,31916
2026-08-31 15:23:00,315.82999,315.94501,315.82001,315.89001,33557
2026-08-31 15:24:00,315.8902,315.9101,315.82001,315.82001,33360
2026-08-31 15:25:00,315.81201,315.84,315.76501,315.82999,27099
2026-08-31 15:26:00,315.83401,315.86951,315.70999,315.85999,40194
2026-08-31 15:27:00,315.86011,316.019989,315.84,316.0050049,49008
2026-08-31 15:28:00,316.015015,316.070007,315.92001,316.01001,70205
2026-08-31 15:29:00,316.049988,316.16,315.9801,316.024994,65133
2026-08-31 15:30:00,316.029999,316.070007,315.85001,315.85999,65068
2026-08-31 15:31:00,315.875,315.89999,315.78,315.79251,48241
2026-08-31 15:32:00,315.79739,315.92499,315.79739,315.87,30160
2026-08-31 15:33:00,315.87,315.87,315.76999,315.80499,38331
2026-08-31 15:34:00,315.78,315.85999,315.75,315.82001,31000
2026-08-31 15:35:00,315.815,315.871,315.78,315.85001,51613
2026-08-31 15:36:00,315.85999,316.029999,315.84259,315.935,45658
2026-08-31 15:37:00,315.92999,315.98499,315.89999,315.98001,42870
2026-08-31 15:38:00,315.95999,316.049988,315.9101,315.9938,45640
2026-08-31 15:39:00,315.98999,316.059998,315.97009,316.040009,50821
2026-08-31 15:40:00,316.049988,316.10999,316.032898,316.1001,38212
2026-08-31 15:41:00,316.10999,316.23901,316.019989,316.215,108045
2026-08-31 15:42:00,316.2066,316.42001,316.2066,316.35001,177026
2026-08-31 15:43:00,316.35999,316.45999,316.17999,316.39999,233385
2026-08-31 15:44:00,316.42999,316.51001,316.34,316.45999,102930
2026-08-31 15:45:00,316.44501,316.45001,316.16501,316.25,103345
2026-08-31 15:46:00,316.23999,316.51999,316.13501,316.45001,145427
2026-08-31 15:47:00,316.45001,316.57932,316.25,316.26001,120354
2026-08-31 15:48:00,316.26999,316.5,316.19,316.42001,86069
2026-08-31 15:49:00,316.44,316.75,316.4393,316.75,111198
2026-08-31 15:50:00,316.76001,317.69,316.67001,316.73999,375237
2026-08-31 15:51:00,316.76501,316.98901,316.51001,316.95999,170083
2026-08-31 15:52:00,316.96011,317.095001,316.88,316.98901,184087
2026-08-31 15:53:00,316.98999,317.049988,316.67999,316.79001,140911
2026-08-31 15:54:00,316.79501,317.14999,316.56,316.95499,191096
2026-08-31 15:55:00,316.965,316.995,315.70999,316.32999,369773
2026-08-31 15:56:00,316.34,316.82001,316.34,316.79071,216302
2026-08-31 15:57:00,316.81,316.95499,316.63,316.91,252437
2026-08-31 15:58:00,316.92999,317.0,316.78,316.97,432414
2026-08-31 15:59:00,316.97,317.48001,316.54001,317.23001,995262
2026-09-01 09:30:00,316.98001,317.38,316.20999,316.70001,1398096
2026-09-01 09:31:00,316.70001,316.76001,315.51001,316.0,131713
2026-09-01 09:32:00,315.89999,316.45001,315.51999,315.5228,116579
2026-09-01 09:33:00,315.5,315.67001,314.92001,315.049988,155761
2026-09-01 09:34:00,315.0,315.35001,314.737,315.34,100709
2026-09-01 09:35:00,315.37,316.5,315.19,316.45999,121632
2026-09-01 09:36:00,316.405,317.35999,316.3501,317.2944,149212
2026-09-01 09:37:00,317.31,318.040009,317.22,317.92999,224923
2026-09-01 09:38:00,317.935,318.12,317.35999,317.85501,270874
2026-09-01 09:39:00,317.82001,318.25,317.70001,318.16501,168244
2026-09-01 09:40:00,318.17001,318.42999,317.72,318.38501,191544
2026-09-01 09:41:00,318.39401,318.89999,318.1456,318.80429,226209
2026-09-01 09:42:00,318.785,319.13,318.54999,318.88501,222131
2026-09-01 09:43:00,318.88501,319.079987,318.22,318.37,205192
2026-09-01 09:44:00,318.37,319.34,318.35999,319.14999,259321
2026-09-01 09:45:00,319.14999,319.76001,319.019989,319.44501,305376
2026-09-01 09:46:00,319.465,320.45001,319.35999,320.18909,377068
2026-09-01 09:47:00,320.19,320.48959,319.91,320.39731,220534
2026-09-01 09:48:00,320.44,321.0,320.3974,320.77499,295606
2026-09-01 09:49:00,320.79001,320.92999,320.4245,320.67001,241273
2026-09-01 09:50:00,320.63501,320.88901,320.42999,320.79001,212345
2026-09-01 09:51:00,320.70999,321.755,320.70999,321.59909,420438
2026-09-01 09:52:00,321.59,321.59589,320.69,320.94,241683
2026-09-01 09:53:00,320.91,321.075012,320.17001,320.48999,187086
2026-09-01 09:54:00,320.51999,321.78,320.43051,321.745,215310
2026-09-01 09:55:00,321.71011,321.77991,320.82001,321.22501,374374
2026-09-01 09:56:00,321.22501,321.70001,320.82999,320.82999,232174
2026-09-01 09:57:00,320.82999,321.33011,320.82999,321.13,138956
2026-09-01 09:58:00,321.13,322.19,321.13,322.10501,332357
2026-09-01 09:59:00,322.10999,322.75,322.029999,322.69501,320336
2026-09-01 10:00:00,322.69501,323.17001,322.57999,323.049988,468544
2026-09-01 10:01:00,323.070007,323.39001,322.82001,322.97,295156
2026-09-01 10:02:00,322.97501,322.97501,322.049988,322.39999,293538
2026-09-01 10:03:00,322.39999,322.57999,321.84,322.0,184192
2026-09-01 10:04:00,322.019989,322.026489,321.47,321.81,176672
2026-09-01 10:05:00,321.81989,322.63,321.81,322.20499,203628
2026-09-01 10:06:00,322.20001,322.64001,322.17999,322.48999,132427
2026-09-01 10:07:00,322.4877,323.28,322.4877,323.22501,233340
2026-09-01 10:08:00,323.22501,323.34,322.29999,322.76001,410188
2026-09-01 10:09:00,322.7439,323.040009,322.60999,323.0,125769
2026-09-01 10:10:00,323.0,323.23001,322.94101,322.97,149191
2026-09-01 10:11:00,322.95999,323.42001,322.95999,323.19,150222
2026-09-01 10:12:00,323.19,323.32001,322.95999,323.16501,100145
2026-09-01 10:13:00,323.17001,323.53,323.059998,323.48499,209729
2026-09-01 10:14:00,323.48499,323.51999,323.16,323.405,117952
2026-09-01 10:15:00,323.405,323.76001,323.39069,323.5896,218053
2026-09-01 10:16:00,323.57501,323.67999,323.28009,323.29999,126263
2026-09-01 10:17:00,323.30499,323.54001,323.19,323.51001,125685
2026-09-01 10:18:00,323.535,323.56,323.040009,323.084991,125305
2026-09-01 10:19:00,323.079987,323.70001,323.029999,323.58011,165271
2026-09-01 10:20:00,323.582,323.98001,323.51001,323.72,205668
2026-09-01 10:21:00,323.75391,324.62,323.73999,324.51001,338012
2026-09-01 10:22:00,324.5,325.10501,324.47,325.010101,466639
2026-09-01 10:23:00,324.995,325.20999,324.8501,324.875,277194
2026-09-01 10:24:00,324.89001,325.16,324.67999,325.14499,220564
2026-09-01 10:25:00,325.16,325.25,324.79001,324.89001,215647
2026-09-01 10:26:00,324.91,325.29999,324.8862,325.29001,212631
2026-09-01 10:27:00,325.27499,325.39001,324.97,324.98999,151501
2026-09-01 10:28:00,324.98999,325.070007,324.6701,324.79999,193326
2026-09-01 10:29:00,324.76611,325.37,324.76001,325.34451,191480
2026-09-01 10:30:00,325.33511,325.39001,324.82001,324.89999,277731
2026-09-01 10:31:00,324.875,325.035004,324.71259,324.72299,208535
2026-09-01 10:32:00,324.72,325.32999,324.65009,325.26999,196404
2026-09-01 10:33:00,325.26001,325.76999,325.19,325.59201,342700
2026-09-01 10:34:00,325.60999,325.85999,325.52499,325.63501,211640
2026-09-01 10:35:00,325.64001,325.70001,325.02951,325.072906,138892
2026-09-01 10:36:00,325.10001,325.17001,324.82999,324.85999,206095
2026-09-01 10:37:00,324.83499,324.95001,324.56,324.79999,163243
2026-09-01 10:38:00,324.79999,324.98999,324.51459,324.57999,112784
2026-09-01 10:39:00,324.57999,324.81,324.5401,324.70001,88178
2026-09-01 10:40:00,324.76221,325.098999,324.73999,324.80499,103480
2026-09-01 10:41:00,324.79999,324.85001,324.62,324.63,99816
2026-09-01 10:42:00,324.62,324.625,324.23999,324.565,152368
2026-09-01 10:43:00,324.55579,324.56,324.35001,324.45499,70854
2026-09-01 10:44:00,324.45999,324.79999,324.39001,324.73499,147896
2026-09-01 10:45:00,324.73499,324.75,324.535,324.67001,67352
2026-09-01 10:46:00,324.65741,324.91,324.62,324.845,77317
2026-09-01 10:47:00,324.85001,325.1499,324.79999,325.019989,109193
2026-09-01 10:48:00,325.048004,325.089905,324.87,324.95999,89768
2026-09-01 10:49:00,324.97,325.255,324.9512,325.19,135424
2026-09-01 10:50:00,325.19989,325.25,324.92001,325.13,91230
2026-09-01 10:51:00,325.12,325.14999,324.69,324.81009,109956
2026-09-01 10:52:00,324.82001,325.040009,324.51999,324.625,101970
2026-09-01 10:53:00,324.625,324.64499,324.4523,324.62,71701
2026-09-01 10:54:00,324.62,324.83511,324.62,324.7999,46283
2026-09-01 10:55:00,324.81,324.92001,324.64999,324.745,52067
2026-09-01 10:56:00,324.745,324.95001,324.625,324.92999,52243
2026-09-01 10:57:00,324.92001,325.1199,324.85751,324.96991,97086
2026-09-01 10:58:00,324.96509,325.079987,324.7001,324.785,112995
2026-09-01 10:59:00,324.815,324.89999,324.23999,324.38,92237
2026-09-01 11:00:00,324.39001,324.39499,323.97,324.0032043,222887
2026-09-01 11:01:00,323.995,324.24991,323.88461,324.24881,105044
2026-09-01 11:02:00,324.23001,324.23001,323.66,323.82999,134523
2026-09-01 11:03:00,323.84,323.92981,323.45999,323.4754,116429
2026-09-01 11:04:00,323.45001,323.45819,322.95001,323.12,153019
2026-09-01 11:05:00,323.12,323.39999,323.089996,323.38,87711
2026-09-01 11:06:00,323.38501,323.48999,323.019989,323.019989,81836
2026-09-01 11:07:00,323.06131,323.12991,322.76999,322.85001,89145
2026-09-01 11:08:00,322.85001,323.19,322.83011,322.98999,96193
2026-09-01 11:09:00,323.0050049,323.29999,322.95001,323.12,145107
2026-09-01 11:10:00,323.10999,323.20999,322.97971,323.084991,71850
2026-09-01 11:11:00,323.089996,323.21991,323.054993,323.11499,77526
2026-09-01 11:12:00,323.11499,323.185,322.85001,322.89999,69539
2026-09-01 11:13:00,322.88,323.14999,322.73999,323.095703,91207
2026-09-01 11:14:00,323.070007,323.41,323.059998,323.35999,92279
2026-09-01 11:15:00,323.35999,323.89999,323.32999,323.89001,130013
2026-09-01 11:16:00,323.89999,324.019989,323.60001,323.94501,142917
2026-09-01 11:17:00,323.94501,324.42999,323.87,324.42981,134277
2026-09-01 11:18:00,324.4046,324.88989,324.39999,324.85999,100056
2026-09-01 11:19:00,324.84,325.079987,324.82999,325.059998,127684
2026-09-01 11:20:00,325.040009,325.44,324.98611,325.20999,170492
2026-09-01 11:21:00,325.20001,325.42999,325.089996,325.11499,137054
2026-09-01 11:22:00,325.10001,325.22,324.73999,324.785,115504
2026-09-01 11:23:00,324.79001,325.079498,324.79001,324.85501,91478
2026-09-01 11:24:00,324.85501,324.95999,324.75,324.92001,70772
2026-09-01 11:25:00,324.95001,324.99991,324.60001,324.685,84561
2026-09-01 11:26:00,324.66,324.98001,324.66,324.82059,46228
2026-09-01 11:27:00,324.8465,324.87,324.60001,324.67001,67664
2026-09-01 11:28:00,324.67001,324.73999,324.5007,324.60001,93054
2026-09-01 11:29:00,324.59,324.69489,324.39999,324.60001,86782
2026-09-01 11:30:00,324.62,324.72629,324.4006,324.70511,62365
2026-09-01 11:31:00,324.70001,324.72,324.36011,324.4101,48014
2026-09-01 11:32:00,324.42001,324.42001,324.23001,324.297,55246
2026-09-01 11:33:00,324.30499,324.35001,324.20001,324.34,43537
2026-09-01 11:34:00,324.32999,324.51999,324.26001,324.42001,52907
2026-09-01 11:35:00,324.44,324.48001,324.23001,324.28,43761
2026-09-01 11:36:00,324.29001,324.32001,324.10999,324.13,51596
2026-09-01 11:37:00,324.14499,324.26001,324.019989,324.23001,44263
2026-09-01 11:38:00,324.23001,324.74759,324.12,324.70001,83114
2026-09-01 11:39:00,324.70999,324.8299,324.47,324.54001,108483
2026-09-01 11:40:00,324.54001,324.54001,324.38501,324.42999,56718
2026-09-01 11:41:00,324.42999,325.070007,324.4101,324.76349,122860
2026-09-01 11:42:00,324.76501,325.12,324.76501,325.035004,95231
2026-09-01 11:43:00,325.035004,325.20999,325.035004,325.20999,65514
2026-09-01 11:44:00,325.20999,325.28,325.049988,325.14999,72021
2026-09-01 11:45:00,325.17001,325.56,325.01001,325.28,370772
2026-09-01 11:46:00,325.29501,325.42999,324.87009,324.98499,134778
2026-09-01 11:47:00,324.98499,325.26999,324.88,325.25,62923
2026-09-01 11:48:00,325.25,325.97,325.17999,325.95819,181347
2026-09-01 11:49:00,325.95499,326.26999,325.91,326.22,299146
2026-09-01 11:50:00,326.23001,326.35001,325.96011,326.27661,119625
2026-09-01 11:51:00,326.27499,326.56,326.25,326.56,167210
2026-09-01 11:52:00,326.56,326.70001,326.418,326.67999,148299
2026-09-01 11:53:00,326.69,327.19,326.64999,327.185,212271
2026-09-01 11:54:00,327.17499,327.22681,326.85001,326.88,112943
2026-09-01 11:55:00,326.88,326.95001,326.58249,326.64999,115113
2026-09-01 11:56:00,326.64001,326.72501,326.45999,326.67999,122535
2026-09-01 11:57:00,326.67999,326.76999,326.53,326.655,116793
2026-09-01 11:58:00,326.64001,326.715,326.45999,326.64999,96741
2026-09-01 11:59:00,326.64001,326.66,326.31,326.35999,69871
2026-09-01 12:00:00,326.38,326.42999,326.20999,326.39001,75888
2026-09-01 12:01:00,326.37,326.41,325.85501,325.92001,75004
2026-09-01 12:02:00,325.92001,326.18619,325.89999,326.12,71267
2026-09-01 12:03:00,326.12,326.23001,326.070007,326.125,39997
2026-09-01 12:04:00,326.12,326.23001,326.049988,326.17001,40786
2026-09-01 12:05:00,326.19,326.23999,326.079987,326.16,54396
2026-09-01 12:06:00,326.1601,326.54001,326.16,326.32501,103828
2026-09-01 12:07:00,326.32001,326.5,326.285,326.495,83888
2026-09-01 12:08:00,326.51999,326.54001,326.049988,326.10001,69318
2026-09-01 12:09:00,326.125,326.47,326.11011,326.39001,54773
2026-09-01 12:10:00,326.41,326.48999,326.17999,326.42001,50634
2026-09-01 12:11:00,326.42001,326.42001,326.10001,326.11499,47476
2026-09-01 12:12:00,326.12,326.15509,325.95999,325.98001,58944
2026-09-01 12:13:00,325.97,326.0,325.73001,325.75,69069
2026-09-01 12:14:00,325.755,325.84,325.51999,325.535,59900
2026-09-01 12:15:00,325.535,325.59,325.45001,325.47,53939
2026-09-01 12:16:00,325.465,325.76501,325.35999,325.70499,84133
2026-09-01 12:17:00,325.7196,325.82999,325.56,325.60999,65066
2026-09-01 12:18:00,325.60999,325.64001,325.47,325.496,38501
2026-09-01 12:19:00,325.5199,325.59,325.42999,325.48499,47050
2026-09-01 12:20:00,325.48001,325.73999,325.45999,325.60999,55688
2026-09-01 12:21:00,325.60501,325.60501,325.34,325.5,50611
2026-09-01 12:22:00,325.51001,326.32999,325.48001,326.26001,97340
2026-09-01 12:23:00,326.23999,327.29999,326.17999,327.14999,225749
2026-09-01 12:24:00,327.14001,327.14651,326.9101,326.95999,110156
2026-09-01 12:25:00,326.95999,327.14999,326.88,326.95001,74676
2026-09-01 12:26:00,326.92001,326.94501,326.35999,326.39001,118792
2026-09-01 12:27:00,326.405,326.73999,326.39001,326.625,73971
2026-09-01 12:28:00,326.625,326.76001,326.54071,326.7359,42589
2026-09-01 12:29:00,326.76999,326.79999,326.45001,326.66,73825
2026-09-01 12:30:00,326.67999,326.75,326.56,326.64499,80312
2026-09-01 12:31:00,326.67001,326.88501,326.57999,326.73001,123639
2026-09-01 12:32:00,326.71011,326.77499,326.49011,326.685,98944
2026-09-01 12:33:00,326.685,326.73999,326.5,326.57501,69323
2026-09-01 12:34:00,326.57401,326.60001,326.32999,326.39001,58651
2026-09-01 12:35:00,326.41,326.51999,326.29999,326.51501,68830
2026-09-01 12:36:00,326.53,326.63,326.20001,326.33191,56000
2026-09-01 12:37:00,326.32001,326.34991,326.0,326.16,116231
2026-09-01 12:38:00,326.14999,326.41,326.14001,326.32501,109884
2026-09-01 12:39:00,326.35001,326.48999,326.34,326.45999,85330
2026-09-01 12:40:00,326.48999,326.48999,326.01001,326.065002,61463
2026-09-01 12:41:00,326.049988,326.32999,326.040009,326.17999,57721
2026-09-01 12:42:00,326.1983,326.29001,326.16,326.17499,59145
2026-09-01 12:43:00,326.17001,326.31,325.89999,326.059998,95067
2026-09-01 12:44:00,326.089996,326.32431,325.39999,325.53,87336
2026-09-01 12:45:00,325.48999,325.82999,325.35999,325.815,157682
2026-09-01 12:46:00,325.81,325.92001,325.63,325.92001,86186
2026-09-01 12:47:00,325.9216,326.10501,325.87,326.075012,57429
2026-09-01 12:48:00,326.059998,326.26999,326.035004,326.19,49381
2026-09-01 12:49:00,326.20999,326.22989,325.91251,325.91251,47914
2026-09-01 12:50:00,325.92001,325.9201,325.65051,325.875,35777
2026-09-01 12:51:00,325.85001,325.8699,325.61011,325.62,39119
2026-09-01 12:52:00,325.63,325.63,325.45001,325.5575,52649
2026-09-01 12:53:00,325.595,325.66501,325.51001,325.55261,32475
2026-09-01 12:54:00,325.5621,325.63489,325.32001,325.38,125082
2026-09-01 12:55:00,325.48001,325.59,325.4259,325.465,34953
2026-09-01 12:56:00,325.45999,325.54999,325.42999,325.54001,30432
2026-09-01 12:57:00,325.54999,325.54999,325.375,325.47198,79483
2026-09-01 12:58:00,325.48499,325.89999,325.42999,325.60889,56936
2026-09-01 12:59:00,325.60999,325.95001,325.57501,325.85999,96194
2026-09-01 13:00:00,325.85001,325.97,325.66,325.70001,120864
2026-09-01 13:01:00,325.70499,325.77899,325.54001,325.63,60944
2026-09-01 13:02:00,325.61499,325.73999,325.45001,325.57501,214489
2026-09-01 13:03:00,325.57001,325.91,325.54001,325.56,104729
2026-09-01 13:04:00,325.57001,325.64001,325.48999,325.51999,36655
2026-09-01 13:05:00,325.53,325.565,325.25009,325.29999,78949
2026-09-01 13:06:00,325.29999,325.38,325.13,325.20999,98076
2026-09-01 13:07:00,325.21011,325.32999,325.059998,325.091309,53392
2026-09-01 13:08:00,325.095001,325.14511,324.95999,325.054993,340617
2026-09-01 13:09:00,325.040009,325.10999,325.020111,325.049988,37735
2026-09-01 13:10:00,325.054993,325.070007,324.95001,324.995,56860
2026-09-01 13:11:00,325.0098877,325.12,324.97809,325.045013,49014
2026-09-01 13:12:00,325.070007,325.26999,325.060089,325.26999,96858
2026-09-01 13:13:00,325.28,325.32999,325.13,325.13501,39788
2026-09-01 13:14:00,325.13,325.35001,325.040009,325.063995,39311
2026-09-01 13:15:00,325.054993,325.31,325.0,325.28009,55946
2026-09-01 13:16:00,325.27499,325.27499,324.93011,325.049988,44394
2026-09-01 13:17:00,325.049988,325.20001,324.95999,324.98499,35852
2026-09-01 13:18:00,324.995,325.084991,324.92599,324.92651,42402
2026-09-01 13:19:00,324.92999,325.0,324.82999,324.9801,83759
2026-09-01 13:20:00,325.0079956,325.035004,324.85999,325.0,45073
2026-09-01 13:21:00,325.024994,325.25,324.98001,325.245,43178
2026-09-01 13:22:00,325.245,325.35001,325.2204,325.29999,52576
2026-09-01 13:23:00,325.285,325.285,325.079987,325.089996,32502
2026-09-01 13:24:00,325.10001,325.10999,324.84,324.89999,43188
2026-09-01 13:25:00,324.92001,325.029999,324.48499,324.83499,99841
2026-09-01 13:26:00,324.83499,325.24939,324.66,324.95999,131970
2026-09-01 13:27:00,324.95999,324.95999,324.71121,324.85999,55352
2026-09-01 13:28:00,324.87,324.92941,324.66,324.73999,50077
2026-09-01 13:29:00,324.76001,324.79001,324.64001,324.64999,43768
2026-09-01 13:30:00,324.69,324.85001,324.62,324.67001,43819
2026-09-01 13:31:00,324.66,324.78,324.63,324.7135,31649
2026-09-01 13:32:00,324.685,324.88,324.65009,324.785,42896
2026-09-01 13:33:00,324.76999,324.78,324.64999,324.67499,40700
2026-09-01 13:34:00,324.66,324.79001,324.51001,324.771,62247
2026-09-01 13:35:00,324.76999,324.78601,324.64001,324.70001,67773
2026-09-01 13:36:00,324.69,324.745,324.54999,324.62,39845
2026-09-01 13:37:00,324.63,324.77991,324.5899,324.64001,40437
2026-09-01 13:38:00,324.64001,324.64499,324.5,324.54999,29116
2026-09-01 13:39:00,324.54999,324.73999,324.52499,324.60999,31243
2026-09-01 13:40:00,324.60999,324.60999,324.42001,324.47009,44742
2026-09-01 13:41:00,324.47,324.5899,324.32001,324.51999,60529
2026-09-01 13:42:00,324.52411,324.6499,324.42001,324.57999,27875
2026-09-01 13:43:00,324.58499,324.79999,324.57999,324.78009,46227
2026-09-01 13:44:00,324.78,324.92001,324.72,324.862,35006
2026-09-01 13:45:00,324.89499,324.98001,324.7905,324.87,43745
2026-09-01 13:46:00,324.8754,324.8754,324.64999,324.67001,32825
2026-09-01 13:47:00,324.67419,324.89001,324.67419,324.79999,30275
2026-09-01 13:48:00,324.79999,324.82999,324.63,324.70499,30228
2026-09-01 13:49:00,324.70859,324.72501,324.51001,324.58499,32959
2026-09-01 13:50:00,324.58499,324.62991,324.5,324.6001,40026
2026-09-01 13:51:00,324.61499,324.95001,324.61499,324.92999,52570
2026-09-01 13:52:00,324.94,324.94,324.75531,324.8699,44517
2026-09-01 13:53:00,324.85001,324.89999,324.655,324.655,37392
2026-09-01 13:54:00,324.67001,324.77991,324.64999,324.75,26060
2026-09-01 13:55:00,324.78,324.875,324.73001,324.84,31919
2026-09-01 13:56:00,324.85999,324.94,324.79999,324.90009,49939
2026-09-01 13:57:00,324.92001,325.029999,324.89999,325.0050049,58611
2026-09-01 13:58:00,325.019989,325.14999,324.98001,325.089996,51006
2026-09-01 13:59:00,325.089996,325.22,325.089996,325.20999,50554
2026-09-01 14:00:00,325.22,325.37,325.17999,325.32001,90699
2026-09-01 14:01:00,325.31,325.75,325.31,325.69,116455
2026-09-01 14:02:00,325.70001,325.70999,325.47,325.53,65827
2026-09-01 14:03:00,325.52499,325.56,325.14999,325.23499,68450
2026-09-01 14:04:00,325.23001,325.35999,325.14499,325.1701,48178
2026-09-01 14:05:00,325.14999,325.14999,324.85999,324.8851,63203
2026-09-01 14:06:00,324.88501,324.95001,324.76001,324.89001,42662
2026-09-01 14:07:00,324.88501,325.13,324.88,325.059998,39816
2026-09-01 14:08:00,325.066895,325.070007,324.87,324.9115,39341
2026-09-01 14:09:00,324.905,325.23001,324.88,325.20001,44028
2026-09-01 14:10:00,325.215,325.22,325.070007,325.10501,43555
2026-09-01 14:11:00,325.10501,325.16,324.89999,325.079803,44334
2026-09-01 14:12:00,325.065002,325.20001,325.015015,325.17999,27708
2026-09-01 14:13:00,325.17999,325.20001,325.079987,325.10001,27944
2026-09-01 14:14:00,325.10001,325.1225,324.88,324.92499,31585
2026-09-01 14:15:00,324.92999,324.92999,324.67001,324.72,93361
2026-09-01 14:16:00,324.70001,324.8699,324.70001,324.785,58267
2026-09-01 14:17:00,324.785,324.85001,324.63,324.85001,55794
2026-09-01 14:18:00,324.85431,324.9483,324.82001,324.9483,40414
2026-09-01 14:19:00,324.94,325.125,324.86969,325.11499,45165
2026-09-01 14:20:00,325.12,325.14001,324.97,325.14001,36622
2026-09-01 14:21:00,325.14001,325.23001,325.049988,325.09201,51635
2026-09-01 14:22:00,325.079987,325.13,325.000091553,325.059998,32597
2026-09-01 14:23:00,325.065002,325.075012,324.75,324.85001,54414
2026-09-01 14:24:00,324.84,325.12,324.81,324.98001,54996
2026-09-01 14:25:00,324.95999,325.019989,324.82001,325.019897,54501
2026-09-01 14:26:00,325.019989,325.23999,324.98999,325.16,51401
2026-09-01 14:27:00,325.1301,325.51999,325.089996,325.435,119228
2026-09-01 14:28:00,325.435,325.435,325.14001,325.31,50540
2026-09-01 14:29:00,325.29999,325.32001,325.17999,325.20999,30317
2026-09-01 14:30:00,325.20001,325.23999,324.73001,324.7699,53617
2026-09-01 14:31:00,324.745,324.80991,324.59,324.63,68067
2026-09-01 14:32:00,324.625,324.77991,324.5701,324.70999,53133
2026-09-01 14:33:00,324.70001,324.88501,324.69,324.79001,42133
2026-09-01 14:34:00,324.79001,324.92001,324.73199,324.85999,27981
2026-09-01 14:35:00,324.89999,324.98999,324.79999,324.88,57449
2026-09-01 14:36:00,324.89999,325.14001,324.8967,325.089996,32311
2026-09-01 14:37:00,325.070007,325.12,324.92999,325.015015,59076
2026-09-01 14:38:00,325.024994,325.10001,324.82001,324.91,37397
2026-09-01 14:39:00,324.91,324.93781,324.6601,324.69,37049
2026-09-01 14:40:00,324.6601,324.82999,324.6601,324.68201,39176
2026-09-01 14:41:00,324.69,324.73999,324.6001,324.66,28356
2026-09-01 14:42:00,324.66,324.85959,324.66,324.715,43173
2026-09-01 14:43:00,324.715,324.7601,324.5,324.56009,38912
2026-09-01 14:44:00,324.58499,324.64999,324.3905,324.54001,46098
2026-09-01 14:45:00,324.54001,324.60501,324.45621,324.46179,35588
2026-09-01 14:46:00,324.45999,324.67999,324.45999,324.67999,42456
2026-09-01 14:47:00,324.69,324.82999,324.64999,324.79999,49600
2026-09-01 14:48:00,324.78009,324.91989,324.67001,324.76001,50154
2026-09-01 14:49:00,324.76999,325.089996,324.76999,325.040009,42261
2026-09-01 14:50:00,325.029999,325.040009,324.78101,324.79001,45673
2026-09-01 14:51:00,324.79001,325.12,324.73001,325.065002,56025
2026-09-01 14:52:00,325.070007,325.72949,325.030304,325.595,131833
2026-09-01 14:53:00,325.59509,325.59509,325.39001,325.44,153361
2026-09-01 14:54:00,325.45001,325.52499,325.336,325.45999,50320
2026-09-01 14:55:00,325.44,325.51999,325.29999,325.35999,49179
2026-09-01 14:56:00,325.35001,325.70999,325.31049,325.68991,71569
2026-09-01 14:57:00,325.67999,325.82999,325.47,325.53,103150
2026-09-01 14:58:00,325.50739,325.82999,325.49301,325.745,66913
2026-09-01 14:59:00,325.745,325.85999,325.5405,325.54501,86281
2026-09-01 15:00:00,325.54001,325.85001,325.44,325.70001,93673
2026-09-01 15:01:00,325.72,325.745,325.45999,325.535,47772
2026-09-01 15:02:00,325.535,325.60001,325.29999,325.33801,56775
2026-09-01 15:03:00,325.35001,325.505,325.25,325.505,56724
2026-09-01 15:04:00,325.54001,325.64999,325.45001,325.52499,52521
2026-09-01 15:05:00,325.54001,325.54001,325.25,325.345,54103
2026-09-01 15:06:00,325.33499,325.64001,325.059998,325.595,110287
2026-09-01 15:07:00,325.57001,325.64001,325.31,325.48499,43929
2026-09-01 15:08:00,325.5,325.57999,325.23001,325.27499,47773
2026-09-01 15:09:00,325.26001,325.35001,325.20001,325.23611,46715
2026-09-01 15:10:00,325.23001,325.3699,325.12,325.35001,45825
2026-09-01 15:11:00,325.35001,325.70001,325.35001,325.58499,76289
2026-09-01 15:12:00,325.58499,325.69,325.45999,325.66,50289
2026-09-01 15:13:00,325.66,325.79001,325.56,325.57999,51325
2026-09-01 15:14:00,325.57999,325.82001,325.57999,325.78,67336
2026-09-01 15:15:00,325.75549,325.92999,325.67261,325.67999,94641
2026-09-01 15:16:00,325.685,325.80991,325.67999,325.75,46088
2026-09-01 15:17:00,325.73999,325.76001,325.56,325.60999,63929
2026-09-01 15:18:00,325.62,325.62,325.50009,325.56,51644
2026-09-01 15:19:00,325.595,325.73999,325.56,325.63,62572
2026-09-01 15:20:00,325.625,325.63971,325.3757,325.38501,60479
2026-09-01 15:21:00,325.38,325.51999,325.38,325.51001,28481
2026-09-01 15:22:00,325.53,325.72,325.45001,325.70001,40501
2026-09-01 15:23:00,325.69,325.79999,325.65009,325.70999,69474
2026-09-01 15:24:00,325.71201,325.75,325.60999,325.6604,50288
2026-09-01 15:25:00,325.67999,325.69,325.56,325.67001,71768
2026-09-01 15:26:00,325.67001,325.89001,325.62,325.73001,77173
2026-09-01 15:27:00,325.69,325.79999,325.51999,325.75,55323
2026-09-01 15:28:00,325.76999,325.84,325.70001,325.75,55562
2026-09-01 15:29:00,325.76999,325.87,325.548,325.57001,71798
2026-09-01 15:30:00,325.60999,325.7399,325.3414,325.45999,84107
2026-09-01 15:31:00,325.48499,325.54001,325.34,325.47,62681
2026-09-01 15:32:00,325.47,325.48001,325.24091,325.24091,59155
2026-09-01 15:33:00,325.31601,325.54999,325.26001,325.46201,59402
2026-09-01 15:34:00,325.45999,325.46301,325.17999,325.32999,68321
2026-09-01 15:35:00,325.37,325.57501,325.37,325.40091,91029
2026-09-01 15:36:00,325.39001,325.42001,325.14001,325.20001,59403
2026-09-01 15:37:00,325.2099,325.36499,325.2099,325.32001,69507
2026-09-01 15:38:00,325.31171,325.45001,325.29001,325.39999,54836
2026-09-01 15:39:00,325.39999,325.54001,325.38,325.39999,76846
2026-09-01 15:40:00,325.39999,325.42999,325.19949,325.23001,83278
2026-09-01 15:41:00,325.23001,325.38501,325.19501,325.32999,71828
2026-09-01 15:42:00,325.32001,325.48999,325.29999,325.31,81325
2026-09-01 15:43:00,325.29999,325.37,325.20001,325.22,58347
2026-09-01 15:44:00,325.25,325.41989,325.18399,325.36499,59294
2026-09-01 15:45:00,325.38,325.5,325.29999,325.35999,100908
2026-09-01 15:46:00,325.35001,325.64001,325.29999,325.60989,82456
2026-09-01 15:47:00,325.60989,325.70999,325.53,325.69,96849
2026-09-01 15:48:00,325.70001,325.78,325.63,325.64499,95491
2026-09-01 15:49:00,325.64499,325.78989,325.505,325.77499,80687
2026-09-01 15:50:00,325.76999,325.888,325.5,325.76001,307728
2026-09-01 15:51:00,325.755,325.83499,325.58011,325.70999,132372
2026-09-01 15:52:00,325.73499,325.79001,325.5,325.60001,213450
2026-09-01 15:53:00,325.57001,325.57001,324.54999,324.66,304279
2026-09-01 15:54:00,324.66,325.14001,324.26001,324.92999,521015
2026-09-01 15:55:00,324.91,325.049988,324.29999,324.44,450019
2026-09-01 15:56:00,324.44,324.54999,324.10001,324.54999,328493
2026-09-01 15:57:00,324.54999,324.80499,324.37,324.75,399009
2026-09-01 15:58:00,324.76999,325.075012,324.60501,325.019989,521990
2026-09-01 15:59:00,325.019989,325.26001,324.85001,325.14001,1080857
2026-09-02 09:30:00,326.97,328.39999,326.75,327.44601,1605102
2026-09-02 09:31:00,327.36499,328.24991,325.51001,326.0050049,275484
2026-09-02 09:32:00,325.97,326.625,325.82999,326.4577,155502
2026-09-02 09:33:00,326.42999,327.258,326.049988,326.52991,147809
2026-09-02 09:34:00,326.505,326.60101,325.60001,325.63,131011
2026-09-02 09:35:00,325.6658,325.6658,324.70001,325.20999,273079
2026-09-02 09:36:00,325.185,325.34,324.20499,324.27499,152837
2026-09-02 09:37:00,324.289,324.78589,324.17331,324.39001,100885
2026-09-02 09:38:00,324.39499,324.39499,324.070007,324.26001,112928
2026-09-02 09:39:00,324.23499,325.089996,324.23001,325.01001,130059
2026-09-02 09:40:00,325.01001,325.0383,324.39999,324.85999,138715
2026-09-02 09:41:00,324.87,325.29001,324.81,325.089996,118037
2026-09-02 09:42:00,325.125,325.26501,324.73749,324.87,111153
2026-09-02 09:43:00,324.87,325.10001,324.62,324.87,120403
2026-09-02 09:44:00,324.88681,325.5,324.88,325.45001,97135
2026-09-02 09:45:00,325.45499,325.48001,324.66,325.059998,170402
2026-09-02 09:46:00,325.059998,325.29999,324.69,325.25,157277
2026-09-02 09:47:00,325.216,325.57489,325.20001,325.23999,81853
2026-09-02 09:48:00,325.22141,325.35501,324.76001,324.79999,101773
2026-09-02 09:49:00,324.76001,324.84,324.51999,324.54501,108245
2026-09-02 09:50:00,324.54501,325.134,324.45999,324.92001,115188
2026-09-02 09:51:00,324.95001,325.066589,324.63,324.65009,74316
2026-09-02 09:52:00,324.65009,325.17999,324.64999,325.12,142315
2026-09-02 09:53:00,325.11499,325.35999,324.98001,325.32999,68428
2026-09-02 09:54:00,325.31,325.32999,324.85001,325.0050049,97606
2026-09-02 09:55:00,325.01001,325.029999,324.51999,324.70001,102253
2026-09-02 09:56:00,324.67999,325.31,324.44,325.059998,106657
2026-09-02 09:57:00,325.059998,325.41,325.040894,325.39999,92128
2026-09-02 09:58:00,325.38,325.54999,325.255,325.36499,93932
2026-09-02 09:59:00,325.34,325.42999,325.10001,325.19,102090
2026-09-02 10:00:00,325.16,325.185,324.54501,324.81,646387
2026-09-02 10:01:00,324.82501,325.16501,324.745,324.89999,77078
2026-09-02 10:02:00,324.85611,325.11581,324.67001,324.79001,74728
2026-09-02 10:03:00,324.73999,324.76001,324.12601,324.17999,126279
2026-09-02 10:04:00,324.17001,324.3295,323.94,323.965,104351
2026-09-02 10:05:00,323.94,324.059509,323.53,323.60999,130079
2026-09-02 10:06:00,323.59,324.14999,323.59,324.035095,119727
2026-09-02 10:07:00,324.019989,324.19989,323.70999,324.079987,86720
2026-09-02 10:08:00,324.10999,324.49951,324.070007,324.4299,93587
2026-09-02 10:09:00,324.42001,324.42001,324.16,324.20001,106216
2026-09-02 10:10:00,324.25,324.35999,323.53699,323.66,136534
2026-09-02 10:11:00,323.64001,324.10001,323.625,323.80261,78310
2026-09-02 10:12:00,323.79001,323.94989,323.61011,323.75,59011
2026-09-02 10:13:00,323.73999,324.059998,323.63,323.89001,68057
2026-09-02 10:14:00,323.91,324.14999,323.73999,323.98999,59347
2026-09-02 10:15:00,323.97,324.070007,323.70999,324.029999,61620
2026-09-02 10:16:00,324.011505,324.17999,323.97,324.15991,44302
2026-09-02 10:17:00,324.14999,324.29999,324.0,324.024994,85945
2026-09-02 10:18:00,324.040009,324.16,323.73001,323.935,58508
2026-09-02 10:19:00,323.95999,324.22,323.78479,323.78479,50078
2026-09-02 10:20:00,323.79999,324.10919,323.60001,324.085999,64273
2026-09-02 10:21:00,324.079987,324.29999,323.92999,324.073608,52712
2026-09-02 10:22:00,324.010101,324.079987,323.82999,324.040009,50602
2026-09-02 10:23:00,324.045013,324.17001,323.84,324.10999,63301
2026-09-02 10:24:00,324.13,324.22,324.035004,324.075012,31651
2026-09-02 10:25:00,324.079987,324.17999,324.029999,324.16,37201
2026-09-02 10:26:00,324.17999,324.54001,324.17999,324.53,90422
2026-09-02 10:27:00,324.53,324.60001,324.32001,324.57501,77222
2026-09-02 10:28:00,324.59,324.81821,324.42999,324.81821,67782
2026-09-02 10:29:00,324.815,324.95001,324.5,324.57001,53938
2026-09-02 10:30:00,324.58499,324.60001,324.0,324.10999,95873
2026-09-02 10:31:00,324.13,324.71991,324.089996,324.67499,64722
2026-09-02 10:32:00,324.69,324.76999,324.35999,324.35999,54267
2026-09-02 10:33:00,324.38,324.42999,324.1701,324.20999,36308
2026-09-02 10:34:00,324.26001,324.37,324.049988,324.070007,49514
2026-09-02 10:35:00,324.070007,324.2399,324.020508,324.16,52199
2026-09-02 10:36:00,324.17001,324.23001,324.029999,324.075012,40130
2026-09-02 10:37:00,324.062012,324.47079,324.062012,324.47,42067
2026-09-02 10:38:00,324.45001,324.60001,324.38,324.54001,39916
2026-09-02 10:39:00,324.56,324.57001,324.39999,324.56,50460
2026-09-02 10:40:00,324.57001,324.70001,324.39001,324.70001,63853
2026-09-02 10:41:00,324.69,324.75,324.60999,324.66501,53178
2026-09-02 10:42:00,324.69,324.76501,324.60999,324.62991,41027
2026-09-02 10:43:00,324.60999,324.67999,324.41501,324.57001,51935
2026-09-02 10:44:00,324.57001,324.84,324.56,324.72501,38463
2026-09-02 10:45:00,324.72699,324.79001,324.54999,324.57999,46675
2026-09-02 10:46:00,324.61499,324.89001,324.57001,324.85001,83449
2026-09-02 10:47:00,324.84,325.079987,324.82001,325.079987,74715
2026-09-02 10:48:00,325.040009,325.059998,324.67001,324.91199,70268
2026-09-02 10:49:00,324.91501,324.91501,324.59,324.75,51017
2026-09-02 10:50:00,324.73001,324.76999,324.52051,324.62,43110
2026-09-02 10:51:00,324.60999,324.70999,324.48999,324.60999,58930
2026-09-02 10:52:00,324.62,324.73999,324.53,324.62,42007
2026-09-02 10:53:00,324.62,324.63,324.42889,324.44,76831
2026-09-02 10:54:00,324.47,324.5274,324.14999,324.20499,80011
2026-09-02 10:55:00,324.20499,324.48001,324.17551,324.48001,37877
2026-09-02 10:56:00,324.48001,324.60001,324.4425,324.47,32757
2026-09-02 10:57:00,324.465,324.67999,324.43011,324.6351,69448
2026-09-02 10:58:00,324.64001,324.75,324.48999,324.59,39813
2026-09-02 10:59:00,324.595,324.73999,324.57169,324.61911,37361
2026-09-02 11:00:00,324.64999,324.82501,324.60001,324.67001,48376
2026-09-02 11:01:00,324.66,324.89499,324.66,324.72,35662
2026-09-02 11:02:00,324.70999,324.85999,324.70999,324.85999,26802
2026-09-02 11:03:00,324.85999,324.94501,324.8175,324.8801,35868
2026-09-02 11:04:00,324.87,324.87,324.39001,324.4024,50606
2026-09-02 11:05:00,324.39999,324.42001,324.26999,324.37,31172
2026-09-02 11:06:00,324.36499,324.62,324.345,324.595,47684
2026-09-02 11:07:00,324.60501,324.66501,324.4227,324.58499,34252
2026-09-02 11:08:00,324.57001,324.67001,324.39001,324.67001,26403
2026-09-02 11:09:00,324.67001,324.67999,324.35501,324.39001,37887
2026-09-02 11:10:00,324.39999,324.40271,324.10999,324.22,37173
2026-09-02 11:11:00,324.22,324.56,324.22,324.54001,42228
2026-09-02 11:12:00,324.51999,324.60001,324.44,324.48001,25302
2026-09-02 11:13:00,324.465,324.465,324.26001,324.32501,45753
2026-09-02 11:14:00,324.32999,324.45999,324.32001,324.45999,23980
2026-09-02 11:15:00,324.48001,324.75,324.4501,324.72,27728
2026-09-02 11:16:00,324.73499,324.82001,324.69,324.79999,36586
2026-09-02 11:17:00,324.79501,324.79999,324.57999,324.6611,36833
2026-09-02 11:18:00,324.70001,324.8999,324.67999,324.89001,28521
2026-09-02 11:19:00,324.8924,325.20999,324.82999,325.20999,119179
2026-09-02 11:20:00,325.19,325.20999,324.98001,325.054993,72372
2026-09-02 11:21:00,325.054993,325.25,324.95999,325.17499,42496
2026-09-02 11:22:00,325.20001,325.26001,325.14001,325.19,55286
2026-09-02 11:23:00,325.17999,325.32001,325.155,325.24771,62076
2026-09-02 11:24:00,325.255,325.58499,325.21011,325.48001,67422
2026-09-02 11:25:00,325.5,325.86801,325.47,325.85999,75802
2026-09-02 11:26:00,325.87,325.95999,325.85001,325.91,81626
2026-09-02 11:27:00,325.91,325.91501,325.56,325.67001,69918
2026-09-02 11:28:00,325.6608,325.84991,325.6608,325.79001,38291
2026-09-02 11:29:00,325.79449,326.54999,325.75,326.54999,228612
2026-09-02 11:30:00,326.53,326.76001,326.4501,326.6601,144364
2026-09-02 11:31:00,326.66501,326.9599,326.51001,326.9599,268682
2026-09-02 11:32:00,326.97,327.054993,326.79999,326.98499,147388
2026-09-02 11:33:00,326.95999,327.0050049,326.72009,326.91,87916
2026-09-02 11:34:00,326.91,326.95001,326.69,326.71259,69412
2026-09-02 11:35:00,326.73001,326.76501,326.16089,326.27499,134502
2026-09-02 11:36:00,326.255,326.78,326.23999,326.73499,149686
2026-09-02 11:37:00,326.73999,326.94989,326.64999,326.83109,82089
2026-09-02 11:38:00,326.84,326.95999,326.66,326.85501,76771
2026-09-02 11:39:00,326.85001,326.88,326.51849,326.70001,90478
2026-09-02 11:40:00,326.69629,326.72501,326.21811,326.29001,63764
2026-09-02 11:41:00,326.29001,326.34,325.57001,325.66,125006
2026-09-02 11:42:00,325.66501,325.70001,325.18301,325.60001,113522
2026-09-02 11:43:00,325.60001,325.60999,325.22009,325.29999,77168
2026-09-02 11:44:00,325.31,325.38501,324.9101,325.11499,362866
2026-09-02 11:45:00,325.089996,325.26709,325.019989,325.078308,41910
2026-09-02 11:46:00,325.054993,325.4198,324.98999,325.39001,73288
2026-09-02 11:47:00,325.41989,325.4899,324.80011,324.82501,92021
2026-09-02 11:48:00,324.85001,324.85001,324.34,324.45001,115478
2026-09-02 11:49:00,324.43011,324.45999,324.0,324.14001,91865
2026-09-02 11:50:00,324.14999,324.26001,323.95001,323.98001,300818
2026-09-02 11:51:00,323.91,324.22,323.89499,324.125,73131
2026-09-02 11:52:00,324.10999,324.52499,324.089996,324.42999,80595
2026-09-02 11:53:00,324.42999,324.5199,324.32001,324.48999,50677
2026-09-02 11:54:00,324.5,324.655,324.35001,324.54999,68650
2026-09-02 11:55:00,324.57001,324.66,324.32999,324.39001,77210
2026-09-02 11:56:00,324.375,324.48999,324.35999,324.39499,37501
2026-09-02 11:57:00,324.39001,324.60999,324.36499,324.47,48627
2026-09-02 11:58:00,324.47,325.17001,324.42001,325.13,73739
2026-09-02 11:59:00,325.125,325.125,324.79999,325.01001,58287
2026-09-02 12:00:00,325.01001,325.35999,324.95499,325.34,58896
2026-09-02 12:01:00,325.34,325.46701,325.22,325.29999,116096
2026-09-02 12:02:00,325.29999,325.67999,325.285,325.64499,95603
2026-09-02 12:03:00,325.63501,325.65948,325.32501,325.63889,54272
2026-09-02 12:04:00,325.64001,325.85999,325.58261,325.85501,87339
2026-09-02 12:05:00,325.85501,325.8685,325.70001,325.73001,87193
2026-09-02 12:06:00,325.745,325.98001,325.73999,325.94,68777
2026-09-02 12:07:00,325.9505,326.066986,325.89001,326.049988,460416
2026-09-02 12:08:00,326.059998,326.19,325.7001,325.7001,80931
2026-09-02 12:09:00,325.715,325.85001,325.67001,325.76001,76101
2026-09-02 12:10:00,325.75,325.75,325.37,325.68851,69009
2026-09-02 12:11:00,325.67001,325.76999,325.62,325.73999,31572
2026-09-02 12:12:00,325.74991,325.91,325.73001,325.82501,41335
2026-09-02 12:13:00,325.82001,325.94,325.70001,325.82001,68363
2026-09-02 12:14:00,325.80499,325.81,325.2616,325.29999,58546
2026-09-02 12:15:00,325.27551,325.32999,324.97,325.12,72105
2026-09-02 12:16:00,325.14001,325.29001,325.090698,325.21011,30390
2026-09-02 12:17:00,325.20999,325.20999,324.92999,325.01001,44130
2026-09-02 12:18:00,325.011108,325.10999,324.70999,324.70999,92885
2026-09-02 12:19:00,324.72501,324.88,324.61829,324.84,155681
2026-09-02 12:20:00,324.82999,325.12,324.815,325.089996,52501
2026-09-02 12:21:00,325.091705,325.10001,324.97,325.049988,47509
2026-09-02 12:22:00,325.029999,325.059998,324.87,324.88,32420
2026-09-02 12:23:00,324.88,324.88,324.39999,324.53,105202
2026-09-02 12:24:00,324.53,324.5863,324.11499,324.58511,94158
2026-09-02 12:25:00,324.57999,324.67999,324.48999,324.67001,43812
2026-09-02 12:26:00,324.66,324.78,324.64999,324.72,45441
2026-09-02 12:27:00,324.73499,324.77499,324.6701,324.69,40871
2026-09-02 12:28:00,324.67261,324.6799,324.5401,324.64001,38318
2026-09-02 12:29:00,324.64499,324.69,324.63,324.66989,32213
2026-09-02 12:30:00,324.66,325.10001,324.62,324.97501,63240
2026-09-02 12:31:00,324.98999,325.35501,324.97,325.35001,50755
2026-09-02 12:32:00,325.35501,325.62,325.35001,325.44,69236
2026-09-02 12:33:00,325.45999,325.47,325.32999,325.332,40569
2026-09-02 12:34:00,325.35501,325.69,325.345,325.45999,95733
2026-09-02 12:35:00,325.44501,325.51001,325.38,325.42001,35390
2026-09-02 12:36:00,325.41,325.59,325.29001,325.32501,99188
2026-09-02 12:37:00,325.32999,325.66,325.31039,325.61459,39257
2026-09-02 12:38:00,325.60999,325.61499,325.34009,325.38,32990
2026-09-02 12:39:00,325.37259,325.45999,325.315,325.42999,52328
2026-09-02 12:40:00,325.42999,325.42999,325.17999,325.32999,35601
2026-09-02 12:41:00,325.34,325.35001,325.25,325.345,24461
2026-09-02 12:42:00,325.345,325.51999,325.30499,325.48001,44880
2026-09-02 12:43:00,325.45999,325.47711,325.38,325.42999,18884
2026-09-02 12:44:00,325.42999,325.53,325.35501,325.38501,30111
2026-09-02 12:45:00,325.39999,325.48099,325.37,325.39001,37945
2026-09-02 12:46:00,325.41,325.57001,325.36499,325.45999,51660
2026-09-02 12:47:00,325.47501,325.5,325.41,325.47,19080
2026-09-02 12:48:00,325.47,325.75,325.39499,325.45001,64796
2026-09-02 12:49:00,325.465,325.52499,325.46011,325.505,23403
2026-09-02 12:50:00,325.51001,325.60001,325.45001,325.59,41316
2026-09-02 12:51:00,325.58499,325.72601,325.58499,325.70499,61481
2026-09-02 12:52:00,325.70999,325.95001,325.70999,325.92499,71364
2026-09-02 12:53:00,325.91501,325.92001,325.67999,325.79999,36462
2026-09-02 12:54:00,325.7822,326.20999,325.7822,326.0,143021
2026-09-02 12:55:00,326.0050049,326.21991,325.95999,326.21991,46114
2026-09-02 12:56:00,326.20001,326.23801,326.059998,326.11499,51592
2026-09-02 12:57:00,326.16,326.20999,326.0,326.000091553,37625
2026-09-02 12:58:00,326.0050049,326.14999,325.98999,326.0050049,35441
2026-09-02 12:59:00,326.01001,326.14999,325.995,326.12,27513
2026-09-02 13:00:00,326.13,326.25,326.12,326.23999,28934
2026-09-02 13:01:00,326.20999,326.32001,326.14999,326.2901,44402
2026-09-02 13:02:00,326.29501,326.35999,326.10001,326.35001,68374
2026-09-02 13:03:00,326.35999,326.40991,326.29501,326.3855,58483
2026-09-02 13:04:00,326.39499,326.5,326.25,326.27499,51149
2026-09-02 13:05:00,326.25,326.28,326.019989,326.16501,40349
2026-09-02 13:06:00,326.16251,326.29001,326.11499,326.19,22820
2026-09-02 13:07:00,326.20001,326.32001,326.075012,326.23499,48726
2026-09-02 13:08:00,326.25,326.345,325.97,326.10001,60108
2026-09-02 13:09:00,326.079987,326.10999,325.72501,325.75,85697
2026-09-02 13:10:00,325.75562,325.79001,325.55011,325.56799,57712
2026-09-02 13:11:00,325.565,325.75989,325.44,325.715,65773
2026-09-02 13:12:00,325.72,325.79001,325.60501,325.69,25194
2026-09-02 13:13:00,325.69,325.85001,325.62,325.71249,31661
2026-09-02 13:14:00,325.69,325.70001,325.54001,325.55991,18075
2026-09-02 13:15:00,325.55499,325.69,325.535,325.685,25159
2026-09-02 13:16:00,325.70001,325.99991,325.685,325.80011,41794
2026-09-02 13:17:00,325.81,325.85001,325.67999,325.69,25231
2026-09-02 13:18:00,325.66,325.6799,325.5,325.5498,25794
2026-09-02 13:19:00,325.565,325.73001,325.565,325.6701,43470
2026-09-02 13:20:00,325.67999,325.71951,325.64001,325.71509,33777
2026-09-02 13:21:00,325.71609,325.72501,325.53009,325.67001,36590
2026-09-02 13:22:00,325.66501,325.7999,325.64001,325.67999,52656
2026-09-02 13:23:00,325.66,325.69669,325.62021,325.66971,18235
2026-09-02 13:24:00,325.67001,325.70001,325.57501,325.60999,25318
2026-09-02 13:25:00,325.63,325.69,325.51999,325.53,29599
2026-09-02 13:26:00,325.51001,325.57001,325.20999,325.2449,54296
2026-09-02 13:27:00,325.23499,325.26999,325.17999,325.24011,30285
2026-09-02 13:28:00,325.25,325.28281,325.089996,325.28281,29345
2026-09-02 13:29:00,325.26999,325.26999,325.070007,325.075012,31391
2026-09-02 13:30:00,325.075012,325.20999,325.064087,325.13501,22499
2026-09-02 13:31:00,325.17499,325.17499,324.89001,324.94,44389
2026-09-02 13:32:00,324.95001,325.0,324.875,324.94189,31504
2026-09-02 13:33:00,324.92999,324.94,324.68039,324.76001,33878
2026-09-02 13:34:00,324.76999,324.89001,324.70001,324.87,31533
2026-09-02 13:35:00,324.85999,325.10999,324.85999,324.89999,41432
2026-09-02 13:36:00,324.89999,325.079987,324.89999,325.065002,46518
2026-09-02 13:37:00,325.070007,325.12,324.98001,325.059998,36327
2026-09-02 13:38:00,325.065002,325.12,324.98499,325.11499,28187
2026-09-02 13:39:00,325.11499,325.125,324.98001,325.019989,27783
2026-09-02 13:40:00,325.0,325.019989,324.89001,324.89001,18291
2026-09-02 13:41:00,324.89999,324.98001,324.85001,324.97949,26209
2026-09-02 13:42:00,324.97501,325.39001,324.94,325.345,62507
2026-09-02 13:43:00,325.34509,325.48001,325.32001,325.34,42381
2026-09-02 13:44:00,325.35001,325.45001,325.28,325.33011,40092
2026-09-02 13:45:00,325.35999,325.42001,325.315,325.375,28085
2026-09-02 13:46:00,325.36499,325.48999,325.27011,325.47,33634
2026-09-02 13:47:00,325.465,325.60001,325.44,325.60001,30751
2026-09-02 13:48:00,325.595,325.70499,325.57001,325.66501,25145
2026-09-02 13:49:00,325.66,325.69009,325.48001,325.5,28656
2026-09-02 13:50:00,325.53,325.59109,325.41,325.495,28583
2026-09-02 13:51:00,325.5,325.59,325.48001,325.495,24304
2026-09-02 13:52:00,325.495,325.60001,325.45001,325.595,121520
2026-09-02 13:53:00,325.60001,325.64001,325.565,325.60989,23264
2026-09-02 13:54:00,325.62,325.98001,325.60999,325.82999,65618
2026-09-02 13:55:00,325.84,325.98001,325.76001,325.905,42300
2026-09-02 13:56:00,325.91,326.0050049,325.85999,325.98999,33999
2026-09-02 13:57:00,325.98001,326.14001,325.9201,326.12,42822
2026-09-02 13:58:00,326.10999,326.19,325.95001,325.98499,65969
2026-09-02 13:59:00,325.98999,326.0,325.90201,325.95499,49492
2026-09-02 14:00:00,325.95001,325.98001,325.76001,325.79001,57075
2026-09-02 14:01:00,325.78,326.029999,325.72009,326.029999,62392
2026-09-02 14:02:00,326.059998,326.14999,325.95081,326.10999,47904
2026-09-02 14:03:00,326.14001,326.31,326.1304,326.29501,69938
2026-09-02 14:04:00,326.29001,326.3299,326.20999,326.30011,36527
2026-09-02 14:05:00,326.32501,326.32501,326.17999,326.20999,36858
2026-09-02 14:06:00,326.1908,326.20499,326.059998,326.12991,44832
2026-09-02 14:07:00,326.13,326.14999,326.019989,326.049988,26652
2026-09-02 14:08:00,326.040009,326.059998,325.95001,325.95499,46715
2026-09-02 14:09:00,325.95999,326.049896,325.89001,325.97,43887
2026-09-02 14:10:00,325.97,326.019989,325.91,326.015015,38026
2026-09-02 14:11:00,325.97,326.015015,325.92001,325.92499,45340
2026-09-02 14:12:00,325.94,326.019989,325.92999,325.94,22035
2026-09-02 14:13:00,325.95999,326.039886,325.84,325.89999,42030
2026-09-02 14:14:00,325.92001,326.049988,325.79001,326.0,101172
2026-09-02 14:15:00,325.98999,326.22601,325.95999,326.049988,36214
2026-09-02 14:16:00,326.059998,326.16,325.95999,326.070007,84693
2026-09-02 14:17:00,326.084991,326.16901,326.019989,326.10001,34999
2026-09-02 14:18:00,326.079987,326.42001,326.024994,326.22,81577
2026-09-02 14:19:00,326.215,326.22989,326.040009,326.19,35534
2026-09-02 14:20:00,326.19,326.28,326.17999,326.245,37707
2026-09-02 14:21:00,326.23001,326.38,326.22501,326.35999,39448
2026-09-02 14:22:00,326.38,326.38501,326.17001,326.19,33920
2026-09-02 14:23:00,326.17999,326.23001,326.13,326.16501,21751
2026-09-02 14:24:00,326.17999,326.20999,326.10001,326.17999,27188
2026-09-02 14:25:00,326.17999,326.19501,326.13,326.185,24092
2026-09-02 14:26:00,326.19009,326.48999,326.19,326.45999,68268
2026-09-02 14:27:00,326.45999,326.465,326.245,326.30499,44148
2026-09-02 14:28:00,326.31,326.42001,326.29001,326.38,37405
2026-09-02 14:29:00,326.39999,326.45001,326.26001,326.2955,39853
2026-09-02 14:30:00,326.30991,326.42999,326.22009,326.42001,36414
2026-09-02 14:31:00,326.3801,326.42001,326.32001,326.34,32815
2026-09-02 14:32:00,326.345,326.35001,326.224,326.245,32263
2026-09-02 14:33:00,326.23999,326.23999,326.040009,326.089996,47278
2026-09-02 14:34:00,326.089996,326.185,325.92999,325.94501,41220
2026-09-02 14:35:00,325.95999,326.070007,325.85999,326.040009,70377
2026-09-02 14:36:00,326.049988,326.12991,325.94501,325.98999,22805
2026-09-02 14:37:00,325.97,325.97,325.78,325.85001,36063
2026-09-02 14:38:00,325.85999,325.935,325.82001,325.875,23974
2026-09-02 14:39:00,325.89001,325.94,325.80011,325.80011,24473
2026-09-02 14:40:00,325.81,325.84,325.57999,325.595,42292
2026-09-02 14:41:00,325.59,325.59,325.4101,325.51999,46417
2026-09-02 14:42:00,325.53,325.78,325.53,325.57599,60153
2026-09-02 14:43:00,325.51001,325.54999,325.29001,325.29999,45064
2026-09-02 14:44:00,325.30499,325.35999,325.18011,325.34,43008
2026-09-02 14:45:00,325.35001,325.39499,325.23001,325.245,38825
2026-09-02 14:46:00,325.245,325.26999,325.12,325.125,33736
2026-09-02 14:47:00,325.125,325.23999,325.049988,325.22009,36697
2026-09-02 14:48:00,325.22501,325.285,325.155,325.26001,35964
2026-09-02 14:49:00,325.245,325.32999,325.20001,325.29999,29066
2026-09-02 14:50:00,325.29999,325.3999,325.29999,325.34,46149
2026-09-02 14:51:00,325.35001,325.35001,325.23999,325.25,48494
2026-09-02 14:52:00,325.255,325.26001,324.98999,325.0,44262
2026-09-02 14:53:00,324.99799,325.20001,324.96259,325.17001,44139
2026-09-02 14:54:00,325.17001,325.17999,325.10999,325.17499,22936
2026-09-02 14:55:00,325.17999,325.23001,325.089996,325.14999,55915
2026-09-02 14:56:00,325.1528,325.17001,325.10999,325.13989,25792
2026-09-02 14:57:00,325.14001,325.17999,324.95001,324.95001,32164
2026-09-02 14:58:00,324.95499,324.97,324.85269,324.95499,49809
2026-09-02 14:59:00,324.95001,325.019897,324.92001,325.0,55886
2026-09-02 15:00:00,324.98499,325.0,324.64999,324.64999,92773
2026-09-02 15:01:00,324.64999,324.785,324.6001,324.746,34963
2026-09-02 15:02:00,324.745,324.85971,324.67999,324.82001,47942
2026-09-02 15:03:00,324.81,324.91,324.73001,324.91,38251
2026-09-02 15:04:00,324.89999,325.01001,324.85999,324.9798,45145
2026-09-02 15:05:00,324.98001,325.14899,324.98001,325.13,54990
2026-09-02 15:06:00,325.14001,325.34,325.13,325.26239,61358
2026-09-02 15:07:00,325.26001,325.26001,325.10999,325.17001,67806
2026-09-02 15:08:00,325.16,325.32999,325.16,325.25031,38612
2026-09-02 15:09:00,325.27499,325.5,325.26999,325.47501,67435
2026-09-02 15:10:00,325.48001,325.48499,325.35501,325.42059,38443
2026-09-02 15:11:00,325.42001,325.64499,325.41,325.63,60933
2026-09-02 15:12:00,325.63,325.73499,325.63,325.67789,58114
2026-09-02 15:13:00,325.685,325.72571,325.625,325.715,37031
2026-09-02 15:14:00,325.72,325.82001,325.52859,325.53,85746
2026-09-02 15:15:00,325.535,325.54999,325.39999,325.48001,50478
2026-09-02 15:16:00,325.48001,325.67999,325.48001,325.67001,59820
2026-09-02 15:17:00,325.66,325.73999,325.54999,325.57999,54220
2026-09-02 15:18:00,325.59,325.64999,325.48999,325.48999,37947
2026-09-02 15:19:00,325.5,325.62,325.28,325.60501,70286
2026-09-02 15:20:00,325.58499,325.6084,325.48001,325.495,41553
2026-09-02 15:21:00,325.5,325.57999,325.47,325.56,28406
2026-09-02 15:22:00,325.57001,325.67499,325.48999,325.51999,50895
2026-09-02 15:23:00,325.51001,325.60501,325.45999,325.57501,23678
2026-09-02 15:24:00,325.57501,325.59,325.38,325.48001,40876
2026-09-02 15:25:00,325.48001,325.57501,325.45999,325.5,24831
2026-09-02 15:26:00,325.51999,325.60999,325.5,325.57001,34068
2026-09-02 15:27:00,325.54999,325.64001,325.54501,325.625,40695
2026-09-02 15:28:00,325.62,325.64001,325.53,325.565,88442
2026-09-02 15:29:00,325.5777,325.66,325.465,325.64001,101579
2026-09-02 15:30:00,325.6405,325.6405,325.48999,325.57999,61931
2026-09-02 15:31:00,325.62,325.70001,325.505,325.51999,49770
2026-09-02 15:32:00,325.53,325.72,325.42001,325.60461,63504
2026-09-02 15:33:00,325.61499,325.79501,325.59,325.67499,45554
2026-09-02 15:34:00,325.67001,325.92499,325.64999,325.92001,99954
2026-09-02 15:35:00,325.89999,325.95001,325.66,325.79001,75129
2026-09-02 15:36:00,325.76999,325.79001,325.57199,325.60001,55077
2026-09-02 15:37:00,325.57001,325.59,325.32501,325.35501,104252
2026-09-02 15:38:00,325.35999,325.39999,325.056213,325.20001,66683
2026-09-02 15:39:00,325.17001,325.19501,325.10999,325.10999,50112
2026-09-02 15:40:00,325.11899,325.26999,325.029999,325.20001,51706
2026-09-02 15:41:00,325.20001,325.29999,325.0,325.10001,63621
2026-09-02 15:42:00,325.11499,325.23001,324.965,324.98999,69542
2026-09-02 15:43:00,324.98999,325.39999,324.95999,325.26001,73323
2026-09-02 15:44:00,325.25,325.42499,325.16,325.20001,54898
2026-09-02 15:45:00,325.20499,325.38,325.13,325.17001,66733
2026-09-02 15:46:00,325.17999,325.32001,325.14001,325.255,49380
2026-09-02 15:47:00,325.245,325.32999,325.22,325.32999,99156
2026-09-02 15:48:00,325.32999,325.5199,325.32019,325.42001,72482
2026-09-02 15:49:00,325.41501,325.41989,325.155,325.26999,52439
2026-09-02 15:50:00,325.23999,325.26501,325.040009,325.16,116844
2026-09-02 15:51:00,325.16,325.16,324.90009,325.054596,126219
2026-09-02 15:52:00,325.059998,325.19,325.040009,325.079987,51039
2026-09-02 15:53:00,325.079987,325.14001,325.0,325.029999,65385
2026-09-02 15:54:00,325.019989,325.37,324.97,325.26999,134679
2026-09-02 15:55:00,325.28,325.29001,324.78,324.85501,201593
2026-09-02 15:56:00,324.84,325.0,324.84,324.98001,128714
2026-09-02 15:57:00,324.97,325.040009,324.85999,324.87,160830
2026-09-02 15:58:00,324.87,324.91,324.76001,324.87,223462
2026-09-02 15:59:00,324.87,325.029999,324.67001,324.98999,531192
2026-09-03 09:30:00,324.94769,325.23999,324.25,324.7644,1073739
2026-09-03 09:31:00,324.70499,326.10001,324.70499,325.38,177866
2026-09-03 09:32:00,325.35529,327.44,325.25,327.39001,227910
2026-09-03 09:33:00,327.42999,327.5,325.84,326.076691,154412
2026-09-03 09:34:00,325.98999,326.23001,325.3252,325.62,113785
2026-09-03 09:35:00,325.54001,325.651,324.14001,324.36499,146533
2026-09-03 09:36:00,324.36499,324.86499,324.10999,324.82001,93197
2026-09-03 09:37:00,324.8266,325.28,324.56,325.28,91363
2026-09-03 09:38:00,325.27499,325.905,325.20001,325.79501,107470
2026-09-03 09:39:00,325.78,326.47101,325.78,326.45001,105275
2026-09-03 09:40:00,326.45001,326.67001,325.42999,325.57999,126365
2026-09-03 09:41:00,325.54999,325.98001,325.40051,325.92001,67169
2026-09-03 09:42:00,325.9599,326.28,325.70001,325.91501,79245
2026-09-03 09:43:00,325.94,326.25,325.88,326.029999,72575
2026-09-03 09:44:00,326.03009,326.57999,325.79999,326.48499,70150
2026-09-03 09:45:00,326.47,326.76999,326.19,326.45001,119743
2026-09-03 09:46:00,326.49429,326.578,326.22009,326.39001,52983
2026-09-03 09:47:00,326.40601,326.97,326.39499,326.60001,117211
2026-09-03 09:48:00,326.5712,326.785,326.47,326.48001,47806
2026-09-03 09:49:00,326.51001,326.72,326.39999,326.59,69315
2026-09-03 09:50:00,326.56,326.91989,326.31,326.39999,115493
2026-09-03 09:51:00,326.38501,326.54501,326.25,326.474,98071
2026-09-03 09:52:00,326.48999,326.54001,326.0,326.26001,92003
2026-09-03 09:53:00,326.26501,326.38,326.10999,326.315,49507
2026-09-03 09:54:00,326.29999,326.48999,326.22501,326.26999,47299
2026-09-03 09:55:00,326.29001,326.3815,326.14999,326.20999,54869
2026-09-03 09:56:00,326.19,326.20551,325.94,325.995,58518
2026-09-03 09:57:00,326.01001,326.16,325.84,325.84,65107
2026-09-03 09:58:00,325.81,325.95001,325.64001,325.69,87768
2026-09-03 09:59:00,325.72,326.79999,325.60001,326.72,110166
2026-09-03 10:00:00,326.60001,326.78,326.099792,326.14001,134929
2026-09-03 10:01:00,326.16501,326.42999,325.94501,326.39001,52085
2026-09-03 10:02:00,326.35001,326.47,326.14999,326.35999,40622
2026-09-03 10:03:00,326.39999,326.79999,326.3815,326.67001,60358
2026-09-03 10:04:00,326.67499,326.70001,326.035004,326.040009,42452
2026-09-03 10:05:00,326.040009,326.39001,326.029999,326.39001,51971
2026-09-03 10:06:00,326.35501,326.82001,326.35001,326.69,95997
2026-09-03 10:07:00,326.72,326.87,326.67999,326.70999,56908
2026-09-03 10:08:00,326.72501,327.10999,326.69,327.025604,92912
2026-09-03 10:09:00,327.025085,327.075989,326.79999,327.068787,67291
2026-09-03 10:10:00,327.079987,327.16,326.67001,326.82999,54386
2026-09-03 10:11:00,326.84509,327.059998,326.70001,327.040009,57030
2026-09-03 10:12:00,327.070007,327.41,327.019989,327.32501,75996
2026-09-03 10:13:00,327.34,327.5799,327.19,327.51999,89981
2026-09-03 10:14:00,327.535,328.13,327.535,328.13,195485
2026-09-03 10:15:00,328.13,328.44,328.0,328.22549,181083
2026-09-03 10:16:00,328.23001,328.53979,328.11871,328.27551,123891
2026-09-03 10:17:00,328.29541,328.31,328.040009,328.26001,107921
2026-09-03 10:18:00,328.23999,328.36499,328.080109,328.30771,82243
2026-09-03 10:19:00,328.32001,328.70221,328.20001,328.70001,101688
2026-09-03 10:20:00,328.70001,328.79501,328.54001,328.64499,119572
2026-09-03 10:21:00,328.64999,328.94989,328.63031,328.82001,113077
2026-09-03 10:22:00,328.80499,329.079987,328.76001,329.039886,162753
2026-09-03 10:23:00,329.039886,329.28,328.97,329.24011,114686
2026-09-03 10:24:00,329.2326,329.29999,329.13501,329.16541,90398
2026-09-03 10:25:00,329.1586,329.23001,328.92001,329.20999,211742
2026-09-03 10:26:00,329.185,329.94,329.14621,329.905,188938
2026-09-03 10:27:00,329.89001,330.20999,329.78,330.13,524805
2026-09-03 10:28:00,330.13501,330.31,329.82999,329.97501,247649
2026-09-03 10:29:00,329.97,330.070496,329.70001,329.715,139183
2026-09-03 10:30:00,329.715,330.35999,329.70999,330.31,152239
2026-09-03 10:31:00,330.315,330.60501,330.20999,330.45001,227904
2026-09-03 10:32:00,330.4599,330.67999,330.155,330.33499,190679
2026-09-03 10:33:00,330.35001,330.44989,329.94009,329.94009,115675
2026-09-03 10:34:00,329.94009,330.0,329.3689,329.42001,133618
2026-09-03 10:35:00,329.4101,329.70499,329.28,329.565,140417
2026-09-03 10:36:00,329.54999,329.92999,329.44,329.44501,80834
2026-09-03 10:37:00,329.42001,329.48999,329.0,329.070007,93541
2026-09-03 10:38:00,329.079987,329.089996,328.63,328.70499,94736
2026-09-03 10:39:00,328.72,328.76929,328.19,328.375,98204
2026-09-03 10:40:00,328.375,328.42001,327.92001,328.17001,192407
2026-09-03 10:41:00,328.16,328.32999,328.10001,328.17999,116696
2026-09-03 10:42:00,328.17999,328.48499,328.10001,328.41,67631
2026-09-03 10:43:00,328.39059,328.47501,328.22,328.25,46814
2026-09-03 10:44:00,328.2554,328.67499,328.245,328.315,80586
2026-09-03 10:45:00,328.29001,328.45999,328.2301,328.34,58989
2026-09-03 10:46:00,328.34,328.60989,328.29001,328.54001,277679
2026-09-03 10:47:00,328.54501,328.68411,328.45999,328.565,65710
2026-09-03 10:48:00,328.55499,328.74991,328.51001,328.67999,56846
2026-09-03 10:49:00,328.66,328.89999,328.61499,328.86011,82415
2026-09-03 10:50:00,328.91,328.92001,328.62,328.80499,52831
2026-09-03 10:51:00,328.7901,328.80499,328.51999,328.5307,41256
2026-09-03 10:52:00,328.53,328.53,328.14001,328.14001,58299
2026-09-03 10:53:00,328.12,328.22989,327.66,327.70999,89147
2026-09-03 10:54:00,327.70511,328.14001,327.686,328.13,74968
2026-09-03 10:55:00,328.10519,328.32999,328.077515,328.32999,68678
2026-09-03 10:56:00,328.34,328.34,327.60999,328.17999,145654
2026-09-03 10:57:00,328.17999,328.23999,327.97,328.13501,62056
2026-09-03 10:58:00,328.17001,328.32999,328.14001,328.14999,47964
2026-09-03 10:59:00,328.14999,328.17999,327.8688,327.98499,56372
2026-09-03 11:00:00,328.019989,328.98999,328.01001,328.98999,117204
2026-09-03 11:01:00,328.97501,329.079987,328.65009,328.875,120461
2026-09-03 11:02:00,328.82001,328.88,328.60001,328.62,87451
2026-09-03 11:03:00,328.54999,328.97,328.53,328.92001,58635
2026-09-03 11:04:00,328.89999,329.22,328.87,329.20001,54638
2026-09-03 11:05:00,329.26001,329.4975,329.245,329.41,88994
2026-09-03 11:06:00,329.40439,329.57999,329.36499,329.57999,83396
2026-09-03 11:07:00,329.59,329.76001,329.54001,329.67999,73488
2026-09-03 11:08:00,329.67999,329.83499,329.62,329.79501,57795
2026-09-03 11:09:00,329.82001,330.059998,329.74619,330.045013,84762
2026-09-03 11:10:00,330.049988,330.57999,330.045013,330.53,114261
2026-09-03 11:11:00,330.52301,330.73499,330.41,330.5885,108488
2026-09-03 11:12:00,330.595,330.81,330.51001,330.67999,84889
2026-09-03 11:13:00,330.66,330.72,330.45001,330.61499,96097
2026-09-03 11:14:00,330.61499,330.64001,330.34,330.465,56876
2026-09-03 11:15:00,330.5,330.76001,330.34,330.60501,181277
2026-09-03 11:16:00,330.60501,330.70001,330.51999,330.57001,59334
2026-09-03 11:17:00,330.56,330.698,330.20999,330.36011,125886
2026-09-03 11:18:00,330.36499,330.41,330.040009,330.16,125903
2026-09-03 11:19:00,330.17999,330.31351,329.87,330.059998,75257
2026-09-03 11:20:00,330.0784,330.13,329.94,330.059998,63736
2026-09-03 11:21:00,330.059998,330.32999,330.041992,330.26999,64246
2026-09-03 11:22:00,330.26331,330.28,329.91,329.94009,70145
2026-09-03 11:23:00,329.95999,330.10001,329.79999,329.82001,65370
2026-09-03 11:24:00,329.82999,329.85001,329.52399,329.52991,85327
2026-09-03 11:25:00,329.51999,329.76001,329.48001,329.755,54695
2026-09-03 11:26:00,329.755,330.26001,329.71011,330.23001,93784
2026-09-03 11:27:00,330.20999,330.26999,330.040009,330.19,248704
2026-09-03 11:28:00,330.17999,330.17999,329.72009,329.79001,173379
2026-09-03 11:29:00,329.78,329.98001,329.75,329.82999,69795
2026-09-03 11:30:00,329.85001,329.97,329.72,329.91,106624
2026-09-03 11:31:00,329.95001,330.13,329.89999,329.92801,60320
2026-09-03 11:32:00,329.92499,329.94,329.73001,329.88,56559
2026-09-03 11:33:00,329.875,330.049988,329.7438,330.047485,54050
2026-09-03 11:34:00,330.045013,330.19,329.98999,330.11011,54764
2026-09-03 11:35:00,330.14001,330.26001,330.01001,330.19,79501
2026-09-03 11:36:00,330.17001,330.48001,329.91,330.01001,83247
2026-09-03 11:37:00,330.0,330.17499,329.97009,330.12,35029
2026-09-03 11:38:00,330.14001,330.14001,329.91821,330.019989,45300
2026-09-03 11:39:00,330.015015,330.019989,329.76999,329.84,56608
2026-09-03 11:40:00,329.82501,329.97,329.66,329.685,70497
2026-09-03 11:41:00,329.70001,329.70499,329.23999,329.42001,62904
2026-09-03 11:42:00,329.44,329.62,329.3418,329.47501,51728
2026-09-03 11:43:00,329.48001,329.63989,329.45001,329.62,32640
2026-09-03 11:44:00,329.60001,329.82001,329.60001,329.67999,42203
2026-09-03 11:45:00,329.69,329.76001,329.63,329.715,33015
2026-09-03 11:46:00,329.7399,329.88,329.60001,329.61801,41642
2026-09-03 11:47:00,329.60001,329.60999,329.42001,329.52051,30253
2026-09-03 11:48:00,329.54001,329.78,329.53,329.72,37491
2026-09-03 11:49:00,329.73999,329.85001,329.70999,329.73001,26484
2026-09-03 11:50:00,329.70999,329.76001,329.32999,329.41,46965
2026-09-03 11:51:00,329.41,329.54999,329.28,329.45001,40080
2026-09-03 11:52:00,329.44,329.51501,329.32999,329.34,35854
2026-09-03 11:53:00,329.32999,329.47,329.32999,329.44461,30824
2026-09-03 11:54:00,329.44,329.56,329.44,329.54031,31373
2026-09-03 11:55:00,329.54001,329.60001,329.37009,329.375,28151
2026-09-03 11:56:00,329.38989,329.44,329.29999,329.371,30713
2026-09-03 11:57:00,329.38,329.60999,329.38,329.58499,27590
2026-09-03 11:58:00,329.59,329.70001,329.53,329.61499,28907
2026-09-03 11:59:00,329.61499,329.84,329.61349,329.76999,34315
2026-09-03 12:00:00,329.75,329.78,329.595,329.73499,42338
2026-09-03 12:01:00,329.75,329.97989,329.75,329.85501,47978
2026-09-03 12:02:00,329.88,329.94,329.84,329.94,32815
2026-09-03 12:03:00,329.94,330.019989,329.89001,329.92499,72208
2026-09-03 12:04:00,329.92499,329.98999,329.88,329.92001,42424
2026-09-03 12:05:00,329.92001,329.936,329.66,329.67001,41201
2026-09-03 12:06:00,329.66501,329.70001,329.60999,329.64011,37542
2026-09-03 12:07:00,329.64001,329.69,329.45001,329.595,42432
2026-09-03 12:08:00,329.595,329.72,329.57999,329.70499,53161
2026-09-03 12:09:00,329.70999,329.75,329.57001,329.57001,29991
2026-09-03 12:10:00,329.56,329.76001,329.54999,329.73001,37636
2026-09-03 12:11:00,329.73001,329.785,329.44,329.45041,45827
2026-09-03 12:12:00,329.48001,329.76001,329.45999,329.63501,58634
2026-09-03 12:13:00,329.63501,329.95001,329.62,329.785,68628
2026-09-03 12:14:00,329.77499,330.059998,329.77499,330.020203,48913
2026-09-03 12:15:00,330.029999,330.049988,329.95999,330.01001,37137
2026-09-03 12:16:00,330.010101,330.049988,329.84,329.88,39866
2026-09-03 12:17:00,329.875,329.88,329.73999,329.82001,30016
2026-09-03 12:18:00,329.82001,329.82999,329.72501,329.76999,26662
2026-09-03 12:19:00,329.77509,329.82001,329.56,329.64001,50967
2026-09-03 12:20:00,329.64999,329.72501,329.51999,329.70001,62425
2026-09-03 12:21:00,329.70001,329.87,329.68011,329.84,33226
2026-09-03 12:22:00,329.85999,330.14999,329.85999,330.12009,70138
2026-09-03 12:23:00,330.14001,330.57001,330.12,330.53,100404
2026-09-03 12:24:00,330.53,330.57001,330.31061,330.38501,160453
2026-09-03 12:25:00,330.38501,330.41379,330.040009,330.040009,88096
2026-09-03 12:26:00,330.054993,330.069885,329.84,329.95499,46639
2026-09-03 12:27:00,329.97,330.16501,329.95999,330.16501,44001
2026-09-03 12:28:00,330.17001,330.22,330.059998,330.12,50901
2026-09-03 12:29:00,330.11301,330.14999,329.97,330.069885,50761
2026-09-03 12:30:00,330.040009,330.16,329.9841,330.024994,40445
2026-09-03 12:31:00,330.040009,330.089996,329.87,329.98499,60525
2026-09-03 12:32:00,329.98999,330.084991,329.935,330.019989,43284
2026-09-03 12:33:00,330.025085,330.089996,329.95999,330.054993,35774
2026-09-03 12:34:00,330.054993,330.23999,330.019989,330.10999,43386
2026-09-03 12:35:00,330.11499,330.11499,329.70999,329.77499,68063
2026-09-03 12:36:00,329.76999,329.94,329.76999,329.79999,39348
2026-09-03 12:37:00,329.81,329.91501,329.76999,329.89999,28195
2026-09-03 12:38:00,329.905,330.01001,329.85999,329.965,64119
2026-09-03 12:39:00,329.965,330.040009,329.87,329.89999,31897
2026-09-03 12:40:00,329.91,329.95999,329.7832,329.85501,28651
2026-09-03 12:41:00,329.87,329.98999,329.79001,329.95001,29426
2026-09-03 12:42:00,329.94,329.97,329.84,329.88,26596
2026-09-03 12:43:00,329.88,329.89999,329.75,329.85999,27969
2026-09-03 12:44:00,329.8446,329.95999,329.815,329.82999,23529
2026-09-03 12:45:00,329.83499,329.85999,329.45001,329.64001,57194
2026-09-03 12:46:00,329.64499,329.7283,329.42999,329.61459,33694
2026-09-03 12:47:00,329.60501,329.67999,329.5,329.62,38143
2026-09-03 12:48:00,329.64001,329.64001,329.39999,329.42999,33923
2026-09-03 12:49:00,329.42999,329.57541,329.32999,329.42001,40978
2026-09-03 12:50:00,329.39999,329.51511,329.39999,329.51511,20492
2026-09-03 12:51:00,329.5,329.53,329.315,329.36499,33036
2026-09-03 12:52:00,329.35001,329.5,329.32269,329.495,32808
2026-09-03 12:53:00,329.48999,329.48999,329.23999,329.25,32480
2026-09-03 12:54:00,329.25,329.38,329.25,329.315,32377
2026-09-03 12:55:00,329.29501,329.29501,329.12,329.155,28793
2026-09-03 12:56:00,329.15509,329.19,328.97,329.01001,40952
2026-09-03 12:57:00,329.01001,329.17001,328.98721,329.14001,30554
2026-09-03 12:58:00,329.12469,329.17599,329.019989,329.019989,21932
2026-09-03 12:59:00,329.02179,329.059906,328.88,328.94009,42316
2026-09-03 13:00:00,328.948,329.019989,328.89999,328.98499,55825
2026-09-03 13:01:00,328.95999,328.98999,328.72,328.832,30948
2026-09-03 13:02:00,328.845,328.85999,328.47,328.48029,34376
2026-09-03 13:03:00,328.50391,328.625,328.44,328.61499,33263
2026-09-03 13:04:00,328.59821,328.70999,328.59821,328.69,34146
2026-09-03 13:05:00,328.70999,328.78,328.68021,328.70999,37071
2026-09-03 13:06:00,328.70999,328.73999,328.56,328.63,33109
2026-09-03 13:07:00,328.6275,328.72,328.56,328.60001,38188
2026-09-03 13:08:00,328.59,328.63,328.54999,328.60501,28445
2026-09-03 13:09:00,328.60501,328.69,328.5,328.51001,42165
2026-09-03 13:10:00,328.505,328.55499,328.31,328.34,33283
2026-09-03 13:11:00,328.3399,328.3699,328.060089,328.10001,50469
2026-09-03 13:12:00,328.10999,328.2099,328.079987,328.19501,38923
2026-09-03 13:13:00,328.19,328.26999,328.10001,328.17999,41339
2026-09-03 13:14:00,328.16,328.215,328.10999,328.11499,32671
2026-09-03 13:15:00,328.10999,328.28,328.079987,328.26999,29065
2026-09-03 13:16:00,328.28,328.32001,328.10999,328.13,41991
2026-09-03 13:17:00,328.12,328.23999,328.10999,328.14539,27035
2026-09-03 13:18:00,328.12009,328.17001,328.029999,328.14001,32425
2026-09-03 13:19:00,328.14999,328.18991,327.92001,327.97,64584
2026-09-03 13:20:00,327.97,328.040009,327.72,327.75,99170
2026-09-03 13:21:00,327.76001,327.76999,327.57001,327.60001,43425
2026-09-03 13:22:00,327.60999,327.63,327.48001,327.625,49444
2026-09-03 13:23:00,327.62,327.85001,327.52991,327.7225,115692
2026-09-03 13:24:00,327.66,327.78,327.64999,327.66,59636
2026-09-03 13:25:00,327.67999,327.73999,327.60001,327.73001,51119
2026-09-03 13:26:00,327.75,327.75,327.63,327.66,36638
2026-09-03 13:27:00,327.67001,327.79001,327.5,327.59,69450
2026-09-03 13:28:00,327.58499,327.63,327.48001,327.51001,34531
2026-09-03 13:29:00,327.50009,327.82001,327.45001,327.73001,58132
2026-09-03 13:30:00,327.72,327.85999,327.715,327.76999,48102
2026-09-03 13:31:00,327.76999,327.78,327.64001,327.67999,45357
2026-09-03 13:32:00,327.685,327.69,327.61499,327.66,38671
2026-09-03 13:33:00,327.66,328.040009,327.66,327.82999,81343
2026-09-03 13:34:00,327.815,327.89001,327.715,327.75,43677
2026-09-03 13:35:00,327.79001,327.80991,327.6142,327.67609,37289
2026-09-03 13:36:00,327.67499,327.73999,327.51001,327.57999,59669
2026-09-03 13:37:00,327.57999,327.60999,327.41,327.54001,59980
2026-09-03 13:38:00,327.54999,327.54999,327.26001,327.27039,48853
2026-09-03 13:39:00,327.29001,327.32001,327.13,327.215,65231
2026-09-03 13:40:00,327.215,327.23999,326.73999,326.79001,96854
2026-09-03 13:41:00,326.79999,326.94,326.76999,326.89001,57201
2026-09-03 13:42:00,326.8801,326.995,326.75101,326.995,46363
2026-09-03 13:43:00,326.98999,327.01001,326.79999,326.82999,61709
2026-09-03 13:44:00,326.82999,327.049988,326.81,326.92001,41271
2026-09-03 13:45:00,326.91501,326.94,326.83499,326.88,40133
2026-09-03 13:46:00,326.88,326.88,326.67999,326.76999,59780
2026-09-03 13:47:00,326.77011,327.16,326.70001,327.14001,47375
2026-09-03 13:48:00,327.155,327.32001,327.12,327.19559,53970
2026-09-03 13:49:00,327.18951,327.29999,327.10001,327.20541,40964
2026-09-03 13:50:00,327.19501,327.2699,327.089996,327.089996,50451
2026-09-03 13:51:00,327.089996,327.164,327.0401,327.14001,34470
2026-09-03 13:52:00,327.10501,327.16,327.040009,327.040009,34401
2026-09-03 13:53:00,327.035004,327.2099,327.035004,327.079987,30933
2026-09-03 13:54:00,327.070007,327.18741,327.03009,327.13,42667
2026-09-03 13:55:00,327.13,327.16,327.019989,327.1152,43944
2026-09-03 13:56:00,327.12,327.17001,327.065002,327.10501,49879
2026-09-03 13:57:00,327.10999,327.20001,327.044403,327.19,32213
2026-09-03 13:58:00,327.19,327.22379,327.0,327.01001,31948
2026-09-03 13:59:00,327.01001,327.040009,326.84,326.89999,41871
2026-09-03 14:00:00,326.89999,327.25989,326.88,327.14999,82175
2026-09-03 14:01:00,327.14999,327.20001,327.0,327.16,42518
2026-09-03 14:02:00,327.17001,327.26001,327.029999,327.23499,56596
2026-09-03 14:03:00,327.23499,327.35999,327.19,327.22031,81261
2026-09-03 14:04:00,327.23999,327.29001,327.12009,327.13501,14573
2026-09-03 14:05:00,327.27499,327.29999,327.25,327.26501,101654
2026-09-03 14:06:00,327.28,327.345,327.155,327.17001,49402
2026-09-03 14:07:00,327.17499,327.2001,327.029999,327.1091,37819
2026-09-03 14:08:00,327.10989,327.12961,327.095001,327.12961,1080
2026-09-03 14:09:00,327.11,327.315,327.09,327.25,2083
2026-09-03 14:10:00,327.185,327.215,327.17001,327.19501,135424
2026-09-03 14:11:00,327.19,327.34,327.19,327.29001,25760
2026-09-03 14:12:00,327.43991,327.43991,327.2901,327.36499,63443
2026-09-03 14:13:00,327.36499,327.47,327.31,327.35999,54395
2026-09-03 14:14:00,327.35019,327.44,327.29001,327.32999,46385
2026-09-03 14:15:00,327.32501,327.56,327.32501,327.51999,49116
2026-09-03 14:16:00,327.51001,327.54999,327.34,327.35001,43125
2026-09-03 14:17:00,327.35001,327.44,327.28,327.44,51124
2026-09-03 14:18:00,327.45001,327.45001,327.30011,327.38,33761
2026-09-03 14:19:00,327.39001,327.42499,327.20801,327.21741,33752
2026-09-03 14:20:00,327.22,327.23999,327.12,327.155,48693
2026-09-03 14:21:00,327.14001,327.25,327.13,327.20999,32938
2026-09-03 14:22:00,327.22009,327.25,327.10999,327.1712,41113
2026-09-03 14:23:00,327.17599,327.22,326.94,326.95999,45997
2026-09-03 14:24:00,326.95999,327.01001,326.92001,326.9502,44083
2026-09-03 14:25:00,326.97751,327.17999,326.97501,327.14011,39769
2026-09-03 14:26:00,327.14001,327.1636,327.029999,327.049988,30473
2026-09-03 14:27:00,327.029999,327.070007,326.92001,327.029999,39665
2026-09-03 14:28:00,327.019989,327.068909,326.98999,327.054993,41126
2026-09-03 14:29:00,327.049988,327.155,327.0,327.12,59660
2026-09-03 14:30:00,327.14499,327.17001,327.01001,327.01001,37877
2026-09-03 14:31:00,327.019989,327.13,326.98999,327.10501,41406
2026-09-03 14:32:00,327.10999,327.17001,327.094604,327.14001,39969
2026-09-03 14:33:00,327.13501,327.20001,327.13501,327.20001,27667
2026-09-03 14:34:00,327.19501,327.25,327.17999,327.23999,35573
2026-09-03 14:35:00,327.23999,327.29001,327.12009,327.14999,43330
2026-09-03 14:36:00,327.14999,327.20001,327.125,327.15891,26668
2026-09-03 14:37:00,327.14999,327.15991,327.029999,327.029999,31698
2026-09-03 14:38:00,327.03009,327.17001,327.03009,327.054993,82608
2026-09-03 14:39:00,327.059998,327.23999,327.054993,327.16,70609
2026-09-03 14:40:00,327.17999,327.17999,327.0,327.019989,37111
2026-09-03 14:41:00,327.035004,327.059998,326.95001,326.98999,25243
2026-09-03 14:42:00,327.029999,327.049988,326.92999,326.95001,70439
2026-09-03 14:43:00,326.95001,327.16,326.95001,327.10999,252866
2026-09-03 14:44:00,327.12,327.17999,326.86499,326.89511,53635
2026-09-03 14:45:00,326.87,326.89999,326.72,326.87,159335
2026-09-03 14:46:00,326.89999,326.95999,326.60999,326.67999,85843
2026-09-03 14:47:00,326.70499,326.7973,326.51001,326.78201,89332
2026-09-03 14:48:00,326.78,326.94,326.76001,326.87,52179
2026-09-03 14:49:00,326.87,326.87,326.73001,326.79001,42170
2026-09-03 14:50:00,326.78,326.94,326.685,326.69501,55103
2026-09-03 14:51:00,326.70001,326.73999,326.57999,326.595,37620
2026-09-03 14:52:00,326.60999,326.75989,326.57001,326.73001,39295
2026-09-03 14:53:00,326.755,327.0,326.70999,326.98499,53541
2026-09-03 14:54:00,326.98499,327.019989,326.89499,326.94501,54470
2026-09-03 14:55:00,326.94589,326.98001,326.73001,326.76001,49218
2026-09-03 14:56:00,326.7699,326.97,326.75,326.90939,42338
2026-09-03 14:57:00,326.89001,326.91,326.82999,326.88,32698
2026-09-03 14:58:00,326.89001,326.95499,326.85999,326.95001,37313
2026-09-03 14:59:00,326.95001,327.26001,326.94,327.19,67004
2026-09-03 15:00:00,327.20001,327.23499,327.049988,327.1601,42619
2026-09-03 15:01:00,327.12,327.28,327.12,327.25,18278
2026-09-03 15:02:00,327.27179,327.34991,327.21011,327.245,29682
2026-09-03 15:03:00,327.245,327.39999,327.22,327.34,66562
2026-09-03 15:04:00,327.32001,327.32001,327.10001,327.26999,34220
2026-09-03 15:05:00,327.29001,327.31,327.20001,327.23999,37484
2026-09-03 15:06:00,327.25,327.42001,327.25,327.41,37544
2026-09-03 15:07:00,327.405,327.47,327.38,327.47,49838
2026-09-03 15:08:00,327.45999,327.54999,327.42999,327.52051,48120
2026-09-03 15:09:00,327.535,327.63989,327.42999,327.48001,72790
2026-09-03 15:10:00,327.48499,327.51001,327.39001,327.42001,40945
2026-09-03 15:11:00,327.41,327.51001,327.39999,327.51001,32607
2026-09-03 15:12:00,327.5,327.57999,327.44,327.565,49340
2026-09-03 15:13:00,327.56009,327.59,327.41,327.44739,58985
2026-09-03 15:14:00,327.45001,327.5,327.34,327.35001,32145
2026-09-03 15:15:00,327.34,327.3699,327.25,327.34,44443
2026-09-03 15:16:00,327.34,327.54999,327.34,327.526,37205
2026-09-03 15:17:00,327.52499,327.54001,327.48999,327.48999,39311
2026-09-03 15:18:00,327.48499,327.56,327.45999,327.51999,50580
2026-09-03 15:19:00,327.51001,327.59,327.44501,327.53,51955
2026-09-03 15:20:00,327.53,327.56,327.45279,327.505,47017
2026-09-03 15:21:00,327.5,327.55499,327.41,327.55499,50078
2026-09-03 15:22:00,327.54001,327.57001,327.44,327.5575,44551
2026-09-03 15:23:00,327.54999,327.55499,327.4375,327.54999,33386
2026-09-03 15:24:00,327.56,327.60999,327.42001,327.51001,49767
2026-09-03 15:25:00,327.51001,327.63,327.5,327.5755,54563
2026-09-03 15:26:00,327.57501,327.73001,327.57501,327.73001,59142
2026-09-03 15:27:00,327.73001,327.79001,327.70999,327.76999,48108
2026-09-03 15:28:00,327.77499,327.84,327.67999,327.77499,68932
2026-09-03 15:29:00,327.77499,327.83011,327.72,327.79501,61952
2026-09-03 15:30:00,327.79001,327.79001,327.56009,327.57501,81409
2026-09-03 15:31:00,327.59,327.66,327.59,327.60001,39858
2026-09-03 15:32:00,327.60501,327.62,327.51001,327.56,47302
2026-09-03 15:33:00,327.565,327.59,327.42999,327.44501,60055
2026-09-03 15:34:00,327.44501,327.5874,327.41,327.56799,40786
2026-09-03 15:35:00,327.57001,327.70999,327.53891,327.65829,45559
2026-09-03 15:36:00,327.64001,327.66,327.51999,327.57501,38281
2026-09-03 15:37:00,327.57559,327.70001,327.55499,327.70001,58122
2026-09-03 15:38:00,327.69501,327.72,327.63501,327.63501,43452
2026-09-03 15:39:00,327.63501,327.64001,327.47,327.51001,53679
2026-09-03 15:40:00,327.51999,327.64999,327.45001,327.48999,80639
2026-09-03 15:41:00,327.4895,327.64001,327.4895,327.535,44953
2026-09-03 15:42:00,327.51999,327.67001,327.48999,327.67001,80429
2026-09-03 15:43:00,327.655,327.81,327.64001,327.785,77856
2026-09-03 15:44:00,327.78,327.85001,327.72,327.7836,61455
2026-09-03 15:45:00,327.79999,328.029907,327.79001,327.87,113407
2026-09-03 15:46:00,327.85999,328.14999,327.85999,328.14999,100769
2026-09-03 15:47:00,328.15759,328.20999,327.95001,328.059998,55194
2026-09-03 15:48:00,328.049988,328.14999,328.030609,328.14499,62325
2026-09-03 15:49:00,328.14499,328.20001,328.01001,328.014496,60522
2026-09-03 15:50:00,328.029999,328.25,327.76001,327.785,112992
2026-09-03 15:51:00,327.76999,327.92001,327.72,327.88779,63208
2026-09-03 15:52:00,327.88,328.19,327.87,328.155,67028
2026-09-03 15:53:00,328.14999,328.32001,328.13,328.185,111418
2026-09-03 15:54:00,328.185,328.84,328.185,328.62,306750
2026-09-03 15:55:00,328.63,328.76999,328.38,328.47,225874
2026-09-03 15:56:00,328.47501,328.47501,328.01001,328.029999,184892
2026-09-03 15:57:00,328.029999,328.17001,327.995,328.10999,257720
2026-09-03 15:58:00,328.10999,328.20001,327.98999,328.079987,383776
2026-09-03 15:59:00,328.070007,328.23999,327.98999,328.20999,571525
2026-09-04 09:30:00,328.30499,328.89999,327.46259,328.019989,1105409
2026-09-04 09:31:00,328.049988,328.43359,327.070007,327.13501,112565
2026-09-04 09:32:00,327.13,328.92999,327.10501,328.34,300204
2026-09-04 09:33:00,328.39999,328.47,327.29001,327.29001,106800
2026-09-04 09:34:00,327.31,327.85001,327.019989,327.17999,116988
2026-09-04 09:35:00,327.14999,327.14999,326.20999,326.54501,189884
2026-09-04 09:36:00,326.54001,326.75,325.54999,325.76999,201065
2026-09-04 09:37:00,325.73999,326.28,325.345,325.66501,168437
2026-09-04 09:38:00,325.69,326.87,325.68021,326.87,112324
2026-09-04 09:39:00,326.84,326.87,326.16,326.29999,103719
2026-09-04 09:40:00,326.23001,326.23001,325.57999,325.815,98736
2026-09-04 09:41:00,325.79001,325.85001,325.38,325.73999,102479
2026-09-04 09:42:00,325.63,325.63,324.42001,324.54001,253499
2026-09-04 09:43:00,324.51001,324.88,324.28,324.76001,101048
2026-09-04 09:44:00,324.745,325.040009,324.53,324.82001,106433
2026-09-04 09:45:00,324.89001,324.89001,324.1301,324.22,124071
2026-09-04 09:46:00,324.26501,324.41,323.92001,324.28,139275
2026-09-04 09:47:00,324.29501,324.56989,323.57001,323.63501,157019
2026-09-04 09:48:00,323.62,324.20999,323.47,324.019989,112867
2026-09-04 09:49:00,324.035004,324.16,323.87659,323.935,93261
2026-09-04 09:50:00,323.88199,324.23001,323.54001,323.84,224214
2026-09-04 09:51:00,323.84,323.8999,323.12,323.42001,221434
2026-09-04 09:52:00,323.42001,323.76001,323.059998,323.63501,133832
2026-09-04 09:53:00,323.63501,323.98999,323.52499,323.595,141921
2026-09-04 09:54:00,323.57001,324.26501,323.57001,324.2099,128881
2026-09-04 09:55:00,324.185,324.185,323.38,323.42999,98344
2026-09-04 09:56:00,323.41501,323.845,323.14999,323.595,120200
2026-09-04 09:57:00,323.60001,323.89999,323.45001,323.78,62228
2026-09-04 09:58:00,323.79001,323.89999,323.51999,323.57001,63615
2026-09-04 09:59:00,323.56,323.81,323.44501,323.69501,155051
2026-09-04 10:00:00,323.62,323.66,322.92999,322.98999,235539
2026-09-04 10:01:00,322.98001,323.023499,322.67999,322.70999,119539
2026-09-04 10:02:00,322.7326,323.13,322.67999,322.99991,109873
2026-09-04 10:03:00,322.9368,323.16,322.84,322.92499,132732
2026-09-04 10:04:00,322.88,323.14001,322.88,323.070007,74364
2026-09-04 10:05:00,323.089996,323.20001,322.60001,322.73599,87889
2026-09-04 10:06:00,322.73001,322.935,322.67999,322.88501,62754
2026-09-04 10:07:00,322.85999,322.92999,322.63,322.70001,66953
2026-09-04 10:08:00,322.66281,322.84799,322.45001,322.80499,88582
2026-09-04 10:09:00,322.76999,322.82339,322.66,322.7009,45468
2026-09-04 10:10:00,322.67999,322.67999,321.67999,321.69501,273200
2026-09-04 10:11:00,321.72,321.85999,321.57001,321.57999,174130
2026-09-04 10:12:00,321.57001,321.85989,321.48001,321.84201,171303
2026-09-04 10:13:00,321.84,321.89999,321.405,321.44,117933
2026-09-04 10:14:00,321.46671,321.57501,321.20999,321.20999,164387
2026-09-04 10:15:00,321.21609,321.89001,321.10001,321.76001,160518
2026-09-04 10:16:00,321.75,321.85999,321.54999,321.70999,113348
2026-09-04 10:17:00,321.67999,321.70001,321.53,321.56,99945
2026-09-04 10:18:00,321.54501,321.7196,321.48999,321.59009,112164
2026-09-04 10:19:00,321.60001,321.64001,321.47,321.59,102849
2026-09-04 10:20:00,321.59,321.66,321.32111,321.35999,119720
2026-09-04 10:21:00,321.39771,321.52499,321.35001,321.41,122612
2026-09-04 10:22:00,321.39999,321.60001,321.35001,321.45001,171511
2026-09-04 10:23:00,321.45001,321.60251,321.37,321.48001,187628
2026-09-04 10:24:00,321.45999,321.51501,321.19,321.23999,142371
2026-09-04 10:25:00,321.25,321.32999,321.10001,321.17999,116268
2026-09-04 10:26:00,321.185,321.20001,320.85001,320.935,172463
2026-09-04 10:27:00,320.92999,320.98001,320.63,320.67001,165173
2026-09-04 10:28:00,320.66,320.78,320.44,320.70001,211819
2026-09-04 10:29:00,320.70999,320.91501,320.64499,320.70999,124228
2026-09-04 10:30:00,320.70999,321.075012,320.67499,320.98001,153049
2026-09-04 10:31:00,320.94,321.029999,320.76001,321.0,179913
2026-09-04 10:32:00,320.965,320.97501,320.76999,320.79999,74199
2026-09-04 10:33:00,320.79001,320.9267,320.76001,320.87,104481
2026-09-04 10:34:00,320.8999,320.89999,320.72009,320.88,79395
2026-09-04 10:35:00,320.88,321.029999,320.81,321.02179,90565
2026-09-04 10:36:00,321.019989,321.16,320.87,320.9006,119874
2026-09-04 10:37:00,320.91,321.024994,320.79501,321.024994,61383
2026-09-04 10:38:00,321.01001,321.01001,320.84,320.88,80582
2026-09-04 10:39:00,320.88501,320.89999,320.66,320.67999,87215
2026-09-04 10:40:00,320.67001,320.67001,320.14999,320.48999,125109
2026-09-04 10:41:00,320.48001,320.63,320.44,320.51999,110399
2026-09-04 10:42:00,320.48999,320.63,320.22,320.26501,73041
2026-09-04 10:43:00,320.28,320.39911,320.037994,320.089996,89119
2026-09-04 10:44:00,320.089996,320.16,319.88,320.029999,237170
2026-09-04 10:45:00,320.040009,320.10999,319.92001,320.089996,75451
2026-09-04 10:46:00,320.095001,320.23001,319.97501,320.070007,80112
2026-09-04 10:47:00,320.079987,320.12,319.95001,320.049988,79666
2026-09-04 10:48:00,320.049988,320.12,319.95999,320.10999,118138
2026-09-04 10:49:00,320.12,320.15991,319.88,320.095001,103995
2026-09-04 10:50:00,320.095001,320.10001,319.73001,319.875,112360
2026-09-04 10:51:00,319.89001,319.98999,319.47,319.5,107812
2026-09-04 10:52:00,319.51001,319.7262,319.5,319.64001,84348
2026-09-04 10:53:00,319.63,319.64001,319.35999,319.38,76444
2026-09-04 10:54:00,319.37009,319.37009,318.97,318.98001,177352
2026-09-04 10:55:00,318.98001,319.070007,318.89999,318.92542,101658
2026-09-04 10:56:00,318.91,318.97,318.60999,318.73999,161367
2026-09-04 10:57:00,318.73999,318.94,318.69,318.80499,127153
2026-09-04 10:58:00,318.78,318.845,318.59,318.66,93075
2026-09-04 10:59:00,318.67001,318.67001,318.29999,318.44,136514
2026-09-04 11:00:00,318.44,318.59,318.25,318.26001,127148
2026-09-04 11:01:00,318.27499,318.42001,318.20999,318.26999,126906
2026-09-04 11:02:00,318.26001,318.26001,317.85999,317.94,176144
2026-09-04 11:03:00,317.94,318.26001,317.88,318.155,108808
2026-09-04 11:04:00,318.155,318.64001,318.155,318.59,230118
2026-09-04 11:05:00,318.57001,318.91,318.45001,318.88,136216
2026-09-04 11:06:00,318.85001,318.89001,318.63,318.82501,129248
2026-09-04 11:07:00,318.84,318.92001,318.621,318.681,146394
2026-09-04 11:08:00,318.70999,318.85501,318.64499,318.7995,55226
2026-09-04 11:09:00,318.79501,318.97321,318.79501,318.94,102102
2026-09-04 11:10:00,318.94,318.95999,318.76001,318.83499,91247
2026-09-04 11:11:00,318.83499,319.040009,318.81,318.91,114763
2026-09-04 11:12:00,318.91071,319.17999,318.82999,319.17001,89544
2026-09-04 11:13:00,319.1821,319.39999,319.14999,319.34,113555
2026-09-04 11:14:00,319.35001,319.39999,319.17001,319.285,92931
2026-09-04 11:15:00,319.285,319.41,319.16071,319.17499,97492
2026-09-04 11:16:00,319.17499,319.29999,319.070007,319.20999,70047
2026-09-04 11:17:00,319.20999,319.2399,318.97009,319.0050049,86262
2026-09-04 11:18:00,319.0,319.14001,318.82999,318.91501,86442
2026-09-04 11:19:00,318.89859,318.89859,318.67999,318.79999,87864
2026-09-04 11:20:00,318.80569,318.81039,318.57001,318.73999,70140
2026-09-04 11:21:00,318.73001,318.91,318.72,318.80161,65466
2026-09-04 11:22:00,318.82999,319.040009,318.81,319.0,38839
2026-09-04 11:23:00,319.0,319.019989,318.76001,319.0,87722
2026-09-04 11:24:00,318.97,319.14001,318.965,319.14001,53118
2026-09-04 11:25:00,319.10999,319.10999,318.95001,319.019989,59182
2026-09-04 11:26:00,319.019989,319.10999,318.98001,319.019989,32612
2026-09-04 11:27:00,319.015015,319.20001,318.931,319.14499,84765
2026-09-04 11:28:00,319.14999,319.32001,319.13501,319.25201,63142
2026-09-04 11:29:00,319.26001,319.51001,319.20001,319.47,102413
2026-09-04 11:30:00,319.47,319.5,319.27499,319.29001,78946
2026-09-04 11:31:00,319.29999,319.37,319.22659,319.26001,47284
2026-09-04 11:32:00,319.255,319.48999,319.10999,319.47,80897
2026-09-04 11:33:00,319.47,319.64001,319.39999,319.62,87529
2026-09-04 11:34:00,319.63141,319.67001,319.48999,319.63,115476
2026-09-04 11:35:00,319.60999,319.87,319.608,319.70001,94933
2026-09-04 11:36:00,319.70999,319.94,319.70001,319.88,62704
2026-09-04 11:37:00,319.89001,320.070007,319.8504,319.99011,95323
2026-09-04 11:38:00,319.98999,320.13,319.98999,320.079987,92763
2026-09-04 11:39:00,320.079193,320.079193,319.85001,319.92499,74685
2026-09-04 11:40:00,319.92001,320.10001,319.91,320.045013,70067
2026-09-04 11:41:00,320.0401,320.23001,319.95999,320.20999,96287
2026-09-04 11:42:00,320.21011,320.435,320.16501,320.42499,59825
2026-09-04 11:43:00,320.41501,320.57999,320.32001,320.56641,95777
2026-09-04 11:44:00,320.54999,320.59,320.31,320.34,100918
2026-09-04 11:45:00,320.32999,320.375,320.16,320.375,62738
2026-09-04 11:46:00,320.35999,320.4599,320.31,320.42001,37494
2026-09-04 11:47:00,320.39999,320.42499,320.19,320.38501,61438
2026-09-04 11:48:00,320.39001,320.47501,320.35001,320.40131,42859
2026-09-04 11:49:00,320.41501,320.45001,320.35001,320.435,48630
2026-09-04 11:50:00,320.44,320.78,320.42001,320.72,87290
2026-09-04 11:51:00,320.73499,320.97,320.72211,320.89499,94728
2026-09-04 11:52:00,320.89999,321.049988,320.73001,321.019989,93876
2026-09-04 11:53:00,321.01001,321.23999,320.98001,321.19,115322
2026-09-04 11:54:00,321.17999,321.22989,320.98001,321.0,83886
2026-09-04 11:55:00,321.01001,321.19,320.98001,321.089996,52575
2026-09-04 11:56:00,321.079987,321.084991,320.82001,320.98001,82456
2026-09-04 11:57:00,320.97009,321.2099,320.89999,321.14499,64382
2026-09-04 11:58:00,321.14001,321.17999,320.89001,321.079987,69097
2026-09-04 11:59:00,321.089996,321.28,320.93829,321.01001,105345
2026-09-04 12:00:00,321.024994,321.040009,320.70999,320.93109,83003
2026-09-04 12:01:00,320.931,320.95999,320.70999,320.85999,52953
2026-09-04 12:02:00,320.88,320.98999,320.81,320.98001,49855
2026-09-04 12:03:00,320.98001,321.040009,320.85999,320.98999,41489
2026-09-04 12:04:00,320.98999,321.125,320.92911,321.0,59790
2026-09-04 12:05:00,321.0,321.12,320.91,320.92999,49142
2026-09-04 12:06:00,320.94,320.97,320.66,320.715,86912
2026-09-04 12:07:00,320.72501,320.9299,320.66,320.91,39675
2026-09-04 12:08:00,320.905,321.13,320.89001,321.059998,52239
2026-09-04 12:09:00,321.070007,321.095001,320.97,321.029907,41575
2026-09-04 12:10:00,321.019989,321.10001,320.95499,321.065002,23397
2026-09-04 12:11:00,321.079987,321.12,321.019989,321.1199,99439
2026-09-04 12:12:00,321.11499,321.19,321.070007,321.1066,53083
2026-09-04 12:13:00,321.11499,321.26901,321.11499,321.20001,73263
2026-09-04 12:14:00,321.20001,321.20999,320.94,321.049896,52780
2026-09-04 12:15:00,321.040009,321.070007,321.0,321.054993,36217
2026-09-04 12:16:00,321.059998,321.065002,320.63,320.9053,69815
2026-09-04 12:17:00,320.88501,321.14999,320.87,321.089996,36487
2026-09-04 12:18:00,321.12,321.26999,321.049988,321.185,65609
2026-09-04 12:19:00,321.17001,321.32001,321.15341,321.26999,67830
2026-09-04 12:20:00,321.25061,321.32919,320.94009,320.95999,76057
2026-09-04 12:21:00,320.95499,320.95499,320.75,320.88,47991
2026-09-04 12:22:00,320.87,321.019989,320.8501,321.019989,39056
2026-09-04 12:23:00,321.015015,321.25,320.97101,321.20999,44350
2026-09-04 12:24:00,321.20999,321.25,320.92999,320.97,43019
2026-09-04 12:25:00,320.965,320.97,320.75,320.84,39551
2026-09-04 12:26:00,320.845,320.97,320.79999,320.97,48038
2026-09-04 12:27:00,320.965,320.98999,320.79001,320.87,47754
2026-09-04 12:28:00,320.87,320.87,320.54001,320.62,60488
2026-09-04 12:29:00,320.62,320.70999,320.42001,320.5,71841
2026-09-04 12:30:00,320.5174,320.70999,320.4101,320.70999,51479
2026-09-04 12:31:00,320.70999,320.79001,320.60999,320.79001,46070
2026-09-04 12:32:00,320.80499,321.024994,320.79001,320.98999,40648
2026-09-04 12:33:00,320.98999,321.13,320.97,321.049988,40421
2026-09-04 12:34:00,321.054993,321.13,321.029999,321.1001,34678
2026-09-04 12:35:00,321.10001,321.14001,320.95801,321.08551,50867
2026-09-04 12:36:00,321.090088,321.1001,320.89999,320.92001,30983
2026-09-04 12:37:00,320.94,321.01001,320.82999,320.905,32682
2026-09-04 12:38:00,320.905,320.905,320.73001,320.79999,33526
2026-09-04 12:39:00,320.80011,320.91,320.79999,320.89499,35873
2026-09-04 12:40:00,320.88,321.054993,320.8605,321.049988,30532
2026-09-04 12:41:00,321.054993,321.059998,320.75,320.76999,38727
2026-09-04 12:42:00,320.79001,320.82141,320.73001,320.785,40524
2026-09-04 12:43:00,320.79999,320.88,320.7001,320.78,37298
2026-09-04 12:44:00,320.79001,320.94,320.75,320.84,42471
2026-09-04 12:45:00,320.85001,321.019989,320.85001,320.87,42189
2026-09-04 12:46:00,320.88,320.94989,320.77011,320.845,34653
2026-09-04 12:47:00,320.84,321.049988,320.84,321.045013,40127
2026-09-04 12:48:00,321.03009,321.049988,320.98001,321.0,33893
2026-09-04 12:49:00,321.01001,321.019989,320.91599,320.98001,44508
2026-09-04 12:50:00,320.98999,321.070007,320.82001,320.92499,36071
2026-09-04 12:51:00,320.92999,321.035004,320.91501,321.01001,50564
2026-09-04 12:52:00,321.0,321.10001,320.95999,321.054993,45587
2026-09-04 12:53:00,321.059998,321.20001,321.040009,321.10501,43835
2026-09-04 12:54:00,321.10999,321.23999,321.059998,321.075012,34963
2026-09-04 12:55:00,321.075012,321.17999,320.95999,321.17749,41298
2026-09-04 12:56:00,321.19,321.20001,321.09201,321.10699,43184
2026-09-04 12:57:00,321.14001,321.20999,321.040405,321.079987,34208
2026-09-04 12:58:00,321.075012,321.185,321.075012,321.14999,35895
2026-09-04 12:59:00,321.16,321.17499,321.01001,321.029999,25144
2026-09-04 13:00:00,321.045013,321.22009,321.045013,321.17001,34859
2026-09-04 13:01:00,321.16,321.20001,321.079987,321.17999,29362
2026-09-04 13:02:00,321.17499,321.17999,320.98499,321.049988,32231
2026-09-04 13:03:00,321.049988,321.070007,320.97,321.054993,26720
2026-09-04 13:04:00,321.059998,321.059998,320.96011,320.96011,27046
2026-09-04 13:05:00,320.995,321.079987,320.92999,320.98499,36825
2026-09-04 13:06:00,320.98999,321.019989,320.92999,321.0050049,18323
2026-09-04 13:07:00,321.0039978,321.34,321.0039978,321.2789,66208
2026-09-04 13:08:00,321.28,321.42999,321.28,321.36011,58541
2026-09-04 13:09:00,321.38,321.59,321.22601,321.37991,87691
2026-09-04 13:10:00,321.35999,321.51001,321.315,321.4198,112295
2026-09-04 13:11:00,321.42499,321.51001,321.35999,321.35999,45279
2026-09-04 13:12:00,321.35999,321.54999,321.35001,321.54999,41623
2026-09-04 13:13:00,321.54999,321.5705,321.42999,321.48499,53186
2026-09-04 13:14:00,321.48499,321.5,321.17499,321.2092,69148
2026-09-04 13:15:00,321.2005,321.37,321.19009,321.2999,26817
2026-09-04 13:16:00,321.28,321.45999,321.23001,321.44501,42632
2026-09-04 13:17:00,321.44,321.60999,321.37,321.60001,50674
2026-09-04 13:18:00,321.60001,321.64001,321.565,321.60999,33088
2026-09-04 13:19:00,321.60001,321.64999,321.48001,321.56799,39187
2026-09-04 13:20:00,321.56,321.89999,321.51999,321.8801,114443
2026-09-04 13:21:00,321.88,321.884,321.62,321.73999,62353
2026-09-04 13:22:00,321.72,321.85999,321.67999,321.845,72846
2026-09-04 13:23:00,321.84,321.89999,321.78,321.89499,52195
2026-09-04 13:24:00,321.89029,321.89999,321.76001,321.76999,36432
2026-09-04 13:25:00,321.79001,321.79001,321.54999,321.64999,77287
2026-09-04 13:26:00,321.64001,321.685,321.58099,321.67001,36905
2026-09-04 13:27:00,321.66,321.79001,321.61499,321.72,30111
2026-09-04 13:28:00,321.73001,321.81,321.67999,321.73999,35232
2026-09-04 13:29:00,321.73999,321.75989,321.56,321.685,31700
2026-09-04 13:30:00,321.67999,321.67999,321.35001,321.44901,64660
2026-09-04 13:31:00,321.44501,321.45999,321.34,321.35001,41799
2026-09-04 13:32:00,321.35001,321.405,321.29001,321.341,39566
2026-09-04 13:33:00,321.345,321.42999,321.19009,321.20889,38146
2026-09-04 13:34:00,321.19,321.20001,321.054993,321.14999,40106
2026-09-04 13:35:00,321.17001,321.28,321.019989,321.26999,43484
2026-09-04 13:36:00,321.23001,321.26999,321.14999,321.17001,29829
2026-09-04 13:37:00,321.16989,321.22,321.10001,321.10001,22425
2026-09-04 13:38:00,321.095001,321.16,320.89999,320.92499,42732
2026-09-04 13:39:00,320.92499,321.0098877,320.88,320.98999,34102
2026-09-04 13:40:00,320.98999,320.98999,320.82999,320.95001,29187
2026-09-04 13:41:00,320.95001,320.9574,320.78,320.83499,46305
2026-09-04 13:42:00,320.85001,320.87,320.73999,320.84,26610
2026-09-04 13:43:00,320.84,320.91501,320.82501,320.9046,22775
2026-09-04 13:44:00,320.905,321.049988,320.875,320.965,41207
2026-09-04 13:45:00,320.95999,321.12,320.92999,321.089996,34970
2026-09-04 13:46:00,321.112,321.25201,321.10999,321.23001,50294
2026-09-04 13:47:00,321.23029,321.44,321.12,321.125,71672
2026-09-04 13:48:00,321.17001,321.26999,321.030701,321.089996,62038
2026-09-04 13:49:00,321.089996,321.17001,321.0401,321.070007,23279
2026-09-04 13:50:00,321.059998,321.16,321.045013,321.070007,29317
2026-09-04 13:51:00,321.065002,321.079987,320.91,320.98001,24165
2026-09-04 13:52:00,320.98001,321.10999,320.97,321.045013,22791
2026-09-04 13:53:00,321.049988,321.079987,320.98999,321.035004,21797
2026-09-04 13:54:00,321.040009,321.059906,320.93011,320.965,26656
2026-09-04 13:55:00,320.965,321.049988,320.91,321.029999,27375
2026-09-04 13:56:00,321.03009,321.040009,320.97821,320.97821,14915
2026-09-04 13:57:00,320.98499,320.98999,320.88,320.95001,23069
2026-09-04 13:58:00,320.95251,321.10001,320.94,321.040009,35143
2026-09-04 13:59:00,321.024994,321.059998,320.9501,321.015015,25445
2026-09-04 14:00:00,321.019989,321.17001,320.98001,321.16989,26950
2026-09-04 14:01:00,321.16501,321.16501,320.92999,321.019989,48629
2026-09-04 14:02:00,321.029999,321.125,321.0,321.075012,28681
2026-09-04 14:03:00,321.079987,321.17001,321.01001,321.17001,22596
2026-09-04 14:04:00,321.17499,321.17999,321.054993,321.155,28141
2026-09-04 14:05:00,321.16,321.16,321.049988,321.077515,34898
2026-09-04 14:06:00,321.075012,321.16,321.019989,321.10001,29229
2026-09-04 14:07:00,321.10721,321.16,321.089996,321.14001,17943
2026-09-04 14:08:00,321.13501,321.20001,321.082001,321.185,39253
2026-09-04 14:09:00,321.19,321.22501,321.13,321.1423,30877
2026-09-04 14:10:00,321.1499,321.23999,321.14001,321.22009,20225
2026-09-04 14:11:00,321.22,321.2399,321.16,321.215,42497
2026-09-04 14:12:00,321.20999,321.28,321.16,321.25,30785
2026-09-04 14:13:00,321.23999,321.26501,321.20999,321.26001,25291
2026-09-04 14:14:00,321.25,321.31,321.22,321.26999,26008
2026-09-04 14:15:00,321.26999,321.31,321.079987,321.1001,41826
2026-09-04 14:16:00,321.10999,321.1561,321.0,321.0,26381
2026-09-04 14:17:00,321.019989,321.13,320.95999,321.029999,26603
2026-09-04 14:18:00,321.035004,321.059998,320.91,320.97891,27555
2026-09-04 14:19:00,320.95999,321.019989,320.94,320.97,23812
2026-09-04 14:20:00,320.95999,321.029999,320.88,321.029999,34025
2026-09-04 14:21:00,321.020111,321.070007,321.0,321.045013,18933
2026-09-04 14:22:00,321.040009,321.23001,321.015015,321.17499,37031
2026-09-04 14:23:00,321.17499,321.25,321.16,321.19,47105
2026-09-04 14:24:00,321.19501,321.26001,321.17999,321.20499,24706
2026-09-04 14:25:00,321.20001,321.29999,321.17499,321.19501,29758
2026-09-04 14:26:00,321.2001,321.22,321.079987,321.12991,27483
2026-09-04 14:27:00,321.125,321.13,320.97,321.019989,37083
2026-09-04 14:28:00,321.019989,321.049988,320.97,320.97,21558
2026-09-04 14:29:00,320.95999,320.97,320.87,320.88,25883
2026-09-04 14:30:00,320.88,321.029999,320.85999,320.98999,24240
2026-09-04 14:31:00,321.0,321.070007,320.98499,321.05011,24020
2026-09-04 14:32:00,321.059998,321.095001,320.98001,321.084991,28496
2026-09-04 14:33:00,321.089996,321.20001,321.089996,321.14999,48042
2026-09-04 14:34:00,321.14999,321.1774,320.97,321.065002,37657
2026-09-04 14:35:00,321.059998,321.084991,321.0,321.029999,24293
2026-09-04 14:36:00,321.019989,321.079987,321.0,321.059998,16869
2026-09-04 14:37:00,321.059998,321.10001,320.98001,321.10001,27346
2026-09-04 14:38:00,321.10001,321.14999,321.03009,321.11499,20278
2026-09-04 14:39:00,321.12,321.23001,321.049988,321.22501,26755
2026-09-04 14:40:00,321.22501,321.29999,321.19,321.2851,47444
2026-09-04 14:41:00,321.28,321.32999,321.079987,321.20499,41965
2026-09-04 14:42:00,321.20999,321.32999,321.20999,321.31,32573
2026-09-04 14:43:00,321.31009,321.34,321.26001,321.31,17433
2026-09-04 14:44:00,321.315,321.3613,321.2475,321.35001,50679
2026-09-04 14:45:00,321.35501,321.505,321.32999,321.43469,36614
2026-09-04 14:46:00,321.44,321.51001,321.41,321.45499,49920
2026-09-04 14:47:00,321.45499,321.57999,321.44821,321.54999,45207
2026-09-04 14:48:00,321.565,321.70999,321.55011,321.67999,79453
2026-09-04 14:49:00,321.68011,321.70001,321.62,321.65799,47941
2026-09-04 14:50:00,321.66891,321.66891,321.38,321.47501,50103
2026-09-04 14:51:00,321.4899,321.5654,321.47,321.535,26477
2026-09-04 14:52:00,321.535,321.55499,321.48001,321.55011,28586
2026-09-04 14:53:00,321.565,321.64001,321.54501,321.61499,23742
2026-09-04 14:54:00,321.61499,321.69,321.5701,321.64499,33157
2026-09-04 14:55:00,321.64499,321.82999,321.64499,321.785,104722
2026-09-04 14:56:00,321.81,321.82001,321.66,321.67001,68642
2026-09-04 14:57:00,321.67499,321.70999,321.64011,321.66,40859
2026-09-04 14:58:00,321.67001,321.70499,321.57999,321.61499,25332
2026-09-04 14:59:00,321.62,321.67001,321.5502,321.66501,20546
2026-09-04 15:00:00,321.66,321.82999,321.625,321.66989,45040
2026-09-04 15:01:00,321.6601,321.70999,321.60999,321.66501,30660
2026-09-04 15:02:00,321.66501,321.67001,321.57999,321.60501,28682
2026-09-04 15:03:00,321.60501,321.62,321.38,321.405,43090
2026-09-04 15:04:00,321.39999,321.57001,321.39001,321.5,29139
2026-09-04 15:05:00,321.51001,321.69,321.51001,321.69,26330
2026-09-04 15:06:00,321.69,321.69,321.58499,321.64001,25878
2026-09-04 15:07:00,321.63501,321.69501,321.57001,321.62,28580
2026-09-04 15:08:00,321.64001,321.85001,321.62,321.84,71746
2026-09-04 15:09:00,321.82999,321.89999,321.76999,321.88,60091
2026-09-04 15:10:00,321.87,321.89001,321.67001,321.84341,73033
2026-09-04 15:11:00,321.85001,321.89001,321.70001,321.79999,78923
2026-09-04 15:12:00,321.80499,322.10001,321.80499,322.045013,97697
2026-09-04 15:13:00,322.040009,322.070007,321.8801,322.040009,60931
2026-09-04 15:14:00,322.049988,322.079987,321.80499,321.98999,42289
2026-09-04 15:15:00,322.0,322.019897,321.8797,321.89999,40556
2026-09-04 15:16:00,321.89999,321.92999,321.81,321.81039,24977
2026-09-04 15:17:00,321.81,321.85001,321.76999,321.81,27158
2026-09-04 15:18:00,321.815,321.87,321.70999,321.76801,58537
2026-09-04 15:19:00,321.76001,321.79999,321.64499,321.755,88139
2026-09-04 15:20:00,321.75241,321.92999,321.75241,321.91501,86311
2026-09-04 15:21:00,321.91501,321.92999,321.84009,321.85999,82376
2026-09-04 15:22:00,321.87,321.9599,321.81,321.92001,78244
2026-09-04 15:23:00,321.92001,322.040009,321.905,321.94,66008
2026-09-04 15:24:00,321.94501,321.98001,321.83261,321.88,37553
2026-09-04 15:25:00,321.86011,321.92999,321.85001,321.92001,33193
2026-09-04 15:26:00,321.91501,321.95001,321.85001,321.86499,46387
2026-09-04 15:27:00,321.87,321.92001,321.76999,321.82001,51776
2026-09-04 15:28:00,321.82001,321.9053,321.79001,321.81009,29599
2026-09-04 15:29:00,321.81079,321.88,321.78,321.785,40523
2026-09-04 15:30:00,321.76999,321.76999,321.51001,321.55499,69978
2026-09-04 15:31:00,321.54001,321.70999,321.51001,321.685,59373
2026-09-04 15:32:00,321.67999,321.67999,321.57999,321.64001,53975
2026-09-04 15:33:00,321.64999,321.73001,321.64999,321.70499,40850
2026-09-04 15:34:00,321.70001,321.70999,321.60001,321.64001,31877
2026-09-04 15:35:00,321.63501,321.73001,321.57999,321.64011,60239
2026-09-04 15:36:00,321.64499,321.80911,321.64001,321.67999,57341
2026-09-04 15:37:00,321.68741,321.68741,321.35999,321.39001,76040
2026-09-04 15:38:00,321.37,321.4299,321.22009,321.24991,50291
2026-09-04 15:39:00,321.23499,321.26001,320.98001,321.01001,90043
2026-09-04 15:40:00,321.01001,321.029999,320.89499,320.99991,58096
2026-09-04 15:41:00,320.98499,321.039886,320.88,321.0,65778
2026-09-04 15:42:00,320.98499,321.029999,320.84,320.845,52020
2026-09-04 15:43:00,320.845,320.85999,320.67459,320.67661,66377
2026-09-04 15:44:00,320.67999,320.76501,320.64001,320.67999,53098
2026-09-04 15:45:00,320.66,320.72,320.53,320.62,71912
2026-09-04 15:46:00,320.60599,320.64999,320.53009,320.62,51678
2026-09-04 15:47:00,320.63,320.72,320.60001,320.69,49234
2026-09-04 15:48:00,320.68341,320.69,320.47,320.495,145472
2026-09-04 15:49:00,320.495,320.63861,320.4801,320.5,81907
2026-09-04 15:50:00,320.51001,320.84,320.34,320.35001,176531
2026-09-04 15:51:00,320.35001,320.39999,320.22,320.39999,133979
2026-09-04 15:52:00,320.41,320.64001,320.36011,320.57001,142893
2026-09-04 15:53:00,320.56,320.63,320.42001,320.55069,152539
2026-09-04 15:54:00,320.56,320.82999,320.54999,320.72,192072
2026-09-04 15:55:00,320.70999,320.72,320.29999,320.60001,214589
2026-09-04 15:56:00,320.60001,320.62,320.32999,320.33011,186734
2026-09-04 15:57:00,320.35001,320.41,320.20001,320.26999,212644
2026-09-04 15:58:00,320.26001,320.31,319.82501,319.82999,562401
2026-09-04 15:59:00,319.82001,319.98999,319.651,319.98999,1035726
2026-09-08 09:30:00,317.12,319.54001,316.75,319.47,1754206
2026-09-08 09:31:00,319.56,320.70001,319.37,319.82001,293958
2026-09-08 09:32:00,319.75,319.92001,318.45499,318.45511,140262
2026-09-08 09:33:00,318.47131,318.47131,317.16,317.44501,151769
2026-09-08 09:34:00,317.44501,317.48999,316.80981,317.2699,119569
2026-09-08 09:35:00,317.20001,317.62,316.70999,316.79501,125375
2026-09-08 09:36:00,316.79501,317.14001,315.78,315.84,166663
2026-09-08 09:37:00,315.79999,316.17999,315.70001,315.80499,113108
2026-09-08 09:38:00,315.76001,316.88,315.76001,316.755,203299
2026-09-08 09:39:00,316.755,317.5,316.68011,317.35001,215215
2026-09-08 09:40:00,317.38,318.070007,317.31,317.70999,175565
2026-09-08 09:41:00,317.72,317.91501,317.20001,317.42999,119367
2026-09-08 09:42:00,317.39999,317.70001,317.23499,317.595,86181
2026-09-08 09:43:00,317.61041,317.85999,317.27869,317.8526,87237
2026-09-08 09:44:00,317.86829,317.97,317.45001,317.51831,86091
2026-09-08 09:45:00,317.5,317.5,316.82001,316.94,114982
2026-09-08 09:46:00,316.935,317.23001,316.78,317.040009,78288
2026-09-08 09:47:00,317.01001,317.16501,316.28751,316.35999,86928
2026-09-08 09:48:00,316.35931,316.82999,316.345,316.63,64447
2026-09-08 09:49:00,316.63,316.72479,316.17999,316.22,80068
2026-09-08 09:50:00,316.22,316.39999,315.98001,316.029999,120105
2026-09-08 09:51:00,316.029999,316.3042,316.0,316.070007,58696
2026-09-08 09:52:00,316.10629,316.255,315.98001,316.16,63475
2026-09-08 09:53:00,316.16711,316.62,316.12,316.57932,88415
2026-09-08 09:54:00,316.57999,316.63989,316.33499,316.45999,90263
2026-09-08 09:55:00,316.45999,317.23999,316.42999,317.20111,94306
2026-09-08 09:56:00,317.14999,317.25699,316.92279,317.19501,65193
2026-09-08 09:57:00,317.17001,317.57999,317.13,317.57999,81070
2026-09-08 09:58:00,317.54999,317.64999,317.14999,317.25,79742
2026-09-08 09:59:00,317.23001,317.3299,316.79999,316.89999,102197
2026-09-08 10:00:00,316.92001,317.26001,316.51999,317.23001,195907
2026-09-08 10:01:00,317.20999,317.20999,316.67001,316.7291,118373
2026-09-08 10:02:00,316.73001,316.73001,316.39999,316.62,102022
2026-09-08 10:03:00,316.64001,316.76001,316.48999,316.51999,106295
2026-09-08 10:04:00,316.53,316.8895,316.3605,316.85791,76073
2026-09-08 10:05:00,316.87,316.88,316.57001,316.60001,83339
2026-09-08 10:06:00,316.60999,316.64999,316.10999,316.14001,70183
2026-09-08 10:07:00,316.10999,316.26501,315.9462,316.20999,114652
2026-09-08 10:08:00,316.185,316.32001,316.14011,316.20001,57964
2026-09-08 10:09:00,316.22,316.22,315.93011,315.95499,89953
2026-09-08 10:10:00,315.92001,315.93729,315.73001,315.84,102693
2026-09-08 10:11:00,315.80499,316.10291,315.77011,315.78,73132
2026-09-08 10:12:00,315.79001,316.031311,315.77499,315.95001,54018
2026-09-08 10:13:00,315.98001,315.98001,315.82999,315.88,40891
2026-09-08 10:14:00,315.88501,315.97,315.79999,315.88501,65319
2026-09-08 10:15:00,315.87051,315.87051,315.60999,315.69009,129743
2026-09-08 10:16:00,315.70999,315.76999,315.52499,315.60999,116882
2026-09-08 10:17:00,315.60989,315.76001,315.57101,315.64001,87783
2026-09-08 10:18:00,315.64999,315.85001,315.60001,315.845,88958
2026-09-08 10:19:00,315.84,315.98999,315.6701,315.95889,73441
2026-09-08 10:20:00,315.98001,316.0,315.71829,315.88,75561
2026-09-08 10:21:00,315.875,315.935,315.67001,315.755,63914
2026-09-08 10:22:00,315.755,315.79999,315.62,315.66501,47145
2026-09-08 10:23:00,315.67001,315.76999,315.61499,315.64999,71008
2026-09-08 10:24:00,315.64499,315.78,315.60001,315.73999,54323
2026-09-08 10:25:00,315.75,315.89999,315.64999,315.85501,73940
2026-09-08 10:26:00,315.84,315.8699,315.64001,315.64261,65688
2026-09-08 10:27:00,315.64001,315.64999,315.32001,315.32999,296154
2026-09-08 10:28:00,315.32001,315.48999,315.29199,315.37,64733
2026-09-08 10:29:00,315.38,315.72,315.29999,315.67001,100041
2026-09-08 10:30:00,315.67001,315.67001,315.44501,315.50601,54034
2026-09-08 10:31:00,315.48999,315.53,315.42001,315.42499,54518
2026-09-08 10:32:00,315.42499,315.51001,315.35999,315.35999,54382
2026-09-08 10:33:00,315.37799,315.51999,315.26999,315.51999,58118
2026-09-08 10:34:00,315.53,315.67999,315.42999,315.655,64271
2026-09-08 10:35:00,315.64001,315.66,315.45001,315.51999,41838
2026-09-08 10:36:00,315.51999,315.64001,315.48001,315.60501,42654
2026-09-08 10:37:00,315.60501,315.78989,315.56,315.73999,73453
2026-09-08 10:38:00,315.745,315.88,315.64001,315.82999,63115
2026-09-08 10:39:00,315.82999,315.94,315.72,315.92001,107785
2026-09-08 10:40:00,315.92999,315.95001,315.76999,315.78,62293
2026-09-08 10:41:00,315.78,316.2215,315.76999,316.054993,85105
2026-09-08 10:42:00,316.054993,316.26999,316.019989,316.14001,81257
2026-09-08 10:43:00,316.1492,316.20001,315.98999,316.019989,60631
2026-09-08 10:44:00,316.029999,316.13,315.97501,316.089996,49492
2026-09-08 10:45:00,316.089996,316.089996,315.88,315.95001,52285
2026-09-08 10:46:00,315.95001,316.10999,315.89999,316.015015,59103
2026-09-08 10:47:00,316.029999,316.040009,315.89999,315.98001,48778
2026-09-08 10:48:00,315.98001,316.079987,315.95999,315.98999,43722
2026-09-08 10:49:00,315.98999,316.17999,315.98001,316.16501,53742
2026-09-08 10:50:00,316.1564,316.26999,316.125,316.26999,59389
2026-09-08 10:51:00,316.255,316.28,315.98999,316.029999,46773
2026-09-08 10:52:00,316.029999,316.10999,315.95999,316.079987,41570
2026-09-08 10:53:00,316.049988,316.26001,316.040009,316.22501,33504
2026-09-08 10:54:00,316.22501,316.30499,316.13,316.28,51220
2026-09-08 10:55:00,316.29001,316.35001,316.23001,316.3251,36974
2026-09-08 10:56:00,316.32999,316.38,316.059998,316.11499,67228
2026-09-08 10:57:00,316.10999,316.13,315.72,315.755,71315
2026-09-08 10:58:00,315.755,315.8154,315.62,315.72,69287
2026-09-08 10:59:00,315.73999,316.029999,315.66,315.97461,82089
2026-09-08 11:00:00,316.0,316.14999,315.92999,316.01001,54304
2026-09-08 11:01:00,316.019989,316.13,315.92999,316.029999,40203
2026-09-08 11:02:00,316.029999,316.040009,315.88199,316.035004,58201
2026-09-08 11:03:00,316.045013,316.56,316.015015,316.405,285779
2026-09-08 11:04:00,316.35999,316.57001,316.31,316.42499,65298
2026-09-08 11:05:00,316.42499,316.47061,316.29001,316.37,43430
2026-09-08 11:06:00,316.35501,316.3699,316.01001,316.040009,60648
2026-09-08 11:07:00,316.040009,316.070007,315.91269,315.99991,40625
2026-09-08 11:08:00,315.97461,316.0,315.85999,315.97,52535
2026-09-08 11:09:00,315.94,316.0,315.71521,315.79001,50116
2026-09-08 11:10:00,315.80991,316.5,315.76999,316.39999,88485
2026-09-08 11:11:00,316.4375,316.48001,316.29999,316.34,64345
2026-09-08 11:12:00,316.32001,316.35999,316.215,316.315,29942
2026-09-08 11:13:00,316.29999,316.45999,316.28,316.42999,58481
2026-09-08 11:14:00,316.42999,316.44,316.19,316.20001,54503
2026-09-08 11:15:00,316.20499,316.39999,316.10999,316.39001,58184
2026-09-08 11:16:00,316.39001,316.39001,316.23999,316.31781,36118
2026-09-08 11:17:00,316.29999,316.31,316.10999,316.13,42240
2026-09-08 11:18:00,316.13,316.16,316.029999,316.029999,48308
2026-09-08 11:19:00,316.019989,316.049896,315.85999,315.89499,63242
2026-09-08 11:20:00,315.88501,315.965,315.82001,315.95001,47109
2026-09-08 11:21:00,315.92999,315.97,315.76001,315.82999,62353
2026-09-08 11:22:00,315.85181,315.90961,315.75,315.79501,34675
2026-09-08 11:23:00,315.81,316.0050049,315.79001,315.98001,40989
2026-09-08 11:24:00,315.97821,316.38,315.97821,316.375,124246
2026-09-08 11:25:00,316.36499,316.78,316.3205,316.5116,77992
2026-09-08 11:26:00,316.53,316.64999,316.48999,316.51999,41354
2026-09-08 11:27:00,316.5,316.57999,316.25,316.31,37612
2026-09-08 11:28:00,316.30139,316.44739,316.29999,316.42001,37846
2026-09-08 11:29:00,316.42001,316.5,316.18011,316.24911,59700
2026-09-08 11:30:00,316.245,316.39001,316.17001,316.32001,46374
2026-09-08 11:31:00,316.32999,316.37,316.215,316.25,36199
2026-09-08 11:32:00,316.26999,316.28,316.019989,316.14999,46853
2026-09-08 11:33:00,316.14999,316.25,316.10001,316.23499,55314
2026-09-08 11:34:00,316.23499,316.26001,316.070099,316.26001,29937
2026-09-08 11:35:00,316.26001,316.29999,316.13,316.285,40084
2026-09-08 11:36:00,316.26999,316.31,316.23001,316.28,36733
2026-09-08 11:37:00,316.26999,316.32999,316.23001,316.32999,35677
2026-09-08 11:38:00,316.31,316.37,316.25,316.26001,28010
2026-09-08 11:39:00,316.25,316.29999,316.20001,316.29501,37750
2026-09-08 11:40:00,316.28,316.31699,316.20999,316.30499,27655
2026-09-08 11:41:00,316.30499,316.48999,316.29501,316.465,74931
2026-09-08 11:42:00,316.47,316.75,316.47,316.69,90594
2026-09-08 11:43:00,316.7023,316.81,316.60999,316.62,86604
2026-09-08 11:44:00,316.62,316.64001,316.40009,316.41501,54408
2026-09-08 11:45:00,316.41,316.60001,316.26941,316.56,54580
2026-09-08 11:46:00,316.56,316.57001,316.26999,316.29501,36945
2026-09-08 11:47:00,316.28,316.32001,316.12009,316.14001,39305
2026-09-08 11:48:00,316.13501,316.28,316.10999,316.26501,29330
2026-09-08 11:49:00,316.26501,316.28,316.16,316.19501,31286
2026-09-08 11:50:00,316.19501,316.31,316.16,316.27499,61600
2026-09-08 11:51:00,316.28,316.42999,316.2775,316.42999,27469
2026-09-08 11:52:00,316.42999,316.48001,316.3627,316.405,38539
2026-09-08 11:53:00,316.405,316.45001,316.315,316.32001,35519
2026-09-08 11:54:00,316.34,316.3721,316.16,316.16,41479
2026-09-08 11:55:00,316.15991,316.16989,316.049988,316.089996,55810
2026-09-08 11:56:00,316.084991,316.19199,316.0,316.16,61450
2026-09-08 11:57:00,316.14679,316.26999,316.10999,316.16,45794
2026-09-08 11:58:00,316.16,316.20999,316.1026,316.14001,36111
2026-09-08 11:59:00,316.12,316.16949,316.059998,316.079895,53902
2026-09-08 12:00:00,316.065002,316.13,315.89999,315.91,82047
2026-09-08 12:01:00,315.89999,315.92001,315.8205,315.875,64654
2026-09-08 12:02:00,315.87891,315.995,315.86499,315.98999,48937
2026-09-08 12:03:00,315.98001,316.019989,315.91,316.019989,37403
2026-09-08 12:04:00,316.019989,316.059998,315.95999,316.029999,28457
2026-09-08 12:05:00,316.01001,316.26801,315.98999,316.23611,64276
2026-09-08 12:06:00,316.22,316.22,316.059998,316.1416,28232
2026-09-08 12:07:00,316.13,316.13739,315.85001,315.875,38427
2026-09-08 12:08:00,315.88,315.90799,315.75,315.78989,36033
2026-09-08 12:09:00,315.78,315.79999,315.72,315.73001,36513
2026-09-08 12:10:00,315.73819,315.78,315.67999,315.67999,40984
2026-09-08 12:11:00,315.67001,315.72,315.60999,315.64001,56701
2026-09-08 12:12:00,315.64191,315.66501,315.54001,315.625,44825
2026-09-08 12:13:00,315.62991,315.66,315.57999,315.64999,40288
2026-09-08 12:14:00,315.67499,315.67499,315.56,315.595,48319
2026-09-08 12:15:00,315.59,315.75,315.54999,315.73999,51456
2026-09-08 12:16:00,315.73001,315.76001,315.54999,315.54999,52427
2026-09-08 12:17:00,315.54999,315.57001,315.495,315.51999,89932
2026-09-08 12:18:00,315.52499,315.60001,315.47,315.48999,34512
2026-09-08 12:19:00,315.5,315.54001,315.47,315.48999,45658
2026-09-08 12:20:00,315.495,315.87991,315.45999,315.85999,55396
2026-09-08 12:21:00,315.85999,315.95999,315.79999,315.89001,51879
2026-09-08 12:22:00,315.89001,315.95999,315.82999,315.83951,37834
2026-09-08 12:23:00,315.85001,315.87,315.73999,315.78,27909
2026-09-08 12:24:00,315.79001,315.82999,315.75,315.79001,38984
2026-09-08 12:25:00,315.79001,316.059998,315.79001,315.94,58525
2026-09-08 12:26:00,315.94171,315.95999,315.79999,315.89001,50608
2026-09-08 12:27:00,315.89999,315.94,315.85999,315.91,34537
2026-09-08 12:28:00,315.89001,316.079987,315.82001,316.059998,49253
2026-09-08 12:29:00,316.079987,316.14001,315.995,316.084991,42350
2026-09-08 12:30:00,316.10001,316.13,315.98001,316.0050049,45412
2026-09-08 12:31:00,316.0050049,316.029999,315.935,316.024994,41710
2026-09-08 12:32:00,316.024994,316.10001,315.97,316.0,35063
2026-09-08 12:33:00,315.98999,316.059998,315.92001,316.019989,39838
2026-09-08 12:34:00,316.045013,316.049988,315.89999,315.95001,30530
2026-09-08 12:35:00,315.95999,316.029999,315.88,316.029999,33990
2026-09-08 12:36:00,316.01001,316.015015,315.89499,315.92999,37225
2026-09-08 12:37:00,315.92001,315.98001,315.91,315.92001,37900
2026-09-08 12:38:00,315.92999,316.024994,315.89999,315.98911,34982
2026-09-08 12:39:00,315.98001,316.019989,315.92999,316.019989,29296
2026-09-08 12:40:00,316.029999,316.12,316.0,316.0,46375
2026-09-08 12:41:00,316.0,316.14001,316.0,316.10999,35920
2026-09-08 12:42:00,316.125,316.1799,316.029999,316.059906,39978
2026-09-08 12:43:00,316.049988,316.10999,315.98999,316.079987,25227
2026-09-08 12:44:00,316.060089,316.16,316.01001,316.089996,32265
2026-09-08 12:45:00,316.079987,316.17999,316.059998,316.10001,55628
2026-09-08 12:46:00,316.10001,316.1799,316.074585,316.15991,27690
2026-09-08 12:47:00,316.14999,316.16,316.0,316.011292,37565
2026-09-08 12:48:00,316.01001,316.10001,316.0,316.070007,19581
2026-09-08 12:49:00,316.070007,316.14001,316.019989,316.10501,25061
2026-09-08 12:50:00,316.10501,316.10999,315.95001,316.029999,42507
2026-09-08 12:51:00,316.049988,316.10001,315.95001,316.10001,41639
2026-09-08 12:52:00,316.10501,316.12,316.0,316.019989,28639
2026-09-08 12:53:00,316.01001,316.14001,315.95999,316.125,30073
2026-09-08 12:54:00,316.125,316.12741,316.029999,316.079987,25525
2026-09-08 12:55:00,316.10001,316.10999,316.01001,316.029999,22375
2026-09-08 12:56:00,316.029999,316.029999,315.75,315.89999,80137
2026-09-08 12:57:00,315.88,315.95999,315.88,315.89999,22356
2026-09-08 12:58:00,315.91,315.95001,315.88531,315.89999,27218
2026-09-08 12:59:00,315.89999,315.98999,315.81,315.98999,40873
2026-09-08 13:00:00,315.98999,316.20001,315.95001,316.14999,48086
2026-09-08 13:01:00,316.17001,316.39001,316.12,316.35001,68311
2026-09-08 13:02:00,316.34821,316.39999,316.28,316.38501,35020
2026-09-08 13:03:00,316.3999,316.3999,316.32001,316.33499,30686
2026-09-08 13:04:00,316.32999,316.42999,316.28,316.42001,33499
2026-09-08 13:05:00,316.42999,316.5,316.35999,316.465,33900
2026-09-08 13:06:00,316.47,316.54999,316.39999,316.54001,26778
2026-09-08 13:07:00,316.52139,316.56,316.43091,316.45999,27124
2026-09-08 13:08:00,316.45999,316.48001,316.26001,316.26001,31420
2026-09-08 13:09:00,316.2598,316.28,316.16,316.185,53147
2026-09-08 13:10:00,316.17999,316.25,316.14999,316.22501,44414
2026-09-08 13:11:00,316.22501,316.25,316.16,316.16501,36975
2026-09-08 13:12:00,316.16141,316.20001,316.070007,316.099915,21398
2026-09-08 13:13:00,316.093811,316.14999,316.049988,316.14001,22673
2026-09-08 13:14:00,316.14001,316.20001,316.12,316.185,19140
2026-09-08 13:15:00,316.17001,316.17001,316.0,316.089996,29525
2026-09-08 13:16:00,316.10001,316.17999,316.049988,316.059998,29831
2026-09-08 13:17:00,316.070007,316.14911,316.054993,316.13,20324
2026-09-08 13:18:00,316.13,316.20001,316.089996,316.16,25016
2026-09-08 13:19:00,316.16,316.19,316.070007,316.070007,26514
2026-09-08 13:20:00,316.070007,316.079987,315.89001,315.91,40382
2026-09-08 13:21:00,315.89999,315.92499,315.79001,315.92001,50538
2026-09-08 13:22:00,315.92001,316.01001,315.91,315.98001,31647
2026-09-08 13:23:00,315.98001,316.117,315.97,316.117,34003
2026-09-08 13:24:00,316.1142,316.19,316.029999,316.10001,26922
2026-09-08 13:25:00,316.10159,316.12,315.9801,316.0,21729
2026-09-08 13:26:00,315.98999,316.13,315.98999,316.049988,22073
2026-09-08 13:27:00,316.040009,316.10001,316.012604,316.079987,21845
2026-09-08 13:28:00,316.089996,316.23999,316.089996,316.22,34360
2026-09-08 13:29:00,316.20999,316.28,316.14999,316.26999,23921
2026-09-08 13:30:00,316.272,316.31339,316.17001,316.20999,28355
2026-09-08 13:31:00,316.20999,316.23999,316.14001,316.17499,35526
2026-09-08 13:32:00,316.17001,316.29999,316.17001,316.23001,27804
2026-09-08 13:33:00,316.23999,316.29999,316.20999,316.26999,28521
2026-09-08 13:34:00,316.28,316.30499,316.19,316.20001,27712
2026-09-08 13:35:00,316.20001,316.26999,316.17001,316.17999,26513
2026-09-08 13:36:00,316.19,316.24991,316.14001,316.16501,67342
2026-09-08 13:37:00,316.17999,316.25,316.14001,316.17999,50385
2026-09-08 13:38:00,316.17499,316.25,316.14999,316.17999,26501
2026-09-08 13:39:00,316.16,316.19,316.049988,316.049988,50579
2026-09-08 13:40:00,316.079987,316.22,316.040009,316.10999,61316
2026-09-08 13:41:00,316.10999,316.16,316.049988,316.14001,41898
2026-09-08 13:42:00,316.13,316.26999,316.10001,316.19,29567
2026-09-08 13:43:00,316.23001,316.32999,316.20999,316.20999,47246
2026-09-08 13:44:00,316.20001,316.29001,316.20001,316.26001,27717
2026-09-08 13:45:00,316.26001,316.29999,316.20001,316.20999,34567
2026-09-08 13:46:00,316.20999,316.27499,316.14499,316.14499,37227
2026-09-08 13:47:00,316.14001,316.17999,316.089996,316.11359,25172
2026-09-08 13:48:00,316.079987,316.14999,316.019989,316.13,26979
2026-09-08 13:49:00,316.13,316.17001,316.089996,316.16,29180
2026-09-08 13:50:00,316.14999,316.14999,316.035004,316.084991,33691
2026-09-08 13:51:00,316.079987,316.079987,316.0,316.049988,30941
2026-09-08 13:52:00,316.049988,316.14001,316.049988,316.075012,38386
2026-09-08 13:53:00,316.059998,316.059998,315.94101,316.020111,31888
2026-09-08 13:54:00,316.019989,316.059998,316.0,316.015015,30505
2026-09-08 13:55:00,316.019989,316.079987,316.017914,316.045013,32745
2026-09-08 13:56:00,316.045013,316.059998,315.98001,315.98499,40052
2026-09-08 13:57:00,316.0,316.089905,315.97,316.040009,30069
2026-09-08 13:58:00,316.035004,316.059998,315.95999,316.0,30907
2026-09-08 13:59:00,316.0050049,316.059998,316.0050049,316.029999,26335
2026-09-08 14:00:00,316.024994,316.17999,316.024994,316.11499,40961
2026-09-08 14:01:00,316.10001,316.20999,316.10001,316.20001,32586
2026-09-08 14:02:00,316.20001,316.20999,316.14001,316.20001,19697
2026-09-08 14:03:00,316.19,316.20999,316.16,316.16989,29446
2026-09-08 14:04:00,316.17001,316.20001,316.11499,316.12259,19980
2026-09-08 14:05:00,316.12,316.23401,316.11499,316.23401,41997
2026-09-08 14:06:00,316.23999,316.26001,316.13,316.16,23995
2026-09-08 14:07:00,316.17001,316.22,316.089996,316.089996,25493
2026-09-08 14:08:00,316.095001,316.14999,316.079987,316.14001,19184
2026-09-08 14:09:00,316.14499,316.15051,316.059998,316.070007,17001
2026-09-08 14:10:00,316.070007,316.10999,316.059998,316.09259,21658
2026-09-08 14:11:00,316.10001,316.10001,315.97,316.070007,27668
2026-09-08 14:12:00,316.070007,316.32999,316.040009,316.32999,51912
2026-09-08 14:13:00,316.315,316.51999,316.31,316.34,90119
2026-09-08 14:14:00,316.34,316.34009,316.26999,316.32501,24426
2026-09-08 14:15:00,316.32999,316.39001,316.25369,316.36499,28499
2026-09-08 14:16:00,316.35001,316.39001,316.28,316.28989,26495
2026-09-08 14:17:00,316.27499,316.34,316.20999,316.29001,30526
2026-09-08 14:18:00,316.31,316.31,316.20999,316.23541,18877
2026-09-08 14:19:00,316.23999,316.29001,316.20999,316.28,70920
2026-09-08 14:20:00,316.26999,316.31,316.23001,316.29001,26147
2026-09-08 14:21:00,316.29001,316.34,316.13,316.14001,30968
2026-09-08 14:22:00,316.1326,316.17999,316.0401,316.10501,29400
2026-09-08 14:23:00,316.089996,316.095001,315.97501,316.01001,42880
2026-09-08 14:24:00,315.98999,316.079987,315.98001,315.99399,29214
2026-09-08 14:25:00,315.98999,316.19891,315.95001,316.19891,65994
2026-09-08 14:26:00,316.19891,316.31,316.19,316.27499,34918
2026-09-08 14:27:00,316.28989,316.73999,316.27499,316.64001,146355
2026-09-08 14:28:00,316.63,316.63,316.5,316.56,56452
2026-09-08 14:29:00,316.55869,316.56131,316.36499,316.39001,58305
2026-09-08 14:30:00,316.39499,316.53,316.34,316.38,112391
2026-09-08 14:31:00,316.38,316.39001,316.23999,316.24991,25721
2026-09-08 14:32:00,316.23999,316.32001,316.14499,316.14499,38306
2026-09-08 14:33:00,316.14499,316.16,315.92999,315.94009,34622
2026-09-08 14:34:00,315.95001,315.98999,315.85999,315.89001,39113
2026-09-08 14:35:00,315.89001,315.9599,315.85001,315.91,46609
2026-09-08 14:36:00,315.92999,316.14001,315.85001,316.015015,146672
2026-09-08 14:37:00,316.0,316.019989,315.85001,315.88989,35347
2026-09-08 14:38:00,315.89999,315.91501,315.76001,315.78,82207
2026-09-08 14:39:00,315.78,315.87,315.72009,315.85501,48682
2026-09-08 14:40:00,315.85001,315.88,315.70001,315.73001,36734
2026-09-08 14:41:00,315.73001,315.76001,315.51999,315.54001,66950
2026-09-08 14:42:00,315.53,315.56,315.45999,315.47,55447
2026-09-08 14:43:00,315.47,315.67059,315.42001,315.48999,90539
2026-09-08 14:44:00,315.495,315.5499,315.38,315.47,41612
2026-09-08 14:45:00,315.46881,315.54001,315.32001,315.48999,64213
2026-09-08 14:46:00,315.48999,315.64001,315.46201,315.60001,63878
2026-09-08 14:47:00,315.60001,315.60999,315.34,315.35889,81667
2026-09-08 14:48:00,315.37,315.38,314.95999,315.024994,336242
2026-09-08 14:49:00,315.019989,315.23001,314.92001,315.17999,102134
2026-09-08 14:50:00,315.19501,315.45999,315.19,315.45499,61902
2026-09-08 14:51:00,315.45001,315.58731,315.41739,315.53,93608
2026-09-08 14:52:00,315.54501,315.64001,315.5,315.59,87266
2026-09-08 14:53:00,315.57999,315.75,315.57501,315.73999,53776
2026-09-08 14:54:00,315.75,315.89999,315.73999,315.85999,50272
2026-09-08 14:55:00,315.85501,315.98001,315.78,315.94,35480
2026-09-08 14:56:00,315.94,315.95999,315.79999,315.85001,31391
2026-09-08 14:57:00,315.84009,315.88989,315.73001,315.73001,33913
2026-09-08 14:58:00,315.72,315.72,315.53,315.54999,38138
2026-09-08 14:59:00,315.54999,315.60999,315.5,315.53,34655
2026-09-08 15:00:00,315.51999,315.62991,315.45999,315.51001,64061
2026-09-08 15:01:00,315.48999,315.5,315.41,315.48001,37072
2026-09-08 15:02:00,315.48999,315.51001,315.39999,315.41,48561
2026-09-08 15:03:00,315.41791,315.44,315.35001,315.44,31660
2026-09-08 15:04:00,315.44,315.54001,315.39609,315.54001,42150
2026-09-08 15:05:00,315.56,315.66,315.51001,315.625,47256
2026-09-08 15:06:00,315.625,315.76999,315.62469,315.69501,39557
2026-09-08 15:07:00,315.72,316.059998,315.72,316.054993,80949
2026-09-08 15:08:00,316.054993,316.16,316.054993,316.12,53926
2026-09-08 15:09:00,316.14499,316.32999,316.13,316.26999,54739
2026-09-08 15:10:00,316.26999,316.53,316.23001,316.4501,96155
2026-09-08 15:11:00,316.45001,316.5,316.29999,316.32001,57923
2026-09-08 15:12:00,316.32001,316.32501,316.10001,316.23499,90711
2026-09-08 15:13:00,316.23499,316.27499,316.049988,316.049988,62251
2026-09-08 15:14:00,316.019989,316.089996,315.9707,316.089996,64985
2026-09-08 15:15:00,316.089996,316.089996,315.94,315.98001,53185
2026-09-08 15:16:00,315.98001,316.049988,315.931,315.97,57751
2026-09-08 15:17:00,315.94589,315.97391,315.79999,315.83499,39193
2026-09-08 15:18:00,315.82001,315.83331,315.64001,315.73001,67810
2026-09-08 15:19:00,315.72,315.80499,315.60001,315.79001,42218
2026-09-08 15:20:00,315.79001,315.89999,315.78,315.89569,38118
2026-09-08 15:21:00,315.89001,316.049988,315.87061,315.94,57184
2026-09-08 15:22:00,315.95001,316.0014038,315.84,315.89001,40102
2026-09-08 15:23:00,315.86499,315.8999,315.76001,315.88501,30371
2026-09-08 15:24:00,315.89001,315.96329,315.87,315.905,40109
2026-09-08 15:25:00,315.89471,315.95999,315.87,315.94,35133
2026-09-08 15:26:00,315.935,315.94821,315.76001,315.77499,46282
2026-09-08 15:27:00,315.73999,315.75,315.53,315.67001,99226
2026-09-08 15:28:00,315.66,315.73999,315.52499,315.67609,70470
2026-09-08 15:29:00,315.67001,315.82999,315.66,315.79999,36454
2026-09-08 15:30:00,315.80011,315.80011,315.52499,315.61499,75297
2026-09-08 15:31:00,315.61499,315.84,315.61499,315.83499,58009
2026-09-08 15:32:00,315.83499,316.079987,315.82001,316.070007,62126
2026-09-08 15:33:00,316.10999,316.23999,316.070007,316.089996,46998
2026-09-08 15:34:00,316.079987,316.12,315.98999,316.049988,49521
2026-09-08 15:35:00,316.059998,316.079987,316.01001,316.0401,37200
2026-09-08 15:36:00,316.040009,316.17999,316.00039673,316.015015,69497
2026-09-08 15:37:00,316.015015,316.14001,315.96899,316.14001,46429
2026-09-08 15:38:00,316.13,316.23001,316.096191,316.14999,59701
2026-09-08 15:39:00,316.17889,316.32001,316.14999,316.29999,53567
2026-09-08 15:40:00,316.26999,316.29001,316.16,316.28,65831
2026-09-08 15:41:00,316.26999,316.35999,316.20999,316.22,67772
2026-09-08 15:42:00,316.20999,316.20999,316.020508,316.1134,71007
2026-09-08 15:43:00,316.10999,316.14001,316.040009,316.13,64574
2026-09-08 15:44:00,316.13501,316.23999,316.10999,316.17999,68874
2026-09-08 15:45:00,316.20001,316.23999,316.049988,316.10001,76770
2026-09-08 15:46:00,316.095001,316.14389,315.91,316.049988,56885
2026-09-08 15:47:00,316.049988,316.17499,316.040009,316.12,44450
2026-09-08 15:48:00,316.10999,316.17999,316.029999,316.17001,57298
2026-09-08 15:49:00,316.17499,316.26999,316.070007,316.25,128249
2026-09-08 15:50:00,316.26999,316.26999,315.85999,316.019989,146966
2026-09-08 15:51:00,316.019989,316.13,315.92001,316.079987,102923
2026-09-08 15:52:00,316.070496,316.32999,316.070496,316.20999,112305
2026-09-08 15:53:00,316.20001,316.23999,316.024994,316.075012,142559
2026-09-08 15:54:00,316.075012,316.45001,315.98999,316.42999,169180
2026-09-08 15:55:00,316.45001,316.69,316.14001,316.17999,232372
2026-09-08 15:56:00,316.19,316.20999,315.92999,315.95999,173717
2026-09-08 15:57:00,315.95999,315.98001,315.70001,315.85999,203434
2026-09-08 15:58:00,315.87,316.029999,315.82001,315.9501,278302
2026-09-08 15:59:00,315.95999,316.47,315.79999,316.35001,809764
2026-09-09 09:30:00,315.93011,316.099915,315.19501,315.93011,1338975
2026-09-09 09:31:00,315.97,315.98001,315.38,315.72,118406
2026-09-09 09:32:00,315.73999,316.20999,315.59009,315.87,181514
2026-09-09 09:33:00,315.76001,315.82001,315.070007,315.32999,159443
2026-09-09 09:34:00,315.32001,315.75,315.21619,315.5199,96742
2026-09-09 09:35:00,315.41,315.88,315.297,315.85501,108480
2026-09-09 09:36:00,315.82999,315.98999,315.66,315.85001,82583
2026-09-09 09:37:00,315.84,316.13,315.76001,315.82999,103541
2026-09-09 09:38:00,315.85999,316.01001,315.60001,315.82001,98859
2026-09-09 09:39:00,315.82001,315.97,315.60999,315.95001,71365
2026-09-09 09:40:00,315.92999,315.95001,315.57001,315.81,119787
2026-09-09 09:41:00,315.815,316.20999,315.785,316.14999,100153
2026-09-09 09:42:00,316.17001,316.20001,315.95001,316.10999,72026
2026-09-09 09:43:00,316.13,316.13,315.57001,315.95001,136376
2026-09-09 09:44:00,315.94,316.14999,315.82999,315.8501,80064
2026-09-09 09:45:00,315.85001,316.019989,315.67001,315.88,89582
2026-09-09 09:46:00,315.81,316.021912,315.5,315.73999,102211
2026-09-09 09:47:00,315.76999,316.12,315.76501,316.024994,66895
2026-09-09 09:48:00,316.059998,316.35001,315.95001,316.10999,118809
2026-09-09 09:49:00,316.089996,316.38,315.94,316.089996,97979
2026-09-09 09:50:00,316.079498,316.31,315.98999,316.25439,73929
2026-09-09 09:51:00,316.27991,316.45959,316.14001,316.14999,84880
2026-09-09 09:52:00,316.14001,316.32999,315.98831,316.29999,59274
2026-09-09 09:53:00,316.29999,316.51001,316.155,316.44009,83307
2026-09-09 09:54:00,316.45001,316.51999,316.2514,316.31,87690
2026-09-09 09:55:00,316.29001,316.64001,316.20999,316.6001,99007
2026-09-09 09:56:00,316.64801,316.88,316.57001,316.64999,100812
2026-09-09 09:57:00,316.67001,317.10999,316.60001,317.010101,148503
2026-09-09 09:58:00,317.070007,317.57999,317.070007,317.5061,199670
2026-09-09 09:59:00,317.51999,318.0,317.48999,317.87491,242445
2026-09-09 10:00:00,317.85999,317.9787,317.39999,317.47,179088
2026-09-09 10:01:00,317.48499,317.64981,317.1601,317.45499,108189
2026-09-09 10:02:00,317.45511,317.92499,317.41,317.89001,116319
2026-09-09 10:03:00,317.89001,317.89001,317.33011,317.55499,153458
2026-09-09 10:04:00,317.57379,317.57379,317.1301,317.37,78524
2026-09-09 10:05:00,317.38501,317.78,317.040009,317.70999,90442
2026-09-09 10:06:00,317.715,318.059998,317.60999,318.052399,110647
2026-09-09 10:07:00,318.065002,318.13,317.92999,318.035004,129156
2026-09-09 10:08:00,318.01001,318.059998,317.91,317.97,77507
2026-09-09 10:09:00,317.95001,317.98999,317.70001,317.89169,77500
2026-09-09 10:10:00,317.88,317.91,317.11011,317.20041,139936
2026-09-09 10:11:00,317.23001,317.25,316.41,316.50681,139565
2026-09-09 10:12:00,316.495,316.57001,316.049988,316.10501,98625
2026-09-09 10:13:00,316.10001,316.42001,315.91,316.095001,147622
2026-09-09 10:14:00,316.10999,316.19,315.51001,315.535,86126
2026-09-09 10:15:00,315.535,315.69,315.25101,315.27499,126084
2026-09-09 10:16:00,315.29999,315.37,314.89569,315.065002,167220
2026-09-09 10:17:00,315.065002,315.11899,314.78,314.85501,135962
2026-09-09 10:18:00,314.86499,314.9299,314.45001,314.64499,123314
2026-09-09 10:19:00,314.67001,314.94,314.6001,314.6701,88663
2026-09-09 10:20:00,314.70001,315.21539,314.625,315.16,110036
2026-09-09 10:21:00,315.15991,315.3399,315.0,315.23001,122853
2026-09-09 10:22:00,315.20001,315.42001,315.10001,315.16,70499
2026-09-09 10:23:00,315.16,315.17499,314.64999,314.67999,92339
2026-09-09 10:24:00,314.67001,314.82999,314.48001,314.54999,81798
2026-09-09 10:25:00,314.56,314.82999,314.52521,314.76001,87952
2026-09-09 10:26:00,314.81,314.88989,314.57999,314.60999,95005
2026-09-09 10:27:00,314.62,314.64999,314.32999,314.63,97260
2026-09-09 10:28:00,314.63861,314.73999,314.5,314.63,62651
2026-09-09 10:29:00,314.60999,314.7774,314.55499,314.75,92272
2026-09-09 10:30:00,314.70999,314.71011,314.5,314.60001,84112
2026-09-09 10:31:00,314.62,314.70999,314.16,314.20001,120675
2026-09-09 10:32:00,314.19,314.19,313.73499,313.73499,140021
2026-09-09 10:33:00,313.73001,313.84,313.54001,313.64001,109962
2026-09-09 10:34:00,313.64011,314.01001,313.60001,313.8999,128308
2026-09-09 10:35:00,313.89999,314.040009,313.76999,313.84,77537
2026-09-09 10:36:00,313.845,313.88,313.52011,313.625,72902
2026-09-09 10:37:00,313.63,313.64001,313.29999,313.35001,110755
2026-09-09 10:38:00,313.345,313.4794,313.25,313.39999,82697
2026-09-09 10:39:00,313.42001,313.42999,312.95001,313.040009,145738
2026-09-09 10:40:00,313.040009,313.26001,312.95001,313.125,106076
2026-09-09 10:41:00,313.13,313.45999,313.11499,313.20001,94872
2026-09-09 10:42:00,313.20499,313.35001,313.049988,313.25,82577
2026-09-09 10:43:00,313.24399,313.24399,313.029999,313.20999,68589
2026-09-09 10:44:00,313.17999,313.38,313.13,313.23999,59751
2026-09-09 10:45:00,313.22,313.56,313.17999,313.5,118172
2026-09-09 10:46:00,313.51001,313.55991,313.34,313.48001,62351
2026-09-09 10:47:00,313.48001,313.55981,313.22491,313.39999,69551
2026-09-09 10:48:00,313.41501,313.42499,313.13,313.17001,97283
2026-09-09 10:49:00,313.17001,313.48001,313.17001,313.44,56558
2026-09-09 10:50:00,313.41501,313.45999,313.22,313.26999,79981
2026-09-09 10:51:00,313.27499,313.57001,313.26999,313.48001,124430
2026-09-09 10:52:00,313.47,313.5,313.35001,313.39999,62297
2026-09-09 10:53:00,313.39001,313.75,313.39001,313.60999,95448
2026-09-09 10:54:00,313.63501,313.67001,313.45999,313.54999,63436
2026-09-09 10:55:00,313.56,313.66,313.26001,313.30499,69915
2026-09-09 10:56:00,313.315,313.48001,313.28,313.29001,52145
2026-09-09 10:57:00,313.30219,313.39999,313.19,313.37799,73134
2026-09-09 10:58:00,313.39001,313.39999,313.10999,313.26501,87358
2026-09-09 10:59:00,313.28,313.38751,313.23001,313.375,58651
2026-09-09 11:00:00,313.39001,313.42249,312.92999,313.019989,121669
2026-09-09 11:01:00,313.025391,313.20999,312.61499,312.78,132224
2026-09-09 11:02:00,312.78,312.94,312.51001,312.51999,134466
2026-09-09 11:03:00,312.5159,312.8299,312.39999,312.76999,120163
2026-09-09 11:04:00,312.73001,312.78,312.42999,312.55499,89628
2026-09-09 11:05:00,312.54999,312.70001,312.51501,312.55499,94149
2026-09-09 11:06:00,312.54501,312.82001,312.39999,312.73999,89789
2026-09-09 11:07:00,312.73001,312.95999,312.73001,312.936,78148
2026-09-09 11:08:00,312.92999,313.040009,312.73999,312.87,81314
2026-09-09 11:09:00,312.89999,312.92499,312.35001,312.47449,125586
2026-09-09 11:10:00,312.50989,312.73999,312.47,312.54501,68610
2026-09-09 11:11:00,312.54501,312.59,312.23001,312.32001,105746
2026-09-09 11:12:00,312.32529,312.51999,312.32001,312.39001,73870
2026-09-09 11:13:00,312.39001,312.4252,312.17001,312.34,91988
2026-09-09 11:14:00,312.35001,312.5,312.20459,312.22,90932
2026-09-09 11:15:00,312.22501,312.48001,312.10999,312.38501,109505
2026-09-09 11:16:00,312.38501,312.51999,312.29999,312.37,85108
2026-09-09 11:17:00,312.38,312.53,312.29999,312.41,55859
2026-09-09 11:18:00,312.39999,312.48999,312.29999,312.48999,54773
2026-09-09 11:19:00,312.4808,312.7634,312.38,312.70999,86732
2026-09-09 11:20:00,312.70001,312.75751,312.57001,312.64001,86426
2026-09-09 11:21:00,312.6102,312.67001,312.35999,312.4899,63469
2026-09-09 11:22:00,312.4874,312.51999,312.14999,312.17499,67907
2026-09-09 11:23:00,312.18991,312.23999,312.10999,312.20691,97083
2026-09-09 11:24:00,312.19,312.31,312.125,312.27499,79002
2026-09-09 11:25:00,312.28,312.29999,312.17999,312.29001,42269
2026-09-09 11:26:00,312.29001,312.32501,312.20001,312.28,53554
2026-09-09 11:27:00,312.28,312.54501,312.23999,312.51999,87822
2026-09-09 11:28:00,312.53,312.53,312.29999,312.465,64364
2026-09-09 11:29:00,312.465,312.51501,312.38,312.50259,51633
2026-09-09 11:30:00,312.51001,312.56,312.22,312.37,118764
2026-09-09 11:31:00,312.39999,312.4411,312.32999,312.32999,35689
2026-09-09 11:32:00,312.35001,312.7695,312.3201,312.73001,88214
2026-09-09 11:33:00,312.73999,313.059998,312.67001,313.045013,108061
2026-09-09 11:34:00,313.049988,313.44501,313.03009,313.215,188496
2026-09-09 11:35:00,313.20001,313.46851,313.20001,313.36499,196106
2026-09-09 11:36:00,313.3772,313.5,313.31491,313.41,92016
2026-09-09 11:37:00,313.41501,313.44501,313.20999,313.26999,61559
2026-09-09 11:38:00,313.27499,313.28,313.14999,313.22,59307
2026-09-09 11:39:00,313.20999,313.53,313.019989,313.41,109480
2026-09-09 11:40:00,313.435,313.58899,313.35001,313.39999,71912
2026-09-09 11:41:00,313.41501,313.45999,313.019989,313.095001,66665
2026-09-09 11:42:00,313.095001,313.245,313.010101,313.079987,55015
2026-09-09 11:43:00,313.089996,313.37991,312.82001,313.345,128388
2026-09-09 11:44:00,313.35999,313.48999,313.20001,313.29001,65193
2026-09-09 11:45:00,313.2496,313.39499,313.054993,313.20001,50309
2026-09-09 11:46:00,313.20001,313.40991,313.16199,313.285,237135
2026-09-09 11:47:00,313.285,313.37,313.2226,313.2226,56198
2026-09-09 11:48:00,313.22,313.44,313.17999,313.32001,63838
2026-09-09 11:49:00,313.33731,313.45999,313.26999,313.435,100441
2026-09-09 11:50:00,313.44,313.60001,313.30011,313.42499,61129
2026-09-09 11:51:00,313.42599,313.45999,313.20999,313.30011,66875
2026-09-09 11:52:00,313.34,313.49991,313.28,313.41501,42204
2026-09-09 11:53:00,313.41,313.49991,313.31,313.42999,55147
2026-09-09 11:54:00,313.45001,313.47,313.27499,313.41,35268
2026-09-09 11:55:00,313.42001,313.42001,313.19,313.29999,39668
2026-09-09 11:56:00,313.29999,313.37,313.13501,313.17001,33148
2026-09-09 11:57:00,313.17999,313.259,313.089996,313.14001,33347
2026-09-09 11:58:00,313.13501,313.17001,313.049988,313.10001,44328
2026-09-09 11:59:00,313.059998,313.29001,312.9201,313.17499,52071
2026-09-09 12:00:00,313.17001,313.17999,312.86011,312.94,89622
2026-09-09 12:01:00,312.95499,313.12,312.95499,313.065002,51721
2026-09-09 12:02:00,313.065002,313.29001,313.019989,313.19501,49139
2026-09-09 12:03:00,313.18799,313.25,313.1203,313.19,41001
2026-09-09 12:04:00,313.17001,313.32001,313.17001,313.20001,33033
2026-09-09 12:05:00,313.20999,313.405,313.17999,313.23001,49002
2026-09-09 12:06:00,313.22,313.29001,313.14001,313.29001,45507
2026-09-09 12:07:00,313.29999,313.32999,313.17999,313.21201,32334
2026-09-09 12:08:00,313.20999,313.23001,313.029999,313.23001,56795
2026-09-09 12:09:00,313.25,313.26001,313.16,313.17001,31832
2026-09-09 12:10:00,313.15619,313.35999,313.079987,313.35999,39750
2026-09-09 12:11:00,313.35999,313.5,313.34,313.42499,39174
2026-09-09 12:12:00,313.42001,313.465,313.31,313.36249,68766
2026-09-09 12:13:00,313.36981,313.49179,313.32001,313.435,49661
2026-09-09 12:14:00,313.435,313.48499,313.35001,313.38501,37950
2026-09-09 12:15:00,313.38,313.42001,313.2966,313.32001,39555
2026-09-09 12:16:00,313.31,313.5,313.242,313.5,38660
2026-09-09 12:17:00,313.48999,313.60001,313.44,313.56,77254
2026-09-09 12:18:00,313.56,313.70999,313.56,313.66501,67592
2026-09-09 12:19:00,313.66,313.69,313.53,313.60001,62743
2026-09-09 12:20:00,313.60001,313.69,313.48001,313.54001,59494
2026-09-09 12:21:00,313.53,313.64999,313.44009,313.62,47185
2026-09-09 12:22:00,313.63339,313.64999,313.42001,313.55811,42127
2026-09-09 12:23:00,313.565,313.565,313.46011,313.51999,33360
2026-09-09 12:24:00,313.53,313.54999,313.39999,313.42499,49021
2026-09-09 12:25:00,313.42999,313.61499,313.41,313.48001,53190
2026-09-09 12:26:00,313.48499,313.57001,313.44,313.48001,33271
2026-09-09 12:27:00,313.48001,313.63,313.43469,313.53,43236
2026-09-09 12:28:00,313.54001,313.54999,313.45001,313.54999,823275
2026-09-09 12:29:00,313.54001,313.70001,313.44,313.66501,90450
2026-09-09 12:30:00,313.67999,313.69,313.54999,313.57999,55956
2026-09-09 12:31:00,313.57999,313.72,313.51001,313.70499,83600
2026-09-09 12:32:00,313.70999,313.76501,313.62,313.73001,45213
2026-09-09 12:33:00,313.745,313.755,313.63,313.70001,33485
2026-09-09 12:34:00,313.70499,313.73001,313.52939,313.57999,28956
2026-09-09 12:35:00,313.60001,313.63501,313.48999,313.5495,42389
2026-09-09 12:36:00,313.535,313.56,313.44,313.54501,50461
2026-09-09 12:37:00,313.54999,313.57001,313.46399,313.54501,31673
2026-09-09 12:38:00,313.53,313.67999,313.51001,313.64999,51252
2026-09-09 12:39:00,313.65469,313.66989,313.55499,313.64001,31173
2026-09-09 12:40:00,313.63,313.75,313.60501,313.74991,46961
2026-09-09 12:41:00,313.73499,313.89999,313.67001,313.89001,105515
2026-09-09 12:42:00,313.905,313.95499,313.85999,313.88,85572
2026-09-09 12:43:00,313.89001,314.0,313.83499,314.0,90721
2026-09-09 12:44:00,314.0050049,314.38,313.9505,314.34,137210
2026-09-09 12:45:00,314.35629,314.36499,314.049988,314.089996,87222
2026-09-09 12:46:00,314.10999,314.16,313.75,313.77011,70407
2026-09-09 12:47:00,313.785,313.84741,313.6701,313.73999,61560
2026-09-09 12:48:00,313.76999,313.84,313.70999,313.76599,43230
2026-09-09 12:49:00,313.75,313.79001,313.57999,313.64001,39998
2026-09-09 12:50:00,313.66589,313.97861,313.646,313.85999,52733
2026-09-09 12:51:00,313.89001,313.94,313.82999,313.92001,61520
2026-09-09 12:52:00,313.91,314.0050049,313.70001,313.73389,85299
2026-09-09 12:53:00,313.72009,314.029999,313.70001,313.92001,72393
2026-09-09 12:54:00,313.92001,313.97,313.845,313.88501,53465
2026-09-09 12:55:00,313.88,313.89001,313.69199,313.755,74656
2026-09-09 12:56:00,313.75,313.79999,313.65009,313.79001,51293
2026-09-09 12:57:00,313.785,313.82999,313.67001,313.82999,68156
2026-09-09 12:58:00,313.8299,314.10001,313.73999,314.03009,96923
2026-09-09 12:59:00,314.029999,314.079987,313.94849,314.01001,86013
2026-09-09 13:00:00,314.0050049,314.43991,313.9801,314.39499,146553
2026-09-09 13:01:00,314.3718,314.98999,314.37,314.92999,232724
2026-09-09 13:02:00,314.92499,315.0,313.94,314.10999,276198
2026-09-09 13:03:00,314.10999,314.10999,313.37201,313.45999,240917
2026-09-09 13:04:00,313.45999,313.685,312.91,313.033295,185946
2026-09-09 13:05:00,313.0010986,313.29001,312.60999,312.86499,243914
2026-09-09 13:06:00,312.86499,313.14001,312.70999,312.76999,162011
2026-09-09 13:07:00,312.77341,312.97,312.31,312.60001,171114
2026-09-09 13:08:00,312.60001,312.84,312.5,312.72501,137184
2026-09-09 13:09:00,312.7308,313.73999,312.7308,313.60001,292210
2026-09-09 13:10:00,313.66,313.66,313.10001,313.17999,255898
2026-09-09 13:11:00,313.20999,313.20999,312.66,313.0,165586
2026-09-09 13:12:00,313.0,313.12,312.77859,313.059998,119487
2026-09-09 13:13:00,313.029999,313.14999,312.42001,312.535,216866
2026-09-09 13:14:00,312.55499,313.0,312.55499,312.85999,139066
2026-09-09 13:15:00,312.83499,313.10999,312.75009,312.88519,106689
2026-09-09 13:16:00,312.89001,312.95099,311.98001,312.12,362756
2026-09-09 13:17:00,312.10001,312.22,311.64999,311.66,313508
2026-09-09 13:18:00,311.63,311.73001,311.079987,311.28009,310018
2026-09-09 13:19:00,311.29999,311.56,311.22,311.45999,180600
2026-09-09 13:20:00,311.48001,311.67999,311.28,311.51999,141909
2026-09-09 13:21:00,311.51999,311.78,311.42999,311.70499,126252
2026-09-09 13:22:00,311.70001,312.29501,311.67999,312.27261,219899
2026-09-09 13:23:00,312.26999,312.60999,311.9201,311.94,202446
2026-09-09 13:24:00,311.9537,312.8894,311.82999,312.88,175330
2026-09-09 13:25:00,312.88,312.89001,312.53,312.76831,110995
2026-09-09 13:26:00,312.76001,312.82999,312.32001,312.51001,114935
2026-09-09 13:27:00,312.53,312.60999,312.42999,312.535,48197
2026-09-09 13:28:00,312.535,312.64941,312.14001,312.22,94792
2026-09-09 13:29:00,312.26999,312.28,310.97,311.70499,556914
2026-09-09 13:30:00,311.72,313.070007,311.39999,312.38,502747
2026-09-09 13:31:00,312.3851,313.34,311.81,312.089905,369836
2026-09-09 13:32:00,312.089996,312.30991,311.51999,311.9101,204664
2026-09-09 13:33:00,311.91,312.23001,311.88,312.080902,119604
2026-09-09 13:34:00,312.070007,312.070007,311.049988,311.31,256737
2026-09-09 13:35:00,311.31,311.95999,311.26999,311.53,171635
2026-09-09 13:36:00,311.51001,311.88,311.495,311.685,130905
2026-09-09 13:37:00,311.7099,312.0,311.54001,311.55499,129401
2026-09-09 13:38:00,311.55499,311.70999,311.29999,311.461,116823
2026-09-09 13:39:00,311.45499,311.64999,311.25,311.40039,135908
2026-09-09 13:40:00,311.42001,311.97,311.34299,311.79001,170268
2026-09-09 13:41:00,311.78421,311.94,311.54501,311.77499,77970
2026-09-09 13:42:00,311.79001,312.10001,311.595,312.029999,70748
2026-09-09 13:43:00,312.040009,312.23999,312.019989,312.23999,115494
2026-09-09 13:44:00,312.25,312.78,312.23001,312.51761,166640
2026-09-09 13:45:00,312.51001,312.62991,312.34,312.57999,71288
2026-09-09 13:46:00,312.535,312.62,312.32001,312.56,172524
2026-09-09 13:47:00,312.57001,312.72549,312.4201,312.54501,80340
2026-09-09 13:48:00,312.53,312.64001,312.23001,312.29001,80871
2026-09-09 13:49:00,312.29001,312.64951,312.13,312.54001,97061
2026-09-09 13:50:00,312.54999,312.54999,312.28,312.38,68397
2026-09-09 13:51:00,312.39001,312.51001,312.35501,312.45001,47724
2026-09-09 13:52:00,312.45001,312.98999,312.39999,312.59,164352
2026-09-09 13:53:00,312.60999,313.20001,312.59,313.019989,304405
2026-09-09 13:54:00,313.040009,313.97,312.78,312.94501,465696
2026-09-09 13:55:00,312.97,314.35999,312.97,314.155,386595
2026-09-09 13:56:00,314.14999,314.189,313.5206,314.12,307378
2026-09-09 13:57:00,314.14001,314.23999,313.85001,314.035004,263099
2026-09-09 13:58:00,314.059998,314.059998,312.7901,313.4899,378363
2026-09-09 13:59:00,313.47501,313.82001,313.1301,313.255,195455
2026-09-09 14:00:00,313.255,313.39999,312.70999,312.78,211105
2026-09-09 14:01:00,312.82999,313.34,312.29999,312.96539,296643
2026-09-09 14:02:00,312.95001,313.5499,312.73001,313.48001,161231
2026-09-09 14:03:00,313.51501,313.79001,313.35001,313.67999,165453
2026-09-09 14:04:00,313.67999,313.69501,312.75,312.85501,156934
2026-09-09 14:05:00,312.84,312.84,312.01001,312.41,277774
2026-09-09 14:06:00,312.39999,312.5983,311.96011,312.41,178425
2026-09-09 14:07:00,312.44,312.67001,312.20001,312.45001,83228
2026-09-09 14:08:00,312.53,312.53,311.70999,311.98499,226149
2026-09-09 14:09:00,311.98499,312.20999,311.745,311.88501,151119
2026-09-09 14:10:00,311.91501,311.95999,311.64999,311.85001,135684
2026-09-09 14:11:00,311.82001,311.98001,311.73001,311.91501,115350
2026-09-09 14:12:00,311.91501,311.92999,311.25,311.35001,225369
2026-09-09 14:13:00,311.3699,311.48999,311.0,311.20499,331510
2026-09-09 14:14:00,311.2153,311.42999,310.079987,310.079987,415806
2026-09-09 14:15:00,310.059998,311.17331,309.89999,311.14001,1005672
2026-09-09 14:16:00,311.16,311.31,310.14001,310.44,421767
2026-09-09 14:17:00,310.44,310.70001,310.029999,310.689,315110
2026-09-09 14:18:00,310.64999,310.67999,309.9501,310.31,315934
2026-09-09 14:19:00,310.32501,311.12,310.17001,310.98999,571441
2026-09-09 14:20:00,310.98999,312.14001,310.98999,312.075012,484378
2026-09-09 14:21:00,312.075012,312.64999,311.95001,312.4613,429470
2026-09-09 14:22:00,312.44501,312.98001,312.20001,312.755,338199
2026-09-09 14:23:00,312.74179,313.28,312.565,313.03009,314869
2026-09-09 14:24:00,313.091705,313.42999,313.0,313.10501,247372
2026-09-09 14:25:00,313.13,313.19,312.285,312.315,231263
2026-09-09 14:26:00,312.31,312.70001,312.01001,312.66501,183438
2026-09-09 14:27:00,312.66,312.72,312.26001,312.3201,113732
2026-09-09 14:28:00,312.3262,312.54001,312.30499,312.41,100172
2026-09-09 14:29:00,312.465,312.5,312.0,312.13,144061
2026-09-09 14:30:00,312.13501,312.22501,312.020599,312.14001,74427
2026-09-09 14:31:00,312.12,312.5,311.95001,312.27991,102494
2026-09-09 14:32:00,312.26001,312.32001,312.049988,312.14999,55706
2026-09-09 14:33:00,312.14999,312.64999,312.12,312.57999,103450
2026-09-09 14:34:00,312.595,312.789,312.5,312.57501,105326
2026-09-09 14:35:00,312.57501,312.82001,312.5,312.67999,63647
2026-09-09 14:36:00,312.70999,312.85001,312.39999,312.82999,66150
2026-09-09 14:37:00,312.79501,312.97,312.54999,312.70001,50079
2026-09-09 14:38:00,312.69,312.85001,312.6153,312.85001,37832
2026-09-09 14:39:00,312.82999,312.95999,312.7113,312.73499,72035
2026-09-09 14:40:00,312.75,312.98001,312.73001,312.88062,73999
2026-09-09 14:41:00,312.9299,313.95999,312.87,313.785,243901
2026-09-09 14:42:00,313.73001,313.93991,313.6001,313.82001,168933
2026-09-09 14:43:00,313.85001,313.92001,313.42001,313.595,123178
2026-09-09 14:44:00,313.60999,314.28,313.51501,314.12,229909
2026-09-09 14:45:00,314.1203,314.44,313.76001,314.38989,253713
2026-09-09 14:46:00,314.39001,315.28,314.39001,315.17999,431390
2026-09-09 14:47:00,315.19501,315.63,315.16,315.50391,338013
2026-09-09 14:48:00,315.51501,316.16,315.45999,315.88501,403664
2026-09-09 14:49:00,315.88501,316.66,315.81,316.66,340258
2026-09-09 14:50:00,316.63501,317.32999,316.54141,317.26001,531245
2026-09-09 14:51:00,317.255,318.35001,317.25009,318.087494,880196
2026-09-09 14:52:00,318.049988,318.60999,317.8204,318.26501,599752
2026-09-09 14:53:00,318.26001,318.67999,318.13,318.328,444444
2026-09-09 14:54:00,318.32999,318.67999,318.049988,318.51999,426412
2026-09-09 14:55:00,318.5,319.14999,318.040009,318.67001,595944
2026-09-09 14:56:00,318.67001,318.71201,317.60999,317.92599,429279
2026-09-09 14:57:00,317.92999,318.17001,317.75,317.87,249523
2026-09-09 14:58:00,317.79999,317.85999,316.67001,316.92999,405763
2026-09-09 14:59:00,316.89011,317.13,316.54999,316.66,294309
2026-09-09 15:00:00,316.67999,317.20001,316.42999,317.155,291203
2026-09-09 15:01:00,317.155,317.155,316.10001,316.12009,272818
2026-09-09 15:02:00,316.14999,316.49899,315.51999,315.61829,380901
2026-09-09 15:03:00,315.64999,316.60999,315.57999,316.13831,380685
2026-09-09 15:04:00,316.15399,316.75,316.10001,316.14001,251279
2026-09-09 15:05:00,316.14001,316.95001,316.065002,316.62,180823
2026-09-09 15:06:00,316.62,316.64001,315.75,315.84,183304
2026-09-09 15:07:00,315.82001,316.059998,315.715,315.87009,95890
2026-09-09 15:08:00,315.87009,315.92001,315.45499,315.685,160631
2026-09-09 15:09:00,315.685,315.85001,315.37,315.69501,135914
2026-09-09 15:10:00,315.69,315.73001,315.2106,315.23999,115674
2026-09-09 15:11:00,315.23999,315.97,315.14001,315.92999,240759
2026-09-09 15:12:00,315.94,316.435,315.92999,316.084991,212475
2026-09-09 15:13:00,316.084991,316.41,316.010193,316.19,113847
2026-09-09 15:14:00,316.185,316.32999,315.82999,315.86011,151749
2026-09-09 15:15:00,315.87271,316.35999,315.79999,316.32999,117400
2026-09-09 15:16:00,316.29001,316.29001,315.90451,315.90451,96032
2026-09-09 15:17:00,315.92001,316.20001,315.76001,315.85999,196871
2026-09-09 15:18:00,315.85999,316.17001,315.81,316.049988,87145
2026-09-09 15:19:00,316.045013,316.052002,315.76001,315.85999,67827
2026-09-09 15:20:00,315.82999,315.99991,315.60501,315.64999,142344
2026-09-09 15:21:00,315.64999,315.70001,315.42001,315.63,102134
2026-09-09 15:22:00,315.63,315.64001,315.39999,315.42999,102591
2026-09-09 15:23:00,315.42001,315.72989,315.16,315.64999,164397
2026-09-09 15:24:00,315.64001,315.8299,315.54001,315.56,81351
2026-09-09 15:25:00,315.57999,315.75,315.48999,315.66501,76827
2026-09-09 15:26:00,315.64999,315.76999,315.52811,315.69958,75281
2026-09-09 15:27:00,315.67999,315.75,315.5,315.54001,75379
2026-09-09 15:28:00,315.54999,315.57999,315.44,315.51999,56753
2026-09-09 15:29:00,315.54001,315.76999,315.48001,315.57001,82670
2026-09-09 15:30:00,315.56,315.57999,315.31,315.47,116715
2026-09-09 15:31:00,315.45999,315.67001,315.45001,315.54001,86675
2026-09-09 15:32:00,315.53,315.6134,315.10001,315.185,145117
2026-09-09 15:33:00,315.185,315.29001,314.88,314.92001,150390
2026-09-09 15:34:00,314.92999,315.19,314.88,315.1525,113913
2026-09-09 15:35:00,315.16501,315.3999,315.089996,315.17999,136634
2026-09-09 15:36:00,315.19,315.34,315.000091553,315.13,74294
2026-09-09 15:37:00,315.10999,315.26999,315.040009,315.049988,57884
2026-09-09 15:38:00,315.049988,315.29001,315.019989,315.17499,71620
2026-09-09 15:39:00,315.16989,315.20499,314.97,315.054993,73647
2026-09-09 15:40:00,315.070007,315.28989,314.97,315.28,100510
2026-09-09 15:41:00,315.29001,315.59,315.2131,315.48001,135415
2026-09-09 15:42:00,315.47449,315.60001,315.39999,315.54141,88092
2026-09-09 15:43:00,315.54001,315.67999,315.39999,315.67239,90772
2026-09-09 15:44:00,315.66501,315.89001,315.60001,315.76999,117230
2026-09-09 15:45:00,315.76001,315.94391,315.54001,315.64001,129729
2026-09-09 15:46:00,315.64999,315.82001,315.59,315.64999,73778
2026-09-09 15:47:00,315.63501,315.78,315.60001,315.64001,70040
2026-09-09 15:48:00,315.63,315.79999,315.57001,315.76999,55595
2026-09-09 15:49:00,315.76999,315.89999,315.67001,315.715,123373
2026-09-09 15:50:00,315.7001,315.70999,315.19,315.35001,238852
2026-09-09 15:51:00,315.35001,315.44,315.32999,315.37,122058
2026-09-09 15:52:00,315.37,315.59,315.2901,315.47,142433
2026-09-09 15:53:00,315.45999,315.54999,315.39999,315.45001,115327
2026-09-09 15:54:00,315.44501,315.84,315.40341,315.42001,236628
2026-09-09 15:55:00,315.44,315.5,315.019989,315.45499,278818
2026-09-09 15:56:00,315.45999,315.67001,315.42499,315.57999,225955
2026-09-09 15:57:00,315.58499,315.64001,315.26999,315.28,275468
2026-09-09 15:58:00,315.285,315.3511,315.059998,315.25,461594
2026-09-09 15:59:00,315.26001,315.47,315.13,315.41,860153
2026-09-10 09:30:00,316.79001,320.0,316.57001,319.85999,2689575
2026-09-10 09:31:00,319.85999,320.53,318.67999,318.95999,589722
2026-09-10 09:32:00,318.98001,319.070007,316.745,318.38501,408038
2026-09-10 09:33:00,318.42999,319.77499,318.094391,319.73071,324794
2026-09-10 09:34:00,319.76501,320.85989,319.060913,319.39999,627623
2026-09-10 09:35:00,319.4295,320.63,319.38,319.83499,338588
2026-09-10 09:36:00,319.81,321.44,319.67001,321.32999,489640
2026-09-10 09:37:00,321.32999,321.89999,320.92999,321.88,494919
2026-09-10 09:38:00,321.88,323.129,321.73001,322.62,641202
2026-09-10 09:39:00,322.61499,322.94,320.32999,320.70001,584989
2026-09-10 09:40:00,320.7381,321.29001,320.52011,320.73499,414624
2026-09-10 09:41:00,320.73499,320.77899,318.10999,318.4299,571593
2026-09-10 09:42:00,318.39499,318.60999,317.22,317.64999,493542
2026-09-10 09:43:00,317.64499,319.73001,317.45001,319.67001,415042
2026-09-10 09:44:00,319.63,320.63919,319.53,319.92999,402679
2026-09-10 09:45:00,319.94,320.14999,319.29001,319.95499,304655
2026-09-10 09:46:00,319.95001,321.13,319.95001,320.62,493545
2026-09-10 09:47:00,320.565,321.17999,320.54501,320.73001,202217
2026-09-10 09:48:00,320.66669,321.099915,320.35001,320.38501,232295
2026-09-10 09:49:00,320.36499,320.88,319.75,320.13989,204589
2026-09-10 09:50:00,320.087402,320.48001,319.54001,320.089996,183233
2026-09-10 09:51:00,320.099915,320.20001,319.35001,319.39011,175006
2026-09-10 09:52:00,319.39001,319.64999,319.16,319.37,109468
2026-09-10 09:53:00,319.37,319.75,319.29001,319.48999,120715
2026-09-10 09:54:00,319.48499,319.67001,319.0,319.10001,163219
2026-09-10 09:55:00,319.11499,319.11499,318.059998,318.4201,180621
2026-09-10 09:56:00,318.45291,318.77499,317.84,318.70499,194426
2026-09-10 09:57:00,318.67001,318.70999,318.19,318.42001,95421
2026-09-10 09:58:00,318.42001,318.65469,318.29929,318.62,89754
2026-09-10 09:59:00,318.63,319.13989,318.57721,318.92899,150690
2026-09-10 10:00:00,318.76001,319.14999,318.72,318.90991,150315
2026-09-10 10:01:00,318.82001,318.97949,318.50381,318.72501,108798
2026-09-10 10:02:00,318.76001,319.34,318.56,318.95001,187642
2026-09-10 10:03:00,318.97159,319.34,318.79001,319.3399,145949
2026-09-10 10:04:00,319.29501,319.44,319.12,319.12,108546
2026-09-10 10:05:00,319.14999,319.63,319.12,319.57999,145429
2026-09-10 10:06:00,319.57001,320.0,319.56,319.70999,225881
2026-09-10 10:07:00,319.67499,319.7193,319.32001,319.51501,191706
2026-09-10 10:08:00,319.465,319.56,318.91,319.27991,122036
2026-09-10 10:09:00,319.20999,319.48001,318.67349,318.73999,122602
2026-09-10 10:10:00,318.69,318.87,318.42001,318.84491,136574
2026-09-10 10:11:00,318.815,318.82999,318.10999,318.60001,185806
2026-09-10 10:12:00,318.64459,319.01001,318.60001,318.95999,107046
2026-09-10 10:13:00,318.9754,319.26501,318.92999,319.26501,116771
2026-09-10 10:14:00,319.26001,319.75,319.155,319.34,116634
2026-09-10 10:15:00,319.3331,319.64999,319.059998,319.255,81878
2026-09-10 10:16:00,319.23999,319.39001,319.079987,319.079987,71545
2026-09-10 10:17:00,319.095001,319.10001,318.79999,318.99399,79773
2026-09-10 10:18:00,318.97,319.37051,318.94061,319.29001,89875
2026-09-10 10:19:00,319.27499,319.95001,319.14001,319.85001,102154
2026-09-10 10:20:00,319.845,319.88501,319.57001,319.70001,96752
2026-09-10 10:21:00,319.67999,319.68011,319.32999,319.38,70042
2026-09-10 10:22:00,319.37,319.8399,319.37,319.73499,78403
2026-09-10 10:23:00,319.7475,319.7699,319.35001,319.55991,65789
2026-09-10 10:24:00,319.47501,320.0,319.22,319.67001,144192
2026-09-10 10:25:00,319.62,319.7099,319.34,319.435,65330
2026-09-10 10:26:00,319.4115,319.595,319.13,319.14001,64000
2026-09-10 10:27:00,319.13,319.14001,318.7511,318.94501,103490
2026-09-10 10:28:00,318.92999,319.089996,318.81,319.01001,87457
2026-09-10 10:29:00,319.0050049,319.10001,318.82001,318.95499,54256
2026-09-10 10:30:00,319.01001,319.78,319.01001,319.73999,125918
2026-09-10 10:31:00,319.73999,319.89169,319.5,319.65591,86997
2026-09-10 10:32:00,319.64001,319.67929,319.32999,319.42001,67789
2026-09-10 10:33:00,319.38,319.4873,319.14999,319.20999,70345
2026-09-10 10:34:00,319.20001,319.44989,319.070007,319.10001,74273
2026-09-10 10:35:00,319.079987,319.22989,319.01001,319.17499,54364
2026-09-10 10:36:00,319.1799,319.20999,318.91,318.95001,69758
2026-09-10 10:37:00,318.9501,319.074707,318.88,319.054993,68400
2026-09-10 10:38:00,319.054993,319.19,318.95999,319.090088,57420
2026-09-10 10:39:00,319.089996,319.85001,319.059998,319.8494,122749
2026-09-10 10:40:00,319.82001,320.2359,319.70001,320.079987,189365
2026-09-10 10:41:00,320.10989,320.59991,319.95001,320.54501,168849
2026-09-10 10:42:00,320.51999,320.85001,320.5,320.59,220081
2026-09-10 10:43:00,320.59,320.67999,319.88501,319.99399,186245
2026-09-10 10:44:00,319.97,320.09021,319.78,320.065002,74321
2026-09-10 10:45:00,320.059998,320.34,319.79001,320.34,131042
2026-09-10 10:46:00,320.29999,320.79001,320.2901,320.48001,121414
2026-09-10 10:47:00,320.48001,320.60001,320.25,320.47,101351
2026-09-10 10:48:00,320.474,320.79001,320.42001,320.63501,123562
2026-09-10 10:49:00,320.63501,320.67999,320.54999,320.64771,55220
2026-09-10 10:50:00,320.66,320.76001,320.3862,320.39011,80966
2026-09-10 10:51:00,320.405,321.26999,320.39001,321.255,173526
2026-09-10 10:52:00,321.2626,321.51999,321.040009,321.33499,218803
2026-09-10 10:53:00,321.38,321.48001,321.079987,321.43829,114632
2026-09-10 10:54:00,321.435,321.89999,321.42001,321.89001,205478
2026-09-10 10:55:00,321.88501,322.17001,321.76001,322.10501,344518
2026-09-10 10:56:00,322.12,322.45001,321.89001,322.44,189558
2026-09-10 10:57:00,322.42001,322.89001,322.42001,322.82001,257548
2026-09-10 10:58:00,322.82001,322.95001,322.60999,322.85541,207058
2026-09-10 10:59:00,322.845,323.19,322.70999,323.010101,447794
2026-09-10 11:00:00,323.040009,323.13,322.8143,322.89001,256158
2026-09-10 11:01:00,322.89999,323.13,322.29001,322.38,289883
2026-09-10 11:02:00,322.38,322.67001,322.060089,322.60001,169641
2026-09-10 11:03:00,322.60999,322.73001,322.35001,322.685,129263
2026-09-10 11:04:00,322.71719,323.13,322.69,323.03009,198664
2026-09-10 11:05:00,323.016998,323.22,322.70999,322.76001,244598
2026-09-10 11:06:00,322.76001,323.32999,322.70999,323.29999,211000
2026-09-10 11:07:00,323.315,323.36981,322.90009,323.070007,116583
2026-09-10 11:08:00,323.085114,323.37,322.9101,323.0,150326
2026-09-10 11:09:00,323.040009,323.059998,322.42261,322.5,130847
2026-09-10 11:10:00,322.47,322.85001,322.44,322.75,90537
2026-09-10 11:11:00,322.76001,322.7699,322.5,322.53,75136
2026-09-10 11:12:00,322.53461,322.70001,322.22,322.28,104161
2026-09-10 11:13:00,322.26599,322.3374,322.010101,322.20999,91968
2026-09-10 11:14:00,322.19,322.21539,321.76999,321.94,170729
2026-09-10 11:15:00,321.92001,321.95999,321.62,321.81,109229
2026-09-10 11:16:00,321.87,322.0,321.73001,321.79001,77301
2026-09-10 11:17:00,321.78,322.26001,321.73999,322.22,92030
2026-09-10 11:18:00,322.23001,322.26501,321.97,322.089996,77837
2026-09-10 11:19:00,322.070007,322.075012,321.60001,321.73001,101603
2026-09-10 11:20:00,321.73999,322.17001,321.73999,322.070007,106802
2026-09-10 11:21:00,322.059998,322.079895,321.81,321.89828,59948
2026-09-10 11:22:00,321.89001,322.55771,321.84149,322.55771,104192
2026-09-10 11:23:00,322.56,322.74869,322.47009,322.48001,119967
2026-09-10 11:24:00,322.48999,322.98999,322.48999,322.95999,167378
2026-09-10 11:25:00,322.98001,323.0,322.745,322.80499,106048
2026-09-10 11:26:00,322.79999,323.39001,322.79999,323.32999,202182
2026-09-10 11:27:00,323.345,323.43991,323.2001,323.36191,168040
2026-09-10 11:28:00,323.35999,323.67999,323.28,323.5101,229154
2026-09-10 11:29:00,323.54001,323.82001,323.39999,323.70999,152865
2026-09-10 11:30:00,323.67001,324.01001,323.60999,323.8201,311772
2026-09-10 11:31:00,323.85001,324.079987,323.78,323.85999,191171
2026-09-10 11:32:00,323.87991,323.91989,323.51999,323.56601,189449
2026-09-10 11:33:00,323.565,323.60999,323.22,323.51501,298056
2026-09-10 11:34:00,323.51001,323.92291,323.44,323.8959,199674
2026-09-10 11:35:00,323.91,324.059998,323.78,323.95999,134778
2026-09-10 11:36:00,323.95001,324.10001,323.89999,324.089996,122802
2026-09-10 11:37:00,324.085999,324.29999,324.027496,324.28,161762
2026-09-10 11:38:00,324.285,324.35001,323.66,323.66,181750
2026-09-10 11:39:00,323.6546,323.79001,323.34,323.75,234989
2026-09-10 11:40:00,323.76001,323.79001,323.51999,323.73499,69684
2026-09-10 11:41:00,323.73999,323.79001,323.049988,323.1199,236477
2026-09-10 11:42:00,323.10501,323.11819,322.64001,322.909,147008
2026-09-10 11:43:00,322.90469,323.16,322.70001,322.98001,114528
2026-09-10 11:44:00,322.9856,322.9856,322.38,322.48999,166139
2026-09-10 11:45:00,322.46561,322.63,321.78,322.049988,319330
2026-09-10 11:46:00,322.049988,322.10999,321.621,321.76999,180680
2026-09-10 11:47:00,321.74741,321.88,320.67999,321.0,409176
2026-09-10 11:48:00,320.97,321.01001,320.32001,320.32001,409775
2026-09-10 11:49:00,320.33801,320.45001,320.059998,320.059998,183976
2026-09-10 11:50:00,320.054993,320.34,319.84,320.26001,304996
2026-09-10 11:51:00,320.28,320.31,319.73999,319.79501,186959
2026-09-10 11:52:00,319.79401,319.94,319.28009,319.7984,255674
2026-09-10 11:53:00,319.79999,319.85501,319.3801,319.51419,115361
2026-09-10 11:54:00,319.53,320.26999,319.48169,319.85501,206594
2026-09-10 11:55:00,319.85001,320.0,319.64001,319.97501,121656
2026-09-10 11:56:00,319.97501,320.029999,319.45001,319.51001,166385
2026-09-10 11:57:00,319.51001,319.56,319.22,319.26001,118277
2026-09-10 11:58:00,319.26691,319.83499,319.22,319.76001,158019
2026-09-10 11:59:00,319.755,319.815,319.54999,319.57001,92904
2026-09-10 12:00:00,319.565,319.63989,319.20999,319.44,140007
2026-09-10 12:01:00,319.42999,319.93979,319.25,319.79449,142529
2026-09-10 12:02:00,319.76001,319.92001,319.63,319.685,188553
2026-09-10 12:03:00,319.67999,319.84,319.29999,319.35501,82969
2026-09-10 12:04:00,319.35501,319.76999,319.3501,319.62,114612
2026-09-10 12:05:00,319.61911,319.67001,319.50269,319.57001,69507
2026-09-10 12:06:00,319.595,319.69,319.35999,319.54501,60353
2026-09-10 12:07:00,319.54501,319.81812,319.53,319.73801,94089
2026-09-10 12:08:00,319.74991,320.019989,319.64999,319.92999,101467
2026-09-10 12:09:00,319.935,320.20001,319.91,320.10001,97498
2026-09-10 12:10:00,320.117,320.117,319.70001,319.79999,292990
2026-09-10 12:11:00,319.80499,320.10999,319.73001,320.070007,133109
2026-09-10 12:12:00,320.059998,320.44,320.015015,320.42001,188308
2026-09-10 12:13:00,320.39999,320.48999,320.27011,320.35001,141017
2026-09-10 12:14:00,320.345,320.41,320.070099,320.13501,88648
2026-09-10 12:15:00,320.13501,320.26999,320.019989,320.25281,85880
2026-09-10 12:16:00,320.245,320.29001,320.059998,320.19,84824
2026-09-10 12:17:00,320.185,320.35999,320.185,320.28009,68689
2026-09-10 12:18:00,320.31,320.45999,320.28,320.34799,67298
2026-09-10 12:19:00,320.33011,320.47,320.31,320.36011,72216
2026-09-10 12:20:00,320.38,320.48999,320.019989,320.20999,114010
2026-09-10 12:21:00,320.20279,320.42001,320.15009,320.32001,60295
2026-09-10 12:22:00,320.32999,320.42001,320.17001,320.17001,71162
2026-09-10 12:23:00,320.18799,320.37,319.95999,320.32999,98221
2026-09-10 12:24:00,320.34991,320.4899,320.26001,320.4899,55360
2026-09-10 12:25:00,320.48999,320.73001,320.42999,320.66501,325480
2026-09-10 12:26:00,320.66,321.31,320.57999,321.25,191384
2026-09-10 12:27:00,321.26001,321.48001,321.14999,321.45181,130797
2026-09-10 12:28:00,321.4501,321.57999,321.31,321.43939,114067
2026-09-10 12:29:00,321.44,321.92001,321.435,321.905,162436
2026-09-10 12:30:00,321.85501,321.9299,321.64999,321.78,112345
2026-09-10 12:31:00,321.776,321.79001,321.31,321.31,138002
2026-09-10 12:32:00,321.34,321.64999,321.26001,321.61499,166204
2026-09-10 12:33:00,321.63,321.82999,321.62,321.76001,65722
2026-09-10 12:34:00,321.76999,321.79739,321.32999,321.64001,128780
2026-09-10 12:35:00,321.63,322.2399,321.60001,322.053009,175329
2026-09-10 12:36:00,322.095001,322.92999,322.070007,322.74011,433165
2026-09-10 12:37:00,322.78,323.29001,322.74011,323.17001,173770
2026-09-10 12:38:00,323.17001,323.38,323.1001,323.13,125335
2026-09-10 12:39:00,323.12009,323.28,322.90009,323.040009,133204
2026-09-10 12:40:00,323.040802,323.70001,323.040802,323.625,198491
2026-09-10 12:41:00,323.625,323.63541,323.23001,323.48999,172264
2026-09-10 12:42:00,323.51001,323.61499,323.44,323.52499,121095
2026-09-10 12:43:00,323.52499,324.23001,323.4501,324.16501,304666
2026-09-10 12:44:00,324.19,324.73001,324.089996,324.4899,342436
2026-09-10 12:45:00,324.47501,324.67999,324.23001,324.25989,331711
2026-09-10 12:46:00,324.27499,324.44,323.75,324.37,249790
2026-09-10 12:47:00,324.35001,324.82999,323.98001,324.12,306378
2026-09-10 12:48:00,324.13,324.51999,323.89999,323.90109,250228
2026-09-10 12:49:00,323.905,323.98999,323.45001,323.45001,302721
2026-09-10 12:50:00,323.45999,324.21991,323.39999,323.94,201947
2026-09-10 12:51:00,323.90009,324.22,323.63,323.63,157731
2026-09-10 12:52:00,323.63,323.98001,323.35999,323.42001,158735
2026-09-10 12:53:00,323.39001,323.76001,323.37,323.60999,99602
2026-09-10 12:54:00,323.55011,323.79999,323.41739,323.55499,85905
2026-09-10 12:55:00,323.54001,323.61499,323.38,323.5,71350
2026-09-10 12:56:00,323.48959,323.76999,323.42001,323.755,71024
2026-09-10 12:57:00,323.73001,324.079987,323.60001,323.67001,159553
2026-09-10 12:58:00,323.67001,323.76501,323.44,323.52499,84941
2026-09-10 12:59:00,323.51999,323.51999,323.029999,323.35001,88295
2026-09-10 13:00:00,323.35431,323.35431,323.079987,323.19989,89905
2026-09-10 13:01:00,323.17001,323.20999,322.85001,322.91501,108022
2026-09-10 13:02:00,322.92999,323.51999,322.92999,323.14011,154421
2026-09-10 13:03:00,323.20001,323.34991,323.13,323.23499,95550
2026-09-10 13:04:00,323.25269,323.285,323.056213,323.13239,54821
2026-09-10 13:05:00,323.14999,323.59,323.10999,323.57001,95253
2026-09-10 13:06:00,323.56,323.60999,323.31,323.42999,88927
2026-09-10 13:07:00,323.42999,323.53,323.16,323.16,64590
2026-09-10 13:08:00,323.2099,323.39999,323.010101,323.35999,82544
2026-09-10 13:09:00,323.38501,323.42999,323.24011,323.42999,43354
2026-09-10 13:10:00,323.46219,323.67001,323.44,323.60001,129348
2026-09-10 13:11:00,323.59851,323.76999,323.57999,323.76001,97566
2026-09-10 13:12:00,323.75,323.98999,323.75,323.92499,83012
2026-09-10 13:13:00,323.92499,323.94,323.59,323.60501,58478
2026-09-10 13:14:00,323.60501,323.7348,323.47,323.54999,51448
2026-09-10 13:15:00,323.565,323.73499,323.5101,323.5101,45986
2026-09-10 13:16:00,323.53,323.63,323.5,323.57999,35645
2026-09-10 13:17:00,323.59991,323.69,323.42001,323.67859,52823
2026-09-10 13:18:00,323.69,323.73999,323.62201,323.69,64703
2026-09-10 13:19:00,323.69,323.87,323.60001,323.83499,94951
2026-09-10 13:20:00,323.82999,323.8999,323.73001,323.85999,59989
2026-09-10 13:21:00,323.845,323.85001,323.67001,323.67999,75660
2026-09-10 13:22:00,323.67999,324.089996,323.67999,323.97,159900
2026-09-10 13:23:00,324.0,324.029999,323.73999,323.85001,87907
2026-09-10 13:24:00,323.85999,324.079987,323.82999,323.95999,117760
2026-09-10 13:25:00,323.93521,324.10001,323.87,324.070007,164699
2026-09-10 13:26:00,324.099915,324.29001,324.040009,324.23999,131045
2026-09-10 13:27:00,324.23001,324.42999,323.91049,324.079987,209866
2026-09-10 13:28:00,324.074005,324.60999,324.049988,324.56,164602
2026-09-10 13:29:00,324.56,324.86499,324.42999,324.82199,207403
2026-09-10 13:30:00,324.84,324.85999,324.35001,324.565,177368
2026-09-10 13:31:00,324.57501,324.95001,324.51999,324.84,224430
2026-09-10 13:32:00,324.84,325.5,324.84,325.155,586156
2026-09-10 13:33:00,325.15799,325.54999,325.14001,325.37,278797
2026-09-10 13:34:00,325.358,325.48001,325.23999,325.32501,154343
2026-09-10 13:35:00,325.32001,325.67999,325.258,325.34991,167837
2026-09-10 13:36:00,325.32999,325.41,325.10001,325.245,181225
2026-09-10 13:37:00,325.25,325.26001,324.91269,324.92001,157128
2026-09-10 13:38:00,324.92001,325.25,324.78,325.089996,149409
2026-09-10 13:39:00,325.089905,325.16379,324.89001,325.10001,87129
2026-09-10 13:40:00,325.12,325.26999,325.089996,325.18619,98580
2026-09-10 13:41:00,325.17999,325.39999,325.12039,325.32501,92400
2026-09-10 13:42:00,325.315,325.42999,325.22,325.28,127213
2026-09-10 13:43:00,325.28,325.51001,325.26001,325.42001,100971
2026-09-10 13:44:00,325.41501,325.45001,325.32001,325.44,85894
2026-09-10 13:45:00,325.44,325.54999,325.16,325.215,101335
2026-09-10 13:46:00,325.21011,325.29999,325.040009,325.10999,80680
2026-09-10 13:47:00,325.10999,325.39999,325.059998,325.079987,95664
2026-09-10 13:48:00,325.079987,325.5,325.079987,325.46271,106649
2026-09-10 13:49:00,325.43011,325.64999,325.38,325.39001,115910
2026-09-10 13:50:00,325.39499,325.5899,325.12,325.20001,116566
2026-09-10 13:51:00,325.22501,325.38501,325.20001,325.285,66035
2026-09-10 13:52:00,325.28,325.44,325.22,325.26001,74036
2026-09-10 13:53:00,325.26001,325.31,325.12,325.23599,62765
2026-09-10 13:54:00,325.23001,325.27499,324.98001,325.0,95414
2026-09-10 13:55:00,324.98999,325.25,324.95001,325.215,101342
2026-09-10 13:56:00,325.20001,325.26001,325.1376,325.23001,64536
2026-09-10 13:57:00,325.215,325.53989,325.14001,325.47501,119658
2026-09-10 13:58:00,325.45999,325.54999,325.39999,325.44,83455
2026-09-10 13:59:00,325.43011,325.45001,324.97,325.01001,125828
2026-09-10 14:00:00,325.029999,325.19,324.70999,325.065002,181295
2026-09-10 14:01:00,325.079895,325.089996,324.5,324.60001,147587
2026-09-10 14:02:00,324.59,324.59,324.22,324.285,97882
2026-09-10 14:03:00,324.29001,324.3299,324.069397,324.13101,80882
2026-09-10 14:04:00,324.13,324.38,324.01001,324.024994,94872
2026-09-10 14:05:00,324.040009,324.10901,323.60001,323.63501,143321
2026-09-10 14:06:00,323.63501,324.0050049,323.625,323.87,99015
2026-09-10 14:07:00,323.84,324.0,323.70001,323.82999,69691
2026-09-10 14:08:00,323.82999,324.01001,323.60999,323.63461,121298
2026-09-10 14:09:00,323.64001,323.64539,323.45001,323.60001,75848
2026-09-10 14:10:00,323.60001,323.76971,323.51001,323.60001,99774
2026-09-10 14:11:00,323.60001,323.85989,323.5,323.76001,121468
2026-09-10 14:12:00,323.76001,323.89999,323.7139,323.82501,81751
2026-09-10 14:13:00,323.85001,323.92999,323.72009,323.92001,80496
2026-09-10 14:14:00,323.91501,323.94,323.63,323.64999,67650
2026-09-10 14:15:00,323.64999,323.64999,323.39999,323.48001,107635
2026-09-10 14:16:00,323.48001,323.73001,323.41,323.59009,62304
2026-09-10 14:17:00,323.59,323.60141,323.38,323.54739,60091
2026-09-10 14:18:00,323.53,323.72171,323.51001,323.69989,49928
2026-09-10 14:19:00,323.69,323.90991,323.60999,323.79501,81897
2026-09-10 14:20:00,323.79501,324.0,323.73001,323.94,100963
2026-09-10 14:21:00,323.92999,324.18991,323.89001,324.099915,140105
2026-09-10 14:22:00,324.075012,324.20001,323.98999,324.14999,72937
2026-09-10 14:23:00,324.14001,324.39001,324.089996,324.38,104087
2026-09-10 14:24:00,324.38,324.47,324.14999,324.15009,85779
2026-09-10 14:25:00,324.14999,324.3165,324.1301,324.28,46263
2026-09-10 14:26:00,324.29999,324.42999,324.2421,324.41,65088
2026-09-10 14:27:00,324.39999,324.41,324.2395,324.32001,65977
2026-09-10 14:28:00,324.32001,324.45999,324.32001,324.41,76868
2026-09-10 14:29:00,324.39001,324.42999,324.10999,324.12,83794
2026-09-10 14:30:00,324.11011,324.255,324.040009,324.11499,56400
2026-09-10 14:31:00,324.10501,324.25061,324.040009,324.16,52015
2026-09-10 14:32:00,324.17999,324.2244,323.87009,323.92709,55809
2026-09-10 14:33:00,323.88,323.92999,323.66,323.67999,76841
2026-09-10 14:34:00,323.70999,323.88,323.63,323.871,64842
2026-09-10 14:35:00,323.87,324.14999,323.8414,324.14999,77921
2026-09-10 14:36:00,324.14999,324.37991,324.12009,324.22501,68811
2026-09-10 14:37:00,324.2001,324.22501,323.95999,323.98999,54116
2026-09-10 14:38:00,324.013885,324.17999,324.0,324.14499,37120
2026-09-10 14:39:00,324.14001,324.28,324.10001,324.25,64701
2026-09-10 14:40:00,324.23001,324.28989,324.10999,324.17999,48768
2026-09-10 14:41:00,324.20001,324.35999,324.17001,324.3399,51220
2026-09-10 14:42:00,324.34,324.39999,324.23001,324.32999,76347
2026-09-10 14:43:00,324.32999,324.42999,324.29001,324.34,49940
2026-09-10 14:44:00,324.34,324.55499,324.2366,324.39999,95647
2026-09-10 14:45:00,324.39999,324.42529,324.20999,324.35999,50494
2026-09-10 14:46:00,324.35251,324.67999,324.31439,324.61499,124948
2026-09-10 14:47:00,324.62,324.677,324.54999,324.595,60709
2026-09-10 14:48:00,324.57999,324.65729,324.45001,324.59009,49074
2026-09-10 14:49:00,324.59009,324.89999,324.5401,324.84,87889
2026-09-10 14:50:00,324.84,325.040009,324.7601,325.019989,107983
2026-09-10 14:51:00,325.029999,325.32999,324.98001,325.10999,142122
2026-09-10 14:52:00,325.12,325.46939,325.10999,325.41,134716
2026-09-10 14:53:00,325.39999,325.47839,325.31,325.39999,78140
2026-09-10 14:54:00,325.405,325.5,325.35999,325.36499,96703
2026-09-10 14:55:00,325.38,325.38989,325.19,325.27499,120298
2026-09-10 14:56:00,325.255,325.47,325.22751,325.29999,81873
2026-09-10 14:57:00,325.29541,325.35001,325.23001,325.28021,47177
2026-09-10 14:58:00,325.29999,325.35541,325.25,325.29501,57385
2026-09-10 14:59:00,325.285,325.45999,325.20999,325.38,77144
2026-09-10 15:00:00,325.38,325.42911,325.12009,325.3801,110561
2026-09-10 15:01:00,325.39999,325.39999,325.10999,325.12,65287
2026-09-10 15:02:00,325.11499,325.125,324.97,325.070007,113686
2026-09-10 15:03:00,325.089996,325.17499,325.049988,325.12,54773
2026-09-10 15:04:00,325.12,325.26001,325.040009,325.040009,60645
2026-09-10 15:05:00,325.049988,325.089996,324.94,324.98999,77222
2026-09-10 15:06:00,324.98999,325.27499,324.97,325.26001,83498
2026-09-10 15:07:00,325.26501,325.35001,325.10999,325.17001,125132
2026-09-10 15:08:00,325.19,325.38,325.14001,325.20499,124876
2026-09-10 15:09:00,325.20801,325.59,325.13501,325.45001,165832
2026-09-10 15:10:00,325.465,325.54001,325.30011,325.39999,110214
2026-09-10 15:11:00,325.38611,325.44,325.29001,325.38501,90156
2026-09-10 15:12:00,325.38501,325.69,325.25,325.56,158750
2026-09-10 15:13:00,325.57501,325.72,325.56,325.61499,108633
2026-09-10 15:14:00,325.64999,325.88501,325.64999,325.79999,154025
2026-09-10 15:15:00,325.79001,325.98001,325.78009,325.80011,160927
2026-09-10 15:16:00,325.815,326.12,325.75,325.76999,205052
2026-09-10 15:17:00,325.78519,325.89001,325.7001,325.70999,112533
2026-09-10 15:18:00,325.70801,325.845,325.61041,325.70761,113091
2026-09-10 15:19:00,325.72,325.7858,325.56799,325.70801,97630
2026-09-10 15:20:00,325.73569,325.92999,325.5426,325.55069,125004
2026-09-10 15:21:00,325.55499,325.59,325.45999,325.53,81232
2026-09-10 15:22:00,325.53381,325.57999,325.35001,325.39499,81242
2026-09-10 15:23:00,325.39499,325.3999,325.23761,325.23999,93872
2026-09-10 15:24:00,325.23999,325.64999,325.2301,325.60001,72825
2026-09-10 15:25:00,325.63,325.76999,325.42999,325.435,105214
2026-09-10 15:26:00,325.42999,325.45999,325.20001,325.3186,124349
2026-09-10 15:27:00,325.25,325.435,325.23999,325.38,66726
2026-09-10 15:28:00,325.39001,325.48001,325.29001,325.33011,68769
2026-09-10 15:29:00,325.35999,325.39999,325.19,325.285,96574
2026-09-10 15:30:00,325.26999,325.39001,325.17001,325.25909,73463
2026-09-10 15:31:00,325.25989,325.465,325.20999,325.39999,102683
2026-09-10 15:32:00,325.405,325.53,325.22601,325.26321,100555
2026-09-10 15:33:00,325.27499,325.47,325.26999,325.44501,71757
2026-09-10 15:34:00,325.44,325.62,325.435,325.53601,111901
2026-09-10 15:35:00,325.54001,325.58499,325.28,325.28009,83286
2026-09-10 15:36:00,325.29001,325.48001,325.25,325.42999,76283
2026-09-10 15:37:00,325.42001,325.51999,325.35001,325.51501,61311
2026-09-10 15:38:00,325.51501,325.76001,325.48999,325.73999,127183
2026-09-10 15:39:00,325.745,325.82001,325.66501,325.73499,102051
2026-09-10 15:40:00,325.75,325.83499,325.56,325.58499,107998
2026-09-10 15:41:00,325.58499,325.67001,325.37009,325.39001,100361
2026-09-10 15:42:00,325.38,325.5654,325.38,325.56,91951
2026-09-10 15:43:00,325.57001,325.60989,325.39001,325.5,125863
2026-09-10 15:44:00,325.495,325.57001,325.34,325.3999,102688
2026-09-10 15:45:00,325.37,325.56989,325.31,325.39999,115452
2026-09-10 15:46:00,325.3967,325.42999,325.17001,325.216,101488
2026-09-10 15:47:00,325.22501,325.41,325.20001,325.35001,91214
2026-09-10 15:48:00,325.36499,325.60999,325.25,325.59,125004
2026-09-10 15:49:00,325.57999,325.85501,325.54001,325.85501,181155
2026-09-10 15:50:00,325.85001,325.97,325.75,325.78,174260
2026-09-10 15:51:00,325.78,325.94,325.70999,325.70999,154555
2026-09-10 15:52:00,325.7193,325.85999,325.64999,325.70999,144110
2026-09-10 15:53:00,325.70499,326.019989,325.54001,325.94,277062
2026-09-10 15:54:00,325.94501,326.049988,325.61499,325.61499,287143
2026-09-10 15:55:00,325.63501,326.13,325.58011,326.070007,301880
2026-09-10 15:56:00,326.070007,326.465,326.070007,326.42999,302907
2026-09-10 15:57:00,326.42001,326.5,326.185,326.34,402040
2026-09-10 15:58:00,326.34,326.5,326.20001,326.45999,549658
2026-09-10 15:59:00,326.465,326.67999,326.29501,326.595,933400
2026-09-11 09:30:00,327.63,328.25351,326.29999,327.64011,1803938
2026-09-11 09:31:00,327.57999,329.37,327.48001,328.51999,485966
2026-09-11 09:32:00,328.55499,329.48001,328.35501,328.87021,303032
2026-09-11 09:33:00,328.89999,330.89001,328.79001,330.76569,706406
2026-09-11 09:34:00,330.73999,332.28,330.42999,331.98001,673375
2026-09-11 09:35:00,331.95999,332.73001,331.41,332.53,640071
2026-09-11 09:36:00,332.54001,333.70001,332.54001,333.22,765333
2026-09-11 09:37:00,333.245,333.75,332.95001,333.17999,380571
2026-09-11 09:38:00,333.10001,333.39499,332.23999,332.8999,425525
2026-09-11 09:39:00,332.89001,334.26999,332.89001,334.12,635860
2026-09-11 09:40:00,334.12,334.16,333.049988,333.19501,427721
2026-09-11 09:41:00,333.20001,333.59,332.70001,332.95999,289848
2026-09-11 09:42:00,333.070007,333.91,333.059998,333.89001,213758
2026-09-11 09:43:00,333.85999,334.01001,333.32001,333.55011,199225
2026-09-11 09:44:00,333.58499,333.73999,332.92999,333.35001,138276
2026-09-11 09:45:00,333.39001,333.75,332.67999,333.0,224860
2026-09-11 09:46:00,332.90021,333.0,332.38,332.44,236984
2026-09-11 09:47:00,332.42999,332.47,331.82001,332.01001,355764
2026-09-11 09:48:00,331.98499,332.13,331.01001,331.215,325900
2026-09-11 09:49:00,331.23999,331.94,331.215,331.7077,154466
2026-09-11 09:50:00,331.6575,332.42499,331.31,332.37579,173885
2026-09-11 09:51:00,332.375,332.78,332.35001,332.57599,222025
2026-09-11 09:52:00,332.64001,332.73999,331.39999,331.44,142833
2026-09-11 09:53:00,331.465,331.965,331.35001,331.92999,127826
2026-09-11 09:54:00,331.93719,332.22,331.60999,331.80499,118122
2026-09-11 09:55:00,331.82001,332.0,331.45001,331.83499,106629
2026-09-11 09:56:00,331.84,332.47,331.83841,332.23499,110367
2026-09-11 09:57:00,332.26999,332.95001,332.26999,332.745,141840
2026-09-11 09:58:00,332.72,332.95999,332.61011,332.70001,136124
2026-09-11 09:59:00,332.67999,332.72,332.17999,332.47,112252
2026-09-11 10:00:00,332.405,332.69,332.23999,332.30499,110471
2026-09-11 10:01:00,332.31,332.44501,331.76999,332.016693,203074
2026-09-11 10:02:00,332.051514,332.88,332.0,332.26999,142914
2026-09-11 10:03:00,332.28,332.76001,332.12,332.64001,101860
2026-09-11 10:04:00,332.67841,332.92999,332.45001,332.76501,147156
2026-09-11 10:05:00,332.78,332.82999,332.26001,332.35501,82647
2026-09-11 10:06:00,332.38,332.78,332.20999,332.6199,86779
2026-09-11 10:07:00,332.57501,332.59009,332.32709,332.54999,69440
2026-09-11 10:08:00,332.54239,332.75,332.465,332.53,72617
2026-09-11 10:09:00,332.54999,332.60001,332.42001,332.495,49213
2026-09-11 10:10:00,332.51001,332.89999,332.41,332.69,123879
2026-09-11 10:11:00,332.7247,332.74271,332.45999,332.73999,85701
2026-09-11 10:12:00,332.72,332.82001,332.25101,332.28,76007
2026-09-11 10:13:00,332.29001,332.41,332.019989,332.29999,92254
2026-09-11 10:14:00,332.29001,332.32001,331.6601,331.70001,105615
2026-09-11 10:15:00,331.73999,332.15009,331.6601,332.029999,106846
2026-09-11 10:16:00,332.035004,332.29999,331.995,332.10001,65902
2026-09-11 10:17:00,332.079987,332.13,331.79999,332.10229,69619
2026-09-11 10:18:00,332.12991,332.25,332.0,332.18591,75630
2026-09-11 10:19:00,332.1601,332.35001,332.019989,332.17999,62639
2026-09-11 10:20:00,332.17001,332.46909,332.040009,332.40399,63693
2026-09-11 10:21:00,332.405,332.89999,332.39499,332.76999,147760
2026-09-11 10:22:00,332.79001,333.20001,332.78479,333.18201,209821
2026-09-11 10:23:00,333.185,333.5,333.185,333.45001,176864
2026-09-11 10:24:00,333.5,333.64999,333.39999,333.595,184117
2026-09-11 10:25:00,333.595,333.72,333.35001,333.54999,143553
2026-09-11 10:26:00,333.54999,334.079987,333.51001,334.049988,259748
2026-09-11 10:27:00,334.059998,334.345,333.99051,334.22681,205039
2026-09-11 10:28:00,334.245,334.59,334.10999,334.35001,216545
2026-09-11 10:29:00,334.34,334.45499,334.070007,334.085114,205297
2026-09-11 10:30:00,334.088287,334.10999,333.38,333.48001,328725
2026-09-11 10:31:00,333.53,333.67999,332.42001,333.10999,484560
2026-09-11 10:32:00,333.14001,334.10001,333.10999,334.10001,140848
2026-09-11 10:33:00,334.089996,334.28,334.0,334.21011,136776
2026-09-11 10:34:00,334.23999,334.32001,333.6261,333.72299,138974
2026-09-11 10:35:00,333.76001,334.22,333.58499,334.10999,104687
2026-09-11 10:36:00,334.125,334.34549,333.785,333.9201,117771
2026-09-11 10:37:00,333.94501,334.23999,333.94501,334.17999,114023
2026-09-11 10:38:00,334.1701,334.35001,334.040009,334.17081,124996
2026-09-11 10:39:00,334.14191,334.29999,334.040009,334.155,100221
2026-09-11 10:40:00,334.155,334.89999,334.155,334.72,280974
2026-09-11 10:41:00,334.72299,334.90991,334.5,334.59,148429
2026-09-11 10:42:00,334.57001,334.82001,334.44,334.81,136009
2026-09-11 10:43:00,334.81,334.81,334.54001,334.64001,129689
2026-09-11 10:44:00,334.64001,334.73001,334.4501,334.70001,158734
2026-09-11 10:45:00,334.70999,334.82001,334.26999,334.76999,146345
2026-09-11 10:46:00,334.785,334.79001,334.20999,334.34509,162323
2026-09-11 10:47:00,334.32999,334.6539,334.27499,334.44,87105
2026-09-11 10:48:00,334.41,334.85001,334.23999,334.52509,179911
2026-09-11 10:49:00,334.51709,334.76501,334.42999,334.69,107631
2026-09-11 10:50:00,334.67499,335.079987,334.56,334.8501,501753
2026-09-11 10:51:00,334.89001,335.28,334.89001,335.155,278404
2026-09-11 10:52:00,335.14001,335.23999,334.73001,335.049988,251971
2026-09-11 10:53:00,335.040009,335.35001,335.019989,335.10001,173986
2026-09-11 10:54:00,335.095093,335.39999,335.089996,335.35999,177467
2026-09-11 10:55:00,335.38,335.42999,334.75,334.98001,248867
2026-09-11 10:56:00,334.97,335.10001,334.89999,334.94,131852
2026-09-11 10:57:00,334.95999,335.17999,334.85999,335.14011,171771
2026-09-11 10:58:00,335.14999,335.29999,335.070404,335.14511,85585
2026-09-11 10:59:00,335.14499,335.23001,334.95999,334.95999,67964
2026-09-11 11:00:00,335.019989,335.48999,334.94,335.44,354286
2026-09-11 11:01:00,335.45499,335.47,335.1701,335.37,89861
2026-09-11 11:02:00,335.38,335.51999,335.10001,335.23001,104059
2026-09-11 11:03:00,335.25,335.57959,335.10001,335.41501,128399
2026-09-11 11:04:00,335.41501,335.64001,335.24011,335.60001,85253
2026-09-11 11:05:00,335.60001,335.70499,335.56,335.57999,159509
2026-09-11 11:06:00,335.57999,335.60501,335.31,335.43561,162668
2026-09-11 11:07:00,335.47,335.6225,335.405,335.54999,76819
2026-09-11 11:08:00,335.55499,335.7399,335.37,335.41501,98432
2026-09-11 11:09:00,335.42001,335.75,335.42001,335.625,125566
2026-09-11 11:10:00,335.625,335.64999,335.45999,335.53989,64256
2026-09-11 11:11:00,335.53,335.655,335.44,335.61499,103956
2026-09-11 11:12:00,335.63,336.22,335.60001,336.10999,344351
2026-09-11 11:13:00,336.12,336.13,335.44,335.76001,146922
2026-09-11 11:14:00,335.79999,335.98001,335.48499,335.54001,103026
2026-09-11 11:15:00,335.51501,335.98001,335.51501,335.875,98679
2026-09-11 11:16:00,335.87,336.16,335.81,335.89999,119215
2026-09-11 11:17:00,335.91101,335.91501,335.66,335.82001,66968
2026-09-11 11:18:00,335.81979,335.88,335.48001,335.785,162529
2026-09-11 11:19:00,335.79001,335.79001,335.57001,335.6167,47535
2026-09-11 11:20:00,335.60001,335.63,335.17001,335.19,143553
2026-09-11 11:21:00,335.15979,335.67041,335.14999,335.57001,85465
2026-09-11 11:22:00,335.55499,335.55499,335.12009,335.14999,149528
2026-09-11 11:23:00,335.15009,335.82999,335.12,335.67999,90043
2026-09-11 11:24:00,335.67831,335.75,335.26001,335.48999,93433
2026-09-11 11:25:00,335.48999,335.51001,335.12991,335.12991,125823
2026-09-11 11:26:00,335.11499,335.39001,335.083496,335.33499,74215
2026-09-11 11:27:00,335.35999,335.56,335.33499,335.54999,61523
2026-09-11 11:28:00,335.54999,335.66,335.32001,335.32001,76115
2026-09-11 11:29:00,335.32001,335.5899,335.22,335.57001,58599
2026-09-11 11:30:00,335.54001,335.54001,335.17001,335.31,62671
2026-09-11 11:31:00,335.2901,335.32999,335.10001,335.17001,63283
2026-09-11 11:32:00,335.16501,335.22,335.049988,335.11499,74884
2026-09-11 11:33:00,335.125,335.47,335.10999,335.31,110212
2026-09-11 11:34:00,335.32001,335.32999,335.13101,335.14001,53245
2026-09-11 11:35:00,335.13,335.17001,334.84,334.91501,150876
2026-09-11 11:36:00,334.91501,335.070007,334.81,335.045013,117603
2026-09-11 11:37:00,335.027496,335.070007,334.70001,334.82001,99312
2026-09-11 11:38:00,334.82001,334.82959,334.62,334.72,105467
2026-09-11 11:39:00,334.70999,334.95001,334.70001,334.94,68914
2026-09-11 11:40:00,334.92999,334.98999,334.78,334.82001,65603
2026-09-11 11:41:00,334.82001,335.089996,334.80011,335.049988,95232
2026-09-11 11:42:00,335.019989,335.16501,334.79999,334.87341,84234
2026-09-11 11:43:00,334.89999,335.17999,334.89001,334.89001,101146
2026-09-11 11:44:00,334.91,334.98999,334.73999,334.78,63257
2026-09-11 11:45:00,334.79001,334.85001,334.69,334.79001,44522
2026-09-11 11:46:00,334.78,334.815,334.48001,334.51999,97166
2026-09-11 11:47:00,334.53,334.64999,334.39999,334.54001,101927
2026-09-11 11:48:00,334.54999,334.6543,334.44,334.62,45335
2026-09-11 11:49:00,334.56339,334.66,334.41,334.51001,43825
2026-09-11 11:50:00,334.51001,334.67999,334.47,334.57501,50622
2026-09-11 11:51:00,334.57001,334.60999,334.45001,334.60089,50181
2026-09-11 11:52:00,334.62,334.62,334.48999,334.51999,53367
2026-09-11 11:53:00,334.535,334.60001,334.32001,334.35501,57209
2026-09-11 11:54:00,334.37,334.4599,334.25,334.27679,78631
2026-09-11 11:55:00,334.2999,334.35999,334.070007,334.079987,179466
2026-09-11 11:56:00,334.079987,334.089996,333.69,333.79001,137064
2026-09-11 11:57:00,333.81189,334.069885,333.79001,333.88,89109
2026-09-11 11:58:00,333.875,333.88,333.76001,333.82001,131784
2026-09-11 11:59:00,333.82001,334.070007,333.78,333.91751,113074
2026-09-11 12:00:00,333.94,334.14999,333.84,333.88,72567
2026-09-11 12:01:00,333.88,334.048401,333.76999,333.91,86269
2026-09-11 12:02:00,333.91,333.92999,333.81,333.8251,43153
2026-09-11 12:03:00,333.82999,333.98001,333.70001,333.745,72967
2026-09-11 12:04:00,333.75,333.89001,333.73999,333.8566,64299
2026-09-11 12:05:00,333.87,333.88,333.729,333.76001,51150
2026-09-11 12:06:00,333.7507,333.85001,333.63,333.70999,64661
2026-09-11 12:07:00,333.69,334.0,333.69,333.78,70504
2026-09-11 12:08:00,333.79501,334.079987,333.75,334.049988,58525
2026-09-11 12:09:00,334.049988,334.5,334.040009,334.49899,129951
2026-09-11 12:10:00,334.46609,334.49701,334.32999,334.41,61867
2026-09-11 12:11:00,334.39499,334.58151,334.375,334.47,89651
2026-09-11 12:12:00,334.48001,334.59,334.33231,334.43011,88750
2026-09-11 12:13:00,334.47,334.75,334.39499,334.67001,112563
2026-09-11 12:14:00,334.67999,334.76999,334.5975,334.70999,70575
2026-09-11 12:15:00,334.67001,334.79999,334.56,334.78,82448
2026-09-11 12:16:00,334.78,334.84,334.6441,334.67499,60215
2026-09-11 12:17:00,334.67499,334.70001,334.41,334.435,76221
2026-09-11 12:18:00,334.45999,334.63989,334.42001,334.52499,74769
2026-09-11 12:19:00,334.54999,334.59,334.37,334.39999,51948
2026-09-11 12:20:00,334.42999,334.44,334.23001,334.23001,69413
2026-09-11 12:21:00,334.23001,334.39999,334.23001,334.30499,61232
2026-09-11 12:22:00,334.29001,334.2999,333.96039,334.089996,80283
2026-09-11 12:23:00,334.054993,334.19989,334.049988,334.17999,49366
2026-09-11 12:24:00,334.16501,334.19,333.98001,334.17001,92611
2026-09-11 12:25:00,334.17001,334.41,334.12,334.27499,41298
2026-09-11 12:26:00,334.29999,334.56989,334.255,334.48999,85315
2026-09-11 12:27:00,334.48499,334.48499,334.26001,334.28,67149
2026-09-11 12:28:00,334.31,334.38,334.20999,334.375,42557
2026-09-11 12:29:00,334.375,334.42001,334.070007,334.17001,78380
2026-09-11 12:30:00,334.19,334.41431,334.14001,334.25,73850
2026-09-11 12:31:00,334.245,334.31,334.10999,334.17001,52502
2026-09-11 12:32:00,334.17749,334.31,334.080414,334.29501,45128
2026-09-11 12:33:00,334.28,334.42999,334.14001,334.39999,72039
2026-09-11 12:34:00,334.41,334.4408,334.27499,334.27499,31611
2026-09-11 12:35:00,334.29999,334.38,334.04129,334.22,45894
2026-09-11 12:36:00,334.23999,334.31,333.92999,334.26999,69474
2026-09-11 12:37:00,334.26501,334.35999,334.019989,334.062286,49139
2026-09-11 12:38:00,334.070007,334.19,334.070007,334.19,53504
2026-09-11 12:39:00,334.17499,334.29999,334.10001,334.20001,42509
2026-09-11 12:40:00,334.20001,334.35999,334.17999,334.31,46190
2026-09-11 12:41:00,334.32999,334.33499,334.10999,334.15259,28709
2026-09-11 12:42:00,334.16,334.255,333.94,334.019989,57751
2026-09-11 12:43:00,334.024994,334.17999,333.94,334.13,47060
2026-09-11 12:44:00,334.1499,334.16,334.070007,334.13,32148
2026-09-11 12:45:00,334.14999,334.14999,333.92999,334.070007,76589
2026-09-11 12:46:00,334.070007,334.32999,334.045013,334.29999,47216
2026-09-11 12:47:00,334.29001,334.367,334.12,334.20001,49419
2026-09-11 12:48:00,334.20499,334.32999,334.155,334.26001,41315
2026-09-11 12:49:00,334.28,334.435,334.26999,334.41,48062
2026-09-11 12:50:00,334.42999,334.45999,334.32001,334.44,48724
2026-09-11 12:51:00,334.43201,334.48001,334.32999,334.35501,35149
2026-09-11 12:52:00,334.32999,334.51999,334.32999,334.39001,40281
2026-09-11 12:53:00,334.41,334.51501,334.39001,334.48001,36655
2026-09-11 12:54:00,334.47,334.51999,334.35999,334.44,36455
2026-09-11 12:55:00,334.44,334.48999,334.29999,334.36499,58679
2026-09-11 12:56:00,334.35999,334.53,334.35999,334.44,45830
2026-09-11 12:57:00,334.44501,334.51999,334.38,334.42999,25608
2026-09-11 12:58:00,334.42999,334.73001,334.42999,334.70999,46466
2026-09-11 12:59:00,334.70001,334.82999,334.59,334.745,80678
2026-09-11 13:00:00,334.745,334.85001,334.64999,334.685,53625
2026-09-11 13:01:00,334.655,334.70999,334.29501,334.29999,47509
2026-09-11 13:02:00,334.29999,334.48001,334.211,334.48001,50962
2026-09-11 13:03:00,334.48001,334.53,334.39999,334.47501,39069
2026-09-11 13:04:00,334.4798,334.48999,334.25,334.31,26694
2026-09-11 13:05:00,334.29001,334.42999,334.26001,334.37,28960
2026-09-11 13:06:00,334.39001,334.41501,334.26999,334.35501,20728
2026-09-11 13:07:00,334.35999,334.59,334.29999,334.36401,53643
2026-09-11 13:08:00,334.38,334.48019,334.32001,334.36499,27987
2026-09-11 13:09:00,334.36499,334.44,334.35001,334.39001,26834
2026-09-11 13:10:00,334.39001,334.39999,334.16,334.22,51250
2026-09-11 13:11:00,334.22,334.38,334.17999,334.21509,40439
2026-09-11 13:12:00,334.22159,334.35001,334.125,334.345,42776
2026-09-11 13:13:00,334.34,334.44,334.29999,334.31,35210
2026-09-11 13:14:00,334.285,334.3999,334.2616,334.34,27832
2026-09-11 13:15:00,334.35999,334.42999,334.31,334.37,35701
2026-09-11 13:16:00,334.38,334.47,334.29999,334.45001,34442
2026-09-11 13:17:00,334.45999,334.47,334.21078,334.26001,32190
2026-09-11 13:18:00,334.25,334.27499,334.040009,334.049988,39609
2026-09-11 13:19:00,334.067291,334.089996,333.89999,333.94,40216
2026-09-11 13:20:00,333.935,334.17001,333.935,334.040009,40992
2026-09-11 13:21:00,334.024994,334.13,333.89999,333.91501,47730
2026-09-11 13:22:00,333.91501,334.1799,333.89001,334.14001,34461
2026-09-11 13:23:00,334.13501,334.17001,334.029999,334.14499,29084
2026-09-11 13:24:00,334.15991,334.25,334.12009,334.19,28906
2026-09-11 13:25:00,334.19849,334.36499,334.185,334.25,41842
2026-09-11 13:26:00,334.23999,334.23999,334.059998,334.23001,43782
2026-09-11 13:27:00,334.23001,334.25,334.10001,334.14999,21955
2026-09-11 13:28:00,334.16461,334.17001,333.94009,333.94009,27541
2026-09-11 13:29:00,334.0,334.084991,333.82999,333.95001,43720
2026-09-11 13:30:00,333.95999,333.98001,333.85001,333.88821,42065
2026-09-11 13:31:00,333.88,334.14999,333.88,334.0050049,48761
2026-09-11 13:32:00,334.01001,334.29999,333.87,334.245,79582
2026-09-11 13:33:00,334.26001,334.29001,334.14999,334.14999,22391
2026-09-11 13:34:00,334.17499,334.17499,333.75,333.82001,50900
2026-09-11 13:35:00,333.79999,333.82001,333.48001,333.54001,97488
2026-09-11 13:36:00,333.53,333.60999,333.42001,333.57999,43019
2026-09-11 13:37:00,333.57999,333.67001,333.48999,333.5,56433
2026-09-11 13:38:00,333.51999,333.565,333.38,333.53,57338
2026-09-11 13:39:00,333.53,333.56,333.39999,333.48001,56740
2026-09-11 13:40:00,333.495,333.67001,333.39661,333.39661,66244
2026-09-11 13:41:00,333.39001,333.39999,333.13,333.16,58049
2026-09-11 13:42:00,333.16989,333.39001,333.13,333.35001,61157
2026-09-11 13:43:00,333.35001,333.35751,333.14999,333.2005,68222
2026-09-11 13:44:00,333.23499,333.29999,333.19,333.21951,67572
2026-09-11 13:45:00,333.22,333.35001,333.216,333.29501,35245
2026-09-11 13:46:00,333.29001,333.29001,333.10999,333.18011,111726
2026-09-11 13:47:00,333.20001,333.31,333.14499,333.26291,36716
2026-09-11 13:48:00,333.285,333.29999,332.92001,333.079407,83622
2026-09-11 13:49:00,333.095001,333.19,333.029999,333.10001,42973
2026-09-11 13:50:00,333.10999,333.10999,332.82001,332.89331,145113
2026-09-11 13:51:00,332.88,332.88,332.75,332.85001,137791
2026-09-11 13:52:00,332.85001,332.88,332.73999,332.82001,51864
2026-09-11 13:53:00,332.82001,333.049988,332.75,332.905,72741
2026-09-11 13:54:00,332.91,332.98999,332.82999,332.98001,34334
2026-09-11 13:55:00,332.98001,333.10001,332.94,333.0080872,53738
2026-09-11 13:56:00,333.019989,333.28,333.0,333.19,109594
2026-09-11 13:57:00,333.16,333.26999,333.14999,333.23999,50105
2026-09-11 13:58:00,333.25861,333.42499,333.23999,333.41501,46179
2026-09-11 13:59:00,333.42001,333.47,333.32999,333.38,48187
2026-09-11 14:00:00,333.375,333.54999,333.35001,333.51999,35720
2026-09-11 14:01:00,333.53,333.5799,333.42999,333.54001,74041
2026-09-11 14:02:00,333.54999,333.8299,333.54999,333.64999,243782
2026-09-11 14:03:00,333.64999,333.70279,333.53809,333.64999,49388
2026-09-11 14:04:00,333.64001,333.65991,333.25891,333.345,53741
2026-09-11 14:05:00,333.35001,333.38,332.92001,332.92001,55122
2026-09-11 14:06:00,332.94,333.029999,332.78,332.8031,73754
2026-09-11 14:07:00,332.85001,333.0,332.79001,332.81,49029
2026-09-11 14:08:00,332.79999,332.89001,332.60001,332.60001,112963
2026-09-11 14:09:00,332.62201,332.73001,332.60001,332.6601,54175
2026-09-11 14:10:00,332.67999,332.67999,332.57999,332.64999,34296
2026-09-11 14:11:00,332.64001,332.82999,332.63101,332.71011,59405
2026-09-11 14:12:00,332.72,332.755,332.63,332.66489,53101
2026-09-11 14:13:00,332.6499,332.81,332.59,332.81,37509
2026-09-11 14:14:00,332.81,332.87,332.72,332.79501,58558
2026-09-11 14:15:00,332.82001,332.82001,332.70001,332.76501,32740
2026-09-11 14:16:00,332.76001,332.85001,332.73999,332.76001,37564
2026-09-11 14:17:00,332.785,332.79901,332.73999,332.78,24717
2026-09-11 14:18:00,332.78,332.84,332.72501,332.81,28153
2026-09-11 14:19:00,332.815,332.92459,332.70001,332.78,37416
2026-09-11 14:20:00,332.78009,332.79999,332.54999,332.66,58166
2026-09-11 14:21:00,332.655,332.78,332.63,332.745,39008
2026-09-11 14:22:00,332.73318,333.0,332.73318,332.91501,49149
2026-09-11 14:23:00,332.92001,333.059998,332.91501,332.9899,59944
2026-09-11 14:24:00,332.98001,332.98499,332.79999,332.82501,37592
2026-09-11 14:25:00,332.84,332.87,332.70999,332.745,35284
2026-09-11 14:26:00,332.76001,332.91,332.72009,332.78,41237
2026-09-11 14:27:00,332.78009,332.8392,332.66,332.70999,36740
2026-09-11 14:28:00,332.72,332.85989,332.69,332.84341,34530
2026-09-11 14:29:00,332.85001,332.96201,332.85001,332.85501,40476
2026-09-11 14:30:00,332.85999,333.029999,332.85501,332.91501,43037
2026-09-11 14:31:00,332.91501,333.015015,332.89001,332.91,49574
2026-09-11 14:32:00,332.90009,332.98801,332.8905,332.92999,40381
2026-09-11 14:33:00,332.94,332.94,332.78079,332.83499,40237
2026-09-11 14:34:00,332.82999,332.89499,332.73999,332.815,46145
2026-09-11 14:35:00,332.85001,332.98001,332.82001,332.89499,31894
2026-09-11 14:36:00,332.92001,333.12,332.91501,332.9577,37316
2026-09-11 14:37:00,332.95001,332.97,332.87,332.95001,47802
2026-09-11 14:38:00,332.92001,333.029999,332.85001,333.024994,73597
2026-09-11 14:39:00,333.020508,333.13,333.0,333.0,47100
2026-09-11 14:40:00,333.019989,333.17899,332.9805,333.019989,60198
2026-09-11 14:41:00,333.019989,333.029999,332.84009,332.85999,59162
2026-09-11 14:42:00,332.88501,333.0,332.87,332.94,42441
2026-09-11 14:43:00,332.92999,332.92999,332.82999,332.82999,37304
2026-09-11 14:44:00,332.83499,332.91989,332.73001,332.905,50071
2026-09-11 14:45:00,332.89999,332.905,332.78,332.79999,30937
2026-09-11 14:46:00,332.82001,332.82001,332.54999,332.57999,46924
2026-09-11 14:47:00,332.57999,332.71021,332.54001,332.70001,39853
2026-09-11 14:48:00,332.70001,332.7601,332.39001,332.39999,64088
2026-09-11 14:49:00,332.42999,332.58499,332.42001,332.56,55285
2026-09-11 14:50:00,332.5531,332.78,332.50009,332.76501,72332
2026-09-11 14:51:00,332.76501,332.91989,332.76001,332.80499,84027
2026-09-11 14:52:00,332.80011,332.97,332.73001,332.91,66391
2026-09-11 14:53:00,332.89999,333.029999,332.85001,332.97009,72708
2026-09-11 14:54:00,332.98499,333.049988,332.85001,332.89001,70265
2026-09-11 14:55:00,332.91,333.0,332.87,332.98999,38019
2026-09-11 14:56:00,332.98999,332.995,332.82901,332.85001,36139
2026-09-11 14:57:00,332.82001,332.83499,332.66061,332.66061,59798
2026-09-11 14:58:00,332.67999,332.70999,332.565,332.70499,49081
2026-09-11 14:59:00,332.70499,332.715,332.42068,332.51999,115792
2026-09-11 15:00:00,332.51141,332.67001,332.39999,332.59,103985
2026-09-11 15:01:00,332.59,332.63,332.5,332.57001,44980
2026-09-11 15:02:00,332.54999,332.70999,332.54999,332.62,62920
2026-09-11 15:03:00,332.62,332.7099,332.5856,332.67999,149434
2026-09-11 15:04:00,332.69,332.89999,332.64001,332.89999,62749
2026-09-11 15:05:00,332.89999,333.0,332.78,332.90399,60050
2026-09-11 15:06:00,332.92001,332.94,332.64011,332.66501,70267
2026-09-11 15:07:00,332.66501,332.76001,332.64001,332.67499,27779
2026-09-11 15:08:00,332.64999,332.64999,332.5,332.59,73243
2026-09-11 15:09:00,332.60001,332.69,332.54999,332.63,35883
2026-09-11 15:10:00,332.63501,332.63501,332.48999,332.62,36468
2026-09-11 15:11:00,332.60999,332.64001,332.49011,332.5,41176
2026-09-11 15:12:00,332.51001,332.60001,332.48001,332.51501,38776
2026-09-11 15:13:00,332.51999,332.60501,332.48999,332.53,31238
2026-09-11 15:14:00,332.53,332.63,332.48999,332.56,42262
2026-09-11 15:15:00,332.55499,332.70499,332.55051,332.67999,49250
2026-09-11 15:16:00,332.66,332.72,332.63,332.64499,39823
2026-09-11 15:17:00,332.64499,332.72501,332.56,332.70001,1036531
2026-09-11 15:18:00,332.70001,332.82001,332.6983,332.79999,49881
2026-09-11 15:19:00,332.815,332.82001,332.74011,332.82001,41502
2026-09-11 15:20:00,332.815,332.92001,332.70001,332.70001,55331
2026-09-11 15:21:00,332.70001,332.73999,332.56,332.625,62997
2026-09-11 15:22:00,332.625,332.73001,332.51001,332.70999,67652
2026-09-11 15:23:00,332.69009,332.72,332.57001,332.57449,36638
2026-09-11 15:24:00,332.57001,332.6731,332.51999,332.56021,37321
2026-09-11 15:25:00,332.565,332.60001,332.51001,332.57999,30275
2026-09-11 15:26:00,332.57999,332.685,332.52499,332.53,33146
2026-09-11 15:27:00,332.51999,332.73999,332.48001,332.73001,55556
2026-09-11 15:28:00,332.73001,332.7341,332.608,332.63,38158
2026-09-11 15:29:00,332.64001,332.72,332.63,332.64011,39439
2026-09-11 15:30:00,332.67999,332.76001,332.64001,332.76001,53135
2026-09-11 15:31:00,332.76001,332.78,332.62,332.63501,57898
2026-09-11 15:32:00,332.64499,332.79999,332.64499,332.72501,50092
2026-09-11 15:33:00,332.73001,332.82181,332.72009,332.79999,46716
2026-09-11 15:34:00,332.82001,333.070007,332.81,332.94,126112
2026-09-11 15:35:00,332.92999,333.01001,332.76999,332.81381,47202
2026-09-11 15:36:00,332.79999,332.85001,332.59,332.60999,57473
2026-09-11 15:37:00,332.6033,332.82999,332.5401,332.81,78779
2026-09-11 15:38:00,332.79999,332.82001,332.54001,332.60001,80792
2026-09-11 15:39:00,332.60999,332.69501,332.5892,332.61499,44814
2026-09-11 15:40:00,332.62,332.67999,332.54001,332.63,44476
2026-09-11 15:41:00,332.63931,332.70999,332.54999,332.61499,51246
2026-09-11 15:42:00,332.60999,332.73999,332.59,332.64001,44511
2026-09-11 15:43:00,332.64499,332.64499,332.45999,332.5351,72314
2026-09-11 15:44:00,332.535,332.63989,332.48001,332.60999,81176
2026-09-11 15:45:00,332.64499,332.70001,332.51999,332.53,43386
2026-09-11 15:46:00,332.54001,332.55991,332.41,332.51001,124369
2026-09-11 15:47:00,332.51999,332.67999,332.48001,332.64499,47628
2026-09-11 15:48:00,332.64001,332.70001,332.60999,332.70001,55832
2026-09-11 15:49:00,332.70999,332.79919,332.66,332.70999,109605
2026-09-11 15:50:00,332.70001,332.70001,332.25,332.34,152701
2026-09-11 15:51:00,332.35001,332.42499,332.26999,332.34,117309
2026-09-11 15:52:00,332.35999,332.51001,332.29999,332.3627,112149
2026-09-11 15:53:00,332.37,332.70999,332.37,332.42001,126671
2026-09-11 15:54:00,332.41,332.89001,332.36499,332.42499,186208
2026-09-11 15:55:00,332.42499,332.89001,332.39001,332.776,190288
2026-09-11 15:56:00,332.76999,332.81,332.5,332.53,154602
2026-09-11 15:57:00,332.54001,332.64001,332.48999,332.57999,176198
2026-09-11 15:58:00,332.56,332.67999,332.48999,332.54001,363785
2026-09-11 15:59:00,332.51999,332.64999,332.070007,332.23001,729497
2026-09-14 09:30:00,334.52,334.83,332.44,332.735,14006
2026-09-14 09:31:00,332.65,333.57,332.25,332.855,14474
2026-09-14 09:32:00,332.94,333.13,331.89,332.42,21721
2026-09-14 09:33:00,332.44,333.16,331.89,332.495,15110
2026-09-14 09:34:00,332.59,333.22,332.57,332.77,17729
2026-09-14 09:35:00,332.595,332.72,331.43,331.43,17462
2026-09-14 09:36:00,331.38,331.87,331.35,331.79,15004
2026-09-14 09:37:00,331.785,332.26,331.47,332.04,8311
2026-09-14 09:38:00,332.045,332.17,331.61,331.695,12183
2026-09-14 09:39:00,331.73,332.02,331.41,331.92,21429
2026-09-14 09:40:00,331.7,332.16,331.42,332.03,16147
2026-09-14 09:41:00,332.14,332.93,332.11,332.59,14069
2026-09-14 09:42:00,332.665,334.16,332.66,333.83,11870
2026-09-14 09:43:00,333.82,333.89,333.205,333.205,10915
2026-09-14 09:44:00,333.245,333.27,332.2,332.49,5939
2026-09-14 09:45:00,332.46,332.61,332.32,332.405,4001
2026-09-14 09:46:00,332.42,333.33,332.42,333.33,8767
2026-09-14 09:47:00,333.325,333.34,332.745,332.78,9868
2026-09-14 09:48:00,332.91,332.93,332.04,332.205,8997
2026-09-14 09:49:00,332.12,333.02,332.12,332.71,8731
2026-09-14 09:50:00,332.77,332.84,332.27,332.405,10376
2026-09-14 09:51:00,332.37,333.585,332.33,333.58,12125
2026-09-14 09:52:00,333.65,333.85,333.29,333.425,10419
2026-09-14 09:53:00,333.45,333.705,333.43,333.61,6890
2026-09-14 09:54:00,333.6,334.14,333.515,334.11,8701
2026-09-14 09:55:00,334.15,334.815,334.07,334.76,13339
2026-09-14 09:56:00,334.835,335.07,334.35,334.525,15790
2026-09-14 09:57:00,334.525,334.76,334.47,334.74,12248
2026-09-14 09:58:00,334.72,334.94,334.34,334.34,15574
2026-09-14 09:59:00,334.325,334.365,333.85,333.935,13613
2026-09-14 10:00:00,333.95,334.21,333.71,334.035,7335
2026-09-14 10:01:00,334.05,334.21,333.795,334.2,4896
2026-09-14 10:02:00,334.25,334.475,334.135,334.22,7187
2026-09-14 10:03:00,334.195,334.26,333.82,334.06,4574
2026-09-14 10:04:00,334.14,334.275,334.06,334.15,3236
2026-09-14 10:05:00,334.17,334.29,334.06,334.16,4464
2026-09-14 10:06:00,334.145,334.35,334.05,334.215,7037
2026-09-14 10:07:00,334.26,334.52,334.26,334.41,4428
2026-09-14 10:08:00,334.4,334.62,334.33,334.49,5002
2026-09-14 10:09:00,334.52,334.525,334.18,334.245,5869
2026-09-14 10:10:00,334.2,334.23,333.925,334.0,4511
2026-09-14 10:11:00,333.99,334.045,333.82,333.99,4831
2026-09-14 10:12:00,334.01,334.015,333.65,333.7,3523
2026-09-14 10:13:00,333.7,333.805,333.42,333.75,4463
2026-09-14 10:14:00,333.74,333.74,333.52,333.52,3127
2026-09-14 10:15:00,333.52,333.56,333.34,333.455,3014
2026-09-14 10:16:00,333.415,333.49,333.345,333.36,2851
2026-09-14 10:17:00,333.315,333.33,332.985,333.225,5220
2026-09-14 10:18:00,333.295,333.3,332.69,332.88,5661
2026-09-14 10:19:00,332.81,332.81,332.47,332.68,3779
2026-09-14 10:20:00,332.755,333.01,332.7,332.765,3307
2026-09-14 10:21:00,332.75,333.16,332.75,332.91,6607
2026-09-14 10:22:00,332.83,333.19,332.83,333.08,5076
2026-09-14 10:23:00,333.15,333.43,333.15,333.34,4985
2026-09-14 10:24:00,333.34,333.39,333.01,333.02,5204
2026-09-14 10:25:00,333.01,333.1,332.86,332.94,2939
2026-09-14 10:26:00,332.925,332.99,332.775,332.86,4775
2026-09-14 10:27:00,332.86,332.95,332.66,332.895,3587
2026-09-14 10:28:00,332.9,333.14,332.9,333.0,6993
2026-09-14 10:29:00,333.01,333.26,333.01,333.21,5156
2026-09-14 10:30:00,333.175,333.215,332.96,332.965,4383
2026-09-14 10:31:00,332.96,333.075,332.785,332.95,6438
2026-09-14 10:32:00,332.885,333.16,332.885,333.135,5286
2026-09-14 10:33:00,333.14,333.46,333.14,333.16,4299
2026-09-14 10:34:00,333.2,333.265,333.08,333.25,2763
2026-09-14 10:35:00,333.27,333.28,333.035,333.28,3885
2026-09-14 10:36:00,333.275,333.275,332.47,332.63,5499
2026-09-14 10:37:00,332.555,332.9,332.555,332.885,6095
2026-09-14 10:38:00,332.88,333.17,332.88,333.065,5128
2026-09-14 10:39:00,333.065,333.22,332.885,333.195,9617
2026-09-14 10:40:00,333.19,333.19,332.83,332.83,5745
2026-09-14 10:41:00,332.775,332.88,332.73,332.85,5923
2026-09-14 10:42:00,332.8,333.015,332.8,332.905,5371
2026-09-14 10:43:00,332.95,332.95,332.45,332.5,4418
2026-09-14 10:44:00,332.5,332.995,332.46,332.97,5060
2026-09-14 10:45:00,332.94,333.04,332.82,332.88,4253
2026-09-14 10:46:00,332.86,333.06,332.81,332.86,3498
2026-09-14 10:47:00,332.93,333.08,332.86,333.0,3627
2026-09-14 10:48:00,332.98,333.175,332.98,333.175,2819
2026-09-14 10:49:00,333.15,333.15,332.89,333.015,4588
2026-09-14 10:50:00,333.11,333.165,332.985,332.985,4025
2026-09-14 10:51:00,332.97,333.02,332.9,333.01,2830
2026-09-14 10:52:00,332.97,333.2,332.91,333.135,4226
2026-09-14 10:53:00,333.15,333.15,332.66,332.75,2955
2026-09-14 10:54:00,332.745,332.745,332.47,332.51,8700
2026-09-14 10:55:00,332.505,332.51,332.29,332.34,4630
2026-09-14 10:56:00,332.38,332.42,332.135,332.2,5327
2026-09-14 10:57:00,332.19,332.4,332.17,332.4,2218
2026-09-14 10:58:00,332.37,332.575,332.23,332.56,6068
2026-09-14 10:59:00,332.6,332.98,332.49,332.98,2943
2026-09-14 11:00:00,332.96,332.96,332.785,332.835,2020
2026-09-14 11:01:00,332.86,332.86,332.65,332.78,2531
2026-09-14 11:02:00,332.77,332.77,332.55,332.685,876
2026-09-14 11:03:00,332.65,332.805,332.65,332.685,2013
2026-09-14 11:04:00,332.57,332.585,332.43,332.48,2600
2026-09-14 11:05:00,332.44,333.01,332.44,332.815,2884
2026-09-14 11:06:00,332.71,332.91,332.61,332.81,4666
2026-09-14 11:07:00,332.77,332.84,332.68,332.755,2097
2026-09-14 11:08:00,332.76,332.84,332.67,332.83,4330
2026-09-14 11:09:00,332.84,333.385,332.76,333.13,5321
2026-09-14 11:10:00,333.085,333.105,332.95,333.005,907
2026-09-14 11:11:00,332.97,332.97,332.725,332.785,1444
2026-09-14 11:12:00,332.77,332.77,332.51,332.61,1515
2026-09-14 11:13:00,332.585,332.75,332.58,332.695,1093
2026-09-14 11:14:00,332.68,332.75,332.655,332.69,1758
2026-09-14 11:15:00,332.71,332.885,332.54,332.805,4796
2026-09-14 11:16:00,332.78,332.795,332.63,332.795,3397
2026-09-14 11:17:00,332.79,333.125,332.79,332.915,3641
2026-09-14 11:18:00,332.8,332.975,332.8,332.89,1696
2026-09-14 11:19:00,332.9,332.9,332.77,332.86,1518
2026-09-14 11:20:00,332.855,332.885,332.65,332.705,1573
2026-09-14 11:21:00,332.8,332.835,332.695,332.715,1103
2026-09-14 11:22:00,332.64,332.72,332.47,332.515,3189
2026-09-14 11:23:00,332.515,332.65,332.445,332.52,2375
2026-09-14 11:24:00,332.52,332.64,332.46,332.64,1438
2026-09-14 11:25:00,332.61,332.62,332.44,332.47,1813
2026-09-14 11:26:00,332.46,332.78,332.335,332.76,1993
2026-09-14 11:27:00,332.75,332.75,332.55,332.55,653
2026-09-14 11:28:00,332.5,332.625,332.46,332.62,2057
2026-09-14 11:29:00,332.62,332.72,332.56,332.68,2195
2026-09-14 11:30:00,332.65,332.86,332.65,332.81,1586
2026-09-14 11:31:00,332.81,332.99,332.77,332.985,2765
2026-09-14 11:32:00,332.985,333.27,332.9,333.09,6309
2026-09-14 11:33:00,333.09,333.97,333.04,333.625,8315
2026-09-14 11:34:00,333.615,334.35,333.56,334.18,8512
2026-09-14 11:35:00,334.16,334.26,334.05,334.25,5229
2026-09-14 11:36:00,334.24,334.46,333.975,334.46,5346
2026-09-14 11:37:00,334.48,334.64,334.4,334.555,5681
2026-09-14 11:38:00,334.615,334.63,334.26,334.285,3375
2026-09-14 11:39:00,334.33,334.33,334.07,334.07,2846
2026-09-14 11:40:00,334.08,334.39,334.02,334.02,3102
2026-09-14 11:41:00,334.045,334.57,333.95,334.545,3704
2026-09-14 11:42:00,334.515,334.55,334.16,334.195,3107
2026-09-14 11:43:00,334.155,334.25,334.04,334.21,2771
2026-09-14 11:44:00,334.3,334.46,334.27,334.37,2514
2026-09-14 11:45:00,334.44,334.555,334.44,334.55,1288
2026-09-14 11:46:00,334.58,334.74,334.58,334.64,2299
2026-09-14 11:47:00,334.65,334.735,334.485,334.65,2143
2026-09-14 11:48:00,334.72,334.92,334.695,334.82,5594
2026-09-14 11:49:00,334.835,334.955,334.67,334.885,4502
2026-09-14 11:50:00,334.97,335.16,334.91,334.945,6448
2026-09-14 11:51:00,334.935,334.975,334.585,334.665,3076
2026-09-14 11:52:00,334.66,334.815,334.61,334.62,4144
2026-09-14 11:53:00,334.63,334.86,334.63,334.765,1674
2026-09-14 11:54:00,334.765,334.82,334.545,334.715,2489
2026-09-14 11:55:00,334.63,334.76,334.575,334.585,2264
2026-09-14 11:56:00,334.56,334.92,334.52,334.87,2566
2026-09-14 11:57:00,334.87,335.5,334.87,335.375,5911
2026-09-14 11:58:00,335.37,335.44,335.12,335.26,5458
2026-09-14 11:59:00,335.26,335.315,334.94,335.03,7066
2026-09-14 12:00:00,335.075,335.48,335.07,335.13,7518
2026-09-14 12:01:00,335.15,335.18,334.805,334.805,1407
2026-09-14 12:02:00,334.76,334.91,334.76,334.845,1072
2026-09-14 12:03:00,334.81,335.04,334.69,334.92,1408
2026-09-14 12:04:00,334.955,335.025,334.61,334.63,3575
2026-09-14 12:05:00,334.69,334.735,334.59,334.6,1364
2026-09-14 12:06:00,334.68,334.7,334.49,334.52,2556
2026-09-14 12:07:00,334.58,334.7,334.5,334.6,1171
2026-09-14 12:08:00,334.56,334.67,334.47,334.67,836
2026-09-14 12:09:00,334.73,334.94,334.725,334.93,1198
2026-09-14 12:10:00,334.78,335.0,334.75,334.855,3574
2026-09-14 12:11:00,334.89,335.115,334.875,334.875,4612
2026-09-14 12:12:00,334.9,335.06,334.855,335.03,2103
2026-09-14 12:13:00,334.95,335.02,334.93,334.945,1912
2026-09-14 12:14:00,334.92,334.96,334.79,334.92,2517
2026-09-14 12:15:00,334.875,334.945,334.71,334.71,4788
2026-09-14 12:16:00,334.66,334.85,334.66,334.7,827
2026-09-14 12:17:00,334.56,334.74,334.55,334.74,680
2026-09-14 12:18:00,334.79,335.04,334.77,334.985,2067
2026-09-14 12:19:00,334.945,335.01,334.75,334.78,2329
2026-09-14 12:20:00,334.83,334.845,334.605,334.64,1082
2026-09-14 12:21:00,334.675,334.71,334.63,334.67,540
2026-09-14 12:22:00,334.69,334.83,334.685,334.8,973
2026-09-14 12:23:00,334.725,334.81,334.63,334.79,1186
2026-09-14 12:24:00,334.8,334.85,334.75,334.77,1425
2026-09-14 12:25:00,334.67,334.7,334.53,334.63,1302
2026-09-14 12:26:00,334.69,334.71,334.59,334.59,487
2026-09-14 12:27:00,334.58,334.66,334.52,334.57,1977
2026-09-14 12:28:00,334.5,334.51,334.325,334.335,4875
2026-09-14 12:29:00,334.36,334.61,334.325,334.585,1147
2026-09-14 12:30:00,334.57,334.57,334.305,334.33,3278
2026-09-14 12:31:00,334.375,334.39,334.145,334.15,1161
2026-09-14 12:32:00,334.13,334.325,334.1,334.225,1625
2026-09-14 12:33:00,334.24,334.65,334.24,334.605,1101
2026-09-14 12:34:00,334.55,334.77,334.55,334.75,2031
2026-09-14 12:35:00,334.74,334.8,334.64,334.72,1697
2026-09-14 12:36:00,334.73,334.8,334.73,334.765,911
2026-09-14 12:37:00,334.77,334.83,334.68,334.68,1429
2026-09-14 12:38:00,334.69,334.86,334.68,334.69,888
2026-09-14 12:39:00,334.705,334.83,334.65,334.83,502
2026-09-14 12:40:00,334.785,334.9,334.77,334.9,1101
2026-09-14 12:41:00,334.885,334.98,334.88,334.98,2291
2026-09-14 12:42:00,334.905,334.92,334.72,334.76,967
2026-09-14 12:43:00,334.72,334.84,334.68,334.84,1017
2026-09-14 12:44:00,334.85,334.875,334.785,334.875,988
2026-09-14 12:45:00,334.875,334.885,334.7,334.71,1615
2026-09-14 12:46:00,334.7,334.7,334.57,334.66,1860
2026-09-14 12:47:00,334.74,335.0,334.74,334.74,2787
2026-09-14 12:48:00,334.74,335.0,334.69,334.85,4427
2026-09-14 12:49:00,334.82,334.87,334.705,334.85,2224
2026-09-14 12:50:00,334.88,334.89,334.695,334.695,1170
2026-09-14 12:51:00,334.74,334.95,334.69,334.945,1472
2026-09-14 12:52:00,334.94,334.94,334.765,334.875,1217
2026-09-14 12:53:00,334.865,335.11,334.865,335.11,1668
2026-09-14 12:54:00,335.1,335.25,334.93,335.105,2903
2026-09-14 12:55:00,335.15,335.2,335.09,335.15,1545
2026-09-14 12:56:00,335.17,335.22,334.85,334.85,2409
2026-09-14 12:57:00,334.78,334.8,334.69,334.7,986
2026-09-14 12:58:00,334.7,334.7,334.54,334.69,676
