Date,Open,High,Low,Close,Volume
2025-09-15 09:30:00,237.0,238.19,235.029999,235.36,12420319
2025-09-15 10:15:00,235.37,237.020004,235.2534,236.97501,4673016
2025-09-15 11:00:00,236.95,237.3,236.42,236.89999,3380580
2025-09-15 11:45:00,236.895,237.27,236.47,236.57001,2366559
2025-09-15 12:30:00,236.5649,236.5905,236.029999,236.11,2153162
2025-09-15 13:15:00,236.11,236.22141,235.58,236.020004,2438920
2025-09-15 14:00:00,236.020004,236.14,235.27,235.3381,2143087
2025-09-15 14:45:00,235.345,236.34,235.33501,235.97,2753519
2025-09-15 15:30:00,235.97,236.78999,235.67999,236.75999,4732529
2025-09-16 09:30:00,237.0,241.22,236.3235,240.66,12292609
2025-09-16 10:15:00,240.67999,240.99001,238.73,238.98,4885622
2025-09-16 11:00:00,238.99001,239.85001,238.245,238.67999,3555026
2025-09-16 11:45:00,238.67,239.4142,238.6207,239.19501,2124855
2025-09-16 12:30:00,239.2,239.39999,238.89999,239.14,1669729
2025-09-16 13:15:00,239.14999,239.39,238.13,238.32001,1967985
2025-09-16 14:00:00,238.32001,239.080002,238.2099,239.0099945,1927726
2025-09-16 14:45:00,239.020004,239.60001,238.86,238.93829,2521637
2025-09-16 15:30:00,238.94,239.42,238.080093,238.14,20451492
2025-09-17 09:30:00,238.97,240.10001,238.78999,239.53,8569721
2025-09-17 10:15:00,239.53,240.0099945,239.38,239.535,3518524
2025-09-17 11:00:00,239.53999,239.78,239.2,239.5535,2532212
2025-09-17 11:45:00,239.55,239.69,239.28,239.6743,2479208
2025-09-17 12:30:00,239.67999,239.77,239.35001,239.496,2341760
2025-09-17 13:15:00,239.5,239.62,238.925,239.44,2341089
2025-09-17 14:00:00,239.42999,239.82001,238.33,238.56509,4305090
2025-09-17 14:45:00,238.62,239.46001,237.7301,239.26289,4384952
2025-09-17 15:30:00,239.27,239.28,238.48,238.97,4226195
2025-09-18 09:30:00,239.95,241.2,236.64999,237.0099945,9395282
2025-09-18 10:15:00,237.0099945,238.39,236.7731,238.235,4734901
2025-09-18 11:00:00,238.25,238.795,238.10001,238.325,2811597
2025-09-18 11:45:00,238.33,238.47009,237.35001,237.94,2708726
2025-09-18 12:30:00,237.95,238.2,237.64,238.0,2300337
2025-09-18 13:15:00,238.0050049,238.12,237.21021,237.39,2705395
2025-09-18 14:00:00,237.38,238.020004,237.313,237.705,2266512
2025-09-18 14:45:00,237.705,237.80099,237.25011,237.45,2834853
2025-09-18 15:30:00,237.455,238.11,237.435,237.85001,4049383
2025-09-19 09:30:00,241.175,242.59,240.35001,241.3212,27335638
2025-09-19 10:15:00,241.285,243.16,240.2106,242.84,8379350
2025-09-19 11:00:00,242.855,243.0,241.8,242.645,5754127
2025-09-19 11:45:00,242.64,244.56911,242.33,244.52,7327839
2025-09-19 12:30:00,244.5125,245.92,244.26871,245.175,10760529
2025-09-19 13:15:00,245.175,245.87,244.89999,245.39999,4787062
2025-09-19 14:00:00,245.405,246.2699,244.95,245.82001,8110703
2025-09-19 14:45:00,245.81,245.91,245.19099,245.61,5848916
2025-09-19 15:30:00,245.60001,246.3,244.74001,245.28999,12986528
2025-09-22 09:30:00,248.34,252.23,248.17,251.56509,23984773
2025-09-22 10:15:00,251.565,253.6898,251.47,253.60001,10023429
2025-09-22 11:00:00,253.62,256.079987,253.38499,255.070007,15020545
2025-09-22 11:45:00,255.070007,256.63,253.58,253.72,11827845
2025-09-22 12:30:00,253.73,254.38,253.16,254.009903,6742753
2025-09-22 13:15:00,254.0099945,254.94,253.89999,254.1067,4405645
2025-09-22 14:00:00,254.10001,255.7666,254.020004,255.39,4644339
2025-09-22 14:45:00,255.38499,256.059998,255.089996,255.78999,6118357
2025-09-22 15:30:00,255.80499,256.26001,255.61501,256.089996,9091926
2025-09-23 09:30:00,256.5,257.34,255.28,256.25061,9565970
2025-09-23 10:15:00,256.23001,257.0,255.0099945,255.28999,4778157
2025-09-23 11:00:00,255.31,256.38,255.22,255.47,3324243
2025-09-23 11:45:00,255.48,256.20999,255.46001,255.7269,2317860
2025-09-23 12:30:00,255.72009,255.85001,254.67999,254.935,1926042
2025-09-23 13:15:00,254.935,255.039993,253.92999,254.32761,14029620
2025-09-23 14:00:00,254.33501,254.961,253.97,254.35001,4237858
2025-09-23 14:45:00,254.3448,254.53,253.59,254.16991,3627406
2025-09-23 15:30:00,254.16,254.53,253.67,254.53,5076635
2025-09-24 09:30:00,255.0,255.37,252.080002,252.49001,5711382
2025-09-24 10:15:00,252.48,253.049698,251.72,252.2101,2706184
2025-09-24 11:00:00,252.215,252.31,251.53999,252.0059052,6416029
2025-09-24 11:45:00,251.99001,252.25999,251.039993,252.16499,2522309
2025-09-24 12:30:00,252.1714,252.25999,251.39999,251.61,1326580
2025-09-24 13:15:00,251.60001,252.11,251.32001,251.5,1034732
2025-09-24 14:00:00,251.4938,251.84,251.28,251.44,1226524
2025-09-24 14:45:00,251.44501,251.765,251.24001,251.39,1353125
2025-09-24 15:30:00,251.39,252.49001,251.28999,252.24001,11458612
2025-09-25 09:30:00,253.0,253.92,251.71201,253.59,10355416
2025-09-25 10:15:00,253.60001,254.13879,253.029999,253.67999,2710060
2025-09-25 11:00:00,253.69,254.13,253.1105,253.86,6661728
2025-09-25 11:45:00,253.855,253.87199,252.3,252.5303,7523124
2025-09-25 12:30:00,252.53999,253.88,252.5,253.73,1878738
2025-09-25 13:15:00,253.73,253.875,253.12,253.21001,8409435
2025-09-25 14:00:00,253.21001,256.10001,252.85001,255.7514,3812219
2025-09-25 14:45:00,255.77,257.17001,254.98,256.95999,5049105
2025-09-25 15:30:00,256.95001,257.10999,255.42,256.94,28423863
2025-09-26 09:30:00,254.0,256.60001,253.78,254.955,6996043
2025-09-26 10:15:00,254.96001,255.67999,254.3401,255.024994,3168032
2025-09-26 11:00:00,255.020004,256.040009,254.86,254.93201,2242087
2025-09-26 11:45:00,254.92999,255.71001,254.87,255.66499,1619951
2025-09-26 12:30:00,255.66,256.97501,255.48,256.89499,1578938
2025-09-26 13:15:00,256.89499,257.35999,255.86,256.10001,2110760
2025-09-26 14:00:00,256.089996,256.78,256.040009,256.32001,1513647
2025-09-26 14:45:00,256.32999,256.34,255.49001,255.645,1625525
2025-09-26 15:30:00,255.64,255.6498,254.89999,255.46001,3021515
2025-09-29 09:30:00,254.0,254.45,253.0099945,254.4221,5533559
2025-09-29 10:15:00,254.42979,254.5,253.7,253.92999,2329535
2025-09-29 11:00:00,253.95,254.17,253.12,253.49001,1963636
2025-09-29 11:45:00,253.48,254.070007,253.24001,253.66,1589438
2025-09-29 12:30:00,253.67,253.77991,253.24319,253.31509,1351247
2025-09-29 13:15:00,253.31,253.5,253.13,253.36,1308365
2025-09-29 14:00:00,253.355,254.61501,253.3412,254.065002,1905560
2025-09-29 14:45:00,254.059998,254.13,253.61,253.99001,1534532
2025-09-29 15:30:00,253.99001,254.83,253.94,254.35001,2513071
2025-09-30 09:30:00,255.0,255.91901,253.96001,254.73,5260861
2025-09-30 10:15:00,254.755,255.52,254.58,255.5,1800148
2025-09-30 11:00:00,255.5,255.675,253.8201,254.5432,1838010
2025-09-30 11:45:00,254.55499,254.97,254.36,254.5351,999157
2025-09-30 12:30:00,254.5506,254.67,253.45,253.565,1082861
2025-09-30 13:15:00,253.55499,253.99001,253.31171,253.72501,1212711
2025-09-30 14:00:00,253.72,253.94991,253.11,253.8372,1395887
2025-09-30 14:45:00,253.8297,254.24001,253.5,253.95,7866060
2025-09-30 15:30:00,253.96001,255.17999,253.81,254.56,3030681
2025-10-01 09:30:00,255.25,258.79001,255.050003,255.98,8293401
2025-10-01 10:15:00,255.9875,257.32999,255.39999,255.53,2962325
2025-10-01 11:00:00,255.53,255.89,255.10001,255.795,1924166
2025-10-01 11:45:00,255.795,256.92001,255.55,256.16,1808367
2025-10-01 12:30:00,256.1636,256.8298,256.024994,256.040009,1390462
2025-10-01 13:15:00,256.040009,256.56,255.855,256.45609,9429841
2025-10-01 14:00:00,256.4512,256.68591,256.26501,256.32501,1628859
2025-10-01 14:45:00,256.32199,256.94,255.87,255.94,2245066
2025-10-01 15:30:00,255.94,256.14001,255.28,255.41,4879162
2025-10-02 09:30:00,256.59,257.29999,254.14999,256.23129,10347574
2025-10-02 10:15:00,256.23001,256.79001,255.98,256.26001,3404096
2025-10-02 11:00:00,256.25,257.67029,255.97,257.48001,4120831
2025-10-02 11:45:00,257.45001,258.17999,256.8541,257.345,2886379
2025-10-02 12:30:00,257.345,257.81909,257.11389,257.76999,1699222
2025-10-02 13:15:00,257.79001,257.8226,257.058014,257.12,1636516
2025-10-02 14:00:00,257.12,258.16,257.029999,257.98001,3653819
2025-10-02 14:45:00,257.97,258.079987,257.375,257.51001,2390096
2025-10-02 15:30:00,257.51001,257.875,256.88,257.14001,5100991
2025-10-03 09:30:00,254.66499,259.040009,253.96001,258.65649,14656363
2025-10-03 10:15:00,258.6586,258.73999,257.51999,258.17499,4305276
2025-10-03 11:00:00,258.17001,259.23999,257.89499,258.76999,4022824
2025-10-03 11:45:00,258.79941,258.85999,258.25711,258.54871,2627525
2025-10-03 12:30:00,258.54001,258.92999,258.12,258.54001,2742219
2025-10-03 13:15:00,258.54001,258.63,257.12,257.43719,3411095
2025-10-03 14:00:00,257.436,258.59,256.95999,258.4729,3590153
2025-10-03 14:45:00,258.48001,258.58499,257.85001,257.92001,2174840
2025-10-03 15:30:00,257.92001,258.26001,257.4035,258.015015,4468054
2025-10-06 09:30:00,257.94501,259.070007,255.050003,258.39999,9726907
2025-10-06 10:15:00,258.39001,258.75,257.28,257.84,4033315
2025-10-06 11:00:00,257.845,257.95499,256.82999,257.049988,2196320
2025-10-06 11:45:00,257.0401,257.57001,256.76999,257.13,2661849
2025-10-06 12:30:00,257.13,257.48001,256.84021,257.11499,1749487
2025-10-06 13:15:00,257.10001,257.13,255.5,255.61501,3595937
2025-10-06 14:00:00,255.61099,256.57999,255.61099,256.17999,4130758
2025-10-06 14:45:00,256.17001,256.66,256.10501,256.51001,2017300
2025-10-06 15:30:00,256.51001,257.25,256.45999,256.64999,3577742
2025-10-07 09:30:00,256.82001,257.39999,256.28,257.17001,5309697
2025-10-07 10:15:00,257.185,257.22,255.60001,255.91,3477121
2025-10-07 11:00:00,255.89,257.10791,255.89,256.69501,3087110
2025-10-07 11:45:00,256.70999,256.70999,255.89,256.33841,2780187
2025-10-07 12:30:00,256.32999,256.66,255.89,256.01001,1778878
2025-10-07 13:15:00,256.019989,256.17999,255.42999,255.84,1577012
2025-10-07 14:00:00,255.84,256.20999,255.565,256.13831,1729235
2025-10-07 14:45:00,256.14001,256.30151,255.9101,256.019989,1906475
2025-10-07 15:30:00,256.019989,256.62,255.92,256.48999,3978516
2025-10-08 09:30:00,256.53,258.1196,256.10999,257.78,7394190
2025-10-08 10:15:00,257.80499,258.19,257.20001,257.60999,2934018
2025-10-08 11:00:00,257.60001,258.45499,257.56,257.70499,3241863
2025-10-08 11:45:00,257.72,258.51999,257.69,258.20001,2148717
2025-10-08 12:30:00,258.19,258.32501,257.625,258.059998,1605716
2025-10-08 13:15:00,258.059998,258.20001,257.66,257.815,1562543
2025-10-08 14:00:00,257.81,258.19,257.64999,257.91,1621348
2025-10-08 14:45:00,257.92001,258.42999,257.73999,258.25,2155442
2025-10-08 15:30:00,258.23999,258.48999,257.88,258.029999,4214118
2025-10-09 09:30:00,257.775,258.0,254.78,255.47501,8295334
2025-10-09 10:15:00,255.565,255.83,254.5701,254.935,3295628
2025-10-09 11:00:00,254.95,255.23,253.82,254.155,3746942
2025-10-09 11:45:00,254.18,254.75,253.77,253.99,2929670
2025-10-09 12:30:00,253.985,254.04,253.23,253.27,1817874
2025-10-09 13:15:00,253.33,253.74,253.14,253.62,2507753
2025-10-09 14:00:00,253.62,253.84,253.395,253.45,3075283
2025-10-09 14:45:00,253.41,254.11,253.32,253.78,2112394
2025-10-09 15:30:00,253.77,254.27,253.56,254.03,3387517
2025-10-10 09:30:00,254.87,256.37,254.44,255.065002,11017120
2025-10-10 10:15:00,255.085007,255.675,253.070007,253.089996,4835640
2025-10-10 11:00:00,253.050003,253.050003,248.42,249.58,15538759
2025-10-10 11:45:00,249.68311,249.94501,247.75999,248.61,5409453
2025-10-10 12:30:00,248.59,249.059998,247.059998,247.1543,3506569
2025-10-10 13:15:00,247.2,248.57001,247.11,248.0099945,3724921
2025-10-10 14:00:00,248.039993,248.050003,246.13,246.16,3525139
2025-10-10 14:45:00,246.17,246.55,245.815,246.16499,3948187
2025-10-10 15:30:00,246.17,246.99001,244.7,245.31,8510251
2025-10-13 09:30:00,249.38,249.49001,245.56,247.36,8225779
2025-10-13 10:15:00,247.39,247.59,246.10001,246.94,3070868
2025-10-13 11:00:00,246.94,248.99001,246.66,248.55499,4896119
2025-10-13 11:45:00,248.55499,249.62,248.52,249.17999,2098993
2025-10-13 12:30:00,249.17,249.6893,248.55,249.050003,1918687
2025-10-13 13:15:00,249.049194,249.3,248.688,249.039993,1242959
2025-10-13 14:00:00,249.039993,249.32001,248.46001,248.61,1938883
2025-10-13 14:45:00,248.64999,248.7115,248.13,248.32001,1684192
2025-10-13 15:30:00,248.32001,248.59,247.33,247.59,3786722
2025-10-14 09:30:00,246.61501,247.14,244.7,246.41,5765188
2025-10-14 10:15:00,246.405,247.7,246.31,247.25999,2919371
2025-10-14 11:00:00,247.25999,247.74989,246.12,246.97,2594130
2025-10-14 11:45:00,246.99001,247.75,246.85001,247.39,1638903
2025-10-14 12:30:00,247.39,248.0354,247.38499,247.49001,1583181
2025-10-14 13:15:00,247.5,247.89999,247.17999,247.595,1532257
2025-10-14 14:00:00,247.58,247.705,247.14439,247.49001,1577615
2025-10-14 14:45:00,247.48,248.75,247.35001,248.42,3311039
2025-10-14 15:30:00,248.42999,248.845,246.73,247.85001,4482259
2025-10-15 09:30:00,249.38,251.82001,248.64,250.845,7212090
2025-10-15 10:15:00,250.87,251.50999,250.28,250.5378,2689250
2025-10-15 11:00:00,250.55,250.8499,249.060104,249.44,2513210
2025-10-15 11:45:00,249.44,250.049698,248.72,249.77499,2080530
2025-10-15 12:30:00,249.78,249.94991,247.83,247.84,1650574
2025-10-15 13:15:00,247.81171,249.72,247.48,249.48,1777268
2025-10-15 14:00:00,249.51041,249.86,249.20799,249.718,1187378
2025-10-15 14:45:00,249.705,250.10001,249.49001,249.92,1748742
2025-10-15 15:30:00,249.92999,250.070007,248.17,249.42999,4229173
2025-10-16 09:30:00,248.27,248.38,246.17999,247.14999,8410993
2025-10-16 10:15:00,247.145,248.91,246.86,248.60001,3865531
2025-10-16 11:00:00,248.62,249.039993,247.7901,247.99001,2872248
2025-10-16 11:45:00,247.99001,248.34,247.035004,247.72,2548211
2025-10-16 12:30:00,247.7001,247.77209,246.039993,247.059998,3368906
2025-10-16 13:15:00,247.0,247.5,246.2,246.565,2450499
2025-10-16 14:00:00,246.55,246.91,245.13,246.32001,3305114
2025-10-16 14:45:00,246.36,247.020004,246.17999,246.55,2519700
2025-10-16 15:30:00,246.56,247.91,246.35001,247.42999,3734949
2025-10-17 09:30:00,248.020004,249.88,247.27,249.81,9052047
2025-10-17 10:15:00,249.82001,250.32001,248.66521,248.87399,3908554
2025-10-17 11:00:00,248.89,249.582,248.097198,249.089905,3001035
2025-10-17 11:45:00,249.078003,250.35001,248.95,250.29649,2918402
2025-10-17 12:30:00,250.2933,251.36,250.27521,251.11,4867191
2025-10-17 13:15:00,251.10001,251.37,250.245,251.3,2859009
2025-10-17 14:00:00,251.319,252.535,251.319,251.75,3131685
2025-10-17 14:45:00,251.77,252.82001,251.7,252.75999,3141714
2025-10-17 15:30:00,252.75,253.38,252.12,252.3,7247788
2025-10-20 09:30:00,255.88499,259.87,255.63,258.66,16967047
2025-10-20 10:15:00,258.67999,261.63,258.40009,261.57999,11367667
2025-10-20 11:00:00,261.57999,263.59,261.51999,263.5488,14568986
2025-10-20 11:45:00,263.54999,264.375,262.81009,263.48999,11077889
2025-10-20 12:30:00,263.48001,264.20999,262.64999,263.3497,6636828
2025-10-20 13:15:00,263.32199,263.57001,262.82599,262.92499,3749001
2025-10-20 14:00:00,262.92001,263.82999,262.79001,263.37,3866985
2025-10-20 14:45:00,263.37,263.81,263.040009,263.42001,4056412
2025-10-20 15:30:00,263.44,263.85001,261.92999,262.23001,8021467
2025-10-21 09:30:00,261.88,265.29001,261.88,263.79001,15296262
2025-10-21 10:15:00,263.79001,264.25,262.53,263.049896,4375066
2025-10-21 11:00:00,263.079987,264.535,262.51001,263.90851,3606940
2025-10-21 11:45:00,263.91,264.38699,263.080109,263.17001,3960830
2025-10-21 12:30:00,263.16,263.6799,262.8475,263.55499,2090059
2025-10-21 13:15:00,263.54001,263.89999,263.121,263.76001,2049083
2025-10-21 14:00:00,263.77829,264.049988,262.14999,263.28,2846870
2025-10-21 14:45:00,263.29001,263.73819,262.95001,263.084991,2834669
2025-10-21 15:30:00,263.095001,263.20999,262.47,262.84,3493018
2025-10-22 09:30:00,262.79001,262.85001,259.72,261.038788,8889429
2025-10-22 10:15:00,261.029999,261.37,259.745,260.73999,3774644
2025-10-22 11:00:00,260.75,260.76001,257.64011,258.57999,4886319
2025-10-22 11:45:00,258.60001,259.48999,258.049988,258.54999,2429213
2025-10-22 12:30:00,258.54999,258.76999,256.375,257.17001,3610696
2025-10-22 13:15:00,257.19,257.23999,255.42999,256.35001,3761706
2025-10-22 14:00:00,256.31,257.079803,256.14001,256.67999,2323265
2025-10-22 14:45:00,256.69,257.67999,256.41,257.51001,2399658
2025-10-22 15:30:00,257.51999,258.81,257.42999,258.42999,4263522
2025-10-23 09:30:00,259.89001,260.1799,258.010101,259.20001,5194192
2025-10-23 10:15:00,259.17169,259.66,258.67001,259.62219,2591058
2025-10-23 11:00:00,259.60999,259.85699,258.95001,259.23999,2370873
2025-10-23 11:45:00,259.23999,260.6199,259.14999,260.040009,2115795
2025-10-23 12:30:00,260.049988,260.54999,259.51999,260.025085,2142488
2025-10-23 13:15:00,260.024994,260.42499,259.66501,260.20999,2768962
2025-10-23 14:00:00,260.20999,260.42001,259.79001,259.91501,1528823
2025-10-23 14:45:00,259.91501,259.96552,259.62,259.89999,1691299
2025-10-23 15:30:00,259.91,260.049988,259.079987,259.57999,3143856
2025-10-24 09:30:00,261.19,261.62,259.17999,260.56,6111303
2025-10-24 10:15:00,260.59,262.35001,260.41,261.83099,3878804
2025-10-24 11:00:00,261.85001,263.78,261.76001,263.315,4288142
2025-10-24 11:45:00,263.28,264.029999,262.95001,263.57999,2958864
2025-10-24 12:30:00,263.59,263.70999,262.85001,263.57001,2322079
2025-10-24 13:15:00,263.565,264.089996,263.20001,263.90009,2055146
2025-10-24 14:00:00,263.89001,264.13,263.60001,263.79059,2118796
2025-10-24 14:45:00,263.81,263.9429,263.14999,263.5,2465852
2025-10-24 15:30:00,263.51001,263.66,262.13,262.73999,4742484
2025-10-27 09:30:00,264.88,267.049988,264.65009,266.23969,8327224
2025-10-27 10:15:00,266.23999,266.42001,265.20001,265.38501,3252723
2025-10-27 11:00:00,265.39999,266.10001,265.19501,265.47,2579994
2025-10-27 11:45:00,265.45001,266.089996,265.049988,265.92999,2728317
2025-10-27 12:30:00,265.94,266.125,265.56,265.82651,1857649
2025-10-27 13:15:00,265.82999,266.015015,265.51001,265.86011,2710203
2025-10-27 14:00:00,265.85999,265.92001,265.47,265.86499,1584214
2025-10-27 14:45:00,265.87,267.39999,265.86499,267.27499,3610025
2025-10-27 15:30:00,267.26999,269.079987,267.20999,268.73999,6996092
2025-10-28 09:30:00,269.13501,269.87,268.26001,268.64001,9919373
2025-10-28 10:15:00,268.66,269.14001,268.14999,268.82001,3946096
2025-10-28 11:00:00,268.87,269.070007,268.31,268.79001,2493068
2025-10-28 11:45:00,268.79001,269.075806,268.66,268.995,1782665
2025-10-28 12:30:00,268.98001,269.87,268.82001,269.0069885,2780579
2025-10-28 13:15:00,269.01001,269.69,268.79999,268.92999,2293466
2025-10-28 14:00:00,268.90341,269.29999,268.78,268.97,2453395
2025-10-28 14:45:00,268.97409,269.44,268.92001,269.20001,3278443
2025-10-28 15:30:00,269.20001,269.35501,268.60001,269.029999,5339653
2025-10-29 09:30:00,269.27499,271.41,268.70001,270.82501,9026431
2025-10-29 10:15:00,270.82999,270.85999,268.61499,268.85001,4432346
2025-10-29 11:00:00,268.84,269.20999,267.10999,267.9227,4365753
2025-10-29 11:45:00,267.91,268.85999,267.70001,268.62,3227660
2025-10-29 12:30:00,268.603,269.32999,268.47009,269.25,1996125
2025-10-29 13:15:00,269.26999,270.66,269.055389,270.44501,3726629
2025-10-29 14:00:00,270.47,270.92999,268.70001,268.70999,4042513
2025-10-29 14:45:00,268.72,269.92999,268.26001,268.31,3420095
2025-10-29 15:30:00,268.32001,270.38,267.79999,269.73001,4325904
2025-10-30 09:30:00,271.98999,274.14001,270.01001,270.285,7217227
2025-10-30 10:15:00,270.31,270.51001,268.48001,268.89999,2916295
2025-10-30 11:00:00,268.89999,271.17001,268.89001,270.7504,2898736
2025-10-30 11:45:00,270.75,272.39001,270.57999,272.01001,3112112
2025-10-30 12:30:00,272.0,272.06781,271.040009,271.39001,1848178
2025-10-30 13:15:00,271.39001,272.070007,271.19,272.0,1989300
2025-10-30 14:00:00,272.0,272.29999,271.28,271.755,2774896
2025-10-30 14:45:00,271.755,271.78,270.995,271.34,3063578
2025-10-30 15:30:00,271.34,271.67001,271.049988,271.29001,5177440
2025-10-31 09:30:00,276.98999,277.32001,269.16,269.3501,15616379
2025-10-31 10:15:00,269.41,271.55991,269.16,270.59,4202813
2025-10-31 11:00:00,270.625,271.51999,270.22,271.019989,3074565
2025-10-31 11:45:00,271.019989,272.85849,270.59,272.435,3230729
2025-10-31 12:30:00,272.42999,273.17001,270.92999,271.14999,3177313
2025-10-31 13:15:00,271.16,271.59,270.10999,271.37,2045417
2025-10-31 14:00:00,271.35999,272.12,271.22049,271.85559,1699489
2025-10-31 14:45:00,271.85501,272.17499,271.26999,272.10501,2381701
2025-10-31 15:30:00,272.13,272.64999,269.95999,270.25,6601078
2025-11-03 09:30:00,270.42001,270.78,266.25,267.76511,9017643
2025-11-03 10:15:00,267.73141,268.70001,267.2601,267.5499,2707145
2025-11-03 11:00:00,267.52499,267.62,266.5,267.59,2343008
2025-11-03 11:45:00,267.59,268.14999,267.36011,267.535,2079966
2025-11-03 12:30:00,267.51999,267.87,267.25,267.60999,1408885
2025-11-03 13:15:00,267.60999,268.62,267.31,268.13,1497042
2025-11-03 14:00:00,268.14001,268.29999,266.91,267.079987,1733254
2025-11-03 14:45:00,267.084991,267.79001,266.95221,267.62,1713630
2025-11-03 15:30:00,267.63,269.10999,267.45999,269.059998,3383138
2025-11-04 09:30:00,268.24249,269.59,267.61499,268.26001,11160702
2025-11-04 10:15:00,268.26999,269.049988,267.70999,268.2735,1553893
2025-11-04 11:00:00,268.2742,271.48599,268.2702,271.045197,3474277
2025-11-04 11:45:00,271.040009,271.17999,268.98001,270.01001,2647780
2025-11-04 12:30:00,270.0050049,270.92999,269.89001,270.73001,1604476
2025-11-04 13:15:00,270.73001,270.85999,270.070007,270.48999,1852861
2025-11-04 14:00:00,270.48001,270.79999,269.87,270.34451,1773691
2025-11-04 14:45:00,270.34,270.57999,269.28271,270.090515,1998145
2025-11-04 15:30:00,270.10001,270.405,269.5,270.20999,3522361
2025-11-05 09:30:00,268.59,269.5899,266.92999,268.88,7348181
2025-11-05 10:15:00,268.8855,269.73999,268.55499,269.37091,1675411
2025-11-05 11:00:00,269.39999,270.46179,268.92999,270.33499,1574127
2025-11-05 11:45:00,270.3494,270.47,269.5,269.97,1199110
2025-11-05 12:30:00,269.97,270.79001,269.92999,270.38,987426
2025-11-05 13:15:00,270.37,270.63,269.82001,270.070007,1090335
2025-11-05 14:00:00,270.049988,271.70001,269.76999,270.095001,12862958
2025-11-05 14:45:00,270.079987,270.19,269.53,269.60001,7741867
2025-11-05 15:30:00,269.60999,270.39999,268.995,270.10999,11020583
2025-11-06 09:30:00,267.89001,270.089905,267.89001,269.905,5184902
2025-11-06 10:15:00,269.89001,273.39999,269.72,272.28,9264999
2025-11-06 11:00:00,272.285,272.6593,270.92001,271.24261,3086508
2025-11-06 11:45:00,271.23001,271.45001,270.39001,271.42499,2189294
2025-11-06 12:30:00,271.42001,272.46979,271.15009,271.22,2109108
2025-11-06 13:15:00,271.20001,271.77631,270.92001,271.39539,1378186
2025-11-06 14:00:00,271.41,272.20001,270.73499,270.98001,1585341
2025-11-06 14:45:00,270.98999,271.67001,270.91,271.20999,10273627
2025-11-06 15:30:00,271.20001,271.5202,269.595,269.64001,3825533
2025-11-07 09:30:00,269.79501,271.45001,267.26999,271.19,6159772
2025-11-07 10:15:00,271.20001,272.29001,270.61179,270.67001,3627029
2025-11-07 11:00:00,270.655,271.20999,269.19,269.565,2757557
2025-11-07 11:45:00,269.56,269.79001,268.32001,269.10999,2578500
2025-11-07 12:30:00,269.11499,269.14001,268.12,268.39999,1507870
2025-11-07 13:15:00,268.4101,268.97,267.64001,268.13,1653858
2025-11-07 14:00:00,268.059998,268.5,267.095001,268.084991,2391153
2025-11-07 14:45:00,268.070007,268.089996,266.78,267.75989,2627684
2025-11-07 15:30:00,267.76001,268.57999,267.69,268.42001,3276821
2025-11-10 09:30:00,268.95001,273.73001,268.95001,272.59,6235496
2025-11-10 10:15:00,272.60501,272.75,270.57999,270.75989,2405963
2025-11-10 11:00:00,270.73001,270.79001,268.5,268.70001,2105869
2025-11-10 11:45:00,268.69,269.75879,268.48999,269.079987,1713542
2025-11-10 12:30:00,269.070007,270.19971,269.01001,270.12601,1353730
2025-11-10 13:15:00,270.10001,270.23001,269.60001,269.98999,1295915
2025-11-10 14:00:00,269.995,270.30771,267.45499,269.60999,2871805
2025-11-10 14:45:00,269.62,269.78,269.049988,269.11859,1722869
2025-11-10 15:30:00,269.10001,269.60001,268.76001,269.35999,2892894
2025-11-11 09:30:00,269.81,274.37,269.79999,273.38501,7398251
2025-11-11 10:15:00,273.37,274.73999,272.61499,272.9617,3977664
2025-11-11 11:00:00,272.98001,273.57999,271.78,271.875,1995588
2025-11-11 11:45:00,271.88,273.61499,271.81781,273.315,1851315
2025-11-11 12:30:00,273.32999,274.32999,273.029999,274.12701,1948997
2025-11-11 13:15:00,274.13,274.98001,274.049988,274.45999,2166877
2025-11-11 14:00:00,274.45001,275.66,274.19,275.10999,9374706
2025-11-11 14:45:00,275.10901,275.76001,275.049988,275.25,2063980
2025-11-11 15:30:00,275.23999,275.845,274.79999,275.29999,4039713
2025-11-12 09:30:00,275.075012,275.23999,271.87,272.89999,9618218
2025-11-12 10:15:00,272.9068,274.39899,272.54999,274.13251,3106866
2025-11-12 11:00:00,274.10999,274.85001,273.81,274.76999,2203827
2025-11-12 11:45:00,274.77499,274.85001,273.72501,274.39001,1222020
2025-11-12 12:30:00,274.38,275.14001,274.12,275.049988,1267232
2025-11-12 13:15:00,275.049988,275.45999,274.73911,275.41,1293549
2025-11-12 14:00:00,275.44,275.73001,274.14001,274.36011,1556201
2025-11-12 14:45:00,274.35001,274.69,273.5,274.049988,1598212
2025-11-12 15:30:00,274.049988,274.39999,272.97,273.47,12095413
2025-11-13 09:30:00,274.26999,276.69901,273.59,274.13,8973926
2025-11-13 10:15:00,274.13,274.52701,272.17999,272.92999,3090514
2025-11-13 11:00:00,272.94501,274.4899,272.38,273.51001,2563210
2025-11-13 11:45:00,273.505,274.040009,272.45999,272.85999,1658420
2025-11-13 12:30:00,272.84,273.2699,272.5,273.22021,5875553
2025-11-13 13:15:00,273.20999,273.85001,272.10001,273.43921,2304235
2025-11-13 14:00:00,273.45999,273.79999,272.67001,272.95001,1884849
2025-11-13 14:45:00,272.97,273.12,272.54501,273.039612,1990842
2025-11-13 15:30:00,273.029999,273.60001,272.5,273.040009,11025353
2025-11-14 09:30:00,271.049988,273.22,269.60001,272.9613,9444669
2025-11-14 10:15:00,272.94,274.53,272.84,274.24551,3034253
2025-11-14 11:00:00,274.259,274.64999,273.52731,274.23001,2856361
2025-11-14 11:45:00,274.20999,275.92001,273.91,275.70499,3104435
2025-11-14 12:30:00,275.70999,275.95831,274.23001,274.95801,1616636
2025-11-14 13:15:00,274.965,274.97,273.84,274.14999,1139927
2025-11-14 14:00:00,274.16681,274.42001,273.85001,273.91699,1200677
2025-11-14 14:45:00,273.92999,274.25,272.89001,272.98999,1706704
2025-11-14 15:30:00,272.97,273.26001,272.17001,272.54999,3210889
2025-11-17 09:30:00,268.72,270.48999,267.0,269.76501,7727758
2025-11-17 10:15:00,269.76999,269.80499,267.76001,268.0,2471001
2025-11-17 11:00:00,268.0,268.76001,266.64999,268.668,2395022
2025-11-17 11:45:00,268.67499,269.54999,268.62,268.92001,1385783
2025-11-17 12:30:00,268.94,269.35001,267.44,267.93329,1543900
2025-11-17 13:15:00,267.91,268.34,267.17639,267.28,1298725
2025-11-17 14:00:00,267.26999,267.505,266.64001,266.87,1676643
2025-11-17 14:45:00,266.89999,266.89999,265.73001,266.44,2173153
2025-11-17 15:30:00,266.44,267.57999,266.19,267.45999,3487816
2025-11-18 09:30:00,269.91501,270.70499,265.76001,266.53,6664536
2025-11-18 10:15:00,266.53,268.12,265.32001,266.54999,3155374
2025-11-18 11:00:00,266.54001,268.12,266.028015,268.059998,2733817
2025-11-18 11:45:00,268.070007,268.33801,267.14001,267.16501,1930527
2025-11-18 12:30:00,267.16,268.82999,266.42999,268.51999,1720676
2025-11-18 13:15:00,268.54501,269.22,268.019989,268.26999,1659498
2025-11-18 14:00:00,268.26999,268.73001,267.67999,268.10001,1646539
2025-11-18 14:45:00,268.12,268.92499,267.98001,268.28021,1547503
2025-11-18 15:30:00,268.29999,268.42999,267.32999,267.51001,3127789
2025-11-19 09:30:00,265.52499,271.48001,265.5,271.11499,5480457
2025-11-19 10:15:00,271.10001,272.20999,270.058502,270.26999,2785221
2025-11-19 11:00:00,270.23001,270.57001,269.3201,270.21991,1879206
2025-11-19 11:45:00,270.20999,270.655,269.72,270.39999,1427054
2025-11-19 12:30:00,270.45999,271.31,269.62,271.059998,1471782
2025-11-19 13:15:00,271.059998,271.11499,269.95001,270.79999,1463757
2025-11-19 14:00:00,270.88,270.94,269.34,269.62,1105147
2025-11-19 14:45:00,269.60001,270.73499,269.17001,270.035004,1791061
2025-11-19 15:30:00,270.0,270.32999,268.14001,268.54999,9741413
2025-11-20 09:30:00,270.81,275.42999,270.81,273.73999,6987599
2025-11-20 10:15:00,273.73999,274.73001,273.095001,273.54001,2300303
2025-11-20 11:00:00,273.60001,273.60001,270.6922,270.79501,2233452
2025-11-20 11:45:00,270.79501,271.10001,268.049988,268.94,3261564
2025-11-20 12:30:00,268.87,269.25,267.020111,269.16,2398360
2025-11-20 13:15:00,269.17529,269.20999,266.51999,266.94,1814827
2025-11-20 14:00:00,266.98001,268.070007,266.35999,267.54001,1601759
2025-11-20 14:45:00,267.55499,267.91,267.0,267.32001,1653828
2025-11-20 15:30:00,267.32001,267.57999,265.92001,266.38,3489586
2025-11-21 09:30:00,265.88,269.67999,265.82001,269.22009,8986718
2025-11-21 10:15:00,269.20001,271.47,268.73999,270.88,4690985
2025-11-21 11:00:00,270.85999,271.14001,269.67001,270.31,2589469
2025-11-21 11:45:00,270.26999,271.12,269.81,270.54999,10857183
2025-11-21 12:30:00,270.63,271.60001,270.45001,270.57001,1591790
2025-11-21 13:15:00,270.55499,273.070007,270.20001,272.48001,2312353
2025-11-21 14:00:00,272.45999,273.315,272.315,272.64499,2585452
2025-11-21 14:45:00,272.67999,272.70001,271.35001,271.37,2233037
2025-11-21 15:30:00,271.35001,272.13,270.59,271.5,17443143
2025-11-24 09:30:00,270.89999,275.92001,270.89999,273.79999,7209945
2025-11-24 10:15:00,273.7699,274.26999,272.64999,273.79001,6070943
2025-11-24 11:00:00,273.79999,275.38959,273.75,274.92001,2731718
2025-11-24 11:45:00,274.91,275.20999,274.44,274.85001,1798723
2025-11-24 12:30:00,274.85001,276.29001,274.75,276.17001,2483095
2025-11-24 13:15:00,276.19,276.51001,275.78,276.029999,2213992
2025-11-24 14:00:00,276.019989,276.45001,275.35501,275.98599,2079020
2025-11-24 14:45:00,275.98001,276.655,275.70999,276.47501,2067179
2025-11-24 15:30:00,276.47,276.98001,275.10999,275.98001,4904039
2025-11-25 09:30:00,275.29999,280.38,275.26999,278.86499,8810477
2025-11-25 10:15:00,278.85001,279.63,278.19,278.83899,2428058
2025-11-25 11:00:00,278.83499,279.049988,277.60001,277.8699,2005204
2025-11-25 11:45:00,277.88501,279.31,277.5,279.070099,1824981
2025-11-25 12:30:00,279.089996,279.37,278.23001,278.64499,1558889
2025-11-25 13:15:00,278.64499,278.81,278.26999,278.29999,1215566
2025-11-25 14:00:00,278.28,278.37,277.69,277.98499,1268287
2025-11-25 14:45:00,277.98001,278.14499,277.4975,277.565,1519893
2025-11-25 15:30:00,277.56,278.0,276.85999,276.95001,2448205
2025-11-26 09:30:00,276.95999,279.047485,276.63,277.42499,4535148
2025-11-26 10:15:00,277.39999,278.23999,276.81,278.079987,1781027
2025-11-26 11:00:00,278.11011,279.5,277.86609,279.43011,1954428
2025-11-26 11:45:00,279.44,279.53,278.89001,279.07901,1912469
2025-11-26 12:30:00,279.070007,279.29001,278.095001,278.54999,1467986
2025-11-26 13:15:00,278.57999,278.79999,277.98001,278.12,1076933
2025-11-26 14:00:00,278.10999,278.45999,277.92499,278.16,1101454
2025-11-26 14:45:00,278.17001,278.94,278.01001,278.079987,1611124
2025-11-26 15:30:00,278.070007,278.29999,277.14999,277.47,9116002
2025-11-28 09:30:00,277.26001,278.2392,276.019989,276.67001,3572982
2025-11-28 10:15:00,276.69,276.89999,276.13,276.45999,1315894
2025-11-28 11:00:00,276.465,276.91989,275.98651,276.48001,1308145
2025-11-28 11:45:00,276.45139,277.1601,276.34,277.049988,1378685
2025-11-28 12:30:00,277.059998,279.0,276.90079,278.85999,2505536
2025-12-01 09:30:00,278.14999,278.76999,276.14001,277.71011,4413198
2025-12-01 10:15:00,277.70999,278.30499,277.30499,278.059998,1598673
2025-12-01 11:00:00,278.059998,278.73999,277.6778,278.42099,1237364
2025-12-01 11:45:00,278.35001,279.89001,278.35001,279.77051,1688189
2025-12-01 12:30:00,279.77499,280.29001,279.45999,280.039307,1642598
2025-12-01 13:15:00,280.03949,281.040009,279.965,280.9194,1887382
2025-12-01 14:00:00,280.92001,281.6597,280.70999,281.53,2442674
2025-12-01 14:45:00,281.5499,281.94,281.45999,281.91,2086254
2025-12-01 15:30:00,281.92001,283.41,281.73001,283.32001,5357873
2025-12-02 09:30:00,283.0,285.049988,282.73001,284.76001,6524953
2025-12-02 10:15:00,284.75,286.98001,284.14999,286.95551,4959045
2025-12-02 11:00:00,286.94,287.39999,284.82999,285.8064,3678036
2025-12-02 11:45:00,285.81,285.99991,284.82999,285.87,1784807
2025-12-02 12:30:00,285.88,286.34,285.049988,285.17001,2048204
2025-12-02 13:15:00,285.17999,285.39999,284.94,285.13989,1512095
2025-12-02 14:00:00,285.12,286.38,285.10999,286.13,1896627
2025-12-02 14:45:00,286.14001,286.82001,286.049988,286.23999,12519747
2025-12-02 15:30:00,286.23999,286.60999,285.70999,286.23001,3132652
2025-12-03 09:30:00,286.20001,288.60999,285.89999,287.76999,5933604
2025-12-03 10:15:00,287.78,287.87,286.029999,286.040009,2776266
2025-12-03 11:00:00,286.019989,286.82001,285.75,286.72409,2048099
2025-12-03 11:45:00,286.70999,286.71509,285.5,286.38501,1577811
2025-12-03 12:30:00,286.35001,286.44,285.44,285.57001,1293644
2025-12-03 13:15:00,285.57001,285.94,285.34,285.48001,1483069
2025-12-03 14:00:00,285.45999,285.63,284.45001,284.64001,1869969
2025-12-03 14:45:00,284.63,285.10001,284.27499,284.55499,10257638
2025-12-03 15:30:00,284.54999,284.70001,283.54001,284.14999,3725552
2025-12-04 09:30:00,284.10999,284.73001,281.059998,281.8699,5215293
2025-12-04 10:15:00,281.82001,282.079987,280.26999,280.76999,2782014
2025-12-04 11:00:00,280.78,281.02,279.81,280.23999,2057610
2025-12-04 11:45:00,280.25,280.9335,279.93781,280.11499,1633774
2025-12-04 12:30:00,280.13,280.48669,279.64001,279.91,1369192
2025-12-04 13:15:00,279.91,280.14001,279.38,279.38,1576952
2025-12-04 14:00:00,279.38,279.97,278.59,279.97,7323875
2025-12-04 14:45:00,279.97,280.73001,279.89001,280.125,2109355
2025-12-04 15:30:00,280.12,280.69,279.57999,280.64999,3165508
2025-12-05 09:30:00,280.54001,281.049988,279.26999,280.6701,3618663
2025-12-05 10:15:00,280.69,281.14001,279.81,280.075012,2029742
2025-12-05 11:00:00,280.079987,280.32001,278.79001,279.049988,2973554
2025-12-05 11:45:00,279.029999,279.17999,278.11499,278.315,1676101
2025-12-05 12:30:00,278.315,279.45001,278.049988,279.14001,1298627
2025-12-05 13:15:00,279.14001,279.57001,278.58499,278.70001,1149345
2025-12-05 14:00:00,278.69,279.44589,278.64999,278.87451,1262301
2025-12-05 14:45:00,278.88,279.019989,278.54001,278.80139,1474102
2025-12-05 15:30:00,278.79999,279.024994,278.19,278.79001,2719470
2025-12-08 09:30:00,278.16849,279.66931,277.45001,278.049988,5352413
2025-12-08 10:15:00,278.019989,278.5199,277.049988,277.33499,2466628
2025-12-08 11:00:00,277.33499,277.88,276.70499,277.4968,2232549
2025-12-08 11:45:00,277.48999,277.819,277.049988,277.23001,1457143
2025-12-08 12:30:00,277.20999,277.84991,276.87,277.31,1665278
2025-12-08 13:15:00,277.32001,277.48001,276.20001,276.37,1249140
2025-12-08 14:00:00,276.35999,276.73999,276.14999,276.35999,1387397
2025-12-08 14:45:00,276.37,276.97,276.20169,276.92499,8668372
2025-12-08 15:30:00,276.92999,277.98499,276.66,277.95999,2613900
2025-12-09 09:30:00,277.89001,280.029999,277.57999,277.57999,4571808
2025-12-09 10:15:00,277.57999,278.019806,277.22,277.82501,1961262
2025-12-09 11:00:00,277.82501,277.98999,277.029999,277.38339,1514349
2025-12-09 11:45:00,277.38339,278.12,277.35001,277.875,1281165
2025-12-09 12:30:00,277.875,278.60001,277.79999,278.51001,1341149
2025-12-09 13:15:00,278.51001,278.73999,278.12,278.66,1223270
2025-12-09 14:00:00,278.66,278.89001,278.10001,278.125,995017
2025-12-09 14:45:00,278.14001,278.14999,277.64999,277.86499,1598450
2025-12-09 15:30:00,277.86499,278.25,276.92001,277.23001,8158460
2025-12-10 09:30:00,277.87,278.793,276.58499,277.25009,3369444
2025-12-10 10:15:00,277.26001,277.70999,276.59,276.75,1445836
2025-12-10 11:00:00,276.72299,278.60001,276.44,278.25,1373846
2025-12-10 11:45:00,278.2301,278.89001,277.97501,278.52649,1170997
2025-12-10 12:30:00,278.51999,279.28,278.23999,278.84009,1029887
2025-12-10 13:15:00,278.84,278.98001,278.059998,278.39001,883962
2025-12-10 14:00:00,278.35999,279.22,277.70001,278.37,6375783
2025-12-10 14:45:00,278.37,279.75,278.37,278.98001,1828492
2025-12-10 15:30:00,278.98999,279.37,278.59,278.72,2242651
2025-12-11 09:30:00,279.095001,279.57999,273.81,276.17999,5833831
2025-12-11 10:15:00,276.20001,276.54999,275.20001,275.92999,2272406
2025-12-11 11:00:00,275.94,277.57999,275.63,277.47,1676944
2025-12-11 11:45:00,277.46579,278.17999,276.3501,277.905,1861774
2025-12-11 12:30:00,277.92001,278.35001,277.47,277.60001,1190532
2025-12-11 13:15:00,277.60999,278.20999,277.38,277.70499,985969
2025-12-11 14:00:00,277.70001,278.019989,277.52499,277.89999,1146502
2025-12-11 14:45:00,277.91,278.215,277.59131,278.095001,1400606
2025-12-11 15:30:00,278.089996,278.20999,277.47,278.059998,1985352
2025-12-12 09:30:00,277.79501,279.22,276.82001,278.63,3085742
2025-12-12 10:15:00,278.64999,278.85999,277.54001,277.85001,2435636
2025-12-12 11:00:00,277.79999,278.38,277.28079,277.95999,2542559
2025-12-12 11:45:00,277.95001,278.44,277.46011,277.85501,1425068
2025-12-12 12:30:00,277.83499,279.19,277.83499,278.95999,1937944
2025-12-12 13:15:00,278.965,279.10999,278.32001,278.35999,1849882
2025-12-12 14:00:00,278.35999,278.42999,277.73001,277.89999,1571643
2025-12-12 14:45:00,277.89499,278.82,277.86029,278.054993,1956930
2025-12-12 15:30:00,278.049988,278.5,276.94501,278.37,2787871
2025-12-15 09:30:00,280.0,280.049988,274.0,274.26999,6990232
2025-12-15 10:15:00,274.25,274.81,273.62,274.37,3255702
2025-12-15 11:00:00,274.39001,275.69501,274.040009,274.22,5845796
2025-12-15 11:45:00,274.23001,275.20001,274.14999,274.92001,1562510
2025-12-15 12:30:00,274.92499,275.10001,274.25,274.47269,1457970
2025-12-15 13:15:00,274.47769,274.51999,273.44,273.91,1605001
2025-12-15 14:00:00,273.905,274.14999,272.84,273.1799,2037211
2025-12-15 14:45:00,273.17999,273.8425,273.075012,273.80499,2127275
2025-12-15 15:30:00,273.81,274.72,273.51999,274.11499,4104430
2025-12-16 09:30:00,272.82001,274.029999,271.79001,273.25519,4528088
2025-12-16 10:15:00,273.255,273.82001,272.5,273.42001,1879867
2025-12-16 11:00:00,273.42001,273.73999,272.57001,273.32001,1586881
2025-12-16 11:45:00,273.35999,274.28,273.079987,273.20001,1431333
2025-12-16 12:30:00,273.19989,273.48999,271.79999,272.26999,5398571
2025-12-16 13:15:00,272.26999,273.91,272.060608,273.70999,1603874
2025-12-16 14:00:00,273.70001,274.13,272.98999,274.019989,1331180
2025-12-16 14:45:00,274.029999,274.79999,273.88,274.56,1458945
2025-12-16 15:30:00,274.54999,275.5,274.45001,274.47,2361847
2025-12-17 09:30:00,275.01001,276.16,274.82999,275.39499,3826578
2025-12-17 10:15:00,275.39499,275.85999,274.31,274.61499,2321829
2025-12-17 11:00:00,274.60001,275.059998,272.7301,272.91,4859000
2025-12-17 11:45:00,272.89001,273.12991,272.28,272.87,1721541
2025-12-17 12:30:00,272.88,273.69,272.81,272.82001,1224060
2025-12-17 13:15:00,272.81,273.2189,272.44,272.98999,1383394
2025-12-17 14:00:00,272.97,274.10999,272.79999,273.89001,1639494
2025-12-17 14:45:00,273.91,274.029999,273.57001,273.65009,1666017
2025-12-17 15:30:00,273.67001,273.87,271.69,271.85999,5130736
2025-12-18 09:30:00,273.60501,273.62,266.95999,269.41,8611303
2025-12-18 10:15:00,269.39999,272.22501,268.70999,272.019989,3503417
2025-12-18 11:00:00,272.0,273.164,271.92999,273.049713,2297561
2025-12-18 11:45:00,273.040009,273.14999,269.94,270.25,8589629
2025-12-18 12:30:00,270.20001,272.45999,270.12,272.070007,1502067
2025-12-18 13:15:00,272.070007,272.95999,271.60999,271.75,1353131
2025-12-18 14:00:00,271.715,271.89999,270.64001,270.75,1715950
2025-12-18 14:45:00,270.73001,271.96991,270.5,271.84,10407898
2025-12-18 15:30:00,271.85001,273.20001,271.785,272.16,2956766
2025-12-19 09:30:00,272.14499,272.92001,270.95001,271.83499,17856486
2025-12-19 10:15:00,271.85001,272.82001,271.17001,271.20999,2421473
2025-12-19 11:00:00,271.20999,271.95999,270.965,270.965,1797999
2025-12-19 11:45:00,270.98001,271.42001,270.26999,270.655,2047919
2025-12-19 12:30:00,270.66,271.67999,270.34,271.22501,2469282
2025-12-19 13:15:00,271.23001,271.80951,270.39999,270.85999,1898848
2025-12-19 14:00:00,270.85001,271.64999,270.56,271.48999,1810376
2025-12-19 14:45:00,271.5,271.73999,270.17499,270.79999,2560165
2025-12-19 15:30:00,270.81,274.57629,269.89999,273.67001,8193309
2025-12-22 09:30:00,272.85999,273.88,271.94,272.029999,5279597
2025-12-22 10:15:00,272.01001,272.4899,271.51001,272.32999,2268502
2025-12-22 11:00:00,272.3399,272.79999,272.10501,272.14001,1494037
2025-12-22 11:45:00,272.13,272.29999,271.51999,271.94,1651615
2025-12-22 12:30:00,271.92001,272.14001,270.91,270.94,1697556
2025-12-22 13:15:00,270.9353,271.14001,270.51001,270.76501,1677523
2025-12-22 14:00:00,270.76001,271.049988,270.64999,270.92001,1291490
2025-12-22 14:45:00,270.92001,271.10999,270.715,270.72,1519950
2025-12-22 15:30:00,270.715,271.19989,270.505,270.82001,2599971
2025-12-23 09:30:00,270.35999,271.92999,269.56,271.28,4328062
2025-12-23 10:15:00,271.26999,271.60999,270.56,271.45999,1792473
2025-12-23 11:00:00,271.44,272.17001,271.43011,271.98499,1773266
2025-12-23 11:45:00,271.98999,272.31119,271.47299,271.53,1541080
2025-12-23 12:30:00,271.54001,271.755,271.10999,271.655,1031599
2025-12-23 13:15:00,271.66,272.12,271.5,271.70001,936941
2025-12-23 14:00:00,271.70001,272.21579,271.5,272.17001,1266846
2025-12-23 14:45:00,272.14999,272.44,271.92999,272.10699,1374597
2025-12-23 15:30:00,272.10001,272.45001,271.84,272.23999,2287709
2025-12-24 09:30:00,273.25,274.73999,273.089996,274.045013,4009176
2025-12-24 10:15:00,274.029999,274.56909,273.79999,274.56909,1522689
2025-12-24 11:00:00,274.5625,275.20999,274.48999,275.16,1774969
2025-12-24 11:45:00,275.17999,275.42999,274.97,275.35999,1434177
2025-12-24 12:30:00,275.35501,275.39001,273.56,273.85001,1953652
2025-12-26 09:30:00,274.25,275.37,274.059998,274.34,2431636
2025-12-26 10:15:00,274.38,274.95999,274.28,274.72409,1184479
2025-12-26 11:00:00,274.70999,274.98001,274.37,274.60001,967413
2025-12-26 11:45:00,274.62,274.75,274.41,274.64001,830441
2025-12-26 12:30:00,274.63,274.64999,274.22501,274.59009,663163
2025-12-26 13:15:00,274.57999,274.98499,274.38,274.73001,1052173
2025-12-26 14:00:00,274.73001,274.82999,274.51001,274.5199,918604
2025-12-26 14:45:00,274.51001,274.60001,273.87009,273.98001,1180195
2025-12-26 15:30:00,273.98001,273.98999,272.87,273.25,2563251
2025-12-29 09:30:00,272.69,274.35999,272.39001,273.10999,3043538
2025-12-29 10:15:00,273.12,274.029999,272.98999,273.26001,1590634
2025-12-29 11:00:00,273.25,273.45001,272.82999,273.019989,937009
2025-12-29 11:45:00,273.024994,273.285,272.95999,273.040009,870636
2025-12-29 12:30:00,273.040009,273.48999,272.95029,273.45999,900991
2025-12-29 13:15:00,273.47,274.0,273.44,273.8956,4948798
2025-12-29 14:00:00,273.89999,273.9101,273.44,273.79999,894956
2025-12-29 14:45:00,273.79999,274.0,273.73001,273.9028,4032263
2025-12-29 15:30:00,273.91,273.94,273.45999,273.79901,1452813
2025-12-30 09:30:00,274.0,274.070007,272.47,272.60999,2788464
2025-12-30 10:15:00,272.60999,273.049988,272.39481,272.85999,1489142
2025-12-30 11:00:00,272.85999,273.32001,272.5,272.69,1184573
2025-12-30 11:45:00,272.70001,272.72,272.28,272.59,1167563
2025-12-30 12:30:00,272.59,273.13721,272.56,273.070007,855539
2025-12-30 13:15:00,273.059998,273.37991,273.010101,273.23001,997822
2025-12-30 14:00:00,273.22,273.52179,273.17999,273.22,976439
2025-12-30 14:45:00,273.22,273.47449,273.089996,273.16501,1100180
2025-12-30 15:30:00,273.16,273.255,272.73999,272.98999,2121973
2025-12-31 09:30:00,273.35999,273.67999,272.23181,273.070709,2465779
2025-12-31 10:15:00,273.10001,273.10999,271.76001,271.89001,1450153
2025-12-31 11:00:00,271.92001,272.63,271.90491,272.40991,1339281
2025-12-31 11:45:00,272.39499,272.79999,272.29001,272.67001,2532134
2025-12-31 12:30:00,272.66,273.089996,272.57001,273.089996,1032120
2025-12-31 13:15:00,273.089996,273.32999,272.54999,273.29501,1119871
2025-12-31 14:00:00,273.28,273.42999,272.60339,272.94,1077008
2025-12-31 14:45:00,272.92001,272.94,271.95999,272.079987,3828213
2025-12-31 15:30:00,272.089996,272.75,271.75,271.84,5718955
2026-01-02 09:30:00,272.0,277.8248,272.0,275.51001,6604779
2026-01-02 10:15:00,275.51001,275.51001,270.60001,270.64999,3331350
2026-01-02 11:00:00,270.64999,270.95999,269.82999,270.14999,2428428
2026-01-02 11:45:00,270.14001,270.32001,269.10999,270.14999,1831323
2026-01-02 12:30:00,270.17999,270.48001,269.73001,269.95001,6191621
2026-01-02 13:15:00,269.94,270.26999,269.019989,269.40009,1268005
2026-01-02 14:00:00,269.40729,270.70999,269.29999,270.4986,1693061
2026-01-02 14:45:00,270.48999,270.84,270.21661,270.51001,1521423
2026-01-02 15:30:00,270.53,271.049988,270.35001,270.98001,2650904
2026-01-05 09:30:00,270.63501,271.17999,267.85999,270.31,6194440
2026-01-05 10:15:00,270.31021,270.465,268.87,269.019989,2691885
2026-01-05 11:00:00,269.019989,269.35001,268.25,268.4201,2214572
2026-01-05 11:45:00,268.44,268.72,266.92001,266.97,2293513
2026-01-05 12:30:00,266.98999,267.89001,266.77011,267.59,1929866
2026-01-05 13:15:00,267.59,267.70001,267.0,267.019989,1617223
2026-01-05 14:00:00,267.029999,267.35001,266.14001,266.63,2195226
2026-01-05 14:45:00,266.63,267.040009,266.23999,267.019012,1955183
2026-01-05 15:30:00,267.029999,267.73999,266.45001,267.26001,2894622
2026-01-06 09:30:00,267.0079956,267.0079956,263.029999,264.755,7249760
2026-01-06 10:15:00,264.73999,265.10001,263.79001,263.85501,2641262
2026-01-06 11:00:00,263.85001,263.85001,262.2,262.78,4379182
2026-01-06 11:45:00,262.76999,263.01,262.35999,262.88461,2033723
2026-01-06 12:30:00,262.89001,263.79999,262.73999,263.01001,2060292
2026-01-06 13:15:00,263.015015,263.24,262.49011,262.89001,1584788
2026-01-06 14:00:00,262.92001,263.015015,262.63501,262.88,1715850
2026-01-06 14:45:00,262.89001,262.95,262.15,262.82001,2550151
2026-01-06 15:30:00,262.82999,263.0,262.22,262.22,2496947
2026-01-07 09:30:00,263.26999,263.67999,261.20999,262.039886,6286904
2026-01-07 10:15:00,262.024994,262.42999,261.32501,261.9899,2970869
2026-01-07 11:00:00,261.98999,262.20999,260.91,262.000091553,2657546
2026-01-07 11:45:00,262.0,262.57001,261.89999,262.35999,2354993
2026-01-07 12:30:00,262.37,262.70001,261.30969,261.69,2158345
2026-01-07 13:15:00,261.67999,262.14999,261.079987,262.01001,2140776
2026-01-07 14:00:00,262.024994,262.51999,261.26651,262.32501,1795732
2026-01-07 14:45:00,262.32001,262.32999,261.26001,261.32999,2098079
2026-01-07 15:30:00,261.32999,261.32999,259.82001,260.35999,4547776
2026-01-08 09:30:00,256.375,257.76999,255.7,256.92999,8837340
2026-01-08 10:15:00,256.92999,257.19,255.95,256.69,3706200
2026-01-08 11:00:00,256.70001,257.95001,255.97,257.89001,3047459
2026-01-08 11:45:00,257.90799,258.60001,256.67999,256.70901,2652257
2026-01-08 12:30:00,256.69009,257.63,256.59799,256.70001,1803612
2026-01-08 13:15:00,256.70499,257.57001,256.67999,256.935,1570086
2026-01-08 14:00:00,256.92001,257.20251,256.29999,257.019989,2114210
2026-01-08 14:45:00,257.035004,258.32999,256.89999,258.28,2903313
2026-01-08 15:30:00,258.28,259.28,257.96011,259.059998,3213685
2026-01-09 09:30:00,259.075012,260.0,256.22009,258.29001,6033510
2026-01-09 10:15:00,258.29349,258.75,257.54999,257.76999,2705511
2026-01-09 11:00:00,257.77499,258.60001,256.76639,256.935,2580745
2026-01-09 11:45:00,256.92929,259.054993,256.85001,258.92999,2457702
2026-01-09 12:30:00,258.91,259.16,258.24011,258.29001,1716060
2026-01-09 13:15:00,258.32001,259.54001,258.2662,259.48001,1418962
2026-01-09 14:00:00,259.47501,260.0,259.38,259.82001,1598631
2026-01-09 14:45:00,259.81,260.20999,259.67999,259.965,2144139
2026-01-09 15:30:00,259.95001,260.054993,258.95001,259.35001,2303687
2026-01-12 09:30:00,259.41,260.26999,256.79999,259.63,6438655
2026-01-12 10:15:00,259.60999,261.29999,258.89001,259.39001,3829931
2026-01-12 11:00:00,259.39999,260.5,259.16,259.76001,2196621
2026-01-12 11:45:00,259.75,261.10999,259.72,260.60931,2029900
2026-01-12 12:30:00,260.60001,261.29999,260.35001,260.75,1748546
2026-01-12 13:15:00,260.73999,261.10999,260.29999,260.41,6770076
2026-01-12 14:00:00,260.39999,261.019989,260.19,260.56,1675979
2026-01-12 14:45:00,260.54999,261.19,260.5025,260.97,2111313
2026-01-12 15:30:00,260.95999,261.13,260.01001,260.20999,9801908
2026-01-13 09:30:00,258.72,261.81,258.39001,260.029999,7563746
2026-01-13 10:15:00,260.040009,260.285,259.42001,259.92999,2387369
2026-01-13 11:00:00,259.94,261.019989,259.62,260.82001,1947695
2026-01-13 11:45:00,260.82001,261.16,260.17999,260.84,1672502
2026-01-13 12:30:00,260.85001,261.44,260.22,260.85001,1632343
2026-01-13 13:15:00,260.85999,260.92999,259.76001,259.95999,1481939
2026-01-13 14:00:00,259.95999,260.089996,259.14999,259.51999,7179033
2026-01-13 14:45:00,259.5,259.75,258.7601,259.019989,1542705
2026-01-13 15:30:00,259.01001,261.20001,258.84,261.049988,21564429
2026-01-14 09:30:00,259.48999,261.81,258.82001,260.35001,4316343
2026-01-14 10:15:00,260.37,260.95001,257.85999,258.071014,2532238
2026-01-14 11:00:00,258.070007,258.95001,257.79001,257.88049,1843628
2026-01-14 11:45:00,257.89001,258.049988,256.70999,257.38,1767948
2026-01-14 12:30:00,257.39001,257.715,257.040009,257.17999,1185031
2026-01-14 13:15:00,257.1702,258.10001,256.91,258.0,1285928
2026-01-14 14:00:00,257.98999,258.4317,257.51001,258.32001,1487454
2026-01-14 14:45:00,258.31,259.98001,258.10001,259.97,9981425
2026-01-14 15:30:00,259.98001,260.60001,258.68411,259.95001,25320368
2026-01-15 09:30:00,260.64999,261.029999,259.62,260.23999,4413251
2026-01-15 10:15:00,260.29001,260.7851,259.19,259.92999,2126936
2026-01-15 11:00:00,259.95999,260.63,259.73999,260.54001,1806436
2026-01-15 11:45:00,260.54001,260.54999,259.29999,259.32999,1617419
2026-01-15 12:30:00,259.34,259.39999,258.0,259.16,6288752
2026-01-15 13:15:00,259.17999,259.75,259.079987,259.23001,1213301
2026-01-15 14:00:00,259.22,259.22,257.6601,257.69989,2040238
2026-01-15 14:45:00,257.69,258.125,257.049988,257.67001,2307812
2026-01-15 15:30:00,257.6575,258.38,257.10999,258.32999,2733911
2026-01-16 09:30:00,257.88,258.89999,256.62,256.88,10594021
2026-01-16 10:15:00,256.89001,257.019989,256.059998,256.57999,2009268
2026-01-16 11:00:00,256.57001,256.87,256.13,256.54999,2122138
2026-01-16 11:45:00,256.54999,256.63,255.82001,255.83,2140928
2026-01-16 12:30:00,255.83,255.88,254.92999,255.4805,2855001
2026-01-16 13:15:00,255.49001,256.85001,255.49001,256.54999,2188551
2026-01-16 14:00:00,256.54001,257.14999,255.91499,256.56,1983277
2026-01-16 14:45:00,256.595,256.97,255.97501,256.17999,2040113
2026-01-16 15:30:00,256.17001,256.4725,255.13,255.48,3511559
2026-01-20 09:30:00,252.50999,254.78999,251.020004,251.14,7861763
2026-01-20 10:15:00,251.17,251.74001,250.85001,251.55,3157481
2026-01-20 11:00:00,251.57001,252.13,250.69,250.8503,2140781
2026-01-20 11:45:00,250.88,251.28,250.35001,250.56,1971919
2026-01-20 12:30:00,250.52,250.7,249.56,249.71001,2365995
2026-01-20 13:15:00,249.72,249.92,248.2412,248.53,2275767
2026-01-20 14:00:00,248.53999,248.67999,247.25999,247.703,2741192
2026-01-20 14:45:00,247.7,247.71001,245.080002,245.46001,4904593
2026-01-20 15:30:00,245.46001,246.92999,243.42,246.69,10059596
2026-01-21 09:30:00,248.71001,248.75,246.080002,246.91,6178070
2026-01-21 10:15:00,246.91499,248.72,246.87,248.145,3042427
2026-01-21 11:00:00,248.16991,248.28999,245.97,245.995,2904049
2026-01-21 11:45:00,246.0050049,246.325,245.19,245.83,2505980
2026-01-21 12:30:00,245.8201,246.47,245.58,246.2,1614482
2026-01-21 13:15:00,246.2,246.375,245.5,246.125,1376342
2026-01-21 14:00:00,246.12,249.34,245.58,249.13989,2945811
2026-01-21 14:45:00,249.17,251.56,248.3828,248.3828,6333947
2026-01-21 15:30:00,248.39,248.58,246.84,247.63,4345220
2026-01-22 09:30:00,249.36,250.77991,248.38499,249.86,6540765
2026-01-22 10:15:00,249.86,250.25999,249.0,249.089203,2452837
2026-01-22 11:00:00,249.10001,250.0,249.050003,249.67999,1931949
2026-01-22 11:45:00,249.7,249.89999,249.44,249.74001,1425239
2026-01-22 12:30:00,249.75,250.5275,249.73,250.0070038,1374184
2026-01-22 13:15:00,250.0099945,250.82001,249.75011,250.22,1372118
2026-01-22 14:00:00,250.2399,251.0,249.52,249.53,1926442
2026-01-22 14:45:00,249.52,249.60001,248.26511,248.37,2563965
2026-01-22 15:30:00,248.34,248.92,248.17999,248.34,11112802
2026-01-23 09:30:00,245.75,246.48,244.67999,245.95,6433273
2026-01-23 10:15:00,245.94,249.3,245.71001,248.98,3044969
2026-01-23 11:00:00,248.98,249.41,247.88,248.31,2095427
2026-01-23 11:45:00,248.31,248.8,247.88,248.7399,1571415
2026-01-23 12:30:00,248.72,248.80991,247.61,247.69769,1519820
2026-01-23 13:15:00,247.705,248.16,246.97,247.52,1494730
2026-01-23 14:00:00,247.53,248.194,247.23,248.151,1633398
2026-01-23 14:45:00,248.14999,248.47,247.91,248.19,1499788
2026-01-23 15:30:00,248.19,248.85001,247.745,247.97,12375932
2026-01-26 09:30:00,251.48,254.10001,249.8,253.68201,8214452
2026-01-26 10:15:00,253.7,255.5,253.50999,254.8,4363569
2026-01-26 11:00:00,254.80901,255.32001,254.23,255.0,3251217
2026-01-26 11:45:00,255.009903,255.42,254.25999,254.5,1937753
2026-01-26 12:30:00,254.47,254.75,254.080002,254.24001,1417242
2026-01-26 13:15:00,254.235,255.35001,254.089996,255.11,1785773
2026-01-26 14:00:00,255.10001,256.26501,255.10001,256.13,2514154
2026-01-26 14:45:00,256.14001,256.56,255.47,255.72501,11363886
2026-01-26 15:30:00,255.73,255.99001,254.89999,255.42,14219113
2026-01-27 09:30:00,259.14001,261.95001,258.66,260.029999,9660416
2026-01-27 10:15:00,260.049988,260.67999,259.53,260.34,2819838
2026-01-27 11:00:00,260.35999,261.39001,260.35001,260.90689,2306601
2026-01-27 11:45:00,260.91,261.35999,260.73001,261.31,1564800
2026-01-27 12:30:00,261.30011,261.35001,260.51999,260.9801,1470472
2026-01-27 13:15:00,260.98001,260.99991,259.51999,259.82001,1947588
2026-01-27 14:00:00,259.84,260.019989,259.51501,259.60501,1617412
2026-01-27 14:45:00,259.60999,260.040009,259.14999,259.38,2060534
2026-01-27 15:30:00,259.38501,259.67499,258.20999,258.26999,12330990
2026-01-28 09:30:00,257.56,258.85501,255.215,256.45999,5787225
2026-01-28 10:15:00,256.45999,257.049988,255.72,255.84,2344376
2026-01-28 11:00:00,255.84,256.22,254.78999,254.89,2028260
2026-01-28 11:45:00,254.88,255.42,254.66,254.82001,1420629
2026-01-28 12:30:00,254.8,255.11,254.50999,254.955,1421115
2026-01-28 13:15:00,254.95,255.88,254.88,255.65649,1250896
2026-01-28 14:00:00,255.66,255.89999,254.78,255.64,1856918
2026-01-28 14:45:00,255.64,256.64001,255.63,256.47501,2558638
2026-01-28 15:30:00,256.45999,256.89999,255.92999,256.44,3092338
2026-01-29 09:30:00,258.070007,259.64999,255.49001,256.32999,5966342
2026-01-29 10:15:00,256.36499,257.69,254.41,255.455,3868682
2026-01-29 11:00:00,255.45,256.41,254.89999,255.5901,3085383
2026-01-29 11:45:00,255.64,257.41,255.12,257.22,2688233
2026-01-29 12:30:00,257.20001,257.67001,256.54999,256.95001,2626522
2026-01-29 13:15:00,256.92999,258.029999,256.73001,257.32999,2155335
2026-01-29 14:00:00,257.34,258.39001,257.22,258.029999,2473551
2026-01-29 14:45:00,258.029999,258.56839,257.74011,258.29501,3297178
2026-01-29 15:30:00,258.31,259.35001,257.75,258.17499,5861121
2026-01-30 09:30:00,255.16499,258.35999,252.17999,258.26999,16172096
2026-01-30 10:15:00,258.27499,258.70001,253.69501,254.94,11629147
2026-01-30 11:00:00,254.91499,257.14001,254.75,256.81,5201583
2026-01-30 11:45:00,256.82001,257.13,254.28349,255.21001,4246660
2026-01-30 12:30:00,255.16,255.64999,254.53999,255.46001,2999350
2026-01-30 13:15:00,255.45,258.28,254.58,257.35001,4024598
2026-01-30 14:00:00,257.375,258.42999,257.32999,258.095001,3784757
2026-01-30 14:45:00,258.089996,259.91,257.56,259.91,5318859
2026-01-30 15:30:00,259.92001,261.8999,258.0,259.48001,13030810
2026-02-02 09:30:00,260.019989,264.681,259.20499,264.655,10716176
2026-02-02 10:15:00,264.63,265.37,262.31,262.73999,4483833
2026-02-02 11:00:00,262.70001,264.73001,262.51001,264.69501,2514332
2026-02-02 11:45:00,264.70679,264.85001,263.81,264.17999,1999146
2026-02-02 12:30:00,264.19,265.31,263.78,264.79001,1846758
2026-02-02 13:15:00,264.78,266.73499,264.62,266.70499,2944904
2026-02-02 14:00:00,266.70001,267.44,266.54001,267.285,3578302
2026-02-02 14:45:00,267.30991,269.56989,267.23001,268.98001,5023756
2026-02-02 15:30:00,268.97501,270.48999,268.84,269.95999,6031354
2026-02-03 09:30:00,269.13,271.57999,267.69,268.95001,7343766
2026-02-03 10:15:00,268.95001,271.14001,267.60999,271.070007,4507258
2026-02-03 11:00:00,271.079987,271.285,268.54999,269.73499,4071733
2026-02-03 11:45:00,269.76001,269.98001,268.29001,268.89999,2485251
2026-02-03 12:30:00,268.89001,270.37,268.755,269.38501,2774421
2026-02-03 13:15:00,269.35001,270.57001,268.85001,270.25,13694992
2026-02-03 14:00:00,270.25,271.875,269.92001,270.95001,3428926
2026-02-03 14:45:00,270.95999,271.16,268.67001,269.20999,2666530
2026-02-03 15:30:00,269.215,270.049988,268.84,269.45999,3048085
2026-02-04 09:30:00,272.31,278.81,272.285,274.89999,12538968
2026-02-04 10:15:00,274.89999,277.39001,274.55011,277.10999,5136172
2026-02-04 11:00:00,277.095001,277.30969,275.29001,275.51999,3610454
2026-02-04 11:45:00,275.53,276.60001,273.89999,275.25,4636527
2026-02-04 12:30:00,275.26999,276.11499,273.14001,275.10001,4348405
2026-02-04 13:15:00,275.10159,275.76001,274.84,275.38989,2137585
2026-02-04 14:00:00,275.41,275.57999,274.35001,275.345,2381924
2026-02-04 14:45:00,275.35999,278.079987,274.82999,277.60999,25777005
2026-02-04 15:30:00,277.60999,278.95001,276.35999,276.45999,7312922
2026-02-05 09:30:00,278.019989,279.44,273.23001,274.53,7526883
2026-02-05 10:15:00,274.51001,277.39999,273.91199,274.45001,7492856
2026-02-05 11:00:00,274.45001,276.2204,273.29001,274.66501,2705752
2026-02-05 11:45:00,274.67999,275.5,273.52499,274.73999,1815700
2026-02-05 12:30:00,274.72,274.98001,273.91,274.059998,1337141
2026-02-05 13:15:00,274.065002,275.0,273.98001,274.98001,1578438
2026-02-05 14:00:00,274.98999,277.57001,274.92001,276.42001,2577078
2026-02-05 14:45:00,276.405,277.72,276.10999,276.63,2354726
2026-02-05 15:30:00,276.63,276.91,275.35001,275.92001,3990713
2026-02-06 09:30:00,277.16,280.905,277.0,279.14001,9264406
2026-02-06 10:15:00,279.14001,279.95001,278.35001,278.815,4476740
2026-02-06 11:00:00,278.81,279.72369,278.48999,279.34,3328213
2026-02-06 11:45:00,279.37,279.77499,278.23999,278.67999,2245028
2026-02-06 12:30:00,278.70999,278.79999,277.89999,278.34,1960198
2026-02-06 13:15:00,278.32001,278.52499,276.92499,277.48001,2293097
2026-02-06 14:00:00,277.48999,277.95999,276.995,277.23001,1568837
2026-02-06 14:45:00,277.23999,278.75,277.22,277.66,2728723
2026-02-06 15:30:00,277.655,279.01001,277.57001,278.079987,3255323
2026-02-09 09:30:00,277.905,278.040009,273.049988,273.51501,5382387
2026-02-09 10:15:00,273.51999,274.26001,272.76999,273.25,2468517
2026-02-09 11:00:00,273.2681,273.79999,272.85001,273.42001,1847548
2026-02-09 11:45:00,273.38,273.45001,271.70001,272.011505,7369791
2026-02-09 12:30:00,272.040009,272.34,271.76999,271.92999,1507521
2026-02-09 13:15:00,271.92999,273.20999,271.82999,272.89999,1706689
2026-02-09 14:00:00,272.89999,273.72501,272.84,273.10999,1740363
2026-02-09 14:45:00,273.10999,274.25,272.91501,274.040009,1917463
2026-02-09 15:30:00,274.029999,275.12,273.51001,274.54001,3837569
2026-02-10 09:30:00,274.88501,275.35999,273.20999,274.26001,4123882
2026-02-10 10:15:00,274.25,274.91,274.079987,274.14001,1649252
2026-02-10 11:00:00,274.14499,274.60001,273.20001,273.39999,1370466
2026-02-10 11:45:00,273.42001,273.79999,272.94,273.35001,1525252
2026-02-10 12:30:00,273.35001,274.17999,273.14999,273.98001,1109313
2026-02-10 13:15:00,273.98999,274.26999,273.39999,273.92999,1260100
2026-02-10 14:00:00,273.95001,274.10999,273.60001,273.73999,1011519
2026-02-10 14:45:00,273.75,274.29999,273.51999,274.070007,1153245
2026-02-10 15:30:00,274.079987,274.48999,273.31,273.79001,9399403
2026-02-11 09:30:00,274.69501,277.44,274.45001,276.285,8224346
2026-02-11 10:15:00,276.29001,279.905,275.75,279.755,4099699
2026-02-11 11:00:00,279.755,279.98001,278.16,279.019989,2508662
2026-02-11 11:45:00,279.035004,280.17999,278.17999,279.94501,2045901
2026-02-11 12:30:00,279.9104,280.14999,278.5,278.67001,1473470
2026-02-11 13:15:00,278.66,279.16501,278.565,278.89261,1149085
2026-02-11 14:00:00,278.89999,279.67001,278.5,278.87,1560114
2026-02-11 14:45:00,278.85001,278.89001,274.81061,276.049988,6100346
2026-02-11 15:30:00,276.01001,276.54999,275.45999,275.54001,2931248
2026-02-12 09:30:00,275.60001,275.72,270.059998,270.255,6470387
2026-02-12 10:15:00,270.26001,271.75,268.13,268.17999,3821574
2026-02-12 11:00:00,268.173,268.23999,265.57001,265.60999,4679154
2026-02-12 11:45:00,265.595,265.97,264.42001,264.60001,3027650
2026-02-12 12:30:00,264.57001,264.64999,260.86011,260.89001,5424805
2026-02-12 13:15:00,260.89011,262.57501,260.17999,261.73499,3763021
2026-02-12 14:00:00,261.70999,262.67001,261.28,261.64001,2870845
2026-02-12 14:45:00,261.66,262.48999,261.10001,261.48999,3014671
2026-02-12 15:30:00,261.48001,262.51001,260.28,261.59,22727615
2026-02-13 09:30:00,262.01001,262.23001,258.79999,260.019989,8848290
2026-02-13 10:15:00,260.049988,261.48999,258.37,259.39001,2913757
2026-02-13 11:00:00,259.42999,259.78,258.60001,259.45001,2090529
2026-02-13 11:45:00,259.48001,260.20999,258.89001,259.59,1663583
2026-02-13 12:30:00,259.59,260.26999,258.76999,259.059998,1995668
2026-02-13 13:15:00,259.049988,259.48999,258.57999,258.70001,7975793
2026-02-13 14:00:00,258.71011,259.019989,257.96011,258.045197,8406173
2026-02-13 14:45:00,258.029999,258.73001,255.81731,255.91,3293072
2026-02-13 15:30:00,255.91,256.66,255.45,255.82001,6720926
2026-02-17 09:30:00,258.049988,260.0,255.55299,259.815,6439327
2026-02-17 10:15:00,259.79001,261.39001,258.82001,259.1481,6741624
2026-02-17 11:00:00,259.17001,260.98001,258.73999,260.38,2342366
2026-02-17 11:45:00,260.41,262.23001,260.17999,261.84991,2426223
2026-02-17 12:30:00,261.85001,262.85001,260.91,262.22,2607518
2026-02-17 13:15:00,262.20001,266.10999,262.068512,265.81149,3300699
2026-02-17 14:00:00,265.79999,266.29001,265.19,265.85001,2198765
2026-02-17 14:45:00,265.82001,266.1499,264.020111,264.29001,2279087
2026-02-17 15:30:00,264.29501,264.53,262.5,263.75,4178204
2026-02-18 09:30:00,263.5,265.10001,262.45001,264.54001,6879538
2026-02-18 10:15:00,264.57999,265.95001,264.51001,265.16,2228142
2026-02-18 11:00:00,265.15509,266.82001,265.10001,266.0,1650955
2026-02-18 11:45:00,266.0,266.019989,265.17001,265.42001,1252653
2026-02-18 12:30:00,265.41,265.78,265.0,265.715,1032390
2026-02-18 13:15:00,265.73001,265.95999,264.73999,265.073608,989606
2026-02-18 14:00:00,265.081787,265.10001,263.7601,264.019287,1008905
2026-02-18 14:45:00,264.01001,264.35001,263.20999,263.73999,1344551
2026-02-18 15:30:00,263.73999,265.53,263.73999,264.32001,3105119
2026-02-19 09:30:00,262.60001,264.35001,262.29001,262.965,3817980
2026-02-19 10:15:00,262.98999,264.075012,262.7601,263.82999,1473323
2026-02-19 11:00:00,263.82999,264.48001,263.029999,263.35999,1276609
2026-02-19 11:45:00,263.34,263.5799,262.69009,262.94,3907487
2026-02-19 12:30:00,262.89999,263.059998,261.755,262.17999,905449
2026-02-19 13:15:00,262.20001,262.3689,261.42001,262.34061,923309
2026-02-19 14:00:00,262.315,262.315,260.60001,260.76999,1072536
2026-02-19 14:45:00,260.78,261.17001,260.26999,260.76001,5733055
2026-02-19 15:30:00,260.76001,261.29999,260.049988,260.51001,2956715
2026-02-20 09:30:00,258.95499,262.35001,258.16,261.079987,6144407
2026-02-20 10:15:00,261.03009,263.26001,260.22,262.54999,2503796
2026-02-20 11:00:00,262.56,263.42001,261.23001,263.37009,2253745
2026-02-20 11:45:00,263.37,264.75,261.54001,262.29999,9136823
2026-02-20 12:30:00,262.2695,263.73001,261.60999,263.66,1595455
2026-02-20 13:15:00,263.67001,264.73001,263.16,264.23001,1572600
2026-02-20 14:00:00,264.23499,264.70999,263.72,263.90021,1081425
2026-02-20 14:45:00,263.91,264.70999,263.285,263.33011,1439498
2026-02-20 15:30:00,263.345,264.745,263.089996,264.59,13540364
2026-02-23 09:30:00,263.48999,266.85989,263.38101,265.43011,10955493
2026-02-23 10:15:00,265.5,267.73999,265.29001,266.79501,28298412
2026-02-23 11:00:00,266.845,266.87,264.75,266.60999,45461825
2026-02-23 11:45:00,266.64999,267.34589,265.84,267.12979,29295065
2026-02-23 12:30:00,267.10699,268.9299,266.86121,268.85001,20774030
2026-02-23 13:15:00,268.83499,269.42999,268.01001,268.070007,40175662
2026-02-23 14:00:00,268.089996,268.13501,266.53,266.64001,34648877
2026-02-23 14:45:00,266.64001,267.019989,266.28,266.78,29818383
2026-02-23 15:30:00,266.81,267.20001,265.98999,266.39001,9880089
2026-02-24 09:30:00,268.0,274.89001,267.73999,272.97,26374613
2026-02-24 10:15:00,273.01001,274.4299,272.35999,273.94989,36177504
2026-02-24 11:00:00,273.935,274.82001,272.47589,272.6199,42717537
2026-02-24 11:45:00,272.60999,273.17999,271.98999,272.51001,41483018
2026-02-24 12:30:00,272.48999,272.79001,271.82001,272.22,24345212
2026-02-24 13:15:00,272.21411,272.54999,271.37,271.95999,35128765
2026-02-24 14:00:00,271.95499,272.54001,271.73999,272.51001,45717018
2026-02-24 14:45:00,272.53,272.72,271.38,271.90991,10941963
2026-02-24 15:30:00,271.91,272.4299,271.48001,272.17001,13328406
2026-02-25 09:30:00,271.67999,274.079987,271.049988,272.965,15297137
2026-02-25 10:15:00,272.9899,273.95999,272.67001,273.5401,20281494
2026-02-25 11:00:00,273.54001,274.5899,272.95999,273.35001,43012410
2026-02-25 11:45:00,273.38101,273.95999,273.089996,273.60999,20803943
2026-02-25 12:30:00,273.60999,274.42999,273.42001,274.019989,8645842
2026-02-25 13:15:00,274.049988,274.75,274.01001,274.60999,25696774
2026-02-25 14:00:00,274.62,274.94,274.17999,274.23999,28777838
2026-02-25 14:45:00,274.22,274.22,273.20999,273.75,12021385
2026-02-25 15:30:00,273.72,274.72,273.625,274.17999,2422723
2026-02-26 09:30:00,274.95499,276.10999,272.5,272.55991,15479262
2026-02-26 10:15:00,272.5,272.67001,270.81,270.97,24120217
2026-02-26 11:00:00,270.995,272.7851,270.79501,272.080109,30528354
2026-02-26 11:45:00,272.070007,272.42499,271.5127,271.76001,42529684
2026-02-26 12:30:00,271.755,272.024994,270.91,271.42001,23818095
2026-02-26 13:15:00,271.42001,272.19,270.853,272.17499,17650576
2026-02-26 14:00:00,272.16,273.22,271.22,273.19,47234536
2026-02-26 14:45:00,273.2099,273.5,272.57999,272.63,29964235
2026-02-26 15:30:00,272.64499,273.070007,272.20001,272.98999,9425723
2026-02-27 09:30:00,272.81,272.81,268.76001,269.51999,14497819
2026-02-27 10:15:00,269.53,269.85001,268.19199,268.89999,24513942
2026-02-27 11:00:00,268.88,269.64001,268.23001,268.82999,44091002
2026-02-27 11:45:00,268.85501,269.39999,267.26999,267.88419,35058595
2026-02-27 12:30:00,267.87,268.26001,266.465,266.465,30303475
2026-02-27 13:15:00,266.465,266.52991,265.85001,266.14999,33075194
2026-02-27 14:00:00,266.19501,266.48001,265.26999,265.39999,16214521
2026-02-27 14:45:00,265.42001,266.89999,265.26001,266.64001,25857144
2026-02-27 15:30:00,266.63,266.63,262.89001,264.17001,28863982
2026-03-02 09:30:00,262.44,264.17999,260.20001,263.82001,9851508
2026-03-02 10:15:00,263.82001,264.59,262.0,262.72,22144337
2026-03-02 11:00:00,262.70999,265.68799,262.60001,265.63,32839495
2026-03-02 11:45:00,265.65091,266.20001,265.32501,266.0,20079190
2026-03-02 12:30:00,265.995,266.29001,265.44,265.81,9817600
2026-03-02 13:15:00,265.81009,265.82999,264.35999,264.62,29140888
2026-03-02 14:00:00,264.60001,266.53,264.4061,266.13,32380878
2026-03-02 14:45:00,266.12,266.4899,264.14001,264.31,13658825
2026-03-02 15:30:00,264.315,265.54999,263.60999,264.60001,5738581
2026-03-03 09:30:00,263.48001,265.56,261.22,264.13,6791437
2026-03-03 10:15:00,264.10001,264.48999,261.91,262.42001,3354294
2026-03-03 11:00:00,262.39999,263.39001,262.10999,262.98001,2706045
2026-03-03 11:45:00,262.97,263.78,261.57999,261.81,2152749
2026-03-03 12:30:00,261.79999,261.80499,260.13,260.64001,2249085
2026-03-03 13:15:00,260.64099,263.10001,260.60999,262.39999,2025373
2026-03-03 14:00:00,262.4303,264.61499,262.23999,264.29001,2437005
2026-03-03 14:45:00,264.31,264.48999,262.51001,263.28,1678739
2026-03-03 15:30:00,263.23999,263.95999,262.34,263.689,4138461
2026-03-04 09:30:00,264.64999,266.14999,261.42001,262.89999,6065239
2026-03-04 10:15:00,262.86011,264.5759,262.81,264.056213,2954488
2026-03-04 11:00:00,264.065002,265.48999,263.37,265.32999,2611020
2026-03-04 11:45:00,265.32001,265.51001,264.67999,264.89999,2211160
2026-03-04 12:30:00,264.91,265.35999,263.82001,264.015015,2041958
2026-03-04 13:15:00,264.0,264.19501,263.059998,263.26001,1980249
2026-03-04 14:00:00,263.26001,263.67999,263.10999,263.20999,2410023
2026-03-04 14:45:00,263.28,263.45001,262.059906,262.73001,2667714
2026-03-04 15:30:00,262.70999,263.16,262.16461,262.45001,4837636
2026-03-05 09:30:00,260.745,261.45001,258.57999,259.62,8999958
2026-03-05 10:15:00,259.62,261.22501,258.075012,261.0,4234676
2026-03-05 11:00:00,261.015015,261.5,259.5,260.76001,3215221
2026-03-05 11:45:00,260.78,261.55499,258.97,259.019989,2803318
2026-03-05 12:30:00,259.040009,259.42001,258.495,259.32501,2724712
2026-03-05 13:15:00,259.32999,259.48999,257.85001,258.22,2567818
2026-03-05 14:00:00,258.1861,258.55991,257.25,258.32001,2408186
2026-03-05 14:45:00,258.32999,259.48999,257.39999,258.69,3120445
2026-03-05 15:30:00,258.67999,260.56,258.41,260.26001,7022514
2026-03-06 09:30:00,258.73999,258.76001,254.37,256.56171,7719337
2026-03-06 10:15:00,256.59,257.57001,256.079987,257.51001,2816255
2026-03-06 11:00:00,257.51999,257.95001,256.44,256.68359,2564334
2026-03-06 11:45:00,256.72,257.48999,256.39001,256.76999,2033350
2026-03-06 12:30:00,256.76999,257.59,256.059998,257.57001,1785544
2026-03-06 13:15:00,257.53,257.54999,255.91,256.33121,1695544
2026-03-06 14:00:00,256.39001,257.45001,256.32001,256.98999,1454772
2026-03-06 14:45:00,256.98999,257.96991,256.8111,256.91,2337639
2026-03-06 15:30:00,256.92001,258.01001,256.44,257.44,5129423
2026-03-09 09:30:00,255.69,257.019897,253.6805,256.12,6193998
2026-03-09 10:15:00,256.14001,257.88,255.50011,257.34,3177248
2026-03-09 11:00:00,257.32001,257.92999,256.92999,257.41,2358161
2026-03-09 11:45:00,257.41501,258.26999,257.15009,257.57001,2229989
2026-03-09 12:30:00,257.57999,258.089996,257.17999,257.245,1763798
2026-03-09 13:15:00,257.25,257.35001,255.95,256.12,1856729
2026-03-09 14:00:00,256.13,257.79999,256.1076,257.50339,2411496
2026-03-09 14:45:00,257.51501,259.57001,257.040009,259.48001,3163918
2026-03-09 15:30:00,259.45999,261.14999,259.01001,259.89001,4821540
2026-03-10 09:30:00,257.69501,259.9184,256.95001,259.13,4400690
2026-03-10 10:15:00,259.11499,261.53,258.60999,261.32999,2439697
2026-03-10 11:00:00,261.30499,261.78,261.049988,261.35999,2044997
2026-03-10 11:45:00,261.36499,261.98001,261.0,261.87,1816830
2026-03-10 12:30:00,261.89001,261.95999,260.82001,261.85999,1769526
2026-03-10 13:15:00,261.82999,262.48001,261.28,262.26001,2165483
2026-03-10 14:00:00,262.28,262.3732,260.47,261.29001,2270549
2026-03-10 14:45:00,261.26999,261.76001,260.42999,260.505,1775705
2026-03-10 15:30:00,260.47,261.20001,260.3501,260.72,3231160
2026-03-11 09:30:00,261.20999,262.13,260.20999,260.8681,3385506
2026-03-11 10:15:00,260.85999,261.089996,259.54999,260.72,2202239
2026-03-11 11:00:00,260.75,260.95999,259.85001,260.26999,1872021
2026-03-11 11:45:00,260.22,260.86801,260.070007,260.64499,1381781
2026-03-11 12:30:00,260.62,261.20001,260.5,260.60001,1159617
2026-03-11 13:15:00,260.60001,261.14001,259.63,260.505,1423057
2026-03-11 14:00:00,260.48001,260.60001,259.76999,259.98001,1219032
2026-03-11 14:45:00,259.98221,260.39999,259.81,260.13171,1168744
2026-03-11 15:30:00,260.14001,261.10001,260.040009,260.81,3235002
2026-03-12 09:30:00,258.64001,258.95001,255.34,255.9801,5877889
2026-03-12 10:15:00,256.0,256.070007,254.35001,254.89999,3441523
2026-03-12 11:00:00,254.89999,255.64999,254.17999,255.575,3127392
2026-03-12 11:45:00,255.58,256.25,254.895,255.65781,2457488
2026-03-12 12:30:00,255.63,255.95,254.84,255.10001,2412599
2026-03-12 13:15:00,255.039993,255.47,254.77,255.33,1890895
2026-03-12 14:00:00,255.334,255.67999,254.89,255.149,2156914
2026-03-12 14:45:00,255.13,256.25,254.91,256.089996,2553313
2026-03-12 15:30:00,256.099915,256.20511,254.97,255.75,4532523
2026-03-13 09:30:00,255.39999,256.32999,254.84,255.2,4554918
2026-03-13 10:15:00,255.2,255.81,253.69,253.84,2642343
2026-03-13 11:00:00,253.85001,254.39,252.25,252.3602,2484188
2026-03-13 11:45:00,252.3699,252.9478,251.85001,252.655,2446974
2026-03-13 12:30:00,252.64,252.97,250.96001,251.63,3198851
2026-03-13 13:15:00,251.63,251.92999,250.89999,251.28011,2412881
2026-03-13 14:00:00,251.28999,251.845,250.7793,251.77,1847592
2026-03-13 14:45:00,251.77991,251.80499,250.21001,250.295,2673819
2026-03-13 15:30:00,250.28,250.62,249.52,250.11501,6367474
2026-03-16 09:30:00,252.105,253.21001,249.91,252.74001,11814055
2026-03-16 10:15:00,252.71001,253.8,252.61,253.63,15405012
2026-03-16 11:00:00,253.62,253.88499,252.92,253.205,29816307
2026-03-16 11:45:00,253.19,253.53999,252.2001,252.36501,13810542
2026-03-16 12:30:00,252.35001,253.33,252.2,253.175,20895211
2026-03-16 13:15:00,253.19,253.2,252.16,252.17,17095203
2026-03-16 14:00:00,252.21989,253.132,252.13,252.97501,25007680
2026-03-16 14:45:00,252.97501,253.44,252.27,252.862,20372209
2026-03-16 15:30:00,252.84,253.059998,252.11,252.78,16610907
2026-03-17 09:30:00,253.078506,255.074997,252.17999,254.14999,11487760
2026-03-17 10:15:00,254.14999,254.95,253.78999,254.3988,13922317
2026-03-17 11:00:00,254.38,254.59,253.66,254.255,24324918
2026-03-17 11:45:00,254.23,255.1299,254.21001,254.86,12010758
2026-03-17 12:30:00,254.87,255.029999,253.8,253.9299,18916679
2026-03-17 13:15:00,253.91,254.605,253.56,254.504,33236088
2026-03-17 14:00:00,254.50999,254.63,253.92999,253.95,28794314
2026-03-17 14:45:00,253.97,254.10001,253.1301,253.77,26215749
2026-03-17 15:30:00,253.78,254.58,253.67999,254.23,1930468
2026-03-18 09:30:00,252.625,254.94,251.38,253.085007,5825959
2026-03-18 10:15:00,253.039993,253.52,252.080002,252.52,10263404
2026-03-18 11:00:00,252.515,253.059998,251.66499,251.8111,29408636
2026-03-18 11:45:00,251.8,252.029999,251.46001,251.5701,16716981
2026-03-18 12:30:00,251.575,251.59,250.39,250.48,12752486
2026-03-18 13:15:00,250.49001,251.41,250.42999,251.33501,22009840
2026-03-18 14:00:00,251.37,251.6476,249.97,250.39,20968766
2026-03-18 14:45:00,250.37,250.52,249.61,249.67999,29006731
2026-03-18 15:30:00,249.694,250.35001,249.0,249.91,2998677
2026-03-19 09:30:00,249.39999,251.83,247.3,250.715,16082598
2026-03-19 10:15:00,250.71001,250.8,249.34579,249.86501,17638214
2026-03-19 11:00:00,249.86,250.27,249.125,249.14999,25498705
2026-03-19 11:45:00,249.1532,249.95261,248.88,249.25999,18021467
2026-03-19 12:30:00,249.27499,249.42,247.71001,247.97,30987487
2026-03-19 13:15:00,248.0,248.5399,247.7299,247.9543,22854526
2026-03-19 14:00:00,247.96001,248.52991,247.67,247.72009,25791695
2026-03-19 14:45:00,247.71001,249.59,247.71001,248.47,15210109
2026-03-19 15:30:00,248.44,249.33,248.28999,248.907,18119527
2026-03-20 09:30:00,248.11,248.75999,246.61,247.6409,25193043
2026-03-20 10:15:00,247.63,248.85001,247.1601,248.185,3258418
2026-03-20 11:00:00,248.2,248.64999,247.78,248.31,4859918
2026-03-20 11:45:00,248.3,249.059998,248.125,248.62,2424582
2026-03-20 12:30:00,248.63,248.78999,248.080002,248.49001,1699775
2026-03-20 13:15:00,248.47,248.61,247.53011,248.16,2354598
2026-03-20 14:00:00,248.19,248.7599,247.75999,247.94501,2559029
2026-03-20 14:45:00,247.95,249.19991,247.59,248.089996,3052105
2026-03-20 15:30:00,248.089996,248.2,246.0,248.19,6366085
2026-03-23 09:30:00,253.99001,254.56,251.020004,252.14,8377582
2026-03-23 10:15:00,252.14999,253.0050049,251.53,252.105,2627910
2026-03-23 11:00:00,252.11,252.92,251.92,252.72,3320785
2026-03-23 11:45:00,252.72501,252.74001,250.675,250.80499,2964116
2026-03-23 12:30:00,250.81,251.75,250.5,250.53,2044999
2026-03-23 13:15:00,250.53,251.92999,250.28,251.87,1813570
2026-03-23 14:00:00,251.875,252.12,251.2,251.80499,2120796
2026-03-23 14:45:00,251.78999,252.41499,251.62,251.765,2092191
2026-03-23 15:30:00,251.765,252.52499,250.97,251.44,4373303
2026-03-24 09:30:00,250.49001,253.12,249.55,252.73,4391842
2026-03-24 10:15:00,252.75,253.31,251.74001,252.11,3046329
2026-03-24 11:00:00,252.10001,254.32001,252.059998,254.255,2856357
2026-03-24 11:45:00,254.2505,254.825,253.3849,254.59,2355528
2026-03-24 12:30:00,254.59689,254.71001,252.86501,252.99001,1810857
2026-03-24 13:15:00,252.99001,253.53999,252.295,253.21001,1804640
2026-03-24 14:00:00,253.21001,253.5,252.2299,252.495,1746280
2026-03-24 14:45:00,252.52,253.1501,252.080002,252.0896,1605248
2026-03-24 15:30:00,252.089905,252.13,251.22,251.75,3583757
2026-03-25 09:30:00,254.020004,254.98,251.60001,252.84,4531027
2026-03-25 10:15:00,252.83,253.67,252.17999,253.42,2223990
2026-03-25 11:00:00,253.4225,254.46001,252.98,253.72,2614834
2026-03-25 11:45:00,253.685,254.17,253.089996,253.925,1578819
2026-03-25 12:30:00,254.0,254.64999,253.78999,254.059998,1689846
2026-03-25 13:15:00,253.98,254.50999,253.74001,253.97,1466140
2026-03-25 14:00:00,253.97,254.25,253.46001,253.46001,1265119
2026-03-25 14:45:00,253.46001,253.53,252.25999,252.625,2014597
2026-03-25 15:30:00,252.63499,252.715,252.0099945,252.57001,3058584
2026-03-26 09:30:00,251.995,255.13,250.77499,255.050003,5335258
2026-03-26 10:15:00,255.050003,256.85999,254.86,256.47,5324767
2026-03-26 11:00:00,256.44,257.0,255.55009,256.22,3068704
2026-03-26 11:45:00,256.25,256.76999,255.57001,256.10001,2445688
2026-03-26 12:30:00,256.10001,256.45999,255.14999,255.2691,2661180
2026-03-26 13:15:00,255.25999,255.3,253.661,253.80499,2615482
2026-03-26 14:00:00,253.78999,255.11501,253.39,254.12,3312780
2026-03-26 14:45:00,254.10001,254.48,253.14,253.67,2434912
2026-03-26 15:30:00,253.67999,253.72501,252.020004,252.88,4420545
2026-03-27 09:30:00,253.91,255.493,252.78011,254.77,7867751
2026-03-27 10:15:00,254.72,255.28999,251.8,253.28,5037787
2026-03-27 11:00:00,253.25999,253.42999,251.97,252.57001,3130796
2026-03-27 11:45:00,252.61501,252.92999,251.69,251.78,2206063
2026-03-27 12:30:00,251.77499,252.75999,251.60001,251.825,2268892
2026-03-27 13:15:00,251.83,251.855,249.36,249.8,3328097
2026-03-27 14:00:00,249.82001,249.92999,248.61,248.9025,3242780
2026-03-27 14:45:00,248.89,249.19009,248.25,248.4099,3135884
2026-03-27 15:30:00,248.41,249.37,248.070007,248.62,5252096
2026-03-30 09:30:00,249.995,250.84,246.97,247.82001,5443876
2026-03-30 10:15:00,247.85001,248.12,246.039993,246.53,2909829
2026-03-30 11:00:00,246.50999,247.054993,246.17,246.88499,2679915
2026-03-30 11:45:00,246.89999,247.21001,245.96001,246.020004,2052669
2026-03-30 12:30:00,246.0099945,247.44,245.96001,246.86,1803884
2026-03-30 13:15:00,246.86501,247.32001,245.96001,246.92,2518354
2026-03-30 14:00:00,246.94,247.13,246.16,246.42999,1972504
2026-03-30 14:45:00,246.46001,246.83,245.83,245.89,2265109
2026-03-30 15:30:00,245.89,247.039993,245.50999,246.53999,4551161
2026-03-31 09:30:00,247.89,249.27,247.64,248.50999,5121860
2026-03-31 10:15:00,248.511,249.12,247.101,247.32001,2730554
2026-03-31 11:00:00,247.28999,248.88,247.27,248.63499,2203210
2026-03-31 11:45:00,248.62,250.69,248.42,250.34,2813890
2026-03-31 12:30:00,250.3499,253.9299,250.17999,253.25,4966572
2026-03-31 13:15:00,253.32001,253.96001,252.39999,252.53999,2355304
2026-03-31 14:00:00,252.53,253.78,252.53,253.39999,2359832
2026-03-31 14:45:00,253.37,254.125,253.36501,253.67,2726928
2026-03-31 15:30:00,253.67,255.48,253.28,253.78999,7002121
2026-04-01 09:30:00,254.3,256.17999,253.82001,254.27499,6200204
2026-04-01 10:15:00,254.25999,255.080002,253.33,254.13,3352865
2026-04-01 11:00:00,254.14,254.745,253.75999,253.95,2368164
2026-04-01 11:45:00,253.9425,254.82001,253.85001,254.4301,1911836
2026-04-01 12:30:00,254.44,255.17,254.22,254.98,3238829
2026-04-01 13:15:00,254.9614,255.39999,254.75999,254.785,2351224
2026-04-01 14:00:00,254.7545,254.91,253.97,254.67,2180837
2026-04-01 14:45:00,254.67,255.66,254.23,255.655,2431899
2026-04-01 15:30:00,255.64,256.13,255.1501,255.69,4782139
2026-04-02 09:30:00,254.14,254.75999,250.64999,252.039993,5497612
2026-04-02 10:15:00,252.070007,255.3999,251.85001,255.375,3074224
2026-04-02 11:00:00,255.39999,255.72,254.41,254.85001,1772646
2026-04-02 11:45:00,254.84,254.84,254.0,254.11,1197615
2026-04-02 12:30:00,254.13,255.19,254.070007,255.029999,1054704
2026-04-02 13:15:00,255.029999,255.48531,254.31,254.61,1190437
2026-04-02 14:00:00,254.58,255.295,254.58,255.12,2407125
2026-04-02 14:45:00,255.089996,255.7,254.91,255.12,1837849
2026-04-02 15:30:00,255.10001,256.13,254.8,255.89,3297591
2026-04-06 09:30:00,256.96249,260.1199,256.48001,260.10001,4907252
2026-04-06 10:15:00,260.080109,262.16,259.72,259.91,4152897
2026-04-06 11:00:00,259.89999,260.12,258.97,259.13,2272914
2026-04-06 11:45:00,259.13,259.63,258.70999,259.040009,1335879
2026-04-06 12:30:00,259.029999,259.56,257.91,258.22,1569257
2026-04-06 13:15:00,258.23999,259.01001,258.12009,258.17999,1455686
2026-04-06 14:00:00,258.19,259.39001,257.85001,259.015015,1453536
2026-04-06 14:45:00,259.015015,259.26001,258.019989,258.24991,1820096
2026-04-06 15:30:00,258.23001,259.075012,258.13,258.88699,2757592
2026-04-07 09:30:00,254.72,254.7999,248.47,248.535,11205527
2026-04-07 10:15:00,248.53999,248.66991,245.99001,246.1899,7189371
2026-04-07 11:00:00,246.17999,247.89,245.7,247.785,5314248
2026-04-07 11:45:00,247.79939,250.2899,247.77,250.17,5540053
2026-04-07 12:30:00,250.17,253.39,249.6601,251.47,6781661
2026-04-07 13:15:00,251.455,252.78999,251.2829,251.69,3457805
2026-04-07 14:00:00,251.7,251.98,250.98,251.13499,2312446
2026-04-07 14:45:00,251.125,252.5,250.12,251.955,3370659
2026-04-07 15:30:00,251.92101,253.60989,251.44,253.49001,5898745
2026-04-08 09:30:00,258.51001,259.74991,256.53,258.85001,8949963
2026-04-08 10:15:00,258.84601,259.11749,257.64001,258.89999,3537915
2026-04-08 11:00:00,258.92001,259.51001,257.35999,258.083313,3148645
2026-04-08 11:45:00,258.10001,258.39999,257.10999,257.42801,2498522
2026-04-08 12:30:00,257.42499,258.69,257.42499,258.4267,2014803
2026-04-08 13:15:00,258.435,258.63,257.41,257.70001,1973839
2026-04-08 14:00:00,257.70001,257.94501,256.91,257.20999,2110883
2026-04-08 14:45:00,257.20999,257.84,257.089996,257.20001,2593615
2026-04-08 15:30:00,257.17999,258.98999,257.17999,258.92999,3893271
2026-04-09 09:30:00,259.37,260.029999,256.070007,257.72501,4734534
2026-04-09 10:15:00,257.72,258.26001,257.3501,257.64999,2509632
2026-04-09 11:00:00,257.64511,258.31989,257.35999,257.78,1848547
2026-04-09 11:45:00,257.79001,259.47,257.70459,259.12,1916597
2026-04-09 12:30:00,259.12,260.029999,258.80499,259.94089,1653129
2026-04-09 13:15:00,259.92999,260.53,259.79001,259.94501,1530594
2026-04-09 14:00:00,259.95999,260.049988,259.29999,259.79999,1389710
2026-04-09 14:45:00,259.76511,260.34,259.62,260.059998,1660338
2026-04-09 15:30:00,260.049988,261.12,260.024994,260.39001,2894901
2026-04-10 09:30:00,259.95001,261.64001,259.070007,261.57001,4585506
2026-04-10 10:15:00,261.59,262.19,261.22101,261.73999,2532788
2026-04-10 11:00:00,261.75,261.82001,261.13971,261.50089,1923595
2026-04-10 11:45:00,261.51999,261.75,260.42999,260.5351,1935769
2026-04-10 12:30:00,260.54501,260.56,259.55011,259.67001,1745007
2026-04-10 13:15:00,259.67999,259.82999,259.023102,259.69501,1462226
2026-04-10 14:00:00,259.685,260.20001,259.41,260.089996,1507536
2026-04-10 14:45:00,260.079987,260.12,259.35001,259.72,1845930
2026-04-10 15:30:00,259.72,260.535,259.29001,260.38,3655071
2026-04-13 09:30:00,259.85999,260.17999,256.66,257.91501,5582522
2026-04-13 10:15:00,257.89001,257.92001,257.10001,257.80499,2324242
2026-04-13 11:00:00,257.82001,257.88,257.029999,257.11499,2678500
2026-04-13 11:45:00,257.11499,257.875,256.79001,257.78,2310784
2026-04-13 12:30:00,257.7901,258.34,257.51511,257.89001,1942289
2026-04-13 13:15:00,257.89499,258.20001,257.51999,257.58499,1461422
2026-04-13 14:00:00,257.59,258.38501,257.58081,258.36499,1765011
2026-04-13 14:45:00,258.36499,258.48001,257.79999,257.85001,1818105
2026-04-13 15:30:00,257.845,259.57999,257.59,259.20999,5022608
2026-04-14 09:30:00,259.10001,261.92999,259.10001,260.26999,6964344
2026-04-14 10:15:00,260.28,260.29999,257.67001,257.85999,3971213
2026-04-14 11:00:00,257.82999,258.39001,257.60999,258.23749,3535370
2026-04-14 11:45:00,258.23001,258.29999,257.19009,257.70001,2737659
2026-04-14 12:30:00,257.69,259.76511,257.62,259.35999,3192170
2026-04-14 13:15:00,259.35999,259.57999,257.75,258.39999,2455526
2026-04-14 14:00:00,258.39499,258.97,258.10999,258.19989,1744397
2026-04-14 14:45:00,258.16,258.67001,257.75,258.32501,2492921
2026-04-14 15:30:00,258.32501,258.85999,258.14999,258.85501,5322365
2026-04-15 09:30:00,258.11,260.3,257.83,260.16,270752
2026-04-15 10:15:00,260.17,263.32,260.17,262.96,232367
2026-04-15 11:00:00,262.955,264.115,262.465,263.66,301985
2026-04-15 11:45:00,263.67,265.51,263.54,264.56,241966
2026-04-15 12:30:00,264.58,265.78,264.24,265.6,265851
2026-04-15 13:15:00,265.59,265.705,264.41,264.41,100425
2026-04-15 14:00:00,264.4,265.69,264.3,265.59,100372
2026-04-15 14:45:00,265.63,265.86499,265.27,265.33,613039
2026-04-15 15:30:00,265.27,266.55,265.25,266.37,282563
2026-04-16 09:30:00,266.79999,267.16,261.31,262.32999,10234409
2026-04-16 10:15:00,262.34,262.59,261.26999,261.87,3721339
2026-04-16 11:00:00,261.85001,262.97989,261.85001,262.97,3443681
2026-04-16 11:45:00,262.97501,264.3898,262.97,264.080109,3078305
2026-04-16 12:30:00,264.089996,264.16861,263.089996,263.39999,2161297
2026-04-16 13:15:00,263.39081,263.82001,263.2001,263.81,1537455
2026-04-16 14:00:00,263.79999,264.17999,263.29999,264.070007,2134763
2026-04-16 14:45:00,264.065002,264.54999,263.48001,263.63409,2554710
2026-04-16 15:30:00,263.63,264.25,263.26001,263.35999,3667931
2026-04-17 09:30:00,267.097992,269.79001,266.72,269.059998,15180681
2026-04-17 10:15:00,269.089996,270.45999,268.44,270.25,4779093
2026-04-17 11:00:00,270.2702,272.29999,270.22,271.42999,5300892
2026-04-17 11:45:00,271.45001,271.8699,270.76999,271.54999,2605123
2026-04-17 12:30:00,271.56,271.7399,270.82999,271.049988,4919456
2026-04-17 13:15:00,271.049988,271.10999,270.16,270.25,2876744
2026-04-17 14:00:00,270.26001,270.79999,269.92001,270.60999,2977982
2026-04-17 14:45:00,270.6001,270.66,269.53,269.69501,2599941
2026-04-17 15:30:00,269.70999,270.53,269.6601,270.185,4777998
2026-04-20 09:30:00,270.32999,274.27499,270.32999,273.4801,8453358
2026-04-20 10:15:00,273.5,274.23999,272.095001,272.39999,3505092
2026-04-20 11:00:00,272.37,272.95999,271.72,272.36499,2790149
2026-04-20 11:45:00,272.37,272.8692,272.16,272.57001,1706094
2026-04-20 12:30:00,272.59,273.13501,271.84,272.311,1859123
2026-04-20 13:15:00,272.32001,272.97,271.98001,272.95999,1710505
2026-04-20 14:00:00,272.95999,273.64001,272.79999,273.075012,2107033
2026-04-20 14:45:00,273.079987,273.26001,272.67001,272.69,1614729
2026-04-20 15:30:00,272.64999,273.16,272.26999,272.92999,3689439
2026-04-21 09:30:00,271.44501,272.79999,270.32999,270.39401,7001677
2026-04-21 10:15:00,270.41919,270.54999,268.75,268.82001,3843116
2026-04-21 11:00:00,268.84,269.079895,267.2504,267.27069,4362730
2026-04-21 11:45:00,267.26999,267.53,265.81,265.85999,4323815
2026-04-21 12:30:00,265.85999,266.88,265.39999,266.48999,5465268
2026-04-21 13:15:00,266.54999,267.0,265.79999,266.3801,2921200
2026-04-21 14:00:00,266.39999,267.47989,266.23001,267.22501,3076728
2026-04-21 14:45:00,267.22501,268.19,266.97299,267.95999,3354237
2026-04-21 15:30:00,267.965,267.97,265.87,266.22,6237992
2026-04-22 09:30:00,267.82001,270.78,266.87,270.66501,8566352
2026-04-22 10:15:00,270.6601,272.56,270.34,271.28,5601683
2026-04-22 11:00:00,271.26999,273.25089,271.20999,272.84,3423109
2026-04-22 11:45:00,272.85001,273.505,272.56,272.69,2611077
2026-04-22 12:30:00,272.70499,273.42001,272.35999,273.17999,2263448
2026-04-22 13:15:00,273.20001,273.71719,272.5,273.47,1956678
2026-04-22 14:00:00,273.47,273.73999,272.28,272.42001,2343576
2026-04-22 14:45:00,272.42999,272.82001,272.10049,272.70999,2008793
2026-04-22 15:30:00,272.715,273.26001,272.54999,273.19,4278621
2026-04-23 09:30:00,275.045013,275.76999,273.1355,273.89999,5729795
2026-04-23 10:15:00,273.88,274.53851,273.33801,273.95001,1917353
2026-04-23 11:00:00,273.935,274.41,273.26999,273.32001,2000652
2026-04-23 11:45:00,273.29999,273.67999,273.030487,273.60001,1417726
2026-04-23 12:30:00,273.61499,273.99271,272.29999,272.48001,3411577
2026-04-23 13:15:00,272.495,273.13,271.64999,272.98999,2882603
2026-04-23 14:00:00,273.0,274.12,272.90009,273.86011,2409570
2026-04-23 14:45:00,273.85001,274.54501,273.69,274.17001,2224443
2026-04-23 15:30:00,274.14999,274.25989,273.059998,273.44,2753801
2026-04-24 09:30:00,272.76001,273.059998,270.10001,271.54999,5669762
2026-04-24 10:15:00,271.57999,272.59,271.28,271.45499,2287474
2026-04-24 11:00:00,271.51001,271.63,269.79999,270.42999,2713538
2026-04-24 11:45:00,270.48999,271.67999,269.92001,270.98999,2308244
2026-04-24 12:30:00,271.0,271.15201,269.78,269.95499,2346354
2026-04-24 13:15:00,269.95001,270.29999,269.64999,269.80551,2602892
2026-04-24 14:00:00,269.80301,270.38,269.72,270.32999,2055009
2026-04-24 14:45:00,270.31,270.38,269.89999,270.089996,3000916
2026-04-24 15:30:00,270.089996,271.48001,270.0,271.059998,4744314
2026-04-27 09:30:00,266.089996,268.35999,265.070007,267.39001,9336389
2026-04-27 10:15:00,267.38501,267.79999,266.67001,267.16,2702025
2026-04-27 11:00:00,267.17999,267.64001,266.62,267.64001,2078058
2026-04-27 11:45:00,267.62,267.63,266.26001,266.29501,2033986
2026-04-27 12:30:00,266.29001,266.67499,266.29001,266.44958,2254588
2026-04-27 13:15:00,266.42999,267.049988,266.35001,266.48001,1772659
2026-04-27 14:00:00,266.48001,266.64001,266.089996,266.17999,2169970
2026-04-27 14:45:00,266.17999,267.215,266.14999,267.14999,2025450
2026-04-27 15:30:00,267.16,267.95999,267.049988,267.67999,4077895
2026-04-28 09:30:00,272.33499,273.22,268.66,270.29501,7517415
2026-04-28 10:15:00,270.32999,271.74951,270.25,271.13,4552997
2026-04-28 11:00:00,271.17001,271.82999,269.89001,269.92999,3525337
2026-04-28 11:45:00,269.92999,270.17001,269.3313,269.51599,1559455
2026-04-28 12:30:00,269.495,270.13,269.44019,269.70001,1473950
2026-04-28 13:15:00,269.71179,270.6499,269.51001,270.51999,1242654
2026-04-28 14:00:00,270.54001,270.91501,270.12009,270.23001,2497053
2026-04-28 14:45:00,270.22501,270.63,269.89001,270.22501,1707056
2026-04-28 15:30:00,270.23001,270.94501,269.995,270.76001,3115541
2026-04-29 09:30:00,267.54999,270.3118,267.040009,269.505,4973750
2026-04-29 10:15:00,269.52161,269.92999,269.030396,269.32001,1821094
2026-04-29 11:00:00,269.30499,269.42001,268.60031,269.035004,1973960
2026-04-29 11:45:00,269.079987,270.14661,268.20001,269.82501,2187719
2026-04-29 12:30:00,269.82999,271.040009,269.75,270.13501,1735894
2026-04-29 13:15:00,270.13501,270.59,269.91,270.17001,1175194
2026-04-29 14:00:00,270.20999,270.26001,269.487,269.5098,1373275
2026-04-29 14:45:00,269.51999,270.44501,269.37,270.28,1410180
2026-04-29 15:30:00,270.26999,270.35999,269.60999,270.19,3057478
2026-04-30 09:30:00,270.5,272.20001,268.14001,271.19,8227673
2026-04-30 10:15:00,271.20001,272.20999,270.73001,270.8605,3712883
2026-04-30 11:00:00,270.85999,271.935,270.76001,271.63,2790369
2026-04-30 11:45:00,271.64001,273.099915,271.17999,273.059998,3392586
2026-04-30 12:30:00,273.079987,273.76001,271.67999,272.31,3583796
2026-04-30 13:15:00,272.29001,273.85999,272.020111,273.62,2959937
2026-04-30 14:00:00,273.61499,274.20001,273.4498,273.63,2707418
2026-04-30 14:45:00,273.62241,274.48999,272.82001,274.48999,3785182
2026-04-30 15:30:00,274.47,275.94,270.34,271.35999,14238265
2026-05-01 09:30:00,278.94,287.20999,278.37,286.10001,26692471
2026-05-01 10:15:00,286.11499,286.45999,282.01001,282.60999,8706050
2026-05-01 11:00:00,282.64999,284.94,281.45999,284.81,5651655
2026-05-01 11:45:00,284.79999,285.48999,283.34,283.95499,7991099
2026-05-01 12:30:00,283.95499,284.10999,282.39511,282.67001,4038530
2026-05-01 13:15:00,282.67001,283.10001,281.42499,281.47501,3247199
2026-05-01 14:00:00,281.47501,281.54001,280.14999,280.7695,3888113
2026-05-01 14:45:00,280.73999,280.97641,279.73999,280.34991,3502323
2026-05-01 15:30:00,280.34,280.69,279.60999,280.14999,5835825
2026-05-04 09:30:00,279.655,280.63,274.86011,276.10501,10316372
2026-05-04 10:15:00,276.10999,278.0,275.70001,277.32999,4524863
2026-05-04 11:00:00,277.32001,277.88,276.45999,277.215,2907905
2026-05-04 11:45:00,277.20001,277.26999,275.45001,276.089996,2484303
2026-05-04 12:30:00,276.10001,277.10959,275.98001,276.87,1825309
2026-05-04 13:15:00,276.88,277.34,276.70471,277.090607,1775908
2026-05-04 14:00:00,277.089996,277.42001,276.38,276.38989,1608502
2026-05-04 14:45:00,276.39001,277.67001,276.26001,277.078491,2713876
2026-05-04 15:30:00,277.079987,277.32001,276.51001,276.84,4124586
2026-05-05 09:30:00,276.89999,280.25,276.50101,279.60501,7041708
2026-05-05 10:15:00,279.60999,283.20999,278.82001,280.52701,6067632
2026-05-05 11:00:00,280.51251,281.029999,279.70999,279.98001,2644784
2026-05-05 11:45:00,279.95999,281.56,279.845,281.39999,2408972
2026-05-05 12:30:00,281.39001,282.7999,281.32999,281.82999,2947258
2026-05-05 13:15:00,281.83749,284.57001,281.79999,283.31,3864643
2026-05-05 14:00:00,283.31989,284.28,283.245,283.63,3164134
2026-05-05 14:45:00,283.63,284.45001,283.53079,284.20999,2734176
2026-05-05 15:30:00,284.22,284.32999,283.45001,284.17001,4695212
2026-05-06 09:30:00,281.91501,286.60999,281.075012,286.39499,9553006
2026-05-06 10:15:00,286.41,286.72,284.59,284.87,5096587
2026-05-06 11:00:00,284.86499,285.79999,283.88,285.51001,4448129
2026-05-06 11:45:00,285.51999,286.37,284.95999,286.26001,3398137
2026-05-06 12:30:00,286.255,287.13,285.70999,286.73001,2939482
2026-05-06 13:15:00,286.73001,287.75,286.57001,287.664,2502055
2026-05-06 14:00:00,287.66,287.85001,286.67001,287.089996,3202684
2026-05-06 14:45:00,287.095001,287.89999,286.66501,287.76001,3082636
2026-05-06 15:30:00,287.76001,288.029999,287.040009,287.53,5753679
2026-05-07 09:30:00,289.26999,292.13,288.20001,290.32999,10013786
2026-05-07 10:15:00,290.35001,291.13,289.73999,290.97949,4117536
2026-05-07 11:00:00,290.965,291.39001,289.63,289.87,2940208
2026-05-07 11:45:00,289.83011,290.029999,288.78,289.41,2709943
2026-05-07 12:30:00,289.42499,289.655,288.23999,289.22,2336145
2026-05-07 13:15:00,289.20999,289.57999,287.89999,289.10999,2120416
2026-05-07 14:00:00,289.13,289.76999,287.35999,287.47,2484216
2026-05-07 14:45:00,287.48499,287.56,285.78,286.73999,4133910
2026-05-07 15:30:00,286.73499,287.56,286.28,287.47,3254466
2026-05-08 09:30:00,290.10999,294.55499,290.0,293.26501,9867180
2026-05-08 10:15:00,293.28,294.76001,292.745,293.56,5559832
2026-05-08 11:00:00,293.54001,294.23001,292.42001,292.70001,4299645
2026-05-08 11:45:00,292.72,293.019989,292.18011,292.79999,2102799
2026-05-08 12:30:00,292.79999,292.79999,291.86041,292.51999,2832501
2026-05-08 13:15:00,292.52499,292.62,291.75009,292.13501,2230612
2026-05-08 14:00:00,292.13,292.95001,292.070007,292.64001,2059805
2026-05-08 14:45:00,292.66,293.60001,292.39001,293.42999,3298990
2026-05-08 15:30:00,293.45001,294.25,293.10001,293.28,6088657
2026-05-11 09:30:00,291.979,292.70001,290.23001,292.26999,7756076
2026-05-11 10:15:00,292.25,293.14999,291.75,292.54999,3405651
2026-05-11 11:00:00,292.53009,293.88,292.25,293.23001,3521210
2026-05-11 11:45:00,293.23001,293.35001,291.82141,292.41501,2612777
2026-05-11 12:30:00,292.41501,292.70499,290.63,291.38,2909377
2026-05-11 13:15:00,291.35001,292.16,291.29999,292.065002,1572578
2026-05-11 14:00:00,292.077515,292.98001,291.54999,291.72,2163436
2026-05-11 14:45:00,291.72,292.2099,290.85999,292.14999,2371973
2026-05-11 15:30:00,292.1459,292.79999,291.81,292.73999,3307424
2026-05-12 09:30:00,292.755,294.45001,292.61499,294.44931,9670908
2026-05-12 10:15:00,294.45001,294.84,293.25,294.8201,3677012
2026-05-12 11:00:00,294.82001,294.8999,293.45999,294.14499,2762726
2026-05-12 11:45:00,294.16,294.78,293.57999,293.95999,2134176
2026-05-12 12:30:00,293.95001,294.59,293.51999,294.14999,2169358
2026-05-12 13:15:00,294.14001,294.435,293.38,294.29999,2906618
2026-05-12 14:00:00,294.29999,294.66,293.85999,294.375,2017285
2026-05-12 14:45:00,294.39001,294.92001,294.0,294.80069,2819922
2026-05-12 15:30:00,294.79999,295.26999,294.35999,294.87,4049102
2026-05-13 09:30:00,293.63,297.5098,293.56,295.57501,9502218
2026-05-13 10:15:00,295.56,296.70001,295.12,296.47501,3255035
2026-05-13 11:00:00,296.51001,298.01001,296.26001,297.48001,3764818
2026-05-13 11:45:00,297.48001,298.54999,296.72079,298.40009,2726406
2026-05-13 12:30:00,298.39001,299.87,298.33099,299.52151,4440063
2026-05-13 13:15:00,299.51999,300.92001,299.20001,300.16501,5354793
2026-05-13 14:00:00,300.14999,300.495,299.22,299.32999,2776695
2026-05-13 14:45:00,299.32999,299.67999,298.61499,299.14999,2607609
2026-05-13 15:30:00,299.14999,299.48001,298.85001,298.88,3870507
2026-05-14 09:30:00,299.82001,300.35001,297.079987,298.35001,5930893
2026-05-14 10:15:00,298.33499,298.87991,297.57999,298.625,3067360
2026-05-14 11:00:00,298.63,299.47,297.78,299.14499,2814375
2026-05-14 11:45:00,299.155,299.3317,298.28,298.30991,2261142
2026-05-14 12:30:00,298.31,298.51251,295.38,297.63,3899854
2026-05-14 13:15:00,297.60999,298.62991,297.35999,298.19,1920076
2026-05-14 14:00:00,298.17999,298.56,297.54999,298.26941,1988681
2026-05-14 14:45:00,298.26001,299.20001,298.23999,299.075012,1935180
2026-05-14 15:30:00,299.079987,299.079987,297.88,298.16501,3098706
2026-05-15 09:30:00,297.755,299.10001,296.53,299.059998,9243118
2026-05-15 10:15:00,299.075104,301.25,298.92001,300.92499,4695270
2026-05-15 11:00:00,300.94,302.79001,300.94,301.42499,6843145
2026-05-15 11:45:00,301.44,301.94,300.64001,301.81,3145786
2026-05-15 12:30:00,301.79001,302.72,301.48499,302.66,2745852
2026-05-15 13:15:00,302.655,303.20001,302.10999,302.23001,3164777
2026-05-15 14:00:00,302.23999,302.47,300.51001,301.25,3219630
2026-05-15 14:45:00,301.23999,301.76001,299.88,300.2634,3388638
2026-05-15 15:30:00,300.28,300.66,299.63,300.22,4618896
2026-05-18 09:30:00,300.23999,300.63,296.70001,298.20801,6766110
2026-05-18 10:15:00,298.17999,298.57999,296.85001,298.29999,2765668
2026-05-18 11:00:00,298.23001,298.25,295.32999,295.70999,2771784
2026-05-18 11:45:00,295.70001,296.81,295.019989,295.25,1680942
2026-05-18 12:30:00,295.26999,296.13,294.91,295.61011,2708209
2026-05-18 13:15:00,295.60999,296.67999,295.59,296.315,1487128
2026-05-18 14:00:00,296.29999,296.685,295.5,295.59,3362382
2026-05-18 14:45:00,295.54999,297.73001,295.45001,297.077301,2922499
2026-05-18 15:30:00,297.089996,297.92001,296.905,297.89999,2992205
2026-05-19 09:30:00,296.97,300.51001,296.35001,297.62,8524774
2026-05-19 10:15:00,297.60001,297.97989,296.51999,297.51001,3132630
2026-05-19 11:00:00,297.48001,297.75,296.87,297.22,3049207
2026-05-19 11:45:00,297.23001,297.5,296.36499,297.42499,1571909
2026-05-19 12:30:00,297.41,298.73001,297.35999,298.70999,2016312
2026-05-19 13:15:00,298.67499,298.73001,297.84,298.39001,1783468
2026-05-19 14:00:00,298.38,298.42999,297.60999,297.715,1365036
2026-05-19 14:45:00,297.715,298.44,297.48999,298.38,1962750
2026-05-19 15:30:00,298.39001,299.22,297.84,298.98001,3821190
2026-05-20 09:30:00,298.17999,302.37,298.089996,299.51001,6196189
2026-05-20 10:15:00,299.5336,300.47,299.089996,299.92999,3218874
2026-05-20 11:00:00,299.92001,300.51001,298.67001,298.965,2527532
2026-05-20 11:45:00,298.97,300.32001,298.81,300.0050049,2142831
2026-05-20 12:30:00,299.98999,300.84,299.57001,300.5,2081686
2026-05-20 13:15:00,300.48999,301.64999,300.48001,301.51501,2008069
2026-05-20 14:00:00,301.51999,302.23001,301.14499,301.88,2772818
2026-05-20 14:45:00,301.875,302.79999,301.48499,302.19,3209984
2026-05-20 15:30:00,302.20001,302.51999,301.85751,302.26501,3803278
2026-05-21 09:30:00,301.049988,303.070007,300.39999,301.59,5880358
2026-05-21 10:15:00,301.59,302.59991,301.29999,302.14999,2283237
2026-05-21 11:00:00,302.155,304.24429,301.64999,303.94,3008793
2026-05-21 11:45:00,303.95239,304.17001,303.29999,303.63699,1960564
2026-05-21 12:30:00,303.62,304.22,303.049896,304.019989,1996683
2026-05-21 13:15:00,304.035004,305.059998,303.87,304.9201,2845049
2026-05-21 14:00:00,304.92001,305.10001,304.27011,304.63,2033772
2026-05-21 14:45:00,304.63,305.32501,303.89001,305.22681,2690711
2026-05-21 15:30:00,305.22,305.539,304.51001,305.089996,4457107
2026-05-22 09:30:00,306.059998,309.10001,305.85001,308.78,6939273
2026-05-22 10:15:00,308.77499,310.48001,308.26999,310.32999,6956673
2026-05-22 11:00:00,310.32999,311.39999,310.17001,310.67999,4316940
2026-05-22 11:45:00,310.67999,310.75,309.72,309.92001,3741850
2026-05-22 12:30:00,309.92999,309.98999,308.82001,309.5603,2622716
2026-05-22 13:15:00,309.56,310.155,309.25,309.45001,2358830
2026-05-22 14:00:00,309.45001,309.51999,308.95001,309.34991,1866018
2026-05-22 14:45:00,309.345,309.57999,308.64001,308.70001,1982950
2026-05-22 15:30:00,308.70001,309.39999,307.97,308.88,4183601
2026-05-26 09:30:00,309.39999,311.634,309.35001,311.5,7938335
2026-05-26 10:15:00,311.51501,311.82001,310.85999,311.57001,3467056
2026-05-26 11:00:00,311.54999,311.81,310.59,310.85001,2796926
2026-05-26 11:45:00,310.8501,310.9136,309.76999,310.47049,2694068
2026-05-26 12:30:00,310.48499,310.76999,309.42999,309.54999,4357724
2026-05-26 13:15:00,309.54999,309.845,309.029999,309.79501,1980623
2026-05-26 14:00:00,309.79501,310.20001,309.35001,309.5,2271941
2026-05-26 14:45:00,309.505,309.57999,308.079987,308.37991,2587830
2026-05-26 15:30:00,308.36011,308.95999,307.67001,308.38,4315325
2026-05-27 09:30:00,308.44,312.60001,308.32999,312.57999,7743477
2026-05-27 10:15:00,312.59,313.20001,310.81,313.059998,6550473
2026-05-27 11:00:00,313.070007,313.26001,311.0,311.075012,8272057
2026-05-27 11:45:00,311.059998,311.84,310.7001,311.23499,3860144
2026-05-27 12:30:00,311.23499,311.48499,310.38,310.67001,3186361
2026-05-27 13:15:00,310.67499,311.0,310.31,310.89001,1592961
2026-05-27 14:00:00,310.89499,311.0,310.41,310.76999,2130877
2026-05-27 14:45:00,310.76001,310.8399,309.76999,309.82001,2333582
2026-05-27 15:30:00,309.82001,311.10001,309.51999,310.92999,4216251
2026-05-28 09:30:00,310.67999,312.76001,309.60001,312.25,6480554
2026-05-28 10:15:00,312.32001,312.39999,311.049988,311.83499,2778476
2026-05-28 11:00:00,311.83499,311.97,310.95999,311.20499,2992757
2026-05-28 11:45:00,311.2001,311.34,310.3075,310.44,2634060
2026-05-28 12:30:00,310.44501,311.62,309.57001,310.88501,3086222
2026-05-28 13:15:00,310.88501,311.075012,310.10999,310.38501,2560002
2026-05-28 14:00:00,310.38501,311.35001,310.22501,310.98001,2545091
2026-05-28 14:45:00,310.98001,311.35501,310.25,311.315,4947337
2026-05-28 15:30:00,311.315,312.56,310.97,312.5,4816549
2026-05-29 09:30:00,311.77499,315.0,311.5,313.31,7051891
2026-05-29 10:15:00,313.29999,314.059998,311.14499,311.44,4597112
2026-05-29 11:00:00,311.35999,312.019989,310.42001,311.29001,3337663
2026-05-29 11:45:00,311.29001,311.48999,310.45001,311.19009,2084036
2026-05-29 12:30:00,311.20001,311.69,310.39999,310.70001,2228201
2026-05-29 13:15:00,310.70999,310.73999,309.53,309.57001,3020491
2026-05-29 14:00:00,309.57001,310.69,309.53,310.57001,2563990
2026-05-29 14:45:00,310.57999,311.63,310.20999,311.44501,3073502
2026-05-29 15:30:00,311.45001,313.10999,311.35999,312.070007,5323698
2026-06-01 09:30:00,309.535,310.92999,308.5,309.70901,8591912
2026-06-01 10:15:00,309.70001,310.14999,306.56,306.97,5017348
2026-06-01 11:00:00,306.97,307.5386,306.29999,306.79999,3742292
2026-06-01 11:45:00,306.80499,307.040009,305.48999,305.72,2686463
2026-06-01 12:30:00,305.73999,306.53,305.029999,305.73001,2909126
2026-06-01 13:15:00,305.73001,308.39999,305.25,307.76001,3295257
2026-06-01 14:00:00,307.76999,308.32501,307.29001,307.87009,2274919
2026-06-01 14:45:00,307.88,308.049988,307.32999,307.42999,2943487
2026-06-01 15:30:00,307.435,308.040009,305.90991,306.32001,5261936
2026-06-02 09:30:00,307.45999,309.89001,306.72,308.64999,6013807
2026-06-02 10:15:00,308.63599,310.76001,308.62,310.51001,3568881
2026-06-02 11:00:00,310.54999,313.029999,310.42001,312.88,3850458
2026-06-02 11:45:00,312.88,313.14999,312.040009,312.48999,2491608
2026-06-02 12:30:00,312.48001,315.01001,311.89999,314.98499,3983941
2026-06-02 13:15:00,314.99991,315.45001,314.079987,314.70499,3365101
2026-06-02 14:00:00,314.70499,314.94,313.755,314.37,2484809
2026-06-02 14:45:00,314.37,315.22,314.255,314.76501,2721495
2026-06-02 15:30:00,314.76001,315.44,314.029999,315.19,4596467
2026-06-03 09:30:00,314.17499,316.94,314.0,315.8399,8182730
2026-06-03 10:15:00,315.81,315.92001,311.14001,311.51001,4807854
2026-06-03 11:00:00,311.51001,312.19,310.31,311.53,5836387
2026-06-03 11:45:00,311.53,311.82919,309.51001,309.7601,3670988
2026-06-03 12:30:00,309.76001,310.465,309.1571,309.22,2762825
2026-06-03 13:15:00,309.22,309.715,308.85001,309.31,2081856
2026-06-03 14:00:00,309.33499,309.98001,309.01001,309.5762,1947090
2026-06-03 14:45:00,309.57501,310.54001,309.48999,310.41501,2454328
2026-06-03 15:30:00,310.41501,311.10001,309.20001,310.38,6562646
2026-06-04 09:30:00,313.30499,313.54001,310.43591,311.39771,8421072
2026-06-04 10:15:00,311.42499,311.875,309.79999,310.42999,3202343
2026-06-04 11:00:00,310.42999,311.35001,309.64999,310.19,2415018
2026-06-04 11:45:00,310.17999,311.10999,309.97,310.63,2306147
2026-06-04 12:30:00,310.63,311.79001,310.48001,311.070007,2925371
2026-06-04 13:15:00,311.070007,311.97501,310.98001,311.23999,1689484
2026-06-04 14:00:00,311.23001,311.97501,310.98999,311.95499,1762060
2026-06-04 14:45:00,311.95511,312.070007,311.44009,311.94,1957548
2026-06-04 15:30:00,311.94,311.95999,310.26001,311.16,4150477
2026-06-05 09:30:00,312.98999,314.5,312.39999,313.56,8569698
2026-06-05 10:15:00,313.57501,315.17001,312.23999,312.98001,4782464
2026-06-05 11:00:00,313.0,314.1499,312.62,313.5,3469948
2026-06-05 11:45:00,313.5,313.621,311.85001,312.0,3119902
2026-06-05 12:30:00,312.0050049,312.14999,309.57999,310.51501,6635101
2026-06-05 13:15:00,310.51501,312.64169,310.35999,312.51999,3028375
2026-06-05 14:00:00,312.54001,312.79999,310.019989,310.089996,5167191
2026-06-05 14:45:00,310.10001,310.57001,307.14999,308.91,9263639
2026-06-05 15:30:00,308.88,308.98001,307.35999,307.39001,7276594
2026-06-08 09:30:00,308.73901,315.17001,308.522,310.92999,9485773
2026-06-08 10:15:00,310.91,315.35999,309.9169,315.26999,4723616
2026-06-08 11:00:00,315.26001,315.35001,313.32001,314.1799,3690906
2026-06-08 11:45:00,314.20001,314.98999,313.3201,313.66501,3453113
2026-06-08 12:30:00,313.67999,314.5,312.59,313.45999,4079192
2026-06-08 13:15:00,313.465,317.39999,307.57001,308.45499,12795339
2026-06-08 14:00:00,308.5,309.040009,302.67999,302.82999,11294433
2026-06-08 14:45:00,302.82999,304.88,302.05011,302.70499,7182456
2026-06-08 15:30:00,302.70999,303.24451,301.17001,301.57001,7298835
2026-06-09 09:30:00,300.27499,300.72,293.5,294.035004,11949959
2026-06-09 10:15:00,294.01001,294.029999,291.79999,293.12,9082500
2026-06-09 11:00:00,293.14001,293.73001,291.12,291.20999,5601252
2026-06-09 11:45:00,291.23001,291.88,289.48001,289.5,6613124
2026-06-09 12:30:00,289.5,290.20001,287.78,290.01001,6903920
2026-06-09 13:15:00,290.01001,291.13,289.5,289.67999,3980489
2026-06-09 14:00:00,289.69,291.79999,289.34,290.5,3726913
2026-06-09 14:45:00,290.48001,291.92001,290.29001,291.13,3740786
2026-06-09 15:30:00,291.12,291.67999,288.79999,290.35999,7035820
2026-06-10 09:30:00,290.76501,291.19,287.38,290.73999,8973396
2026-06-10 10:15:00,290.73999,290.89999,288.44501,289.67001,5416622
2026-06-10 11:00:00,289.67999,291.51999,289.10001,291.38501,3457041
2026-06-10 11:45:00,291.37,291.73999,290.10001,291.73001,3406476
2026-06-10 12:30:00,291.73999,292.98001,291.35651,292.13,4473785
2026-06-10 13:15:00,292.10999,294.070007,291.72,294.019989,4882161
2026-06-10 14:00:00,294.01001,294.745,293.35999,293.60999,3468229
2026-06-10 14:45:00,293.62,293.70999,291.62,291.92999,3642462
2026-06-10 15:30:00,291.92001,292.94,291.39001,291.5,4931671
2026-06-11 09:30:00,293.72,293.95001,290.049988,290.22,5744380
2026-06-11 10:15:00,290.22,291.32999,289.60001,289.89999,3823876
2026-06-11 11:00:00,289.91,293.070007,289.79001,292.67001,2928531
2026-06-11 11:45:00,292.69,293.9444,291.50449,292.98499,2745313
2026-06-11 12:30:00,292.95999,294.5,292.91,293.37,2189136
2026-06-11 13:15:00,293.38,297.0,293.12,295.78,4046439
2026-06-11 14:00:00,295.76999,296.45001,295.13,295.45999,2143715
2026-06-11 14:45:00,295.452,296.070007,295.019989,295.39999,2531601
2026-06-11 15:30:00,295.41,296.17999,294.70001,295.35999,5661836
2026-06-12 09:30:00,296.079987,297.14001,290.60999,291.95001,7739868
2026-06-12 10:15:00,291.97,293.20999,290.01001,291.73999,3973833
2026-06-12 11:00:00,291.745,292.98999,291.5,291.85501,3280645
2026-06-12 11:45:00,291.85999,292.19989,290.81,291.57999,2434311
2026-06-12 12:30:00,291.57001,291.79001,290.75,291.51001,2397498
2026-06-12 13:15:00,291.51999,292.245,289.81,289.88,2223765
2026-06-12 14:00:00,289.89999,290.70001,289.62,290.6402,2123666
2026-06-12 14:45:00,290.64001,290.97,290.35999,290.64001,2451469
2026-06-12 15:30:00,290.64001,291.64001,290.19,291.079987,4023717
2026-06-15 09:30:00,294.12,296.32861,291.70001,295.85999,8314480
2026-06-15 10:15:00,295.88501,296.70001,295.38,296.483,3501960
2026-06-15 11:00:00,296.5,297.20999,296.17001,297.029999,2941463
2026-06-15 11:45:00,297.029999,297.78,296.87009,297.23999,2684897
2026-06-15 12:30:00,297.23001,297.36499,296.25,296.70001,1874891
2026-06-15 13:15:00,296.69,297.20999,295.63,295.76001,2470018
2026-06-15 14:00:00,295.75,296.29001,294.95999,296.20999,2920347
2026-06-15 14:45:00,296.20001,296.60999,295.97,296.5,2198374
2026-06-15 15:30:00,296.495,296.67001,295.60999,296.42001,18202384
2026-06-16 09:30:00,295.245,297.95001,293.97,297.42001,5415976
2026-06-16 10:15:00,297.435,298.0,296.70999,297.54999,3737574
2026-06-16 11:00:00,297.54001,298.45001,297.20499,298.084991,3005786
2026-06-16 11:45:00,298.084991,299.27499,298.0,298.94,3132431
2026-06-16 12:30:00,298.94,299.76999,298.80411,299.66501,2204492
2026-06-16 13:15:00,299.67001,300.48001,299.35001,299.60001,2949300
2026-06-16 14:00:00,299.59,299.76001,298.56799,299.5351,1972852
2026-06-16 14:45:00,299.54001,299.57001,298.22,298.34,2678212
2026-06-16 15:30:00,298.32999,299.48999,298.23001,299.25,4462522
2026-06-17 09:30:00,300.845,302.070007,299.22198,300.45001,5495122
2026-06-17 10:15:00,300.45001,300.9675,298.35001,298.54001,3294721
2026-06-17 11:00:00,298.54999,298.69,296.67001,296.82001,2596134
2026-06-17 11:45:00,296.83301,299.16,296.64001,298.61499,2857157
2026-06-17 12:30:00,298.62979,298.745,296.59,296.70499,1987206
2026-06-17 13:15:00,296.70001,297.60001,296.42999,297.54999,1627206
2026-06-17 14:00:00,297.53,297.53,295.20001,296.29999,3506837
2026-06-17 14:45:00,296.28,296.32001,294.38,295.185,3147629
2026-06-17 15:30:00,295.16,296.22,294.59,295.88,4437435
2026-06-18 09:30:00,298.44,300.4599,295.62,298.98999,24395775
2026-06-18 10:15:00,298.965,300.57001,298.22,299.17999,5665114
2026-06-18 11:00:00,299.23001,299.23001,296.14001,296.19,5282328
2026-06-18 11:45:00,296.19,297.73001,295.95001,297.48999,5219224
2026-06-18 12:30:00,297.48499,298.23199,296.84,298.19501,2220547
2026-06-18 13:15:00,298.20001,298.35989,297.35001,297.5701,2271643
2026-06-18 14:00:00,297.57501,297.67999,297.01001,297.64499,1963786
2026-06-18 14:45:00,297.64499,298.070007,297.0401,297.38,2161460
2026-06-18 15:30:00,297.35999,299.23941,297.059998,297.89001,5250521
2026-06-22 09:30:00,297.5,302.42001,297.5,301.85001,7458186
2026-06-22 10:15:00,301.85001,301.92499,299.37,299.79999,3492132
2026-06-22 11:00:00,299.80499,301.26001,299.035004,301.049988,2802034
2026-06-22 11:45:00,301.089996,301.4299,300.14999,300.53989,2179283
2026-06-22 12:30:00,300.51999,300.67999,299.45001,299.60501,2126471
2026-06-22 13:15:00,299.62,300.13,299.25,299.31,1800133
2026-06-22 14:00:00,299.31,299.32651,298.58301,298.85999,1722257
2026-06-22 14:45:00,298.875,299.34,298.6604,299.059998,2423777
2026-06-22 15:30:00,299.059998,299.089996,296.79001,296.79001,6099091
2026-06-23 09:30:00,296.5,301.64001,296.20001,299.42999,7863296
2026-06-23 10:15:00,299.42999,300.88,298.89999,300.089996,3675156
2026-06-23 11:00:00,300.089996,300.32001,297.35001,297.76001,3293372
2026-06-23 11:45:00,297.76999,298.88501,297.45999,298.6199,2749393
2026-06-23 12:30:00,298.58499,299.39499,297.88,299.040009,2655713
2026-06-23 13:15:00,299.049988,300.084991,298.89001,298.95999,2389625
2026-06-23 14:00:00,298.98999,299.38,297.72501,297.89999,2583092
2026-06-23 14:45:00,297.89499,298.86761,295.31,295.84009,4181288
2026-06-23 15:30:00,295.84,296.5,294.21201,294.28,7805347
2026-06-24 09:30:00,295.375,296.45999,293.20001,294.875,5226878
2026-06-24 10:15:00,294.89999,297.26001,294.72501,297.079987,2656295
2026-06-24 11:00:00,297.10999,299.5,296.64999,298.17001,3654118
2026-06-24 11:45:00,298.23001,299.70001,297.8396,298.070007,2474042
2026-06-24 12:30:00,298.049988,298.049988,296.3121,296.60999,2335183
2026-06-24 13:15:00,296.60999,296.94,295.59,295.60999,2964038
2026-06-24 14:00:00,295.60999,296.495,294.88,295.20001,3382153
2026-06-24 14:45:00,295.19,295.44,294.16,294.94009,3877042
2026-06-24 15:30:00,294.92999,295.37,292.94,293.26001,7615869
2026-06-25 09:30:00,287.51001,288.79999,277.67001,278.45999,19016134
2026-06-25 10:15:00,278.44501,280.089996,277.45999,277.60501,8675874
2026-06-25 11:00:00,277.60999,279.47,276.44,279.25,7255817
2026-06-25 11:45:00,279.25,279.64499,274.45999,274.565,7067824
2026-06-25 12:30:00,274.565,277.53989,273.75,277.17001,10145283
2026-06-25 13:15:00,277.18991,278.39001,276.19,276.78821,7498486
2026-06-25 14:00:00,276.79501,280.22009,276.22,279.76999,6274391
2026-06-25 14:45:00,279.73999,279.75,276.040009,276.72501,7480692
2026-06-25 15:30:00,276.70001,277.45001,273.89999,275.049988,15625008
2026-06-26 09:30:00,275.0,278.35001,274.20999,278.19,14352222
2026-06-26 10:15:00,278.20999,280.22,276.94,279.84961,8333304
2026-06-26 11:00:00,279.85001,280.47,277.565,278.125,8748187
2026-06-26 11:45:00,278.13,278.37,275.25,275.89999,9207834
2026-06-26 12:30:00,275.89999,279.37,275.89999,278.85999,6166431
2026-06-26 13:15:00,278.87,279.85999,278.5,279.19501,4860037
2026-06-26 14:00:00,279.20999,281.82001,278.89001,281.17001,8421418
2026-06-26 14:45:00,281.16501,281.82999,279.41,280.14999,12350801
2026-06-26 15:30:00,280.14999,285.95001,280.0,281.20001,23523027
2026-06-29 09:30:00,286.85999,288.36969,281.72501,281.82501,8733038
2026-06-29 10:15:00,281.79999,282.82999,280.32999,281.815,6576324
2026-06-29 11:00:00,281.82001,282.75,280.70999,282.67999,4855600
2026-06-29 11:45:00,282.67999,283.034485,280.22,280.56,5734600
2026-06-29 12:30:00,280.56,280.79999,279.85001,280.10001,3895480
2026-06-29 13:15:00,280.10999,282.29999,280.10999,282.019989,3740876
2026-06-29 14:00:00,282.029999,282.34991,280.85999,282.14999,3350450
2026-06-29 14:45:00,282.14999,283.077515,281.45499,282.67999,4098642
2026-06-29 15:30:00,282.70999,282.73999,281.47,281.63,6544751
2026-06-30 09:30:00,281.17001,285.98001,280.69501,285.85501,7608185
2026-06-30 10:15:00,285.85001,287.079987,285.26001,286.97,4581914
2026-06-30 11:00:00,286.98001,289.15991,286.6199,288.45001,4014598
2026-06-30 11:45:00,288.45001,289.38,287.81,288.14499,3096014
2026-06-30 12:30:00,288.16,289.66,288.125,289.0,2645587
2026-06-30 13:15:00,288.98001,288.98001,288.16,288.42001,2178531
2026-06-30 14:00:00,288.42001,289.19,287.14001,287.45499,3061683
2026-06-30 14:45:00,287.4501,288.14001,286.67999,287.53,3331858
2026-06-30 15:30:00,287.53,289.91,287.42001,289.089996,8374915
2026-07-01 09:30:00,293.32999,293.39499,289.19501,292.95001,7370615
2026-07-01 10:15:00,292.94009,295.079987,291.94,294.64001,5144254
2026-07-01 11:00:00,294.63501,296.59,294.285,294.94,4142062
2026-07-01 11:45:00,294.94,295.70999,294.63,294.94501,2269361
2026-07-01 12:30:00,294.94501,295.059906,293.92001,294.44501,2820677
2026-07-01 13:15:00,294.44501,294.98999,293.10999,293.715,3417783
2026-07-01 14:00:00,293.73001,295.53,292.70001,295.37,3988678
2026-07-01 14:45:00,295.35999,295.45999,294.0,294.015106,3248361
2026-07-01 15:30:00,294.0,295.54999,293.75009,294.25,6231653
2026-07-02 09:30:00,294.084991,304.51999,293.67999,303.73001,12629789
2026-07-02 10:15:00,303.745,307.040009,303.59,306.87799,8962808
2026-07-02 11:00:00,306.89999,307.82001,305.28,305.67499,6937002
2026-07-02 11:45:00,305.73001,308.45001,305.28,308.089996,5580679
2026-07-02 12:30:00,308.089996,308.52991,306.67001,308.20999,5379626
2026-07-02 13:15:00,308.20999,308.31989,307.1001,307.32001,4157756
2026-07-02 14:00:00,307.35001,307.89999,306.8201,307.54999,4240006
2026-07-02 14:45:00,307.54999,308.31,307.2601,307.42499,3878036
2026-07-02 15:30:00,307.44,309.42001,307.20999,308.22,8660612
2026-07-06 09:30:00,307.67999,309.9899,307.01001,309.85999,7713090
2026-07-06 10:15:00,309.87,312.57999,309.48001,312.52011,5630012
2026-07-06 11:00:00,312.54999,314.12,312.45999,314.089996,4447827
2026-07-06 11:45:00,314.10501,314.20001,312.23001,312.25,3489689
2026-07-06 12:30:00,312.245,312.98001,311.85001,312.73059,5527534
2026-07-06 13:15:00,312.7301,312.91,312.10999,312.72009,1981022
2026-07-06 14:00:00,312.73001,313.47501,312.41,313.28,2099155
2026-07-06 14:45:00,313.285,313.56,312.98999,313.39999,2618189
2026-07-06 15:30:00,313.41501,313.73999,312.049988,312.81,4988391
2026-07-07 09:30:00,315.29001,315.48001,310.14999,311.87,7199136
2026-07-07 10:15:00,311.86011,313.42999,310.98999,312.78,4825134
2026-07-07 11:00:00,312.80499,314.42001,312.67499,314.39001,3705769
2026-07-07 11:45:00,314.37009,314.73001,312.67999,313.17001,4356402
2026-07-07 12:30:00,313.14001,314.01001,312.27011,312.80499,2186989
2026-07-07 13:15:00,312.80499,313.23999,311.8699,311.88,1769362
2026-07-07 14:00:00,311.85999,313.17999,311.85001,313.035004,2238148
2026-07-07 14:45:00,313.040009,313.079987,311.56,311.89499,3502053
2026-07-07 15:30:00,311.89999,312.32001,310.32999,310.66,11962573
2026-07-08 09:30:00,311.66,312.0,307.051514,309.92499,6252464
2026-07-08 10:15:00,309.91101,310.66,308.70001,308.88,3530665
2026-07-08 11:00:00,308.88,310.85001,308.76001,309.56,2750279
2026-07-08 11:45:00,309.55499,311.79001,309.45999,311.60001,2707217
2026-07-08 12:30:00,311.60001,314.079987,311.34,313.89001,3559579
2026-07-08 13:15:00,313.88501,314.63501,311.15039,314.39001,3664233
2026-07-08 14:00:00,314.39999,314.81,313.73999,313.95001,2537051
2026-07-08 14:45:00,313.94,314.39999,313.64999,313.815,2640930
2026-07-08 15:30:00,313.815,314.20001,312.75,313.26001,4786508
2026-07-09 09:30:00,310.44501,312.070007,308.16,310.85501,6486343
2026-07-09 10:15:00,310.85001,312.39999,310.39001,311.56,2952298
2026-07-09 11:00:00,311.54999,315.019989,311.51001,314.60501,3280996
2026-07-09 11:45:00,314.62,315.22,314.10001,314.89999,7445682
2026-07-09 12:30:00,314.90009,315.5,314.42001,315.049988,3724061
2026-07-09 13:15:00,315.049988,315.079987,314.31,314.98001,3282950
2026-07-09 14:00:00,314.98999,315.31989,314.23499,314.69,2404949
2026-07-09 14:45:00,314.67001,315.69,314.25,315.41,2287234
2026-07-09 15:30:00,315.42001,316.53,315.39001,316.17999,4155824
2026-07-10 09:30:00,314.72,316.39001,313.20999,313.76999,5322414
2026-07-10 10:15:00,313.75,313.95001,312.17001,313.76001,3631510
2026-07-10 11:00:00,313.78,314.10999,312.9101,313.17999,2347078
2026-07-10 11:45:00,313.17001,314.51401,312.32001,314.35501,1804373
2026-07-10 12:30:00,314.37,314.78,313.94,314.28,1307898
2026-07-10 13:15:00,314.27499,314.56,313.89029,314.13,1091387
2026-07-10 14:00:00,314.17001,314.98001,314.01001,314.95499,1241124
2026-07-10 14:45:00,314.95569,316.47989,314.93149,316.16,3168292
2026-07-10 15:30:00,316.14999,316.91,314.78,315.3299,3989622
2026-07-13 09:30:00,317.015015,323.45001,316.45001,321.19,10594238
2026-07-13 10:15:00,321.17001,321.4599,318.37,319.070007,3717618
2026-07-13 11:00:00,319.14001,319.22,316.089996,316.44,2870989
2026-07-13 11:45:00,316.44101,317.89999,316.42001,317.37,2696577
2026-07-13 12:30:00,317.34,317.44,315.92999,316.10001,2081921
2026-07-13 13:15:00,316.095001,316.75,315.78,316.155,2987677
2026-07-13 14:00:00,316.17001,317.10001,315.89999,316.94,1772219
2026-07-13 14:45:00,316.95999,317.51999,316.17001,316.32999,3513795
2026-07-13 15:30:00,316.32501,317.73999,316.049988,317.42001,4034346
2026-07-14 09:30:00,313.64001,315.685,311.91,314.26001,6085137
2026-07-14 10:15:00,314.26001,316.19,313.36499,314.9501,4047464
2026-07-14 11:00:00,315.0,316.049988,313.79999,314.45001,2314077
2026-07-14 11:45:00,314.44,314.51001,312.87,313.26999,2286999
2026-07-14 12:30:00,313.26001,314.97,313.10999,314.42999,2118610
2026-07-14 13:15:00,314.44,315.23499,314.25,315.17999,1503946
2026-07-14 14:00:00,315.20001,315.44,314.82001,315.185,1495815
2026-07-14 14:45:00,315.185,315.87,315.040009,315.70499,1682121
2026-07-14 15:30:00,315.70499,315.76001,314.59,314.92001,3016895
2026-07-15 09:30:00,317.625,324.98001,317.32001,324.78629,10331978
2026-07-15 10:15:00,324.78,325.67999,323.54001,323.91,7045725
2026-07-15 11:00:00,323.91501,327.10001,323.54001,326.57001,4458574
2026-07-15 11:45:00,326.5751,328.53,325.215,328.17001,5308795
2026-07-15 12:30:00,328.16,328.5,326.45999,326.64001,4772571
2026-07-15 13:15:00,326.60001,328.0,325.97,327.58511,3357626
2026-07-15 14:00:00,327.59,327.85999,327.16,327.655,2451315
2026-07-15 14:45:00,327.64001,328.72,326.85999,327.059998,3828454
2026-07-15 15:30:00,327.040009,328.35001,325.72,327.57001,8018122
2026-07-16 09:30:00,328.0050049,331.41,326.79001,328.7522,11284209
2026-07-16 10:15:00,328.6701,331.14999,328.34,330.20001,4210632
2026-07-16 11:00:00,330.17999,331.64999,329.35001,331.28922,3672327
2026-07-16 11:45:00,331.30499,332.28,327.5,331.14001,3530227
2026-07-16 12:30:00,331.18991,332.37,329.85999,331.77499,4401422
2026-07-16 13:15:00,331.78,333.54999,330.785,331.63501,4733976
2026-07-16 14:00:00,331.66,332.089996,329.34,331.95999,4427302
2026-07-16 14:45:00,331.95499,334.67999,331.84,332.98999,6900918
2026-07-16 15:30:00,333.0,333.70001,330.76999,333.26999,8204005
2026-07-17 09:30:00,332.54001,334.98001,329.00061035,330.5087,14838062
2026-07-17 10:15:00,330.42999,333.97,329.84,333.17001,5479879
2026-07-17 11:00:00,333.17999,334.8699,332.51001,333.70999,4156767
2026-07-17 11:45:00,333.73999,333.73999,330.0,331.745,4856537
2026-07-17 12:30:00,331.72,333.5,329.42001,329.48499,4620386
2026-07-17 13:15:00,329.48499,331.92001,329.16,331.78,3660544
2026-07-17 14:00:00,331.79501,333.70999,331.54999,333.59,4030183
2026-07-17 14:45:00,333.60001,334.67001,332.35999,332.82999,4576673
2026-07-17 15:30:00,332.78,334.38,332.26001,333.73999,6369671
2026-07-20 09:30:00,333.024994,333.70999,327.12,327.17001,8688877
2026-07-20 10:15:00,327.16,328.019989,326.019989,326.42999,5411494
2026-07-20 11:00:00,326.45999,327.015015,324.42001,326.015015,5632691
2026-07-20 11:45:00,326.015015,326.54501,324.87,325.0,3459326
2026-07-20 12:30:00,325.019989,325.14499,323.70001,324.79999,3461399
2026-07-20 13:15:00,324.79001,325.38321,324.20001,324.78,3222564
2026-07-20 14:00:00,324.78,326.91,324.655,325.47,4063552
2026-07-20 14:45:00,325.47,329.079987,325.45001,329.019989,4185389
2026-07-20 15:30:00,329.01001,329.76001,326.32001,326.70001,5528498
2026-07-21 09:30:00,323.345,326.16,322.2204,326.069885,8458002
2026-07-21 10:15:00,326.070007,327.45999,325.67999,327.089996,2967380
2026-07-21 11:00:00,327.10001,328.70001,326.20999,328.47501,3249107
2026-07-21 11:45:00,328.46011,329.60001,328.0,328.62,2545455
2026-07-21 12:30:00,328.621,328.82999,327.41501,328.23001,2870694
2026-07-21 13:15:00,328.22,328.4899,326.72,327.67001,3266613
2026-07-21 14:00:00,327.67999,328.34,326.94,328.20999,1975479
2026-07-21 14:45:00,328.20999,328.48999,327.51001,327.935,2322260
2026-07-21 15:30:00,327.92999,328.10001,327.14001,327.59,3687722
2026-07-22 09:30:00,327.875,328.99951,324.91501,324.97501,5162860
2026-07-22 10:15:00,324.97501,325.61401,324.070007,325.60001,3508403
2026-07-22 11:00:00,325.60001,325.89001,324.12,325.36499,2950804
2026-07-22 11:45:00,325.37,325.5,324.37,324.88501,2719776
2026-07-22 12:30:00,324.88501,324.95001,323.59,323.95999,2448953
2026-07-22 13:15:00,323.95001,324.13,323.34,323.935,1334204
2026-07-22 14:00:00,323.935,324.49991,323.60999,324.42999,1510657
2026-07-22 14:45:00,324.42999,324.70001,324.16,324.44,1881947
2026-07-22 15:30:00,324.44,326.91,323.98001,325.87,5469385
2026-07-23 09:30:00,321.73001,323.29999,319.35001,320.81,6878030
2026-07-23 10:15:00,320.80499,322.91,320.22,321.26999,2670332
2026-07-23 11:00:00,321.285,322.29001,320.57999,320.85999,2966641
2026-07-23 11:45:00,320.85999,321.54999,320.070007,320.35989,4049068
2026-07-23 12:30:00,320.31,321.01001,320.0,320.63,1827964
2026-07-23 13:15:00,320.63501,321.39899,320.29999,320.51239,1502723
2026-07-23 14:00:00,320.51001,320.64801,319.76001,320.0050049,2954205
2026-07-23 14:45:00,320.019989,321.20001,320.019989,320.41989,2264657
2026-07-23 15:30:00,320.38,321.98001,320.040009,321.60999,4281719
2026-07-24 09:30:00,324.375,328.64999,323.23001,328.019989,6997374
2026-07-24 10:15:00,328.029999,330.23001,327.79999,329.965,4822725
2026-07-24 11:00:00,329.95999,333.26099,329.70999,332.81,4902734
2026-07-24 11:45:00,332.81,334.37,332.66,333.72,4759537
2026-07-24 12:30:00,333.69501,334.22,332.38,332.5,2946116
2026-07-24 13:15:00,332.54001,333.19,332.15051,332.64999,2285969
2026-07-24 14:00:00,332.64499,333.16989,332.059998,332.23001,2520254
2026-07-24 14:45:00,332.20999,333.23001,332.20001,332.48999,5123041
2026-07-24 15:30:00,332.48001,333.45001,331.85001,333.070007,4719723
2026-07-27 09:30:00,334.89999,337.12,334.019989,336.60001,8741862
2026-07-27 10:15:00,336.60001,338.3399,336.12,338.20001,7143770
2026-07-27 11:00:00,338.25,339.57001,337.089996,338.26001,6130678
2026-07-27 11:45:00,338.28989,338.56,336.75,337.4501,3571593
2026-07-27 12:30:00,337.45999,338.13,335.91071,336.3392,2545344
2026-07-27 13:15:00,336.32999,336.79999,335.31,335.51749,2453182
2026-07-27 14:00:00,335.54001,336.0,334.70001,335.040009,2399176
2026-07-27 14:45:00,335.040009,336.23999,335.0050049,335.72,2544506
2026-07-27 15:30:00,335.72,337.22,335.64999,336.92001,3614510
2026-07-28 09:30:00,340.029999,342.89001,335.60001,336.88,11780095
2026-07-28 10:15:00,336.96991,338.79001,336.92999,337.054993,4812435
2026-07-28 11:00:00,337.040497,339.89499,336.60001,339.67001,4250821
2026-07-28 11:45:00,339.70999,340.14001,339.029999,339.81,2572490
2026-07-28 12:30:00,339.82999,340.5799,338.94,339.10001,2518809
2026-07-28 13:15:00,339.070007,340.019897,338.93011,339.745,2071587
2026-07-28 14:00:00,339.745,340.15991,338.28,338.39999,2724609
2026-07-28 14:45:00,338.41,339.67499,338.41,339.20001,2604701
2026-07-28 15:30:00,339.16,340.53,339.10001,340.16,6415578
2026-07-29 09:30:00,339.69,343.67001,339.56,341.82999,9410839
2026-07-29 10:15:00,341.82501,342.088989,340.12,340.39001,4105669
2026-07-29 11:00:00,340.39999,340.67999,339.51999,340.089996,3371433
2026-07-29 11:45:00,340.089996,341.56,340.059998,341.26999,2484418
2026-07-29 12:30:00,341.25,342.32001,340.049988,342.32001,2344811
2026-07-29 13:15:00,342.32001,343.44891,342.12009,343.20999,3317794
2026-07-29 14:00:00,343.25,344.56989,342.97,343.70001,4512455
2026-07-29 14:45:00,343.69501,343.89001,341.32999,341.53,3575468
2026-07-29 15:30:00,341.56,341.56,337.3501,338.070007,8640481
2026-07-30 09:30:00,333.13,334.48001,330.35001,331.39999,11858286
2026-07-30 10:15:00,331.405,332.64001,329.59,332.32999,5648420
2026-07-30 11:00:00,332.34,333.032288,331.019989,332.14001,5158968
2026-07-30 11:45:00,332.14999,332.60001,330.63,332.089996,3743558
2026-07-30 12:30:00,332.089996,332.85001,331.405,332.70999,3148780
2026-07-30 13:15:00,332.72,333.31,331.72009,333.29501,2430376
2026-07-30 14:00:00,333.31,333.98001,332.7341,333.53,2939101
2026-07-30 14:45:00,333.54001,334.089996,333.13,333.16,3913724
2026-07-30 15:30:00,333.16,334.75,332.31,333.85001,6035501
2026-07-31 09:30:00,304.81,306.89999,300.32999,302.13611,39139794
2026-07-31 10:15:00,302.14499,303.56989,301.64999,303.16,8167734
2026-07-31 11:00:00,303.16,304.25,301.44,301.95001,8915248
2026-07-31 11:45:00,301.95001,302.35699,300.39999,300.54001,6803881
2026-07-31 12:30:00,300.56,301.83429,300.0,301.51999,6327093
2026-07-31 13:15:00,301.51501,301.82001,300.5,300.64001,7391458
2026-07-31 14:00:00,300.64001,302.42001,300.595,302.32239,5333269
2026-07-31 14:45:00,302.315,305.70999,302.0401,305.655,10189552
2026-07-31 15:30:00,305.66,310.66,305.019989,309.029999,20642958
2026-08-03 09:30:00,309.67001,311.79999,304.34,306.51001,13408055
2026-08-03 10:15:00,306.505,307.21552,305.020111,305.35001,5965875
2026-08-03 11:00:00,305.345,305.79999,303.11011,303.1601,7431394
2026-08-03 11:45:00,303.16501,306.35999,302.56,306.35999,5906536
2026-08-03 12:30:00,306.35001,307.17999,305.89999,306.70499,5132851
2026-08-03 13:15:00,306.70499,307.54001,305.53009,306.075012,4188819
2026-08-03 14:00:00,306.071106,306.44,305.019989,305.084991,3668687
2026-08-03 14:45:00,305.084991,305.97,304.79999,305.045013,4284571
2026-08-03 15:30:00,305.045013,305.079987,302.67999,303.26999,10186067
2026-08-04 09:30:00,303.79001,305.87,302.45001,305.75,13784734
2026-08-04 10:15:00,305.76001,307.14001,305.22501,306.23499,5892573
2026-08-04 11:00:00,306.25,306.73001,305.48999,306.25989,3496220
2026-08-04 11:45:00,306.26001,306.72,305.67001,306.505,3228653
2026-08-04 12:30:00,306.505,310.42001,306.34,310.12201,5102125
2026-08-04 13:15:00,310.13,310.25,308.66,309.35999,3769677
2026-08-04 14:00:00,309.34,310.12,308.64001,308.815,3541426
2026-08-04 14:45:00,308.82001,309.79999,308.25,309.57999,3817088
2026-08-04 15:30:00,309.57999,310.42001,308.88,309.39001,5711308
2026-08-05 09:30:00,309.35999,309.38,305.67001,308.41989,8972079
2026-08-05 10:15:00,308.39999,311.35999,306.26999,311.32501,5692763
2026-08-05 11:00:00,311.34,311.70819,308.14001,308.26501,4257589
2026-08-05 11:45:00,308.26511,309.44,307.82999,308.63989,2979808
2026-08-05 12:30:00,308.63,309.76999,308.45001,309.72,2012427
2026-08-05 13:15:00,309.715,310.22,308.73999,308.92001,1932397
2026-08-05 14:00:00,308.92001,308.95999,308.079987,308.63,2743529
2026-08-05 14:45:00,308.625,309.879,308.48499,309.62009,2617361
2026-08-05 15:30:00,309.60999,311.55499,309.39001,310.92001,6126779
2026-08-06 09:30:00,314.34,316.2894,312.70001,313.31781,8351004
2026-08-06 10:15:00,313.32001,313.64001,311.78009,313.3436,4967294
2026-08-06 11:00:00,313.35999,313.3699,309.66,310.070007,3995097
2026-08-06 11:45:00,310.075012,311.26001,309.23001,311.15701,2686293
2026-08-06 12:30:00,311.16,311.76001,310.70999,310.88501,3047582
2026-08-06 13:15:00,310.89001,312.17999,310.88501,312.16,1832822
2026-08-06 14:00:00,312.17999,312.47,311.79999,311.98801,1845395
2026-08-06 14:45:00,311.97501,312.82001,311.9223,312.57999,2500736
2026-08-06 15:30:00,312.59,312.94,311.78,312.45001,3796760
2026-08-07 09:30:00,312.0,313.81,310.73999,312.14001,5830324
2026-08-07 10:15:00,312.14011,314.81,311.75,314.31799,3981181
2026-08-07 11:00:00,314.31,314.35001,312.42001,312.60001,2431518
2026-08-07 11:45:00,312.60001,312.60001,311.54001,311.69,2392510
2026-08-07 12:30:00,311.69501,312.56,311.61011,312.47,1612787
2026-08-07 13:15:00,312.47,313.25,312.29501,312.98001,1693603
2026-08-07 14:00:00,312.98499,313.059998,311.67999,311.89001,1737287
2026-08-07 14:45:00,311.89999,313.39001,311.82999,313.2775,2110035
2026-08-07 15:30:00,313.28,314.17999,312.92499,313.29999,4253428
2026-08-10 09:30:00,306.82999,307.42001,304.63,306.53,12741452
2026-08-10 10:15:00,306.51001,307.4559,306.22501,307.125,3585079
2026-08-10 11:00:00,307.125,307.14001,306.28101,306.54501,2267758
2026-08-10 11:45:00,306.54999,307.24719,305.049988,305.53,3437405
2026-08-10 12:30:00,305.54999,306.63,305.17001,306.45499,2361972
2026-08-10 13:15:00,306.45999,306.84,306.0,306.72769,2069253
2026-08-10 14:00:00,306.73001,306.98999,306.52011,306.82999,1781649
2026-08-10 14:45:00,306.82999,307.66989,306.70999,307.23001,2458883
2026-08-10 15:30:00,307.22,308.23001,306.87,308.19,4503724
2026-08-11 09:30:00,307.75,309.97,305.67001,306.35999,7302310
2026-08-11 10:15:00,306.37979,306.94,305.89001,306.59,1986257
2026-08-11 11:00:00,306.60001,307.35999,306.049988,307.23499,2077806
2026-08-11 11:45:00,307.23001,307.60999,306.45001,306.55499,1903558
2026-08-11 12:30:00,306.57001,306.59,305.6987,306.0,1897290
2026-08-11 13:15:00,306.0,306.51999,305.76001,306.024994,1718653
2026-08-11 14:00:00,306.024994,306.024994,302.79001,303.46011,4228921
2026-08-11 14:45:00,303.48001,305.20001,303.12,305.16,2610335
2026-08-11 15:30:00,305.16,305.29999,303.75,304.89999,4718904
2026-08-12 09:30:00,305.13,305.66,302.17999,302.47501,6639732
2026-08-12 10:15:00,302.47501,303.19,302.059998,302.42999,3581533
2026-08-12 11:00:00,302.42999,302.82999,300.57001,300.845,3532516
2026-08-12 11:45:00,300.82999,301.82001,300.62,301.51001,2386789
2026-08-12 12:30:00,301.51501,302.51001,301.41,302.44,1947125
2026-08-12 13:15:00,302.42999,302.5,301.26999,301.505,2238030
2026-08-12 14:00:00,301.51001,301.79001,301.040009,301.42499,2874094
2026-08-12 14:45:00,301.42499,302.039886,301.17001,301.67999,3294827
2026-08-12 15:30:00,301.67001,302.25,301.0,302.22501,5484429
2026-08-13 09:30:00,304.258,305.48999,302.049988,305.4801,9704357
2026-08-13 10:15:00,305.48999,306.0,304.16,305.10501,3740485
2026-08-13 11:00:00,305.13,305.19,302.95001,303.44501,3032798
2026-08-13 11:45:00,303.44,303.87,302.57001,303.42999,2078863
2026-08-13 12:30:00,303.435,303.76001,302.85001,303.089996,1779092
2026-08-13 13:15:00,303.079987,303.89999,302.961,303.435,1493585
2026-08-13 14:00:00,303.435,303.94,302.92999,303.80499,1924422
2026-08-13 14:45:00,303.80499,304.60999,303.029999,304.39999,2837365
2026-08-13 15:30:00,304.38,305.32001,303.97,305.32001,3755421
2026-08-14 09:30:00,306.028015,307.48999,305.56,305.72989,5707621
2026-08-14 10:15:00,305.70999,305.89999,304.66,305.16,2306826
2026-08-14 11:00:00,305.16,305.9599,304.29999,305.72501,1974890
2026-08-14 11:45:00,305.73001,305.82999,304.97,305.44501,1176280
2026-08-14 12:30:00,305.44501,305.565,305.12,305.48001,1413933
2026-08-14 13:15:00,305.48999,306.16,305.040009,306.049988,1396547
2026-08-14 14:00:00,306.0401,306.25,305.57999,305.72,1951568
2026-08-14 14:45:00,305.73001,306.049988,305.26999,305.94501,1518975
2026-08-14 15:30:00,305.92999,306.040009,305.5,305.95001,2812891
2026-08-17 09:30:00,306.20999,307.66,304.054993,304.89999,7125178
2026-08-17 10:15:00,304.87,305.10001,303.64999,304.13,2969870
2026-08-17 11:00:00,304.14001,304.91,303.29999,303.30499,2954234
2026-08-17 11:45:00,303.29999,303.79999,303.049988,303.55499,1927747
2026-08-17 12:30:00,303.56,304.039215,302.939,303.87,1916169
2026-08-17 13:15:00,303.82999,304.6499,303.82001,304.30499,1490895
2026-08-17 14:00:00,304.29999,305.52011,303.95999,305.52011,2242120
2026-08-17 14:45:00,305.52499,306.16,305.42001,306.14499,2229033
2026-08-17 15:30:00,306.14999,306.32001,305.029999,305.69,3981136
2026-08-18 09:30:00,307.53,310.14999,305.73999,309.92499,10186248
2026-08-18 10:15:00,309.92499,311.48999,308.81,310.39499,5410565
2026-08-18 11:00:00,310.41,311.14999,309.73999,309.87631,3096861
2026-08-18 11:45:00,309.87,310.64001,309.011993,310.61499,2910782
2026-08-18 12:30:00,310.62,310.94,310.20001,310.57001,2826193
2026-08-18 13:15:00,310.57501,310.76999,309.87,310.13,3067189
2026-08-18 14:00:00,310.125,311.20001,309.75,311.059998,2509760
2026-08-18 14:45:00,311.065002,311.23999,309.37,309.70999,2723596
2026-08-18 15:30:00,309.69501,311.069,309.60141,310.20001,5897762
2026-08-19 09:30:00,310.13,317.49899,309.60001,317.13,10525662
2026-08-19 10:15:00,317.14999,318.32999,315.37,317.8689,4776226
2026-08-19 11:00:00,317.88,319.27991,316.30109,316.42999,3598282
2026-08-19 11:45:00,316.435,317.45001,315.966,316.56,2099076
2026-08-19 12:30:00,316.54999,316.54999,314.48999,314.87,2818838
2026-08-19 13:15:00,314.87,315.819,314.7001,315.2027,2053056
2026-08-19 14:00:00,315.19199,315.70999,314.29001,314.85501,2196854
2026-08-19 14:45:00,314.85999,316.73001,314.7652,316.67841,4376445
2026-08-19 15:30:00,316.66,316.88,315.20001,316.88,5339532
2026-08-20 09:30:00,317.45499,320.28,316.3201,316.685,6922166
2026-08-20 10:15:00,316.66,317.48001,316.17001,317.42001,25347799
2026-08-20 11:00:00,317.42999,317.78,316.0,316.53,12048665
2026-08-20 11:45:00,316.505,317.088715,315.95999,316.465,1572138
2026-08-20 12:30:00,316.465,317.63,316.29001,317.28,1503461
2026-08-20 13:15:00,317.285,317.57999,316.26001,316.32001,1435173
2026-08-20 14:00:00,316.31,316.31,314.78,315.6301,2207015
2026-08-20 14:45:00,315.63,315.63,313.29999,313.37,2583280
2026-08-20 15:30:00,313.39001,313.64999,310.64999,311.34,27038848
2026-08-21 09:30:00,312.049988,312.38,307.01001,307.72,10429311
2026-08-21 10:15:00,307.70001,309.5,307.45999,309.45499,5426561
2026-08-21 11:00:00,309.45999,311.64001,309.25,311.31,6807673
2026-08-21 11:45:00,311.31,311.92999,310.92001,311.20319,2076784
2026-08-21 12:30:00,311.20001,311.64001,310.26999,311.56,1804182
2026-08-21 13:15:00,311.51999,311.64001,309.42001,309.56,1888254
2026-08-21 14:00:00,309.53,309.60999,308.40051,308.54501,2653253
2026-08-21 14:45:00,308.54999,309.85001,308.16,309.73999,2476867
2026-08-21 15:30:00,309.75,310.17899,309.16,309.42001,3550095
2026-08-24 09:30:00,311.47,312.94,309.97,312.23001,5502196
2026-08-24 10:15:00,312.20999,313.32999,312.10999,312.97,3208978
2026-08-24 11:00:00,312.97501,313.16,311.53,312.23999,12522701
2026-08-24 11:45:00,312.25,312.29501,311.34,311.92859,38837334
2026-08-24 12:30:00,311.91,313.35999,311.85999,312.4899,43726906
2026-08-24 13:15:00,312.48001,312.4899,311.70001,312.010101,46729060
2026-08-24 14:00:00,312.019989,312.10999,310.72,310.935,1653358
2026-08-24 14:45:00,310.95001,311.79001,310.92999,311.25,1580228
2026-08-24 15:30:00,311.23001,311.27991,310.172,310.35001,3344278
2026-08-25 09:30:00,310.935,313.57999,309.64999,310.095093,8255372
2026-08-25 10:15:00,310.089996,310.79001,309.037109,309.089996,17813041
2026-08-25 11:00:00,309.089996,309.85001,308.39001,309.77499,10000783
2026-08-25 11:45:00,309.76001,310.19,309.22,309.95499,11166392
2026-08-25 12:30:00,309.95001,310.10001,309.5,309.8201,11275497
2026-08-25 13:15:00,309.82999,310.01001,309.31,309.465,1337403
2026-08-25 14:00:00,309.47,310.34,308.60999,309.19501,14704609
2026-08-25 14:45:00,309.19,309.39511,308.20999,308.97009,1811751
2026-08-25 15:30:00,308.97009,310.29999,308.62,309.82999,2846865
2026-08-26 09:30:00,310.245,313.41989,308.80011,312.83499,4682698
2026-08-26 10:15:00,312.83011,313.28,311.66,312.79999,2203819
2026-08-26 11:00:00,312.82501,313.48999,312.17999,313.44,29136012
2026-08-26 11:45:00,313.44501,313.94,312.37,313.29471,12047412
2026-08-26 12:30:00,313.30499,313.48001,312.5,312.60001,13210318
2026-08-26 13:15:00,312.60999,313.26999,312.60999,312.94,42627858
2026-08-26 14:00:00,312.95001,313.69,312.73001,313.685,1771396
2026-08-26 14:45:00,313.685,315.25,313.67001,314.8446,3325555
2026-08-26 15:30:00,314.85999,315.42999,313.19,313.48999,24495255
2026-08-27 09:30:00,311.98999,312.10199,309.40009,310.22,5686184
2026-08-27 10:15:00,310.23001,313.78,309.63,313.39999,13265215
2026-08-27 11:00:00,313.42001,315.16,313.42001,314.755,24202783
2026-08-27 11:45:00,314.76001,314.97,314.11011,314.57001,14300569
2026-08-27 12:30:00,314.565,315.34,314.25,314.92999,16282810
2026-08-27 13:15:00,314.92999,315.39999,314.48999,314.82501,17962888
2026-08-27 14:00:00,314.85001,314.91,313.85999,314.245,1173961
2026-08-27 14:45:00,314.26001,314.58701,313.44501,313.57001,1523576
2026-08-27 15:30:00,313.57999,315.089996,313.37,314.57501,24009727
2026-08-28 09:30:00,317.088013,318.13,315.45041,316.5,10210745
2026-08-28 10:15:00,316.46011,320.7789,316.1626,320.70999,5195732
2026-08-28 11:00:00,320.70999,322.37,320.029999,321.79999,29213124
2026-08-28 11:45:00,321.81,322.36499,320.535,320.97,2905778
2026-08-28 12:30:00,320.94501,321.51999,320.28,320.76999,1903982
2026-08-28 13:15:00,320.78,320.79999,319.37,319.69,1641176
2026-08-28 14:00:00,319.70999,320.049988,319.39999,319.595,45769436
2026-08-28 14:45:00,319.59,319.98999,319.049988,319.54501,27908662
2026-08-28 15:30:00,319.78259,320.32999,319.5,319.64001,3423835
2026-08-31 09:30:00,319.56,321.23499,315.77051,316.51501,5688859
2026-08-31 10:15:00,316.48001,316.85001,314.35999,315.38,2609418
2026-08-31 11:00:00,315.38,315.82001,314.60999,314.91901,2083221
2026-08-31 11:45:00,314.91501,315.14999,313.94,314.67001,1864031
2026-08-31 12:30:00,314.60001,316.0,312.79999,314.031403,3284704
2026-08-31 13:15:00,314.049988,315.19501,313.38501,315.07489,1876645
2026-08-31 14:00:00,315.079987,316.019989,314.91,315.27011,1959616
2026-08-31 14:45:00,315.27011,316.16,315.17999,316.024994,1695271
2026-08-31 15:30:00,316.029999,317.69,315.70999,317.23001,5002995
2026-09-01 09:30:00,316.98001,323.53,314.737,323.405,11307749
2026-09-01 10:15:00,323.405,325.85999,323.029999,324.38,7060677
2026-09-01 11:00:00,324.39001,325.44,322.73999,325.14999,4238461
2026-09-01 11:45:00,325.17001,327.29999,324.87009,326.66,4497621
2026-09-01 12:30:00,326.67999,326.88501,324.95001,325.063995,3637849
2026-09-01 13:15:00,325.054993,325.35001,324.32001,325.20999,2116608
2026-09-01 14:00:00,325.22,325.75,324.3905,324.54001,2286965
2026-09-01 14:45:00,324.54001,325.92999,324.45621,325.57001,2835420
2026-09-01 15:30:00,325.60999,325.888,324.10001,325.14001,5754962
2026-09-02 09:30:00,326.97,328.39999,323.53,323.98999,7251013
2026-09-02 10:15:00,323.97,325.079987,323.60001,324.61911,2507738
2026-09-02 11:00:00,324.64999,327.054993,324.10999,325.11499,3585510
2026-09-02 11:45:00,325.089996,326.19,323.89499,324.66989,3665882
2026-09-02 12:30:00,324.66,326.5,324.62,325.55991,2188893
2026-09-02 13:15:00,325.55499,326.19,324.68039,325.95499,1680612
2026-09-02 14:00:00,325.95001,326.48999,325.18011,325.34,1972796
2026-09-02 14:45:00,325.35001,325.82001,324.6001,325.64001,2177150
2026-09-02 15:30:00,325.6405,325.95001,324.67001,324.98999,3065203
2026-09-03 09:30:00,324.94769,328.13,324.10999,328.13,5061316
2026-09-03 10:15:00,328.13,330.67999,327.60999,327.98499,5580474
2026-09-03 11:00:00,328.019989,330.81,328.01001,329.67999,3736247
2026-09-03 11:45:00,329.69,330.57001,329.28,330.069885,2097077
2026-09-03 12:30:00,330.040009,330.23999,328.060089,328.11499,1675100
2026-09-03 13:15:00,328.10999,328.32001,326.67999,326.89999,2278906
2026-09-03 14:00:00,326.89999,327.56,326.86499,326.89511,2305662
2026-09-03 14:45:00,326.87,327.84,326.51001,327.79501,2289608
2026-09-03 15:30:00,327.79001,328.84,327.41,328.20999,3531235
2026-09-04 09:30:00,328.30499,328.92999,321.20999,321.20999,7080449
2026-09-04 10:15:00,321.21609,321.89001,318.29999,318.44,5423556
2026-09-04 11:00:00,318.44,320.59,317.85999,320.34,4179270
2026-09-04 11:45:00,320.32999,321.32919,320.16,320.5,2754814
2026-09-04 12:30:00,320.5174,321.59,320.4101,321.2092,1912235
2026-09-04 13:15:00,321.2005,321.89999,320.73999,321.015015,1797761
2026-09-04 14:00:00,321.019989,321.3613,320.85999,321.35001,1369835
2026-09-04 14:45:00,321.35501,322.10001,321.32999,321.785,2214747
2026-09-04 15:30:00,321.76999,321.80911,319.651,319.98999,4295687
2026-09-08 09:30:00,317.12,320.70001,315.70001,315.88501,6456854
2026-09-08 10:15:00,315.87051,316.38,315.26999,315.97461,3179239
2026-09-08 11:00:00,316.0,316.81,315.71521,316.41501,2585986
2026-09-08 11:45:00,316.41,316.60001,315.45999,316.084991,2066475
2026-09-08 12:30:00,316.10001,316.56,315.75,316.185,1605149
2026-09-08 13:15:00,316.17001,316.32999,315.79001,316.029999,1494256
2026-09-08 14:00:00,316.024994,316.73999,315.38,315.47,2083025
2026-09-08 14:45:00,315.46881,316.53,314.92001,315.79999,2794097
2026-09-08 15:30:00,315.80011,316.69,315.52499,316.35001,3631577
2026-09-09 09:30:00,315.93011,318.13,315.070007,315.535,6256011
2026-09-09 10:15:00,315.535,315.69,312.95001,313.375,4209190
2026-09-09 11:00:00,313.39001,313.58899,312.10999,313.29001,4028653
2026-09-09 11:45:00,313.2496,313.70999,312.86011,313.66501,3246806
2026-09-09 12:30:00,313.67999,315.0,312.31,312.85999,4910679
2026-09-09 13:15:00,312.83499,314.35999,310.97,313.255,8888168
2026-09-09 14:00:00,313.255,314.28,309.89999,314.12,9919724
2026-09-09 14:45:00,314.1203,319.14999,313.76001,315.57001,11316859
2026-09-09 15:30:00,315.56,315.94391,314.88,315.41,4968709
2026-09-10 09:30:00,316.79001,323.129,316.57001,319.34,14558159
2026-09-10 10:15:00,319.3331,323.19,318.7511,323.010101,5664280
2026-09-10 11:00:00,323.040009,324.35001,321.60001,322.48999,7064109
2026-09-10 11:45:00,322.46561,322.63,319.20999,321.905,6867537
2026-09-10 12:30:00,321.85501,324.82999,321.26001,323.54999,6707958
2026-09-10 13:15:00,323.565,325.67999,323.42001,325.01001,5751692
2026-09-10 14:00:00,325.029999,325.19,323.38,324.39999,3697044
2026-09-10 14:45:00,324.39999,326.12,324.20999,325.285,4524985
2026-09-10 15:30:00,325.26999,326.67999,325.17001,326.595,5580662
2026-09-11 09:30:00,327.63,334.26999,326.29999,331.70001,12328409
2026-09-11 10:15:00,331.73999,335.42999,331.6601,334.95999,7611424
2026-09-11 11:00:00,335.019989,336.22,334.62,334.78,4916525
2026-09-11 11:45:00,334.79001,334.85001,333.63,334.17001,3423939
2026-09-11 12:30:00,334.19,334.85001,333.92999,334.34,2038152
2026-09-11 13:15:00,334.35999,334.47,332.73999,333.38,2478060
2026-09-11 14:00:00,333.375,333.8299,332.54999,332.905,2343559
2026-09-11 14:45:00,332.89999,333.049988,332.39001,332.64011,3456349
2026-09-11 15:30:00,332.67999,333.070007,332.070007,332.23001,3626964
2026-09-14 09:30:00,334.52,335.07,331.35,333.52,450291
2026-09-14 10:15:00,333.52,333.56,332.135,332.98,211771
2026-09-14 11:00:00,332.96,334.64,332.335,334.37,134654
2026-09-14 11:45:00,334.44,335.5,334.325,334.585,119430
2026-09-14 12:30:00,334.57,335.25,334.1,334.835,49308
