Date,Open,High,Low,Close,Volume
2024-09-16 09:30:00,216.47,217.2,213.92,216.66,21390296
2024-09-16 10:30:00,216.64011,216.91499,214.84,216.5565,8162086
2024-09-16 11:30:00,216.55,216.58,214.91,215.39999,4852521
2024-09-16 12:30:00,215.39,215.98,214.9201,215.965,3748142
2024-09-16 13:30:00,215.96001,216.52,215.75,216.42999,3606890
2024-09-16 14:30:00,216.425,216.4668,215.92,216.22501,4144167
2024-09-16 15:30:00,216.22501,216.7,216.17999,216.3,5232224
2024-09-17 09:30:00,215.5,216.56,214.5,216.42,11537502
2024-09-17 10:30:00,216.39999,216.89999,215.89,216.205,5086919
2024-09-17 11:30:00,216.21001,216.84,215.50999,215.75999,4563369
2024-09-17 12:30:00,215.77,216.23,215.23,216.17,4929353
2024-09-17 13:30:00,216.16,216.39,215.059998,216.14999,3204596
2024-09-17 14:30:00,216.14,216.62,215.3,216.61,3928149
2024-09-17 15:30:00,216.60001,216.85001,216.17,216.85001,4733527
2024-09-18 09:30:00,218.25,220.735,218.1722,220.735,11719790
2024-09-18 10:30:00,220.7301,221.61,220.25101,220.63,8156848
2024-09-18 11:30:00,220.64,220.8699,219.52,220.81,4730443
2024-09-18 12:30:00,220.8,221.35001,220.25999,221.2101,4663209
2024-09-18 13:30:00,221.22,222.7,219.92999,221.4073,7417109
2024-09-18 14:30:00,221.4959,221.85001,218.92999,221.5,7309128
2024-09-18 15:30:00,221.53999,221.81,219.88,220.69,6247706
2024-09-19 09:30:00,225.0,229.60001,224.64,229.495,18240737
2024-09-19 10:30:00,229.59,229.74001,227.66,228.49001,8846328
2024-09-19 11:30:00,228.4846,229.17999,228.0,228.995,5729594
2024-09-19 12:30:00,228.99001,229.33,228.72079,229.1701,4098355
2024-09-19 13:30:00,229.1769,229.4557,228.39999,228.87,4410441
2024-09-19 14:30:00,228.87,229.49001,228.7601,229.46719,4815301
2024-09-19 15:30:00,229.46001,229.59,228.28999,228.82001,7376731
2024-09-20 09:30:00,230.13,231.16,229.3011,230.0345,28984533
2024-09-20 10:30:00,230.029999,230.58,229.2,229.77,15364350
2024-09-20 11:30:00,229.75999,231.74001,229.74001,231.73,7914719
2024-09-20 12:30:00,231.72,231.92,230.61,230.75,6485883
2024-09-20 13:30:00,230.74001,231.25999,229.60001,229.77721,7870480
2024-09-20 14:30:00,229.77,232.0,229.5,231.97501,10546962
2024-09-20 15:30:00,231.97501,233.089996,227.62,228.53,25542112
2024-09-23 09:30:00,227.34,228.070007,225.86,228.0099945,13371857
2024-09-23 10:30:00,228.0099945,229.45,227.63,228.6534,6527900
2024-09-23 11:30:00,228.66,228.89999,226.92999,226.94,3575768
2024-09-23 12:30:00,226.94,227.41,226.6201,226.74001,3228628
2024-09-23 13:30:00,226.74899,227.17999,226.50999,226.67999,2921492
2024-09-23 14:30:00,226.69,226.75999,225.89999,226.28999,3625613
2024-09-23 15:30:00,226.28,226.7,225.81,226.45,4397453
2024-09-24 09:30:00,228.645,229.35001,226.050003,226.070007,7586069
2024-09-24 10:30:00,226.070007,227.48,225.74001,227.0121,4155910
2024-09-24 11:30:00,227.020004,227.7394,226.7,227.55,2884573
2024-09-24 12:30:00,227.53999,227.75999,226.81,227.24001,2149179
2024-09-24 13:30:00,227.2422,227.48,226.81,226.8791,1955339
2024-09-24 14:30:00,226.87,227.089996,226.53999,227.026001,1999556
2024-09-24 15:30:00,227.039993,227.5,226.37,227.36,4656959
2024-09-25 09:30:00,225.25,227.28999,224.61,226.38499,8474137
2024-09-25 10:30:00,226.27,226.7999,225.38,225.45,4105730
2024-09-25 11:30:00,225.39999,225.9899,225.32001,225.8701,2773529
2024-09-25 12:30:00,225.86,226.020004,225.27,225.36,2776079
2024-09-25 13:30:00,225.35001,225.45,224.029999,224.89999,4551081
2024-09-25 14:30:00,224.89,225.32001,224.765,225.2599,2750104
2024-09-25 15:30:00,225.25,226.44,225.19,226.31,4052804
2024-09-26 09:30:00,227.0,227.099701,225.89,226.89999,7865653
2024-09-26 10:30:00,226.91,228.5,226.53,227.38969,5650385
2024-09-26 11:30:00,227.38651,227.82001,226.67999,227.31,2992378
2024-09-26 12:30:00,227.315,227.39999,226.67,227.155,1819367
2024-09-26 13:30:00,227.155,227.71001,226.97099,227.705,2270366
2024-09-26 14:30:00,227.71001,227.86501,227.46201,227.575,2387943
2024-09-26 15:30:00,227.58,227.78999,226.99001,227.62,3934449
2024-09-27 09:30:00,229.0,229.52,227.99001,228.965,7075031
2024-09-27 10:30:00,228.965,229.070007,227.84,228.13,4071424
2024-09-27 11:30:00,228.12,228.25,227.3,228.14999,3339358
2024-09-27 12:30:00,228.14,228.62,227.92,227.995,1914209
2024-09-27 13:30:00,227.99001,228.52,227.81,227.895,2008696
2024-09-27 14:30:00,227.89999,228.19,227.53,227.81,2165156
2024-09-27 15:30:00,227.82001,228.0,227.55,227.82001,3703154
2024-09-30 09:30:00,231.0,232.3412,230.31,230.98,11787517
2024-09-30 10:30:00,230.97,232.049896,230.75,231.89999,4589382
2024-09-30 11:30:00,232.020004,232.5383,231.83,232.12,3947937
2024-09-30 12:30:00,232.12,232.2,231.31,231.645,2500766
2024-09-30 13:30:00,231.64999,232.0,230.55,231.0099945,3105354
2024-09-30 14:30:00,231.0,231.91,230.7764,231.22,3385830
2024-09-30 15:30:00,231.205,233.0,231.11,233.0,9077998
2024-10-01 09:30:00,228.5,228.77,224.66,224.96001,18787494
2024-10-01 10:30:00,224.7,225.5,224.52,225.47501,7243882
2024-10-01 11:30:00,225.47,225.94,225.050003,225.313,5236262
2024-10-01 12:30:00,225.3,225.395,223.74001,223.92999,4629057
2024-10-01 13:30:00,223.92999,225.64,223.84,225.46001,4115947
2024-10-01 14:30:00,225.44,226.1884,225.246,226.1501,4202375
2024-10-01 15:30:00,226.14999,226.34,225.8757,226.25999,5044106
2024-10-02 09:30:00,225.89,226.11,223.029999,225.42,9385176
2024-10-02 10:30:00,225.39999,226.60001,225.27,226.205,4589680
2024-10-02 11:30:00,226.22,227.050003,226.16499,226.952,3954712
2024-10-02 12:30:00,226.95,227.039398,226.59,226.9599,2173028
2024-10-02 13:30:00,226.94,227.17999,226.35001,226.82001,2418335
2024-10-02 14:30:00,226.8,227.33,226.64999,227.24001,2105356
2024-10-02 15:30:00,227.22501,227.37,226.69009,226.81,2793983
2024-10-03 09:30:00,225.24001,226.8,224.72,224.83501,6220681
2024-10-03 10:30:00,224.81,225.53,224.265,224.87421,4151629
2024-10-03 11:30:00,224.8884,225.37,224.83,225.071198,3280055
2024-10-03 12:30:00,225.089996,225.096298,223.3239,223.83501,3492200
2024-10-03 13:30:00,223.84,224.4099,223.7001,223.8401,1911305
2024-10-03 14:30:00,223.83501,224.039993,223.50011,223.7,2380663
2024-10-03 15:30:00,223.71001,225.84,223.66,225.67,5709739
2024-10-04 09:30:00,227.89,228.0,224.38,224.5105,8338473
2024-10-04 10:30:00,224.49001,225.53999,224.14,224.56,4171900
2024-10-04 11:30:00,224.53,225.57001,224.325,224.95,3129678
2024-10-04 12:30:00,224.95711,225.48,224.8676,225.1001,1978865
2024-10-04 13:30:00,225.12,225.35001,224.55,225.089996,2430951
2024-10-04 14:30:00,225.089996,226.19,225.039993,226.090103,3128943
2024-10-04 15:30:00,226.095001,226.98,225.92999,226.78,4791908
2024-10-07 09:30:00,224.46001,225.53999,224.054993,225.32001,7846943
2024-10-07 10:30:00,225.315,225.69,224.48,225.060104,3155397
2024-10-07 11:30:00,225.080002,225.28,224.070007,224.25999,2734711
2024-10-07 12:30:00,224.25,224.57001,223.81,223.81,2471841
2024-10-07 13:30:00,223.78011,224.059998,223.39999,223.74989,2377594
2024-10-07 14:30:00,223.73,223.73,222.23,222.565,4495723
2024-10-07 15:30:00,222.564,222.63,221.33501,221.72,4695507
2024-10-08 09:30:00,224.31,225.88,223.25,224.89999,8969276
2024-10-08 10:30:00,224.8976,225.96001,224.66,225.33,3802538
2024-10-08 11:30:00,225.33929,225.60001,224.74001,224.82001,2178501
2024-10-08 12:30:00,224.83,225.0,224.2224,224.74001,1971901
2024-10-08 13:30:00,224.74001,225.11501,224.66,224.9297,1560837
2024-10-08 14:30:00,224.92,225.59,224.78,225.27,2592549
2024-10-08 15:30:00,225.27,225.97501,225.235,225.78,3794652
2024-10-09 09:30:00,225.5,227.17,224.83,227.10001,6790643
2024-10-09 10:30:00,227.10001,228.28999,226.97,228.19,4601032
2024-10-09 11:30:00,228.21001,228.71001,228.082001,228.71001,3064533
2024-10-09 12:30:00,228.72,229.039902,228.52,228.86,2317434
2024-10-09 13:30:00,228.84,229.67,228.029999,229.63,2705052
2024-10-09 14:30:00,229.62,229.6299,228.8,229.074203,3361168
2024-10-09 15:30:00,229.070007,229.75,229.059998,229.50999,3238655
2024-10-10 09:30:00,227.78,228.8298,227.17,228.25549,6391325
2024-10-10 10:30:00,228.2364,228.396,227.63,228.28999,3150593
2024-10-10 11:30:00,228.28999,229.23,228.14,228.71001,2234297
2024-10-10 12:30:00,228.72501,228.73911,228.1203,228.5,1857916
2024-10-10 13:30:00,228.49001,228.8,228.039993,228.32001,1786905
2024-10-10 14:30:00,228.32001,228.94501,228.070007,228.855,1924289
2024-10-10 15:30:00,228.855,229.5,228.80499,229.029999,3089900
2024-10-11 09:30:00,228.295,228.89999,227.34,228.75999,6270537
2024-10-11 10:30:00,228.74001,229.19,227.78999,227.97501,3392321
2024-10-11 11:30:00,227.97009,228.11,227.66,227.83009,3047535
2024-10-11 12:30:00,227.83,227.985,227.41,227.84,2091191
2024-10-11 13:30:00,227.825,228.45,227.58,228.19501,2354655
2024-10-11 14:30:00,228.19501,228.97,228.059998,228.69,2828890
2024-10-11 15:30:00,228.68871,228.75999,227.5,227.52,3955806
2024-10-14 09:30:00,228.7,231.31,228.60001,230.685,8542412
2024-10-14 10:30:00,230.685,230.88,229.14999,229.69,3661063
2024-10-14 11:30:00,229.67999,230.52921,229.42999,230.2495,2488171
2024-10-14 12:30:00,230.25999,230.6064,230.2,230.42999,1601087
2024-10-14 13:30:00,230.41,230.55029,230.059998,230.46001,2240039
2024-10-14 14:30:00,230.48351,231.44679,230.45,231.2226,3574497
2024-10-14 15:30:00,231.22,231.7278,231.039993,231.3,4541236
2024-10-15 09:30:00,233.59,237.49001,232.37,235.82001,21113639
2024-10-15 10:30:00,235.82001,236.13,234.6701,235.4314,8085291
2024-10-15 11:30:00,235.42999,236.28999,234.55,234.75999,5436418
2024-10-15 12:30:00,234.75,235.2,233.85001,234.020004,3242105
2024-10-15 13:30:00,233.964,234.47,233.5,233.94,3554666
2024-10-15 14:30:00,233.94,234.080002,233.044998,233.24001,3377696
2024-10-15 15:30:00,233.25,234.069901,232.81,233.8,5720018
2024-10-16 09:30:00,231.62,232.12,229.85001,230.72971,10626875
2024-10-16 10:30:00,230.71001,231.14,230.050003,230.58501,3846997
2024-10-16 11:30:00,230.58,230.9599,230.061005,230.34,3420832
2024-10-16 12:30:00,230.345,231.28999,230.32001,230.9099,2259958
2024-10-16 13:30:00,230.9099,231.36,230.58,231.11,2251178
2024-10-16 14:30:00,231.10001,231.62,230.98,231.61501,2354257
2024-10-16 15:30:00,231.62,231.92999,231.22,231.75,3021398
2024-10-17 09:30:00,233.44,233.85001,230.53,232.4001,7759044
2024-10-17 10:30:00,232.42999,232.4899,231.2,232.25999,2876717
2024-10-17 11:30:00,232.25999,232.804,232.050003,232.25,2263962
2024-10-17 12:30:00,232.24001,232.53,232.029999,232.38741,2159812
2024-10-17 13:30:00,232.39999,232.58,231.27499,231.5865,2722249
2024-10-17 14:30:00,231.58,232.11,231.37,231.755,2566480
2024-10-17 15:30:00,231.755,232.33,231.64,232.25999,3485679
2024-10-18 09:30:00,235.88,236.050003,234.020004,234.77,17238560
2024-10-18 10:30:00,234.75999,235.14999,234.27499,235.039993,4579796
2024-10-18 11:30:00,235.039993,235.34,234.75,234.99001,4353306
2024-10-18 12:30:00,234.99001,235.85001,234.94,235.24001,2973498
2024-10-18 13:30:00,235.24001,235.75,235.041595,235.53,2317890
2024-10-18 14:30:00,235.52499,235.64,235.029999,235.3,2651508
2024-10-18 15:30:00,235.28999,235.3,234.8,234.98,3233611
2024-10-21 09:30:00,234.45,235.99001,234.45,235.67,7360513
2024-10-21 10:30:00,235.67,236.10001,235.12,235.42,5509527
2024-10-21 11:30:00,235.39999,236.605,235.285,236.28,3915718
2024-10-21 12:30:00,236.3,236.61501,236.114,236.3701,2531558
2024-10-21 13:30:00,236.38,236.85001,236.2,236.22501,2198486
2024-10-21 14:30:00,236.23,236.27,235.89,236.13499,2196498
2024-10-21 15:30:00,236.13499,236.58,235.8275,236.58,3275560
2024-10-22 09:30:00,233.22,234.153,232.61,233.91,10307807
2024-10-22 10:30:00,233.905,234.45,233.47,234.39951,3560805
2024-10-22 11:30:00,234.4007,234.9099,234.13,234.17,2255776
2024-10-22 12:30:00,234.19,235.039993,234.14999,234.85001,3239691
2024-10-22 13:30:00,234.85001,236.0050049,234.845,235.3132,3270200
2024-10-22 14:30:00,235.33,235.74001,235.17999,235.7,1919543
2024-10-22 15:30:00,235.7,236.19,235.7,235.86,3335830
2024-10-23 09:30:00,234.32001,235.144,233.81,234.72,6240289
2024-10-23 10:30:00,234.72,235.1199,233.325,233.5,3486087
2024-10-23 11:30:00,233.49001,233.73621,229.64,229.69,12888223
2024-10-23 12:30:00,229.67,230.25,228.92999,230.054993,6554954
2024-10-23 13:30:00,230.020004,230.070007,227.75999,228.62,4848232
2024-10-23 14:30:00,228.60001,229.80991,228.50999,229.675,3897807
2024-10-23 15:30:00,229.7,230.86,229.61,230.75,4272929
2024-10-24 09:30:00,229.91701,230.39999,228.41,229.81,7885026
2024-10-24 10:30:00,229.85001,230.38,229.23,229.82001,3122536
2024-10-24 11:30:00,229.82001,230.039993,228.67,229.51939,3095463
2024-10-24 12:30:00,229.52,230.82001,229.52,230.27,2497557
2024-10-24 13:30:00,230.28,230.53999,230.039993,230.46001,1809617
2024-10-24 14:30:00,230.42999,230.81,230.12,230.53,1900378
2024-10-24 15:30:00,230.53999,230.8,230.22,230.57001,2953907
2024-10-25 09:30:00,229.74001,232.4299,229.57001,232.13,8236893
2024-10-25 10:30:00,232.12,233.2,232.12,232.23,4150841
2024-10-25 11:30:00,232.23,232.73199,231.75999,232.71001,3861234
2024-10-25 12:30:00,232.735,232.94,231.53,231.8575,2367087
2024-10-25 13:30:00,231.83,231.9715,231.070007,231.84,2818009
2024-10-25 14:30:00,231.84689,232.2,231.37,231.62,2642893
2024-10-25 15:30:00,231.64999,231.8,231.11,231.39999,3697758
2024-10-28 09:30:00,233.315,234.55,232.55,233.6346,7460256
2024-10-28 10:30:00,233.62,234.33,233.22,233.55,3740019
2024-10-28 11:30:00,233.55,234.315,233.14999,234.3101,2912804
2024-10-28 12:30:00,234.31,234.73,233.9326,234.42999,2874054
2024-10-28 13:30:00,234.425,234.645,233.91,233.91499,1760124
2024-10-28 14:30:00,233.91,234.11,233.57001,233.97,2014045
2024-10-28 15:30:00,233.96001,233.98129,233.11,233.49001,4008212
2024-10-29 09:30:00,233.19501,234.054993,232.32001,233.059998,6668061
2024-10-29 10:30:00,233.050003,233.69,233.039993,233.27,3007074
2024-10-29 11:30:00,233.25999,233.59,233.020096,233.10001,2253309
2024-10-29 12:30:00,233.105,234.21001,233.020004,233.89,2623926
2024-10-29 13:30:00,233.92,234.14,233.75999,233.97,1696611
2024-10-29 14:30:00,233.985,234.21989,233.88,234.2,3638890
2024-10-29 15:30:00,234.205,234.32001,233.53999,233.75,3460514
2024-10-30 09:30:00,232.62,233.2299,231.69,231.86,8472341
2024-10-30 10:30:00,231.8669,231.95,230.505,231.55499,5454960
2024-10-30 11:30:00,231.56,231.66499,231.059998,231.19991,3239280
2024-10-30 12:30:00,231.2,231.39,230.23,230.2411,2658161
2024-10-30 13:30:00,230.245,231.0,229.87041,230.64999,3567357
2024-10-30 14:30:00,230.6201,230.94,230.17,230.73,2963500
2024-10-30 15:30:00,230.73,230.84,229.56,230.14,6851304
2024-10-31 09:30:00,229.23,229.83,227.81,228.44501,9166433
2024-10-31 10:30:00,228.45,228.73,226.88,227.315,5589842
2024-10-31 11:30:00,227.31,227.485,226.41,227.25,3755298
2024-10-31 12:30:00,227.28,228.1768,227.2002,227.86011,3453223
2024-10-31 13:30:00,227.86,227.96629,226.825,227.089996,3797245
2024-10-31 14:30:00,227.095001,227.78,226.69501,227.33,5061193
2024-10-31 15:30:00,227.33,227.78,225.39,225.39,7068003
2024-11-01 09:30:00,220.97,225.34,220.28,224.070007,20933780
2024-11-01 10:30:00,224.089996,224.214,221.60001,223.21049,10239831
2024-11-01 11:30:00,223.22,223.25,221.77,222.16,6405088
2024-11-01 12:30:00,222.14,223.3999,222.050003,223.34,3824883
2024-11-01 13:30:00,223.34019,223.36,222.070007,222.245,3414057
2024-11-01 14:30:00,222.24001,223.099899,222.14,222.33,4035303
2024-11-01 15:30:00,222.34,223.25,222.27,222.85001,5287191
2024-11-04 09:30:00,221.011993,222.53999,219.71001,221.73151,9635855
2024-11-04 10:30:00,221.75,222.265,221.1301,221.4801,4458145
2024-11-04 11:30:00,221.4808,221.57001,220.41,221.1151,4999217
2024-11-04 12:30:00,221.11501,222.62,221.020096,222.020493,2890130
2024-11-04 13:30:00,222.020004,222.61909,221.9601,222.25999,2412789
2024-11-04 14:30:00,222.25,222.78999,222.2,222.48,2504276
2024-11-04 15:30:00,222.5,222.56,221.52,222.12,4039677
2024-11-05 09:30:00,221.795,223.94501,221.795,223.31911,6371475
2024-11-05 10:30:00,223.32001,223.48,221.935,222.67,4046507
2024-11-05 11:30:00,222.67999,223.75,222.67999,223.38,2163887
2024-11-05 12:30:00,223.39999,223.78,222.62,222.62,2147843
2024-11-05 13:30:00,222.63,223.45,222.40021,223.33009,2141597
2024-11-05 14:30:00,223.34,223.4471,222.81,223.25,1939508
2024-11-05 15:30:00,223.25,223.53,222.71001,223.45,3341639
2024-11-06 09:30:00,221.215,225.89,221.19,225.65131,15626726
2024-11-06 10:30:00,225.66,226.065002,223.69501,224.8,5934080
2024-11-06 11:30:00,224.8024,225.17999,223.965,224.25999,4364147
2024-11-06 12:30:00,224.27,224.60001,223.99001,224.1877,3127772
2024-11-06 13:30:00,224.185,224.33,223.745,223.85001,3301101
2024-11-06 14:30:00,223.86,224.22501,223.25999,223.6255,4462407
2024-11-06 15:30:00,223.66,223.88,222.5,222.7,5070195
2024-11-07 09:30:00,224.625,226.55,224.57001,225.7336,10347470
2024-11-07 10:30:00,225.75,226.42,225.35001,226.30499,3595807
2024-11-07 11:30:00,226.3,227.42,226.17,227.215,3447650
2024-11-07 12:30:00,227.21001,227.49001,226.77,227.1033,2598523
2024-11-07 13:30:00,227.10001,227.38,226.745,227.10001,2170877
2024-11-07 14:30:00,227.11,227.75999,226.855,227.53,3884098
2024-11-07 15:30:00,227.535,227.87,226.75,227.69,5268867
2024-11-08 09:30:00,227.14,228.66,227.14,227.49471,7149832
2024-11-08 10:30:00,227.48,227.56,226.4084,226.6881,3790404
2024-11-08 11:30:00,226.685,227.58,226.685,226.88,2696407
2024-11-08 12:30:00,226.87,227.4565,226.78999,226.995,2566711
2024-11-08 13:30:00,227.0,227.61,226.97,227.5399,4000748
2024-11-08 14:30:00,227.53,227.72,227.25999,227.48,2313467
2024-11-08 15:30:00,227.45,227.485,226.72,227.16,6567817
2024-11-11 09:30:00,225.054993,225.7,222.77,222.80499,11242059
2024-11-11 10:30:00,222.81,223.72,222.67,222.77,5008612
2024-11-11 11:30:00,222.78,223.13879,222.0099945,222.19501,4557733
2024-11-11 12:30:00,222.19,222.46001,221.5,222.46001,3705260
2024-11-11 13:30:00,222.44991,223.10001,222.36,223.059998,2795549
2024-11-11 14:30:00,223.059998,223.74001,222.97,223.63499,2570966
2024-11-11 15:30:00,223.64,224.35001,223.46001,224.25,3922850
2024-11-12 09:30:00,224.63,225.039993,223.575,224.17,6623428
2024-11-12 10:30:00,224.205,225.59,224.17999,225.0,4696267
2024-11-12 11:30:00,224.99989,225.50999,223.88499,223.92,4075218
2024-11-12 12:30:00,223.92,224.47,223.355,224.47,2814384
2024-11-12 13:30:00,224.45,224.7599,224.14,224.6199,2559013
2024-11-12 14:30:00,224.63,224.82001,224.4404,224.60001,2217197
2024-11-12 15:30:00,224.59,224.8,223.9404,224.24001,5475872
2024-11-13 09:30:00,223.95,225.2099,222.75999,223.21001,10070641
2024-11-13 10:30:00,223.24001,224.47,223.22501,224.395,3884318
2024-11-13 11:30:00,224.4649,225.55,223.77,225.020004,3325662
2024-11-13 12:30:00,225.024994,226.64999,224.94,226.3638,3682752
2024-11-13 13:30:00,226.36,226.42999,225.7529,225.91991,3034597
2024-11-13 14:30:00,225.91,225.9913,225.11861,225.37019,2989568
2024-11-13 15:30:00,225.38,225.92,224.47,225.070007,5085654
2024-11-14 09:30:00,225.070007,226.60001,225.050003,226.57001,8371080
2024-11-14 10:30:00,226.565,227.059998,226.34,226.42,4309435
2024-11-14 11:30:00,226.58,227.080002,226.5,227.0,2372710
2024-11-14 12:30:00,227.0099945,228.64,226.77,228.47279,4327298
2024-11-14 13:30:00,228.47009,228.87,227.83,228.5275,3310597
2024-11-14 14:30:00,228.50999,228.71001,226.99001,227.035004,5226141
2024-11-14 15:30:00,227.035004,228.38,227.035004,228.19,4276782
2024-11-15 09:30:00,225.92,226.92,224.44,224.63,12149935
2024-11-15 10:30:00,224.63,225.24001,224.47,225.235,3740368
2024-11-15 11:30:00,225.231,225.48,224.67,224.87241,3065408
2024-11-15 12:30:00,224.87,224.95,224.27,224.735,4906231
2024-11-15 13:30:00,224.7,224.96001,224.33,224.3999,3058253
2024-11-15 14:30:00,224.39999,225.31,224.3,224.81,3159811
2024-11-15 15:30:00,224.81,225.24001,224.5699,224.92,4237936
2024-11-18 09:30:00,225.2,228.22,225.17999,228.10001,8356934
2024-11-18 10:30:00,228.10001,229.21001,228.10001,229.059998,4333949
2024-11-18 11:30:00,229.065094,229.16,228.36,228.75,2932115
2024-11-18 12:30:00,228.745,229.74001,228.63499,228.96719,3233690
2024-11-18 13:30:00,228.96001,229.498,228.67999,228.815,2504537
2024-11-18 14:30:00,228.82001,229.080307,228.033707,228.059998,3403227
2024-11-18 15:30:00,228.050003,228.24001,227.32001,227.99001,3614507
2024-11-19 09:30:00,226.795,228.86501,226.66,228.85001,6182588
2024-11-19 10:30:00,228.84,229.61,228.67999,229.31,2959806
2024-11-19 11:30:00,229.33501,229.86,229.19,229.855,3852606
2024-11-19 12:30:00,229.855,230.16,229.25,229.58,3430327
2024-11-19 13:30:00,229.5345,229.99001,229.355,229.39,2243620
2024-11-19 14:30:00,229.39,229.49001,228.35001,228.44,2882576
2024-11-19 15:30:00,228.42999,228.72,227.72,228.34,3951414
2024-11-20 09:30:00,228.105,229.92999,226.42,226.515,7607276
2024-11-20 10:30:00,226.52499,227.205,226.10001,226.17999,3004734
2024-11-20 11:30:00,226.19,227.7,225.89,226.8501,2793314
2024-11-20 12:30:00,226.85001,227.37,226.38,226.81329,2118040
2024-11-20 13:30:00,226.78999,227.0099945,226.395,226.81,1602064
2024-11-20 14:30:00,226.81,228.0,226.7,227.9749,2315522
2024-11-20 15:30:00,227.97,229.0,227.97,229.0,4127268
2024-11-21 09:30:00,228.78999,229.92,225.7103,225.95,9622311
2024-11-21 10:30:00,225.94,228.92,225.83,228.77,4774630
2024-11-21 11:30:00,228.75,229.46989,228.49001,229.28999,3469645
2024-11-21 12:30:00,229.31,230.14999,229.27,229.84,3200750
2024-11-21 13:30:00,229.85001,229.9337,229.22,229.36,2913322
2024-11-21 14:30:00,229.38,229.58,228.99001,229.27,2610348
2024-11-21 15:30:00,229.27,229.28999,228.27,228.50999,4482648
2024-11-22 09:30:00,228.059998,230.13,228.059998,229.28,6571537
2024-11-22 10:30:00,229.28,229.92999,228.83,229.48,4454609
2024-11-22 11:30:00,229.4899,230.12,228.97,229.985,3272578
2024-11-22 12:30:00,229.985,230.71989,229.675,230.17999,3201749
2024-11-22 13:30:00,230.16499,230.39,229.33,229.44,2939345
2024-11-22 14:30:00,229.44501,229.64,228.92999,229.375,2765287
2024-11-22 15:30:00,229.37,230.14999,229.31,229.75999,4345539
2024-11-25 09:30:00,231.84,233.185,231.42,232.0,9845812
2024-11-25 10:30:00,231.98,232.80099,231.7003,231.71001,3799907
2024-11-25 11:30:00,231.705,231.85001,229.96001,230.2068,3682262
2024-11-25 12:30:00,230.2,230.58,229.74001,230.41499,2947971
2024-11-25 13:30:00,230.425,230.74001,230.2,230.685,2057791
2024-11-25 14:30:00,230.66499,230.85001,230.095001,230.52,2752031
2024-11-25 15:30:00,230.5013,233.17,229.845,232.88,11344808
2024-11-26 09:30:00,234.089996,235.435,233.47501,234.36,12979643
2024-11-26 10:30:00,234.36,235.57001,234.21001,235.039993,4973601
2024-11-26 11:30:00,235.039993,235.10471,234.27,234.48,2980746
2024-11-26 12:30:00,234.48,235.17999,234.35001,234.50999,3515885
2024-11-26 13:30:00,234.50999,235.10001,234.44501,234.92999,2752588
2024-11-26 14:30:00,234.925,235.25,234.73,234.81,3000602
2024-11-26 15:30:00,234.81,235.28,234.58,235.080002,5458831
2024-11-27 09:30:00,234.465,235.67999,233.8101,235.16,7058124
2024-11-27 10:30:00,235.16,235.69,234.1546,234.67,3809592
2024-11-27 11:30:00,234.6201,234.89,233.98,234.57001,2845831
2024-11-27 12:30:00,234.56,235.0,234.40939,234.78011,2325512
2024-11-27 13:30:00,234.78,235.1371,234.71001,234.98,1683157
2024-11-27 14:30:00,234.98,235.25,234.735,234.845,2045715
2024-11-27 15:30:00,234.84,235.089996,234.58501,234.99001,2919382
2024-11-29 09:30:00,234.84,235.89,233.97,235.345,5532507
2024-11-29 10:30:00,235.35001,236.5999,235.34,236.39999,3997632
2024-11-29 11:30:00,236.38,237.14999,236.28999,236.37,3843062
2024-11-29 12:30:00,236.37,237.81,236.37,237.33,14950655
2024-11-29 15:30:00,237.33,237.33,237.33,237.33,100855
2024-12-02 09:30:00,237.27,240.28,237.16,240.27,11143242
2024-12-02 10:30:00,240.27,240.78999,239.44,239.83,5968600
2024-12-02 11:30:00,239.82719,240.2,239.36,239.83,2850375
2024-12-02 12:30:00,239.84,240.0,239.24001,239.44,3599025
2024-12-02 13:30:00,239.42,239.50999,239.029999,239.33,2372094
2024-12-02 14:30:00,239.33,239.84,239.25011,239.78999,2497573
2024-12-02 15:30:00,239.78999,239.94,239.050003,239.60001,3858894
2024-12-03 09:30:00,239.92,241.3699,238.9003,240.47,8548308
2024-12-03 10:30:00,240.47501,241.34,240.45,241.33,3962336
2024-12-03 11:30:00,241.33,241.63499,240.98199,241.265,3152692
2024-12-03 12:30:00,241.265,241.69991,241.145,241.42,2157544
2024-12-03 13:30:00,241.42,242.17,241.345,242.14999,3311661
2024-12-03 14:30:00,242.155,242.46001,241.85001,242.053207,3274479
2024-12-03 15:30:00,242.059998,242.755,242.059998,242.63,3704333
2024-12-04 09:30:00,242.88,244.105,242.50999,243.45,8409865
2024-12-04 10:30:00,243.44,243.82001,242.85001,242.905,3476264
2024-12-04 11:30:00,242.905,242.9099,241.25,242.039902,7183414
2024-12-04 12:30:00,242.039993,242.50999,241.64,242.2587,2189900
2024-12-04 13:30:00,242.24001,243.17641,241.92999,243.070007,3055452
2024-12-04 14:30:00,243.059998,243.125,242.78,242.985,2751650
2024-12-04 15:30:00,242.985,243.53999,242.8261,243.020004,3738537
2024-12-05 09:30:00,244.050003,244.53999,242.7128,242.92999,8289397
2024-12-05 10:30:00,242.92999,243.080002,242.23,242.55,3597584
2024-12-05 11:30:00,242.545,243.4099,242.31,243.36,4262442
2024-12-05 12:30:00,243.35831,243.37,242.61,242.88499,2973235
2024-12-05 13:30:00,242.89,243.69,242.84,243.28,2513592
2024-12-05 14:30:00,243.285,243.36,242.745,242.90581,3074491
2024-12-05 15:30:00,242.905,243.080002,242.13,243.080002,4497338
2024-12-06 09:30:00,242.87,244.63,242.080002,243.44,7897447
2024-12-06 10:30:00,243.45,244.10001,243.27499,243.582,3073497
2024-12-06 11:30:00,243.58,243.84,243.21001,243.60001,2643208
2024-12-06 12:30:00,243.59,243.61501,242.94,243.2641,2315920
2024-12-06 13:30:00,243.25999,243.64,243.039993,243.1627,2434412
2024-12-06 14:30:00,243.16,243.39999,242.8701,243.050003,3531491
2024-12-06 15:30:00,243.050003,243.14999,242.2,242.86,4585536
2024-12-09 09:30:00,241.83,244.72,241.75999,244.50999,6763286
2024-12-09 10:30:00,244.48,247.2388,244.42,246.47,7896898
2024-12-09 11:30:00,246.485,247.24001,246.31,246.7903,3738978
2024-12-09 12:30:00,246.825,247.015106,245.71001,246.9054,3215218
2024-12-09 13:30:00,246.89,246.89,246.059998,246.095001,2110393
2024-12-09 14:30:00,246.095001,246.78,245.89999,246.75999,2636199
2024-12-09 15:30:00,246.78,247.089996,246.11,246.81,5245539
2024-12-10 09:30:00,246.95,247.78709,245.81,246.73,7969297
2024-12-10 10:30:00,246.735,246.92,245.342,245.67,3845062
2024-12-10 11:30:00,245.67,247.17999,245.61,247.070007,2669027
2024-12-10 12:30:00,247.059998,247.47839,246.72,247.4066,2160359
2024-12-10 13:30:00,247.405,247.8,247.35001,247.42999,2326302
2024-12-10 14:30:00,247.42999,248.21001,247.41,247.72,4138454
2024-12-10 15:30:00,247.72501,248.070007,247.37,247.8,3607802
2024-12-11 09:30:00,247.94501,249.99001,247.64999,249.42999,8367368
2024-12-11 10:30:00,249.42999,250.8,249.395,250.44,6585752
2024-12-11 11:30:00,250.42,250.42,249.34,249.6814,2792683
2024-12-11 12:30:00,249.67999,249.78,248.97,249.10001,2034409
2024-12-11 13:30:00,249.089996,249.16499,248.086304,248.28,2859618
2024-12-11 14:30:00,248.28011,248.44,247.050003,247.14999,3703277
2024-12-11 15:30:00,247.14,247.16,246.2601,246.42999,5247010
2024-12-12 09:30:00,246.94501,248.12,245.67999,247.99001,7733107
2024-12-12 10:30:00,247.99001,248.59959,247.66,248.47099,4799716
2024-12-12 11:30:00,248.48,248.5499,247.99001,248.092804,2067122
2024-12-12 12:30:00,248.089996,248.74001,247.64,248.53,2027236
2024-12-12 13:30:00,248.52,248.74001,248.0,248.020004,1974147
2024-12-12 14:30:00,248.014999,248.21001,247.45,247.75,1927714
2024-12-12 15:30:00,247.75999,248.2,247.74001,247.95,2674221
2024-12-13 09:30:00,247.88,249.29021,247.35001,247.55,4571060
2024-12-13 10:30:00,247.58,247.95,246.5,246.625,2461736
2024-12-13 11:30:00,246.7701,247.029999,246.24001,246.46001,1923076
2024-12-13 12:30:00,246.47,247.25999,246.34,247.19,1214676
2024-12-13 13:30:00,247.175,248.014999,247.1601,247.91,1483870
2024-12-13 14:30:00,247.905,248.10001,247.64,248.020004,1855450
2024-12-13 15:30:00,248.020004,248.29871,247.89,248.13,2031038
2024-12-16 09:30:00,248.0,250.0,247.64999,249.059998,7886881
2024-12-16 10:30:00,249.029999,249.96001,248.82001,249.67,3291322
2024-12-16 11:30:00,249.71001,250.3,249.535,250.059998,3966563
2024-12-16 12:30:00,250.059998,251.37891,250.052597,251.11,3741887
2024-12-16 13:30:00,251.089996,251.24719,250.58,250.80009,2929661
2024-12-16 14:30:00,250.81,251.00019836,250.21001,250.69501,3296914
2024-12-16 15:30:00,250.7,251.10001,249.95,251.039993,3755928
2024-12-17 09:30:00,250.13499,252.98,249.78999,252.27,8272806
2024-12-17 10:30:00,252.255,253.35001,251.77,252.55,4418275
2024-12-17 11:30:00,252.53,253.3,252.48,253.22501,3694338
2024-12-17 12:30:00,253.25,253.28999,252.69009,253.13,2789948
2024-12-17 13:30:00,253.14,253.63499,252.92999,253.2,3028678
2024-12-17 14:30:00,253.2,253.39,252.75,252.88,3197831
2024-12-17 15:30:00,252.88,253.81,252.64999,253.48,6517824
2024-12-18 09:30:00,252.22,253.39999,251.33,253.070007,7181202
2024-12-18 10:30:00,253.070007,253.7999,252.85001,253.32001,4538349
2024-12-18 11:30:00,253.32359,254.039993,253.175,253.63499,3385526
2024-12-18 12:30:00,253.63,254.0099945,253.47,253.7101,2498618
2024-12-18 13:30:00,253.7,254.28,251.53999,252.45,4517172
2024-12-18 14:30:00,252.44901,252.98,249.5,249.89999,8004435
2024-12-18 15:30:00,249.92,250.3992,247.75,247.86,8666490
2024-12-19 09:30:00,247.46001,251.020004,247.095001,249.89,13163580
2024-12-19 10:30:00,249.89,251.3876,249.37,251.039993,6035985
2024-12-19 11:30:00,251.039993,251.85001,250.535,250.58,4327867
2024-12-19 12:30:00,250.59,250.94,249.72,250.83,3212228
2024-12-19 13:30:00,250.815,251.45,250.29021,250.52,2255973
2024-12-19 14:30:00,250.50999,250.52,249.53,250.325,2871418
2024-12-19 15:30:00,250.33,250.55,249.4093,249.85001,4256393
2024-12-20 09:30:00,248.12,249.6241,246.3,249.595,21606592
2024-12-20 10:30:00,249.59,252.0,249.39999,251.99001,5538078
2024-12-20 11:30:00,251.98,253.92999,251.89,253.735,6609817
2024-12-20 12:30:00,253.735,253.77,252.772,252.87,3597562
2024-12-20 13:30:00,252.91,253.64999,252.67999,253.6203,3481696
2024-12-20 14:30:00,253.63,254.19,253.3,253.49001,5096339
2024-12-20 15:30:00,253.5,255.0,252.78999,254.59,8461430
2024-12-23 09:30:00,254.77,255.645,253.45,254.070007,8639208
2024-12-23 10:30:00,254.050003,255.070007,253.46001,254.83,3133940
2024-12-23 11:30:00,254.8391,255.23,254.37,254.42999,2397338
2024-12-23 12:30:00,254.42999,254.755,253.72,253.92,3619882
2024-12-23 13:30:00,253.92,254.46001,253.87,254.295,2441370
2024-12-23 14:30:00,254.3,254.39999,253.67999,254.34,2612184
2024-12-23 15:30:00,254.34,255.64999,254.34,255.31,4322344
2024-12-24 09:30:00,255.37,257.42999,255.36,257.10501,6593820
2024-12-24 10:30:00,257.13,257.98999,257.13,257.31,3926985
2024-12-24 11:30:00,257.28,257.535,256.89001,257.38,2867954
2024-12-24 12:30:00,257.37759,258.20001,257.061401,258.20001,9203673
2024-12-24 15:30:00,258.20001,258.20001,258.20001,258.20001,0
2024-12-26 09:30:00,258.35501,260.089996,257.63,258.36121,8036580
2024-12-26 10:30:00,258.36499,259.19,258.13,258.88,2886529
2024-12-26 11:30:00,258.89001,259.34,258.82001,258.98499,1989211
2024-12-26 12:30:00,258.98801,259.32501,258.57001,258.81891,1857025
2024-12-26 13:30:00,258.81,258.94891,258.41,258.60001,1532082
2024-12-26 14:30:00,258.60999,259.47,258.59,259.10999,2293812
2024-12-26 15:30:00,259.12,259.51001,259.01001,259.10001,2691314
2024-12-27 09:30:00,257.89999,258.70001,254.91,254.99001,7279122
2024-12-27 10:30:00,254.96001,255.39999,254.039993,254.73,5252455
2024-12-27 11:30:00,254.74001,254.8,253.059998,253.67999,4795494
2024-12-27 12:30:00,253.67,254.9799,253.6478,254.95,3338291
2024-12-27 13:30:00,254.94,255.50999,254.86,255.014999,2423344
2024-12-27 14:30:00,255.029999,255.55991,254.96001,255.17,2513045
2024-12-27 15:30:00,255.17,255.82001,254.97,255.72,5269742
2024-12-30 09:30:00,252.23,253.0,250.75,250.92,5467222
2024-12-30 10:30:00,250.916,252.285,250.916,251.89999,2495373
2024-12-30 11:30:00,251.89,253.10001,251.81,253.050003,1848616
2024-12-30 12:30:00,253.059998,253.47,252.5,252.82001,1519612
2024-12-30 13:30:00,252.80499,253.28999,252.59,252.9364,1378349
2024-12-30 14:30:00,252.92999,253.49989,252.69,252.72,7638042
2024-12-30 15:30:00,252.73,253.039993,252.039993,252.12,2405332
2024-12-31 09:30:00,252.66,253.28,251.32001,251.6877,5118031
2024-12-31 10:30:00,251.69,252.13989,251.024994,251.17999,2379768
2024-12-31 11:30:00,251.17999,251.55,250.64999,250.71629,1975317
2024-12-31 12:30:00,250.7,250.75999,249.44,249.69,3894785
2024-12-31 13:30:00,249.69,250.26801,249.53,249.77,2272071
2024-12-31 14:30:00,249.765,250.88,249.69,250.7701,3376639
2024-12-31 15:30:00,250.77,251.080002,249.5,250.38,7162976
2025-01-02 09:30:00,248.92999,249.10001,244.8,245.7399,13501229
2025-01-02 10:30:00,245.63,245.88,244.1601,244.895,6832210
2025-01-02 11:30:00,244.9099,245.25,243.32001,243.4286,4384552
2025-01-02 12:30:00,243.41,243.41,242.31,242.6862,6464462
2025-01-02 13:30:00,242.67,242.84,241.8201,242.4884,5547977
2025-01-02 14:30:00,242.48,243.44,241.87131,243.23109,5106418
2025-01-02 15:30:00,243.25,243.95,243.010193,243.82001,6167957
2025-01-03 09:30:00,243.37,244.17999,241.89,242.45979,9135529
2025-01-03 10:30:00,242.45,243.6756,242.14,243.49001,4968968
2025-01-03 11:30:00,243.48,244.048599,242.67,242.77071,3673389
2025-01-03 12:30:00,242.78,243.16,242.28,243.0099945,3313371
2025-01-03 13:30:00,243.0,243.059998,242.57001,242.67,3135384
2025-01-03 14:30:00,242.66,243.4424,242.64,242.85001,3007142
2025-01-03 15:30:00,242.84,243.60001,242.61,243.3,4394832
2025-01-06 09:30:00,244.33,246.18269,243.84,245.55,10577599
2025-01-06 10:30:00,245.53999,247.33,245.33,246.74001,5006800
2025-01-06 11:30:00,246.755,246.761,245.70129,245.77,3354093
2025-01-06 12:30:00,245.75999,245.87,244.48,245.029999,3070077
2025-01-06 13:30:00,245.029999,245.17999,244.60001,244.98,2065770
2025-01-06 14:30:00,244.98,245.13,244.425,244.895,2306175
2025-01-06 15:30:00,244.91,245.34,244.42,245.0,3773029
2025-01-07 09:30:00,242.98,245.55,242.83,245.16499,8221675
2025-01-07 10:30:00,245.16,245.38,243.71001,243.77,3708136
2025-01-07 11:30:00,243.74001,243.8752,242.1382,242.39,2227908
2025-01-07 12:30:00,242.39999,243.4084,241.36,243.1555,2352480
2025-01-07 13:30:00,243.14999,243.17999,242.070099,242.45799,1958317
2025-01-07 14:30:00,242.45,242.49001,241.75,242.0099945,1914254
2025-01-07 15:30:00,242.020004,242.405,241.539,242.19,2714735
2025-01-08 09:30:00,241.97,242.86549,240.050003,242.4099,7170550
2025-01-08 10:30:00,242.39,243.7123,242.085007,242.71001,4154228
2025-01-08 11:30:00,242.7261,243.58,241.24001,241.37,3009958
2025-01-08 12:30:00,241.36,242.5087,241.2,242.35001,2612848
2025-01-08 13:30:00,242.35001,242.98,241.044006,242.795,2761227
2025-01-08 14:30:00,242.7,242.72,241.7,242.384,2452219
2025-01-08 15:30:00,242.38,242.987,241.8,242.72,3573432
2025-01-10 09:30:00,240.024994,240.14999,235.8,237.425,13137403
2025-01-10 10:30:00,237.42419,237.4483,233.5,233.77,8432448
2025-01-10 11:30:00,233.77,235.89999,233.0,235.57001,7179671
2025-01-10 12:30:00,235.53999,237.33971,235.065002,237.11501,3958571
2025-01-10 13:30:00,237.12,237.58501,236.41,236.83,3175363
2025-01-10 14:30:00,236.84,236.88,235.75,235.995,3582593
2025-01-10 15:30:00,235.995,237.28999,235.77,236.92999,5097656
2025-01-13 09:30:00,233.5,233.59,229.72,230.38,13314474
2025-01-13 10:30:00,230.38,231.8,230.22,230.72501,5360716
2025-01-13 11:30:00,230.7325,232.53,230.39999,232.32001,4160495
2025-01-13 12:30:00,232.28999,233.435,231.98,233.38,2920622
2025-01-13 13:30:00,233.38,233.97,233.25999,233.56,2678525
2025-01-13 14:30:00,233.55,234.2,233.37,233.6844,3290938
2025-01-13 15:30:00,233.69,234.67,233.655,234.39999,4579852
2025-01-14 09:30:00,234.75,236.12,234.25999,235.61,6863540
2025-01-14 10:30:00,235.60001,235.97,234.13,234.21001,3836690
2025-01-14 11:30:00,234.19,234.4763,232.845,233.325,3092459
2025-01-14 12:30:00,233.31,234.12,232.64999,234.020203,2179055
2025-01-14 13:30:00,234.039993,234.92,233.72,234.2587,2448410
2025-01-14 14:30:00,234.25,234.64999,232.472,233.295,3619972
2025-01-14 15:30:00,233.28,233.44,232.53999,233.28,4851942
2025-01-15 09:30:00,234.64,238.39,234.42999,237.9201,8599650
2025-01-15 10:30:00,237.96001,238.53999,237.31,237.4007,3712355
2025-01-15 11:30:00,237.39999,237.58,236.5024,237.1199,2959584
2025-01-15 12:30:00,237.11501,237.74001,236.97,237.53,2206504
2025-01-15 13:30:00,237.52,237.75999,237.25999,237.5601,1908254
2025-01-15 14:30:00,237.58,238.034195,237.52,237.6212,2782086
2025-01-15 15:30:00,237.62,238.47,237.39,237.85001,4684385
2025-01-16 09:30:00,237.49001,238.0099945,232.7106,232.81799,10445774
2025-01-16 10:30:00,232.802,233.020004,230.16,230.58501,11066513
2025-01-16 11:30:00,230.5995,231.10001,229.75,230.92,8412063
2025-01-16 12:30:00,230.92,231.2,229.070007,229.19,6223224
2025-01-16 13:30:00,229.185,229.39999,228.56,229.175,5846132
2025-01-16 14:30:00,229.175,230.068604,228.89999,229.024994,6469586
2025-01-16 15:30:00,229.0099945,229.29179,228.029999,228.24001,9428533
2025-01-17 09:30:00,232.11501,232.28999,229.72,230.38499,25704386
2025-01-17 10:30:00,230.39999,231.64999,230.35001,231.2813,6642384
2025-01-17 11:30:00,231.28999,231.32001,229.49001,230.25909,5636022
2025-01-17 12:30:00,230.265,230.44,229.89,229.91,3639355
2025-01-17 13:30:00,229.9102,229.95,228.48,229.17999,4996598
2025-01-17 14:30:00,229.17999,229.77,229.080002,229.44009,4408697
2025-01-17 15:30:00,229.44,230.020004,229.23,229.99001,5430152
2025-01-21 09:30:00,224.0,224.42,220.8,221.77029,25254813
2025-01-21 10:30:00,221.77,222.089996,219.7,220.1078,11789902
2025-01-21 11:30:00,220.089996,220.77,219.38,220.36,6632233
2025-01-21 12:30:00,220.36,221.070007,220.0099945,220.405,4412791
2025-01-21 13:30:00,220.40469,221.69,220.37,221.60989,4338291
2025-01-21 14:30:00,221.60001,221.67,220.31,221.6499,5067344
2025-01-21 15:30:00,221.62,222.78,221.34,222.66,4823568
2025-01-22 09:30:00,219.94,223.3528,219.8,221.631,16298662
2025-01-22 10:30:00,221.63499,223.080002,221.55,222.8598,6743134
2025-01-22 11:30:00,222.85789,222.92799,221.7,222.565,5094747
2025-01-22 12:30:00,222.565,222.85001,222.014999,222.11571,3954228
2025-01-22 13:30:00,222.13,222.86501,221.91,222.746,3384532
2025-01-22 14:30:00,222.75,223.60001,222.42,223.35001,5606510
2025-01-22 15:30:00,223.36501,223.98,223.059998,223.77,5027611
2025-01-23 09:30:00,224.73,227.029999,224.25999,225.97,14316012
2025-01-23 10:30:00,225.965,226.37,224.38,225.175,6666106
2025-01-23 11:30:00,225.16,225.19501,223.3857,223.57001,5267365
2025-01-23 12:30:00,223.565,223.78,223.19,223.55,5083443
2025-01-23 13:30:00,223.56,223.63499,222.42999,222.8,4375171
2025-01-23 14:30:00,222.81,223.17,222.575,222.88,4096781
2025-01-23 15:30:00,222.86501,223.64999,222.3,223.64999,6903829
2025-01-24 09:30:00,224.97501,225.63,222.53011,222.73,15246324
2025-01-24 10:30:00,222.735,223.37,222.3501,222.75999,5636625
2025-01-24 11:30:00,222.77,223.49001,222.14,222.28,16594219
2025-01-24 12:30:00,222.22,222.7245,221.95,222.16,2528503
2025-01-24 13:30:00,222.19,222.55,221.92,222.37,10848882
2025-01-24 14:30:00,222.35001,222.92999,221.41,222.32001,13422266
2025-01-24 15:30:00,222.38499,223.044998,222.2,222.78999,4335892
2025-01-27 09:30:00,224.029999,227.7,224.0,227.2923,22927445
2025-01-27 10:30:00,227.3,228.83,227.089996,228.4938,9565070
2025-01-27 11:30:00,228.47,230.14,228.17999,230.089996,8523755
2025-01-27 12:30:00,230.089996,231.38,229.8105,231.32001,6766052
2025-01-27 13:30:00,231.3,232.14999,230.99001,232.029999,7080439
2025-01-27 14:30:00,232.029999,232.029999,230.14,230.67999,9473126
2025-01-27 15:30:00,230.7,231.38,228.48,229.94,10815158
2025-01-28 09:30:00,230.85,237.79,230.85,237.64,736633
2025-01-28 10:30:00,237.645,239.43,237.63,238.95,422180
2025-01-28 11:30:00,239.18,240.19,238.2,238.64,289453
2025-01-28 12:30:00,238.64,239.25,238.27,238.71,161978
2025-01-28 13:30:00,238.76,239.085,238.6,238.93,265147
2025-01-28 14:30:00,238.82,239.48,238.31,238.82,153550
2025-01-28 15:30:00,238.84,238.96,237.77,238.23,240632
2025-01-29 09:30:00,234.14999,237.13,234.0099945,236.83,11611110
2025-01-29 10:30:00,236.81,238.0,236.42999,236.5157,4860134
2025-01-29 11:30:00,236.53,237.22,236.13,236.869,4055486
2025-01-29 12:30:00,236.87,237.435,235.46001,237.42999,3899414
2025-01-29 13:30:00,237.45,237.66,236.31,236.44501,2765958
2025-01-29 14:30:00,236.44,239.24001,236.345,239.050003,4886187
2025-01-29 15:30:00,239.059998,239.855,238.72,239.35001,5064524
2025-01-30 09:30:00,238.66499,240.78999,238.089996,238.46001,8800925
2025-01-30 10:30:00,238.46001,239.029999,237.21001,238.16,6219473
2025-01-30 11:30:00,238.1844,238.88,237.81,238.029999,3226450
2025-01-30 12:30:00,238.029999,238.7686,237.905,238.45,2683972
2025-01-30 13:30:00,238.44,239.67,238.44,239.25,3360211
2025-01-30 14:30:00,239.25,240.050003,239.21001,239.58,4799123
2025-01-30 15:30:00,239.58,239.855,237.24001,237.56,6836079
2025-01-31 09:30:00,247.039993,247.19,240.55,240.9436,27334395
2025-01-31 10:30:00,240.905,241.42931,238.59,238.94901,10169789
2025-01-31 11:30:00,238.97,240.050003,238.74001,239.74001,6222938
2025-01-31 12:30:00,239.75,239.80099,236.22,236.425,7822078
2025-01-31 13:30:00,236.42999,236.86,234.47,235.13499,7380314
2025-01-31 14:30:00,235.155,235.27991,233.44,234.28999,7945570
2025-01-31 15:30:00,234.31,236.5,233.74001,235.86,8379858
2025-02-03 09:30:00,229.44,231.83,226.63499,229.25999,21198249
2025-02-03 10:30:00,229.25999,229.8199,226.080002,226.42,10353683
2025-02-03 11:30:00,226.41,227.13,225.71001,226.3699,7067637
2025-02-03 12:30:00,226.36,227.070007,225.95,226.89999,4952072
2025-02-03 13:30:00,226.91,228.8477,226.89,228.47,5283668
2025-02-03 14:30:00,228.48,229.21001,228.32001,228.55009,4499030
2025-02-03 15:30:00,228.57001,228.96989,227.63,227.98,5648751
2025-02-04 09:30:00,227.2,230.4118,226.64999,230.37,11635605
2025-02-04 10:30:00,230.38,231.5488,230.13499,231.050003,5366151
2025-02-04 11:30:00,231.059998,232.78999,231.050003,231.78,5209179
2025-02-04 12:30:00,231.78999,232.38,231.39,232.22,3095970
2025-02-04 13:30:00,232.22569,232.36,231.38,232.14,2286596
2025-02-04 14:30:00,232.14,232.95,232.13499,232.30901,3344618
2025-02-04 15:30:00,232.28999,233.13,232.029999,232.78999,3490884
2025-02-05 09:30:00,229.39529,230.61971,228.3,229.5,9950472
2025-02-05 10:30:00,229.50999,230.19749,228.85139,230.089996,3448041
2025-02-05 11:30:00,230.080002,231.28,229.99001,230.69,2916208
2025-02-05 12:30:00,230.67999,230.75,229.63,229.91,2376629
2025-02-05 13:30:00,229.89999,231.53,229.71001,230.6487,3043439
2025-02-05 14:30:00,230.64,231.87,230.5,231.795,2873550
2025-02-05 15:30:00,231.78,232.67,231.11011,232.46001,3443172
2025-02-06 09:30:00,231.34,233.8,230.7793,231.53999,6919081
2025-02-06 10:30:00,231.58501,232.32561,230.425,231.515,3602110
2025-02-06 11:30:00,231.50999,231.63499,230.89999,231.33,2213517
2025-02-06 12:30:00,231.345,232.34,231.029999,232.19,2393555
2025-02-06 13:30:00,232.19,233.11,232.080002,232.87,1818718
2025-02-06 14:30:00,232.89,232.89,231.895,232.28,2205672
2025-02-06 15:30:00,232.28999,233.28,231.92999,233.22,3111368
2025-02-07 09:30:00,232.515,234.0,229.88,230.39,7814805
2025-02-07 10:30:00,230.34,231.26801,228.89999,229.054993,5830454
2025-02-07 11:30:00,229.085007,229.42,228.19501,228.4006,3763438
2025-02-07 12:30:00,228.39,229.44,228.3633,229.2989,3721234
2025-02-07 13:30:00,229.28999,229.5,227.83,227.88,2602577
2025-02-07 14:30:00,227.89,228.58,227.78999,228.0,2965606
2025-02-07 15:30:00,227.99001,228.14999,227.25999,227.71001,5030513
2025-02-10 09:30:00,229.57001,230.58501,228.8,229.8662,6363524
2025-02-10 10:30:00,229.89,229.91161,228.74001,229.36,3755997
2025-02-10 11:30:00,229.3708,229.38499,228.2392,228.4707,2475816
2025-02-10 12:30:00,228.47,228.88,228.37,228.47,2458759
2025-02-10 13:30:00,228.485,229.035004,228.405,228.69991,1724822
2025-02-10 14:30:00,228.7,228.84,227.60001,227.69,2971999
2025-02-10 15:30:00,227.73,227.88,227.2,227.64,3507594
2025-02-11 09:30:00,228.2,233.49001,228.13,233.34,16450453
2025-02-11 10:30:00,233.215,234.7179,232.8201,234.64999,7044939
2025-02-11 11:30:00,234.66,235.23,233.72169,234.5723,5739801
2025-02-11 12:30:00,234.59,234.625,233.25,233.545,3044289
2025-02-11 13:30:00,233.72,234.1899,233.13,233.37,2814146
2025-02-11 14:30:00,233.36211,233.925,232.89999,233.11079,3713673
2025-02-11 15:30:00,233.11,233.3,232.17,232.77,4615039
2025-02-12 09:30:00,231.27499,234.050003,230.67999,233.605,11367975
2025-02-12 10:30:00,233.58121,235.14,233.58,235.070007,5468072
2025-02-12 11:30:00,235.070007,235.66,234.73,235.28999,3522413
2025-02-12 12:30:00,235.2733,235.89,234.86,235.48,2818998
2025-02-12 13:30:00,235.47321,236.42,235.32001,236.21001,3035921
2025-02-12 14:30:00,236.21001,236.66,236.070007,236.465,3343068
2025-02-12 15:30:00,236.46001,236.96001,235.91,236.89,4493778
2025-02-13 09:30:00,238.42,239.0,235.57001,237.88,9840230
2025-02-13 10:30:00,237.896,241.61,237.73,240.48,8946690
2025-02-13 11:30:00,240.4903,240.84,239.82001,240.345,3794477
2025-02-13 12:30:00,240.3499,241.35001,240.19,241.029999,3189003
2025-02-13 13:30:00,241.039993,242.070007,240.53,241.7699,3762258
2025-02-13 14:30:00,241.75011,242.3399,241.25999,241.545,3705280
2025-02-13 15:30:00,241.545,241.769,241.0099945,241.52,4257586
2025-02-14 09:30:00,241.070007,245.050003,241.0,244.38,11286651
2025-02-14 10:30:00,244.38,244.38,243.16,243.94501,5067705
2025-02-14 11:30:00,243.94,244.53,243.69,243.8152,4178251
2025-02-14 12:30:00,243.825,244.31,243.34,243.99989,2425988
2025-02-14 13:30:00,243.98,244.53999,243.94,244.14999,1978801
2025-02-14 14:30:00,244.13989,244.37,243.9101,244.10001,2427820
2025-02-14 15:30:00,244.080002,245.41,243.91,244.57001,4882408
2025-02-18 09:30:00,243.91,245.17999,242.86011,244.0905,10825110
2025-02-18 10:30:00,244.080002,244.96989,243.94,244.73,3162208
2025-02-18 11:30:00,244.72,245.050003,244.17999,244.42999,3072601
2025-02-18 12:30:00,244.45,244.5,243.25,243.435,2653024
2025-02-18 13:30:00,243.42999,243.48331,241.84,243.054993,3303217
2025-02-18 14:30:00,243.054993,243.83501,242.98,243.52,2923310
2025-02-18 15:30:00,243.53,244.60001,243.14999,244.47,4972578
2025-02-19 09:30:00,244.61,246.0099945,243.78999,243.9399,7953912
2025-02-19 10:30:00,243.92999,244.49001,243.1604,244.39571,3875842
2025-02-19 11:30:00,244.39,245.6514,244.029999,245.14999,3328518
2025-02-19 12:30:00,245.14,245.28,244.23,244.71001,1965036
2025-02-19 13:30:00,244.715,245.1899,244.22,244.9001,2025071
2025-02-19 14:30:00,244.89999,245.17,244.4501,244.88,2676277
2025-02-19 15:30:00,244.88,245.0896,244.535,244.88,2963614
2025-02-20 09:30:00,244.97,246.78,244.28999,244.745,7059474
2025-02-20 10:30:00,244.74001,246.7,244.59,246.1306,4332976
2025-02-20 11:30:00,246.125,246.46001,245.029999,246.38,4072175
2025-02-20 12:30:00,246.37,246.41,245.16,245.44501,2248069
2025-02-20 13:30:00,245.44,245.58,245.020004,245.255,1791583
2025-02-20 14:30:00,245.25,245.75,244.85001,245.62,2339026
2025-02-20 15:30:00,245.61,246.0,245.36,245.86,3152476
2025-02-21 09:30:00,245.965,246.94,245.22,245.78999,8207297
2025-02-21 10:30:00,245.77499,247.45,245.22,247.13,5440754
2025-02-21 11:30:00,247.145,247.64999,246.64999,247.37,4700950
2025-02-21 12:30:00,247.38,248.69,247.10001,247.44119,6864397
2025-02-21 13:30:00,247.4451,248.076706,246.42999,246.49001,4986285
2025-02-21 14:30:00,246.505,246.82001,245.39011,245.8,7827784
2025-02-21 15:30:00,245.815,246.089996,245.33,245.59,5597952
2025-02-24 09:30:00,244.808,248.86,244.59,247.85001,13194485
2025-02-24 10:30:00,247.85001,247.9541,246.0099945,247.1102,6816716
2025-02-24 11:30:00,247.13,248.32001,247.12,247.795,3638770
2025-02-24 12:30:00,247.82001,248.14,247.22,248.050003,2551528
2025-02-24 13:30:00,248.050003,248.8,247.67,248.66,4364825
2025-02-24 14:30:00,248.66,248.75,247.42999,247.61,3657066
2025-02-24 15:30:00,247.595,247.78999,246.82001,247.23,4976822
2025-02-25 09:30:00,248.0,249.52,244.91,245.11,12543414
2025-02-25 10:30:00,245.13,246.87,244.91,246.52499,4912736
2025-02-25 11:30:00,246.535,249.98,246.4301,249.58,6711698
2025-02-25 12:30:00,249.58,249.62,247.73,247.98,3204536
2025-02-25 13:30:00,247.97,248.62,247.16,247.66811,3236285
2025-02-25 14:30:00,247.64,248.59,247.55,247.72,3408426
2025-02-25 15:30:00,247.72501,247.77,246.044998,247.050003,4291190
2025-02-26 09:30:00,244.33,244.98,241.42,243.48,11922325
2025-02-26 10:30:00,243.495,243.72,241.58,241.81,4844532
2025-02-26 11:30:00,241.8,243.89,241.75,243.13,3260739
2025-02-26 12:30:00,243.14,243.28999,240.24001,240.3403,4011307
2025-02-26 13:30:00,240.34,240.39,239.13,239.82001,4096351
2025-02-26 14:30:00,239.81,240.45,239.53,239.95,3160834
2025-02-26 15:30:00,239.96001,240.71001,239.685,240.31,4066395
2025-02-27 09:30:00,239.345,242.28,238.47,241.375,11860928
2025-02-27 10:30:00,241.36,242.46001,240.64,241.52,3314596
2025-02-27 11:30:00,241.52,241.78481,239.58501,241.057999,2483584
2025-02-27 12:30:00,241.1297,242.17999,240.36,241.89999,2123940
2025-02-27 13:30:00,241.92999,242.050003,240.52,240.63,2376630
2025-02-27 14:30:00,240.645,240.66,238.77029,238.92,4411625
2025-02-27 15:30:00,238.955,239.36951,237.10001,237.38,5981830
2025-02-28 09:30:00,236.95,237.8,234.50999,237.595,9860731
2025-02-28 10:30:00,237.58,237.83,236.49001,236.92,3856963
2025-02-28 11:30:00,236.87,237.75,236.55,237.605,2856512
2025-02-28 12:30:00,237.69,237.89999,236.23,237.41,3253563
2025-02-28 13:30:00,237.405,238.3083,237.0099945,237.92,3074577
2025-02-28 14:30:00,237.88,239.78,237.70039,239.71001,4607390
2025-02-28 15:30:00,239.69,242.089996,238.81,241.84,7654870
2025-03-03 09:30:00,241.722,244.027206,239.825,241.485,10137001
2025-03-03 10:30:00,241.5,242.63,241.12669,241.19,3962348
2025-03-03 11:30:00,241.23,242.55,240.66499,242.53999,2726862
2025-03-03 12:30:00,242.53999,242.9868,240.74001,240.965,2892774
2025-03-03 13:30:00,241.020004,241.87,240.44,241.15179,3716220
2025-03-03 14:30:00,241.16,242.0,236.64999,236.88921,5255129
2025-03-03 15:30:00,236.88,238.56,236.112,238.14,6362960
2025-03-04 09:30:00,237.705,239.39,236.35001,238.39999,12574876
2025-03-04 10:30:00,238.39999,239.81,237.64999,238.63,6419558
2025-03-04 11:30:00,238.59,240.070007,238.12891,238.16499,4617834
2025-03-04 12:30:00,238.11,238.1799,236.16,236.75,4297681
2025-03-04 13:30:00,236.75,238.56,236.42999,238.28889,3524557
2025-03-04 14:30:00,238.28999,239.24989,237.9823,238.69,4113744
2025-03-04 15:30:00,238.67999,238.75,234.7,236.070007,6470426
2025-03-05 09:30:00,235.495,235.95,230.55,230.92,11396281
2025-03-05 10:30:00,230.94,233.2,230.14,230.649,4757085
2025-03-05 11:30:00,230.62,234.64999,229.23,234.5399,5831367
2025-03-05 12:30:00,234.53999,235.53999,234.0,234.67999,3887648
2025-03-05 13:30:00,234.6653,236.55,234.10001,235.7475,2837195
2025-03-05 14:30:00,235.8,236.48,235.14999,236.039993,3103634
2025-03-05 15:30:00,236.0099945,236.35001,235.059998,235.77,3864004
2025-03-06 09:30:00,234.435,237.16,233.53999,236.47,8965074
2025-03-06 10:30:00,236.47,237.86,236.245,236.78,4326344
2025-03-06 11:30:00,236.74001,237.34,234.040405,234.41499,4246957
2025-03-06 12:30:00,234.39999,235.42999,234.059998,234.295,3660287
2025-03-06 13:30:00,234.30499,235.17,233.39999,233.69,4333970
2025-03-06 14:30:00,233.655,236.0099945,233.33,235.17999,4926584
2025-03-06 15:30:00,235.17,235.75999,234.45,235.32001,4800803
2025-03-07 09:30:00,235.105,239.42999,234.835,238.31,8601005
2025-03-07 10:30:00,238.315,240.16,237.030106,239.020004,6445384
2025-03-07 11:30:00,239.039993,239.69749,237.86,239.28999,6229746
2025-03-07 12:30:00,239.25999,241.37,238.8,240.4144,6264766
2025-03-07 13:30:00,240.425,240.91,238.57001,239.64999,4109056
2025-03-07 14:30:00,239.66499,239.86,238.080002,238.8114,3265326
2025-03-07 15:30:00,238.8,239.77,237.94,239.070007,4811911
2025-03-10 09:30:00,235.48,236.16,228.52,228.55,15210592
2025-03-10 10:30:00,228.55499,229.5,225.28999,226.5087,11879291
2025-03-10 11:30:00,226.53,227.28999,224.22,225.48,6728298
2025-03-10 12:30:00,225.53999,226.69,224.325,225.21001,5441202
2025-03-10 13:30:00,225.24001,226.98,224.87,226.58,5343177
2025-03-10 14:30:00,226.59,227.515,224.4209,226.9762,7127512
2025-03-10 15:30:00,226.99001,228.64999,226.5,227.541,8057482
2025-03-11 09:30:00,223.8,225.8399,220.0099945,222.52,17705238
2025-03-11 10:30:00,222.49001,222.95,220.59,221.0032043,7863529
2025-03-11 11:30:00,220.98,221.74001,218.5,218.55,8365238
2025-03-11 12:30:00,218.53999,219.88,217.45,217.755,7268661
2025-03-11 13:30:00,217.73,220.98,217.67999,220.545,6404020
2025-03-11 14:30:00,220.55,223.28,220.090195,221.82021,7110964
2025-03-11 15:30:00,221.82001,222.050003,220.58,220.73,6574063
2025-03-12 09:30:00,220.17999,221.75,218.83,218.95,13585830
2025-03-12 10:30:00,218.95,219.39999,214.91,216.44501,10778249
2025-03-12 11:30:00,216.47,218.61,216.33,218.3604,5962200
2025-03-12 12:30:00,218.44501,218.60001,216.88,218.1898,4501805
2025-03-12 13:30:00,218.13,218.22,215.92999,216.11,5341362
2025-03-12 14:30:00,216.12,217.089905,215.050003,215.63989,6048770
2025-03-12 15:30:00,215.64999,217.27,215.28,216.94,7314758
2025-03-13 09:30:00,215.94,216.8394,214.22,214.28,11543428
2025-03-13 10:30:00,214.3,214.82001,213.63,214.040207,6041469
2025-03-13 11:30:00,214.044998,214.35001,211.56,211.94,8254454
2025-03-13 12:30:00,211.93381,212.92999,210.69,211.155,5949778
2025-03-13 13:30:00,211.14,212.47,210.50011,212.28999,5034049
2025-03-13 14:30:00,212.286,212.46989,210.36,210.63,5897570
2025-03-13 15:30:00,210.67,210.71001,208.42,209.71001,9508816
2025-03-14 09:30:00,211.25,213.42999,209.58,210.3781,14448242
2025-03-14 10:30:00,210.38,212.38,209.98,211.92999,7259676
2025-03-14 11:30:00,211.92999,213.94,211.91,212.2307,5950062
2025-03-14 12:30:00,212.235,213.5,212.072296,212.315,3579047
2025-03-14 13:30:00,212.3026,212.6899,210.75999,211.245,6041620
2025-03-14 14:30:00,211.25,213.411,211.25,212.9053,4621820
2025-03-14 15:30:00,212.89461,213.89999,212.71001,213.38,6350358
2025-03-17 09:30:00,213.36,214.97,212.17,213.2247,9583454
2025-03-17 10:30:00,213.22501,213.25999,210.4697,210.7547,5939423
2025-03-17 11:30:00,210.755,211.8,209.98,211.2,4394790
2025-03-17 12:30:00,211.21001,212.37,211.089996,212.33031,3083388
2025-03-17 13:30:00,212.355,214.73019,212.28,214.455,4126373
2025-03-17 14:30:00,214.45,214.7968,214.070007,214.685,3623892
2025-03-17 15:30:00,214.67999,215.22,213.67,214.19,6930829
2025-03-18 09:30:00,214.14,215.14999,212.95,214.55141,10203982
2025-03-18 10:30:00,214.55,214.89,212.64999,213.33,4477342
2025-03-18 11:30:00,213.25,213.98,212.78999,213.72,3176514
2025-03-18 12:30:00,213.7,213.77361,211.49001,212.2834,4535545
2025-03-18 13:30:00,212.3,212.32001,211.5598,211.995,3006313
2025-03-18 14:30:00,212.0,212.655,211.8103,212.345,3435188
2025-03-18 15:30:00,212.345,213.25999,212.31,212.78999,4396249
2025-03-19 09:30:00,214.22,218.75999,213.9101,217.145,11409119
2025-03-19 10:30:00,217.21001,217.2198,214.96001,215.66901,5121699
2025-03-19 11:30:00,215.69,216.75,215.17999,215.3,3259079
2025-03-19 12:30:00,215.28999,215.33,214.28999,214.38,2801294
2025-03-19 13:30:00,214.392,215.049698,213.75,214.27,4823378
2025-03-19 14:30:00,214.27,217.059006,214.25,215.5099,6058928
2025-03-19 15:30:00,215.5,215.67999,214.48,215.3,5255712
2025-03-20 09:30:00,213.99001,217.4899,212.89999,216.9904,7527757
2025-03-20 10:30:00,216.98,217.295,215.7876,215.9,4569561
2025-03-20 11:30:00,215.94,216.46001,214.020004,214.14,4431089
2025-03-20 12:30:00,214.14,214.50999,213.0,213.23,5149763
2025-03-20 13:30:00,213.25999,213.89,212.73,212.75999,3180049
2025-03-20 14:30:00,212.77,213.39999,212.22,212.6835,4531064
2025-03-20 15:30:00,212.69,214.75999,212.69,214.14999,5352998
2025-03-21 09:30:00,211.515,214.41,211.47,213.74001,21249328
2025-03-21 10:30:00,213.71001,214.84,213.2607,213.4435,7872381
2025-03-21 11:30:00,213.44,215.39999,212.64,214.655,3813985
2025-03-21 12:30:00,214.67,215.48,214.4848,214.62,3366634
2025-03-21 13:30:00,214.61,215.039001,214.2601,214.67,3091390
2025-03-21 14:30:00,214.67,215.37,214.64,215.31,4189003
2025-03-21 15:30:00,215.31,218.84,215.0099945,218.36,10148885
2025-03-24 09:30:00,221.0,221.020996,218.58,219.77,9344812
2025-03-24 10:30:00,219.81,220.69,219.029205,219.1575,4668518
2025-03-24 11:30:00,219.155,220.050003,218.96001,219.0,3264720
2025-03-24 12:30:00,219.014999,219.5,218.82001,219.28999,3057015
2025-03-24 13:30:00,219.32001,219.85001,219.089996,219.75999,2530901
2025-03-24 14:30:00,219.77499,220.47,219.46581,219.77,4139018
2025-03-24 15:30:00,219.78999,221.0099945,219.66,220.42999,6001386
2025-03-25 09:30:00,220.77,223.38,220.085,223.37,484371
2025-03-25 10:30:00,223.33,223.895,222.3,223.55,251023
2025-03-25 11:30:00,223.555,223.685,223.01,223.135,135677
2025-03-25 12:30:00,223.105,223.63,222.83,222.83,135363
2025-03-25 13:30:00,222.835,223.94,222.615,223.49,137193
2025-03-25 14:30:00,223.495,223.71,222.79,223.39,194998
2025-03-25 15:30:00,223.41,224.1,223.3,223.76,217661
2025-03-26 09:30:00,223.50999,225.020004,222.84,224.074493,8223129
2025-03-26 10:30:00,224.085007,224.3156,223.11,223.72,3253126
2025-03-26 11:30:00,223.72009,223.89999,222.12,223.675,3220107
2025-03-26 12:30:00,223.675,223.78999,221.63,222.080002,2855124
2025-03-26 13:30:00,222.080002,222.22,221.4001,221.83501,2219567
2025-03-26 14:30:00,221.815,221.88499,220.60001,220.60001,3054676
2025-03-26 15:30:00,220.61501,221.88,220.47,221.39999,4140037
2025-03-27 09:30:00,221.33,222.10001,220.5601,221.64999,5508724
2025-03-27 10:30:00,221.64999,223.24001,221.39999,222.80009,3784484
2025-03-27 11:30:00,222.8,223.75999,222.565,223.19501,2866958
2025-03-27 12:30:00,223.17999,223.98,222.72,223.105,3509193
2025-03-27 13:30:00,223.080002,224.56,223.050003,224.37,3521517
2025-03-27 14:30:00,224.35001,224.99001,223.94501,224.78999,3376619
2025-03-27 15:30:00,224.8,224.99001,223.7,223.92999,5491814
2025-03-28 09:30:00,221.649,223.8,219.69501,219.91,8900229
2025-03-28 10:30:00,219.89,220.64999,219.17,219.98,4819013
2025-03-28 11:30:00,219.8911,220.22,218.35001,218.69,3075097
2025-03-28 12:30:00,218.67,219.12,218.21001,218.49001,3059478
2025-03-28 13:30:00,218.5,219.1665,218.17999,219.050003,2307054
2025-03-28 14:30:00,219.039993,219.14999,218.1104,218.50999,3188030
2025-03-28 15:30:00,218.5,218.75,217.67999,217.88,5319689
2025-03-31 09:30:00,217.22,219.31,216.24001,218.57001,13611371
2025-03-31 10:30:00,218.61,220.080002,218.35,219.13,5131843
2025-03-31 11:30:00,219.10001,220.92999,218.88519,220.92,3711918
2025-03-31 12:30:00,220.89999,221.020004,219.39,219.87,2845575
2025-03-31 13:30:00,219.85001,220.88,219.2417,220.795,2764885
2025-03-31 14:30:00,220.8,221.735,220.39,221.22501,4172283
2025-03-31 15:30:00,221.21001,224.97,220.9901,221.995,11487559
2025-04-01 09:30:00,219.80499,223.39,218.89999,221.5199,9638876
2025-04-01 10:30:00,221.49001,223.42999,221.36,222.8799,4206063
2025-04-01 11:30:00,222.86501,223.14,222.14999,222.53,2944555
2025-04-01 12:30:00,222.55499,223.080002,222.19,222.3385,2079835
2025-04-01 13:30:00,222.3,222.77499,221.45,221.5,2283252
2025-04-01 14:30:00,221.49001,222.12,221.14999,221.73,2520811
2025-04-01 15:30:00,221.71001,223.49001,221.57001,223.14,4133846
2025-04-02 09:30:00,221.19,224.10851,221.050003,224.039993,5984058
2025-04-02 10:30:00,224.020004,224.71539,223.45,224.48,3704510
2025-04-02 11:30:00,224.45,224.60001,223.11,224.13,2694881
2025-04-02 12:30:00,224.13,225.19,223.19,224.72,3616264
2025-04-02 13:30:00,224.72,224.81,222.92,222.92999,2445540
2025-04-02 14:30:00,222.92,223.94099,222.8614,223.6601,2653899
2025-04-02 15:30:00,223.67,224.46001,223.5,223.78999,4054405
2025-04-03 09:30:00,205.52,207.4899,202.52,205.63499,32868028
2025-04-03 10:30:00,205.63499,206.47,203.37,204.050003,11492280
2025-04-03 11:30:00,204.050003,207.039993,203.7043,206.059998,8453124
2025-04-03 12:30:00,206.10001,206.3,203.8401,204.0050049,5727160
2025-04-03 13:30:00,203.99001,204.6051,202.7,203.0,6326946
2025-04-03 14:30:00,202.9828,203.52,202.14,202.2,9806166
2025-04-03 15:30:00,202.2,203.86,201.25,203.059998,14152077
2025-04-04 09:30:00,196.17,199.88,192.8,195.28,32119623
2025-04-04 10:30:00,195.295,197.2117,191.059998,194.49001,19674778
2025-04-04 11:30:00,194.465,196.0,192.25999,192.81,9394573
2025-04-04 12:30:00,192.78,193.9762,190.89999,190.99001,8258826
2025-04-04 13:30:00,190.98,192.57001,188.83099,188.88,12241484
2025-04-04 14:30:00,188.89999,190.8688,187.345,190.23,13768421
2025-04-04 15:30:00,190.155,191.73,188.059998,188.38,14314619
2025-04-07 09:30:00,177.24001,194.14,174.62,182.39999,60052232
2025-04-07 10:30:00,181.75,185.9398,175.7,176.36,22337720
2025-04-07 11:30:00,176.41,180.16,175.75,178.14,12923106
2025-04-07 12:30:00,178.10001,181.72,177.10001,181.53999,10820708
2025-04-07 13:30:00,181.55499,183.89,179.5,180.33501,12360402
2025-04-07 14:30:00,180.34,182.3,178.28011,178.4213,12053848
2025-04-07 15:30:00,178.44,182.0,178.435,181.59,11790019
2025-04-08 09:30:00,186.73,190.33501,185.10001,189.33,25336677
2025-04-08 10:30:00,189.32001,189.92999,184.059998,184.089996,11822751
2025-04-08 11:30:00,184.070007,185.53999,182.28999,183.33,7825256
2025-04-08 12:30:00,183.32001,183.515,175.0,175.029999,15712598
2025-04-08 13:30:00,175.020004,178.60989,174.85001,175.33,11562913
2025-04-08 14:30:00,175.31219,177.23,171.63,172.89,15040705
2025-04-08 15:30:00,172.87,173.44,169.2101,172.77,16156814
2025-04-09 09:30:00,172.179,179.42,171.89,178.4118,32288949
2025-04-09 10:30:00,178.50999,180.42,176.83,179.755,15996521
2025-04-09 11:30:00,179.75,181.070007,177.75,179.59,11721052
2025-04-09 12:30:00,179.5799,194.49001,179.24001,188.52499,19036631
2025-04-09 13:30:00,188.50999,194.8699,188.13,190.8,27276269
2025-04-09 14:30:00,190.78999,198.98,183.87,196.059998,30349699
2025-04-09 15:30:00,196.0,200.61,195.91,198.85001,20947383
2025-04-10 09:30:00,189.16499,194.77991,189.0,192.145,25783702
2025-04-10 10:30:00,192.22,193.57001,188.69,188.85921,10348115
2025-04-10 11:30:00,188.855,189.23,183.0,184.27,16399003
2025-04-10 12:30:00,184.265,189.89999,184.175,188.0099945,13927222
2025-04-10 13:30:00,187.97,192.0,186.0,191.75999,14336457
2025-04-10 14:30:00,191.75,192.8,189.020004,189.985,10246898
2025-04-10 15:30:00,190.0,192.435,187.83,190.44,10417028
2025-04-11 09:30:00,186.17999,193.25,186.059998,189.92999,17625839
2025-04-11 10:30:00,189.94,194.2,189.64,193.32001,10224897
2025-04-11 11:30:00,193.28999,197.67,192.8786,195.80099,11426289
2025-04-11 12:30:00,195.82001,199.35001,195.81,196.8307,10272519
2025-04-11 13:30:00,196.85249,199.53999,196.037903,197.58,8204023
2025-04-11 14:30:00,197.60001,198.94389,197.40179,198.342,6229743
2025-04-11 15:30:00,198.35001,199.0,197.5414,198.020004,9619486
2025-04-14 09:30:00,211.44,212.94,204.61,204.75,38852582
2025-04-14 10:30:00,204.8,206.19991,203.41,203.60001,11826668
2025-04-14 11:30:00,203.64999,204.38,201.16209,201.75,11801459
2025-04-14 12:30:00,201.73,204.9785,201.58501,203.864,8024983
2025-04-14 13:30:00,203.88499,205.81,203.42999,205.78999,6209694
2025-04-14 14:30:00,205.78999,206.66,205.39,205.71001,6862210
2025-04-14 15:30:00,205.72,205.89999,202.32001,202.59,8409251
2025-04-15 09:30:00,201.855,203.505,199.82001,200.8,13453371
2025-04-15 10:30:00,200.78999,203.089996,200.686,202.11501,6103100
2025-04-15 11:30:00,202.14,203.35001,201.96001,203.039993,3730153
2025-04-15 12:30:00,203.050003,203.284,201.11501,201.6044,3893654
2025-04-15 13:30:00,201.58501,202.7769,201.30499,201.765,4045655
2025-04-15 14:30:00,201.715,203.28999,201.64,202.8,4048783
2025-04-15 15:30:00,202.83,202.959,201.92,202.13,4409283
2025-04-16 09:30:00,198.36,200.7,196.020004,197.070007,13937138
2025-04-16 10:30:00,197.059998,198.98849,196.81,198.3501,6372057
2025-04-16 11:30:00,198.375,198.39999,196.3905,196.91,4369963
2025-04-16 12:30:00,196.91,197.92,196.64999,197.75999,3351617
2025-04-16 13:30:00,197.75999,197.81,193.92,194.55499,7922500
2025-04-16 14:30:00,194.53999,194.64371,192.37,192.57001,5831097
2025-04-16 15:30:00,192.58,194.86349,192.57001,194.3,7049437
2025-04-17 09:30:00,197.14999,197.2,194.64,195.64,11995068
2025-04-17 10:30:00,195.69,197.095001,194.42,196.039993,6835084
2025-04-17 11:30:00,196.029999,198.050003,195.98869,197.80499,4703332
2025-04-17 12:30:00,197.826,198.57001,196.67999,196.7,4953563
2025-04-17 13:30:00,196.71001,198.8335,196.67,198.28,3858649
2025-04-17 14:30:00,198.28999,198.66,196.87,197.2422,4857368
2025-04-17 15:30:00,197.25,197.7,195.82001,196.87,4510991
2025-04-21 09:30:00,193.265,193.8,191.36,192.12,8862849
2025-04-21 10:30:00,192.11,192.49001,190.605,190.735,4480370
2025-04-21 11:30:00,190.72,191.32001,189.8112,191.13,4469110
2025-04-21 12:30:00,191.12,191.75,190.14,190.614,3331629
2025-04-21 13:30:00,190.59,191.0,190.24001,190.82001,2848270
2025-04-21 14:30:00,190.815,191.38,190.2,191.105,3470291
2025-04-21 15:30:00,191.089996,193.42,191.050003,193.089996,5337999
2025-04-22 09:30:00,196.070007,198.94,196.0,198.11,8343567
2025-04-22 10:30:00,198.12,199.55,197.67,198.83,5200594
2025-04-22 11:30:00,198.83,201.55,197.86,201.38,6986542
2025-04-22 12:30:00,201.4001,201.53,198.3203,198.53999,6210265
2025-04-22 13:30:00,198.5162,200.0099945,198.1024,199.8918,3865378
2025-04-22 14:30:00,199.88,200.5,198.56,198.62019,6982874
2025-04-22 15:30:00,198.625,199.89,198.0,199.66,5543168
2025-04-23 09:30:00,206.0,208.0,204.6301,206.80499,15174509
2025-04-23 10:30:00,206.81,207.95,204.059998,204.63,7455119
2025-04-23 11:30:00,204.625,205.41,202.799,204.11,5789475
2025-04-23 12:30:00,204.14,205.44,203.5184,204.95,3150358
2025-04-23 13:30:00,205.0,205.64999,204.22,204.48241,3056243
2025-04-23 14:30:00,204.47,205.17,203.65669,204.0099945,3587154
2025-04-23 15:30:00,204.030899,205.75,203.61,204.36,5424069
2025-04-24 09:30:00,204.88499,206.35001,202.94,206.32001,8437662
2025-04-24 10:30:00,206.28999,206.66,205.22009,205.925,4262818
2025-04-24 11:30:00,205.88499,206.75,205.58009,206.28999,4462199
2025-04-24 12:30:00,206.28999,207.029999,205.82001,206.905,2541750
2025-04-24 13:30:00,206.92,207.78999,206.55,207.289,2687289
2025-04-24 14:30:00,207.3,208.10001,207.029999,207.090103,3837311
2025-04-24 15:30:00,207.11,208.8299,207.089996,208.2,5785557
2025-04-25 09:30:00,206.42999,209.24989,206.2,206.6348,8557840
2025-04-25 10:30:00,206.64,207.76289,206.515,207.10001,3766130
2025-04-25 11:30:00,207.11,208.89999,206.66,208.59129,3799231
2025-04-25 12:30:00,208.60001,209.41,208.28999,209.37019,3714961
2025-04-25 13:30:00,209.39,209.41499,207.37,208.5045,3053055
2025-04-25 14:30:00,208.50999,208.87,208.14,208.22,2357459
2025-04-25 15:30:00,208.21001,209.42999,207.87,209.23,4418187
2025-04-28 09:30:00,210.055,211.45,208.76,208.84,328486
2025-04-28 10:30:00,208.83,209.79,207.86,207.97,213292
2025-04-28 11:30:00,207.99,208.39,207.47,207.86,101348
2025-04-28 12:30:00,207.89,208.71,207.855,208.16,98200
2025-04-28 13:30:00,208.07,210.05,208.07,209.87,143564
2025-04-28 14:30:00,209.87,210.94,209.8,210.54,153327
2025-04-28 15:30:00,210.53,211.48,210.04,210.1,214732
2025-04-29 09:30:00,208.69299,212.24001,208.37,210.95,9190516
2025-04-29 10:30:00,210.96001,212.070007,210.67,211.039993,3218454
2025-04-29 11:30:00,211.039993,211.3253,210.39999,210.48801,2669695
2025-04-29 12:30:00,210.49001,210.69,209.35001,210.36,2562388
2025-04-29 13:30:00,210.37,211.85001,210.22,211.7227,2467158
2025-04-29 14:30:00,211.72,211.9606,211.1001,211.3,2519310
2025-04-29 15:30:00,211.31,211.77,210.95,211.24001,3222132
2025-04-30 09:30:00,209.3,209.72,206.6705,209.3212,7770541
2025-04-30 10:30:00,209.3495,210.86,208.7101,210.545,3782710
2025-04-30 11:30:00,210.56,211.28,209.95,210.59,2740535
2025-04-30 12:30:00,210.59,211.36,209.8,211.080002,2462208
2025-04-30 13:30:00,211.070007,212.97,210.315,210.715,3447792
2025-04-30 14:30:00,210.7,211.31,210.28,210.3446,2871370
2025-04-30 15:30:00,210.375,213.53999,210.050003,212.49001,7076663
2025-05-01 09:30:00,209.0099945,212.5,208.89999,211.74001,11460361
2025-05-01 10:30:00,211.75,214.22,211.315,212.89661,5794472
2025-05-01 11:30:00,212.895,213.12,211.41499,212.78,4005190
2025-05-01 12:30:00,212.78,212.87759,211.85001,212.50999,4133080
2025-05-01 13:30:00,212.50999,213.0,212.065002,212.78,2827555
2025-05-01 14:30:00,212.78999,213.2,212.3,212.94,3941988
2025-05-01 15:30:00,212.94,214.55,212.47,212.83,7135104
2025-05-02 09:30:00,206.089996,206.8199,202.16,206.72,30704404
2025-05-02 10:30:00,206.72,206.99001,204.60001,204.9008,9323215
2025-05-02 11:30:00,204.92,206.58,204.8606,205.0,8718007
2025-05-02 12:30:00,205.0,205.89,204.14999,204.69901,7635353
2025-05-02 13:30:00,204.7,205.83,204.7,204.88,7087245
2025-05-02 14:30:00,204.87,205.42999,203.66,204.75999,8882491
2025-05-02 15:30:00,204.75999,205.5,203.89,205.3,9990065
2025-05-05 09:30:00,203.125,204.10001,198.62,198.78,17363317
2025-05-05 10:30:00,198.787,199.64999,198.21001,199.1996,8474385
2025-05-05 11:30:00,199.19,200.039993,198.66,199.974,5978364
2025-05-05 12:30:00,199.96001,200.64,199.46,200.41,4950636
2025-05-05 13:30:00,200.41,201.089996,200.16,200.96001,3841975
2025-05-05 14:30:00,200.95,201.16,199.39999,199.39999,5400812
2025-05-05 15:30:00,199.39999,199.5999,198.5197,198.77,6786984
2025-05-06 09:30:00,198.125,199.88,197.020004,198.91,16561562
2025-05-06 10:30:00,198.89999,199.13,197.85001,199.035004,5182787
2025-05-06 11:30:00,199.035004,200.649,198.66,198.98,4709429
2025-05-06 12:30:00,198.97501,200.020004,198.96001,199.425,3055441
2025-05-06 13:30:00,199.45,199.82001,198.69,199.30499,2836848
2025-05-06 14:30:00,199.295,199.85001,199.020004,199.7084,3342061
2025-05-06 15:30:00,199.73,200.17,198.38,198.41,4603113
2025-05-07 09:30:00,199.19501,199.44,197.35001,199.22,9871911
2025-05-07 10:30:00,199.22701,199.39999,193.81,194.35069,11257129
2025-05-07 11:30:00,194.36,195.37,193.25,194.87,7971845
2025-05-07 12:30:00,194.85001,195.78,194.575,195.3,4049885
2025-05-07 13:30:00,195.32001,195.36,193.3,194.0099945,5113387
2025-05-07 14:30:00,193.99699,195.71001,193.83141,194.32001,4886414
2025-05-07 15:30:00,194.34,197.46989,194.28999,196.25,6299703
2025-05-08 09:30:00,197.74001,198.13,194.6796,195.82001,10449699
2025-05-08 10:30:00,195.83,197.83,195.515,197.53999,5637721
2025-05-08 11:30:00,197.53,200.049805,197.31,199.24001,6698875
2025-05-08 12:30:00,199.2357,199.99001,199.010101,199.14,3093141
2025-05-08 13:30:00,199.14,199.21201,198.089996,198.64,3307947
2025-05-08 14:30:00,198.64,199.688,198.45,199.56,3714346
2025-05-08 15:30:00,199.57001,199.62,197.164,197.39999,5279543
2025-05-09 09:30:00,199.0050049,200.5399,198.12,198.36011,9829701
2025-05-09 10:30:00,198.38499,199.17999,197.535,198.42999,4706752
2025-05-09 11:30:00,198.42,199.0099945,197.92999,198.13499,2891812
2025-05-09 12:30:00,198.13,198.45,197.60001,198.14,3054224
2025-05-09 13:30:00,198.145,199.099899,197.91,198.91,2470206
2025-05-09 14:30:00,198.94,199.42999,198.71001,198.78,2945367
2025-05-09 15:30:00,198.8,198.9299,198.3401,198.53999,3474290
2025-05-12 09:30:00,210.97,211.26649,206.75,209.16,23789646
2025-05-12 10:30:00,209.17,210.23,208.12,208.75999,6321815
2025-05-12 11:30:00,208.78,208.9865,208.25,208.73,3944326
2025-05-12 12:30:00,208.73,209.99001,208.7092,209.935,4323467
2025-05-12 13:30:00,209.94,210.96001,209.935,210.77,4651025
2025-05-12 14:30:00,210.78,211.14999,209.92,210.050003,4909377
2025-05-12 15:30:00,210.059998,210.85001,209.96001,210.83,5815190
2025-05-13 09:30:00,210.42999,211.6657,209.080002,211.45,15261368
2025-05-13 10:30:00,211.44501,211.88,211.080002,211.38499,4801517
2025-05-13 11:30:00,211.39751,211.61,210.48,211.28,4186585
2025-05-13 12:30:00,211.28,211.94,210.90981,211.71001,3331068
2025-05-13 13:30:00,211.71001,212.97,211.7099,212.46001,4232828
2025-05-13 14:30:00,212.4752,213.39999,212.039993,213.23,4652431
2025-05-13 15:30:00,213.19,213.36,212.605,212.84,4596157
2025-05-14 09:30:00,212.425,213.94,211.87,213.28999,12100199
2025-05-14 10:30:00,213.30499,213.7164,211.8898,212.62,4939187
2025-05-14 11:30:00,212.618,212.88,211.99001,212.28999,3092741
2025-05-14 12:30:00,212.295,212.60001,210.58009,210.96001,4235129
2025-05-14 13:30:00,210.97,211.94521,210.96001,211.37,3051755
2025-05-14 14:30:00,211.38,212.050003,210.99001,211.3595,3801274
2025-05-14 15:30:00,211.34,212.60001,211.24001,212.41,6352084
2025-05-15 09:30:00,210.995,212.53,209.53999,210.27499,9925447
2025-05-15 10:30:00,210.32001,212.8,210.19,212.4964,5115199
2025-05-15 11:30:00,212.5,212.96001,211.4101,211.64169,4296380
2025-05-15 12:30:00,211.63,212.28,211.21001,212.1201,2927204
2025-05-15 13:30:00,212.13,212.13,210.25999,210.63,3649292
2025-05-15 14:30:00,210.63,211.21001,210.325,210.36,3629914
2025-05-15 15:30:00,210.35001,211.46001,210.14999,211.45799,5877104
2025-05-16 09:30:00,212.32001,212.57001,210.56,210.60001,15838181
2025-05-16 10:30:00,210.59,210.66,209.77,210.080002,7002612
2025-05-16 11:30:00,210.089996,211.1499,210.089996,210.955,3654109
2025-05-16 12:30:00,210.96001,211.42,210.7,211.11,3241029
2025-05-16 13:30:00,211.11,211.74001,210.73,211.62,3898429
2025-05-16 14:30:00,211.63,211.92999,211.42999,211.72501,3274956
2025-05-16 15:30:00,211.71001,211.73,211.11,211.19,3920156
2025-05-19 09:30:00,208.024994,208.27,204.25999,206.6199,15175631
2025-05-19 10:30:00,206.61,208.039993,206.24001,207.33,5318353
2025-05-19 11:30:00,207.32001,208.58,207.28,208.4826,3033717
2025-05-19 12:30:00,208.49001,209.48,208.070007,208.92999,3363890
2025-05-19 13:30:00,208.92999,209.2,207.78,208.029999,3106651
2025-05-19 14:30:00,208.050003,208.8,207.96001,208.1274,2702881
2025-05-19 15:30:00,208.12,208.92999,208.10001,208.75999,4045825
2025-05-20 09:30:00,208.044998,208.1436,206.47,207.845,9911111
2025-05-20 10:30:00,207.83,208.47,207.22,207.63429,3762244
2025-05-20 11:30:00,207.64999,208.42999,207.050003,207.81,4102805
2025-05-20 12:30:00,207.81,208.015396,207.11,207.38,2803301
2025-05-20 13:30:00,207.37,207.405,205.47,205.59,4199913
2025-05-20 14:30:00,205.58,206.41,205.029999,206.27,4844502
2025-05-20 15:30:00,206.27,206.94,205.92999,206.87,3731510
2025-05-21 09:30:00,205.12,206.77991,204.059998,205.81,8941675
2025-05-21 10:30:00,205.85001,207.039993,205.4762,206.58,4273571
2025-05-21 11:30:00,206.57001,206.87,205.5201,205.64,3570453
2025-05-21 12:30:00,205.64999,206.089996,202.020004,202.10001,12405386
2025-05-21 13:30:00,202.089996,203.345,201.75999,202.34151,7684596
2025-05-21 14:30:00,202.32001,202.61,200.72,201.030106,7028968
2025-05-21 15:30:00,201.059998,202.49001,201.050003,202.059998,6085411
2025-05-22 09:30:00,200.715,201.64,199.7,200.36,13339867
2025-05-22 10:30:00,200.37,201.36,200.35361,200.95,5245221
2025-05-22 11:30:00,200.95,202.4099,200.86,201.95,4473843
2025-05-22 12:30:00,201.94501,202.069901,201.16,201.89,3223269
2025-05-22 13:30:00,201.88,202.22,201.67,201.97,3552562
2025-05-22 14:30:00,201.96001,202.72,201.64999,202.61,5071372
2025-05-22 15:30:00,202.62,202.64999,201.0,201.37,5705738
2025-05-23 09:30:00,193.66499,197.7,193.46001,197.17,27970489
2025-05-23 10:30:00,197.14999,197.37,195.69,196.58501,7789566
2025-05-23 11:30:00,196.59,197.12,195.715,196.050201,6900965
2025-05-23 12:30:00,196.050797,196.67239,195.63499,196.62,6093930
2025-05-23 13:30:00,196.60001,196.60001,195.089996,195.75,7300789
2025-05-23 14:30:00,195.72,195.89999,195.029999,195.4624,6291505
2025-05-23 15:30:00,195.46001,195.97,195.029999,195.34,8128777
2025-05-27 09:30:00,198.3,199.17,197.42999,198.35001,13343197
2025-05-27 10:30:00,198.36,199.37,198.0099945,199.36501,6877187
2025-05-27 11:30:00,199.36,200.58,199.0,199.995,6497053
2025-05-27 12:30:00,199.99001,200.64999,199.67,199.9599,4788957
2025-05-27 13:30:00,199.955,200.74001,199.81,200.37,4199118
2025-05-27 14:30:00,200.38,200.55,200.19,200.2944,4344607
2025-05-27 15:30:00,200.3,200.47,199.92999,200.2,6028688
2025-05-28 09:30:00,200.67999,202.73,199.89999,200.75,11384135
2025-05-28 10:30:00,200.74001,201.31,200.21001,201.044998,4989502
2025-05-28 11:30:00,201.050003,201.28999,200.862,201.10001,2681810
2025-05-28 12:30:00,201.089996,201.52,200.825,201.11,2692955
2025-05-28 13:30:00,201.12,201.25,200.73,200.85001,2564636
2025-05-28 14:30:00,200.84,201.5211,200.32001,201.1286,3702217
2025-05-28 15:30:00,201.089996,201.395,200.19501,200.42,4638874
2025-05-29 09:30:00,203.27,203.78,200.75999,201.14,13282532
2025-05-29 10:30:00,201.11,201.64999,200.55,200.74001,4965675
2025-05-29 11:30:00,200.74001,200.8,198.50999,199.42,6137020
2025-05-29 12:30:00,199.39999,200.4496,199.39999,199.97501,3935142
2025-05-29 13:30:00,199.96001,200.17,199.039993,199.039993,3863280
2025-05-29 14:30:00,199.039993,199.57001,198.57001,199.1393,4850814
2025-05-29 15:30:00,199.125,200.248,199.080002,199.95,5888522
2025-05-30 09:30:00,199.405,199.57001,197.97,199.24001,8945068
2025-05-30 10:30:00,199.23,199.485,198.81,199.31,3302545
2025-05-30 11:30:00,199.3,199.37,197.5504,197.715,3638495
2025-05-30 12:30:00,197.72,198.17,196.78,198.085007,5105841
2025-05-30 13:30:00,198.080002,199.17999,197.95,199.12,3188808
2025-05-30 14:30:00,199.12,200.23,198.92,200.050598,4653738
2025-05-30 15:30:00,200.070007,201.95,199.7401,200.66,14540371
2025-06-02 09:30:00,201.625,202.13,200.12,200.53,8866907
2025-06-02 10:30:00,200.52,201.99001,200.35001,200.71001,4890288
2025-06-02 11:30:00,200.72,201.1187,200.3,201.029999,3147865
2025-06-02 12:30:00,201.029999,201.168,200.57001,200.86011,2227466
2025-06-02 13:30:00,200.86,201.53,200.58009,201.45399,2804759
2025-06-02 14:30:00,201.45,201.77991,201.14,201.66,2805599
2025-06-02 15:30:00,201.64999,201.80991,201.3,201.8,3972829
2025-06-03 09:30:00,202.13499,203.24001,200.955,201.74001,10328628
2025-06-03 10:30:00,201.74001,202.69,201.5202,202.5,4750946
2025-06-03 11:30:00,202.52,203.34,202.059998,203.054993,4217975
2025-06-03 12:30:00,203.059998,203.74001,202.72,203.31461,3820571
2025-06-03 13:30:00,203.33501,203.77,202.5,203.091705,3339508
2025-06-03 14:30:00,203.080002,203.4399,202.99001,203.17999,2991230
2025-06-03 15:30:00,203.17999,203.46989,202.98,203.34,4035108
2025-06-04 09:30:00,202.91,206.24001,202.6508,205.14,12638615
2025-06-04 10:30:00,205.12,205.17999,203.9901,204.089996,4439145
2025-06-04 11:30:00,204.089996,204.60001,202.14999,202.83,7130175
2025-06-04 12:30:00,202.82001,203.59,202.61501,203.41499,2639222
2025-06-04 13:30:00,203.412,203.47,202.85001,203.12,2609590
2025-06-04 14:30:00,203.11,203.25,202.75999,203.19,3114173
2025-06-04 15:30:00,203.19,203.44769,202.75999,202.88699,3543324
2025-06-05 09:30:00,203.595,203.84,201.27,202.45,9791765
2025-06-05 10:30:00,202.45,204.59,201.6772,204.54379,6631520
2025-06-05 11:30:00,204.535,204.75,202.48,203.14,4792656
2025-06-05 12:30:00,203.14,203.25,201.55,202.6001,3950866
2025-06-05 13:30:00,202.60001,202.89999,201.14999,202.2104,3145886
2025-06-05 14:30:00,202.21001,202.72,200.2,200.73,4833279
2025-06-05 15:30:00,200.74001,201.77,200.15961,200.55,6191418
2025-06-06 09:30:00,202.995,205.7,202.98309,203.66,11118470
2025-06-06 10:30:00,203.53999,204.059998,202.86011,203.039993,5422200
2025-06-06 11:30:00,203.020004,203.60001,202.61,202.625,3205114
2025-06-06 12:30:00,202.6622,203.78,202.050003,203.59,4406812
2025-06-06 13:30:00,203.60001,205.21001,203.59,204.985,4252337
2025-06-06 14:30:00,204.99001,205.47,204.685,204.7,4253859
2025-06-06 15:30:00,204.69,205.22,203.895,203.92999,5954114
2025-06-09 09:30:00,204.39999,206.0,203.98,205.32001,10204602
2025-06-09 10:30:00,205.3,205.74001,204.50999,204.53,4646532
2025-06-09 11:30:00,204.53011,204.91,203.73,203.9288,4663097
2025-06-09 12:30:00,203.92999,205.2999,200.020004,200.72,14949524
2025-06-09 13:30:00,200.71001,202.66769,200.029999,201.46001,13053525
2025-06-09 14:30:00,201.42999,201.7,200.63,201.25,8620350
2025-06-09 15:30:00,201.21001,202.355,200.89,201.44,7398849
2025-06-10 09:30:00,200.60001,203.3569,200.57001,202.87,13200692
2025-06-10 10:30:00,202.86,204.35001,202.73,203.315,6675574
2025-06-10 11:30:00,203.32001,203.32001,202.30009,202.5388,4294134
2025-06-10 12:30:00,202.53,202.763,201.75,201.75999,4174154
2025-06-10 13:30:00,201.77499,202.10001,201.31,201.7,5126577
2025-06-10 14:30:00,201.69,203.22501,201.60001,202.82001,4955808
2025-06-10 15:30:00,202.82111,202.97501,202.33,202.75,4081286
2025-06-11 09:30:00,203.47,204.5,202.33,202.7601,10387805
2025-06-11 10:30:00,202.70351,202.8,200.97,201.0099945,7423527
2025-06-11 11:30:00,200.98,201.14999,199.65961,200.20711,10068427
2025-06-11 12:30:00,200.1907,201.2365,200.185,200.91,5829435
2025-06-11 13:30:00,200.905,200.985,198.71001,199.2392,6328523
2025-06-11 14:30:00,199.22,199.60001,198.62,198.98,6509323
2025-06-11 15:30:00,198.95,199.125,198.41,198.85001,6079183
2025-06-12 09:30:00,198.8988,199.39,197.36011,198.066696,10599878
2025-06-12 10:30:00,198.080002,198.92,197.8627,198.16499,5352447
2025-06-12 11:30:00,198.089996,198.64,197.755,198.59,3800303
2025-06-12 12:30:00,198.58,199.44,198.21001,199.25999,4180715
2025-06-12 13:30:00,199.25999,199.6799,198.6696,198.75,3327953
2025-06-12 14:30:00,198.75999,199.060394,198.545,198.88499,3065411
2025-06-12 15:30:00,198.88,199.2,198.39999,199.2,3810972
2025-06-13 09:30:00,199.50999,200.37,195.91,196.155,14838340
2025-06-13 10:30:00,196.14,197.64,195.98,197.50999,5870070
2025-06-13 11:30:00,197.52,198.047501,197.21001,197.27,4078021
2025-06-13 12:30:00,197.28999,197.57001,196.92,197.27,3612021
2025-06-13 13:30:00,197.25,197.71001,196.22,196.278,4012087
2025-06-13 14:30:00,196.25999,196.64,195.81,196.22,5166232
2025-06-13 15:30:00,196.24001,196.69,195.77,196.45,5657582
2025-06-16 09:30:00,197.28999,198.685,196.5636,198.42999,10592956
2025-06-16 10:30:00,198.435,198.66,197.16499,197.315,5091014
2025-06-16 11:30:00,197.31,197.63,196.875,197.080002,4273184
2025-06-16 12:30:00,197.10001,197.955,197.020004,197.875,2678380
2025-06-16 13:30:00,197.88499,198.19,197.77,197.98869,3200825
2025-06-16 14:30:00,197.99001,198.39999,197.66,198.245,3569146
2025-06-16 15:30:00,198.245,198.49001,197.92999,198.37,4720848
2025-06-17 09:30:00,197.25,197.92999,196.255,197.58,7915100
2025-06-17 10:30:00,197.58299,197.78999,197.325,197.58,3367583
2025-06-17 11:30:00,197.59,198.3889,197.46001,197.61501,3514424
2025-06-17 12:30:00,197.61,197.8457,196.465,196.52,4474144
2025-06-17 13:30:00,196.50999,196.82001,195.21001,195.46001,4013715
2025-06-17 14:30:00,195.48,195.94,195.4203,195.84,3616427
2025-06-17 15:30:00,195.85001,195.88499,195.44099,195.64,4321581
2025-06-18 09:30:00,195.94501,197.50999,195.070007,197.060196,8663131
2025-06-18 10:30:00,197.11,197.57001,196.63499,196.94,3996580
2025-06-18 11:30:00,196.88,197.23,196.50031,196.95081,2691146
2025-06-18 12:30:00,196.94,197.020004,196.050003,196.059998,2527979
2025-06-18 13:30:00,196.070007,196.98,195.63,195.91,3683814
2025-06-18 14:30:00,195.91,196.45,195.11,195.64,5009904
2025-06-18 15:30:00,195.63,197.11,195.466,196.25,7662210
2025-06-20 09:30:00,198.235,200.94,197.53,198.67999,26036396
2025-06-20 10:30:00,198.69,198.69,196.8596,197.67,6972780
2025-06-20 11:30:00,197.71001,198.86,197.7,198.49001,4328941
2025-06-20 12:30:00,198.49001,199.37,198.27,198.32001,4286863
2025-06-20 13:30:00,198.32001,200.19,198.070007,199.81,5317209
2025-06-20 14:30:00,199.82001,200.3367,199.6001,199.92999,7927637
2025-06-20 15:30:00,199.92,201.7,199.77,200.94,10755124
2025-06-23 09:30:00,201.532,202.3,199.94,201.3718,12829209
2025-06-23 10:30:00,201.38,201.59,200.22501,200.53,5366444
2025-06-23 11:30:00,200.33,200.52,199.50999,200.1396,5020117
2025-06-23 12:30:00,200.14,201.52,198.96001,201.439,4896458
2025-06-23 13:30:00,201.46001,202.24001,201.080002,201.69,6635454
2025-06-23 14:30:00,201.67,201.8968,201.050705,201.3602,4184558
2025-06-23 15:30:00,201.35001,201.84,201.13499,201.55,3965279
2025-06-24 09:30:00,202.59,202.78,200.2,200.9823,12527280
2025-06-24 10:30:00,200.99001,201.58,200.7404,201.38,4701597
2025-06-24 11:30:00,201.46001,202.565,201.24001,202.45,4744798
2025-06-24 12:30:00,202.45151,203.44,201.94,201.96001,6930517
2025-06-24 13:30:00,201.96001,202.33,201.31,201.57001,4599071
2025-06-24 14:30:00,201.58,202.014999,201.30499,201.53,5015277
2025-06-24 15:30:00,201.535,201.5999,200.27,200.28999,7488205
2025-06-25 09:30:00,201.42,203.66,201.2,202.44,10894360
2025-06-25 10:30:00,202.44,203.175,201.96,202.10001,5935974
2025-06-25 11:30:00,202.105,202.17,201.39999,201.87,3575642
2025-06-25 12:30:00,201.88,202.19991,201.089996,201.14,2830902
2025-06-25 13:30:00,201.14,201.28,200.6201,201.015396,3158873
2025-06-25 14:30:00,201.020004,201.5,200.95,201.15981,3073812
2025-06-25 15:30:00,201.14,201.62,200.88499,201.60001,4058748
2025-06-26 09:30:00,201.42999,202.61501,199.64999,199.75,11861101
2025-06-26 10:30:00,199.74001,200.50999,199.62,199.69,6026822
2025-06-26 11:30:00,199.71001,200.78999,199.46001,200.1228,4778323
2025-06-26 12:30:00,200.1378,200.27,199.63499,200.24001,4568502
2025-06-26 13:30:00,200.25,201.36,199.97501,200.98,5027751
2025-06-26 14:30:00,200.99001,201.1787,200.75,201.175,3971689
2025-06-26 15:30:00,201.1752,201.56,200.78999,200.94,5945620
2025-06-27 09:30:00,201.895,203.22,201.25999,201.58009,11392916
2025-06-27 10:30:00,201.59,201.9502,200.855,201.38181,6069609
2025-06-27 11:30:00,201.39999,202.050003,201.39,201.99001,4142671
2025-06-27 12:30:00,201.99001,202.7,201.73,202.080002,4499910
2025-06-27 13:30:00,202.10001,202.12,200.92999,201.44,5147746
2025-06-27 14:30:00,201.45,201.52,200.78999,201.125,5338193
2025-06-27 15:30:00,201.13,201.27,200.22,201.10001,6326536
2025-06-30 09:30:00,202.0099945,202.19,200.3524,201.009903,9949504
2025-06-30 10:30:00,201.0050049,201.32001,199.5901,199.97,7348749
2025-06-30 11:30:00,199.9892,200.42,199.8,200.325,4709275
2025-06-30 12:30:00,200.31,200.48,199.845,200.155,4227066
2025-06-30 13:30:00,200.155,200.83,199.89999,200.69501,3674697
2025-06-30 14:30:00,200.6951,207.089996,199.2607,206.5856,26976520
2025-06-30 15:30:00,206.55,207.39,205.050003,205.12,13979109
2025-07-01 09:30:00,206.66499,209.83,206.14011,209.5401,26727051
2025-07-01 10:30:00,209.55009,210.18649,207.47,207.95,15475523
2025-07-01 11:30:00,207.96001,208.185,206.78999,207.875,7412772
2025-07-01 12:30:00,207.87,208.53,207.10001,208.089996,6089153
2025-07-01 13:30:00,208.088898,208.42,207.61,208.21001,4666140
2025-07-01 14:30:00,208.21001,208.4299,207.375,208.19,5033918
2025-07-01 15:30:00,208.185,208.23,207.515,207.86,5286012
2025-07-02 09:30:00,209.080002,213.34,208.14,212.3,24809075
2025-07-02 10:30:00,212.28,212.85001,211.42,211.47501,8338925
2025-07-02 11:30:00,211.49001,212.020004,210.86,210.9203,6059046
2025-07-02 12:30:00,210.92,211.35001,210.22,210.8181,5039298
2025-07-02 13:30:00,210.81,211.77,210.74001,211.59,3704293
2025-07-02 14:30:00,211.575,212.96001,211.37,211.94501,6995805
2025-07-02 15:30:00,211.94,212.75,211.92999,212.41,6287690
2025-07-03 09:30:00,212.145,213.855,211.825,213.715,776274
2025-07-03 10:30:00,213.74,214.45,213.04,213.88,677504
2025-07-03 11:30:00,213.885,214.65,213.67,214.1,550789
2025-07-03 12:30:00,214.1,214.14,213.34,213.44,272714
2025-07-07 09:30:00,212.67999,216.23,211.81,212.36,13683615
2025-07-07 10:30:00,212.37,212.60001,211.60001,212.039993,4504869
2025-07-07 11:30:00,212.035004,212.22,210.38,210.8365,4843940
2025-07-07 12:30:00,210.839,211.16991,209.52,209.67039,5039814
2025-07-07 13:30:00,209.67,210.5,208.91,208.9404,4210639
2025-07-07 14:30:00,208.94,210.070007,208.8,209.45,4388321
2025-07-07 15:30:00,209.46001,210.25,209.19,209.94,4768433
2025-07-08 09:30:00,210.13,210.46001,208.45,209.28,9413843
2025-07-08 10:30:00,209.285,211.42999,209.25999,209.8707,5868490
2025-07-08 11:30:00,209.88,211.185,209.78,210.83,3771024
2025-07-08 12:30:00,210.84,210.89,209.5,209.83501,3725509
2025-07-08 13:30:00,209.84,210.25999,209.32001,209.94501,2881574
2025-07-08 14:30:00,209.95,210.044998,209.405,209.605,2636682
2025-07-08 15:30:00,209.59,210.34,209.3,210.035004,5121140
2025-07-09 09:30:00,209.53,210.89999,209.35001,209.91,8992949
2025-07-09 10:30:00,209.89,209.89999,207.22,207.80499,8309318
2025-07-09 11:30:00,207.81,208.22,207.2659,207.8,4676493
2025-07-09 12:30:00,207.81039,209.044998,207.5714,208.9156,3964765
2025-07-09 13:30:00,208.91499,209.98,208.72,209.7325,4016622
2025-07-09 14:30:00,209.745,210.19,209.62,209.89,3724436
2025-07-09 15:30:00,209.88,211.33,209.73,211.11,6191235
2025-07-10 09:30:00,210.505,212.2999,210.12,212.0099945,9635284
2025-07-10 10:30:00,212.029999,213.48,211.89999,212.98,8764628
2025-07-10 11:30:00,212.99001,213.17999,211.83,212.080002,4598153
2025-07-10 12:30:00,212.070007,212.78,211.85001,212.62,3384939
2025-07-10 13:30:00,212.61,213.16,212.31,212.60001,3025386
2025-07-10 14:30:00,212.59489,213.45,212.57001,212.575,3348322
2025-07-10 15:30:00,212.58,213.020004,212.089996,212.42,4470431
2025-07-11 09:30:00,210.565,212.13,209.86,211.78999,8592173
2025-07-11 10:30:00,211.78999,211.78999,210.48,210.825,4031708
2025-07-11 11:30:00,210.83,211.21001,210.4283,210.63499,3418923
2025-07-11 12:30:00,210.62,211.28999,210.45,211.16499,2805663
2025-07-11 13:30:00,211.155,211.65981,210.952,211.405,2380669
2025-07-11 14:30:00,211.41,211.517,210.62,211.16,2371782
2025-07-11 15:30:00,211.13,211.39999,211.029297,211.074997,4157903
2025-07-14 09:30:00,209.909,210.91,207.53999,208.029999,11410322
2025-07-14 10:30:00,208.029999,208.89169,207.825,208.765,4099030
2025-07-14 11:30:00,208.77,209.17999,208.56,208.8407,3442253
2025-07-14 12:30:00,208.85001,209.33,208.76019,209.0,2496708
2025-07-14 13:30:00,209.013306,209.45,208.9608,209.0,2387557
2025-07-14 14:30:00,209.0,209.4073,208.8701,209.19991,3211653
2025-07-14 15:30:00,209.17,209.19,208.52,208.53999,4180894
2025-07-15 09:30:00,209.14999,211.13,208.92,210.17,9804649
2025-07-15 10:30:00,210.14,211.42999,209.19769,211.42999,5300718
2025-07-15 11:30:00,211.42999,211.89,210.36,210.67999,4632180
2025-07-15 12:30:00,210.69501,211.070007,210.38,210.6727,2111068
2025-07-15 13:30:00,210.685,211.67,210.66,211.375,2756121
2025-07-15 14:30:00,211.3889,211.48,209.96001,210.17999,3943223
2025-07-15 15:30:00,210.203,210.28999,208.99001,209.0099945,3872873
2025-07-16 09:30:00,210.28999,212.39999,209.91051,212.085007,11863740
2025-07-16 10:30:00,212.11,212.18449,209.28999,210.12,6716190
2025-07-16 11:30:00,210.1488,210.5,208.64,209.59,5283557
2025-07-16 12:30:00,209.60001,210.948,209.37,210.35001,2958239
2025-07-16 13:30:00,210.34,210.6319,209.871,210.038498,2329673
2025-07-16 14:30:00,210.039993,210.5851,210.039993,210.325,2064165
2025-07-16 15:30:00,210.32001,210.6366,209.97,210.22,4310071
2025-07-17 09:30:00,210.625,211.0099945,209.59,209.95,9963627
2025-07-17 10:30:00,209.94,210.83,209.77,210.44,4483480
2025-07-17 11:30:00,210.45,211.45,210.105,211.39,5714933
2025-07-17 12:30:00,211.3889,211.50999,210.78999,210.955,3852173
2025-07-17 13:30:00,210.95,211.8,210.9001,211.28,5287499
2025-07-17 14:30:00,211.28,211.28,210.78,210.995,4445454
2025-07-17 15:30:00,210.99989,211.050003,209.74001,210.061005,7016080
2025-07-18 09:30:00,210.755,211.0099945,209.7045,209.9543,15729684
2025-07-18 10:30:00,209.96001,211.0099945,209.77,210.85001,4957360
2025-07-18 11:30:00,210.855,211.13,210.67999,211.0099945,3993353
2025-07-18 12:30:00,211.020004,211.78999,210.88,211.19,3840387
2025-07-18 13:30:00,211.17999,211.53999,210.75999,210.935,3054294
2025-07-18 14:30:00,210.92999,211.19501,210.78999,210.95,2639727
2025-07-18 15:30:00,210.94,211.345,210.83,211.22,4433304
2025-07-21 09:30:00,212.050003,215.78,211.6409,214.645,19931497
2025-07-21 10:30:00,214.64,214.71001,212.87,213.47,7487806
2025-07-21 11:30:00,213.46001,213.71001,213.16,213.3196,3139375
2025-07-21 12:30:00,213.315,213.86,213.14,213.67999,2907043
2025-07-21 13:30:00,213.66,213.71001,212.50999,213.25999,4055325
2025-07-21 14:30:00,213.2688,213.42999,212.50999,212.58,2890224
2025-07-21 15:30:00,212.58,212.7186,212.070007,212.53999,3808451
2025-07-22 09:30:00,213.235,214.029999,212.2301,213.2655,12377510
2025-07-22 10:30:00,213.25999,213.69,212.72,213.47729,4721399
2025-07-22 11:30:00,213.47,213.82001,212.75999,213.28,5611485
2025-07-22 12:30:00,213.24001,214.48,212.84,214.41119,4068346
2025-07-22 13:30:00,214.39999,214.4234,213.44,213.71001,3620984
2025-07-22 14:30:00,213.71001,214.41991,213.71001,214.185,3749973
2025-07-22 15:30:00,214.17999,214.645,213.92999,214.39,4788294
2025-07-23 09:30:00,215.044998,215.10001,212.41,212.9351,13479209
2025-07-23 10:30:00,212.94991,213.17,212.5,213.14999,4588657
2025-07-23 11:30:00,213.14999,213.81,212.64999,213.5,4465099
2025-07-23 12:30:00,213.5,214.2285,213.36,214.125,2552446
2025-07-23 13:30:00,214.12,214.63499,214.070007,214.405,4350901
2025-07-23 14:30:00,214.405,214.69501,213.94,214.14,3541364
2025-07-23 15:30:00,214.145,214.31,213.61,214.31,4190088
2025-07-24 09:30:00,214.059998,215.69,213.53,214.46001,11740713
2025-07-24 10:30:00,214.45,215.35001,214.059601,215.25999,6108820
2025-07-24 11:30:00,215.2616,215.49001,214.2,214.34,4945138
2025-07-24 12:30:00,214.34,215.2,214.28,214.78999,2987772
2025-07-24 13:30:00,214.78999,215.2,214.56,214.735,2538966
2025-07-24 14:30:00,214.73891,215.020004,214.33,214.81,3138944
2025-07-24 15:30:00,214.811,214.94,213.72,213.75999,5843431
2025-07-25 09:30:00,214.7,214.86,213.74001,214.5853,10049768
2025-07-25 10:30:00,214.59,215.24001,214.21001,214.50999,5133351
2025-07-25 11:30:00,214.5,214.64,214.050003,214.3896,5282528
2025-07-25 12:30:00,214.39,214.59,214.039993,214.17,2636543
2025-07-25 13:30:00,214.17039,214.50999,213.82001,213.89,3060915
2025-07-25 14:30:00,213.91,214.0099945,213.39999,213.5,2957957
2025-07-25 15:30:00,213.505,214.0,213.49001,213.96001,4400863
2025-07-28 09:30:00,214.029999,214.74001,213.58,214.52,7838862
2025-07-28 10:30:00,214.535,214.845,214.1223,214.435,3872401
2025-07-28 11:30:00,214.44,214.75,214.28999,214.53999,2580952
2025-07-28 12:30:00,214.535,214.575,213.41499,213.645,3975039
2025-07-28 13:30:00,213.63499,214.020004,213.62,213.8,2392173
2025-07-28 14:30:00,213.82001,213.83,213.059998,213.42999,4397176
2025-07-28 15:30:00,213.42,214.050003,213.32001,214.039993,3976187
2025-07-29 09:30:00,214.16,214.81,211.50999,213.050003,11818861
2025-07-29 10:30:00,213.039993,213.24831,211.89,211.89999,5430052
2025-07-29 11:30:00,211.881,212.92999,211.7,212.0,4842502
2025-07-29 12:30:00,211.99001,212.39,210.825,212.2,4558639
2025-07-29 13:30:00,212.21001,212.39,211.815,211.96001,3024877
2025-07-29 14:30:00,211.965,212.44,211.60001,211.89,3376083
2025-07-29 15:30:00,211.89,211.91,211.054504,211.35001,4836491
2025-07-30 09:30:00,211.895,212.39,210.020004,210.61,7457383
2025-07-30 10:30:00,210.62,210.72,209.62,209.715,3740789
2025-07-30 11:30:00,209.72,210.42,209.57001,210.12,2797713
2025-07-30 12:30:00,210.11,210.17,209.32001,209.7565,2841873
2025-07-30 13:30:00,209.75,210.1499,209.48,209.855,3212089
2025-07-30 14:30:00,209.855,210.14,207.72,208.52,5902392
2025-07-30 15:30:00,208.50999,209.10989,208.13,209.020004,4211968
2025-07-31 09:30:00,208.38,209.6815,207.825,208.84241,11337524
2025-07-31 10:30:00,208.86,209.55,208.070007,208.28281,6709067
2025-07-31 11:30:00,208.27,209.0,208.17,208.9545,4573826
2025-07-31 12:30:00,208.95,209.84,208.5,208.66499,5149802
2025-07-31 13:30:00,208.66499,208.92,207.59,208.61,5001721
2025-07-31 14:30:00,208.61,209.38429,208.49001,208.5699,6111529
2025-07-31 15:30:00,208.57001,208.85001,207.16,207.61,8246453
2025-08-01 09:30:00,210.84,213.58,204.37,205.36,29330279
2025-08-01 10:30:00,205.33,205.73,203.070007,203.44,11748154
2025-08-01 11:30:00,203.42,204.59,202.64999,202.75,9260890
2025-08-01 12:30:00,202.75999,203.28951,201.5,201.9825,8501358
2025-08-01 13:30:00,201.9801,203.73,201.6301,203.55,8026633
2025-08-01 14:30:00,203.55,204.3212,202.89999,203.19,7684390
2025-08-01 15:30:00,203.17999,203.24001,202.17,202.27,8416967
2025-08-04 09:30:00,204.505,206.84,204.19501,206.75999,13432036
2025-08-04 10:30:00,206.75999,207.88,205.74001,205.77,8818623
2025-08-04 11:30:00,205.75999,205.88,203.92999,203.935,5759426
2025-08-04 12:30:00,203.94,204.48,203.86501,204.14999,5046794
2025-08-04 13:30:00,204.14,204.22,203.41,203.42999,4659225
2025-08-04 14:30:00,203.44,203.53,202.070007,202.325,10594574
2025-08-04 15:30:00,202.33,203.45,201.675,203.34,8673869
2025-08-05 09:30:00,203.435,204.55499,202.16,204.53,9849014
2025-08-05 10:30:00,204.535,205.34,203.905,204.63,6466189
2025-08-05 11:30:00,204.62,204.69,203.44,203.71001,3782674
2025-08-05 12:30:00,203.71001,204.17,203.089996,204.035004,3720976
2025-08-05 13:30:00,204.050003,204.3,203.75999,203.87,2677706
2025-08-05 14:30:00,203.86,203.97,203.19009,203.33501,3354757
2025-08-05 15:30:00,203.34,203.41,202.67,202.92999,3784751
2025-08-06 09:30:00,205.60001,211.14999,205.59,210.75999,24201133
2025-08-06 10:30:00,210.75999,214.34,210.63,214.22501,15618173
2025-08-06 11:30:00,214.22501,214.99001,213.67,214.49989,15397308
2025-08-06 12:30:00,214.5197,214.88989,213.869,214.53999,7331995
2025-08-06 13:30:00,214.515,215.38,214.089996,214.60249,8218314
2025-08-06 14:30:00,214.61,214.795,213.75,213.875,7181809
2025-08-06 15:30:00,213.88499,214.42,212.81,213.25,9553119
2025-08-07 09:30:00,218.875,220.33,216.58,218.27,30765656
2025-08-07 10:30:00,218.2863,220.13,217.64999,219.629,11957311
2025-08-07 11:30:00,219.62,220.34,219.42,219.91499,9896825
2025-08-07 12:30:00,219.92,220.21001,213.25,218.71001,7182645
2025-08-07 13:30:00,218.72,219.73,218.7101,219.5,4729353
2025-08-07 14:30:00,219.49001,220.85001,219.2435,219.30009,9312135
2025-08-07 15:30:00,219.3045,220.2,219.25,220.13,6898669
2025-08-08 09:30:00,220.82001,223.10001,219.25,222.78169,15552244
2025-08-08 10:30:00,222.78,224.63,222.63,224.36,10674558
2025-08-08 11:30:00,224.355,228.22501,224.31,228.2,17035169
2025-08-08 12:30:00,228.20979,230.91,227.9436,228.675,25554276
2025-08-08 13:30:00,228.67,230.99001,228.55,229.28999,12552865
2025-08-08 14:30:00,229.2916,229.8799,228.50999,228.83,11212305
2025-08-08 15:30:00,228.82001,229.69,228.46001,229.37,11188500
2025-08-11 09:30:00,226.75,228.73,224.76241,226.77499,16200328
2025-08-11 10:30:00,226.78999,227.89,226.10001,227.47,7977854
2025-08-11 11:30:00,227.47,229.56,227.47,228.73,7420183
2025-08-11 12:30:00,228.735,229.099899,228.0,228.10001,4120877
2025-08-11 13:30:00,228.089996,228.19501,227.0099945,227.735,5313497
2025-08-11 14:30:00,227.75999,227.96001,227.10001,227.64999,7584927
2025-08-11 15:30:00,227.65919,227.69501,226.64,227.205,5849057
2025-08-12 09:30:00,228.0050049,229.9399,227.10001,228.57001,12606943
2025-08-12 10:30:00,228.59,230.5865,228.25999,229.73,10092499
2025-08-12 11:30:00,229.7299,230.11,228.32001,229.78,4868374
2025-08-12 12:30:00,229.78,230.78,229.66,229.77499,5072601
2025-08-12 13:30:00,229.7701,230.55,229.45,229.57001,3593400
2025-08-12 14:30:00,229.58,229.61,228.92,229.183,3327871
2025-08-12 15:30:00,229.17,230.10001,229.059998,229.64999,4734707
2025-08-13 09:30:00,231.070007,232.72,230.42999,231.81,14738656
2025-08-13 10:30:00,231.81,234.55,231.67999,232.28999,11605576
2025-08-13 11:30:00,232.28,233.39729,232.030197,233.095001,5966244
2025-08-13 12:30:00,233.070007,233.36,231.5601,232.455,5417224
2025-08-13 13:30:00,232.45,234.99001,232.020004,232.925,8137347
2025-08-13 14:30:00,232.94,233.91,230.8,233.58501,9192848
2025-08-13 15:30:00,233.58501,234.33,233.11,233.33,5738352
2025-08-14 09:30:00,234.054993,235.11,231.6702,232.21001,16052941
2025-08-14 10:30:00,232.205,232.46001,230.85001,231.7402,6624676
2025-08-14 11:30:00,231.75,232.295,230.91,232.0099945,4323697
2025-08-14 12:30:00,232.020004,233.14,231.9688,232.92731,3209373
2025-08-14 13:30:00,232.92999,233.13,232.32001,232.73,3634219
2025-08-14 14:30:00,232.71001,233.49001,232.44,232.94501,4523178
2025-08-14 15:30:00,232.92999,233.50999,232.69,232.83,4542543
2025-08-15 09:30:00,233.73,234.22141,231.55009,232.17,11603282
2025-08-15 10:30:00,232.16141,232.28999,230.47,231.070007,5319424
2025-08-15 11:30:00,231.070007,231.455,230.61971,230.74001,3957281
2025-08-15 12:30:00,230.7442,231.22501,230.23,230.57001,6137966
2025-08-15 13:30:00,230.56,231.2899,229.36,230.85001,4535672
2025-08-15 14:30:00,230.86,231.5,230.48,231.36,6170754
2025-08-15 15:30:00,231.37,231.77,231.020004,231.64999,4696096
2025-08-18 09:30:00,231.78,233.12,230.61,230.66,9378520
2025-08-18 10:30:00,230.62,231.22,230.37,230.86,4738486
2025-08-18 11:30:00,230.86501,231.10001,230.5,230.67999,2959031
2025-08-18 12:30:00,230.67999,231.14999,230.11,231.070007,2944837
2025-08-18 13:30:00,231.080002,231.67,230.89999,231.145,3270491
2025-08-18 14:30:00,231.14999,231.675,231.10001,231.22501,2886450
2025-08-18 15:30:00,231.22,231.55,230.88,230.88,2842575
2025-08-19 09:30:00,231.27499,232.86501,230.59,231.83,7589938
2025-08-19 10:30:00,231.82001,232.27,230.47,231.3226,5331365
2025-08-19 11:30:00,231.32001,231.66,231.054993,231.30991,3317736
2025-08-19 12:30:00,231.28,231.33,230.059998,230.625,3326154
2025-08-19 13:30:00,230.62,230.89999,229.87,230.050003,3163874
2025-08-19 14:30:00,230.024994,230.19,229.35001,230.185,3535859
2025-08-19 15:30:00,230.185,230.69,229.99001,230.53999,3980557
2025-08-20 09:30:00,229.97,230.46989,226.5,226.72009,10654146
2025-08-20 10:30:00,226.74001,227.55,226.11,227.33501,4855593
2025-08-20 11:30:00,227.33,227.37,226.41,227.1346,3599979
2025-08-20 12:30:00,227.13,227.16,225.89,226.295,3171568
2025-08-20 13:30:00,226.3,226.83,225.77,225.9901,2697011
2025-08-20 14:30:00,225.99001,226.73,225.87,226.44501,3388687
2025-08-20 15:30:00,226.44,227.0,225.92999,225.96001,4504957
2025-08-21 09:30:00,226.28,226.52,224.67999,225.5799,6263260
2025-08-21 10:30:00,225.5273,225.58501,224.5101,225.13,3627965
2025-08-21 11:30:00,225.13499,225.84,224.8,224.83,2756586
2025-08-21 12:30:00,224.83,225.0099945,223.7804,224.175,3327885
2025-08-21 13:30:00,224.17081,224.7785,224.16,224.23,2428717
2025-08-21 14:30:00,224.2235,225.054993,224.094193,224.88,2704582
2025-08-21 15:30:00,224.89999,225.25,224.3884,224.91,3977376
2025-08-22 09:30:00,226.17,228.19,225.41,227.95,8240998
2025-08-22 10:30:00,227.97,228.72,227.8,228.059998,5233127
2025-08-22 11:30:00,228.039993,228.435,226.925,227.1693,3180455
2025-08-22 12:30:00,227.17,229.089996,227.070007,228.61,4947377
2025-08-22 13:30:00,228.6274,228.6274,227.78,227.87,4653621
2025-08-22 14:30:00,227.88,228.51981,227.785,227.85001,4051520
2025-08-22 15:30:00,227.84,228.31,227.44,227.75,4139072
2025-08-25 09:30:00,226.405,229.12,226.24001,228.81,8000835
2025-08-25 10:30:00,228.77,229.24001,228.28999,228.565,4318256
2025-08-25 11:30:00,228.57001,229.3,228.50011,228.53999,2427231
2025-08-25 12:30:00,228.53999,228.75999,228.32001,228.435,2355527
2025-08-25 13:30:00,228.435,228.655,227.74001,227.88499,2684903
2025-08-25 14:30:00,227.875,227.905,227.44501,227.5984,2661985
2025-08-25 15:30:00,227.60001,227.72,227.12,227.14999,3262464
2025-08-26 09:30:00,226.87,227.050003,224.69,226.5,7799571
2025-08-26 10:30:00,226.50999,227.2999,226.28999,226.96159,3785331
2025-08-26 11:30:00,226.965,227.7,226.55,227.5705,4519154
2025-08-26 12:30:00,227.56,228.17,227.42,228.1116,2684567
2025-08-26 13:30:00,228.11,228.50999,227.735,228.35921,2399616
2025-08-26 14:30:00,228.36,228.62,227.77,228.56821,2604761
2025-08-26 15:30:00,228.57001,229.49001,227.72501,229.3,5151468
2025-08-27 09:30:00,228.58,230.25,228.295,230.014999,7840101
2025-08-27 10:30:00,230.029999,230.7,229.48,229.5741,4445165
2025-08-27 11:30:00,229.57001,230.087997,229.31,229.87,2490171
2025-08-27 12:30:00,229.89,230.089996,229.60001,229.84,1919036
2025-08-27 13:30:00,229.84,230.67999,229.8,230.625,2268584
2025-08-27 14:30:00,230.62,230.63499,229.72,230.13251,2256272
2025-08-27 15:30:00,230.125,230.89999,230.12,230.44,3801508
2025-08-28 09:30:00,230.81,230.89999,229.33501,230.4158,8017521
2025-08-28 10:30:00,230.4301,231.89999,230.35001,230.95,3919070
2025-08-28 11:30:00,230.96001,232.355,230.9482,232.28999,3117170
2025-08-28 12:30:00,232.28,233.12,232.080002,233.0,3773992
2025-08-28 13:30:00,233.0099945,233.41,232.83009,232.9192,3045856
2025-08-28 14:30:00,232.92,233.17,232.69,232.97501,2740378
2025-08-28 15:30:00,232.97501,233.33,232.48,232.49001,4913603
2025-08-29 09:30:00,232.56,233.3613,231.37,232.8096,8795007
2025-08-29 10:30:00,232.80499,233.16,232.5,232.96001,3599986
2025-08-29 11:30:00,232.985,233.029999,231.39999,232.5,4414822
2025-08-29 12:30:00,232.50999,232.96001,231.98,232.029999,2677553
2025-08-29 13:30:00,232.032501,232.575,231.97,232.17999,3415896
2025-08-29 14:30:00,232.19,232.75,232.0,232.35429,2433703
2025-08-29 15:30:00,232.35001,232.83771,231.48,232.27,4673659
2025-09-02 09:30:00,229.7,230.78,227.69,230.60001,9687341
2025-09-02 10:30:00,230.60001,230.75,227.5284,227.82899,5124954
2025-09-02 11:30:00,227.82001,228.1469,227.17,227.85001,3136378
2025-09-02 12:30:00,227.8437,228.54539,227.64999,228.41,2530443
2025-09-02 13:30:00,228.42,229.34,228.33,228.39999,2346892
2025-09-02 14:30:00,228.39999,229.080002,226.97,228.94,3504389
2025-09-02 15:30:00,228.9247,230.0,228.895,229.71001,4687318
2025-09-03 09:30:00,237.2,237.97,234.37,236.83,23907992
2025-09-03 10:30:00,236.8139,237.60001,235.99001,236.011002,8284903
2025-09-03 11:30:00,236.020004,236.82001,235.49001,236.49001,4830748
2025-09-03 12:30:00,236.4998,237.89999,236.44,237.4272,4651843
2025-09-03 13:30:00,237.425,237.44,236.63,236.91,4344650
2025-09-03 14:30:00,236.89999,237.45,236.77,237.155,4834362
2025-09-03 15:30:00,237.15581,238.71001,237.15041,238.49001,8891635
2025-09-04 09:30:00,238.45,239.8932,237.039993,237.69,12016131
2025-09-04 10:30:00,237.67999,238.10001,237.074997,237.39999,5223309
2025-09-04 11:30:00,237.39,237.67461,236.74001,237.16,3678939
2025-09-04 12:30:00,237.14999,238.089996,236.97,238.039993,3071522
2025-09-04 13:30:00,238.0401,238.39,237.50999,238.059998,5093419
2025-09-04 14:30:00,238.070007,238.98,237.88,238.7045,3814924
2025-09-04 15:30:00,238.7,239.8999,238.49001,239.71001,5942248
2025-09-05 09:30:00,239.99001,241.32001,239.12,239.285,17499270
2025-09-05 10:30:00,239.25,240.17,238.64,239.80499,6538203
2025-09-05 11:30:00,239.82001,240.315,238.52,238.77,4219870
2025-09-05 12:30:00,238.78,239.72501,238.4901,239.625,3993359
2025-09-05 13:30:00,239.6485,239.64999,238.73,239.12,2784543
2025-09-05 14:30:00,239.12,240.13,239.10001,239.925,5197093
2025-09-05 15:30:00,239.92999,240.014999,239.059998,239.67,4874234
2025-09-08 09:30:00,239.3,240.14999,238.74001,239.23,11885388
2025-09-08 10:30:00,239.22,239.57001,238.61501,238.7,5248756
2025-09-08 11:30:00,238.69501,238.7883,237.60001,237.73,4448853
2025-09-08 12:30:00,237.72,237.8799,236.34,237.8058,4717107
2025-09-08 13:30:00,237.80991,237.955,237.105,237.16499,4114279
2025-09-08 14:30:00,237.155,237.24989,236.61,237.11,3761415
2025-09-08 15:30:00,237.11501,238.0099945,236.90421,237.92,5177199
2025-09-09 09:30:00,237.0,238.0,236.074997,236.3101,7890752
2025-09-09 10:30:00,236.31,236.67999,235.78,236.22501,4277475
2025-09-09 11:30:00,236.23,236.25999,235.55,236.0,4300130
2025-09-09 12:30:00,236.0,238.7805,235.825,237.75,9674704
2025-09-09 13:30:00,237.75999,238.10001,233.67,234.52859,16074676
2025-09-09 14:30:00,234.55,234.69,233.37,234.31,9553822
2025-09-09 15:30:00,234.31,234.63499,233.515,234.35001,6317179
2025-09-10 09:30:00,232.024994,232.34,227.55,228.108,22167235
2025-09-10 10:30:00,228.11,228.34641,227.020004,227.039993,11560546
2025-09-10 11:30:00,227.039993,228.054993,226.2401,227.7386,10156861
2025-09-10 12:30:00,227.745,227.7899,226.62,226.80499,6579251
2025-09-10 13:30:00,226.8,227.085007,226.35001,227.059998,6214643
2025-09-10 14:30:00,227.054993,227.35001,226.17999,226.185,6166050
2025-09-10 15:30:00,226.185,227.10001,225.95219,226.78,7727491
2025-09-11 09:30:00,226.875,229.185,226.64999,228.94,13821091
2025-09-11 10:30:00,228.94,229.32001,228.32021,228.74001,6721728
2025-09-11 11:30:00,228.75,228.78,228.029999,228.61,3513968
2025-09-11 12:30:00,228.60001,229.53999,228.31,229.4725,3516399
2025-09-11 13:30:00,229.47,230.16,229.17999,229.46001,4663505
2025-09-11 14:30:00,229.465,230.1508,229.41,229.85001,3884806
2025-09-11 15:30:00,229.84,230.45,229.83501,230.020004,5627999
2025-09-12 09:30:00,230.0,234.078003,229.020004,234.070007,14988292
2025-09-12 10:30:00,234.080002,234.50999,233.36,234.095001,8044876
2025-09-12 11:30:00,234.089996,234.49001,233.621,233.96941,4710781
2025-09-12 12:30:00,233.9637,233.965,233.0,233.235,4969404
2025-09-12 13:30:00,233.22,233.87,233.21851,233.53999,3203879
2025-09-12 14:30:00,233.53999,234.45,233.029999,233.7755,6970851
2025-09-12 15:30:00,233.78,234.28999,233.50999,234.059998,5874733
2025-09-15 09:30:00,237.0,238.19,235.029999,236.215,14134217
2025-09-15 10:30:00,236.21001,237.020004,235.66,236.82001,5019754
2025-09-15 11:30:00,236.815,237.3,236.47,236.57001,3686503
2025-09-15 12:30:00,236.5649,236.5905,235.7,235.75999,2964448
2025-09-15 13:30:00,235.75,236.14,235.58,235.64,2953754
2025-09-15 14:30:00,235.63499,236.34,235.27,235.97,3570486
2025-09-15 15:30:00,235.97,236.78999,235.67999,236.75999,4732529
2025-09-16 09:30:00,237.0,241.22,236.3235,239.53,14419277
2025-09-16 10:30:00,239.53,239.85001,238.245,239.5929,5338278
2025-09-16 11:30:00,239.58009,239.58009,238.465,239.19501,3100557
2025-09-16 12:30:00,239.2,239.39999,238.89999,239.085602,2224680
2025-09-16 13:30:00,239.10001,239.11,238.13,238.92999,2717104
2025-09-16 14:30:00,238.94,239.60001,238.81,238.93829,3145293
2025-09-16 15:30:00,238.94,239.42,238.080093,238.14,20451492
2025-09-17 09:30:00,238.97,240.10001,238.78999,239.63,9926684
2025-09-17 10:30:00,239.64,240.0099945,239.2,239.48,4002310
2025-09-17 11:30:00,239.485,239.78,239.28,239.6743,3170671
2025-09-17 12:30:00,239.67999,239.77,239.35001,239.52,2892623
2025-09-17 13:30:00,239.52,239.82001,238.45,239.56,4570049
2025-09-17 14:30:00,239.55,239.63,237.7301,239.26289,5910219
2025-09-17 15:30:00,239.27,239.28,238.48,238.97,4226195
2025-09-18 09:30:00,239.95,241.2,236.64999,237.56,11453464
2025-09-18 10:30:00,237.565,238.795,237.315,238.19,4587899
2025-09-18 11:30:00,238.21001,238.53999,237.35001,237.94,3609143
2025-09-18 12:30:00,237.95,238.2,237.64,237.88,3556108
2025-09-18 13:30:00,237.87,238.10001,237.21021,237.8018,3010288
2025-09-18 14:30:00,237.81,237.9464,237.25011,237.45,3540701
2025-09-18 15:30:00,237.455,238.11,237.435,237.85001,4049383
2025-09-19 09:30:00,241.175,242.59,240.2106,241.14999,29622491
2025-09-19 10:30:00,241.14999,243.16,241.059998,242.28,10143358
2025-09-19 11:30:00,242.2737,244.56911,242.049194,244.52,9031105
2025-09-19 12:30:00,244.5125,245.92,244.26871,245.2438,12269832
2025-09-19 13:30:00,245.24001,246.2699,244.89999,245.48849,9746967
2025-09-19 14:30:00,245.485,246.10001,245.19099,245.61,7490411
2025-09-19 15:30:00,245.60001,246.3,244.74001,245.28999,12986528
2025-09-22 09:30:00,248.34,252.735,248.17,252.6716,27825122
2025-09-22 10:30:00,252.66,256.079987,252.080002,255.78979,16983776
2025-09-22 11:30:00,255.77,256.63,253.58,253.72,16047694
2025-09-22 12:30:00,253.73,254.73,253.16,254.5929,8453992
2025-09-22 13:30:00,254.58,255.25999,253.89999,255.24001,5242129
2025-09-22 14:30:00,255.245,256.059998,254.7347,255.78999,8214973
2025-09-22 15:30:00,255.80499,256.26001,255.61501,256.089996,9091926
2025-09-23 09:30:00,256.5,257.34,255.28,256.61731,11263642
2025-09-23 10:30:00,256.60999,256.70001,255.0099945,256.10001,5490061
2025-09-23 11:30:00,256.13,256.20999,255.35001,255.7269,3232527
2025-09-23 12:30:00,255.72009,255.85001,254.39999,254.67,2847437
2025-09-23 13:30:00,254.66,254.961,253.92999,254.64,16280935
2025-09-23 14:30:00,254.64,254.84,253.59,254.16991,4692554
2025-09-23 15:30:00,254.16,254.53,253.67,254.53,5076635
2025-09-24 09:30:00,255.0,255.37,252.080002,252.62199,6502958
2025-09-24 10:30:00,252.625,252.99001,251.53999,252.12,3291728
2025-09-24 11:30:00,252.12,252.25999,251.039993,252.16499,7561218
2025-09-24 12:30:00,252.1714,252.25999,251.34,251.49001,1637321
2025-09-24 13:30:00,251.515,252.11,251.28,251.765,1622724
2025-09-24 14:30:00,251.75,251.78999,251.24001,251.39,1680916
2025-09-24 15:30:00,251.39,252.49001,251.28999,252.24001,11458612
2025-09-25 09:30:00,253.0,254.12,251.71201,254.0,11441844
2025-09-25 10:30:00,254.00010681,254.13879,253.029999,253.50011,7697922
2025-09-25 11:30:00,253.50011,253.91,252.3,252.5303,8110562
2025-09-25 12:30:00,252.53999,253.88,252.5,253.5,9406963
2025-09-25 13:30:00,253.49001,254.59,252.85001,254.56,2634795
2025-09-25 14:30:00,254.55,257.17001,254.23,256.95999,7107739
2025-09-25 15:30:00,256.95001,257.10999,255.42,256.94,28423863
2025-09-26 09:30:00,254.0,256.60001,253.78,255.020004,8034498
2025-09-26 10:30:00,255.020004,255.99001,254.5712,255.97009,3714841
2025-09-26 11:30:00,255.97,256.040009,254.86,255.66499,2276774
2025-09-26 12:30:00,255.66,256.97501,255.48,256.51999,2086042
2025-09-26 13:30:00,256.51999,257.35999,255.86,256.55499,2653513
2025-09-26 14:30:00,256.565,256.72989,255.49001,255.645,2089315
2025-09-26 15:30:00,255.64,255.6498,254.89999,255.46001,3021515
2025-09-29 09:30:00,254.0,254.5,253.0099945,254.21989,6306062
2025-09-29 10:30:00,254.205,254.24001,253.31,253.47,2834864
2025-09-29 11:30:00,253.46651,254.070007,253.12,253.66,2275242
2025-09-29 12:30:00,253.67,253.77991,253.21001,253.39999,1744854
2025-09-29 13:30:00,253.39,254.61501,253.13,254.57001,2297052
2025-09-29 14:30:00,254.57001,254.60001,253.61,253.99001,2057798
2025-09-29 15:30:00,253.99001,254.83,253.94,254.35001,2513071
2025-09-30 09:30:00,255.0,255.91901,253.96001,254.8862,5901532
2025-09-30 10:30:00,254.91,255.675,253.8201,254.22,2465164
2025-09-30 11:30:00,254.21001,254.97,254.1601,254.5351,1531480
2025-09-30 12:30:00,254.5506,254.67,253.31171,253.735,1623333
2025-09-30 13:30:00,253.75999,253.99001,253.11,253.34,1664288
2025-09-30 14:30:00,253.34,254.24001,253.271,253.95,8269898
2025-09-30 15:30:00,253.96001,255.17999,253.81,254.56,3030681
2025-10-01 09:30:00,255.25,258.79001,255.050003,256.16141,9677443
2025-10-01 10:30:00,256.17999,256.259,255.10001,255.52451,2972074
2025-10-01 11:30:00,255.53011,256.92001,255.50999,256.16,2338742
2025-10-01 12:30:00,256.1636,256.8298,255.855,256.14041,1826687
2025-10-01 13:30:00,256.16501,256.68591,256.059998,256.48499,10115926
2025-10-01 14:30:00,256.48001,256.94,255.87,255.94,2751615
2025-10-01 15:30:00,255.94,256.14001,255.28,255.41,4879162
2025-10-02 09:30:00,256.59,257.29999,254.14999,256.22009,11570169
2025-10-02 10:30:00,256.23001,257.64001,255.97,257.16501,4800305
2025-10-02 11:30:00,257.14999,258.17999,256.72101,257.345,4388406
2025-10-02 12:30:00,257.345,257.8226,257.11389,257.41,2290319
2025-10-02 13:30:00,257.39001,257.91,257.029999,257.88,2476632
2025-10-02 14:30:00,257.87,258.16,257.375,257.51001,4612702
2025-10-02 15:30:00,257.51001,257.875,256.88,257.14001,5100991
2025-10-03 09:30:00,254.66499,259.040009,253.96001,257.85001,16330310
2025-10-03 10:30:00,257.85999,258.73999,257.51999,258.51001,4452948
2025-10-03 11:30:00,258.49301,259.23999,258.25711,258.54871,4828730
2025-10-03 12:30:00,258.54001,258.92999,258.12,258.31,3408741
2025-10-03 13:30:00,258.29999,258.59,256.95999,258.37,5459239
2025-10-03 14:30:00,258.37,258.58499,257.85001,257.92001,3050327
2025-10-03 15:30:00,257.92001,258.26001,257.4035,258.015015,4468054
2025-10-06 09:30:00,257.94501,259.070007,255.050003,257.78,11669158
2025-10-06 10:30:00,257.79999,257.98001,257.28,257.5513,3447400
2025-10-06 11:30:00,257.565,257.67001,256.76999,257.13,3501833
2025-10-06 12:30:00,257.13,257.48001,256.13049,256.56,2877222
2025-10-06 13:30:00,256.54999,256.68121,255.5,256.185,5922536
2025-10-06 14:30:00,256.18021,256.66,256.065002,256.51001,2693724
2025-10-06 15:30:00,256.51001,257.25,256.45999,256.64999,3577742
2025-10-07 09:30:00,256.82001,257.39999,256.28,256.67999,6425357
2025-10-07 10:30:00,256.67001,257.10791,255.60001,256.379,4534986
2025-10-07 11:30:00,256.39001,256.84979,255.89,256.33841,3693772
2025-10-07 12:30:00,256.32999,256.66,255.7543,255.89,2335693
2025-10-07 13:30:00,255.86,256.14999,255.42999,256.069885,2294433
2025-10-07 14:30:00,256.070007,256.30151,255.9101,256.019989,2361474
2025-10-07 15:30:00,256.019989,256.62,255.92,256.48999,3978516
2025-10-08 09:30:00,256.53,258.19,256.10999,257.84,8459277
2025-10-08 10:30:00,257.85999,258.45499,257.20001,258.040009,4427277
2025-10-08 11:30:00,258.054993,258.51999,257.56,258.20001,2832234
2025-10-08 12:30:00,258.19,258.32501,257.625,257.92499,2099955
2025-10-08 13:30:00,257.92499,258.20001,257.64999,257.91501,2280625
2025-10-08 14:30:00,257.89999,258.42999,257.73999,258.25,2564469
2025-10-08 15:30:00,258.23999,258.48999,257.88,258.029999,4214118
2025-10-09 09:30:00,257.775,258.0,254.78,254.98,8900363
2025-10-09 10:30:00,254.89,255.23,254.5701,254.65,4669587
2025-10-09 11:30:00,254.62,254.75,253.77,253.99,4697624
2025-10-09 12:30:00,253.985,254.04,253.19,253.4576,2841681
2025-10-09 13:30:00,253.41,253.84,253.14,253.435,2537072
2025-10-09 14:30:00,253.42,254.11,253.32,253.78,4134551
2025-10-09 15:30:00,253.77,254.27,253.56,254.03,3387517
2025-10-10 09:30:00,254.87,256.37,254.44,255.087997,13007397
2025-10-10 10:30:00,255.039993,255.34,248.95,249.41,14151116
2025-10-10 11:30:00,249.125,249.94501,247.75999,248.61,9642459
2025-10-10 12:30:00,248.59,249.059998,247.059998,247.81,4394995
2025-10-10 13:30:00,247.77,248.57001,247.080002,247.16,4882982
2025-10-10 14:30:00,247.1371,247.31,245.815,246.16499,5426839
2025-10-10 15:30:00,246.17,246.99001,244.7,245.31,8510251
2025-10-13 09:30:00,249.38,249.49001,245.56,246.37601,9359382
2025-10-13 10:30:00,246.37,248.6599,246.23,248.5903,5816790
2025-10-13 11:30:00,248.62,249.62,248.36,249.17999,3115587
2025-10-13 12:30:00,249.17,249.6893,248.55,249.1042,2298264
2025-10-13 13:30:00,249.089996,249.32001,248.688,249.14619,2175748
2025-10-13 14:30:00,249.14,249.24001,248.13,248.32001,2310709
2025-10-13 15:30:00,248.32001,248.59,247.33,247.59,3786722
2025-10-14 09:30:00,246.61501,247.23,244.7,247.020004,6901149
2025-10-14 10:30:00,247.0,247.74989,246.12,246.214,3292430
2025-10-14 11:30:00,246.23,247.75,246.17,247.39,2724013
2025-10-14 12:30:00,247.39,248.0354,247.38499,247.798,2048766
2025-10-14 13:30:00,247.81,247.82001,247.17999,247.485,2132596
2025-10-14 14:30:00,247.49001,248.75,247.14439,248.42,3822730
2025-10-14 15:30:00,248.42999,248.845,246.73,247.85001,4482259
2025-10-15 09:30:00,249.38,251.82001,248.64,250.85001,8184751
2025-10-15 10:30:00,250.87,251.46919,249.8,249.85989,3430819
2025-10-15 11:30:00,249.82001,250.049698,248.72,249.77499,2879510
2025-10-15 12:30:00,249.78,249.94991,247.48,248.0905,2290291
2025-10-15 13:30:00,248.105,249.8,248.050003,249.647,1934212
2025-10-15 14:30:00,249.64999,250.10001,249.48,249.92,2139459
2025-10-15 15:30:00,249.92999,250.070007,248.17,249.42999,4229173
2025-10-16 09:30:00,248.27,248.38,246.17999,247.50999,9564057
2025-10-16 10:30:00,247.49001,249.039993,247.4817,248.235,4826932
2025-10-16 11:30:00,248.17,248.6631,247.035004,247.72,3305994
2025-10-16 12:30:00,247.7001,247.77209,246.039993,247.22,4045208
2025-10-16 13:30:00,247.22,247.42,245.25999,245.66,3995746
2025-10-16 14:30:00,245.64,247.020004,245.13,246.55,3603265
2025-10-16 15:30:00,246.56,247.91,246.35001,247.42999,3734949
2025-10-17 09:30:00,248.020004,250.32001,247.27,249.5601,11142993
2025-10-17 10:30:00,249.644,249.86,248.23,248.48,3459331
2025-10-17 11:30:00,248.48,250.35001,248.097198,250.29649,4277714
2025-10-17 12:30:00,250.2933,251.36,250.27521,250.815,6063960
2025-10-17 13:30:00,250.8,252.535,250.245,252.3,3952984
2025-10-17 14:30:00,252.28239,252.82001,251.7,252.75999,3982655
2025-10-17 15:30:00,252.75,253.38,252.12,252.3,7247788
2025-10-20 09:30:00,255.88499,259.87,255.63,259.505,19526731
2025-10-20 10:30:00,259.48999,263.54999,259.070007,262.57001,20690049
2025-10-20 11:30:00,262.54999,264.375,262.41751,263.48999,13764809
2025-10-20 12:30:00,263.48001,264.20999,262.64999,263.16501,8089517
2025-10-20 13:30:00,263.17999,263.82999,262.79001,263.73001,4756799
2025-10-20 14:30:00,263.73999,263.81,263.040009,263.42001,5462910
2025-10-20 15:30:00,263.44,263.85001,261.92999,262.23001,8021467
2025-10-21 09:30:00,261.88,265.29001,261.88,263.49991,17003580
2025-10-21 10:30:00,263.45999,263.82999,262.51001,263.66199,4721265
2025-10-21 11:30:00,263.67001,264.535,263.080109,263.17001,5514253
2025-10-21 12:30:00,263.16,263.6799,262.8475,263.32651,2671606
2025-10-21 13:30:00,263.32581,264.049988,262.14999,263.44989,3718095
2025-10-21 14:30:00,263.44958,263.73819,262.95001,263.084991,3430980
2025-10-21 15:30:00,263.095001,263.20999,262.47,262.84,3493018
2025-10-22 09:30:00,262.79001,262.85001,259.72,260.049896,10285470
2025-10-22 10:30:00,260.0,261.13,257.64011,258.4299,5930214
2025-10-22 11:30:00,258.45001,259.48999,258.049988,258.54999,3763921
2025-10-22 12:30:00,258.54999,258.76999,256.29999,256.69141,4679141
2025-10-22 13:30:00,256.67001,257.079803,255.42999,256.55099,4221043
2025-10-22 14:30:00,256.54999,257.67999,256.14001,257.51001,3195141
2025-10-22 15:30:00,257.51999,258.81,257.42999,258.42999,4263522
2025-10-23 09:30:00,259.89001,260.1799,258.010101,259.47989,6251007
2025-10-23 10:30:00,259.42001,259.67999,258.73001,259.39999,2852790
2025-10-23 11:30:00,259.39999,260.6199,259.083405,260.040009,3168121
2025-10-23 12:30:00,260.049988,260.54999,259.51999,259.85999,2574209
2025-10-23 13:30:00,259.88,260.42499,259.82999,259.97,3320192
2025-10-23 14:30:00,259.97,260.019989,259.62,259.89999,2237171
2025-10-23 15:30:00,259.91,260.049988,259.079987,259.57999,3143856
2025-10-24 09:30:00,261.19,261.62,259.17999,260.94141,7287527
2025-10-24 10:30:00,260.94,263.35999,260.79001,263.28,5490920
2025-10-24 11:30:00,263.29001,264.029999,262.95001,263.57999,4458666
2025-10-24 12:30:00,263.59,263.70999,262.85001,263.60999,2930456
2025-10-24 13:30:00,263.60999,264.13,263.41,264.019989,2843868
2025-10-24 14:30:00,264.024994,264.10001,263.14999,263.5,3187549
2025-10-24 15:30:00,263.51001,263.66,262.13,262.73999,4742484
2025-10-27 09:30:00,264.88,267.049988,264.65009,265.73001,9319511
2025-10-27 10:30:00,265.73999,266.42001,265.19501,265.70999,4050852
2025-10-27 11:30:00,265.70999,266.089996,265.049988,265.92999,3517895
2025-10-27 12:30:00,265.94,266.125,265.51001,265.62,3331147
2025-10-27 13:30:00,265.63,266.015015,265.51001,265.595,2171755
2025-10-27 14:30:00,265.59,267.39999,265.47,267.27499,4259189
2025-10-27 15:30:00,267.26999,269.079987,267.20999,268.73999,6996092
2025-10-28 09:30:00,269.13501,269.87,268.25,268.64999,11832766
2025-10-28 10:30:00,268.6423,269.14001,268.14999,268.6972,3550384
2025-10-28 11:30:00,268.69501,269.075806,268.35001,268.995,2758052
2025-10-28 12:30:00,268.98001,269.87,268.82001,269.495,3503864
2025-10-28 13:30:00,269.495,269.495,268.79999,269.09021,3181670
2025-10-28 14:30:00,269.10501,269.44,268.78,269.20001,4120349
2025-10-28 15:30:00,269.20001,269.35501,268.60001,269.029999,5339653
2025-10-29 09:30:00,269.27499,271.41,268.70001,270.42001,10209230
2025-10-29 10:30:00,270.41,270.44501,267.51221,267.63,6247839
2025-10-29 11:30:00,267.60999,268.85999,267.10999,268.62,4595121
2025-10-29 12:30:00,268.603,269.93011,268.47009,269.93011,3066081
2025-10-29 13:30:00,269.89001,270.85001,269.79001,270.81,4963178
2025-10-29 14:30:00,270.785,270.92999,268.26001,268.31,5156103
2025-10-29 15:30:00,268.32001,270.38,267.79999,269.73001,4325904
2025-10-30 09:30:00,271.98999,274.14001,268.98999,269.089996,8387840
2025-10-30 10:30:00,269.089996,271.17001,268.48001,270.79001,3886744
2025-10-30 11:30:00,270.78,272.39001,270.26309,272.01001,3869786
2025-10-30 12:30:00,272.0,272.06781,271.040009,271.95001,2409548
2025-10-30 13:30:00,271.95001,272.29999,271.28,271.75,3435055
2025-10-30 14:30:00,271.76001,272.0079956,270.995,271.34,3831349
2025-10-30 15:30:00,271.34,271.67001,271.049988,271.29001,5177440
2025-10-31 09:30:00,276.98999,277.32001,269.16,270.38,17228178
2025-10-31 10:30:00,270.42999,271.55991,270.1001,271.29999,4595066
2025-10-31 11:30:00,271.2999,272.85849,270.22,272.435,4301242
2025-10-31 12:30:00,272.42999,273.17001,270.14999,270.34879,4005527
2025-10-31 13:30:00,270.32999,272.059906,270.10999,271.81,2396660
2025-10-31 14:30:00,271.79001,272.17499,271.26999,272.10501,2901733
2025-10-31 15:30:00,272.13,272.64999,269.95999,270.25,6601078
2025-11-03 09:30:00,270.42001,270.78,266.25,267.63,10223517
2025-11-03 10:30:00,267.64001,268.28,266.5,266.64001,3102546
2025-11-03 11:30:00,266.65991,268.14999,266.52231,267.535,2821699
2025-11-03 12:30:00,267.51999,268.0,267.25,267.67801,2034109
2025-11-03 13:30:00,267.7099,268.62,267.31,267.31,2075268
2025-11-03 14:30:00,267.32001,267.79001,266.91,267.62,2243434
2025-11-03 15:30:00,267.63,269.10999,267.45999,269.059998,3383138
2025-11-04 09:30:00,268.24249,269.59,267.61499,268.42999,11711472
2025-11-04 10:30:00,268.42999,271.0,267.70999,270.60999,3278354
2025-11-04 11:30:00,270.64001,271.48599,268.98001,270.01001,3846826
2025-11-04 12:30:00,270.0050049,270.92999,269.89001,270.6384,2072453
2025-11-04 13:30:00,270.60999,270.82001,269.87,270.51041,2562532
2025-11-04 14:30:00,270.53,270.60999,269.28271,270.090515,2594188
2025-11-04 15:30:00,270.10001,270.405,269.5,270.20999,3522361
2025-11-05 09:30:00,268.59,269.5899,266.92999,269.010101,7995553
2025-11-05 10:30:00,268.98999,270.38,268.76001,270.29001,2169435
2025-11-05 11:30:00,270.28,270.47,269.5,269.97,1631841
2025-11-05 12:30:00,269.97,270.79001,269.92999,270.12,1426592
2025-11-05 13:30:00,270.10999,271.70001,269.76999,270.42999,12590046
2025-11-05 14:30:00,270.41,271.5,269.53,269.60001,8665948
2025-11-05 15:30:00,269.60999,270.39999,268.995,270.10999,11020583
2025-11-06 09:30:00,267.89001,272.82001,267.89001,272.82001,7293287
2025-11-06 10:30:00,272.828,273.39999,271.55011,272.18149,9234383
2025-11-06 11:30:00,272.17999,272.22,270.39001,271.42499,3198033
2025-11-06 12:30:00,271.42001,272.46979,270.92001,271.35001,2621839
2025-11-06 13:30:00,271.37,272.16,271.020386,271.99011,1783486
2025-11-06 14:30:00,272.0050049,272.20001,270.73499,271.20999,10940937
2025-11-06 15:30:00,271.20001,271.5202,269.595,269.64001,3825533
2025-11-07 09:30:00,269.79501,272.29001,267.26999,271.57999,7855390
2025-11-07 10:30:00,271.56,271.97,269.48001,269.53,3991205
2025-11-07 11:30:00,269.51999,269.89001,268.32001,269.10999,3276263
2025-11-07 12:30:00,269.11499,269.14001,268.058807,268.45001,2041690
2025-11-07 13:30:00,268.45001,268.66,267.095001,267.25,2217548
2025-11-07 14:30:00,267.26001,268.5,266.78,267.75989,3921327
2025-11-07 15:30:00,267.76001,268.57999,267.69,268.42001,3276821
2025-11-10 09:30:00,268.95001,273.73001,268.95001,271.85699,7030981
2025-11-10 10:30:00,271.82999,271.98999,269.049988,269.066406,3083676
2025-11-10 11:30:00,269.040009,269.75879,268.48999,269.079987,2346213
2025-11-10 12:30:00,269.070007,270.23001,269.01001,269.73001,1807442
2025-11-10 13:30:00,269.70999,270.30771,267.45499,269.66,3188667
2025-11-10 14:30:00,269.63,269.81,269.049988,269.11859,2248210
2025-11-10 15:30:00,269.10001,269.60001,268.76001,269.35999,2892894
2025-11-11 09:30:00,269.81,274.73999,269.79999,274.10001,9244708
2025-11-11 10:30:00,274.10001,274.3461,272.42999,272.5,3452496
2025-11-11 11:30:00,272.51001,273.61499,271.78,273.315,2525614
2025-11-11 12:30:00,273.32999,274.70001,273.029999,274.48001,2634766
2025-11-11 13:30:00,274.48999,275.66,274.16,275.32001,10266363
2025-11-11 14:30:00,275.32999,275.76001,275.049988,275.25,2653431
2025-11-11 15:30:00,275.23999,275.845,274.79999,275.29999,4039713
2025-11-12 09:30:00,275.075012,275.23999,271.87,272.94,10718425
2025-11-12 10:30:00,272.91,274.60999,272.54999,274.60001,3328165
2025-11-12 11:30:00,274.59,274.85001,273.72501,274.39001,2104341
2025-11-12 12:30:00,274.38,275.14001,274.12,274.98001,1642127
2025-11-12 13:30:00,274.98999,275.73001,274.42999,274.45001,2013567
2025-11-12 14:30:00,274.45001,274.69,273.5,274.049988,2059500
2025-11-12 15:30:00,274.049988,274.39999,272.97,273.47,12095413
2025-11-13 09:30:00,274.26999,276.69901,273.29001,273.70999,10014720
2025-11-13 10:30:00,273.7001,274.19,272.17999,274.037109,3931506
2025-11-13 11:30:00,274.029999,274.4899,272.45999,272.85999,2339844
2025-11-13 12:30:00,272.84,273.32001,272.5,272.5701,6391535
2025-11-13 13:30:00,272.56,273.85001,272.10001,273.53,3060900
2025-11-13 14:30:00,273.535,273.69,272.54501,273.039612,2603044
2025-11-13 15:30:00,273.029999,273.60001,272.5,273.040009,11025353
2025-11-14 09:30:00,271.049988,273.89001,269.60001,273.75919,10617822
2025-11-14 10:30:00,273.76999,274.64999,273.20001,274.64999,3569903
2025-11-14 11:30:00,274.64499,275.92001,273.54999,275.70499,4251993
2025-11-14 12:30:00,275.70999,275.95831,274.23001,274.58499,1963757
2025-11-14 13:30:00,274.57001,274.76001,273.84,273.95999,1593851
2025-11-14 14:30:00,273.97,274.25,272.89001,272.98999,2106336
2025-11-14 15:30:00,272.97,273.26001,272.17001,272.54999,3210889
2025-11-17 09:30:00,268.72,270.48999,267.0,269.28,8509806
2025-11-17 10:30:00,269.23001,269.39001,266.64999,267.87991,3379761
2025-11-17 11:30:00,267.85001,269.54999,267.82001,268.92001,2089997
2025-11-17 12:30:00,268.94,269.35001,267.44,267.78,1923442
2025-11-17 13:30:00,267.76999,268.34,266.85999,267.29001,2030991
2025-11-17 14:30:00,267.29501,267.38,265.73001,266.44,2737988
2025-11-17 15:30:00,266.44,267.57999,266.19,267.45999,3487816
2025-11-18 09:30:00,269.91501,270.70499,265.32001,267.64999,8219985
2025-11-18 10:30:00,267.66501,268.12,266.028015,267.84,3521812
2025-11-18 11:30:00,267.84,268.33801,267.14001,267.16501,2742457
2025-11-18 12:30:00,267.16,268.92999,266.42999,268.45001,2282519
2025-11-18 13:30:00,268.45001,269.22,267.95999,268.034485,2176560
2025-11-18 14:30:00,268.049988,268.92499,267.67999,268.28021,2115137
2025-11-18 15:30:00,268.29999,268.42999,267.32999,267.51001,3127789
2025-11-19 09:30:00,265.52499,272.20999,265.5,271.85001,6778562
2025-11-19 10:30:00,271.8501,272.01001,269.3201,269.73001,2792346
2025-11-19 11:30:00,269.75,270.655,269.53,270.39999,2001030
2025-11-19 12:30:00,270.45999,271.31,269.62,270.029999,2049762
2025-11-19 13:30:00,270.01001,271.01001,269.63,269.67001,1644126
2025-11-19 14:30:00,269.67001,270.73499,269.17001,270.035004,2137859
2025-11-19 15:30:00,270.0,270.32999,268.14001,268.54999,9741413
2025-11-20 09:30:00,270.81,275.42999,270.81,273.905,7869887
2025-11-20 10:30:00,273.91,274.73001,271.62,271.78,2856925
2025-11-20 11:30:00,271.78,271.78,268.049988,268.94,4056106
2025-11-20 12:30:00,268.87,269.25,267.020111,268.81,2981937
2025-11-20 13:30:00,268.79001,268.92999,266.35999,267.79501,2392389
2025-11-20 14:30:00,267.78,267.91,267.0,267.32001,2094448
2025-11-20 15:30:00,267.32001,267.57999,265.92001,266.38,3489586
2025-11-21 09:30:00,265.88,270.45001,265.82001,269.85001,10658658
2025-11-21 10:30:00,269.79001,271.47,269.22,270.89999,4829994
2025-11-21 11:30:00,270.89001,271.12,269.81,270.54999,11635703
2025-11-21 12:30:00,270.63,271.60001,270.20001,270.98001,2023820
2025-11-21 13:30:00,270.98001,273.315,270.86499,272.60999,3562846
2025-11-21 14:30:00,272.57501,273.28,271.35001,271.37,3135966
2025-11-21 15:30:00,271.35001,272.13,270.59,271.5,17443143
2025-11-24 09:30:00,270.89999,275.92001,270.89999,273.095001,7995693
2025-11-24 10:30:00,273.079987,275.38959,272.64999,275.0,7232547
2025-11-24 11:30:00,274.97,275.26999,274.44,274.85001,2583089
2025-11-24 12:30:00,274.85001,276.51001,274.75,276.12,3404232
2025-11-24 13:30:00,276.12,276.45001,275.85001,276.21951,2440121
2025-11-24 14:30:00,276.23001,276.655,275.35501,276.47501,2998933
2025-11-24 15:30:00,276.47,276.98001,275.10999,275.98001,4904039
2025-11-25 09:30:00,275.29999,280.38,275.26999,278.905,9723608
2025-11-25 10:30:00,278.89001,279.63,277.78,277.82999,2840433
2025-11-25 11:30:00,277.82001,279.31,277.5,279.070099,2504679
2025-11-25 12:30:00,279.089996,279.37,278.23001,278.76001,1925113
2025-11-25 13:30:00,278.76501,278.78,277.79001,278.035004,1727727
2025-11-25 14:30:00,278.040009,278.14499,277.4975,277.565,1909795
2025-11-25 15:30:00,277.56,278.0,276.85999,276.95001,2448205
2025-11-26 09:30:00,276.95999,279.047485,276.63,277.81,5086107
2025-11-26 10:30:00,277.79001,279.14001,276.81,279.010101,2510611
2025-11-26 11:30:00,279.029999,279.53,278.87,279.07901,2586354
2025-11-26 12:30:00,279.070007,279.29001,278.095001,278.54999,1871279
2025-11-26 13:30:00,278.56,278.58179,277.92499,278.26001,1432964
2025-11-26 14:30:00,278.2601,278.94,278.01001,278.079987,1953254
2025-11-26 15:30:00,278.070007,278.29999,277.14999,277.47,9116002
2025-11-28 09:30:00,277.26001,278.2392,276.019989,276.26001,4040463
2025-11-28 10:30:00,276.29001,276.91989,275.98999,276.25,1743837
2025-11-28 11:30:00,276.245,277.1601,275.98651,277.049988,1791406
2025-11-28 12:30:00,277.059998,279.0,276.90079,278.85999,2505536
2025-12-01 09:30:00,278.14999,278.76999,276.14001,278.14209,5114373
2025-12-01 10:30:00,278.10001,278.4801,277.30499,277.92001,1731132
2025-12-01 11:30:00,277.89999,279.89001,277.89001,279.77051,2091919
2025-12-01 12:30:00,279.77499,280.64001,279.45999,280.5882,2222347
2025-12-01 13:30:00,280.59009,281.22,280.45001,280.89001,2919865
2025-12-01 14:30:00,280.88,281.94,280.70999,281.91,2916696
2025-12-01 15:30:00,281.92001,283.41,281.73001,283.32001,5357873
2025-12-02 09:30:00,283.0,285.30899,282.73001,284.57001,7878173
2025-12-02 10:30:00,284.54001,287.39999,284.14999,285.54001,6221612
2025-12-02 11:30:00,285.54001,285.99991,284.82999,285.87,2847056
2025-12-02 12:30:00,285.88,286.34,284.94,285.215,2725658
2025-12-02 13:30:00,285.20001,286.13,285.015015,285.625,2146948
2025-12-02 14:30:00,285.60001,286.82001,285.58011,286.23999,13104067
2025-12-02 15:30:00,286.23999,286.60999,285.70999,286.23001,3132652
2025-12-03 09:30:00,286.20001,288.60999,285.89999,287.34052,6627228
2025-12-03 10:30:00,287.32001,287.59,285.75,286.41,3581593
2025-12-03 11:30:00,286.42001,286.82001,285.5,286.38501,2126959
2025-12-03 12:30:00,286.35001,286.44,285.34,285.67929,2127386
2025-12-03 13:30:00,285.67999,285.94,284.88431,285.20999,1618603
2025-12-03 14:30:00,285.23001,285.24991,284.27499,284.55499,11158331
2025-12-03 15:30:00,284.54999,284.70001,283.54001,284.14999,3725552
2025-12-04 09:30:00,284.10999,284.73001,280.26999,281.22501,6410843
2025-12-04 10:30:00,281.20999,281.60001,279.81,280.28,2992454
2025-12-04 11:30:00,280.285,280.9335,279.93781,280.11499,2285394
2025-12-04 12:30:00,280.13,280.48669,279.64001,280.0050049,1806229
2025-12-04 13:30:00,279.98999,280.10001,278.59,278.85999,7765149
2025-12-04 14:30:00,278.85999,280.73001,278.82001,280.125,2807996
2025-12-04 15:30:00,280.12,280.69,279.57999,280.64999,3165508
2025-12-05 09:30:00,280.54001,281.14001,279.26999,280.45511,4393145
2025-12-05 10:30:00,280.45999,280.98001,279.29001,279.29501,3579247
2025-12-05 11:30:00,279.29999,279.32999,278.11499,278.315,2325668
2025-12-05 12:30:00,278.315,279.4801,278.049988,279.44,1693305
2025-12-05 13:30:00,279.48001,279.57001,278.58499,279.2338,1553832
2025-12-05 14:30:00,279.23001,279.29999,278.54001,278.80139,1937238
2025-12-05 15:30:00,278.79999,279.024994,278.19,278.79001,2719470
2025-12-08 09:30:00,278.16849,279.66931,277.45001,277.56,6285926
2025-12-08 10:30:00,277.54999,277.88,276.70499,277.45999,3326326
2025-12-08 11:30:00,277.47,277.819,277.000091553,277.23001,1896481
2025-12-08 12:30:00,277.20999,277.84991,276.87,276.97,1999024
2025-12-08 13:30:00,276.94949,276.94949,276.20001,276.35999,1825108
2025-12-08 14:30:00,276.37,276.97,276.14999,276.92499,9146055
2025-12-08 15:30:00,276.92999,277.98499,276.66,277.95999,2613900
2025-12-09 09:30:00,277.89001,280.029999,277.35001,277.70001,5341504
2025-12-09 10:30:00,277.70001,278.0,277.029999,277.41,2290151
2025-12-09 11:30:00,277.41,278.12,277.20001,277.875,1696929
2025-12-09 12:30:00,277.875,278.73999,277.79999,278.38501,1988455
2025-12-09 13:30:00,278.38501,278.89001,278.12,278.69,1262893
2025-12-09 14:30:00,278.69,278.75,277.64999,277.86499,1906538
2025-12-09 15:30:00,277.86499,278.25,276.92001,277.23001,8158460
2025-12-10 09:30:00,277.87,278.793,276.58499,277.45001,3868165
2025-12-10 10:30:00,277.45499,278.28,276.44,278.25769,1880040
2025-12-10 11:30:00,278.23001,278.89001,277.97501,278.52649,1611918
2025-12-10 12:30:00,278.51999,279.28,278.084991,278.12,1374275
2025-12-10 13:30:00,278.12,279.22,277.91,278.22,1631790
2025-12-10 14:30:00,278.22,279.75,277.70001,278.98001,7112059
2025-12-10 15:30:00,278.98999,279.37,278.59,278.72,2242651
2025-12-11 09:30:00,279.095001,279.57999,273.81,276.12,6887208
2025-12-11 10:30:00,276.11499,276.59,275.20001,275.82501,2343607
2025-12-11 11:30:00,275.82001,278.17999,275.81,277.905,2414140
2025-12-11 12:30:00,277.92001,278.35001,277.38,277.52261,1473658
2025-12-11 13:30:00,277.52499,278.20999,277.51001,277.76001,1432317
2025-12-11 14:30:00,277.76001,278.215,277.59131,278.095001,1817634
2025-12-11 15:30:00,278.089996,278.20999,277.47,278.059998,1985352
2025-12-12 09:30:00,277.79501,279.22,276.82001,277.87,3907328
2025-12-12 10:30:00,277.88,278.85999,277.44,277.73999,3485545
2025-12-12 11:30:00,277.76999,278.44,277.28079,277.85501,2096132
2025-12-12 12:30:00,277.83499,279.19,277.83499,279.049988,2564725
2025-12-12 13:30:00,279.040009,279.049988,277.73001,277.95001,2354465
2025-12-12 14:30:00,277.95001,278.82,277.81,278.054993,2397209
2025-12-12 15:30:00,278.049988,278.5,276.94501,278.37,2787871
2025-12-15 09:30:00,280.0,280.049988,273.62,274.14499,8113962
2025-12-15 10:30:00,274.17001,275.64041,273.72,275.51001,7403994
2025-12-15 11:30:00,275.54001,275.69501,274.14999,274.92001,2136284
2025-12-15 12:30:00,274.92499,275.10001,273.73001,274.040009,1992688
2025-12-15 13:30:00,274.019989,274.25,273.079987,273.37,2430153
2025-12-15 14:30:00,273.38,273.8425,272.84,273.80499,2804616
2025-12-15 15:30:00,273.81,274.72,273.51999,274.11499,4104430
2025-12-16 09:30:00,272.82001,274.029999,271.79001,273.17001,5214306
2025-12-16 10:30:00,273.17001,273.82001,272.5,272.81,2282059
2025-12-16 11:30:00,272.79999,274.28,272.69,273.20001,1929804
2025-12-16 12:30:00,273.19989,273.48999,271.79999,272.13,5871943
2025-12-16 13:30:00,272.13501,273.91,272.13501,273.565,2008038
2025-12-16 14:30:00,273.565,274.79999,273.54001,274.56,1912589
2025-12-16 15:30:00,274.54999,275.5,274.45001,274.47,2361847
2025-12-17 09:30:00,275.01001,276.16,274.82999,275.495,4574850
2025-12-17 10:30:00,275.47,275.73001,273.045013,273.48999,5781289
2025-12-17 11:30:00,273.48999,273.48999,272.28,272.87,2372809
2025-12-17 12:30:00,272.88,273.69,272.64999,273.019989,1699122
2025-12-17 13:30:00,272.99011,273.97,272.44,273.785,2046363
2025-12-17 14:30:00,273.76999,274.10999,273.57001,273.65009,2167480
2025-12-17 15:30:00,273.67001,273.87,271.69,271.85999,5130736
2025-12-18 09:30:00,273.60501,273.62,266.95999,270.89999,10127086
2025-12-18 10:30:00,270.862,272.72,270.81,272.29999,3659235
2025-12-18 11:30:00,272.29001,273.164,269.94,270.25,9215589
2025-12-18 12:30:00,270.20001,272.75,270.12,272.64999,1920512
2025-12-18 13:30:00,272.67001,272.95999,271.089996,271.37,2108845
2025-12-18 14:30:00,271.37,271.96991,270.5,271.84,10949689
2025-12-18 15:30:00,271.85001,273.20001,271.785,272.16,2956766
2025-12-19 09:30:00,272.14499,272.92001,270.95001,271.73499,18574766
2025-12-19 10:30:00,271.72009,272.82001,270.995,271.2608,2919546
2025-12-19 11:30:00,271.2623,271.45999,270.26999,270.655,2629565
2025-12-19 12:30:00,270.66,271.80951,270.34,270.75,3085614
2025-12-19 13:30:00,270.76001,271.50989,270.39999,271.37,2544938
2025-12-19 14:30:00,271.38,271.73999,270.17499,270.79999,3108119
2025-12-19 15:30:00,270.81,274.57629,269.89999,273.67001,8193309
2025-12-22 09:30:00,272.85999,273.88,271.57001,272.015015,6110908
2025-12-22 10:30:00,272.029999,272.79999,271.51001,272.44,2467910
2025-12-22 11:30:00,272.42001,272.51001,271.51999,271.94,2114933
2025-12-22 12:30:00,271.92001,272.14001,270.73999,270.93991,2226647
2025-12-22 13:30:00,270.935,271.14001,270.51001,270.86499,1960079
2025-12-22 14:30:00,270.87,271.10999,270.715,270.72,1999793
2025-12-22 15:30:00,270.715,271.19989,270.505,270.82001,2599971
2025-12-23 09:30:00,270.35999,271.92999,269.56,270.84,5104762
2025-12-23 10:30:00,270.84,271.95001,270.70001,271.7814,2243800
2025-12-23 11:30:00,271.815,272.31119,271.47299,271.53,2086319
2025-12-23 12:30:00,271.54001,271.81,271.10999,271.70001,1310733
2025-12-23 13:30:00,271.70001,272.12,271.5,271.81,1442128
2025-12-23 14:30:00,271.81,272.44,271.76001,272.10699,1857122
2025-12-23 15:30:00,272.10001,272.45001,271.84,272.23999,2287709
2025-12-24 09:30:00,273.25,274.73999,273.089996,274.035095,4589623
2025-12-24 10:30:00,274.040009,275.049988,273.91,274.85101,2096233
2025-12-24 11:30:00,274.85999,275.42999,274.82999,275.35999,2055155
2025-12-24 12:30:00,275.35501,275.39001,273.56,273.85001,1953652
2025-12-26 09:30:00,274.25,275.37,274.059998,274.8248,2899986
2025-12-26 10:30:00,274.815,274.98001,274.37,274.88,1434883
2025-12-26 11:30:00,274.88,274.935,274.41,274.64001,1079100
2025-12-26 12:30:00,274.63,274.64999,274.22501,274.51999,903247
2025-12-26 13:30:00,274.52499,274.98499,274.38,274.7601,1447341
2025-12-26 14:30:00,274.76501,274.82999,273.87009,273.98001,1463547
2025-12-26 15:30:00,273.98001,273.98999,272.87,273.25,2563251
2025-12-29 09:30:00,272.69,274.35999,272.39001,273.95432,3705071
2025-12-29 10:30:00,273.95001,274.029999,272.98999,273.22,1533379
2025-12-29 11:30:00,273.21881,273.29001,272.82999,273.040009,1203367
2025-12-29 12:30:00,273.040009,273.67001,272.95029,273.64001,3234552
2025-12-29 13:30:00,273.63,274.0,273.44,273.67999,3188556
2025-12-29 14:30:00,273.67999,274.0,273.67001,273.9028,4353900
2025-12-29 15:30:00,273.91,273.94,273.45999,273.79901,1452813
2025-12-30 09:30:00,274.0,274.070007,272.39481,272.59,3335833
2025-12-30 10:30:00,272.57999,273.32001,272.42001,272.8598,1711221
2025-12-30 11:30:00,272.82999,272.92001,272.28,272.59,1582688
2025-12-30 12:30:00,272.59,273.19,272.56,273.10001,1137372
2025-12-30 13:30:00,273.10001,273.52179,273.010101,273.39001,1396303
2025-12-30 14:30:00,273.38,273.47449,273.089996,273.16501,1396305
2025-12-30 15:30:00,273.16,273.255,272.73999,272.98999,2121973
2025-12-31 09:30:00,273.35999,273.67999,272.23181,272.48999,2943983
2025-12-31 10:30:00,272.495,272.58499,271.76001,272.48999,1886713
2025-12-31 11:30:00,272.48999,272.79999,272.26999,272.67001,2956651
2025-12-31 12:30:00,272.66,273.10001,272.54999,272.625,1445671
2025-12-31 13:30:00,272.625,273.42999,272.57999,272.96091,1456290
2025-12-31 14:30:00,272.97021,273.0068054,271.95999,272.079987,4155251
2025-12-31 15:30:00,272.089996,272.75,271.75,271.84,5718955
2026-01-02 09:30:00,272.0,277.8248,272.0,273.39001,7685523
2026-01-02 10:30:00,273.37,273.39001,269.82999,270.32458,4078484
2026-01-02 11:30:00,270.29999,270.95999,269.10999,270.14999,2431873
2026-01-02 12:30:00,270.17999,270.48001,269.73001,270.079987,6545793
2026-01-02 13:30:00,270.089996,270.24991,269.019989,270.13,2020830
2026-01-02 14:30:00,270.14001,270.84,270.089996,270.51001,2107487
2026-01-02 15:30:00,270.53,271.049988,270.35001,270.98001,2650904
2026-01-05 09:30:00,270.63501,271.17999,267.85999,269.81,7189336
2026-01-05 10:30:00,269.79999,270.22,268.70001,268.79001,3119976
2026-01-05 11:30:00,268.78,268.85001,266.92001,266.97,3085098
2026-01-05 12:30:00,266.98999,267.89001,266.77011,267.42001,2496455
2026-01-05 13:30:00,267.41,267.66501,266.14001,266.2699,2514491
2026-01-05 14:30:00,266.26999,267.040009,266.20001,267.019012,2686552
2026-01-05 15:30:00,267.029999,267.73999,266.45001,267.26001,2894622
2026-01-06 09:30:00,267.0079956,267.0079956,263.029999,264.029999,8179833
2026-01-06 10:30:00,264.029999,265.10001,262.29999,262.41989,4875140
2026-01-06 11:30:00,262.42001,263.01,262.2,262.88461,3248954
2026-01-06 12:30:00,262.89001,263.79999,262.49011,262.845,2631876
2026-01-06 13:30:00,262.92999,263.070007,262.54001,262.87701,2041761
2026-01-06 14:30:00,262.84,263.015015,262.15,262.82001,3237444
2026-01-06 15:30:00,262.82999,263.0,262.22,262.22,2496947
2026-01-07 09:30:00,263.26999,263.67999,261.20999,262.029999,7368698
2026-01-07 10:30:00,262.019989,262.29001,260.91,261.08371,3565599
2026-01-07 11:30:00,261.084991,262.57001,261.070007,262.35999,3336015
2026-01-07 12:30:00,262.37,262.70001,261.079987,261.22,2890664
2026-01-07 13:30:00,261.245,262.20001,261.13,261.59,2574362
2026-01-07 14:30:00,261.59,262.51999,261.26001,261.32999,2727906
2026-01-07 15:30:00,261.32999,261.32999,259.82001,260.35999,4547776
2026-01-08 09:30:00,256.375,257.76999,255.7,256.745,10183679
2026-01-08 10:30:00,256.72009,257.19,255.95,256.10999,4167093
2026-01-08 11:30:00,256.10999,258.60001,255.97,256.70901,3892484
2026-01-08 12:30:00,256.69009,257.63,256.59799,257.48001,2448318
2026-01-08 13:30:00,257.51001,257.51999,256.29999,256.60001,2399355
2026-01-08 14:30:00,256.60501,258.32999,256.38,258.28,3543548
2026-01-08 15:30:00,258.28,259.28,257.96011,259.059998,3213685
2026-01-09 09:30:00,259.075012,260.0,256.22009,258.45999,7220053
2026-01-09 10:30:00,258.45999,258.75,256.88,256.95999,3212319
2026-01-09 11:30:00,256.95129,259.054993,256.76639,258.92999,3345096
2026-01-09 12:30:00,258.91,259.16,258.24011,259.12,2173770
2026-01-09 13:30:00,259.13,259.95001,259.01001,259.73001,1971968
2026-01-09 14:30:00,259.73001,260.20999,259.67999,259.965,2732054
2026-01-09 15:30:00,259.95001,260.054993,258.95001,259.35001,2303687
2026-01-12 09:30:00,259.41,261.29999,256.79999,260.35001,8505619
2026-01-12 10:30:00,260.36499,260.45001,259.049988,260.23001,3280015
2026-01-12 11:30:00,260.23001,261.10999,259.70999,260.60931,2709473
2026-01-12 12:30:00,260.60001,261.29999,260.35001,260.89001,2160352
2026-01-12 13:30:00,260.89099,260.94,260.19,260.64001,7491015
2026-01-12 14:30:00,260.64999,261.19,260.48529,260.97,2654547
2026-01-12 15:30:00,260.95999,261.13,260.01001,260.20999,9801908
2026-01-13 09:30:00,258.72,261.81,258.39001,260.090088,8478567
2026-01-13 10:30:00,260.14001,260.27991,259.48999,259.91,2608808
2026-01-13 11:30:00,259.89999,261.16,259.85001,260.84,2483937
2026-01-13 12:30:00,260.85001,261.44,259.98999,259.98999,2059870
2026-01-13 13:30:00,259.98001,260.67361,259.14999,259.73999,7815502
2026-01-13 14:30:00,259.7399,259.79999,258.7601,259.019989,1960648
2026-01-13 15:30:00,259.01001,261.20001,258.84,261.049988,21564429
2026-01-14 09:30:00,259.48999,261.81,258.82001,259.75,5147768
2026-01-14 10:30:00,259.755,260.0,257.85999,258.73999,2978461
2026-01-14 11:30:00,258.73999,258.81,256.70999,257.38,2333928
2026-01-14 12:30:00,257.39001,257.715,256.91,257.53,1604961
2026-01-14 13:30:00,257.53,258.10001,257.054993,257.79999,1777225
2026-01-14 14:30:00,257.79999,259.98001,257.79001,259.97,10557652
2026-01-14 15:30:00,259.98001,260.60001,258.68411,259.95001,25320368
2026-01-15 09:30:00,260.64999,261.029999,259.62,260.1001,5046140
2026-01-15 10:30:00,260.14001,260.7851,259.19,260.495,2795244
2026-01-15 11:30:00,260.5,260.63,259.29999,259.32999,2122658
2026-01-15 12:30:00,259.34,259.565,258.0,259.53,6687989
2026-01-15 13:30:00,259.54999,259.75,258.26001,258.32001,2003848
2026-01-15 14:30:00,258.34341,258.45001,257.049988,257.67001,3158266
2026-01-15 15:30:00,257.6575,258.38,257.10999,258.32999,2733911
2026-01-16 09:30:00,257.88,258.89999,256.46011,256.81,11278805
2026-01-16 10:30:00,256.81,256.92001,256.059998,256.43991,2790833
2026-01-16 11:30:00,256.42651,256.63,255.82001,255.83,2796717
2026-01-16 12:30:00,255.83,256.089905,254.92999,256.029999,3606144
2026-01-16 13:30:00,256.029999,257.14999,255.91499,256.0,2811980
2026-01-16 14:30:00,256.0,256.97,255.94,256.17999,2648818
2026-01-16 15:30:00,256.17001,256.4725,255.13,255.48,3511559
2026-01-20 09:30:00,252.50999,254.78999,250.85001,251.61571,9087553
2026-01-20 10:30:00,251.64,252.13,250.69,251.30499,3367134
2026-01-20 11:30:00,251.3,251.59,250.35001,250.56,2677257
2026-01-20 12:30:00,250.52,250.7,249.080002,249.19501,2979236
2026-01-20 13:30:00,249.17999,249.23,247.42,247.4525,3351984
2026-01-20 14:30:00,247.45,248.17999,245.080002,245.46001,5956327
2026-01-20 15:30:00,245.46001,246.92999,243.42,246.69,10059596
2026-01-21 09:30:00,248.71001,248.75,246.080002,247.57001,7305670
2026-01-21 10:30:00,247.57001,248.72,246.83,247.3,3802645
2026-01-21 11:30:00,247.31,247.36,245.19,245.83,3522211
2026-01-21 12:30:00,245.8201,246.47,245.58,245.88,2014798
2026-01-21 13:30:00,245.88,247.34,245.5,247.11031,2357431
2026-01-21 14:30:00,247.13,251.56,247.10001,248.3828,7898353
2026-01-21 15:30:00,248.39,248.58,246.84,247.63,4345220
2026-01-22 09:30:00,249.36,250.77991,248.38499,250.13,7300630
2026-01-22 10:30:00,250.14999,250.16,249.0,249.69991,3165743
2026-01-22 11:30:00,249.69501,249.89999,249.25999,249.74001,1884417
2026-01-22 12:30:00,249.75,250.82001,249.73,250.67999,1833609
2026-01-22 13:30:00,250.67,251.0,249.75011,250.52,2047891
2026-01-22 14:30:00,250.50999,250.625,248.26511,248.37,3355209
2026-01-22 15:30:00,248.34,248.92,248.17999,248.34,11112802
2026-01-23 09:30:00,245.75,247.24001,244.67999,247.010101,7601190
2026-01-23 10:30:00,247.020004,249.41,246.97,248.35001,3278817
2026-01-23 11:30:00,248.37,248.8,247.88,248.7399,2265077
2026-01-23 12:30:00,248.72,248.80991,247.61,247.92999,1917515
2026-01-23 13:30:00,247.96001,248.029907,246.97,247.47501,2288896
2026-01-23 14:30:00,247.47,248.47,247.405,248.19,1941325
2026-01-23 15:30:00,248.19,248.85001,247.745,247.97,12375932
2026-01-26 09:30:00,251.48,254.89,249.8,254.039993,9810606
2026-01-26 10:30:00,254.039993,255.5,253.92,255.099899,4941159
2026-01-26 11:30:00,255.085007,255.42,254.25999,254.5,3015226
2026-01-26 12:30:00,254.47,254.75,254.080002,254.64999,1861533
2026-01-26 13:30:00,254.64,255.97,254.32001,255.94,3013817
2026-01-26 14:30:00,255.92999,256.56,255.47,255.72501,12205705
2026-01-26 15:30:00,255.73,255.99001,254.89999,255.42,14219113
2026-01-27 09:30:00,259.14001,261.95001,258.66,259.845,10912773
2026-01-27 10:30:00,259.85999,261.39001,259.76001,260.72,3262895
2026-01-27 11:30:00,260.72,261.35999,260.47,261.31,2175987
2026-01-27 12:30:00,261.30011,261.35001,260.2301,260.255,1989091
2026-01-27 13:30:00,260.26999,260.35999,259.51999,259.875,2504629
2026-01-27 14:30:00,259.875,260.040009,259.14999,259.38,2602286
2026-01-27 15:30:00,259.38501,259.67499,258.20999,258.26999,12330990
2026-01-28 09:30:00,257.56,258.85501,255.215,256.089996,6604210
2026-01-28 10:30:00,256.059998,256.70999,255.25999,255.49001,2745774
2026-01-28 11:30:00,255.47,255.48,254.66,254.82001,2230506
2026-01-28 12:30:00,254.8,255.39,254.50999,255.255,1796542
2026-01-28 13:30:00,255.25999,255.88,254.78,255.11,1899457
2026-01-28 14:30:00,255.080002,256.64001,255.050003,256.47501,3391568
2026-01-28 15:30:00,256.45999,256.89999,255.92999,256.44,3092338
2026-01-29 09:30:00,258.070007,259.64999,255.49001,256.89999,7282171
2026-01-29 10:30:00,256.89001,257.040009,254.41,256.17001,4801889
2026-01-29 11:30:00,256.13,257.41,255.12,257.22,3524580
2026-01-29 12:30:00,257.20001,257.67001,256.54999,257.38,3232719
2026-01-29 13:30:00,257.36499,258.18161,257.16,258.14499,3079026
2026-01-29 14:30:00,258.14499,258.56839,257.74011,258.29501,4240841
2026-01-29 15:30:00,258.31,259.35001,257.75,258.17499,5861121
2026-01-30 09:30:00,255.16499,258.70001,252.17999,254.0,24014784
2026-01-30 10:30:00,254.080002,256.905,253.69501,256.6875,7271698
2026-01-30 11:30:00,256.69,257.14001,254.28349,255.21001,5963004
2026-01-30 12:30:00,255.16,256.070007,254.53999,256.054993,4358054
2026-01-30 13:30:00,256.054993,258.28,255.75,257.58499,5172090
2026-01-30 14:30:00,257.60001,259.91,257.41,259.91,6597420
2026-01-30 15:30:00,259.92001,261.8999,258.0,259.48001,13030810
2026-02-02 09:30:00,260.019989,265.25,259.20499,265.040009,12724698
2026-02-02 10:30:00,265.035004,265.37,262.31,264.29181,4300486
2026-02-02 11:30:00,264.29501,264.85001,263.81,264.17999,2688303
2026-02-02 12:30:00,264.19,265.31,263.78,265.13,2603466
2026-02-02 13:30:00,265.14499,267.35001,265.01001,267.17999,4680086
2026-02-02 14:30:00,267.125,269.56989,266.82001,268.98001,6110168
2026-02-02 15:30:00,268.97501,270.48999,268.84,269.95999,6031354
2026-02-03 09:30:00,269.13,271.57999,267.69,269.88501,9095951
2026-02-03 10:30:00,269.85001,271.285,267.60999,268.89499,5335029
2026-02-03 11:30:00,268.89999,270.5,268.29001,268.89999,3977028
2026-02-03 12:30:00,268.89001,270.37,268.755,269.34,3592052
2026-02-03 13:30:00,269.33499,271.875,268.85001,271.48001,15524047
2026-02-03 14:30:00,271.47,271.70001,268.67001,269.20999,3448770
2026-02-03 15:30:00,269.215,270.049988,268.84,269.45999,3048085
2026-02-04 09:30:00,272.31,278.81,272.285,276.10001,14363169
2026-02-04 10:30:00,276.125,277.39001,275.29999,277.21381,5901048
2026-02-04 11:30:00,277.19351,277.26001,273.89999,275.25,5657904
2026-02-04 12:30:00,275.26999,276.11499,273.14001,275.60001,5072262
2026-02-04 13:30:00,275.62,275.76001,274.35001,274.91,3128540
2026-02-04 14:30:00,274.90021,278.079987,274.82999,277.60999,26444117
2026-02-04 15:30:00,277.60999,278.95001,276.35999,276.45999,7312922
2026-02-05 09:30:00,278.019989,279.44,273.23001,276.785,12483022
2026-02-05 10:30:00,276.79001,277.39999,273.29001,275.22,4526349
2026-02-05 11:30:00,275.29001,275.5,273.52499,274.73999,2531820
2026-02-05 12:30:00,274.72,274.98001,273.91,274.32001,1764770
2026-02-05 13:30:00,274.26001,277.57001,274.11499,277.045013,2995492
2026-02-05 14:30:00,277.065002,277.72,276.085693,276.63,3087121
2026-02-05 15:30:00,276.63,276.91,275.35001,275.92001,3990713
2026-02-06 09:30:00,277.16,280.905,277.0,279.29001,10777765
2026-02-06 10:30:00,279.29999,279.95001,278.35001,279.11499,5497042
2026-02-06 11:30:00,279.10001,279.77499,278.23999,278.67999,3039580
2026-02-06 12:30:00,278.70999,278.79999,277.49011,277.77499,2815770
2026-02-06 13:30:00,277.79999,277.95999,276.92499,277.13,2548586
2026-02-06 14:30:00,277.13,278.75,276.995,277.66,3186499
2026-02-06 15:30:00,277.655,279.01001,277.57001,278.079987,3255323
2026-02-09 09:30:00,277.905,278.040009,273.049988,273.082703,6334544
2026-02-09 10:30:00,273.089996,273.75,272.76999,273.39819,2792572
2026-02-09 11:30:00,273.37,273.79999,271.70001,272.011505,7941127
2026-02-09 12:30:00,272.040009,272.34,271.76999,271.98001,1937150
2026-02-09 13:30:00,271.98001,273.70999,271.84,273.62,2566471
2026-02-09 14:30:00,273.63,274.25,272.91501,274.040009,2368415
2026-02-09 15:30:00,274.029999,275.12,273.51001,274.54001,3837569
2026-02-10 09:30:00,274.88501,275.35999,273.20999,274.42001,4751268
2026-02-10 10:30:00,274.39001,274.91,273.98999,274.059998,1866180
2026-02-10 11:30:00,274.019989,274.049896,272.94,273.35001,2051404
2026-02-10 12:30:00,273.35001,274.19,273.14999,274.054993,1646593
2026-02-10 13:30:00,274.054993,274.26999,273.66,273.965,1371940
2026-02-10 14:30:00,273.97,274.29999,273.51999,274.070007,1515644
2026-02-10 15:30:00,274.079987,274.48999,273.31,273.79001,9399403
2026-02-11 09:30:00,274.69501,277.44,274.45001,277.05011,9496956
2026-02-11 10:30:00,277.10001,279.98001,277.040009,278.19,4696556
2026-02-11 11:30:00,278.19,280.17999,278.16,279.94501,2685096
2026-02-11 12:30:00,279.9104,280.14999,278.5,278.95999,1893097
2026-02-11 13:30:00,278.935,279.67001,278.5,279.57999,1790251
2026-02-11 14:30:00,279.57999,279.59,274.81061,276.049988,6599667
2026-02-11 15:30:00,276.01001,276.54999,275.45999,275.54001,2931248
2026-02-12 09:30:00,275.60001,275.72,270.059998,271.25,7875828
2026-02-12 10:30:00,271.26001,271.75,266.14999,266.17001,5405536
2026-02-12 11:30:00,266.19,267.040009,264.42001,264.60001,4717401
2026-02-12 12:30:00,264.57001,264.64999,260.17999,262.32999,7147306
2026-02-12 13:30:00,262.31,262.67001,261.23001,261.78,4007694
2026-02-12 14:30:00,261.76999,262.48999,261.10001,261.48999,3918342
2026-02-12 15:30:00,261.48001,262.51001,260.28,261.59,22727615
2026-02-13 09:30:00,262.01001,262.23001,258.79999,260.595,9803254
2026-02-13 10:30:00,260.57999,261.48999,258.37,259.28751,3397399
2026-02-13 11:30:00,259.29849,260.20999,258.60001,259.59,2315506
2026-02-13 12:30:00,259.59,260.26999,258.76999,258.91,8633452
2026-02-13 13:30:00,258.94,259.31,258.28,258.45999,9057962
2026-02-13 14:30:00,258.48001,258.73001,255.81731,255.91,3979292
2026-02-13 15:30:00,255.91,256.66,255.45,255.82001,6720926
2026-02-17 09:30:00,258.049988,261.39001,255.55299,259.64001,8096132
2026-02-17 10:30:00,259.63,260.98001,258.73999,260.26501,6717173
2026-02-17 11:30:00,260.255,262.23001,259.92999,261.84991,3136235
2026-02-17 12:30:00,261.85001,263.67999,260.91,263.39999,3395782
2026-02-17 13:30:00,263.45999,266.29001,263.32001,265.285,4164675
2026-02-17 14:30:00,265.26001,266.1499,264.020111,264.29001,2825612
2026-02-17 15:30:00,264.29501,264.53,262.5,263.75,4178204
2026-02-18 09:30:00,263.5,265.64999,262.45001,265.39819,7797779
2026-02-18 10:30:00,265.39001,266.089996,265.040009,266.040009,2372744
2026-02-18 11:30:00,266.024994,266.82001,265.17001,265.42001,1840765
2026-02-18 12:30:00,265.41,265.95999,265.0,265.3999,1335418
2026-02-18 13:30:00,265.38,265.57901,264.52301,264.57001,1312561
2026-02-18 14:30:00,264.595,264.62991,263.20999,263.73999,1727473
2026-02-18 15:30:00,263.73999,265.53,263.73999,264.32001,3105119
2026-02-19 09:30:00,262.60001,264.35001,262.29001,262.87,4372727
2026-02-19 10:30:00,262.88,264.48001,262.7601,263.62,1726762
2026-02-19 11:30:00,263.67001,264.14001,262.69009,262.94,4375910
2026-02-19 12:30:00,262.89999,263.059998,261.42001,261.76999,1237800
2026-02-19 13:30:00,261.73999,262.3689,261.5,261.54001,1203819
2026-02-19 14:30:00,261.51001,261.67001,260.26999,260.76001,6192730
2026-02-19 15:30:00,260.76001,261.29999,260.049988,260.51001,2956715
2026-02-20 09:30:00,258.95499,262.35001,258.16,260.5705,6967496
2026-02-20 10:30:00,260.54999,263.26001,260.27731,261.42999,2960036
2026-02-20 11:30:00,261.42001,264.75,261.23001,262.29999,10111239
2026-02-20 12:30:00,262.2695,263.92999,261.60999,263.60999,2014188
2026-02-20 13:30:00,263.57501,264.73001,263.16,264.42999,1787343
2026-02-20 14:30:00,264.44,264.70999,263.285,263.33011,1887447
2026-02-20 15:30:00,263.345,264.745,263.089996,264.59,13540364
2026-02-23 09:30:00,263.48999,267.73999,263.38101,267.049988,19765320
2026-02-23 10:30:00,267.089996,267.52991,264.75,266.59,46418596
2026-02-23 11:30:00,266.57001,267.34589,265.84,267.12979,47826879
2026-02-23 12:30:00,267.10699,269.37,266.86121,269.33499,37422757
2026-02-23 13:30:00,269.34,269.42999,267.25,267.29999,43887158
2026-02-23 14:30:00,267.27011,267.32999,266.28,266.78,44107037
2026-02-23 15:30:00,266.81,267.20001,265.98999,266.39001,9880089
2026-02-24 09:30:00,268.0,274.89001,267.73999,273.67001,33874729
2026-02-24 10:30:00,273.67999,274.82001,272.35999,273.22,52196712
2026-02-24 11:30:00,273.22501,273.23999,271.98999,272.51001,60681231
2026-02-24 12:30:00,272.48999,272.79001,271.595,271.595,33045344
2026-02-24 13:30:00,271.60001,272.54999,271.37,272.29001,53685061
2026-02-24 14:30:00,272.28,272.72,271.38,271.90991,29402553
2026-02-24 15:30:00,271.91,272.4299,271.48001,272.17001,13328406
2026-02-25 09:30:00,271.67999,274.079987,271.049988,273.63,21308380
2026-02-25 10:30:00,273.63,274.5899,272.92001,273.965,41886416
2026-02-25 11:30:00,273.91501,274.069885,272.95999,273.60999,36200188
2026-02-25 12:30:00,273.60999,274.63,273.42001,274.35001,17034281
2026-02-25 13:30:00,274.32999,274.94,274.17999,274.41,36257736
2026-02-25 14:30:00,274.41,274.54001,273.20999,273.75,21849822
2026-02-25 15:30:00,273.72,274.72,273.625,274.17999,2422723
2026-02-26 09:30:00,274.95499,276.10999,270.84,272.0,20732934
2026-02-26 10:30:00,271.92001,272.7851,270.79501,272.54001,37453533
2026-02-26 11:30:00,272.53,272.73001,271.5127,271.76001,54471050
2026-02-26 12:30:00,271.755,272.024994,270.91,271.39001,24111629
2026-02-26 13:30:00,271.41,272.94,270.853,272.79999,50586136
2026-02-26 14:30:00,272.80499,273.5,272.57999,272.63,43969677
2026-02-26 15:30:00,272.64499,273.070007,272.20001,272.98999,9425723
2026-02-27 09:30:00,272.81,272.81,268.29999,268.505,23806953
2026-02-27 10:30:00,268.47009,269.64001,268.19199,269.054993,40839580
2026-02-27 11:30:00,269.070007,269.51999,267.26999,267.88419,53514825
2026-02-27 12:30:00,267.87,268.26001,265.88,265.95081,49345833
2026-02-27 13:30:00,265.95001,266.48001,265.4801,265.73001,22033350
2026-02-27 14:30:00,265.73001,266.89999,265.26001,266.64001,34071151
2026-02-27 15:30:00,266.63,266.63,262.89001,264.17001,28863982
2026-03-02 09:30:00,262.44,264.53989,260.20001,263.81,18824070
2026-03-02 10:30:00,263.82001,265.029999,262.0,264.35999,35385645
2026-03-02 11:30:00,264.35999,266.20001,264.0,266.0,30704815
2026-03-02 12:30:00,265.995,266.29001,265.25,265.5,19199524
2026-03-02 13:30:00,265.52802,266.14999,264.35999,266.059998,41007154
2026-03-02 14:30:00,266.045013,266.53,264.14001,264.31,24791513
2026-03-02 15:30:00,264.315,265.54999,263.60999,264.60001,5738581
2026-03-03 09:30:00,263.48001,265.56,261.22,262.26001,8047558
2026-03-03 10:30:00,262.28,263.94,261.91,262.57001,4016845
2026-03-03 11:30:00,262.48001,263.78,261.57999,261.81,2940122
2026-03-03 12:30:00,261.79999,261.87,260.13,261.48001,2901307
2026-03-03 13:30:00,261.44,263.91,261.37,263.655,2917518
2026-03-03 14:30:00,263.67001,264.61499,262.51001,263.28,2571377
2026-03-03 15:30:00,263.23999,263.95999,262.34,263.689,4138461
2026-03-04 09:30:00,264.64999,266.14999,261.42001,264.13,7214854
2026-03-04 10:30:00,264.125,264.72,262.815,264.53,3576211
2026-03-04 11:30:00,264.51999,265.51001,264.29999,264.89999,3050842
2026-03-04 12:30:00,264.91,265.35999,263.34,263.78,2827303
2026-03-04 13:30:00,263.79999,264.19501,263.059998,263.35001,2889009
2026-03-04 14:30:00,263.34,263.67999,262.059906,262.73001,3383632
2026-03-04 15:30:00,262.70999,263.16,262.16461,262.45001,4837636
2026-03-05 09:30:00,260.745,261.45001,258.54001,258.87,10468747
2026-03-05 10:30:00,258.91,261.22501,258.075012,260.755,4851072
2026-03-05 11:30:00,260.76001,261.55499,258.97,259.019989,3933354
2026-03-05 12:30:00,259.040009,259.48999,258.495,258.90909,3426289
2026-03-05 13:30:00,258.92001,259.17999,257.76001,257.85999,3356489
2026-03-05 14:30:00,257.845,259.48999,257.25,258.69,4038383
2026-03-05 15:30:00,258.67999,260.56,258.41,260.26001,7022514
2026-03-06 09:30:00,258.73999,258.76001,254.37,256.70001,8565069
2026-03-06 10:30:00,256.69501,257.95001,256.079987,257.25,3270567
2026-03-06 11:30:00,257.29999,257.48999,256.39001,256.76999,3297640
2026-03-06 12:30:00,256.76999,257.59,256.059998,256.47501,2387760
2026-03-06 13:30:00,256.47501,257.23001,255.91,257.17999,2090262
2026-03-06 14:30:00,257.17001,257.96991,256.80051,256.91,2795477
2026-03-06 15:30:00,256.92001,258.01001,256.44,257.44,5129423
2026-03-09 09:30:00,255.69,257.019897,253.6805,255.71001,7181497
2026-03-09 10:30:00,255.66,257.88,255.63,257.73001,3727402
2026-03-09 11:30:00,257.72,258.26999,257.14999,257.57001,3050497
2026-03-09 12:30:00,257.57999,258.089996,256.54001,256.63,2401092
2026-03-09 13:30:00,256.64999,257.36499,255.95,257.14999,2688859
2026-03-09 14:30:00,257.13171,259.57001,256.51999,259.48001,4105990
2026-03-09 15:30:00,259.45999,261.14999,259.01001,259.89001,4821540
2026-03-10 09:30:00,257.69501,260.25,256.95001,259.97,5290551
2026-03-10 10:30:00,259.94009,261.78,259.91501,261.31,3031430
2026-03-10 11:30:00,261.29999,261.98001,261.0,261.87,2380233
2026-03-10 12:30:00,261.89001,262.48001,260.82001,262.20001,2603212
2026-03-10 13:30:00,262.19,262.48001,260.47,261.67001,3001027
2026-03-10 14:30:00,261.70001,261.97,260.42999,260.505,2377024
2026-03-10 15:30:00,260.47,261.20001,260.3501,260.72,3231160
2026-03-11 09:30:00,261.20999,262.13,259.54999,259.995,4281023
2026-03-11 10:30:00,260.0,260.95999,259.85999,260.10001,2605777
2026-03-11 11:30:00,260.12,260.86801,259.85001,260.64499,1954747
2026-03-11 12:30:00,260.62,261.20001,260.5,261.025085,1517902
2026-03-11 13:30:00,261.040009,261.13,259.63,260.10999,1845686
2026-03-11 14:30:00,260.10001,260.39999,259.81,260.13171,1606862
2026-03-11 15:30:00,260.14001,261.10001,260.040009,260.81,3235002
2026-03-12 09:30:00,258.64001,258.95001,254.67,254.67,7250332
2026-03-12 10:30:00,254.66,255.78999,254.35001,255.355,3974410
2026-03-12 11:30:00,255.33,256.25,254.17999,255.65781,3679550
2026-03-12 12:30:00,255.63,255.95,254.77,255.050003,3104437
2026-03-12 13:30:00,255.0401,255.67999,254.81,255.395,2746542
2026-03-12 14:30:00,255.37,256.25,254.89,256.089996,3162742
2026-03-12 15:30:00,256.099915,256.20511,254.97,255.75,4532523
2026-03-13 09:30:00,255.39999,256.32999,254.6407,255.425,5452768
2026-03-13 10:30:00,255.42999,255.81,253.27,253.3007,3280492
2026-03-13 11:30:00,253.33,253.50999,251.85001,252.655,3395163
2026-03-13 12:30:00,252.64,252.97,250.96001,251.17999,4343212
2026-03-13 13:30:00,251.185,251.6575,250.7793,251.26401,2493737
2026-03-13 14:30:00,251.25999,251.845,250.21001,250.295,3296194
2026-03-13 15:30:00,250.28,250.62,249.52,250.11501,6367474
2026-03-16 09:30:00,252.105,253.59,249.91,253.23579,16307009
2026-03-16 10:30:00,253.22,253.88499,252.92,253.014999,29111835
2026-03-16 11:30:00,253.0099945,253.53999,252.2001,252.36501,25427072
2026-03-16 12:30:00,252.35001,253.33,252.2,252.92999,26354399
2026-03-16 13:30:00,252.94,253.059998,252.13,252.92,24091742
2026-03-16 14:30:00,252.922,253.44,252.27,252.862,32924162
2026-03-16 15:30:00,252.84,253.059998,252.11,252.78,16610907
2026-03-17 09:30:00,253.078506,255.074997,252.17999,254.44,16085558
2026-03-17 10:30:00,254.48,254.95,253.8008,254.17,24121732
2026-03-17 11:30:00,254.14999,255.1299,253.66,254.86,21538463
2026-03-17 12:30:00,254.87,255.029999,253.56,253.92,27973331
2026-03-17 13:30:00,253.91,254.63,253.88499,254.10001,40415068
2026-03-17 14:30:00,254.095001,254.33,253.1301,253.77,38774431
2026-03-17 15:30:00,253.78,254.58,253.67999,254.23,1930468
2026-03-18 09:30:00,252.625,254.94,251.38,252.355,7399779
2026-03-18 10:30:00,252.34,253.059998,252.080002,252.3199,27212600
2026-03-18 11:30:00,252.31,252.33,251.46001,251.5701,27602601
2026-03-18 12:30:00,251.575,251.59,250.39,250.80499,21218429
2026-03-18 13:30:00,250.78999,251.6476,250.53999,250.96001,23722055
2026-03-18 14:30:00,250.94,250.94501,249.61,249.67999,39797339
2026-03-18 15:30:00,249.694,250.35001,249.0,249.91,2998677
2026-03-19 09:30:00,249.39999,251.83,247.3,249.8,21379884
2026-03-19 10:30:00,249.80099,250.71001,249.14011,249.41,33807664
2026-03-19 11:30:00,249.41,249.95261,248.88,249.25999,22053436
2026-03-19 12:30:00,249.27499,249.42,247.71001,248.28011,41949561
2026-03-19 13:30:00,248.295,248.52991,247.67,248.022003,18631502
2026-03-19 14:30:00,248.0099945,249.59,247.67,248.47,34262754
2026-03-19 15:30:00,248.44,249.33,248.28999,248.907,18119527
2026-03-20 09:30:00,248.11,248.75999,246.61,247.75999,26285192
2026-03-20 10:30:00,247.81,248.85001,247.1601,247.985,6539448
2026-03-20 11:30:00,247.95,249.059998,247.86,248.62,2911321
2026-03-20 12:30:00,248.63,248.78999,248.080002,248.27,2570162
2026-03-20 13:30:00,248.28999,248.7599,247.53011,248.039993,3100413
2026-03-20 14:30:00,248.089996,249.19991,247.59,248.089996,3994932
2026-03-20 15:30:00,248.089996,248.2,246.0,248.19,6366085
2026-03-23 09:30:00,253.99001,254.56,251.020004,252.4399,9464664
2026-03-23 10:30:00,252.42,252.92,251.53,252.5799,3394637
2026-03-23 11:30:00,252.59,252.905,250.675,250.80499,4431092
2026-03-23 12:30:00,250.81,251.75,250.28,250.92,2569031
2026-03-23 13:30:00,250.955,251.985,250.89999,251.33,2523158
2026-03-23 14:30:00,251.37,252.41499,251.37,251.765,2979367
2026-03-23 15:30:00,251.765,252.52499,250.97,251.44,4373303
2026-03-24 09:30:00,250.49001,253.12,249.55,252.47,5324672
2026-03-24 10:30:00,252.44,254.17,251.74001,253.985,4425199
2026-03-24 11:30:00,253.98,254.825,253.3849,254.59,2900185
2026-03-24 12:30:00,254.59689,254.71001,252.765,253.059998,2254333
2026-03-24 13:30:00,253.050003,253.53999,252.295,252.57001,2463029
2026-03-24 14:30:00,252.59,253.1501,252.080002,252.0896,2249663
2026-03-24 15:30:00,252.089905,252.13,251.22,251.75,3583757
2026-03-25 09:30:00,254.020004,254.98,251.60001,252.86,5252200
2026-03-25 10:30:00,252.87,254.28999,252.60001,254.245,3411621
2026-03-25 11:30:00,254.24001,254.46001,253.089996,253.925,2284849
2026-03-25 12:30:00,254.0,254.64999,253.74001,254.145,2123725
2026-03-25 13:30:00,254.12,254.50999,253.735,253.96001,1763468
2026-03-25 14:30:00,253.95,254.054993,252.25999,252.625,2548509
2026-03-25 15:30:00,252.63499,252.715,252.0099945,252.57001,3058584
2026-03-26 09:30:00,251.995,256.23999,250.77499,255.91,7345489
2026-03-26 10:30:00,255.89999,257.0,255.50999,255.67999,5446373
2026-03-26 11:30:00,255.69,256.76999,255.57001,256.10001,3382555
2026-03-26 12:30:00,256.10001,256.45999,254.5901,254.99001,3520903
2026-03-26 13:30:00,254.98,255.11501,253.39,253.825,4260523
2026-03-26 14:30:00,253.85001,254.515,253.14,253.67,3242928
2026-03-26 15:30:00,253.67999,253.72501,252.020004,252.88,4420545
2026-03-27 09:30:00,253.91,255.493,252.78011,254.48,9684416
2026-03-27 10:30:00,254.46001,254.69,251.8,252.62,5255461
2026-03-27 11:30:00,252.62,253.24001,251.69,251.78,3302520
2026-03-27 12:30:00,251.77499,252.75999,250.37,250.41,3282303
2026-03-27 13:30:00,250.41,250.58,248.63499,249.38499,4579763
2026-03-27 14:30:00,249.42,249.52,248.25,248.4099,4113587
2026-03-27 15:30:00,248.41,249.37,248.070007,248.62,5252096
2026-03-30 09:30:00,249.995,250.84,246.97,247.83,6260227
2026-03-30 10:30:00,247.82001,248.0,246.039993,246.53,4008529
2026-03-30 11:30:00,246.53,247.21001,245.96001,246.020004,2817533
2026-03-30 12:30:00,246.0099945,247.44,245.96001,246.25,2713501
2026-03-30 13:30:00,246.255,247.32001,245.995,246.48019,2877202
2026-03-30 14:30:00,246.50999,246.83,245.83,245.89,2969148
2026-03-30 15:30:00,245.89,247.039993,245.50999,246.53999,4551161
2026-03-31 09:30:00,247.89,249.27,247.64,248.94009,5972142
2026-03-31 10:30:00,248.94009,249.0099945,247.101,248.42999,3461229
2026-03-31 11:30:00,248.45,250.69,247.66,250.34,3436143
2026-03-31 12:30:00,250.3499,253.9299,250.17999,253.22501,5752049
2026-03-31 13:30:00,253.17999,253.96001,252.39999,253.13,3142090
2026-03-31 14:30:00,253.12,254.125,253.020004,253.67,3514497
2026-03-31 15:30:00,253.67,255.48,253.28,253.78999,7002121
2026-04-01 09:30:00,254.3,256.17999,253.82001,254.1201,7295932
2026-04-01 10:30:00,254.19,254.745,253.33,254.14999,3965408
2026-04-01 11:30:00,254.14999,254.82001,253.75999,254.4301,2571729
2026-04-01 12:30:00,254.44,255.39999,254.22,255.1422,4352734
2026-04-01 13:30:00,255.125,255.28,254.10001,254.31,2614499
2026-04-01 14:30:00,254.32001,255.66,253.97,255.655,3235556
2026-04-01 15:30:00,255.64,256.13,255.1501,255.69,4782139
2026-04-02 09:30:00,254.14,254.75999,250.64999,252.125,6325362
2026-04-02 10:30:00,252.11,255.72,251.99001,255.12,3633781
2026-04-02 11:30:00,255.16499,255.185,254.0,254.11,1582954
2026-04-02 12:30:00,254.13,255.48531,254.070007,255.33501,1421651
2026-04-02 13:30:00,255.33501,255.39,254.31,255.145,1758702
2026-04-02 14:30:00,255.16,255.7,254.80009,255.12,3309762
2026-04-02 15:30:00,255.10001,256.13,254.8,255.89,3297591
2026-04-06 09:30:00,256.96249,262.019989,256.48001,261.76001,6693044
2026-04-06 10:30:00,261.76001,262.16,258.97,259.25,3953211
2026-04-06 11:30:00,259.2301,259.63,258.70999,259.040009,2022687
2026-04-06 12:30:00,259.029999,259.56,257.91,258.78,2006161
2026-04-06 13:30:00,258.79001,259.39001,257.85001,259.28,2071173
2026-04-06 14:30:00,259.28009,259.3699,258.019989,258.24991,2221241
2026-04-06 15:30:00,258.23001,259.075012,258.13,258.88699,2757592
2026-04-07 09:30:00,254.72,254.7999,247.57001,247.67,13859963
2026-04-07 10:30:00,247.66499,248.19,245.7,247.82001,8526234
2026-04-07 11:30:00,247.82001,250.2899,247.39999,250.17,6863002
2026-04-07 12:30:00,250.17,253.39,249.6601,251.58501,8239350
2026-04-07 13:30:00,251.61501,252.78999,251.28999,251.32001,3425924
2026-04-07 14:30:00,251.33,252.5,250.12,251.955,4257297
2026-04-07 15:30:00,251.92101,253.60989,251.44,253.49001,5898745
2026-04-08 09:30:00,258.51001,259.74991,256.53,258.13,10222566
2026-04-08 10:30:00,258.14001,259.51001,257.51001,257.51001,4460093
2026-04-08 11:30:00,257.51999,258.39999,257.10999,257.42801,3452386
2026-04-08 12:30:00,257.42499,258.69,257.42499,257.51001,2664363
2026-04-08 13:30:00,257.5,258.14999,256.91,257.23999,2940397
2026-04-08 14:30:00,257.23001,257.84,257.089996,257.20001,3088380
2026-04-08 15:30:00,257.17999,258.98999,257.17999,258.92999,3893271
2026-04-09 09:30:00,259.37,260.029999,256.070007,257.84,5914405
2026-04-09 10:30:00,257.81,258.26001,257.3501,257.54999,2479856
2026-04-09 11:30:00,257.51501,259.47,257.47601,259.12,2615049
2026-04-09 12:30:00,259.12,260.53,258.80499,260.054993,2292578
2026-04-09 13:30:00,260.049988,260.45001,259.29999,259.625,1852839
2026-04-09 14:30:00,259.60999,260.34,259.45001,260.059998,2088354
2026-04-09 15:30:00,260.049988,261.12,260.024994,260.39001,2894901
2026-04-10 09:30:00,259.95001,261.85001,259.070007,261.565,5479310
2026-04-10 10:30:00,261.565,262.19,261.13971,261.29001,3021703
2026-04-10 11:30:00,261.31989,261.75,260.42999,260.5351,2476645
2026-04-10 12:30:00,260.54501,260.56,259.20001,259.23999,2249096
2026-04-10 13:30:00,259.23999,260.14499,259.023102,260.12,1925290
2026-04-10 14:30:00,260.10999,260.20001,259.35001,259.72,2386313
2026-04-10 15:30:00,259.72,260.535,259.29001,260.38,3655071
2026-04-13 09:30:00,259.85999,260.17999,256.66,257.32001,6263854
2026-04-13 10:30:00,257.31,257.88,257.10001,257.70999,3495796
2026-04-13 11:30:00,257.73001,257.875,256.79001,257.78,3136398
2026-04-13 12:30:00,257.7901,258.34,257.51511,257.86499,2360343
2026-04-13 13:30:00,257.85999,258.20001,257.51999,257.88,2113453
2026-04-13 14:30:00,257.86499,258.48001,257.79999,257.85001,2513031
2026-04-13 15:30:00,257.845,259.57999,257.59,259.20999,5022608
2026-04-14 09:30:00,259.10001,261.92999,259.029999,259.34,8135429
2026-04-14 10:30:00,259.32999,259.42999,257.60999,258.055389,4964907
2026-04-14 11:30:00,258.049988,258.39001,257.19009,257.70001,4108250
2026-04-14 12:30:00,257.69,259.76511,257.62,258.66,4098111
2026-04-14 13:30:00,258.66,258.97,257.75,258.78,2712760
2026-04-14 14:30:00,258.78,258.81,257.75,258.32501,3074143
2026-04-14 15:30:00,258.32501,258.85999,258.14999,258.85501,5322365
2026-04-15 09:30:00,258.11,261.04,257.83,260.65,336999
2026-04-15 10:30:00,260.76,264.115,260.43,263.16,365881
2026-04-15 11:30:00,263.18,265.51,262.99,264.56,344190
2026-04-15 12:30:00,264.58,265.78,264.24,264.945,305258
2026-04-15 13:30:00,264.93,265.29,264.3,265.18,128350
2026-04-15 14:30:00,265.18,265.86499,265.18,265.33,646079
2026-04-15 15:30:00,265.27,266.55,265.25,266.37,282563
2026-04-16 09:30:00,266.79999,267.16,261.31,262.059998,11554343
2026-04-16 10:30:00,262.089996,262.73001,261.26999,262.25,4797954
2026-04-16 11:30:00,262.25,264.3898,262.19,264.080109,4125437
2026-04-16 12:30:00,264.089996,264.16861,263.089996,263.51999,2692302
2026-04-16 13:30:00,263.53,264.17001,263.29001,263.57999,2435729
2026-04-16 14:30:00,263.59,264.54999,263.48001,263.63409,3260194
2026-04-16 15:30:00,263.63,264.25,263.26001,263.35999,3667931
2026-04-17 09:30:00,267.097992,269.79001,266.72,268.58499,16349267
2026-04-17 10:30:00,268.63501,272.10001,268.44,271.94,7480237
2026-04-17 11:30:00,271.95001,272.29999,270.76999,271.54999,4036285
2026-04-17 12:30:00,271.56,271.7399,270.17999,270.57999,6141486
2026-04-17 13:30:00,270.57999,270.73001,269.92001,270.19,3142938
2026-04-17 14:30:00,270.19,270.79999,269.53,269.69501,4089699
2026-04-17 15:30:00,269.70999,270.53,269.6601,270.185,4777998
2026-04-20 09:30:00,270.32999,274.27499,270.32999,273.38,9800654
2026-04-20 10:30:00,273.38989,273.85001,271.72,272.88,4154551
2026-04-20 11:30:00,272.82999,272.91,272.079987,272.57001,2499488
2026-04-20 12:30:00,272.59,273.13501,271.84,272.19,2403500
2026-04-20 13:30:00,272.17001,273.64001,271.98001,273.45001,2711593
2026-04-20 14:30:00,273.45999,273.45999,272.67001,272.69,2176297
2026-04-20 15:30:00,272.64999,273.16,272.26999,272.92999,3689439
2026-04-21 09:30:00,271.44501,272.79999,269.37,269.58011,8494357
2026-04-21 10:30:00,269.565,269.85001,267.75,267.92999,5401167
2026-04-21 11:30:00,267.92001,268.019989,265.81,265.85999,5635814
2026-04-21 12:30:00,265.85999,266.88,265.39999,266.16,6382916
2026-04-21 13:30:00,266.17999,267.0,266.059998,266.375,3327326
2026-04-21 14:30:00,266.38,268.19,266.38,267.95999,5107191
2026-04-21 15:30:00,267.965,267.97,265.87,266.22,6237992
2026-04-22 09:30:00,267.82001,271.94,266.87,271.94,11027751
2026-04-22 10:30:00,271.94,272.76501,270.98001,272.40009,5075100
2026-04-22 11:30:00,272.39001,273.505,272.26001,272.69,4099370
2026-04-22 12:30:00,272.70499,273.42001,272.35999,273.20999,2955513
2026-04-22 13:30:00,273.21899,273.73999,272.63,272.685,3034300
2026-04-22 14:30:00,272.70999,272.82001,272.10049,272.70999,2582682
2026-04-22 15:30:00,272.715,273.26001,272.54999,273.19,4278621
2026-04-23 09:30:00,275.045013,275.76999,273.1355,273.905,6409699
2026-04-23 10:30:00,273.97,274.30991,273.26999,273.67999,2403732
2026-04-23 11:30:00,273.63,274.41,273.030487,273.60001,2252095
2026-04-23 12:30:00,273.61499,273.99271,272.090088,272.23999,4159022
2026-04-23 13:30:00,272.25,273.79999,271.64999,273.66,3978695
2026-04-23 14:30:00,273.66,274.54501,273.53,274.17001,2790476
2026-04-23 15:30:00,274.14999,274.25989,273.059998,273.44,2753801
2026-04-24 09:30:00,272.76001,273.059998,270.10001,272.070007,6679041
2026-04-24 10:30:00,272.10001,272.59,270.5701,270.67999,2757059
2026-04-24 11:30:00,270.69,271.67999,269.79999,270.98999,3542918
2026-04-24 12:30:00,271.0,271.15201,269.64999,270.065002,3376037
2026-04-24 13:30:00,270.049988,270.29999,269.72,269.95999,3006016
2026-04-24 14:30:00,269.97,270.38,269.85999,270.089996,3623118
2026-04-24 15:30:00,270.089996,271.48001,270.0,271.059998,4744314
2026-04-27 09:30:00,266.089996,268.35999,265.070007,267.35999,10219067
2026-04-27 10:30:00,267.39001,267.79999,266.62,267.10999,3251687
2026-04-27 11:30:00,267.14001,267.64001,266.26001,266.29501,2679704
2026-04-27 12:30:00,266.29001,267.029999,266.29001,266.84,2950643
2026-04-27 13:30:00,266.82999,267.049988,266.089996,266.34991,2558668
2026-04-27 14:30:00,266.35001,267.215,266.13,267.14999,2713356
2026-04-27 15:30:00,267.16,267.95999,267.049988,267.67999,4077895
2026-04-28 09:30:00,272.33499,273.22,268.66,271.27991,9095136
2026-04-28 10:30:00,271.28,271.82999,270.29001,270.32501,5340855
2026-04-28 11:30:00,270.32501,270.565,269.3313,269.51599,2719213
2026-04-28 12:30:00,269.495,270.13,269.44019,269.87,1855230
2026-04-28 13:30:00,269.87,270.91501,269.79001,270.5,2765318
2026-04-28 14:30:00,270.5,270.63,269.89001,270.22501,2300165
2026-04-28 15:30:00,270.23001,270.94501,269.995,270.76001,3115541
2026-04-29 09:30:00,267.54999,270.3118,267.040009,269.39999,5646330
2026-04-29 10:30:00,269.41,269.92999,268.73001,268.84,2444917
2026-04-29 11:30:00,268.82449,270.14661,268.20001,269.82501,2865276
2026-04-29 12:30:00,269.82999,271.040009,269.75,270.20001,2163618
2026-04-29 13:30:00,270.20999,270.59,269.64001,269.73999,1643753
2026-04-29 14:30:00,269.73499,270.44501,269.37,270.28,1887172
2026-04-29 15:30:00,270.26999,270.35999,269.60999,270.19,3057478
2026-04-30 09:30:00,270.5,272.20001,268.14001,271.91901,9777419
2026-04-30 10:30:00,271.88,272.20999,270.73001,271.51999,4122597
2026-04-30 11:30:00,271.52499,273.099915,271.17999,273.059998,4223495
2026-04-30 12:30:00,273.079987,273.76001,271.67999,272.785,4454018
2026-04-30 13:30:00,272.81,274.20001,272.79999,273.60001,4048045
2026-04-30 14:30:00,273.57999,274.48999,272.82001,274.48999,4534270
2026-04-30 15:30:00,274.47,275.94,270.34,271.35999,14238265
2026-05-01 09:30:00,278.94,287.20999,278.37,285.34,30058496
2026-05-01 10:30:00,285.34009,285.60001,281.45999,283.95001,9289199
2026-05-01 11:30:00,283.95499,285.48999,283.20001,283.95499,9693580
2026-05-01 12:30:00,283.95499,284.10999,282.39511,282.81,5060158
2026-05-01 13:30:00,282.80499,282.82001,280.64011,281.23001,4791832
2026-05-01 14:30:00,281.23999,281.23999,279.73999,280.34991,4824175
2026-05-01 15:30:00,280.34,280.69,279.60999,280.14999,5835825
2026-05-04 09:30:00,279.655,280.63,274.86011,276.2536,11843656
2026-05-04 10:30:00,276.27499,278.0,276.070007,276.83499,5095476
2026-05-04 11:30:00,276.85001,277.37,275.45001,276.089996,3294311
2026-05-04 12:30:00,276.10001,277.34,275.98001,277.040009,2386442
2026-05-04 13:30:00,277.059998,277.42001,276.63,276.76999,2422618
2026-05-04 14:30:00,276.76999,277.67001,276.26001,277.078491,3114535
2026-05-04 15:30:00,277.079987,277.32001,276.51001,276.84,4124586
2026-05-05 09:30:00,276.89999,281.38,276.50101,281.19,9001566
2026-05-05 10:30:00,281.17999,283.20999,279.70999,280.22,6121481
2026-05-05 11:30:00,280.23001,281.56,279.845,281.39999,3040049
2026-05-05 12:30:00,281.39001,284.57001,281.32999,282.815,5146396
2026-05-05 13:30:00,282.81,284.28,282.35269,284.25009,3957543
2026-05-05 14:30:00,284.255,284.45001,283.42001,284.20999,3606272
2026-05-05 15:30:00,284.22,284.32999,283.45001,284.17001,4695212
2026-05-06 09:30:00,281.91501,286.72,281.075012,286.10999,11276788
2026-05-06 10:30:00,286.13,286.34,283.88,284.73999,6691628
2026-05-06 11:30:00,284.73999,286.37,284.64999,286.26001,4527443
2026-05-06 12:30:00,286.255,287.13,285.70999,286.73499,3689933
2026-05-06 13:30:00,286.73001,287.85001,286.57001,287.17999,3878452
2026-05-06 14:30:00,287.16589,287.89999,286.66501,287.76001,4158472
2026-05-06 15:30:00,287.76001,288.029999,287.040009,287.53,5753679
2026-05-07 09:30:00,289.26999,292.13,288.20001,290.47,11895992
2026-05-07 10:30:00,290.47,291.39001,289.92001,290.2001,4189077
2026-05-07 11:30:00,290.20001,290.73999,288.78,289.41,3696404
2026-05-07 12:30:00,289.42499,289.655,288.23999,288.76501,3128156
2026-05-07 13:30:00,288.745,289.76999,287.89999,288.26999,3005520
2026-05-07 14:30:00,288.28,288.34,285.78,286.73999,4941011
2026-05-07 15:30:00,286.73499,287.56,286.28,287.47,3254466
2026-05-08 09:30:00,290.10999,294.55499,290.0,293.785,11356891
2026-05-08 10:30:00,293.76999,294.76001,292.42001,292.85001,7279310
2026-05-08 11:30:00,292.85001,293.040009,292.18011,292.79999,3193255
2026-05-08 12:30:00,292.79999,292.79999,291.75009,292.14999,4004012
2026-05-08 13:30:00,292.14001,292.85999,292.070007,292.72299,2447225
2026-05-08 14:30:00,292.76511,293.60001,292.39001,293.42999,3970671
2026-05-08 15:30:00,293.45001,294.25,293.10001,293.28,6088657
2026-05-11 09:30:00,291.979,293.14999,290.23001,292.045013,9227947
2026-05-11 10:30:00,292.045013,293.59,291.75,293.3699,4290117
2026-05-11 11:30:00,293.37,293.88,291.82141,292.41501,3777650
2026-05-11 12:30:00,292.41501,292.70499,290.63,291.94,3556324
2026-05-11 13:30:00,291.93991,292.98001,291.72501,291.73999,2587000
2026-05-11 14:30:00,291.73999,292.2099,290.85999,292.14999,2874040
2026-05-11 15:30:00,292.1459,292.79999,291.81,292.73999,3307424
2026-05-12 09:30:00,292.755,294.81,292.61499,293.93991,11112742
2026-05-12 10:30:00,293.91,294.8999,293.25,294.37,4316772
2026-05-12 11:30:00,294.35999,294.78,293.45999,293.95999,2815308
2026-05-12 12:30:00,293.95001,294.59,293.38,293.89999,3097799
2026-05-12 13:30:00,293.89999,294.66,293.69,294.64999,3363937
2026-05-12 14:30:00,294.62,294.92001,294.0,294.80069,3451447
2026-05-12 15:30:00,294.79999,295.26999,294.35999,294.87,4049102
2026-05-13 09:30:00,293.63,297.5098,293.56,295.14999,10759628
2026-05-13 10:30:00,295.17001,297.25,295.16,296.94,4349742
2026-05-13 11:30:00,296.935,298.54999,296.72079,298.40009,4139107
2026-05-13 12:30:00,298.39001,300.37,298.33099,300.125,6943795
2026-05-13 13:30:00,300.10999,300.92001,299.70999,299.715,4870507
2026-05-13 14:30:00,299.70999,299.72,298.61499,299.14999,3364858
2026-05-13 15:30:00,299.14999,299.48001,298.85001,298.88,3870507
2026-05-14 09:30:00,299.82001,300.35001,297.079987,297.935,7145581
2026-05-14 10:30:00,297.95001,299.47,297.57999,299.065002,3728318
2026-05-14 11:30:00,299.070007,299.35999,298.28,298.30991,3199871
2026-05-14 12:30:00,298.31,298.51251,295.38,298.38,4489806
2026-05-14 13:30:00,298.409,298.62991,297.54999,298.37,2323271
2026-05-14 14:30:00,298.36499,299.20001,298.22299,299.075012,2930714
2026-05-14 15:30:00,299.079987,299.079987,297.88,298.16501,3098706
2026-05-15 09:30:00,297.755,299.85001,296.53,299.29001,10451647
2026-05-15 10:30:00,299.26999,302.79001,299.23999,301.96951,8526677
2026-05-15 11:30:00,301.98999,302.60001,300.64001,301.81,4948995
2026-05-15 12:30:00,301.79001,303.20001,301.48499,303.12,4106965
2026-05-15 13:30:00,303.10001,303.14001,301.11801,301.26501,4178682
2026-05-15 14:30:00,301.28,301.76001,299.88,300.2634,4233250
2026-05-15 15:30:00,300.28,300.66,299.63,300.22,4618896
2026-05-18 09:30:00,300.23999,300.63,296.70001,298.16501,7655183
2026-05-18 10:30:00,298.14001,298.57999,295.48001,295.48001,3859797
2026-05-18 11:30:00,295.51999,296.81,295.019989,295.25,2469524
2026-05-18 12:30:00,295.26999,296.67999,294.91,296.17029,3252874
2026-05-18 13:30:00,296.185,296.685,295.51999,296.079987,3619911
2026-05-18 14:30:00,296.1499,297.73001,295.45001,297.077301,3607433
2026-05-18 15:30:00,297.089996,297.92001,296.905,297.89999,2992205
2026-05-19 09:30:00,296.97,300.51001,296.35001,296.91,9798484
2026-05-19 10:30:00,296.92999,297.75,296.51999,297.070007,3231900
2026-05-19 11:30:00,297.059998,297.57999,296.36499,297.42499,3248136
2026-05-19 12:30:00,297.41,298.73001,297.35999,298.24951,2831155
2026-05-19 13:30:00,298.25,298.48691,297.84,297.89001,1931011
2026-05-19 14:30:00,297.87,298.44,297.48999,298.38,2365400
2026-05-19 15:30:00,298.39001,299.22,297.84,298.98001,3821190
2026-05-20 09:30:00,298.17999,302.37,298.089996,299.51999,7471000
2026-05-20 10:30:00,299.51001,300.51001,299.070007,299.16,3782669
2026-05-20 11:30:00,299.16,300.32001,298.67001,300.0050049,2831757
2026-05-20 12:30:00,299.98999,301.26999,299.57001,301.049988,2841773
2026-05-20 13:30:00,301.059998,301.72,300.91,301.47,3006343
2026-05-20 14:30:00,301.47,302.79999,301.47,302.19,4224441
2026-05-20 15:30:00,302.20001,302.51999,301.85751,302.26501,3803278
2026-05-21 09:30:00,301.049988,303.070007,300.39999,301.9509,6886720
2026-05-21 10:30:00,301.92999,303.35999,301.58011,303.024994,3181261
2026-05-21 11:30:00,303.024994,304.24429,302.91,303.63699,3064971
2026-05-21 12:30:00,303.62,304.67999,303.049896,304.591,3041858
2026-05-21 13:30:00,304.60999,305.10001,304.35999,304.62,3185835
2026-05-21 14:30:00,304.62,305.32501,303.89001,305.22681,3338522
2026-05-21 15:30:00,305.22,305.539,304.51001,305.089996,4457107
2026-05-22 09:30:00,306.059998,309.26999,305.85001,308.64001,9515427
2026-05-22 10:30:00,308.63501,311.39999,308.62,311.0050049,7739013
2026-05-22 11:30:00,311.0,311.040009,309.72,309.92001,4700296
2026-05-22 12:30:00,309.92999,309.98999,308.82001,309.86011,3550329
2026-05-22 13:30:00,309.87,310.155,308.95001,309.31,2598845
2026-05-22 14:30:00,309.315,309.57999,308.64001,308.70001,2681340
2026-05-22 15:30:00,308.70001,309.39999,307.97,308.88,4183601
2026-05-26 09:30:00,309.39999,311.82001,309.35001,311.72,9245876
2026-05-26 10:30:00,311.73001,311.81,310.85999,311.35999,3935923
2026-05-26 11:30:00,311.38,311.57001,309.76999,310.47049,3714586
2026-05-26 12:30:00,310.48499,310.76999,309.029999,309.185,5208906
2026-05-26 13:30:00,309.19,310.20001,309.10999,309.82999,2909764
2026-05-26 14:30:00,309.84,310.059998,308.079987,308.37991,3079448
2026-05-26 15:30:00,308.36011,308.95999,307.67001,308.38,4315325
2026-05-27 09:30:00,308.44,312.76999,308.32999,311.26001,9481876
2026-05-27 10:30:00,311.26001,313.26001,311.19,311.77499,11989445
2026-05-27 11:30:00,311.79001,312.14001,310.7001,311.23499,4954830
2026-05-27 12:30:00,311.23499,311.48499,310.38,310.47,3750614
2026-05-27 13:30:00,310.47,311.0,310.31,310.82999,2683160
2026-05-27 14:30:00,310.82321,310.88,309.76999,309.82001,2810007
2026-05-27 15:30:00,309.82001,311.10001,309.51999,310.92999,4216251
2026-05-28 09:30:00,310.67999,312.76001,309.60001,311.70001,7569372
2026-05-28 10:30:00,311.70001,311.97,311.049988,311.82501,3612059
2026-05-28 11:30:00,311.82501,311.94501,310.3075,310.44,3704416
2026-05-28 12:30:00,310.44501,311.62,309.57001,310.79999,3879761
2026-05-28 13:30:00,310.815,311.019989,310.10999,310.84,3474234
2026-05-28 14:30:00,310.79001,311.35501,310.25,311.315,5784657
2026-05-28 15:30:00,311.315,312.56,310.97,312.5,4816549
2026-05-29 09:30:00,311.77499,315.0,311.5,313.67499,8454465
2026-05-29 10:30:00,313.66,314.059998,310.42001,311.79999,5826258
2026-05-29 11:30:00,311.82999,312.019989,310.45001,311.19009,2789979
2026-05-29 12:30:00,311.20001,311.69,310.20001,310.42001,3360906
2026-05-29 13:30:00,310.42001,310.56,309.53,310.26001,3479522
2026-05-29 14:30:00,310.26001,311.63,310.20999,311.44501,4045756
2026-05-29 15:30:00,311.45001,313.10999,311.35999,312.070007,5323698
2026-06-01 09:30:00,309.535,310.92999,307.79999,307.84,10175199
2026-06-01 10:30:00,307.81,308.47,306.29999,306.5751,5691006
2026-06-01 11:30:00,306.56,307.26001,305.48999,305.72,4171810
2026-06-01 12:30:00,305.73999,306.53,305.029999,306.47,3705835
2026-06-01 13:30:00,306.51999,308.39999,306.31,307.87,3768496
2026-06-01 14:30:00,307.86499,308.32501,307.32999,307.42999,3948458
2026-06-01 15:30:00,307.435,308.040009,305.90991,306.32001,5261936
2026-06-02 09:30:00,307.45999,310.47,306.72,310.34,7411659
2026-06-02 10:30:00,310.375,312.92999,309.26001,312.70999,4895435
2026-06-02 11:30:00,312.70001,313.14999,312.040009,312.48999,3617660
2026-06-02 12:30:00,312.48001,315.10001,311.89999,314.67999,5289704
2026-06-02 13:30:00,314.67999,315.45001,313.755,314.23999,3783245
2026-06-02 14:30:00,314.25989,315.22,314.19,314.76501,3482397
2026-06-02 15:30:00,314.76001,315.44,314.029999,315.19,4596467
2026-06-03 09:30:00,314.17499,316.94,314.0,314.35001,9396189
2026-06-03 10:30:00,314.37,314.64999,310.31,311.66,6549146
2026-06-03 11:30:00,311.64001,312.19,309.51001,309.7601,6552624
2026-06-03 12:30:00,309.76001,310.465,308.85001,309.20999,3649007
2026-06-03 13:30:00,309.19501,309.98001,308.98001,309.84,2473331
2026-06-03 14:30:00,309.84,310.54001,309.26999,310.41501,3123761
2026-06-03 15:30:00,310.41501,311.10001,309.20001,310.38,6562646
2026-06-04 09:30:00,313.30499,313.54001,309.90009,310.25,9640009
2026-06-04 10:30:00,310.26001,311.35001,309.79999,310.39999,3601740
2026-06-04 11:30:00,310.41,311.10999,309.64999,310.63,3102831
2026-06-04 12:30:00,310.63,311.79001,310.48001,311.66501,3514607
2026-06-04 13:30:00,311.67001,311.97501,310.98999,311.42001,2206917
2026-06-04 14:30:00,311.41,312.070007,311.35919,311.94,2612939
2026-06-04 15:30:00,311.94,311.95999,310.26001,311.16,4150477
2026-06-05 09:30:00,312.98999,315.17001,312.39999,313.42499,10660699
2026-06-05 10:30:00,313.42001,314.75,312.23999,313.42999,4746478
2026-06-05 11:30:00,313.42001,314.1499,311.85001,312.0,4534835
2026-06-05 12:30:00,312.0050049,312.14999,309.57999,311.51001,7722107
2026-06-05 13:30:00,311.495,312.79999,311.38,311.526,4435527
2026-06-05 14:30:00,311.54001,312.019989,307.14999,308.91,11936672
2026-06-05 15:30:00,308.88,308.98001,307.35999,307.39001,7276594
2026-06-08 09:30:00,308.73901,315.17001,308.522,311.97501,10861725
2026-06-08 10:30:00,311.95999,315.35999,311.78,313.92999,5519448
2026-06-08 11:30:00,313.92999,314.98999,313.32001,313.66501,4972235
2026-06-08 12:30:00,313.67999,314.69,312.20999,314.57001,5529465
2026-06-08 13:30:00,314.565,317.39999,303.70999,304.85999,19927828
2026-06-08 14:30:00,304.89999,305.53,302.05011,302.70499,9894127
2026-06-08 15:30:00,302.70999,303.24451,301.17001,301.57001,7298835
2026-06-09 09:30:00,300.27499,300.72,292.20999,292.53,15558354
2026-06-09 10:30:00,292.5192,293.88,291.5,291.57999,9159006
2026-06-09 11:30:00,291.56,291.98001,289.48001,289.5,8529475
2026-06-09 12:30:00,289.5,291.13,287.78,290.45999,8503325
2026-06-09 13:30:00,290.44,290.95001,289.34,290.95001,4788451
2026-06-09 14:30:00,290.94,291.92001,290.29001,291.13,5060332
2026-06-09 15:30:00,291.12,291.67999,288.79999,290.35999,7035820
2026-06-10 09:30:00,290.76501,291.19,287.38,289.73499,10605790
2026-06-10 10:30:00,289.70999,290.64999,288.44501,289.98999,6107494
2026-06-10 11:30:00,289.95001,291.73999,289.73999,291.73001,4540251
2026-06-10 12:30:00,291.73999,293.22949,291.35651,293.15009,5485757
2026-06-10 13:30:00,293.16,294.745,292.51041,294.31,6365580
2026-06-10 14:30:00,294.29999,294.29999,291.62,291.92999,4615300
2026-06-10 15:30:00,291.92001,292.94,291.39001,291.5,4931671
2026-06-11 09:30:00,293.72,293.95001,289.75,290.57999,7113950
2026-06-11 10:30:00,290.60999,291.82001,289.60001,291.19,4285370
2026-06-11 11:30:00,291.17999,293.9444,291.061493,292.98499,3842780
2026-06-11 12:30:00,292.95999,296.0,292.91,295.95499,3619906
2026-06-11 13:30:00,295.98999,297.0,295.13,295.54001,4161010
2026-06-11 14:30:00,295.5401,296.070007,295.019989,295.39999,3129975
2026-06-11 15:30:00,295.41,296.17999,294.70001,295.35999,5661836
2026-06-12 09:30:00,296.079987,297.14001,290.60999,291.995,9097938
2026-06-12 10:30:00,291.98001,292.98999,290.01001,292.875,4676620
2026-06-12 11:30:00,292.85999,292.85999,290.81,291.57999,3654099
2026-06-12 12:30:00,291.57001,292.245,290.75,291.46011,3070602
2026-06-12 13:30:00,291.48001,291.51001,289.62,290.22501,3083422
2026-06-12 14:30:00,290.22,290.97,290.22,290.64001,3042374
2026-06-12 15:30:00,290.64001,291.64001,290.19,291.079987,4023717
2026-06-15 09:30:00,294.12,296.32861,291.70001,295.67999,9626670
2026-06-15 10:30:00,295.70999,296.89999,295.39999,296.53,4048336
2026-06-15 11:30:00,296.54001,297.78,296.22,297.23999,3767794
2026-06-15 12:30:00,297.23001,297.36499,296.25,296.66,2821133
2026-06-15 13:30:00,296.66,297.0,294.95999,295.070007,3434466
2026-06-15 14:30:00,295.075012,296.60999,295.01001,296.5,3208031
2026-06-15 15:30:00,296.495,296.67001,295.60999,296.42001,18202384
2026-06-16 09:30:00,295.245,298.0,293.97,297.535,6748020
2026-06-16 10:30:00,297.535,298.45001,296.95001,298.20001,4597668
2026-06-16 11:30:00,298.22,299.27499,297.5,298.94,3946079
2026-06-16 12:30:00,298.94,300.48001,298.80411,300.27499,3798624
2026-06-16 13:30:00,300.26001,300.45999,298.56799,298.72501,2578695
2026-06-16 14:30:00,298.72009,299.63031,298.22,298.34,3427537
2026-06-16 15:30:00,298.32999,299.48999,298.23001,299.25,4462522
2026-06-17 09:30:00,300.845,302.070007,299.22198,300.45001,6436096
2026-06-17 10:30:00,300.45001,300.53949,297.089996,297.42999,4056794
2026-06-17 11:30:00,297.42999,299.16,296.64001,298.61499,3750244
2026-06-17 12:30:00,298.62979,298.745,296.57001,296.81,2613201
2026-06-17 13:30:00,296.79999,297.60001,295.32999,295.83499,3339881
2026-06-17 14:30:00,295.82001,296.42001,294.38,295.185,4315796
2026-06-17 15:30:00,295.16,296.22,294.59,295.88,4437435
2026-06-18 09:30:00,298.44,300.4599,295.62,299.60999,26189695
2026-06-18 10:30:00,299.61499,300.57001,296.95999,297.10999,8140647
2026-06-18 11:30:00,297.10001,297.73001,295.95001,297.48999,6232099
2026-06-18 12:30:00,297.48499,298.35989,296.84,297.82001,3319629
2026-06-18 13:30:00,297.82501,297.98499,297.01001,297.10999,2384713
2026-06-18 14:30:00,297.14001,298.070007,297.0401,297.38,2913094
2026-06-18 15:30:00,297.35999,299.23941,297.059998,297.89001,5250521
2026-06-22 09:30:00,297.5,302.42001,297.5,301.20001,8668767
2026-06-22 10:30:00,301.20999,301.23001,299.035004,299.94,4311646
2026-06-22 11:30:00,299.94,301.4299,299.75,300.53989,2951222
2026-06-22 12:30:00,300.51999,300.67999,299.45001,299.81,2690789
2026-06-22 13:30:00,299.815,299.85999,298.58301,298.92001,2455391
2026-06-22 14:30:00,298.92001,299.34,298.59009,299.059998,2926458
2026-06-22 15:30:00,299.059998,299.089996,296.79001,296.79001,6099091
2026-06-23 09:30:00,296.5,301.64001,296.20001,300.50659,9260481
2026-06-23 10:30:00,300.51999,300.88,298.39999,298.54999,4488606
2026-06-23 11:30:00,298.54501,298.88501,297.35001,298.6199,3832130
2026-06-23 12:30:00,298.58499,299.47,297.88,299.39499,3364678
2026-06-23 13:30:00,299.39499,300.084991,298.34,298.51999,3348073
2026-06-23 14:30:00,298.52499,298.86761,295.31,295.84009,5096967
2026-06-23 15:30:00,295.84,296.5,294.21201,294.28,7805347
2026-06-24 09:30:00,295.375,296.45999,293.20001,295.465,6118447
2026-06-24 10:30:00,295.45999,298.88,295.10999,298.785,4101414
2026-06-24 11:30:00,298.76001,299.70001,297.8396,298.070007,3791472
2026-06-24 12:30:00,298.049988,298.049988,295.79999,296.42001,3403888
2026-06-24 13:30:00,296.41,296.86441,295.38,296.0,3969113
2026-06-24 14:30:00,296.0,296.17999,294.16,294.94009,5185415
2026-06-24 15:30:00,294.92999,295.37,292.94,293.26001,7615869
2026-06-25 09:30:00,287.51001,288.79999,277.45999,279.63,22743842
2026-06-25 10:30:00,279.63501,280.089996,276.44,277.64001,10113501
2026-06-25 11:30:00,277.66,279.64499,274.45999,274.565,9158306
2026-06-25 12:30:00,274.565,278.39001,273.75,278.040009,13584165
2026-06-25 13:30:00,278.049988,280.17999,276.19,279.345,8443492
2026-06-25 14:30:00,279.35001,280.22009,276.040009,276.72501,9371195
2026-06-25 15:30:00,276.70001,277.45001,273.89999,275.049988,15625008
2026-06-26 09:30:00,275.0,278.92999,274.20999,278.26001,17026804
2026-06-26 10:30:00,278.28,280.47,278.079987,279.029999,10384490
2026-06-26 11:30:00,279.025909,279.45001,275.25,275.89999,13230253
2026-06-26 12:30:00,275.89999,279.37,275.89999,279.19501,7971369
2026-06-26 13:30:00,279.17999,281.29999,278.64081,280.19,8257248
2026-06-26 14:30:00,280.19501,281.82999,279.41,280.14999,15570070
2026-06-26 15:30:00,280.14999,285.95001,280.0,281.20001,23523027
2026-06-29 09:30:00,286.85999,288.36969,280.45001,280.87,10629459
2026-06-29 10:30:00,280.88,282.82999,280.32999,282.33011,7865974
2026-06-29 11:30:00,282.3425,283.034485,280.22,280.56,7404129
2026-06-29 12:30:00,280.56,281.54001,279.85001,281.48001,5224516
2026-06-29 13:30:00,281.47,282.29999,280.85999,281.54999,4206523
2026-06-29 14:30:00,281.54999,283.077515,281.45499,282.67999,5654409
2026-06-29 15:30:00,282.70999,282.73999,281.47,281.63,6544751
2026-06-30 09:30:00,281.17001,286.28989,280.69501,286.024994,9106597
2026-06-30 10:30:00,286.01001,288.66,285.26001,288.26999,5769602
2026-06-30 11:30:00,288.28,289.38,287.81,288.14499,4424512
2026-06-30 12:30:00,288.16,289.66,288.125,288.42999,3373069
2026-06-30 13:30:00,288.44501,289.19,287.85501,288.089996,3500049
2026-06-30 14:30:00,288.084991,288.17999,286.67999,287.53,4344541
2026-06-30 15:30:00,287.53,289.91,287.42001,289.089996,8374915
2026-07-01 09:30:00,293.32999,293.47989,289.19501,293.059998,8755422
2026-07-01 10:30:00,293.059998,296.59,292.73001,295.75171,6765940
2026-07-01 11:30:00,295.78,295.79001,294.63,294.94501,3404930
2026-07-01 12:30:00,294.94501,295.059906,293.92001,294.089996,3566425
2026-07-01 13:30:00,294.079987,295.10001,292.70001,294.80499,5502330
2026-07-01 14:30:00,294.81,295.53,294.0,294.015106,4406744
2026-07-01 15:30:00,294.0,295.54999,293.75009,294.25,6231653
2026-07-02 09:30:00,294.084991,305.32001,293.67999,305.049988,15588276
2026-07-02 10:30:00,305.044006,307.82001,304.85001,305.41501,11321356
2026-07-02 11:30:00,305.42001,308.45001,305.28,308.089996,7200646
2026-07-02 12:30:00,308.089996,308.52991,306.67001,307.80499,6654699
2026-07-02 13:30:00,307.80499,308.29999,306.8201,307.32999,5550150
2026-07-02 14:30:00,307.34,308.31,307.13,307.42499,5450575
2026-07-02 15:30:00,307.44,309.42001,307.20999,308.22,8660612
2026-07-06 09:30:00,307.67999,311.75,307.01001,311.73001,10212875
2026-07-06 10:30:00,311.70001,313.60001,311.21011,313.57999,6250328
2026-07-06 11:30:00,313.58499,314.20001,312.23001,312.25,4817415
2026-07-06 12:30:00,312.245,312.98001,311.85001,312.38,6272773
2026-07-06 13:30:00,312.3876,313.1499,312.10999,313.070007,2501244
2026-07-06 14:30:00,313.079987,313.56,312.91,313.39999,3451883
2026-07-06 15:30:00,313.41501,313.73999,312.049988,312.81,4988391
2026-07-07 09:30:00,315.29001,315.48001,310.14999,311.45001,8945230
2026-07-07 10:30:00,311.45001,314.13,310.98999,314.079987,5204771
2026-07-07 11:30:00,314.10251,314.73001,312.67999,313.17001,5936440
2026-07-07 12:30:00,313.14001,314.01001,312.27011,312.84,2794519
2026-07-07 13:30:00,312.82001,313.0,311.85001,312.6192,2641358
2026-07-07 14:30:00,312.62,313.17999,311.56,311.89499,4260675
2026-07-07 15:30:00,311.89999,312.32001,310.32999,310.66,11962573
2026-07-08 09:30:00,311.66,312.0,307.051514,308.85001,7602776
2026-07-08 10:30:00,308.82001,310.85001,308.70001,310.065002,4149375
2026-07-08 11:30:00,310.079987,311.79001,309.315,311.60001,3488474
2026-07-08 12:30:00,311.60001,314.19,311.34,314.1199,4629049
2026-07-08 13:30:00,314.13,314.81,311.15039,314.125,4294797
2026-07-08 14:30:00,314.125,314.39999,313.64999,313.815,3477947
2026-07-08 15:30:00,313.815,314.20001,312.75,313.26001,4786508
2026-07-09 09:30:00,310.44501,312.29999,308.16,312.089996,7601316
2026-07-09 10:30:00,312.070007,314.85001,310.7012,314.45999,4078964
2026-07-09 11:30:00,314.46991,315.22,314.10001,314.89999,8485039
2026-07-09 12:30:00,314.90009,315.5,314.31,314.72141,4552794
2026-07-09 13:30:00,314.72351,315.31989,314.23499,314.56,4088119
2026-07-09 14:30:00,314.56,315.69,314.25,315.41,3058281
2026-07-09 15:30:00,315.42001,316.53,315.39001,316.17999,4155824
2026-07-10 09:30:00,314.72,316.39001,312.93011,313.13,6346453
2026-07-10 10:30:00,313.12,314.10999,312.17001,313.34,4170673
2026-07-10 11:30:00,313.35001,314.51401,312.32001,314.35501,2588249
2026-07-10 12:30:00,314.37,314.78,313.94,314.45999,1701568
2026-07-10 13:30:00,314.47,314.89001,313.89029,314.84009,1530749
2026-07-10 14:30:00,314.85999,316.47989,314.73999,316.16,3576384
2026-07-10 15:30:00,316.14999,316.91,314.78,315.3299,3989622
2026-07-13 09:30:00,317.015015,323.45001,316.45001,320.19,12156474
2026-07-13 10:30:00,320.20999,320.29501,316.85001,317.22,3994197
2026-07-13 11:30:00,317.22,317.89999,316.089996,317.37,3728751
2026-07-13 12:30:00,317.34,317.44,315.78,316.47,3615264
2026-07-13 13:30:00,316.48999,316.845,315.89999,316.84052,2611845
2026-07-13 14:30:00,316.85999,317.51999,316.17001,316.32999,4128503
2026-07-13 15:30:00,316.32501,317.73999,316.049988,317.42001,4034346
2026-07-14 09:30:00,313.64001,315.685,311.91,314.94199,6954014
2026-07-14 10:30:00,314.95001,316.19,314.020508,314.29999,4610996
2026-07-14 11:30:00,314.32001,314.87,312.87,313.26999,3168667
2026-07-14 12:30:00,313.26001,314.97,313.10999,314.87,2646535
2026-07-14 13:30:00,314.89001,315.39001,314.59,315.22,1929118
2026-07-14 14:30:00,315.22,315.87,314.82001,315.70499,2224839
2026-07-14 15:30:00,315.70499,315.76001,314.59,314.92001,3016895
2026-07-15 09:30:00,317.625,325.67999,317.32001,324.70999,13551334
2026-07-15 10:30:00,324.70999,325.67999,323.54001,325.62,6278014
2026-07-15 11:30:00,325.60999,328.53,325.16,328.17001,7315724
2026-07-15 12:30:00,328.16,328.5,325.97,326.98999,5967302
2026-07-15 13:30:00,327.0,328.0,326.64999,327.79001,3896347
2026-07-15 14:30:00,327.78,328.72,326.85999,327.059998,4546317
2026-07-15 15:30:00,327.040009,328.35001,325.72,327.57001,8018122
2026-07-16 09:30:00,328.0050049,331.41,326.79001,330.37,12802968
2026-07-16 10:30:00,330.34,331.14999,329.35001,330.63,5287556
2026-07-16 11:30:00,330.65009,332.28,327.5,331.14001,4606871
2026-07-16 12:30:00,331.18991,332.97,329.85999,332.89999,5689496
2026-07-16 13:30:00,332.89819,333.54999,329.34,331.26001,6798812
2026-07-16 14:30:00,331.23999,334.67999,330.91,332.98999,7975310
2026-07-16 15:30:00,333.0,333.70001,330.76999,333.26999,8204005
2026-07-17 09:30:00,332.54001,334.98001,329.00061035,331.84,16544554
2026-07-17 10:30:00,331.88,334.76669,331.85001,334.655,6533789
2026-07-17 11:30:00,334.66989,334.8699,330.0,331.745,6252902
2026-07-17 12:30:00,331.72,333.5,329.16,330.54001,6274349
2026-07-17 13:30:00,330.5108,333.23001,330.079987,332.375,4577738
2026-07-17 14:30:00,332.375,334.67001,332.10999,332.82999,6035699
2026-07-17 15:30:00,332.78,334.38,332.26001,333.73999,6369671
2026-07-20 09:30:00,333.024994,333.70999,326.10999,327.019989,11178368
2026-07-20 10:30:00,327.019989,328.019989,324.42001,324.89999,7312927
2026-07-20 11:30:00,324.94,326.54501,324.87,325.0,4701093
2026-07-20 12:30:00,325.019989,325.14499,323.70001,324.72,4126525
2026-07-20 13:30:00,324.73001,326.48999,324.20001,325.94,5044844
2026-07-20 14:30:00,325.98001,329.079987,325.31,329.019989,5761535
2026-07-20 15:30:00,329.01001,329.76001,326.32001,326.70001,5528498
2026-07-21 09:30:00,323.345,327.029999,322.2204,326.73999,9697821
2026-07-21 10:30:00,326.72,328.45001,326.20999,328.38501,4005270
2026-07-21 11:30:00,328.38,329.60001,327.755,328.62,3516853
2026-07-21 12:30:00,328.621,328.82999,327.0,327.070007,3845150
2026-07-21 13:30:00,327.070007,327.87,326.72,327.23999,3598490
2026-07-21 14:30:00,327.25,328.48999,327.17999,327.935,2991406
2026-07-21 15:30:00,327.92999,328.10001,327.14001,327.59,3687722
2026-07-22 09:30:00,327.875,328.99951,324.32999,324.47501,6559605
2026-07-22 10:30:00,324.495,325.81,324.070007,325.79999,3700418
2026-07-22 11:30:00,325.76501,325.89001,324.37,324.88501,4081820
2026-07-22 12:30:00,324.88501,324.95001,323.34,323.66501,2995117
2026-07-22 13:30:00,323.66501,324.019989,323.55499,323.92999,1648241
2026-07-22 14:30:00,323.9299,324.70001,323.82999,324.44,2532403
2026-07-22 15:30:00,324.44,326.91,323.98001,325.87,5469385
2026-07-23 09:30:00,321.73001,323.29999,319.35001,321.48999,7808169
2026-07-23 10:30:00,321.465,322.91,320.715,321.28,3963966
2026-07-23 11:30:00,321.29001,321.54999,320.070007,320.35989,4791936
2026-07-23 12:30:00,320.31,321.049988,320.0,320.87,2240708
2026-07-23 13:30:00,320.87009,321.39899,320.0,320.26999,2551049
2026-07-23 14:30:00,320.27499,321.20001,319.76001,320.41989,3757792
2026-07-23 15:30:00,320.38,321.98001,320.040009,321.60999,4281719
2026-07-24 09:30:00,324.375,329.439,323.23001,328.79999,8588947
2026-07-24 10:30:00,328.79501,331.92999,328.70999,331.76501,6271725
2026-07-24 11:30:00,331.77499,334.37,331.67001,333.72,6621698
2026-07-24 12:30:00,333.69501,334.22,332.15051,332.39999,3846747
2026-07-24 13:30:00,332.39499,333.19,332.14001,332.26501,2780581
2026-07-24 14:30:00,332.26501,333.23001,332.059998,332.48999,6248052
2026-07-24 15:30:00,332.48001,333.45001,331.85001,333.070007,4719723
2026-07-27 09:30:00,334.89999,338.14001,334.019989,337.69,11270804
2026-07-27 10:30:00,337.70001,339.5,336.12,338.73999,7762742
2026-07-27 11:30:00,338.73001,339.57001,336.75,337.4501,6554357
2026-07-27 12:30:00,337.45999,338.13,335.67999,336.049988,3314628
2026-07-27 13:30:00,336.070007,336.79999,335.049988,335.14999,3140907
2026-07-27 14:30:00,335.14999,336.23999,334.70001,335.72,3486673
2026-07-27 15:30:00,335.72,337.22,335.64999,336.92001,3614510
2026-07-28 09:30:00,340.029999,342.89001,335.60001,337.95999,13575047
2026-07-28 10:30:00,337.98001,339.66879,336.60001,339.26999,5797429
2026-07-28 11:30:00,339.24011,340.14001,339.0,339.81,4043365
2026-07-28 12:30:00,339.82999,340.5799,338.93011,339.029999,3106607
2026-07-28 13:30:00,339.040009,340.15991,339.0,339.84,3223079
2026-07-28 14:30:00,339.84,339.89001,338.28,339.20001,3590020
2026-07-28 15:30:00,339.16,340.53,339.10001,340.16,6415578
2026-07-29 09:30:00,339.69,343.67001,339.56,341.16,10935247
2026-07-29 10:30:00,341.17001,341.73999,339.51999,339.81,4890702
2026-07-29 11:30:00,339.82999,341.56,339.76001,341.26999,3546410
2026-07-29 12:30:00,341.25,343.44891,340.049988,342.72,3813347
2026-07-29 13:30:00,342.69501,344.56989,342.35001,343.58771,5124505
2026-07-29 14:30:00,343.59,343.94,341.32999,341.53,4812676
2026-07-29 15:30:00,341.56,341.56,337.3501,338.070007,8640481
2026-07-30 09:30:00,333.13,334.48001,330.35001,331.31,13578994
2026-07-30 10:30:00,331.29999,333.032288,329.59,331.22,6768257
2026-07-30 11:30:00,331.23499,332.60001,330.63,332.089996,6061981
2026-07-30 12:30:00,332.089996,332.85001,331.405,332.089996,4068798
2026-07-30 13:30:00,332.079987,333.98001,331.72009,333.10001,3594892
2026-07-30 14:30:00,333.12,334.089996,332.89999,333.16,4768291
2026-07-30 15:30:00,333.16,334.75,332.31,333.85001,6035501
2026-07-31 09:30:00,304.81,306.89999,300.32999,302.73999,42271625
2026-07-31 10:30:00,302.755,304.25,301.64001,301.73001,10897816
2026-07-31 11:30:00,301.73001,302.82001,300.39999,300.54001,9857216
2026-07-31 12:30:00,300.56,301.83429,300.0,301.20001,7813750
2026-07-31 13:30:00,301.20001,302.42001,300.5,301.73001,9575659
2026-07-31 14:30:00,301.76001,305.70999,301.745,305.655,11851963
2026-07-31 15:30:00,305.66,310.66,305.019989,309.029999,20642958
2026-08-03 09:30:00,309.67001,311.79999,304.34,305.55011,15181869
2026-08-03 10:30:00,305.54999,306.44,303.89999,304.215,9512430
2026-08-03 11:30:00,304.215,306.35999,302.56,306.35999,8017561
2026-08-03 12:30:00,306.35001,307.54001,305.89999,307.22501,6899047
2026-08-03 13:30:00,307.22501,307.23001,305.5,305.52029,4746952
2026-08-03 14:30:00,305.53,305.97,304.79999,305.045013,5628929
2026-08-03 15:30:00,305.045013,305.079987,302.67999,303.26999,10186067
2026-08-04 09:30:00,303.79001,307.14001,302.45001,306.81,16371244
2026-08-04 10:30:00,306.85999,306.8999,305.22501,305.67389,5755639
2026-08-04 11:30:00,305.67001,306.73001,305.48999,306.505,4275297
2026-08-04 12:30:00,306.505,310.42001,306.34,308.89999,6489764
2026-08-04 13:30:00,308.89999,310.13,308.66,309.32001,5054926
2026-08-04 14:30:00,309.31,309.79999,308.25,309.57999,4685626
2026-08-04 15:30:00,309.57999,310.42001,308.88,309.39001,5711308
2026-08-05 09:30:00,309.35999,309.38,305.67001,306.72751,10544948
2026-08-05 10:30:00,306.70001,311.70819,306.26999,308.595,7426689
2026-08-05 11:30:00,308.595,309.44,307.82999,308.63989,3930602
2026-08-05 12:30:00,308.63,309.98001,308.45001,309.73999,2598651
2026-08-05 13:30:00,309.75,310.22,308.079987,308.19009,2656326
2026-08-05 14:30:00,308.2092,309.879,308.084991,309.62009,4050737
2026-08-05 15:30:00,309.60999,311.55499,309.39001,310.92001,6126779
2026-08-06 09:30:00,314.34,316.2894,312.12,312.84,10486977
2026-08-06 10:30:00,312.79999,313.64001,309.66,310.10001,5738168
2026-08-06 11:30:00,310.10501,311.26001,309.23001,311.15701,3774543
2026-08-06 12:30:00,311.16,311.76001,310.70999,311.20059,3748424
2026-08-06 13:30:00,311.20999,312.42001,311.18011,312.23999,2450423
2026-08-06 14:30:00,312.24771,312.82001,311.88,312.57999,3027688
2026-08-06 15:30:00,312.59,312.94,311.78,312.45001,3796760
2026-08-07 09:30:00,312.0,314.13501,310.73999,314.079987,7215243
2026-08-07 10:30:00,314.089996,314.81,313.0,313.35999,4161883
2026-08-07 11:30:00,313.35999,313.42001,311.54001,311.69,3258407
2026-08-07 12:30:00,311.69501,312.90329,311.61011,312.73999,2173574
2026-08-07 13:30:00,312.73999,313.25,311.82001,311.91901,2366404
2026-08-07 14:30:00,311.9101,313.39001,311.67999,313.2775,2613734
2026-08-07 15:30:00,313.28,314.17999,312.92499,313.29999,4253428
2026-08-10 09:30:00,306.82999,307.4559,304.63,306.88,14208722
2026-08-10 10:30:00,306.89709,307.2099,306.22501,306.5585,3672651
2026-08-10 11:30:00,306.52051,307.24719,305.049988,305.53,4150321
2026-08-10 12:30:00,305.54999,306.79001,305.17001,306.47,2973562
2026-08-10 13:30:00,306.47,306.98999,306.0,306.715,2554763
2026-08-10 14:30:00,306.71991,307.66989,306.60001,307.23001,3143432
2026-08-10 15:30:00,307.22,308.23001,306.87,308.19,4503724
2026-08-11 09:30:00,307.75,309.97,305.67001,306.19,8080038
2026-08-11 10:30:00,306.19,306.94,306.049988,306.70499,2532263
2026-08-11 11:30:00,306.70001,307.60999,306.45001,306.55499,2657630
2026-08-11 12:30:00,306.57001,306.59,305.6987,306.19,2318016
2026-08-11 13:30:00,306.16501,306.51999,302.79001,303.29999,4171291
2026-08-11 14:30:00,303.2757,305.20001,302.97,305.16,3965892
2026-08-11 15:30:00,305.16,305.29999,303.75,304.89999,4718904
2026-08-12 09:30:00,305.13,305.66,302.17999,302.345,7719258
2026-08-12 10:30:00,302.35999,303.19,301.029999,301.079987,4848995
2026-08-12 11:30:00,301.089905,301.82001,300.57001,301.51001,3572317
2026-08-12 12:30:00,301.51501,302.51001,301.41,302.1601,2585592
2026-08-12 13:30:00,302.17001,302.2977,301.059998,301.125,3113898
2026-08-12 14:30:00,301.12,302.039886,301.040009,301.67999,4654586
2026-08-12 15:30:00,301.67001,302.25,301.0,302.22501,5484429
2026-08-13 09:30:00,304.258,305.95999,302.049988,305.64499,11220852
2026-08-13 10:30:00,305.66,306.0,303.54999,303.72,4294720
2026-08-13 11:30:00,303.73001,303.98499,302.57001,303.42999,3040931
2026-08-13 12:30:00,303.435,303.76001,302.85001,303.34,2276605
2026-08-13 13:30:00,303.33011,303.89999,302.92999,303.31,2056919
2026-08-13 14:30:00,303.31,304.60999,303.029999,304.39999,3700940
2026-08-13 15:30:00,304.38,305.32001,303.97,305.32001,3755421
2026-08-14 09:30:00,306.028015,307.48999,304.76001,304.98999,6735349
2026-08-14 10:30:00,305.019989,305.9599,304.29999,305.5329,2774970
2026-08-14 11:30:00,305.54501,305.91681,304.97,305.44501,1655298
2026-08-14 12:30:00,305.44501,305.565,305.079987,305.1944,1717424
2026-08-14 13:30:00,305.19501,306.25,305.040009,305.979,2580373
2026-08-14 14:30:00,305.98001,306.17999,305.26999,305.94501,1983226
2026-08-14 15:30:00,305.92999,306.040009,305.5,305.95001,2812891
2026-08-17 09:30:00,306.20999,307.66,304.054993,304.495,7901505
2026-08-17 10:30:00,304.48419,304.91,303.64999,304.535,4144849
2026-08-17 11:30:00,304.54001,304.59509,303.049988,303.55499,2930675
2026-08-17 12:30:00,303.56,304.42499,302.939,304.41501,2489734
2026-08-17 13:30:00,304.41501,304.94,303.95999,304.70499,2462965
2026-08-17 14:30:00,304.70001,306.16,304.69049,306.14499,2925518
2026-08-17 15:30:00,306.14999,306.32001,305.029999,305.69,3981136
2026-08-18 09:30:00,307.53,310.26999,305.73999,309.65991,12040495
2026-08-18 10:30:00,309.64001,311.48999,309.60001,310.42999,5798137
2026-08-18 11:30:00,310.42999,310.64001,309.011993,310.61499,3765824
2026-08-18 12:30:00,310.62,310.94,310.20001,310.39999,3345582
2026-08-18 13:30:00,310.39999,310.6499,309.75,310.62769,3979233
2026-08-18 14:30:00,310.60999,311.23999,309.37,309.70999,3801923
2026-08-18 15:30:00,309.69501,311.069,309.60141,310.20001,5897762
2026-08-19 09:30:00,310.13,317.81,309.60001,316.01001,12465429
2026-08-19 10:30:00,315.95999,319.27991,315.755,318.17999,5409560
2026-08-19 11:30:00,318.185,318.23001,315.966,316.56,3124257
2026-08-19 12:30:00,316.54999,316.54999,314.48999,315.059998,3532239
2026-08-19 13:30:00,315.059998,315.819,314.77499,314.84,2825989
2026-08-19 14:30:00,314.85999,316.73001,314.29001,316.67841,5086965
2026-08-19 15:30:00,316.66,316.88,315.20001,316.88,5339532
2026-08-20 09:30:00,317.45499,320.28,316.22,316.47,15228772
2026-08-20 10:30:00,316.42999,317.78,316.0,317.22,28647164
2026-08-20 11:30:00,317.22989,317.25,315.95999,316.465,2014832
2026-08-20 12:30:00,316.465,317.63,316.29001,316.67001,2026322
2026-08-20 13:30:00,316.66,316.85999,314.82001,314.84,2545522
2026-08-20 14:30:00,314.81009,315.70001,313.29999,313.37,3157085
2026-08-20 15:30:00,313.39001,313.64999,310.64999,311.34,27038848
2026-08-21 09:30:00,312.049988,312.38,307.01001,307.79501,13705396
2026-08-21 10:30:00,307.82001,310.64001,307.60001,310.60001,6775783
2026-08-21 11:30:00,310.61499,311.92999,310.39999,311.20319,4259150
2026-08-21 12:30:00,311.20001,311.64001,310.26999,311.059998,2476819
2026-08-21 13:30:00,311.019989,311.16,308.40051,308.47,3310276
2026-08-21 14:30:00,308.47501,309.85001,308.16,309.73999,3035461
2026-08-21 15:30:00,309.75,310.17899,309.16,309.42001,3550095
2026-08-24 09:30:00,311.47,313.19989,309.97,312.94,6606871
2026-08-24 10:30:00,312.92999,313.32999,311.53,312.23999,14042860
2026-08-24 11:30:00,312.23999,312.39001,311.34,311.92859,39421478
2026-08-24 12:30:00,311.91,313.35999,311.85999,312.1199,73922517
2026-08-24 13:30:00,312.11899,312.35001,311.5,311.73999,17577997
2026-08-24 14:30:00,311.72,311.84,310.72,311.25,2189038
2026-08-24 15:30:00,311.23001,311.27991,310.172,310.35001,3344278
2026-08-25 09:30:00,310.935,313.57999,309.64999,310.084991,18779984
2026-08-25 10:30:00,310.079987,310.79001,308.39001,309.31009,16662368
2026-08-25 11:30:00,309.31,310.19,309.22,309.95499,11793236
2026-08-25 12:30:00,309.95001,310.10001,309.5,309.655,11596176
2026-08-25 13:30:00,309.655,310.34,308.60999,309.54001,15323697
2026-08-25 14:30:00,309.55499,309.60999,308.20999,308.97009,2209387
2026-08-25 15:30:00,308.97009,310.29999,308.62,309.82999,2846865
2026-08-26 09:30:00,310.245,313.41989,308.80011,311.79501,5614890
2026-08-26 10:30:00,311.79001,313.45001,311.66,312.51999,3001676
2026-08-26 11:30:00,312.51999,313.94,312.17999,313.29471,39453375
2026-08-26 12:30:00,313.30499,313.48001,312.5,313.13,13682756
2026-08-26 13:30:00,313.155,313.25,312.65009,313.049896,43402292
2026-08-26 14:30:00,313.029999,315.25,312.95001,314.8446,3850079
2026-08-26 15:30:00,314.85999,315.42999,313.19,313.48999,24495255
2026-08-27 09:30:00,311.98999,312.10199,309.40009,310.79211,7249485
2026-08-27 10:30:00,310.79999,315.16,310.63,314.64999,23642110
2026-08-27 11:30:00,314.655,315.079895,314.11011,314.57001,26563156
2026-08-27 12:30:00,314.565,315.39999,314.25,315.26999,16796673
2026-08-27 13:30:00,315.28,315.34,313.9935,314.17999,18251651
2026-08-27 14:30:00,314.20001,314.58701,313.44501,313.57001,1894911
2026-08-27 15:30:00,313.57999,315.089996,313.37,314.57501,24009727
2026-08-28 09:30:00,317.088013,318.13,315.45041,316.72501,11358972
2026-08-28 10:30:00,316.72501,322.029999,316.51999,321.94,31762461
2026-08-28 11:30:00,321.95499,322.37,320.535,320.97,4403946
2026-08-28 12:30:00,320.94501,321.51999,319.58011,319.73999,2541951
2026-08-28 13:30:00,319.81,320.049988,319.37,319.54001,46327028
2026-08-28 14:30:00,319.54999,319.98999,319.049988,319.54501,28354277
2026-08-28 15:30:00,319.78259,320.32999,319.5,319.64001,3423835
2026-08-31 09:30:00,319.56,321.23499,315.45001,315.70999,6501007
2026-08-31 10:30:00,315.70999,315.82001,314.35999,315.069885,3307355
2026-08-31 11:30:00,315.040009,315.22501,313.94,314.67001,2437167
2026-08-31 12:30:00,314.60001,316.0,312.79999,313.88,3893327
2026-08-31 13:30:00,313.85001,316.019989,313.38501,315.685,2695119
2026-08-31 14:30:00,315.68188,316.16,315.01001,316.024994,2227790
2026-08-31 15:30:00,316.029999,317.69,315.70999,317.23001,5002995
2026-09-01 09:30:00,316.98001,325.39001,314.737,325.34451,14540988
2026-09-01 10:30:00,325.33511,325.85999,322.73999,324.60001,7060269
2026-09-01 11:30:00,324.62,327.29999,324.019989,326.66,5503251
2026-09-01 12:30:00,326.67999,326.88501,324.48499,324.64999,4497727
2026-09-01 13:30:00,324.69,325.75,324.32001,325.20999,2879767
2026-09-01 14:30:00,325.20001,325.92999,324.3905,325.57001,3499348
2026-09-01 15:30:00,325.60999,325.888,324.10001,325.14001,5754962
2026-09-02 09:30:00,326.97,328.39999,323.53,324.57001,8140570
2026-09-02 10:30:00,324.58499,326.54999,324.0,326.54999,3210077
2026-09-02 11:30:00,326.53,327.054993,323.89499,324.66989,5659496
2026-09-02 12:30:00,324.66,326.5,324.62,325.075012,2691833
2026-09-02 13:30:00,325.075012,326.48999,324.68039,326.2955,2545852
2026-09-02 14:30:00,326.30991,326.42999,324.6001,325.64001,2781766
2026-09-02 15:30:00,325.6405,325.95001,324.67001,324.98999,3065203
2026-09-03 09:30:00,324.94769,330.31,324.10999,329.715,7570945
2026-09-03 10:30:00,329.715,330.81,327.60999,329.82999,5915118
2026-09-03 11:30:00,329.85001,330.57001,329.23999,330.069885,2989051
2026-09-03 12:30:00,330.040009,330.23999,327.45001,327.73001,2487437
2026-09-03 13:30:00,327.72,328.040009,326.67999,327.12,2895532
2026-09-03 14:30:00,327.14499,327.84,326.51001,327.79501,3166307
2026-09-03 15:30:00,327.79001,328.84,327.41,328.20999,3531235
2026-09-04 09:30:00,328.30499,328.92999,320.44,320.70999,9203066
2026-09-04 10:30:00,320.70999,321.16,317.85999,319.47,6226795
2026-09-04 11:30:00,319.47,321.32919,319.10999,320.5,4008228
2026-09-04 12:30:00,320.5174,321.89999,320.4101,321.685,2654137
2026-09-04 13:30:00,321.67999,321.67999,320.73999,320.88,1957604
2026-09-04 14:30:00,320.88,322.10001,320.85999,321.785,2682837
2026-09-04 15:30:00,321.76999,321.80911,319.651,319.98999,4295687
2026-09-08 09:30:00,317.12,320.70001,315.29199,315.67001,7866168
2026-09-08 10:30:00,315.67001,316.78,315.26999,316.24911,3628788
2026-09-08 11:30:00,316.245,316.81,315.45999,316.084991,2793598
2026-09-08 12:30:00,316.10001,316.56,315.75,316.26999,2043779
2026-09-08 13:30:00,316.272,316.73999,315.94101,316.39001,2237699
2026-09-08 14:30:00,316.39499,316.53,314.92001,315.79999,3695049
2026-09-08 15:30:00,315.80011,316.69,315.52499,316.35001,3631577
2026-09-09 09:30:00,315.93011,318.13,314.32999,314.75,7809919
2026-09-09 10:30:00,314.70999,314.71011,312.10999,312.50259,5239070
2026-09-09 11:30:00,312.51001,313.70999,312.22,313.66501,4691671
2026-09-09 12:30:00,313.67999,315.0,310.97,311.70499,7975919
2026-09-09 13:30:00,311.72,314.35999,309.89999,312.13,14171586
2026-09-09 14:30:00,312.13501,319.14999,311.95001,315.57001,12887925
2026-09-09 15:30:00,315.56,315.94391,314.88,315.41,4968709
2026-09-10 09:30:00,316.79001,323.129,316.57001,318.95499,15813095
2026-09-10 10:30:00,319.01001,323.82001,318.88,323.70999,8713414
2026-09-10 11:30:00,323.67001,324.35001,319.20999,321.905,9627576
2026-09-10 12:30:00,321.85501,324.86499,321.26001,324.82199,8380897
2026-09-10 13:30:00,324.84,325.67999,323.38,324.12,6845299
2026-09-10 14:30:00,324.11011,326.12,323.63,325.285,5455483
2026-09-10 15:30:00,325.26999,326.67999,325.17001,326.595,5580662
2026-09-11 09:30:00,327.63,334.59,326.29999,334.085114,14521482
2026-09-11 10:30:00,334.088287,336.22,332.42001,335.57001,9018937
2026-09-11 11:30:00,335.54001,335.54001,333.63,334.17001,4739878
2026-09-11 12:30:00,334.19,334.85001,333.82999,333.95001,2580323
2026-09-11 13:30:00,333.95999,334.29999,332.54999,332.85501,3573189
2026-09-11 14:30:00,332.85999,333.17899,332.39001,332.64011,4162608
2026-09-11 15:30:00,332.67999,333.070007,332.070007,332.23001,3626964
2026-09-14 09:30:00,334.52,335.07,331.35,333.21,519445
2026-09-14 10:30:00,333.175,333.46,332.135,332.68,212109
2026-09-14 11:30:00,332.65,335.5,332.65,334.585,184592
2026-09-14 12:30:00,334.57,335.25,334.1,334.835,49308
