Date,Open,High,Low,Close,Volume
2024-09-16 09:30:00,216.47,217.2,213.92,216.5565,29552382
2024-09-16 11:30:00,216.55,216.58,214.91,215.965,8600663
2024-09-16 13:30:00,215.96001,216.52,215.75,216.22501,7751057
2024-09-16 15:30:00,216.22501,216.7,216.17999,216.3,5232224
2024-09-17 09:30:00,215.5,216.89999,214.5,216.205,16624421
2024-09-17 11:30:00,216.21001,216.84,215.23,216.17,9492722
2024-09-17 13:30:00,216.16,216.62,215.059998,216.61,7132745
2024-09-17 15:30:00,216.60001,216.85001,216.17,216.85001,4733527
2024-09-18 09:30:00,218.25,221.61,218.1722,220.63,19876638
2024-09-18 11:30:00,220.64,221.35001,219.52,221.2101,9393652
2024-09-18 13:30:00,221.22,222.7,218.92999,221.5,14726237
2024-09-18 15:30:00,221.53999,221.81,219.88,220.69,6247706
2024-09-19 09:30:00,225.0,229.74001,224.64,228.49001,27087065
2024-09-19 11:30:00,228.4846,229.33,228.0,229.1701,9827949
2024-09-19 13:30:00,229.1769,229.49001,228.39999,229.46719,9225742
2024-09-19 15:30:00,229.46001,229.59,228.28999,228.82001,7376731
2024-09-20 09:30:00,230.13,231.16,229.2,229.77,44348883
2024-09-20 11:30:00,229.75999,231.92,229.74001,230.75,14400602
2024-09-20 13:30:00,230.74001,232.0,229.5,231.97501,18417442
2024-09-20 15:30:00,231.97501,233.089996,227.62,228.53,25542112
2024-09-23 09:30:00,227.34,229.45,225.86,228.6534,19899757
2024-09-23 11:30:00,228.66,228.89999,226.6201,226.74001,6804396
2024-09-23 13:30:00,226.74899,227.17999,225.89999,226.28999,6547105
2024-09-23 15:30:00,226.28,226.7,225.81,226.45,4397453
2024-09-24 09:30:00,228.645,229.35001,225.74001,227.0121,11741979
2024-09-24 11:30:00,227.020004,227.75999,226.7,227.24001,5033752
2024-09-24 13:30:00,227.2422,227.48,226.53999,227.026001,3954895
2024-09-24 15:30:00,227.039993,227.5,226.37,227.36,4656959
2024-09-25 09:30:00,225.25,227.28999,224.61,225.45,12579867
2024-09-25 11:30:00,225.39999,226.020004,225.27,225.36,5549608
2024-09-25 13:30:00,225.35001,225.45,224.029999,225.2599,7301185
2024-09-25 15:30:00,225.25,226.44,225.19,226.31,4052804
2024-09-26 09:30:00,227.0,228.5,225.89,227.38969,13516038
2024-09-26 11:30:00,227.38651,227.82001,226.67,227.155,4811745
2024-09-26 13:30:00,227.155,227.86501,226.97099,227.575,4658309
2024-09-26 15:30:00,227.58,227.78999,226.99001,227.62,3934449
2024-09-27 09:30:00,229.0,229.52,227.84,228.13,11146455
2024-09-27 11:30:00,228.12,228.62,227.3,227.995,5253567
2024-09-27 13:30:00,227.99001,228.52,227.53,227.81,4173852
2024-09-27 15:30:00,227.82001,228.0,227.55,227.82001,3703154
2024-09-30 09:30:00,231.0,232.3412,230.31,231.89999,16376899
2024-09-30 11:30:00,232.020004,232.5383,231.31,231.645,6448703
2024-09-30 13:30:00,231.64999,232.0,230.55,231.22,6491184
2024-09-30 15:30:00,231.205,233.0,231.11,233.0,9077998
2024-10-01 09:30:00,228.5,228.77,224.52,225.47501,26031376
2024-10-01 11:30:00,225.47,225.94,223.74001,223.92999,9865319
2024-10-01 13:30:00,223.92999,226.1884,223.84,226.1501,8318322
2024-10-01 15:30:00,226.14999,226.34,225.8757,226.25999,5044106
2024-10-02 09:30:00,225.89,226.60001,223.029999,226.205,13974856
2024-10-02 11:30:00,226.22,227.050003,226.16499,226.9599,6127740
2024-10-02 13:30:00,226.94,227.33,226.35001,227.24001,4523691
2024-10-02 15:30:00,227.22501,227.37,226.69009,226.81,2793983
2024-10-03 09:30:00,225.24001,226.8,224.265,224.87421,10372310
2024-10-03 11:30:00,224.8884,225.37,223.3239,223.83501,6772255
2024-10-03 13:30:00,223.84,224.4099,223.50011,223.7,4291968
2024-10-03 15:30:00,223.71001,225.84,223.66,225.67,5709739
2024-10-04 09:30:00,227.89,228.0,224.14,224.56,12510373
2024-10-04 11:30:00,224.53,225.57001,224.325,225.1001,5108543
2024-10-04 13:30:00,225.12,226.19,224.55,226.090103,5559894
2024-10-04 15:30:00,226.095001,226.98,225.92999,226.78,4791908
2024-10-07 09:30:00,224.46001,225.69,224.054993,225.060104,11002340
2024-10-07 11:30:00,225.080002,225.28,223.81,223.81,5206552
2024-10-07 13:30:00,223.78011,224.059998,222.23,222.565,6873317
2024-10-07 15:30:00,222.564,222.63,221.33501,221.72,4695507
2024-10-08 09:30:00,224.31,225.96001,223.25,225.33,12771814
2024-10-08 11:30:00,225.33929,225.60001,224.2224,224.74001,4150402
2024-10-08 13:30:00,224.74001,225.59,224.66,225.27,4153386
2024-10-08 15:30:00,225.27,225.97501,225.235,225.78,3794652
2024-10-09 09:30:00,225.5,228.28999,224.83,228.19,11391675
2024-10-09 11:30:00,228.21001,229.039902,228.082001,228.86,5381967
2024-10-09 13:30:00,228.84,229.67,228.029999,229.074203,6066220
2024-10-09 15:30:00,229.070007,229.75,229.059998,229.50999,3238655
2024-10-10 09:30:00,227.78,228.8298,227.17,228.28999,9541918
2024-10-10 11:30:00,228.28999,229.23,228.1203,228.5,4092213
2024-10-10 13:30:00,228.49001,228.94501,228.039993,228.855,3711194
2024-10-10 15:30:00,228.855,229.5,228.80499,229.029999,3089900
2024-10-11 09:30:00,228.295,229.19,227.34,227.97501,9662858
2024-10-11 11:30:00,227.97009,228.11,227.41,227.84,5138726
2024-10-11 13:30:00,227.825,228.97,227.58,228.69,5183545
2024-10-11 15:30:00,228.68871,228.75999,227.5,227.52,3955806
2024-10-14 09:30:00,228.7,231.31,228.60001,229.69,12203475
2024-10-14 11:30:00,229.67999,230.6064,229.42999,230.42999,4089258
2024-10-14 13:30:00,230.41,231.44679,230.059998,231.2226,5814536
2024-10-14 15:30:00,231.22,231.7278,231.039993,231.3,4541236
2024-10-15 09:30:00,233.59,237.49001,232.37,235.4314,29198930
2024-10-15 11:30:00,235.42999,236.28999,233.85001,234.020004,8678523
2024-10-15 13:30:00,233.964,234.47,233.044998,233.24001,6932362
2024-10-15 15:30:00,233.25,234.069901,232.81,233.8,5720018
2024-10-16 09:30:00,231.62,232.12,229.85001,230.58501,14473872
2024-10-16 11:30:00,230.58,231.28999,230.061005,230.9099,5680790
2024-10-16 13:30:00,230.9099,231.62,230.58,231.61501,4605435
2024-10-16 15:30:00,231.62,231.92999,231.22,231.75,3021398
2024-10-17 09:30:00,233.44,233.85001,230.53,232.25999,10635761
2024-10-17 11:30:00,232.25999,232.804,232.029999,232.38741,4423774
2024-10-17 13:30:00,232.39999,232.58,231.27499,231.755,5288729
2024-10-17 15:30:00,231.755,232.33,231.64,232.25999,3485679
2024-10-18 09:30:00,235.88,236.050003,234.020004,235.039993,21818356
2024-10-18 11:30:00,235.039993,235.85001,234.75,235.24001,7326804
2024-10-18 13:30:00,235.24001,235.75,235.029999,235.3,4969398
2024-10-18 15:30:00,235.28999,235.3,234.8,234.98,3233611
2024-10-21 09:30:00,234.45,236.10001,234.45,235.42,12870040
2024-10-21 11:30:00,235.39999,236.61501,235.285,236.3701,6447276
2024-10-21 13:30:00,236.38,236.85001,235.89,236.13499,4394984
2024-10-21 15:30:00,236.13499,236.58,235.8275,236.58,3275560
2024-10-22 09:30:00,233.22,234.45,232.61,234.39951,13868612
2024-10-22 11:30:00,234.4007,235.039993,234.13,234.85001,5495467
2024-10-22 13:30:00,234.85001,236.0050049,234.845,235.7,5189743
2024-10-22 15:30:00,235.7,236.19,235.7,235.86,3335830
2024-10-23 09:30:00,234.32001,235.144,233.325,233.5,9726376
2024-10-23 11:30:00,233.49001,233.73621,228.92999,230.054993,19443177
2024-10-23 13:30:00,230.020004,230.070007,227.75999,229.675,8746039
2024-10-23 15:30:00,229.7,230.86,229.61,230.75,4272929
2024-10-24 09:30:00,229.91701,230.39999,228.41,229.82001,11007562
2024-10-24 11:30:00,229.82001,230.82001,228.67,230.27,5593020
2024-10-24 13:30:00,230.28,230.81,230.039993,230.53,3709995
2024-10-24 15:30:00,230.53999,230.8,230.22,230.57001,2953907
2024-10-25 09:30:00,229.74001,233.2,229.57001,232.23,12387734
2024-10-25 11:30:00,232.23,232.94,231.53,231.8575,6228321
2024-10-25 13:30:00,231.83,232.2,231.070007,231.62,5460902
2024-10-25 15:30:00,231.64999,231.8,231.11,231.39999,3697758
2024-10-28 09:30:00,233.315,234.55,232.55,233.55,11200275
2024-10-28 11:30:00,233.55,234.73,233.14999,234.42999,5786858
2024-10-28 13:30:00,234.425,234.645,233.57001,233.97,3774169
2024-10-28 15:30:00,233.96001,233.98129,233.11,233.49001,4008212
2024-10-29 09:30:00,233.19501,234.054993,232.32001,233.27,9675135
2024-10-29 11:30:00,233.25999,234.21001,233.020004,233.89,4877235
2024-10-29 13:30:00,233.92,234.21989,233.75999,234.2,5335501
2024-10-29 15:30:00,234.205,234.32001,233.53999,233.75,3460514
2024-10-30 09:30:00,232.62,233.2299,230.505,231.55499,13927301
2024-10-30 11:30:00,231.56,231.66499,230.23,230.2411,5897441
2024-10-30 13:30:00,230.245,231.0,229.87041,230.73,6530857
2024-10-30 15:30:00,230.73,230.84,229.56,230.14,6851304
2024-10-31 09:30:00,229.23,229.83,226.88,227.315,14756275
2024-10-31 11:30:00,227.31,228.1768,226.41,227.86011,7208521
2024-10-31 13:30:00,227.86,227.96629,226.69501,227.33,8858438
2024-10-31 15:30:00,227.33,227.78,225.39,225.39,7068003
2024-11-01 09:30:00,220.97,225.34,220.28,223.21049,31173611
2024-11-01 11:30:00,223.22,223.3999,221.77,223.34,10229971
2024-11-01 13:30:00,223.34019,223.36,222.070007,222.33,7449360
2024-11-01 15:30:00,222.34,223.25,222.27,222.85001,5287191
2024-11-04 09:30:00,221.011993,222.53999,219.71001,221.4801,14094000
2024-11-04 11:30:00,221.4808,222.62,220.41,222.020493,7889347
2024-11-04 13:30:00,222.020004,222.78999,221.9601,222.48,4917065
2024-11-04 15:30:00,222.5,222.56,221.52,222.12,4039677
2024-11-05 09:30:00,221.795,223.94501,221.795,222.67,10417982
2024-11-05 11:30:00,222.67999,223.78,222.62,222.62,4311730
2024-11-05 13:30:00,222.63,223.45,222.40021,223.25,4081105
2024-11-05 15:30:00,223.25,223.53,222.71001,223.45,3341639
2024-11-06 09:30:00,221.215,226.065002,221.19,224.8,21560806
2024-11-06 11:30:00,224.8024,225.17999,223.965,224.1877,7491919
2024-11-06 13:30:00,224.185,224.33,223.25999,223.6255,7763508
2024-11-06 15:30:00,223.66,223.88,222.5,222.7,5070195
2024-11-07 09:30:00,224.625,226.55,224.57001,226.30499,13943277
2024-11-07 11:30:00,226.3,227.49001,226.17,227.1033,6046173
2024-11-07 13:30:00,227.10001,227.75999,226.745,227.53,6054975
2024-11-07 15:30:00,227.535,227.87,226.75,227.69,5268867
2024-11-08 09:30:00,227.14,228.66,226.4084,226.6881,10940236
2024-11-08 11:30:00,226.685,227.58,226.685,226.995,5263118
2024-11-08 13:30:00,227.0,227.72,226.97,227.48,6314215
2024-11-08 15:30:00,227.45,227.485,226.72,227.16,6567817
2024-11-11 09:30:00,225.054993,225.7,222.67,222.77,16250671
2024-11-11 11:30:00,222.78,223.13879,221.5,222.46001,8262993
2024-11-11 13:30:00,222.44991,223.74001,222.36,223.63499,5366515
2024-11-11 15:30:00,223.64,224.35001,223.46001,224.25,3922850
2024-11-12 09:30:00,224.63,225.59,223.575,225.0,11319695
2024-11-12 11:30:00,224.99989,225.50999,223.355,224.47,6889602
2024-11-12 13:30:00,224.45,224.82001,224.14,224.60001,4776210
2024-11-12 15:30:00,224.59,224.8,223.9404,224.24001,5475872
2024-11-13 09:30:00,223.95,225.2099,222.75999,224.395,13954959
2024-11-13 11:30:00,224.4649,226.64999,223.77,226.3638,7008414
2024-11-13 13:30:00,226.36,226.42999,225.11861,225.37019,6024165
2024-11-13 15:30:00,225.38,225.92,224.47,225.070007,5085654
2024-11-14 09:30:00,225.070007,227.059998,225.050003,226.42,12680515
2024-11-14 11:30:00,226.58,228.64,226.5,228.47279,6700008
2024-11-14 13:30:00,228.47009,228.87,226.99001,227.035004,8536738
2024-11-14 15:30:00,227.035004,228.38,227.035004,228.19,4276782
2024-11-15 09:30:00,225.92,226.92,224.44,225.235,15890303
2024-11-15 11:30:00,225.231,225.48,224.27,224.735,7971639
2024-11-15 13:30:00,224.7,225.31,224.3,224.81,6218064
2024-11-15 15:30:00,224.81,225.24001,224.5699,224.92,4237936
2024-11-18 09:30:00,225.2,229.21001,225.17999,229.059998,12690883
2024-11-18 11:30:00,229.065094,229.74001,228.36,228.96719,6165805
2024-11-18 13:30:00,228.96001,229.498,228.033707,228.059998,5907764
2024-11-18 15:30:00,228.050003,228.24001,227.32001,227.99001,3614507
2024-11-19 09:30:00,226.795,229.61,226.66,229.31,9142394
2024-11-19 11:30:00,229.33501,230.16,229.19,229.58,7282933
2024-11-19 13:30:00,229.5345,229.99001,228.35001,228.44,5126196
2024-11-19 15:30:00,228.42999,228.72,227.72,228.34,3951414
2024-11-20 09:30:00,228.105,229.92999,226.10001,226.17999,10612010
2024-11-20 11:30:00,226.19,227.7,225.89,226.81329,4911354
2024-11-20 13:30:00,226.78999,228.0,226.395,227.9749,3917586
2024-11-20 15:30:00,227.97,229.0,227.97,229.0,4127268
2024-11-21 09:30:00,228.78999,229.92,225.7103,228.77,14396941
2024-11-21 11:30:00,228.75,230.14999,228.49001,229.84,6670395
2024-11-21 13:30:00,229.85001,229.9337,228.99001,229.27,5523670
2024-11-21 15:30:00,229.27,229.28999,228.27,228.50999,4482648
2024-11-22 09:30:00,228.059998,230.13,228.059998,229.48,11026146
2024-11-22 11:30:00,229.4899,230.71989,228.97,230.17999,6474327
2024-11-22 13:30:00,230.16499,230.39,228.92999,229.375,5704632
2024-11-22 15:30:00,229.37,230.14999,229.31,229.75999,4345539
2024-11-25 09:30:00,231.84,233.185,231.42,231.71001,13645719
2024-11-25 11:30:00,231.705,231.85001,229.74001,230.41499,6630233
2024-11-25 13:30:00,230.425,230.85001,230.095001,230.52,4809822
2024-11-25 15:30:00,230.5013,233.17,229.845,232.88,11344808
2024-11-26 09:30:00,234.089996,235.57001,233.47501,235.039993,17953244
2024-11-26 11:30:00,235.039993,235.17999,234.27,234.50999,6496631
2024-11-26 13:30:00,234.50999,235.25,234.44501,234.81,5753190
2024-11-26 15:30:00,234.81,235.28,234.58,235.080002,5458831
2024-11-27 09:30:00,234.465,235.69,233.8101,234.67,10867716
2024-11-27 11:30:00,234.6201,235.0,233.98,234.78011,5171343
2024-11-27 13:30:00,234.78,235.25,234.71001,234.845,3728872
2024-11-27 15:30:00,234.84,235.089996,234.58501,234.99001,2919382
2024-11-29 09:30:00,234.84,236.5999,233.97,236.39999,9530139
2024-11-29 11:30:00,236.38,237.81,236.28999,237.33,18793717
2024-11-29 15:30:00,237.33,237.33,237.33,237.33,100855
2024-12-02 09:30:00,237.27,240.78999,237.16,239.83,17111842
2024-12-02 11:30:00,239.82719,240.2,239.24001,239.44,6449400
2024-12-02 13:30:00,239.42,239.84,239.029999,239.78999,4869667
2024-12-02 15:30:00,239.78999,239.94,239.050003,239.60001,3858894
2024-12-03 09:30:00,239.92,241.3699,238.9003,241.33,12510644
2024-12-03 11:30:00,241.33,241.69991,240.98199,241.42,5310236
2024-12-03 13:30:00,241.42,242.46001,241.345,242.053207,6586140
2024-12-03 15:30:00,242.059998,242.755,242.059998,242.63,3704333
2024-12-04 09:30:00,242.88,244.105,242.50999,242.905,11886129
2024-12-04 11:30:00,242.905,242.9099,241.25,242.2587,9373314
2024-12-04 13:30:00,242.24001,243.17641,241.92999,242.985,5807102
2024-12-04 15:30:00,242.985,243.53999,242.8261,243.020004,3738537
2024-12-05 09:30:00,244.050003,244.53999,242.23,242.55,11886981
2024-12-05 11:30:00,242.545,243.4099,242.31,242.88499,7235677
2024-12-05 13:30:00,242.89,243.69,242.745,242.90581,5588083
2024-12-05 15:30:00,242.905,243.080002,242.13,243.080002,4497338
2024-12-06 09:30:00,242.87,244.63,242.080002,243.582,10970944
2024-12-06 11:30:00,243.58,243.84,242.94,243.2641,4959128
2024-12-06 13:30:00,243.25999,243.64,242.8701,243.050003,5965903
2024-12-06 15:30:00,243.050003,243.14999,242.2,242.86,4585536
2024-12-09 09:30:00,241.83,247.2388,241.75999,246.47,14660184
2024-12-09 11:30:00,246.485,247.24001,245.71001,246.9054,6954196
2024-12-09 13:30:00,246.89,246.89,245.89999,246.75999,4746592
2024-12-09 15:30:00,246.78,247.089996,246.11,246.81,5245539
2024-12-10 09:30:00,246.95,247.78709,245.342,245.67,11814359
2024-12-10 11:30:00,245.67,247.47839,245.61,247.4066,4829386
2024-12-10 13:30:00,247.405,248.21001,247.35001,247.72,6464756
2024-12-10 15:30:00,247.72501,248.070007,247.37,247.8,3607802
2024-12-11 09:30:00,247.94501,250.8,247.64999,250.44,14953120
2024-12-11 11:30:00,250.42,250.42,248.97,249.10001,4827092
2024-12-11 13:30:00,249.089996,249.16499,247.050003,247.14999,6562895
2024-12-11 15:30:00,247.14,247.16,246.2601,246.42999,5247010
2024-12-12 09:30:00,246.94501,248.59959,245.67999,248.47099,12532823
2024-12-12 11:30:00,248.48,248.74001,247.64,248.53,4094358
2024-12-12 13:30:00,248.52,248.74001,247.45,247.75,3901861
2024-12-12 15:30:00,247.75999,248.2,247.74001,247.95,2674221
2024-12-13 09:30:00,247.88,249.29021,246.5,246.625,7032796
2024-12-13 11:30:00,246.7701,247.25999,246.24001,247.19,3137752
2024-12-13 13:30:00,247.175,248.10001,247.1601,248.020004,3339320
2024-12-13 15:30:00,248.020004,248.29871,247.89,248.13,2031038
2024-12-16 09:30:00,248.0,250.0,247.64999,249.67,11178203
2024-12-16 11:30:00,249.71001,251.37891,249.535,251.11,7708450
2024-12-16 13:30:00,251.089996,251.24719,250.21001,250.69501,6226575
2024-12-16 15:30:00,250.7,251.10001,249.95,251.039993,3755928
2024-12-17 09:30:00,250.13499,253.35001,249.78999,252.55,12691081
2024-12-17 11:30:00,252.53,253.3,252.48,253.13,6484286
2024-12-17 13:30:00,253.14,253.63499,252.75,252.88,6226509
2024-12-17 15:30:00,252.88,253.81,252.64999,253.48,6517824
2024-12-18 09:30:00,252.22,253.7999,251.33,253.32001,11719551
2024-12-18 11:30:00,253.32359,254.039993,253.175,253.7101,5884144
2024-12-18 13:30:00,253.7,254.28,249.5,249.89999,12521607
2024-12-18 15:30:00,249.92,250.3992,247.75,247.86,8666490
2024-12-19 09:30:00,247.46001,251.3876,247.095001,251.039993,19199565
2024-12-19 11:30:00,251.039993,251.85001,249.72,250.83,7540095
2024-12-19 13:30:00,250.815,251.45,249.53,250.325,5127391
2024-12-19 15:30:00,250.33,250.55,249.4093,249.85001,4256393
2024-12-20 09:30:00,248.12,252.0,246.3,251.99001,27144670
2024-12-20 11:30:00,251.98,253.92999,251.89,252.87,10207379
2024-12-20 13:30:00,252.91,254.19,252.67999,253.49001,8578035
2024-12-20 15:30:00,253.5,255.0,252.78999,254.59,8461430
2024-12-23 09:30:00,254.77,255.645,253.45,254.83,11773148
2024-12-23 11:30:00,254.8391,255.23,253.72,253.92,6017220
2024-12-23 13:30:00,253.92,254.46001,253.67999,254.34,5053554
2024-12-23 15:30:00,254.34,255.64999,254.34,255.31,4322344
2024-12-24 09:30:00,255.37,257.98999,255.36,257.31,10520805
2024-12-24 11:30:00,257.28,258.20001,256.89001,258.20001,12071627
2024-12-24 15:30:00,258.20001,258.20001,258.20001,258.20001,0
2024-12-26 09:30:00,258.35501,260.089996,257.63,258.88,10923109
2024-12-26 11:30:00,258.89001,259.34,258.57001,258.81891,3846236
2024-12-26 13:30:00,258.81,259.47,258.41,259.10999,3825894
2024-12-26 15:30:00,259.12,259.51001,259.01001,259.10001,2691314
2024-12-27 09:30:00,257.89999,258.70001,254.039993,254.73,12531577
2024-12-27 11:30:00,254.74001,254.9799,253.059998,254.95,8133785
2024-12-27 13:30:00,254.94,255.55991,254.86,255.17,4936389
2024-12-27 15:30:00,255.17,255.82001,254.97,255.72,5269742
2024-12-30 09:30:00,252.23,253.0,250.75,251.89999,7962595
2024-12-30 11:30:00,251.89,253.47,251.81,252.82001,3368228
2024-12-30 13:30:00,252.80499,253.49989,252.59,252.72,9016391
2024-12-30 15:30:00,252.73,253.039993,252.039993,252.12,2405332
2024-12-31 09:30:00,252.66,253.28,251.024994,251.17999,7497799
2024-12-31 11:30:00,251.17999,251.55,249.44,249.69,5870102
2024-12-31 13:30:00,249.69,250.88,249.53,250.7701,5648710
2024-12-31 15:30:00,250.77,251.080002,249.5,250.38,7162976
2025-01-02 09:30:00,248.92999,249.10001,244.1601,244.895,20333439
2025-01-02 11:30:00,244.9099,245.25,242.31,242.6862,10849014
2025-01-02 13:30:00,242.67,243.44,241.8201,243.23109,10654395
2025-01-02 15:30:00,243.25,243.95,243.010193,243.82001,6167957
2025-01-03 09:30:00,243.37,244.17999,241.89,243.49001,14104497
2025-01-03 11:30:00,243.48,244.048599,242.28,243.0099945,6986760
2025-01-03 13:30:00,243.0,243.4424,242.57001,242.85001,6142526
2025-01-03 15:30:00,242.84,243.60001,242.61,243.3,4394832
2025-01-06 09:30:00,244.33,247.33,243.84,246.74001,15584399
2025-01-06 11:30:00,246.755,246.761,244.48,245.029999,6424170
2025-01-06 13:30:00,245.029999,245.17999,244.425,244.895,4371945
2025-01-06 15:30:00,244.91,245.34,244.42,245.0,3773029
2025-01-07 09:30:00,242.98,245.55,242.83,243.77,11929811
2025-01-07 11:30:00,243.74001,243.8752,241.36,243.1555,4580388
2025-01-07 13:30:00,243.14999,243.17999,241.75,242.0099945,3872571
2025-01-07 15:30:00,242.020004,242.405,241.539,242.19,2714735
2025-01-08 09:30:00,241.97,243.7123,240.050003,242.71001,11324778
2025-01-08 11:30:00,242.7261,243.58,241.2,242.35001,5622806
2025-01-08 13:30:00,242.35001,242.98,241.044006,242.384,5213446
2025-01-08 15:30:00,242.38,242.987,241.8,242.72,3573432
2025-01-10 09:30:00,240.024994,240.14999,233.5,233.77,21569851
2025-01-10 11:30:00,233.77,237.33971,233.0,237.11501,11138242
2025-01-10 13:30:00,237.12,237.58501,235.75,235.995,6757956
2025-01-10 15:30:00,235.995,237.28999,235.77,236.92999,5097656
2025-01-13 09:30:00,233.5,233.59,229.72,230.72501,18675190
2025-01-13 11:30:00,230.7325,233.435,230.39999,233.38,7081117
2025-01-13 13:30:00,233.38,234.2,233.25999,233.6844,5969463
2025-01-13 15:30:00,233.69,234.67,233.655,234.39999,4579852
2025-01-14 09:30:00,234.75,236.12,234.13,234.21001,10700230
2025-01-14 11:30:00,234.19,234.4763,232.64999,234.020203,5271514
2025-01-14 13:30:00,234.039993,234.92,232.472,233.295,6068382
2025-01-14 15:30:00,233.28,233.44,232.53999,233.28,4851942
2025-01-15 09:30:00,234.64,238.53999,234.42999,237.4007,12312005
2025-01-15 11:30:00,237.39999,237.74001,236.5024,237.53,5166088
2025-01-15 13:30:00,237.52,238.034195,237.25999,237.6212,4690340
2025-01-15 15:30:00,237.62,238.47,237.39,237.85001,4684385
2025-01-16 09:30:00,237.49001,238.0099945,230.16,230.58501,21512287
2025-01-16 11:30:00,230.5995,231.2,229.070007,229.19,14635287
2025-01-16 13:30:00,229.185,230.068604,228.56,229.024994,12315718
2025-01-16 15:30:00,229.0099945,229.29179,228.029999,228.24001,9428533
2025-01-17 09:30:00,232.11501,232.28999,229.72,231.2813,32346770
2025-01-17 11:30:00,231.28999,231.32001,229.49001,229.91,9275377
2025-01-17 13:30:00,229.9102,229.95,228.48,229.44009,9405295
2025-01-17 15:30:00,229.44,230.020004,229.23,229.99001,5430152
2025-01-21 09:30:00,224.0,224.42,219.7,220.1078,37044715
2025-01-21 11:30:00,220.089996,221.070007,219.38,220.405,11045024
2025-01-21 13:30:00,220.40469,221.69,220.31,221.6499,9405635
2025-01-21 15:30:00,221.62,222.78,221.34,222.66,4823568
2025-01-22 09:30:00,219.94,223.3528,219.8,222.8598,23041796
2025-01-22 11:30:00,222.85789,222.92799,221.7,222.11571,9048975
2025-01-22 13:30:00,222.13,223.60001,221.91,223.35001,8991042
2025-01-22 15:30:00,223.36501,223.98,223.059998,223.77,5027611
2025-01-23 09:30:00,224.73,227.029999,224.25999,225.175,20982118
2025-01-23 11:30:00,225.16,225.19501,223.19,223.55,10350808
2025-01-23 13:30:00,223.56,223.63499,222.42999,222.88,8471952
2025-01-23 15:30:00,222.86501,223.64999,222.3,223.64999,6903829
2025-01-24 09:30:00,224.97501,225.63,222.3501,222.75999,20882949
2025-01-24 11:30:00,222.77,223.49001,221.95,222.16,19122722
2025-01-24 13:30:00,222.19,222.92999,221.41,222.32001,24271148
2025-01-24 15:30:00,222.38499,223.044998,222.2,222.78999,4335892
2025-01-27 09:30:00,224.029999,228.83,224.0,228.4938,32492515
2025-01-27 11:30:00,228.47,231.38,228.17999,231.32001,15289807
2025-01-27 13:30:00,231.3,232.14999,230.14,230.67999,16553565
2025-01-27 15:30:00,230.7,231.38,228.48,229.94,10815158
2025-01-28 09:30:00,230.85,239.43,230.85,238.95,1158813
2025-01-28 11:30:00,239.18,240.19,238.2,238.71,451431
2025-01-28 13:30:00,238.76,239.48,238.31,238.82,418697
2025-01-28 15:30:00,238.84,238.96,237.77,238.23,240632
2025-01-29 09:30:00,234.14999,238.0,234.0099945,236.5157,16471244
2025-01-29 11:30:00,236.53,237.435,235.46001,237.42999,7954900
2025-01-29 13:30:00,237.45,239.24001,236.31,239.050003,7652145
2025-01-29 15:30:00,239.059998,239.855,238.72,239.35001,5064524
2025-01-30 09:30:00,238.66499,240.78999,237.21001,238.16,15020398
2025-01-30 11:30:00,238.1844,238.88,237.81,238.45,5910422
2025-01-30 13:30:00,238.44,240.050003,238.44,239.58,8159334
2025-01-30 15:30:00,239.58,239.855,237.24001,237.56,6836079
2025-01-31 09:30:00,247.039993,247.19,238.59,238.94901,37504184
2025-01-31 11:30:00,238.97,240.050003,236.22,236.425,14045016
2025-01-31 13:30:00,236.42999,236.86,233.44,234.28999,15325884
2025-01-31 15:30:00,234.31,236.5,233.74001,235.86,8379858
2025-02-03 09:30:00,229.44,231.83,226.080002,226.42,31551932
2025-02-03 11:30:00,226.41,227.13,225.71001,226.89999,12019709
2025-02-03 13:30:00,226.91,229.21001,226.89,228.55009,9782698
2025-02-03 15:30:00,228.57001,228.96989,227.63,227.98,5648751
2025-02-04 09:30:00,227.2,231.5488,226.64999,231.050003,17001756
2025-02-04 11:30:00,231.059998,232.78999,231.050003,232.22,8305149
2025-02-04 13:30:00,232.22569,232.95,231.38,232.30901,5631214
2025-02-04 15:30:00,232.28999,233.13,232.029999,232.78999,3490884
2025-02-05 09:30:00,229.39529,230.61971,228.3,230.089996,13398513
2025-02-05 11:30:00,230.080002,231.28,229.63,229.91,5292837
2025-02-05 13:30:00,229.89999,231.87,229.71001,231.795,5916989
2025-02-05 15:30:00,231.78,232.67,231.11011,232.46001,3443172
2025-02-06 09:30:00,231.34,233.8,230.425,231.515,10521191
2025-02-06 11:30:00,231.50999,232.34,230.89999,232.19,4607072
2025-02-06 13:30:00,232.19,233.11,231.895,232.28,4024390
2025-02-06 15:30:00,232.28999,233.28,231.92999,233.22,3111368
2025-02-07 09:30:00,232.515,234.0,228.89999,229.054993,13645259
2025-02-07 11:30:00,229.085007,229.44,228.19501,229.2989,7484672
2025-02-07 13:30:00,229.28999,229.5,227.78999,228.0,5568183
2025-02-07 15:30:00,227.99001,228.14999,227.25999,227.71001,5030513
2025-02-10 09:30:00,229.57001,230.58501,228.74001,229.36,10119521
2025-02-10 11:30:00,229.3708,229.38499,228.2392,228.47,4934575
2025-02-10 13:30:00,228.485,229.035004,227.60001,227.69,4696821
2025-02-10 15:30:00,227.73,227.88,227.2,227.64,3507594
2025-02-11 09:30:00,228.2,234.7179,228.13,234.64999,23495392
2025-02-11 11:30:00,234.66,235.23,233.25,233.545,8784090
2025-02-11 13:30:00,233.72,234.1899,232.89999,233.11079,6527819
2025-02-11 15:30:00,233.11,233.3,232.17,232.77,4615039
2025-02-12 09:30:00,231.27499,235.14,230.67999,235.070007,16836047
2025-02-12 11:30:00,235.070007,235.89,234.73,235.48,6341411
2025-02-12 13:30:00,235.47321,236.66,235.32001,236.465,6378989
2025-02-12 15:30:00,236.46001,236.96001,235.91,236.89,4493778
2025-02-13 09:30:00,238.42,241.61,235.57001,240.48,18786920
2025-02-13 11:30:00,240.4903,241.35001,239.82001,241.029999,6983480
2025-02-13 13:30:00,241.039993,242.3399,240.53,241.545,7467538
2025-02-13 15:30:00,241.545,241.769,241.0099945,241.52,4257586
2025-02-14 09:30:00,241.070007,245.050003,241.0,243.94501,16354356
2025-02-14 11:30:00,243.94,244.53,243.34,243.99989,6604239
2025-02-14 13:30:00,243.98,244.53999,243.9101,244.10001,4406621
2025-02-14 15:30:00,244.080002,245.41,243.91,244.57001,4882408
2025-02-18 09:30:00,243.91,245.17999,242.86011,244.73,13987318
2025-02-18 11:30:00,244.72,245.050003,243.25,243.435,5725625
2025-02-18 13:30:00,243.42999,243.83501,241.84,243.52,6226527
2025-02-18 15:30:00,243.53,244.60001,243.14999,244.47,4972578
2025-02-19 09:30:00,244.61,246.0099945,243.1604,244.39571,11829754
2025-02-19 11:30:00,244.39,245.6514,244.029999,244.71001,5293554
2025-02-19 13:30:00,244.715,245.1899,244.22,244.88,4701348
2025-02-19 15:30:00,244.88,245.0896,244.535,244.88,2963614
2025-02-20 09:30:00,244.97,246.78,244.28999,246.1306,11392450
2025-02-20 11:30:00,246.125,246.46001,245.029999,245.44501,6320244
2025-02-20 13:30:00,245.44,245.75,244.85001,245.62,4130609
2025-02-20 15:30:00,245.61,246.0,245.36,245.86,3152476
2025-02-21 09:30:00,245.965,247.45,245.22,247.13,13648051
2025-02-21 11:30:00,247.145,248.69,246.64999,247.44119,11565347
2025-02-21 13:30:00,247.4451,248.076706,245.39011,245.8,12814069
2025-02-21 15:30:00,245.815,246.089996,245.33,245.59,5597952
2025-02-24 09:30:00,244.808,248.86,244.59,247.1102,20011201
2025-02-24 11:30:00,247.13,248.32001,247.12,248.050003,6190298
2025-02-24 13:30:00,248.050003,248.8,247.42999,247.61,8021891
2025-02-24 15:30:00,247.595,247.78999,246.82001,247.23,4976822
2025-02-25 09:30:00,248.0,249.52,244.91,246.52499,17456150
2025-02-25 11:30:00,246.535,249.98,246.4301,247.98,9916234
2025-02-25 13:30:00,247.97,248.62,247.16,247.72,6644711
2025-02-25 15:30:00,247.72501,247.77,246.044998,247.050003,4291190
2025-02-26 09:30:00,244.33,244.98,241.42,241.81,16766857
2025-02-26 11:30:00,241.8,243.89,240.24001,240.3403,7272046
2025-02-26 13:30:00,240.34,240.45,239.13,239.95,7257185
2025-02-26 15:30:00,239.96001,240.71001,239.685,240.31,4066395
2025-02-27 09:30:00,239.345,242.46001,238.47,241.52,15175524
2025-02-27 11:30:00,241.52,242.17999,239.58501,241.89999,4607524
2025-02-27 13:30:00,241.92999,242.050003,238.77029,238.92,6788255
2025-02-27 15:30:00,238.955,239.36951,237.10001,237.38,5981830
2025-02-28 09:30:00,236.95,237.83,234.50999,236.92,13717694
2025-02-28 11:30:00,236.87,237.89999,236.23,237.41,6110075
2025-02-28 13:30:00,237.405,239.78,237.0099945,239.71001,7681967
2025-02-28 15:30:00,239.69,242.089996,238.81,241.84,7654870
2025-03-03 09:30:00,241.722,244.027206,239.825,241.19,14099349
2025-03-03 11:30:00,241.23,242.9868,240.66499,240.965,5619636
2025-03-03 13:30:00,241.020004,242.0,236.64999,236.88921,8971349
2025-03-03 15:30:00,236.88,238.56,236.112,238.14,6362960
2025-03-04 09:30:00,237.705,239.81,236.35001,238.63,18994434
2025-03-04 11:30:00,238.59,240.070007,236.16,236.75,8915515
2025-03-04 13:30:00,236.75,239.24989,236.42999,238.69,7638301
2025-03-04 15:30:00,238.67999,238.75,234.7,236.070007,6470426
2025-03-05 09:30:00,235.495,235.95,230.14,230.649,16153366
2025-03-05 11:30:00,230.62,235.53999,229.23,234.67999,9719015
2025-03-05 13:30:00,234.6653,236.55,234.10001,236.039993,5940829
2025-03-05 15:30:00,236.0099945,236.35001,235.059998,235.77,3864004
2025-03-06 09:30:00,234.435,237.86,233.53999,236.78,13291418
2025-03-06 11:30:00,236.74001,237.34,234.040405,234.295,7907244
2025-03-06 13:30:00,234.30499,236.0099945,233.33,235.17999,9260554
2025-03-06 15:30:00,235.17,235.75999,234.45,235.32001,4800803
2025-03-07 09:30:00,235.105,240.16,234.835,239.020004,15046389
2025-03-07 11:30:00,239.039993,241.37,237.86,240.4144,12494512
2025-03-07 13:30:00,240.425,240.91,238.080002,238.8114,7374382
2025-03-07 15:30:00,238.8,239.77,237.94,239.070007,4811911
2025-03-10 09:30:00,235.48,236.16,225.28999,226.5087,27089883
2025-03-10 11:30:00,226.53,227.28999,224.22,225.21001,12169500
2025-03-10 13:30:00,225.24001,227.515,224.4209,226.9762,12470689
2025-03-10 15:30:00,226.99001,228.64999,226.5,227.541,8057482
2025-03-11 09:30:00,223.8,225.8399,220.0099945,221.0032043,25568767
2025-03-11 11:30:00,220.98,221.74001,217.45,217.755,15633899
2025-03-11 13:30:00,217.73,223.28,217.67999,221.82021,13514984
2025-03-11 15:30:00,221.82001,222.050003,220.58,220.73,6574063
2025-03-12 09:30:00,220.17999,221.75,214.91,216.44501,24364079
2025-03-12 11:30:00,216.47,218.61,216.33,218.1898,10464005
2025-03-12 13:30:00,218.13,218.22,215.050003,215.63989,11390132
2025-03-12 15:30:00,215.64999,217.27,215.28,216.94,7314758
2025-03-13 09:30:00,215.94,216.8394,213.63,214.040207,17584897
2025-03-13 11:30:00,214.044998,214.35001,210.69,211.155,14204232
2025-03-13 13:30:00,211.14,212.47,210.36,210.63,10931619
2025-03-13 15:30:00,210.67,210.71001,208.42,209.71001,9508816
2025-03-14 09:30:00,211.25,213.42999,209.58,211.92999,21707918
2025-03-14 11:30:00,211.92999,213.94,211.91,212.315,9529109
2025-03-14 13:30:00,212.3026,213.411,210.75999,212.9053,10663440
2025-03-14 15:30:00,212.89461,213.89999,212.71001,213.38,6350358
2025-03-17 09:30:00,213.36,214.97,210.4697,210.7547,15522877
2025-03-17 11:30:00,210.755,212.37,209.98,212.33031,7478178
2025-03-17 13:30:00,212.355,214.7968,212.28,214.685,7750265
2025-03-17 15:30:00,214.67999,215.22,213.67,214.19,6930829
2025-03-18 09:30:00,214.14,215.14999,212.64999,213.33,14681324
2025-03-18 11:30:00,213.25,213.98,211.49001,212.2834,7712059
2025-03-18 13:30:00,212.3,212.655,211.5598,212.345,6441501
2025-03-18 15:30:00,212.345,213.25999,212.31,212.78999,4396249
2025-03-19 09:30:00,214.22,218.75999,213.9101,215.66901,16530818
2025-03-19 11:30:00,215.69,216.75,214.28999,214.38,6060373
2025-03-19 13:30:00,214.392,217.059006,213.75,215.5099,10882306
2025-03-19 15:30:00,215.5,215.67999,214.48,215.3,5255712
2025-03-20 09:30:00,213.99001,217.4899,212.89999,215.9,12097318
2025-03-20 11:30:00,215.94,216.46001,213.0,213.23,9580852
2025-03-20 13:30:00,213.25999,213.89,212.22,212.6835,7711113
2025-03-20 15:30:00,212.69,214.75999,212.69,214.14999,5352998
2025-03-21 09:30:00,211.515,214.84,211.47,213.4435,29121709
2025-03-21 11:30:00,213.44,215.48,212.64,214.62,7180619
2025-03-21 13:30:00,214.61,215.37,214.2601,215.31,7280393
2025-03-21 15:30:00,215.31,218.84,215.0099945,218.36,10148885
2025-03-24 09:30:00,221.0,221.020996,218.58,219.1575,14013330
2025-03-24 11:30:00,219.155,220.050003,218.82001,219.28999,6321735
2025-03-24 13:30:00,219.32001,220.47,219.089996,219.77,6669919
2025-03-24 15:30:00,219.78999,221.0099945,219.66,220.42999,6001386
2025-03-25 09:30:00,220.77,223.895,220.085,223.55,735394
2025-03-25 11:30:00,223.555,223.685,222.83,222.83,271040
2025-03-25 13:30:00,222.835,223.94,222.615,223.39,332191
2025-03-25 15:30:00,223.41,224.1,223.3,223.76,217661
2025-03-26 09:30:00,223.50999,225.020004,222.84,223.72,11476255
2025-03-26 11:30:00,223.72009,223.89999,221.63,222.080002,6075231
2025-03-26 13:30:00,222.080002,222.22,220.60001,220.60001,5274243
2025-03-26 15:30:00,220.61501,221.88,220.47,221.39999,4140037
2025-03-27 09:30:00,221.33,223.24001,220.5601,222.80009,9293208
2025-03-27 11:30:00,222.8,223.98,222.565,223.105,6376151
2025-03-27 13:30:00,223.080002,224.99001,223.050003,224.78999,6898136
2025-03-27 15:30:00,224.8,224.99001,223.7,223.92999,5491814
2025-03-28 09:30:00,221.649,223.8,219.17,219.98,13719242
2025-03-28 11:30:00,219.8911,220.22,218.21001,218.49001,6134575
2025-03-28 13:30:00,218.5,219.1665,218.1104,218.50999,5495084
2025-03-28 15:30:00,218.5,218.75,217.67999,217.88,5319689
2025-03-31 09:30:00,217.22,220.080002,216.24001,219.13,18743214
2025-03-31 11:30:00,219.10001,221.020004,218.88519,219.87,6557493
2025-03-31 13:30:00,219.85001,221.735,219.2417,221.22501,6937168
2025-03-31 15:30:00,221.21001,224.97,220.9901,221.995,11487559
2025-04-01 09:30:00,219.80499,223.42999,218.89999,222.8799,13844939
2025-04-01 11:30:00,222.86501,223.14,222.14999,222.3385,5024390
2025-04-01 13:30:00,222.3,222.77499,221.14999,221.73,4804063
2025-04-01 15:30:00,221.71001,223.49001,221.57001,223.14,4133846
2025-04-02 09:30:00,221.19,224.71539,221.050003,224.48,9688568
2025-04-02 11:30:00,224.45,225.19,223.11,224.72,6311145
2025-04-02 13:30:00,224.72,224.81,222.8614,223.6601,5099439
2025-04-02 15:30:00,223.67,224.46001,223.5,223.78999,4054405
2025-04-03 09:30:00,205.52,207.4899,202.52,204.050003,44360308
2025-04-03 11:30:00,204.050003,207.039993,203.7043,204.0050049,14180284
2025-04-03 13:30:00,203.99001,204.6051,202.14,202.2,16133112
2025-04-03 15:30:00,202.2,203.86,201.25,203.059998,14152077
2025-04-04 09:30:00,196.17,199.88,191.059998,194.49001,51794401
2025-04-04 11:30:00,194.465,196.0,190.89999,190.99001,17653399
2025-04-04 13:30:00,190.98,192.57001,187.345,190.23,26009905
2025-04-04 15:30:00,190.155,191.73,188.059998,188.38,14314619
2025-04-07 09:30:00,177.24001,194.14,174.62,176.36,82389952
2025-04-07 11:30:00,176.41,181.72,175.75,181.53999,23743814
2025-04-07 13:30:00,181.55499,183.89,178.28011,178.4213,24414250
2025-04-07 15:30:00,178.44,182.0,178.435,181.59,11790019
2025-04-08 09:30:00,186.73,190.33501,184.059998,184.089996,37159428
2025-04-08 11:30:00,184.070007,185.53999,175.0,175.029999,23537854
2025-04-08 13:30:00,175.020004,178.60989,171.63,172.89,26603618
2025-04-08 15:30:00,172.87,173.44,169.2101,172.77,16156814
2025-04-09 09:30:00,172.179,180.42,171.89,179.755,48285470
2025-04-09 11:30:00,179.75,194.49001,177.75,188.52499,30757683
2025-04-09 13:30:00,188.50999,198.98,183.87,196.059998,57625968
2025-04-09 15:30:00,196.0,200.61,195.91,198.85001,20947383
2025-04-10 09:30:00,189.16499,194.77991,188.69,188.85921,36131817
2025-04-10 11:30:00,188.855,189.89999,183.0,188.0099945,30326225
2025-04-10 13:30:00,187.97,192.8,186.0,189.985,24583355
2025-04-10 15:30:00,190.0,192.435,187.83,190.44,10417028
2025-04-11 09:30:00,186.17999,194.2,186.059998,193.32001,27850736
2025-04-11 11:30:00,193.28999,199.35001,192.8786,196.8307,21698808
2025-04-11 13:30:00,196.85249,199.53999,196.037903,198.342,14433766
2025-04-11 15:30:00,198.35001,199.0,197.5414,198.020004,9619486
2025-04-14 09:30:00,211.44,212.94,203.41,203.60001,50679250
2025-04-14 11:30:00,203.64999,204.9785,201.16209,203.864,19826442
2025-04-14 13:30:00,203.88499,206.66,203.42999,205.71001,13071904
2025-04-14 15:30:00,205.72,205.89999,202.32001,202.59,8409251
2025-04-15 09:30:00,201.855,203.505,199.82001,202.11501,19556471
2025-04-15 11:30:00,202.14,203.35001,201.11501,201.6044,7623807
2025-04-15 13:30:00,201.58501,203.28999,201.30499,202.8,8094438
2025-04-15 15:30:00,202.83,202.959,201.92,202.13,4409283
2025-04-16 09:30:00,198.36,200.7,196.020004,198.3501,20309195
2025-04-16 11:30:00,198.375,198.39999,196.3905,197.75999,7721580
2025-04-16 13:30:00,197.75999,197.81,192.37,192.57001,13753597
2025-04-16 15:30:00,192.58,194.86349,192.57001,194.3,7049437
2025-04-17 09:30:00,197.14999,197.2,194.42,196.039993,18830152
2025-04-17 11:30:00,196.029999,198.57001,195.98869,196.7,9656895
2025-04-17 13:30:00,196.71001,198.8335,196.67,197.2422,8716017
2025-04-17 15:30:00,197.25,197.7,195.82001,196.87,4510991
2025-04-21 09:30:00,193.265,193.8,190.605,190.735,13343219
2025-04-21 11:30:00,190.72,191.75,189.8112,190.614,7800739
2025-04-21 13:30:00,190.59,191.38,190.2,191.105,6318561
2025-04-21 15:30:00,191.089996,193.42,191.050003,193.089996,5337999
2025-04-22 09:30:00,196.070007,199.55,196.0,198.83,13544161
2025-04-22 11:30:00,198.83,201.55,197.86,198.53999,13196807
2025-04-22 13:30:00,198.5162,200.5,198.1024,198.62019,10848252
2025-04-22 15:30:00,198.625,199.89,198.0,199.66,5543168
2025-04-23 09:30:00,206.0,208.0,204.059998,204.63,22629628
2025-04-23 11:30:00,204.625,205.44,202.799,204.95,8939833
2025-04-23 13:30:00,205.0,205.64999,203.65669,204.0099945,6643397
2025-04-23 15:30:00,204.030899,205.75,203.61,204.36,5424069
2025-04-24 09:30:00,204.88499,206.66,202.94,205.925,12700480
2025-04-24 11:30:00,205.88499,207.029999,205.58009,206.905,7003949
2025-04-24 13:30:00,206.92,208.10001,206.55,207.090103,6524600
2025-04-24 15:30:00,207.11,208.8299,207.089996,208.2,5785557
2025-04-25 09:30:00,206.42999,209.24989,206.2,207.10001,12323970
2025-04-25 11:30:00,207.11,209.41,206.66,209.37019,7514192
2025-04-25 13:30:00,209.39,209.41499,207.37,208.22,5410514
2025-04-25 15:30:00,208.21001,209.42999,207.87,209.23,4418187
2025-04-28 09:30:00,210.055,211.45,207.86,207.97,541778
2025-04-28 11:30:00,207.99,208.71,207.47,208.16,199548
2025-04-28 13:30:00,208.07,210.94,208.07,210.54,296891
2025-04-28 15:30:00,210.53,211.48,210.04,210.1,214732
2025-04-29 09:30:00,208.69299,212.24001,208.37,211.039993,12408970
2025-04-29 11:30:00,211.039993,211.3253,209.35001,210.36,5232083
2025-04-29 13:30:00,210.37,211.9606,210.22,211.3,4986468
2025-04-29 15:30:00,211.31,211.77,210.95,211.24001,3222132
2025-04-30 09:30:00,209.3,210.86,206.6705,210.545,11553251
2025-04-30 11:30:00,210.56,211.36,209.8,211.080002,5202743
2025-04-30 13:30:00,211.070007,212.97,210.28,210.3446,6319162
2025-04-30 15:30:00,210.375,213.53999,210.050003,212.49001,7076663
2025-05-01 09:30:00,209.0099945,214.22,208.89999,212.89661,17254833
2025-05-01 11:30:00,212.895,213.12,211.41499,212.50999,8138270
2025-05-01 13:30:00,212.50999,213.2,212.065002,212.94,6769543
2025-05-01 15:30:00,212.94,214.55,212.47,212.83,7135104
2025-05-02 09:30:00,206.089996,206.99001,202.16,204.9008,40027619
2025-05-02 11:30:00,204.92,206.58,204.14999,204.69901,16353360
2025-05-02 13:30:00,204.7,205.83,203.66,204.75999,15969736
2025-05-02 15:30:00,204.75999,205.5,203.89,205.3,9990065
2025-05-05 09:30:00,203.125,204.10001,198.21001,199.1996,25837702
2025-05-05 11:30:00,199.19,200.64,198.66,200.41,10929000
2025-05-05 13:30:00,200.41,201.16,199.39999,199.39999,9242787
2025-05-05 15:30:00,199.39999,199.5999,198.5197,198.77,6786984
2025-05-06 09:30:00,198.125,199.88,197.020004,199.035004,21744349
2025-05-06 11:30:00,199.035004,200.649,198.66,199.425,7764870
2025-05-06 13:30:00,199.45,199.85001,198.69,199.7084,6178909
2025-05-06 15:30:00,199.73,200.17,198.38,198.41,4603113
2025-05-07 09:30:00,199.19501,199.44,193.81,194.35069,21129040
2025-05-07 11:30:00,194.36,195.78,193.25,195.3,12021730
2025-05-07 13:30:00,195.32001,195.71001,193.3,194.32001,9999801
2025-05-07 15:30:00,194.34,197.46989,194.28999,196.25,6299703
2025-05-08 09:30:00,197.74001,198.13,194.6796,197.53999,16087420
2025-05-08 11:30:00,197.53,200.049805,197.31,199.14,9792016
2025-05-08 13:30:00,199.14,199.688,198.089996,199.56,7022293
2025-05-08 15:30:00,199.57001,199.62,197.164,197.39999,5279543
2025-05-09 09:30:00,199.0050049,200.5399,197.535,198.42999,14536453
2025-05-09 11:30:00,198.42,199.0099945,197.60001,198.14,5946036
2025-05-09 13:30:00,198.145,199.42999,197.91,198.78,5415573
2025-05-09 15:30:00,198.8,198.9299,198.3401,198.53999,3474290
2025-05-12 09:30:00,210.97,211.26649,206.75,208.75999,30111461
2025-05-12 11:30:00,208.78,209.99001,208.25,209.935,8267793
2025-05-12 13:30:00,209.94,211.14999,209.92,210.050003,9560402
2025-05-12 15:30:00,210.059998,210.85001,209.96001,210.83,5815190
2025-05-13 09:30:00,210.42999,211.88,209.080002,211.38499,20062885
2025-05-13 11:30:00,211.39751,211.94,210.48,211.71001,7517653
2025-05-13 13:30:00,211.71001,213.39999,211.7099,213.23,8885259
2025-05-13 15:30:00,213.19,213.36,212.605,212.84,4596157
2025-05-14 09:30:00,212.425,213.94,211.87,212.62,17039386
2025-05-14 11:30:00,212.618,212.88,210.58009,210.96001,7327870
2025-05-14 13:30:00,210.97,212.050003,210.96001,211.3595,6853029
2025-05-14 15:30:00,211.34,212.60001,211.24001,212.41,6352084
2025-05-15 09:30:00,210.995,212.8,209.53999,212.4964,15040646
2025-05-15 11:30:00,212.5,212.96001,211.21001,212.1201,7223584
2025-05-15 13:30:00,212.13,212.13,210.25999,210.36,7279206
2025-05-15 15:30:00,210.35001,211.46001,210.14999,211.45799,5877104
2025-05-16 09:30:00,212.32001,212.57001,209.77,210.080002,22840793
2025-05-16 11:30:00,210.089996,211.42,210.089996,211.11,6895138
2025-05-16 13:30:00,211.11,211.92999,210.73,211.72501,7173385
2025-05-16 15:30:00,211.71001,211.73,211.11,211.19,3920156
2025-05-19 09:30:00,208.024994,208.27,204.25999,207.33,20493984
2025-05-19 11:30:00,207.32001,209.48,207.28,208.92999,6397607
2025-05-19 13:30:00,208.92999,209.2,207.78,208.1274,5809532
2025-05-19 15:30:00,208.12,208.92999,208.10001,208.75999,4045825
2025-05-20 09:30:00,208.044998,208.47,206.47,207.63429,13673355
2025-05-20 11:30:00,207.64999,208.42999,207.050003,207.38,6906106
2025-05-20 13:30:00,207.37,207.405,205.029999,206.27,9044415
2025-05-20 15:30:00,206.27,206.94,205.92999,206.87,3731510
2025-05-21 09:30:00,205.12,207.039993,204.059998,206.58,13215246
2025-05-21 11:30:00,206.57001,206.87,202.020004,202.10001,15975839
2025-05-21 13:30:00,202.089996,203.345,200.72,201.030106,14713564
2025-05-21 15:30:00,201.059998,202.49001,201.050003,202.059998,6085411
2025-05-22 09:30:00,200.715,201.64,199.7,200.95,18585088
2025-05-22 11:30:00,200.95,202.4099,200.86,201.89,7697112
2025-05-22 13:30:00,201.88,202.72,201.64999,202.61,8623934
2025-05-22 15:30:00,202.62,202.64999,201.0,201.37,5705738
2025-05-23 09:30:00,193.66499,197.7,193.46001,196.58501,35760055
2025-05-23 11:30:00,196.59,197.12,195.63499,196.62,12994895
2025-05-23 13:30:00,196.60001,196.60001,195.029999,195.4624,13592294
2025-05-23 15:30:00,195.46001,195.97,195.029999,195.34,8128777
2025-05-27 09:30:00,198.3,199.37,197.42999,199.36501,20220384
2025-05-27 11:30:00,199.36,200.64999,199.0,199.9599,11286010
2025-05-27 13:30:00,199.955,200.74001,199.81,200.2944,8543725
2025-05-27 15:30:00,200.3,200.47,199.92999,200.2,6028688
2025-05-28 09:30:00,200.67999,202.73,199.89999,201.044998,16373637
2025-05-28 11:30:00,201.050003,201.52,200.825,201.11,5374765
2025-05-28 13:30:00,201.12,201.5211,200.32001,201.1286,6266853
2025-05-28 15:30:00,201.089996,201.395,200.19501,200.42,4638874
2025-05-29 09:30:00,203.27,203.78,200.55,200.74001,18248207
2025-05-29 11:30:00,200.74001,200.8,198.50999,199.97501,10072162
2025-05-29 13:30:00,199.96001,200.17,198.57001,199.1393,8714094
2025-05-29 15:30:00,199.125,200.248,199.080002,199.95,5888522
2025-05-30 09:30:00,199.405,199.57001,197.97,199.31,12247613
2025-05-30 11:30:00,199.3,199.37,196.78,198.085007,8744336
2025-05-30 13:30:00,198.080002,200.23,197.95,200.050598,7842546
2025-05-30 15:30:00,200.070007,201.95,199.7401,200.66,14540371
2025-06-02 09:30:00,201.625,202.13,200.12,200.71001,13757195
2025-06-02 11:30:00,200.72,201.168,200.3,200.86011,5375331
2025-06-02 13:30:00,200.86,201.77991,200.58009,201.66,5610358
2025-06-02 15:30:00,201.64999,201.80991,201.3,201.8,3972829
2025-06-03 09:30:00,202.13499,203.24001,200.955,202.5,15079574
2025-06-03 11:30:00,202.52,203.74001,202.059998,203.31461,8038546
2025-06-03 13:30:00,203.33501,203.77,202.5,203.17999,6330738
2025-06-03 15:30:00,203.17999,203.46989,202.98,203.34,4035108
2025-06-04 09:30:00,202.91,206.24001,202.6508,204.089996,17077760
2025-06-04 11:30:00,204.089996,204.60001,202.14999,203.41499,9769397
2025-06-04 13:30:00,203.412,203.47,202.75999,203.19,5723763
2025-06-04 15:30:00,203.19,203.44769,202.75999,202.88699,3543324
2025-06-05 09:30:00,203.595,204.59,201.27,204.54379,16423285
2025-06-05 11:30:00,204.535,204.75,201.55,202.6001,8743522
2025-06-05 13:30:00,202.60001,202.89999,200.2,200.73,7979165
2025-06-05 15:30:00,200.74001,201.77,200.15961,200.55,6191418
2025-06-06 09:30:00,202.995,205.7,202.86011,203.039993,16540670
2025-06-06 11:30:00,203.020004,203.78,202.050003,203.59,7611926
2025-06-06 13:30:00,203.60001,205.47,203.59,204.7,8506196
2025-06-06 15:30:00,204.69,205.22,203.895,203.92999,5954114
2025-06-09 09:30:00,204.39999,206.0,203.98,204.53,14851134
2025-06-09 11:30:00,204.53011,205.2999,200.020004,200.72,19612621
2025-06-09 13:30:00,200.71001,202.66769,200.029999,201.25,21673875
2025-06-09 15:30:00,201.21001,202.355,200.89,201.44,7398849
2025-06-10 09:30:00,200.60001,204.35001,200.57001,203.315,19876266
2025-06-10 11:30:00,203.32001,203.32001,201.75,201.75999,8468288
2025-06-10 13:30:00,201.77499,203.22501,201.31,202.82001,10082385
2025-06-10 15:30:00,202.82111,202.97501,202.33,202.75,4081286
2025-06-11 09:30:00,203.47,204.5,200.97,201.0099945,17811332
2025-06-11 11:30:00,200.98,201.2365,199.65961,200.91,15897862
2025-06-11 13:30:00,200.905,200.985,198.62,198.98,12837846
2025-06-11 15:30:00,198.95,199.125,198.41,198.85001,6079183
2025-06-12 09:30:00,198.8988,199.39,197.36011,198.16499,15952325
2025-06-12 11:30:00,198.089996,199.44,197.755,199.25999,7981018
2025-06-12 13:30:00,199.25999,199.6799,198.545,198.88499,6393364
2025-06-12 15:30:00,198.88,199.2,198.39999,199.2,3810972
2025-06-13 09:30:00,199.50999,200.37,195.91,197.50999,20708410
2025-06-13 11:30:00,197.52,198.047501,196.92,197.27,7690042
2025-06-13 13:30:00,197.25,197.71001,195.81,196.22,9178319
2025-06-13 15:30:00,196.24001,196.69,195.77,196.45,5657582
2025-06-16 09:30:00,197.28999,198.685,196.5636,197.315,15683970
2025-06-16 11:30:00,197.31,197.955,196.875,197.875,6951564
2025-06-16 13:30:00,197.88499,198.39999,197.66,198.245,6769971
2025-06-16 15:30:00,198.245,198.49001,197.92999,198.37,4720848
2025-06-17 09:30:00,197.25,197.92999,196.255,197.58,11282683
2025-06-17 11:30:00,197.59,198.3889,196.465,196.52,7988568
2025-06-17 13:30:00,196.50999,196.82001,195.21001,195.84,7630142
2025-06-17 15:30:00,195.85001,195.88499,195.44099,195.64,4321581
2025-06-18 09:30:00,195.94501,197.57001,195.070007,196.94,12659711
2025-06-18 11:30:00,196.88,197.23,196.050003,196.059998,5219125
2025-06-18 13:30:00,196.070007,196.98,195.11,195.64,8693718
2025-06-18 15:30:00,195.63,197.11,195.466,196.25,7662210
2025-06-20 09:30:00,198.235,200.94,196.8596,197.67,33009176
2025-06-20 11:30:00,197.71001,199.37,197.7,198.32001,8615804
2025-06-20 13:30:00,198.32001,200.3367,198.070007,199.92999,13244846
2025-06-20 15:30:00,199.92,201.7,199.77,200.94,10755124
2025-06-23 09:30:00,201.532,202.3,199.94,200.53,18195653
2025-06-23 11:30:00,200.33,201.52,198.96001,201.439,9916575
2025-06-23 13:30:00,201.46001,202.24001,201.050705,201.3602,10820012
2025-06-23 15:30:00,201.35001,201.84,201.13499,201.55,3965279
2025-06-24 09:30:00,202.59,202.78,200.2,201.38,17228877
2025-06-24 11:30:00,201.46001,203.44,201.24001,201.96001,11675315
2025-06-24 13:30:00,201.96001,202.33,201.30499,201.53,9614348
2025-06-24 15:30:00,201.535,201.5999,200.27,200.28999,7488205
2025-06-25 09:30:00,201.42,203.66,201.2,202.10001,16830334
2025-06-25 11:30:00,202.105,202.19991,201.089996,201.14,6406544
2025-06-25 13:30:00,201.14,201.5,200.6201,201.15981,6232685
2025-06-25 15:30:00,201.14,201.62,200.88499,201.60001,4058748
2025-06-26 09:30:00,201.42999,202.61501,199.62,199.69,17887923
2025-06-26 11:30:00,199.71001,200.78999,199.46001,200.24001,9346825
2025-06-26 13:30:00,200.25,201.36,199.97501,201.175,8999440
2025-06-26 15:30:00,201.1752,201.56,200.78999,200.94,5945620
2025-06-27 09:30:00,201.895,203.22,200.855,201.38181,17462525
2025-06-27 11:30:00,201.39999,202.7,201.39,202.080002,8642581
2025-06-27 13:30:00,202.10001,202.12,200.78999,201.125,10485939
2025-06-27 15:30:00,201.13,201.27,200.22,201.10001,6326536
2025-06-30 09:30:00,202.0099945,202.19,199.5901,199.97,17298253
2025-06-30 11:30:00,199.9892,200.48,199.8,200.155,8936341
2025-06-30 13:30:00,200.155,207.089996,199.2607,206.5856,30651217
2025-06-30 15:30:00,206.55,207.39,205.050003,205.12,13979109
2025-07-01 09:30:00,206.66499,210.18649,206.14011,207.95,42202574
2025-07-01 11:30:00,207.96001,208.53,206.78999,208.089996,13501925
2025-07-01 13:30:00,208.088898,208.4299,207.375,208.19,9700058
2025-07-01 15:30:00,208.185,208.23,207.515,207.86,5286012
2025-07-02 09:30:00,209.080002,213.34,208.14,211.47501,33148000
2025-07-02 11:30:00,211.49001,212.020004,210.22,210.8181,11098344
2025-07-02 13:30:00,210.81,212.96001,210.74001,211.94501,10700098
2025-07-02 15:30:00,211.94,212.75,211.92999,212.41,6287690
2025-07-03 09:30:00,212.145,214.45,211.825,213.88,1453778
2025-07-03 11:30:00,213.885,214.65,213.34,213.44,823503
2025-07-07 09:30:00,212.67999,216.23,211.60001,212.039993,18188484
2025-07-07 11:30:00,212.035004,212.22,209.52,209.67039,9883754
2025-07-07 13:30:00,209.67,210.5,208.8,209.45,8598960
2025-07-07 15:30:00,209.46001,210.25,209.19,209.94,4768433
2025-07-08 09:30:00,210.13,211.42999,208.45,209.8707,15282333
2025-07-08 11:30:00,209.88,211.185,209.5,209.83501,7496533
2025-07-08 13:30:00,209.84,210.25999,209.32001,209.605,5518256
2025-07-08 15:30:00,209.59,210.34,209.3,210.035004,5121140
2025-07-09 09:30:00,209.53,210.89999,207.22,207.80499,17302267
2025-07-09 11:30:00,207.81,209.044998,207.2659,208.9156,8641258
2025-07-09 13:30:00,208.91499,210.19,208.72,209.89,7741058
2025-07-09 15:30:00,209.88,211.33,209.73,211.11,6191235
2025-07-10 09:30:00,210.505,213.48,210.12,212.98,18399912
2025-07-10 11:30:00,212.99001,213.17999,211.83,212.62,7983092
2025-07-10 13:30:00,212.61,213.45,212.31,212.575,6373708
2025-07-10 15:30:00,212.58,213.020004,212.089996,212.42,4470431
2025-07-11 09:30:00,210.565,212.13,209.86,210.825,12623881
2025-07-11 11:30:00,210.83,211.28999,210.4283,211.16499,6224586
2025-07-11 13:30:00,211.155,211.65981,210.62,211.16,4752451
2025-07-11 15:30:00,211.13,211.39999,211.029297,211.074997,4157903
2025-07-14 09:30:00,209.909,210.91,207.53999,208.765,15509352
2025-07-14 11:30:00,208.77,209.33,208.56,209.0,5938961
2025-07-14 13:30:00,209.013306,209.45,208.8701,209.19991,5599210
2025-07-14 15:30:00,209.17,209.19,208.52,208.53999,4180894
2025-07-15 09:30:00,209.14999,211.42999,208.92,211.42999,15105367
2025-07-15 11:30:00,211.42999,211.89,210.36,210.6727,6743248
2025-07-15 13:30:00,210.685,211.67,209.96001,210.17999,6699344
2025-07-15 15:30:00,210.203,210.28999,208.99001,209.0099945,3872873
2025-07-16 09:30:00,210.28999,212.39999,209.28999,210.12,18579930
2025-07-16 11:30:00,210.1488,210.948,208.64,210.35001,8241796
2025-07-16 13:30:00,210.34,210.6319,209.871,210.325,4393838
2025-07-16 15:30:00,210.32001,210.6366,209.97,210.22,4310071
2025-07-17 09:30:00,210.625,211.0099945,209.59,210.44,14447107
2025-07-17 11:30:00,210.45,211.50999,210.105,210.955,9567106
2025-07-17 13:30:00,210.95,211.8,210.78,210.995,9732953
2025-07-17 15:30:00,210.99989,211.050003,209.74001,210.061005,7016080
2025-07-18 09:30:00,210.755,211.0099945,209.7045,210.85001,20687044
2025-07-18 11:30:00,210.855,211.78999,210.67999,211.19,7833740
2025-07-18 13:30:00,211.17999,211.53999,210.75999,210.95,5694021
2025-07-18 15:30:00,210.94,211.345,210.83,211.22,4433304
2025-07-21 09:30:00,212.050003,215.78,211.6409,213.47,27419303
2025-07-21 11:30:00,213.46001,213.86,213.14,213.67999,6046418
2025-07-21 13:30:00,213.66,213.71001,212.50999,212.58,6945549
2025-07-21 15:30:00,212.58,212.7186,212.070007,212.53999,3808451
2025-07-22 09:30:00,213.235,214.029999,212.2301,213.47729,17098909
2025-07-22 11:30:00,213.47,214.48,212.75999,214.41119,9679831
2025-07-22 13:30:00,214.39999,214.4234,213.44,214.185,7370957
2025-07-22 15:30:00,214.17999,214.645,213.92999,214.39,4788294
2025-07-23 09:30:00,215.044998,215.10001,212.41,213.14999,18067866
2025-07-23 11:30:00,213.14999,214.2285,212.64999,214.125,7017545
2025-07-23 13:30:00,214.12,214.69501,213.94,214.14,7892265
2025-07-23 15:30:00,214.145,214.31,213.61,214.31,4190088
2025-07-24 09:30:00,214.059998,215.69,213.53,215.25999,17849533
2025-07-24 11:30:00,215.2616,215.49001,214.2,214.78999,7932910
2025-07-24 13:30:00,214.78999,215.2,214.33,214.81,5677910
2025-07-24 15:30:00,214.811,214.94,213.72,213.75999,5843431
2025-07-25 09:30:00,214.7,215.24001,213.74001,214.50999,15183119
2025-07-25 11:30:00,214.5,214.64,214.039993,214.17,7919071
2025-07-25 13:30:00,214.17039,214.50999,213.39999,213.5,6018872
2025-07-25 15:30:00,213.505,214.0,213.49001,213.96001,4400863
2025-07-28 09:30:00,214.029999,214.845,213.58,214.435,11711263
2025-07-28 11:30:00,214.44,214.75,213.41499,213.645,6555991
2025-07-28 13:30:00,213.63499,214.020004,213.059998,213.42999,6789349
2025-07-28 15:30:00,213.42,214.050003,213.32001,214.039993,3976187
2025-07-29 09:30:00,214.16,214.81,211.50999,211.89999,17248913
2025-07-29 11:30:00,211.881,212.92999,210.825,212.2,9401141
2025-07-29 13:30:00,212.21001,212.44,211.60001,211.89,6400960
2025-07-29 15:30:00,211.89,211.91,211.054504,211.35001,4836491
2025-07-30 09:30:00,211.895,212.39,209.62,209.715,11198172
2025-07-30 11:30:00,209.72,210.42,209.32001,209.7565,5639586
2025-07-30 13:30:00,209.75,210.1499,207.72,208.52,9114481
2025-07-30 15:30:00,208.50999,209.10989,208.13,209.020004,4211968
2025-07-31 09:30:00,208.38,209.6815,207.825,208.28281,18046591
2025-07-31 11:30:00,208.27,209.84,208.17,208.66499,9723628
2025-07-31 13:30:00,208.66499,209.38429,207.59,208.5699,11113250
2025-07-31 15:30:00,208.57001,208.85001,207.16,207.61,8246453
2025-08-01 09:30:00,210.84,213.58,203.070007,203.44,41078433
2025-08-01 11:30:00,203.42,204.59,201.5,201.9825,17762248
2025-08-01 13:30:00,201.9801,204.3212,201.6301,203.19,15711023
2025-08-01 15:30:00,203.17999,203.24001,202.17,202.27,8416967
2025-08-04 09:30:00,204.505,207.88,204.19501,205.77,22250659
2025-08-04 11:30:00,205.75999,205.88,203.86501,204.14999,10806220
2025-08-04 13:30:00,204.14,204.22,202.070007,202.325,15253799
2025-08-04 15:30:00,202.33,203.45,201.675,203.34,8673869
2025-08-05 09:30:00,203.435,205.34,202.16,204.63,16315203
2025-08-05 11:30:00,204.62,204.69,203.089996,204.035004,7503650
2025-08-05 13:30:00,204.050003,204.3,203.19009,203.33501,6032463
2025-08-05 15:30:00,203.34,203.41,202.67,202.92999,3784751
2025-08-06 09:30:00,205.60001,214.34,205.59,214.22501,39819306
2025-08-06 11:30:00,214.22501,214.99001,213.67,214.53999,22729303
2025-08-06 13:30:00,214.515,215.38,213.75,213.875,15400123
2025-08-06 15:30:00,213.88499,214.42,212.81,213.25,9553119
2025-08-07 09:30:00,218.875,220.33,216.58,219.629,42722967
2025-08-07 11:30:00,219.62,220.34,213.25,218.71001,17079470
2025-08-07 13:30:00,218.72,220.85001,218.7101,219.30009,14041488
2025-08-07 15:30:00,219.3045,220.2,219.25,220.13,6898669
2025-08-08 09:30:00,220.82001,224.63,219.25,224.36,26226802
2025-08-08 11:30:00,224.355,230.91,224.31,228.675,42589445
2025-08-08 13:30:00,228.67,230.99001,228.50999,228.83,23765170
2025-08-08 15:30:00,228.82001,229.69,228.46001,229.37,11188500
2025-08-11 09:30:00,226.75,228.73,224.76241,227.47,24178182
2025-08-11 11:30:00,227.47,229.56,227.47,228.10001,11541060
2025-08-11 13:30:00,228.089996,228.19501,227.0099945,227.64999,12898424
2025-08-11 15:30:00,227.65919,227.69501,226.64,227.205,5849057
2025-08-12 09:30:00,228.0050049,230.5865,227.10001,229.73,22699442
2025-08-12 11:30:00,229.7299,230.78,228.32001,229.77499,9940975
2025-08-12 13:30:00,229.7701,230.55,228.92,229.183,6921271
2025-08-12 15:30:00,229.17,230.10001,229.059998,229.64999,4734707
2025-08-13 09:30:00,231.070007,234.55,230.42999,232.28999,26344232
2025-08-13 11:30:00,232.28,233.39729,231.5601,232.455,11383468
2025-08-13 13:30:00,232.45,234.99001,230.8,233.58501,17330195
2025-08-13 15:30:00,233.58501,234.33,233.11,233.33,5738352
2025-08-14 09:30:00,234.054993,235.11,230.85001,231.7402,22677617
2025-08-14 11:30:00,231.75,233.14,230.91,232.92731,7533070
2025-08-14 13:30:00,232.92999,233.49001,232.32001,232.94501,8157397
2025-08-14 15:30:00,232.92999,233.50999,232.69,232.83,4542543
2025-08-15 09:30:00,233.73,234.22141,230.47,231.070007,16922706
2025-08-15 11:30:00,231.070007,231.455,230.23,230.57001,10095247
2025-08-15 13:30:00,230.56,231.5,229.36,231.36,10706426
2025-08-15 15:30:00,231.37,231.77,231.020004,231.64999,4696096
2025-08-18 09:30:00,231.78,233.12,230.37,230.86,14117006
2025-08-18 11:30:00,230.86501,231.14999,230.11,231.070007,5903868
2025-08-18 13:30:00,231.080002,231.675,230.89999,231.22501,6156941
2025-08-18 15:30:00,231.22,231.55,230.88,230.88,2842575
2025-08-19 09:30:00,231.27499,232.86501,230.47,231.3226,12921303
2025-08-19 11:30:00,231.32001,231.66,230.059998,230.625,6643890
2025-08-19 13:30:00,230.62,230.89999,229.35001,230.185,6699733
2025-08-19 15:30:00,230.185,230.69,229.99001,230.53999,3980557
2025-08-20 09:30:00,229.97,230.46989,226.11,227.33501,15509739
2025-08-20 11:30:00,227.33,227.37,225.89,226.295,6771547
2025-08-20 13:30:00,226.3,226.83,225.77,226.44501,6085698
2025-08-20 15:30:00,226.44,227.0,225.92999,225.96001,4504957
2025-08-21 09:30:00,226.28,226.52,224.5101,225.13,9891225
2025-08-21 11:30:00,225.13499,225.84,223.7804,224.175,6084471
2025-08-21 13:30:00,224.17081,225.054993,224.094193,224.88,5133299
2025-08-21 15:30:00,224.89999,225.25,224.3884,224.91,3977376
2025-08-22 09:30:00,226.17,228.72,225.41,228.059998,13474125
2025-08-22 11:30:00,228.039993,229.089996,226.925,228.61,8127832
2025-08-22 13:30:00,228.6274,228.6274,227.78,227.85001,8705141
2025-08-22 15:30:00,227.84,228.31,227.44,227.75,4139072
2025-08-25 09:30:00,226.405,229.24001,226.24001,228.565,12319091
2025-08-25 11:30:00,228.57001,229.3,228.32001,228.435,4782758
2025-08-25 13:30:00,228.435,228.655,227.44501,227.5984,5346888
2025-08-25 15:30:00,227.60001,227.72,227.12,227.14999,3262464
2025-08-26 09:30:00,226.87,227.2999,224.69,226.96159,11584902
2025-08-26 11:30:00,226.965,228.17,226.55,228.1116,7203721
2025-08-26 13:30:00,228.11,228.62,227.735,228.56821,5004377
2025-08-26 15:30:00,228.57001,229.49001,227.72501,229.3,5151468
2025-08-27 09:30:00,228.58,230.7,228.295,229.5741,12285266
2025-08-27 11:30:00,229.57001,230.089996,229.31,229.84,4409207
2025-08-27 13:30:00,229.84,230.67999,229.72,230.13251,4524856
2025-08-27 15:30:00,230.125,230.89999,230.12,230.44,3801508
2025-08-28 09:30:00,230.81,231.89999,229.33501,230.95,11936591
2025-08-28 11:30:00,230.96001,233.12,230.9482,233.0,6891162
2025-08-28 13:30:00,233.0099945,233.41,232.69,232.97501,5786234
2025-08-28 15:30:00,232.97501,233.33,232.48,232.49001,4913603
2025-08-29 09:30:00,232.56,233.3613,231.37,232.96001,12394993
2025-08-29 11:30:00,232.985,233.029999,231.39999,232.029999,7092375
2025-08-29 13:30:00,232.032501,232.75,231.97,232.35429,5849599
2025-08-29 15:30:00,232.35001,232.83771,231.48,232.27,4673659
2025-09-02 09:30:00,229.7,230.78,227.5284,227.82899,14812295
2025-09-02 11:30:00,227.82001,228.54539,227.17,228.41,5666821
2025-09-02 13:30:00,228.42,229.34,226.97,228.94,5851281
2025-09-02 15:30:00,228.9247,230.0,228.895,229.71001,4687318
2025-09-03 09:30:00,237.2,237.97,234.37,236.011002,32192895
2025-09-03 11:30:00,236.020004,237.89999,235.49001,237.4272,9482591
2025-09-03 13:30:00,237.425,237.45,236.63,237.155,9179012
2025-09-03 15:30:00,237.15581,238.71001,237.15041,238.49001,8891635
2025-09-04 09:30:00,238.45,239.8932,237.039993,237.39999,17239440
2025-09-04 11:30:00,237.39,238.089996,236.74001,238.039993,6750461
2025-09-04 13:30:00,238.0401,238.98,237.50999,238.7045,8908343
2025-09-04 15:30:00,238.7,239.8999,238.49001,239.71001,5942248
2025-09-05 09:30:00,239.99001,241.32001,238.64,239.80499,24037473
2025-09-05 11:30:00,239.82001,240.315,238.4901,239.625,8213229
2025-09-05 13:30:00,239.6485,240.13,238.73,239.925,7981636
2025-09-05 15:30:00,239.92999,240.014999,239.059998,239.67,4874234
2025-09-08 09:30:00,239.3,240.14999,238.61501,238.7,17134144
2025-09-08 11:30:00,238.69501,238.7883,236.34,237.8058,9165960
2025-09-08 13:30:00,237.80991,237.955,236.61,237.11,7875694
2025-09-08 15:30:00,237.11501,238.0099945,236.90421,237.92,5177199
2025-09-09 09:30:00,237.0,238.0,235.78,236.22501,12168227
2025-09-09 11:30:00,236.23,238.7805,235.55,237.75,13974834
2025-09-09 13:30:00,237.75999,238.10001,233.37,234.31,25628498
2025-09-09 15:30:00,234.31,234.63499,233.515,234.35001,6317179
2025-09-10 09:30:00,232.024994,232.34,227.020004,227.039993,33727781
2025-09-10 11:30:00,227.039993,228.054993,226.2401,226.80499,16736112
2025-09-10 13:30:00,226.8,227.35001,226.17999,226.185,12380693
2025-09-10 15:30:00,226.185,227.10001,225.95219,226.78,7727491
2025-09-11 09:30:00,226.875,229.32001,226.64999,228.74001,20542819
2025-09-11 11:30:00,228.75,229.53999,228.029999,229.4725,7030367
2025-09-11 13:30:00,229.47,230.16,229.17999,229.85001,8548311
2025-09-11 15:30:00,229.84,230.45,229.83501,230.020004,5627999
2025-09-12 09:30:00,230.0,234.50999,229.020004,234.095001,23033168
2025-09-12 11:30:00,234.089996,234.49001,233.0,233.235,9680185
2025-09-12 13:30:00,233.22,234.45,233.029999,233.7755,10174730
2025-09-12 15:30:00,233.78,234.28999,233.50999,234.059998,5874733
2025-09-15 09:30:00,237.0,238.19,235.029999,236.82001,19153971
2025-09-15 11:30:00,236.815,237.3,235.7,235.75999,6650951
2025-09-15 13:30:00,235.75,236.34,235.27,235.97,6524240
2025-09-15 15:30:00,235.97,236.78999,235.67999,236.75999,4732529
2025-09-16 09:30:00,237.0,241.22,236.3235,239.5929,19757555
2025-09-16 11:30:00,239.58009,239.58009,238.465,239.085602,5325237
2025-09-16 13:30:00,239.10001,239.60001,238.13,238.93829,5862397
2025-09-16 15:30:00,238.94,239.42,238.080093,238.14,20451492
2025-09-17 09:30:00,238.97,240.10001,238.78999,239.48,13928994
2025-09-17 11:30:00,239.485,239.78,239.28,239.52,6063294
2025-09-17 13:30:00,239.52,239.82001,237.7301,239.26289,10480268
2025-09-17 15:30:00,239.27,239.28,238.48,238.97,4226195
2025-09-18 09:30:00,239.95,241.2,236.64999,238.19,16041363
2025-09-18 11:30:00,238.21001,238.53999,237.35001,237.88,7165251
2025-09-18 13:30:00,237.87,238.10001,237.21021,237.45,6550989
2025-09-18 15:30:00,237.455,238.11,237.435,237.85001,4049383
2025-09-19 09:30:00,241.175,243.16,240.2106,242.28,39765849
2025-09-19 11:30:00,242.2737,245.92,242.049194,245.2438,21300937
2025-09-19 13:30:00,245.24001,246.2699,244.89999,245.61,17237378
2025-09-19 15:30:00,245.60001,246.3,244.74001,245.28999,12986528
2025-09-22 09:30:00,248.34,256.079987,248.17,255.78979,44808898
2025-09-22 11:30:00,255.77,256.63,253.16,254.5929,24501686
2025-09-22 13:30:00,254.58,256.059998,253.89999,255.78999,13457102
2025-09-22 15:30:00,255.80499,256.26001,255.61501,256.089996,9091926
2025-09-23 09:30:00,256.5,257.34,255.0099945,256.10001,16753703
2025-09-23 11:30:00,256.13,256.20999,254.39999,254.67,6079964
2025-09-23 13:30:00,254.66,254.961,253.59,254.16991,20973489
2025-09-23 15:30:00,254.16,254.53,253.67,254.53,5076635
2025-09-24 09:30:00,255.0,255.37,251.53999,252.12,9794686
2025-09-24 11:30:00,252.12,252.25999,251.039993,251.49001,9198539
2025-09-24 13:30:00,251.515,252.11,251.24001,251.39,3303640
2025-09-24 15:30:00,251.39,252.49001,251.28999,252.24001,11458612
2025-09-25 09:30:00,253.0,254.13879,251.71201,253.50011,19139766
2025-09-25 11:30:00,253.50011,253.91,252.3,253.5,17517525
2025-09-25 13:30:00,253.49001,257.17001,252.85001,256.95999,9742534
2025-09-25 15:30:00,256.95001,257.10999,255.42,256.94,28423863
2025-09-26 09:30:00,254.0,256.60001,253.78,255.97009,11749339
2025-09-26 11:30:00,255.97,256.97501,254.86,256.51999,4362816
2025-09-26 13:30:00,256.51999,257.35999,255.49001,255.645,4742828
2025-09-26 15:30:00,255.64,255.6498,254.89999,255.46001,3021515
2025-09-29 09:30:00,254.0,254.5,253.0099945,253.47,9140926
2025-09-29 11:30:00,253.46651,254.070007,253.12,253.39999,4020096
2025-09-29 13:30:00,253.39,254.61501,253.13,253.99001,4354850
2025-09-29 15:30:00,253.99001,254.83,253.94,254.35001,2513071
2025-09-30 09:30:00,255.0,255.91901,253.8201,254.22,8366696
2025-09-30 11:30:00,254.21001,254.97,253.31171,253.735,3154813
2025-09-30 13:30:00,253.75999,254.24001,253.11,253.95,9934186
2025-09-30 15:30:00,253.96001,255.17999,253.81,254.56,3030681
2025-10-01 09:30:00,255.25,258.79001,255.050003,255.52451,12649517
2025-10-01 11:30:00,255.53011,256.92001,255.50999,256.14041,4165429
2025-10-01 13:30:00,256.16501,256.94,255.87,255.94,12867541
2025-10-01 15:30:00,255.94,256.14001,255.28,255.41,4879162
2025-10-02 09:30:00,256.59,257.64001,254.14999,257.16501,16370474
2025-10-02 11:30:00,257.14999,258.17999,256.72101,257.41,6678725
2025-10-02 13:30:00,257.39001,258.16,257.029999,257.51001,7089334
2025-10-02 15:30:00,257.51001,257.875,256.88,257.14001,5100991
2025-10-03 09:30:00,254.66499,259.040009,253.96001,258.51001,20783258
2025-10-03 11:30:00,258.49301,259.23999,258.12,258.31,8237471
2025-10-03 13:30:00,258.29999,258.59,256.95999,257.92001,8509566
2025-10-03 15:30:00,257.92001,258.26001,257.4035,258.015015,4468054
2025-10-06 09:30:00,257.94501,259.070007,255.050003,257.5513,15116558
2025-10-06 11:30:00,257.565,257.67001,256.13049,256.56,6379055
2025-10-06 13:30:00,256.54999,256.68121,255.5,256.51001,8616260
2025-10-06 15:30:00,256.51001,257.25,256.45999,256.64999,3577742
2025-10-07 09:30:00,256.82001,257.39999,255.60001,256.379,10960343
2025-10-07 11:30:00,256.39001,256.84979,255.7543,255.89,6029465
2025-10-07 13:30:00,255.86,256.30151,255.42999,256.019989,4655907
2025-10-07 15:30:00,256.019989,256.62,255.92,256.48999,3978516
2025-10-08 09:30:00,256.53,258.45499,256.10999,258.040009,12886554
2025-10-08 11:30:00,258.054993,258.51999,257.56,257.92499,4932189
2025-10-08 13:30:00,257.92499,258.42999,257.64999,258.25,4845094
2025-10-08 15:30:00,258.23999,258.48999,257.88,258.029999,4214118
2025-10-09 09:30:00,257.775,258.0,254.5701,254.65,13569950
2025-10-09 11:30:00,254.62,254.75,253.19,253.4576,7539305
2025-10-09 13:30:00,253.41,254.11,253.14,253.78,6671623
2025-10-09 15:30:00,253.77,254.27,253.56,254.03,3387517
2025-10-10 09:30:00,254.87,256.37,248.95,249.41,27158513
2025-10-10 11:30:00,249.125,249.94501,247.059998,247.81,14037454
2025-10-10 13:30:00,247.77,248.57001,245.815,246.16499,10309821
2025-10-10 15:30:00,246.17,246.99001,244.7,245.31,8510251
2025-10-13 09:30:00,249.38,249.49001,245.56,248.5903,15176172
2025-10-13 11:30:00,248.62,249.6893,248.36,249.1042,5413851
2025-10-13 13:30:00,249.089996,249.32001,248.13,248.32001,4486457
2025-10-13 15:30:00,248.32001,248.59,247.33,247.59,3786722
2025-10-14 09:30:00,246.61501,247.74989,244.7,246.214,10193579
2025-10-14 11:30:00,246.23,248.0354,246.17,247.798,4772779
2025-10-14 13:30:00,247.81,248.75,247.14439,248.42,5955326
2025-10-14 15:30:00,248.42999,248.845,246.73,247.85001,4482259
2025-10-15 09:30:00,249.38,251.82001,248.64,249.85989,11615570
2025-10-15 11:30:00,249.82001,250.049698,247.48,248.0905,5169801
2025-10-15 13:30:00,248.105,250.10001,248.050003,249.92,4073671
2025-10-15 15:30:00,249.92999,250.070007,248.17,249.42999,4229173
2025-10-16 09:30:00,248.27,249.039993,246.17999,248.235,14390989
2025-10-16 11:30:00,248.17,248.6631,246.039993,247.22,7351202
2025-10-16 13:30:00,247.22,247.42,245.13,246.55,7599011
2025-10-16 15:30:00,246.56,247.91,246.35001,247.42999,3734949
2025-10-17 09:30:00,248.020004,250.32001,247.27,248.48,14602324
2025-10-17 11:30:00,248.48,251.36,248.097198,250.815,10341674
2025-10-17 13:30:00,250.8,252.82001,250.245,252.75999,7935639
2025-10-17 15:30:00,252.75,253.38,252.12,252.3,7247788
2025-10-20 09:30:00,255.88499,263.54999,255.63,262.57001,40216780
2025-10-20 11:30:00,262.54999,264.375,262.41751,263.16501,21854326
2025-10-20 13:30:00,263.17999,263.82999,262.79001,263.42001,10219709
2025-10-20 15:30:00,263.44,263.85001,261.92999,262.23001,8021467
2025-10-21 09:30:00,261.88,265.29001,261.88,263.66199,21724845
2025-10-21 11:30:00,263.67001,264.535,262.8475,263.32651,8185859
2025-10-21 13:30:00,263.32581,264.049988,262.14999,263.084991,7149075
2025-10-21 15:30:00,263.095001,263.20999,262.47,262.84,3493018
2025-10-22 09:30:00,262.79001,262.85001,257.64011,258.4299,16215684
2025-10-22 11:30:00,258.45001,259.48999,256.29999,256.69141,8443062
2025-10-22 13:30:00,256.67001,257.67999,255.42999,257.51001,7416184
2025-10-22 15:30:00,257.51999,258.81,257.42999,258.42999,4263522
2025-10-23 09:30:00,259.89001,260.1799,258.010101,259.39999,9103797
2025-10-23 11:30:00,259.39999,260.6199,259.083405,259.85999,5742330
2025-10-23 13:30:00,259.88,260.42499,259.62,259.89999,5557363
2025-10-23 15:30:00,259.91,260.049988,259.079987,259.57999,3143856
2025-10-24 09:30:00,261.19,263.35999,259.17999,263.28,12778447
2025-10-24 11:30:00,263.29001,264.029999,262.85001,263.60999,7389122
2025-10-24 13:30:00,263.60999,264.13,263.14999,263.5,6031417
2025-10-24 15:30:00,263.51001,263.66,262.13,262.73999,4742484
2025-10-27 09:30:00,264.88,267.049988,264.65009,265.70999,13370363
2025-10-27 11:30:00,265.70999,266.125,265.049988,265.62,6849042
2025-10-27 13:30:00,265.63,267.39999,265.47,267.27499,6430944
2025-10-27 15:30:00,267.26999,269.079987,267.20999,268.73999,6996092
2025-10-28 09:30:00,269.13501,269.87,268.14999,268.6972,15383150
2025-10-28 11:30:00,268.69501,269.87,268.35001,269.495,6261916
2025-10-28 13:30:00,269.495,269.495,268.78,269.20001,7302019
2025-10-28 15:30:00,269.20001,269.35501,268.60001,269.029999,5339653
2025-10-29 09:30:00,269.27499,271.41,267.51221,267.63,16457069
2025-10-29 11:30:00,267.60999,269.93011,267.10999,269.93011,7661202
2025-10-29 13:30:00,269.89001,270.92999,268.26001,268.31,10119281
2025-10-29 15:30:00,268.32001,270.38,267.79999,269.73001,4325904
2025-10-30 09:30:00,271.98999,274.14001,268.48001,270.79001,12274584
2025-10-30 11:30:00,270.78,272.39001,270.26309,271.95001,6279334
2025-10-30 13:30:00,271.95001,272.29999,270.995,271.34,7266404
2025-10-30 15:30:00,271.34,271.67001,271.049988,271.29001,5177440
2025-10-31 09:30:00,276.98999,277.32001,269.16,271.29999,21823244
2025-10-31 11:30:00,271.2999,273.17001,270.14999,270.34879,8306769
2025-10-31 13:30:00,270.32999,272.17499,270.10999,272.10501,5298393
2025-10-31 15:30:00,272.13,272.64999,269.95999,270.25,6601078
2025-11-03 09:30:00,270.42001,270.78,266.25,266.64001,13326063
2025-11-03 11:30:00,266.65991,268.14999,266.52231,267.67801,4855808
2025-11-03 13:30:00,267.7099,268.62,266.91,267.62,4318702
2025-11-03 15:30:00,267.63,269.10999,267.45999,269.059998,3383138
2025-11-04 09:30:00,268.24249,271.0,267.61499,270.60999,14989826
2025-11-04 11:30:00,270.64001,271.48599,268.98001,270.6384,5919279
2025-11-04 13:30:00,270.60999,270.82001,269.28271,270.090515,5156720
2025-11-04 15:30:00,270.10001,270.405,269.5,270.20999,3522361
2025-11-05 09:30:00,268.59,270.38,266.92999,270.29001,10164988
2025-11-05 11:30:00,270.28,270.79001,269.5,270.12,3058433
2025-11-05 13:30:00,270.10999,271.70001,269.53,269.60001,21255994
2025-11-05 15:30:00,269.60999,270.39999,268.995,270.10999,11020583
2025-11-06 09:30:00,267.89001,273.39999,267.89001,272.18149,16527670
2025-11-06 11:30:00,272.17999,272.46979,270.39001,271.35001,5819872
2025-11-06 13:30:00,271.37,272.20001,270.73499,271.20999,12724423
2025-11-06 15:30:00,271.20001,271.5202,269.595,269.64001,3825533
2025-11-07 09:30:00,269.79501,272.29001,267.26999,269.53,11846595
2025-11-07 11:30:00,269.51999,269.89001,268.058807,268.45001,5317953
2025-11-07 13:30:00,268.45001,268.66,266.78,267.75989,6138875
2025-11-07 15:30:00,267.76001,268.57999,267.69,268.42001,3276821
2025-11-10 09:30:00,268.95001,273.73001,268.95001,269.066406,10114657
2025-11-10 11:30:00,269.040009,270.23001,268.48999,269.73001,4153655
2025-11-10 13:30:00,269.70999,270.30771,267.45499,269.11859,5436877
2025-11-10 15:30:00,269.10001,269.60001,268.76001,269.35999,2892894
2025-11-11 09:30:00,269.81,274.73999,269.79999,272.5,12697204
2025-11-11 11:30:00,272.51001,274.70001,271.78,274.48001,5160380
2025-11-11 13:30:00,274.48999,275.76001,274.16,275.25,12919794
2025-11-11 15:30:00,275.23999,275.845,274.79999,275.29999,4039713
2025-11-12 09:30:00,275.075012,275.23999,271.87,274.60001,14046590
2025-11-12 11:30:00,274.59,275.14001,273.72501,274.98001,3746468
2025-11-12 13:30:00,274.98999,275.73001,273.5,274.049988,4073067
2025-11-12 15:30:00,274.049988,274.39999,272.97,273.47,12095413
2025-11-13 09:30:00,274.26999,276.69901,272.17999,274.037109,13946226
2025-11-13 11:30:00,274.029999,274.4899,272.45999,272.5701,8731379
2025-11-13 13:30:00,272.56,273.85001,272.10001,273.039612,5663944
2025-11-13 15:30:00,273.029999,273.60001,272.5,273.040009,11025353
2025-11-14 09:30:00,271.049988,274.64999,269.60001,274.64999,14187725
2025-11-14 11:30:00,274.64499,275.95831,273.54999,274.58499,6215750
2025-11-14 13:30:00,274.57001,274.76001,272.89001,272.98999,3700187
2025-11-14 15:30:00,272.97,273.26001,272.17001,272.54999,3210889
2025-11-17 09:30:00,268.72,270.48999,266.64999,267.87991,11889567
2025-11-17 11:30:00,267.85001,269.54999,267.44,267.78,4013439
2025-11-17 13:30:00,267.76999,268.34,265.73001,266.44,4768979
2025-11-17 15:30:00,266.44,267.57999,266.19,267.45999,3487816
2025-11-18 09:30:00,269.91501,270.70499,265.32001,267.84,11741797
2025-11-18 11:30:00,267.84,268.92999,266.42999,268.45001,5024976
2025-11-18 13:30:00,268.45001,269.22,267.67999,268.28021,4291697
2025-11-18 15:30:00,268.29999,268.42999,267.32999,267.51001,3127789
2025-11-19 09:30:00,265.52499,272.20999,265.5,269.73001,9570908
2025-11-19 11:30:00,269.75,271.31,269.53,270.029999,4050792
2025-11-19 13:30:00,270.01001,271.01001,269.17001,270.035004,3781985
2025-11-19 15:30:00,270.0,270.32999,268.14001,268.54999,9741413
2025-11-20 09:30:00,270.81,275.42999,270.81,271.78,10726812
2025-11-20 11:30:00,271.78,271.78,267.020111,268.81,7038043
2025-11-20 13:30:00,268.79001,268.92999,266.35999,267.32001,4486837
2025-11-20 15:30:00,267.32001,267.57999,265.92001,266.38,3489586
2025-11-21 09:30:00,265.88,271.47,265.82001,270.89999,15488652
2025-11-21 11:30:00,270.89001,271.60001,269.81,270.98001,13659523
2025-11-21 13:30:00,270.98001,273.315,270.86499,271.37,6698812
2025-11-21 15:30:00,271.35001,272.13,270.59,271.5,17443143
2025-11-24 09:30:00,270.89999,275.92001,270.89999,275.0,15228240
2025-11-24 11:30:00,274.97,276.51001,274.44,276.12,5987321
2025-11-24 13:30:00,276.12,276.655,275.35501,276.47501,5439054
2025-11-24 15:30:00,276.47,276.98001,275.10999,275.98001,4904039
2025-11-25 09:30:00,275.29999,280.38,275.26999,277.82999,12564041
2025-11-25 11:30:00,277.82001,279.37,277.5,278.76001,4429792
2025-11-25 13:30:00,278.76501,278.78,277.4975,277.565,3637522
2025-11-25 15:30:00,277.56,278.0,276.85999,276.95001,2448205
2025-11-26 09:30:00,276.95999,279.14001,276.63,279.010101,7596718
2025-11-26 11:30:00,279.029999,279.53,278.095001,278.54999,4457633
2025-11-26 13:30:00,278.56,278.94,277.92499,278.079987,3386218
2025-11-26 15:30:00,278.070007,278.29999,277.14999,277.47,9116002
2025-11-28 09:30:00,277.26001,278.2392,275.98999,276.25,5784300
2025-11-28 11:30:00,276.245,279.0,275.98651,278.85999,4296942
2025-12-01 09:30:00,278.14999,278.76999,276.14001,277.92001,6845505
2025-12-01 11:30:00,277.89999,280.64001,277.89001,280.5882,4314266
2025-12-01 13:30:00,280.59009,281.94,280.45001,281.91,5836561
2025-12-01 15:30:00,281.92001,283.41,281.73001,283.32001,5357873
2025-12-02 09:30:00,283.0,287.39999,282.73001,285.54001,14099785
2025-12-02 11:30:00,285.54001,286.34,284.82999,285.215,5572714
2025-12-02 13:30:00,285.20001,286.82001,285.015015,286.23999,15251015
2025-12-02 15:30:00,286.23999,286.60999,285.70999,286.23001,3132652
2025-12-03 09:30:00,286.20001,288.60999,285.75,286.41,10208821
2025-12-03 11:30:00,286.42001,286.82001,285.34,285.67929,4254345
2025-12-03 13:30:00,285.67999,285.94,284.27499,284.55499,12776934
2025-12-03 15:30:00,284.54999,284.70001,283.54001,284.14999,3725552
2025-12-04 09:30:00,284.10999,284.73001,279.81,280.28,9403297
2025-12-04 11:30:00,280.285,280.9335,279.64001,280.0050049,4091623
2025-12-04 13:30:00,279.98999,280.73001,278.59,280.125,10573145
2025-12-04 15:30:00,280.12,280.69,279.57999,280.64999,3165508
2025-12-05 09:30:00,280.54001,281.14001,279.26999,279.29501,7972392
2025-12-05 11:30:00,279.29999,279.4801,278.049988,279.44,4018973
2025-12-05 13:30:00,279.48001,279.57001,278.54001,278.80139,3491070
2025-12-05 15:30:00,278.79999,279.024994,278.19,278.79001,2719470
2025-12-08 09:30:00,278.16849,279.66931,276.70499,277.45999,9612252
2025-12-08 11:30:00,277.47,277.84991,276.87,276.97,3895505
2025-12-08 13:30:00,276.94949,276.97,276.14999,276.92499,10971163
2025-12-08 15:30:00,276.92999,277.98499,276.66,277.95999,2613900
2025-12-09 09:30:00,277.89001,280.029999,277.029999,277.41,7631655
2025-12-09 11:30:00,277.41,278.73999,277.20001,278.38501,3685384
2025-12-09 13:30:00,278.38501,278.89001,277.64999,277.86499,3169431
2025-12-09 15:30:00,277.86499,278.25,276.92001,277.23001,8158460
2025-12-10 09:30:00,277.87,278.793,276.44,278.25769,5748205
2025-12-10 11:30:00,278.23001,279.28,277.97501,278.12,2986193
2025-12-10 13:30:00,278.12,279.75,277.70001,278.98001,8743849
2025-12-10 15:30:00,278.98999,279.37,278.59,278.72,2242651
2025-12-11 09:30:00,279.095001,279.57999,273.81,275.82501,9230815
2025-12-11 11:30:00,275.82001,278.35001,275.81,277.52261,3887798
2025-12-11 13:30:00,277.52499,278.215,277.51001,278.095001,3249951
2025-12-11 15:30:00,278.089996,278.20999,277.47,278.059998,1985352
2025-12-12 09:30:00,277.79501,279.22,276.82001,277.73999,7392873
2025-12-12 11:30:00,277.76999,279.19,277.28079,279.049988,4660857
2025-12-12 13:30:00,279.040009,279.049988,277.73001,278.054993,4751674
2025-12-12 15:30:00,278.049988,278.5,276.94501,278.37,2787871
2025-12-15 09:30:00,280.0,280.049988,273.62,275.51001,15517956
2025-12-15 11:30:00,275.54001,275.69501,273.73001,274.040009,4128972
2025-12-15 13:30:00,274.019989,274.25,272.84,273.80499,5234769
2025-12-15 15:30:00,273.81,274.72,273.51999,274.11499,4104430
2025-12-16 09:30:00,272.82001,274.029999,271.79001,272.81,7496365
2025-12-16 11:30:00,272.79999,274.28,271.79999,272.13,7801747
2025-12-16 13:30:00,272.13501,274.79999,272.13501,274.56,3920627
2025-12-16 15:30:00,274.54999,275.5,274.45001,274.47,2361847
2025-12-17 09:30:00,275.01001,276.16,273.045013,273.48999,10356139
2025-12-17 11:30:00,273.48999,273.69,272.28,273.019989,4071931
2025-12-17 13:30:00,272.99011,274.10999,272.44,273.65009,4213843
2025-12-17 15:30:00,273.67001,273.87,271.69,271.85999,5130736
2025-12-18 09:30:00,273.60501,273.62,266.95999,272.29999,13786321
2025-12-18 11:30:00,272.29001,273.164,269.94,272.64999,11136101
2025-12-18 13:30:00,272.67001,272.95999,270.5,271.84,13058534
2025-12-18 15:30:00,271.85001,273.20001,271.785,272.16,2956766
2025-12-19 09:30:00,272.14499,272.92001,270.95001,271.2608,21494312
2025-12-19 11:30:00,271.2623,271.80951,270.26999,270.75,5715179
2025-12-19 13:30:00,270.76001,271.73999,270.17499,270.79999,5653057
2025-12-19 15:30:00,270.81,274.57629,269.89999,273.67001,8193309
2025-12-22 09:30:00,272.85999,273.88,271.51001,272.44,8578818
2025-12-22 11:30:00,272.42001,272.51001,270.73999,270.93991,4341580
2025-12-22 13:30:00,270.935,271.14001,270.51001,270.72,3959872
2025-12-22 15:30:00,270.715,271.19989,270.505,270.82001,2599971
2025-12-23 09:30:00,270.35999,271.95001,269.56,271.7814,7348562
2025-12-23 11:30:00,271.815,272.31119,271.10999,271.70001,3397052
2025-12-23 13:30:00,271.70001,272.44,271.5,272.10699,3299250
2025-12-23 15:30:00,272.10001,272.45001,271.84,272.23999,2287709
2025-12-24 09:30:00,273.25,275.049988,273.089996,274.85101,6685856
2025-12-24 11:30:00,274.85999,275.42999,273.56,273.85001,4008807
2025-12-26 09:30:00,274.25,275.37,274.059998,274.88,4334869
2025-12-26 11:30:00,274.88,274.935,274.22501,274.51999,1982347
2025-12-26 13:30:00,274.52499,274.98499,273.87009,273.98001,2910888
2025-12-26 15:30:00,273.98001,273.98999,272.87,273.25,2563251
2025-12-29 09:30:00,272.69,274.35999,272.39001,273.22,5238450
2025-12-29 11:30:00,273.21881,273.67001,272.82999,273.64001,4437919
2025-12-29 13:30:00,273.63,274.0,273.44,273.9028,7542456
2025-12-29 15:30:00,273.91,273.94,273.45999,273.79901,1452813
2025-12-30 09:30:00,274.0,274.070007,272.39481,272.8598,5047054
2025-12-30 11:30:00,272.82999,273.19,272.28,273.10001,2720060
2025-12-30 13:30:00,273.10001,273.52179,273.010101,273.16501,2792608
2025-12-30 15:30:00,273.16,273.255,272.73999,272.98999,2121973
2025-12-31 09:30:00,273.35999,273.67999,271.76001,272.48999,4830696
2025-12-31 11:30:00,272.48999,273.10001,272.26999,272.625,4402322
2025-12-31 13:30:00,272.625,273.42999,271.95999,272.079987,5611541
2025-12-31 15:30:00,272.089996,272.75,271.75,271.84,5718955
2026-01-02 09:30:00,272.0,277.8248,269.82999,270.32458,11764007
2026-01-02 11:30:00,270.29999,270.95999,269.10999,270.079987,8977666
2026-01-02 13:30:00,270.089996,270.84,269.019989,270.51001,4128317
2026-01-02 15:30:00,270.53,271.049988,270.35001,270.98001,2650904
2026-01-05 09:30:00,270.63501,271.17999,267.85999,268.79001,10309312
2026-01-05 11:30:00,268.78,268.85001,266.77011,267.42001,5581553
2026-01-05 13:30:00,267.41,267.66501,266.14001,267.019012,5201043
2026-01-05 15:30:00,267.029999,267.73999,266.45001,267.26001,2894622
2026-01-06 09:30:00,267.0079956,267.0079956,262.29999,262.41989,13054973
2026-01-06 11:30:00,262.42001,263.79999,262.2,262.845,5880830
2026-01-06 13:30:00,262.92999,263.070007,262.15,262.82001,5279205
2026-01-06 15:30:00,262.82999,263.0,262.22,262.22,2496947
2026-01-07 09:30:00,263.26999,263.67999,260.91,261.08371,10934297
2026-01-07 11:30:00,261.084991,262.70001,261.070007,261.22,6226679
2026-01-07 13:30:00,261.245,262.51999,261.13,261.32999,5302268
2026-01-07 15:30:00,261.32999,261.32999,259.82001,260.35999,4547776
2026-01-08 09:30:00,256.375,257.76999,255.7,256.10999,14350772
2026-01-08 11:30:00,256.10999,258.60001,255.97,257.48001,6340802
2026-01-08 13:30:00,257.51001,258.32999,256.29999,258.28,5942903
2026-01-08 15:30:00,258.28,259.28,257.96011,259.059998,3213685
2026-01-09 09:30:00,259.075012,260.0,256.22009,256.95999,10432372
2026-01-09 11:30:00,256.95129,259.16,256.76639,259.12,5518866
2026-01-09 13:30:00,259.13,260.20999,259.01001,259.965,4704022
2026-01-09 15:30:00,259.95001,260.054993,258.95001,259.35001,2303687
2026-01-12 09:30:00,259.41,261.29999,256.79999,260.23001,11785634
2026-01-12 11:30:00,260.23001,261.29999,259.70999,260.89001,4869825
2026-01-12 13:30:00,260.89099,261.19,260.19,260.97,10145562
2026-01-12 15:30:00,260.95999,261.13,260.01001,260.20999,9801908
2026-01-13 09:30:00,258.72,261.81,258.39001,259.91,11087375
2026-01-13 11:30:00,259.89999,261.44,259.85001,259.98999,4543807
2026-01-13 13:30:00,259.98001,260.67361,258.7601,259.019989,9776150
2026-01-13 15:30:00,259.01001,261.20001,258.84,261.049988,21564429
2026-01-14 09:30:00,259.48999,261.81,257.85999,258.73999,8126229
2026-01-14 11:30:00,258.73999,258.81,256.70999,257.53,3938889
2026-01-14 13:30:00,257.53,259.98001,257.054993,259.97,12334877
2026-01-14 15:30:00,259.98001,260.60001,258.68411,259.95001,25320368
2026-01-15 09:30:00,260.64999,261.029999,259.19,260.495,7841384
2026-01-15 11:30:00,260.5,260.63,258.0,259.53,8810647
2026-01-15 13:30:00,259.54999,259.75,257.049988,257.67001,5162114
2026-01-15 15:30:00,257.6575,258.38,257.10999,258.32999,2733911
2026-01-16 09:30:00,257.88,258.89999,256.059998,256.43991,14069638
2026-01-16 11:30:00,256.42651,256.63,254.92999,256.029999,6402861
2026-01-16 13:30:00,256.029999,257.14999,255.91499,256.17999,5460798
2026-01-16 15:30:00,256.17001,256.4725,255.13,255.48,3511559
2026-01-20 09:30:00,252.50999,254.78999,250.69,251.30499,12454687
2026-01-20 11:30:00,251.3,251.59,249.080002,249.19501,5656493
2026-01-20 13:30:00,249.17999,249.23,245.080002,245.46001,9308311
2026-01-20 15:30:00,245.46001,246.92999,243.42,246.69,10059596
2026-01-21 09:30:00,248.71001,248.75,246.080002,247.3,11108315
2026-01-21 11:30:00,247.31,247.36,245.19,245.88,5537009
2026-01-21 13:30:00,245.88,251.56,245.5,248.3828,10255784
2026-01-21 15:30:00,248.39,248.58,246.84,247.63,4345220
2026-01-22 09:30:00,249.36,250.77991,248.38499,249.69991,10466373
2026-01-22 11:30:00,249.69501,250.82001,249.25999,250.67999,3718026
2026-01-22 13:30:00,250.67,251.0,248.26511,248.37,5403100
2026-01-22 15:30:00,248.34,248.92,248.17999,248.34,11112802
2026-01-23 09:30:00,245.75,249.41,244.67999,248.35001,10880007
2026-01-23 11:30:00,248.37,248.80991,247.61,247.92999,4182592
2026-01-23 13:30:00,247.96001,248.47,246.97,248.19,4230221
2026-01-23 15:30:00,248.19,248.85001,247.745,247.97,12375932
2026-01-26 09:30:00,251.48,255.5,249.8,255.099899,14751765
2026-01-26 11:30:00,255.085007,255.42,254.080002,254.64999,4876759
2026-01-26 13:30:00,254.64,256.56,254.32001,255.72501,15219522
2026-01-26 15:30:00,255.73,255.99001,254.89999,255.42,14219113
2026-01-27 09:30:00,259.14001,261.95001,258.66,260.72,14175668
2026-01-27 11:30:00,260.72,261.35999,260.2301,260.255,4165078
2026-01-27 13:30:00,260.26999,260.35999,259.14999,259.38,5106915
2026-01-27 15:30:00,259.38501,259.67499,258.20999,258.26999,12330990
2026-01-28 09:30:00,257.56,258.85501,255.215,255.49001,9349984
2026-01-28 11:30:00,255.47,255.48,254.50999,255.255,4027048
2026-01-28 13:30:00,255.25999,256.64001,254.78,256.47501,5291025
2026-01-28 15:30:00,256.45999,256.89999,255.92999,256.44,3092338
2026-01-29 09:30:00,258.070007,259.64999,254.41,256.17001,12084060
2026-01-29 11:30:00,256.13,257.67001,255.12,257.38,6757299
2026-01-29 13:30:00,257.36499,258.56839,257.16,258.29501,7319867
2026-01-29 15:30:00,258.31,259.35001,257.75,258.17499,5861121
2026-01-30 09:30:00,255.16499,258.70001,252.17999,256.6875,31286482
2026-01-30 11:30:00,256.69,257.14001,254.28349,256.054993,10321058
2026-01-30 13:30:00,256.054993,259.91,255.75,259.91,11769510
2026-01-30 15:30:00,259.92001,261.8999,258.0,259.48001,13030810
2026-02-02 09:30:00,260.019989,265.37,259.20499,264.29181,17025184
2026-02-02 11:30:00,264.29501,265.31,263.78,265.13,5291769
2026-02-02 13:30:00,265.14499,269.56989,265.01001,268.98001,10790254
2026-02-02 15:30:00,268.97501,270.48999,268.84,269.95999,6031354
2026-02-03 09:30:00,269.13,271.57999,267.60999,268.89499,14430980
2026-02-03 11:30:00,268.89999,270.5,268.29001,269.34,7569080
2026-02-03 13:30:00,269.33499,271.875,268.67001,269.20999,18972817
2026-02-03 15:30:00,269.215,270.049988,268.84,269.45999,3048085
2026-02-04 09:30:00,272.31,278.81,272.285,277.21381,20264217
2026-02-04 11:30:00,277.19351,277.26001,273.14001,275.60001,10730166
2026-02-04 13:30:00,275.62,278.079987,274.35001,277.60999,29572657
2026-02-04 15:30:00,277.60999,278.95001,276.35999,276.45999,7312922
2026-02-05 09:30:00,278.019989,279.44,273.23001,275.22,17009371
2026-02-05 11:30:00,275.29001,275.5,273.52499,274.32001,4296590
2026-02-05 13:30:00,274.26001,277.72,274.11499,276.63,6082613
2026-02-05 15:30:00,276.63,276.91,275.35001,275.92001,3990713
2026-02-06 09:30:00,277.16,280.905,277.0,279.11499,16274807
2026-02-06 11:30:00,279.10001,279.77499,277.49011,277.77499,5855350
2026-02-06 13:30:00,277.79999,278.75,276.92499,277.66,5735085
2026-02-06 15:30:00,277.655,279.01001,277.57001,278.079987,3255323
2026-02-09 09:30:00,277.905,278.040009,272.76999,273.39819,9127116
2026-02-09 11:30:00,273.37,273.79999,271.70001,271.98001,9878277
2026-02-09 13:30:00,271.98001,274.25,271.84,274.040009,4934886
2026-02-09 15:30:00,274.029999,275.12,273.51001,274.54001,3837569
2026-02-10 09:30:00,274.88501,275.35999,273.20999,274.059998,6617448
2026-02-10 11:30:00,274.019989,274.19,272.94,274.054993,3697997
2026-02-10 13:30:00,274.054993,274.29999,273.51999,274.070007,2887584
2026-02-10 15:30:00,274.079987,274.48999,273.31,273.79001,9399403
2026-02-11 09:30:00,274.69501,279.98001,274.45001,278.19,14193512
2026-02-11 11:30:00,278.19,280.17999,278.16,278.95999,4578193
2026-02-11 13:30:00,278.935,279.67001,274.81061,276.049988,8389918
2026-02-11 15:30:00,276.01001,276.54999,275.45999,275.54001,2931248
2026-02-12 09:30:00,275.60001,275.72,266.14999,266.17001,13281364
2026-02-12 11:30:00,266.19,267.040009,260.17999,262.32999,11864707
2026-02-12 13:30:00,262.31,262.67001,261.10001,261.48999,7926036
2026-02-12 15:30:00,261.48001,262.51001,260.28,261.59,22727615
2026-02-13 09:30:00,262.01001,262.23001,258.37,259.28751,13200653
2026-02-13 11:30:00,259.29849,260.26999,258.60001,258.91,10948958
2026-02-13 13:30:00,258.94,259.31,255.81731,255.91,13037254
2026-02-13 15:30:00,255.91,256.66,255.45,255.82001,6720926
2026-02-17 09:30:00,258.049988,261.39001,255.55299,260.26501,14813305
2026-02-17 11:30:00,260.255,263.67999,259.92999,263.39999,6532017
2026-02-17 13:30:00,263.45999,266.29001,263.32001,264.29001,6990287
2026-02-17 15:30:00,264.29501,264.53,262.5,263.75,4178204
2026-02-18 09:30:00,263.5,266.089996,262.45001,266.040009,10170523
2026-02-18 11:30:00,266.024994,266.82001,265.0,265.3999,3176183
2026-02-18 13:30:00,265.38,265.57901,263.20999,263.73999,3040034
2026-02-18 15:30:00,263.73999,265.53,263.73999,264.32001,3105119
2026-02-19 09:30:00,262.60001,264.48001,262.29001,263.62,6099489
2026-02-19 11:30:00,263.67001,264.14001,261.42001,261.76999,5613710
2026-02-19 13:30:00,261.73999,262.3689,260.26999,260.76001,7396549
2026-02-19 15:30:00,260.76001,261.29999,260.049988,260.51001,2956715
2026-02-20 09:30:00,258.95499,263.26001,258.16,261.42999,9927532
2026-02-20 11:30:00,261.42001,264.75,261.23001,263.60999,12125427
2026-02-20 13:30:00,263.57501,264.73001,263.16,263.33011,3674790
2026-02-20 15:30:00,263.345,264.745,263.089996,264.59,13540364
2026-02-23 09:30:00,263.48999,267.73999,263.38101,266.59,66183916
2026-02-23 11:30:00,266.57001,269.37,265.84,269.33499,85249636
2026-02-23 13:30:00,269.34,269.42999,266.28,266.78,87994195
2026-02-23 15:30:00,266.81,267.20001,265.98999,266.39001,9880089
2026-02-24 09:30:00,268.0,274.89001,267.73999,273.22,86071441
2026-02-24 11:30:00,273.22501,273.23999,271.595,271.595,93726575
2026-02-24 13:30:00,271.60001,272.72,271.37,271.90991,83087614
2026-02-24 15:30:00,271.91,272.4299,271.48001,272.17001,13328406
2026-02-25 09:30:00,271.67999,274.5899,271.049988,273.965,63194796
2026-02-25 11:30:00,273.91501,274.63,272.95999,274.35001,53234469
2026-02-25 13:30:00,274.32999,274.94,273.20999,273.75,58107558
2026-02-25 15:30:00,273.72,274.72,273.625,274.17999,2422723
2026-02-26 09:30:00,274.95499,276.10999,270.79501,272.54001,58186467
2026-02-26 11:30:00,272.53,272.73001,270.91,271.39001,78582679
2026-02-26 13:30:00,271.41,273.5,270.853,272.63,94555813
2026-02-26 15:30:00,272.64499,273.070007,272.20001,272.98999,9425723
2026-02-27 09:30:00,272.81,272.81,268.19199,269.054993,64646533
2026-02-27 11:30:00,269.070007,269.51999,265.88,265.95081,102860658
2026-02-27 13:30:00,265.95001,266.89999,265.26001,266.64001,56104501
2026-02-27 15:30:00,266.63,266.63,262.89001,264.17001,28863982
2026-03-02 09:30:00,262.44,265.029999,260.20001,264.35999,54209715
2026-03-02 11:30:00,264.35999,266.29001,264.0,265.5,49904339
2026-03-02 13:30:00,265.52802,266.53,264.14001,264.31,65798667
2026-03-02 15:30:00,264.315,265.54999,263.60999,264.60001,5738581
2026-03-03 09:30:00,263.48001,265.56,261.22,262.57001,12064403
2026-03-03 11:30:00,262.48001,263.78,260.13,261.48001,5841429
2026-03-03 13:30:00,261.44,264.61499,261.37,263.28,5488895
2026-03-03 15:30:00,263.23999,263.95999,262.34,263.689,4138461
2026-03-04 09:30:00,264.64999,266.14999,261.42001,264.53,10791065
2026-03-04 11:30:00,264.51999,265.51001,263.34,263.78,5878145
2026-03-04 13:30:00,263.79999,264.19501,262.059906,262.73001,6272641
2026-03-04 15:30:00,262.70999,263.16,262.16461,262.45001,4837636
2026-03-05 09:30:00,260.745,261.45001,258.075012,260.755,15319819
2026-03-05 11:30:00,260.76001,261.55499,258.495,258.90909,7359643
2026-03-05 13:30:00,258.92001,259.48999,257.25,258.69,7394872
2026-03-05 15:30:00,258.67999,260.56,258.41,260.26001,7022514
2026-03-06 09:30:00,258.73999,258.76001,254.37,257.25,11835636
2026-03-06 11:30:00,257.29999,257.59,256.059998,256.47501,5685400
2026-03-06 13:30:00,256.47501,257.96991,255.91,256.91,4885739
2026-03-06 15:30:00,256.92001,258.01001,256.44,257.44,5129423
2026-03-09 09:30:00,255.69,257.88,253.6805,257.73001,10908899
2026-03-09 11:30:00,257.72,258.26999,256.54001,256.63,5451589
2026-03-09 13:30:00,256.64999,259.57001,255.95,259.48001,6794849
2026-03-09 15:30:00,259.45999,261.14999,259.01001,259.89001,4821540
2026-03-10 09:30:00,257.69501,261.78,256.95001,261.31,8321981
2026-03-10 11:30:00,261.29999,262.48001,260.82001,262.20001,4983445
2026-03-10 13:30:00,262.19,262.48001,260.42999,260.505,5378051
2026-03-10 15:30:00,260.47,261.20001,260.3501,260.72,3231160
2026-03-11 09:30:00,261.20999,262.13,259.54999,260.10001,6886800
2026-03-11 11:30:00,260.12,261.20001,259.85001,261.025085,3472649
2026-03-11 13:30:00,261.040009,261.13,259.63,260.13171,3452548
2026-03-11 15:30:00,260.14001,261.10001,260.040009,260.81,3235002
2026-03-12 09:30:00,258.64001,258.95001,254.35001,255.355,11224742
2026-03-12 11:30:00,255.33,256.25,254.17999,255.050003,6783987
2026-03-12 13:30:00,255.0401,256.25,254.81,256.089996,5909284
2026-03-12 15:30:00,256.099915,256.20511,254.97,255.75,4532523
2026-03-13 09:30:00,255.39999,256.32999,253.27,253.3007,8733260
2026-03-13 11:30:00,253.33,253.50999,250.96001,251.17999,7738375
2026-03-13 13:30:00,251.185,251.845,250.21001,250.295,5789931
2026-03-13 15:30:00,250.28,250.62,249.52,250.11501,6367474
2026-03-16 09:30:00,252.105,253.88499,249.91,253.014999,45418844
2026-03-16 11:30:00,253.0099945,253.53999,252.2,252.92999,51781471
2026-03-16 13:30:00,252.94,253.44,252.13,252.862,57015904
2026-03-16 15:30:00,252.84,253.059998,252.11,252.78,16610907
2026-03-17 09:30:00,253.078506,255.074997,252.17999,254.17,40207290
2026-03-17 11:30:00,254.14999,255.1299,253.56,253.92,49511794
2026-03-17 13:30:00,253.91,254.63,253.1301,253.77,79189499
2026-03-17 15:30:00,253.78,254.58,253.67999,254.23,1930468
2026-03-18 09:30:00,252.625,254.94,251.38,252.3199,34612379
2026-03-18 11:30:00,252.31,252.33,250.39,250.80499,48821030
2026-03-18 13:30:00,250.78999,251.6476,249.61,249.67999,63519394
2026-03-18 15:30:00,249.694,250.35001,249.0,249.91,2998677
2026-03-19 09:30:00,249.39999,251.83,247.3,249.41,55187548
2026-03-19 11:30:00,249.41,249.95261,247.71001,248.28011,64002997
2026-03-19 13:30:00,248.295,249.59,247.67,248.47,52894256
2026-03-19 15:30:00,248.44,249.33,248.28999,248.907,18119527
2026-03-20 09:30:00,248.11,248.85001,246.61,247.985,32824640
2026-03-20 11:30:00,247.95,249.059998,247.86,248.27,5481483
2026-03-20 13:30:00,248.28999,249.19991,247.53011,248.089996,7095345
2026-03-20 15:30:00,248.089996,248.2,246.0,248.19,6366085
2026-03-23 09:30:00,253.99001,254.56,251.020004,252.5799,12859301
2026-03-23 11:30:00,252.59,252.905,250.28,250.92,7000123
2026-03-23 13:30:00,250.955,252.41499,250.89999,251.765,5502525
2026-03-23 15:30:00,251.765,252.52499,250.97,251.44,4373303
2026-03-24 09:30:00,250.49001,254.17,249.55,253.985,9749871
2026-03-24 11:30:00,253.98,254.825,252.765,253.059998,5154518
2026-03-24 13:30:00,253.050003,253.53999,252.080002,252.0896,4712692
2026-03-24 15:30:00,252.089905,252.13,251.22,251.75,3583757
2026-03-25 09:30:00,254.020004,254.98,251.60001,254.245,8663821
2026-03-25 11:30:00,254.24001,254.64999,253.089996,254.145,4408574
2026-03-25 13:30:00,254.12,254.50999,252.25999,252.625,4311977
2026-03-25 15:30:00,252.63499,252.715,252.0099945,252.57001,3058584
2026-03-26 09:30:00,251.995,257.0,250.77499,255.67999,12791862
2026-03-26 11:30:00,255.69,256.76999,254.5901,254.99001,6903458
2026-03-26 13:30:00,254.98,255.11501,253.14,253.67,7503451
2026-03-26 15:30:00,253.67999,253.72501,252.020004,252.88,4420545
2026-03-27 09:30:00,253.91,255.493,251.8,252.62,14939877
2026-03-27 11:30:00,252.62,253.24001,250.37,250.41,6584823
2026-03-27 13:30:00,250.41,250.58,248.25,248.4099,8693350
2026-03-27 15:30:00,248.41,249.37,248.070007,248.62,5252096
2026-03-30 09:30:00,249.995,250.84,246.039993,246.53,10268756
2026-03-30 11:30:00,246.53,247.44,245.96001,246.25,5531034
2026-03-30 13:30:00,246.255,247.32001,245.83,245.89,5846350
2026-03-30 15:30:00,245.89,247.039993,245.50999,246.53999,4551161
2026-03-31 09:30:00,247.89,249.27,247.101,248.42999,9433371
2026-03-31 11:30:00,248.45,253.9299,247.66,253.22501,9188192
2026-03-31 13:30:00,253.17999,254.125,252.39999,253.67,6656587
2026-03-31 15:30:00,253.67,255.48,253.28,253.78999,7002121
2026-04-01 09:30:00,254.3,256.17999,253.33,254.14999,11261340
2026-04-01 11:30:00,254.14999,255.39999,253.75999,255.1422,6924463
2026-04-01 13:30:00,255.125,255.66,253.97,255.655,5850055
2026-04-01 15:30:00,255.64,256.13,255.1501,255.69,4782139
2026-04-02 09:30:00,254.14,255.72,250.64999,255.12,9959143
2026-04-02 11:30:00,255.16499,255.48531,254.0,255.33501,3004605
2026-04-02 13:30:00,255.33501,255.7,254.31,255.12,5068464
2026-04-02 15:30:00,255.10001,256.13,254.8,255.89,3297591
2026-04-06 09:30:00,256.96249,262.16,256.48001,259.25,10646255
2026-04-06 11:30:00,259.2301,259.63,257.91,258.78,4028848
2026-04-06 13:30:00,258.79001,259.39001,257.85001,258.24991,4292414
2026-04-06 15:30:00,258.23001,259.075012,258.13,258.88699,2757592
2026-04-07 09:30:00,254.72,254.7999,245.7,247.82001,22386197
2026-04-07 11:30:00,247.82001,253.39,247.39999,251.58501,15102352
2026-04-07 13:30:00,251.61501,252.78999,250.12,251.955,7683221
2026-04-07 15:30:00,251.92101,253.60989,251.44,253.49001,5898745
2026-04-08 09:30:00,258.51001,259.74991,256.53,257.51001,14682659
2026-04-08 11:30:00,257.51999,258.69,257.10999,257.51001,6116749
2026-04-08 13:30:00,257.5,258.14999,256.91,257.20001,6028777
2026-04-08 15:30:00,257.17999,258.98999,257.17999,258.92999,3893271
2026-04-09 09:30:00,259.37,260.029999,256.070007,257.54999,8394261
2026-04-09 11:30:00,257.51501,260.53,257.47601,260.054993,4907627
2026-04-09 13:30:00,260.049988,260.45001,259.29999,260.059998,3941193
2026-04-09 15:30:00,260.049988,261.12,260.024994,260.39001,2894901
2026-04-10 09:30:00,259.95001,262.19,259.070007,261.29001,8501013
2026-04-10 11:30:00,261.31989,261.75,259.20001,259.23999,4725741
2026-04-10 13:30:00,259.23999,260.20001,259.023102,259.72,4311603
2026-04-10 15:30:00,259.72,260.535,259.29001,260.38,3655071
2026-04-13 09:30:00,259.85999,260.17999,256.66,257.70999,9759650
2026-04-13 11:30:00,257.73001,258.34,256.79001,257.86499,5496741
2026-04-13 13:30:00,257.85999,258.48001,257.51999,257.85001,4626484
2026-04-13 15:30:00,257.845,259.57999,257.59,259.20999,5022608
2026-04-14 09:30:00,259.10001,261.92999,257.60999,258.055389,13100336
2026-04-14 11:30:00,258.049988,259.76511,257.19009,258.66,8206361
2026-04-14 13:30:00,258.66,258.97,257.75,258.32501,5786903
2026-04-14 15:30:00,258.32501,258.85999,258.14999,258.85501,5322365
2026-04-15 09:30:00,258.11,264.115,257.83,263.16,702880
2026-04-15 11:30:00,263.18,265.78,262.99,264.945,649448
2026-04-15 13:30:00,264.93,265.86499,264.3,265.33,774429
2026-04-15 15:30:00,265.27,266.55,265.25,266.37,282563
2026-04-16 09:30:00,266.79999,267.16,261.26999,262.25,16352297
2026-04-16 11:30:00,262.25,264.3898,262.19,263.51999,6817739
2026-04-16 13:30:00,263.53,264.54999,263.29001,263.63409,5695923
2026-04-16 15:30:00,263.63,264.25,263.26001,263.35999,3667931
2026-04-17 09:30:00,267.097992,272.10001,266.72,271.94,23829504
2026-04-17 11:30:00,271.95001,272.29999,270.17999,270.57999,10177771
2026-04-17 13:30:00,270.57999,270.79999,269.53,269.69501,7232637
2026-04-17 15:30:00,269.70999,270.53,269.6601,270.185,4777998
2026-04-20 09:30:00,270.32999,274.27499,270.32999,272.88,13955205
2026-04-20 11:30:00,272.82999,273.13501,271.84,272.19,4902988
2026-04-20 13:30:00,272.17001,273.64001,271.98001,272.69,4887890
2026-04-20 15:30:00,272.64999,273.16,272.26999,272.92999,3689439
2026-04-21 09:30:00,271.44501,272.79999,267.75,267.92999,13895524
2026-04-21 11:30:00,267.92001,268.019989,265.39999,266.16,12018730
2026-04-21 13:30:00,266.17999,268.19,266.059998,267.95999,8434517
2026-04-21 15:30:00,267.965,267.97,265.87,266.22,6237992
2026-04-22 09:30:00,267.82001,272.76501,266.87,272.40009,16102851
2026-04-22 11:30:00,272.39001,273.505,272.26001,273.20999,7054883
2026-04-22 13:30:00,273.21899,273.73999,272.10049,272.70999,5616982
2026-04-22 15:30:00,272.715,273.26001,272.54999,273.19,4278621
2026-04-23 09:30:00,275.045013,275.76999,273.1355,273.67999,8813431
2026-04-23 11:30:00,273.63,274.41,272.090088,272.23999,6411117
2026-04-23 13:30:00,272.25,274.54501,271.64999,274.17001,6769171
2026-04-23 15:30:00,274.14999,274.25989,273.059998,273.44,2753801
2026-04-24 09:30:00,272.76001,273.059998,270.10001,270.67999,9436100
2026-04-24 11:30:00,270.69,271.67999,269.64999,270.065002,6918955
2026-04-24 13:30:00,270.049988,270.38,269.72,270.089996,6629134
2026-04-24 15:30:00,270.089996,271.48001,270.0,271.059998,4744314
2026-04-27 09:30:00,266.089996,268.35999,265.070007,267.10999,13470754
2026-04-27 11:30:00,267.14001,267.64001,266.26001,266.84,5630347
2026-04-27 13:30:00,266.82999,267.215,266.089996,267.14999,5272024
2026-04-27 15:30:00,267.16,267.95999,267.049988,267.67999,4077895
2026-04-28 09:30:00,272.33499,273.22,268.66,270.32501,14435991
2026-04-28 11:30:00,270.32501,270.565,269.3313,269.87,4574443
2026-04-28 13:30:00,269.87,270.91501,269.79001,270.22501,5065483
2026-04-28 15:30:00,270.23001,270.94501,269.995,270.76001,3115541
2026-04-29 09:30:00,267.54999,270.3118,267.040009,268.84,8091247
2026-04-29 11:30:00,268.82449,271.040009,268.20001,270.20001,5028894
2026-04-29 13:30:00,270.20999,270.59,269.37,270.28,3530925
2026-04-29 15:30:00,270.26999,270.35999,269.60999,270.19,3057478
2026-04-30 09:30:00,270.5,272.20999,268.14001,271.51999,13900016
2026-04-30 11:30:00,271.52499,273.76001,271.17999,272.785,8677513
2026-04-30 13:30:00,272.81,274.48999,272.79999,274.48999,8582315
2026-04-30 15:30:00,274.47,275.94,270.34,271.35999,14238265
2026-05-01 09:30:00,278.94,287.20999,278.37,283.95001,39347695
2026-05-01 11:30:00,283.95499,285.48999,282.39511,282.81,14753738
2026-05-01 13:30:00,282.80499,282.82001,279.73999,280.34991,9616007
2026-05-01 15:30:00,280.34,280.69,279.60999,280.14999,5835825
2026-05-04 09:30:00,279.655,280.63,274.86011,276.83499,16939132
2026-05-04 11:30:00,276.85001,277.37,275.45001,277.040009,5680753
2026-05-04 13:30:00,277.059998,277.67001,276.26001,277.078491,5537153
2026-05-04 15:30:00,277.079987,277.32001,276.51001,276.84,4124586
2026-05-05 09:30:00,276.89999,283.20999,276.50101,280.22,15123047
2026-05-05 11:30:00,280.23001,284.57001,279.845,282.815,8186445
2026-05-05 13:30:00,282.81,284.45001,282.35269,284.20999,7563815
2026-05-05 15:30:00,284.22,284.32999,283.45001,284.17001,4695212
2026-05-06 09:30:00,281.91501,286.72,281.075012,284.73999,17968416
2026-05-06 11:30:00,284.73999,287.13,284.64999,286.73499,8217376
2026-05-06 13:30:00,286.73001,287.89999,286.57001,287.76001,8036924
2026-05-06 15:30:00,287.76001,288.029999,287.040009,287.53,5753679
2026-05-07 09:30:00,289.26999,292.13,288.20001,290.2001,16085069
2026-05-07 11:30:00,290.20001,290.73999,288.23999,288.76501,6824560
2026-05-07 13:30:00,288.745,289.76999,285.78,286.73999,7946531
2026-05-07 15:30:00,286.73499,287.56,286.28,287.47,3254466
2026-05-08 09:30:00,290.10999,294.76001,290.0,292.85001,18636201
2026-05-08 11:30:00,292.85001,293.040009,291.75009,292.14999,7197267
2026-05-08 13:30:00,292.14001,293.60001,292.070007,293.42999,6417896
2026-05-08 15:30:00,293.45001,294.25,293.10001,293.28,6088657
2026-05-11 09:30:00,291.979,293.59,290.23001,293.3699,13518064
2026-05-11 11:30:00,293.37,293.88,290.63,291.94,7333974
2026-05-11 13:30:00,291.93991,292.98001,290.85999,292.14999,5461040
2026-05-11 15:30:00,292.1459,292.79999,291.81,292.73999,3307424
2026-05-12 09:30:00,292.755,294.8999,292.61499,294.37,15429514
2026-05-12 11:30:00,294.35999,294.78,293.38,293.89999,5913107
2026-05-12 13:30:00,293.89999,294.92001,293.69,294.80069,6815384
2026-05-12 15:30:00,294.79999,295.26999,294.35999,294.87,4049102
2026-05-13 09:30:00,293.63,297.5098,293.56,296.94,15109370
2026-05-13 11:30:00,296.935,300.37,296.72079,300.125,11082902
2026-05-13 13:30:00,300.10999,300.92001,298.61499,299.14999,8235365
2026-05-13 15:30:00,299.14999,299.48001,298.85001,298.88,3870507
2026-05-14 09:30:00,299.82001,300.35001,297.079987,299.065002,10873899
2026-05-14 11:30:00,299.070007,299.35999,295.38,298.38,7689677
2026-05-14 13:30:00,298.409,299.20001,297.54999,299.075012,5253985
2026-05-14 15:30:00,299.079987,299.079987,297.88,298.16501,3098706
2026-05-15 09:30:00,297.755,302.79001,296.53,301.96951,18978324
2026-05-15 11:30:00,301.98999,303.20001,300.64001,303.12,9055960
2026-05-15 13:30:00,303.10001,303.14001,299.88,300.2634,8411932
2026-05-15 15:30:00,300.28,300.66,299.63,300.22,4618896
2026-05-18 09:30:00,300.23999,300.63,295.48001,295.48001,11514980
2026-05-18 11:30:00,295.51999,296.81,294.91,296.17029,5722398
2026-05-18 13:30:00,296.185,297.73001,295.45001,297.077301,7227344
2026-05-18 15:30:00,297.089996,297.92001,296.905,297.89999,2992205
2026-05-19 09:30:00,296.97,300.51001,296.35001,297.070007,13030384
2026-05-19 11:30:00,297.059998,298.73001,296.36499,298.24951,6079291
2026-05-19 13:30:00,298.25,298.48691,297.48999,298.38,4296411
2026-05-19 15:30:00,298.39001,299.22,297.84,298.98001,3821190
2026-05-20 09:30:00,298.17999,302.37,298.089996,299.16,11253669
2026-05-20 11:30:00,299.16,301.26999,298.67001,301.049988,5673530
2026-05-20 13:30:00,301.059998,302.79999,300.91,302.19,7230784
2026-05-20 15:30:00,302.20001,302.51999,301.85751,302.26501,3803278
2026-05-21 09:30:00,301.049988,303.35999,300.39999,303.024994,10067981
2026-05-21 11:30:00,303.024994,304.67999,302.91,304.591,6106829
2026-05-21 13:30:00,304.60999,305.32501,303.89001,305.22681,6524357
2026-05-21 15:30:00,305.22,305.539,304.51001,305.089996,4457107
2026-05-22 09:30:00,306.059998,311.39999,305.85001,311.0050049,17254440
2026-05-22 11:30:00,311.0,311.040009,308.82001,309.86011,8250625
2026-05-22 13:30:00,309.87,310.155,308.64001,308.70001,5280185
2026-05-22 15:30:00,308.70001,309.39999,307.97,308.88,4183601
2026-05-26 09:30:00,309.39999,311.82001,309.35001,311.35999,13181799
2026-05-26 11:30:00,311.38,311.57001,309.029999,309.185,8923492
2026-05-26 13:30:00,309.19,310.20001,308.079987,308.37991,5989212
2026-05-26 15:30:00,308.36011,308.95999,307.67001,308.38,4315325
2026-05-27 09:30:00,308.44,313.26001,308.32999,311.77499,21471321
2026-05-27 11:30:00,311.79001,312.14001,310.38,310.47,8705444
2026-05-27 13:30:00,310.47,311.0,309.76999,309.82001,5493167
2026-05-27 15:30:00,309.82001,311.10001,309.51999,310.92999,4216251
2026-05-28 09:30:00,310.67999,312.76001,309.60001,311.82501,11181431
2026-05-28 11:30:00,311.82501,311.94501,309.57001,310.79999,7584177
2026-05-28 13:30:00,310.815,311.35501,310.10999,311.315,9258891
2026-05-28 15:30:00,311.315,312.56,310.97,312.5,4816549
2026-05-29 09:30:00,311.77499,315.0,310.42001,311.79999,14280723
2026-05-29 11:30:00,311.82999,312.019989,310.20001,310.42001,6150885
2026-05-29 13:30:00,310.42001,311.63,309.53,311.44501,7525278
2026-05-29 15:30:00,311.45001,313.10999,311.35999,312.070007,5323698
2026-06-01 09:30:00,309.535,310.92999,306.29999,306.5751,15866205
2026-06-01 11:30:00,306.56,307.26001,305.029999,306.47,7877645
2026-06-01 13:30:00,306.51999,308.39999,306.31,307.42999,7716954
2026-06-01 15:30:00,307.435,308.040009,305.90991,306.32001,5261936
2026-06-02 09:30:00,307.45999,312.92999,306.72,312.70999,12307094
2026-06-02 11:30:00,312.70001,315.10001,311.89999,314.67999,8907364
2026-06-02 13:30:00,314.67999,315.45001,313.755,314.76501,7265642
2026-06-02 15:30:00,314.76001,315.44,314.029999,315.19,4596467
2026-06-03 09:30:00,314.17499,316.94,310.31,311.66,15945335
2026-06-03 11:30:00,311.64001,312.19,308.85001,309.20999,10201631
2026-06-03 13:30:00,309.19501,310.54001,308.98001,310.41501,5597092
2026-06-03 15:30:00,310.41501,311.10001,309.20001,310.38,6562646
2026-06-04 09:30:00,313.30499,313.54001,309.79999,310.39999,13241749
2026-06-04 11:30:00,310.41,311.79001,309.64999,311.66501,6617438
2026-06-04 13:30:00,311.67001,312.070007,310.98999,311.94,4819856
2026-06-04 15:30:00,311.94,311.95999,310.26001,311.16,4150477
2026-06-05 09:30:00,312.98999,315.17001,312.23999,313.42999,15407177
2026-06-05 11:30:00,313.42001,314.1499,309.57999,311.51001,12256942
2026-06-05 13:30:00,311.495,312.79999,307.14999,308.91,16372199
2026-06-05 15:30:00,308.88,308.98001,307.35999,307.39001,7276594
2026-06-08 09:30:00,308.73901,315.35999,308.522,313.92999,16381173
2026-06-08 11:30:00,313.92999,314.98999,312.20999,314.57001,10501700
2026-06-08 13:30:00,314.565,317.39999,302.05011,302.70499,29821955
2026-06-08 15:30:00,302.70999,303.24451,301.17001,301.57001,7298835
2026-06-09 09:30:00,300.27499,300.72,291.5,291.57999,24717360
2026-06-09 11:30:00,291.56,291.98001,287.78,290.45999,17032800
2026-06-09 13:30:00,290.44,291.92001,289.34,291.13,9848783
2026-06-09 15:30:00,291.12,291.67999,288.79999,290.35999,7035820
2026-06-10 09:30:00,290.76501,291.19,287.38,289.98999,16713284
2026-06-10 11:30:00,289.95001,293.22949,289.73999,293.15009,10026008
2026-06-10 13:30:00,293.16,294.745,291.62,291.92999,10980880
2026-06-10 15:30:00,291.92001,292.94,291.39001,291.5,4931671
2026-06-11 09:30:00,293.72,293.95001,289.60001,291.19,11399320
2026-06-11 11:30:00,291.17999,296.0,291.061493,295.95499,7462686
2026-06-11 13:30:00,295.98999,297.0,295.019989,295.39999,7290985
2026-06-11 15:30:00,295.41,296.17999,294.70001,295.35999,5661836
2026-06-12 09:30:00,296.079987,297.14001,290.01001,292.875,13774558
2026-06-12 11:30:00,292.85999,292.85999,290.75,291.46011,6724701
2026-06-12 13:30:00,291.48001,291.51001,289.62,290.64001,6125796
2026-06-12 15:30:00,290.64001,291.64001,290.19,291.079987,4023717
2026-06-15 09:30:00,294.12,296.89999,291.70001,296.53,13675006
2026-06-15 11:30:00,296.54001,297.78,296.22,296.66,6588927
2026-06-15 13:30:00,296.66,297.0,294.95999,296.5,6642497
2026-06-15 15:30:00,296.495,296.67001,295.60999,296.42001,18202384
2026-06-16 09:30:00,295.245,298.45001,293.97,298.20001,11345688
2026-06-16 11:30:00,298.22,300.48001,297.5,300.27499,7744703
2026-06-16 13:30:00,300.26001,300.45999,298.22,298.34,6006232
2026-06-16 15:30:00,298.32999,299.48999,298.23001,299.25,4462522
2026-06-17 09:30:00,300.845,302.070007,297.089996,297.42999,10492890
2026-06-17 11:30:00,297.42999,299.16,296.57001,296.81,6363445
2026-06-17 13:30:00,296.79999,297.60001,294.38,295.185,7655677
2026-06-17 15:30:00,295.16,296.22,294.59,295.88,4437435
2026-06-18 09:30:00,298.44,300.57001,295.62,297.10999,34330342
2026-06-18 11:30:00,297.10001,298.35989,295.95001,297.82001,9551728
2026-06-18 13:30:00,297.82501,298.070007,297.01001,297.38,5297807
2026-06-18 15:30:00,297.35999,299.23941,297.059998,297.89001,5250521
2026-06-22 09:30:00,297.5,302.42001,297.5,299.94,12980413
2026-06-22 11:30:00,299.94,301.4299,299.45001,299.81,5642011
2026-06-22 13:30:00,299.815,299.85999,298.58301,299.059998,5381849
2026-06-22 15:30:00,299.059998,299.089996,296.79001,296.79001,6099091
2026-06-23 09:30:00,296.5,301.64001,296.20001,298.54999,13749087
2026-06-23 11:30:00,298.54501,299.47,297.35001,299.39499,7196808
2026-06-23 13:30:00,299.39499,300.084991,295.31,295.84009,8445040
2026-06-23 15:30:00,295.84,296.5,294.21201,294.28,7805347
2026-06-24 09:30:00,295.375,298.88,293.20001,298.785,10219861
2026-06-24 11:30:00,298.76001,299.70001,295.79999,296.42001,7195360
2026-06-24 13:30:00,296.41,296.86441,294.16,294.94009,9154528
2026-06-24 15:30:00,294.92999,295.37,292.94,293.26001,7615869
2026-06-25 09:30:00,287.51001,288.79999,276.44,277.64001,32857343
2026-06-25 11:30:00,277.66,279.64499,273.75,278.040009,22742471
2026-06-25 13:30:00,278.049988,280.22009,276.040009,276.72501,17814687
2026-06-25 15:30:00,276.70001,277.45001,273.89999,275.049988,15625008
2026-06-26 09:30:00,275.0,280.47,274.20999,279.029999,27411294
2026-06-26 11:30:00,279.025909,279.45001,275.25,279.19501,21201622
2026-06-26 13:30:00,279.17999,281.82999,278.64081,280.14999,23827318
2026-06-26 15:30:00,280.14999,285.95001,280.0,281.20001,23523027
2026-06-29 09:30:00,286.85999,288.36969,280.32999,282.33011,18495433
2026-06-29 11:30:00,282.3425,283.034485,279.85001,281.48001,12628645
2026-06-29 13:30:00,281.47,283.077515,280.85999,282.67999,9860932
2026-06-29 15:30:00,282.70999,282.73999,281.47,281.63,6544751
2026-06-30 09:30:00,281.17001,288.66,280.69501,288.26999,14876199
2026-06-30 11:30:00,288.28,289.66,287.81,288.42999,7797581
2026-06-30 13:30:00,288.44501,289.19,286.67999,287.53,7844590
2026-06-30 15:30:00,287.53,289.91,287.42001,289.089996,8374915
2026-07-01 09:30:00,293.32999,296.59,289.19501,295.75171,15521362
2026-07-01 11:30:00,295.78,295.79001,293.92001,294.089996,6971355
2026-07-01 13:30:00,294.079987,295.53,292.70001,294.015106,9909074
2026-07-01 15:30:00,294.0,295.54999,293.75009,294.25,6231653
2026-07-02 09:30:00,294.084991,307.82001,293.67999,305.41501,26909632
2026-07-02 11:30:00,305.42001,308.52991,305.28,307.80499,13855345
2026-07-02 13:30:00,307.80499,308.31,306.8201,307.42499,11000725
2026-07-02 15:30:00,307.44,309.42001,307.20999,308.22,8660612
2026-07-06 09:30:00,307.67999,313.60001,307.01001,313.57999,16463203
2026-07-06 11:30:00,313.58499,314.20001,311.85001,312.38,11090188
2026-07-06 13:30:00,312.3876,313.56,312.10999,313.39999,5953127
2026-07-06 15:30:00,313.41501,313.73999,312.049988,312.81,4988391
2026-07-07 09:30:00,315.29001,315.48001,310.14999,314.079987,14150001
2026-07-07 11:30:00,314.10251,314.73001,312.27011,312.84,8730959
2026-07-07 13:30:00,312.82001,313.17999,311.56,311.89499,6902033
2026-07-07 15:30:00,311.89999,312.32001,310.32999,310.66,11962573
2026-07-08 09:30:00,311.66,312.0,307.051514,310.065002,11752151
2026-07-08 11:30:00,310.079987,314.19,309.315,314.1199,8117523
2026-07-08 13:30:00,314.13,314.81,311.15039,313.815,7772744
2026-07-08 15:30:00,313.815,314.20001,312.75,313.26001,4786508
2026-07-09 09:30:00,310.44501,314.85001,308.16,314.45999,11680280
2026-07-09 11:30:00,314.46991,315.5,314.10001,314.72141,13037833
2026-07-09 13:30:00,314.72351,315.69,314.23499,315.41,7146400
2026-07-09 15:30:00,315.42001,316.53,315.39001,316.17999,4155824
2026-07-10 09:30:00,314.72,316.39001,312.17001,313.34,10517126
2026-07-10 11:30:00,313.35001,314.78,312.32001,314.45999,4289817
2026-07-10 13:30:00,314.47,316.47989,313.89029,316.16,5107133
2026-07-10 15:30:00,316.14999,316.91,314.78,315.3299,3989622
2026-07-13 09:30:00,317.015015,323.45001,316.45001,317.22,16150671
2026-07-13 11:30:00,317.22,317.89999,315.78,316.47,7344015
2026-07-13 13:30:00,316.48999,317.51999,315.89999,316.32999,6740348
2026-07-13 15:30:00,316.32501,317.73999,316.049988,317.42001,4034346
2026-07-14 09:30:00,313.64001,316.19,311.91,314.29999,11565010
2026-07-14 11:30:00,314.32001,314.97,312.87,314.87,5815202
2026-07-14 13:30:00,314.89001,315.87,314.59,315.70499,4153957
2026-07-14 15:30:00,315.70499,315.76001,314.59,314.92001,3016895
2026-07-15 09:30:00,317.625,325.67999,317.32001,325.62,19829348
2026-07-15 11:30:00,325.60999,328.53,325.16,326.98999,13283026
2026-07-15 13:30:00,327.0,328.72,326.64999,327.059998,8442664
2026-07-15 15:30:00,327.040009,328.35001,325.72,327.57001,8018122
2026-07-16 09:30:00,328.0050049,331.41,326.79001,330.63,18090524
2026-07-16 11:30:00,330.65009,332.97,327.5,332.89999,10296367
2026-07-16 13:30:00,332.89819,334.67999,329.34,332.98999,14774122
2026-07-16 15:30:00,333.0,333.70001,330.76999,333.26999,8204005
2026-07-17 09:30:00,332.54001,334.98001,329.00061035,334.655,23078343
2026-07-17 11:30:00,334.66989,334.8699,329.16,330.54001,12527251
2026-07-17 13:30:00,330.5108,334.67001,330.079987,332.82999,10613437
2026-07-17 15:30:00,332.78,334.38,332.26001,333.73999,6369671
2026-07-20 09:30:00,333.024994,333.70999,324.42001,324.89999,18491295
2026-07-20 11:30:00,324.94,326.54501,323.70001,324.72,8827618
2026-07-20 13:30:00,324.73001,329.079987,324.20001,329.019989,10806379
2026-07-20 15:30:00,329.01001,329.76001,326.32001,326.70001,5528498
2026-07-21 09:30:00,323.345,328.45001,322.2204,328.38501,13703091
2026-07-21 11:30:00,328.38,329.60001,327.0,327.070007,7362003
2026-07-21 13:30:00,327.070007,328.48999,326.72,327.935,6589896
2026-07-21 15:30:00,327.92999,328.10001,327.14001,327.59,3687722
2026-07-22 09:30:00,327.875,328.99951,324.070007,325.79999,10260023
2026-07-22 11:30:00,325.76501,325.89001,323.34,323.66501,7076937
2026-07-22 13:30:00,323.66501,324.70001,323.55499,324.44,4180644
2026-07-22 15:30:00,324.44,326.91,323.98001,325.87,5469385
2026-07-23 09:30:00,321.73001,323.29999,319.35001,321.28,11772135
2026-07-23 11:30:00,321.29001,321.54999,320.0,320.87,7032644
2026-07-23 13:30:00,320.87009,321.39899,319.76001,320.41989,6308841
2026-07-23 15:30:00,320.38,321.98001,320.040009,321.60999,4281719
2026-07-24 09:30:00,324.375,331.92999,323.23001,331.76501,14860672
2026-07-24 11:30:00,331.77499,334.37,331.67001,332.39999,10468445
2026-07-24 13:30:00,332.39499,333.23001,332.059998,332.48999,9028633
2026-07-24 15:30:00,332.48001,333.45001,331.85001,333.070007,4719723
2026-07-27 09:30:00,334.89999,339.5,334.019989,338.73999,19033546
2026-07-27 11:30:00,338.73001,339.57001,335.67999,336.049988,9868985
2026-07-27 13:30:00,336.070007,336.79999,334.70001,335.72,6627580
2026-07-27 15:30:00,335.72,337.22,335.64999,336.92001,3614510
2026-07-28 09:30:00,340.029999,342.89001,335.60001,339.26999,19372476
2026-07-28 11:30:00,339.24011,340.5799,338.93011,339.029999,7149972
2026-07-28 13:30:00,339.040009,340.15991,338.28,339.20001,6813099
2026-07-28 15:30:00,339.16,340.53,339.10001,340.16,6415578
2026-07-29 09:30:00,339.69,343.67001,339.51999,339.81,15825949
2026-07-29 11:30:00,339.82999,343.44891,339.76001,342.72,7359757
2026-07-29 13:30:00,342.69501,344.56989,341.32999,341.53,9937181
2026-07-29 15:30:00,341.56,341.56,337.3501,338.070007,8640481
2026-07-30 09:30:00,333.13,334.48001,329.59,331.22,20347251
2026-07-30 11:30:00,331.23499,332.85001,330.63,332.089996,10130779
2026-07-30 13:30:00,332.079987,334.089996,331.72009,333.16,8363183
2026-07-30 15:30:00,333.16,334.75,332.31,333.85001,6035501
2026-07-31 09:30:00,304.81,306.89999,300.32999,301.73001,53169441
2026-07-31 11:30:00,301.73001,302.82001,300.0,301.20001,17670966
2026-07-31 13:30:00,301.20001,305.70999,300.5,305.655,21427622
2026-07-31 15:30:00,305.66,310.66,305.019989,309.029999,20642958
2026-08-03 09:30:00,309.67001,311.79999,303.89999,304.215,24694299
2026-08-03 11:30:00,304.215,307.54001,302.56,307.22501,14916608
2026-08-03 13:30:00,307.22501,307.23001,304.79999,305.045013,10375881
2026-08-03 15:30:00,305.045013,305.079987,302.67999,303.26999,10186067
2026-08-04 09:30:00,303.79001,307.14001,302.45001,305.67389,22126883
2026-08-04 11:30:00,305.67001,310.42001,305.48999,308.89999,10765061
2026-08-04 13:30:00,308.89999,310.13,308.25,309.57999,9740552
2026-08-04 15:30:00,309.57999,310.42001,308.88,309.39001,5711308
2026-08-05 09:30:00,309.35999,311.70819,305.67001,308.595,17971637
2026-08-05 11:30:00,308.595,309.98001,307.82999,309.73999,6529253
2026-08-05 13:30:00,309.75,310.22,308.079987,309.62009,6707063
2026-08-05 15:30:00,309.60999,311.55499,309.39001,310.92001,6126779
2026-08-06 09:30:00,314.34,316.2894,309.66,310.10001,16225145
2026-08-06 11:30:00,310.10501,311.76001,309.23001,311.20059,7522967
2026-08-06 13:30:00,311.20999,312.82001,311.18011,312.57999,5478111
2026-08-06 15:30:00,312.59,312.94,311.78,312.45001,3796760
2026-08-07 09:30:00,312.0,314.81,310.73999,313.35999,11377126
2026-08-07 11:30:00,313.35999,313.42001,311.54001,312.73999,5431981
2026-08-07 13:30:00,312.73999,313.39001,311.67999,313.2775,4980138
2026-08-07 15:30:00,313.28,314.17999,312.92499,313.29999,4253428
2026-08-10 09:30:00,306.82999,307.4559,304.63,306.5585,17881373
2026-08-10 11:30:00,306.52051,307.24719,305.049988,306.47,7123883
2026-08-10 13:30:00,306.47,307.66989,306.0,307.23001,5698195
2026-08-10 15:30:00,307.22,308.23001,306.87,308.19,4503724
2026-08-11 09:30:00,307.75,309.97,305.67001,306.70499,10612301
2026-08-11 11:30:00,306.70001,307.60999,305.6987,306.19,4975646
2026-08-11 13:30:00,306.16501,306.51999,302.79001,305.16,8137183
2026-08-11 15:30:00,305.16,305.29999,303.75,304.89999,4718904
2026-08-12 09:30:00,305.13,305.66,301.029999,301.079987,12568253
2026-08-12 11:30:00,301.089905,302.51001,300.57001,302.1601,6157909
2026-08-12 13:30:00,302.17001,302.2977,301.040009,301.67999,7768484
2026-08-12 15:30:00,301.67001,302.25,301.0,302.22501,5484429
2026-08-13 09:30:00,304.258,306.0,302.049988,303.72,15515572
2026-08-13 11:30:00,303.73001,303.98499,302.57001,303.34,5317536
2026-08-13 13:30:00,303.33011,304.60999,302.92999,304.39999,5757859
2026-08-13 15:30:00,304.38,305.32001,303.97,305.32001,3755421
2026-08-14 09:30:00,306.028015,307.48999,304.29999,305.5329,9510319
2026-08-14 11:30:00,305.54501,305.91681,304.97,305.1944,3372722
2026-08-14 13:30:00,305.19501,306.25,305.040009,305.94501,4563599
2026-08-14 15:30:00,305.92999,306.040009,305.5,305.95001,2812891
2026-08-17 09:30:00,306.20999,307.66,303.64999,304.535,12046354
2026-08-17 11:30:00,304.54001,304.59509,302.939,304.41501,5420409
2026-08-17 13:30:00,304.41501,306.16,303.95999,306.14499,5388483
2026-08-17 15:30:00,306.14999,306.32001,305.029999,305.69,3981136
2026-08-18 09:30:00,307.53,311.48999,305.73999,310.42999,17838632
2026-08-18 11:30:00,310.42999,310.94,309.011993,310.39999,7111406
2026-08-18 13:30:00,310.39999,311.23999,309.37,309.70999,7781156
2026-08-18 15:30:00,309.69501,311.069,309.60141,310.20001,5897762
2026-08-19 09:30:00,310.13,319.27991,309.60001,318.17999,17874989
2026-08-19 11:30:00,318.185,318.23001,314.48999,315.059998,6656496
2026-08-19 13:30:00,315.059998,316.73001,314.29001,316.67841,7912954
2026-08-19 15:30:00,316.66,316.88,315.20001,316.88,5339532
2026-08-20 09:30:00,317.45499,320.28,316.0,317.22,43875936
2026-08-20 11:30:00,317.22989,317.63,315.95999,316.67001,4041154
2026-08-20 13:30:00,316.66,316.85999,313.29999,313.37,5702607
2026-08-20 15:30:00,313.39001,313.64999,310.64999,311.34,27038848
2026-08-21 09:30:00,312.049988,312.38,307.01001,310.60001,20481179
2026-08-21 11:30:00,310.61499,311.92999,310.26999,311.059998,6735969
2026-08-21 13:30:00,311.019989,311.16,308.16,309.73999,6345737
2026-08-21 15:30:00,309.75,310.17899,309.16,309.42001,3550095
2026-08-24 09:30:00,311.47,313.32999,309.97,312.23999,20649731
2026-08-24 11:30:00,312.23999,313.35999,311.34,312.1199,113343995
2026-08-24 13:30:00,312.11899,312.35001,310.72,311.25,19767035
2026-08-24 15:30:00,311.23001,311.27991,310.172,310.35001,3344278
2026-08-25 09:30:00,310.935,313.57999,308.39001,309.31009,35442352
2026-08-25 11:30:00,309.31,310.19,309.22,309.655,23389412
2026-08-25 13:30:00,309.655,310.34,308.20999,308.97009,17533084
2026-08-25 15:30:00,308.97009,310.29999,308.62,309.82999,2846865
2026-08-26 09:30:00,310.245,313.45001,308.80011,312.51999,8616566
2026-08-26 11:30:00,312.51999,313.94,312.17999,313.13,53136131
2026-08-26 13:30:00,313.155,315.25,312.65009,314.8446,47252371
2026-08-26 15:30:00,314.85999,315.42999,313.19,313.48999,24495255
2026-08-27 09:30:00,311.98999,315.16,309.40009,314.64999,30891595
2026-08-27 11:30:00,314.655,315.39999,314.11011,315.26999,43359829
2026-08-27 13:30:00,315.28,315.34,313.44501,313.57001,20146562
2026-08-27 15:30:00,313.57999,315.089996,313.37,314.57501,24009727
2026-08-28 09:30:00,317.088013,322.029999,315.45041,321.94,43121433
2026-08-28 11:30:00,321.95499,322.37,319.58011,319.73999,6945897
2026-08-28 13:30:00,319.81,320.049988,319.049988,319.54501,74681305
2026-08-28 15:30:00,319.78259,320.32999,319.5,319.64001,3423835
2026-08-31 09:30:00,319.56,321.23499,314.35999,315.069885,9808362
2026-08-31 11:30:00,315.040009,316.0,312.79999,313.88,6330494
2026-08-31 13:30:00,313.85001,316.16,313.38501,316.024994,4922909
2026-08-31 15:30:00,316.029999,317.69,315.70999,317.23001,5002995
2026-09-01 09:30:00,316.98001,325.85999,314.737,324.60001,21601257
2026-09-01 11:30:00,324.62,327.29999,324.019989,324.64999,10000978
2026-09-01 13:30:00,324.69,325.92999,324.32001,325.57001,6379115
2026-09-01 15:30:00,325.60999,325.888,324.10001,325.14001,5754962
2026-09-02 09:30:00,326.97,328.39999,323.53,326.54999,11350647
2026-09-02 11:30:00,326.53,327.054993,323.89499,325.075012,8351329
2026-09-02 13:30:00,325.075012,326.48999,324.6001,325.64001,5327618
2026-09-02 15:30:00,325.6405,325.95001,324.67001,324.98999,3065203
2026-09-03 09:30:00,324.94769,330.81,324.10999,329.82999,13486063
2026-09-03 11:30:00,329.85001,330.57001,327.45001,327.73001,5476488
2026-09-03 13:30:00,327.72,328.040009,326.51001,327.79501,6061839
2026-09-03 15:30:00,327.79001,328.84,327.41,328.20999,3531235
2026-09-04 09:30:00,328.30499,328.92999,317.85999,319.47,15429861
2026-09-04 11:30:00,319.47,321.89999,319.10999,321.685,6662365
2026-09-04 13:30:00,321.67999,322.10001,320.73999,321.785,4640441
2026-09-04 15:30:00,321.76999,321.80911,319.651,319.98999,4295687
2026-09-08 09:30:00,317.12,320.70001,315.26999,316.24911,11494956
2026-09-08 11:30:00,316.245,316.81,315.45999,316.26999,4837377
2026-09-08 13:30:00,316.272,316.73999,314.92001,315.79999,5932748
2026-09-08 15:30:00,315.80011,316.69,315.52499,316.35001,3631577
2026-09-09 09:30:00,315.93011,318.13,312.10999,312.50259,13048989
2026-09-09 11:30:00,312.51001,315.0,310.97,311.70499,12667590
2026-09-09 13:30:00,311.72,319.14999,309.89999,315.57001,27059511
2026-09-09 15:30:00,315.56,315.94391,314.88,315.41,4968709
2026-09-10 09:30:00,316.79001,323.82001,316.57001,323.70999,24526509
2026-09-10 11:30:00,323.67001,324.86499,319.20999,324.82199,18008473
2026-09-10 13:30:00,324.84,326.12,323.38,325.285,12300782
2026-09-10 15:30:00,325.26999,326.67999,325.17001,326.595,5580662
2026-09-11 09:30:00,327.63,336.22,326.29999,335.57001,23540419
2026-09-11 11:30:00,335.54001,335.54001,333.63,333.95001,7320201
2026-09-11 13:30:00,333.95999,334.29999,332.39001,332.64011,7735797
2026-09-11 15:30:00,332.67999,333.070007,332.070007,332.23001,3626964
2026-09-14 09:30:00,334.52,335.07,331.35,332.68,731554
2026-09-14 11:30:00,332.65,335.5,332.65,334.835,233900
