Date,Open,High,Low,Close,Volume
1990-01-01,0.31473199,0.34598199,0.3125,0.33705401,736019200
1990-01-08,0.33482099,0.339286,0.301339,0.308036,770380800
1990-01-15,0.308036,0.31919599,0.28794599,0.30580401,1111712000
1990-01-22,0.30357099,0.31026801,0.28794599,0.292411,749067200
1990-01-29,0.29464301,0.31026801,0.28683001,0.30580401,615865600
1990-02-05,0.30580401,0.31473199,0.28794599,0.30580401,842833600
1990-02-12,0.30580401,0.3125,0.29910699,0.301339,498321600
1990-02-19,0.29910699,0.308036,0.29017901,0.296875,644291200
1990-02-26,0.29464301,0.31026801,0.29464301,0.301339,571692800
1990-03-05,0.29910699,0.33482099,0.29910699,0.32924101,997024000
1990-03-12,0.332589,0.363839,0.323661,0.359375,1179315200
1990-03-19,0.36160699,0.38392901,0.35714301,0.37723199,1435492800
1990-03-26,0.379464,0.38727701,0.35714301,0.359375,635846400
1990-04-02,0.35714301,0.375,0.35267901,0.35602701,664641600
1990-04-09,0.354911,0.39285699,0.35267901,0.386161,661763200
1990-04-16,0.38839301,0.395089,0.354911,0.359375,1356443200
1990-04-23,0.359375,0.36160699,0.34040201,0.34933001,823233600
1990-04-30,0.35044599,0.363839,0.348214,0.35714301,771276800
1990-05-07,0.354911,0.38169599,0.354911,0.38058001,739972800
1990-05-14,0.38169599,0.38169599,0.35267901,0.354911,875123200
1990-05-21,0.35267901,0.379464,0.34598199,0.35714301,1242539200
1990-05-28,0.35714301,0.375,0.35044599,0.363839,780348800
1990-06-04,0.363839,0.36607099,0.33482099,0.34151801,1210921600
1990-06-11,0.33705401,0.363839,0.33705401,0.35267901,746345600
1990-06-18,0.35044599,0.38058001,0.34263399,0.370536,915936000
1990-06-25,0.370536,0.40066999,0.359375,0.39955401,921614400
1990-07-02,0.39732099,0.401786,0.386161,0.39955401,551432000
1990-07-09,0.401786,0.426339,0.39955401,0.417411,1336484800
1990-07-16,0.417411,0.42075899,0.35714301,0.36607099,1382752000
1990-07-23,0.36607099,0.386161,0.35714301,0.36941999,711681600
1990-07-30,0.363839,0.390625,0.354911,0.36830401,767065600
1990-08-06,0.348214,0.363839,0.34151801,0.34598199,679817600
1990-08-13,0.339286,0.359375,0.31919599,0.32589301,716340800
1990-08-20,0.32589301,0.33482099,0.29910699,0.316964,575937600
1990-08-27,0.328125,0.34263399,0.32142901,0.33035699,570640000
1990-09-03,0.32589301,0.33482099,0.31361601,0.32477701,292600000
1990-09-10,0.33035699,0.33035699,0.29464301,0.30357099,565835200
1990-09-17,0.30357099,0.31473199,0.276786,0.28125,639542400
1990-09-24,0.28125,0.28125,0.243304,0.25892901,708971200
1990-10-01,0.26339301,0.285714,0.234375,0.25,1007865600
1990-10-08,0.25669599,0.261161,0.227679,0.25223199,764646400
1990-10-15,0.254464,0.28348199,0.216518,0.28013399,2064048000
1990-10-22,0.28125,0.28125,0.26450899,0.26785699,849273600
1990-10-29,0.270089,0.28906301,0.25781301,0.28348199,609548800
1990-11-05,0.28794599,0.31919599,0.285714,0.316964,969696000
1990-11-12,0.316964,0.332589,0.31026801,0.31361601,822528000
1990-11-19,0.316964,0.33035699,0.31026801,0.32477701,553952000
1990-11-26,0.32142901,0.34375,0.32142901,0.328125,669166400
1990-12-03,0.332589,0.38169599,0.33035699,0.379464,1397849600
1990-12-10,0.37723199,0.379464,0.348214,0.35602701,1088628800
1990-12-17,0.348214,0.40401801,0.348214,0.401786,1239963200
1990-12-24,0.39955401,0.401786,0.38169599,0.38392901,323377600
1990-12-31,0.38392901,0.395089,0.375,0.386161,490963200
1991-01-07,0.38392901,0.421875,0.379464,0.41964301,1739729600
1991-01-14,0.410714,0.47098199,0.410714,0.448661,2328446400
1991-01-21,0.44419599,0.47879499,0.44419599,0.47767901,1454040000
1991-01-28,0.47544599,0.51674098,0.46651801,0.49776801,1512952000
1991-02-04,0.49776801,0.53794599,0.488839,0.53459799,1680257600
1991-02-11,0.53571397,0.54910702,0.50669599,0.51450902,1546619200
1991-02-18,0.51339298,0.55580401,0.51227701,0.53348202,863329600
1991-02-25,0.53794599,0.54017901,0.50223202,0.515625,1137158400
1991-03-04,0.51785702,0.609375,0.50892901,0.58035702,1697718400
1991-03-11,0.57589298,0.60267901,0.55580401,0.59151798,1015504000
1991-03-18,0.58705401,0.62723202,0.55580401,0.56473202,1632836800
1991-03-25,0.56696397,0.62723202,0.56473202,0.60714298,738404800
1991-04-01,0.60714298,0.64955401,0.60267901,0.61941999,974825600
1991-04-08,0.61830401,0.65401798,0.59598202,0.640625,1131636800
1991-04-15,0.55133897,0.58035702,0.53125,0.53236598,3178235200
1991-04-22,0.53125,0.5625,0.515625,0.52343798,1040200000
1991-04-29,0.52232099,0.53794599,0.41964301,0.4375,3841364800
1991-05-06,0.433036,0.47544599,0.43080401,0.457589,1139532800
1991-05-13,0.46651801,0.479911,0.41517901,0.41964301,1833428800
1991-05-20,0.421875,0.42410699,0.39285699,0.40959799,1145020800
1991-05-27,0.410714,0.426339,0.40401801,0.41964301,931649600
1991-06-03,0.41964301,0.441964,0.40736601,0.41183001,858894400
1991-06-10,0.410714,0.42075899,0.363839,0.36718801,1228292800
1991-06-17,0.36607099,0.386161,0.363839,0.375,940284800
1991-06-24,0.37276801,0.38839301,0.359375,0.370536,1064190400
1991-07-01,0.37723199,0.410714,0.37276801,0.40736601,956894400
1991-07-08,0.40401801,0.43080401,0.401786,0.417411,968766400
1991-07-15,0.417411,0.417411,0.37723199,0.410714,1096648000
1991-07-22,0.40848199,0.41517901,0.39732099,0.40066999,513217600
1991-07-29,0.40401801,0.448661,0.39732099,0.44642901,969404800
1991-08-05,0.44419599,0.46205401,0.426339,0.453125,876657600
1991-08-12,0.453125,0.49107099,0.45089301,0.47544599,934180800
1991-08-19,0.441964,0.495536,0.433036,0.473214,1151348800
1991-08-26,0.473214,0.484375,0.46651801,0.473214,489025600
1991-09-02,0.47098199,0.47544599,0.45089301,0.45982099,345318400
1991-09-09,0.46205401,0.47767901,0.433036,0.43415201,773270400
1991-09-16,0.43973199,0.45535699,0.41517901,0.45200899,829024000
1991-09-23,0.44642901,0.453125,0.43080401,0.4375,382256000
1991-09-30,0.43973199,0.46205401,0.42410699,0.43080401,472942400
1991-10-07,0.42857099,0.4375,0.41517901,0.433036,646968000
1991-10-14,0.4375,0.495536,0.43526801,0.49107099,1199531200
1991-10-21,0.49330401,0.50223202,0.453125,0.457589,778601600
1991-10-28,0.45982099,0.47098199,0.441964,0.45535699,760412800
1991-11-04,0.453125,0.479911,0.42410699,0.47544599,1320244800
1991-11-11,0.47767901,0.49330401,0.44419599,0.44642901,962505600
1991-11-18,0.44642901,0.46875,0.44419599,0.457589,896985600
1991-11-25,0.45535699,0.46651801,0.44642901,0.453125,315033600
1991-12-02,0.453125,0.464286,0.433036,0.43526801,598494400
1991-12-09,0.4375,0.453125,0.433036,0.44977701,491881600
1991-12-16,0.44977701,0.464286,0.44642901,0.448661,605147200
1991-12-23,0.45089301,0.49776801,0.44642901,0.49107099,593969600
1991-12-30,0.49107099,0.53794599,0.49107099,0.52678603,741563200
1992-01-06,0.52455401,0.55803603,0.51339298,0.55580401,893188800
1992-01-13,0.55580401,0.61607099,0.54910702,0.578125,1849288000
1992-01-20,0.57589298,0.58705401,0.54464298,0.57700902,903392000
1992-01-27,0.578125,0.58705401,0.56026798,0.578125,633404800
1992-02-03,0.578125,0.59598202,0.56026798,0.57142901,753244800
1992-02-10,0.57142901,0.58482099,0.55580401,0.57254499,495017600
1992-02-17,0.57366103,0.58482099,0.55133897,0.58035702,446465600
1992-02-24,0.59151798,0.625,0.58258897,0.60267901,840268800
1992-03-02,0.60491103,0.61160702,0.5625,0.57142901,674912000
1992-03-09,0.56919599,0.578125,0.54910702,0.56361598,595380800
1992-03-16,0.56026798,0.57142901,0.55133897,0.56473202,395102400
1992-03-23,0.5625,0.58258897,0.54017901,0.54464298,768600000
1992-03-30,0.546875,0.546875,0.51116103,0.52678603,961755200
1992-04-06,0.52678603,0.546875,0.488839,0.495536,1165427200
1992-04-13,0.495536,0.54352701,0.49330401,0.52678603,743276800
1992-04-20,0.52678603,0.52678603,0.5,0.50446397,839036800
1992-04-27,0.5,0.54241103,0.473214,0.52901798,907939200
1992-05-04,0.53125,0.56138402,0.52901798,0.55357099,852364800
1992-05-11,0.55357099,0.56473202,0.53794599,0.54129499,543648000
1992-05-18,0.54910702,0.54910702,0.52455401,0.53125,618139200
1992-05-25,0.53125,0.54129499,0.52455401,0.53348202,555195200
1992-06-01,0.51116103,0.53125,0.47767901,0.48995501,997180800
1992-06-08,0.49107099,0.49107099,0.47767901,0.48772299,569251200
1992-06-15,0.48214301,0.48214301,0.390625,0.39955401,1719950400
1992-06-22,0.39285699,0.41517901,0.38169599,0.40401801,1183526400
1992-06-29,0.40848199,0.441964,0.40401801,0.41294599,781950400
1992-07-06,0.41517901,0.417411,0.38839301,0.40848199,834635200
1992-07-13,0.40848199,0.4375,0.39843801,0.401786,989452800
1992-07-20,0.39955401,0.41294599,0.390625,0.40959799,792534400
1992-07-27,0.40848199,0.426339,0.40401801,0.417411,616011200
1992-08-03,0.417411,0.421875,0.370536,0.38727701,804652800
1992-08-10,0.386161,0.40625,0.38392901,0.39955401,641233600
1992-08-17,0.395089,0.40401801,0.390625,0.39843801,629944000
1992-08-24,0.395089,0.40401801,0.386161,0.401786,549584000
1992-08-31,0.401786,0.43973199,0.39955401,0.421875,646396800
1992-09-07,0.417411,0.441964,0.41517901,0.42522299,635264000
1992-09-14,0.4375,0.44642901,0.40401801,0.41517901,899964800
1992-09-21,0.417411,0.426339,0.40401801,0.40625,588313600
1992-09-28,0.401786,0.40625,0.38392901,0.390625,643115200
1992-10-05,0.386161,0.40401801,0.370536,0.38727701,677432000
1992-10-12,0.386161,0.441964,0.386161,0.4375,841310400
1992-10-19,0.4375,0.44642901,0.42857099,0.43526801,773438400
1992-10-26,0.43526801,0.48214301,0.433036,0.46875,1002971200
1992-11-02,0.46875,0.50446397,0.45982099,0.49776801,986832000
1992-11-09,0.5,0.52008897,0.488839,0.50223202,567929600
1992-11-16,0.50223202,0.53125,0.48995501,0.51339298,937193600
1992-11-23,0.50446397,0.51339298,0.5,0.50446397,474084800
1992-11-30,0.50223202,0.52678603,0.49665201,0.50781298,671798400
1992-12-07,0.50669599,0.52455401,0.50446397,0.51339298,760648000
1992-12-14,0.51339298,0.52901798,0.48660699,0.52008897,988299200
1992-12-21,0.52008897,0.546875,0.51785702,0.52678603,694534400
1992-12-28,0.52901798,0.54241103,0.52455401,0.53348202,379545600
1993-01-04,0.53125,0.5625,0.51116103,0.55580401,1189865600
1993-01-11,0.55357099,0.58258897,0.53571397,0.53794599,2089964800
1993-01-18,0.53125,0.54017901,0.51785702,0.53125,1097779200
1993-01-25,0.52901798,0.55357099,0.52455401,0.53125,1164654400
1993-02-01,0.52901798,0.54910702,0.50223202,0.51116103,1262844800
1993-02-08,0.50892901,0.51339298,0.479911,0.48102701,1231686400
1993-02-15,0.47767901,0.495536,0.45982099,0.49107099,1115240000
1993-02-22,0.49107099,0.5,0.46540201,0.473214,1041510400
1993-03-01,0.473214,0.49776801,0.47098199,0.49107099,769652800
1993-03-08,0.49107099,0.51339298,0.49107099,0.50223202,735638400
1993-03-15,0.5,0.515625,0.47767901,0.479911,673825600
1993-03-22,0.47767901,0.488839,0.46875,0.47544599,733611200
1993-03-29,0.46651801,0.47098199,0.441964,0.44754499,1110793600
1993-04-05,0.44642901,0.453125,0.433036,0.44419599,643820800
1993-04-12,0.441964,0.457589,0.417411,0.42968801,1333091200
1993-04-19,0.433036,0.453125,0.43080401,0.43973199,965003200
1993-04-26,0.43973199,0.46875,0.433036,0.457589,610500800
1993-05-03,0.457589,0.495536,0.45535699,0.488839,641424000
1993-05-10,0.49107099,0.5,0.473214,0.495536,880667200
1993-05-17,0.495536,0.52790201,0.48660699,0.51339298,844614400
1993-05-24,0.50669599,0.52455401,0.49441999,0.50558001,833840000
1993-05-31,0.50446397,0.52008897,0.48660699,0.48995501,706092800
1993-06-07,0.48660699,0.488839,0.38169599,0.390625,3077849600
1993-06-14,0.39285699,0.40401801,0.354911,0.36607099,1771627200
1993-06-21,0.36160699,0.375,0.35267901,0.35714301,1270684800
1993-06-28,0.36160699,0.36160699,0.33705401,0.34375,1257939200
1993-07-05,0.34151801,0.348214,0.323661,0.328125,678137600
1993-07-12,0.328125,0.34598199,0.236607,0.245536,3036924800
1993-07-19,0.25,0.25669599,0.227679,0.234375,2239003200
1993-07-26,0.238839,0.25223199,0.232143,0.247768,779049600
1993-08-02,0.25223199,0.27455401,0.25,0.261161,971073600
1993-08-09,0.261161,0.270089,0.232143,0.24442001,958148800
1993-08-16,0.245536,0.265625,0.241071,0.25,651414400
1993-08-23,0.25,0.25669599,0.234375,0.236607,700918400
1993-08-30,0.236607,0.238839,0.225446,0.229911,1072377600
1993-09-06,0.232143,0.241071,0.22656301,0.234375,654192000
1993-09-13,0.234375,0.236607,0.209821,0.225446,1048140800
1993-09-20,0.225446,0.227679,0.21317001,0.223214,575545600
1993-09-27,0.223214,0.225446,0.200893,0.203125,1055364800
1993-10-04,0.20200901,0.214286,0.196429,0.20200901,818742400
1993-10-11,0.203125,0.254464,0.203125,0.25223199,1760427200
1993-10-18,0.25,0.28125,0.243304,0.270089,1708168000
1993-10-25,0.270089,0.28794599,0.25892901,0.27455401,1281996800
1993-11-01,0.27455401,0.29464301,0.270089,0.28459799,1070585600
1993-11-08,0.285714,0.28683001,0.265625,0.28348199,701310400
1993-11-15,0.28125,0.3125,0.28125,0.29464301,1000182400
1993-11-22,0.292411,0.29910699,0.27901801,0.29129499,470657600
1993-11-29,0.28794599,0.29129499,0.276786,0.28125,541710400
1993-12-06,0.28125,0.29017901,0.247768,0.25223199,940441600
1993-12-13,0.25223199,0.265625,0.247768,0.26339301,933396800
1993-12-20,0.261161,0.265625,0.236607,0.243304,848489600
1993-12-27,0.247768,0.270089,0.243304,0.261161,902305600
1994-01-03,0.26339301,0.30357099,0.25892901,0.29575899,1744142400
1994-01-10,0.29464301,0.30245501,0.265625,0.276786,1742216000
1994-01-17,0.276786,0.29910699,0.25669599,0.29799101,2038321600
1994-01-24,0.296875,0.31473199,0.29464301,0.30357099,1568974400
1994-01-31,0.29910699,0.3125,0.28794599,0.29910699,1033558400
1994-02-07,0.29910699,0.33482099,0.29910699,0.33035699,1664096000
1994-02-14,0.33035699,0.339286,0.323661,0.323661,791571200
1994-02-21,0.323661,0.34151801,0.316964,0.32142901,909787200
1994-02-28,0.323661,0.33482099,0.31026801,0.328125,1045161600
1994-03-07,0.33035699,0.34040201,0.32142901,0.332589,1050593600
1994-03-14,0.34375,0.34375,0.31919599,0.32477701,1173323200
1994-03-21,0.32477701,0.32589301,0.292411,0.292411,1237756800
1994-03-28,0.29464301,0.30357099,0.28125,0.296875,874977600
1994-04-04,0.28794599,0.30580401,0.28348199,0.29910699,649510400
1994-04-11,0.29910699,0.29910699,0.26785699,0.270089,887140800
1994-04-18,0.27232099,0.285714,0.241071,0.265625,1786758400
1994-04-25,0.265625,0.28125,0.26339301,0.26785699,718726400
1994-05-02,0.26785699,0.301339,0.26339301,0.288504,1096390400
1994-05-09,0.28794599,0.29017901,0.261161,0.26785699,632553600
1994-05-16,0.26785699,0.29017901,0.25669599,0.27734399,811081600
1994-05-23,0.276786,0.28348199,0.26339301,0.267299,564233600
1994-05-30,0.26339301,0.26339301,0.238839,0.24665201,1381766400
1994-06-06,0.245536,0.247768,0.227679,0.236607,976707200
1994-06-13,0.23549099,0.25,0.23102701,0.236607,849452800
1994-06-20,0.234375,0.243304,0.220982,0.228655,1053785600
1994-06-27,0.225446,0.24218801,0.21986599,0.229911,846753600
1994-07-04,0.22879501,0.24665201,0.227679,0.241629,561612800
1994-07-11,0.24218801,0.270089,0.23549099,0.25223199,1074628800
1994-07-18,0.25111601,0.28543499,0.23549099,0.276786,1486217600
1994-07-25,0.27790201,0.30357099,0.27343801,0.30078101,1546328000
1994-08-01,0.30022299,0.301339,0.28683001,0.296875,997449600
1994-08-08,0.29575899,0.31361601,0.29464301,0.31026801,951182400
1994-08-15,0.31026801,0.31584799,0.30357099,0.31138399,898800000
1994-08-22,0.31026801,0.32477701,0.30580401,0.31919599,1041443200
1994-08-29,0.31919599,0.33370501,0.30915201,0.31584799,991614400
1994-09-05,0.31473199,0.32700899,0.3125,0.31919599,611396800
1994-09-12,0.31808001,0.332589,0.3125,0.32477701,916955200
1994-09-19,0.32477701,0.328125,0.30022299,0.303013,885561600
1994-09-26,0.30245501,0.308036,0.29799101,0.30078101,513139200
1994-10-03,0.30022299,0.34040201,0.29017901,0.33035699,1893091200
1994-10-10,0.33147299,0.38281301,0.33035699,0.36718801,2664390400
1994-10-17,0.36495501,0.38169599,0.34709799,0.38058001,1664611200
1994-10-24,0.38169599,0.390625,0.370536,0.37611601,1135489600
1994-10-31,0.375,0.388253,0.35714301,0.36049101,1095315200
1994-11-07,0.36049101,0.38392901,0.35825899,0.36718801,1083600000
1994-11-14,0.36830401,0.38392901,0.35379499,0.35714301,792120000
1994-11-21,0.35714301,0.359375,0.32477701,0.33705401,838969600
1994-11-28,0.33593801,0.35156301,0.31808001,0.326451,1076420800
1994-12-05,0.32589301,0.34263399,0.31026801,0.323661,986249600
1994-12-12,0.32477701,0.34263399,0.316964,0.332589,1062084800
1994-12-19,0.332589,0.35156301,0.332589,0.34709799,892371200
1994-12-26,0.35044599,0.35602701,0.34151801,0.348214,365512000
1995-01-02,0.34709799,0.38504499,0.33816999,0.375,1412812800
1995-01-09,0.37165201,0.429129,0.36607099,0.40066999,2665857600
1995-01-16,0.40066999,0.41964301,0.379464,0.38058001,1961400000
1995-01-23,0.37388399,0.38058001,0.348214,0.35602701,1678667200
1995-01-30,0.35825899,0.37611601,0.35602701,0.36160699,1124524800
1995-02-06,0.363839,0.39453101,0.35267901,0.390625,1673851200
1995-02-13,0.38839301,0.39732099,0.379464,0.379464,974030400
1995-02-20,0.38058001,0.38169599,0.34375,0.348214,1478523200
1995-02-27,0.34151801,0.363839,0.339286,0.359375,1130740800
1995-03-06,0.354911,0.36049101,0.33705401,0.35267901,982475200
1995-03-13,0.35379499,0.35379499,0.308036,0.31361601,2316966400
1995-03-20,0.31361601,0.35267901,0.3125,0.33705401,1272611200
1995-03-27,0.33593801,0.33593801,0.30245501,0.31473199,1786131200
1995-04-03,0.316964,0.339286,0.30022299,0.328125,1865908800
1995-04-10,0.32924101,0.35379499,0.32254499,0.34151801,981388800
1995-04-17,0.34040201,0.35267901,0.31808001,0.34933001,1715504000
1995-04-24,0.348214,0.35379499,0.332589,0.34151801,1111499200
1995-05-01,0.34151801,0.35602701,0.33482099,0.34709799,978398400
1995-05-08,0.35602701,0.39006701,0.354911,0.38950899,2156548800
1995-05-15,0.38504499,0.39620501,0.379464,0.38169599,1683180800
1995-05-22,0.379464,0.39620501,0.37723199,0.381138,1210630400
1995-05-29,0.38058001,0.38281301,0.36607099,0.37611601,648334400
1995-06-05,0.37834799,0.39620501,0.37611601,0.38839301,1017206400
1995-06-12,0.39285699,0.39843801,0.38727701,0.39174101,638075200
1995-06-19,0.39174101,0.44754499,0.38839301,0.43526801,2539958400
1995-06-26,0.43080401,0.433036,0.40513399,0.414621,1034286400
1995-07-03,0.41517901,0.43973199,0.40848199,0.43415201,787662400
1995-07-10,0.43415201,0.44531301,0.41183001,0.43526801,1426689600
1995-07-17,0.43638399,0.44419599,0.38392901,0.390625,2090984000
1995-07-24,0.39285699,0.42410699,0.390625,0.40625,1235718400
1995-07-31,0.40625,0.40736601,0.38839301,0.395089,1050817600
1995-08-07,0.39397299,0.39843801,0.37388399,0.384487,1168328000
1995-08-14,0.38392901,0.40625,0.38281301,0.40066999,1265958400
1995-08-21,0.40066999,0.41294599,0.39397299,0.39955401,1164900800
1995-08-28,0.40066999,0.401786,0.379464,0.383371,899819200
1995-09-04,0.38839301,0.404576,0.38169599,0.39955401,817835200
1995-09-11,0.40066999,0.40625,0.316964,0.32031301,2584019200
1995-09-18,0.32477701,0.33482099,0.32031301,0.330915,2179296000
1995-09-25,0.34151801,0.34165701,0.31026801,0.332589,1631952000
1995-10-02,0.33705401,0.34375,0.31808001,0.318638,1501707200
1995-10-09,0.31584799,0.32924101,0.30022299,0.32142901,1502950400
1995-10-16,0.323661,0.353237,0.30915201,0.31361601,2204316800
1995-10-23,0.31361601,0.316964,0.30468801,0.31026801,824678400
1995-10-30,0.31138399,0.33147299,0.30915201,0.32589301,990281600
1995-11-06,0.32589301,0.36607099,0.32477701,0.354911,1890212800
1995-11-13,0.359375,0.379464,0.35267901,0.35825899,1327547200
1995-11-20,0.359375,0.36049101,0.33816999,0.35881701,548822400
1995-11-27,0.36272299,0.36272299,0.33147299,0.33593801,776496000
1995-12-04,0.35825899,0.35825899,0.33816999,0.35156301,1328667200
1995-12-11,0.35267901,0.35379499,0.30691999,0.31473199,2034491200
1995-12-18,0.31361601,0.31473199,0.28236601,0.28794599,2030672000
1995-12-25,0.29017901,0.29799101,0.28236601,0.28459799,962203200
1996-01-01,0.28794599,0.30580401,0.28013399,0.30580401,1315238400
1996-01-08,0.308036,0.316964,0.28794599,0.30245501,1896585600
1996-01-15,0.301339,0.31026801,0.26227701,0.26674101,2480016000
1996-01-22,0.265625,0.30357099,0.25558001,0.27343801,3324876800
1996-01-29,0.25892901,0.265625,0.239816,0.261161,2172520000
1996-02-05,0.26506701,0.26785699,0.245536,0.247768,1374128000
1996-02-12,0.25111601,0.25781301,0.24442001,0.245536,864483200
1996-02-19,0.25,0.270089,0.25,0.26674101,956222400
1996-02-26,0.26785699,0.26897299,0.23772299,0.23995499,799377600
1996-03-04,0.243304,0.24442001,0.223214,0.232143,814116800
1996-03-11,0.234375,0.23549099,0.227679,0.23102701,517585600
1996-03-18,0.231585,0.236607,0.22209799,0.22656301,567033600
1996-03-25,0.227679,0.229911,0.205357,0.219308,1216880000
1996-04-01,0.22432999,0.23102701,0.214286,0.21540201,418364800
1996-04-08,0.21317001,0.236607,0.212054,0.227679,758374400
1996-04-15,0.227679,0.232143,0.216518,0.223772,659948800
1996-04-22,0.225446,0.227679,0.21540201,0.220982,772676800
1996-04-29,0.223214,0.223214,0.209821,0.21317001,667184000
1996-05-06,0.22209799,0.24442001,0.220982,0.243304,1038486400
1996-05-13,0.24218801,0.25781301,0.23772299,0.24665201,930384000
1996-05-20,0.24888401,0.25111601,0.229911,0.238839,638075200
1996-05-27,0.238839,0.243304,0.220982,0.23325901,587484800
1996-06-03,0.23102701,0.232143,0.209821,0.21763401,2027670400
1996-06-10,0.21763401,0.222517,0.21317001,0.213728,747723200
1996-06-17,0.21540201,0.21540201,0.19977701,0.20200901,779564800
1996-06-24,0.20200901,0.20200901,0.17522299,0.1875,1118980800
1996-07-01,0.18861599,0.191964,0.171875,0.174107,615753600
1996-07-08,0.17522299,0.17745499,0.154018,0.161272,1106268800
1996-07-15,0.16182999,0.194196,0.142857,0.185268,1819070400
1996-07-22,0.18638401,0.196429,0.17745499,0.196429,784515200
1996-07-29,0.196429,0.203125,0.18861599,0.19307999,715993600
1996-08-05,0.19307999,0.20870499,0.185268,0.20647299,775364800
1996-08-12,0.20870499,0.21093801,0.19754501,0.200893,576094400
1996-08-19,0.19977701,0.214286,0.19977701,0.21317001,842564800
1996-08-26,0.21317001,0.223214,0.209821,0.216518,755238400
1996-09-02,0.21540201,0.21986599,0.20200901,0.205357,690166400
1996-09-09,0.20200901,0.203125,0.180804,0.1875,878684800
1996-09-16,0.191964,0.21540201,0.19084799,0.20424099,1075804800
1996-09-23,0.20424099,0.20424099,0.196429,0.199219,483448000
1996-09-30,0.19754501,0.220982,0.196429,0.203683,1262688000
1996-10-07,0.205357,0.21986599,0.20424099,0.216518,768745600
1996-10-14,0.21875,0.247768,0.216518,0.237165,2376774400
1996-10-21,0.236607,0.23772299,0.216518,0.21875,723318400
1996-10-28,0.22432999,0.22432999,0.198661,0.216518,982228800
1996-11-04,0.21763401,0.234375,0.212054,0.234375,993473600
1996-11-11,0.23549099,0.23549099,0.223214,0.223214,498344000
1996-11-18,0.223214,0.22656301,0.21763401,0.225446,554948800
1996-11-25,0.22656301,0.227679,0.214286,0.21540201,323265600
1996-12-02,0.21540201,0.227679,0.21317001,0.22432999,1012860800
1996-12-09,0.225446,0.22656301,0.207589,0.207589,682393600
1996-12-16,0.209821,0.21093801,0.19084799,0.209821,1194883200
1996-12-23,0.214286,0.216518,0.20424099,0.20647299,611800000
1996-12-30,0.20647299,0.207589,0.185268,0.194196,908376000
1997-01-06,0.15736599,0.16406301,0.154018,0.162946,4760268800
1997-01-13,0.165179,0.165179,0.14843801,0.149554,1991068800
1997-01-20,0.15067001,0.15625,0.149554,0.15067001,1142702400
1997-01-27,0.15290201,0.154018,0.147321,0.14843801,915868800
1997-02-03,0.15067001,0.151786,0.13504501,0.141183,2110012800
1997-02-10,0.14397299,0.14620499,0.138393,0.145647,934830400
1997-02-17,0.14843801,0.15959799,0.142857,0.14620499,945604800
1997-02-24,0.145089,0.15513401,0.145089,0.145089,583721600
1997-03-03,0.147321,0.151786,0.142857,0.147321,516723200
1997-03-10,0.14843801,0.149554,0.142857,0.147879,604195200
1997-03-17,0.145089,0.15625,0.14174099,0.14843801,981556800
1997-03-24,0.147321,0.171875,0.143555,0.16629501,1429523200
1997-03-31,0.16629501,0.17522299,0.154018,0.171875,2437041600
1997-04-07,0.176339,0.17745499,0.16182999,0.162946,890624000
1997-04-14,0.16406301,0.171875,0.160714,0.16406301,695531200
1997-04-21,0.16629501,0.16629501,0.15513401,0.15625,400612800
1997-04-28,0.158482,0.160714,0.149554,0.151786,530488000
1997-05-05,0.151786,0.15625,0.14620499,0.152344,567168000
1997-05-12,0.154018,0.160714,0.151786,0.154018,689942400
1997-05-19,0.15625,0.15736599,0.147321,0.15067001,403132800
1997-05-26,0.149554,0.15625,0.14620499,0.14843801,458136000
1997-06-02,0.151786,0.15290201,0.147321,0.149554,304718400
1997-06-09,0.148996,0.151228,0.140625,0.141183,530017600
1997-06-16,0.14174099,0.147321,0.13727701,0.138951,617120000
1997-06-23,0.138393,0.13950901,0.13057999,0.131138,949267200
1997-06-30,0.131696,0.131696,0.116071,0.12221,1058601600
1997-07-07,0.124442,0.138393,0.113839,0.135603,1656636800
1997-07-14,0.136161,0.16182999,0.13281301,0.154855,2339444800
1997-07-21,0.156808,0.157924,0.13950901,0.145089,1078996800
1997-07-28,0.146763,0.171317,0.145089,0.171317,1301787200
1997-08-04,0.171317,0.263951,0.171317,0.239397,10618529600
1997-08-11,0.234933,0.236049,0.182478,0.207589,4496228800
1997-08-18,0.208147,0.22432999,0.203125,0.21093801,1318217600
1997-08-25,0.21093801,0.211496,0.191964,0.194196,760816000
1997-09-01,0.196429,0.207589,0.195871,0.198103,729422400
1997-09-08,0.198661,0.20647299,0.189732,0.196987,931806400
1997-09-15,0.19531301,0.200893,0.191964,0.195871,581996800
1997-09-22,0.19754501,0.205915,0.1875,0.19029,1055040000
1997-09-29,0.193638,0.199219,0.19084799,0.19754501,735918400
1997-10-06,0.198103,0.203125,0.189174,0.202567,769160000
1997-10-13,0.203125,0.220982,0.17745499,0.17968801,2313169600
1997-10-20,0.17968801,0.180246,0.147321,0.147879,1613304000
1997-10-27,0.149554,0.165179,0.14174099,0.15206499,1306300800
1997-11-03,0.156808,0.178571,0.152344,0.176339,2094422400
1997-11-10,0.1875,0.191964,0.15625,0.164621,2331347200
1997-11-17,0.16852701,0.169085,0.15959799,0.162388,657204800
1997-11-24,0.156808,0.160714,0.15067001,0.158482,464508800
1997-12-01,0.157924,0.160156,0.138951,0.141183,1248217600
1997-12-08,0.138951,0.140625,0.123884,0.12611599,989016000
1997-12-15,0.12611599,0.130022,0.118304,0.12221,1009478400
1997-12-22,0.123884,0.125,0.115513,0.118862,824017600
1997-12-29,0.118862,0.145089,0.113839,0.145089,1745172800
1998-01-05,0.147321,0.178571,0.131696,0.162388,5166537600
1998-01-12,0.155692,0.178013,0.15290201,0.167969,2548145600
1998-01-19,0.170201,0.176339,0.165737,0.174107,994660800
1998-01-26,0.173549,0.175781,0.162946,0.163504,784123200
1998-02-02,0.165179,0.166853,0.15513401,0.165179,1650163200
1998-02-09,0.16406301,0.17745499,0.16406301,0.174107,1540100800
1998-02-16,0.174107,0.186942,0.174107,0.178571,1402419200
1998-02-23,0.17968801,0.21317001,0.178571,0.21093801,2761483200
1998-03-02,0.210379,0.220982,0.19307999,0.218192,2893934400
1998-03-09,0.212054,0.243304,0.200893,0.24218801,3812692800
1998-03-16,0.24218801,0.243304,0.23102701,0.23549099,1465150400
1998-03-23,0.231585,0.25,0.21986599,0.240513,1936603200
1998-03-30,0.238839,0.248326,0.238839,0.241629,1101856000
1998-04-06,0.241071,0.241071,0.220424,0.22879501,1035798400
1998-04-13,0.22879501,0.26450899,0.223214,0.249442,3603779200
1998-04-20,0.24665201,0.26339301,0.242746,0.249442,1841593600
1998-04-27,0.238839,0.25223199,0.234375,0.25,1200528000
1998-05-04,0.25781301,0.27343801,0.25781301,0.271763,2711150400
1998-05-11,0.27566999,0.28236601,0.261161,0.263951,1672518400
1998-05-18,0.26227701,0.26674101,0.243862,0.24888401,1038419200
1998-05-25,0.25055799,0.25223199,0.22879501,0.23772299,1197179200
1998-06-01,0.236607,0.24665201,0.22879501,0.23995499,923596800
1998-06-08,0.241071,0.25892901,0.239397,0.25111601,1035574400
1998-06-15,0.243304,0.25502199,0.238839,0.241629,711076800
1998-06-22,0.241071,0.257254,0.238839,0.251674,942345600
1998-06-29,0.25223199,0.268415,0.25055799,0.25892901,909473600
1998-07-06,0.26339301,0.30022299,0.26004499,0.28627199,2314368000
1998-07-13,0.28515601,0.34040201,0.28459799,0.32924101,5049788800
1998-07-20,0.326451,0.33035699,0.30189699,0.30971,1518540800
1998-07-27,0.30580401,0.328125,0.29464301,0.30915201,1432737600
1998-08-03,0.30580401,0.33370501,0.296875,0.32589301,1786400000
1998-08-10,0.32421899,0.36607099,0.323661,0.36160699,3779406400
1998-08-17,0.36607099,0.390625,0.348214,0.38392901,3228120000
1998-08-24,0.387835,0.38839301,0.30468801,0.305246,3558721600
1998-08-31,0.31026801,0.33370501,0.27343801,0.31361601,3367324800
1998-09-07,0.339286,0.35379499,0.31919599,0.33593801,1636656000
1998-09-14,0.34151801,0.34654,0.31752199,0.328125,1513971200
1998-09-21,0.318638,0.353237,0.31529,0.34598199,1552857600
1998-09-28,0.354911,0.35881701,0.30468801,0.31305799,1723523200
1998-10-05,0.30357099,0.31473199,0.254464,0.31361601,2782550400
1998-10-12,0.33482099,0.368862,0.316964,0.32756701,5300780800
1998-10-19,0.32756701,0.34096,0.31361601,0.316964,1961836800
1998-10-26,0.321987,0.34765601,0.31305799,0.33147299,2039968000
1998-11-02,0.33482099,0.35156301,0.332589,0.33984399,2656561600
1998-11-09,0.336496,0.34040201,0.292411,0.318638,3880195200
1998-11-16,0.320871,0.33203101,0.31026801,0.31529,1670670400
1998-11-23,0.31752199,0.32868299,0.31026801,0.31305799,1354606400
1998-11-30,0.30859399,0.32924101,0.28236601,0.292411,3737126400
1998-12-07,0.29799101,0.30357099,0.28236601,0.301339,2920870400
1998-12-14,0.29352701,0.31584799,0.28794599,0.314174,2262612800
1998-12-21,0.31584799,0.36160699,0.30580401,0.35044599,2943270400
1998-12-28,0.348214,0.370536,0.348214,0.365513,1621715200
1999-01-04,0.37611601,0.41852701,0.35714301,0.401786,5819419200
1999-01-11,0.40848199,0.42243299,0.35714301,0.368862,5159392000
1999-01-18,0.37444201,0.37779,0.330915,0.34598199,2259264000
1999-01-25,0.35044599,0.37109399,0.34654,0.367746,1889328000
1999-02-01,0.37221,0.37444201,0.316964,0.32421899,2165800000
1999-02-08,0.32756701,0.354911,0.32142901,0.336496,2727110400
1999-02-15,0.34709799,0.34709799,0.31752199,0.33203101,1458150400
1999-02-22,0.33370501,0.353237,0.308036,0.310826,1765456000
1999-03-01,0.310826,0.31529,0.28906301,0.29631701,2299539200
1999-03-08,0.296875,0.30971,0.285714,0.29631701,2161700800
1999-03-15,0.29743299,0.321987,0.29352701,0.29910699,1881891200
1999-03-22,0.30357099,0.314174,0.29017901,0.296875,2063118400
1999-03-29,0.29910699,0.33147299,0.298549,0.321987,1807803200
1999-04-05,0.32142901,0.342076,0.320871,0.328125,2066288000
1999-04-12,0.3125,0.330915,0.306362,0.31640601,3725926400
1999-04-19,0.318638,0.352121,0.29910699,0.349888,3584089600
1999-04-26,0.35267901,0.42075899,0.35044599,0.410714,6250608000
1999-05-03,0.41127199,0.44642901,0.38169599,0.40959799,3728838400
1999-05-10,0.417411,0.419085,0.388951,0.39620501,1768872000
1999-05-17,0.390625,0.410714,0.379464,0.392299,1808318400
1999-05-24,0.38950899,0.39620501,0.365513,0.393415,1602876800
1999-05-31,0.401786,0.430246,0.39285699,0.42968801,1839275200
1999-06-07,0.42968801,0.4375,0.41294599,0.414621,1587824000
1999-06-14,0.41517901,0.429129,0.40290201,0.42075899,944955200
1999-06-21,0.41964301,0.421875,0.37555799,0.376674,1545219200
1999-06-28,0.37890601,0.419085,0.37834799,0.413504,1274246400
1999-07-05,0.41015601,0.49665201,0.40904,0.49665201,3786708800
1999-07-12,0.495536,0.50558001,0.45814699,0.47377199,3315032000
1999-07-19,0.481585,0.498326,0.45647299,0.476004,2357320000
1999-07-26,0.47209799,0.50111598,0.45424101,0.49721,1734622400
1999-08-02,0.49665201,0.51785702,0.46540201,0.48325899,1860342400
1999-08-09,0.485212,0.55357099,0.47879499,0.53627199,2464392000
1999-08-16,0.53403997,0.55357099,0.51953101,0.52846003,1944409600
1999-08-23,0.53013402,0.58035702,0.529576,0.578125,2004318400
1999-08-30,0.58035702,0.671875,0.55357099,0.65625,4290182400
1999-09-06,0.65848202,0.695871,0.65625,0.69140601,2739844800
1999-09-13,0.68805802,0.70647299,0.65959799,0.68694198,1719032000
1999-09-20,0.6875,0.71540201,0.5625,0.579799,7261027200
1999-09-27,0.59263402,0.59598202,0.51283503,0.55106002,4543313600
1999-10-04,0.55691999,0.62165201,0.55691999,0.585379,3066526400
1999-10-11,0.58928603,0.67689699,0.56919599,0.66573697,4535585600
1999-10-18,0.65959799,0.68973202,0.611049,0.66015601,4093353600
1999-10-25,0.66294599,0.72377199,0.654576,0.71540201,2158240000
1999-11-01,0.71428603,0.78906298,0.69028997,0.788504,1802169600
1999-11-08,0.78348202,0.87262797,0.77455401,0.80915201,2886934400
1999-11-15,0.80022299,0.84598202,0.78627199,0.82533503,1535632000
1999-11-22,0.81919599,0.85267901,0.79017901,0.84877199,1092851200
1999-11-29,0.84151798,1.031808,0.83258897,1.026786,3141185600
1999-12-06,1.022879,1.053571,0.88392901,0.91964298,2817113600
1999-12-13,0.91420197,0.91517901,0.81305802,0.89285702,2547641600
1999-12-20,0.888951,0.93359399,0.86272299,0.92410702,1148190400
1999-12-27,0.93191999,0.93247801,0.84821397,0.91796899,1071425600
2000-01-03,0.93638402,1.004464,0.84821397,0.88839298,3055203200
2000-01-10,0.91071397,0.91294599,0.77232099,0.89676303,3345742400
2000-01-17,0.90178603,1.084821,0.89676303,0.99386197,3383878400
2000-01-24,0.96819198,1.019531,0.89843798,0.90736598,2068673600
2000-01-31,0.90178603,0.98214298,0.84375,0.96428603,2384424000
2000-02-07,0.96428603,1.045759,0.945871,0.97098202,1664308800
2000-02-14,0.976004,1.070871,0.96986598,0.99330401,1754468800
2000-02-21,0.98325902,1.063616,0.95256698,0.98549098,1520971200
2000-02-28,0.98325902,1.17913,0.96763402,1.14286,2408918400
2000-03-06,1.125,1.1529,1.055804,1.12277,1280126400
2000-03-13,1.090402,1.12946,1.017857,1.11607,1859289600
2000-03-20,1.10268,1.34263,1.085938,1.23828,2306292800
2000-03-27,1.2288,1.29241,1.11998,1.21261,1541019200
2000-04-03,1.20982,1.24554,1.042411,1.17634,1948620800
2000-04-10,1.17578,1.18527,0.93638402,0.99888402,2892668800
2000-04-17,0.97767901,1.16295,0.97377199,1.061384,2042756800
2000-04-24,1.026786,1.14955,1.024554,1.1077,1778358400
2000-05-01,1.11495,1.12723,0.98716497,1.010045,1636017600
2000-05-08,1.00083697,1.015067,0.88169599,0.96093798,1853790400
2000-05-15,0.96484399,0.97377199,0.83370501,0.83928603,2631921600
2000-05-22,0.83705401,0.83705401,0.74107099,0.77120501,2539454400
2000-05-29,0.78236598,0.890625,0.71763402,0.826451,2843254400
2000-06-05,0.83314699,0.87946397,0.80078101,0.85491103,1677054400
2000-06-12,0.86049098,0.861049,0.78738803,0.814174,1471377600
2000-06-19,0.80859399,1.029018,0.80189699,0.92299098,2058072800
2000-06-26,0.9375,0.99107099,0.91183001,0.93526798,1202012000
2000-07-03,0.93080401,0.98549098,0.88616103,0.97209799,909193600
2000-07-10,0.96596003,1.082589,0.95982099,1.030134,1617061600
2000-07-17,1.040179,1.051339,0.92410702,0.95647299,1698088000
2000-07-24,0.93861598,0.95089298,0.83705401,0.86272299,1367128000
2000-07-31,0.87778997,0.921875,0.79017901,0.84598202,1057957600
2000-08-07,0.85491103,0.87611598,0.81361598,0.85156298,1233433600
2000-08-14,0.84988803,0.93638402,0.82700902,0.89285702,875610400
2000-08-21,0.89732099,1.026786,0.88616103,1.014509,1293359200
2000-08-28,1.022321,1.13616,1.018973,1.13281,1587896800
2000-09-04,1.11886,1.14509,1.03125,1.051339,1067029600
2000-09-11,1.047991,1.078125,0.96875,0.98632801,1502429600
2000-09-18,0.98660702,1.097098,0.89285702,0.93191999,2160625600
2000-09-25,0.94196397,0.99107099,0.453125,0.45982099,9529973600
2000-10-02,0.47656301,0.47767901,0.375,0.39620501,7414596000
2000-10-09,0.40401801,0.40848199,0.34151801,0.39397299,4925905600
2000-10-16,0.39843801,0.41517901,0.32700899,0.348214,4554149600
2000-10-23,0.36188599,0.37276801,0.3125,0.33147299,3486067200
2000-10-30,0.34151801,0.410714,0.33482099,0.39732099,3206952000
2000-11-06,0.40066999,0.40401801,0.34040201,0.34040201,2016616000
2000-11-13,0.33482099,0.36607099,0.32589301,0.33035699,1808727200
2000-11-20,0.33203101,0.348214,0.32589301,0.34486601,1151483200
2000-11-27,0.354911,0.35602701,0.28794599,0.30468801,2215371200
2000-12-04,0.30691999,0.31138399,0.25,0.26897299,3204504800
2000-12-11,0.27120501,0.285714,0.25,0.25111601,1840921600
2000-12-18,0.26004499,0.27232099,0.243304,0.26785699,1950043200
2000-12-25,0.265625,0.26785699,0.25334799,0.265625,1477795200
2001-01-01,0.265625,0.33035699,0.25781301,0.292411,2421137600
2001-01-08,0.30245501,0.33035699,0.28459799,0.30691999,2770521600
2001-01-15,0.31138399,0.34933001,0.29464301,0.348214,3150666400
2001-01-22,0.34040201,0.37388399,0.32924101,0.34933001,3088478400
2001-01-29,0.34933001,0.401786,0.34933001,0.36830401,3075693600
2001-02-05,0.36607099,0.381975,0.33370501,0.34151801,2336924800
2001-02-12,0.34040201,0.36718801,0.33035699,0.339286,1395637600
2001-02-19,0.34263399,0.35602701,0.32142901,0.33593801,1430979200
2001-02-26,0.34040201,0.36495501,0.30691999,0.34375,1799851200
2001-03-05,0.34598199,0.39397299,0.34375,0.36160699,1979510400
2001-03-12,0.35156301,0.38169599,0.323661,0.35044599,2311758400
2001-03-19,0.35267901,0.42075899,0.34598199,0.410714,2894780000
2001-03-26,0.41303599,0.42410699,0.377321,0.39410701,2876350400
2001-04-02,0.39446399,0.404643,0.33482099,0.367679,2166735200
2001-04-09,0.36946401,0.411071,0.35821399,0.40035701,1356986400
2001-04-16,0.39446399,0.45982099,0.34999999,0.44714299,4638340000
2001-04-23,0.434643,0.469464,0.41982099,0.467857,2502152800
2001-04-30,0.47678599,0.48428601,0.42785701,0.45982099,1873149600
2001-05-07,0.45750001,0.46000001,0.40642899,0.40803599,1408898400
2001-05-14,0.40875,0.45535699,0.40625,0.42017901,1359747200
2001-05-21,0.42196399,0.430893,0.401786,0.40642899,1585455200
2001-05-28,0.39857101,0.401786,0.344643,0.373036,2192036000
2001-06-04,0.37642899,0.38749999,0.36303601,0.380714,1644697600
2001-06-11,0.375893,0.38803601,0.34553599,0.36500001,1861255200
2001-06-18,0.36446401,0.410714,0.35678601,0.39750001,1725976000
2001-06-25,0.401786,0.44821399,0.400893,0.41517901,1950261600
2001-07-02,0.42214301,0.432679,0.38785699,0.39339301,797804000
2001-07-09,0.39446399,0.44660699,0.372143,0.44374999,2272788000
2001-07-16,0.44428599,0.45035699,0.34803599,0.35678601,3369234400
2001-07-23,0.35874999,0.36607099,0.31874999,0.33857101,1736890400
2001-07-30,0.341429,0.35535699,0.33053601,0.348214,1220665600
2001-08-06,0.34,0.35178599,0.33107099,0.339643,931996800
2001-08-13,0.34107101,0.345714,0.32089299,0.32267901,1162744800
2001-08-20,0.32392901,0.33250001,0.31392899,0.33160701,1119389600
2001-08-27,0.33214301,0.344643,0.30857101,0.33125001,1172948000
2001-09-03,0.33035699,0.34071401,0.307143,0.30857101,1232470400
2001-09-10,0.30357099,0.3125,0.30214301,0.310179,308845600
2001-09-17,0.285714,0.31642899,0.26214299,0.280893,2140118400
2001-09-24,0.28767899,0.30071399,0.26660699,0.27696401,1850088800
2001-10-01,0.27660701,0.29017901,0.26482099,0.288214,1870943200
2001-10-08,0.278036,0.32285699,0.276786,0.32160699,1311744000
2001-10-15,0.32053599,0.32875001,0.30285701,0.32678601,1586603200
2001-10-22,0.32517901,0.34678599,0.316964,0.33339301,1985261600
2001-10-29,0.33160701,0.336786,0.30464301,0.33160701,1299894400
2001-11-05,0.336429,0.35946399,0.33089301,0.33410701,1411239200
2001-11-12,0.33321401,0.35535699,0.320714,0.33875,1091014400
2001-11-19,0.339286,0.36071399,0.33857101,0.35428599,870760800
2001-11-26,0.356071,0.384821,0.35499999,0.380357,1486531200
2001-12-03,0.37607101,0.42910701,0.36785701,0.4025,1672613600
2001-12-10,0.398036,0.41053599,0.35874999,0.36410701,955673600
2001-12-17,0.36428601,0.38714299,0.36053601,0.375,1176106400
2001-12-24,0.37321401,0.410714,0.37321401,0.400536,687663200
2001-12-31,0.40196401,0.427679,0.38982099,0.42303601,1689262400
2002-01-07,0.42357099,0.42857099,0.36160699,0.375893,2023996800
2002-01-14,0.37517899,0.40607101,0.36607099,0.39589301,2272597600
2002-01-21,0.397679,0.41982099,0.38553599,0.41517901,1300510400
2002-01-28,0.41785699,0.445714,0.40571401,0.435893,1765097600
2002-02-04,0.434286,0.463929,0.417321,0.42910701,2280000800
2002-02-11,0.42732099,0.45071399,0.42392901,0.42678601,1456112000
2002-02-18,0.42428601,0.42625001,0.38303599,0.40607101,1528928800
2002-02-25,0.40803599,0.44142899,0.37392899,0.41874999,2523068800
2002-03-04,0.41535699,0.44803599,0.40642899,0.440357,1377191200
2002-03-11,0.43928599,0.44892901,0.42625001,0.44553599,1175804000
2002-03-18,0.44553599,0.45178601,0.41535699,0.430179,1659767200
2002-03-25,0.42982101,0.430179,0.410714,0.42267901,756828800
2002-04-01,0.41749999,0.449821,0.415714,0.44178599,1234217600
2002-04-08,0.431429,0.44999999,0.42464301,0.44749999,1405521600
2002-04-15,0.44749999,0.46732101,0.442857,0.446071,2087316000
2002-04-22,0.443571,0.44517899,0.410714,0.41089299,1142528800
2002-04-29,0.413571,0.435357,0.412321,0.41982099,1238081600
2002-05-06,0.41696399,0.437857,0.39535701,0.41642901,1389108000
2002-05-13,0.41999999,0.463929,0.40964299,0.44660699,1591486400
2002-05-20,0.43875,0.45071399,0.41642901,0.43125001,1377353600
2002-05-27,0.42303601,0.43642899,0.415714,0.416071,933380000
2002-06-03,0.41767901,0.41874999,0.37375,0.38214299,1732388000
2002-06-10,0.383571,0.38999999,0.32339299,0.35892901,1932772800
2002-06-17,0.36142901,0.368393,0.29982099,0.30089301,3229251200
2002-06-24,0.29946399,0.318214,0.285357,0.31642899,1813604800
2002-07-01,0.31625,0.33482099,0.29910699,0.33464301,888557600
2002-07-08,0.33071399,0.335536,0.303036,0.31267899,1462003200
2002-07-15,0.31125,0.33214301,0.259464,0.26714301,2902916800
2002-07-22,0.26339301,0.271786,0.246429,0.256071,1924440000
2002-07-29,0.258571,0.27696401,0.254464,0.25803599,1348513600
2002-08-05,0.25910699,0.274643,0.24946401,0.26785699,1242617600
2002-08-12,0.26607099,0.28749999,0.25964299,0.28232101,1416021600
2002-08-19,0.28178599,0.29017901,0.275893,0.280893,1027168800
2002-08-26,0.284821,0.284821,0.25910699,0.26339301,1057862400
2002-09-02,0.25874999,0.26392901,0.250893,0.25678599,1105367200
2002-09-09,0.255,0.26071399,0.250893,0.25303599,1162907200
2002-09-16,0.2525,0.26946399,0.252143,0.26553601,1602014400
2002-09-23,0.26357099,0.27125001,0.25714299,0.26285699,1183851200
2002-09-30,0.25714299,0.26124999,0.24982101,0.25053599,1218190400
2002-10-07,0.24946401,0.26392901,0.238571,0.25910699,1671280800
2002-10-14,0.259821,0.27232099,0.24821401,0.256071,1665143200
2002-10-21,0.25464299,0.275893,0.25,0.27535701,1119524000
2002-10-28,0.277679,0.29464301,0.26714301,0.29214299,1364820800
2002-11-04,0.29464301,0.310357,0.277143,0.282857,1330145600
2002-11-11,0.28107101,0.29303601,0.27000001,0.284821,911215200
2002-11-18,0.28910699,0.293571,0.26803601,0.28589299,1230611200
2002-11-25,0.28625,0.288214,0.272679,0.276786,869920800
2002-12-02,0.28392899,0.28749999,0.25892901,0.26696399,1441126400
2002-12-09,0.26678601,0.277679,0.26160699,0.26410699,1112316800
2002-12-16,0.26446399,0.27125001,0.246071,0.2525,1290604000
2002-12-23,0.252857,0.26446399,0.25017899,0.25107101,330624000
2002-12-30,0.25142899,0.26660699,0.247143,0.26607099,684650400
2003-01-06,0.26839301,0.274643,0.25785699,0.26285699,1352876000
2003-01-13,0.26607099,0.26607099,0.25142899,0.25178599,1562764000
2003-01-20,0.25375,0.257321,0.24214301,0.246429,1002321600
2003-01-27,0.244286,0.26964301,0.24375001,0.25642899,1798988800
2003-02-03,0.257321,0.26660699,0.25125,0.25267899,1252664000
2003-02-10,0.25464299,0.26285699,0.25107101,0.26196399,1013146400
2003-02-17,0.26339301,0.27321401,0.26160699,0.26785699,913063200
2003-02-24,0.26535699,0.26946399,0.246429,0.26803601,935429600
2003-03-03,0.26803601,0.27071401,0.25553599,0.259464,757702400
2003-03-10,0.25910699,0.26803601,0.25107101,0.26392901,1006868800
2003-03-17,0.26589301,0.27053601,0.26071399,0.26785699,1232336000
2003-03-24,0.26196399,0.26482099,0.255357,0.26017901,774838400
2003-03-31,0.25589299,0.26249999,0.250714,0.257321,874104000
2003-04-07,0.26517901,0.26696399,0.230893,0.235714,1972331200
2003-04-14,0.244821,0.245536,0.227143,0.234286,2439360000
2003-04-21,0.234464,0.243393,0.231786,0.23839299,1192996000
2003-04-28,0.240714,0.26053599,0.239821,0.25803599,2217152000
2003-05-05,0.26374999,0.32857099,0.26339301,0.32678601,5400701600
2003-05-12,0.32410699,0.33946401,0.32053599,0.33571401,1848280000
2003-05-19,0.33089301,0.33303601,0.31428599,0.32714301,1552297600
2003-05-26,0.320714,0.33750001,0.31303599,0.32053599,1346324000
2003-06-02,0.32321399,0.32660699,0.303929,0.30625001,1497535200
2003-06-09,0.30250001,0.32053599,0.29696399,0.31107101,1105546400
2003-06-16,0.31428599,0.35017899,0.311607,0.342857,1609048000
2003-06-23,0.344643,0.35160699,0.33000001,0.33446401,1679053600
2003-06-30,0.33357099,0.349107,0.33053601,0.341607,866213600
2003-07-07,0.344107,0.36607099,0.341607,0.35446399,1064448000
2003-07-14,0.35732099,0.378214,0.346071,0.3725,1696032800
2003-07-21,0.36946401,0.38517901,0.36250001,0.38464299,971191200
2003-07-28,0.38392901,0.38392901,0.36017901,0.370179,992140800
2003-08-04,0.36660701,0.38392901,0.34678599,0.350714,1037058400
2003-08-11,0.35392901,0.36321399,0.3475,0.351964,904411200
2003-08-18,0.35464299,0.39285699,0.35214299,0.372857,1105266400
2003-08-25,0.37107101,0.40803599,0.36339301,0.40375,1111224800
2003-09-01,0.404643,0.41642901,0.40000001,0.401786,950874400
2003-09-08,0.401429,0.413214,0.39464301,0.41249999,966179200
2003-09-15,0.40732101,0.411607,0.39017901,0.40321401,1244112800
2003-09-22,0.39607099,0.401786,0.35982099,0.36946401,1535189600
2003-09-29,0.38374999,0.39035699,0.36053601,0.387321,1390900000
2003-10-06,0.38696399,0.425179,0.38535699,0.42285699,1637759200
2003-10-13,0.42375001,0.44660699,0.400179,0.40625,2500881600
2003-10-20,0.40357101,0.41785699,0.39696401,0.40357101,1002260000
2003-10-27,0.40625,0.42857099,0.40000001,0.40875,1159519200
2003-11-03,0.40767899,0.416071,0.400893,0.401786,1481765600
2003-11-10,0.400893,0.40571401,0.38,0.383214,1199172800
2003-11-17,0.38124999,0.381607,0.35446399,0.36214301,1321460000
2003-11-24,0.36607099,0.379821,0.36160699,0.373393,971706400
2003-12-01,0.375714,0.39107099,0.370179,0.37232101,1122245600
2003-12-08,0.37107101,0.381071,0.35642901,0.373036,930529600
2003-12-15,0.38374999,0.38374999,0.350357,0.35178599,1821601600
2003-12-22,0.35089299,0.373393,0.34375,0.37107101,966733600
2003-12-29,0.373393,0.38839301,0.3725,0.38,757405600
2004-01-05,0.38249999,0.430893,0.38249999,0.410714,2379003200
2004-01-12,0.41517901,0.443571,0.401786,0.40571401,3177636000
2004-01-19,0.40482101,0.41017899,0.39607099,0.40285701,974780800
2004-01-26,0.40107101,0.41749999,0.39625001,0.40285701,1251740000
2004-02-02,0.40107101,0.409107,0.38749999,0.405536,1319981600
2004-02-09,0.403929,0.43035701,0.40071401,0.410714,1292116000
2004-02-16,0.41249999,0.42214301,0.39660701,0.40000001,913276000
2004-02-23,0.398929,0.428929,0.39089301,0.42714301,1396656800
2004-03-01,0.43035701,0.49089301,0.42142901,0.47749999,3004321600
2004-03-08,0.475357,0.5025,0.45982099,0.49214301,3073274400
2004-03-15,0.48267901,0.48839301,0.45339301,0.461786,2228240000
2004-03-22,0.45303601,0.48857099,0.45035699,0.48285699,2219100800
2004-03-29,0.48875001,0.49982101,0.475357,0.49107099,1693988800
2004-04-05,0.49071401,0.506607,0.48071399,0.49160701,1139700800
2004-04-12,0.49107099,0.52821398,0.46982101,0.52107102,3471048000
2004-04-19,0.50214303,0.51339298,0.48303601,0.494643,2053161600
2004-04-26,0.49250001,0.49357101,0.45517901,0.46035701,1673453600
2004-05-03,0.464286,0.49232101,0.45535699,0.47624999,1498319200
2004-05-10,0.469107,0.495,0.46321401,0.48321399,1288224000
2004-05-17,0.47678599,0.49107099,0.470714,0.48410699,1258292000
2004-05-24,0.48732099,0.51392901,0.48410699,0.50107098,1259440000
2004-05-31,0.49625,0.52232099,0.493036,0.51392901,1150889600
2004-06-07,0.51857102,0.55303597,0.51446402,0.54892898,1318279200
2004-06-14,0.54732102,0.59660703,0.52678603,0.58767903,2555834400
2004-06-21,0.591429,0.60410702,0.57357103,0.60178602,1717536800
2004-06-28,0.61035699,0.61053598,0.53089303,0.55500001,2737319200
2004-07-05,0.558393,0.56107098,0.53482097,0.53625,1189216000
2004-07-12,0.536071,0.60053599,0.51321399,0.57499999,3919703200
2004-07-19,0.57160699,0.58410698,0.54428601,0.54821402,1765864800
2004-07-26,0.55089301,0.58928603,0.54964298,0.57749999,1569170400
2004-08-02,0.556786,0.57678598,0.530357,0.53178602,1590002400
2004-08-09,0.53303599,0.563214,0.53232098,0.55071402,1518524000
2004-08-16,0.55357099,0.56892902,0.54196399,0.55000001,1829049600
2004-08-23,0.55107099,0.628214,0.54642898,0.61339301,2479086400
2004-08-30,0.60714298,0.64267898,0.60642898,0.629107,1810222400
2004-09-06,0.63214302,0.653036,0.629107,0.64053601,1434837600
2004-09-13,0.64071399,0.66750002,0.62107098,0.66321403,1773693600
2004-09-20,0.658571,0.694107,0.65732098,0.66589302,1800232000
2004-09-27,0.65982097,0.70125002,0.65767902,0.69053602,1914628800
2004-10-04,0.69964302,0.73089302,0.68571401,0.69749999,2211927200
2004-10-11,0.69285703,0.81696397,0.67232102,0.8125,5746624800
2004-10-18,0.79821402,0.86339301,0.79821402,0.84660703,3815425600
2004-10-25,0.842857,0.94999999,0.83875,0.93571401,3854984000
2004-11-01,0.9375,1.001964,0.929286,0.97714299,4669884800
2004-11-08,0.96910697,0.99446398,0.95321399,0.99107099,2314362400
2004-11-15,0.98571402,1.01625,0.96821398,0.98517901,2293328800
2004-11-22,1.10357,1.17429,1.033929,1.15268,5420592800
2004-11-29,1.23125,1.24232,1.10268,1.11929,5768280000
2004-12-06,1.14732,1.19161,1.10804,1.16339,4513997600
2004-12-13,1.17179,1.20536,1.15357,1.16054,3118735200
2004-12-20,1.16911,1.17857,1.1,1.14304,3044300000
2004-12-27,1.15714,1.16339,1.10804,1.15,2244737600
2005-01-03,1.15679,1.24339,1.11786,1.23661,5402241600
2005-01-10,1.24696,1.32893,1.13036,1.25357,11192098400
2005-01-17,1.24732,1.27857,1.20982,1.25875,3584610400
2005-01-24,1.2675,1.32107,1.25982,1.32107,3848196800
2005-01-31,1.33179,1.42696,1.33054,1.40786,4674762400
2005-02-07,1.40946,1.46411,1.36893,1.45018,4900005600
2005-02-14,1.47732,1.62286,1.46518,1.55018,7904652000
2005-02-21,1.54107,1.60554,1.52304,1.58911,4999013600
2005-02-28,1.59571,1.61214,1.47214,1.52893,3746232000
2005-03-07,1.52857,1.54464,1.38679,1.43821,4204488400
2005-03-14,1.44714,1.55143,1.41143,1.53429,3553877600
2005-03-21,1.54607,1.57036,1.50071,1.51786,2055071200
2005-03-28,1.52679,1.53429,1.44893,1.46036,2409145200
2005-04-04,1.46393,1.5875,1.43429,1.56214,2708017200
2005-04-11,1.57679,1.58036,1.26,1.2625,7655950400
2005-04-18,1.25,1.34786,1.21429,1.26786,4952673600
2005-04-25,1.30321,1.33964,1.25786,1.28786,3417593200
2005-05-02,1.29321,1.33321,1.28643,1.33,2124449600
2005-05-09,1.33143,1.3375,1.1825,1.24179,4510895200
2005-05-16,1.23429,1.34571,1.23321,1.34107,2945174400
2005-05-23,1.35179,1.46214,1.35179,1.44857,2873570000
2005-05-30,1.45214,1.45571,1.34893,1.36571,2188860800
2005-06-06,1.36893,1.37964,1.26857,1.27893,3030426000
2005-06-13,1.28179,1.37643,1.27679,1.36821,2490762400
2005-06-20,1.35179,1.42071,1.335,1.34857,2204132000
2005-06-27,1.31571,1.36071,1.29,1.30357,2067220400
2005-07-04,1.30536,1.36714,1.30357,1.36607,1523354000
2005-07-11,1.37036,1.50036,1.34929,1.48393,4244405200
2005-07-18,1.47893,1.57286,1.46679,1.57143,2416125600
2005-07-25,1.57107,1.585,1.50929,1.52321,1660360800
2005-08-01,1.52036,1.55357,1.50071,1.53536,1380682800
2005-08-08,1.53571,1.65071,1.52179,1.64643,2106188000
2005-08-15,1.66,1.72607,1.63393,1.63679,2943203200
2005-08-22,1.64821,1.68286,1.61643,1.63357,1792719600
2005-08-29,1.61679,1.68464,1.61643,1.65071,1756759200
2005-09-05,1.66786,1.83393,1.6625,1.8325,3099975200
2005-09-12,1.825,1.84393,1.76179,1.82893,2426267200
2005-09-19,1.82321,1.92179,1.82321,1.9,3060492400
2005-09-26,1.92964,1.94857,1.80679,1.91464,3182289600
2005-10-03,1.93429,1.97679,1.80536,1.83214,3093202000
2005-10-10,1.84857,1.94107,1.70964,1.92857,7332004400
2005-10-17,1.92786,2.035,1.82893,1.98786,4389593600
2005-10-24,1.97321,2.055714,1.93464,1.94536,2887802400
2005-10-31,1.97143,2.22571,1.95536,2.18393,4310009200
2005-11-07,2.17321,2.21821,2.1075,2.19786,2756320000
2005-11-14,2.19786,2.35286,2.17536,2.30571,2892456000
2005-11-21,2.315,2.48357,2.27571,2.47643,1932859600
2005-11-28,2.52571,2.59786,2.40536,2.59393,4214282800
2005-12-05,2.56964,2.6725,2.55321,2.65464,3466047200
2005-12-12,2.67393,2.695,2.50964,2.53964,3701860400
2005-12-19,2.53964,2.66036,2.53714,2.61964,2084608400
2005-12-26,2.64286,2.685,2.51214,2.5675,2102993200
2006-01-02,2.585,2.73929,2.58036,2.725,2580718000
2006-01-09,2.74036,3.085714,2.705,3.056786,6505819600
2006-01-16,3.060714,3.085,2.70821,2.7175,4866867600
2006-01-23,2.71786,2.84143,2.53929,2.5725,5613022800
2006-01-30,2.54179,2.73571,2.53107,2.56607,4232575200
2006-02-06,2.57214,2.58964,2.24643,2.40393,6903954400
2006-02-13,2.37964,2.53607,2.30857,2.51036,4728382400
2006-02-20,2.52107,2.60714,2.42857,2.55214,3149507200
2006-02-27,2.57107,2.58571,2.41179,2.41857,4184980800
2006-03-06,2.4175,2.41857,2.23036,2.25679,4281242000
2006-03-13,2.32321,2.43,2.28964,2.30929,3956884400
2006-03-20,2.32929,2.33786,2.10821,2.14143,5796509600
2006-03-27,2.15536,2.27179,2.059643,2.24,7031236800
2006-04-03,2.27393,2.57321,2.18036,2.4925,8190131600
2006-04-10,2.51036,2.53321,2.35036,2.37393,3317403600
2006-04-17,2.37536,2.5,2.29821,2.39429,5058785200
2006-04-24,2.3875,2.54643,2.33929,2.51393,3552962000
2006-05-01,2.5275,2.60321,2.47,2.5675,3633366800
2006-05-08,2.60679,2.63571,2.38786,2.41786,3040870000
2006-05-15,2.40607,2.44214,2.24357,2.30393,3864420000
2006-05-22,2.28107,2.32821,2.19857,2.26964,3225742800
2006-05-29,2.26036,2.26071,2.096071,2.20214,3472674800
2006-06-05,2.18393,2.19857,2.041071,2.11571,4255650000
2006-06-12,2.12143,2.13357,2.024643,2.055714,4705050000
2006-06-19,2.065357,2.14893,2.035714,2.10107,3866682400
2006-06-26,2.11321,2.115,1.97893,2.045357,3480946000
2006-07-03,2.054286,2.077857,1.9525,1.97857,2145581200
2006-07-10,1.98929,2.0175,1.79143,1.80964,4524640400
2006-07-17,1.8475,2.19964,1.84464,2.16857,6279772800
2006-07-24,2.18786,2.34571,2.15821,2.3425,3636906000
2006-07-31,2.38679,2.5,2.32,2.43929,4849286400
2006-08-07,2.41857,2.48571,2.235,2.27321,4674504800
2006-08-14,2.2875,2.45214,2.27143,2.42536,3477759600
2006-08-21,2.40357,2.46607,2.3625,2.45536,2838603600
2006-08-28,2.44643,2.45179,2.32571,2.44214,3348828000
2006-09-04,2.46321,2.6275,2.44821,2.59,4150440000
2006-09-11,2.58679,2.67786,2.55071,2.64643,5563532800
2006-09-18,2.63571,2.71643,2.59214,2.60714,3697355200
2006-09-25,2.63607,2.77786,2.63286,2.74929,3901735600
2006-10-02,2.68214,2.72,2.61286,2.65071,3483272800
2006-10-09,2.63571,2.74571,2.59286,2.67929,2818718000
2006-10-16,2.68536,2.85679,2.63964,2.85536,4275916400
2006-10-23,2.85679,2.95,2.84821,2.87179,2808657600
2006-10-30,2.85679,2.91714,2.77821,2.79607,2509956400
2006-11-06,2.81964,3.024643,2.80107,2.96857,2948344000
2006-11-13,2.97214,3.082143,2.95143,3.066071,2855316800
2006-11-20,3.05,3.32429,3.042857,3.2725,2384079600
2006-11-27,3.30393,3.32714,3.19643,3.26143,4933658800
2006-12-04,3.28143,3.2975,3.10357,3.15214,3799664400
2006-12-11,3.175,3.21429,3.054643,3.13286,3955722400
2006-12-18,3.12964,3.14286,2.91429,2.93571,3717576800
2006-12-25,2.93393,3.05,2.74179,3.03,4622749600
2007-01-01,3.081786,3.092143,2.925,3.0375,2920321600
2007-01-08,3.07,3.49286,3.041071,3.37929,9852228400
2007-01-15,3.41714,3.48571,3.14714,3.16071,6619415600
2007-01-22,3.18357,3.18429,3.035357,3.049286,5482111600
2007-01-29,3.082143,3.094643,2.98929,3.026786,3621576000
2007-02-05,3.010714,3.089643,2.95929,2.97393,4049642800
2007-02-12,3.015357,3.058571,2.98679,3.029643,2576568400
2007-02-19,3.023214,3.24321,3.0057139,3.18107,3129134400
2007-02-26,3.20857,3.21429,2.96429,3.050357,4956666400
2007-03-05,3.0675,3.1775,3.062857,3.14179,3151218000
2007-03-12,3.14536,3.23571,3.14,3.19964,3525088000
2007-03-19,3.22286,3.37,3.19964,3.34,2901150000
2007-03-26,3.35679,3.45821,3.29393,3.31821,4065658800
2007-04-02,3.36214,3.40107,3.32214,3.38143,1918226800
2007-04-09,3.40036,3.40357,3.21643,3.22286,2691444000
2007-04-16,3.23464,3.29643,3.2,3.24893,2773691200
2007-04-23,3.27107,3.66071,3.26071,3.56857,5459868400
2007-04-30,3.57464,3.62857,3.51964,3.60036,2612243200
2007-05-07,3.61,3.8975,3.6075,3.88357,4214266000
2007-05-14,3.915,3.95143,3.69357,3.92929,4089864800
2007-05-21,3.93964,4.10714,3.93036,4.057857,3643998400
2007-05-28,4.0875,4.36321,4.024643,4.22857,4306467200
2007-06-04,4.23679,4.5575,4.21071,4.44607,6076462000
2007-06-11,4.5,4.50536,4.12143,4.30357,6806662800
2007-06-18,4.40286,4.47071,4.31143,4.39286,4250064000
2007-06-25,4.43536,4.4675,4.24,4.35857,5261090800
2007-07-02,4.32321,4.76214,4.26071,4.725,4485090400
2007-07-09,4.72786,4.92321,4.60036,4.91893,4684814400
2007-07-16,4.9425,5.14929,4.85857,5.13393,4303594400
2007-07-23,5.11821,5.31857,4.79107,5.1375,7675693200
2007-07-30,5.15464,5.19464,4.56321,4.70893,6151370400
2007-08-06,4.74643,4.90143,4.29643,4.46429,5219348400
2007-08-13,4.58286,4.61964,3.98643,4.35929,5546522800
2007-08-20,4.42714,4.83464,4.30357,4.83214,4946802000
2007-08-27,4.76393,4.9875,4.5225,4.94571,5366135600
2007-09-03,4.99786,5.20857,4.64286,4.70607,6976902800
2007-09-10,4.8925,4.97857,4.77679,4.9575,4745977600
2007-09-17,4.96393,5.16607,4.91429,5.14821,4715062800
2007-09-24,5.24036,5.53571,5.2375,5.48107,4493280400
2007-10-01,5.5225,5.77071,5.46179,5.76607,3922086000
2007-10-08,5.83893,6.13857,5.47179,5.97321,5239973200
2007-10-15,5.99929,6.23679,5.83929,6.086429,5388829600
2007-10-22,6.083929,6.73571,6.07,6.59643,6413624000
2007-10-29,6.62321,6.79,6.42857,6.70964,4120429600
2007-11-05,6.6175,6.88143,5.90036,5.90607,6169990400
2007-11-12,5.90286,6.34179,5.37964,5.9425,7828584400
2007-11-19,5.93214,6.15536,5.78929,6.12643,4381638800
2007-11-26,6.19964,6.70357,6.071786,6.50786,6012426000
2007-12-03,6.495,6.96393,6.32107,6.93929,4593548400
2007-12-10,6.91393,7.029643,6.63429,6.79964,4597894000
2007-12-17,6.81143,6.92536,6.37857,6.92536,4842793200
2007-12-24,6.96536,7.24857,6.95679,7.13679,2679110000
2007-12-31,7.125,7.16071,6.38893,6.43036,3916410400
2008-01-07,6.47321,6.55714,6.010714,6.1675,8125152000
2008-01-14,6.34,6.40786,5.59643,5.76286,9139776800
2008-01-21,5.28786,5.71357,4.505,4.64321,9368329600
2008-01-28,4.57714,4.88036,4.51607,4.77679,6174296800
2008-02-04,4.79321,4.85357,4.18821,4.48143,7052852800
2008-02-11,4.57179,4.67857,4.415,4.45107,5251344000
2008-02-18,4.49964,4.52679,4.13821,4.26643,4440478000
2008-02-25,4.23536,4.72143,4.12286,4.465,7110535600
2008-03-03,4.44429,4.55357,4.21429,4.36607,7304424400
2008-03-10,4.35643,4.65357,4.26321,4.52179,5641904800
2008-03-17,4.37679,4.79607,4.37679,4.75964,4197043200
2008-03-24,4.78607,5.205,4.77286,5.1075,5015836000
2008-03-31,5.11679,5.52536,5.09,5.46714,4751586000
2008-04-07,5.57607,5.70321,5.22857,5.255,5211858400
2008-04-14,5.24179,5.795,5.16214,5.75143,4069931600
2008-04-21,5.79321,6.11071,5.64607,6.061786,6671456400
2008-04-28,6.0625,6.49714,6.040357,6.46214,4759874000
2008-05-05,6.49714,6.72143,6.44786,6.55179,4502719200
2008-05-12,6.61464,6.86571,6.53036,6.70071,4197600400
2008-05-19,6.70929,6.73893,6.14286,6.47036,5186980400
2008-05-26,6.52679,6.76929,6.49429,6.74107,2791255600
2008-06-02,6.73571,6.78393,6.51214,6.63,3879212400
2008-06-09,6.59964,6.67071,5.90393,6.15607,6645175600
2008-06-16,6.11786,6.51214,6.038214,6.25964,4443171600
2008-06-23,6.24071,6.38679,5.8625,6.074643,3824038400
2008-06-30,6.078214,6.3375,5.85714,6.075714,3156358800
2008-07-07,6.18429,6.46107,6.10714,6.16357,4375218400
2008-07-14,6.40143,6.40357,5.89286,5.89821,4299828400
2008-07-21,5.96071,6.013214,5.23321,5.79,5775086800
2008-07-28,5.79786,5.8025,5.4875,5.595,3372104400
2008-08-04,5.59286,6.058929,5.46107,6.055357,3458677600
2008-08-11,6.073929,6.44464,6.059643,6.27643,3989482000
2008-08-18,6.27036,6.35036,6.13607,6.31393,2654526000
2008-08-25,6.29107,6.29464,6.037143,6.054643,2438430400
2008-09-01,6.15714,6.19643,5.63036,5.72071,3045868000
2008-09-08,5.8775,5.88893,5.21429,5.31929,5028310000
2008-09-15,5.0725,5.27464,4.31,5.0325,6428055200
2008-09-22,4.99786,5.0089288,4.39286,4.58,5316589600
2008-09-29,4.27214,4.27429,3.38036,3.46679,9448986400
2008-10-06,3.28429,3.625,3.035714,3.45714,10030613600
2008-10-13,3.73393,4.15714,3.0675,3.47857,8846994800
2008-10-20,3.56357,3.61607,3.21821,3.44214,9257127600
2008-10-27,3.39536,4.0067859,3.28071,3.8425,8091728400
2008-11-03,3.78321,3.9925,3.41857,3.50857,6127402400
2008-11-10,3.5775,3.58571,3.072143,3.22286,6786690400
2008-11-17,3.16,3.27071,2.82643,2.94929,6830208000
2008-11-24,3.043214,3.40179,3.03,3.30964,3875160800
2008-12-01,3.26071,3.43679,3.089286,3.35714,5546335200
2008-12-08,3.47429,3.7,3.30464,3.50964,5408477200
2008-12-15,3.42821,3.44571,3.14357,3.21429,4938460800
2008-12-22,3.215,3.21536,3.019643,3.064643,2059430800
2008-12-29,3.09,3.25143,3.025714,3.24107,3007158000
2009-01-05,3.3275,3.47036,3.21571,3.235,4444314000
2009-01-12,3.23071,3.24964,2.85893,2.94036,5317037600
2009-01-19,2.92607,3.21429,2.79286,3.15571,4182483200
2009-01-26,3.17357,3.39286,3.15357,3.21893,3415890800
2009-02-02,3.18214,3.57143,3.175,3.56143,3402434000
2009-02-09,3.57143,3.67857,3.42036,3.54143,3665211200
2009-02-16,3.45964,3.46571,3.17857,3.25714,3036138000
2009-02-23,3.27321,3.31857,3.089643,3.18964,3763667600
2009-03-02,3.14714,3.31321,2.94036,3.046429,3954720000
2009-03-09,3.006429,3.47143,2.94893,3.42607,3758554800
2009-03-16,3.4475,3.69571,3.36357,3.62821,3575695200
2009-03-23,3.66821,3.92786,3.63393,3.81607,3062752000
2009-03-30,3.7325,4.1475,3.66464,4.1425,3110856000
2009-04-06,4.105,4.28571,4.045714,4.27036,2181032000
2009-04-13,4.28607,4.4375,4.13429,4.40786,2347682400
2009-04-20,4.3475,4.54286,4.23571,4.425,3361839600
2009-04-27,4.38929,4.56964,4.38071,4.54429,2290663200
2009-05-04,4.58,4.76786,4.50929,4.61393,2480892400
2009-05-11,4.54893,4.67714,4.26357,4.37214,2425505600
2009-05-18,4.41893,4.61821,4.34179,4.375,1925792400
2009-05-25,4.45571,4.85357,4.44821,4.85036,2227436400
2009-06-01,4.87393,5.22857,4.85714,5.16679,2657272800
2009-06-08,5.13643,5.16286,4.85857,4.89179,3385149600
2009-06-15,4.8575,4.98214,4.80464,4.98143,2775505600
2009-06-22,5.023929,5.12714,4.74571,5.087143,2855804000
2009-06-29,5.12357,5.16643,4.9925,5.00071383,1786498000
2009-07-06,4.95357,4.98857,4.80071,4.94714,2324515200
2009-07-13,4.98357,5.42929,4.91179,5.41964,2312060800
2009-07-20,5.47393,5.71429,5.34821,5.71393,3449737200
2009-07-27,5.72036,5.89286,5.61643,5.83536,2071165600
2009-08-03,5.90036,5.97821,5.82464,5.91107,1942206000
2009-08-10,5.91643,6.023929,5.78143,5.95643,1846504800
2009-08-17,5.84107,6.048929,5.69357,6.043571,2126910800
2009-08-24,6.075714,6.16036,5.88679,6.073214,1938165600
2009-08-31,6.0057139,6.096429,5.86107,6.0825,1813198800
2009-09-07,6.17786,6.23107,6.060714,6.14857,1966230000
2009-09-14,6.10107,6.67107,6.080357,6.60786,2914660000
2009-09-21,6.58179,6.74643,6.48,6.51321,2384152400
2009-09-28,6.56679,6.69286,6.45357,6.60357,2300435200
2009-10-05,6.65,6.8375,6.58107,6.8025,2225370000
2009-10-12,6.82214,6.86857,6.70857,6.71607,1816539200
2009-10-19,6.70893,7.45393,6.62679,7.28357,4489175600
2009-10-26,7.27393,7.38393,6.72036,6.73214,3347072400
2009-11-02,6.77857,6.97107,6.6275,6.94071,2368954000
2009-11-09,7.033571,7.32143,7.0092859,7.30179,2080892800
2009-11-16,7.33857,7.42857,7.062857,7.14,2205033600
2009-11-23,7.25,7.35714,7.084643,7.16393,1375046400
2009-11-30,7.1825,7.24179,6.79571,6.90429,2881485600
2009-12-07,6.90429,7.13214,6.73857,6.9525,3009384000
2009-12-14,6.9775,7.053929,6.82143,6.97964,2265844000
2009-12-21,7.0017862,7.47679,6.98821,7.46571,1807836800
2009-12-28,7.56143,7.64107,7.43964,7.52607,1854266400
2010-01-04,7.6225,7.69964,7.46607,7.57071,2572536400
2010-01-11,7.6,7.60714,7.28929,7.35464,2689542800
2010-01-18,7.44036,7.69821,7.041429,7.0625,2832082400
2010-01-25,7.2325,7.6325,6.79464,6.85929,7074832800
2010-02-01,6.87036,7.15,6.81607,6.98071,3671505600
2010-02-08,6.98893,7.20143,6.92857,7.15643,2687333600
2010-02-15,7.21214,7.29679,7.17357,7.2025,1818429200
2010-02-22,7.22643,7.3275,6.98964,7.30786,2598811600
2010-03-01,7.34821,7.84643,7.3375,7.81964,2754354400
2010-03-08,7.8575,8.13321,7.78179,8.092857,2768390800
2010-03-15,8.049286,8.0875,7.86607,7.9375,2292922800
2010-03-22,7.87393,8.28393,7.8625,8.24643,2839790800
2010-03-29,8.32143,8.52607,8.27214,8.4275,2101859200
2010-04-05,8.39214,8.64,8.38464,8.63536,2667198800
2010-04-12,8.65,8.96929,8.61107,8.83571,2170644000
2010-04-19,8.8225,9.72071,8.63464,9.6725,3878022400
2010-04-26,9.71,9.73071,9.1575,9.32464,3048119200
2010-05-03,9.42286,9.56714,7.11607,8.42357,5023144000
2010-05-10,8.9375,9.46429,8.87607,9.065,3846668000
2010-05-17,9.096429,9.23393,8.2625,8.65429,5078046400
2010-05-24,8.83143,9.26429,8.47,9.17429,4134796400
2010-05-31,9.27464,9.49786,9.093929,9.14143,2973432000
2010-06-07,9.22464,9.25536,8.65,9.053929,4064457600
2010-06-14,9.14143,9.82143,9.071786,9.78821,3629189200
2010-06-21,9.9175,9.96464,9.49321,9.525,3526429200
2010-06-28,9.53321,9.63393,8.68571,8.81929,4174483600
2010-07-05,8.96429,9.38929,8.79143,9.27214,2441258400
2010-07-12,9.23321,9.35179,8.80107,8.925,4430574400
2010-07-19,8.92429,9.46964,8.55714,9.28357,4463807600
2010-07-26,9.28571,9.49964,9.10357,9.1875,2617325200
2010-08-02,9.30143,9.43857,9.20107,9.28893,2000079200
2010-08-09,9.33857,9.3625,8.79,8.89643,2264892000
2010-08-16,8.84214,9.095357,8.80786,8.91571,1891702400
2010-08-23,8.9925,9.0,8.41286,8.62929,2628371200
2010-08-30,8.59857,9.24214,8.58393,9.24179,2437330000
2010-09-06,9.16571,9.51857,9.15179,9.4075,1695226400
2010-09-13,9.49357,9.92714,9.48286,9.83464,2512879600
2010-09-20,9.86,10.48321,9.85179,10.44,3347646400
2010-09-27,10.49929,10.52607,9.82143,10.09,3109055600
2010-10-04,10.057143,10.51786,9.92036,10.5025,2674940800
2010-10-11,10.52643,11.25,10.44607,11.24071,2973880000
2010-10-18,11.37393,11.39286,10.715,10.98107,3971657200
2010-10-25,11.038929,11.12857,10.74536,10.74929,2165956800
2010-11-01,10.79357,11.435,10.79286,11.32607,2369908800
2010-11-08,11.32857,11.475,10.84393,11.001071,2206660400
2010-11-15,11.016429,11.090714,10.63429,10.95464,2420040000
2010-11-22,10.95286,11.34643,10.92393,11.25,1563833600
2010-11-29,11.26786,11.39286,11.1025,11.33714,2214324000
2010-12-06,11.38,11.57107,11.32536,11.44857,1718533600
2010-12-13,11.58464,11.60929,11.39286,11.45036,1917095600
2010-12-20,11.48571,11.63286,11.36536,11.55714,1131043200
2010-12-27,11.53036,11.66643,11.47536,11.52,939881600
2011-01-03,11.63,12.0125,11.60143,12.0042858,1622098800
2011-01-10,12.10107,12.44571,12.041786,12.44571,1800878800
2011-01-17,11.76857,12.45,11.64286,11.66857,4535801200
2011-01-24,11.67393,12.34286,11.66857,12.0035706,2505510000
2011-01-31,11.99286,12.38214,11.93929,12.375,1778473200
2011-02-07,12.42464,12.85714,12.41571,12.74464,2644930400
2011-02-14,12.7425,13.032143,12.48286,12.52,2422389200
2011-02-21,12.21964,12.44393,12.061429,12.43429,2424329600
2011-02-28,12.54429,12.8675,12.41714,12.85714,2415856800
2011-03-07,12.90714,12.91679,12.31786,12.57107,2334365600
2011-03-14,12.61357,12.73143,11.65214,11.80964,3731686000
2011-03-21,11.99964,12.57357,11.97357,12.555,1961943200
2011-03-28,12.6125,12.65429,12.26071,12.30571,1684342800
2011-04-04,12.29679,12.30714,11.92679,11.96643,2096337600
2011-04-11,11.93071,12.0050001,11.67143,11.695,1926212400
2011-04-18,11.64643,12.68321,11.43429,12.525,2483754000
2011-04-25,12.51214,12.67821,12.34,12.50464,2328863600
2011-05-02,12.49071,12.56536,12.33929,12.38071,1761415600
2011-05-09,12.42357,12.5,12.15536,12.16071,1470954800
2011-05-16,12.11429,12.22893,11.81179,11.97214,1836024400
2011-05-23,11.78464,12.091429,11.765,12.050357,1425911200
2011-05-30,12.18214,12.57607,12.17857,12.26571,1624470400
2011-06-06,12.34643,12.39464,11.62536,11.63929,2034494000
2011-06-13,11.68571,11.90179,11.36893,11.43786,2188849600
2011-06-20,11.33429,11.89821,11.089286,11.65536,2524177600
2011-06-27,11.69964,12.26786,11.6875,12.25929,1744926400
2011-07-04,12.25,12.85714,12.23214,12.84679,1688976800
2011-07-11,12.72643,13.035714,12.45071,13.032857,2200923200
2011-07-18,13.051071,14.1525,13.045714,14.046429,3376402400
2011-07-25,13.94107,14.44643,13.71429,13.94571,2952331200
2011-08-01,14.20643,14.26786,12.94893,13.34357,4060882000
2011-08-08,12.9175,13.55857,12.60786,13.46393,4376019200
2011-08-15,13.55821,13.74893,12.71429,12.71536,3028678800
2011-08-22,13.018214,13.70714,12.68179,13.69929,3331241200
2011-08-29,13.86357,14.0028572,13.27964,13.35893,2128442400
2011-09-05,13.12036,13.87893,13.088571,13.48143,1841246400
2011-09-12,13.32143,14.30357,13.28214,14.30357,2559449200
2011-09-19,14.17857,15.10214,14.11429,14.43929,3720348800
2011-09-26,14.28071,14.61607,13.61357,13.61857,3073739200
2011-10-03,13.58464,13.74214,12.65143,13.20714,4037286400
2011-10-10,13.53893,15.071429,13.5075,15.071429,2670040800
2011-10-17,15.062143,15.23929,13.95536,14.031071,3842221600
2011-10-24,14.14929,14.60714,14.041071,14.4625,2206377600
2011-10-31,14.37214,14.61893,14.043571,14.29429,1988257600
2011-11-07,14.2825,14.57143,13.58071,13.73643,2627940000
2011-11-14,13.69714,13.96929,13.38857,13.39071,2064764800
2011-11-21,13.22857,13.4975,12.97571,12.98464,1540033600
2011-11-28,13.29821,14.058214,13.22143,13.91786,1894443600
2011-12-05,14.053214,14.1575,13.81286,14.057857,1618904000
2011-12-12,13.98857,14.12143,13.48857,13.60786,1724562000
2011-12-19,13.65964,14.41393,13.58857,14.40464,1307451600
2011-12-26,14.39643,14.61036,14.30393,14.46429,889378000
2012-01-02,14.62143,15.098214,14.60714,15.085714,1151805200
2012-01-09,15.19643,15.27679,14.95214,14.99321,1305914400
2012-01-16,15.15,15.40607,14.99107,15.010714,1195401200
2012-01-23,15.095357,16.23036,14.98393,15.97429,2435708800
2012-01-30,15.91821,16.42857,15.90679,16.41714,1514466800
2012-02-06,16.37071,17.77214,16.36429,17.62214,2489043200
2012-02-13,17.84036,18.79607,17.37964,17.93286,3964091600
2012-02-20,18.10286,18.675,18.0042858,18.6575,2071997200
2012-02-27,18.61821,19.57893,18.43857,19.47071,3214962800
2012-03-05,19.47929,19.56214,18.43643,19.47036,3353260400
2012-03-12,19.60643,21.42893,19.53571,20.91321,4502187200
2012-03-19,21.37036,21.77321,21.0375,21.2875,3416299600
2012-03-26,21.42107,22.19464,21.25929,21.4125,3197608400
2012-04-02,21.49393,22.66643,21.44214,22.63143,2647190000
2012-04-09,22.36179,23.0,21.55393,21.61536,3657858400
2012-04-16,21.78786,22.15179,20.37214,20.46357,4896550400
2012-04-23,20.37893,22.071428,19.82143,21.53571,3891246800
2012-04-30,21.35,21.37143,20.18464,20.1875,2465075200
2012-05-07,20.053572,20.56714,19.95464,20.23964,2170820400
2012-05-14,20.091785,20.26821,18.64929,18.94214,2839370800
2012-05-21,19.089287,20.58929,19.073214,20.081785,2735611200
2012-05-28,20.38929,20.76786,20.018572,20.035357,1922600400
2012-06-04,20.053572,20.735,19.58929,20.72571,2073948800
2012-06-11,20.99,21.017857,20.23929,20.50464,2001053600
2012-06-18,20.39143,21.071428,20.37036,20.78929,1771582400
2012-06-25,20.61786,20.85714,20.20036,20.85714,1488253200
2012-07-02,20.88321,21.94071,20.84286,21.63857,1545118400
2012-07-09,21.61786,22.13821,21.16714,21.60607,2100154000
2012-07-16,21.61143,21.97679,21.54107,21.58214,1681918000
2012-07-23,21.22857,21.77429,20.35714,20.89857,2740990000
2012-07-30,21.10429,22.070715,20.99357,21.98929,1903050800
2012-08-06,22.04607,22.32143,21.97357,22.20357,1253837200
2012-08-13,22.26393,23.14964,22.25893,23.14679,1573639200
2012-08-20,23.21464,24.10286,23.14679,23.68643,2848896400
2012-08-27,24.28536,24.31679,23.47321,23.75857,1538252800
2012-09-03,23.77714,24.37429,23.73214,24.30143,1425130000
2012-09-10,24.30179,24.89214,23.42857,24.68857,2903048400
2012-09-17,24.97679,25.18107,24.77214,25.0032139,2006566800
2012-09-24,24.53071,24.82571,23.58393,23.825,2864260000
2012-10-01,23.97,24.16964,23.2375,23.30679,2560600000
2012-10-08,23.10286,23.12714,22.26964,22.48964,2993043200
2012-10-15,22.58393,23.31393,21.77214,21.78,2592021600
2012-10-22,21.87214,22.69214,21.10714,21.57143,3487162000
2012-10-29,21.24571,21.53571,20.52679,20.6,1470674800
2012-11-05,20.84,21.097857,19.061428,19.53786,3683761200
2012-11-12,19.79107,19.80357,18.0625,18.84571,3582726000
2012-11-19,19.31107,20.42857,19.28143,20.41071,2111900000
2012-11-26,20.56786,21.22321,20.43786,20.90286,2590792400
2012-12-03,21.20179,21.23536,18.5225,19.044643,3930239600
2012-12-10,18.75,19.62714,18.056429,18.20679,3344812800
2012-12-17,18.17607,19.10357,17.90107,18.5475,2910619600
2012-12-24,18.58393,18.72321,18.023571,18.19964,1287588400
2012-12-31,18.23321,19.82143,18.17857,18.82143,2167309200
2013-01-07,18.64286,18.99607,18.4,18.58214,2302120800
2013-01-14,17.95286,18.24107,17.26357,17.85714,3228386000
2013-01-21,18.02,18.3925,15.53571,15.71,3991934800
2013-01-28,15.63679,16.52143,15.56643,16.20071,2632649600
2013-02-04,16.21107,17.10036,15.78571,16.96357,2981910400
2013-02-11,17.017857,17.31929,16.42571,16.43429,2348771600
2013-02-18,16.46786,16.52607,15.815,16.10036,1689923200
2013-02-25,16.20893,16.25429,15.35643,15.37393,2336392800
2013-03-04,15.27857,15.55107,14.96429,15.41857,2541394800
2013-03-11,15.34821,15.86536,15.18357,15.845,2293533200
2013-03-18,15.76607,16.50357,15.75714,16.49679,2219994000
2013-03-25,16.59607,16.78393,15.77214,15.80929,1569506400
2013-04-01,15.78214,15.84643,14.98857,15.11429,2024610000
2013-04-08,15.17321,15.6425,15.088929,15.35,1550348800
2013-04-15,15.25,15.28179,13.75357,13.9475,2843920800
2013-04-22,14.022857,14.95607,13.97393,14.9,3212745200
2013-04-29,15.016071,16.18679,15.0,16.070715,2621903200
2013-05-06,16.27536,16.63393,16.088572,16.1775,2186332400
2013-05-13,16.12536,16.35357,14.96071,15.47357,2536788800
2013-05-20,15.42536,16.012501,15.36071,15.89821,1979826800
2013-05-27,16.067858,16.325,15.69286,16.061787,1454544000
2013-06-03,16.0975,16.22964,15.45607,15.77893,1777140400
2013-06-10,15.88321,16.03857,15.30357,15.35893,1559191200
2013-06-17,15.40857,15.56071,14.575,14.76786,1603809200
2013-06-24,14.55,14.595,13.88821,14.16179,2078395200
2013-07-01,14.38179,15.1175,14.32929,14.90786,1375872400
2013-07-08,15.0039291,15.34964,14.65643,15.2325,1537984000
2013-07-15,15.17893,15.53107,15.14893,15.17679,1145046000
2013-07-22,15.33786,15.87821,14.95393,15.74964,1598774800
2013-07-29,15.74286,16.53036,15.72143,16.51929,1361472000
2013-08-05,16.59607,16.85321,16.20179,16.23036,1475213600
2013-08-12,16.31643,18.0089283,16.30821,17.94036,2855347600
2013-08-19,18.012142,18.34786,17.79286,17.89357,1672025600
2013-08-26,17.88393,18.22143,17.35714,17.40071,1574717200
2013-09-02,17.61071,17.93714,17.40536,17.79357,1272854800
2013-09-09,18.035713,18.14,16.59643,16.60357,2685466000
2013-09-16,16.46429,17.09107,15.97214,16.69321,2503793600
2013-09-23,17.71786,17.74679,17.16857,17.24107,1908670400
2013-09-30,17.044643,17.58393,16.94321,17.25107,1484845600
2013-10-07,17.37714,17.63714,17.081429,17.60036,1451276400
2013-10-14,17.49393,18.18786,17.47679,18.17464,1377208000
2013-10-21,18.2775,19.043928,18.14393,18.78429,1968450400
2013-10-28,18.89429,19.25893,18.37643,18.5725,2090998000
2013-11-04,18.61071,18.88893,18.29929,18.59143,1275153600
2013-11-11,18.57107,18.90286,18.37179,18.74964,1229289600
2013-11-18,18.74964,18.82821,18.34536,18.56429,1133552000
2013-11-25,18.60786,19.94036,18.60714,19.85964,1312270400
2013-12-02,19.92857,20.54071,19.67214,20.00071335,2093254800
2013-12-09,20.032143,20.39179,19.77393,19.80107,1553594000
2013-12-16,19.82214,20.094286,19.24286,19.60786,1835080800
2013-12-23,20.28571,20.42429,19.98214,20.0032139,1098753600
2013-12-30,19.90929,20.045713,19.30107,19.32071,1103866400
2014-01-06,19.19464,19.53071,18.96821,19.033571,1572474400
2014-01-13,18.92536,20.007143,18.92429,19.30964,1758710800
2014-01-20,19.32107,19.90321,19.30071,19.5025,1541106000
2014-01-27,19.64536,19.81429,17.62679,17.87857,3266510800
2014-02-03,17.95036,18.67607,17.83214,18.56,1734535600
2014-02-10,18.52357,19.49929,18.5,19.42821,1516239200
2014-02-17,19.5,19.68536,18.73571,18.75893,1158662400
2014-02-24,18.68393,19.026787,18.41429,18.79429,1470929600
2014-03-03,18.69357,19.098213,18.67179,18.94429,1104202400
2014-03-10,18.87,19.27357,18.67857,18.73893,1152076800
2014-03-17,18.84643,19.15143,18.75714,19.031071,1216392800
2014-03-24,19.22929,19.60714,19.080357,19.17357,1360357600
2014-03-31,19.25821,19.41,18.94929,18.99357,987445200
2014-04-07,18.85786,19.0085716,18.46929,18.5575,1251278000
2014-04-14,18.63929,18.84857,18.26179,18.74786,971264000
2014-04-21,18.76214,20.42821,18.71286,20.42643,1930238800
2014-04-28,20.45714,21.40821,20.44821,21.16357,1899066400
2014-05-05,21.076429,21.58607,20.72607,20.91214,1466390800
2014-05-12,20.98179,21.34036,20.90714,21.33964,1046452400
2014-05-19,21.35179,21.95464,21.33321,21.93321,1182420400
2014-05-26,21.99571,23.0060711,21.98679,22.60714,1604842400
2014-06-02,22.64143,23.25929,22.23214,23.05607,1651286000
2014-06-09,23.175,23.7625,22.72,22.82,1172588000
2014-06-16,22.8775,23.1875,22.725,22.7275,940908000
2014-06-23,22.83,23.0,22.4125,22.995,865028000
2014-06-30,23.025,23.525,23.022499,23.5075,556248400
2014-07-07,23.535,24.2,23.38,23.805,927320000
2014-07-14,23.965,24.275,23.1425,23.6075,995880800
2014-07-21,23.7475,24.47,23.43,24.4175,1105568000
2014-07-28,24.455,24.86,23.7025,24.032499,947300000
2014-08-04,24.092501,24.145,23.32,23.685,892100000
2014-08-11,23.8175,24.5475,23.71,24.495,717452000
2014-08-18,24.6225,25.3675,24.495,25.33,989328000
2014-08-25,25.4475,25.725,25.175,25.625,955384000
2014-09-01,25.765,25.935,24.4475,24.7425,1292640000
2014-09-08,24.825,25.77,24.035,25.415,1848207200
2014-09-15,25.7025,25.7625,24.7225,25.24,1189411600
2014-09-22,25.45,25.735,24.43,25.1875,1355299600
2014-09-29,24.6625,25.385,24.51,24.905,990996400
2014-10-06,24.9875,25.595,24.5775,25.1825,1121032800
2014-10-13,25.3325,25.445,23.795,24.4175,1434159200
2014-10-20,24.58,26.3725,24.555,26.305,1434131600
2014-10-27,26.2125,27.01,26.175,27.0,880922400
2014-11-03,27.055,27.575,26.93,27.2525,799811600
2014-11-10,27.255,28.5475,27.1,28.545,820666800
2014-11-17,28.5675,29.3925,28.325,29.1175,933658800
2014-11-24,29.2125,29.9375,29.155,29.7325,727495600
2014-12-01,29.7025,29.8125,27.8175,28.75,1066358800
2014-12-08,28.525,28.7125,27.3375,27.4325,1039472000
2014-12-15,27.675,28.31,26.565,27.945,1315426400
2014-12-22,28.040001,28.63,27.9925,28.4975,477586000
2014-12-29,28.4475,28.6925,26.8375,27.3325,608353600
2015-01-05,27.0725,28.3125,26.1575,28.0025005,1133010000
2015-01-12,28.15,28.2,26.3,26.4975,1216906400
2015-01-19,26.96,28.4375,26.625,28.245,794948000
2015-01-26,28.435,30.0,27.2575,29.29,1863370800
2015-02-02,29.5125,30.1275,29.02,29.7325,1083029200
2015-02-09,29.6375,31.87,29.6075,31.77,1212827200
2015-02-16,31.8725,32.375,31.73,32.375,777419600
2015-02-23,32.505,33.4,31.6525,32.115,1472864800
2015-03-02,32.3125,32.57,31.44,31.65,987754000
2015-03-09,31.99,32.3925,30.4075,30.8975,1306056400
2015-03-16,30.97,32.3125,30.7175,31.475,1066691600
2015-03-23,31.78,32.0099983,30.65,30.8125,837305200
2015-03-30,31.012501,31.6225,30.775,31.33,648127200
2015-04-06,31.1175,32.029999,31.0825,31.775,728830000
2015-04-13,32.092499,32.1425,31.115,31.1875,684744400
2015-04-20,31.3925,32.6575,31.2925,32.57,829762800
2015-04-27,33.077499,33.635,31.145,32.2375,1683889200
2015-05-04,32.375,32.6425,30.84,31.905,1087568000
2015-05-11,31.8475,32.3725,31.205,32.1925,833206000
2015-05-18,32.095001,33.2425,32.09,33.135,869189600
2015-05-25,33.15,33.2275,32.28,32.57,792594400
2015-06-01,32.57,32.8475,32.09,32.1625,683363200
2015-06-08,32.225,32.545,31.405,31.7925,880458400
2015-06-15,31.525,32.077499,31.4275,31.65,794100800
2015-06-22,31.8725,32.45,31.6275,31.6875,782376000
2015-06-29,31.365,31.735,31.12,31.61,603927600
2015-07-06,31.235,31.5575,29.805,30.82,1102873200
2015-07-13,31.2575,32.405,31.08,32.405,756979600
2015-07-20,32.7425,33.2425,30.4975,31.125,1377076000
2015-07-27,30.7725,30.9775,30.2275,30.325,766394400
2015-08-03,30.375,30.6425,28.025,28.88,1540002400
2015-08-10,29.1325,29.9975,27.4075,28.99,1378868800
2015-08-17,29.01,29.4125,26.4125,26.44,1282036000
2015-08-24,23.7175,28.3275,23.0,28.3225,2001452000
2015-08-31,28.0074997,28.6325,26.84,27.3175,1192776800
2015-09-07,27.9375,28.5525,27.4425,28.5525,1010650800
2015-09-14,29.145,29.2225,27.9675,28.3625,1109104000
2015-09-21,28.4175,29.1725,28.092501,28.6775,970785200
2015-09-28,28.4625,28.6425,26.8275,27.595,1255585200
2015-10-05,27.47,28.07,27.0525,28.030001,1047091200
2015-10-12,28.1825,28.1875,27.39,27.76,739540000
2015-10-19,27.7,29.8075,27.5275,29.77,886172800
2015-10-26,29.52,30.305,28.4975,29.875,1289448800
2015-11-02,30.2,30.955,29.9025,30.265,780813600
2015-11-09,30.24,30.4525,28.067499,28.084999,866221200
2015-11-16,27.845,29.98,27.75,29.825,759924800
2015-11-23,29.8175,29.9325,29.28,29.4525,438881600
2015-11-30,29.4975,29.8525,28.555,29.7575,827063200
2015-12-07,29.745,29.965,28.2125,28.295,755416000
2015-12-14,28.045,28.2,26.4525,26.5075,1260425600
2015-12-21,26.82,27.25,26.3925,27.0074997,506431200
2015-12-28,26.8975,27.3575,26.205,26.315,495046000
2016-01-04,25.6525,26.4625,24.1075,24.24,1375160800
2016-01-11,24.7425,25.2975,23.84,24.2825,1217348800
2016-01-18,24.6025,25.365,23.355,25.355,973536400
2016-01-25,25.38,25.3825,23.0975,24.335,1521346000
2016-02-01,24.1175,24.3325,23.4225,23.505,868619200
2016-02-08,23.2825,24.0875,23.1475,23.4975,924489200
2016-02-15,23.755,24.7225,23.6525,24.01,673265200
2016-02-22,24.077499,24.505,23.33,24.2275,636211600
2016-02-29,24.215,25.9375,24.1625,25.7525,807215200
2016-03-07,25.5975,25.7075,25.0375,25.565,622057200
2016-03-14,25.4775,26.625,25.445,26.48,728292800
2016-03-21,26.4825,26.9125,26.2225,26.4175,479134400
2016-03-28,26.5,27.605,26.22,27.4975,591860000
2016-04-04,27.605,28.047501,27.030001,27.165,582890400
2016-04-11,27.2425,28.0975,27.165,27.4625,649240000
2016-04-18,27.2225,27.2375,26.155,26.42,756212000
2016-04-25,26.25,26.4125,23.1275,23.435,1397696400
2016-05-02,23.4925,23.975,22.9625,23.18,902429200
2016-05-09,23.25,23.4425,22.3675,22.63,864199200
2016-05-16,23.0975,23.8575,22.9125,23.805,850828800
2016-05-23,23.9675,25.1825,23.9175,25.0875,816000000
2016-05-30,24.9,25.1,24.1575,24.48,560708000
2016-06-06,24.4975,25.4725,24.3875,24.7075,499457600
2016-06-13,24.6725,24.78,23.825,23.8325,766930400
2016-06-20,24.0,24.2225,23.1625,23.35,826916000
2016-06-27,23.25,24.1175,22.875,23.9725,737313600
2016-07-04,23.8475,24.2225,23.5925,24.17,450824000
2016-07-11,24.1875,24.825,24.1825,24.695,571642400
2016-07-18,24.675,25.25,24.5775,24.665,590262000
2016-07-25,24.5625,26.1375,24.105,26.0525,1026284000
2016-08-01,26.1025,26.9125,26.0,26.87,680596800
2016-08-08,26.88,27.235,26.79,27.045,498023200
2016-08-15,27.035,27.5575,27.02,27.34,529485600
2016-08-22,27.215,27.33,26.5775,26.735,494422000
2016-08-29,26.655,27.0,26.375,26.9325,532002400
2016-09-05,26.975,27.19,25.7825,25.7825,675214800
2016-09-12,25.6625,29.032499,25.6325,28.73,1552912800
2016-09-19,28.7975,29.045,27.8875,28.1775,804382800
2016-09-26,27.91,28.66,27.8875,28.2625,625536000
2016-10-03,28.1775,28.64,28.07,28.515,504117600
2016-10-10,28.755,29.6725,28.68,29.4075,834833600
2016-10-17,29.3325,29.5525,28.45,29.15,462126000
2016-10-24,29.275,29.59,28.3275,28.43,840902400
2016-10-31,28.4125,28.5575,27.0275,27.21,625386000
2016-11-07,27.52,27.93,26.4575,27.1075,829076000
2016-11-14,26.9275,27.635,26.02,27.515,793365600
2016-11-21,27.53,28.105,27.5025,27.9475,376529600
2016-11-28,27.8575,28.1175,27.2125,27.475,622000000
2016-12-05,27.5,28.675,27.0625,28.4875,607958400
2016-12-12,28.3225,29.1825,28.1225,28.9925,780062400
2016-12-19,28.95,29.375,28.8975,29.13,453292000
2016-12-26,29.13,29.505,28.8575,28.955,339314400
2017-01-02,28.95,29.54,28.69,29.4775,415382000
2017-01-09,29.4875,29.9825,29.485,29.76,555242800
2017-01-16,29.585,30.125,29.555,30.0,465392000
2017-01-23,30.0,30.61,29.875,30.4875,498157200
2017-01-30,30.2325,32.6225,30.155,32.27,999124800
2017-02-06,32.2825,33.235,32.225,33.029999,545796800
2017-02-13,33.27,34.067501,33.1875,33.93,546670000
2017-02-20,34.057499,34.37,33.82,34.165,351635600
2017-02-27,34.285,35.07,34.07,34.945,509896000
2017-03-06,34.8425,34.995,34.2625,34.785,398688800
2017-03-13,34.7125,35.255,34.705,34.9975,486158400
2017-03-20,35.099998,35.7,34.9325,35.16,518696000
2017-03-27,34.8475,36.125,34.655,35.915,508035600
2017-04-03,35.9275,36.365,35.7625,35.835,421664800
2017-04-10,35.9,35.97,35.014999,35.2625,349942800
2017-04-17,35.37,35.73,35.1125,35.5675,356994000
2017-04-24,35.875,36.225,35.795,35.9125,364614800
2017-05-01,36.275,37.245,36.067501,37.24,701406800
2017-05-08,37.2575,39.105,37.2575,39.025002,693882400
2017-05-15,39.0024986,39.1625,37.4275,38.265,629419600
2017-05-22,38.5,38.725,38.1675,38.4025,412906000
2017-05-29,38.355,38.8625,38.055,38.8625,355011600
2017-06-05,38.585,38.995,36.505,37.245,636638800
2017-06-12,36.435,36.875,35.55,35.5675,882121600
2017-06-19,35.915,36.79,35.915,36.57,533012000
2017-06-26,36.7925,37.07,35.57,36.0050011,508240800
2017-07-03,36.22,36.325,35.6025,36.044998,316711600
2017-07-10,36.0275,37.3325,35.8425,37.26,444353600
2017-07-17,37.205,37.935,37.1425,37.5675,424326400
2017-07-24,37.645,38.4975,36.825,37.375,423272400
2017-07-31,37.475,39.9375,37.032501,39.0975,691234000
2017-08-07,39.265,40.4575,38.6575,39.37,605076400
2017-08-14,39.83,40.6275,39.18,39.375,538514000
2017-08-21,39.375,40.185,38.7775,39.965,450684800
2017-08-28,40.035,41.235,39.9825,41.012501,504514800
2017-09-04,40.9375,41.0625,39.6325,39.6575,406640800
2017-09-11,40.125,40.99,39.4775,39.97,884310000
2017-09-18,40.0275,40.125,37.64,37.9725,744754000
2017-09-25,37.4975,38.68,37.29,38.53,619427200
2017-10-02,38.565,38.8725,38.115,38.825,375137200
2017-10-09,38.9525,39.5,38.775,39.2475,325219200
2017-10-16,39.475,40.2175,38.755,39.0625,504205200
2017-10-23,39.2225,40.9,38.8175,40.7625,489613200
2017-10-30,40.9725,43.565,40.93,43.125,860709600
2017-11-06,43.092499,44.060001,42.93,43.6675,553701600
2017-11-13,43.375,43.625,42.095001,42.5375,465838800
2017-11-20,42.5725,43.875,42.39,43.7425,324037200
2017-11-27,43.7625,43.77,41.79,42.7625,680394000
2017-12-04,43.12,43.155,41.615,42.3425,549924400
2017-12-11,42.3,43.5425,42.1975,43.4925,556588800
2017-12-18,43.72,44.3,43.3125,43.7525,470529600
2017-12-25,42.7,42.9625,42.305,42.3075,388655200
2018-01-01,42.54,43.8425,42.315,43.75,404673600
2018-01-08,43.5875,44.34,43.25,44.2725,440790000
2018-01-15,44.475,45.025002,43.7675,44.615,510284800
2018-01-22,44.325,44.86,42.515,42.8775,766299200
2018-01-29,42.54,42.54,40.025002,40.125,1051968400
2018-02-05,39.775,40.97,37.56,39.1025,1270616000
2018-02-12,39.625,43.705,39.3775,43.1075,901347600
2018-02-19,43.012501,43.9125,42.7525,43.875,544825600
2018-02-26,44.087502,45.155,43.1125,44.052502,808513600
2018-03-05,43.8025,45.0,43.5675,44.995,559410800
2018-03-12,45.072498,45.875,44.405,44.505,621670000
2018-03-19,44.33,44.3675,41.235,41.235,690682800
2018-03-26,42.017502,43.7875,41.2975,41.945,634123200
2018-04-02,41.66,43.5575,41.1175,42.095001,657635200
2018-04-09,42.47,43.96,42.4625,43.6825,511486000
2018-04-16,43.7575,44.735,41.3575,41.43,676952800
2018-04-23,41.7075,41.73,40.1575,40.58,648833600
2018-04-30,40.5325,46.0625,40.46,45.9575,1011222800
2018-05-07,46.295,47.5925,45.9175,47.1475,593067600
2018-05-14,47.2525,47.3825,46.275,46.5775,396995200
2018-05-21,47.0,47.4125,46.44,47.145,377579600
2018-05-28,46.9,47.565,46.535,47.56,368519600
2018-06-04,47.91,48.55,47.4425,47.925,467079200
2018-06-11,47.8375,48.22,47.064999,47.21,560749200
2018-06-18,46.97,47.305,45.8625,46.23,502417600
2018-06-25,45.85,46.82,45.1825,46.2775,486482000
2018-07-02,45.955,47.1075,45.855,46.9925,263102000
2018-07-09,47.375,47.96,46.9025,47.8325,340328800
2018-07-16,47.88,48.1625,47.3,47.86,351736000
2018-07-23,47.67,48.99,47.39,47.745,377988800
2018-07-30,47.975,52.185,47.2675,51.9975,896758400
2018-08-06,52.0,52.445,51.13,51.8825,486568400
2018-08-13,52.3275,54.4875,51.925,54.395,557495600
2018-08-20,54.525,54.795,53.46,54.040001,451300800
2018-08-27,54.2875,57.2175,54.0825,56.9075,650762400
2018-09-03,57.1025,57.4175,55.1775,55.325,530531600
2018-09-10,55.2375,57.087502,54.1175,55.96,792999600
2018-09-17,55.5375,55.7375,53.825,54.415,874984400
2018-09-24,54.205,56.61,54.1575,56.435,517372400
2018-10-01,56.9875,58.3675,55.145,56.072498,570665200
2018-10-08,55.5525,56.8175,53.080002,55.5275,768031200
2018-10-15,55.29,55.7475,53.25,54.8275,594081600
2018-10-22,54.9475,56.057499,53.1675,54.075001,742398400
2018-10-29,54.7975,55.59,51.3575,51.87,1082425200
2018-11-05,51.075001,52.53,49.5425,51.1175,764797600
2018-11-12,49.75,49.9625,46.4825,48.3825,968906000
2018-11-19,47.5,47.675,43.025002,43.072498,657994800
2018-11-26,43.56,45.7,42.565,44.645,854999600
2018-12-03,46.115,46.235,42.075001,42.1225,670107200
2018-12-10,41.25,43.1425,40.8325,41.37,870150800
2018-12-17,41.3625,42.087502,37.4075,37.6825,1150777200
2018-12-24,37.037498,39.63,36.6475,39.057499,764640800
2018-12-31,39.6325,39.84,35.5,37.064999,887850000
2019-01-07,37.175,38.6325,36.475,38.072498,814824400
2019-01-14,37.7125,39.47,37.305,39.205,621168000
2019-01-21,39.1025,39.5325,37.925,39.44,450006400
2019-01-28,38.9475,42.25,38.415,41.63,809187200
2019-02-04,41.8525,43.8925,41.82,42.6025,605593600
2019-02-11,42.7625,43.12,42.3125,42.605,448918400
2019-02-18,42.4275,43.33,42.3725,43.2425,325000400
2019-02-25,43.54,43.9675,43.1825,43.7425,483522400
2019-03-04,43.9225,44.4375,42.375,43.2275,467119200
2019-03-11,43.8725,46.8325,43.8375,46.53,632534000
2019-03-18,46.45,49.4225,46.1825,47.7625,729373200
2019-03-25,47.8775,48.22,46.145,47.4875,671354400
2019-04-01,47.91,49.275,47.095001,49.25,446161600
2019-04-08,49.105,50.7125,49.052502,49.7175,528026800
2019-04-15,49.645,51.037498,49.5025,50.965,385342400
2019-04-22,50.7075,52.12,50.53,51.075001,389981600
2019-04-29,51.099998,53.8275,49.7775,52.9375,745822400
2019-05-06,51.072498,52.21,48.1925,49.295,694654400
2019-05-13,46.9275,48.1175,45.7125,47.25,745662000
2019-05-20,45.88,47.0,44.4525,44.7425,627880400
2019-05-27,44.73,45.1475,43.7475,43.7675,418765600
2019-06-03,43.9,47.98,42.5675,47.5375,617392800
2019-06-10,47.9525,49.1975,47.575,48.185,447372400
2019-06-17,48.225,50.2125,48.0425,49.695,526635600
2019-06-24,49.635,50.3925,48.8225,49.48,469474000
2019-07-01,50.7925,51.27,50.1625,51.057499,291262800
2019-07-08,50.2025,51.0975,49.6025,50.825,406402800
2019-07-15,51.022499,51.625,50.59,50.6475,349566400
2019-07-22,50.9125,52.4325,50.9025,51.935,348612800
2019-07-29,52.115,55.3425,50.4075,51.0050011,879082000
2019-08-05,49.4975,50.8825,48.145,50.2475,692845600
2019-08-12,49.905,53.035,49.7875,51.625,644382400
2019-08-19,52.655,53.61,50.25,50.66,567620000
2019-08-26,51.465,52.6125,50.83,52.185,439958400
2019-09-02,51.6075,53.605,51.055,53.315,329948400
2019-09-09,53.71,56.605,52.7675,54.6875,701467600
2019-09-16,54.4325,55.94,54.3675,54.4325,569162000
2019-09-23,54.7375,55.6225,54.285,54.705,465780800
2019-09-30,55.225,57.055,53.7825,56.7525,634486800
2019-10-07,56.5675,59.41,56.0825,59.052502,588705600
2019-10-14,58.725,59.5325,58.3,59.1025,422709600
2019-10-21,59.38,61.6825,59.33,61.645,388122000
2019-10-28,61.855,63.9825,59.315,63.955,654221600
2019-11-04,64.3325,65.11,63.8425,65.035004,423960800
2019-11-11,64.575,66.445,64.57,66.44,461333600
2019-11-18,66.45,67.0,65.099998,65.445,455825200
2019-11-25,65.6775,67.0,65.625,66.8125,301081200
2019-12-02,66.8175,67.75,64.072502,67.6775,456599200
2019-12-09,67.5,68.825,66.2275,68.7875,568117600
2019-12-16,69.25,70.6625,69.245,69.86,732720000
2019-12-23,70.1325,73.4925,70.092499,72.45,386438000
2019-12-30,72.365,75.15,71.305,74.3575,526723200
2020-01-06,73.4475,78.1675,73.1875,77.5825,670091600
2020-01-13,77.91,79.685,77.3875,79.6825,652055600
2020-01-20,79.2975,80.8325,78.9125,79.5775,463685200
2020-01-27,77.515,81.9625,76.22,77.3775,866734800
2020-02-03,76.074997,81.305,75.555,80.0074997,652341200
2020-02-10,78.545,81.805,78.4625,81.2375,492263600
2020-02-17,78.84,81.1625,77.625,78.2625,476635200
2020-02-24,74.315,76.044998,64.092499,68.34,1398039200
2020-03-02,70.57,76.0,69.43,72.2575,1293800800
2020-03-09,65.9375,71.61,62.0,69.4925,1616839600
2020-03-16,60.4875,64.77,57.0,57.31,1620263600
2020-03-23,57.02,64.67,53.1525,61.935,1384190000
2020-03-30,62.685,65.6225,59.225,60.3525,837010800
2020-04-06,62.725,67.925,62.345,66.9975,735437600
2020-04-13,67.077499,72.0625,66.4575,70.7,829547200
2020-04-20,69.4875,70.7525,66.3575,70.7425,678844800
2020-04-27,70.45,74.75,69.55,72.2675,790054000
2020-05-04,72.2925,77.5875,71.58,77.5325,672706400
2020-05-11,77.025002,79.9225,75.052498,76.9275,834147600
2020-05-18,78.2925,80.2225,77.58,79.7225,532904800
2020-05-25,80.875,81.059998,78.2725,79.485,525560400
2020-06-01,79.4375,82.9375,79.3025,82.875,497736000
2020-06-08,82.5625,88.6925,81.83,84.7,811826800
2020-06-15,83.3125,89.14,83.145,87.43,779940400
2020-06-22,87.835,93.095001,87.7875,88.4075,883003200
2020-06-29,88.3125,92.6175,87.82,91.027496,495648000
2020-07-06,92.5,96.3175,92.4675,95.92,564072000
2020-07-13,97.265,99.955,93.8775,96.3275,718600800
2020-07-20,96.4175,99.25,89.145,92.615,665196000
2020-07-27,93.71,106.415,93.2475,106.26,847635600
2020-08-03,108.2,114.4125,107.8925,111.1125,1003474000
2020-08-10,112.6,116.042503,109.1075,114.9075,941551200
2020-08-17,116.0625,124.8675,113.9625,124.37,835695200
2020-08-24,128.69749,128.785,123.052498,124.8075,1063638000
2020-08-31,127.58,137.98,110.89,120.96,1167976600
2020-09-07,113.95,120.5,110.0,112.0,771441800
2020-09-14,114.72,118.83,106.089996,106.84,944587000
2020-09-21,104.54,112.86,103.099998,112.28,847212600
2020-09-28,115.010002,117.72,112.22,113.019997,640562200
2020-10-05,113.91,117.0,112.25,116.97,548575100
2020-10-12,120.059998,125.39,118.15,119.019997,881222300
2020-10-19,119.96,120.42,114.28,115.040001,519569600
2020-10-26,114.010002,117.28,107.72,108.86,684467100
2020-11-02,109.11,119.62,107.32,118.69,609571800
2020-11-09,120.5,121.99,114.13,119.26,589577900
2020-11-16,118.92,120.99,116.81,117.34,389493400
2020-11-23,117.18,117.62,112.59,116.59,365024000
2020-11-30,116.97,123.78,116.81,122.25,543370600
2020-12-07,122.31,125.95,120.15,122.41,452278700
2020-12-14,122.6,129.58,121.54,126.66,621538100
2020-12-21,125.019997,134.41,123.45,131.97,433310200
2020-12-28,133.99001,138.78999,131.72,132.69,441102200
2021-01-04,133.52,133.61,126.38,132.050003,610791200
2021-01-11,129.19,131.45,126.86,127.14,482792700
2021-01-18,127.78,139.85001,126.94,139.070007,429687100
2021-01-25,143.070007,145.089996,130.21001,131.96001,716991000
2021-02-01,133.75,137.42,130.92999,136.75999,439303000
2021-02-08,136.029999,137.88,133.69,135.37,345543100
2021-02-15,135.49001,136.0099945,127.41,129.87,363020300
2021-02-22,128.0099945,129.72,118.39,121.26,685989200
2021-03-01,123.75,128.72,117.57,121.42,663456700
2021-03-08,120.93,123.21,116.21,121.029999,586977300
2021-03-15,121.41,127.22,119.68,119.99,626343500
2021-03-22,120.33,124.24,118.92,121.21,488825800
2021-03-29,121.65,124.18,118.86,123.0,359904000
2021-04-05,123.87,133.039993,123.07,133.0,447820500
2021-04-12,132.52,135.0,130.63,134.16,444178800
2021-04-19,133.50999,135.53,131.3,134.32001,421147600
2021-04-26,134.83,137.070007,131.070007,131.46001,501621500
2021-05-03,132.039993,134.070007,126.7,130.21001,453802300
2021-05-10,129.41,129.53999,122.25,127.45,514165600
2021-05-17,126.82,128.0,122.86,125.43,386352000
2021-05-24,126.010002,128.32001,124.55,124.61,357615000
2021-05-31,125.080002,126.16,123.13,125.89,278314500
2021-06-07,126.17,128.46001,124.83,127.35,327048100
2021-06-14,127.82,132.55,127.07,130.46001,457142800
2021-06-21,130.3,134.64,129.21001,133.11,354155800
2021-06-28,133.41,140.0,133.35001,139.96001,321267200
2021-07-05,140.070007,145.64999,140.070007,145.11,418559700
2021-07-12,146.21001,150.0,143.63,146.39,504249300
2021-07-19,143.75,148.72,141.67,148.56,441563700
2021-07-26,148.27,149.83,142.53999,145.86,423324000
2021-08-02,146.36,148.039993,145.17999,146.14,284559400
2021-08-09,146.2,149.44,145.3,149.10001,298082900
2021-08-16,148.53999,151.67999,144.5,148.19,429361600
2021-08-23,148.31,150.86,146.83,148.60001,272129100
2021-08-30,149.0,154.98,148.61,154.3,386647700
2021-09-06,154.97,157.25999,148.7,148.97,354897400
2021-09-13,150.63,151.42,145.75999,146.059998,492884800
2021-09-20,143.8,147.47,141.27,146.92,394033300
2021-09-27,145.47,145.96001,139.11,142.64999,441421300
2021-10-04,141.75999,144.22,138.27,142.89999,382910100
2021-10-11,142.27,144.89999,139.2,144.84,354098200
2021-10-18,143.45,150.17999,143.16,148.69,340691300
2021-10-25,148.67999,153.17,146.41,149.8,392740000
2021-11-01,148.99001,152.42999,147.8,151.28,324080300
2021-11-08,151.41,151.57001,147.48,149.99001,281799900
2021-11-15,150.37,161.020004,149.34,160.55,462419300
2021-11-22,161.67999,165.7,156.36,156.81,359933200
2021-11-29,159.37,170.3,157.8,161.84,669611100
2021-12-06,164.28999,179.63,164.28,179.45,569227700
2021-12-13,181.12,182.13,169.69,171.14,769299200
2021-12-20,168.28,176.85001,167.46001,176.28,359176900
2021-12-27,177.089996,181.33,177.070007,177.57001,340248100
2022-01-03,177.83,182.94,171.029999,172.17,481949000
2022-01-10,169.080002,177.17999,168.17,173.070007,422655700
2022-01-17,171.50999,172.53999,162.3,162.41,400041100
2022-01-24,160.020004,170.35001,154.7,170.33,688258600
2022-01-31,170.16,176.24001,169.50999,172.39,458553300
2022-02-07,172.86,176.64999,168.039993,168.64,412902000
2022-02-14,167.37,173.34,166.19,167.3,362252300
2022-02-21,164.98,166.69,152.0,164.85001,414293700
2022-02-28,163.059998,168.91,161.97,163.17,418671400
2022-03-07,163.36,165.020004,154.5,154.73,521334100
2022-03-14,151.45,164.48,150.10001,163.98,503123700
2022-03-21,163.50999,175.28,163.0099945,174.72,446083700
2022-03-28,172.17,179.61,171.94,174.31,465395100
2022-04-04,174.57001,178.49001,169.2,170.089996,393099200
2022-04-11,168.71001,171.27,165.039993,165.28999,297460200
2022-04-18,163.92,171.53,161.5,161.78999,376787700
2022-04-25,161.12,166.2,155.38,157.64999,541697200
2022-05-02,156.71001,166.48,153.27,157.28,566928200
2022-05-09,154.92999,156.74001,138.8,147.11,686227300
2022-05-16,145.55,149.77,132.61,137.59,548244700
2022-05-23,137.78999,149.67999,137.14,149.64,495921700
2022-05-30,149.070007,151.74001,144.46001,145.38,338923400
2022-06-06,147.029999,149.87,137.059998,137.13,354267700
2022-06-13,132.87,137.34,129.039993,131.56,541168600
2022-06-20,133.42,141.91,133.32001,141.66,315960300
2022-06-27,142.7,143.49001,133.77,138.92999,373549800
2022-07-04,137.77,147.55,136.92999,147.039993,278219600
2022-07-11,145.67,150.86,142.12,150.17,366316600
2022-07-18,150.74001,156.28,146.7,154.089996,360988700
2022-07-25,154.0099945,163.63,150.8,162.50999,370548900
2022-08-01,161.0099945,167.19,159.63,165.35001,322415000
2022-08-08,166.37,172.17,163.25,172.10001,318771500
2022-08-15,171.52,176.14999,171.31,171.52,322647200
2022-08-22,169.69,171.050003,163.56,163.62,307194600
2022-08-29,161.14999,162.89999,154.67,155.81,390399000
2022-09-05,156.47,157.82001,152.67999,157.37,314117000
2022-09-12,159.59,164.25999,148.37,150.7,568337900
2022-09-19,149.31,158.74001,148.56,150.42999,473543200
2022-09-26,149.66,154.72,138.0,138.2,577537000
2022-10-03,138.21001,147.53999,137.69,140.089996,435940600
2022-10-10,140.42,144.52,134.37,138.38,424188400
2022-10-17,141.070007,147.85001,140.27,147.27,397216400
2022-10-24,147.19,157.5,144.13,155.74001,512851100
2022-10-31,153.16,155.45,134.38,138.38,510660400
2022-11-07,137.11,150.0099945,134.59,149.7,461034600
2022-11-14,148.97,153.59,146.14999,151.28999,382679700
2022-11-21,150.16,151.83,146.92999,148.11,204025500
2022-11-28,145.14,149.13,140.35001,147.81,401088500
2022-12-05,147.77,150.92,140.0,142.16,341500000
2022-12-12,142.7,149.97,133.73,134.50999,505728900
2022-12-19,135.11,136.81,129.64,131.86,384620400
2022-12-26,131.38,131.41,125.87,129.92999,307184100
2023-01-02,130.28,130.89999,124.17,129.62,369948500
2023-01-09,130.47,134.92,128.12,134.75999,333335200
2023-01-16,134.83,138.61,133.77,137.87,271823400
2023-01-23,138.12,147.23,137.89999,145.92999,338655600
2023-01-30,144.96001,157.38,141.32001,154.5,480249700
2023-02-06,152.57001,155.23,149.22,151.0099945,330758800
2023-02-13,150.95,156.33,150.85001,152.55,316792400
2023-02-20,150.2,151.3,145.72,146.71001,213742300
2023-02-27,147.71001,151.11,143.89999,151.029999,273994900
2023-03-06,153.78999,156.3,147.61,148.5,313350800
2023-03-13,147.81,156.74001,147.7,155.0,410426600
2023-03-20,155.070007,162.14,154.14999,160.25,350100100
2023-03-27,159.94,165.0,155.98,164.89999,267939700
2023-04-03,164.27,166.84,161.8,164.66,200156300
2023-04-10,161.42,166.32001,159.78,165.21001,263326300
2023-04-17,165.089996,168.16,164.029999,165.020004,249953100
2023-04-24,165.0,169.85001,162.8,169.67999,256274000
2023-05-01,169.28,174.3,164.31,173.57001,360586400
2023-05-08,172.48,174.59,171.0,172.57001,250026700
2023-05-15,173.16,176.39,170.42,175.16,258597700
2023-05-22,173.98,175.77,170.52,175.42999,250355000
2023-05-29,176.96001,181.78,176.57001,180.95,286437400
2023-06-05,182.63,184.95,177.32001,180.96001,347825100
2023-06-12,181.27,186.99001,180.97,184.92,333335700
2023-06-19,184.41,187.56,182.59,186.67999,203639400
2023-06-26,186.83,194.48,185.23,193.97,281453200
2023-07-03,193.78,193.88,189.2,190.67999,170250800
2023-07-10,189.25999,191.7,186.60001,190.69,250226700
2023-07-17,191.89999,198.23,191.23,191.94,310880300
2023-07-24,193.41,197.2,192.25,195.83,225884500
2023-07-31,196.059998,196.73,181.92,181.99001,301423400
2023-08-07,182.13,183.13,176.55,177.78999,332452600
2023-08-14,177.97,179.69,171.96001,174.49001,261440200
2023-08-21,175.070007,181.55,173.74001,178.61,247514300
2023-08-28,180.089996,189.92,178.55,189.46001,264165600
2023-09-04,188.28,189.98,173.53999,178.17999,305075900
2023-09-11,180.070007,180.3,173.58,175.0099945,403692100
2023-09-18,176.48,179.7,173.86,174.78999,297294000
2023-09-25,174.2,176.97,167.62,171.21001,285792000
2023-10-02,171.22,177.99001,170.82001,177.49001,260531400
2023-10-09,176.81,182.34,175.8,178.85001,241810100
2023-10-16,176.75,179.080002,172.64,172.88,288323000
2023-10-23,170.91,174.0099945,165.67,168.22,286078100
2023-10-30,169.020004,177.78,167.89999,176.64999,310010400
2023-11-06,176.38,186.57001,176.21001,186.39999,303608500
2023-11-13,185.82001,190.96001,184.21001,189.69,262862000
2023-11-20,189.89,192.92999,189.25,189.97,148305600
2023-11-27,189.92,192.089996,188.19,191.24001,216455900
2023-12-04,189.98,195.99001,187.45,195.71001,251962600
2023-12-11,193.11,199.62,191.42,197.57001,379133100
2023-12-18,196.089996,197.67999,192.97,193.60001,232314100
2023-12-25,193.61,194.66,191.089996,192.53,153685700
2024-01-01,187.14999,188.44,180.17,181.17999,275190100
2024-01-08,182.089996,187.050003,181.5,185.92,238352300
2024-01-15,182.16,191.95,180.3,191.56,259667200
2024-01-22,192.3,196.38,191.94,192.42,255536900
2024-01-29,192.0099945,192.2,179.25,185.85001,325876200
2024-02-05,188.14999,191.050003,185.84,188.85001,252715800
2024-02-12,188.42,188.67,181.35001,182.31,268077800
2024-02-19,181.78999,185.039993,180.0,182.52,192607200
2024-02-26,182.24001,183.92,177.38,179.66,354310800
2024-03-04,176.14999,176.89999,168.49001,170.73,393109900
2024-03-11,172.94,174.38,170.28999,172.62,367031800
2024-03-18,175.57001,178.67,170.059998,172.28,361530400
2024-03-25,170.57001,173.60001,169.45,171.48,237622700
2024-04-01,171.19,171.92,168.23,169.58,239021300
2024-04-08,169.029999,178.36,167.11,176.55,322249600
2024-04-15,175.36,176.63,164.080002,165.0,309039200
2024-04-22,165.52,171.34,164.77,169.3,241302700
2024-04-29,173.37,187.0,169.11,183.38,441926300
2024-05-06,182.35001,185.089996,180.42,183.050003,300675100
2024-05-13,185.44,191.10001,184.62,189.87,288966500
2024-05-20,189.33,192.82001,186.63,189.98,208619700
2024-05-27,191.50999,193.0,189.10001,192.25,230454300
2024-06-03,192.89999,196.94,192.52,196.89,245994400
2024-06-10,196.89999,220.2,192.14999,212.49001,635755100
2024-06-17,213.37,218.95,207.11,207.49001,506265500
2024-06-24,207.72,216.070007,206.59,210.62,335969500
2024-07-01,212.089996,226.45,211.92,226.34,216231300
2024-07-08,227.089996,233.080002,223.25,230.53999,287546800
2024-07-15,236.48,237.23,222.27,224.31,278397600
2024-07-22,227.0099945,227.78,214.62,217.96001,242932200
2024-07-29,216.96001,225.60001,215.75,219.86,296061500
2024-08-05,199.089996,216.78,196.0,216.24001,342088200
2024-08-12,216.070007,226.83,215.60001,226.050003,214898200
2024-08-19,225.72,228.34,223.039993,226.84,188124900
2024-08-26,226.75999,232.92,223.89,229.0,209486100
2024-09-02,228.55,229.0,217.48,220.82001,179069200
2024-09-09,220.82001,224.039993,216.71001,222.5,237622900
2024-09-16,216.53999,233.089996,213.92,228.2,550232800
2024-09-23,227.34,229.52,224.020004,227.78999,210673500
2024-09-30,230.039993,233.0,223.020004,226.8,221996800
2024-10-07,224.5,229.75,221.33,227.55,164894900
2024-10-14,228.7,237.49001,228.60001,235.0,218141000
2024-10-21,234.45,236.85001,227.75999,231.41,197299900
2024-10-28,233.32001,234.73,220.27,222.91,248222000
2024-11-04,220.99001,228.66,219.71001,226.96001,208083400
2024-11-11,225.0,228.87,221.5,225.0,223817700
2024-11-18,225.25,230.72,225.17,229.87,196344000
2024-11-25,231.46001,237.81,229.74001,237.33,198118800
2024-12-02,237.27,244.63,237.16,242.84,208286500
2024-12-09,241.83,250.8,241.75,248.13,192702600
2024-12-16,247.99001,255.0,245.69,254.49001,368202900
2024-12-23,254.77,260.10001,253.059998,255.59,133685900
2024-12-30,252.23,253.5,241.82001,243.36,171023000
2025-01-06,244.31,247.33,233.0,236.85001,185241400
2025-01-13,233.53,238.96001,228.029999,229.98,269145400
2025-01-20,224.0,227.029999,219.38,222.78,277129600
2025-01-27,224.020004,247.19,223.98,236.0,372790500
2025-02-03,229.99001,234.0,225.7,227.63,227383400
2025-02-10,229.57001,245.55,227.2,244.60001,226587600
2025-02-17,244.14999,248.69,241.84,245.55,166541000
2025-02-24,244.92999,250.0,230.2,241.84,241760300
2025-03-03,241.78999,244.029999,229.23,239.070007,239653700
2025-03-10,235.53999,236.16,208.42,213.49001,332232000
2025-03-17,213.31,218.84,209.97,218.27,287881900
2025-03-24,221.0,225.020004,217.67999,217.89999,190172600
2025-03-31,217.0099945,225.62,187.34,188.38,366947800
2025-04-07,177.2,200.61,169.21001,198.14999,675037600
2025-04-14,211.44,212.94,192.37,196.98,263763500
2025-04-21,193.27,209.75,189.81,209.28,238181400
2025-04-28,210.0,214.56,202.16,205.35001,286233500
2025-05-05,203.10001,204.10001,193.25,198.53,275704500
2025-05-12,210.97,213.94,206.75,211.25999,264778300
2025-05-19,207.91,209.48,193.46001,195.27,273024200
2025-05-26,198.3,203.81,196.78,200.85001,223844900
2025-06-02,200.28,206.24001,200.12,203.92,227142700
2025-06-09,204.39,206.0,195.7,196.45,283877000
2025-06-16,197.3,201.7,195.070007,201.0,224085100
2025-06-23,201.63,203.67,198.96001,201.080002,273391700
2025-06-30,202.0099945,214.64999,199.25999,213.55,273599300
2025-07-07,212.67999,216.23,207.22,211.16,226036700
2025-07-14,209.92999,212.39999,207.53999,211.17999,225669600
2025-07-21,212.10001,215.78,211.63,213.88,231062200
2025-07-28,214.029999,214.85001,201.5,202.38,319915100
2025-08-04,204.50999,231.0,201.67999,229.35001,431826300
2025-08-11,227.92,235.12,224.75999,231.59,295265800
2025-08-18,231.7,233.12,223.78,227.75999,192241700
2025-08-25,226.48,233.41,224.69,232.14,194310800
2025-09-01,229.25,241.32001,226.97,239.69,212923200
2025-09-08,239.3,240.14999,225.95,234.070007,304787000
2025-09-15,237.0,246.3,235.029999,245.5,360619500
2025-09-22,248.3,257.60001,248.12,255.46001,309374700
2025-09-29,254.56,259.23999,253.0099945,258.019989,218331700
2025-10-06,257.98999,259.070007,244.0,245.27,213437900
2025-10-13,249.38,253.38,244.7,252.28999,196438500
2025-10-20,255.89,265.29001,255.42999,262.82001,253202800
2025-10-27,264.88,277.32001,264.64999,270.37,293563300
2025-11-03,270.42001,273.39999,266.25,268.47,242583900
2025-11-10,268.95999,276.70001,267.45999,272.41,232952800
2025-11-17,268.82001,275.42999,265.32001,271.48999,235974500
2025-11-24,270.89999,280.38,270.89999,278.85001,166067000
2025-12-01,278.01001,288.62,276.14001,278.78,235050800
2025-12-08,278.13,280.029999,273.81,278.28,176224300
2025-12-15,280.14999,280.14999,266.95001,273.67001,334459100
2025-12-22,272.85999,275.42999,269.56,273.39999,105646200
2025-12-29,272.69,277.84,269.0,271.01001,110986500
2026-01-05,270.64001,271.51001,255.7,259.37,236725400
2026-01-12,259.16,261.82001,254.92999,255.53,242545400
2026-01-19,252.73,254.78999,243.42,248.039993,216306500
2026-01-26,251.48,261.95001,249.8,259.48001,306601900
2026-02-02,260.029999,280.91,259.20999,278.12,332284600
2026-02-09,277.91,280.17999,255.45,255.78,268299500
2026-02-16,258.049988,266.82001,255.53999,264.57999,165588200
2026-02-23,263.48999,276.10999,262.89001,264.17999,222748700
2026-03-02,262.41,266.53,254.37,257.45999,210978500
2026-03-09,255.69,262.48001,249.52,250.12,172752200
2026-03-16,252.11,255.13,246.0,247.99001,223388900
2026-03-23,253.97,257.0,248.070007,248.8,203871800
2026-03-30,250.070007,256.17999,245.50999,255.92,160393100
2026-04-06,256.51001,262.19,245.7,260.48001,191923800
2026-04-13,259.73001,272.29999,256.66,270.23001,239278200
2026-04-20,270.32999,275.76999,265.39999,271.059998,201605900
2026-04-27,266.089996,287.22,265.070007,280.14001,283297200
2026-05-04,279.66,294.76001,274.85999,293.32001,252233300
2026-05-11,291.98001,303.20001,290.23001,300.23001,230867400
2026-05-18,300.23999,311.39999,294.91,308.82001,201591700
2026-05-25,309.56,315.0,307.67001,312.059998,216678600
2026-06-01,309.63,316.94,305.019989,307.34,254400900
2026-06-08,308.73999,317.39999,287.38,291.13,282165800
2026-06-15,294.12,302.070007,291.70001,298.01001,214314300
2026-06-22,297.31,302.42001,273.75,283.78,518761900
2026-06-29,286.73001,309.42001,279.85001,308.63,257044200
2026-07-06,307.35999,316.91,307.0,315.32001,219660300
2026-07-13,317.019989,334.98999,311.91,333.73999,266929900
2026-07-20,333.51001,334.37,319.35001,333.019989,221893000
2026-07-27,334.54001,344.57001,300.0,308.91,364861000
2026-08-03,309.57999,316.29001,301.32001,313.32999,273068900
2026-08-10,306.82999,309.97,300.57001,305.92999,192525700
2026-08-17,306.20999,320.28,302.94,309.35001,229935400
2026-08-24,311.47,322.37,308.20999,319.70001,165636500
2026-08-31,319.60001,330.81,312.79999,319.97,205019200
2026-09-07,317.10001,336.22,309.89999,332.26999,221788000
2026-09-14,334.52,335.5,331.35,334.835,965454
