Date,Open,High,Low,Close,Volume
2025-09-15 09:30:00,237.0,238.19,235.029999,235.35989,10733641
2025-09-15 10:00:00,235.34,236.3,235.054993,236.215,3400576
2025-09-15 10:30:00,236.21001,237.020004,235.66,236.97501,2959118
2025-09-15 11:00:00,236.95,237.0,236.42,236.82001,2060636
2025-09-15 11:30:00,236.815,237.3,236.74001,237.065002,2232839
2025-09-15 12:00:00,237.065002,237.065002,236.47,236.57001,1453664
2025-09-15 12:30:00,236.5649,236.5905,236.080002,236.24001,1381936
2025-09-15 13:00:00,236.23,236.37,235.7,235.75999,1582512
2025-09-15 13:30:00,235.75,236.12,235.58,236.020004,1627634
2025-09-15 14:00:00,236.020004,236.14,235.6324,235.64,1326120
2025-09-15 14:30:00,235.63499,236.17,235.27,236.17,1760695
2025-09-15 15:00:00,236.175,236.34,235.71001,235.97,1809791
2025-09-15 15:30:00,235.97,236.78999,235.67999,236.75999,4732529
2025-09-16 09:30:00,237.0,240.56,236.3235,240.36,9189176
2025-09-16 10:00:00,240.375,241.22,239.48,239.53,5230101
2025-09-16 10:30:00,239.53,239.73,238.73,238.98,2758954
2025-09-16 11:00:00,238.99001,239.85001,238.245,239.5929,2579324
2025-09-16 11:30:00,239.58009,239.58009,238.465,238.655,1658686
2025-09-16 12:00:00,238.66499,239.4142,238.63,239.19501,1441871
2025-09-16 12:30:00,239.2,239.35001,238.89999,239.14,1117793
2025-09-16 13:00:00,239.14999,239.39999,238.98,239.085602,1106887
2025-09-16 13:30:00,239.10001,239.11,238.13,238.32001,1413034
2025-09-16 14:00:00,238.32001,239.029999,238.2099,238.92999,1304070
2025-09-16 14:30:00,238.94,239.11,238.81,239.059998,1167968
2025-09-16 15:00:00,239.059998,239.60001,238.86,238.93829,1977325
2025-09-16 15:30:00,238.94,239.42,238.080093,238.14,20451492
2025-09-17 09:30:00,238.97,240.10001,238.78999,239.215,7041537
2025-09-17 10:00:00,239.23,240.0099945,239.067505,239.63,2885147
2025-09-17 10:30:00,239.64,240.0099945,239.38,239.535,2161561
2025-09-17 11:00:00,239.53999,239.63,239.2,239.48,1840749
2025-09-17 11:30:00,239.485,239.78,239.35001,239.5527,1787091
2025-09-17 12:00:00,239.56,239.69,239.28,239.6743,1383580
2025-09-17 12:30:00,239.67999,239.77,239.35001,239.58501,1794377
2025-09-17 13:00:00,239.58501,239.62,239.39999,239.52,1098246
2025-09-17 13:30:00,239.52,239.62,238.925,239.44,1790226
2025-09-17 14:00:00,239.42999,239.82001,238.45,239.56,2779823
2025-09-17 14:30:00,239.55,239.63,237.7301,238.58099,3235430
2025-09-17 15:00:00,238.58,239.46001,238.52,239.26289,2674789
2025-09-17 15:30:00,239.27,239.28,238.48,238.97,4226195
2025-09-18 09:30:00,239.95,241.2,237.63,238.44501,7045789
2025-09-18 10:00:00,238.42999,238.42999,236.64999,237.56,4407675
2025-09-18 10:30:00,237.565,238.39,237.315,238.235,2676719
2025-09-18 11:00:00,238.25,238.795,238.10001,238.19,1911180
2025-09-18 11:30:00,238.21001,238.53999,237.35001,237.61,2042830
2025-09-18 12:00:00,237.59,238.17999,237.45,237.94,1566313
2025-09-18 12:30:00,237.95,238.13499,237.64,237.955,1556851
2025-09-18 13:00:00,237.95,238.2,237.755,237.88,1999257
2025-09-18 13:30:00,237.87,238.10001,237.21021,237.39,1449624
2025-09-18 14:00:00,237.38,238.020004,237.313,237.8018,1560664
2025-09-18 14:30:00,237.81,237.9464,237.57001,237.69,1482438
2025-09-18 15:00:00,237.69,237.8,237.25011,237.45,2058263
2025-09-18 15:30:00,237.455,238.11,237.435,237.85001,4049383
2025-09-19 09:30:00,241.175,242.59,240.35001,240.88499,24897482
2025-09-19 10:00:00,240.88499,241.50999,240.2106,241.14999,4725009
2025-09-19 10:30:00,241.14999,243.16,241.059998,242.84,6092497
2025-09-19 11:00:00,242.855,243.0,241.8,242.28,4050861
2025-09-19 11:30:00,242.2737,243.39,242.049194,243.28999,3229181
2025-09-19 12:00:00,243.27,244.56911,243.17,244.52,5801924
2025-09-19 12:30:00,244.5125,245.92,244.26871,245.155,9035560
2025-09-19 13:00:00,245.16,245.5,244.89999,245.2438,3234272
2025-09-19 13:30:00,245.24001,245.87,244.89999,245.39999,3277759
2025-09-19 14:00:00,245.405,246.2699,244.95,245.48849,6469208
2025-09-19 14:30:00,245.485,246.10001,245.19099,245.50999,3205329
2025-09-19 15:00:00,245.5,245.89,245.44099,245.61,4285082
2025-09-19 15:30:00,245.60001,246.3,244.74001,245.28999,12986528
2025-09-22 09:30:00,248.34,251.3443,248.17,251.095001,19479131
2025-09-22 10:00:00,251.11,252.735,250.78999,252.6716,8345991
2025-09-22 10:30:00,252.66,253.6898,252.080002,253.60001,6183080
2025-09-22 11:00:00,253.62,256.079987,253.38499,255.78979,10800696
2025-09-22 11:30:00,255.77,256.63,254.7,256.053101,8162942
2025-09-22 12:00:00,256.070007,256.31,253.58,253.72,7884752
2025-09-22 12:30:00,253.73,254.215,253.16,254.21001,4837868
2025-09-22 13:00:00,254.205,254.73,253.52,254.5929,3616124
2025-09-22 13:30:00,254.58,254.94,253.89999,254.1067,2694406
2025-09-22 14:00:00,254.10001,255.25999,254.020004,255.24001,2547723
2025-09-22 14:30:00,255.245,255.7666,254.7347,255.39999,3831388
2025-09-22 15:00:00,255.39999,256.059998,255.31,255.78999,4383585
2025-09-22 15:30:00,255.80499,256.26001,255.61501,256.089996,9091926
2025-09-23 09:30:00,256.5,257.34,255.28,256.20001,7855175
2025-09-23 10:00:00,256.20999,257.0,255.52,256.61731,3408467
2025-09-23 10:30:00,256.60999,256.70001,255.0099945,255.28999,3080485
2025-09-23 11:00:00,255.31,256.38,255.22,256.10001,2409576
2025-09-23 11:30:00,256.13,256.14999,255.35001,255.96561,1820614
2025-09-23 12:00:00,255.965,256.20999,255.56,255.7269,1411913
2025-09-23 12:30:00,255.72009,255.85001,254.67999,255.093002,1305625
2025-09-23 13:00:00,255.080002,255.23,254.39999,254.67,1541812
2025-09-23 13:30:00,254.66,254.88499,253.92999,254.32761,13108225
2025-09-23 14:00:00,254.33501,254.961,253.97,254.64,3172710
2025-09-23 14:30:00,254.64,254.84,254.10001,254.125,2356303
2025-09-23 15:00:00,254.12,254.24001,253.59,254.16991,2336251
2025-09-23 15:30:00,254.16,254.53,253.67,254.53,5076635
2025-09-24 09:30:00,255.0,255.37,252.28,253.25,4337146
2025-09-24 10:00:00,253.28,253.2995,252.080002,252.62199,2165812
2025-09-24 10:30:00,252.625,252.99001,251.72,252.2101,1914608
2025-09-24 11:00:00,252.215,252.31,251.53999,252.12,1377120
2025-09-24 11:30:00,252.12,252.21001,251.28,251.41,5894222
2025-09-24 12:00:00,251.42,252.25999,251.039993,252.16499,1666996
2025-09-24 12:30:00,252.1714,252.25999,251.39999,251.5397,935610
2025-09-24 13:00:00,251.53999,251.83,251.34,251.49001,701711
2025-09-24 13:30:00,251.515,252.11,251.32001,251.5,723991
2025-09-24 14:00:00,251.4938,251.84,251.28,251.765,898733
2025-09-24 14:30:00,251.75,251.78999,251.25,251.72501,753718
2025-09-24 15:00:00,251.72,251.765,251.24001,251.39,927198
2025-09-24 15:30:00,251.39,252.49001,251.28999,252.24001,11458612
2025-09-25 09:30:00,253.0,253.92,251.71201,252.31,5911567
2025-09-25 10:00:00,252.31,254.12,252.12,254.0,5530277
2025-09-25 10:30:00,254.00010681,254.13879,253.029999,253.67999,1623632
2025-09-25 11:00:00,253.69,254.13,253.1105,253.50011,6074290
2025-09-25 11:30:00,253.50011,253.91,252.83,252.88499,1227782
2025-09-25 12:00:00,252.8756,252.99001,252.3,252.5303,6882780
2025-09-25 12:30:00,252.53999,253.36,252.5,253.23,1124589
2025-09-25 13:00:00,253.23,253.88,253.12,253.5,8282374
2025-09-25 13:30:00,253.49001,253.7,253.1601,253.21001,881210
2025-09-25 14:00:00,253.21001,254.59,252.85001,254.56,1753585
2025-09-25 14:30:00,254.55,256.10001,254.23,256.0,3515940
2025-09-25 15:00:00,255.99001,257.17001,255.87,256.95999,3591799
2025-09-25 15:30:00,256.95001,257.10999,255.42,256.94,28423863
2025-09-26 09:30:00,254.0,256.34,253.78,256.2886,5634792
2025-09-26 10:00:00,256.26501,256.60001,254.3401,255.020004,2399706
2025-09-26 10:30:00,255.020004,255.67999,254.5712,255.024994,2129577
2025-09-26 11:00:00,255.020004,255.99001,254.92,255.97009,1585264
2025-09-26 11:30:00,255.97,256.040009,254.86,255.059998,1257863
2025-09-26 12:00:00,255.070007,255.71001,254.92,255.66499,1018911
2025-09-26 12:30:00,255.66,256.39999,255.48,256.34,928396
2025-09-26 13:00:00,256.32999,256.97501,256.20001,256.51999,1157646
2025-09-26 13:30:00,256.51999,257.35999,255.86,256.10001,1603656
2025-09-26 14:00:00,256.089996,256.78,256.040009,256.55499,1049857
2025-09-26 14:30:00,256.565,256.72989,255.9655,256.20001,916986
2025-09-26 15:00:00,256.20001,256.22,255.49001,255.645,1172329
2025-09-26 15:30:00,255.64,255.6498,254.89999,255.46001,3021515
2025-09-29 09:30:00,254.0,254.39,253.0099945,253.705,4405435
2025-09-29 10:00:00,253.705,254.5,253.2709,254.21989,1900627
2025-09-29 10:30:00,254.205,254.24001,253.7,253.92999,1557032
2025-09-29 11:00:00,253.95,254.17,253.31,253.47,1277832
2025-09-29 11:30:00,253.46651,253.64861,253.12,253.535,1257628
2025-09-29 12:00:00,253.53,254.070007,253.53,253.66,1017614
2025-09-29 12:30:00,253.67,253.77991,253.25,253.34,935885
2025-09-29 13:00:00,253.35001,253.465,253.21001,253.39999,808969
2025-09-29 13:30:00,253.39,253.5,253.13,253.36,914758
2025-09-29 14:00:00,253.355,254.61501,253.3412,254.57001,1382294
2025-09-29 14:30:00,254.57001,254.60001,253.895,254.059998,962469
2025-09-29 15:00:00,254.054993,254.13,253.61,253.99001,1095329
2025-09-29 15:30:00,253.99001,254.83,253.94,254.35001,2513071
2025-09-30 09:30:00,255.0,255.64,253.96001,255.53,4191908
2025-09-30 10:00:00,255.48,255.91901,254.58,254.8862,1709624
2025-09-30 10:30:00,254.91,255.52,254.77,255.5,1159477
2025-09-30 11:00:00,255.5,255.675,253.8201,254.22,1305687
2025-09-30 11:30:00,254.21001,254.875,254.1601,254.71001,870917
2025-09-30 12:00:00,254.69,254.97,254.38,254.5351,660563
2025-09-30 12:30:00,254.5506,254.67,254.035004,254.079895,618474
2025-09-30 13:00:00,254.065002,254.25,253.31171,253.735,1004859
2025-09-30 13:30:00,253.75999,253.99001,253.60001,253.72501,672239
2025-09-30 14:00:00,253.72,253.94991,253.11,253.34,992049
2025-09-30 14:30:00,253.34,254.24001,253.271,254.19,7181018
2025-09-30 15:00:00,254.19501,254.2325,253.5,253.95,1088880
2025-09-30 15:30:00,253.96001,255.17999,253.81,254.56,3030681
2025-10-01 09:30:00,255.25,258.79001,255.050003,256.505,7143339
2025-10-01 10:00:00,256.51501,257.32999,255.435,256.16141,2534104
2025-10-01 10:30:00,256.17999,256.259,255.39999,255.53,1578283
2025-10-01 11:00:00,255.53,255.64,255.10001,255.52451,1393791
2025-10-01 11:30:00,255.53011,256.12,255.50999,256.10001,1136422
2025-10-01 12:00:00,256.10001,256.92001,255.93761,256.16,1202320
2025-10-01 12:30:00,256.1636,256.63,256.029999,256.45319,893953
2025-10-01 13:00:00,256.45999,256.8298,255.855,256.14041,932734
2025-10-01 13:30:00,256.16501,256.56,256.059998,256.45609,8993616
2025-10-01 14:00:00,256.4512,256.68591,256.39999,256.48499,1122310
2025-10-01 14:30:00,256.48001,256.75,256.23499,256.73999,1064184
2025-10-01 15:00:00,256.73441,256.94,255.87,255.94,1687431
2025-10-01 15:30:00,255.94,256.14001,255.28,255.41,4879162
2025-10-02 09:30:00,256.59,257.29999,254.14999,256.035004,8929877
2025-10-02 10:00:00,256.024994,256.685,255.64999,256.22009,2640292
2025-10-02 10:30:00,256.23001,256.79001,255.98,256.26001,2181501
2025-10-02 11:00:00,256.25,257.64001,255.97,257.16501,2618804
2025-10-02 11:30:00,257.14999,257.98999,256.72101,257.77271,2550870
2025-10-02 12:00:00,257.76999,258.17999,257.31,257.345,1837536
2025-10-02 12:30:00,257.345,257.57001,257.11389,257.51501,1072028
2025-10-02 13:00:00,257.495,257.8226,257.20999,257.41,1218291
2025-10-02 13:30:00,257.39001,257.75,257.058014,257.12,1045419
2025-10-02 14:00:00,257.12,257.91,257.029999,257.88,1431213
2025-10-02 14:30:00,257.87,258.16,257.70999,257.92999,2918581
2025-10-02 15:00:00,257.92999,257.95099,257.375,257.51001,1694121
2025-10-02 15:30:00,257.51001,257.875,256.88,257.14001,5100991
2025-10-03 09:30:00,254.66499,259.040009,253.96001,258.051605,12234797
2025-10-03 10:00:00,258.040009,258.79001,257.34,257.85001,4095513
2025-10-03 10:30:00,257.85999,258.73999,257.51999,258.17499,2631329
2025-10-03 11:00:00,258.17001,258.73001,257.89499,258.51001,1821619
2025-10-03 11:30:00,258.49301,259.23999,258.26001,258.405,3338895
2025-10-03 12:00:00,258.41309,258.85999,258.25711,258.54871,1489835
2025-10-03 12:30:00,258.54001,258.92999,258.19,258.79501,1563331
2025-10-03 13:00:00,258.80991,258.80991,258.12,258.31,1845410
2025-10-03 13:30:00,258.29999,258.3288,257.12,257.43719,2744573
2025-10-03 14:00:00,257.436,258.59,256.95999,258.37,2714666
2025-10-03 14:30:00,258.37,258.58499,258.047699,258.33029,1654084
2025-10-03 15:00:00,258.35001,258.4126,257.85001,257.92001,1396243
2025-10-03 15:30:00,257.92001,258.26001,257.4035,258.015015,4468054
2025-10-06 09:30:00,257.94501,259.070007,255.050003,256.27499,7528482
2025-10-06 10:00:00,256.26999,258.75,256.19,257.78,4140676
2025-10-06 10:30:00,257.79999,257.98001,257.28,257.84,2091064
2025-10-06 11:00:00,257.845,257.95499,257.375,257.5513,1356336
2025-10-06 11:30:00,257.565,257.67001,256.82999,257.17001,1995992
2025-10-06 12:00:00,257.15009,257.57001,256.76999,257.13,1505841
2025-10-06 12:30:00,257.13,257.48001,256.92349,257.33499,1140580
2025-10-06 13:00:00,257.33011,257.39999,256.13049,256.56,1736642
2025-10-06 13:30:00,256.54999,256.68121,255.5,255.61501,2468202
2025-10-06 14:00:00,255.61099,256.32999,255.61099,256.185,3454334
2025-10-06 14:30:00,256.18021,256.57999,256.065002,256.22,1219498
2025-10-06 15:00:00,256.20999,256.66,256.13501,256.51001,1474226
2025-10-06 15:30:00,256.51001,257.25,256.45999,256.64999,3577742
2025-10-07 09:30:00,256.82001,257.39999,256.28,257.16351,3983654
2025-10-07 10:00:00,257.155,257.24051,256.47,256.67999,2441703
2025-10-07 10:30:00,256.67001,256.79001,255.60001,255.91,2361461
2025-10-07 11:00:00,255.89,257.10791,255.89,256.379,2173525
2025-10-07 11:30:00,256.39001,256.84979,256.18719,256.29999,1744464
2025-10-07 12:00:00,256.29401,256.64999,255.89,256.33841,1949308
2025-10-07 12:30:00,256.32999,256.66,255.905,256.079987,1295772
2025-10-07 13:00:00,256.084991,256.22,255.7543,255.89,1039921
2025-10-07 13:30:00,255.86,256.063293,255.42999,255.84,1020197
2025-10-07 14:00:00,255.84,256.14999,255.565,256.069885,1274236
2025-10-07 14:30:00,256.070007,256.20999,256.0,256.155,982490
2025-10-07 15:00:00,256.15991,256.30151,255.9101,256.019989,1378984
2025-10-07 15:30:00,256.019989,256.62,255.92,256.48999,3978516
2025-10-08 09:30:00,256.53,257.89001,256.10999,257.22,5588722
2025-10-08 10:00:00,257.22,258.19,257.17001,257.84,2870555
2025-10-08 10:30:00,257.85999,257.85999,257.20001,257.60999,1868931
2025-10-08 11:00:00,257.60001,258.45499,257.57501,258.040009,2558346
2025-10-08 11:30:00,258.054993,258.10999,257.56,257.95499,1316603
2025-10-08 12:00:00,257.95499,258.51999,257.78,258.20001,1515631
2025-10-08 12:30:00,258.19,258.32501,257.625,257.79999,1019990
2025-10-08 13:00:00,257.79501,258.090698,257.75,257.92499,1079965
2025-10-08 13:30:00,257.92499,258.20001,257.66,257.815,1068304
2025-10-08 14:00:00,257.81,258.19,257.64999,257.91501,1212321
2025-10-08 14:30:00,257.89999,257.995,257.7605,257.79999,894126
2025-10-08 15:00:00,257.81,258.42999,257.73999,258.25,1670343
2025-10-08 15:30:00,258.23999,258.48999,257.88,258.029999,4214118
2025-10-09 09:30:00,257.775,258.0,254.78,255.2,6182610
2025-10-09 10:00:00,255.185,255.83,254.91,254.98,2717753
2025-10-09 10:30:00,254.89,255.19,254.5701,254.935,2690599
2025-10-09 11:00:00,254.95,255.23,254.64,254.65,1978988
2025-10-09 11:30:00,254.62,254.62,253.82,254.1,2900430
2025-10-09 12:00:00,254.11,254.75,253.77,253.99,1797194
2025-10-09 12:30:00,253.985,254.04,253.55,253.63989,1308580
2025-10-09 13:00:00,253.74,253.88,253.19,253.4576,1533101
2025-10-09 13:30:00,253.41,253.74,253.14,253.62,1483946
2025-10-09 14:00:00,253.62,253.84,253.425,253.435,1053126
2025-10-09 14:30:00,253.42,253.82,253.32,253.8,2083165
2025-10-09 15:00:00,253.81,254.11,253.65,253.78,2051386
2025-10-09 15:30:00,253.77,254.27,253.56,254.03,3387517
2025-10-10 09:30:00,254.87,256.37,254.44,255.47501,8706205
2025-10-10 10:00:00,255.58,255.9489,254.88,255.087997,4301192
2025-10-10 10:30:00,255.039993,255.34,253.070007,253.089996,2845363
2025-10-10 11:00:00,253.050003,253.050003,248.95,249.41,11305753
2025-10-10 11:30:00,249.125,249.94501,248.42,248.78999,7001467
2025-10-10 12:00:00,248.77,249.020004,247.75999,248.61,2640992
2025-10-10 12:30:00,248.59,249.059998,247.32001,247.49001,2268182
2025-10-10 13:00:00,247.5,247.88,247.059998,247.81,2126813
2025-10-10 13:30:00,247.77,248.57001,247.67999,248.0099945,2836495
2025-10-10 14:00:00,248.039993,248.050003,247.080002,247.16,2046487
2025-10-10 14:30:00,247.1371,247.31,245.815,245.9995,2849366
2025-10-10 15:00:00,246.0,246.4001,245.89,246.16499,2577473
2025-10-10 15:30:00,246.17,246.99001,244.7,245.31,8510251
2025-10-13 09:30:00,249.38,249.49001,245.56,246.62,6545301
2025-10-13 10:00:00,246.63499,247.6283,246.10001,246.37601,2814081
2025-10-13 10:30:00,246.37,247.59,246.23,246.94,1937265
2025-10-13 11:00:00,246.94,248.6599,246.66,248.5903,3879525
2025-10-13 11:30:00,248.62,248.99001,248.36,248.78,1614235
2025-10-13 12:00:00,248.78999,249.62,248.7401,249.17999,1501352
2025-10-13 12:30:00,249.17,249.60001,248.55,249.55,1337360
2025-10-13 13:00:00,249.56,249.6893,248.89,249.1042,960904
2025-10-13 13:30:00,249.089996,249.179,248.688,249.039993,863382
2025-10-13 14:00:00,249.039993,249.32001,248.81,249.14619,1312366
2025-10-13 14:30:00,249.14,249.24001,248.32001,248.46001,1093592
2025-10-13 15:00:00,248.46001,248.7115,248.13,248.32001,1217117
2025-10-13 15:30:00,248.32001,248.59,247.33,247.59,3786722
2025-10-14 09:30:00,246.61501,247.14,244.7,246.24001,4531332
2025-10-14 10:00:00,246.24001,247.23,245.86749,247.020004,2369817
2025-10-14 10:30:00,247.0,247.7,246.9501,247.25999,1783410
2025-10-14 11:00:00,247.25999,247.74989,246.12,246.214,1509020
2025-10-14 11:30:00,246.23,247.46001,246.17,247.38,1594582
2025-10-14 12:00:00,247.36,247.75,246.85001,247.39,1129431
2025-10-14 12:30:00,247.39,248.0354,247.38499,247.58,1116328
2025-10-14 13:00:00,247.595,247.89999,247.465,247.798,932438
2025-10-14 13:30:00,247.81,247.82001,247.17999,247.595,1066672
2025-10-14 14:00:00,247.58,247.705,247.19,247.485,1065924
2025-10-14 14:30:00,247.49001,247.96001,247.14439,247.94,1337016
2025-10-14 15:00:00,247.94,248.75,247.89999,248.42,2485714
2025-10-14 15:30:00,248.42999,248.845,246.73,247.85001,4482259
2025-10-15 09:30:00,249.38,250.75,248.64,250.7112,5341716
2025-10-15 10:00:00,250.77,251.82001,250.77,250.85001,2843035
2025-10-15 10:30:00,250.87,251.46919,250.28,250.5378,1716589
2025-10-15 11:00:00,250.55,250.8499,249.8,249.85989,1714230
2025-10-15 11:30:00,249.82001,249.87,248.72,248.97,1615251
2025-10-15 12:00:00,248.955,250.049698,248.91,249.77499,1264259
2025-10-15 12:30:00,249.78,249.94991,248.71001,248.95,997699
2025-10-15 13:00:00,248.96001,249.020004,247.48,248.0905,1292592
2025-10-15 13:30:00,248.105,249.72,248.050003,249.48,1137551
2025-10-15 14:00:00,249.51041,249.8,249.20799,249.647,796661
2025-10-15 14:30:00,249.64999,249.99001,249.48,249.94501,844374
2025-10-15 15:00:00,249.96001,250.10001,249.49001,249.92,1295085
2025-10-15 15:30:00,249.92999,250.070007,248.17,249.42999,4229173
2025-10-16 09:30:00,248.27,248.38,246.17999,247.5,6733456
2025-10-16 10:00:00,247.5,247.73,246.86,247.50999,2830601
2025-10-16 10:30:00,247.49001,248.91,247.4817,248.60001,2712467
2025-10-16 11:00:00,248.62,249.039993,247.89,248.235,2114465
2025-10-16 11:30:00,248.17,248.6631,247.50169,247.97,1496601
2025-10-16 12:00:00,247.96001,248.2,247.035004,247.72,1809393
2025-10-16 12:30:00,247.7001,247.71001,246.039993,247.64999,2650652
2025-10-16 13:00:00,247.64999,247.77209,246.58,247.22,1394556
2025-10-16 13:30:00,247.22,247.42,246.2,246.565,1774197
2025-10-16 14:00:00,246.55,246.67,245.25999,245.66,2221549
2025-10-16 14:30:00,245.64,246.91,245.13,246.605,1870520
2025-10-16 15:00:00,246.605,247.020004,246.28999,246.55,1732745
2025-10-16 15:30:00,246.56,247.91,246.35001,247.42999,3734949
2025-10-17 09:30:00,248.020004,249.19,247.27,248.41,7751579
2025-10-17 10:00:00,248.41,250.32001,248.25999,249.5601,3391414
2025-10-17 10:30:00,249.644,249.86,248.66521,248.87399,1817608
2025-10-17 11:00:00,248.89,249.582,248.23,248.48,1641723
2025-10-17 11:30:00,248.48,249.78,248.097198,249.5775,2288617
2025-10-17 12:00:00,249.53999,250.35001,249.4502,250.29649,1989097
2025-10-17 12:30:00,250.2933,251.36,250.27521,251.13,2703739
2025-10-17 13:00:00,251.1321,251.33,250.36,250.815,3360221
2025-10-17 13:30:00,250.8,251.37,250.245,251.3,1662240
2025-10-17 14:00:00,251.319,252.535,251.319,252.3,2290744
2025-10-17 14:30:00,252.28239,252.44,251.7,252.2735,1611548
2025-10-17 15:00:00,252.28,252.82001,252.1001,252.75999,2371107
2025-10-17 15:30:00,252.75,253.38,252.12,252.3,7247788
2025-10-20 09:30:00,255.88499,259.87,255.63,258.97751,13743437
2025-10-20 10:00:00,258.89001,259.76999,258.07019,259.505,5783294
2025-10-20 10:30:00,259.48999,261.63,259.070007,261.57999,8807983
2025-10-20 11:00:00,261.57999,263.54999,261.51999,262.57001,11882066
2025-10-20 11:30:00,262.54999,264.375,262.41751,263.31,6917376
2025-10-20 12:00:00,263.34,264.23001,262.81009,263.48999,6847433
2025-10-20 12:30:00,263.48001,263.70001,262.64999,263.62,4158805
2025-10-20 13:00:00,263.61011,264.20999,262.88089,263.16501,3930712
2025-10-20 13:30:00,263.17999,263.37,262.82599,262.92499,2296312
2025-10-20 14:00:00,262.92001,263.82999,262.79001,263.73001,2460487
2025-10-20 14:30:00,263.73999,263.755,263.040009,263.28,2379866
2025-10-20 15:00:00,263.29999,263.81,263.20059,263.42001,3083044
2025-10-20 15:30:00,263.44,263.85001,261.92999,262.23001,8021467
2025-10-21 09:30:00,261.88,265.29001,261.88,263.80499,12820520
2025-10-21 10:00:00,263.79001,264.64001,263.22,263.49991,4183060
2025-10-21 10:30:00,263.45999,263.82999,262.53,263.049896,2667748
2025-10-21 11:00:00,263.079987,263.75299,262.51001,263.66199,2053517
2025-10-21 11:30:00,263.67001,264.535,263.67001,264.12,3427169
2025-10-21 12:00:00,264.10999,264.38699,263.080109,263.17001,2087084
2025-10-21 12:30:00,263.16,263.40991,262.85001,263.070007,1378671
2025-10-21 13:00:00,263.065002,263.6799,262.8475,263.32651,1292935
2025-10-21 13:30:00,263.32581,263.89999,263.29001,263.76001,1467536
2025-10-21 14:00:00,263.77829,264.049988,262.14999,263.44989,2250559
2025-10-21 14:30:00,263.44958,263.73819,263.245,263.42001,1437742
2025-10-21 15:00:00,263.435,263.57001,262.95001,263.084991,1993238
2025-10-21 15:30:00,263.095001,263.20999,262.47,262.84,3493018
2025-10-22 09:30:00,262.79001,262.85001,259.92999,260.39999,7086959
2025-10-22 10:00:00,260.41251,261.37,259.72,260.049896,3198511
2025-10-22 10:30:00,260.0,261.13,259.745,260.73999,2378603
2025-10-22 11:00:00,260.75,260.76001,257.64011,258.4299,3551611
2025-10-22 11:30:00,258.45001,259.48999,258.10001,259.30499,2280846
2025-10-22 12:00:00,259.30499,259.41,258.049988,258.54999,1483075
2025-10-22 12:30:00,258.54999,258.76999,256.375,257.67001,2967506
2025-10-22 13:00:00,257.64001,257.8204,256.29999,256.69141,1711635
2025-10-22 13:30:00,256.67001,256.78711,255.42999,256.35001,2693261
2025-10-22 14:00:00,256.31,257.079803,256.22009,256.55099,1527782
2025-10-22 14:30:00,256.54999,257.019012,256.14001,256.97,1439358
2025-10-22 15:00:00,256.95999,257.67999,256.5,257.51001,1755783
2025-10-22 15:30:00,257.51999,258.81,257.42999,258.42999,4263522
2025-10-23 09:30:00,259.89001,260.1799,258.010101,258.35001,4105473
2025-10-23 10:00:00,258.39001,259.63,258.12,259.47989,2145534
2025-10-23 10:30:00,259.42001,259.66,258.73001,259.62219,1534243
2025-10-23 11:00:00,259.60999,259.67999,258.95001,259.39999,1318547
2025-10-23 11:30:00,259.39999,260.53,259.083405,260.25,2080733
2025-10-23 12:00:00,260.20499,260.6199,259.92499,260.040009,1087388
2025-10-23 12:30:00,260.049988,260.39001,259.95001,260.26001,1061147
2025-10-23 13:00:00,260.25,260.54999,259.51999,259.85999,1513062
2025-10-23 13:30:00,259.88,260.42499,259.82999,260.20999,2337241
2025-10-23 14:00:00,260.20999,260.42001,259.84299,259.97,982951
2025-10-23 14:30:00,259.97,260.019989,259.66,259.85001,1031820
2025-10-23 15:00:00,259.85999,259.9136,259.62,259.89999,1205351
2025-10-23 15:30:00,259.91,260.049988,259.079987,259.57999,3143856
2025-10-24 09:30:00,261.19,261.62,259.17999,260.17001,4723162
2025-10-24 10:00:00,260.23999,261.29999,259.88,260.94141,2564365
2025-10-24 10:30:00,260.94,262.35001,260.79001,261.83099,2702580
2025-10-24 11:00:00,261.85001,263.35999,261.76001,263.28,2788340
2025-10-24 11:30:00,263.29001,263.78,262.95001,263.33719,2518568
2025-10-24 12:00:00,263.345,264.029999,263.3002,263.57999,1940098
2025-10-24 12:30:00,263.59,263.6084,262.85001,263.10989,1416284
2025-10-24 13:00:00,263.10001,263.70999,263.089996,263.60999,1514172
2025-10-24 13:30:00,263.60999,264.089996,263.41,263.90009,1446769
2025-10-24 14:00:00,263.89001,264.13,263.60001,264.019989,1397099
2025-10-24 14:30:00,264.024994,264.10001,263.42001,263.51999,1539771
2025-10-24 15:00:00,263.51001,263.565,263.14999,263.5,1647778
2025-10-24 15:30:00,263.51001,263.66,262.13,262.73999,4742484
2025-10-27 09:30:00,264.88,266.66,264.65009,266.25,6429106
2025-10-27 10:00:00,266.23999,267.049988,265.66,265.73001,2890405
2025-10-27 10:30:00,265.73999,266.42001,265.20001,265.38501,2260436
2025-10-27 11:00:00,265.39999,266.10001,265.19501,265.70999,1790416
2025-10-27 11:30:00,265.70999,265.78,265.049988,265.41019,1741801
2025-10-27 12:00:00,265.42001,266.089996,265.23999,265.92999,1776094
2025-10-27 12:30:00,265.94,266.125,265.56,265.59,1329922
2025-10-27 13:00:00,265.59201,265.8855,265.51001,265.62,2001225
2025-10-27 13:30:00,265.63,266.015015,265.51001,265.86011,1236705
2025-10-27 14:00:00,265.85999,265.85999,265.52151,265.595,935050
2025-10-27 14:30:00,265.59,266.32999,265.47,266.23499,1582125
2025-10-27 15:00:00,266.23499,267.39999,266.030212,267.27499,2677064
2025-10-27 15:30:00,267.26999,269.079987,267.20999,268.73999,6996092
2025-10-28 09:30:00,269.13501,269.87,268.26001,268.98999,8297442
2025-10-28 10:00:00,268.98001,269.059998,268.25,268.64999,3535324
2025-10-28 10:30:00,268.6423,269.14001,268.14999,268.82001,2032703
2025-10-28 11:00:00,268.87,269.070007,268.31,268.6972,1517681
2025-10-28 11:30:00,268.69501,269.075806,268.35001,268.91,1638480
2025-10-28 12:00:00,268.9119,269.059998,268.66,268.995,1119572
2025-10-28 12:30:00,268.98001,269.87,268.82001,269.59,1944953
2025-10-28 13:00:00,269.60001,269.73999,268.94501,269.495,1558911
2025-10-28 13:30:00,269.495,269.495,268.79999,268.92999,1570181
2025-10-28 14:00:00,268.90341,269.29999,268.86499,269.09021,1611489
2025-10-28 14:30:00,269.10501,269.23499,268.78,269.11499,1662306
2025-10-28 15:00:00,269.11499,269.44,268.92001,269.20001,2458043
2025-10-28 15:30:00,269.20001,269.35501,268.60001,269.029999,5339653
2025-10-29 09:30:00,269.27499,271.29001,268.70001,270.89001,7641365
2025-10-29 10:00:00,270.94,271.41,270.17999,270.42001,2567865
2025-10-29 10:30:00,270.41,270.44501,268.61499,268.85001,3249547
2025-10-29 11:00:00,268.84,269.20999,267.51221,267.63,2998292
2025-10-29 11:30:00,267.60999,268.17001,267.10999,267.76999,2844568
2025-10-29 12:00:00,267.78,268.85999,267.70001,268.62,1750553
2025-10-29 12:30:00,268.603,269.10999,268.47009,268.87,1248209
2025-10-29 13:00:00,268.86829,269.93011,268.86829,269.93011,1817872
2025-10-29 13:30:00,269.89001,270.66,269.79001,270.44501,2656673
2025-10-29 14:00:00,270.47,270.85001,270.061615,270.81,2306505
2025-10-29 14:30:00,270.785,270.92999,268.60001,269.51001,3281121
2025-10-29 15:00:00,269.52991,269.63,268.26001,268.31,1874982
2025-10-29 15:30:00,268.32001,270.38,267.79999,269.73001,4325904
2025-10-30 09:30:00,271.98999,274.14001,270.60999,271.059998,5960020
2025-10-30 10:00:00,271.10941,271.37991,268.98999,269.089996,2427820
2025-10-30 10:30:00,269.089996,269.75,268.48001,268.89999,1745682
2025-10-30 11:00:00,268.89999,271.17001,268.89001,270.79001,2141062
2025-10-30 11:30:00,270.78,271.74799,270.26309,271.17499,1800771
2025-10-30 12:00:00,271.17001,272.39001,271.17001,272.01001,2069015
2025-10-30 12:30:00,272.0,272.06781,271.25,271.29999,1340492
2025-10-30 13:00:00,271.30991,271.98001,271.040009,271.95001,1069056
2025-10-30 13:30:00,271.95001,272.070007,271.28,272.0,1427930
2025-10-30 14:00:00,272.0,272.29999,271.47,271.75,2007125
2025-10-30 14:30:00,271.76001,272.0079956,271.17999,271.35999,1553047
2025-10-30 15:00:00,271.34,271.62991,270.995,271.34,2278302
2025-10-30 15:30:00,271.34,271.67001,271.049988,271.29001,5177440
2025-10-31 09:30:00,276.98999,277.32001,269.16,270.43701,13426253
2025-10-31 10:00:00,270.435,270.70999,269.16,270.38,3801925
2025-10-31 10:30:00,270.42999,271.55991,270.1001,270.59,2591014
2025-10-31 11:00:00,270.625,271.51999,270.39999,271.29999,2004052
2025-10-31 11:30:00,271.2999,271.54001,270.22,271.45999,1990941
2025-10-31 12:00:00,271.44,272.85849,270.73999,272.435,2310301
2025-10-31 12:30:00,272.42999,273.17001,271.48001,271.62,2157861
2025-10-31 13:00:00,271.64001,271.79001,270.14999,270.34879,1847666
2025-10-31 13:30:00,270.32999,271.59,270.10999,271.37,1217203
2025-10-31 14:00:00,271.35999,272.059906,271.22049,271.81,1179457
2025-10-31 14:30:00,271.79001,272.12,271.26999,271.67001,1204967
2025-10-31 15:00:00,271.70001,272.17499,271.38,272.10501,1696766
2025-10-31 15:30:00,272.13,272.64999,269.95999,270.25,6601078
2025-11-03 09:30:00,270.42001,270.78,266.35501,267.28,7302501
2025-11-03 10:00:00,267.37,268.70001,266.25,267.63,2921016
2025-11-03 10:30:00,267.64001,268.28,267.2601,267.5499,1501271
2025-11-03 11:00:00,267.52499,267.60001,266.5,266.64001,1601275
2025-11-03 11:30:00,266.65991,268.0,266.52231,267.84,1473840
2025-11-03 12:00:00,267.85001,268.14999,267.36011,267.535,1347859
2025-11-03 12:30:00,267.51999,267.87,267.28,267.423,872912
2025-11-03 13:00:00,267.45001,268.0,267.25,267.67801,1161197
2025-11-03 13:30:00,267.7099,268.62,267.67999,268.13,871818
2025-11-03 14:00:00,268.14001,268.29999,267.31,267.31,1203450
2025-11-03 14:30:00,267.32001,267.53,266.91,267.19501,987720
2025-11-03 15:00:00,267.20999,267.79001,266.95221,267.62,1255714
2025-11-03 15:30:00,267.63,269.10999,267.45999,269.059998,3383138
2025-11-04 09:30:00,268.24249,269.59,267.61499,268.3002,8267818
2025-11-04 10:00:00,268.33499,269.049988,267.89001,268.42999,3443654
2025-11-04 10:30:00,268.42999,268.91,267.70999,268.2735,1003123
2025-11-04 11:00:00,268.2742,271.0,268.2702,270.60999,2275231
2025-11-04 11:30:00,270.64001,271.48599,270.10001,270.54999,2403700
2025-11-04 12:00:00,270.57001,270.59271,268.98001,270.01001,1443126
2025-11-04 12:30:00,270.0050049,270.92999,269.89001,270.76999,1147632
2025-11-04 13:00:00,270.745,270.85999,270.39999,270.6384,924821
2025-11-04 13:30:00,270.60999,270.82001,270.070007,270.48999,1384884
2025-11-04 14:00:00,270.48001,270.79999,269.87,270.51041,1177648
2025-11-04 14:30:00,270.53,270.60999,270.059998,270.39999,1134907
2025-11-04 15:00:00,270.42001,270.48999,269.28271,270.090515,1459281
2025-11-04 15:30:00,270.10001,270.405,269.5,270.20999,3522361
2025-11-05 09:30:00,268.59,269.57001,266.92999,269.23499,6539210
2025-11-05 10:00:00,269.20001,269.5899,268.55499,269.010101,1456343
2025-11-05 10:30:00,268.98999,269.73999,268.76001,269.37091,1028039
2025-11-05 11:00:00,269.39999,270.38,268.92999,270.29001,1141396
2025-11-05 11:30:00,270.28,270.47,269.97501,269.99091,826406
2025-11-05 12:00:00,270.01001,270.089996,269.5,269.97,805435
2025-11-05 12:30:00,269.97,270.79001,269.92999,270.54001,739786
2025-11-05 13:00:00,270.54001,270.67001,269.97,270.12,686806
2025-11-05 13:30:00,270.10999,270.35001,269.82001,270.070007,651169
2025-11-05 14:00:00,270.049988,271.70001,269.76999,270.42999,11938877
2025-11-05 14:30:00,270.41,271.5,269.64001,269.66641,1434038
2025-11-05 15:00:00,269.64001,270.0,269.53,269.60001,7231910
2025-11-05 15:30:00,269.60999,270.39999,268.995,270.10999,11020583
2025-11-06 09:30:00,267.89001,270.01001,267.89001,269.94101,4124840
2025-11-06 10:00:00,269.94,272.82001,269.0914,272.82001,3168447
2025-11-06 10:30:00,272.828,273.39999,271.55011,272.28,7156614
2025-11-06 11:00:00,272.285,272.6593,271.63,272.18149,2077769
2025-11-06 11:30:00,272.17999,272.22,270.54001,270.57999,1880840
2025-11-06 12:00:00,270.60001,271.45001,270.39001,271.42499,1317193
2025-11-06 12:30:00,271.42001,272.46979,271.33041,272.27499,1489363
2025-11-06 13:00:00,272.27499,272.45001,270.92001,271.35001,1132476
2025-11-06 13:30:00,271.37,271.77631,271.020386,271.39539,865455
2025-11-06 14:00:00,271.41,272.16,271.34,271.99011,918031
2025-11-06 14:30:00,272.0050049,272.20001,270.73499,271.2356,1189818
2025-11-06 15:00:00,271.23001,271.67001,271.049988,271.20999,9751119
2025-11-06 15:30:00,271.20001,271.5202,269.595,269.64001,3825533
2025-11-07 09:30:00,269.79501,270.5,267.26999,270.0,4738107
2025-11-07 10:00:00,269.92999,272.29001,269.81329,271.57999,3117283
2025-11-07 10:30:00,271.56,271.97,270.61179,270.67001,1931411
2025-11-07 11:00:00,270.655,271.20999,269.48001,269.53,2059794
2025-11-07 11:30:00,269.51999,269.89001,268.56,268.89499,1534919
2025-11-07 12:00:00,268.88,269.47,268.32001,269.10999,1741344
2025-11-07 12:30:00,269.11499,269.14001,268.27011,268.79129,1106230
2025-11-07 13:00:00,268.79999,269.045013,268.058807,268.45001,935460
2025-11-07 13:30:00,268.45001,268.66,267.64001,268.13,1120038
2025-11-07 14:00:00,268.059998,268.3504,267.095001,267.25,1097510
2025-11-07 14:30:00,267.26001,268.5,267.26001,267.6232,2242244
2025-11-07 15:00:00,267.60001,267.85999,266.78,267.75989,1679083
2025-11-07 15:30:00,267.76001,268.57999,267.69,268.42001,3276821
2025-11-10 09:30:00,268.95001,273.73001,268.95001,273.27499,5200961
2025-11-10 10:00:00,273.255,273.29001,271.54001,271.85699,1830020
2025-11-10 10:30:00,271.82999,271.98999,270.57999,270.75989,1610478
2025-11-10 11:00:00,270.73001,270.79001,269.049988,269.066406,1473198
2025-11-10 11:30:00,269.040009,269.35001,268.48999,269.31,1318050
2025-11-10 12:00:00,269.32501,269.75879,268.98999,269.079987,1028163
2025-11-10 12:30:00,269.070007,269.77499,269.01001,269.54999,902652
2025-11-10 13:00:00,269.54999,270.23001,269.51001,269.73001,904790
2025-11-10 13:30:00,269.70999,270.14999,269.60001,269.98999,842203
2025-11-10 14:00:00,269.995,270.30771,267.45499,269.66,2346464
2025-11-10 14:30:00,269.63,269.81,269.39001,269.51999,1136980
2025-11-10 15:00:00,269.51999,269.63,269.049988,269.11859,1111230
2025-11-10 15:30:00,269.10001,269.60001,268.76001,269.35999,2892894
2025-11-11 09:30:00,269.81,274.37,269.79999,273.84,5907765
2025-11-11 10:00:00,273.83499,274.73999,272.51999,274.10001,3336943
2025-11-11 10:30:00,274.10001,274.3461,272.61499,272.9617,2131207
2025-11-11 11:00:00,272.98001,273.57999,272.42999,272.5,1321289
2025-11-11 11:30:00,272.51001,272.5325,271.78,271.95001,1203708
2025-11-11 12:00:00,271.92999,273.61499,271.8718,273.315,1321906
2025-11-11 12:30:00,273.32999,273.89999,273.029999,273.82999,1259873
2025-11-11 13:00:00,273.82999,274.70001,273.70001,274.48001,1374893
2025-11-11 13:30:00,274.48999,274.98001,274.16,274.45999,1481108
2025-11-11 14:00:00,274.45001,275.66,274.19,275.32001,8785255
2025-11-11 14:30:00,275.32999,275.54999,275.049988,275.54999,1170904
2025-11-11 15:00:00,275.54001,275.76001,275.22,275.25,1482527
2025-11-11 15:30:00,275.23999,275.845,274.79999,275.29999,4039713
2025-11-12 09:30:00,275.075012,275.23999,271.87,272.16,8550466
2025-11-12 10:00:00,272.16,273.44989,272.0,272.94,2167959
2025-11-12 10:30:00,272.91,274.39899,272.54999,274.13251,2006659
2025-11-12 11:00:00,274.10999,274.60999,273.81,274.60001,1321506
2025-11-12 11:30:00,274.59,274.85001,273.87,274.1701,1409364
2025-11-12 12:00:00,274.20001,274.4599,273.72501,274.39001,694977
2025-11-12 12:30:00,274.38,274.79999,274.12,274.56,686322
2025-11-12 13:00:00,274.57999,275.14001,274.5,274.98001,955805
2025-11-12 13:30:00,274.98999,275.45999,274.73911,275.41,918654
2025-11-12 14:00:00,275.44,275.73001,274.42999,274.45001,1094913
2025-11-12 14:30:00,274.45001,274.69,274.14001,274.34,949451
2025-11-12 15:00:00,274.33499,274.41101,273.5,274.049988,1110049
2025-11-12 15:30:00,274.049988,274.39999,272.97,273.47,12095413
2025-11-13 09:30:00,274.26999,276.69901,273.59,275.147,7993755
2025-11-13 10:00:00,275.13,275.16,273.29001,273.70999,2020965
2025-11-13 10:30:00,273.7001,273.72501,272.17999,272.92999,2049720
2025-11-13 11:00:00,272.94501,274.19,272.38,274.037109,1881786
2025-11-13 11:30:00,274.029999,274.4899,273.049988,273.73001,1301561
2025-11-13 12:00:00,273.73001,274.040009,272.45999,272.85999,1038283
2025-11-13 12:30:00,272.84,273.039307,272.5,272.60989,940392
2025-11-13 13:00:00,272.60999,273.32001,272.5,272.5701,5451143
2025-11-13 13:30:00,272.56,273.85001,272.10001,273.43921,1788253
2025-11-13 14:00:00,273.45999,273.79999,272.87,273.53,1272647
2025-11-13 14:30:00,273.535,273.69,272.54999,272.98001,1187143
2025-11-13 15:00:00,272.98001,273.12,272.54501,273.039612,1415901
2025-11-13 15:30:00,273.029999,273.60001,272.5,273.040009,11025353
2025-11-14 09:30:00,271.049988,273.081696,269.60001,273.0,8234718
2025-11-14 10:00:00,273.01001,273.89001,272.16,273.75919,2383104
2025-11-14 10:30:00,273.76999,274.53,273.20001,274.24551,1861100
2025-11-14 11:00:00,274.259,274.64999,273.52731,274.64999,1708803
2025-11-14 11:30:00,274.64499,274.94989,273.54999,274.82999,2202792
2025-11-14 12:00:00,274.79999,275.92001,274.56,275.70499,2049201
2025-11-14 12:30:00,275.70999,275.95831,274.84979,275.13,1159480
2025-11-14 13:00:00,275.12,275.12,274.23001,274.58499,804277
2025-11-14 13:30:00,274.57001,274.76001,273.84,274.14999,792806
2025-11-14 14:00:00,274.16681,274.42001,273.85001,273.95999,801045
2025-11-14 14:30:00,273.97,274.25,273.79999,274.019989,827120
2025-11-14 15:00:00,274.019989,274.23999,272.89001,272.98999,1279216
2025-11-14 15:30:00,272.97,273.26001,272.17001,272.54999,3210889
2025-11-17 09:30:00,268.72,270.48999,267.0,270.040009,6800786
2025-11-17 10:00:00,270.01001,270.32001,268.83719,269.28,1709020
2025-11-17 10:30:00,269.23001,269.39001,267.76001,268.0,1688953
2025-11-17 11:00:00,268.0,268.19,266.64999,267.87991,1690808
2025-11-17 11:30:00,267.85001,269.54999,267.82001,269.52991,1270222
2025-11-17 12:00:00,269.51001,269.51999,268.67999,268.92001,819775
2025-11-17 12:30:00,268.94,269.35001,267.87,267.88501,1032440
2025-11-17 13:00:00,267.92999,268.12,267.44,267.78,891002
2025-11-17 13:30:00,267.76999,268.34,267.17639,267.28,919183
2025-11-17 14:00:00,267.26999,267.505,266.85999,267.29001,1111808
2025-11-17 14:30:00,267.29501,267.38,265.84399,265.85049,1184431
2025-11-17 15:00:00,265.84,266.58499,265.73001,266.44,1553557
2025-11-17 15:30:00,266.44,267.57999,266.19,267.45999,3487816
2025-11-18 09:30:00,269.91501,270.70499,266.45001,266.73001,4997955
2025-11-18 10:00:00,266.72501,267.95001,265.32001,267.64999,3222030
2025-11-18 10:30:00,267.66501,268.12,266.45999,266.54999,1599925
2025-11-18 11:00:00,266.54001,268.12,266.028015,267.84,1921887
2025-11-18 11:30:00,267.84,268.33801,267.26999,267.70001,1604327
2025-11-18 12:00:00,267.70001,268.20999,267.14001,267.16501,1138130
2025-11-18 12:30:00,267.16,268.79001,266.42999,268.56,1217432
2025-11-18 13:00:00,268.57861,268.92999,268.019989,268.45001,1065087
2025-11-18 13:30:00,268.45001,269.22,268.17001,268.26999,1097655
2025-11-18 14:00:00,268.26999,268.73001,267.95999,268.034485,1078905
2025-11-18 14:30:00,268.049988,268.79999,267.67999,268.79001,1115271
2025-11-18 15:00:00,268.79001,268.92499,267.98001,268.28021,999866
2025-11-18 15:30:00,268.29999,268.42999,267.32999,267.51001,3127789
2025-11-19 09:30:00,265.52499,270.91,265.5,270.88501,4350164
2025-11-19 10:00:00,270.92001,272.20999,270.44,271.85001,2428398
2025-11-19 10:30:00,271.8501,272.01001,270.058502,270.26999,1487116
2025-11-19 11:00:00,270.23001,270.57001,269.3201,269.73001,1305230
2025-11-19 11:30:00,269.75,270.59,269.53,270.56,1044060
2025-11-19 12:00:00,270.5618,270.655,269.72,270.39999,956970
2025-11-19 12:30:00,270.45999,271.0,269.62,270.845,1035563
2025-11-19 13:00:00,270.845,271.31,270.01001,270.029999,1014199
2025-11-19 13:30:00,270.01001,271.01001,269.95001,270.79999,885777
2025-11-19 14:00:00,270.88,270.94,269.63,269.67001,758349
2025-11-19 14:30:00,269.67001,270.10999,269.17001,269.76999,919272
2025-11-19 15:00:00,269.70001,270.73499,269.66,270.035004,1218587
2025-11-19 15:30:00,270.0,270.32999,268.14001,268.54999,9741413
2025-11-20 09:30:00,270.81,275.42999,270.81,274.94,6090820
2025-11-20 10:00:00,274.95499,275.10001,273.095001,273.905,1779067
2025-11-20 10:30:00,273.91,274.73001,273.19,273.54001,1418015
2025-11-20 11:00:00,273.60001,273.60001,271.62,271.78,1438910
2025-11-20 11:30:00,271.78,271.78,269.0,269.349,1746439
2025-11-20 12:00:00,269.32001,270.0,268.049988,268.94,2309667
2025-11-20 12:30:00,268.87,269.25,267.020111,267.51999,1571874
2025-11-20 13:00:00,267.51001,269.20999,267.31,268.81,1410063
2025-11-20 13:30:00,268.79001,268.92999,266.51999,266.94,1231250
2025-11-20 14:00:00,266.98001,268.070007,266.35999,267.79501,1161139
2025-11-20 14:30:00,267.78,267.91,267.019989,267.80499,859469
2025-11-20 15:00:00,267.81,267.88,267.0,267.32001,1234979
2025-11-20 15:30:00,267.32001,267.57999,265.92001,266.38,3489586
2025-11-21 09:30:00,265.88,269.61609,265.82001,268.29001,7488418
2025-11-21 10:00:00,268.32999,270.45001,267.81021,269.85001,3170240
2025-11-21 10:30:00,269.79001,271.47,269.22,270.88,3019045
2025-11-21 11:00:00,270.85999,271.14001,269.67001,270.89999,1810949
2025-11-21 11:30:00,270.89001,271.079987,269.81,270.84,1522739
2025-11-21 12:00:00,270.89999,271.12,270.39951,270.54999,10112964
2025-11-21 12:30:00,270.63,271.60001,270.63,271.23999,1127829
2025-11-21 13:00:00,271.245,271.44821,270.20001,270.98001,895991
2025-11-21 13:30:00,270.98001,273.070007,270.86499,272.48001,1880323
2025-11-21 14:00:00,272.45999,273.315,272.315,272.60999,1682523
2025-11-21 14:30:00,272.57501,273.28,271.92999,272.19,1730858
2025-11-21 15:00:00,272.14001,272.31,271.35001,271.37,1405108
2025-11-21 15:30:00,271.35001,272.13,270.59,271.5,17443143
2025-11-24 09:30:00,270.89999,275.92001,270.89999,273.505,5986247
2025-11-24 10:00:00,273.48001,273.84,272.35001,273.095001,2009446
2025-11-24 10:30:00,273.079987,274.26999,272.64999,273.79001,5285195
2025-11-24 11:00:00,273.79999,275.38959,273.75,275.0,1947352
2025-11-24 11:30:00,274.97,275.26999,274.44,275.01001,1500908
2025-11-24 12:00:00,275.01001,275.20999,274.70999,274.85001,1082181
2025-11-24 12:30:00,274.85001,275.35001,274.75,275.19,1323439
2025-11-24 13:00:00,275.20511,276.51001,275.14999,276.12,2080793
2025-11-24 13:30:00,276.12,276.37,275.85001,276.029999,1292855
2025-11-24 14:00:00,276.019989,276.45001,275.89999,276.21951,1147266
2025-11-24 14:30:00,276.23001,276.26001,275.35501,276.089996,1511453
2025-11-24 15:00:00,276.10001,276.655,275.98,276.47501,1487480
2025-11-24 15:30:00,276.47,276.98001,275.10999,275.98001,4904039
2025-11-25 09:30:00,275.29999,280.38,275.26999,279.38,7394886
2025-11-25 10:00:00,279.39999,279.42001,277.66,278.905,2328722
2025-11-25 10:30:00,278.89001,279.63,278.51999,278.83899,1514927
2025-11-25 11:00:00,278.83499,279.049988,277.78,277.82999,1325506
2025-11-25 11:30:00,277.82001,278.73999,277.5,278.66,1344172
2025-11-25 12:00:00,278.64999,279.31,278.32001,279.070099,1160507
2025-11-25 12:30:00,279.089996,279.37,278.40451,278.53,1082243
2025-11-25 13:00:00,278.53,278.81,278.23001,278.76001,842870
2025-11-25 13:30:00,278.76501,278.78,278.26999,278.29999,849342
2025-11-25 14:00:00,278.28,278.37,277.79001,278.035004,878385
2025-11-25 14:30:00,278.040009,278.14499,277.51001,277.51001,839461
2025-11-25 15:00:00,277.51999,278.059998,277.4975,277.565,1070334
2025-11-25 15:30:00,277.56,278.0,276.85999,276.95001,2448205
2025-11-26 09:30:00,276.95999,279.047485,276.85001,277.10239,3611297
2025-11-26 10:00:00,277.01001,277.9299,276.63,277.81,1474810
2025-11-26 10:30:00,277.79001,278.23999,276.81,278.079987,1230068
2025-11-26 11:00:00,278.11011,279.14001,277.86609,279.010101,1280543
2025-11-26 11:30:00,279.029999,279.53,278.87,279.29999,1558845
2025-11-26 12:00:00,279.32001,279.4299,278.89001,279.07901,1027509
2025-11-26 12:30:00,279.070007,279.29001,278.57999,278.88,997873
2025-11-26 13:00:00,278.87,279.075012,278.095001,278.54999,873406
2025-11-26 13:30:00,278.56,278.58179,277.98001,278.12,673640
2025-11-26 14:00:00,278.10999,278.44,277.92499,278.26001,759324
2025-11-26 14:30:00,278.2601,278.45999,278.089996,278.4101,669405
2025-11-26 15:00:00,278.43661,278.94,278.01001,278.079987,1283849
2025-11-26 15:30:00,278.070007,278.29999,277.14999,277.47,9116002
2025-11-28 09:30:00,277.26001,278.2392,276.019989,276.27011,2937050
2025-11-28 10:00:00,276.32001,276.92999,276.13,276.26001,1103413
2025-11-28 10:30:00,276.29001,276.88,276.20001,276.45999,848413
2025-11-28 11:00:00,276.465,276.91989,275.98999,276.25,895424
2025-11-28 11:30:00,276.245,276.79999,275.98651,276.67001,833710
2025-11-28 12:00:00,276.66501,277.1601,276.42999,277.049988,957696
2025-11-28 12:30:00,277.059998,279.0,276.90079,278.85999,2505536
2025-12-01 09:30:00,278.14999,278.76999,276.14001,277.58499,3486576
2025-12-01 10:00:00,277.57001,278.16,276.88,278.14209,1627797
2025-12-01 10:30:00,278.10001,278.30499,277.30499,278.059998,897498
2025-12-01 11:00:00,278.059998,278.4801,277.6778,277.92001,833634
2025-12-01 11:30:00,277.89999,279.28989,277.89001,278.82501,1119231
2025-12-01 12:00:00,278.79999,279.89001,278.75,279.77051,972688
2025-12-01 12:30:00,279.77499,279.94,279.45999,279.51001,879092
2025-12-01 13:00:00,279.48999,280.64001,279.48999,280.5882,1343255
2025-12-01 13:30:00,280.59009,281.040009,280.45001,280.9194,1307633
2025-12-01 14:00:00,280.92001,281.22,280.73001,280.89001,1612232
2025-12-01 14:30:00,280.88,281.72,280.70999,281.51999,1491077
2025-12-01 15:00:00,281.5,281.94,281.45999,281.91,1425619
2025-12-01 15:30:00,281.92001,283.41,281.73001,283.32001,5357873
2025-12-02 09:30:00,283.0,285.049988,282.73001,283.39001,5355002
2025-12-02 10:00:00,283.39499,285.30899,283.26001,284.57001,2523171
2025-12-02 10:30:00,284.54001,286.98001,284.14999,286.95551,3605825
2025-12-02 11:00:00,286.94,287.39999,285.37,285.54001,2615787
2025-12-02 11:30:00,285.54001,285.94,284.82999,285.14999,1612304
2025-12-02 12:00:00,285.15131,285.99991,284.82999,285.87,1234752
2025-12-02 12:30:00,285.88,286.34,285.16,285.16351,1179349
2025-12-02 13:00:00,285.14999,285.47,284.94,285.215,1546309
2025-12-02 13:30:00,285.20001,285.39999,285.015015,285.13989,834641
2025-12-02 14:00:00,285.12,286.13,285.10999,285.625,1312307
2025-12-02 14:30:00,285.60001,286.64999,285.58011,286.40811,1303505
2025-12-02 15:00:00,286.41,286.82001,286.1001,286.23999,11800562
2025-12-02 15:30:00,286.23999,286.60999,285.70999,286.23001,3132652
2025-12-03 09:30:00,286.20001,288.60999,285.89999,287.85001,4868426
2025-12-03 10:00:00,287.845,288.23999,287.29999,287.34052,1758802
2025-12-03 10:30:00,287.32001,287.59,286.029999,286.040009,2082642
2025-12-03 11:00:00,286.019989,286.73999,285.75,286.41,1498951
2025-12-03 11:30:00,286.42001,286.82001,285.64001,285.84,1163550
2025-12-03 12:00:00,285.82999,286.45499,285.5,286.38501,963409
2025-12-03 12:30:00,286.35001,286.44,285.70999,285.86551,822210
2025-12-03 13:00:00,285.88,286.089996,285.34,285.67929,1305176
2025-12-03 13:30:00,285.67999,285.94,285.44019,285.48001,649327
2025-12-03 14:00:00,285.45999,285.63,284.88431,285.20999,969276
2025-12-03 14:30:00,285.23001,285.24991,284.37,284.76981,1495045
2025-12-03 15:00:00,284.76001,284.82999,284.27499,284.55499,9663286
2025-12-03 15:30:00,284.54999,284.70001,283.54001,284.14999,3725552
2025-12-04 09:30:00,284.10999,284.73001,281.19501,281.44,4101063
2025-12-04 10:00:00,281.42999,282.079987,280.26999,281.22501,2309780
2025-12-04 10:30:00,281.20999,281.60001,280.44,280.76999,1586464
2025-12-04 11:00:00,280.78,281.02,279.81,280.28,1405990
2025-12-04 11:30:00,280.285,280.9335,280.14001,280.3429,1189365
2025-12-04 12:00:00,280.32999,280.73999,279.93781,280.11499,1096029
2025-12-04 12:30:00,280.13,280.48669,279.81,280.31961,920019
2025-12-04 13:00:00,280.29999,280.31989,279.64001,280.0050049,886210
2025-12-04 13:30:00,279.98999,280.10001,279.38,279.38,1139915
2025-12-04 14:00:00,279.38,279.57001,278.59,278.85999,6625234
2025-12-04 14:30:00,278.85999,280.35001,278.82001,280.34,1352926
2025-12-04 15:00:00,280.32999,280.73001,280.089996,280.125,1455070
2025-12-04 15:30:00,280.12,280.69,279.57999,280.64999,3165508
2025-12-05 09:30:00,280.54001,281.049988,279.26999,280.17999,2823840
2025-12-05 10:00:00,280.20999,281.14001,279.67999,280.45511,1569305
2025-12-05 10:30:00,280.45999,280.98001,279.81,280.075012,1255260
2025-12-05 11:00:00,280.079987,280.32001,279.29001,279.29501,2323987
2025-12-05 11:30:00,279.29999,279.32999,278.76001,278.78,1216387
2025-12-05 12:00:00,278.76999,278.85001,278.11499,278.315,1109281
2025-12-05 12:30:00,278.315,279.45001,278.049988,279.39001,960654
2025-12-05 13:00:00,279.38,279.4801,278.89001,279.44,732651
2025-12-05 13:30:00,279.48001,279.57001,278.58499,278.70001,754667
2025-12-05 14:00:00,278.69,279.44589,278.64999,279.2338,799165
2025-12-05 14:30:00,279.23001,279.29999,278.72839,278.88321,968461
2025-12-05 15:00:00,278.89001,278.94501,278.54001,278.80139,968777
2025-12-05 15:30:00,278.79999,279.024994,278.19,278.79001,2719470
2025-12-08 09:30:00,278.16849,279.66931,277.45001,277.953,4414706
2025-12-08 10:00:00,277.95499,278.5199,277.48999,277.56,1871220
2025-12-08 10:30:00,277.54999,277.85999,277.049988,277.33499,1533115
2025-12-08 11:00:00,277.33499,277.88,276.70499,277.45999,1793211
2025-12-08 11:30:00,277.47,277.70001,277.000091553,277.48499,932444
2025-12-08 12:00:00,277.48999,277.819,277.049988,277.23001,964037
2025-12-08 12:30:00,277.20999,277.54001,276.87,277.32999,1031458
2025-12-08 13:00:00,277.32001,277.84991,276.92001,276.97,967566
2025-12-08 13:30:00,276.94949,276.94949,276.20001,276.37,915394
2025-12-08 14:00:00,276.35999,276.73999,276.20999,276.35999,909714
2025-12-08 14:30:00,276.37,276.5871,276.14999,276.31,895963
2025-12-08 15:00:00,276.32001,276.97,276.29999,276.92499,8250092
2025-12-08 15:30:00,276.92999,277.98499,276.66,277.95999,2613900
2025-12-09 09:30:00,277.89001,280.029999,277.89001,278.565,3677052
2025-12-09 10:00:00,278.54999,278.54999,277.35001,277.70001,1664452
2025-12-09 10:30:00,277.70001,278.0,277.22,277.82501,1191566
2025-12-09 11:00:00,277.82501,277.98999,277.029999,277.41,1098585
2025-12-09 11:30:00,277.41,278.019989,277.20001,277.98499,816098
2025-12-09 12:00:00,277.98499,278.12,277.38,277.875,880831
2025-12-09 12:30:00,277.875,278.60001,277.79999,278.32001,878501
2025-12-09 13:00:00,278.32001,278.73999,278.17001,278.38501,1109954
2025-12-09 13:30:00,278.38501,278.69901,278.12,278.66,575964
2025-12-09 14:00:00,278.66,278.89001,278.48001,278.69,686929
2025-12-09 14:30:00,278.69,278.75,277.7601,277.82999,833918
2025-12-09 15:00:00,277.82999,278.13501,277.64999,277.86499,1072620
2025-12-09 15:30:00,277.86499,278.25,276.92001,277.23001,8158460
2025-12-10 09:30:00,277.87,278.793,276.58499,277.88,2565000
2025-12-10 10:00:00,277.875,277.97501,276.92999,277.45001,1303165
2025-12-10 10:30:00,277.45499,277.54001,276.59,276.75,947115
2025-12-10 11:00:00,276.72299,278.28,276.44,278.25769,932925
2025-12-10 11:30:00,278.23001,278.89001,277.97501,278.75,835307
2025-12-10 12:00:00,278.73999,278.77991,278.26001,278.52649,776611
2025-12-10 12:30:00,278.51999,279.28,278.23999,278.70999,658027
2025-12-10 13:00:00,278.66,278.98001,278.084991,278.12,716248
2025-12-10 13:30:00,278.12,278.45999,278.059998,278.39001,539574
2025-12-10 14:00:00,278.35999,279.22,277.91,278.22,1092216
2025-12-10 14:30:00,278.22,279.5925,277.70001,279.38,5863564
2025-12-10 15:00:00,279.39999,279.75,278.94,278.98001,1248495
2025-12-10 15:30:00,278.98999,279.37,278.59,278.72,2242651
2025-12-11 09:30:00,279.095001,279.57999,273.81,274.20999,4177312
2025-12-11 10:00:00,274.20001,276.54999,274.01001,276.12,2709896
2025-12-11 10:30:00,276.11499,276.29221,275.20001,275.92999,1219029
2025-12-11 11:00:00,275.94,276.59,275.63,275.82501,1124578
2025-12-11 11:30:00,275.82001,277.72,275.81,276.73001,1145565
2025-12-11 12:00:00,276.72,278.17999,276.66,277.905,1268575
2025-12-11 12:30:00,277.92001,278.35001,277.47,277.59,827297
2025-12-11 13:00:00,277.57999,277.95999,277.38,277.52261,646361
2025-12-11 13:30:00,277.52499,278.20999,277.51001,277.70499,702843
2025-12-11 14:00:00,277.70001,277.98999,277.52499,277.76001,729474
2025-12-11 14:30:00,277.76001,278.019989,277.59131,277.63,908901
2025-12-11 15:00:00,277.64001,278.215,277.60999,278.095001,908733
2025-12-11 15:30:00,278.089996,278.20999,277.47,278.059998,1985352
2025-12-12 09:30:00,277.79501,279.22,276.82001,278.95499,2365206
2025-12-12 10:00:00,278.94,279.15991,277.82001,277.87,1542122
2025-12-12 10:30:00,277.88,278.85999,277.54001,277.85001,1614050
2025-12-12 11:00:00,277.79999,278.38,277.44,277.73999,1871495
2025-12-12 11:30:00,277.76999,278.029999,277.28079,277.73001,1091972
2025-12-12 12:00:00,277.70001,278.44,277.64001,277.85501,1004160
2025-12-12 12:30:00,277.83499,279.19,277.83499,278.76999,1400209
2025-12-12 13:00:00,278.79001,279.19,278.5,279.049988,1164516
2025-12-12 13:30:00,279.040009,279.049988,278.32001,278.35999,1223101
2025-12-12 14:00:00,278.35999,278.42999,277.73001,277.95001,1131364
2025-12-12 14:30:00,277.95001,278.44479,277.81,278.38,946876
2025-12-12 15:00:00,278.37,278.82,277.90009,278.054993,1450333
2025-12-12 15:30:00,278.049988,278.5,276.94501,278.37,2787871
2025-12-15 09:30:00,280.0,280.049988,274.16,274.85001,5472816
2025-12-15 10:00:00,274.82001,275.59,273.62,274.14499,2641146
2025-12-15 10:30:00,274.17001,274.81,273.72,274.37,2131972
2025-12-15 11:00:00,274.39001,275.64041,274.040009,275.51001,5272022
2025-12-15 11:30:00,275.54001,275.69501,274.14999,274.95001,1171617
2025-12-15 12:00:00,274.95001,275.17999,274.48999,274.92001,964667
2025-12-15 12:30:00,274.92499,275.10001,274.38,274.70001,977176
2025-12-15 13:00:00,274.69501,274.81,273.73001,274.040009,1015512
2025-12-15 13:30:00,274.019989,274.25,273.44,273.91,1070283
2025-12-15 14:00:00,273.905,274.14999,273.079987,273.37,1359870
2025-12-15 14:30:00,273.38,273.57999,272.84,273.5405,1347235
2025-12-15 15:00:00,273.54001,273.8425,273.23001,273.80499,1457381
2025-12-15 15:30:00,273.81,274.72,273.51999,274.11499,4104430
2025-12-16 09:30:00,272.82001,274.029999,271.79001,273.60999,3680228
2025-12-16 10:00:00,273.70999,273.94,272.54999,273.17001,1534078
2025-12-16 10:30:00,273.17001,273.82001,272.5,273.42001,1193649
2025-12-16 11:00:00,273.42001,273.73999,272.57001,272.81,1088410
2025-12-16 11:30:00,272.79999,273.94,272.69,273.91,945583
2025-12-16 12:00:00,273.89001,274.28,273.16,273.20001,984221
2025-12-16 12:30:00,273.19989,273.48999,272.10001,272.17999,4736105
2025-12-16 13:00:00,272.17001,272.54001,271.79999,272.13,1135838
2025-12-16 13:30:00,272.13501,273.91,272.13501,273.70999,1130502
2025-12-16 14:00:00,273.70001,273.76001,272.98999,273.565,877536
2025-12-16 14:30:00,273.565,274.42001,273.54001,274.12,934469
2025-12-16 15:00:00,274.089996,274.79999,274.019989,274.56,978120
2025-12-16 15:30:00,274.54999,275.5,274.45001,274.47,2361847
2025-12-17 09:30:00,275.01001,276.16,274.82999,275.31,3080753
2025-12-17 10:00:00,275.35999,275.85999,275.0,275.495,1494097
2025-12-17 10:30:00,275.47,275.73001,274.31,274.61499,1573557
2025-12-17 11:00:00,274.60001,275.059998,273.045013,273.48999,4207732
2025-12-17 11:30:00,273.48999,273.48999,272.31,272.63989,1217078
2025-12-17 12:00:00,272.61139,273.12991,272.28,272.87,1155731
2025-12-17 12:30:00,272.88,273.63,272.85001,273.38,851519
2025-12-17 13:00:00,273.38,273.69,272.64999,273.019989,847603
2025-12-17 13:30:00,272.99011,273.12,272.44,272.98999,908332
2025-12-17 14:00:00,272.97,273.97,272.79999,273.785,1138031
2025-12-17 14:30:00,273.76999,274.10999,273.59,273.64999,1195788
2025-12-17 15:00:00,273.66,273.95001,273.57001,273.65009,971692
2025-12-17 15:30:00,273.67001,273.87,271.69,271.85999,5130736
2025-12-18 09:30:00,273.60501,273.62,266.95999,268.82001,7164658
2025-12-18 10:00:00,268.82001,271.065002,268.38,270.89999,2962428
2025-12-18 10:30:00,270.862,272.22501,270.81,272.019989,1987634
2025-12-18 11:00:00,272.0,272.72,271.92999,272.29999,1671601
2025-12-18 11:30:00,272.29001,273.164,272.26001,272.85999,2504800
2025-12-18 12:00:00,272.85501,272.85999,269.94,270.25,6710789
2025-12-18 12:30:00,270.20001,272.42001,270.12,272.38989,1122677
2025-12-18 13:00:00,272.35999,272.75,271.85999,272.64999,797835
2025-12-18 13:30:00,272.67001,272.95999,271.60999,271.75,934686
2025-12-18 14:00:00,271.715,271.89999,271.089996,271.37,1174159
2025-12-18 14:30:00,271.37,271.39001,270.5,270.86499,9505200
2025-12-18 15:00:00,270.875,271.96991,270.67001,271.84,1444489
2025-12-18 15:30:00,271.85001,273.20001,271.785,272.16,2956766
2025-12-19 09:30:00,272.14499,272.92001,271.45471,271.70001,16658100
2025-12-19 10:00:00,271.69,272.17999,270.95001,271.73499,1916666
2025-12-19 10:30:00,271.72009,272.82001,271.17001,271.20999,1703193
2025-12-19 11:00:00,271.20999,271.95999,270.995,271.2608,1216353
2025-12-19 11:30:00,271.2623,271.45999,270.845,270.98999,1186748
2025-12-19 12:00:00,271.0,271.17001,270.26999,270.655,1442817
2025-12-19 12:30:00,270.66,271.63,270.34,271.44009,1411184
2025-12-19 13:00:00,271.45001,271.80951,270.73999,270.75,1674430
2025-12-19 13:30:00,270.76001,271.070007,270.39999,270.85999,1282516
2025-12-19 14:00:00,270.85001,271.50989,270.56,271.37,1262422
2025-12-19 14:30:00,271.38,271.73999,271.345,271.47,1088009
2025-12-19 15:00:00,271.45999,271.56,270.17499,270.79999,2020110
2025-12-19 15:30:00,270.81,274.57629,269.89999,273.67001,8193309
2025-12-22 09:30:00,272.85999,273.88,272.070007,272.48001,3991079
2025-12-22 10:00:00,272.47,272.75,271.57001,272.015015,2119829
2025-12-22 10:30:00,272.029999,272.42001,271.51001,272.32999,1437191
2025-12-22 11:00:00,272.3399,272.79999,272.20001,272.44,1030719
2025-12-22 11:30:00,272.42001,272.51001,271.92999,272.19061,973365
2025-12-22 12:00:00,272.20999,272.29999,271.51999,271.94,1141568
2025-12-22 12:30:00,271.92001,272.14001,271.39999,271.47009,1116730
2025-12-22 13:00:00,271.49179,271.50681,270.73999,270.93991,1109917
2025-12-22 13:30:00,270.935,271.14001,270.51001,270.76501,1148432
2025-12-22 14:00:00,270.76001,271.019989,270.64999,270.86499,811647
2025-12-22 14:30:00,270.87,271.079987,270.76001,270.92499,885600
2025-12-22 15:00:00,270.92499,271.10999,270.715,270.72,1114193
2025-12-22 15:30:00,270.715,271.19989,270.505,270.82001,2599971
2025-12-23 09:30:00,270.35999,271.92999,269.56,271.23001,3266121
2025-12-23 10:00:00,271.22501,271.60999,270.56,270.84,1838641
2025-12-23 10:30:00,270.84,271.57001,270.70001,271.45999,1015773
2025-12-23 11:00:00,271.44,271.95001,271.43011,271.7814,1228027
2025-12-23 11:30:00,271.815,272.31119,271.72,272.159,993448
2025-12-23 12:00:00,272.14499,272.23151,271.47299,271.53,1092871
2025-12-23 12:30:00,271.54001,271.64999,271.10999,271.60999,710371
2025-12-23 13:00:00,271.60001,271.81,271.5,271.70001,600362
2025-12-23 13:30:00,271.70001,272.12,271.64001,271.70001,657807
2025-12-23 14:00:00,271.70001,271.81,271.5,271.81,784321
2025-12-23 14:30:00,271.81,272.44,271.76001,272.084991,960437
2025-12-23 15:00:00,272.089996,272.1799,271.92999,272.10699,896685
2025-12-23 15:30:00,272.10001,272.45001,271.84,272.23999,2287709
2025-12-24 09:30:00,273.25,274.73999,273.089996,274.19501,3380270
2025-12-24 10:00:00,274.17542,274.45001,273.70001,274.035095,1209353
2025-12-24 10:30:00,274.040009,274.56909,273.91,274.56909,942242
2025-12-24 11:00:00,274.5625,275.049988,274.48999,274.85101,1153991
2025-12-24 11:30:00,274.85999,275.34,274.82999,275.14999,1085473
2025-12-24 12:00:00,275.17001,275.42999,274.97,275.35999,969682
2025-12-24 12:30:00,275.35501,275.39001,273.56,273.85001,1953652
2025-12-26 09:30:00,274.25,275.37,274.059998,274.45999,1930088
2025-12-26 10:00:00,274.465,274.82999,274.13501,274.8248,969898
2025-12-26 10:30:00,274.815,274.95999,274.45999,274.72409,716129
2025-12-26 11:00:00,274.70999,274.98001,274.37,274.88,718754
2025-12-26 11:30:00,274.88,274.935,274.53,274.57999,478923
2025-12-26 12:00:00,274.59,274.75,274.41,274.64001,600177
2025-12-26 12:30:00,274.63,274.64001,274.22501,274.5,435123
2025-12-26 13:00:00,274.48001,274.64999,274.42749,274.51999,468124
2025-12-26 13:30:00,274.52499,274.98499,274.38,274.73001,812089
2025-12-26 14:00:00,274.73001,274.814,274.51999,274.7601,635252
2025-12-26 14:30:00,274.76501,274.82999,274.47,274.49921,559280
2025-12-26 15:00:00,274.48999,274.54001,273.87009,273.98001,904267
2025-12-26 15:30:00,273.98001,273.98999,272.87,273.25,2563251
2025-12-29 09:30:00,272.69,274.35999,272.39001,273.85999,2393620
2025-12-29 10:00:00,273.87,274.019897,272.92001,273.95432,1311451
2025-12-29 10:30:00,273.95001,274.029999,272.98999,273.26001,929101
2025-12-29 11:00:00,273.25,273.45001,273.070007,273.22,604278
2025-12-29 11:30:00,273.21881,273.29001,272.82999,273.14999,653732
2025-12-29 12:00:00,273.14999,273.285,272.97,273.040009,549635
2025-12-29 12:30:00,273.040009,273.26999,272.95029,273.17999,607859
2025-12-29 13:00:00,273.16,273.67001,273.080109,273.64001,2626693
2025-12-29 13:30:00,273.63,274.0,273.56,273.8956,2615237
2025-12-29 14:00:00,273.89999,273.9101,273.44,273.67999,573319
2025-12-29 14:30:00,273.67999,274.0,273.67001,273.91,683518
2025-12-29 15:00:00,273.91,274.0,273.73001,273.9028,3670382
2025-12-29 15:30:00,273.91,273.94,273.45999,273.79901,1452813
2025-12-30 09:30:00,274.0,274.070007,272.47,273.64001,2199394
2025-12-30 10:00:00,273.62,273.70001,272.39481,272.59,1136439
2025-12-30 10:30:00,272.57999,273.049988,272.42001,272.85999,941773
2025-12-30 11:00:00,272.85999,273.32001,272.78,272.8598,769448
2025-12-30 11:30:00,272.82999,272.92001,272.31,272.38,842890
2025-12-30 12:00:00,272.37,272.63,272.28,272.59,739798
2025-12-30 12:30:00,272.59,272.97501,272.56,272.89001,520740
2025-12-30 13:00:00,272.8949,273.19,272.73001,273.10001,616632
2025-12-30 13:30:00,273.10001,273.37991,273.010101,273.23001,715989
2025-12-30 14:00:00,273.22,273.52179,273.17999,273.39001,680314
2025-12-30 14:30:00,273.38,273.45001,273.089996,273.29001,636679
2025-12-30 15:00:00,273.29001,273.47449,273.16,273.16501,759626
2025-12-30 15:30:00,273.16,273.255,272.73999,272.98999,2121973
2025-12-31 09:30:00,273.35999,273.67999,272.23181,273.059998,2042147
2025-12-31 10:00:00,273.079987,273.10999,272.38501,272.48999,901836
2025-12-31 10:30:00,272.495,272.58499,271.76001,271.89001,971949
2025-12-31 11:00:00,271.92001,272.5,271.90491,272.48999,914764
2025-12-31 11:30:00,272.48999,272.76999,272.26999,272.76141,736714
2025-12-31 12:00:00,272.76001,272.79999,272.30499,272.67001,2219937
2025-12-31 12:30:00,272.66,272.88,272.57001,272.76999,626023
2025-12-31 13:00:00,272.76599,273.10001,272.54999,272.625,819648
2025-12-31 13:30:00,272.625,273.32999,272.57999,273.29501,706320
2025-12-31 14:00:00,273.28,273.42999,272.95999,272.96091,749970
2025-12-31 14:30:00,272.97021,273.0068054,272.60339,272.70999,619221
2025-12-31 15:00:00,272.70999,272.73001,271.95999,272.079987,3536030
2025-12-31 15:30:00,272.089996,272.75,271.75,271.84,5718955
2026-01-02 09:30:00,272.0,277.8248,272.0,276.95499,5309483
2026-01-02 10:00:00,276.95499,277.75,273.37009,273.39001,2376040
2026-01-02 10:30:00,273.37,273.39001,270.60001,270.64999,2250606
2026-01-02 11:00:00,270.64999,270.84839,269.82999,270.32458,1827878
2026-01-02 11:30:00,270.29999,270.95999,269.58011,269.64999,1229081
2026-01-02 12:00:00,269.64001,270.27499,269.10999,270.14999,1202792
2026-01-02 12:30:00,270.17999,270.29999,269.73001,270.14001,5785379
2026-01-02 13:00:00,270.11731,270.48001,269.89001,270.079987,760414
2026-01-02 13:30:00,270.089996,270.14999,269.019989,269.40009,913833
2026-01-02 14:00:00,269.40729,270.24991,269.29999,270.13,1106997
2026-01-02 14:30:00,270.14001,270.70999,270.089996,270.35999,1051975
2026-01-02 15:00:00,270.35999,270.84,270.21661,270.51001,1055512
2026-01-02 15:30:00,270.53,271.049988,270.35001,270.98001,2650904
2026-01-05 09:30:00,270.63501,270.85999,267.85999,269.38501,4736188
2026-01-05 10:00:00,269.44,271.17999,269.29999,269.81,2453148
2026-01-05 10:30:00,269.79999,270.22,268.87,269.019989,1696989
2026-01-05 11:00:00,269.019989,269.35001,268.70001,268.79001,1422987
2026-01-05 11:30:00,268.78,268.85001,267.98001,268.019989,1498194
2026-01-05 12:00:00,268.035004,268.28,266.92001,266.97,1586904
2026-01-05 12:30:00,266.98999,267.64001,266.77011,267.56839,1333865
2026-01-05 13:00:00,267.57001,267.89001,267.255,267.42001,1162590
2026-01-05 13:30:00,267.41,267.66501,267.0,267.019989,1050634
2026-01-05 14:00:00,267.029999,267.35001,266.14001,266.2699,1463857
2026-01-05 14:30:00,266.26999,266.76999,266.20001,266.25,1279164
2026-01-05 15:00:00,266.25,267.040009,266.23999,267.019012,1407388
2026-01-05 15:30:00,267.029999,267.73999,266.45001,267.26001,2894622
2026-01-06 09:30:00,267.0079956,267.0079956,263.029999,264.45621,5884307
2026-01-06 10:00:00,264.48001,265.69,263.87,264.029999,2295526
2026-01-06 10:30:00,264.029999,265.10001,263.79001,263.85501,1711189
2026-01-06 11:00:00,263.85001,263.85001,262.29999,262.41989,3163951
2026-01-06 11:30:00,262.42001,263.01,262.2,262.72,1779916
2026-01-06 12:00:00,262.66,263.01,262.35999,262.88461,1469038
2026-01-06 12:30:00,262.89001,263.79999,262.73999,262.86151,1411420
2026-01-06 13:00:00,262.87,263.24,262.49011,262.845,1220456
2026-01-06 13:30:00,262.92999,263.070007,262.54001,262.89001,1013204
2026-01-06 14:00:00,262.92001,263.015015,262.63501,262.87701,1028557
2026-01-06 14:30:00,262.84,263.015015,262.54,262.64999,1363354
2026-01-06 15:00:00,262.655,262.85999,262.15,262.82001,1874090
2026-01-06 15:30:00,262.82999,263.0,262.22,262.22,2496947
2026-01-07 09:30:00,263.26999,263.67999,261.23499,261.41,4798762
2026-01-07 10:00:00,261.44,262.42999,261.20999,262.029999,2569936
2026-01-07 10:30:00,262.019989,262.29001,261.32501,261.9899,1889075
2026-01-07 11:00:00,261.98999,262.20999,260.91,261.08371,1676524
2026-01-07 11:30:00,261.084991,262.35999,261.070007,262.17999,1824028
2026-01-07 12:00:00,262.17999,262.57001,261.98999,262.35999,1511987
2026-01-07 12:30:00,262.37,262.70001,262.155,262.315,1203691
2026-01-07 13:00:00,262.315,262.32001,261.079987,261.22,1686973
2026-01-07 13:30:00,261.245,262.14999,261.13,262.01001,1408457
2026-01-07 14:00:00,262.024994,262.20001,261.26651,261.59,1165905
2026-01-07 14:30:00,261.59,262.51999,261.5101,261.84,1218849
2026-01-07 15:00:00,261.85001,261.97,261.26001,261.32999,1509057
2026-01-07 15:30:00,261.32999,261.32999,259.82001,260.35999,4547776
2026-01-08 09:30:00,256.375,257.76999,255.85001,256.29001,7005700
2026-01-08 10:00:00,256.28,257.019989,255.7,256.745,3177979
2026-01-08 10:30:00,256.72009,257.19,255.95,256.69,2359861
2026-01-08 11:00:00,256.70001,256.97,256.0,256.10999,1807232
2026-01-08 11:30:00,256.10999,258.60001,255.97,257.69501,2634576
2026-01-08 12:00:00,257.70499,257.85999,256.67999,256.70901,1257908
2026-01-08 12:30:00,256.69009,257.63,256.59799,257.39001,1339943
2026-01-08 13:00:00,257.39029,257.62,256.67999,257.48001,1108375
2026-01-08 13:30:00,257.51001,257.51999,256.84,256.935,925380
2026-01-08 14:00:00,256.92001,257.20251,256.29999,256.60001,1473975
2026-01-08 14:30:00,256.60501,257.32999,256.38,257.23001,1401155
2026-01-08 15:00:00,257.22,258.32999,257.20001,258.28,2142393
2026-01-08 15:30:00,258.28,259.28,257.96011,259.059998,3213685
2026-01-09 09:30:00,259.075012,260.0,256.38,256.935,4650269
2026-01-09 10:00:00,256.88,258.67001,256.22009,258.45999,2569784
2026-01-09 10:30:00,258.45999,258.75,257.54999,257.76999,1518968
2026-01-09 11:00:00,257.77499,258.60001,256.88,256.95999,1693351
2026-01-09 11:30:00,256.95129,257.68771,256.76639,257.67999,1768442
2026-01-09 12:00:00,257.67499,259.054993,257.54999,258.92999,1576654
2026-01-09 12:30:00,258.91,259.16,258.53,258.76071,1210781
2026-01-09 13:00:00,258.76001,259.14999,258.24011,259.12,962989
2026-01-09 13:30:00,259.13,259.54001,259.01001,259.48001,961252
2026-01-09 14:00:00,259.47501,259.95001,259.38,259.73001,1010716
2026-01-09 14:30:00,259.73001,260.20001,259.67999,259.97009,1375301
2026-01-09 15:00:00,259.95999,260.20999,259.80099,259.965,1356753
2026-01-09 15:30:00,259.95001,260.054993,258.95001,259.35001,2303687
2026-01-12 09:30:00,259.41,260.26999,256.79999,258.32999,5315537
2026-01-12 10:00:00,258.26999,261.29999,258.14999,260.35001,3190082
2026-01-12 10:30:00,260.36499,260.43231,259.049988,259.39001,1762967
2026-01-12 11:00:00,259.39999,260.45001,259.16,260.23001,1517048
2026-01-12 11:30:00,260.23001,261.10999,259.70999,261.0,1582014
2026-01-12 12:00:00,260.98999,261.079987,260.23499,260.60931,1127459
2026-01-12 12:30:00,260.60001,261.10999,260.35001,260.67499,1156631
2026-01-12 13:00:00,260.66,261.29999,260.64001,260.89001,1003721
2026-01-12 13:30:00,260.89099,260.94,260.29999,260.41,6358270
2026-01-12 14:00:00,260.39999,260.88,260.19,260.64001,1132745
2026-01-12 14:30:00,260.64999,261.17001,260.48529,261.13,1117996
2026-01-12 15:00:00,261.12,261.19,260.73001,260.97,1536551
2026-01-12 15:30:00,260.95999,261.13,260.01001,260.20999,9801908
2026-01-13 09:30:00,258.72,261.81,258.39001,259.91,6482919
2026-01-13 10:00:00,259.89999,260.48999,259.28,260.090088,1995648
2026-01-13 10:30:00,260.14001,260.19,259.48999,259.92999,1472548
2026-01-13 11:00:00,259.94,260.27991,259.62,259.91,1136260
2026-01-13 11:30:00,259.89999,261.029999,259.85001,260.89999,1472380
2026-01-13 12:00:00,260.89001,261.16,260.17999,260.84,1011557
2026-01-13 12:30:00,260.85001,261.44,260.41,260.51999,1092608
2026-01-13 13:00:00,260.5,260.92999,259.98999,259.98999,967262
2026-01-13 13:30:00,259.98001,260.67361,259.76001,259.95999,1054412
2026-01-13 14:00:00,259.95999,260.089996,259.14999,259.73999,6761090
2026-01-13 14:30:00,259.7399,259.79999,259.29001,259.45999,830386
2026-01-13 15:00:00,259.465,259.465,258.7601,259.019989,1130262
2026-01-13 15:30:00,259.01001,261.20001,258.84,261.049988,21564429
2026-01-14 09:30:00,259.48999,261.81,259.049988,259.10001,3259155
2026-01-14 10:00:00,259.17999,260.95001,258.82001,259.75,1888613
2026-01-14 10:30:00,259.755,260.0,257.85999,258.071014,1700813
2026-01-14 11:00:00,258.070007,258.95001,257.89999,258.73999,1277648
2026-01-14 11:30:00,258.73999,258.81,257.25,257.72,1136768
2026-01-14 12:00:00,257.72,258.049988,256.70999,257.38,1197160
2026-01-14 12:30:00,257.39001,257.715,257.040009,257.26001,804873
2026-01-14 13:00:00,257.23001,257.53,256.91,257.53,800088
2026-01-14 13:30:00,257.53,258.10001,257.054993,258.0,865998
2026-01-14 14:00:00,257.98999,258.0,257.51001,257.79999,911227
2026-01-14 14:30:00,257.79999,258.48001,257.79001,258.26001,1016170
2026-01-14 15:00:00,258.26501,259.98001,258.1134,259.97,9541482
2026-01-14 15:30:00,259.98001,260.60001,258.68411,259.95001,25320368
2026-01-15 09:30:00,260.64999,261.029999,259.62,260.17999,3492338
2026-01-15 10:00:00,260.089996,260.67999,259.89999,260.1001,1553802
2026-01-15 10:30:00,260.14001,260.7851,259.19,259.92999,1494047
2026-01-15 11:00:00,259.95999,260.60001,259.73999,260.495,1301197
2026-01-15 11:30:00,260.5,260.63,259.92001,259.98499,1065743
2026-01-15 12:00:00,259.97,260.285,259.29999,259.32999,1056915
2026-01-15 12:30:00,259.34,259.39999,258.0,258.94,5894455
2026-01-15 13:00:00,258.92001,259.565,258.89999,259.53,793534
2026-01-15 13:30:00,259.54999,259.75,259.22,259.23001,814064
2026-01-15 14:00:00,259.22,259.22,258.26001,258.32001,1189784
2026-01-15 14:30:00,258.34341,258.45001,257.5,257.60999,1647232
2026-01-15 15:00:00,257.60001,257.79999,257.049988,257.67001,1511034
2026-01-15 15:30:00,257.6575,258.38,257.10999,258.32999,2733911
2026-01-16 09:30:00,257.88,258.89999,256.76999,256.85001,9707153
2026-01-16 10:00:00,256.85001,257.25,256.46011,256.81,1571652
2026-01-16 10:30:00,256.81,256.92001,256.059998,256.57999,1324484
2026-01-16 11:00:00,256.57001,256.87,256.13,256.43991,1466349
2026-01-16 11:30:00,256.42651,256.63,255.95,256.16699,1383254
2026-01-16 12:00:00,256.17999,256.54999,255.82001,255.83,1413463
2026-01-16 12:30:00,255.83,255.88,254.92999,255.17,2122908
2026-01-16 13:00:00,255.18649,256.089905,255.089996,256.029999,1483236
2026-01-16 13:30:00,256.029999,256.85001,255.92,256.54999,1437408
2026-01-16 14:00:00,256.54001,257.14999,255.91499,256.0,1374572
2026-01-16 14:30:00,256.0,256.97,255.94,256.59,1235435
2026-01-16 15:00:00,256.57999,256.85001,255.97501,256.17999,1413383
2026-01-16 15:30:00,256.17001,256.4725,255.13,255.48,3511559
2026-01-20 09:30:00,252.50999,254.78999,251.86,252.58,6447030
2026-01-20 10:00:00,252.47,252.75999,250.85001,251.61571,2640523
2026-01-20 10:30:00,251.64,251.7,250.89999,251.55,1931691
2026-01-20 11:00:00,251.57001,252.13,250.69,251.30499,1435443
2026-01-20 11:30:00,251.3,251.59,250.35001,251.2,1607001
2026-01-20 12:00:00,251.2,251.28,250.5,250.56,1070256
2026-01-20 12:30:00,250.52,250.7,250.080002,250.27,1281742
2026-01-20 13:00:00,250.24001,250.5,249.080002,249.19501,1697494
2026-01-20 13:30:00,249.17999,249.23,248.2412,248.53,1662526
2026-01-20 14:00:00,248.53999,248.67999,247.42,247.4525,1689458
2026-01-20 14:30:00,247.45,248.17999,246.8091,246.955,2156983
2026-01-20 15:00:00,246.95,247.22,245.080002,245.46001,3799344
2026-01-20 15:30:00,245.46001,246.92999,243.42,246.69,10059596
2026-01-21 09:30:00,248.71001,248.75,246.080002,246.89999,4781447
2026-01-21 10:00:00,246.89999,248.0,246.28999,247.57001,2524223
2026-01-21 10:30:00,247.57001,248.72,247.47,248.145,1914827
2026-01-21 11:00:00,248.16991,248.28999,246.83,247.3,1887818
2026-01-21 11:30:00,247.31,247.36,245.71091,245.78,1866794
2026-01-21 12:00:00,245.78,246.16631,245.19,245.83,1655417
2026-01-21 12:30:00,245.8201,246.47,245.58,246.22009,990571
2026-01-21 13:00:00,246.235,246.42,245.62,245.88,1024227
2026-01-21 13:30:00,245.88,246.375,245.5,246.125,976026
2026-01-21 14:00:00,246.12,247.34,245.58,247.11031,1381405
2026-01-21 14:30:00,247.13,250.83,247.10001,250.71001,4557981
2026-01-21 15:00:00,250.72,251.56,248.3828,248.3828,3340372
2026-01-21 15:30:00,248.39,248.58,246.84,247.63,4345220
2026-01-22 09:30:00,249.36,250.77991,248.38499,249.855,5204347
2026-01-22 10:00:00,249.87,250.3,249.3,250.13,2096283
2026-01-22 10:30:00,250.14999,250.16,249.0,249.089203,1692972
2026-01-22 11:00:00,249.10001,250.0,249.050003,249.69991,1472771
2026-01-22 11:30:00,249.69501,249.89999,249.25999,249.59,964313
2026-01-22 12:00:00,249.58,249.88,249.44,249.74001,920104
2026-01-22 12:30:00,249.75,250.5275,249.7301,250.14999,912005
2026-01-22 13:00:00,250.12,250.82001,249.73,250.67999,921604
2026-01-22 13:30:00,250.67,250.6825,249.75011,250.22,912693
2026-01-22 14:00:00,250.2399,251.0,250.22,250.52,1135198
2026-01-22 14:30:00,250.50999,250.625,248.76981,248.88,1758077
2026-01-22 15:00:00,248.86,249.21989,248.26511,248.37,1597132
2026-01-22 15:30:00,248.34,248.92,248.17999,248.34,11112802
2026-01-23 09:30:00,245.75,246.48,244.67999,245.89,5311518
2026-01-23 10:00:00,245.92,247.24001,245.71001,247.010101,2289672
2026-01-23 10:30:00,247.020004,249.3,246.97,248.98,1877052
2026-01-23 11:00:00,248.98,249.41,248.28,248.35001,1401765
2026-01-23 11:30:00,248.37,248.70689,247.88,248.24001,1230025
2026-01-23 12:00:00,248.24001,248.8,247.88,248.7399,1035052
2026-01-23 12:30:00,248.72,248.80991,247.61,247.78999,998724
2026-01-23 13:00:00,247.77,248.16,247.64999,247.92999,918791
2026-01-23 13:30:00,247.96001,248.029907,246.97,247.52,1097035
2026-01-23 14:00:00,247.53,248.0099945,247.23,247.47501,1191861
2026-01-23 14:30:00,247.47,248.25,247.405,248.17,852327
2026-01-23 15:00:00,248.17,248.47,247.96001,248.19,1088998
2026-01-23 15:30:00,248.19,248.85001,247.745,247.97,12375932
2026-01-26 09:30:00,251.48,253.7869,249.8,252.75999,6455357
2026-01-26 10:00:00,252.74001,254.89,252.62,254.039993,3355249
2026-01-26 10:30:00,254.039993,255.5,253.92,254.8,2767415
2026-01-26 11:00:00,254.80901,255.32001,254.23,255.099899,2173744
2026-01-26 11:30:00,255.085007,255.28,254.60001,254.86,1709579
2026-01-26 12:00:00,254.87,255.42,254.25999,254.5,1305647
2026-01-26 12:30:00,254.47,254.75,254.080002,254.33,958819
2026-01-26 13:00:00,254.33,254.69,254.080002,254.64999,902714
2026-01-26 13:30:00,254.64,255.35001,254.32001,255.11,1341482
2026-01-26 14:00:00,255.10001,255.97,255.10001,255.94,1672335
2026-01-26 14:30:00,255.92999,256.56,255.71001,256.10001,10541726
2026-01-26 15:00:00,256.10501,256.37,255.47,255.72501,1663979
2026-01-26 15:30:00,255.73,255.99001,254.89999,255.42,14219113
2026-01-27 09:30:00,259.14001,261.95001,258.66,261.465,7906553
2026-01-27 10:00:00,261.48001,261.57999,259.53,259.845,3006220
2026-01-27 10:30:00,259.85999,260.67999,259.76001,260.34,1567481
2026-01-27 11:00:00,260.35999,261.39001,260.35001,260.72,1695414
2026-01-27 11:30:00,260.72,261.14999,260.47,260.78,1136402
2026-01-27 12:00:00,260.76999,261.35999,260.73999,261.31,1039585
2026-01-27 12:30:00,261.30011,261.35001,260.62,260.70999,916224
2026-01-27 13:00:00,260.70001,261.13,260.2301,260.255,1072867
2026-01-27 13:30:00,260.26999,260.35999,259.51999,259.82001,1428969
2026-01-27 14:00:00,259.84,260.019989,259.53,259.875,1075660
2026-01-27 14:30:00,259.875,260.040009,259.17499,259.73999,1330236
2026-01-27 15:00:00,259.745,259.96671,259.14999,259.38,1272050
2026-01-27 15:30:00,259.38501,259.67499,258.20999,258.26999,12330990
2026-01-28 09:30:00,257.56,258.85501,255.73,256.14499,4497444
2026-01-28 10:00:00,256.14001,257.049988,255.215,256.089996,2106766
2026-01-28 10:30:00,256.059998,256.70999,255.72,255.84,1527391
2026-01-28 11:00:00,255.84,256.22,255.25999,255.49001,1218383
2026-01-28 11:30:00,255.47,255.48,254.74001,255.34,1353076
2026-01-28 12:00:00,255.33,255.42,254.66,254.82001,877430
2026-01-28 12:30:00,254.8,255.11,254.50999,254.83,1069053
2026-01-28 13:00:00,254.82001,255.39,254.53999,255.255,727489
2026-01-28 13:30:00,255.25999,255.88,254.88,255.65649,875469
2026-01-28 14:00:00,255.66,255.86501,254.78,255.11,1023988
2026-01-28 14:30:00,255.080002,256.37,255.050003,256.29001,1623987
2026-01-28 15:00:00,256.29001,256.64001,255.97,256.47501,1767581
2026-01-28 15:30:00,256.45999,256.89999,255.92999,256.44,3092338
2026-01-29 09:30:00,258.070007,259.64999,256.070007,256.79999,4556370
2026-01-29 10:00:00,256.81,257.69,255.49001,256.89999,2725801
2026-01-29 10:30:00,256.89001,257.040009,254.41,255.455,2552853
2026-01-29 11:00:00,255.45,256.41,254.89999,256.17001,2249036
2026-01-29 11:30:00,256.13,256.32999,255.12,255.39,1534912
2026-01-29 12:00:00,255.39999,257.41,255.345,257.22,1989668
2026-01-29 12:30:00,257.20001,257.67001,256.54999,256.935,1895369
2026-01-29 13:00:00,256.98001,257.45999,256.64001,257.38,1337350
2026-01-29 13:30:00,257.36499,258.029999,257.16,257.32999,1549138
2026-01-29 14:00:00,257.34,258.18161,257.22,258.14499,1529888
2026-01-29 14:30:00,258.14499,258.39001,257.74011,257.92001,1756785
2026-01-29 15:00:00,257.92499,258.56839,257.8399,258.29501,2484056
2026-01-29 15:30:00,258.31,259.35001,257.75,258.17499,5861121
2026-01-30 09:30:00,255.16499,256.95999,252.17999,256.29001,13412787
2026-01-30 10:00:00,256.29999,258.70001,253.92999,254.0,10601997
2026-01-30 10:30:00,254.080002,255.97,253.69501,254.94,3786459
2026-01-30 11:00:00,254.91499,256.905,254.75,256.6875,3485239
2026-01-30 11:30:00,256.69,257.14001,255.88,256.10501,2841851
2026-01-30 12:00:00,256.089996,256.14999,254.28349,255.21001,3121153
2026-01-30 12:30:00,255.16,255.34,254.53999,254.855,1975895
2026-01-30 13:00:00,254.84,256.070007,254.58,256.054993,2382159
2026-01-30 13:30:00,256.054993,258.28,255.75,257.35001,2665894
2026-01-30 14:00:00,257.375,258.079987,257.32999,257.58499,2506196
2026-01-30 14:30:00,257.60001,258.94,257.41,258.26999,2749710
2026-01-30 15:00:00,258.29001,259.91,257.56,259.91,3847710
2026-01-30 15:30:00,259.92001,261.8999,258.0,259.48001,13030810
2026-02-02 09:30:00,260.019989,263.97,259.20499,263.32501,8141426
2026-02-02 10:00:00,263.29001,265.25,263.17999,265.040009,4583272
2026-02-02 10:30:00,265.035004,265.37,262.31,262.73999,2475311
2026-02-02 11:00:00,262.70001,264.56351,262.51001,264.29181,1825175
2026-02-02 11:30:00,264.29501,264.73001,263.89001,264.465,1361080
2026-02-02 12:00:00,264.45001,264.85001,263.81,264.17999,1327223
2026-02-02 12:30:00,264.19,264.4335,263.78,264.1738,1035525
2026-02-02 13:00:00,264.19,265.31,264.19,265.13,1567941
2026-02-02 13:30:00,265.14499,266.73499,265.01001,266.70499,2188196
2026-02-02 14:00:00,266.70001,267.35001,266.54001,267.17999,2491890
2026-02-02 14:30:00,267.125,268.28,266.82001,268.0,2475735
2026-02-02 15:00:00,268.0,269.56989,267.85089,268.98001,3634433
2026-02-02 15:30:00,268.97501,270.48999,268.84,269.95999,6031354
2026-02-03 09:30:00,269.13,271.57999,267.69,270.36069,5740248
2026-02-03 10:00:00,270.38501,270.67001,268.38129,269.88501,3355703
2026-02-03 10:30:00,269.85001,271.14001,267.60999,271.070007,2755073
2026-02-03 11:00:00,271.079987,271.285,268.79001,268.89499,2579956
2026-02-03 11:30:00,268.89999,270.5,268.54999,268.95999,2161267
2026-02-03 12:00:00,268.94,269.78,268.29001,268.89999,1815761
2026-02-03 12:30:00,268.89001,270.0,268.755,269.63,2019342
2026-02-03 13:00:00,269.67999,270.37,268.94,269.34,1572710
2026-02-03 13:30:00,269.33499,270.57001,268.85001,270.25,12877361
2026-02-03 14:00:00,270.25,271.875,269.92001,271.48001,2646686
2026-02-03 14:30:00,271.47,271.70001,269.95001,270.0,1683505
2026-02-03 15:00:00,269.97,270.23999,268.67001,269.20999,1765265
2026-02-03 15:30:00,269.215,270.049988,268.84,269.45999,3048085
2026-02-04 09:30:00,272.31,278.81,272.285,277.47,9911364
2026-02-04 10:00:00,277.48001,277.59,274.55011,276.10001,4451805
2026-02-04 10:30:00,276.125,277.39001,275.29999,277.10999,3311971
2026-02-04 11:00:00,277.095001,277.30969,275.95999,277.21381,2589077
2026-02-04 11:30:00,277.19351,277.26001,273.89999,274.965,2947110
2026-02-04 12:00:00,274.95001,276.60001,274.54501,275.25,2710794
2026-02-04 12:30:00,275.26999,276.11499,273.685,274.084991,2828235
2026-02-04 13:00:00,274.089996,275.70001,273.14001,275.60001,2244027
2026-02-04 13:30:00,275.62,275.76001,274.84,275.38989,1413728
2026-02-04 14:00:00,275.41,275.57999,274.35001,274.91,1714812
2026-02-04 14:30:00,274.90021,275.78,274.89999,275.14499,22977612
2026-02-04 15:00:00,275.14001,278.079987,274.82999,277.60999,3466505
2026-02-04 15:30:00,277.60999,278.95001,276.35999,276.45999,7312922
2026-02-05 09:30:00,278.019989,279.44,273.23001,274.36499,5996487
2026-02-05 10:00:00,274.35999,276.84,273.62,276.785,6486535
2026-02-05 10:30:00,276.79001,277.39999,273.91199,274.45001,2536717
2026-02-05 11:00:00,274.45001,276.2204,273.29001,275.22,1989632
2026-02-05 11:30:00,275.29001,275.5,274.47501,275.23999,1359550
2026-02-05 12:00:00,275.19,275.20001,273.52499,274.73999,1172270
2026-02-05 12:30:00,274.72,274.98001,274.070007,274.595,899780
2026-02-05 13:00:00,274.595,274.94,273.91,274.32001,864990
2026-02-05 13:30:00,274.26001,275.0,274.11499,274.98001,1150809
2026-02-05 14:00:00,274.98999,277.57001,274.92001,277.045013,1844683
2026-02-05 14:30:00,277.065002,277.45999,276.085693,276.70999,1350740
2026-02-05 15:00:00,276.72,277.72,276.10999,276.63,1736381
2026-02-05 15:30:00,276.63,276.91,275.35001,275.92001,3990713
2026-02-06 09:30:00,277.16,280.73999,277.0,280.52499,7327342
2026-02-06 10:00:00,280.54001,280.905,278.51001,279.29001,3450423
2026-02-06 10:30:00,279.29999,279.95001,278.35001,278.815,2963381
2026-02-06 11:00:00,278.81,279.66,278.48999,279.11499,2533661
2026-02-06 11:30:00,279.10001,279.77499,278.87,279.084991,1825117
2026-02-06 12:00:00,279.049988,279.47,278.23999,278.67999,1214463
2026-02-06 12:30:00,278.70999,278.79999,277.89999,278.29501,1294677
2026-02-06 13:00:00,278.29501,278.68619,277.49011,277.77499,1521093
2026-02-06 13:30:00,277.79999,277.815,276.92499,277.48001,1437525
2026-02-06 14:00:00,277.48999,277.95999,277.13,277.13,1111061
2026-02-06 14:30:00,277.13,278.64499,276.995,278.57999,1345868
2026-02-06 15:00:00,278.565,278.75,277.56,277.66,1840631
2026-02-06 15:30:00,277.655,279.01001,277.57001,278.079987,3255323
2026-02-09 09:30:00,277.905,278.040009,273.16,273.95999,4243142
2026-02-09 10:00:00,273.95999,274.26001,273.049988,273.082703,2091402
2026-02-09 10:30:00,273.089996,273.75,272.76999,273.25,1516360
2026-02-09 11:00:00,273.2681,273.70001,272.85001,273.39819,1276212
2026-02-09 11:30:00,273.37,273.79999,272.75,272.79999,1279387
2026-02-09 12:00:00,272.81,273.10999,271.70001,272.011505,6661740
2026-02-09 12:30:00,272.040009,272.34,271.76999,271.965,1066608
2026-02-09 13:00:00,271.965,272.26999,271.79001,271.98001,870542
2026-02-09 13:30:00,271.98001,273.20999,271.84,272.89999,1277060
2026-02-09 14:00:00,272.89999,273.70999,272.84,273.62,1289411
2026-02-09 14:30:00,273.63,273.72501,272.91501,272.95999,840983
2026-02-09 15:00:00,272.95999,274.25,272.95999,274.040009,1527432
2026-02-09 15:30:00,274.029999,275.12,273.51001,274.54001,3837569
2026-02-10 09:30:00,274.88501,275.28,273.20999,274.76001,3163990
2026-02-10 10:00:00,274.79999,275.35999,273.85999,274.42001,1587278
2026-02-10 10:30:00,274.39001,274.91,274.14001,274.14001,1021866
2026-02-10 11:00:00,274.14499,274.60001,273.98999,274.059998,844314
2026-02-10 11:30:00,274.019989,274.049896,273.10001,273.2901,988944
2026-02-10 12:00:00,273.29001,273.79999,272.94,273.35001,1062460
2026-02-10 12:30:00,273.35001,274.10999,273.14999,274.089996,802843
2026-02-10 13:00:00,274.10501,274.19,273.39999,274.054993,843750
2026-02-10 13:30:00,274.054993,274.26999,273.6701,273.92999,722820
2026-02-10 14:00:00,273.95001,274.10999,273.66,273.965,649120
2026-02-10 14:30:00,273.97,274.070007,273.51999,274.029999,746322
2026-02-10 15:00:00,274.01001,274.29999,273.73001,274.070007,769322
2026-02-10 15:30:00,274.079987,274.48999,273.31,273.79001,9399403
2026-02-11 09:30:00,274.69501,277.44,274.45001,276.39999,7173620
2026-02-11 10:00:00,276.41,277.25,275.75,277.05011,2323336
2026-02-11 10:30:00,277.10001,279.905,277.040009,279.755,2827089
2026-02-11 11:00:00,279.755,279.98001,278.17499,278.19,1869467
2026-02-11 11:30:00,278.19,279.20499,278.16,278.35001,1083824
2026-02-11 12:00:00,278.34,280.17999,278.17999,279.94501,1601272
2026-02-11 12:30:00,279.9104,280.14999,279.35999,279.42001,993270
2026-02-11 13:00:00,279.42001,279.69,278.5,278.95999,899827
2026-02-11 13:30:00,278.935,279.070007,278.62,278.89261,729458
2026-02-11 14:00:00,278.89999,279.67001,278.5,279.57999,1060793
2026-02-11 14:30:00,279.57999,279.59,274.81061,276.59,4320756
2026-02-11 15:00:00,276.57999,277.29001,275.019989,276.049988,2278911
2026-02-11 15:30:00,276.01001,276.54999,275.45999,275.54001,2931248
2026-02-12 09:30:00,275.60001,275.72,271.54999,272.16,4736306
2026-02-12 10:00:00,272.16,272.23001,270.059998,271.25,3139522
2026-02-12 10:30:00,271.26001,271.75,268.13,268.17999,2416133
2026-02-12 11:00:00,268.173,268.23999,266.14999,266.17001,2989403
2026-02-12 11:30:00,266.19,267.040009,264.62,265.42999,2960685
2026-02-12 12:00:00,265.44421,265.85001,264.42001,264.60001,1756716
2026-02-12 12:30:00,264.57001,264.64999,261.53,261.77899,2992865
2026-02-12 13:00:00,261.79001,262.97989,260.17999,262.32999,4154441
2026-02-12 13:30:00,262.31,262.57501,261.23001,261.73499,2040520
2026-02-12 14:00:00,261.70999,262.67001,261.28,261.78,1967174
2026-02-12 14:30:00,261.76999,262.44,261.48001,262.049988,1906443
2026-02-12 15:00:00,262.059998,262.48999,261.10001,261.48999,2011899
2026-02-12 15:30:00,261.48001,262.51001,260.28,261.59,22727615
2026-02-13 09:30:00,262.01001,262.23001,258.79999,259.32999,7629440
2026-02-13 10:00:00,259.31,260.82001,258.88,260.595,2173814
2026-02-13 10:30:00,260.57999,261.48999,258.37,259.39001,1958793
2026-02-13 11:00:00,259.42999,259.78,258.69501,259.28751,1438606
2026-02-13 11:30:00,259.29849,259.78,258.60001,259.17999,1210683
2026-02-13 12:00:00,259.20001,260.20999,258.89001,259.59,1104823
2026-02-13 12:30:00,259.59,260.26999,259.024994,259.045013,1413390
2026-02-13 13:00:00,259.045013,259.48999,258.76999,258.91,7220062
2026-02-13 13:30:00,258.94,259.31,258.57999,258.70001,1338009
2026-02-13 14:00:00,258.71011,259.019989,258.28,258.45999,7719953
2026-02-13 14:30:00,258.48001,258.73001,257.92999,258.10999,1315949
2026-02-13 15:00:00,258.10501,258.53989,255.81731,255.91,2663343
2026-02-13 15:30:00,255.91,256.66,255.45,255.82001,6720926
2026-02-17 09:30:00,258.049988,259.72,255.55299,258.60001,5338214
2026-02-17 10:00:00,258.55499,261.39001,258.435,259.64001,2757918
2026-02-17 10:30:00,259.63,260.14001,258.82001,259.1481,5084819
2026-02-17 11:00:00,259.17001,260.98001,258.73999,260.26501,1632354
2026-02-17 11:30:00,260.255,261.72989,259.92999,261.47,1397064
2026-02-17 12:00:00,261.44501,262.23001,261.16,261.84991,1739171
2026-02-17 12:30:00,261.85001,262.73999,260.91,262.285,1773683
2026-02-17 13:00:00,262.28,263.67999,262.068512,263.39999,1622099
2026-02-17 13:30:00,263.45999,266.10999,263.32001,265.81149,2512435
2026-02-17 14:00:00,265.79999,266.29001,265.19,265.285,1652240
2026-02-17 14:30:00,265.26001,266.1499,264.98999,265.19,1401262
2026-02-17 15:00:00,265.20001,265.53989,264.020111,264.29001,1424350
2026-02-17 15:30:00,264.29501,264.53,262.5,263.75,4178204
2026-02-18 09:30:00,263.5,264.91,262.45001,264.21021,5816671
2026-02-18 10:00:00,264.20999,265.64999,263.76999,265.39819,1981108
2026-02-18 10:30:00,265.39001,265.95001,265.040009,265.16,1309901
2026-02-18 11:00:00,265.15509,266.089996,265.10001,266.040009,1062843
2026-02-18 11:30:00,266.024994,266.82001,265.17001,265.17001,1089579
2026-02-18 12:00:00,265.20001,266.0,265.20001,265.42001,751186
2026-02-18 12:30:00,265.41,265.64001,265.0,265.26001,693573
2026-02-18 13:00:00,265.25,265.95999,265.17999,265.3999,641845
2026-02-18 13:30:00,265.38,265.57901,264.73999,265.073608,686578
2026-02-18 14:00:00,265.081787,265.10001,264.52301,264.57001,625983
2026-02-18 14:30:00,264.595,264.62991,263.57001,263.74341,773364
2026-02-18 15:00:00,263.79999,264.0,263.20999,263.73999,954109
2026-02-18 15:30:00,263.73999,265.53,263.73999,264.32001,3105119
2026-02-19 09:30:00,262.60001,264.35001,262.29001,263.78,3051837
2026-02-19 10:00:00,263.76999,264.14499,262.77011,262.87,1320890
2026-02-19 10:30:00,262.88,264.075012,262.7601,263.82999,918576
2026-02-19 11:00:00,263.82999,264.48001,263.029999,263.62,808186
2026-02-19 11:30:00,263.67001,264.14001,262.97,263.12,3544805
2026-02-19 12:00:00,263.17001,263.53,262.69009,262.94,831105
2026-02-19 12:30:00,262.89999,263.059998,261.995,262.079987,554721
2026-02-19 13:00:00,262.079987,262.29001,261.42001,261.76999,683079
2026-02-19 13:30:00,261.73999,262.3689,261.51999,262.34061,590958
2026-02-19 14:00:00,262.315,262.315,261.5,261.54001,612861
2026-02-19 14:30:00,261.51001,261.67001,260.26999,260.41,5206692
2026-02-19 15:00:00,260.39999,261.17001,260.31,260.76001,986038
2026-02-19 15:30:00,260.76001,261.29999,260.049988,260.51001,2956715
2026-02-20 09:30:00,258.95499,260.25,258.16,259.60001,4523024
2026-02-20 10:00:00,259.715,262.35001,259.5,260.5705,2444472
2026-02-20 10:30:00,260.54999,263.26001,260.27731,262.54999,1680707
2026-02-20 11:00:00,262.56,262.80301,261.39001,261.42999,1279329
2026-02-20 11:30:00,261.42001,264.75,261.23001,264.26999,1893344
2026-02-20 12:00:00,264.29001,264.54501,261.54001,262.29999,8217895
2026-02-20 12:30:00,262.2695,263.12,261.60999,263.12,1113107
2026-02-20 13:00:00,263.10001,263.92999,263.039612,263.60999,901081
2026-02-20 13:30:00,263.57501,264.73001,263.16,264.23001,1153867
2026-02-20 14:00:00,264.23499,264.48001,263.72,264.42999,633476
2026-02-20 14:30:00,264.44,264.70999,263.60001,264.17599,842384
2026-02-20 15:00:00,264.17999,264.70999,263.285,263.33011,1045063
2026-02-20 15:30:00,263.345,264.745,263.089996,264.59,13540364
2026-02-23 09:30:00,263.48999,266.85989,263.38101,264.92001,5809860
2026-02-23 10:00:00,264.91,267.73999,264.56812,267.049988,13955460
2026-02-23 10:30:00,267.089996,267.52991,266.57999,266.79501,19488585
2026-02-23 11:00:00,266.845,266.87,264.75,266.59,26930011
2026-02-23 11:30:00,266.57001,266.85001,265.84,266.065002,26669889
2026-02-23 12:00:00,266.059998,267.34589,265.97,267.12979,21156990
2026-02-23 12:30:00,267.10699,268.28439,266.86121,268.14999,15300517
2026-02-23 13:00:00,268.14001,269.37,268.059998,269.33499,22122240
2026-02-23 13:30:00,269.34,269.42999,268.01001,268.070007,23526935
2026-02-23 14:00:00,268.089996,268.13501,267.25,267.29999,20360223
2026-02-23 14:30:00,267.27011,267.32999,266.44,266.63,28582799
2026-02-23 15:00:00,266.63,267.019989,266.28,266.78,15524238
2026-02-23 15:30:00,266.81,267.20001,265.98999,266.39001,9880089
2026-02-24 09:30:00,268.0,274.89001,267.73999,274.059998,17028819
2026-02-24 10:00:00,274.045013,274.67001,272.70001,273.67001,16845910
2026-02-24 10:30:00,273.67999,274.4299,272.35999,273.94989,28677388
2026-02-24 11:00:00,273.935,274.82001,273.14001,273.22,23519324
2026-02-24 11:30:00,273.22501,273.23999,272.4201,272.51999,39005668
2026-02-24 12:00:00,272.45001,272.87,271.98999,272.51001,21675563
2026-02-24 12:30:00,272.48999,272.79001,271.82001,272.29001,810515
2026-02-24 13:00:00,272.29999,272.67999,271.595,271.595,32234829
2026-02-24 13:30:00,271.60001,272.54999,271.37,271.95999,26428633
2026-02-24 14:00:00,271.95499,272.33499,271.73999,272.29001,27256428
2026-02-24 14:30:00,272.28,272.72,271.91,272.633,28230915
2026-02-24 15:00:00,272.64999,272.67001,271.38,271.90991,1171638
2026-02-24 15:30:00,271.91,272.4299,271.48001,272.17001,13328406
2026-02-25 09:30:00,271.67999,274.0,271.049988,273.935,8048714
2026-02-25 10:00:00,273.94,274.079987,272.34,273.63,13259666
2026-02-25 10:30:00,273.63,273.95999,272.92001,273.5401,14270251
2026-02-25 11:00:00,273.54001,274.5899,273.53,273.965,27616165
2026-02-25 11:30:00,273.91501,274.069885,272.95999,273.41501,22094569
2026-02-25 12:00:00,273.39999,273.95999,273.20999,273.60999,14105619
2026-02-25 12:30:00,273.60999,274.42999,273.42001,274.215,4471946
2026-02-25 13:00:00,274.22501,274.63,273.95999,274.35001,12562335
2026-02-25 13:30:00,274.32999,274.75,274.22,274.60999,17308335
2026-02-25 14:00:00,274.62,274.94,274.17999,274.41,18949401
2026-02-25 14:30:00,274.41,274.54001,273.26001,273.29001,10276920
2026-02-25 15:00:00,273.26001,273.931,273.20999,273.75,11572902
2026-02-25 15:30:00,273.72,274.72,273.625,274.17999,2422723
2026-02-26 09:30:00,274.95499,276.10999,273.20001,273.875,9381192
2026-02-26 10:00:00,273.89001,274.14999,270.84,272.0,11351742
2026-02-26 10:30:00,271.92001,272.14011,270.81,270.97,18866545
2026-02-26 11:00:00,270.995,272.7851,270.79501,272.54001,18586988
2026-02-26 11:30:00,272.53,272.73001,271.5127,271.935,28465113
2026-02-26 12:00:00,271.94,272.19131,271.54001,271.76001,26005937
2026-02-26 12:30:00,271.755,272.024994,270.94299,271.19,14041937
2026-02-26 13:00:00,271.17001,271.79999,270.91,271.39001,10069692
2026-02-26 13:30:00,271.41,272.19,270.853,272.17499,17357042
2026-02-26 14:00:00,272.16,272.94,271.22,272.79999,33229094
2026-02-26 14:30:00,272.80499,273.5,272.73999,273.019989,21449057
2026-02-26 15:00:00,273.01001,273.39999,272.57999,272.63,22520620
2026-02-26 15:30:00,272.64499,273.070007,272.20001,272.98999,9425723
2026-02-27 09:30:00,272.81,272.81,268.76001,270.64001,8413635
2026-02-27 10:00:00,270.715,271.39999,268.29999,268.505,15393318
2026-02-27 10:30:00,268.47009,269.13251,268.19199,268.89999,15204808
2026-02-27 11:00:00,268.88,269.64001,268.23001,269.054993,25634772
2026-02-27 11:30:00,269.070007,269.51999,268.56,268.61499,37692075
2026-02-27 12:00:00,268.6225,269.20001,267.26999,267.88419,15822750
2026-02-27 12:30:00,267.87,268.26001,266.85339,267.10001,17789413
2026-02-27 13:00:00,267.089996,267.4599,265.88,265.95081,31556420
2026-02-27 13:30:00,265.95001,266.315,265.85001,266.14999,14032836
2026-02-27 14:00:00,266.19501,266.48001,265.4801,265.73001,8000514
2026-02-27 14:30:00,265.73001,266.22,265.26001,265.35001,24141123
2026-02-27 15:00:00,265.39001,266.89999,265.28,266.64001,9930028
2026-02-27 15:30:00,266.63,266.63,262.89001,264.17001,28863982
2026-03-02 09:30:00,262.44,263.38199,260.20001,263.14999,5634343
2026-03-02 10:00:00,263.12,264.53989,262.66,263.81,13189727
2026-03-02 10:30:00,263.82001,264.59,262.0,262.72,13171775
2026-03-02 11:00:00,262.70999,265.029999,262.60001,264.35999,22213870
2026-03-02 11:30:00,264.35999,265.94839,264.0,265.85501,14805657
2026-03-02 12:00:00,265.87,266.20001,265.51501,266.0,15899158
2026-03-02 12:30:00,265.995,266.17001,265.44,266.10001,4924245
2026-03-02 13:00:00,266.12,266.29001,265.25,265.5,14275279
2026-03-02 13:30:00,265.52802,265.55011,264.35999,264.62,19758964
2026-03-02 14:00:00,264.60001,266.14999,264.4061,266.059998,21248190
2026-03-02 14:30:00,266.045013,266.53,265.73999,265.78,11704155
2026-03-02 15:00:00,265.79001,265.95001,264.14001,264.31,13087358
2026-03-02 15:30:00,264.315,265.54999,263.60999,264.60001,5738581
2026-03-03 09:30:00,263.48001,265.56,261.22,262.32001,5248104
2026-03-03 10:00:00,262.29001,264.75989,262.029999,262.26001,2799454
2026-03-03 10:30:00,262.28,263.94,261.91,262.42001,2098173
2026-03-03 11:00:00,262.39999,263.28,262.10999,262.57001,1918672
2026-03-03 11:30:00,262.48001,263.78,262.17999,262.60999,1539540
2026-03-03 12:00:00,262.67001,262.935,261.57999,261.81,1400582
2026-03-03 12:30:00,261.79999,261.80499,260.13,260.73001,1668554
2026-03-03 13:00:00,260.78,261.87,260.5,261.48001,1232753
2026-03-03 13:30:00,261.44,263.10001,261.37,262.39999,1373151
2026-03-03 14:00:00,262.4303,263.91,262.23999,263.655,1544367
2026-03-03 14:30:00,263.67001,264.61499,263.049988,263.2601,1438135
2026-03-03 15:00:00,263.31,263.49939,262.51001,263.28,1133242
2026-03-03 15:30:00,263.23999,263.95999,262.34,263.689,4138461
2026-03-04 09:30:00,264.64999,266.14999,261.42001,262.5,4735672
2026-03-04 10:00:00,262.51999,264.32999,261.70999,264.13,2479182
2026-03-04 10:30:00,264.125,264.5759,262.815,264.056213,1804873
2026-03-04 11:00:00,264.065002,264.72,263.37,264.53,1771338
2026-03-04 11:30:00,264.51999,265.51001,264.29999,264.73001,1574412
2026-03-04 12:00:00,264.76001,265.41,264.67999,264.89999,1476430
2026-03-04 12:30:00,264.91,265.35999,264.1825,264.62,1062258
2026-03-04 13:00:00,264.60001,264.79001,263.34,263.78,1765045
2026-03-04 13:30:00,263.79999,264.19501,263.059998,263.26001,1194904
2026-03-04 14:00:00,263.26001,263.63,263.10999,263.35001,1694105
2026-03-04 14:30:00,263.34,263.67999,263.019989,263.22,1536830
2026-03-04 15:00:00,263.23001,263.45001,262.059906,262.73001,1846802
2026-03-04 15:30:00,262.70999,263.16,262.16461,262.45001,4837636
2026-03-05 09:30:00,260.745,261.45001,258.85999,259.94,7067670
2026-03-05 10:00:00,259.91,260.28448,258.54001,258.87,3401077
2026-03-05 10:30:00,258.91,261.22501,258.075012,261.0,2765887
2026-03-05 11:00:00,261.015015,261.040009,259.5,260.755,2085185
2026-03-05 11:30:00,260.76001,261.5,260.32001,260.69,2103659
2026-03-05 12:00:00,260.70001,261.55499,258.97,259.019989,1829695
2026-03-05 12:30:00,259.040009,259.37,258.495,258.72,1987642
2026-03-05 13:00:00,258.72,259.48999,258.69,258.90909,1438647
2026-03-05 13:30:00,258.92001,259.17999,257.85001,258.22,1866241
2026-03-05 14:00:00,258.1861,258.55991,257.76001,257.85999,1490248
2026-03-05 14:30:00,257.845,258.41,257.25,257.77499,1603295
2026-03-05 15:00:00,257.76999,259.48999,257.39999,258.69,2435088
2026-03-05 15:30:00,258.67999,260.56,258.41,260.26001,7022514
2026-03-06 09:30:00,258.73999,258.76001,254.37,255.89999,5977218
2026-03-06 10:00:00,255.89,257.069794,255.2,256.70001,2587851
2026-03-06 10:30:00,256.69501,257.57001,256.079987,257.51001,1970523
2026-03-06 11:00:00,257.51999,257.95001,256.9017,257.25,1300044
2026-03-06 11:30:00,257.29999,257.48999,256.44,256.77011,1951007
2026-03-06 12:00:00,256.79999,257.25,256.39001,256.76999,1346633
2026-03-06 12:30:00,256.76999,257.20999,256.059998,256.35999,1198906
2026-03-06 13:00:00,256.35831,257.59,256.31,256.47501,1188854
2026-03-06 13:30:00,256.47501,256.67441,255.91,256.33121,1093328
2026-03-06 14:00:00,256.39001,257.23001,256.32001,257.17999,996934
2026-03-06 14:30:00,257.17001,257.67999,256.80051,257.59,1035559
2026-03-06 15:00:00,257.595,257.96991,256.8111,256.91,1759918
2026-03-06 15:30:00,256.92001,258.01001,256.44,257.44,5129423
2026-03-09 09:30:00,255.69,257.019897,253.6805,255.71001,5014380
2026-03-09 10:00:00,255.655,256.92001,255.50011,255.71001,2167117
2026-03-09 10:30:00,255.66,257.88,255.63,257.34,2189749
2026-03-09 11:00:00,257.32001,257.79001,256.92999,257.73001,1537653
2026-03-09 11:30:00,257.72,258.17999,257.14999,257.44501,1715969
2026-03-09 12:00:00,257.45999,258.26999,257.15009,257.57001,1334528
2026-03-09 12:30:00,257.57999,258.089996,257.17999,257.72501,1202442
2026-03-09 13:00:00,257.76999,257.76999,256.54001,256.63,1198650
2026-03-09 13:30:00,256.64999,256.73999,255.95,256.12,1219435
2026-03-09 14:00:00,256.13,257.36499,256.1076,257.14999,1469424
2026-03-09 14:30:00,257.13171,257.79999,256.51999,257.45099,1466110
2026-03-09 15:00:00,257.45001,259.57001,257.040009,259.48001,2639880
2026-03-09 15:30:00,259.45999,261.14999,259.01001,259.89001,4821540
2026-03-10 09:30:00,257.69501,259.9184,256.95001,257.965,3574674
2026-03-10 10:00:00,257.94,260.25,257.54999,259.97,1715877
2026-03-10 10:30:00,259.94009,261.53,259.91501,261.32999,1549836
2026-03-10 11:00:00,261.30499,261.78,261.049988,261.31,1481594
2026-03-10 11:30:00,261.29999,261.60999,261.0,261.51001,975392
2026-03-10 12:00:00,261.5,261.98001,261.10999,261.87,1404841
2026-03-10 12:30:00,261.89001,261.95999,260.82001,261.155,1192891
2026-03-10 13:00:00,261.17001,262.48001,261.10999,262.20001,1410321
2026-03-10 13:30:00,262.19,262.48001,261.28,262.26001,1331797
2026-03-10 14:00:00,262.28,262.3732,260.47,261.67001,1669230
2026-03-10 14:30:00,261.70001,261.97,261.155,261.32501,1123322
2026-03-10 15:00:00,261.35999,261.60001,260.42999,260.505,1253702
2026-03-10 15:30:00,260.47,261.20001,260.3501,260.72,3231160
2026-03-11 09:30:00,261.20999,262.019989,260.20999,261.26001,2406715
2026-03-11 10:00:00,261.28,262.13,259.54999,259.995,1874308
2026-03-11 10:30:00,260.0,260.82999,259.85999,260.72,1306722
2026-03-11 11:00:00,260.75,260.95999,259.95001,260.10001,1299055
2026-03-11 11:30:00,260.12,260.86801,259.85001,260.63,1133227
2026-03-11 12:00:00,260.64999,260.73001,260.14001,260.64499,821520
2026-03-11 12:30:00,260.62,261.20001,260.51001,260.67999,741916
2026-03-11 13:00:00,260.67999,261.14001,260.5,261.025085,775986
2026-03-11 13:30:00,261.040009,261.13,259.63,260.505,1064772
2026-03-11 14:00:00,260.48001,260.60001,259.76999,260.10999,780914
2026-03-11 14:30:00,260.10001,260.39999,259.85001,260.17999,800703
2026-03-11 15:00:00,260.19,260.30789,259.81,260.13171,806159
2026-03-11 15:30:00,260.14001,261.10001,260.040009,260.81,3235002
2026-03-12 09:30:00,258.64001,258.95001,255.34,255.47,4658950
2026-03-12 10:00:00,255.44,256.39001,254.67,254.67,2591382
2026-03-12 10:30:00,254.66,255.78999,254.35001,254.89999,2069080
2026-03-12 11:00:00,254.89999,255.645,254.49001,255.355,1905330
2026-03-12 11:30:00,255.33,255.64999,254.17999,255.13,1894867
2026-03-12 12:00:00,255.11501,256.25,254.98,255.65781,1784683
2026-03-12 12:30:00,255.63,255.95,254.84,255.235,1629384
2026-03-12 13:00:00,255.24001,255.70399,254.77,255.050003,1475053
2026-03-12 13:30:00,255.0401,255.41,254.81,255.33,1199057
2026-03-12 14:00:00,255.334,255.67999,255.12,255.395,1547485
2026-03-12 14:30:00,255.37,255.4702,254.89,255.17999,1120700
2026-03-12 15:00:00,255.17999,256.25,255.080002,256.089996,2042042
2026-03-12 15:30:00,256.099915,256.20511,254.97,255.75,4532523
2026-03-13 09:30:00,255.39999,256.32999,254.84,255.81,3335361
2026-03-13 10:00:00,255.83,255.94,254.6407,255.425,2117407
2026-03-13 10:30:00,255.42999,255.81,253.69,253.84,1744493
2026-03-13 11:00:00,253.85001,254.39,253.27,253.3007,1535999
2026-03-13 11:30:00,253.33,253.50999,251.85001,252.10001,2117033
2026-03-13 12:00:00,252.12,252.9478,252.063995,252.655,1278130
2026-03-13 12:30:00,252.64,252.97,251.38,251.42,2026486
2026-03-13 13:00:00,251.42999,251.92999,250.96001,251.17999,2316726
2026-03-13 13:30:00,251.185,251.6575,250.89999,251.28011,1268520
2026-03-13 14:00:00,251.28999,251.44,250.7793,251.26401,1225217
2026-03-13 14:30:00,251.25999,251.845,251.1003,251.11,1203915
2026-03-13 15:00:00,251.089996,251.17999,250.21001,250.295,2092279
2026-03-13 15:30:00,250.28,250.62,249.52,250.11501,6367474
2026-03-16 09:30:00,252.105,253.21001,249.91,253.080002,4653188
2026-03-16 10:00:00,253.089996,253.59,252.47,253.23579,11653821
2026-03-16 10:30:00,253.22,253.8,253.0,253.63,10912058
2026-03-16 11:00:00,253.62,253.88499,252.92,253.014999,18199777
2026-03-16 11:30:00,253.0099945,253.53999,252.925,252.955,19952715
2026-03-16 12:00:00,252.9525,253.28999,252.2001,252.36501,5474357
2026-03-16 12:30:00,252.35001,252.87,252.2,252.57001,10371207
2026-03-16 13:00:00,252.58,253.33,252.53,252.92999,15983192
2026-03-16 13:30:00,252.94,253.059998,252.16,252.17,11636015
2026-03-16 14:00:00,252.21989,252.92,252.13,252.92,12455727
2026-03-16 14:30:00,252.922,253.132,252.61,252.74001,31670376
2026-03-16 15:00:00,252.74001,253.44,252.27,252.862,1253786
2026-03-16 15:30:00,252.84,253.059998,252.11,252.78,16610907
2026-03-17 09:30:00,253.078506,255.074997,252.17999,254.7,6390580
2026-03-17 10:00:00,254.69,254.78,253.78999,254.44,9694978
2026-03-17 10:30:00,254.48,254.95,254.25999,254.3988,9324519
2026-03-17 11:00:00,254.38,254.59,253.8008,254.17,14797213
2026-03-17 11:30:00,254.14999,254.685,253.66,254.4388,9880813
2026-03-17 12:00:00,254.44,255.1299,254.21001,254.86,11657650
2026-03-17 12:30:00,254.87,255.029999,254.059998,254.087997,7097944
2026-03-17 13:00:00,254.089996,254.31,253.56,253.92,20875387
2026-03-17 13:30:00,253.91,254.605,253.88499,254.504,24179436
2026-03-17 14:00:00,254.50999,254.63,253.96001,254.10001,16235632
2026-03-17 14:30:00,254.095001,254.33,253.795,253.87,25371980
2026-03-17 15:00:00,253.88,254.10001,253.1301,253.77,13402451
2026-03-17 15:30:00,253.78,254.58,253.67999,254.23,1930468
2026-03-18 09:30:00,252.625,254.94,251.38,253.435,4379616
2026-03-18 10:00:00,253.45,253.81,252.32001,252.355,3020163
2026-03-18 10:30:00,252.34,252.83,252.080002,252.52,8689584
2026-03-18 11:00:00,252.515,253.059998,252.17999,252.3199,18523016
2026-03-18 11:30:00,252.31,252.33,251.52,251.77,17109988
2026-03-18 12:00:00,251.75999,251.99001,251.46001,251.5701,10492613
2026-03-18 12:30:00,251.575,251.59,250.7,250.97,12449907
2026-03-18 13:00:00,250.95,251.0,250.39,250.80499,8768522
2026-03-18 13:30:00,250.78999,251.41,250.53999,251.33501,13543897
2026-03-18 14:00:00,251.37,251.6476,250.73,250.96001,10178158
2026-03-18 14:30:00,250.94,250.94501,249.8701,249.88,21939893
2026-03-18 15:00:00,249.88,250.52,249.61,249.67999,17857446
2026-03-18 15:30:00,249.694,250.35001,249.0,249.91,2998677
2026-03-19 09:30:00,249.39999,251.83,247.3,250.78011,9351388
2026-03-19 10:00:00,250.8,251.17909,249.66499,249.8,12028496
2026-03-19 10:30:00,249.80099,250.71001,249.34579,249.86501,12340928
2026-03-19 11:00:00,249.86,250.27,249.14011,249.41,21466736
2026-03-19 11:30:00,249.41,249.74899,249.039993,249.60001,8374947
2026-03-19 12:00:00,249.62,249.95261,248.88,249.25999,13678489
2026-03-19 12:30:00,249.27499,249.42,247.87,248.059998,20181194
2026-03-19 13:00:00,248.024994,248.5399,247.71001,248.28011,21768367
2026-03-19 13:30:00,248.295,248.45,247.7299,247.9543,11892452
2026-03-19 14:00:00,247.96001,248.52991,247.67,248.022003,6739050
2026-03-19 14:30:00,248.0099945,248.57001,247.67,248.4001,32504064
2026-03-19 15:00:00,248.42999,249.59,248.17,248.47,1758690
2026-03-19 15:30:00,248.44,249.33,248.28999,248.907,18119527
2026-03-20 09:30:00,248.11,248.75999,246.61,247.67999,23507364
2026-03-20 10:00:00,247.66,248.46001,246.82001,247.75999,2777828
2026-03-20 10:30:00,247.81,248.85001,247.1601,248.185,2166269
2026-03-20 11:00:00,248.2,248.64999,247.78,247.985,4373179
2026-03-20 11:30:00,247.95,248.92999,247.86,248.80499,1067175
2026-03-20 12:00:00,248.8295,249.059998,248.55721,248.62,1844146
2026-03-20 12:30:00,248.63,248.675,248.080002,248.44,1165590
2026-03-20 13:00:00,248.46001,248.78999,248.16,248.27,1404572
2026-03-20 13:30:00,248.28999,248.38,247.53011,248.16,1484211
2026-03-20 14:00:00,248.19,248.7599,247.75999,248.039993,1616202
2026-03-20 14:30:00,248.089996,248.45,247.59,248.45,1682971
2026-03-20 15:00:00,248.48,249.19991,247.87,248.089996,2311961
2026-03-20 15:30:00,248.089996,248.2,246.0,248.19,6366085
2026-03-23 09:30:00,253.99001,254.56,251.36,252.044998,6773423
2026-03-23 10:00:00,252.070007,253.0050049,251.020004,252.4399,2691241
2026-03-23 10:30:00,252.42,252.7,251.53,252.105,1540828
2026-03-23 11:00:00,252.11,252.92,251.92,252.5799,1853809
2026-03-23 11:30:00,252.59,252.905,251.56,251.58,2533143
2026-03-23 12:00:00,251.55,252.41,250.675,250.80499,1897949
2026-03-23 12:30:00,250.81,251.75,250.7,251.044998,1406899
2026-03-23 13:00:00,251.11,251.28,250.28,250.92,1162132
2026-03-23 13:30:00,250.955,251.92999,250.89999,251.87,1289538
2026-03-23 14:00:00,251.875,251.985,251.2,251.33,1233620
2026-03-23 14:30:00,251.37,252.41499,251.37,252.32001,1577210
2026-03-23 15:00:00,252.31,252.37,251.62,251.765,1402157
2026-03-23 15:30:00,251.765,252.52499,250.97,251.44,4373303
2026-03-24 09:30:00,250.49001,252.17,249.55,251.64999,3431416
2026-03-24 10:00:00,251.64,253.12,251.61501,252.47,1893256
2026-03-24 10:30:00,252.44,253.31,251.74001,252.11,2113499
2026-03-24 11:00:00,252.10001,254.17,252.059998,253.985,2311700
2026-03-24 11:30:00,253.98,254.69,253.66,253.87,1358108
2026-03-24 12:00:00,253.88499,254.825,253.3849,254.59,1542077
2026-03-24 12:30:00,254.59689,254.71001,253.39999,253.64999,1117789
2026-03-24 13:00:00,253.6301,253.84,252.765,253.059998,1136544
2026-03-24 13:30:00,253.050003,253.53999,252.295,253.21001,1361164
2026-03-24 14:00:00,253.21001,253.5,252.38,252.57001,1101865
2026-03-24 14:30:00,252.59,253.059998,252.2299,252.425,1233063
2026-03-24 15:00:00,252.42,253.1501,252.080002,252.0896,1016600
2026-03-24 15:30:00,252.089905,252.13,251.22,251.75,3583757
2026-03-25 09:30:00,254.020004,254.98,251.83,251.88,3538428
2026-03-25 10:00:00,251.89,252.96001,251.60001,252.86,1713772
2026-03-25 10:30:00,252.87,253.67,252.60001,253.42,1502817
2026-03-25 11:00:00,253.4225,254.28999,252.98,254.245,1908804
2026-03-25 11:30:00,254.24001,254.46001,253.38,253.5,1286351
2026-03-25 12:00:00,253.50999,254.17,253.089996,253.925,998498
2026-03-25 12:30:00,254.0,254.64999,253.86,254.2399,1130196
2026-03-25 13:00:00,254.21001,254.41,253.74001,254.145,993529
2026-03-25 13:30:00,254.12,254.50999,253.84,253.97,1032261
2026-03-25 14:00:00,253.97,254.25,253.735,253.96001,731207
2026-03-25 14:30:00,253.95,254.054993,252.7,252.8,1327225
2026-03-25 15:00:00,252.78011,253.059998,252.25999,252.625,1221284
2026-03-25 15:30:00,252.63499,252.715,252.0099945,252.57001,3058584
2026-03-26 09:30:00,251.995,253.85001,250.77499,253.77,3443862
2026-03-26 10:00:00,253.8,256.23999,253.46001,255.91,3901627
2026-03-26 10:30:00,255.89999,256.85999,255.50999,256.47,3314536
2026-03-26 11:00:00,256.44,257.0,255.55009,255.67999,2131837
2026-03-26 11:30:00,255.69,256.76999,255.57001,256.51501,1761707
2026-03-26 12:00:00,256.51999,256.70499,255.57001,256.10001,1620848
2026-03-26 12:30:00,256.10001,256.3996,255.61501,256.26501,1621472
2026-03-26 13:00:00,256.25,256.45999,254.5901,254.99001,1899431
2026-03-26 13:30:00,254.98,255.059998,253.661,253.80499,1755759
2026-03-26 14:00:00,253.78999,255.11501,253.39,253.825,2504764
2026-03-26 14:30:00,253.85001,254.515,253.82001,254.37,1532570
2026-03-26 15:00:00,254.37,254.48,253.14,253.67,1710358
2026-03-26 15:30:00,253.67999,253.72501,252.020004,252.88,4420545
2026-03-27 09:30:00,253.91,255.36,252.78011,254.92,5645757
2026-03-27 10:00:00,254.86,255.493,253.95,254.48,4038659
2026-03-27 10:30:00,254.46001,254.69,251.8,253.28,3221122
2026-03-27 11:00:00,253.25999,253.42999,251.97,252.62,2034339
2026-03-27 11:30:00,252.62,253.24001,252.14,252.72501,1780724
2026-03-27 12:00:00,252.72,252.89999,251.69,251.78,1521796
2026-03-27 12:30:00,251.77499,252.75999,251.69501,252.42,1429149
2026-03-27 13:00:00,252.42,252.64999,250.37,250.41,1853154
2026-03-27 13:30:00,250.41,250.58,249.36,249.8,2314686
2026-03-27 14:00:00,249.82001,249.92999,248.63499,249.38499,2265077
2026-03-27 14:30:00,249.42,249.52,248.61,248.66,1956082
2026-03-27 15:00:00,248.66,249.19009,248.25,248.4099,2157505
2026-03-27 15:30:00,248.41,249.37,248.070007,248.62,5252096
2026-03-30 09:30:00,249.995,250.84,246.97,247.61,4494462
2026-03-30 10:00:00,247.60001,248.28,247.17999,247.83,1765765
2026-03-30 10:30:00,247.82001,248.0,246.039993,246.53,2093478
2026-03-30 11:00:00,246.50999,247.054993,246.17,246.53,1915051
2026-03-30 11:30:00,246.53,247.21001,246.34,246.86,1562718
2026-03-30 12:00:00,246.88,247.0099945,245.96001,246.020004,1254815
2026-03-30 12:30:00,246.0099945,247.41991,245.96001,247.33,1347426
2026-03-30 13:00:00,247.32001,247.44,245.96001,246.25,1366075
2026-03-30 13:30:00,246.255,247.32001,245.995,246.92,1608737
2026-03-30 14:00:00,246.94,247.13,246.38,246.48019,1268465
2026-03-30 14:30:00,246.50999,246.83,246.16,246.72501,1335834
2026-03-30 15:00:00,246.74001,246.81,245.83,245.89,1633314
2026-03-30 15:30:00,245.89,247.039993,245.50999,246.53999,4551161
2026-03-31 09:30:00,247.89,249.27,247.64,248.815,4139344
2026-03-31 10:00:00,248.79269,249.12,247.9214,248.94009,1832798
2026-03-31 10:30:00,248.94009,249.0099945,247.101,247.32001,1880272
2026-03-31 11:00:00,247.28999,248.88,247.27,248.42999,1580957
2026-03-31 11:30:00,248.45,249.084,247.66,248.61,1286039
2026-03-31 12:00:00,248.61,250.69,248.49001,250.34,2150104
2026-03-31 12:30:00,250.3499,253.35001,250.17999,253.13,3783130
2026-03-31 13:00:00,253.14,253.9299,252.56,253.22501,1968919
2026-03-31 13:30:00,253.17999,253.96001,252.39999,252.53999,1569827
2026-03-31 14:00:00,252.53,253.38,252.53,253.13,1572263
2026-03-31 14:30:00,253.12,253.94,253.020004,253.755,1414360
2026-03-31 15:00:00,253.73,254.125,253.42999,253.67,2100137
2026-03-31 15:30:00,253.67,255.48,253.28,253.78999,7002121
2026-04-01 09:30:00,254.3,256.17999,253.82001,254.61,4626879
2026-04-01 10:00:00,254.60001,255.155,253.88,254.1201,2669053
2026-04-01 10:30:00,254.19,254.39999,253.33,254.13,2257137
2026-04-01 11:00:00,254.14,254.745,253.7973,254.14999,1708271
2026-04-01 11:30:00,254.14999,254.82001,253.75999,254.62,1354497
2026-04-01 12:00:00,254.625,254.81,254.089996,254.4301,1217232
2026-04-01 12:30:00,254.44,254.96001,254.22,254.60001,1037663
2026-04-01 13:00:00,254.59,255.39999,254.50011,255.1422,3315071
2026-04-01 13:30:00,255.125,255.28,254.75999,254.785,1237319
2026-04-01 14:00:00,254.7545,254.91,254.10001,254.31,1377180
2026-04-01 14:30:00,254.32001,254.7,253.97,254.42,1412748
2026-04-01 15:00:00,254.41,255.66,254.38,255.655,1822808
2026-04-01 15:30:00,255.64,256.13,255.1501,255.69,4782139
2026-04-02 09:30:00,254.14,254.75999,250.64999,252.5,4330033
2026-04-02 10:00:00,252.52,252.81,251.19,252.125,1995329
2026-04-02 10:30:00,252.11,255.3999,251.99001,255.375,2246474
2026-04-02 11:00:00,255.39999,255.72,254.41,255.12,1387307
2026-04-02 11:30:00,255.16499,255.185,254.36011,254.57001,707660
2026-04-02 12:00:00,254.57001,254.735,254.0,254.11,875294
2026-04-02 12:30:00,254.13,255.0,254.070007,254.42,737678
2026-04-02 13:00:00,254.42,255.48531,254.19,255.33501,683973
2026-04-02 13:30:00,255.33501,255.39,254.31,254.61,823490
2026-04-02 14:00:00,254.58,255.295,254.58,255.145,935212
2026-04-02 14:30:00,255.16,255.455,254.80009,255.28,2137620
2026-04-02 15:00:00,255.28999,255.7,255.0099945,255.12,1172142
2026-04-02 15:30:00,255.10001,256.13,254.8,255.89,3297591
2026-04-06 09:30:00,256.96249,260.01001,256.48001,259.95999,3619128
2026-04-06 10:00:00,259.92999,262.019989,258.92999,261.76001,3073916
2026-04-06 10:30:00,261.76001,262.16,259.72,259.91,2367105
2026-04-06 11:00:00,259.89999,260.12,258.97,259.25,1586106
2026-04-06 11:30:00,259.2301,259.62,259.01001,259.5101,1153878
2026-04-06 12:00:00,259.5199,259.63,258.70999,259.040009,868809
2026-04-06 12:30:00,259.029999,259.56,258.84,259.01001,990612
2026-04-06 13:00:00,258.995,259.070007,257.91,258.78,1015549
2026-04-06 13:30:00,258.79001,259.01001,258.12009,258.17999,1018782
2026-04-06 14:00:00,258.19,259.39001,257.85001,259.28,1052391
2026-04-06 14:30:00,259.28009,259.3699,258.84009,259.17001,754838
2026-04-06 15:00:00,259.19,259.26001,258.019989,258.24991,1466403
2026-04-06 15:30:00,258.23001,259.075012,258.13,258.88699,2757592
2026-04-07 09:30:00,254.72,254.7999,249.0,249.32001,8570391
2026-04-07 10:00:00,249.315,249.7,247.57001,247.67,5289572
2026-04-07 10:30:00,247.66499,248.19,245.99001,246.1899,4534935
2026-04-07 11:00:00,246.17999,247.85001,245.7,247.82001,3991299
2026-04-07 11:30:00,247.82001,248.50999,247.39999,248.46001,2771305
2026-04-07 12:00:00,248.47,250.2899,248.47,250.17,4091697
2026-04-07 12:30:00,250.17,250.39,249.6601,250.029999,2077042
2026-04-07 13:00:00,250.020004,253.39,249.72,251.58501,6162308
2026-04-07 13:30:00,251.61501,252.78999,251.32001,251.69,2000116
2026-04-07 14:00:00,251.7,251.98,251.28999,251.32001,1425808
2026-04-07 14:30:00,251.33,251.59,250.12,250.3999,1851845
2026-04-07 15:00:00,250.38,252.5,250.205,251.955,2405452
2026-04-07 15:30:00,251.92101,253.60989,251.44,253.49001,5898745
2026-04-08 09:30:00,258.51001,258.76001,256.53,258.51999,6995500
2026-04-08 10:00:00,258.505,259.74991,258.034698,258.13,3227066
2026-04-08 10:30:00,258.14001,258.89999,257.64001,258.89999,2265312
2026-04-08 11:00:00,258.92001,259.51001,257.51001,257.51001,2194781
2026-04-08 11:30:00,257.51999,258.39999,257.35999,257.63361,1671268
2026-04-08 12:00:00,257.62,258.20999,257.10999,257.42801,1781118
2026-04-08 12:30:00,257.42499,258.69,257.42499,258.42401,1376164
2026-04-08 13:00:00,258.41251,258.63,257.5,257.51001,1288199
2026-04-08 13:30:00,257.5,258.14999,257.41,257.70001,1324279
2026-04-08 14:00:00,257.70001,257.94501,256.91,257.23999,1616118
2026-04-08 14:30:00,257.23001,257.72,257.1301,257.39001,1150981
2026-04-08 15:00:00,257.38,257.84,257.089996,257.20001,1937399
2026-04-08 15:30:00,257.17999,258.98999,257.17999,258.92999,3893271
2026-04-09 09:30:00,259.37,260.029999,256.10999,256.23001,3461526
2026-04-09 10:00:00,256.23001,258.17001,256.070007,257.84,2452879
2026-04-09 10:30:00,257.81,258.26001,257.3501,257.64999,1329761
2026-04-09 11:00:00,257.64511,257.92999,257.35999,257.54999,1150095
2026-04-09 11:30:00,257.51501,258.70999,257.47601,258.69,1439532
2026-04-09 12:00:00,258.67999,259.47,258.64499,259.12,1175517
2026-04-09 12:30:00,259.12,259.64999,258.80499,259.42001,995670
2026-04-09 13:00:00,259.44,260.53,259.44,260.054993,1296908
2026-04-09 13:30:00,260.049988,260.45001,259.79001,259.94501,891145
2026-04-09 14:00:00,259.95999,260.049988,259.29999,259.625,961694
2026-04-09 14:30:00,259.60999,259.95999,259.45001,259.87,776710
2026-04-09 15:00:00,259.87,260.34,259.82999,260.059998,1311644
2026-04-09 15:30:00,260.049988,261.12,260.024994,260.39001,2894901
2026-04-10 09:30:00,259.95001,260.73001,259.070007,260.35901,3412879
2026-04-10 10:00:00,260.36499,261.85001,260.185,261.565,2066431
2026-04-10 10:30:00,261.565,262.19,261.42001,261.73999,1638984
2026-04-10 11:00:00,261.75,261.82001,261.13971,261.29001,1382719
2026-04-10 11:30:00,261.31989,261.75,260.74249,260.88,1257512
2026-04-10 12:00:00,260.89001,261.040009,260.42999,260.5351,1219133
2026-04-10 12:30:00,260.54501,260.56,259.79001,260.26001,1173651
2026-04-10 13:00:00,260.26651,260.26651,259.20001,259.23999,1075445
2026-04-10 13:30:00,259.23999,259.82999,259.023102,259.69501,958137
2026-04-10 14:00:00,259.685,260.14499,259.41,260.12,967153
2026-04-10 14:30:00,260.10999,260.20001,259.69,259.73001,993766
2026-04-10 15:00:00,259.73001,260.019989,259.35001,259.72,1392547
2026-04-10 15:30:00,259.72,260.535,259.29001,260.38,3655071
2026-04-13 09:30:00,259.85999,260.17999,257.20001,257.57999,3951423
2026-04-13 10:00:00,257.54501,258.0,256.66,257.32001,2312431
2026-04-13 10:30:00,257.31,257.8299,257.10001,257.80499,1642910
2026-04-13 11:00:00,257.82001,257.88,257.22,257.70999,1852886
2026-04-13 11:30:00,257.73001,257.76001,256.85999,257.0,1632700
2026-04-13 12:00:00,257.019989,257.875,256.79001,257.78,1503698
2026-04-13 12:30:00,257.7901,258.34,257.51511,257.845,1538608
2026-04-13 13:00:00,257.85001,258.20001,257.6601,257.86499,821735
2026-04-13 13:30:00,257.85999,257.92999,257.51999,257.58499,1043368
2026-04-13 14:00:00,257.59,258.20001,257.58081,257.88,1070085
2026-04-13 14:30:00,257.86499,258.48001,257.85999,258.37,1238793
2026-04-13 15:00:00,258.37,258.39999,257.79999,257.85001,1274238
2026-04-13 15:30:00,257.845,259.57999,257.59,259.20999,5022608
2026-04-14 09:30:00,259.10001,261.92999,259.10001,259.44,5422404
2026-04-14 10:00:00,259.435,260.37,259.029999,259.34,2713025
2026-04-14 10:30:00,259.32999,259.42999,257.67001,257.85999,2800128
2026-04-14 11:00:00,257.82999,258.19,257.60999,258.055389,2164779
2026-04-14 11:30:00,258.049988,258.39001,257.64001,257.73001,2378058
2026-04-14 12:00:00,257.70999,257.87,257.19009,257.70001,1730192
2026-04-14 12:30:00,257.69,259.73001,257.62,259.31,2486399
2026-04-14 13:00:00,259.32001,259.76511,258.56,258.66,1611712
2026-04-14 13:30:00,258.66,258.66,257.75,258.39999,1549585
2026-04-14 14:00:00,258.39499,258.97,258.39499,258.78,1163175
2026-04-14 14:30:00,258.78,258.81,257.94,258.0050049,1268432
2026-04-14 15:00:00,258.0,258.67001,257.75,258.32501,1805711
2026-04-14 15:30:00,258.32501,258.85999,258.14999,258.85501,5322365
2026-04-15 09:30:00,258.11,260.3,257.83,258.6,207991
2026-04-15 10:00:00,258.67,261.04,258.65,260.65,129008
2026-04-15 10:30:00,260.76,263.32,260.43,262.96,166120
2026-04-15 11:00:00,262.955,264.115,262.465,263.16,199761
2026-04-15 11:30:00,263.18,264.75,262.99,264.4,179637
2026-04-15 12:00:00,264.38,265.51,264.32,264.56,164553
2026-04-15 12:30:00,264.58,265.44,264.24,265.44,216576
2026-04-15 13:00:00,265.49,265.78,264.86,264.945,88682
2026-04-15 13:30:00,264.93,264.99,264.41,264.41,61018
2026-04-15 14:00:00,264.4,265.29,264.3,265.18,67332
2026-04-15 14:30:00,265.18,265.86499,265.18,265.64011,210536
2026-04-15 15:00:00,265.64999,265.79001,265.27,265.33,435543
2026-04-15 15:30:00,265.27,266.55,265.25,266.37,282563
2026-04-16 09:30:00,266.79999,267.16,262.019989,262.34,7946587
2026-04-16 10:00:00,262.35501,262.60001,261.31,262.059998,3607756
2026-04-16 10:30:00,262.089996,262.34021,261.26999,261.87,2401405
2026-04-16 11:00:00,261.85001,262.73001,261.85001,262.25,2396549
2026-04-16 11:30:00,262.25,263.63,262.19,263.5101,2192653
2026-04-16 12:00:00,263.52499,264.3898,263.45999,264.080109,1932784
2026-04-16 12:30:00,264.089996,264.16861,263.185,263.20499,1470152
2026-04-16 13:00:00,263.20999,263.70001,263.089996,263.51999,1222150
2026-04-16 13:30:00,263.53,263.82001,263.29001,263.81,1006450
2026-04-16 14:00:00,263.79999,264.17001,263.29999,263.57999,1429279
2026-04-16 14:30:00,263.59,264.37,263.54001,264.3699,1305455
2026-04-16 15:00:00,264.37,264.54999,263.48001,263.63409,1954739
2026-04-16 15:30:00,263.63,264.25,263.26001,263.35999,3667931
2026-04-17 09:30:00,267.097992,269.79001,266.72,268.97,12009370
2026-04-17 10:00:00,268.98001,269.41,268.50241,268.58499,4339897
2026-04-17 10:30:00,268.63501,270.45999,268.44,270.25,3610507
2026-04-17 11:00:00,270.2702,272.10001,270.22,271.94,3869730
2026-04-17 11:30:00,271.95001,272.29999,270.88309,270.97,2435069
2026-04-17 12:00:00,270.97,271.625,270.76999,271.54999,1601216
2026-04-17 12:30:00,271.56,271.7399,270.82999,270.97,3625376
2026-04-17 13:00:00,270.97,271.48999,270.17999,270.57999,2516110
2026-04-17 13:30:00,270.57999,270.73001,270.16,270.25,1654714
2026-04-17 14:00:00,270.26001,270.53,269.92001,270.19,1488224
2026-04-17 14:30:00,270.19,270.79999,269.82001,270.13,2323012
2026-04-17 15:00:00,270.12,270.13,269.53,269.69501,1766687
2026-04-17 15:30:00,269.70999,270.53,269.6601,270.185,4777998
2026-04-20 09:30:00,270.32999,274.099915,270.32999,273.922,6722867
2026-04-20 10:00:00,273.92999,274.27499,273.22,273.38,3077787
2026-04-20 10:30:00,273.38989,273.85001,272.095001,272.39999,2157796
2026-04-20 11:00:00,272.37,272.95999,271.72,272.88,1996755
2026-04-20 11:30:00,272.82999,272.91,272.079987,272.77911,1376931
2026-04-20 12:00:00,272.76999,272.85001,272.16501,272.57001,1122557
2026-04-20 12:30:00,272.59,273.13501,272.35001,272.35001,1185005
2026-04-20 13:00:00,272.375,272.64999,271.84,272.19,1218495
2026-04-20 13:30:00,272.17001,272.97,271.98001,272.95999,1166128
2026-04-20 14:00:00,272.95999,273.64001,272.79999,273.45001,1545465
2026-04-20 14:30:00,273.45999,273.45999,272.97,272.99011,951841
2026-04-20 15:00:00,272.98999,273.26001,272.67001,272.69,1224456
2026-04-20 15:30:00,272.64999,273.16,272.26999,272.92999,3689439
2026-04-21 09:30:00,271.44501,272.79999,270.53,271.84,5523060
2026-04-21 10:00:00,271.87,272.059998,269.37,269.58011,2971297
2026-04-21 10:30:00,269.565,269.85001,268.75,268.82001,2350436
2026-04-21 11:00:00,268.84,269.079895,267.75,267.92999,3050731
2026-04-21 11:30:00,267.92001,268.019989,266.56,266.72,2730464
2026-04-21 12:00:00,266.7301,267.24561,265.81,265.85999,2905350
2026-04-21 12:30:00,265.85999,266.38989,265.39999,266.34,3367263
2026-04-21 13:00:00,266.35001,266.88,265.79999,266.16,3015653
2026-04-21 13:30:00,266.17999,267.0,266.059998,266.3801,2003552
2026-04-21 14:00:00,266.39999,266.87,266.23001,266.375,1323774
2026-04-21 14:30:00,266.38,267.88,266.38,267.84,2763772
2026-04-21 15:00:00,267.8345,268.19,267.60001,267.95999,2343419
2026-04-21 15:30:00,267.965,267.97,265.87,266.22,6237992
2026-04-22 09:30:00,267.82001,269.10001,266.87,268.49991,5240691
2026-04-22 10:00:00,268.44,271.94,268.42999,271.94,5787060
2026-04-22 10:30:00,271.94,272.56,270.98001,271.28,3140284
2026-04-22 11:00:00,271.26999,272.76501,271.20999,272.40009,1934816
2026-04-22 11:30:00,272.39001,273.25089,272.26001,273.01001,2229914
2026-04-22 12:00:00,273.019989,273.505,272.56,272.69,1869456
2026-04-22 12:30:00,272.70499,272.92999,272.35999,272.495,1313650
2026-04-22 13:00:00,272.48001,273.42001,272.47009,273.20999,1641863
2026-04-22 13:30:00,273.21899,273.71719,273.17169,273.47,1264613
2026-04-22 14:00:00,273.47,273.73999,272.63,272.685,1769687
2026-04-22 14:30:00,272.70999,272.78,272.10049,272.39999,1134166
2026-04-22 15:00:00,272.42999,272.82001,272.26999,272.70999,1448516
2026-04-22 15:30:00,272.715,273.26001,272.54999,273.19,4278621
2026-04-23 09:30:00,275.045013,275.76999,273.1355,273.70999,4729846
2026-04-23 10:00:00,273.69501,274.60001,273.42999,273.905,1679853
2026-04-23 10:30:00,273.97,274.30991,273.33801,273.95001,1237449
2026-04-23 11:00:00,273.935,274.13,273.26999,273.67999,1166283
2026-04-23 11:30:00,273.63,274.41,273.030487,273.41,1407974
2026-04-23 12:00:00,273.42001,273.67999,273.079987,273.60001,844121
2026-04-23 12:30:00,273.61499,273.99271,272.95999,273.0,934759
2026-04-23 13:00:00,273.019989,273.035004,272.090088,272.23999,3224263
2026-04-23 13:30:00,272.25,273.13,271.64999,272.98999,2135158
2026-04-23 14:00:00,273.0,273.79999,272.90009,273.66,1843537
2026-04-23 14:30:00,273.66,274.23001,273.53,273.91501,1395742
2026-04-23 15:00:00,273.905,274.54501,273.85001,274.17001,1394734
2026-04-23 15:30:00,274.14999,274.25989,273.059998,273.44,2753801
2026-04-24 09:30:00,272.76001,273.059998,270.10001,271.64001,4444418
2026-04-24 10:00:00,271.64001,272.39999,270.91,272.070007,2234623
2026-04-24 10:30:00,272.10001,272.59,271.28,271.45499,1278195
2026-04-24 11:00:00,271.51001,271.63,270.5701,270.67999,1478864
2026-04-24 11:30:00,270.69,271.17999,269.79999,271.032104,2398438
2026-04-24 12:00:00,271.029999,271.67999,270.73001,270.98999,1144480
2026-04-24 12:30:00,271.0,271.15201,270.061005,270.47501,1602576
2026-04-24 13:00:00,270.47009,270.60001,269.64999,270.065002,1773461
2026-04-24 13:30:00,270.049988,270.29999,269.76001,269.80551,1573209
2026-04-24 14:00:00,269.80301,270.22,269.72,269.95999,1432807
2026-04-24 14:30:00,269.97,270.38,269.85999,270.10999,1180291
2026-04-24 15:00:00,270.12,270.38,269.89999,270.089996,2442827
2026-04-24 15:30:00,270.089996,271.48001,270.0,271.059998,4744314
2026-04-27 09:30:00,266.089996,268.35999,265.070007,268.13,8103468
2026-04-27 10:00:00,268.12,268.20001,267.10999,267.35999,2115599
2026-04-27 10:30:00,267.39001,267.79999,266.67001,267.16,1819347
2026-04-27 11:00:00,267.17999,267.5556,266.62,267.10999,1432340
2026-04-27 11:30:00,267.14001,267.64001,266.67001,266.79001,1326694
2026-04-27 12:00:00,266.79501,267.049988,266.26001,266.29501,1353010
2026-04-27 12:30:00,266.29001,266.67499,266.29001,266.42001,1181971
2026-04-27 13:00:00,266.42001,267.029999,266.37,266.84,1768672
2026-04-27 13:30:00,266.82999,267.049988,266.35001,266.48001,1076604
2026-04-27 14:00:00,266.48001,266.64001,266.089996,266.34991,1482064
2026-04-27 14:30:00,266.35001,266.51501,266.13,266.42001,1233437
2026-04-27 15:00:00,266.44,267.215,266.31,267.14999,1479919
2026-04-27 15:30:00,267.16,267.95999,267.049988,267.67999,4077895
2026-04-28 09:30:00,272.33499,273.22,268.66,269.905,6474879
2026-04-28 10:00:00,269.85001,271.39999,269.66,271.27991,2620257
2026-04-28 10:30:00,271.28,271.74951,270.642,271.13,2975276
2026-04-28 11:00:00,271.17001,271.82999,270.29001,270.32501,2365579
2026-04-28 11:30:00,270.32501,270.565,269.48001,269.64001,1766053
2026-04-28 12:00:00,269.66501,270.17001,269.3313,269.51599,953160
2026-04-28 12:30:00,269.495,270.10999,269.44019,269.94,969642
2026-04-28 13:00:00,269.935,270.13,269.51001,269.87,885588
2026-04-28 13:30:00,269.87,270.6499,269.79001,270.51999,861374
2026-04-28 14:00:00,270.54001,270.91501,270.12009,270.5,1903944
2026-04-28 14:30:00,270.5,270.54001,269.89001,270.060089,1106203
2026-04-28 15:00:00,270.065002,270.63,270.019989,270.22501,1193962
2026-04-28 15:30:00,270.23001,270.94501,269.995,270.76001,3115541
2026-04-29 09:30:00,267.54999,269.56,267.040009,269.28119,3670259
2026-04-29 10:00:00,269.26999,270.3118,269.049988,269.39999,1976071
2026-04-29 10:30:00,269.41,269.92999,269.030396,269.32001,1148514
2026-04-29 11:00:00,269.30499,269.42001,268.73001,268.84,1296403
2026-04-29 11:30:00,268.82449,269.27011,268.20001,268.63,1497732
2026-04-29 12:00:00,268.64999,270.14661,268.6207,269.82501,1367544
2026-04-29 12:30:00,269.82999,271.040009,269.75,270.95001,1324504
2026-04-29 13:00:00,270.97,270.98001,269.91,270.20001,839114
2026-04-29 13:30:00,270.20999,270.59,270.11499,270.17001,747470
2026-04-29 14:00:00,270.20999,270.26001,269.64001,269.73999,896283
2026-04-29 14:30:00,269.73499,270.20001,269.37,270.075012,950331
2026-04-29 15:00:00,270.070007,270.44501,270.070007,270.28,936841
2026-04-29 15:30:00,270.26999,270.35999,269.60999,270.19,3057478
2026-04-30 09:30:00,270.5,270.88751,268.14001,270.60001,5763429
2026-04-30 10:00:00,270.60001,272.20001,270.5495,271.91901,4013990
2026-04-30 10:30:00,271.88,272.20999,270.73001,270.8605,2163137
2026-04-30 11:00:00,270.85999,271.63,270.76001,271.51999,1959460
2026-04-30 11:30:00,271.52499,271.98001,271.17999,271.92001,1534074
2026-04-30 12:00:00,271.94989,273.099915,271.76089,273.059998,2689421
2026-04-30 12:30:00,273.079987,273.76001,271.70999,271.95999,2701642
2026-04-30 13:00:00,271.95999,272.81,271.67999,272.785,1752376
2026-04-30 13:30:00,272.81,273.85999,272.79999,273.62,2089715
2026-04-30 14:00:00,273.61499,274.20001,273.4498,273.60001,1958330
2026-04-30 14:30:00,273.57999,273.94,273.040009,273.095001,1756906
2026-04-30 15:00:00,273.080109,274.48999,272.82001,274.48999,2777364
2026-04-30 15:30:00,274.47,275.94,270.34,271.35999,14238265
2026-05-01 09:30:00,278.94,284.74991,278.37,283.95001,20055184
2026-05-01 10:00:00,283.95001,287.20999,283.84,285.34,10003312
2026-05-01 10:30:00,285.34009,285.60001,282.01001,282.60999,5340025
2026-05-01 11:00:00,282.64999,284.2692,281.45999,283.95001,3949174
2026-05-01 11:30:00,283.95499,285.48999,283.20001,284.75,4047910
2026-05-01 12:00:00,284.70999,285.0,283.34,283.95499,5645670
2026-05-01 12:30:00,283.95499,284.10999,282.39511,283.117,2997698
2026-05-01 13:00:00,283.13,283.5,282.41,282.81,2062460
2026-05-01 13:30:00,282.80499,282.82001,281.42499,281.47501,2225571
2026-05-01 14:00:00,281.47501,281.54001,280.64011,281.23001,2566261
2026-05-01 14:30:00,281.23999,281.23999,280.14999,280.45001,2252278
2026-05-01 15:00:00,280.45999,280.89001,279.73999,280.34991,2571897
2026-05-01 15:30:00,280.34,280.69,279.60999,280.14999,5835825
2026-05-04 09:30:00,279.655,280.63,275.41,275.45001,8080072
2026-05-04 10:00:00,275.435,276.47,274.86011,276.2536,3763584
2026-05-04 10:30:00,276.27499,278.0,276.070007,277.32999,2997579
2026-05-04 11:00:00,277.32001,277.88,276.67001,276.83499,2097897
2026-05-04 11:30:00,276.85001,277.37,276.45999,276.85999,1444465
2026-05-04 12:00:00,276.82999,276.89001,275.45001,276.089996,1849846
2026-05-04 12:30:00,276.10001,277.059998,275.98001,276.83511,1290364
2026-05-04 13:00:00,276.82901,277.34,276.78,277.040009,1096078
2026-05-04 13:30:00,277.059998,277.29031,276.70471,277.090607,1214775
2026-05-04 14:00:00,277.089996,277.42001,276.63,276.76999,1207843
2026-05-04 14:30:00,276.76999,276.95001,276.26001,276.6575,1012163
2026-05-04 15:00:00,276.66501,277.67001,276.47,277.078491,2102372
2026-05-04 15:30:00,277.079987,277.32001,276.51001,276.84,4124586
2026-05-05 09:30:00,276.89999,279.98001,276.50101,279.57001,5454582
2026-05-05 10:00:00,279.58499,281.38,278.82001,281.19,3546984
2026-05-05 10:30:00,281.17999,283.20999,279.89999,280.52701,4107774
2026-05-05 11:00:00,280.51251,281.029999,279.70999,280.22,2013707
2026-05-05 11:30:00,280.23001,280.33499,279.845,280.17999,1294614
2026-05-05 12:00:00,280.17001,281.56,280.019989,281.39999,1745435
2026-05-05 12:30:00,281.39001,282.70001,281.32999,282.55499,2060956
2026-05-05 13:00:00,282.54001,284.57001,281.70001,282.815,3085440
2026-05-05 13:30:00,282.81,283.35001,282.35269,283.31,1665505
2026-05-05 14:00:00,283.31989,284.28,283.245,284.25009,2292038
2026-05-05 14:30:00,284.255,284.26001,283.42001,283.715,1664789
2026-05-05 15:00:00,283.72009,284.45001,283.685,284.20999,1941483
2026-05-05 15:30:00,284.22,284.32999,283.45001,284.17001,4695212
2026-05-06 09:30:00,281.91501,286.24899,281.075012,286.14001,7335524
2026-05-06 10:00:00,286.14999,286.72,285.57001,286.10999,3941264
2026-05-06 10:30:00,286.13,286.34,284.59,284.87,3372805
2026-05-06 11:00:00,284.86499,285.41,283.88,284.73999,3318823
2026-05-06 11:30:00,284.73999,286.0,284.64999,285.595,2740353
2026-05-06 12:00:00,285.595,286.37,285.20999,286.26001,1787090
2026-05-06 12:30:00,286.255,287.13,285.70999,286.23001,1991236
2026-05-06 13:00:00,286.25,287.040009,285.78,286.73499,1698697
2026-05-06 13:30:00,286.73001,287.75,286.57001,287.664,1751604
2026-05-06 14:00:00,287.66,287.85001,286.71011,287.17999,2126848
2026-05-06 14:30:00,287.16589,287.37,286.66501,287.30151,1932099
2026-05-06 15:00:00,287.30499,287.89999,287.20499,287.76001,2226373
2026-05-06 15:30:00,287.76001,288.029999,287.040009,287.53,5753679
2026-05-07 09:30:00,289.26999,291.059998,288.20001,291.029999,7272786
2026-05-07 10:00:00,291.01001,292.13,289.73999,290.47,4623206
2026-05-07 10:30:00,290.47,291.10999,289.92001,290.97949,2235330
2026-05-07 11:00:00,290.965,291.39001,290.20001,290.2001,1953747
2026-05-07 11:30:00,290.20001,290.73999,289.080109,289.31931,1944516
2026-05-07 12:00:00,289.29999,289.70001,288.78,289.41,1751888
2026-05-07 12:30:00,289.42499,289.655,288.23999,288.62991,1692749
2026-05-07 13:00:00,288.6301,289.57999,288.48001,288.76501,1435407
2026-05-07 13:30:00,288.745,289.14999,287.89999,289.10999,1328405
2026-05-07 14:00:00,289.13,289.76999,288.26999,288.26999,1677115
2026-05-07 14:30:00,288.28,288.34,286.85999,287.42001,1806727
2026-05-07 15:00:00,287.405,287.45499,285.78,286.73999,3134284
2026-05-07 15:30:00,286.73499,287.56,286.28,287.47,3254466
2026-05-08 09:30:00,290.10999,294.55499,290.0,293.89099,8228567
2026-05-08 10:00:00,293.91,293.98001,292.51999,293.785,3128324
2026-05-08 10:30:00,293.76999,294.76001,293.39999,293.56,4070121
2026-05-08 11:00:00,293.54001,294.23001,292.42001,292.85001,3209189
2026-05-08 11:30:00,292.85001,293.040009,292.18011,292.315,1827682
2026-05-08 12:00:00,292.29999,292.91699,292.28,292.79999,1365573
2026-05-08 12:30:00,292.79999,292.79999,291.88,292.14001,2015986
2026-05-08 13:00:00,292.13901,292.63,291.75009,292.14999,1988026
2026-05-08 13:30:00,292.14001,292.62,292.10999,292.13501,1059101
2026-05-08 14:00:00,292.13,292.85999,292.070007,292.72299,1388124
2026-05-08 14:30:00,292.76511,292.95999,292.39001,292.88501,1500093
2026-05-08 15:00:00,292.89001,293.60001,292.60999,293.42999,2470578
2026-05-08 15:30:00,293.45001,294.25,293.10001,293.28,6088657
2026-05-11 09:30:00,291.979,292.70001,290.23001,291.62,5857841
2026-05-11 10:00:00,291.60001,293.14999,291.29999,292.045013,3370106
2026-05-11 10:30:00,292.045013,293.079987,291.75,292.54999,1933780
2026-05-11 11:00:00,292.53009,293.59,292.25,293.3699,2356337
2026-05-11 11:30:00,293.37,293.88,292.45999,292.51999,2090979
2026-05-11 12:00:00,292.51999,292.51999,291.82141,292.41501,1686671
2026-05-11 12:30:00,292.41501,292.70499,290.63,290.79999,2203411
2026-05-11 13:00:00,290.80011,292.023987,290.69101,291.94,1352913
2026-05-11 13:30:00,291.93991,292.16,291.72501,292.065002,925631
2026-05-11 14:00:00,292.077515,292.98001,291.73001,291.73999,1661369
2026-05-11 14:30:00,291.73999,291.95999,291.17001,291.44,1149681
2026-05-11 15:00:00,291.42001,292.2099,290.85999,292.14999,1724359
2026-05-11 15:30:00,292.1459,292.79999,291.81,292.73999,3307424
2026-05-12 09:30:00,292.755,294.172,292.61499,294.054993,7890256
2026-05-12 10:00:00,294.079987,294.81,293.13,293.93991,3222486
2026-05-12 10:30:00,293.91,294.84,293.25,294.8201,2235178
2026-05-12 11:00:00,294.82001,294.8999,293.76001,294.37,2081594
2026-05-12 11:30:00,294.35999,294.45999,293.45999,294.45001,1411404
2026-05-12 12:00:00,294.45999,294.78,293.57999,293.95999,1403904
2026-05-12 12:30:00,293.95001,294.59,293.51999,293.88501,1437707
2026-05-12 13:00:00,293.89999,294.56,293.38,293.89999,1660092
2026-05-12 13:30:00,293.89999,294.435,293.69,294.29999,1978177
2026-05-12 14:00:00,294.29999,294.66,293.85999,294.64999,1385760
2026-05-12 14:30:00,294.62,294.62,294.0,294.435,1346045
2026-05-12 15:00:00,294.42001,294.92001,294.19,294.80069,2105402
2026-05-12 15:30:00,294.79999,295.26999,294.35999,294.87,4049102
2026-05-13 09:30:00,293.63,297.5098,293.56,295.39999,7901833
2026-05-13 10:00:00,295.41501,296.079987,295.12,295.14999,2857795
2026-05-13 10:30:00,295.17001,296.70001,295.16,296.47501,1997625
2026-05-13 11:00:00,296.51001,297.25,296.26001,296.94,2352117
2026-05-13 11:30:00,296.935,298.01001,296.72079,296.92001,2425064
2026-05-13 12:00:00,296.935,298.54999,296.78,298.40009,1714043
2026-05-13 12:30:00,298.39001,299.42001,298.33099,299.14999,3205141
2026-05-13 13:00:00,299.16,300.37,299.12,300.125,3738654
2026-05-13 13:30:00,300.10999,300.92001,299.875,300.16501,2851061
2026-05-13 14:00:00,300.14999,300.495,299.70999,299.715,2019446
2026-05-13 14:30:00,299.70999,299.72,299.22,299.4101,1469858
2026-05-13 15:00:00,299.42999,299.535,298.61499,299.14999,1895000
2026-05-13 15:30:00,299.14999,299.48001,298.85001,298.88,3870507
2026-05-14 09:30:00,299.82001,300.35001,297.17001,297.39001,4844312
2026-05-14 10:00:00,297.35001,298.77039,297.079987,297.935,2301269
2026-05-14 10:30:00,297.95001,298.87991,297.57999,298.625,1852672
2026-05-14 11:00:00,298.63,299.47,297.78,299.065002,1875646
2026-05-14 11:30:00,299.070007,299.35999,298.75,299.155,1611394
2026-05-14 12:00:00,299.155,299.20001,298.28,298.30991,1588477
2026-05-14 12:30:00,298.31,298.51251,295.38,297.60001,3210995
2026-05-14 13:00:00,297.5701,298.41,297.35999,298.38,1278811
2026-05-14 13:30:00,298.409,298.62991,297.92001,298.19,1330124
2026-05-14 14:00:00,298.17999,298.48999,297.54999,298.37,993147
2026-05-14 14:30:00,298.36499,298.78,298.22299,298.59,1687715
2026-05-14 15:00:00,298.60001,299.20001,298.5,299.075012,1242999
2026-05-14 15:30:00,299.079987,299.079987,297.88,298.16501,3098706
2026-05-15 09:30:00,297.755,298.67999,296.53,298.075012,8070596
2026-05-15 10:00:00,298.10001,299.85001,297.535,299.29001,2381051
2026-05-15 10:30:00,299.26999,301.25,299.23999,300.92499,3486741
2026-05-15 11:00:00,300.94,302.79001,300.94,301.96951,5039936
2026-05-15 11:30:00,301.98999,302.60001,300.64001,301.024994,3319632
2026-05-15 12:00:00,301.10001,301.94,300.75,301.81,1629363
2026-05-15 12:30:00,301.79001,302.60999,301.48499,302.0,1929972
2026-05-15 13:00:00,302.0,303.20001,301.75,303.12,2176993
2026-05-15 13:30:00,303.10001,303.14001,302.10999,302.23001,1803664
2026-05-15 14:00:00,302.23999,302.47,301.11801,301.26501,2375018
2026-05-15 14:30:00,301.28,301.72971,300.51001,301.66501,1757194
2026-05-15 15:00:00,301.66501,301.76001,299.88,300.2634,2476056
2026-05-15 15:30:00,300.28,300.66,299.63,300.22,4618896
2026-05-18 09:30:00,300.23999,300.63,297.36011,298.10999,5297418
2026-05-18 10:00:00,298.070007,298.48499,296.70001,298.16501,2357765
2026-05-18 10:30:00,298.14001,298.57999,296.85001,298.29999,1876595
2026-05-18 11:00:00,298.23001,298.25,295.48001,295.48001,1983202
2026-05-18 11:30:00,295.51999,296.38,295.26999,295.84,1370957
2026-05-18 12:00:00,295.84,296.81,295.019989,295.25,1098567
2026-05-18 12:30:00,295.26999,296.13,294.91,295.89999,2255122
2026-05-18 13:00:00,295.92001,296.67999,295.45999,296.17029,997752
2026-05-18 13:30:00,296.185,296.51501,295.84,296.315,942463
2026-05-18 14:00:00,296.29999,296.685,295.51999,296.079987,2677448
2026-05-18 14:30:00,296.1499,296.37,295.45001,295.98001,1510053
2026-05-18 15:00:00,295.98999,297.73001,295.79999,297.077301,2097380
2026-05-18 15:30:00,297.089996,297.92001,296.905,297.89999,2992205
2026-05-19 09:30:00,296.97,300.51001,296.35001,299.095001,7165961
2026-05-19 10:00:00,299.095001,299.10001,296.84,296.91,2632523
2026-05-19 10:30:00,296.92999,297.54001,296.51999,297.51001,1858920
2026-05-19 11:00:00,297.48001,297.75,296.98001,297.070007,1372980
2026-05-19 11:30:00,297.059998,297.57999,296.87,297.28,2130114
2026-05-19 12:00:00,297.29001,297.5,296.36499,297.42499,1118022
2026-05-19 12:30:00,297.41,298.72,297.35999,298.59991,1481119
2026-05-19 13:00:00,298.57999,298.73001,298.17181,298.24951,1350036
2026-05-19 13:30:00,298.25,298.48691,297.84,298.39001,968625
2026-05-19 14:00:00,298.38,298.42999,297.87,297.89001,962386
2026-05-19 14:30:00,297.87,297.89999,297.48999,297.63,907206
2026-05-19 15:00:00,297.64999,298.44,297.53,298.38,1458194
2026-05-19 15:30:00,298.39001,299.22,297.84,298.98001,3821190
2026-05-20 09:30:00,298.17999,302.37,298.089996,300.23999,4942648
2026-05-20 10:00:00,300.23999,300.35001,299.17001,299.51999,2528352
2026-05-20 10:30:00,299.51001,300.47,299.089996,299.92999,1944063
2026-05-20 11:00:00,299.92001,300.51001,299.070007,299.16,1838606
2026-05-20 11:30:00,299.16,299.32999,298.67001,299.17999,1362413
2026-05-20 12:00:00,299.19,300.32001,298.94,300.0050049,1469344
2026-05-20 12:30:00,299.98999,300.82001,299.57001,300.70999,1467168
2026-05-20 13:00:00,300.71179,301.26999,300.049988,301.049988,1374605
2026-05-20 13:30:00,301.059998,301.64999,300.91,301.51501,1247982
2026-05-20 14:00:00,301.51999,301.72,301.14499,301.47,1758361
2026-05-20 14:30:00,301.47,302.29999,301.47,302.20499,1937604
2026-05-20 15:00:00,302.215,302.79999,301.48499,302.19,2286837
2026-05-20 15:30:00,302.20001,302.51999,301.85751,302.26501,3803278
2026-05-21 09:30:00,301.049988,303.070007,300.39999,302.75,4891597
2026-05-21 10:00:00,302.745,302.84,301.26001,301.9509,1995123
2026-05-21 10:30:00,301.92999,302.59991,301.58011,302.14999,1276875
2026-05-21 11:00:00,302.155,303.35999,301.64999,303.024994,1904386
2026-05-21 11:30:00,303.024994,304.24429,302.91,303.82001,1668420
2026-05-21 12:00:00,303.82999,304.17001,303.29999,303.63699,1396551
2026-05-21 12:30:00,303.62,303.79999,303.049896,303.41,1157877
2026-05-21 13:00:00,303.42001,304.67999,303.41,304.591,1883981
2026-05-21 13:30:00,304.60999,305.059998,304.42001,304.9201,1799874
2026-05-21 14:00:00,304.92001,305.10001,304.35999,304.62,1385961
2026-05-21 14:30:00,304.62,304.81,303.89001,304.20999,1529596
2026-05-21 15:00:00,304.20999,305.32501,304.19,305.22681,1808926
2026-05-21 15:30:00,305.22,305.539,304.51001,305.089996,4457107
2026-05-22 09:30:00,306.059998,308.95001,305.85001,308.73401,5295571
2026-05-22 10:00:00,308.69,309.26999,308.040009,308.64001,4219856
2026-05-22 10:30:00,308.63501,310.48001,308.62,310.32999,4380519
2026-05-22 11:00:00,310.32999,311.39999,310.17001,311.0050049,3358494
2026-05-22 11:30:00,311.0,311.040009,309.85001,309.97559,1941214
2026-05-22 12:00:00,309.98001,310.51999,309.72,309.92001,2759082
2026-05-22 12:30:00,309.92999,309.98999,308.82001,309.019989,1622443
2026-05-22 13:00:00,309.019989,309.87,309.01001,309.86011,1927886
2026-05-22 13:30:00,309.87,310.155,309.29001,309.45001,1431217
2026-05-22 14:00:00,309.45001,309.51999,308.95001,309.31,1167628
2026-05-22 14:30:00,309.315,309.57999,309.070007,309.33789,1247506
2026-05-22 15:00:00,309.32001,309.37,308.64001,308.70001,1433834
2026-05-22 15:30:00,308.70001,309.39999,307.97,308.88,4183601
2026-05-26 09:30:00,309.39999,311.48999,309.35001,310.92001,5858465
2026-05-26 10:00:00,310.905,311.82001,309.88,311.72,3387411
2026-05-26 10:30:00,311.73001,311.81,310.85999,311.57001,2159515
2026-05-26 11:00:00,311.54999,311.81,311.16,311.35999,1776408
2026-05-26 11:30:00,311.38,311.57001,310.0,310.155,1907625
2026-05-26 12:00:00,310.17001,310.75,309.76999,310.47049,1806961
2026-05-26 12:30:00,310.48499,310.76999,309.745,310.079987,3595197
2026-05-26 13:00:00,310.089996,310.29999,309.029999,309.185,1613709
2026-05-26 13:30:00,309.19,309.845,309.10999,309.79501,1129441
2026-05-26 14:00:00,309.79501,310.20001,309.54001,309.82999,1780323
2026-05-26 14:30:00,309.84,310.059998,309.13,309.22,1130978
2026-05-26 15:00:00,309.22,309.23001,308.079987,308.37991,1948470
2026-05-26 15:30:00,308.36011,308.95999,307.67001,308.38,4315325
2026-05-27 09:30:00,308.44,312.34,308.32999,311.90909,6039040
2026-05-27 10:00:00,311.88,312.76999,310.81,311.26001,3442836
2026-05-27 10:30:00,311.26001,313.20001,311.19,313.059998,4812074
2026-05-27 11:00:00,313.070007,313.26001,311.47,311.77499,7177371
2026-05-27 11:30:00,311.79001,312.14001,310.7001,311.7001,2182901
2026-05-27 12:00:00,311.70001,311.84,310.95999,311.23499,2771929
2026-05-27 12:30:00,311.23499,311.48499,310.38,310.60999,2236938
2026-05-27 13:00:00,310.62,311.0,310.39999,310.47,1513676
2026-05-27 13:30:00,310.47,311.0,310.31,310.89001,1028708
2026-05-27 14:00:00,310.89499,311.0,310.41,310.82999,1654452
2026-05-27 14:30:00,310.82321,310.88,310.42001,310.53,995333
2026-05-27 15:00:00,310.51001,310.72,309.76999,309.82001,1814674
2026-05-27 15:30:00,309.82001,311.10001,309.51999,310.92999,4216251
2026-05-28 09:30:00,310.67999,312.19,309.60001,311.070007,4974424
2026-05-28 10:00:00,311.089996,312.76001,310.67001,311.70001,2594948
2026-05-28 10:30:00,311.70001,311.85999,311.049988,311.83499,1689658
2026-05-28 11:00:00,311.83499,311.97,311.48001,311.82501,1922401
2026-05-28 11:30:00,311.82501,311.94501,310.39999,310.67001,2062233
2026-05-28 12:00:00,310.67999,310.94821,310.3075,310.44,1642183
2026-05-28 12:30:00,310.44501,310.755,309.57001,310.57999,1991280
2026-05-28 13:00:00,310.56009,311.62,310.56,310.79999,1888481
2026-05-28 13:30:00,310.815,311.019989,310.10999,310.38501,1766463
2026-05-28 14:00:00,310.38501,311.019989,310.22501,310.84,1707771
2026-05-28 14:30:00,310.79001,311.35001,310.78,310.85001,1643082
2026-05-28 15:00:00,310.84,311.35501,310.25,311.315,4141575
2026-05-28 15:30:00,311.315,312.56,310.97,312.5,4816549
2026-05-29 09:30:00,311.77499,315.0,311.5,313.48499,5823674
2026-05-29 10:00:00,313.48001,313.89999,312.81989,313.67499,2630791
2026-05-29 10:30:00,313.66,314.059998,311.14499,311.44,3194538
2026-05-29 11:00:00,311.35999,312.0,310.42001,311.79999,2631720
2026-05-29 11:30:00,311.82999,312.019989,310.57999,310.57999,1619336
2026-05-29 12:00:00,310.60001,311.48999,310.45001,311.19009,1170643
2026-05-29 12:30:00,311.20001,311.69,310.85001,311.079987,1053272
2026-05-29 13:00:00,311.089996,311.10001,310.20001,310.42001,2307634
2026-05-29 13:30:00,310.42001,310.56,309.53,309.57001,1887786
2026-05-29 14:00:00,309.57001,310.35999,309.53,310.26001,1591736
2026-05-29 14:30:00,310.26001,310.76999,310.20999,310.57999,1507224
2026-05-29 15:00:00,310.57999,311.63,310.57999,311.44501,2538532
2026-05-29 15:30:00,311.45001,313.10999,311.35999,312.070007,5323698
2026-06-01 09:30:00,309.535,310.92999,308.5,310.040009,6942880
2026-06-01 10:00:00,310.079987,310.25,307.79999,307.84,3232319
2026-06-01 10:30:00,307.81,308.47,306.56,306.97,3434061
2026-06-01 11:00:00,306.97,307.5386,306.29999,306.5751,2256945
2026-06-01 11:30:00,306.56,307.26001,306.45001,306.84,2441579
2026-06-01 12:00:00,306.82999,306.98001,305.48999,305.72,1730231
2026-06-01 12:30:00,305.73999,306.53,305.64999,306.19501,1982074
2026-06-01 13:00:00,306.22,306.51001,305.029999,306.47,1723761
2026-06-01 13:30:00,306.51999,308.39999,306.31,307.76001,2498548
2026-06-01 14:00:00,307.76999,307.95001,307.29001,307.87,1269948
2026-06-01 14:30:00,307.86499,308.32501,307.32999,307.55499,1827690
2026-06-01 15:00:00,307.54999,308.049988,307.35999,307.42999,2120768
2026-06-01 15:30:00,307.435,308.040009,305.90991,306.32001,5261936
2026-06-02 09:30:00,307.45999,309.89001,306.72,309.070007,4990330
2026-06-02 10:00:00,309.049988,310.47,308.535,310.34,2421329
2026-06-02 10:30:00,310.375,310.76001,309.26001,310.51001,2171029
2026-06-02 11:00:00,310.54999,312.92999,310.42001,312.70999,2724406
2026-06-02 11:30:00,312.70001,313.14999,312.35141,312.42499,2165854
2026-06-02 12:00:00,312.42001,312.85999,312.040009,312.48999,1451806
2026-06-02 12:30:00,312.48001,314.47009,311.89999,314.29001,2218339
2026-06-02 13:00:00,314.29001,315.10001,314.079987,314.67999,3071365
2026-06-02 13:30:00,314.67999,315.45001,314.32999,314.70499,2059338
2026-06-02 14:00:00,314.70499,314.94,313.755,314.23999,1723907
2026-06-02 14:30:00,314.25989,314.85999,314.19,314.64999,1594871
2026-06-02 15:00:00,314.66,315.22,314.655,314.76501,1887526
2026-06-02 15:30:00,314.76001,315.44,314.029999,315.19,4596467
2026-06-03 09:30:00,314.17499,316.94,314.0,314.89001,6403204
2026-06-03 10:00:00,314.85999,315.95999,314.19,314.35001,2992985
2026-06-03 10:30:00,314.37,314.64999,311.14001,311.51001,3594395
2026-06-03 11:00:00,311.51001,311.918,310.31,311.66,2954751
2026-06-03 11:30:00,311.64001,312.19,311.16,311.49991,3860046
2026-06-03 12:00:00,311.48999,311.82919,309.51001,309.7601,2692578
2026-06-03 12:30:00,309.76001,310.465,309.32001,310.26001,1960982
2026-06-03 13:00:00,310.28,310.32001,308.85001,309.20999,1688025
2026-06-03 13:30:00,309.19501,309.715,308.98001,309.31,1195674
2026-06-03 14:00:00,309.33499,309.98001,309.01001,309.84,1277657
2026-06-03 14:30:00,309.84,309.94,309.26999,309.82001,1321802
2026-06-03 15:00:00,309.815,310.54001,309.48999,310.41501,1801959
2026-06-03 15:30:00,310.41501,311.10001,309.20001,310.38,6562646
2026-06-04 09:30:00,313.30499,313.54001,310.43591,312.38,6975280
2026-06-04 10:00:00,312.36499,312.37,309.90009,310.25,2664729
2026-06-04 10:30:00,310.26001,310.85001,309.79999,310.42999,1983406
2026-06-04 11:00:00,310.42999,311.35001,310.23001,310.39999,1618334
2026-06-04 11:30:00,310.41,310.57001,309.64999,310.37,1639491
2026-06-04 12:00:00,310.39999,311.10999,310.26001,310.63,1463340
2026-06-04 12:30:00,310.63,311.79001,310.48001,311.405,2163187
2026-06-04 13:00:00,311.41,311.70499,310.95999,311.66501,1351420
2026-06-04 13:30:00,311.67001,311.97501,311.185,311.23999,1100248
2026-06-04 14:00:00,311.23001,311.64999,310.98999,311.42001,1106669
2026-06-04 14:30:00,311.41,311.98999,311.35919,311.73001,1288442
2026-06-04 15:00:00,311.72501,312.070007,311.66,311.94,1324497
2026-06-04 15:30:00,311.94,311.95999,310.26001,311.16,4150477
2026-06-05 09:30:00,312.98999,314.5,312.39999,313.66,6258381
2026-06-05 10:00:00,313.67001,315.17001,312.5,313.42499,4402318
2026-06-05 10:30:00,313.42001,314.75,312.23999,312.98001,2691463
2026-06-05 11:00:00,313.0,313.57001,312.62,313.42999,2055015
2026-06-05 11:30:00,313.42001,314.1499,312.87,313.42999,2207554
2026-06-05 12:00:00,313.42001,313.54999,311.85001,312.0,2327281
2026-06-05 12:30:00,312.0050049,312.14999,310.66,310.88,4581744
2026-06-05 13:00:00,310.89999,311.51999,309.57999,311.51001,3140363
2026-06-05 13:30:00,311.495,312.64169,311.38,312.51999,1941369
2026-06-05 14:00:00,312.54001,312.79999,311.47,311.526,2494158
2026-06-05 14:30:00,311.54001,312.019989,309.45999,309.47,7372277
2026-06-05 15:00:00,309.47,309.67999,307.14999,308.91,4564395
2026-06-05 15:30:00,308.88,308.98001,307.35999,307.39001,7276594
2026-06-08 09:30:00,308.73901,315.17001,308.522,310.92001,8026542
2026-06-08 10:00:00,310.95999,312.42999,309.9169,311.97501,2835183
2026-06-08 10:30:00,311.95999,315.35999,311.78,315.26999,3347664
2026-06-08 11:00:00,315.26001,315.35001,313.875,313.92999,2171784
2026-06-08 11:30:00,313.92999,314.60001,313.32001,313.60999,2451049
2026-06-08 12:00:00,313.62,314.98999,313.3201,313.66501,2521186
2026-06-08 12:30:00,313.67999,314.089996,312.85999,313.5,2120872
2026-06-08 13:00:00,313.51001,314.69,312.20999,314.57001,3408593
2026-06-08 13:30:00,314.565,317.39999,307.57001,308.45499,11345066
2026-06-08 14:00:00,308.5,309.040009,303.70999,304.85999,8582762
2026-06-08 14:30:00,304.89999,305.53,302.67999,303.81,4765309
2026-06-08 15:00:00,303.85001,304.88,302.05011,302.70499,5128818
2026-06-08 15:30:00,302.70999,303.24451,301.17001,301.57001,7298835
2026-06-09 09:30:00,300.27499,300.72,295.94,296.14999,8526175
2026-06-09 10:00:00,296.17001,296.22989,292.20999,292.53,7032179
2026-06-09 10:30:00,292.5192,293.88,291.79999,293.12,5474105
2026-06-09 11:00:00,293.14001,293.73001,291.5,291.57999,3684901
2026-06-09 11:30:00,291.56,291.98001,290.89999,291.17001,3946242
2026-06-09 12:00:00,291.16501,291.5,289.48001,289.5,4583233
2026-06-09 12:30:00,289.5,289.85999,287.78,289.16,5319836
2026-06-09 13:00:00,289.20999,291.13,289.18011,290.45999,3183489
2026-06-09 13:30:00,290.44,290.76999,289.5,289.67999,2381084
2026-06-09 14:00:00,289.69,290.95001,289.34,290.95001,2407367
2026-06-09 14:30:00,290.94,291.79999,290.37,291.32001,2445018
2026-06-09 15:00:00,291.32999,291.92001,290.29001,291.13,2615314
2026-06-09 15:30:00,291.12,291.67999,288.79999,290.35999,7035820
2026-06-10 09:30:00,290.76501,291.0,287.38,289.48999,7013721
2026-06-10 10:00:00,289.48999,291.19,289.29001,289.73499,3592069
2026-06-10 10:30:00,289.70999,290.62,288.44501,289.67001,3784228
2026-06-10 11:00:00,289.67999,290.64999,289.10001,289.98999,2323266
2026-06-10 11:30:00,289.95001,291.54001,289.73999,291.29501,2646127
2026-06-10 12:00:00,291.29999,291.73999,290.51001,291.73001,1894124
2026-06-10 12:30:00,291.73999,292.98001,291.35651,292.29999,3657435
2026-06-10 13:00:00,292.3053,293.22949,291.72,293.15009,1828322
2026-06-10 13:30:00,293.16,294.070007,292.51041,294.019989,3870189
2026-06-10 14:00:00,294.01001,294.745,293.87,294.31,2495391
2026-06-10 14:30:00,294.29999,294.29999,292.73001,292.87,1959453
2026-06-10 15:00:00,292.88,293.35999,291.62,291.92999,2655847
2026-06-10 15:30:00,291.92001,292.94,291.39001,291.5,4931671
2026-06-11 09:30:00,293.72,293.95001,290.38,291.595,4330583
2026-06-11 10:00:00,291.595,291.78,289.75,290.57999,2783367
2026-06-11 10:30:00,290.60999,291.13501,289.60001,289.89999,2454306
2026-06-11 11:00:00,289.91,291.82001,289.79001,291.19,1831064
2026-06-11 11:30:00,291.17999,293.565,291.061493,293.39499,2071103
2026-06-11 12:00:00,293.40991,293.9444,291.50449,292.98499,1771677
2026-06-11 12:30:00,292.95999,294.5,292.91,293.75,1503779
2026-06-11 13:00:00,293.76001,296.0,293.060089,295.95499,2116127
2026-06-11 13:30:00,295.98999,297.0,295.45001,295.78,2615669
2026-06-11 14:00:00,295.76999,296.45001,295.13,295.54001,1545341
2026-06-11 14:30:00,295.5401,296.070007,295.14999,295.20999,1266991
2026-06-11 15:00:00,295.20001,295.60999,295.019989,295.39999,1862984
2026-06-11 15:30:00,295.41,296.17999,294.70001,295.35999,5661836
2026-06-12 09:30:00,296.079987,297.14001,291.0,291.13501,5751394
2026-06-12 10:00:00,291.10001,293.20999,290.60999,291.995,3346544
2026-06-12 10:30:00,291.98001,292.32999,290.01001,291.73999,2615763
2026-06-12 11:00:00,291.745,292.98999,291.60001,292.875,2060857
2026-06-12 11:30:00,292.85999,292.85999,291.029999,291.33521,1967051
2026-06-12 12:00:00,291.33499,292.19989,290.81,291.57999,1687048
2026-06-12 12:30:00,291.57001,291.72,290.75,291.20999,1528375
2026-06-12 13:00:00,291.17999,292.245,291.125,291.46011,1542227
2026-06-12 13:30:00,291.48001,291.51001,289.81,289.88,1550661
2026-06-12 14:00:00,289.89999,290.59,289.62,290.22501,1532761
2026-06-12 14:30:00,290.22,290.73999,290.22,290.48001,1297992
2026-06-12 15:00:00,290.45999,290.97,290.35999,290.64001,1744382
2026-06-12 15:30:00,290.64001,291.64001,290.19,291.079987,4023717
2026-06-15 09:30:00,294.12,295.92999,291.70001,295.35831,6791991
2026-06-15 10:00:00,295.35001,296.32861,295.059998,295.67999,2834679
2026-06-15 10:30:00,295.70999,296.70001,295.39999,296.483,2189770
2026-06-15 11:00:00,296.5,296.89999,296.17001,296.53,1858566
2026-06-15 11:30:00,296.54001,297.78,296.22,297.48001,2234573
2026-06-15 12:00:00,297.48001,297.76999,296.87009,297.23999,1533221
2026-06-15 12:30:00,297.23001,297.36499,296.56,296.94501,1125822
2026-06-15 13:00:00,296.92001,297.20999,296.25,296.66,1695311
2026-06-15 13:30:00,296.66,297.0,295.63,295.76001,1523776
2026-06-15 14:00:00,295.75,295.82639,294.95999,295.070007,1910690
2026-06-15 14:30:00,295.075012,296.405,295.01001,296.39499,1690720
2026-06-15 15:00:00,296.39001,296.60999,295.97,296.5,1517311
2026-06-15 15:30:00,296.495,296.67001,295.60999,296.42001,18202384
2026-06-16 09:30:00,295.245,297.95001,293.97,297.079987,4148681
2026-06-16 10:00:00,297.084991,298.0,296.70999,297.535,2599339
2026-06-16 10:30:00,297.535,298.0,296.95001,297.54999,2405530
2026-06-16 11:00:00,297.54001,298.45001,297.20499,298.20001,2192138
2026-06-16 11:30:00,298.22,298.57001,297.5,298.17001,1783715
2026-06-16 12:00:00,298.17001,299.27499,298.040009,298.94,2162364
2026-06-16 12:30:00,298.94,299.76999,298.80411,299.47,1593726
2026-06-16 13:00:00,299.45001,300.48001,299.089996,300.27499,2204898
2026-06-16 13:30:00,300.26001,300.45999,299.35001,299.60001,1355168
2026-06-16 14:00:00,299.59,299.76001,298.56799,298.72501,1223527
2026-06-16 14:30:00,298.72009,299.63031,298.63,299.1756,1640390
2026-06-16 15:00:00,299.17499,299.25,298.22,298.34,1787147
2026-06-16 15:30:00,298.32999,299.48999,298.23001,299.25,4462522
2026-06-17 09:30:00,300.845,302.070007,299.22198,300.29999,4432806
2026-06-17 10:00:00,300.34,300.9675,299.37009,300.45001,2003290
2026-06-17 10:30:00,300.45001,300.53949,298.35001,298.54001,2353747
2026-06-17 11:00:00,298.54999,298.69,297.089996,297.42999,1703047
2026-06-17 11:30:00,297.42999,298.76999,296.64001,298.55499,1811612
2026-06-17 12:00:00,298.56,299.16,298.14999,298.61499,1938632
2026-06-17 12:30:00,298.62979,298.745,298.095001,298.20001,1041243
2026-06-17 13:00:00,298.20999,298.20999,296.57001,296.81,1571958
2026-06-17 13:30:00,296.79999,297.60001,296.42999,297.54999,1001211
2026-06-17 14:00:00,297.53,297.53,295.32999,295.83499,2338670
2026-06-17 14:30:00,295.82001,296.42001,294.38,294.59,2183237
2026-06-17 15:00:00,294.59,295.84,294.39001,295.185,2132559
2026-06-17 15:30:00,295.16,296.22,294.59,295.88,4437435
2026-06-18 09:30:00,298.44,300.4599,295.62,298.27499,18549178
2026-06-18 10:00:00,298.31,299.63,298.019989,299.60999,7640517
2026-06-18 10:30:00,299.61499,300.57001,298.5,299.17999,3871194
2026-06-18 11:00:00,299.23001,299.23001,296.95999,297.10999,4269453
2026-06-18 11:30:00,297.10001,297.62,295.95001,297.38,2620757
2026-06-18 12:00:00,297.39999,297.73001,296.69,297.48999,3611342
2026-06-18 12:30:00,297.48499,297.69,296.84,297.13,1604320
2026-06-18 13:00:00,297.13,298.35989,297.029999,297.82001,1715309
2026-06-18 13:30:00,297.82501,297.98499,297.35001,297.5701,1172561
2026-06-18 14:00:00,297.57501,297.67999,297.01001,297.10999,1212152
2026-06-18 14:30:00,297.14001,298.070007,297.060089,297.70001,1341356
2026-06-18 15:00:00,297.70999,297.76001,297.0401,297.38,1571738
2026-06-18 15:30:00,297.35999,299.23941,297.059998,297.89001,5250521
2026-06-22 09:30:00,297.5,302.059998,297.5,301.73999,5532311
2026-06-22 10:00:00,301.745,302.42001,300.88,301.20001,3136456
2026-06-22 10:30:00,301.20999,301.23001,299.37,299.79999,2281551
2026-06-22 11:00:00,299.80499,300.38989,299.035004,299.94,2030095
2026-06-22 11:30:00,299.94,301.4299,299.75,300.89001,1483367
2026-06-22 12:00:00,300.88501,300.95901,300.14999,300.53989,1467855
2026-06-22 12:30:00,300.51999,300.67999,299.91,299.92001,1474162
2026-06-22 13:00:00,299.92999,300.13,299.45001,299.81,1216627
2026-06-22 13:30:00,299.815,299.85999,299.25,299.31,1235815
2026-06-22 14:00:00,299.31,299.32651,298.58301,298.92001,1219576
2026-06-22 14:30:00,298.92001,299.23999,298.59009,299.070007,1081071
2026-06-22 15:00:00,299.089996,299.34,298.88501,299.059998,1845387
2026-06-22 15:30:00,299.059998,299.089996,296.79001,296.79001,6099091
2026-06-23 09:30:00,296.5,301.64001,296.20001,299.10999,6389514
2026-06-23 10:00:00,299.084991,300.56,298.79501,300.50659,2870967
2026-06-23 10:30:00,300.51999,300.88,299.54001,300.089996,2277971
2026-06-23 11:00:00,300.089996,300.32001,298.39999,298.54999,2210635
2026-06-23 11:30:00,298.54501,298.59,297.35001,298.065002,2001836
2026-06-23 12:00:00,298.070007,298.88501,297.95001,298.6199,1830294
2026-06-23 12:30:00,298.58499,299.28,298.19501,298.98999,1717259
2026-06-23 13:00:00,299.01001,299.47,297.88,299.39499,1647419
2026-06-23 13:30:00,299.39499,300.084991,298.89001,298.95999,1680660
2026-06-23 14:00:00,298.98999,299.38,298.34,298.51999,1667413
2026-06-23 14:30:00,298.52499,298.63501,297.45001,297.51999,1990787
2026-06-23 15:00:00,297.51999,298.86761,295.31,295.84009,3106180
2026-06-23 15:30:00,295.84,296.5,294.21201,294.28,7805347
2026-06-24 09:30:00,295.375,296.45999,293.20001,294.76999,4193873
2026-06-24 10:00:00,294.72,296.20941,294.23001,295.465,1924574
2026-06-24 10:30:00,295.45999,297.26001,295.10999,297.079987,1764726
2026-06-24 11:00:00,297.10999,298.88,296.64999,298.785,2336688
2026-06-24 11:30:00,298.76001,299.70001,298.079987,299.47501,2173340
2026-06-24 12:00:00,299.465,299.5,297.8396,298.070007,1618132
2026-06-24 12:30:00,298.049988,298.049988,296.87,297.345,1657717
2026-06-24 13:00:00,297.35999,297.38501,295.79999,296.42001,1746171
2026-06-24 13:30:00,296.41,296.86441,295.59,295.60999,1895333
2026-06-24 14:00:00,295.60999,296.495,295.38,296.0,2073780
2026-06-24 14:30:00,296.0,296.17999,294.16,295.17001,2857481
2026-06-24 15:00:00,295.19,295.44,294.79001,294.94009,2327934
2026-06-24 15:30:00,294.92999,295.37,292.94,293.26001,7615869
2026-06-25 09:30:00,287.51001,288.79999,277.67001,278.97,15146674
2026-06-25 10:00:00,278.94501,280.17981,277.45999,279.63,7597168
2026-06-25 10:30:00,279.63501,280.089996,277.45999,277.60501,4948166
2026-06-25 11:00:00,277.60999,278.10001,276.44,277.64001,5165335
2026-06-25 11:30:00,277.66,279.64499,277.59,277.85501,3869951
2026-06-25 12:00:00,277.89001,278.19,274.45999,274.565,5288355
2026-06-25 12:30:00,274.565,275.16,273.75,275.12,6184325
2026-06-25 13:00:00,275.13501,278.39001,275.10999,278.040009,7399840
2026-06-25 13:30:00,278.049988,278.10999,276.19,276.78821,4059604
2026-06-25 14:00:00,276.79501,280.17999,276.22,279.345,4383888
2026-06-25 14:30:00,279.35001,280.22009,278.81,279.42499,3287206
2026-06-25 15:00:00,279.42999,279.42999,276.040009,276.72501,6083989
2026-06-25 15:30:00,276.70001,277.45001,273.89999,275.049988,15625008
2026-06-26 09:30:00,275.0,278.17999,274.20999,275.70001,11213852
2026-06-26 10:00:00,275.73691,278.92999,275.45999,278.26001,5812952
2026-06-26 10:30:00,278.28,280.22,278.079987,279.84961,5658722
2026-06-26 11:00:00,279.85001,280.47,278.35999,279.029999,4725768
2026-06-26 11:30:00,279.025909,279.45001,277.0,277.16501,6905220
2026-06-26 12:00:00,277.17999,277.32001,275.25,275.89999,6325033
2026-06-26 12:30:00,275.89999,279.37,275.89999,278.91,4492059
2026-06-26 13:00:00,278.91,279.37,278.42999,279.19501,3479310
2026-06-26 13:30:00,279.17999,279.85999,278.64081,279.19501,3055099
2026-06-26 14:00:00,279.20999,281.29999,278.89001,280.19,5202149
2026-06-26 14:30:00,280.19501,281.82001,280.089996,280.72,6503967
2026-06-26 15:00:00,280.715,281.82999,279.41,280.14999,9066103
2026-06-26 15:30:00,280.14999,285.95001,280.0,281.20001,23523027
2026-06-29 09:30:00,286.85999,288.36969,283.522,283.95999,6859368
2026-06-29 10:00:00,283.97501,284.040009,280.45001,280.87,3770091
2026-06-29 10:30:00,280.88,282.82999,280.32999,281.815,4679903
2026-06-29 11:00:00,281.82001,282.42499,280.70999,282.33011,3186071
2026-06-29 11:30:00,282.3425,283.034485,281.47009,281.505,3715910
2026-06-29 12:00:00,281.53,281.62,280.22,280.56,3688219
2026-06-29 12:30:00,280.56,280.79999,279.875,280.31,2557578
2026-06-29 13:00:00,280.32001,281.54001,279.85001,281.48001,2666938
2026-06-29 13:30:00,281.47,282.29999,281.32001,282.019989,2411840
2026-06-29 14:00:00,282.029999,282.029999,280.85999,281.54999,1794683
2026-06-29 14:30:00,281.54999,282.34991,281.45499,282.070007,2742085
2026-06-29 15:00:00,282.075012,283.077515,281.94,282.67999,2912324
2026-06-29 15:30:00,282.70999,282.73999,281.47,281.63,6544751
2026-06-30 09:30:00,281.17001,285.34369,280.69501,285.31,5788966
2026-06-30 10:00:00,285.31,286.28989,284.73999,286.024994,3317631
2026-06-30 10:30:00,286.01001,287.079987,285.26001,286.97,3083502
2026-06-30 11:00:00,286.98001,288.66,286.6199,288.26999,2686100
2026-06-30 11:30:00,288.28,289.38,288.16,288.73981,2611987
2026-06-30 12:00:00,288.73999,289.20001,287.81,288.14499,1812525
2026-06-30 12:30:00,288.16,289.22,288.125,289.185,1709378
2026-06-30 13:00:00,289.20001,289.66,288.32001,288.42999,1663691
2026-06-30 13:30:00,288.44501,288.72,288.16,288.42001,1451049
2026-06-30 14:00:00,288.42001,289.19,287.85501,288.089996,2049000
2026-06-30 14:30:00,288.084991,288.17999,286.67999,286.98499,1844591
2026-06-30 15:00:00,286.97,288.14001,286.97,287.53,2499950
2026-06-30 15:30:00,287.53,289.91,287.42001,289.089996,8374915
2026-07-01 09:30:00,293.32999,293.39499,289.19501,292.5,5883436
2026-07-01 10:00:00,292.51001,293.47989,291.6344,293.059998,2871986
2026-07-01 10:30:00,293.059998,295.079987,292.73001,294.64001,3759447
2026-07-01 11:00:00,294.63501,296.59,294.285,295.75171,3006493
2026-07-01 11:30:00,295.78,295.79001,294.63,295.23999,2006562
2026-07-01 12:00:00,295.25,295.70999,294.92001,294.94501,1398368
2026-07-01 12:30:00,294.94501,295.059906,294.10999,294.23001,1761211
2026-07-01 13:00:00,294.23001,294.60999,293.92001,294.089996,1805214
2026-07-01 13:30:00,294.079987,294.98999,293.10999,293.715,2672035
2026-07-01 14:00:00,293.73001,295.10001,292.70001,294.80499,2830295
2026-07-01 14:30:00,294.81,295.53,294.67999,294.72,2190595
2026-07-01 15:00:00,294.73001,294.94,294.0,294.015106,2216149
2026-07-01 15:30:00,294.0,295.54999,293.75009,294.25,6231653
2026-07-02 09:30:00,294.084991,302.81,293.67999,302.81,9374410
2026-07-02 10:00:00,302.85001,305.32001,302.6188,305.049988,6213866
2026-07-02 10:30:00,305.044006,307.040009,304.85001,306.87799,6004321
2026-07-02 11:00:00,306.89999,307.82001,305.28,305.41501,5317035
2026-07-02 11:30:00,305.42001,306.89999,305.28,305.625,2925076
2026-07-02 12:00:00,305.64001,308.45001,305.6105,308.089996,4275570
2026-07-02 12:30:00,308.089996,308.52991,306.67001,308.31,3614619
2026-07-02 13:00:00,308.29999,308.45001,307.089996,307.80499,3040080
2026-07-02 13:30:00,307.80499,308.29999,307.1001,307.32001,2882683
2026-07-02 14:00:00,307.35001,307.82001,306.8201,307.32999,2667467
2026-07-02 14:30:00,307.34,308.10001,307.13,307.64499,2690994
2026-07-02 15:00:00,307.64499,308.31,307.2601,307.42499,2759581
2026-07-02 15:30:00,307.44,309.42001,307.20999,308.22,8660612
2026-07-06 09:30:00,307.67999,309.95001,307.01001,309.63,6070296
2026-07-06 10:00:00,309.63,311.75,308.87,311.73001,4142579
2026-07-06 10:30:00,311.70001,312.57999,311.21011,312.52011,3130227
2026-07-06 11:00:00,312.54999,313.60001,312.45999,313.57999,3120101
2026-07-06 11:30:00,313.58499,314.20001,313.35999,313.70001,2451666
2026-07-06 12:00:00,313.64001,313.79001,312.23001,312.25,2365749
2026-07-06 12:30:00,312.245,312.98001,311.85001,312.54001,4868639
2026-07-06 13:00:00,312.535,312.91,312.32999,312.38,1404134
2026-07-06 13:30:00,312.3876,312.73499,312.10999,312.72009,1235783
2026-07-06 14:00:00,312.73001,313.1499,312.41,313.070007,1265461
2026-07-06 14:30:00,313.079987,313.47501,312.91,313.29001,1536545
2026-07-06 15:00:00,313.29999,313.56,312.98999,313.39999,1915338
2026-07-06 15:30:00,313.41501,313.73999,312.049988,312.81,4988391
2026-07-07 09:30:00,315.29001,315.48001,310.14999,311.57999,5383646
2026-07-07 10:00:00,311.60001,312.5499,311.10999,311.45001,3561584
2026-07-07 10:30:00,311.45001,313.42999,310.98999,312.78,3079040
2026-07-07 11:00:00,312.80499,314.13,312.67499,314.079987,2125731
2026-07-07 11:30:00,314.10251,314.73001,313.73999,314.29001,3404322
2026-07-07 12:00:00,314.26999,314.36499,312.67999,313.17001,2532118
2026-07-07 12:30:00,313.14001,314.01001,312.78,313.60999,1343448
2026-07-07 13:00:00,313.60999,313.62,312.27011,312.84,1451071
2026-07-07 13:30:00,312.82001,313.0,311.8699,311.88,1161832
2026-07-07 14:00:00,311.85999,312.72,311.85001,312.6192,1479526
2026-07-07 14:30:00,312.62,313.17999,311.85999,312.0050049,1753422
2026-07-07 15:00:00,312.029999,312.50989,311.56,311.89499,2507253
2026-07-07 15:30:00,311.89999,312.32001,310.32999,310.66,11962573
2026-07-08 09:30:00,311.66,312.0,307.051514,309.13,4997504
2026-07-08 10:00:00,309.14999,310.66,308.42001,308.85001,2605272
2026-07-08 10:30:00,308.82001,310.56,308.70001,308.88,2180353
2026-07-08 11:00:00,308.88,310.85001,308.76001,310.065002,1969022
2026-07-08 11:30:00,310.079987,310.45001,309.315,310.22501,1523742
2026-07-08 12:00:00,310.25,311.79001,310.084991,311.60001,1964732
2026-07-08 12:30:00,311.60001,313.34,311.34,313.10001,2272053
2026-07-08 13:00:00,313.12991,314.19,313.01001,314.1199,2356996
2026-07-08 13:30:00,314.13,314.63501,311.15039,314.39001,2594763
2026-07-08 14:00:00,314.39999,314.81,314.10001,314.125,1700034
2026-07-08 14:30:00,314.125,314.39999,313.73999,313.89499,1645774
2026-07-08 15:00:00,313.89499,314.1972,313.64999,313.815,1832173
2026-07-08 15:30:00,313.815,314.20001,312.75,313.26001,4786508
2026-07-09 09:30:00,310.44501,312.070007,308.16,310.97501,5148470
2026-07-09 10:00:00,310.99451,312.29999,310.16,312.089996,2452846
2026-07-09 10:30:00,312.070007,312.39999,310.7012,311.56,1837325
2026-07-09 11:00:00,311.54999,314.85001,311.51001,314.45999,2241639
2026-07-09 11:30:00,314.46991,315.019989,314.29999,314.76999,6433532
2026-07-09 12:00:00,314.79001,315.22,314.10001,314.89999,2051507
2026-07-09 12:30:00,314.90009,315.5,314.42001,314.70999,2230150
2026-07-09 13:00:00,314.71051,315.17999,314.31,314.72141,2322644
2026-07-09 13:30:00,314.72351,315.079987,314.43011,314.98001,2454217
2026-07-09 14:00:00,314.98999,315.31989,314.23499,314.56,1633902
2026-07-09 14:30:00,314.56,314.78,314.25,314.44,1390530
2026-07-09 15:00:00,314.44,315.69,314.405,315.41,1667751
2026-07-09 15:30:00,315.42001,316.53,315.39001,316.17999,4155824
2026-07-10 09:30:00,314.72,316.39001,313.20999,314.30051,4294209
2026-07-10 10:00:00,314.29999,314.76001,312.93011,313.13,2052244
2026-07-10 10:30:00,313.12,313.92999,312.17001,313.76001,2607471
2026-07-10 11:00:00,313.78,314.10999,313.0,313.34,1563202
2026-07-10 11:30:00,313.35001,313.81,312.32001,313.23001,1493971
2026-07-10 12:00:00,313.25,314.51401,313.059998,314.35501,1094278
2026-07-10 12:30:00,314.37,314.78,313.94,314.70001,905257
2026-07-10 13:00:00,314.70999,314.73999,314.1499,314.45999,796311
2026-07-10 13:30:00,314.47,314.56,313.89029,314.13,697717
2026-07-10 14:00:00,314.17001,314.89001,314.01001,314.84009,833032
2026-07-10 14:30:00,314.85999,315.39999,314.73999,315.26999,1764921
2026-07-10 15:00:00,315.26999,316.47989,315.23001,316.16,1811463
2026-07-10 15:30:00,316.14999,316.91,314.78,315.3299,3989622
2026-07-13 09:30:00,317.015015,323.45001,316.45001,321.215,9066925
2026-07-13 10:00:00,321.22,321.79999,319.32999,320.19,3089549
2026-07-13 10:30:00,320.20999,320.29501,318.37,319.070007,2155382
2026-07-13 11:00:00,319.14001,319.22,316.85001,317.22,1838815
2026-07-13 11:30:00,317.22,317.25,316.089996,317.12,1952002
2026-07-13 12:00:00,317.10001,317.89999,316.79999,317.37,1776749
2026-07-13 12:30:00,317.34,317.44,315.92999,316.60001,1549495
2026-07-13 13:00:00,316.66501,316.73001,315.78,316.47,2065769
2026-07-13 13:30:00,316.48999,316.75,316.029999,316.155,1454334
2026-07-13 14:00:00,316.17001,316.845,315.89999,316.84052,1157511
2026-07-13 14:30:00,316.85999,317.48001,316.64001,317.16,2304996
2026-07-13 15:00:00,317.17999,317.51999,316.17001,316.32999,1823507
2026-07-13 15:30:00,316.32501,317.73999,316.049988,317.42001,4034346
2026-07-14 09:30:00,313.64001,315.685,311.91,314.48999,4691268
2026-07-14 10:00:00,314.47,315.14999,313.070099,314.94199,2262746
2026-07-14 10:30:00,314.95001,316.19,314.020508,314.9501,3178587
2026-07-14 11:00:00,315.0,316.049988,314.26001,314.29999,1432409
2026-07-14 11:30:00,314.32001,314.87,313.20001,313.26001,1725762
2026-07-14 12:00:00,313.285,314.23999,312.87,313.26999,1442905
2026-07-14 12:30:00,313.26001,314.22,313.10999,314.12,1329029
2026-07-14 13:00:00,314.12,314.97,313.89999,314.87,1317506
2026-07-14 13:30:00,314.89001,315.23499,314.59,315.17999,976021
2026-07-14 14:00:00,315.20001,315.39001,314.85999,315.22,953097
2026-07-14 14:30:00,315.22,315.60001,314.82001,315.48001,1062404
2026-07-14 15:00:00,315.48499,315.87,315.13,315.70499,1162435
2026-07-14 15:30:00,315.70499,315.76001,314.59,314.92001,3016895
2026-07-15 09:30:00,317.625,321.81799,317.32001,320.76501,6700113
2026-07-15 10:00:00,320.79001,325.67999,320.75,324.70999,6851221
2026-07-15 10:30:00,324.70999,325.39999,323.54001,323.91,3826369
2026-07-15 11:00:00,323.91501,325.67999,323.54001,325.62,2451645
2026-07-15 11:30:00,325.60999,327.10001,325.16,326.28,3390449
2026-07-15 12:00:00,326.29001,328.53,326.25491,328.17001,3925275
2026-07-15 12:30:00,328.16,328.5,327.31,327.95999,3487526
2026-07-15 13:00:00,327.97,328.059998,325.97,326.98999,2479776
2026-07-15 13:30:00,327.0,328.0,326.64999,327.58511,2162895
2026-07-15 14:00:00,327.59,327.85999,327.16,327.79001,1733452
2026-07-15 14:30:00,327.78,327.85001,327.079987,327.52499,1708475
2026-07-15 15:00:00,327.54001,328.72,326.85999,327.059998,2837842
2026-07-15 15:30:00,327.040009,328.35001,325.72,327.57001,8018122
2026-07-16 09:30:00,328.0050049,331.14999,326.79001,331.14999,8622559
2026-07-16 10:00:00,331.075012,331.41,327.89001,330.37,4180409
2026-07-16 10:30:00,330.34,331.14999,329.77499,330.20001,2691873
2026-07-16 11:00:00,330.17999,330.92499,329.35001,330.63,2595683
2026-07-16 11:30:00,330.65009,332.28,330.48001,331.85001,2328926
2026-07-16 12:00:00,331.85501,331.95001,327.5,331.14001,2277945
2026-07-16 12:30:00,331.18991,332.079987,329.85999,332.079987,3331313
2026-07-16 13:00:00,332.054993,332.97,331.72,332.89999,2358183
2026-07-16 13:30:00,332.89819,333.54999,330.785,331.63501,3445902
2026-07-16 14:00:00,331.66,332.0,329.34,331.26001,3352910
2026-07-16 14:30:00,331.23999,333.51001,330.91,333.17999,3095967
2026-07-16 15:00:00,333.17999,334.67999,332.97,332.98999,4879343
2026-07-16 15:30:00,333.0,333.70001,330.76999,333.26999,8204005
2026-07-17 09:30:00,332.54001,334.98001,330.89001,330.98001,12313689
2026-07-17 10:00:00,330.94,331.85001,329.00061035,331.84,4230865
2026-07-17 10:30:00,331.88,333.97,331.85001,333.17001,3773387
2026-07-17 11:00:00,333.17999,334.76669,332.51001,334.655,2760402
2026-07-17 11:30:00,334.66989,334.8699,332.019989,332.35001,2912297
2026-07-17 12:00:00,332.37,332.375,330.0,331.745,3340605
2026-07-17 12:30:00,331.72,333.5,330.45001,330.5101,2856209
2026-07-17 13:00:00,330.51001,330.85001,329.16,330.54001,3418140
2026-07-17 13:30:00,330.5108,331.92001,330.079987,331.78,2006581
2026-07-17 14:00:00,331.79501,333.23001,331.54999,332.375,2571157
2026-07-17 14:30:00,332.375,334.67001,332.10999,333.92499,2997594
2026-07-17 15:00:00,333.92001,334.625,332.35999,332.82999,3038105
2026-07-17 15:30:00,332.78,334.38,332.26001,333.73999,6369671
2026-07-20 09:30:00,333.024994,333.70999,328.39999,328.89999,6632484
2026-07-20 10:00:00,328.88,329.0,326.10999,327.019989,4545884
2026-07-20 10:30:00,327.019989,328.019989,326.019989,326.42999,2922003
2026-07-20 11:00:00,326.45999,327.015015,324.42001,324.89999,4390924
2026-07-20 11:30:00,324.94,326.54501,324.905,325.97501,2403116
2026-07-20 12:00:00,325.98001,326.040009,324.87,325.0,2297977
2026-07-20 12:30:00,325.019989,325.089996,323.70001,324.245,2570151
2026-07-20 13:00:00,324.26001,325.14499,323.92001,324.72,1556374
2026-07-20 13:30:00,324.73001,325.38321,324.20001,324.78,2557438
2026-07-20 14:00:00,324.78,326.48999,324.655,325.94,2487406
2026-07-20 14:30:00,325.98001,327.37,325.31,326.75,2789987
2026-07-20 15:00:00,326.75,329.079987,326.75,329.019989,2971548
2026-07-20 15:30:00,329.01001,329.76001,326.32001,326.70001,5528498
2026-07-21 09:30:00,323.345,325.60999,322.2204,324.10999,6599903
2026-07-21 10:00:00,324.12,327.029999,323.97,326.73999,3097918
2026-07-21 10:30:00,326.72,327.45999,326.23001,327.089996,1727561
2026-07-21 11:00:00,327.10001,328.45001,326.20999,328.38501,2277709
2026-07-21 11:30:00,328.38,328.98001,327.755,328.77499,1757949
2026-07-21 12:00:00,328.73999,329.60001,328.56,328.62,1758904
2026-07-21 12:30:00,328.621,328.82999,327.41501,328.43011,1879104
2026-07-21 13:00:00,328.435,328.76001,327.0,327.070007,1966046
2026-07-21 13:30:00,327.070007,327.87,326.72,327.67001,2292157
2026-07-21 14:00:00,327.67999,327.79001,326.94,327.23999,1306333
2026-07-21 14:30:00,327.25,328.39001,327.17999,328.16,1322068
2026-07-21 15:00:00,328.16,328.48999,327.51001,327.935,1669338
2026-07-21 15:30:00,327.92999,328.10001,327.14001,327.59,3687722
2026-07-22 09:30:00,327.875,328.99951,325.69,325.94,4048260
2026-07-22 10:00:00,325.95999,326.1481,324.32999,324.47501,2511345
2026-07-22 10:30:00,324.495,325.61401,324.070007,325.60001,2111658
2026-07-22 11:00:00,325.60001,325.81,324.12,325.79999,1588760
2026-07-22 11:30:00,325.76501,325.89001,324.92999,325.059998,2030449
2026-07-22 12:00:00,325.079987,325.10001,324.37,324.88501,2051371
2026-07-22 12:30:00,324.88501,324.95001,323.81,324.20999,1566232
2026-07-22 13:00:00,324.2117,324.26001,323.34,323.66501,1428885
2026-07-22 13:30:00,323.66501,324.0050049,323.55499,323.935,788040
2026-07-22 14:00:00,323.935,324.019989,323.60999,323.92999,860201
2026-07-22 14:30:00,323.9299,324.70001,323.82999,324.29999,1280378
2026-07-22 15:00:00,324.29999,324.57001,324.16,324.44,1252025
2026-07-22 15:30:00,324.44,326.91,323.98001,325.87,5469385
2026-07-23 09:30:00,321.73001,323.29999,319.35001,320.16,5473050
2026-07-23 10:00:00,320.14999,321.92999,319.82001,321.48999,2335119
2026-07-23 10:30:00,321.465,322.91,320.84,321.26999,1740193
2026-07-23 11:00:00,321.285,322.29001,320.715,321.28,2223773
2026-07-23 11:30:00,321.29001,321.32001,320.44,320.85999,1313796
2026-07-23 12:00:00,320.89999,321.54999,320.070007,320.35989,3478140
2026-07-23 12:30:00,320.31,320.85999,320.0,320.6105,1290463
2026-07-23 13:00:00,320.62,321.049988,320.29999,320.87,950245
2026-07-23 13:30:00,320.87009,321.39899,320.35999,320.51239,1089979
2026-07-23 14:00:00,320.51001,320.64801,320.0,320.26999,1461070
2026-07-23 14:30:00,320.27499,320.72,319.76001,320.72,2042369
2026-07-23 15:00:00,320.70999,321.20001,320.32999,320.41989,1715423
2026-07-23 15:30:00,320.38,321.98001,320.040009,321.60999,4281719
2026-07-24 09:30:00,324.375,327.76001,323.23001,326.86499,4956591
2026-07-24 10:00:00,326.85999,329.439,326.78601,328.79999,3632356
2026-07-24 10:30:00,328.79501,330.23001,328.70999,329.965,3231152
2026-07-24 11:00:00,329.95999,331.92999,329.70999,331.76501,3040573
2026-07-24 11:30:00,331.77499,333.64001,331.67001,333.049988,3547927
2026-07-24 12:00:00,333.040009,334.37,332.66,333.72,3073771
2026-07-24 12:30:00,333.69501,333.92999,332.68201,333.18201,1761308
2026-07-24 13:00:00,333.19,334.22,332.15051,332.39999,2085439
2026-07-24 13:30:00,332.39499,333.19,332.35999,332.64999,1385338
2026-07-24 14:00:00,332.64499,333.16989,332.14001,332.26501,1395243
2026-07-24 14:30:00,332.26501,333.17001,332.059998,332.92999,1963118
2026-07-24 15:00:00,332.95999,333.23001,332.45999,332.48999,4284934
2026-07-24 15:30:00,332.48001,333.45001,331.85001,333.070007,4719723
2026-07-27 09:30:00,334.89999,337.12,334.019989,335.58499,6661539
2026-07-27 10:00:00,335.62,338.14001,335.26001,337.69,4609265
2026-07-27 10:30:00,337.70001,338.3399,336.12,338.20001,4614828
2026-07-27 11:00:00,338.25,339.5,338.17999,338.73999,3147914
2026-07-27 11:30:00,338.73001,339.57001,336.75,337.065002,4975796
2026-07-27 12:00:00,337.040009,338.0,336.95001,337.4501,1578561
2026-07-27 12:30:00,337.45999,338.13,336.019989,336.66,1687734
2026-07-27 13:00:00,336.67999,336.785,335.67999,336.049988,1626894
2026-07-27 13:30:00,336.070007,336.79999,335.31,335.51749,1683898
2026-07-27 14:00:00,335.54001,336.0,335.049988,335.14999,1457009
2026-07-27 14:30:00,335.14999,336.23999,334.70001,335.85001,1604058
2026-07-27 15:00:00,335.85001,335.95001,335.25,335.72,1882615
2026-07-27 15:30:00,335.72,337.22,335.64999,336.92001,3614510
2026-07-28 09:30:00,340.029999,342.89001,337.14999,337.5,9765844
2026-07-28 10:00:00,337.57999,338.26999,335.60001,337.95999,3809203
2026-07-28 10:30:00,337.98001,338.79001,336.92999,337.054993,3017483
2026-07-28 11:00:00,337.040497,339.66879,336.60001,339.26999,2779946
2026-07-28 11:30:00,339.24011,339.89499,339.0,339.66,2208713
2026-07-28 12:00:00,339.66,340.14001,339.45999,339.81,1834652
2026-07-28 12:30:00,339.82999,340.5799,338.94,339.76999,1868627
2026-07-28 13:00:00,339.79999,339.89001,338.93011,339.029999,1237980
2026-07-28 13:30:00,339.040009,340.019897,339.0,339.745,1483789
2026-07-28 14:00:00,339.745,340.15991,339.42001,339.84,1739290
2026-07-28 14:30:00,339.84,339.89001,338.28,339.35001,1809817
2026-07-28 15:00:00,339.345,339.67499,339.029999,339.20001,1780203
2026-07-28 15:30:00,339.16,340.53,339.10001,340.16,6415578
2026-07-29 09:30:00,339.69,343.67001,339.56,342.87,7163144
2026-07-29 10:00:00,342.82501,343.48001,340.72,341.16,3772103
2026-07-29 10:30:00,341.17001,341.73999,340.12,340.39001,2581261
2026-07-29 11:00:00,340.39999,340.57001,339.51999,339.81,2309441
2026-07-29 11:30:00,339.82999,341.22,339.76001,341.029999,2063132
2026-07-29 12:00:00,341.10001,341.56,340.63,341.26999,1483278
2026-07-29 12:30:00,341.25,341.41,340.049988,341.31,1235521
2026-07-29 13:00:00,341.32001,343.44891,341.11499,342.72,2577826
2026-07-29 13:30:00,342.69501,343.39001,342.35001,343.20999,1849258
2026-07-29 14:00:00,343.25,344.56989,343.0401,343.58771,3275247
2026-07-29 14:30:00,343.59,343.94,342.745,342.89999,2289120
2026-07-29 15:00:00,342.89999,342.98999,341.32999,341.53,2523556
2026-07-29 15:30:00,341.56,341.56,337.3501,338.070007,8640481
2026-07-30 09:30:00,333.13,334.48001,330.71021,332.14999,9201364
2026-07-30 10:00:00,332.079987,332.87,330.35001,331.31,4377630
2026-07-30 10:30:00,331.29999,332.64001,329.59,332.32999,3927712
2026-07-30 11:00:00,332.34,333.032288,331.019989,331.22,2840545
2026-07-30 11:30:00,331.23499,332.42001,331.14999,331.76001,3404695
2026-07-30 12:00:00,331.75,332.60001,330.63,332.089996,2657286
2026-07-30 12:30:00,332.089996,332.37,331.405,331.62,2293090
2026-07-30 13:00:00,331.62,332.85001,331.62,332.089996,1775708
2026-07-30 13:30:00,332.079987,333.31,331.72009,333.29501,1510358
2026-07-30 14:00:00,333.31,333.98001,332.7341,333.10001,2084534
2026-07-30 14:30:00,333.12,334.089996,332.89999,333.75,1824963
2026-07-30 15:00:00,333.73499,334.016602,333.13,333.16,2943328
2026-07-30 15:30:00,333.16,334.75,332.31,333.85001,6035501
2026-07-31 09:30:00,304.81,306.89999,300.32999,302.79001,33537190
2026-07-31 10:00:00,302.79001,303.56989,301.3501,302.73999,8734435
2026-07-31 10:30:00,302.755,303.20001,301.70001,303.16,5035903
2026-07-31 11:00:00,303.16,304.25,301.64001,301.73001,5861913
2026-07-31 11:30:00,301.73001,302.82001,300.39999,301.29501,6102421
2026-07-31 12:00:00,301.285,302.34,300.47,300.54001,3754795
2026-07-31 12:30:00,300.56,301.54999,300.0,300.87,4702657
2026-07-31 13:00:00,300.85999,301.83429,300.85501,301.20001,3111093
2026-07-31 13:30:00,301.20001,301.72,300.5,300.64001,5904801
2026-07-31 14:00:00,300.64001,302.42001,300.595,301.73001,3670858
2026-07-31 14:30:00,301.76001,303.0,301.745,302.82999,3744804
2026-07-31 15:00:00,302.84,305.70999,302.78,305.655,8107159
2026-07-31 15:30:00,305.66,310.66,305.019989,309.029999,20642958
2026-08-03 09:30:00,309.67001,311.79999,305.17001,305.91901,10266441
2026-08-03 10:00:00,305.91,307.21552,304.34,305.55011,4915428
2026-08-03 10:30:00,305.54999,306.44,305.020111,305.35001,4192061
2026-08-03 11:00:00,305.345,305.79999,303.89999,304.215,5320369
2026-08-03 11:30:00,304.215,304.39499,302.56,303.77499,3805847
2026-08-03 12:00:00,303.77499,306.35999,303.73001,306.35999,4211714
2026-08-03 12:30:00,306.35001,307.17999,305.89999,306.60999,3651683
2026-08-03 13:00:00,306.61499,307.54001,306.37,307.22501,3247364
2026-08-03 13:30:00,307.22501,307.23001,305.53009,306.075012,2422623
2026-08-03 14:00:00,306.071106,306.44,305.5,305.52029,2324329
2026-08-03 14:30:00,305.53,305.845,304.89999,305.20999,2667944
2026-08-03 15:00:00,305.20999,305.97,304.79999,305.045013,2960985
2026-08-03 15:30:00,305.045013,305.079987,302.67999,303.26999,10186067
2026-08-04 09:30:00,303.79001,305.39999,302.45001,305.29999,11666746
2026-08-04 10:00:00,305.285,307.14001,304.41,306.81,4704498
2026-08-04 10:30:00,306.85999,306.8999,305.22501,306.23499,3306063
2026-08-04 11:00:00,306.25,306.57169,305.60001,305.67389,2449576
2026-08-04 11:30:00,305.67001,306.73001,305.48999,306.345,2238120
2026-08-04 12:00:00,306.33749,306.72,305.67001,306.505,2037177
2026-08-04 12:30:00,306.505,308.60001,306.34,308.24539,3008898
2026-08-04 13:00:00,308.23001,310.42001,308.20001,308.89999,3480866
2026-08-04 13:30:00,308.89999,310.13,308.66,309.35999,2382038
2026-08-04 14:00:00,309.34,310.12,309.20001,309.32001,2672888
2026-08-04 14:30:00,309.31,309.5,308.48001,308.51999,1870831
2026-08-04 15:00:00,308.52499,309.79999,308.25,309.57999,2814795
2026-08-04 15:30:00,309.57999,310.42001,308.88,309.39001,5711308
2026-08-05 09:30:00,309.35999,309.38,305.67001,308.0,7494927
2026-08-05 10:00:00,307.98001,309.049896,306.72,306.72751,3050021
2026-08-05 10:30:00,306.70001,311.35999,306.26999,311.32501,4119894
2026-08-05 11:00:00,311.34,311.70819,308.42001,308.595,3306795
2026-08-05 11:30:00,308.595,309.0,307.82999,307.97,2077013
2026-08-05 12:00:00,307.97,309.44,307.95999,308.63989,1853589
2026-08-05 12:30:00,308.63,309.34,308.45001,308.82999,1372865
2026-08-05 13:00:00,308.82999,309.98001,308.82001,309.73999,1225786
2026-08-05 13:30:00,309.75,310.22,308.73999,308.92001,1346173
2026-08-05 14:00:00,308.92001,308.95999,308.079987,308.19009,1310153
2026-08-05 14:30:00,308.2092,309.12,308.084991,308.95999,2037175
2026-08-05 15:00:00,308.95001,309.879,308.70001,309.62009,2013562
2026-08-05 15:30:00,309.60999,311.55499,309.39001,310.92001,6126779
2026-08-06 09:30:00,314.34,316.2894,313.48999,314.76999,6544973
2026-08-06 10:00:00,314.79999,315.19,312.12,312.84,3942004
2026-08-06 10:30:00,312.79999,313.64001,311.78009,313.3436,2831321
2026-08-06 11:00:00,313.35999,313.3699,309.66,310.10001,2906847
2026-08-06 11:30:00,310.10501,310.41,309.23001,309.54001,2041007
2026-08-06 12:00:00,309.53,311.26001,309.25,311.15701,1733536
2026-08-06 12:30:00,311.16,311.76001,311.12,311.66,1292522
2026-08-06 13:00:00,311.64999,311.76001,310.70999,311.20059,2455902
2026-08-06 13:30:00,311.20999,312.17999,311.18011,312.16,1131980
2026-08-06 14:00:00,312.17999,312.42001,311.79999,312.23999,1318443
2026-08-06 14:30:00,312.24771,312.47,311.88,312.26999,1010424
2026-08-06 15:00:00,312.26999,312.82001,312.090088,312.57999,2017264
2026-08-06 15:30:00,312.59,312.94,311.78,312.45001,3796760
2026-08-07 09:30:00,312.0,313.81,310.73999,311.73499,4660740
2026-08-07 10:00:00,311.69,314.13501,311.64999,314.079987,2554503
2026-08-07 10:30:00,314.089996,314.81,313.64999,314.31799,2596262
2026-08-07 11:00:00,314.31,314.35001,313.0,313.35999,1565621
2026-08-07 11:30:00,313.35999,313.42001,312.019989,312.14999,1867215
2026-08-07 12:00:00,312.14001,312.42999,311.54001,311.69,1391192
2026-08-07 12:30:00,311.69501,312.48901,311.61011,312.22,1070689
2026-08-07 13:00:00,312.22501,312.90329,312.17999,312.73999,1102885
2026-08-07 13:30:00,312.73999,313.25,312.59,312.98001,1132816
2026-08-07 14:00:00,312.98499,313.059998,311.82001,311.91901,1233588
2026-08-07 14:30:00,311.9101,312.48999,311.67999,312.42999,990321
2026-08-07 15:00:00,312.45001,313.39001,312.23001,313.2775,1623413
2026-08-07 15:30:00,313.28,314.17999,312.92499,313.29999,4253428
2026-08-10 09:30:00,306.82999,307.42001,304.63,307.049988,10845502
2026-08-10 10:00:00,307.040009,307.4559,305.95001,306.88,3363220
2026-08-10 10:30:00,306.89709,307.2099,306.22501,307.125,2117809
2026-08-10 11:00:00,307.125,307.14001,306.28101,306.5585,1554842
2026-08-10 11:30:00,306.52051,307.23001,306.32001,307.17999,1368404
2026-08-10 12:00:00,307.10999,307.24719,305.049988,305.53,2781917
2026-08-10 12:30:00,305.54999,306.29001,305.17001,306.26999,1624360
2026-08-10 13:00:00,306.26999,306.79001,306.22,306.47,1349202
2026-08-10 13:30:00,306.47,306.84,306.0,306.72769,1457663
2026-08-10 14:00:00,306.73001,306.98999,306.52011,306.715,1097100
2026-08-10 14:30:00,306.71991,307.26001,306.60001,307.040009,1305888
2026-08-10 15:00:00,307.049988,307.66989,307.040009,307.23001,1837544
2026-08-10 15:30:00,307.22,308.23001,306.87,308.19,4503724
2026-08-11 09:30:00,307.75,309.97,305.67001,306.29001,6385782
2026-08-11 10:00:00,306.29999,306.69,305.89001,306.19,1694256
2026-08-11 10:30:00,306.19,306.94,306.12,306.59,1208529
2026-08-11 11:00:00,306.60001,306.76999,306.049988,306.70499,1323734
2026-08-11 11:30:00,306.70001,307.60999,306.49091,307.25,1345038
2026-08-11 12:00:00,307.23001,307.37,306.45001,306.55499,1312592
2026-08-11 12:30:00,306.57001,306.59,305.6987,306.23911,1400450
2026-08-11 13:00:00,306.23999,306.31,305.965,306.19,917566
2026-08-11 13:30:00,306.16501,306.51999,305.76001,306.024994,1297927
2026-08-11 14:00:00,306.024994,306.024994,302.79001,303.29999,2873364
2026-08-11 14:30:00,303.2757,304.59,302.97,304.345,2201017
2026-08-11 15:00:00,304.35001,305.20001,304.0,305.16,1764875
2026-08-11 15:30:00,305.16,305.29999,303.75,304.89999,4718904
2026-08-12 09:30:00,305.13,305.66,302.17999,303.37,4916336
2026-08-12 10:00:00,303.38501,304.32001,302.26001,302.345,2802922
2026-08-12 10:30:00,302.35999,303.19,302.059998,302.42999,2502007
2026-08-12 11:00:00,302.42999,302.82999,301.029999,301.079987,2346988
2026-08-12 11:30:00,301.089905,301.29001,300.57001,301.17001,1956130
2026-08-12 12:00:00,301.18991,301.82001,301.0,301.51001,1616187
2026-08-12 12:30:00,301.51501,302.23001,301.41,302.16,1367407
2026-08-12 13:00:00,302.16501,302.51001,302.040009,302.1601,1218185
2026-08-12 13:30:00,302.17001,302.2977,301.26999,301.505,1599563
2026-08-12 14:00:00,301.51001,301.79001,301.059998,301.125,1514335
2026-08-12 14:30:00,301.12,302.039886,301.040009,301.41,2727509
2026-08-12 15:00:00,301.41919,301.70999,301.17001,301.67999,1927077
2026-08-12 15:30:00,301.67001,302.25,301.0,302.22501,5484429
2026-08-13 09:30:00,304.258,304.75,302.049988,304.58011,7869533
2026-08-13 10:00:00,304.57999,305.95999,304.14999,305.64499,3351319
2026-08-13 10:30:00,305.66,306.0,304.5397,305.10501,2223990
2026-08-13 11:00:00,305.13,305.19,303.54999,303.72,2070730
2026-08-13 11:30:00,303.73001,303.98499,302.76999,302.78799,1651302
2026-08-13 12:00:00,302.79001,303.87,302.57001,303.42999,1389629
2026-08-13 12:30:00,303.435,303.76001,303.01001,303.029999,1182132
2026-08-13 13:00:00,303.040009,303.38501,302.85001,303.34,1094473
2026-08-13 13:30:00,303.33011,303.89999,303.079987,303.435,996072
2026-08-13 14:00:00,303.435,303.51999,302.92999,303.31,1060847
2026-08-13 14:30:00,303.31,303.94,303.13,303.17999,1600326
2026-08-13 15:00:00,303.19501,304.60999,303.029999,304.39999,2100614
2026-08-13 15:30:00,304.38,305.32001,303.97,305.32001,3755421
2026-08-14 09:30:00,306.028015,307.48999,305.56,306.10001,4933689
2026-08-14 10:00:00,306.070007,306.35651,304.76001,304.98999,1801660
2026-08-14 10:30:00,305.019989,305.42999,304.66,305.16,1279098
2026-08-14 11:00:00,305.16,305.9599,304.29999,305.5329,1495872
2026-08-14 11:30:00,305.54501,305.91681,305.41501,305.66501,858207
2026-08-14 12:00:00,305.64001,305.70999,304.97,305.44501,797091
2026-08-14 12:30:00,305.44501,305.51001,305.12,305.42999,1060571
2026-08-14 13:00:00,305.435,305.565,305.079987,305.1944,656853
2026-08-14 13:30:00,305.19501,306.16,305.040009,306.049988,1093056
2026-08-14 14:00:00,306.0401,306.25,305.57999,305.979,1487317
2026-08-14 14:30:00,305.98001,306.17999,305.56,305.57999,944165
2026-08-14 15:00:00,305.60001,306.049988,305.26999,305.94501,1039061
2026-08-14 15:30:00,305.92999,306.040009,305.5,305.95001,2812891
2026-08-17 09:30:00,306.20999,307.66,304.054993,305.44,6186904
2026-08-17 10:00:00,305.39001,305.56,304.45999,304.495,1714601
2026-08-17 10:30:00,304.48419,304.82001,303.64999,304.13,2193543
2026-08-17 11:00:00,304.14001,304.91,303.79999,304.535,1951306
2026-08-17 11:30:00,304.54001,304.59509,303.054993,303.19,1702987
2026-08-17 12:00:00,303.17499,303.79999,303.049988,303.55499,1227688
2026-08-17 12:30:00,303.56,304.039215,302.939,303.040009,1286033
2026-08-17 13:00:00,303.029999,304.42499,303.019989,304.41501,1203701
2026-08-17 13:30:00,304.41501,304.6499,304.079987,304.30499,917330
2026-08-17 14:00:00,304.29999,304.94,303.95999,304.70499,1545635
2026-08-17 14:30:00,304.70001,305.98999,304.69049,305.67999,1620377
2026-08-17 15:00:00,305.685,306.16,305.59,306.14499,1305141
2026-08-17 15:30:00,306.14999,306.32001,305.029999,305.69,3981136
2026-08-18 09:30:00,307.53,307.89999,305.73999,307.29001,6843154
2026-08-18 10:00:00,307.29999,310.26999,307.14999,309.65991,5197341
2026-08-18 10:30:00,309.64001,311.48999,309.60001,310.39499,3556318
2026-08-18 11:00:00,310.41,311.14999,309.92001,310.42999,2241819
2026-08-18 11:30:00,310.42999,310.5199,309.34,309.54001,1944615
2026-08-18 12:00:00,309.54001,310.64001,309.011993,310.61499,1821209
2026-08-18 12:30:00,310.62,310.76001,310.20001,310.75,1403318
2026-08-18 13:00:00,310.74011,310.94,310.27011,310.39999,1942264
2026-08-18 13:30:00,310.39999,310.44,309.87,310.13,2547800
2026-08-18 14:00:00,310.125,310.6499,309.75,310.62769,1431433
2026-08-18 14:30:00,310.60999,311.23999,310.35001,310.37,1790314
2026-08-18 15:00:00,310.37,310.42999,309.37,309.70999,2011609
2026-08-18 15:30:00,309.69501,311.069,309.60141,310.20001,5897762
2026-08-19 09:30:00,310.13,316.39001,309.60001,316.36499,7380163
2026-08-19 10:00:00,316.39001,317.81,315.37,316.01001,5085266
2026-08-19 10:30:00,315.95999,318.32999,315.755,317.8689,2836459
2026-08-19 11:00:00,317.88,319.27991,317.85999,318.17999,2573101
2026-08-19 11:30:00,318.185,318.23001,315.966,316.29501,1724905
2026-08-19 12:00:00,316.29999,317.45001,316.0,316.56,1399352
2026-08-19 12:30:00,316.54999,316.54999,314.64999,315.095001,2207690
2026-08-19 13:00:00,315.12,315.17001,314.48999,315.059998,1324549
2026-08-19 13:30:00,315.059998,315.819,314.95001,315.2027,1339655
2026-08-19 14:00:00,315.19199,315.70999,314.77499,314.84,1486334
2026-08-19 14:30:00,314.85999,315.22961,314.29001,314.87,2892697
2026-08-19 15:00:00,314.88501,316.73001,314.7652,316.67841,2194268
2026-08-19 15:30:00,316.66,316.88,315.20001,316.88,5339532
2026-08-20 09:30:00,317.45499,320.28,316.70999,317.27991,5702852
2026-08-20 10:00:00,317.23001,317.62,316.22,316.47,9525920
2026-08-20 10:30:00,316.42999,317.48001,316.17001,317.42001,17041193
2026-08-20 11:00:00,317.42999,317.78,316.0,317.22,11605971
2026-08-20 11:30:00,317.22989,317.25,315.95999,316.91,1146547
2026-08-20 12:00:00,316.91,317.088715,316.059998,316.465,868285
2026-08-20 12:30:00,316.465,317.54001,316.29001,317.20999,1017745
2026-08-20 13:00:00,317.20001,317.63,316.67001,316.67001,1008577
2026-08-20 13:30:00,316.66,316.85999,316.26001,316.32001,912312
2026-08-20 14:00:00,316.31,316.31,314.82001,314.84,1633210
2026-08-20 14:30:00,314.81009,315.70001,314.78,315.1279,1226754
2026-08-20 15:00:00,315.12,315.12,313.29999,313.37,1930331
2026-08-20 15:30:00,313.39001,313.64999,310.64999,311.34,27038848
2026-08-21 09:30:00,312.049988,312.38,307.01001,307.38,9057355
2026-08-21 10:00:00,307.38,308.23001,307.089996,307.79501,4648041
2026-08-21 10:30:00,307.82001,309.5,307.60001,309.45499,2150476
2026-08-21 11:00:00,309.45999,310.64001,309.25,310.60001,4625307
2026-08-21 11:30:00,310.61499,311.92999,310.39999,311.51001,2853774
2026-08-21 12:00:00,311.52499,311.82001,311.0,311.20319,1405376
2026-08-21 12:30:00,311.20001,311.25,310.26999,311.0050049,1206691
2026-08-21 13:00:00,310.98999,311.64001,310.89001,311.059998,1270128
2026-08-21 13:30:00,311.019989,311.16,309.42001,309.56,1215617
2026-08-21 14:00:00,309.53,309.60999,308.40051,308.47,2094659
2026-08-21 14:30:00,308.47501,308.965,308.16,308.78299,1387474
2026-08-21 15:00:00,308.78,309.85001,308.39999,309.73999,1647987
2026-08-21 15:30:00,309.75,310.17899,309.16,309.42001,3550095
2026-08-24 09:30:00,311.47,312.34,309.97,311.875,3996619
2026-08-24 10:00:00,311.85001,313.19989,311.7001,312.94,2610252
2026-08-24 10:30:00,312.92999,313.32999,312.5,312.97,2104303
2026-08-24 11:00:00,312.97501,313.16,311.53,312.23999,11938557
2026-08-24 11:30:00,312.23999,312.39001,311.57999,311.69971,1097256
2026-08-24 12:00:00,311.67999,312.019989,311.34,311.92859,38324222
2026-08-24 12:30:00,311.91,313.35999,311.85999,312.94,28578699
2026-08-24 13:00:00,312.94,312.94,311.87,312.1199,45343818
2026-08-24 13:30:00,312.11899,312.35001,311.70001,312.010101,16533449
2026-08-24 14:00:00,312.019989,312.10999,311.5,311.73999,1044548
2026-08-24 14:30:00,311.72,311.84,310.72,311.59,1164888
2026-08-24 15:00:00,311.57001,311.6557,311.019989,311.25,1024150
2026-08-24 15:30:00,311.23001,311.27991,310.172,310.35001,3344278
2026-08-25 09:30:00,310.935,313.57999,310.040009,310.44,7152687
2026-08-25 10:00:00,310.45999,310.75,309.64999,310.084991,11627297
2026-08-25 10:30:00,310.079987,310.79001,309.037109,309.089996,7288429
2026-08-25 11:00:00,309.089996,309.48999,308.39001,309.31009,9373939
2026-08-25 11:30:00,309.31,309.85001,309.22,309.60001,1104783
2026-08-25 12:00:00,309.59,310.19,309.30499,309.95499,10688453
2026-08-25 12:30:00,309.95001,310.10001,309.5,310.035004,10952058
2026-08-25 13:00:00,310.035004,310.040009,309.58011,309.655,644118
2026-08-25 13:30:00,309.655,309.82999,309.31,309.465,1016724
2026-08-25 14:00:00,309.47,310.34,308.60999,309.54001,14306973
2026-08-25 14:30:00,309.55499,309.60999,308.41501,308.57999,997759
2026-08-25 15:00:00,308.57999,309.39511,308.20999,308.97009,1211628
2026-08-25 15:30:00,308.97009,310.29999,308.62,309.82999,2846865
2026-08-26 09:30:00,310.245,312.70001,308.80011,312.5,3405624
2026-08-26 10:00:00,312.45999,313.41989,311.64999,311.79501,2209266
2026-08-26 10:30:00,311.79001,312.86499,311.66,312.79999,1271627
2026-08-26 11:00:00,312.82501,313.45001,312.45999,312.51999,1730049
2026-08-26 11:30:00,312.51999,313.62,312.17999,312.94,27981835
2026-08-26 12:00:00,312.89999,313.94,312.37,313.29471,11471540
2026-08-26 12:30:00,313.30499,313.48001,312.5,313.029999,12733282
2026-08-26 13:00:00,313.024994,313.26999,312.53,313.13,949474
2026-08-26 13:30:00,313.155,313.25,312.65009,312.94,42155420
2026-08-26 14:00:00,312.95001,313.17999,312.73001,313.049896,1246872
2026-08-26 14:30:00,313.029999,315.10001,312.95001,314.565,1996865
2026-08-26 15:00:00,314.57001,315.25,314.44,314.8446,1853214
2026-08-26 15:30:00,314.85999,315.42999,313.19,313.48999,24495255
2026-08-27 09:30:00,311.98999,312.10199,309.40009,311.62,4435040
2026-08-27 10:00:00,311.57999,311.9899,309.63,310.79211,2814445
2026-08-27 10:30:00,310.79999,313.78,310.63,313.39999,11701914
2026-08-27 11:00:00,313.42001,315.16,313.42001,314.64999,11940196
2026-08-27 11:30:00,314.655,315.079895,314.14999,314.80499,25196110
2026-08-27 12:00:00,314.82001,314.97,314.11011,314.57001,1367046
2026-08-27 12:30:00,314.565,315.18149,314.25,315.0,15836975
2026-08-27 13:00:00,315.029999,315.39999,314.73999,315.26999,959698
2026-08-27 13:30:00,315.28,315.34,314.48999,314.82501,17449025
2026-08-27 14:00:00,314.85001,314.91,313.9935,314.17999,802626
2026-08-27 14:30:00,314.20001,314.58701,313.57001,313.87949,858551
2026-08-27 15:00:00,313.85001,314.38,313.44501,313.57001,1036360
2026-08-27 15:30:00,313.57999,315.089996,313.37,314.57501,24009727
2026-08-28 09:30:00,317.088013,318.13,315.45041,316.70999,4285724
2026-08-28 10:00:00,316.76999,317.17801,316.049988,316.72501,7073248
2026-08-28 10:30:00,316.72501,320.7789,316.51999,320.70999,4047505
2026-08-28 11:00:00,320.70999,322.029999,320.029999,321.94,27714956
2026-08-28 11:30:00,321.95499,322.37,321.10999,321.48001,2657719
2026-08-28 12:00:00,321.5,321.85999,320.535,320.97,1746227
2026-08-28 12:30:00,320.94501,321.51999,320.61359,320.845,1237935
2026-08-28 13:00:00,320.82001,320.82999,319.58011,319.73999,1304016
2026-08-28 13:30:00,319.81,320.040009,319.37,319.69,1003207
2026-08-28 14:00:00,319.70999,320.049988,319.39999,319.54001,45323821
2026-08-28 14:30:00,319.54999,319.815,319.049988,319.815,1832078
2026-08-28 15:00:00,319.82001,319.98999,319.23999,319.54501,26522199
2026-08-28 15:30:00,319.78259,320.32999,319.5,319.64001,3423835
2026-08-31 09:30:00,319.56,321.23499,316.73999,317.26001,4536379
2026-08-31 10:00:00,317.20499,317.245,315.45001,315.70999,1964628
2026-08-31 10:30:00,315.70999,315.70999,314.35999,315.38,1797270
2026-08-31 11:00:00,315.38,315.82001,314.89999,315.069885,1510085
2026-08-31 11:30:00,315.040009,315.22501,314.59,314.66,1074996
2026-08-31 12:00:00,314.66501,314.87,313.94,314.67001,1362171
2026-08-31 12:30:00,314.60001,316.0,312.79999,313.76001,2766267
2026-08-31 13:00:00,313.76001,314.25,313.41,313.88,1127060
2026-08-31 13:30:00,313.85001,315.19501,313.38501,315.07489,1268022
2026-08-31 14:00:00,315.079987,316.019989,314.91,315.685,1427097
2026-08-31 14:30:00,315.68188,315.91541,315.01001,315.39001,932283
2026-08-31 15:00:00,315.39499,316.16,315.39499,316.024994,1295507
2026-08-31 15:30:00,316.029999,317.69,315.70999,317.23001,5002995
2026-09-01 09:30:00,316.98001,322.75,314.737,322.69501,8057056
2026-09-01 10:00:00,322.69501,325.39001,321.47,325.34451,6483932
2026-09-01 10:30:00,325.33511,325.85999,324.23999,324.38,3827438
2026-09-01 11:00:00,324.39001,325.44,322.73999,324.60001,3232831
2026-09-01 11:30:00,324.62,327.22681,324.019989,326.35999,3335997
2026-09-01 12:00:00,326.38,327.29999,325.34,326.66,2167254
2026-09-01 12:30:00,326.67999,326.88501,325.32001,325.85999,2209568
2026-09-01 13:00:00,325.85001,325.97,324.48499,324.64999,2288159
2026-09-01 13:30:00,324.69,325.22,324.32001,325.20999,1256730
2026-09-01 14:00:00,325.22,325.75,324.63,325.20999,1623037
2026-09-01 14:30:00,325.20001,325.85999,324.3905,325.54501,1698291
2026-09-01 15:00:00,325.54001,325.92999,325.059998,325.57001,1801057
2026-09-01 15:30:00,325.60999,325.888,324.10001,325.14001,5754962
2026-09-02 09:30:00,326.97,328.39999,324.070007,325.19,5284602
2026-09-02 10:00:00,325.16,325.185,323.53,324.57001,2855968
2026-09-02 10:30:00,324.58499,325.079987,324.0,324.61911,1618181
2026-09-02 11:00:00,324.64999,326.54999,324.10999,326.54999,1591896
2026-09-02 11:30:00,326.53,327.054993,323.89499,325.01001,3277411
2026-09-02 12:00:00,325.01001,326.19,324.11499,324.66989,2382085
2026-09-02 12:30:00,324.66,326.23801,324.62,326.12,1481436
2026-09-02 13:00:00,326.13,326.5,325.070007,325.075012,1210397
2026-09-02 13:30:00,325.075012,326.19,324.68039,325.95499,1177672
2026-09-02 14:00:00,325.95001,326.48999,325.72009,326.2955,1368180
2026-09-02 14:30:00,326.30991,326.42999,324.85269,325.0,1204450
2026-09-02 15:00:00,324.98499,325.82001,324.6001,325.64001,1577316
2026-09-02 15:30:00,325.6405,325.95001,324.67001,324.98999,3065203
2026-09-03 09:30:00,324.94769,327.5,324.10999,326.72,3892913
2026-09-03 10:00:00,326.60001,330.31,325.94501,329.715,3678032
2026-09-03 10:30:00,329.715,330.67999,327.60999,327.98499,3070845
2026-09-03 11:00:00,328.019989,330.81,328.01001,329.82999,2844273
2026-09-03 11:30:00,329.85001,330.48001,329.23999,329.76999,1395631
2026-09-03 12:00:00,329.75,330.57001,329.44,330.069885,1593420
2026-09-03 12:30:00,330.040009,330.23999,328.88,328.94009,1110879
2026-09-03 13:00:00,328.948,329.019989,327.45001,327.73001,1376558
2026-09-03 13:30:00,327.72,328.040009,326.67999,326.89999,1466569
2026-09-03 14:00:00,326.89999,327.56,326.88,327.12,1428963
2026-09-03 14:30:00,327.14499,327.29001,326.51001,327.19,1774158
2026-09-03 15:00:00,327.20001,327.84,327.049988,327.79501,1392149
2026-09-03 15:30:00,327.79001,328.84,327.41,328.20999,3531235
2026-09-04 09:30:00,328.30499,328.92999,323.059998,323.69501,5155803
2026-09-04 10:00:00,323.62,323.66,320.44,320.70999,4047263
2026-09-04 10:30:00,320.70999,321.16,318.29999,318.44,3300939
2026-09-04 11:00:00,318.44,319.51001,317.85999,319.47,2925856
2026-09-04 11:30:00,319.47,321.28,319.10999,321.01001,2355530
2026-09-04 12:00:00,321.024994,321.32919,320.42001,320.5,1652698
2026-09-04 12:30:00,320.5174,321.23999,320.4101,321.029999,1172898
2026-09-04 13:00:00,321.045013,321.89999,320.92999,321.685,1481239
2026-09-04 13:30:00,321.67999,321.67999,320.73999,321.015015,1055859
2026-09-04 14:00:00,321.019989,321.31,320.87,320.88,901745
2026-09-04 14:30:00,320.88,321.82999,320.85999,321.66501,1149391
2026-09-04 15:00:00,321.66,322.10001,321.38,321.785,1533446
2026-09-04 15:30:00,321.76999,321.80911,319.651,319.98999,4295687
2026-09-08 09:30:00,317.12,320.70001,315.70001,316.89999,5106040
2026-09-08 10:00:00,316.92001,317.26001,315.29199,315.67001,2760128
2026-09-08 10:30:00,315.67001,316.38,315.26999,315.97461,1769925
2026-09-08 11:00:00,316.0,316.78,315.71521,316.24911,1858863
2026-09-08 11:30:00,316.245,316.81,316.0,316.079895,1376242
2026-09-08 12:00:00,316.065002,316.26801,315.45999,316.084991,1417356
2026-09-08 12:30:00,316.10001,316.17999,315.75,315.98999,1072578
2026-09-08 13:00:00,315.98999,316.56,315.79001,316.26999,971201
2026-09-08 13:30:00,316.272,316.32999,315.94101,316.029999,1055626
2026-09-08 14:00:00,316.024994,316.73999,315.95001,316.39001,1182073
2026-09-08 14:30:00,316.39499,316.53,314.92001,315.53,2069487
2026-09-08 15:00:00,315.51999,316.53,315.35001,315.79999,1625562
2026-09-08 15:30:00,315.80011,316.69,315.52499,316.35001,3631577
2026-09-09 09:30:00,315.93011,318.0,315.070007,317.87491,4523307
2026-09-09 10:00:00,317.85999,318.13,314.32999,314.75,3286612
2026-09-09 10:30:00,314.70999,314.71011,312.95001,313.375,2655282
2026-09-09 11:00:00,313.39001,313.42249,312.10999,312.50259,2583788
2026-09-09 11:30:00,312.51001,313.60001,312.22,313.17499,2415971
2026-09-09 12:00:00,313.17001,313.70999,312.86011,313.66501,2275700
2026-09-09 12:30:00,313.67999,314.38,313.44,314.01001,1925005
2026-09-09 13:00:00,314.0050049,315.0,310.97,311.70499,6050914
2026-09-09 13:30:00,311.72,314.35999,311.049988,313.255,5822928
2026-09-09 14:00:00,313.255,313.79001,309.89999,312.13,8348658
2026-09-09 14:30:00,312.13501,319.14999,311.95001,316.66,8194971
2026-09-09 15:00:00,316.67999,317.20001,315.14001,315.57001,4692954
2026-09-09 15:30:00,315.56,315.94391,314.88,315.41,4968709
2026-09-10 09:30:00,316.79001,323.129,316.57001,318.92899,12386424
2026-09-10 10:00:00,318.76001,320.0,318.10999,318.95499,3426671
2026-09-10 10:30:00,319.01001,323.19,318.88,323.010101,4409344
2026-09-10 11:00:00,323.040009,323.82001,321.60001,323.70999,4304070
2026-09-10 11:30:00,323.67001,324.35001,319.22,319.57001,5989801
2026-09-10 12:00:00,319.565,321.92001,319.20999,321.905,3637775
2026-09-10 12:30:00,321.85501,324.82999,321.26001,323.35001,5410719
2026-09-10 13:00:00,323.35431,324.86499,322.85001,324.82199,2970178
2026-09-10 13:30:00,324.84,325.67999,324.35001,325.01001,4078753
2026-09-10 14:00:00,325.029999,325.19,323.38,324.12,2766546
2026-09-10 14:30:00,324.11011,325.5,323.63,325.38,2247153
2026-09-10 15:00:00,325.38,326.12,324.94,325.285,3208330
2026-09-10 15:30:00,325.26999,326.67999,325.17001,326.595,5580662
2026-09-11 09:30:00,327.63,334.26999,326.29999,332.47,10778782
2026-09-11 10:00:00,332.405,334.59,331.6601,334.085114,3742700
2026-09-11 10:30:00,334.088287,335.42999,332.42001,334.95999,5418351
2026-09-11 11:00:00,335.019989,336.22,334.94,335.57001,3600586
2026-09-11 11:30:00,335.54001,335.54001,333.69,333.91751,2589221
2026-09-11 12:00:00,333.94,334.84,333.63,334.17001,2150657
2026-09-11 12:30:00,334.19,334.82999,333.92999,334.745,1464634
2026-09-11 13:00:00,334.745,334.85001,333.82999,333.95001,1115689
2026-09-11 13:30:00,333.95999,334.29999,332.73999,333.38,1935889
2026-09-11 14:00:00,333.375,333.8299,332.54999,332.85501,1637300
2026-09-11 14:30:00,332.85999,333.17899,332.39001,332.51999,1607898
2026-09-11 15:00:00,332.51141,333.0,332.39999,332.64011,2554710
2026-09-11 15:30:00,332.67999,333.070007,332.070007,332.23001,3626964
2026-09-14 09:30:00,334.52,335.07,331.35,333.935,375808
2026-09-14 10:00:00,333.95,334.62,332.47,333.21,143637
2026-09-14 10:30:00,333.175,333.46,332.135,332.98,142617
2026-09-14 11:00:00,332.96,333.385,332.335,332.68,69492
2026-09-14 11:30:00,332.65,335.5,332.65,335.03,122084
2026-09-14 12:00:00,335.075,335.48,334.325,334.585,62508
2026-09-14 12:30:00,334.57,335.25,334.1,334.835,49308
