Date,Open,High,Low,Close,Volume
2026-06-11 12:20:00,293.57999,293.69119,292.63,292.685,267795
2026-06-11 12:25:00,292.67999,293.26999,292.55521,292.98499,353868
2026-06-11 12:30:00,292.95999,293.97,292.91,293.89999,296679
2026-06-11 12:35:00,293.84,294.5,293.82999,293.89001,465596
2026-06-11 12:40:00,293.92001,294.049988,293.69,293.94009,184161
2026-06-11 12:45:00,293.92001,294.17001,293.87,293.95001,184192
2026-06-11 12:50:00,293.95999,294.089905,293.70001,293.73001,203950
2026-06-11 12:55:00,293.72501,293.84,293.63,293.75,169201
2026-06-11 13:00:00,293.76001,293.89999,293.060089,293.12,269269
2026-06-11 13:05:00,293.095001,293.80991,293.065002,293.60001,211516
2026-06-11 13:10:00,293.60001,293.76001,293.32001,293.37,204572
2026-06-11 13:15:00,293.38,293.51999,293.12,293.17499,158659
2026-06-11 13:20:00,293.17001,293.42001,293.13,293.32999,221932
2026-06-11 13:25:00,293.32999,296.0,293.32501,295.95499,1050179
2026-06-11 13:30:00,295.98999,297.0,295.77499,296.785,956071
2026-06-11 13:35:00,296.81,296.98001,296.01001,296.13,427850
2026-06-11 13:40:00,296.13501,296.85999,296.079987,296.5705,458136
2026-06-11 13:45:00,296.60001,296.82001,295.84,295.98001,271625
2026-06-11 13:50:00,295.98001,295.98001,295.45001,295.6601,256602
2026-06-11 13:55:00,295.66501,295.82999,295.51001,295.78,245385
2026-06-11 14:00:00,295.76999,295.98999,295.22,295.29999,287471
2026-06-11 14:05:00,295.29999,295.69,295.13,295.54501,241446
2026-06-11 14:10:00,295.5,295.85999,295.42999,295.78,213397
2026-06-11 14:15:00,295.76501,296.38,295.73001,296.35999,268925
2026-06-11 14:20:00,296.35001,296.45001,295.62,295.745,346550
2026-06-11 14:25:00,295.745,295.84,295.45001,295.54001,187552
2026-06-11 14:30:00,295.5401,295.79001,295.465,295.52499,223132
2026-06-11 14:35:00,295.51999,295.63,295.23999,295.26001,181560
2026-06-11 14:40:00,295.26001,295.57999,295.25,295.45999,193682
2026-06-11 14:45:00,295.452,295.95001,295.44009,295.82501,211187
2026-06-11 14:50:00,295.82001,296.070007,295.7066,295.73001,200051
2026-06-11 14:55:00,295.73001,295.76001,295.14999,295.20999,257379
2026-06-11 15:00:00,295.20001,295.45499,295.12,295.39001,244099
2026-06-11 15:05:00,295.39001,295.44,295.019989,295.32999,300774
2026-06-11 15:10:00,295.32999,295.505,295.185,295.35999,324210
2026-06-11 15:15:00,295.38,295.60999,295.34,295.44501,290155
2026-06-11 15:20:00,295.44501,295.53,295.11011,295.2576,374325
2026-06-11 15:25:00,295.255,295.45999,295.089996,295.39999,329421
2026-06-11 15:30:00,295.41,296.029999,295.26001,295.89001,555301
2026-06-11 15:35:00,295.89499,296.17999,295.76001,295.92999,461260
2026-06-11 15:40:00,295.92001,296.17001,295.845,296.019287,457159
2026-06-11 15:45:00,296.019989,296.040009,295.39001,295.54001,464434
2026-06-11 15:50:00,295.56,296.029999,294.70001,295.76001,998845
2026-06-11 15:55:00,295.75,295.95999,294.845,295.35999,2724837
2026-06-12 09:30:00,296.079987,297.14001,294.89001,295.37,2127644
2026-06-12 09:35:00,295.35001,295.39999,293.57001,293.59,866800
2026-06-12 09:40:00,293.60001,293.75,291.87741,292.39499,962832
2026-06-12 09:45:00,292.39001,292.87991,291.35999,291.69,569956
2026-06-12 09:50:00,291.67999,292.32999,291.35999,291.42001,602146
2026-06-12 09:55:00,291.44,291.82999,291.0,291.13501,622016
2026-06-12 10:00:00,291.10001,291.69989,290.60999,291.45999,815577
2026-06-12 10:05:00,291.42001,291.97501,291.10999,291.45001,609531
2026-06-12 10:10:00,291.45999,292.20999,291.38,291.95001,563366
2026-06-12 10:15:00,291.97,293.20999,291.96011,292.8201,553900
2026-06-12 10:20:00,292.84,292.87,291.98001,292.20001,428446
2026-06-12 10:25:00,292.19,292.38,291.72,291.995,375724
2026-06-12 10:30:00,291.98001,292.32999,291.3801,291.82001,360592
2026-06-12 10:35:00,291.82501,291.87,291.42001,291.42499,299913
2026-06-12 10:40:00,291.42999,291.70001,290.89001,291.10999,406873
2026-06-12 10:45:00,291.12,291.35999,290.20999,290.26001,461952
2026-06-12 10:50:00,290.26001,291.35001,290.01001,291.26001,698438
2026-06-12 10:55:00,291.25,291.84,291.029999,291.73999,387995
2026-06-12 11:00:00,291.745,292.2099,291.60001,292.19601,516549
2026-06-12 11:05:00,292.20001,292.87,292.079987,292.39499,317439
2026-06-12 11:10:00,292.38,292.88,292.25,292.76501,199666
2026-06-12 11:15:00,292.76501,292.785,292.25,292.64999,486008
2026-06-12 11:20:00,292.64001,292.98001,292.54001,292.79001,268676
2026-06-12 11:25:00,292.79001,292.98999,292.59,292.875,272519
2026-06-12 11:30:00,292.85999,292.85999,292.41,292.48499,260418
2026-06-12 11:35:00,292.47,292.67001,291.58011,291.70001,518252
2026-06-12 11:40:00,291.67999,292.14001,291.5,291.85501,441118
2026-06-12 11:45:00,291.85999,291.98001,291.10999,291.16,259271
2026-06-12 11:50:00,291.17001,292.070007,291.029999,291.92001,261085
2026-06-12 11:55:00,291.91,291.97989,291.13501,291.33521,226907
2026-06-12 12:00:00,291.33499,291.9101,291.01001,291.22,326783
2026-06-12 12:05:00,291.19,291.9101,290.81,291.13989,275733
2026-06-12 12:10:00,291.10999,292.19989,290.879,291.94501,434801
2026-06-12 12:15:00,291.97,292.16,291.51001,291.62,224477
2026-06-12 12:20:00,291.63,291.8732,291.47,291.73999,234692
2026-06-12 12:25:00,291.76999,291.84,291.54999,291.57999,190562
2026-06-12 12:30:00,291.57001,291.72,291.25,291.32001,219606
2026-06-12 12:35:00,291.31,291.35501,290.85999,291.084991,276750
2026-06-12 12:40:00,291.10001,291.46509,290.84,290.98001,252912
2026-06-12 12:45:00,290.98999,291.41,290.95001,291.34,296070
2026-06-12 12:50:00,291.34,291.5,291.16119,291.35999,199632
2026-06-12 12:55:00,291.36499,291.44269,290.75,291.20999,283405
2026-06-12 13:00:00,291.17999,291.48999,291.125,291.35999,292574
2026-06-12 13:05:00,291.35999,291.79001,291.31,291.38361,366550
2026-06-12 13:10:00,291.39999,291.56,291.14999,291.51001,209999
2026-06-12 13:15:00,291.51999,292.040009,291.41,291.98999,227962
2026-06-12 13:20:00,292.01001,292.245,291.76999,291.89999,190816
2026-06-12 13:25:00,291.89999,291.91,291.41,291.46011,254326
2026-06-12 13:30:00,291.48001,291.51001,291.22,291.27499,134239
2026-06-12 13:35:00,291.28,291.38989,291.079987,291.20001,160591
2026-06-12 13:40:00,291.20999,291.23999,290.39001,290.41,313630
2026-06-12 13:45:00,290.41,290.58499,290.32999,290.54999,304713
2026-06-12 13:50:00,290.565,290.638,290.29999,290.32999,223370
2026-06-12 13:55:00,290.31,290.31,289.81,289.88,414118
2026-06-12 14:00:00,289.89999,290.089996,289.67001,289.73999,278719
2026-06-12 14:05:00,289.73999,290.079987,289.62,290.079987,311568
2026-06-12 14:10:00,290.089996,290.59,290.084991,290.26999,308569
2026-06-12 14:15:00,290.27991,290.37,289.92001,290.075012,239663
2026-06-12 14:20:00,290.070007,290.30499,290.049988,290.29001,187209
2026-06-12 14:25:00,290.26999,290.327,290.10001,290.22501,207033
2026-06-12 14:30:00,290.22,290.59,290.22,290.48499,207553
2026-06-12 14:35:00,290.48999,290.685,290.39999,290.59,184205
2026-06-12 14:40:00,290.60001,290.70001,290.4101,290.6402,199147
2026-06-12 14:45:00,290.64001,290.73999,290.5,290.57001,198879
2026-06-12 14:50:00,290.57999,290.67999,290.42001,290.655,211411
2026-06-12 14:55:00,290.64001,290.70001,290.42001,290.48001,296797
2026-06-12 15:00:00,290.45999,290.97,290.35999,290.88,265550
2026-06-12 15:05:00,290.87,290.89001,290.57001,290.66,245869
2026-06-12 15:10:00,290.64999,290.70999,290.51999,290.62,280474
2026-06-12 15:15:00,290.63,290.80499,290.44,290.785,398772
2026-06-12 15:20:00,290.785,290.89001,290.66,290.785,264685
2026-06-12 15:25:00,290.785,290.87,290.60999,290.64001,289032
2026-06-12 15:30:00,290.64001,290.73999,290.42999,290.54001,319929
2026-06-12 15:35:00,290.535,290.76501,290.19,290.45001,387619
2026-06-12 15:40:00,290.44351,290.595,290.34,290.5506,296442
2026-06-12 15:45:00,290.54999,290.85999,290.5,290.81,385145
2026-06-12 15:50:00,290.82001,291.37,290.69,291.35989,957750
2026-06-12 15:55:00,291.35001,291.64001,290.92999,291.079987,1676832
2026-06-15 09:30:00,294.12,294.25,291.70001,293.79001,3135554
2026-06-15 09:35:00,293.80499,294.98999,293.56,294.63,1035256
2026-06-15 09:40:00,294.67001,295.82001,294.5903,295.059998,910453
2026-06-15 09:45:00,295.059998,295.41,294.89499,295.38,527706
2026-06-15 09:50:00,295.38501,295.60001,294.66,295.12,604351
2026-06-15 09:55:00,295.14999,295.92999,294.76999,295.35831,578671
2026-06-15 10:00:00,295.35001,295.89999,295.059998,295.56,558965
2026-06-15 10:05:00,295.55499,295.9599,295.28,295.56,398936
2026-06-15 10:10:00,295.56,296.32861,295.5,295.85999,564588
2026-06-15 10:15:00,295.88501,296.2999,295.63199,296.089996,441781
2026-06-15 10:20:00,296.059998,296.16,295.435,295.51001,496888
2026-06-15 10:25:00,295.48999,295.81,295.38,295.67999,373521
2026-06-15 10:30:00,295.70999,296.34,295.60999,296.095001,484204
2026-06-15 10:35:00,296.095001,296.19,295.39999,295.465,379200
2026-06-15 10:40:00,295.465,296.23001,295.405,296.20001,337551
2026-06-15 10:45:00,296.22,296.70001,296.16,296.535,381197
2026-06-15 10:50:00,296.535,296.70001,296.22,296.63989,312054
2026-06-15 10:55:00,296.63,296.64999,296.29001,296.483,295564
2026-06-15 11:00:00,296.5,296.89999,296.41,296.73499,352338
2026-06-15 11:05:00,296.76001,296.78,296.1701,296.31,340727
2026-06-15 11:10:00,296.31,296.48999,296.17001,296.31,263922
2026-06-15 11:15:00,296.32001,296.57001,296.29001,296.37,249570
2026-06-15 11:20:00,296.35999,296.57001,296.35001,296.54001,240465
2026-06-15 11:25:00,296.54999,296.85001,296.47,296.53,411544
2026-06-15 11:30:00,296.54001,296.73499,296.22,296.47089,429350
2026-06-15 11:35:00,296.47501,296.78,296.37,296.7149,272495
2026-06-15 11:40:00,296.70999,297.20999,296.69,297.029999,381052
2026-06-15 11:45:00,297.029999,297.5437,297.029999,297.535,428226
2026-06-15 11:50:00,297.53,297.60001,297.20999,297.31,455765
2026-06-15 11:55:00,297.31979,297.78,297.20999,297.48001,267685
2026-06-15 12:00:00,297.48001,297.76999,297.34,297.48001,331563
2026-06-15 12:05:00,297.48999,297.5799,297.26001,297.26999,217944
2026-06-15 12:10:00,297.27499,297.35999,296.89011,297.075012,354453
2026-06-15 12:15:00,297.075012,297.12,296.87009,297.065002,215086
2026-06-15 12:20:00,297.070709,297.35001,297.019989,297.23999,230001
2026-06-15 12:25:00,297.25,297.35501,297.11499,297.23999,184174
2026-06-15 12:30:00,297.23001,297.36499,297.070007,297.20999,190034
2026-06-15 12:35:00,297.22,297.255,296.94,297.059998,191642
2026-06-15 12:40:00,297.059998,297.10999,296.85001,296.95999,172751
2026-06-15 12:45:00,296.97,296.98001,296.69,296.70999,233895
2026-06-15 12:50:00,296.70001,296.89999,296.56,296.69,182820
2026-06-15 12:55:00,296.69,296.97,296.565,296.94501,154680
2026-06-15 13:00:00,296.92001,296.92001,296.25,296.57999,270666
2026-06-15 13:05:00,296.59,296.70001,296.25,296.595,264458
2026-06-15 13:10:00,296.595,296.78,296.565,296.70001,213945
2026-06-15 13:15:00,296.69,297.12,296.60071,296.79501,372039
2026-06-15 13:20:00,296.79501,297.20999,296.76501,296.85559,319994
2026-06-15 13:25:00,296.84,296.95001,296.54999,296.66,254209
2026-06-15 13:30:00,296.66,296.79999,296.39001,296.57999,278145
2026-06-15 13:35:00,296.595,297.0,296.595,296.92999,252645
2026-06-15 13:40:00,296.92999,296.98001,296.51999,296.59,252042
2026-06-15 13:45:00,296.57999,296.62,296.28,296.39001,241487
2026-06-15 13:50:00,296.39001,296.39001,295.95001,295.95499,211749
2026-06-15 13:55:00,295.94,296.0,295.63,295.76001,287708
2026-06-15 14:00:00,295.75,295.82639,295.16,295.2301,448128
2026-06-15 14:05:00,295.23999,295.81,295.17999,295.75,381524
2026-06-15 14:10:00,295.70999,295.75,295.54999,295.64001,175171
2026-06-15 14:15:00,295.64001,295.73999,295.10999,295.17001,238798
2026-06-15 14:20:00,295.16501,295.59,295.16,295.20001,358379
2026-06-15 14:25:00,295.19,295.22,294.95999,295.070007,308690
2026-06-15 14:30:00,295.075012,295.60999,295.01001,295.54999,272134
2026-06-15 14:35:00,295.5405,295.85999,295.345,295.85001,287116
2026-06-15 14:40:00,295.85501,296.29001,295.81,296.20999,450407
2026-06-15 14:45:00,296.20001,296.34991,296.1601,296.21399,251798
2026-06-15 14:50:00,296.23001,296.35999,296.16,296.17001,192994
2026-06-15 14:55:00,296.16,296.405,296.155,296.39499,236271
2026-06-15 15:00:00,296.39001,296.42001,296.23999,296.375,252423
2026-06-15 15:05:00,296.36011,296.465,296.16,296.29059,202104
2026-06-15 15:10:00,296.31,296.45001,296.20999,296.39499,211848
2026-06-15 15:15:00,296.38071,296.48999,295.97,296.019989,236914
2026-06-15 15:20:00,296.029999,296.20499,295.98001,296.18011,246209
2026-06-15 15:25:00,296.19,296.60999,296.14001,296.5,367813
2026-06-15 15:30:00,296.495,296.67001,296.34,296.38,449598
2026-06-15 15:35:00,296.38,296.41,295.87009,296.16,377890
2026-06-15 15:40:00,296.14999,296.39499,296.0,296.3201,334037
2026-06-15 15:45:00,296.32999,296.435,296.155,296.35999,492679
2026-06-15 15:50:00,296.35001,296.39001,295.67001,295.81,1008353
2026-06-15 15:55:00,295.81,296.53,295.60999,296.42001,15539827
2026-06-16 09:30:00,295.245,296.28,294.32001,296.26001,1602940
2026-06-16 09:35:00,296.26501,296.48001,294.62,294.6319,485631
2026-06-16 09:40:00,294.625,295.39999,293.97,295.39999,582233
2026-06-16 09:45:00,295.40009,295.95969,295.25,295.76999,381292
2026-06-16 09:50:00,295.79001,297.51999,295.74011,297.47501,566454
2026-06-16 09:55:00,297.47501,297.95001,297.070007,297.079987,530131
2026-06-16 10:00:00,297.084991,297.78,296.86499,297.4899,476918
2026-06-16 10:05:00,297.48999,297.53989,297.10001,297.25,260208
2026-06-16 10:10:00,297.25,297.79999,297.19,297.42001,530169
2026-06-16 10:15:00,297.435,298.0,297.3609,297.655,401151
2026-06-16 10:20:00,297.64001,297.95001,297.16,297.5,477366
2026-06-16 10:25:00,297.565,297.65991,296.70999,297.535,453527
2026-06-16 10:30:00,297.535,297.89001,297.11789,297.14999,527017
2026-06-16 10:35:00,297.16501,297.51999,296.95001,297.42999,366712
2026-06-16 10:40:00,297.41,297.73001,297.20999,297.32999,412720
2026-06-16 10:45:00,297.26999,297.95999,297.26999,297.76999,411774
2026-06-16 10:50:00,297.72629,297.97,297.47009,297.87,335388
2026-06-16 10:55:00,297.88,298.0,297.45999,297.54999,351919
2026-06-16 11:00:00,297.54001,297.85999,297.48999,297.78,226362
2026-06-16 11:05:00,297.77499,298.23001,297.67999,298.12,482993
2026-06-16 11:10:00,298.11499,298.19,297.82501,298.13,302532
2026-06-16 11:15:00,298.10999,298.10999,297.495,297.5,258936
2026-06-16 11:20:00,297.5,298.10001,297.20499,298.075012,545222
2026-06-16 11:25:00,298.089996,298.45001,297.95001,298.20001,376093
2026-06-16 11:30:00,298.22,298.28,297.57001,297.79001,246844
2026-06-16 11:35:00,297.79999,298.43701,297.5,298.42499,243446
2026-06-16 11:40:00,298.41,298.42999,298.0,298.084991,323358
2026-06-16 11:45:00,298.084991,298.39499,298.0,298.39499,374748
2026-06-16 11:50:00,298.39499,298.57001,298.029999,298.23999,325830
2026-06-16 11:55:00,298.25,298.39499,298.040009,298.17001,269489
2026-06-16 12:00:00,298.17001,298.73999,298.059998,298.28,535345
2026-06-16 12:05:00,298.26999,298.53009,298.040009,298.51001,208311
2026-06-16 12:10:00,298.51001,299.20001,298.47,299.095001,679063
2026-06-16 12:15:00,299.090088,299.27499,298.89001,299.026489,311694
2026-06-16 12:20:00,299.040009,299.17001,298.875,299.049988,239508
2026-06-16 12:25:00,299.049988,299.185,298.73001,298.94,188443
2026-06-16 12:30:00,298.94,299.26001,298.80411,298.95999,279778
2026-06-16 12:35:00,298.97,299.20001,298.9201,299.1199,220607
2026-06-16 12:40:00,299.12,299.14999,298.815,299.079987,314529
2026-06-16 12:45:00,299.065002,299.64999,299.029999,299.59,297894
2026-06-16 12:50:00,299.59,299.76999,299.23999,299.37,262559
2026-06-16 12:55:00,299.35999,299.56,299.23999,299.47,218359
2026-06-16 13:00:00,299.45001,299.48001,299.089996,299.20999,178554
2026-06-16 13:05:00,299.18011,299.51999,299.16,299.48001,226791
2026-06-16 13:10:00,299.48999,299.70001,299.47,299.66501,205421
2026-06-16 13:15:00,299.67001,300.48001,299.67001,300.16,1090696
2026-06-16 13:20:00,300.16,300.35001,300.015015,300.155,313326
2026-06-16 13:25:00,300.16,300.38,300.14499,300.27499,190110
2026-06-16 13:30:00,300.26001,300.45999,300.13,300.17999,197115
2026-06-16 13:35:00,300.17999,300.26999,299.82001,299.89999,245800
2026-06-16 13:40:00,299.905,300.079987,299.84,299.84,256579
2026-06-16 13:45:00,299.84,299.92001,299.63,299.89999,238850
2026-06-16 13:50:00,299.89999,299.95001,299.35001,299.655,214535
2026-06-16 13:55:00,299.64499,299.78,299.54001,299.60001,202289
2026-06-16 14:00:00,299.59,299.63,299.39999,299.5101,216365
2026-06-16 14:05:00,299.52499,299.76001,299.22501,299.28,225237
2026-06-16 14:10:00,299.27499,299.29999,298.91,298.99011,212017
2026-06-16 14:15:00,298.97,299.079895,298.82999,298.85999,223658
2026-06-16 14:20:00,298.85001,298.896,298.56799,298.67999,164418
2026-06-16 14:25:00,298.67001,298.97989,298.63,298.72501,181832
2026-06-16 14:30:00,298.72009,298.79999,298.63,298.715,189418
2026-06-16 14:35:00,298.70999,299.49991,298.70001,299.45001,266390
2026-06-16 14:40:00,299.45001,299.63031,299.41,299.5351,293517
2026-06-16 14:45:00,299.54001,299.57001,299.36499,299.41,181727
2026-06-16 14:50:00,299.42001,299.54001,299.28,299.30499,492783
2026-06-16 14:55:00,299.29999,299.51999,299.16501,299.1756,216555
2026-06-16 15:00:00,299.17499,299.25,298.82999,298.8699,269817
2026-06-16 15:05:00,298.85999,299.0,298.72,298.9725,249903
2026-06-16 15:10:00,298.98999,299.059998,298.84,298.92001,256948
2026-06-16 15:15:00,298.92999,299.13,298.67499,298.92001,375244
2026-06-16 15:20:00,298.92001,298.92999,298.47,298.47369,348196
2026-06-16 15:25:00,298.47501,298.73999,298.22,298.34,287039
2026-06-16 15:30:00,298.32999,298.54999,298.23001,298.39499,275311
2026-06-16 15:35:00,298.39999,298.59991,298.35001,298.565,262941
2026-06-16 15:40:00,298.56,298.715,298.48999,298.57001,264710
2026-06-16 15:45:00,298.57001,299.01001,298.54999,299.01001,717068
2026-06-16 15:50:00,299.01001,299.31,298.69501,299.28,769361
2026-06-16 15:55:00,299.26001,299.48999,298.89999,299.25,2173131
2026-06-17 09:30:00,300.845,302.070007,299.52011,300.34,1784592
2026-06-17 09:35:00,300.34,300.89001,299.89999,300.75,559876
2026-06-17 09:40:00,300.78021,301.79001,300.47501,301.25,559855
2026-06-17 09:45:00,301.23001,301.32001,299.81,299.85001,517263
2026-06-17 09:50:00,299.79999,300.625,299.22198,300.55499,594356
2026-06-17 09:55:00,300.56,300.73999,300.29999,300.29999,416864
2026-06-17 10:00:00,300.34,300.51501,299.37009,299.61499,380132
2026-06-17 10:05:00,299.57999,300.35999,299.54999,300.25,429479
2026-06-17 10:10:00,300.23001,300.45999,300.0,300.45001,252705
2026-06-17 10:15:00,300.45001,300.60001,299.92999,300.35999,321724
2026-06-17 10:20:00,300.35999,300.67001,299.98999,300.60999,352078
2026-06-17 10:25:00,300.62,300.9675,300.405,300.45001,267172
2026-06-17 10:30:00,300.45001,300.53949,299.64999,299.79321,349113
2026-06-17 10:35:00,299.7619,299.78,298.85999,298.92001,396092
2026-06-17 10:40:00,298.91,299.7399,298.67999,299.60001,534585
2026-06-17 10:45:00,299.57999,299.85001,298.76001,299.32999,418255
2026-06-17 10:50:00,299.32501,299.32501,298.58499,298.63,353178
2026-06-17 10:55:00,298.60999,298.78,298.35001,298.54001,302524
2026-06-17 11:00:00,298.54999,298.69,297.48001,297.51999,413809
2026-06-17 11:05:00,297.54999,297.67001,297.23999,297.26999,332477
2026-06-17 11:10:00,297.28,297.60001,297.089996,297.45001,242592
2026-06-17 11:15:00,297.44501,298.14001,297.44501,297.81,321187
2026-06-17 11:20:00,297.82001,298.019989,297.69,298.0050049,180300
2026-06-17 11:25:00,297.98999,298.01001,297.20001,297.42999,212682
2026-06-17 11:30:00,297.42999,297.44,297.10001,297.39999,278832
2026-06-17 11:35:00,297.39499,297.45999,297.0,297.079987,260733
2026-06-17 11:40:00,297.084991,297.26999,296.67001,296.82001,353522
2026-06-17 11:45:00,296.83301,297.405,296.64001,297.315,305255
2026-06-17 11:50:00,297.32001,297.85999,297.31,297.85999,314759
2026-06-17 11:55:00,297.86499,298.76999,297.81,298.55499,298511
2026-06-17 12:00:00,298.56,299.16,298.54001,298.91501,313427
2026-06-17 12:05:00,298.91,299.029999,298.23001,298.25751,859454
2026-06-17 12:10:00,298.255,298.56,298.14999,298.42999,343032
2026-06-17 12:15:00,298.44,298.74899,298.4093,298.73001,145790
2026-06-17 12:20:00,298.72009,298.76999,298.33099,298.6601,145897
2026-06-17 12:25:00,298.67001,298.87601,298.60001,298.61499,131032
2026-06-17 12:30:00,298.62979,298.69989,298.4101,298.63,195264
2026-06-17 12:35:00,298.625,298.745,298.23001,298.42001,193981
2026-06-17 12:40:00,298.42001,298.56,298.26001,298.45999,187683
2026-06-17 12:45:00,298.47,298.47,298.13211,298.39999,149360
2026-06-17 12:50:00,298.39999,298.48999,298.22,298.41,155009
2026-06-17 12:55:00,298.39999,298.53,298.095001,298.20001,159946
2026-06-17 13:00:00,298.20999,298.20999,297.23001,297.26999,334978
2026-06-17 13:05:00,297.25,297.285,296.59,296.87,322300
2026-06-17 13:10:00,296.85999,297.099487,296.64499,296.70499,288685
2026-06-17 13:15:00,296.70001,297.040009,296.57199,297.019989,248136
2026-06-17 13:20:00,297.019989,297.23999,296.81009,296.81009,191325
2026-06-17 13:25:00,296.82501,296.97,296.57001,296.81,186534
2026-06-17 13:30:00,296.79999,296.79999,296.42999,296.47501,216496
2026-06-17 13:35:00,296.48001,297.10999,296.45999,297.040009,172260
2026-06-17 13:40:00,297.070007,297.10501,296.82999,296.85001,150954
2026-06-17 13:45:00,296.85999,297.23001,296.85001,297.21011,132348
2026-06-17 13:50:00,297.20999,297.60001,297.16,297.45001,187748
2026-06-17 13:55:00,297.44,297.54999,297.22,297.54999,141405
2026-06-17 14:00:00,297.53,297.53,296.25,296.285,530052
2026-06-17 14:05:00,296.26001,296.54001,295.69,296.255,508804
2026-06-17 14:10:00,296.26001,296.38,295.64999,295.82999,535079
2026-06-17 14:15:00,295.85999,296.53,295.85999,296.35999,264960
2026-06-17 14:20:00,296.35001,296.38,295.60001,295.67001,233115
2026-06-17 14:25:00,295.64001,295.87,295.32999,295.83499,266660
2026-06-17 14:30:00,295.82001,296.32999,295.20731,295.29001,483458
2026-06-17 14:35:00,295.29001,295.98999,295.20001,295.56,313201
2026-06-17 14:40:00,295.57999,296.42001,295.5,296.29999,371508
2026-06-17 14:45:00,296.28,296.32001,295.5,295.51001,317015
2026-06-17 14:50:00,295.505,295.64999,295.25009,295.26999,279333
2026-06-17 14:55:00,295.26999,295.26999,294.38,294.59,418722
2026-06-17 15:00:00,294.59,295.089996,294.39001,294.965,434234
2026-06-17 15:05:00,294.95499,295.32001,294.89001,295.0057983,346443
2026-06-17 15:10:00,295.0,295.84,294.78,295.54001,371119
2026-06-17 15:15:00,295.53,295.655,295.089996,295.090088,285053
2026-06-17 15:20:00,295.12,295.38,294.82501,295.079987,339972
2026-06-17 15:25:00,295.079987,295.45001,295.019989,295.185,355738
2026-06-17 15:30:00,295.16,295.35001,294.86749,295.12,560180
2026-06-17 15:35:00,295.12299,295.44,294.88501,295.059998,385182
2026-06-17 15:40:00,295.049988,295.25,294.60001,294.94,592494
2026-06-17 15:45:00,294.92999,295.29001,294.79999,295.14999,397795
2026-06-17 15:50:00,295.089996,295.73999,294.59,295.38501,820852
2026-06-17 15:55:00,295.397,296.22,295.34,295.88,1680932
2026-06-18 09:30:00,298.44,300.4599,298.070007,298.089996,12767171
2026-06-18 09:35:00,298.089996,298.1799,295.62,296.36499,1237649
2026-06-18 09:40:00,296.41,297.69791,295.69009,297.69,944313
2026-06-18 09:45:00,297.70001,298.049988,297.14999,298.029907,578365
2026-06-18 09:50:00,297.98001,298.625,297.565,298.10999,2463222
2026-06-18 09:55:00,298.14999,298.70001,297.85999,298.27499,558458
2026-06-18 10:00:00,298.31,299.15991,298.019989,298.89001,993202
2026-06-18 10:05:00,298.82999,299.42999,298.48001,299.26999,4306661
2026-06-18 10:10:00,299.26999,299.39001,298.75,298.98999,546734
2026-06-18 10:15:00,298.965,299.47,298.54999,299.26501,765304
2026-06-18 10:20:00,299.29001,299.31,298.22,299.14001,466066
2026-06-18 10:25:00,299.14999,299.63,298.67001,299.60999,562550
2026-06-18 10:30:00,299.61499,299.75,298.5,298.87,617625
2026-06-18 10:35:00,298.89001,299.45499,298.67999,299.42001,352174
2026-06-18 10:40:00,299.42999,299.76001,299.16422,299.70999,328007
2026-06-18 10:45:00,299.69,300.57001,299.60999,300.38,730320
2026-06-18 10:50:00,300.39001,300.39001,299.38,299.45999,1056478
2026-06-18 10:55:00,299.45999,299.85999,299.13019,299.17999,786590
2026-06-18 11:00:00,299.23001,299.23001,297.92999,298.27011,569476
2026-06-18 11:05:00,298.29999,298.57001,297.87,298.35001,400227
2026-06-18 11:10:00,298.38,298.72,298.040009,298.070007,818621
2026-06-18 11:15:00,298.089996,298.16,297.23001,297.37,801245
2026-06-18 11:20:00,297.37009,297.53,297.14001,297.27499,269364
2026-06-18 11:25:00,297.29001,297.48999,296.95999,297.10999,1410520
2026-06-18 11:30:00,297.10001,297.28,296.85001,297.17499,290390
2026-06-18 11:35:00,297.16501,297.39001,296.75,297.079987,350700
2026-06-18 11:40:00,297.040009,297.040009,296.14001,296.19,371785
2026-06-18 11:45:00,296.19,296.32001,295.95001,296.29501,643314
2026-06-18 11:50:00,296.28009,297.32001,296.26999,297.31,374887
2026-06-18 11:55:00,297.29999,297.62,297.26001,297.38,589681
2026-06-18 12:00:00,297.39999,297.73001,296.94,297.0,294726
2026-06-18 12:05:00,297.01001,297.24991,296.73999,296.79999,265444
2026-06-18 12:10:00,296.82001,297.14001,296.69,297.084991,1188851
2026-06-18 12:15:00,297.084991,297.42001,296.94,297.32999,1496632
2026-06-18 12:20:00,297.34,297.5199,297.14001,297.20001,156108
2026-06-18 12:25:00,297.19501,297.51999,297.045013,297.48999,209581
2026-06-18 12:30:00,297.48499,297.48999,297.030609,297.17999,230499
2026-06-18 12:35:00,297.17001,297.69,297.10999,297.60999,481667
2026-06-18 12:40:00,297.60501,297.62,297.13,297.48999,199108
2026-06-18 12:45:00,297.495,297.5,297.13,297.29999,288166
2026-06-18 12:50:00,297.29001,297.29999,297.019989,297.054993,185066
2026-06-18 12:55:00,297.059998,297.16,296.84,297.13,219814
2026-06-18 13:00:00,297.13,297.92999,297.029999,297.86499,231955
2026-06-18 13:05:00,297.875,298.10919,297.79999,297.82001,231546
2026-06-18 13:10:00,297.815,298.23199,297.79999,298.19501,152726
2026-06-18 13:15:00,298.20001,298.35989,298.051086,298.22,403388
2026-06-18 13:20:00,298.23001,298.25,297.72,297.72,532852
2026-06-18 13:25:00,297.73001,297.89999,297.57999,297.82001,162842
2026-06-18 13:30:00,297.82501,297.98499,297.79181,297.81989,273892
2026-06-18 13:35:00,297.81,297.9296,297.69101,297.79999,164403
2026-06-18 13:40:00,297.79001,297.82999,297.5,297.56,175400
2026-06-18 13:45:00,297.56049,297.755,297.35001,297.69501,261735
2026-06-18 13:50:00,297.715,297.85999,297.57999,297.73499,130944
2026-06-18 13:55:00,297.73999,297.73999,297.37,297.5701,166187
2026-06-18 14:00:00,297.57501,297.62,297.25,297.29999,162139
2026-06-18 14:05:00,297.29001,297.48999,297.14999,297.16,192556
2026-06-18 14:10:00,297.17001,297.63,297.019989,297.56,269497
2026-06-18 14:15:00,297.56,297.67999,297.29999,297.60001,153111
2026-06-18 14:20:00,297.58499,297.62,297.29599,297.32999,148988
2026-06-18 14:25:00,297.3201,297.375,297.01001,297.10999,285861
2026-06-18 14:30:00,297.14001,297.57999,297.060089,297.39001,386519
2026-06-18 14:35:00,297.345,297.62,297.31061,297.39999,211191
2026-06-18 14:40:00,297.38,297.64999,297.32001,297.64499,153924
2026-06-18 14:45:00,297.64499,298.059998,297.64499,297.97501,237922
2026-06-18 14:50:00,297.97101,298.070007,297.88,297.92999,186565
2026-06-18 14:55:00,297.91501,297.98999,297.59,297.70001,165235
2026-06-18 15:00:00,297.70999,297.76001,297.51001,297.59,226339
2026-06-18 15:05:00,297.58499,297.70001,297.34,297.34,173880
2026-06-18 15:10:00,297.35001,297.35001,297.059998,297.10999,224844
2026-06-18 15:15:00,297.10999,297.31,297.0401,297.29999,482029
2026-06-18 15:20:00,297.28,297.41,297.17001,297.20499,229810
2026-06-18 15:25:00,297.20999,297.5,297.20041,297.38,234836
2026-06-18 15:30:00,297.35999,297.35999,297.059998,297.28,331765
2026-06-18 15:35:00,297.26999,297.54001,297.23999,297.465,249239
2026-06-18 15:40:00,297.48001,297.685,297.35001,297.54999,314704
2026-06-18 15:45:00,297.54001,297.82999,297.51999,297.64999,350930
2026-06-18 15:50:00,297.66,299.23941,297.52011,298.059998,1743167
2026-06-18 15:55:00,298.0,298.54001,297.88,297.89001,2260716
2026-06-22 09:30:00,297.5,300.32999,297.5,298.42999,2285365
2026-06-22 09:35:00,298.42999,301.28,298.26999,301.21011,844690
2026-06-22 09:40:00,301.2403,301.98001,300.84601,301.59,863434
2026-06-22 09:45:00,301.625,301.75,300.59,301.37,541992
2026-06-22 09:50:00,301.34,302.059998,300.57001,301.22501,682478
2026-06-22 09:55:00,301.25,301.79999,300.5,301.73999,314352
2026-06-22 10:00:00,301.745,302.089996,301.64001,301.84,573442
2026-06-22 10:05:00,301.84,302.42001,301.51999,302.37,426371
2026-06-22 10:10:00,302.35001,302.41,301.73401,301.85001,926062
2026-06-22 10:15:00,301.85001,301.92499,300.88,301.50989,451777
2026-06-22 10:20:00,301.495,301.54001,301.019989,301.30499,366888
2026-06-22 10:25:00,301.29001,301.64999,301.059998,301.20001,391916
2026-06-22 10:30:00,301.20999,301.23001,300.435,300.48001,545103
2026-06-22 10:35:00,300.45999,300.47501,299.56,300.040009,484821
2026-06-22 10:40:00,300.059998,300.30801,299.62,299.70001,306676
2026-06-22 10:45:00,299.67001,300.13,299.64001,299.845,346071
2026-06-22 10:50:00,299.82999,299.97,299.37,299.64001,315633
2026-06-22 10:55:00,299.63501,300.070007,299.41,299.79999,283247
2026-06-22 11:00:00,299.80499,300.38989,299.76001,299.82001,356466
2026-06-22 11:05:00,299.82999,299.85999,299.035004,299.185,293300
2026-06-22 11:10:00,299.185,300.23001,299.14999,300.10989,291313
2026-06-22 11:15:00,300.095001,300.23511,299.79001,299.94501,385350
2026-06-22 11:20:00,299.94,300.14001,299.20001,300.125,462169
2026-06-22 11:25:00,300.125,300.23001,299.60001,299.94,241497
2026-06-22 11:30:00,299.94,300.30991,299.75,300.17001,265292
2026-06-22 11:35:00,300.2099,300.7399,300.185,300.715,201457
2026-06-22 11:40:00,300.72,301.26001,300.70001,301.049988,305190
2026-06-22 11:45:00,301.089996,301.4299,300.26001,300.29999,271094
2026-06-22 11:50:00,300.35999,300.7377,300.35001,300.57999,192750
2026-06-22 11:55:00,300.60001,300.92999,300.53,300.89001,247584
2026-06-22 12:00:00,300.88501,300.95901,300.32001,300.40689,250177
2026-06-22 12:05:00,300.39499,300.92999,300.38,300.76001,305104
2026-06-22 12:10:00,300.76001,300.85001,300.5,300.79031,255846
2026-06-22 12:15:00,300.79001,300.82001,300.51999,300.69501,178816
2026-06-22 12:20:00,300.70001,300.95001,300.42999,300.51001,273287
2026-06-22 12:25:00,300.5177,300.62,300.14999,300.53989,204625
2026-06-22 12:30:00,300.51999,300.67999,300.26999,300.32999,194652
2026-06-22 12:35:00,300.32999,300.39999,300.11499,300.17999,216044
2026-06-22 12:40:00,300.19,300.39001,299.91,300.17499,405209
2026-06-22 12:45:00,300.19,300.47,300.019989,300.24991,273528
2026-06-22 12:50:00,300.22,300.48001,300.090088,300.20999,194652
2026-06-22 12:55:00,300.20999,300.35001,299.91501,299.92001,190077
2026-06-22 13:00:00,299.92999,300.049988,299.65009,299.935,219393
2026-06-22 13:05:00,299.94,299.95999,299.565,299.67999,180689
2026-06-22 13:10:00,299.69,299.76999,299.45001,299.60501,252227
2026-06-22 13:15:00,299.62,299.8999,299.62,299.85999,156955
2026-06-22 13:20:00,299.875,300.13,299.81,299.89999,195575
2026-06-22 13:25:00,299.89499,299.95001,299.67499,299.81,211788
2026-06-22 13:30:00,299.815,299.82001,299.51999,299.67001,153066
2026-06-22 13:35:00,299.66,299.66,299.30499,299.51999,206940
2026-06-22 13:40:00,299.5,299.85999,299.25,299.33011,323656
2026-06-22 13:45:00,299.32999,299.73001,299.25,299.63,220110
2026-06-22 13:50:00,299.62,299.81989,299.32501,299.35501,167635
2026-06-22 13:55:00,299.34,299.54999,299.30499,299.31,164408
2026-06-22 14:00:00,299.31,299.32651,298.66,298.70001,259698
2026-06-22 14:05:00,298.67999,298.85001,298.60999,298.75,191438
2026-06-22 14:10:00,298.75,298.76001,298.58301,298.69501,174668
2026-06-22 14:15:00,298.69751,298.97501,298.63,298.86499,209707
2026-06-22 14:20:00,298.85999,299.20001,298.85999,298.9472,243399
2026-06-22 14:25:00,298.95001,299.01001,298.82999,298.92001,140666
2026-06-22 14:30:00,298.92001,299.019989,298.59009,298.745,176685
2026-06-22 14:35:00,298.76001,298.92999,298.70999,298.84,149654
2026-06-22 14:40:00,298.85001,299.040009,298.82001,298.85999,176342
2026-06-22 14:45:00,298.875,299.23999,298.84,299.10501,212928
2026-06-22 14:50:00,299.10501,299.14011,298.6604,298.89999,186192
2026-06-22 14:55:00,298.88,299.10001,298.84,299.070007,179270
2026-06-22 15:00:00,299.089996,299.34,298.92999,299.14999,274850
2026-06-22 15:05:00,299.16,299.2001,298.88501,299.029999,390693
2026-06-22 15:10:00,299.029999,299.23999,298.97,299.089996,214477
2026-06-22 15:15:00,299.089996,299.26999,299.079987,299.10001,330840
2026-06-22 15:20:00,299.11499,299.29999,298.91,299.045013,373072
2026-06-22 15:25:00,299.059998,299.13,298.95999,299.059998,261455
2026-06-22 15:30:00,299.059998,299.089996,297.44,297.69,843724
2026-06-22 15:35:00,297.67499,297.70001,296.95999,297.16,673681
2026-06-22 15:40:00,297.16,297.32001,296.98999,297.26999,598907
2026-06-22 15:45:00,297.28,297.54001,296.84,297.084991,619667
2026-06-22 15:50:00,297.10999,297.60999,296.91,297.55499,1002574
2026-06-22 15:55:00,297.57501,297.67999,296.79001,296.79001,2360538
2026-06-23 09:30:00,296.5,298.29999,296.23001,297.049988,2685201
2026-06-23 09:35:00,296.98001,299.19,296.20001,298.91501,869374
2026-06-23 09:40:00,298.9325,300.57761,298.73001,300.51001,857998
2026-06-23 09:45:00,300.47,301.64001,300.17001,300.405,785038
2026-06-23 09:50:00,300.35999,300.53,298.16,298.37,737700
2026-06-23 09:55:00,298.35999,299.32999,298.15851,299.10999,454203
2026-06-23 10:00:00,299.084991,299.64999,298.79501,299.38501,434804
2026-06-23 10:05:00,299.35001,299.75,298.85999,299.63,563973
2026-06-23 10:10:00,299.63,299.98999,299.38,299.42999,475005
2026-06-23 10:15:00,299.42999,299.87,299.31,299.54001,383251
2026-06-23 10:20:00,299.51999,299.70999,298.89999,299.57999,477630
2026-06-23 10:25:00,299.54999,300.56,299.42001,300.50659,536304
2026-06-23 10:30:00,300.51999,300.88,300.01001,300.42001,512859
2026-06-23 10:35:00,300.44,300.5,299.60431,299.64999,400633
2026-06-23 10:40:00,299.64999,300.45999,299.56,300.35001,297843
2026-06-23 10:45:00,300.37,300.48001,299.845,300.039886,373941
2026-06-23 10:50:00,300.01001,300.23999,299.61499,300.10001,334302
2026-06-23 10:55:00,300.095001,300.24991,299.54001,300.089996,358393
2026-06-23 11:00:00,300.089996,300.32001,299.45001,299.73001,370644
2026-06-23 11:05:00,299.72,299.73999,299.22,299.70001,377127
2026-06-23 11:10:00,299.69,299.98001,299.10001,299.1478,402198
2026-06-23 11:15:00,299.13,299.29001,298.51999,298.64651,357196
2026-06-23 11:20:00,298.67001,298.97,298.52011,298.66,317002
2026-06-23 11:25:00,298.625,298.81,298.39999,298.54999,386468
2026-06-23 11:30:00,298.54501,298.59,297.82999,297.89999,405688
2026-06-23 11:35:00,297.95001,298.28,297.35001,297.56,375897
2026-06-23 11:40:00,297.57001,297.89001,297.5,297.76001,301152
2026-06-23 11:45:00,297.76999,297.98001,297.45999,297.87,240707
2026-06-23 11:50:00,297.875,298.095001,297.73001,297.91501,409022
2026-06-23 11:55:00,297.91501,298.23499,297.70001,298.065002,269370
2026-06-23 12:00:00,298.070007,298.39999,297.95001,298.33511,354356
2026-06-23 12:05:00,298.34,298.63,298.31,298.54391,251455
2026-06-23 12:10:00,298.56,298.76999,298.13,298.17999,294714
2026-06-23 12:15:00,298.19,298.88501,298.19,298.85999,287754
2026-06-23 12:20:00,298.85001,298.85001,298.51999,298.67999,328618
2026-06-23 12:25:00,298.67999,298.875,298.51999,298.6199,313397
2026-06-23 12:30:00,298.58499,298.66,298.19501,298.45001,269817
2026-06-23 12:35:00,298.45001,298.64001,298.23001,298.63501,231490
2026-06-23 12:40:00,298.63501,298.85001,298.54999,298.57999,292888
2026-06-23 12:45:00,298.57999,298.85999,298.42001,298.67999,278635
2026-06-23 12:50:00,298.685,298.98001,298.5,298.89001,358271
2026-06-23 12:55:00,298.89999,299.28,298.85001,298.98999,286158
2026-06-23 13:00:00,299.01001,299.01001,297.88,298.024994,409947
2026-06-23 13:05:00,298.029999,298.76999,298.024109,298.76001,272427
2026-06-23 13:10:00,298.76999,299.39499,298.76501,299.040009,256080
2026-06-23 13:15:00,299.049988,299.12,298.91,299.0,195497
2026-06-23 13:20:00,299.01001,299.39001,299.0050049,299.32501,252659
2026-06-23 13:25:00,299.32501,299.47,299.20001,299.39499,260809
2026-06-23 13:30:00,299.39499,299.73001,299.28,299.69,294987
2026-06-23 13:35:00,299.70001,299.79999,299.245,299.435,252258
2026-06-23 13:40:00,299.42499,299.45999,299.040009,299.34,215888
2026-06-23 13:45:00,299.32999,300.084991,299.29001,299.91501,374641
2026-06-23 13:50:00,299.91501,299.94,299.32999,299.35001,305353
2026-06-23 13:55:00,299.35001,299.46991,298.89001,298.95999,237533
2026-06-23 14:00:00,298.98999,299.38,298.89001,298.95999,281170
2026-06-23 14:05:00,298.97,299.019989,298.56,298.73999,275459
2026-06-23 14:10:00,298.73999,298.86981,298.45001,298.76001,248897
2026-06-23 14:15:00,298.76999,298.85999,298.34,298.51001,285090
2026-06-23 14:20:00,298.505,298.85999,298.405,298.51999,291885
2026-06-23 14:25:00,298.54001,298.63,298.37,298.51999,284912
2026-06-23 14:30:00,298.52499,298.63501,298.14499,298.23001,335772
2026-06-23 14:35:00,298.22501,298.2804,297.72501,298.05011,294721
2026-06-23 14:40:00,298.070007,298.10001,297.75,297.89999,285186
2026-06-23 14:45:00,297.89499,298.029999,297.73499,297.89999,374748
2026-06-23 14:50:00,297.91,298.22,297.45001,297.60999,341540
2026-06-23 14:55:00,297.62,297.83499,297.47501,297.51999,358820
2026-06-23 15:00:00,297.51999,298.86761,297.39999,297.57999,387228
2026-06-23 15:05:00,297.60999,297.88,296.89001,297.17499,429779
2026-06-23 15:10:00,297.17999,297.57999,296.79001,296.86899,463500
2026-06-23 15:15:00,296.85999,296.88,295.31,295.67001,791202
2026-06-23 15:20:00,295.64001,296.23999,295.60999,296.23499,541932
2026-06-23 15:25:00,296.23999,296.48001,295.84,295.84009,492539
2026-06-23 15:30:00,295.84,296.040009,295.62,296.01001,421545
2026-06-23 15:35:00,296.019989,296.42001,295.70999,296.11749,502012
2026-06-23 15:40:00,296.10999,296.20999,295.48499,295.70001,709819
2026-06-23 15:45:00,295.73001,296.14001,295.45001,295.83301,743259
2026-06-23 15:50:00,295.85001,296.5,295.79001,296.42001,1110473
2026-06-23 15:55:00,296.42999,296.45999,294.21201,294.28,4318239
2026-06-24 09:30:00,295.375,296.45999,293.20001,295.73001,1881418
2026-06-24 09:35:00,295.72,296.14999,294.82999,295.44501,427621
2026-06-24 09:40:00,295.47,295.98999,294.98001,295.67999,572260
2026-06-24 09:45:00,295.69,296.28,295.35001,295.82501,438433
2026-06-24 09:50:00,295.82001,296.23001,295.56,296.080109,413123
2026-06-24 09:55:00,296.070007,296.07251,294.48001,294.76999,461018
2026-06-24 10:00:00,294.72,295.0,294.23001,294.59,345954
2026-06-24 10:05:00,294.58499,294.94,294.44,294.79999,272847
2026-06-24 10:10:00,294.785,295.5,294.55499,294.875,414204
2026-06-24 10:15:00,294.89999,295.48999,294.72501,295.29999,297171
2026-06-24 10:20:00,295.26999,296.20941,295.10999,295.565,341931
2026-06-24 10:25:00,295.565,295.82001,295.22,295.465,252467
2026-06-24 10:30:00,295.45999,295.80991,295.34,295.60001,272661
2026-06-24 10:35:00,295.60001,295.68991,295.10999,295.54999,308197
2026-06-24 10:40:00,295.54999,296.60001,295.54999,296.48499,255673
2026-06-24 10:45:00,296.47,297.079987,296.45001,296.905,341116
2026-06-24 10:50:00,296.92001,297.26001,296.85999,296.89999,307796
2026-06-24 10:55:00,296.905,297.14001,296.85999,297.079987,279283
2026-06-24 11:00:00,297.10999,297.51001,296.85001,297.23499,327864
2026-06-24 11:05:00,297.23499,297.42999,296.73001,296.745,317141
2026-06-24 11:10:00,296.75,297.59,296.64999,297.48001,324439
2026-06-24 11:15:00,297.47,297.60001,297.11292,297.48499,198761
2026-06-24 11:20:00,297.48499,298.35001,297.23001,297.935,532365
2026-06-24 11:25:00,297.935,298.88,297.51001,298.785,636118
2026-06-24 11:30:00,298.76001,299.25,298.70999,299.079987,493137
2026-06-24 11:35:00,299.088287,299.5,298.92999,299.070007,304970
2026-06-24 11:40:00,299.059998,299.12,298.16101,298.17001,519323
2026-06-24 11:45:00,298.23001,299.089905,298.079987,299.0050049,301524
2026-06-24 11:50:00,299.019989,299.66,299.019989,299.45499,341932
2026-06-24 11:55:00,299.44501,299.70001,299.28,299.47501,212454
2026-06-24 12:00:00,299.465,299.5,298.76999,298.89999,258079
2026-06-24 12:05:00,298.89999,299.040009,298.72,298.85999,217141
2026-06-24 12:10:00,298.845,299.049988,298.59,298.73001,302119
2026-06-24 12:15:00,298.75,298.89999,298.37,298.37039,236272
2026-06-24 12:20:00,298.37,298.42999,297.8396,298.35501,400770
2026-06-24 12:25:00,298.34,298.34,298.00021362,298.070007,203751
2026-06-24 12:30:00,298.049988,298.049988,297.51999,297.73001,291456
2026-06-24 12:35:00,297.7301,297.965,297.3201,297.56,287013
2026-06-24 12:40:00,297.54001,297.67001,297.22,297.315,298306
2026-06-24 12:45:00,297.27499,297.5318,297.010895,297.47,242328
2026-06-24 12:50:00,297.44,297.60001,297.0,297.019989,245001
2026-06-24 12:55:00,297.019989,297.45001,296.87,297.345,293613
2026-06-24 13:00:00,297.35999,297.38501,297.14999,297.32501,168902
2026-06-24 13:05:00,297.315,297.315,296.3121,296.45001,264746
2026-06-24 13:10:00,296.45001,296.85001,296.45001,296.60999,243818
2026-06-24 13:15:00,296.60999,296.66,295.94,296.29999,351825
2026-06-24 13:20:00,296.29999,296.47989,295.79999,296.37,338871
2026-06-24 13:25:00,296.375,296.94,296.17999,296.42001,378009
2026-06-24 13:30:00,296.41,296.63,295.84,296.33499,326139
2026-06-24 13:35:00,296.345,296.86441,296.32001,296.60999,473940
2026-06-24 13:40:00,296.62671,296.70499,295.76001,295.89999,274679
2026-06-24 13:45:00,295.91611,296.32001,295.76999,296.20999,283147
2026-06-24 13:50:00,296.19,296.29999,295.92999,296.040009,261850
2026-06-24 13:55:00,296.049988,296.24249,295.59,295.60999,275578
2026-06-24 14:00:00,295.60999,296.47,295.59009,296.31,419590
2026-06-24 14:05:00,296.29501,296.495,295.84,295.935,391655
2026-06-24 14:10:00,295.92999,295.93991,295.38,295.57001,306178
2026-06-24 14:15:00,295.57001,296.20999,295.565,295.92999,329000
2026-06-24 14:20:00,295.92001,296.10999,295.78,296.10999,256033
2026-06-24 14:25:00,296.10999,296.20999,295.85001,296.0,371324
2026-06-24 14:30:00,296.0,296.17999,295.89001,296.125,395006
2026-06-24 14:35:00,296.10001,296.10999,295.29001,295.42999,418865
2026-06-24 14:40:00,295.435,295.53,294.88,295.20001,494502
2026-06-24 14:45:00,295.19,295.25,294.42001,294.53,486710
2026-06-24 14:50:00,294.535,294.57501,294.16,294.45001,538740
2026-06-24 14:55:00,294.45001,295.19,294.26611,295.17001,523658
2026-06-24 15:00:00,295.19,295.42999,294.84,295.39001,426481
2026-06-24 15:05:00,295.405,295.44,294.79001,295.215,390843
2026-06-24 15:10:00,295.215,295.23691,294.94,295.040009,408929
2026-06-24 15:15:00,295.029999,295.22,294.81,295.059998,380163
2026-06-24 15:20:00,295.059998,295.16,294.91,294.98001,381534
2026-06-24 15:25:00,294.98999,295.23999,294.89999,294.94009,339984
2026-06-24 15:30:00,294.92999,295.13,294.73001,294.95999,526138
2026-06-24 15:35:00,294.952,294.98001,294.47,294.64999,801265
2026-06-24 15:40:00,294.64001,295.14001,294.51999,295.035004,573362
2026-06-24 15:45:00,295.049988,295.37,294.82001,294.97,567818
2026-06-24 15:50:00,294.98999,295.29001,294.079987,295.25,1283560
2026-06-24 15:55:00,295.23999,295.25,292.94,293.26001,3863726
2026-06-25 09:30:00,287.51001,288.79999,284.73001,285.69,3957272
2026-06-25 09:35:00,285.62,285.84,281.079987,281.14999,2546987
2026-06-25 09:40:00,281.12,281.28,277.88,278.16,3073932
2026-06-25 09:45:00,278.12,279.92999,278.070007,279.76001,2379377
2026-06-25 09:50:00,279.78,279.94,278.12,278.13,1869356
2026-06-25 09:55:00,278.14001,279.34,277.67001,278.97,1319750
2026-06-25 10:00:00,278.94501,280.17981,278.82999,279.95001,1486808
2026-06-25 10:05:00,279.95001,280.069885,279.01001,279.57001,974399
2026-06-25 10:10:00,279.57999,279.92499,277.95999,278.45999,1408253
2026-06-25 10:15:00,278.44501,279.19,277.45999,279.14499,1345736
2026-06-25 10:20:00,279.155,279.78,277.92999,278.049988,1336111
2026-06-25 10:25:00,278.035004,279.73999,278.035004,279.63,1045861
2026-06-25 10:30:00,279.63501,280.089996,279.019989,279.54999,856979
2026-06-25 10:35:00,279.535,280.0,279.054993,279.75,642344
2026-06-25 10:40:00,279.755,280.089996,278.59,279.73001,971805
2026-06-25 10:45:00,279.73001,279.98999,278.935,279.029999,892981
2026-06-25 10:50:00,279.019989,279.5,278.41,279.028503,740451
2026-06-25 10:55:00,279.0,279.20999,277.45999,277.60501,843606
2026-06-25 11:00:00,277.60999,278.10001,277.23999,277.56,816258
2026-06-25 11:05:00,277.56,277.82999,276.7793,277.82501,918053
2026-06-25 11:10:00,277.79999,277.81989,276.81,277.019989,745947
2026-06-25 11:15:00,277.019989,277.10001,276.51999,276.85501,949002
2026-06-25 11:20:00,276.85999,277.17999,276.44,276.87,984169
2026-06-25 11:25:00,276.85999,278.0,276.44,277.64001,751906
2026-06-25 11:30:00,277.66,278.87,277.59,278.42999,753522
2026-06-25 11:35:00,278.44,279.25,278.44,278.58499,670606
2026-06-25 11:40:00,278.58011,279.47,278.13,279.25,666354
2026-06-25 11:45:00,279.25,279.64499,278.98999,279.13959,560601
2026-06-25 11:50:00,279.12,279.14999,278.10999,278.39001,504493
2026-06-25 11:55:00,278.38,278.76999,277.63,277.85501,714375
2026-06-25 12:00:00,277.89001,278.19,277.60001,277.98001,530324
2026-06-25 12:05:00,277.98999,278.13699,277.47,277.69,505230
2026-06-25 12:10:00,277.70499,277.92001,276.3045,276.47501,1135641
2026-06-25 12:15:00,276.48001,276.64999,275.54001,275.565,1037055
2026-06-25 12:20:00,275.565,276.20001,274.85999,275.095001,1266710
2026-06-25 12:25:00,275.10501,275.39001,274.45999,274.565,813395
2026-06-25 12:30:00,274.565,274.79999,274.13,274.66,995586
2026-06-25 12:35:00,274.66501,275.0,273.75,274.285,1193426
2026-06-25 12:40:00,274.285,275.0,273.97,274.745,854933
2026-06-25 12:45:00,274.77499,274.87,274.12,274.51001,1143185
2026-06-25 12:50:00,274.5,275.079987,274.17001,274.64499,848692
2026-06-25 12:55:00,274.66,275.16,274.45999,275.12,1148503
2026-06-25 13:00:00,275.13501,276.715,275.10999,276.44,1134982
2026-06-25 13:05:00,276.45999,277.19919,276.23999,277.070007,1980351
2026-06-25 13:10:00,277.099915,277.53989,277.01001,277.17001,845625
2026-06-25 13:15:00,277.18991,277.98999,277.18991,277.44,902159
2026-06-25 13:20:00,277.44,277.76999,277.23999,277.27991,745405
2026-06-25 13:25:00,277.27011,278.39001,277.019989,278.040009,1791318
2026-06-25 13:30:00,278.049988,278.10999,277.70001,277.78,527201
2026-06-25 13:35:00,277.79001,277.90601,276.98001,277.23151,509984
2026-06-25 13:40:00,277.23001,277.63,277.020996,277.065002,591826
2026-06-25 13:45:00,277.059998,277.070007,276.23999,276.75,922689
2026-06-25 13:50:00,276.73999,276.79001,276.19,276.245,646395
2026-06-25 13:55:00,276.23999,276.79999,276.23001,276.78821,861509
2026-06-25 14:00:00,276.79501,276.92999,276.22,276.76001,706216
2026-06-25 14:05:00,276.76001,278.5,276.62,278.42999,728324
2026-06-25 14:10:00,278.42999,278.85999,278.10999,278.29001,752863
2026-06-25 14:15:00,278.28,280.040009,278.070007,279.94,746643
2026-06-25 14:20:00,279.94501,280.17999,279.40009,279.69,750304
2026-06-25 14:25:00,279.66,279.67999,279.017303,279.345,699538
2026-06-25 14:30:00,279.35001,279.64999,278.81,279.57999,768276
2026-06-25 14:35:00,279.56,280.22009,279.35999,279.87,676647
2026-06-25 14:40:00,279.88,280.20001,279.70999,279.76999,445580
2026-06-25 14:45:00,279.73999,279.75,279.28,279.55579,451135
2026-06-25 14:50:00,279.54001,279.5899,279.029999,279.37,439693
2026-06-25 14:55:00,279.37,279.495,279.12,279.42499,505875
2026-06-25 15:00:00,279.42999,279.42999,278.84,279.0,764896
2026-06-25 15:05:00,279.0,279.019989,278.14999,278.53,847629
2026-06-25 15:10:00,278.54001,278.54001,276.29999,276.53,1369196
2026-06-25 15:15:00,276.53,277.18799,276.31,276.73999,1250966
2026-06-25 15:20:00,276.73001,278.070007,276.040009,277.57999,1031366
2026-06-25 15:25:00,277.53,277.85501,276.70999,276.72501,819936
2026-06-25 15:30:00,276.70001,277.059998,276.040009,276.59,1810840
2026-06-25 15:35:00,276.59,276.60001,275.612,275.85999,1415978
2026-06-25 15:40:00,275.85999,275.97,275.32999,275.375,1205106
2026-06-25 15:45:00,275.35999,275.60999,274.57001,275.17001,1715887
2026-06-25 15:50:00,275.26001,277.45001,275.20001,276.89001,2770461
2026-06-25 15:55:00,276.94,276.95001,273.89999,275.049988,6706736
2026-06-26 09:30:00,275.0,278.0,274.20999,276.92999,4456818
2026-06-26 09:35:00,276.94,277.57999,276.14999,276.81,1398066
2026-06-26 09:40:00,276.82941,278.17999,276.25,276.89999,1528109
2026-06-26 09:45:00,276.92001,277.019989,276.019989,276.38,1197907
2026-06-26 09:50:00,276.375,276.82001,275.64499,276.39001,1340998
2026-06-26 09:55:00,276.39999,277.25,275.44,275.70001,1291954
2026-06-26 10:00:00,275.73691,277.24969,275.45999,277.10001,1218079
2026-06-26 10:05:00,277.10999,278.35001,277.070007,277.89001,1067058
2026-06-26 10:10:00,277.88,278.3399,277.75,278.19,853233
2026-06-26 10:15:00,278.20999,278.34,277.4462,277.45999,824821
2026-06-26 10:20:00,277.5,277.905,276.94,277.63501,871730
2026-06-26 10:25:00,277.64499,278.92999,277.35999,278.26001,978031
2026-06-26 10:30:00,278.28,279.95001,278.079987,279.68991,1281905
2026-06-26 10:35:00,279.69,279.79999,278.5,279.32999,1036036
2026-06-26 10:40:00,279.31,280.0,278.64001,279.35501,919266
2026-06-26 10:45:00,279.37,279.89999,278.92001,279.73999,652614
2026-06-26 10:50:00,279.76001,279.92001,279.20001,279.73499,605372
2026-06-26 10:55:00,279.73999,280.22,279.63501,279.84961,1163529
2026-06-26 11:00:00,279.85001,280.47,279.79001,280.32001,757695
2026-06-26 11:05:00,280.32001,280.41,279.6712,279.87,780251
2026-06-26 11:10:00,279.88,280.029999,279.17001,279.59,773154
2026-06-26 11:15:00,279.59,279.92001,279.23001,279.92001,694379
2026-06-26 11:20:00,279.92001,280.0,278.35999,279.26999,921397
2026-06-26 11:25:00,279.26001,279.2771,278.64999,279.029999,798892
2026-06-26 11:30:00,279.025909,279.45001,277.76001,278.10999,2144170
2026-06-26 11:35:00,278.10501,278.66,278.079987,278.48001,677089
2026-06-26 11:40:00,278.52499,278.63,277.565,278.125,1201160
2026-06-26 11:45:00,278.13,278.215,277.64001,278.125,746742
2026-06-26 11:50:00,278.13,278.37,277.0,277.26001,1335170
2026-06-26 11:55:00,277.26331,277.60001,277.019989,277.16501,800889
2026-06-26 12:00:00,277.17999,277.32001,276.32001,276.39999,894476
2026-06-26 12:05:00,276.42001,276.54999,275.82001,275.89001,825793
2026-06-26 12:10:00,275.89001,276.28,275.56,276.0050049,946919
2026-06-26 12:15:00,276.0050049,276.16501,275.42999,275.60001,883655
2026-06-26 12:20:00,275.57001,276.10999,275.25,275.79999,1448845
2026-06-26 12:25:00,275.79001,276.60001,275.42001,275.89999,1325345
2026-06-26 12:30:00,275.89999,277.42999,275.89999,277.42999,559356
2026-06-26 12:35:00,277.42999,277.54999,276.81,277.245,748812
2026-06-26 12:40:00,277.245,278.16,277.245,278.12,738813
2026-06-26 12:45:00,278.10501,278.83719,277.92999,278.63501,1189062
2026-06-26 12:50:00,278.64001,279.37,278.54999,278.95001,615561
2026-06-26 12:55:00,278.94,279.10999,278.69,278.91,640455
2026-06-26 13:00:00,278.91,279.059998,278.42999,278.53009,588458
2026-06-26 13:05:00,278.52499,279.17001,278.51001,279.1301,549097
2026-06-26 13:10:00,279.13,279.37,278.6001,278.85999,536817
2026-06-26 13:15:00,278.87,279.10001,278.5,278.685,626486
2026-06-26 13:20:00,278.70001,279.070007,278.60001,278.88,591618
2026-06-26 13:25:00,278.88501,279.29999,278.79001,279.19501,586834
2026-06-26 13:30:00,279.17999,279.59,279.019989,279.5,546051
2026-06-26 13:35:00,279.47,279.51999,279.10999,279.33499,486851
2026-06-26 13:40:00,279.35001,279.85999,279.22171,279.42001,452952
2026-06-26 13:45:00,279.4371,279.72,278.75,278.78,524595
2026-06-26 13:50:00,278.76001,279.10501,278.64081,279.029999,532148
2026-06-26 13:55:00,279.040009,279.29999,278.75,279.19501,512502
2026-06-26 14:00:00,279.20999,280.32999,278.89001,280.29999,1063735
2026-06-26 14:05:00,280.28,280.67999,280.01001,280.60001,1097182
2026-06-26 14:10:00,280.60001,281.29999,280.60001,281.05011,679402
2026-06-26 14:15:00,281.059998,281.2999,280.64999,280.85999,656073
2026-06-26 14:20:00,280.85999,280.96579,279.92999,280.17999,930771
2026-06-26 14:25:00,280.14499,280.29999,279.5,280.19,774986
2026-06-26 14:30:00,280.19501,281.81,280.089996,281.71939,1113070
2026-06-26 14:35:00,281.72,281.82001,280.78,280.85001,1072544
2026-06-26 14:40:00,280.82999,281.56,280.82001,281.17001,1033655
2026-06-26 14:45:00,281.16501,281.32999,280.57001,280.79001,1390553
2026-06-26 14:50:00,280.785,280.90009,280.26001,280.47,1072312
2026-06-26 14:55:00,280.47,280.82999,280.35999,280.72,821833
2026-06-26 15:00:00,280.715,281.39999,280.63,280.95999,1289053
2026-06-26 15:05:00,280.97,281.32001,280.37,281.13931,1255384
2026-06-26 15:10:00,281.14499,281.82999,280.95001,281.45001,1289345
2026-06-26 15:15:00,281.44501,281.82001,281.0,281.69501,1429564
2026-06-26 15:20:00,281.69,281.69,279.41,280.45001,2387878
2026-06-26 15:25:00,280.5,280.89001,280.01001,280.14999,1414879
2026-06-26 15:30:00,280.14999,281.35101,280.12,281.16501,1826604
2026-06-26 15:35:00,281.16501,281.255,280.079987,280.60001,1685233
2026-06-26 15:40:00,280.60001,281.42001,280.0,281.26001,2002831
2026-06-26 15:45:00,281.25,281.67001,281.01001,281.25,2068421
2026-06-26 15:50:00,281.26001,285.82001,281.23001,285.25989,6064315
2026-06-26 15:55:00,285.215,285.95001,281.20001,281.20001,9875623
2026-06-29 09:30:00,286.85999,288.36969,285.79999,286.26001,2674869
2026-06-29 09:35:00,286.26001,286.29999,284.405,285.685,778379
2026-06-29 09:40:00,285.73999,286.019989,283.73499,284.015015,753369
2026-06-29 09:45:00,284.040009,285.19,283.56,283.98499,1064055
2026-06-29 09:50:00,284.01001,285.23999,283.78,284.29501,893189
2026-06-29 09:55:00,284.35001,284.5,283.522,283.95999,695507
2026-06-29 10:00:00,283.97501,284.040009,283.48001,283.745,540497
2026-06-29 10:05:00,283.73999,283.94,282.5,282.69,614220
2026-06-29 10:10:00,282.70001,282.84,281.72501,281.82501,718953
2026-06-29 10:15:00,281.79999,282.375,281.66,282.059998,626694
2026-06-29 10:20:00,282.089996,282.089996,281.31,281.33499,550364
2026-06-29 10:25:00,281.34,281.53,280.45001,280.87,719363
2026-06-29 10:30:00,280.88,281.81,280.32999,281.79999,1223753
2026-06-29 10:35:00,281.76999,282.29001,281.34,281.48001,985375
2026-06-29 10:40:00,281.465,281.78,280.97501,281.52499,662451
2026-06-29 10:45:00,281.54001,282.14001,281.26999,281.94,644771
2026-06-29 10:50:00,281.92999,282.82999,281.89999,282.51999,561241
2026-06-29 10:55:00,282.51001,282.51501,281.815,281.815,602312
2026-06-29 11:00:00,281.82001,282.14001,281.57001,281.69501,494674
2026-06-29 11:05:00,281.70001,281.84,281.35001,281.80499,566481
2026-06-29 11:10:00,281.81,282.19971,280.70999,281.95001,1005906
2026-06-29 11:15:00,281.95001,282.42499,281.92499,282.28,355356
2026-06-29 11:20:00,282.26999,282.39001,281.57999,281.78,328907
2026-06-29 11:25:00,281.78,282.38501,281.72501,282.33011,434747
2026-06-29 11:30:00,282.3425,282.5499,281.85001,281.91,558029
2026-06-29 11:35:00,281.94,282.45001,281.89999,282.25,385002
2026-06-29 11:40:00,282.23999,282.75,281.89999,282.67999,726498
2026-06-29 11:45:00,282.67999,282.69501,282.22501,282.42999,907157
2026-06-29 11:50:00,282.42499,283.034485,282.38,282.49438,607044
2026-06-29 11:55:00,282.48001,282.48999,281.47009,281.505,532180
2026-06-29 12:00:00,281.53,281.54999,280.8801,281.29999,443817
2026-06-29 12:05:00,281.31,281.62,280.7601,280.88,539455
2026-06-29 12:10:00,280.875,281.0,280.35001,280.41,726199
2026-06-29 12:15:00,280.42001,280.85001,280.22,280.48001,1172810
2026-06-29 12:20:00,280.47,281.5,280.42249,280.76999,427526
2026-06-29 12:25:00,280.76001,280.935,280.51001,280.56,378412
2026-06-29 12:30:00,280.56,280.75989,280.14999,280.28,353059
2026-06-29 12:35:00,280.29001,280.57999,279.92999,280.53,477212
2026-06-29 12:40:00,280.53009,280.79999,280.13,280.16,358277
2026-06-29 12:45:00,280.17999,280.32501,279.875,279.98999,513315
2026-06-29 12:50:00,279.98001,280.76001,279.94,280.47,481987
2026-06-29 12:55:00,280.45999,280.48001,280.19571,280.31,373728
2026-06-29 13:00:00,280.32001,280.48999,280.13,280.20001,361157
2026-06-29 13:05:00,280.20999,280.47,280.035004,280.10999,405803
2026-06-29 13:10:00,280.12,280.20999,279.85001,280.10001,570942
2026-06-29 13:15:00,280.10999,281.17999,280.10999,281.14999,549310
2026-06-29 13:20:00,281.155,281.54001,281.059998,281.48999,329516
2026-06-29 13:25:00,281.48999,281.54001,281.12,281.48001,450210
2026-06-29 13:30:00,281.47,281.88,281.32001,281.78009,425172
2026-06-29 13:35:00,281.785,281.89001,281.36011,281.59,298866
2026-06-29 13:40:00,281.57999,281.64001,281.375,281.5,315934
2026-06-29 13:45:00,281.5,282.20999,281.45001,282.13,674571
2026-06-29 13:50:00,282.13,282.29999,281.67999,281.69,377149
2026-06-29 13:55:00,281.69,282.17999,281.59,282.019989,320148
2026-06-29 14:00:00,282.029999,282.029999,281.42001,281.44501,332100
2026-06-29 14:05:00,281.44501,281.51501,281.0,281.16501,338439
2026-06-29 14:10:00,281.17001,281.56,281.10999,281.42999,216629
2026-06-29 14:15:00,281.42999,281.67999,281.26999,281.42999,201027
2026-06-29 14:20:00,281.42001,281.62,280.85999,281.30789,327548
2026-06-29 14:25:00,281.31,281.62,281.25,281.54999,378940
2026-06-29 14:30:00,281.54999,282.34991,281.48999,282.13501,620898
2026-06-29 14:35:00,282.13501,282.26999,281.87,281.92999,371366
2026-06-29 14:40:00,281.94501,282.19,281.67999,282.14999,563503
2026-06-29 14:45:00,282.14999,282.2623,281.50061,281.64001,378448
2026-06-29 14:50:00,281.64001,281.77499,281.45499,281.67999,357873
2026-06-29 14:55:00,281.67001,282.10999,281.67001,282.070007,449997
2026-06-29 15:00:00,282.075012,283.077515,281.94,282.80499,591002
2026-06-29 15:05:00,282.8201,282.91,282.5,282.78,443582
2026-06-29 15:10:00,282.78,282.89001,282.56,282.64999,376149
2026-06-29 15:15:00,282.64999,282.81,282.29999,282.60501,542606
2026-06-29 15:20:00,282.595,282.685,282.44,282.565,501272
2026-06-29 15:25:00,282.57001,282.89001,282.5,282.67999,457713
2026-06-29 15:30:00,282.70999,282.73999,281.85999,282.01001,625017
2026-06-29 15:35:00,282.01001,282.32001,281.76999,282.29501,1488353
2026-06-29 15:40:00,282.29001,282.35001,281.64999,281.79001,587718
2026-06-29 15:45:00,281.79999,282.14999,281.60001,282.040009,698936
2026-06-29 15:50:00,282.049988,282.42001,281.79999,282.10001,868875
2026-06-29 15:55:00,282.10501,282.19,281.47,281.63,2275852
2026-06-30 09:30:00,281.17001,283.5,280.69501,283.20999,2197293
2026-06-30 09:35:00,283.23001,284.8493,282.60999,284.345,1018938
2026-06-30 09:40:00,284.345,284.76001,283.13,283.2699,553198
2026-06-30 09:45:00,283.26999,284.70001,282.82001,284.29001,791479
2026-06-30 09:50:00,284.29999,285.23999,284.215,284.9892,741681
2026-06-30 09:55:00,285.029999,285.34369,284.75,285.31,486377
2026-06-30 10:00:00,285.31,285.92499,285.10999,285.651,630869
2026-06-30 10:05:00,285.64001,285.97,285.089996,285.17999,596533
2026-06-30 10:10:00,285.20001,285.98001,284.73999,285.85501,591817
2026-06-30 10:15:00,285.85001,286.20001,285.62,285.98001,514974
2026-06-30 10:20:00,285.98001,286.23999,285.5,286.14001,525045
2026-06-30 10:25:00,286.14499,286.28989,285.7901,286.024994,458393
2026-06-30 10:30:00,286.01001,286.26001,285.95001,286.14999,331211
2026-06-30 10:35:00,286.16,286.20001,285.57001,285.81,394884
2026-06-30 10:40:00,285.82001,285.845,285.26001,285.57071,342191
2026-06-30 10:45:00,285.59,285.82001,285.41,285.53,339954
2026-06-30 10:50:00,285.53009,286.92001,285.41501,286.57001,816642
2026-06-30 10:55:00,286.57999,287.079987,286.1312,286.97,858620
2026-06-30 11:00:00,286.98001,287.34,286.64001,287.32999,502972
2026-06-30 11:05:00,287.32501,287.32999,286.73001,287.01001,293578
2026-06-30 11:10:00,287.01001,287.34991,286.82001,286.95999,340089
2026-06-30 11:15:00,286.95999,287.73999,286.6199,287.67499,457395
2026-06-30 11:20:00,287.67001,288.58499,287.61499,288.45999,678030
2026-06-30 11:25:00,288.47501,288.66,288.070007,288.26999,414036
2026-06-30 11:30:00,288.28,288.85001,288.16,288.75,416604
2026-06-30 11:35:00,288.73999,289.059998,288.51001,289.045013,403974
2026-06-30 11:40:00,289.029999,289.15991,288.31,288.45001,507920
2026-06-30 11:45:00,288.45001,289.35001,288.45001,289.315,370887
2026-06-30 11:50:00,289.315,289.38,288.75,288.76999,582875
2026-06-30 11:55:00,288.78,288.98001,288.57999,288.73981,329727
2026-06-30 12:00:00,288.73999,289.20001,288.73999,288.95999,346928
2026-06-30 12:05:00,288.97,288.98999,288.17001,288.45999,362645
2026-06-30 12:10:00,288.47501,288.64001,287.81,288.26001,378321
2026-06-30 12:15:00,288.26001,288.5,288.079987,288.23999,285544
2026-06-30 12:20:00,288.25,288.28,287.94171,288.14001,203216
2026-06-30 12:25:00,288.16,288.45001,287.94751,288.14499,235871
2026-06-30 12:30:00,288.16,288.59,288.125,288.44,250322
2026-06-30 12:35:00,288.42999,288.62,288.32001,288.57999,231641
2026-06-30 12:40:00,288.55011,288.75,288.37439,288.70749,308281
2026-06-30 12:45:00,288.70999,288.98001,288.62,288.92001,283418
2026-06-30 12:50:00,288.95999,289.14001,288.69,289.070007,351632
2026-06-30 12:55:00,289.070007,289.22,288.84,289.185,284084
2026-06-30 13:00:00,289.20001,289.66,289.14999,289.595,392067
2026-06-30 13:05:00,289.595,289.60001,289.040405,289.155,227280
2026-06-30 13:10:00,289.14001,289.45001,288.91501,289.0,316862
2026-06-30 13:15:00,288.98001,288.98001,288.32001,288.39999,254536
2026-06-30 13:20:00,288.39001,288.85999,288.34,288.79999,243109
2026-06-30 13:25:00,288.82001,288.92499,288.42041,288.42999,229837
2026-06-30 13:30:00,288.44501,288.57501,288.22501,288.40009,260793
2026-06-30 13:35:00,288.42001,288.54999,288.23499,288.35999,250089
2026-06-30 13:40:00,288.35999,288.56,288.29001,288.375,246955
2026-06-30 13:45:00,288.39001,288.51999,288.255,288.51999,221980
2026-06-30 13:50:00,288.51001,288.72,288.20999,288.35999,251869
2026-06-30 13:55:00,288.35999,288.54999,288.16,288.42001,219363
2026-06-30 14:00:00,288.42001,289.19,288.089996,288.80991,661493
2026-06-30 14:05:00,288.8125,288.92999,288.465,288.5426,303949
2026-06-30 14:10:00,288.54001,288.95001,288.54001,288.94,233418
2026-06-30 14:15:00,288.92999,288.95999,288.62,288.89999,216779
2026-06-30 14:20:00,288.94,289.0,288.745,288.76001,276892
2026-06-30 14:25:00,288.76501,288.82001,287.85501,288.089996,356469
2026-06-30 14:30:00,288.084991,288.17999,287.28,287.30499,381744
2026-06-30 14:35:00,287.31989,287.64001,287.14001,287.39001,406751
2026-06-30 14:40:00,287.39999,287.56989,287.29999,287.45499,224188
2026-06-30 14:45:00,287.4501,287.51001,287.085205,287.17999,234406
2026-06-30 14:50:00,287.17999,287.17999,286.73999,286.76999,297630
2026-06-30 14:55:00,286.76999,287.019989,286.67999,286.98499,299872
2026-06-30 15:00:00,286.97,287.57999,286.97,287.45001,392937
2026-06-30 15:05:00,287.44,287.56,287.059998,287.54501,354152
2026-06-30 15:10:00,287.54999,287.70999,287.39999,287.5506,428008
2026-06-30 15:15:00,287.56,287.67499,287.32001,287.36499,398231
2026-06-30 15:20:00,287.36499,287.98999,287.27499,287.69501,469801
2026-06-30 15:25:00,287.69,288.14001,287.38,287.53,456821
2026-06-30 15:30:00,287.53,287.98999,287.5,287.79001,440375
2026-06-30 15:35:00,287.785,287.965,287.60001,287.84,445272
2026-06-30 15:40:00,287.84,288.070007,287.79999,287.91,552565
2026-06-30 15:45:00,287.91,287.97,287.54001,287.57001,550936
2026-06-30 15:50:00,287.56,288.45001,287.42001,288.12,985998
2026-06-30 15:55:00,288.14001,289.91,288.14001,289.089996,5399769
2026-07-01 09:30:00,293.32999,293.39499,290.32999,292.13,2463629
2026-07-01 09:35:00,292.23001,292.82999,290.94,291.98001,780672
2026-07-01 09:40:00,291.965,292.26001,290.94199,291.12,695164
2026-07-01 09:45:00,291.0,291.10999,289.19501,290.375,659774
2026-07-01 09:50:00,290.38,291.28,290.0,291.27499,595263
2026-07-01 09:55:00,291.29001,292.6499,291.11499,292.5,688934
2026-07-01 10:00:00,292.51001,292.81,291.6344,292.035004,503450
2026-07-01 10:05:00,292.049011,293.16,292.019989,292.56,641046
2026-07-01 10:10:00,292.54501,293.19,292.14999,292.95001,342683
2026-07-01 10:15:00,292.94009,293.16,292.5,292.798,341917
2026-07-01 10:20:00,292.82501,292.88,291.94,292.52371,438940
2026-07-01 10:25:00,292.5,293.47989,292.040009,293.059998,603950
2026-07-01 10:30:00,293.059998,293.53,292.73001,293.12,486452
2026-07-01 10:35:00,293.125,293.64001,293.040009,293.57001,433550
2026-07-01 10:40:00,293.57999,294.84,293.45001,294.82999,639176
2026-07-01 10:45:00,294.82001,294.89001,294.0,294.89001,723923
2026-07-01 10:50:00,294.85001,295.01001,294.35999,294.48999,659702
2026-07-01 10:55:00,294.5,295.079987,294.14001,294.64001,816644
2026-07-01 11:00:00,294.63501,295.10001,294.42001,294.87,381904
2026-07-01 11:05:00,294.86169,295.35001,294.51999,294.70499,373548
2026-07-01 11:10:00,294.70001,295.039093,294.285,294.60999,344486
2026-07-01 11:15:00,294.60999,295.67999,294.51001,295.64499,547204
2026-07-01 11:20:00,295.66,296.52991,295.58011,296.35999,642790
2026-07-01 11:25:00,296.35999,296.59,295.51999,295.75171,716561
2026-07-01 11:30:00,295.78,295.79001,294.81,294.98999,435499
2026-07-01 11:35:00,294.98999,295.070007,294.72501,294.75009,333890
2026-07-01 11:40:00,294.76999,295.29001,294.73999,294.94,366180
2026-07-01 11:45:00,294.94,295.25,294.84,295.20001,291676
2026-07-01 11:50:00,295.22,295.42001,294.94641,295.19,278874
2026-07-01 11:55:00,295.17999,295.39999,294.63,295.23999,300443
2026-07-01 12:00:00,295.25,295.57999,295.040009,295.41501,220931
2026-07-01 12:05:00,295.41501,295.70999,295.27499,295.48001,292066
2026-07-01 12:10:00,295.48999,295.67001,295.13,295.285,228805
2026-07-01 12:15:00,295.26999,295.32001,294.92001,295.23001,220846
2026-07-01 12:20:00,295.23999,295.37,295.089996,295.26999,193329
2026-07-01 12:25:00,295.26999,295.465,294.92999,294.94501,242391
2026-07-01 12:30:00,294.94501,295.059906,294.27011,294.45001,300769
2026-07-01 12:35:00,294.4599,294.755,294.35999,294.535,265041
2026-07-01 12:40:00,294.535,294.70999,294.33011,294.60001,219409
2026-07-01 12:45:00,294.60001,294.69,294.39001,294.465,196233
2026-07-01 12:50:00,294.47,294.85001,294.37,294.55121,236954
2026-07-01 12:55:00,294.57999,294.57999,294.10999,294.23001,542805
2026-07-01 13:00:00,294.23001,294.35999,293.92001,294.095001,383246
2026-07-01 13:05:00,294.049988,294.60999,293.92001,294.32001,423921
2026-07-01 13:10:00,294.32501,294.45001,293.97501,294.44501,252299
2026-07-01 13:15:00,294.44501,294.44501,293.98999,293.98999,242069
2026-07-01 13:20:00,294.0,294.42001,293.94,294.155,248401
2026-07-01 13:25:00,294.155,294.25,293.97,294.089996,255278
2026-07-01 13:30:00,294.079987,294.23001,293.92001,294.215,235411
2026-07-01 13:35:00,294.22,294.60001,294.14001,294.32001,230022
2026-07-01 13:40:00,294.31989,294.42999,294.070007,294.10501,194366
2026-07-01 13:45:00,294.10999,294.33499,293.95999,294.22,243077
2026-07-01 13:50:00,294.20999,294.98999,294.035004,294.92999,355547
2026-07-01 13:55:00,294.93961,294.93961,293.10999,293.715,1413612
2026-07-01 14:00:00,293.73001,294.19,292.70001,293.58499,661993
2026-07-01 14:05:00,293.58499,294.84,292.92001,294.62,689056
2026-07-01 14:10:00,294.62,294.78,294.32001,294.54999,486218
2026-07-01 14:15:00,294.57501,295.10001,294.315,295.015015,373514
2026-07-01 14:20:00,295.01001,295.049988,294.50009,294.56,306581
2026-07-01 14:25:00,294.565,294.98001,294.51001,294.80499,312933
2026-07-01 14:30:00,294.81,295.20001,294.78,294.965,391459
2026-07-01 14:35:00,294.95999,295.22,294.72,294.88,316008
2026-07-01 14:40:00,294.88,295.53,294.88,295.37,450916
2026-07-01 14:45:00,295.35999,295.45999,295.14999,295.37,402069
2026-07-01 14:50:00,295.37,295.41,294.94,294.965,351315
2026-07-01 14:55:00,294.965,295.19,294.67999,294.72,278828
2026-07-01 15:00:00,294.73001,294.89001,294.57999,294.70001,263170
2026-07-01 15:05:00,294.72,294.94,294.4201,294.48999,407594
2026-07-01 15:10:00,294.48001,294.70001,294.42001,294.56,317692
2026-07-01 15:15:00,294.57001,294.83969,294.48999,294.59,300942
2026-07-01 15:20:00,294.59,294.63,294.1601,294.41,468327
2026-07-01 15:25:00,294.42999,294.47,294.0,294.015106,458424
2026-07-01 15:30:00,294.0,294.34,293.95001,294.029999,581497
2026-07-01 15:35:00,294.011993,294.35001,293.98999,294.25,397579
2026-07-01 15:40:00,294.24979,294.29999,294.0,294.20999,531344
2026-07-01 15:45:00,294.20001,294.37,293.76001,293.88,626202
2026-07-01 15:50:00,293.92001,295.54999,293.75009,294.67001,1181069
2026-07-01 15:55:00,294.686,295.31,294.029999,294.25,2913962
2026-07-02 09:30:00,294.084991,299.82001,293.67999,298.20001,2271367
2026-07-02 09:35:00,298.1813,300.16,298.12521,300.13,1174858
2026-07-02 09:40:00,300.13,301.14001,299.78,300.35001,1189676
2026-07-02 09:45:00,300.38,302.35461,300.38,302.17001,1165432
2026-07-02 09:50:00,302.14999,302.67999,301.47,301.755,2694861
2026-07-02 09:55:00,301.75,302.81,301.47009,302.81,878216
2026-07-02 10:00:00,302.85001,303.39001,302.6188,303.010315,1048957
2026-07-02 10:05:00,303.070007,303.57001,302.71011,303.535,900555
2026-07-02 10:10:00,303.54999,304.51999,303.10999,303.73001,1305867
2026-07-02 10:15:00,303.745,304.509,303.59,304.37,765521
2026-07-02 10:20:00,304.39499,305.10999,304.23999,304.5618,1274302
2026-07-02 10:25:00,304.60641,305.32001,304.129,305.049988,918664
2026-07-02 10:30:00,305.044006,306.6398,304.85001,305.70999,1300318
2026-07-02 10:35:00,305.72,305.85001,304.88,305.38,1036529
2026-07-02 10:40:00,305.39001,306.42001,305.3501,306.42001,882024
2026-07-02 10:45:00,306.42001,306.77499,305.51999,305.51999,1073473
2026-07-02 10:50:00,305.51999,306.5,305.30011,306.31,745128
2026-07-02 10:55:00,306.31,307.040009,306.31,306.87799,966849
2026-07-02 11:00:00,306.89999,307.82001,306.59,306.63501,1020017
2026-07-02 11:05:00,306.6301,306.89999,305.41,306.89999,1126022
2026-07-02 11:10:00,306.92001,307.79001,306.35001,307.41449,971580
2026-07-02 11:15:00,307.44,307.44,306.070099,307.040009,764922
2026-07-02 11:20:00,307.084991,307.31,306.67999,307.255,658790
2026-07-02 11:25:00,307.285,307.29001,305.28,305.41501,775704
2026-07-02 11:30:00,305.42001,306.79001,305.42001,306.23499,571668
2026-07-02 11:35:00,306.26999,306.89999,306.12,306.53,576470
2026-07-02 11:40:00,306.54999,306.60001,305.64999,305.67499,471829
2026-07-02 11:45:00,305.73001,306.12,305.32999,305.81,429660
2026-07-02 11:50:00,305.72009,306.089996,305.28,305.95001,412428
2026-07-02 11:55:00,305.9501,306.049988,305.51501,305.625,463021
2026-07-02 12:00:00,305.64001,306.71011,305.6105,306.69501,580437
2026-07-02 12:05:00,306.7099,306.94989,306.45999,306.64001,516624
2026-07-02 12:10:00,306.62,307.084991,306.54999,307.054413,547807
2026-07-02 12:15:00,307.045013,307.92001,306.95001,307.7301,1296443
2026-07-02 12:20:00,307.73999,307.91,307.35501,307.79999,572703
2026-07-02 12:25:00,307.81,308.45001,307.69,308.089996,761556
2026-07-02 12:30:00,308.089996,308.48001,307.73999,308.45001,561092
2026-07-02 12:35:00,308.42001,308.42999,307.92001,308.10999,661621
2026-07-02 12:40:00,308.13,308.17001,307.049988,307.45001,631397
2026-07-02 12:45:00,307.4501,307.87,306.67001,307.78,530506
2026-07-02 12:50:00,307.81,308.448,307.5,308.26501,652028
2026-07-02 12:55:00,308.26001,308.52991,307.95999,308.31,577975
2026-07-02 13:00:00,308.29999,308.45001,307.20499,307.37,774202
2026-07-02 13:05:00,307.35001,308.31,307.089996,308.28,419790
2026-07-02 13:10:00,308.29999,308.32001,307.87,308.20999,571015
2026-07-02 13:15:00,308.20999,308.31989,307.64999,307.75,585396
2026-07-02 13:20:00,307.78,307.9899,307.65121,307.85999,388306
2026-07-02 13:25:00,307.85999,307.91,307.26001,307.80499,301371
2026-07-02 13:30:00,307.80499,308.10001,307.47,307.54001,436023
2026-07-02 13:35:00,307.5,308.029999,307.42001,307.82999,436431
2026-07-02 13:40:00,307.82999,308.17999,307.64001,308.17999,433568
2026-07-02 13:45:00,308.17001,308.29999,307.48001,307.98001,634561
2026-07-02 13:50:00,307.98001,308.10001,307.67999,307.79999,567303
2026-07-02 13:55:00,307.72,307.82001,307.1001,307.32001,374797
2026-07-02 14:00:00,307.35001,307.7999,307.14499,307.64499,518178
2026-07-02 14:05:00,307.64499,307.82001,307.22,307.51001,429988
2026-07-02 14:10:00,307.505,307.70999,307.47,307.64001,388889
2026-07-02 14:15:00,307.65009,307.79999,306.8201,307.10049,555907
2026-07-02 14:20:00,307.10999,307.59,307.10001,307.25,375274
2026-07-02 14:25:00,307.245,307.53,307.11499,307.32999,399231
2026-07-02 14:30:00,307.34,307.89999,307.26999,307.53009,450404
2026-07-02 14:35:00,307.54999,307.78,307.32001,307.35999,290162
2026-07-02 14:40:00,307.32001,307.69,307.13,307.54999,831973
2026-07-02 14:45:00,307.54999,307.64999,307.35001,307.42001,235300
2026-07-02 14:50:00,307.42001,307.81,307.39001,307.57001,411267
2026-07-02 14:55:00,307.57001,308.10001,307.56,307.64499,471888
2026-07-02 15:00:00,307.64499,308.17999,307.38,307.42999,455018
2026-07-02 15:05:00,307.44,308.23001,307.44,308.089996,466342
2026-07-02 15:10:00,308.079987,308.31,307.64999,307.79001,410866
2026-07-02 15:15:00,307.78,308.049988,307.45001,307.92999,453979
2026-07-02 15:20:00,307.92999,307.97,307.47,307.625,485864
2026-07-02 15:25:00,307.63,307.64001,307.2601,307.42499,487512
2026-07-02 15:30:00,307.44,308.14999,307.315,308.045013,603764
2026-07-02 15:35:00,308.049988,308.51001,307.95999,308.26001,712773
2026-07-02 15:40:00,308.26001,308.45999,307.78,307.98001,824470
2026-07-02 15:45:00,307.98001,308.029999,307.20999,307.53,740810
2026-07-02 15:50:00,307.54001,308.54999,307.54001,308.040009,1515795
2026-07-02 15:55:00,308.040009,309.42001,308.040009,308.22,4263000
2026-07-06 09:30:00,307.67999,308.98001,307.01001,308.79999,2848644
2026-07-06 09:35:00,308.76999,309.48001,308.23499,309.43399,830577
2026-07-06 09:40:00,309.41321,309.91,308.089996,309.29001,617772
2026-07-06 09:45:00,309.34,309.95001,308.995,309.39999,611169
2026-07-06 09:50:00,309.42999,309.92001,308.39999,309.19,561861
2026-07-06 09:55:00,309.185,309.76999,308.84,309.63,600273
2026-07-06 10:00:00,309.63,309.64001,309.0,309.39001,462989
2026-07-06 10:05:00,309.37,309.76001,309.040009,309.57001,609922
2026-07-06 10:10:00,309.56,309.9899,308.87,309.85999,569883
2026-07-06 10:15:00,309.87,310.91,309.48001,310.8905,1117480
2026-07-06 10:20:00,310.89999,311.39001,310.53,311.089996,683625
2026-07-06 10:25:00,311.075012,311.75,311.049988,311.73001,698680
2026-07-06 10:30:00,311.70001,311.82001,311.21011,311.27011,662319
2026-07-06 10:35:00,311.23999,311.84,311.23999,311.67999,531010
2026-07-06 10:40:00,311.69,311.76999,311.25,311.39999,528230
2026-07-06 10:45:00,311.39999,312.32001,311.26001,312.015015,560258
2026-07-06 10:50:00,312.015015,312.41,312.0,312.25,435824
2026-07-06 10:55:00,312.22,312.57999,312.060394,312.52011,412586
2026-07-06 11:00:00,312.54999,312.94,312.5,312.79001,467498
2026-07-06 11:05:00,312.79001,312.91,312.45999,312.64001,395779
2026-07-06 11:10:00,312.64001,313.20999,312.55661,312.875,585875
2026-07-06 11:15:00,312.87,313.39001,312.66101,313.28,468645
2026-07-06 11:20:00,313.26999,313.5,312.94,312.97949,606217
2026-07-06 11:25:00,312.97501,313.60001,312.95001,313.57999,596087
2026-07-06 11:30:00,313.58499,313.70999,313.35999,313.62,413091
2026-07-06 11:35:00,313.62,314.059998,313.565,313.82999,503402
2026-07-06 11:40:00,313.89001,314.12,313.72,314.089996,411233
2026-07-06 11:45:00,314.10501,314.20001,313.4201,313.57999,428602
2026-07-06 11:50:00,313.57999,313.92001,313.44,313.45999,367306
2026-07-06 11:55:00,313.45999,313.70001,313.38,313.70001,328032
2026-07-06 12:00:00,313.64001,313.79001,313.31201,313.47,496113
2026-07-06 12:05:00,313.48001,313.48001,312.82001,312.85001,421369
2026-07-06 12:10:00,312.85999,313.14001,312.82001,313.01001,603653
2026-07-06 12:15:00,313.015015,313.019989,312.375,312.79199,362367
2026-07-06 12:20:00,312.7999,312.85001,312.38,312.61011,265730
2026-07-06 12:25:00,312.625,312.63,312.23001,312.25,216517
2026-07-06 12:30:00,312.245,312.54001,311.85001,312.35999,374800
2026-07-06 12:35:00,312.35999,312.35999,311.91,312.070007,3186745
2026-07-06 12:40:00,312.069611,312.75,312.019989,312.57001,595131
2026-07-06 12:45:00,312.56,312.98001,312.483,312.95999,293417
2026-07-06 12:50:00,312.95999,312.95999,312.44,312.64001,200221
2026-07-06 12:55:00,312.64001,312.79001,312.51999,312.54001,218325
2026-07-06 13:00:00,312.535,312.82001,312.4801,312.81989,240496
2026-07-06 13:05:00,312.79001,312.89999,312.32999,312.465,228504
2026-07-06 13:10:00,312.5,312.77499,312.45001,312.73059,189895
2026-07-06 13:15:00,312.7301,312.91,312.53,312.71011,222629
2026-07-06 13:20:00,312.73499,312.88,312.5,312.64999,351377
2026-07-06 13:25:00,312.62,312.715,312.36011,312.38,171233
2026-07-06 13:30:00,312.3876,312.57999,312.10999,312.34,211361
2026-07-06 13:35:00,312.3399,312.58499,312.26001,312.45499,322683
2026-07-06 13:40:00,312.44,312.53,312.29999,312.39999,165220
2026-07-06 13:45:00,312.39001,312.70001,312.29999,312.54001,198045
2026-07-06 13:50:00,312.55249,312.73499,312.35999,312.38,176482
2026-07-06 13:55:00,312.39001,312.73001,312.39001,312.72009,161992
2026-07-06 14:00:00,312.73001,312.82999,312.41,312.57999,222629
2026-07-06 14:05:00,312.60001,312.85999,312.56009,312.72501,201208
2026-07-06 14:10:00,312.72,312.95999,312.53,312.92001,175106
2026-07-06 14:15:00,312.92499,313.13989,312.84,312.98499,293082
2026-07-06 14:20:00,312.99011,313.045013,312.77499,313.0,173832
2026-07-06 14:25:00,313.01001,313.1499,312.82999,313.070007,199604
2026-07-06 14:30:00,313.079987,313.47501,313.075012,313.26999,305406
2026-07-06 14:35:00,313.26999,313.29001,312.91,312.965,249404
2026-07-06 14:40:00,312.97501,313.39001,312.97501,313.28,278884
2026-07-06 14:45:00,313.285,313.32001,313.045013,313.20001,271766
2026-07-06 14:50:00,313.20001,313.46881,313.17999,313.3801,227024
2026-07-06 14:55:00,313.38,313.39001,313.19,313.29001,204061
2026-07-06 15:00:00,313.29999,313.35001,312.98999,313.11499,282319
2026-07-06 15:05:00,313.11499,313.38989,313.11499,313.20999,300596
2026-07-06 15:10:00,313.215,313.39001,313.155,313.20001,359449
2026-07-06 15:15:00,313.20499,313.32999,313.019989,313.23001,320787
2026-07-06 15:20:00,313.20999,313.47,313.20001,313.3793,312821
2026-07-06 15:25:00,313.38,313.56,313.31,313.39999,339366
2026-07-06 15:30:00,313.41501,313.65991,313.35001,313.51001,368319
2026-07-06 15:35:00,313.52719,313.69989,313.44501,313.60001,272196
2026-07-06 15:40:00,313.595,313.73999,313.54001,313.61499,383488
2026-07-06 15:45:00,313.6109,313.69,312.89999,312.935,554322
2026-07-06 15:50:00,312.95001,313.079987,312.049988,312.625,838462
2026-07-06 15:55:00,312.64001,313.0,312.34,312.81,2571604
2026-07-07 09:30:00,315.29001,315.48001,312.79999,312.98001,2352152
2026-07-07 09:35:00,312.9201,313.45001,310.14999,311.26999,1071661
2026-07-07 09:40:00,311.24899,312.73999,311.20999,312.089996,614511
2026-07-07 09:45:00,312.070007,312.29001,311.51999,311.87,435468
2026-07-07 09:50:00,311.84,312.82999,311.5,311.51001,434799
2026-07-07 09:55:00,311.56,311.66,311.10001,311.57999,475055
2026-07-07 10:00:00,311.60001,311.73001,311.10999,311.5,473491
2026-07-07 10:05:00,311.52499,312.32999,311.45001,312.10999,497084
2026-07-07 10:10:00,312.12,312.5499,311.35001,311.87,844915
2026-07-07 10:15:00,311.86011,312.26501,311.51001,311.66,506917
2026-07-07 10:20:00,311.65991,312.10599,311.25,311.25,579816
2026-07-07 10:25:00,311.31,311.85001,311.20001,311.45001,659361
2026-07-07 10:30:00,311.45001,312.35999,310.98999,312.345,628770
2026-07-07 10:35:00,312.32999,313.38,312.20999,313.01001,783350
2026-07-07 10:40:00,313.01001,313.42999,312.23999,312.57001,763937
2026-07-07 10:45:00,312.57999,313.019989,312.17001,312.61151,336475
2026-07-07 10:50:00,312.60001,312.95001,312.01001,312.36499,305063
2026-07-07 10:55:00,312.35999,313.0,312.2619,312.78,261445
2026-07-07 11:00:00,312.80499,313.22,312.67499,313.061096,275281
2026-07-07 11:05:00,313.054993,313.88,313.01001,313.23999,397500
2026-07-07 11:10:00,313.23001,313.535,313.048004,313.32001,230324
2026-07-07 11:15:00,313.32501,313.64999,313.14011,313.60999,276329
2026-07-07 11:20:00,313.62,314.13,313.57999,313.73999,626336
2026-07-07 11:25:00,313.72559,314.10001,313.44,314.079987,319961
2026-07-07 11:30:00,314.10251,314.14999,313.73999,313.966,329713
2026-07-07 11:35:00,313.97,314.23999,313.89999,314.072205,879241
2026-07-07 11:40:00,314.079987,314.42001,314.019989,314.39001,371084
2026-07-07 11:45:00,314.37009,314.73001,314.32999,314.345,360673
2026-07-07 11:50:00,314.34,314.64001,314.25,314.26999,268909
2026-07-07 11:55:00,314.26501,314.505,314.14001,314.29001,1194702
2026-07-07 12:00:00,314.26999,314.36499,313.875,314.25,339947
2026-07-07 12:05:00,314.26001,314.26001,313.47,313.84,493108
2026-07-07 12:10:00,313.84,313.85001,313.12,313.12,321732
2026-07-07 12:15:00,313.12109,314.059998,312.67999,313.75,664195
2026-07-07 12:20:00,313.73999,313.81,313.0,313.32999,471824
2026-07-07 12:25:00,313.29999,313.45499,313.019989,313.17001,241312
2026-07-07 12:30:00,313.14001,313.255,312.78,312.98959,272992
2026-07-07 12:35:00,312.97931,313.84,312.91,313.81009,223753
2026-07-07 12:40:00,313.84,313.89999,313.54001,313.61499,230415
2026-07-07 12:45:00,313.63,313.89999,313.54001,313.85999,183185
2026-07-07 12:50:00,313.85999,313.92001,313.70999,313.73999,231581
2026-07-07 12:55:00,313.76001,314.01001,313.60999,313.60999,201522
2026-07-07 13:00:00,313.60999,313.62,313.10001,313.16,236571
2026-07-07 13:05:00,313.17999,313.23999,312.39999,312.42001,324378
2026-07-07 13:10:00,312.39999,312.89999,312.27011,312.80499,282592
2026-07-07 13:15:00,312.80499,313.0050049,312.70001,313.0050049,164945
2026-07-07 13:20:00,313.0050049,313.23999,312.76999,312.78,259550
2026-07-07 13:25:00,312.78009,313.019989,312.75,312.84,183035
2026-07-07 13:30:00,312.82001,313.0,312.67499,312.79999,199255
2026-07-07 13:35:00,312.79999,312.88,312.625,312.75,177420
2026-07-07 13:40:00,312.75,312.84,312.56,312.72,189885
2026-07-07 13:45:00,312.72,312.935,312.5401,312.56989,191499
2026-07-07 13:50:00,312.5444,312.745,312.16,312.26001,249268
2026-07-07 13:55:00,312.23999,312.28989,311.8699,311.88,154505
2026-07-07 14:00:00,311.85999,312.30499,311.85001,312.17001,258951
2026-07-07 14:05:00,312.17001,312.32999,312.0,312.054993,326321
2026-07-07 14:10:00,312.079987,312.42001,312.01001,312.16501,268625
2026-07-07 14:15:00,312.16501,312.29001,312.040009,312.10999,182538
2026-07-07 14:20:00,312.12,312.20999,311.92999,312.12,207398
2026-07-07 14:25:00,312.155,312.72,312.1001,312.6192,235693
2026-07-07 14:30:00,312.62,312.79001,312.31,312.595,248383
2026-07-07 14:35:00,312.59,312.85001,312.59,312.78,214020
2026-07-07 14:40:00,312.78,313.17999,312.5,313.035004,296219
2026-07-07 14:45:00,313.040009,313.079987,312.62,312.86011,282209
2026-07-07 14:50:00,312.87949,313.0,312.20001,312.20999,355719
2026-07-07 14:55:00,312.20001,312.59,311.85999,312.0050049,356872
2026-07-07 15:00:00,312.029999,312.50989,311.67499,312.26001,374529
2026-07-07 15:05:00,312.26999,312.26999,311.64001,311.70001,409518
2026-07-07 15:10:00,311.70001,311.88,311.56,311.87991,379191
2026-07-07 15:15:00,311.88,311.88,311.56,311.79001,358207
2026-07-07 15:20:00,311.79001,312.21289,311.78,312.20999,664923
2026-07-07 15:25:00,312.215,312.26999,311.82001,311.89499,320885
2026-07-07 15:30:00,311.89999,312.32001,311.89999,312.12,321296
2026-07-07 15:35:00,312.10501,312.29001,311.69009,311.89941,369003
2026-07-07 15:40:00,311.89999,312.01001,311.55499,311.72501,316691
2026-07-07 15:45:00,311.72501,312.078491,311.53,311.77991,356296
2026-07-07 15:50:00,311.78,311.94,311.32999,311.51001,529868
2026-07-07 15:55:00,311.51001,311.51999,310.32999,310.66,10069419
2026-07-08 09:30:00,311.66,312.0,308.87,309.01001,2324180
2026-07-08 09:35:00,309.040009,309.79999,308.079987,309.54501,682955
2026-07-08 09:40:00,309.5267,309.548,307.82001,307.9158,580471
2026-07-08 09:45:00,307.91501,308.70999,307.051514,308.51501,625744
2026-07-08 09:50:00,308.51001,309.64011,308.51001,309.10001,417024
2026-07-08 09:55:00,309.095001,309.3114,308.51999,309.13,367130
2026-07-08 10:00:00,309.14999,309.2251,308.42001,308.9725,358822
2026-07-08 10:05:00,308.995,309.91,308.98999,309.67999,424140
2026-07-08 10:10:00,309.67001,310.23999,309.57001,309.92499,471998
2026-07-08 10:15:00,309.91101,310.39999,309.82999,310.23999,350459
2026-07-08 10:20:00,310.22,310.64871,310.079987,310.59,446867
2026-07-08 10:25:00,310.57999,310.66,308.806,308.85001,552986
2026-07-08 10:30:00,308.82001,309.6499,308.77499,309.60159,391738
2026-07-08 10:35:00,309.63,310.35001,309.26001,310.23999,415511
2026-07-08 10:40:00,310.26001,310.46091,309.97009,310.26999,293405
2026-07-08 10:45:00,310.255,310.56,309.98999,310.049988,344689
2026-07-08 10:50:00,310.04541,310.10001,309.029999,309.35001,409412
2026-07-08 10:55:00,309.35999,309.46991,308.70001,308.88,325598
2026-07-08 11:00:00,308.88,309.42999,308.76001,309.32501,426401
2026-07-08 11:05:00,309.33691,310.26001,309.1875,309.505,346878
2026-07-08 11:10:00,309.51999,310.059998,309.51501,309.97,213312
2026-07-08 11:15:00,309.95001,310.405,309.89001,310.29501,253604
2026-07-08 11:20:00,310.29501,310.85001,310.25021,310.48001,369413
2026-07-08 11:25:00,310.48499,310.64001,309.89999,310.065002,359414
2026-07-08 11:30:00,310.079987,310.12,309.315,309.76999,315796
2026-07-08 11:35:00,309.76999,310.089996,309.48001,309.92999,275575
2026-07-08 11:40:00,309.91,310.059998,309.54999,309.56,189886
2026-07-08 11:45:00,309.55499,310.01001,309.45999,309.78,205023
2026-07-08 11:50:00,309.76999,309.98999,309.60001,309.89999,186776
2026-07-08 11:55:00,309.91,310.45001,309.89999,310.22501,350686
2026-07-08 12:00:00,310.25,310.92001,310.084991,310.75,308772
2026-07-08 12:05:00,310.745,311.215,310.48001,310.89001,285148
2026-07-08 12:10:00,310.89001,311.089996,310.4101,310.48499,287087
2026-07-08 12:15:00,310.48999,310.88501,310.48999,310.875,191435
2026-07-08 12:20:00,310.88,311.42001,310.8501,311.29999,462447
2026-07-08 12:25:00,311.315,311.79001,311.10001,311.60001,429843
2026-07-08 12:30:00,311.60001,311.73001,311.39001,311.505,207988
2026-07-08 12:35:00,311.5098,312.16,311.34,312.095703,498844
2026-07-08 12:40:00,312.089996,312.29001,311.92001,312.20999,392943
2026-07-08 12:45:00,312.20999,312.87,312.10999,312.78,388409
2026-07-08 12:50:00,312.78,313.23001,312.72,313.13,466794
2026-07-08 12:55:00,313.13641,313.34,313.059998,313.10001,317075
2026-07-08 13:00:00,313.12991,313.32999,313.01001,313.32999,414833
2026-07-08 13:05:00,313.32001,313.78,313.26001,313.73999,443278
2026-07-08 13:10:00,313.73999,314.079987,313.64999,313.89001,429415
2026-07-08 13:15:00,313.88501,313.95001,313.245,313.54001,383125
2026-07-08 13:20:00,313.52499,313.91,313.32001,313.79001,335002
2026-07-08 13:25:00,313.81,314.19,313.5419,314.1199,351343
2026-07-08 13:30:00,314.13,314.47,314.059998,314.070007,459531
2026-07-08 13:35:00,314.049988,314.48999,313.91,314.27011,465231
2026-07-08 13:40:00,314.27499,314.57001,313.95999,314.48499,421596
2026-07-08 13:45:00,314.48001,314.53,311.15039,314.29999,399509
2026-07-08 13:50:00,314.29501,314.63501,314.25,314.38,423460
2026-07-08 13:55:00,314.38501,314.51999,314.215,314.39001,425436
2026-07-08 14:00:00,314.39999,314.79999,314.20001,314.69501,395658
2026-07-08 14:05:00,314.70001,314.81,314.29999,314.69501,323364
2026-07-08 14:10:00,314.69,314.72,314.435,314.56,246190
2026-07-08 14:15:00,314.57001,314.60501,314.32999,314.51999,265838
2026-07-08 14:20:00,314.51999,314.625,314.39999,314.42001,207546
2026-07-08 14:25:00,314.39999,314.52499,314.10001,314.125,261438
2026-07-08 14:30:00,314.125,314.22,313.85001,314.079987,315625
2026-07-08 14:35:00,314.070404,314.20001,313.94,314.14001,269436
2026-07-08 14:40:00,314.12,314.14999,313.73999,313.95001,251956
2026-07-08 14:45:00,313.94,314.32999,313.88,314.20001,278018
2026-07-08 14:50:00,314.23001,314.39999,314.1601,314.22501,246647
2026-07-08 14:55:00,314.23001,314.255,313.84,313.89499,284092
2026-07-08 15:00:00,313.89499,314.13,313.79901,314.01001,260868
2026-07-08 15:05:00,314.0,314.1972,313.72,314.029999,317490
2026-07-08 15:10:00,314.029999,314.079987,313.78,313.935,356316
2026-07-08 15:15:00,313.92999,314.079987,313.64999,313.67499,322384
2026-07-08 15:20:00,313.685,314.0,313.67999,313.95499,273115
2026-07-08 15:25:00,313.95999,314.070007,313.79001,313.815,302000
2026-07-08 15:30:00,313.815,314.20001,313.815,313.95001,341646
2026-07-08 15:35:00,313.952,314.019989,313.81,313.84,360570
2026-07-08 15:40:00,313.82901,313.92001,313.10001,313.10001,460294
2026-07-08 15:45:00,313.10001,313.16989,312.75,313.029999,547480
2026-07-08 15:50:00,313.019989,313.57001,313.019989,313.37,644678
2026-07-08 15:55:00,313.36301,313.95999,313.26001,313.26001,2431840
2026-07-09 09:30:00,310.44501,311.0,308.16,310.73001,2212422
2026-07-09 09:35:00,310.71909,312.070007,310.6701,311.79001,828441
2026-07-09 09:40:00,311.81281,311.84,310.19009,310.88501,583583
2026-07-09 09:45:00,310.85001,311.60999,310.76999,311.505,386131
2026-07-09 09:50:00,311.47,311.85999,310.70001,311.72,642962
2026-07-09 09:55:00,311.72,311.76001,310.65009,310.97501,494931
2026-07-09 10:00:00,310.99451,311.33499,310.16,310.38,389407
2026-07-09 10:05:00,310.38,311.60001,310.23499,311.32999,384281
2026-07-09 10:10:00,311.32999,311.94501,310.76501,310.85501,564185
2026-07-09 10:15:00,310.85001,311.019897,310.39001,310.92499,325168
2026-07-09 10:20:00,310.92999,311.85001,310.905,311.56,403658
2026-07-09 10:25:00,311.54001,312.29999,311.53,312.089996,386147
2026-07-09 10:30:00,312.070007,312.35001,311.73999,312.14999,427054
2026-07-09 10:35:00,312.17599,312.36401,311.94,312.35001,317002
2026-07-09 10:40:00,312.36401,312.39999,311.51999,311.62,351000
2026-07-09 10:45:00,311.60999,311.72,310.7012,310.92999,317377
2026-07-09 10:50:00,310.92001,311.42001,310.8132,311.38,227803
2026-07-09 10:55:00,311.38,311.56,311.26831,311.56,197089
2026-07-09 11:00:00,311.54999,311.87,311.51001,311.76001,280195
2026-07-09 11:05:00,311.79999,312.10001,311.69,311.79001,232693
2026-07-09 11:10:00,311.82999,312.45999,311.79001,312.435,318355
2026-07-09 11:15:00,312.435,313.35999,312.42001,313.29999,368924
2026-07-09 11:20:00,313.32001,314.42001,313.29999,314.29999,639994
2026-07-09 11:25:00,314.26001,314.85001,314.16,314.45999,401478
2026-07-09 11:30:00,314.46991,314.89999,314.29999,314.48999,313322
2026-07-09 11:35:00,314.51001,315.019989,314.48001,314.91501,492687
2026-07-09 11:40:00,314.91501,314.95001,314.56,314.60501,233348
2026-07-09 11:45:00,314.62,314.92999,314.47,314.85501,306736
2026-07-09 11:50:00,314.85501,314.89001,314.57999,314.59,209782
2026-07-09 11:55:00,314.57999,314.9093,314.57999,314.76999,4877657
2026-07-09 12:00:00,314.79001,315.070007,314.60001,315.024994,388918
2026-07-09 12:05:00,315.040009,315.22,314.64999,314.77499,359823
2026-07-09 12:10:00,314.76999,314.82181,314.23999,314.50009,307000
2026-07-09 12:15:00,314.51999,314.59,314.28149,314.35999,227975
2026-07-09 12:20:00,314.36719,314.8598,314.10001,314.681,393979
2026-07-09 12:25:00,314.686,315.22,314.64001,314.89999,373812
2026-07-09 12:30:00,314.90009,315.42999,314.85999,315.10501,361102
2026-07-09 12:35:00,315.10501,315.5,315.079987,315.10001,333856
2026-07-09 12:40:00,315.12,315.21179,314.87,315.0,238787
2026-07-09 12:45:00,314.98999,315.12,314.53,314.60999,307064
2026-07-09 12:50:00,314.62,314.64001,314.42001,314.5,261873
2026-07-09 12:55:00,314.48999,314.76999,314.45001,314.70999,727468
2026-07-09 13:00:00,314.71051,315.029999,314.60751,314.95999,1053607
2026-07-09 13:05:00,314.97031,315.01001,314.82001,314.89999,179233
2026-07-09 13:10:00,314.905,315.17999,314.89001,315.049988,261071
2026-07-09 13:15:00,315.049988,315.079987,314.57999,314.69,316157
2026-07-09 13:20:00,314.69,314.70999,314.31,314.66,307038
2026-07-09 13:25:00,314.66501,314.79999,314.64001,314.72141,205538
2026-07-09 13:30:00,314.72351,314.79001,314.43011,314.70001,1513771
2026-07-09 13:35:00,314.70999,314.79001,314.54001,314.7807,193238
2026-07-09 13:40:00,314.79001,314.85999,314.70999,314.85999,162498
2026-07-09 13:45:00,314.85999,314.89001,314.60999,314.82999,171455
2026-07-09 13:50:00,314.82999,314.92001,314.75079,314.81,142583
2026-07-09 13:55:00,314.80499,315.079987,314.73001,314.98001,270672
2026-07-09 14:00:00,314.98999,315.31,314.85999,315.27881,314853
2026-07-09 14:05:00,315.26999,315.31989,314.62,314.63501,362540
2026-07-09 14:10:00,314.63501,314.91,314.48001,314.79501,251573
2026-07-09 14:15:00,314.78,314.905,314.67001,314.76501,209427
2026-07-09 14:20:00,314.76001,314.76999,314.51999,314.56,216016
2026-07-09 14:25:00,314.57501,314.64999,314.23499,314.56,279493
2026-07-09 14:30:00,314.56,314.70001,314.38,314.60999,328810
2026-07-09 14:35:00,314.60999,314.75,314.44,314.54001,208504
2026-07-09 14:40:00,314.54001,314.78,314.54001,314.69,233733
2026-07-09 14:45:00,314.67001,314.78,314.49011,314.63,205418
2026-07-09 14:50:00,314.6001,314.62,314.31009,314.32999,193442
2026-07-09 14:55:00,314.34991,314.53,314.25,314.44,220623
2026-07-09 15:00:00,314.44,314.82999,314.405,314.80499,192047
2026-07-09 15:05:00,314.79999,314.87,314.634,314.81,186995
2026-07-09 15:10:00,314.81,315.16,314.81,315.14999,264500
2026-07-09 15:15:00,315.14999,315.47,315.14001,315.37,327425
2026-07-09 15:20:00,315.35501,315.51001,315.31,315.39999,330355
2026-07-09 15:25:00,315.42001,315.69,315.39001,315.41,366429
2026-07-09 15:30:00,315.42001,315.85001,315.39001,315.72,348837
2026-07-09 15:35:00,315.73001,315.85001,315.45999,315.82501,395379
2026-07-09 15:40:00,315.82501,316.19,315.75,316.1395,481029
2026-07-09 15:45:00,316.12979,316.13,315.75,315.755,470714
2026-07-09 15:50:00,315.75,316.35001,315.67999,316.23001,684175
2026-07-09 15:55:00,316.20999,316.53,315.89999,316.17999,1775690
2026-07-10 09:30:00,314.72,315.54001,313.20999,315.48001,1807268
2026-07-10 09:35:00,315.42999,316.39001,315.20001,315.32999,767813
2026-07-10 09:40:00,315.32999,315.35999,314.32999,314.73499,502773
2026-07-10 09:45:00,314.755,314.81,314.20001,314.41,361842
2026-07-10 09:50:00,314.41501,314.63,314.019989,314.5,418944
2026-07-10 09:55:00,314.48999,315.17999,314.28,314.30051,435569
2026-07-10 10:00:00,314.29999,314.76001,313.82001,313.92001,367272
2026-07-10 10:05:00,313.91,314.23001,313.41501,313.48999,334164
2026-07-10 10:10:00,313.89499,313.965,313.535,313.76999,326769
2026-07-10 10:15:00,313.75,313.95001,313.20999,313.63,365698
2026-07-10 10:20:00,313.62,313.84,313.19,313.39999,283848
2026-07-10 10:25:00,313.39999,313.47,312.93011,313.13,374493
2026-07-10 10:30:00,313.12,313.39001,312.23001,312.76001,706040
2026-07-10 10:35:00,312.73999,312.91,312.17001,312.75,542749
2026-07-10 10:40:00,312.7301,313.01001,312.31,312.965,425924
2026-07-10 10:45:00,312.94,313.17999,312.64999,312.8201,345739
2026-07-10 10:50:00,312.85001,313.85001,312.82999,313.76001,376863
2026-07-10 10:55:00,313.73999,313.92999,313.56,313.76001,210156
2026-07-10 11:00:00,313.78,313.95001,313.22,313.2308,279703
2026-07-10 11:05:00,313.22,313.60989,313.0,313.53,271801
2026-07-10 11:10:00,313.55499,314.10999,313.39999,313.87,327513
2026-07-10 11:15:00,313.88501,314.10001,313.73999,313.82999,224965
2026-07-10 11:20:00,313.81,313.81879,313.44,313.62601,262698
2026-07-10 11:25:00,313.63,313.815,313.32001,313.34,196522
2026-07-10 11:30:00,313.35001,313.69501,313.26001,313.435,320933
2026-07-10 11:35:00,313.42001,313.81,313.29999,313.34,204153
2026-07-10 11:40:00,313.31,313.35999,312.9101,313.17999,258790
2026-07-10 11:45:00,313.17001,313.17001,312.32001,312.74011,244742
2026-07-10 11:50:00,312.755,313.19,312.62,313.059998,288285
2026-07-10 11:55:00,313.070007,313.47,313.01001,313.23001,177068
2026-07-10 12:00:00,313.25,313.54001,313.23001,313.36499,180892
2026-07-10 12:05:00,313.38,313.54001,313.059998,313.48999,150984
2026-07-10 12:10:00,313.48999,314.23999,313.42001,314.19159,278762
2026-07-10 12:15:00,314.23001,314.50989,314.10999,314.23499,201880
2026-07-10 12:20:00,314.23001,314.495,314.05011,314.405,128513
2026-07-10 12:25:00,314.41,314.51401,314.20999,314.35501,153247
2026-07-10 12:30:00,314.37,314.44,314.10001,314.13,182933
2026-07-10 12:35:00,314.13,314.29501,313.94,314.26999,138996
2026-07-10 12:40:00,314.25,314.64001,314.17499,314.46011,179037
2026-07-10 12:45:00,314.44009,314.64999,314.35999,314.44,120452
2026-07-10 12:50:00,314.44501,314.76501,314.44501,314.70999,150050
2026-07-10 12:55:00,314.72,314.78,314.62,314.70001,133789
2026-07-10 13:00:00,314.70999,314.73999,314.44,314.57001,130667
2026-07-10 13:05:00,314.58499,314.64999,314.44,314.47,126290
2026-07-10 13:10:00,314.47501,314.51001,314.1499,314.28,145684
2026-07-10 13:15:00,314.27499,314.51001,314.22,314.42001,129366
2026-07-10 13:20:00,314.44,314.51001,314.23499,314.31,151678
2026-07-10 13:25:00,314.31,314.54401,314.23001,314.45999,112626
2026-07-10 13:30:00,314.47,314.56,314.20001,314.25,124995
2026-07-10 13:35:00,314.29001,314.32999,314.10999,314.28989,125134
2026-07-10 13:40:00,314.35001,314.35999,313.89999,313.91,115932
2026-07-10 13:45:00,313.89029,314.19,313.89029,314.079987,110765
2026-07-10 13:50:00,314.10999,314.41,314.020111,314.2868,133124
2026-07-10 13:55:00,314.29999,314.48001,314.13,314.13,87767
2026-07-10 14:00:00,314.17001,314.25,314.01001,314.19,121232
2026-07-10 14:05:00,314.19,314.35999,314.019989,314.12,167368
2026-07-10 14:10:00,314.089996,314.37,314.070007,314.17001,126939
2026-07-10 14:15:00,314.16,314.49991,314.16,314.465,132299
2026-07-10 14:20:00,314.47519,314.59,314.32999,314.52011,129081
2026-07-10 14:25:00,314.56,314.89001,314.5303,314.84009,156113
2026-07-10 14:30:00,314.85999,314.98001,314.73999,314.81,173762
2026-07-10 14:35:00,314.79999,314.95001,314.78021,314.905,114357
2026-07-10 14:40:00,314.905,314.97,314.82501,314.95499,119973
2026-07-10 14:45:00,314.95569,315.3399,314.93149,315.17001,1009964
2026-07-10 14:50:00,315.17001,315.35001,315.019989,315.33871,149955
2026-07-10 14:55:00,315.345,315.39999,315.23999,315.26999,196910
2026-07-10 15:00:00,315.26999,315.60999,315.23001,315.54501,219465
2026-07-10 15:05:00,315.54501,315.69,315.35001,315.67499,214626
2026-07-10 15:10:00,315.67999,316.14001,315.66,316.019989,413212
2026-07-10 15:15:00,316.015015,316.37,315.92181,316.23001,329030
2026-07-10 15:20:00,316.23001,316.47989,316.14499,316.33499,325099
2026-07-10 15:25:00,316.32001,316.45999,316.14999,316.16,310031
2026-07-10 15:30:00,316.14999,316.64999,316.049988,316.60999,513908
2026-07-10 15:35:00,316.63,316.85999,316.54501,316.57001,477199
2026-07-10 15:40:00,316.57501,316.91,316.56241,316.66,536290
2026-07-10 15:45:00,316.66,316.76999,316.32001,316.4501,366829
2026-07-10 15:50:00,316.5,316.67001,315.96371,316.13,539738
2026-07-10 15:55:00,316.12,316.17999,314.78,315.3299,1555658
2026-07-13 09:30:00,317.015015,320.64999,316.45001,320.59641,3534800
2026-07-13 09:35:00,320.52011,322.44,320.44,321.64999,1767024
2026-07-13 09:40:00,321.625,322.49991,321.029999,322.42999,999539
2026-07-13 09:45:00,322.42999,322.97,321.76999,322.90549,984337
2026-07-13 09:50:00,322.92499,323.45001,321.28,321.51501,1133927
2026-07-13 09:55:00,321.5,321.57901,320.51001,321.215,647298
2026-07-13 10:00:00,321.22,321.79999,320.73999,321.48999,704544
2026-07-13 10:05:00,321.465,321.54999,320.75,321.19199,376894
2026-07-13 10:10:00,321.20001,321.5,320.63,321.19,445875
2026-07-13 10:15:00,321.17001,321.4599,319.32999,320.0,857068
2026-07-13 10:20:00,319.98001,320.56,319.5575,320.48001,403263
2026-07-13 10:25:00,320.48001,320.59,319.84,320.19,301905
2026-07-13 10:30:00,320.20999,320.29501,319.52011,319.63,333859
2026-07-13 10:35:00,319.63,319.75,318.63062,318.92001,428763
2026-07-13 10:40:00,318.92001,319.10001,318.63,318.76999,267755
2026-07-13 10:45:00,318.77759,319.56,318.70001,319.34909,354065
2026-07-13 10:50:00,319.35001,319.44,318.57999,318.70999,321202
2026-07-13 10:55:00,318.71011,319.10001,318.37,319.070007,449738
2026-07-13 11:00:00,319.14001,319.22,318.72,318.76999,308732
2026-07-13 11:05:00,318.75009,318.94879,318.14999,318.23999,301880
2026-07-13 11:10:00,318.22,318.48499,317.89001,317.92001,266774
2026-07-13 11:15:00,317.92001,318.16,317.59,317.8262,242274
2026-07-13 11:20:00,317.82999,318.0,317.66,317.69,249922
2026-07-13 11:25:00,317.67001,317.72,316.85001,317.22,469233
2026-07-13 11:30:00,317.22,317.23001,316.48999,316.56,347095
2026-07-13 11:35:00,316.56439,316.85999,316.089996,316.5777,428433
2026-07-13 11:40:00,316.54999,316.79999,316.29999,316.44,256646
2026-07-13 11:45:00,316.44101,317.10999,316.42001,316.87,342821
2026-07-13 11:50:00,316.85001,317.1225,316.61459,317.079987,281457
2026-07-13 11:55:00,317.089996,317.25,316.75,317.12,295550
2026-07-13 12:00:00,317.10001,317.49991,316.79999,317.26001,354457
2026-07-13 12:05:00,317.23001,317.89999,317.20999,317.7999,402485
2026-07-13 12:10:00,317.785,317.82999,317.39001,317.66501,260403
2026-07-13 12:15:00,317.66,317.70999,317.019989,317.33499,265834
2026-07-13 12:20:00,317.31,317.46991,317.14999,317.23001,204700
2026-07-13 12:25:00,317.22,317.55249,316.85999,317.37,288870
2026-07-13 12:30:00,317.34,317.44,316.93201,317.1601,200767
2026-07-13 12:35:00,317.16501,317.20001,316.35999,316.5,413461
2026-07-13 12:40:00,316.48001,316.89999,315.92999,316.48001,414931
2026-07-13 12:45:00,316.51501,316.82001,316.423,316.73999,171842
2026-07-13 12:50:00,316.76999,316.79999,316.17999,316.28989,166175
2026-07-13 12:55:00,316.29001,316.67001,316.20001,316.60001,182319
2026-07-13 13:00:00,316.66501,316.66501,316.10999,316.13,164053
2026-07-13 13:05:00,316.13,316.73001,316.12,316.41669,164797
2026-07-13 13:10:00,316.405,316.67001,316.019989,316.10001,203576
2026-07-13 13:15:00,316.095001,316.26251,315.78,316.12,217197
2026-07-13 13:20:00,316.125,316.48999,316.010101,316.185,472715
2026-07-13 13:25:00,316.20001,316.57999,316.075012,316.47,843431
2026-07-13 13:30:00,316.48999,316.67001,316.35999,316.44,237381
2026-07-13 13:35:00,316.44,316.44,316.12,316.30499,233621
2026-07-13 13:40:00,316.28,316.57999,316.19501,316.39999,176004
2026-07-13 13:45:00,316.39499,316.48001,316.20999,316.47,165124
2026-07-13 13:50:00,316.45999,316.75,316.2843,316.405,483354
2026-07-13 13:55:00,316.42001,316.5,316.029999,316.155,158850
2026-07-13 14:00:00,316.17001,316.53,316.059998,316.42499,189313
2026-07-13 14:05:00,316.41,316.54001,316.17001,316.25,167916
2026-07-13 14:10:00,316.26001,316.44,315.89999,316.32999,229024
2026-07-13 14:15:00,316.315,316.45999,316.14999,316.23999,115519
2026-07-13 14:20:00,316.255,316.38501,316.16,316.34399,147492
2026-07-13 14:25:00,316.34,316.845,316.32001,316.84052,308247
2026-07-13 14:30:00,316.85999,317.029999,316.64001,316.88,215926
2026-07-13 14:35:00,316.88049,317.049988,316.79999,316.91501,222082
2026-07-13 14:40:00,316.92999,317.10001,316.75,316.94,176700
2026-07-13 14:45:00,316.95999,317.1976,316.92999,317.040009,202489
2026-07-13 14:50:00,317.049988,317.32999,316.9501,317.22,215624
2026-07-13 14:55:00,317.20999,317.48001,316.97,317.16,1272175
2026-07-13 15:00:00,317.17999,317.51999,316.98999,317.14999,233804
2026-07-13 15:05:00,317.13501,317.38,316.84,317.10501,324693
2026-07-13 15:10:00,317.10501,317.13,316.17001,316.29001,393729
2026-07-13 15:15:00,316.26999,317.13,316.23999,316.77499,278256
2026-07-13 15:20:00,316.75,317.125,316.72,316.98001,296123
2026-07-13 15:25:00,316.95001,317.019989,316.23001,316.32999,296902
2026-07-13 15:30:00,316.32501,316.45999,316.049988,316.41,307887
2026-07-13 15:35:00,316.42001,316.79999,316.32001,316.58499,325519
2026-07-13 15:40:00,316.57001,316.91,316.5,316.85001,330559
2026-07-13 15:45:00,316.84,317.405,316.84,317.26999,523580
2026-07-13 15:50:00,317.28,317.59,316.70999,316.98999,853720
2026-07-13 15:55:00,316.97,317.73999,316.97,317.42001,1693081
2026-07-14 09:30:00,313.64001,314.13,311.91,313.31,2285873
2026-07-14 09:35:00,313.38989,315.685,312.70001,314.85001,711919
2026-07-14 09:40:00,314.81421,314.87,313.89001,314.79999,463347
2026-07-14 09:45:00,314.78,315.60001,313.35501,313.60001,509831
2026-07-14 09:50:00,313.59,314.45001,313.029999,314.28,444111
2026-07-14 09:55:00,314.2554,314.89001,314.22,314.48999,276187
2026-07-14 10:00:00,314.47,314.51999,313.070099,313.92001,392913
2026-07-14 10:05:00,313.94,314.29999,313.51001,314.14001,778432
2026-07-14 10:10:00,314.10999,314.29999,313.8201,314.26001,222524
2026-07-14 10:15:00,314.26001,314.29001,313.36499,313.98999,304573
2026-07-14 10:20:00,313.97,314.60001,313.91,314.17999,296463
2026-07-14 10:25:00,314.20999,315.14999,314.16501,314.94199,267841
2026-07-14 10:30:00,314.95001,316.19,314.70999,315.28,367932
2026-07-14 10:35:00,315.26501,316.049988,315.22,315.86499,1666925
2026-07-14 10:40:00,315.86499,316.14999,315.35001,315.48499,301440
2026-07-14 10:45:00,315.47,315.51999,314.34729,314.48999,286742
2026-07-14 10:50:00,314.45001,314.56,314.040009,314.54999,234623
2026-07-14 10:55:00,314.51001,315.20001,314.020508,314.9501,320925
2026-07-14 11:00:00,315.0,315.85001,314.79001,315.54001,314683
2026-07-14 11:05:00,315.53,316.049988,315.41,315.85999,215874
2026-07-14 11:10:00,315.87,315.98499,315.48599,315.66,199091
2026-07-14 11:15:00,315.66,315.7179,315.26999,315.67999,204423
2026-07-14 11:20:00,315.64499,315.84991,315.089996,315.271,249422
2026-07-14 11:25:00,315.29001,315.39911,314.26001,314.29999,248916
2026-07-14 11:30:00,314.32001,314.57999,314.13,314.23999,284054
2026-07-14 11:35:00,314.23001,314.76999,314.079987,314.76999,313181
2026-07-14 11:40:00,314.76001,314.87,313.79999,314.45001,284433
2026-07-14 11:45:00,314.44,314.51001,313.80029,313.87,224718
2026-07-14 11:50:00,313.92999,314.065002,313.62,313.65799,309715
2026-07-14 11:55:00,313.64001,313.66989,313.20001,313.26001,309661
2026-07-14 12:00:00,313.285,313.34,312.87,313.23001,374468
2026-07-14 12:05:00,313.20999,314.23999,313.14999,314.12,224470
2026-07-14 12:10:00,314.17001,314.19501,313.87051,314.065002,193919
2026-07-14 12:15:00,314.065002,314.079987,313.35001,313.38,186510
2026-07-14 12:20:00,313.35999,313.39999,313.0,313.12,258523
2026-07-14 12:25:00,313.16,313.48001,312.87,313.26999,205015
2026-07-14 12:30:00,313.26001,313.56,313.10999,313.26999,234361
2026-07-14 12:35:00,313.26999,313.60999,313.255,313.45001,184008
2026-07-14 12:40:00,313.48001,313.87,313.36029,313.47,220508
2026-07-14 12:45:00,313.48001,313.68991,313.39999,313.64001,205073
2026-07-14 12:50:00,313.62,313.88809,313.62,313.862,272804
2026-07-14 12:55:00,313.85999,314.22,313.52499,314.12,212275
2026-07-14 13:00:00,314.12,314.23001,313.89999,313.98499,245190
2026-07-14 13:05:00,313.97,314.70001,313.95001,314.6944,309288
2026-07-14 13:10:00,314.70999,314.97,314.42001,314.42999,235103
2026-07-14 13:15:00,314.44,314.94,314.25,314.91,210605
2026-07-14 13:20:00,314.91,314.95001,314.45999,314.69,156147
2026-07-14 13:25:00,314.73001,314.92999,314.70999,314.87,161173
2026-07-14 13:30:00,314.89001,314.98001,314.59,314.78,164792
2026-07-14 13:35:00,314.76999,314.95001,314.72,314.92999,147775
2026-07-14 13:40:00,314.935,315.019989,314.66,314.77499,176613
2026-07-14 13:45:00,314.77499,314.89001,314.62,314.89001,155251
2026-07-14 13:50:00,314.88989,315.0,314.75299,314.94,160907
2026-07-14 13:55:00,314.95001,315.23499,314.9101,315.17999,170683
2026-07-14 14:00:00,315.20001,315.27991,315.040009,315.26001,164847
2026-07-14 14:05:00,315.26999,315.39001,315.049988,315.271,150358
2026-07-14 14:10:00,315.27499,315.31,315.13,315.255,129310
2026-07-14 14:15:00,315.26001,315.26999,314.92001,314.97,159753
2026-07-14 14:20:00,314.97,315.19,314.85999,315.029999,159528
2026-07-14 14:25:00,315.059998,315.23999,314.88,315.22,189301
2026-07-14 14:30:00,315.22,315.44,315.089996,315.33499,160350
2026-07-14 14:35:00,315.32001,315.42499,315.079987,315.41,178452
2026-07-14 14:40:00,315.41989,315.44,314.82001,315.185,203916
2026-07-14 14:45:00,315.185,315.23001,315.040009,315.215,168302
2026-07-14 14:50:00,315.19,315.375,315.040009,315.285,162237
2026-07-14 14:55:00,315.29999,315.60001,315.20999,315.48001,189147
2026-07-14 15:00:00,315.48499,315.56,315.13,315.5,197591
2026-07-14 15:05:00,315.49841,315.87,315.44501,315.75,223230
2026-07-14 15:10:00,315.76001,315.76501,315.29999,315.41,226469
2026-07-14 15:15:00,315.41989,315.54001,315.32001,315.4202,145727
2026-07-14 15:20:00,315.42999,315.70999,315.35001,315.70999,164344
2026-07-14 15:25:00,315.70999,315.85001,315.64999,315.70499,205074
2026-07-14 15:30:00,315.70499,315.76001,315.22501,315.35001,330665
2026-07-14 15:35:00,315.35999,315.595,315.32001,315.435,265111
2026-07-14 15:40:00,315.42001,315.48999,315.14999,315.34979,254001
2026-07-14 15:45:00,315.34,315.45499,315.17001,315.34,296245
2026-07-14 15:50:00,315.34,315.70001,314.64999,314.67999,592908
2026-07-14 15:55:00,314.67001,315.19,314.59,314.92001,1277965
2026-07-15 09:30:00,317.625,319.12961,317.32001,318.87,1808779
2026-07-15 09:35:00,318.89001,319.79001,318.54001,318.89001,662462
2026-07-15 09:40:00,318.91959,321.19501,318.88,321.17001,983275
2026-07-15 09:45:00,321.17001,321.81799,319.92001,320.79501,1463585
2026-07-15 09:50:00,320.78,321.26682,320.079987,321.245,1113971
2026-07-15 09:55:00,321.23251,321.76901,320.32001,320.76501,668041
2026-07-15 10:00:00,320.79001,323.41,320.75,323.26001,1222108
2026-07-15 10:05:00,323.25,323.70999,322.76001,323.64999,1192494
2026-07-15 10:10:00,323.67001,324.98001,323.64999,324.78629,1217263
2026-07-15 10:15:00,324.78,325.67999,324.62,325.41,1614162
2026-07-15 10:20:00,325.40509,325.60999,324.25,324.63,978220
2026-07-15 10:25:00,324.69,325.41,324.45001,324.70999,626974
2026-07-15 10:30:00,324.70999,325.084991,324.32999,324.48001,726294
2026-07-15 10:35:00,324.47501,324.79001,323.54001,324.01001,529146
2026-07-15 10:40:00,324.019989,324.54999,323.89001,324.16,989908
2026-07-15 10:45:00,324.20001,325.089386,323.95999,325.059998,687429
2026-07-15 10:50:00,325.059998,325.39999,323.79001,324.060394,532398
2026-07-15 10:55:00,324.049988,324.57001,323.6814,323.91,361194
2026-07-15 11:00:00,323.91501,324.20001,323.54001,323.79999,349400
2026-07-15 11:05:00,323.82001,324.32001,323.54999,324.070007,311200
2026-07-15 11:10:00,324.070007,324.37,323.73001,324.23001,420405
2026-07-15 11:15:00,324.245,324.54999,324.019989,324.495,298223
2026-07-15 11:20:00,324.47,325.10001,324.14999,325.059998,405644
2026-07-15 11:25:00,325.019989,325.67999,324.87881,325.62,666773
2026-07-15 11:30:00,325.60999,326.37,325.16,326.040009,640282
2026-07-15 11:35:00,326.049988,327.10001,325.84,326.84,798464
2026-07-15 11:40:00,326.82999,327.079987,326.45001,326.57001,568183
2026-07-15 11:45:00,326.5751,327.019989,326.51001,326.64001,481880
2026-07-15 11:50:00,326.66,326.66,325.215,325.36011,546714
2026-07-15 11:55:00,325.3663,326.45999,325.3663,326.28,354926
2026-07-15 12:00:00,326.29001,326.88,326.25491,326.76999,440397
2026-07-15 12:05:00,326.78,326.97989,326.505,326.97,416496
2026-07-15 12:10:00,326.98001,327.35999,326.70001,327.17001,621876
2026-07-15 12:15:00,327.17499,327.70001,327.086914,327.22,811983
2026-07-15 12:20:00,327.20999,327.98999,327.10999,327.98001,667295
2026-07-15 12:25:00,327.98001,328.53,327.95001,328.17001,967228
2026-07-15 12:30:00,328.16,328.5,328.14001,328.22,744937
2026-07-15 12:35:00,328.22,328.26999,327.64999,327.88501,689066
2026-07-15 12:40:00,327.89999,328.32001,327.31,328.20001,672484
2026-07-15 12:45:00,328.17999,328.34,327.60001,327.92999,502546
2026-07-15 12:50:00,327.922,328.040009,327.35999,327.97699,465022
2026-07-15 12:55:00,327.98001,328.26999,327.79999,327.95999,413471
2026-07-15 13:00:00,327.97,328.059998,327.30499,327.98999,490986
2026-07-15 13:05:00,328.0,328.049896,326.76001,326.76001,423254
2026-07-15 13:10:00,326.78,327.049988,326.45999,326.64001,370805
2026-07-15 13:15:00,326.60001,326.98001,325.97,326.35001,471369
2026-07-15 13:20:00,326.37,326.89511,326.32999,326.7525,327615
2026-07-15 13:25:00,326.755,327.20999,326.63,326.98999,395747
2026-07-15 13:30:00,327.0,327.25,326.64999,327.10501,390585
2026-07-15 13:35:00,327.10001,327.89001,327.070007,327.84,400505
2026-07-15 13:40:00,327.82999,328.0,327.20001,327.22751,345392
2026-07-15 13:45:00,327.22501,327.60001,327.20999,327.56,298567
2026-07-15 13:50:00,327.565,327.66989,327.19,327.60999,291991
2026-07-15 13:55:00,327.60501,327.70999,327.38,327.58511,435855
2026-07-15 14:00:00,327.59,327.64001,327.30499,327.47501,271075
2026-07-15 14:05:00,327.45999,327.67001,327.16,327.32001,278615
2026-07-15 14:10:00,327.31,327.66849,327.29001,327.60999,301755
2026-07-15 14:15:00,327.60001,327.73499,327.20999,327.37,330134
2026-07-15 14:20:00,327.35999,327.56,327.28,327.43011,239149
2026-07-15 14:25:00,327.44,327.85999,327.32999,327.79001,312724
2026-07-15 14:30:00,327.78,327.82999,327.48999,327.64999,279560
2026-07-15 14:35:00,327.64001,327.78989,327.60001,327.67001,219977
2026-07-15 14:40:00,327.67499,327.85001,327.47,327.655,218326
2026-07-15 14:45:00,327.64001,327.70001,327.079987,327.14499,340478
2026-07-15 14:50:00,327.14499,327.38,327.089996,327.20499,253313
2026-07-15 14:55:00,327.20001,327.61499,327.14999,327.52499,396821
2026-07-15 15:00:00,327.54001,328.72,327.45999,328.59,689332
2026-07-15 15:05:00,328.57001,328.69989,328.17999,328.17999,524344
2026-07-15 15:10:00,328.17999,328.29999,327.69501,327.84,356845
2026-07-15 15:15:00,327.81,327.91,327.42001,327.76501,292858
2026-07-15 15:20:00,327.76999,327.9899,327.44,327.505,356522
2026-07-15 15:25:00,327.51001,327.54001,326.85999,327.059998,617941
2026-07-15 15:30:00,327.040009,327.070007,326.42001,326.42999,1968854
2026-07-15 15:35:00,326.42001,326.54999,326.10001,326.37,445310
2026-07-15 15:40:00,326.366,326.535,325.85999,325.87,488720
2026-07-15 15:45:00,325.89001,326.42999,325.72,326.22,802708
2026-07-15 15:50:00,326.23999,327.60001,326.23499,327.44501,1163088
2026-07-15 15:55:00,327.44501,328.35001,327.25,327.57001,3149442
2026-07-16 09:30:00,328.0050049,328.98001,326.79001,327.125,2884079
2026-07-16 09:35:00,327.14001,328.10001,327.01001,327.68991,876927
2026-07-16 09:40:00,327.64499,328.35001,327.23001,327.85501,925527
2026-07-16 09:45:00,327.88501,329.67999,327.79001,328.97501,1136081
2026-07-16 09:50:00,328.97501,330.31,328.75,329.85541,1701413
2026-07-16 09:55:00,329.85999,331.14999,329.76999,331.14999,1098532
2026-07-16 10:00:00,331.075012,331.41,329.6716,330.040985,1031589
2026-07-16 10:05:00,330.049988,330.39999,327.89001,328.2424,1023377
2026-07-16 10:10:00,328.26999,328.76999,327.89999,328.7522,606684
2026-07-16 10:15:00,328.6701,329.41,328.34,329.14001,459039
2026-07-16 10:20:00,329.17001,330.28,329.089996,330.23999,561728
2026-07-16 10:25:00,330.23001,330.60999,329.98001,330.37,497992
2026-07-16 10:30:00,330.34,331.029999,330.28,330.64001,591698
2026-07-16 10:35:00,330.625,331.0,330.4801,330.75,401010
2026-07-16 10:40:00,330.73999,331.14999,330.19,330.70499,578906
2026-07-16 10:45:00,330.69,330.89001,330.22,330.38,341791
2026-07-16 10:50:00,330.35001,330.51999,329.77499,330.23999,488343
2026-07-16 10:55:00,330.20999,330.47,330.0,330.20001,290125
2026-07-16 11:00:00,330.17999,330.57999,330.019989,330.13,248510
2026-07-16 11:05:00,330.125,330.31,329.35001,329.94501,485776
2026-07-16 11:10:00,329.94501,330.61499,329.91,330.47,346482
2026-07-16 11:15:00,330.465,330.5799,330.13809,330.42999,390193
2026-07-16 11:20:00,330.44501,330.64001,329.8205,330.48001,761510
2026-07-16 11:25:00,330.48499,330.92499,330.45001,330.63,363212
2026-07-16 11:30:00,330.65009,330.82501,330.48001,330.79999,291235
2026-07-16 11:35:00,330.80499,331.38,330.56,331.37,387673
2026-07-16 11:40:00,331.37,331.64999,331.049988,331.28922,397736
2026-07-16 11:45:00,331.30499,331.82999,331.23001,331.5,390440
2026-07-16 11:50:00,331.48999,332.28,331.48001,332.2399,532707
2026-07-16 11:55:00,332.22,332.2399,331.6001,331.85001,329135
2026-07-16 12:00:00,331.85501,331.95001,331.23001,331.63,479891
2026-07-16 12:05:00,331.64001,331.94501,331.24789,331.34,482375
2026-07-16 12:10:00,331.35001,331.42999,330.60001,330.69,398450
2026-07-16 12:15:00,330.64999,331.45999,330.47,331.10001,385482
2026-07-16 12:20:00,331.089996,331.38,330.85281,331.16,275077
2026-07-16 12:25:00,331.17499,331.38,327.5,331.14001,256670
2026-07-16 12:30:00,331.18991,331.39999,331.070007,331.17999,269177
2026-07-16 12:35:00,331.16,331.17999,330.13,330.26001,359290
2026-07-16 12:40:00,330.28,330.44,329.85999,330.43799,362211
2026-07-16 12:45:00,330.42001,331.345,330.32999,331.345,1465878
2026-07-16 12:50:00,331.35001,331.98999,331.32999,331.88,428014
2026-07-16 12:55:00,331.88,332.079987,331.65079,332.079987,446743
2026-07-16 13:00:00,332.054993,332.37,331.82999,332.32001,587203
2026-07-16 13:05:00,332.3299,332.3699,332.000091553,332.079987,247159
2026-07-16 13:10:00,332.058594,332.089996,331.72,331.77499,235747
2026-07-16 13:15:00,331.78,332.41,331.72,332.39999,289869
2026-07-16 13:20:00,332.36679,332.70001,332.17001,332.44,530135
2026-07-16 13:25:00,332.42999,332.97,332.35001,332.89999,468070
2026-07-16 13:30:00,332.89819,333.29999,332.565,333.22501,532412
2026-07-16 13:35:00,333.23001,333.54999,332.95499,332.98001,582692
2026-07-16 13:40:00,332.97501,333.040009,332.29001,332.35001,473642
2026-07-16 13:45:00,332.35999,332.51001,331.91,332.079987,411567
2026-07-16 13:50:00,332.079987,332.26001,331.76999,331.82001,820726
2026-07-16 13:55:00,331.82001,331.85001,330.785,331.63501,624863
2026-07-16 14:00:00,331.66,331.73999,331.10999,331.35999,364894
2026-07-16 14:05:00,331.35999,331.82001,331.17001,331.38,407680
2026-07-16 14:10:00,331.39999,331.69,329.56,329.63989,687332
2026-07-16 14:15:00,329.64001,331.14001,329.34,330.33511,872690
2026-07-16 14:20:00,330.35001,331.20001,330.32501,330.84061,463649
2026-07-16 14:25:00,330.88519,332.0,330.72,331.26001,556665
2026-07-16 14:30:00,331.23999,331.34,330.91,331.29001,376541
2026-07-16 14:35:00,331.29141,331.89999,331.17001,331.81,360064
2026-07-16 14:40:00,331.83499,332.089996,331.54999,331.95999,337787
2026-07-16 14:45:00,331.95499,332.48001,331.84,332.42001,380075
2026-07-16 14:50:00,332.42279,333.35999,332.42279,332.81,958424
2026-07-16 14:55:00,332.82001,333.51001,332.81589,333.17999,683076
2026-07-16 15:00:00,333.17999,333.51001,333.01001,333.495,564974
2026-07-16 15:05:00,333.48999,334.67999,333.47,334.029999,1126997
2026-07-16 15:10:00,334.029999,334.35001,333.85999,334.19501,702745
2026-07-16 15:15:00,334.19,334.345,333.85999,334.29001,754950
2026-07-16 15:20:00,334.2887,334.35999,333.76001,334.14001,820074
2026-07-16 15:25:00,334.13501,334.20001,332.97,332.98999,909603
2026-07-16 15:30:00,333.0,333.12,332.57999,332.59821,1009864
2026-07-16 15:35:00,332.60001,332.95999,332.48001,332.67001,676326
2026-07-16 15:40:00,332.67001,332.79001,332.10001,332.28,669006
2026-07-16 15:45:00,332.28,332.29001,331.0,331.19189,1129030
2026-07-16 15:50:00,331.20999,332.95349,330.76999,332.64001,1585300
2026-07-16 15:55:00,332.60999,333.70001,332.57999,333.26999,3134479
2026-07-17 09:30:00,332.54001,333.51001,331.29501,333.44,6984524
2026-07-17 09:35:00,333.47,334.98001,332.97,334.95999,1517171
2026-07-17 09:40:00,334.88,334.9487,333.42001,333.84,1003069
2026-07-17 09:45:00,333.89011,334.39999,332.76999,333.070007,1016950
2026-07-17 09:50:00,333.070007,333.13501,331.14999,332.2149,934920
2026-07-17 09:55:00,332.245,332.53,330.89001,330.98001,857055
2026-07-17 10:00:00,330.94,330.98999,329.34,330.26001,957018
2026-07-17 10:05:00,330.38309,330.58499,329.52499,329.685,714743
2026-07-17 10:10:00,329.70999,330.59,329.00061035,330.5087,852612
2026-07-17 10:15:00,330.42999,330.76801,329.84,330.54001,623199
2026-07-17 10:20:00,330.56812,331.0,330.045013,330.814,625062
2026-07-17 10:25:00,330.79999,331.85001,330.48001,331.84,458231
2026-07-17 10:30:00,331.88,333.97,331.85001,333.935,1037739
2026-07-17 10:35:00,333.935,333.95999,332.125,332.39999,762660
2026-07-17 10:40:00,332.39999,333.23001,332.35001,333.070007,546423
2026-07-17 10:45:00,333.070007,333.59,332.3801,332.59,566093
2026-07-17 10:50:00,332.60999,332.85999,331.91,332.81,480601
2026-07-17 10:55:00,332.76001,333.32001,332.64999,333.17001,379871
2026-07-17 11:00:00,333.17999,333.23999,332.51001,332.92001,298326
2026-07-17 11:05:00,332.92001,333.43991,332.79999,333.31,442379
2026-07-17 11:10:00,333.315,333.98999,333.14999,333.80499,591546
2026-07-17 11:15:00,333.76999,333.95001,333.522,333.73001,344556
2026-07-17 11:20:00,333.73999,334.17999,333.37,333.54501,555393
2026-07-17 11:25:00,333.54999,334.76669,333.53,334.655,528202
2026-07-17 11:30:00,334.66989,334.8699,333.90009,334.01001,540111
2026-07-17 11:35:00,334.000091553,334.075409,333.38699,333.69,495314
2026-07-17 11:40:00,333.73999,334.0,333.20999,333.70999,360940
2026-07-17 11:45:00,333.73999,333.73999,332.85001,333.57001,510209
2026-07-17 11:50:00,333.57999,333.57999,332.80011,333.10999,399597
2026-07-17 11:55:00,333.10999,333.125,332.019989,332.35001,606126
2026-07-17 12:00:00,332.37,332.375,330.66,330.82999,1002006
2026-07-17 12:05:00,330.8183,330.97,330.0,330.57001,713894
2026-07-17 12:10:00,330.54999,330.73001,330.040009,330.30499,442381
2026-07-17 12:15:00,330.34,331.070007,330.31,330.78,438746
2026-07-17 12:20:00,330.77499,331.059998,330.39001,330.56,353713
2026-07-17 12:25:00,330.54501,331.92499,330.44009,331.745,389865
2026-07-17 12:30:00,331.72,332.26001,331.48001,331.97,362383
2026-07-17 12:35:00,331.98001,332.13,331.60001,332.13,385935
2026-07-17 12:40:00,332.12,332.37,331.87,332.255,180109
2026-07-17 12:45:00,332.26501,332.27499,331.79001,331.79251,336675
2026-07-17 12:50:00,331.81,333.5,331.62009,332.089996,1216990
2026-07-17 12:55:00,332.049988,332.23001,330.45001,330.5101,374117
2026-07-17 13:00:00,330.51001,330.79999,329.89001,330.019989,601496
2026-07-17 13:05:00,330.019989,330.39001,329.70001,330.29001,432021
2026-07-17 13:10:00,330.26999,330.32001,329.42001,329.48499,730660
2026-07-17 13:15:00,329.48499,330.20999,329.28,329.63,624597
2026-07-17 13:20:00,329.59891,329.655,329.16,329.35999,382183
2026-07-17 13:25:00,329.35999,330.85001,329.35999,330.54001,647183
2026-07-17 13:30:00,330.5108,330.73999,330.14001,330.32501,239313
2026-07-17 13:35:00,330.32999,330.72519,330.079987,330.45999,286094
2026-07-17 13:40:00,330.45001,330.92999,330.29001,330.8801,317952
2026-07-17 13:45:00,330.89001,330.98499,330.60999,330.79501,260848
2026-07-17 13:50:00,330.79501,330.85001,330.45999,330.81,247238
2026-07-17 13:55:00,330.82001,331.92001,330.79999,331.78,655136
2026-07-17 14:00:00,331.79501,332.17999,331.54999,332.035004,447911
2026-07-17 14:05:00,332.040009,332.23001,331.85001,331.91501,397507
2026-07-17 14:10:00,331.91,333.23001,331.85001,332.60501,904997
2026-07-17 14:15:00,332.60501,332.60501,332.059998,332.35001,393522
2026-07-17 14:20:00,332.35001,332.62,332.32001,332.51999,219952
2026-07-17 14:25:00,332.54001,332.71899,332.228,332.375,207268
2026-07-17 14:30:00,332.375,332.38,332.10999,332.23001,200689
2026-07-17 14:35:00,332.23001,332.59,332.16,332.47009,471094
2026-07-17 14:40:00,332.47501,333.70999,332.38,333.59,787243
2026-07-17 14:45:00,333.60001,334.67001,333.5,334.5,795068
2026-07-17 14:50:00,334.49109,334.51001,333.92001,334.26001,449889
2026-07-17 14:55:00,334.26999,334.29999,333.87,333.92499,293611
2026-07-17 15:00:00,333.92001,334.23001,333.78,333.97501,344030
2026-07-17 15:05:00,333.97501,334.625,333.8251,334.045013,557679
2026-07-17 15:10:00,334.070007,334.38,333.62,333.64001,577778
2026-07-17 15:15:00,333.63,333.95499,333.2601,333.35001,528633
2026-07-17 15:20:00,333.35999,333.54999,332.76001,332.76999,474387
2026-07-17 15:25:00,332.76999,332.91,332.35999,332.82999,555598
2026-07-17 15:30:00,332.78,332.88,332.26001,332.70999,699449
2026-07-17 15:35:00,332.73001,333.44,332.3201,333.42999,478616
2026-07-17 15:40:00,333.42999,334.089996,332.92999,333.92001,902217
2026-07-17 15:45:00,333.89999,334.17999,333.68011,333.92001,736582
2026-07-17 15:50:00,333.905,334.38,333.67001,334.17499,932977
2026-07-17 15:55:00,334.14999,334.23999,333.46051,333.73999,2619830
2026-07-20 09:30:00,333.024994,333.70999,331.13,331.91,2985899
2026-07-20 09:35:00,331.92001,331.93399,330.77499,331.054993,873027
2026-07-20 09:40:00,331.079987,331.079987,330.019989,330.57999,701048
2026-07-20 09:45:00,330.63989,330.87,330.059998,330.30499,615465
2026-07-20 09:50:00,330.29999,330.30011,328.64999,328.70029,807338
2026-07-20 09:55:00,328.69,329.089996,328.39999,328.89999,649707
2026-07-20 10:00:00,328.88,329.0,328.20001,328.41,564003
2026-07-20 10:05:00,328.42499,328.76001,328.17001,328.26501,488894
2026-07-20 10:10:00,328.29001,328.39999,327.12,327.17001,1003496
2026-07-20 10:15:00,327.16,327.3399,326.42999,327.11499,960510
2026-07-20 10:20:00,327.13501,327.39001,326.51001,326.52499,791423
2026-07-20 10:25:00,326.52499,327.14999,326.10999,327.019989,737558
2026-07-20 10:30:00,327.019989,327.25,326.59,327.12,463769
2026-07-20 10:35:00,327.14001,327.54999,326.7305,326.935,504086
2026-07-20 10:40:00,326.95001,328.019989,326.875,327.965,594989
2026-07-20 10:45:00,327.95001,327.95999,327.059998,327.32001,476322
2026-07-20 10:50:00,327.31,327.31,326.25,326.45999,385274
2026-07-20 10:55:00,326.45499,326.62,326.019989,326.42999,497563
2026-07-20 11:00:00,326.45999,327.015015,326.34,326.82001,491702
2026-07-20 11:05:00,326.82001,326.88519,326.56,326.73001,361011
2026-07-20 11:10:00,326.74991,326.74991,324.82101,324.95999,1153418
2026-07-20 11:15:00,324.95999,325.35001,324.66,324.7305,575826
2026-07-20 11:20:00,324.73999,325.07901,324.42001,324.92001,438768
2026-07-20 11:25:00,324.92001,325.20499,324.73001,324.89999,1370199
2026-07-20 11:30:00,324.94,325.98001,324.905,325.82999,395788
2026-07-20 11:35:00,325.82501,326.075012,325.69,326.019989,264728
2026-07-20 11:40:00,326.01001,326.51999,325.642,326.015015,581251
2026-07-20 11:45:00,326.015015,326.027313,325.22,325.31,467452
2026-07-20 11:50:00,325.34,326.35999,325.13,326.28049,390985
2026-07-20 11:55:00,326.29001,326.54501,325.82999,325.97501,302912
2026-07-20 12:00:00,325.98001,326.040009,325.26999,325.7402,319337
2026-07-20 12:05:00,325.745,325.79999,325.17001,325.38,358259
2026-07-20 12:10:00,325.38,325.51999,324.94,325.22009,475022
2026-07-20 12:15:00,325.22,325.60001,324.87,325.41,492122
2026-07-20 12:20:00,325.39999,325.45001,324.995,325.37,304336
2026-07-20 12:25:00,325.35999,325.67001,324.97,325.0,348901
2026-07-20 12:30:00,325.019989,325.089996,324.019989,324.049988,609218
2026-07-20 12:35:00,324.045013,324.64499,323.92001,324.57001,561530
2026-07-20 12:40:00,324.57999,324.64999,323.70001,324.41501,568803
2026-07-20 12:45:00,324.39499,324.85001,324.29001,324.81,293686
2026-07-20 12:50:00,324.80499,324.85001,324.01001,324.28,325557
2026-07-20 12:55:00,324.26001,324.70731,324.095001,324.245,211357
2026-07-20 13:00:00,324.26001,324.54501,324.12,324.23001,287688
2026-07-20 13:05:00,324.2301,325.089996,323.92001,325.079987,388000
2026-07-20 13:10:00,325.079987,325.14499,324.67999,324.79999,215560
2026-07-20 13:15:00,324.79001,324.96161,324.56,324.89499,216275
2026-07-20 13:20:00,324.88,324.89999,324.495,324.57999,239096
2026-07-20 13:25:00,324.57001,324.95499,324.39999,324.72,209755
2026-07-20 13:30:00,324.73001,324.77499,324.47,324.70001,230554
2026-07-20 13:35:00,324.73499,325.065002,324.60001,324.82999,311316
2026-07-20 13:40:00,324.84,324.92999,324.20001,324.37,1250867
2026-07-20 13:45:00,324.35001,325.099915,324.29999,324.85501,300683
2026-07-20 13:50:00,324.85361,325.38321,324.57001,324.73001,239283
2026-07-20 13:55:00,324.73001,324.95001,324.39999,324.78,224735
2026-07-20 14:00:00,324.78,325.23499,324.655,325.05481,396071
2026-07-20 14:05:00,325.049988,325.42999,324.95999,325.42499,377401
2026-07-20 14:10:00,325.44,325.79999,325.32999,325.47,375668
2026-07-20 14:15:00,325.45999,326.31,325.39999,326.31,297493
2026-07-20 14:20:00,326.30499,326.4599,325.91,325.9501,463554
2026-07-20 14:25:00,325.95999,326.48999,325.86499,325.94,577219
2026-07-20 14:30:00,325.98001,326.57501,325.70001,326.47501,444327
2026-07-20 14:35:00,326.48001,326.91,326.17999,326.25,729318
2026-07-20 14:40:00,326.26501,326.29001,325.31,325.47,402501
2026-07-20 14:45:00,325.47,326.72501,325.45001,326.59,438806
2026-07-20 14:50:00,326.60999,327.37,326.5,327.19,478614
2026-07-20 14:55:00,327.185,327.23001,326.75,326.75,296421
2026-07-20 15:00:00,326.75,327.51999,326.75,327.48001,458271
2026-07-20 15:05:00,327.48999,328.29001,327.18011,328.12009,581826
2026-07-20 15:10:00,328.13,328.55499,328.063995,328.19,438706
2026-07-20 15:15:00,328.17999,328.54001,327.76999,328.23499,676493
2026-07-20 15:20:00,328.22,328.5499,328.029999,328.5499,374637
2026-07-20 15:25:00,328.54001,329.079987,328.48001,329.019989,441615
2026-07-20 15:30:00,329.01001,329.76001,328.91,329.29999,647555
2026-07-20 15:35:00,329.2908,329.35001,328.44,328.84,990456
2026-07-20 15:40:00,328.82999,328.92999,327.97,328.040009,431641
2026-07-20 15:45:00,328.049988,328.3299,327.79999,328.2984,373127
2026-07-20 15:50:00,328.28,328.28,326.82001,327.059998,750035
2026-07-20 15:55:00,327.029999,327.040009,326.32001,326.70001,2335684
2026-07-21 09:30:00,323.345,325.51001,322.38141,325.0672,2662418
2026-07-21 09:35:00,325.059998,325.215,323.78,324.78,1028164
2026-07-21 09:40:00,324.73001,325.60999,323.86011,324.82001,787077
2026-07-21 09:45:00,324.82001,324.89001,322.58499,323.10501,814533
2026-07-21 09:50:00,323.10071,323.15399,322.29001,322.29861,675014
2026-07-21 09:55:00,322.31989,324.6026,322.2204,324.10999,632697
2026-07-21 10:00:00,324.12,324.8399,323.97,324.64499,701888
2026-07-21 10:05:00,324.66501,325.67001,324.30099,325.45999,526380
2026-07-21 10:10:00,325.45001,326.16,325.20001,326.069885,629831
2026-07-21 10:15:00,326.070007,326.29999,325.67999,326.0,424235
2026-07-21 10:20:00,325.97,326.42001,325.72,326.084991,428220
2026-07-21 10:25:00,326.13,327.029999,326.10999,326.73999,387364
2026-07-21 10:30:00,326.72,326.82999,326.23001,326.63,304259
2026-07-21 10:35:00,326.61499,326.76001,326.33011,326.73001,251855
2026-07-21 10:40:00,326.70999,327.33499,326.57999,327.29999,382377
2026-07-21 10:45:00,327.29001,327.45999,326.78,326.95999,312355
2026-07-21 10:50:00,326.94501,327.10999,326.7605,326.92499,214201
2026-07-21 10:55:00,326.92499,327.20999,326.70999,327.089996,262514
2026-07-21 11:00:00,327.10001,327.22501,326.29999,326.505,275701
2026-07-21 11:05:00,326.48999,326.57501,326.20999,326.54501,256048
2026-07-21 11:10:00,326.56,327.98001,326.51999,327.45001,693280
2026-07-21 11:15:00,327.5495,327.78,327.32001,327.39001,285516
2026-07-21 11:20:00,327.38,328.22,327.215,328.19,427349
2026-07-21 11:25:00,328.155,328.45001,327.98999,328.38501,339815
2026-07-21 11:30:00,328.38,328.57999,327.755,327.97,378877
2026-07-21 11:35:00,327.97,328.14999,327.76001,327.92999,260284
2026-07-21 11:40:00,327.93991,328.70001,327.81,328.47501,332237
2026-07-21 11:45:00,328.46011,328.98001,328.41,328.76001,303619
2026-07-21 11:50:00,328.73001,328.95999,328.57001,328.85001,206639
2026-07-21 11:55:00,328.85001,328.97,328.0,328.77499,276293
2026-07-21 12:00:00,328.73999,328.94,328.56009,328.75989,298633
2026-07-21 12:05:00,328.73999,329.20999,328.67001,329.17999,204885
2026-07-21 12:10:00,329.19501,329.60001,328.98999,329.57001,297106
2026-07-21 12:15:00,329.565,329.60001,329.10001,329.17001,407849
2026-07-21 12:20:00,329.17999,329.36499,328.67001,328.77991,295933
2026-07-21 12:25:00,328.79999,328.98001,328.56,328.62,254498
2026-07-21 12:30:00,328.621,328.82999,328.28009,328.715,283385
2026-07-21 12:35:00,328.715,328.76999,328.22,328.25,283158
2026-07-21 12:40:00,328.23999,328.32001,327.57001,327.95001,318529
2026-07-21 12:45:00,327.95511,328.0,327.45999,327.685,304754
2026-07-21 12:50:00,327.67999,327.76999,327.41501,327.62,331924
2026-07-21 12:55:00,327.64001,328.5,327.64001,328.43011,357354
2026-07-21 13:00:00,328.435,328.45999,327.70999,327.81,379283
2026-07-21 13:05:00,327.81,328.76001,327.81,328.60989,346215
2026-07-21 13:10:00,328.58499,328.75989,328.02121,328.23001,266092
2026-07-21 13:15:00,328.22,328.35999,327.76001,328.024994,371589
2026-07-21 13:20:00,328.019989,328.4899,327.9101,328.16,381750
2026-07-21 13:25:00,328.16501,328.19,327.0,327.070007,221117
2026-07-21 13:30:00,327.070007,327.29001,326.8201,327.029999,279202
2026-07-21 13:35:00,327.000091553,327.31,326.94,327.029999,1141211
2026-07-21 13:40:00,327.049988,327.12,326.72,326.89999,192031
2026-07-21 13:45:00,326.92001,327.20999,326.91501,327.20001,210157
2026-07-21 13:50:00,327.20001,327.76999,327.20001,327.69,272215
2026-07-21 13:55:00,327.70001,327.87,327.495,327.67001,197341
2026-07-21 14:00:00,327.67999,327.79001,327.42999,327.48001,207797
2026-07-21 14:05:00,327.48999,327.57999,327.20999,327.29501,190217
2026-07-21 14:10:00,327.29501,327.60901,327.22009,327.5,186401
2026-07-21 14:15:00,327.51001,327.62,327.33011,327.57001,173071
2026-07-21 14:20:00,327.57501,327.57501,327.10001,327.15009,214643
2026-07-21 14:25:00,327.15009,327.26001,326.94,327.23999,334204
2026-07-21 14:30:00,327.25,327.62,327.17999,327.48999,198518
2026-07-21 14:35:00,327.51501,327.78,327.37,327.76999,203446
2026-07-21 14:40:00,327.76999,328.34,327.67999,328.20999,267182
2026-07-21 14:45:00,328.20999,328.28,327.98001,328.070007,271364
2026-07-21 14:50:00,328.059998,328.33499,328.029999,328.29999,186201
2026-07-21 14:55:00,328.32001,328.39001,328.089996,328.16,195357
2026-07-21 15:00:00,328.16,328.26001,327.95999,328.1199,188132
2026-07-21 15:05:00,328.10999,328.30499,328.01001,328.25061,175667
2026-07-21 15:10:00,328.25,328.48999,327.60001,327.70499,410227
2026-07-21 15:15:00,327.70499,328.10001,327.67999,328.0,331581
2026-07-21 15:20:00,328.0,328.01001,327.51001,327.54001,263413
2026-07-21 15:25:00,327.53009,328.0050049,327.51999,327.935,300318
2026-07-21 15:30:00,327.92999,328.10001,327.57001,327.73499,440653
2026-07-21 15:35:00,327.72,327.92999,327.70999,327.8103,251597
2026-07-21 15:40:00,327.815,327.94501,327.60999,327.76999,353059
2026-07-21 15:45:00,327.73999,327.89001,327.405,327.78,374711
2026-07-21 15:50:00,327.76999,328.10001,327.14001,327.82001,712790
2026-07-21 15:55:00,327.82001,328.040009,327.54001,327.59,1554912
2026-07-22 09:30:00,327.875,328.99951,326.22,326.82001,1762636
2026-07-22 09:35:00,326.82001,328.3699,325.69,327.37,510808
2026-07-22 09:40:00,327.42068,327.70001,326.070007,326.20499,475066
2026-07-22 09:45:00,326.25,327.32999,326.079987,326.89999,419080
2026-07-22 09:50:00,326.91,326.95001,325.81,326.070007,427360
2026-07-22 09:55:00,326.059998,326.3699,325.72009,325.94,453310
2026-07-22 10:00:00,325.95999,326.1481,325.42001,325.51999,375374
2026-07-22 10:05:00,325.51999,326.059998,325.22501,325.50009,330172
2026-07-22 10:10:00,325.54501,325.85999,324.91501,324.97501,409054
2026-07-22 10:15:00,324.97501,325.38,324.88,324.95999,833134
2026-07-22 10:20:00,324.95001,325.045013,324.60001,324.76999,273092
2026-07-22 10:25:00,324.76999,324.89999,324.32999,324.47501,290519
2026-07-22 10:30:00,324.495,324.71991,324.070007,324.54999,443807
2026-07-22 10:35:00,324.54001,325.0,324.20001,324.97,344155
2026-07-22 10:40:00,325.0,325.0,324.5,324.8299,247777
2026-07-22 10:45:00,324.78,325.10251,324.70001,325.075012,354383
2026-07-22 10:50:00,325.079987,325.48999,324.82001,325.2933,435721
2026-07-22 10:55:00,325.32001,325.61401,325.019989,325.60001,285815
2026-07-22 11:00:00,325.60001,325.66989,324.72,324.79599,287366
2026-07-22 11:05:00,324.82999,324.85999,324.38,324.66599,240056
2026-07-22 11:10:00,324.68271,324.77011,324.12,324.32501,291477
2026-07-22 11:15:00,324.29999,324.51001,324.20999,324.495,182706
2026-07-22 11:20:00,324.5,325.10001,324.3335,324.98999,323299
2026-07-22 11:25:00,324.9801,325.81,324.923,325.79999,263856
2026-07-22 11:30:00,325.76501,325.89001,325.26001,325.345,972980
2026-07-22 11:35:00,325.35999,325.5,325.211,325.35999,203843
2026-07-22 11:40:00,325.37,325.45999,325.20001,325.36499,185221
2026-07-22 11:45:00,325.37,325.38,324.95001,325.26001,289594
2026-07-22 11:50:00,325.29001,325.45001,325.0,325.37,133552
2026-07-22 11:55:00,325.34,325.5,324.92999,325.059998,245259
2026-07-22 12:00:00,325.079987,325.10001,324.39999,324.54001,353807
2026-07-22 12:05:00,324.5275,324.80499,324.37,324.64999,200973
2026-07-22 12:10:00,324.64001,324.67999,324.42999,324.45001,173650
2026-07-22 12:15:00,324.45999,324.92999,324.45001,324.87,178941
2026-07-22 12:20:00,324.85999,325.039001,324.59052,324.89001,180053
2026-07-22 12:25:00,324.88,324.95001,324.73999,324.88501,963947
2026-07-22 12:30:00,324.88501,324.95001,324.035004,324.035004,328298
2026-07-22 12:35:00,324.03009,324.16,323.81,323.94989,361853
2026-07-22 12:40:00,323.965,324.53,323.95499,324.53,241038
2026-07-22 12:45:00,324.53,324.64001,324.26999,324.26999,180548
2026-07-22 12:50:00,324.29001,324.39999,324.10001,324.185,247123
2026-07-22 12:55:00,324.17001,324.29999,324.070007,324.20999,207372
2026-07-22 13:00:00,324.2117,324.26001,323.89001,323.97,442669
2026-07-22 13:05:00,323.97,324.089996,323.82999,323.97,201075
2026-07-22 13:10:00,323.97,324.0050049,323.59,323.95999,238977
2026-07-22 13:15:00,323.95001,324.13,323.75,323.81,171376
2026-07-22 13:20:00,323.84,323.84,323.47,323.61011,189403
2026-07-22 13:25:00,323.60999,323.79999,323.34,323.66501,185385
2026-07-22 13:30:00,323.66501,323.87,323.55499,323.77509,157911
2026-07-22 13:35:00,323.78,323.89999,323.715,323.73999,142615
2026-07-22 13:40:00,323.73999,324.0050049,323.60001,323.89999,146472
2026-07-22 13:45:00,323.89001,323.92001,323.70001,323.81,93503
2026-07-22 13:50:00,323.80499,323.95999,323.73499,323.89999,121953
2026-07-22 13:55:00,323.89001,323.95499,323.82001,323.935,125586
2026-07-22 14:00:00,323.935,323.98001,323.60999,323.77509,164793
2026-07-22 14:05:00,323.77499,323.98999,323.70001,323.82001,159615
2026-07-22 14:10:00,323.83499,324.019989,323.79999,323.88,171473
2026-07-22 14:15:00,323.87,323.97,323.715,323.85501,134430
2026-07-22 14:20:00,323.85501,323.95999,323.811,323.91501,119007
2026-07-22 14:25:00,323.91501,324.0,323.91501,323.92999,110883
2026-07-22 14:30:00,323.9299,324.23999,323.82999,324.155,262679
2026-07-22 14:35:00,324.14001,324.3999,323.94501,324.37,212100
2026-07-22 14:40:00,324.38,324.49991,324.32001,324.42999,175677
2026-07-22 14:45:00,324.42999,324.69,324.32999,324.64999,199929
2026-07-22 14:50:00,324.64499,324.70001,324.32001,324.39999,231090
2026-07-22 14:55:00,324.39001,324.42999,324.17999,324.29999,198903
2026-07-22 15:00:00,324.29999,324.505,324.19501,324.26001,225098
2026-07-22 15:05:00,324.26001,324.5,324.16,324.45001,190935
2026-07-22 15:10:00,324.44501,324.48999,324.20499,324.42499,180632
2026-07-22 15:15:00,324.42999,324.57001,324.26001,324.35001,253452
2026-07-22 15:20:00,324.35001,324.57001,324.26999,324.39841,215744
2026-07-22 15:25:00,324.405,324.51001,324.28,324.44,186164
2026-07-22 15:30:00,324.44,324.54001,324.14499,324.26999,241038
2026-07-22 15:35:00,324.26999,324.39999,324.054993,324.375,240614
2026-07-22 15:40:00,324.37,324.60001,323.98001,324.45001,663473
2026-07-22 15:45:00,324.44501,325.73999,324.41,325.67999,793368
2026-07-22 15:50:00,325.70001,326.91,325.32999,326.38,1739015
2026-07-22 15:55:00,326.35999,326.73001,325.85001,325.87,1791877
2026-07-23 09:30:00,321.73001,323.12,320.80499,321.89499,2464498
2026-07-23 09:35:00,321.84009,323.29999,321.57001,321.625,506021
2026-07-23 09:40:00,321.60501,322.019989,320.84,320.84,554961
2026-07-23 09:45:00,320.88,321.070007,319.47,319.535,875750
2026-07-23 09:50:00,319.54501,320.35999,319.35001,319.60001,533780
2026-07-23 09:55:00,319.63501,320.48001,319.51001,320.16,538040
2026-07-23 10:00:00,320.14999,321.73001,319.82001,321.57001,517697
2026-07-23 10:05:00,321.57999,321.92999,320.72,320.76501,364716
2026-07-23 10:10:00,320.76999,321.075012,319.95001,320.81,522567
2026-07-23 10:15:00,320.80499,321.35999,320.22,320.75,335494
2026-07-23 10:20:00,320.745,321.76001,320.62,321.39001,336612
2026-07-23 10:25:00,321.41,321.625,321.23001,321.48999,258033
2026-07-23 10:30:00,321.465,322.5,321.465,322.28,389355
2026-07-23 10:35:00,322.28,322.91,322.10999,322.67999,273354
2026-07-23 10:40:00,322.70569,322.79999,321.57999,321.87,222787
2026-07-23 10:45:00,321.89001,322.019989,321.2301,321.31009,296346
2026-07-23 10:50:00,321.31,321.31,320.84,321.13,275762
2026-07-23 10:55:00,321.13,321.31989,320.91,321.26999,282589
2026-07-23 11:00:00,321.285,321.64999,321.029999,321.35501,361496
2026-07-23 11:05:00,321.34,321.73001,320.715,321.42999,484910
2026-07-23 11:10:00,321.47,322.01001,321.34,321.85001,340971
2026-07-23 11:15:00,321.82001,322.14001,321.51999,321.97,247904
2026-07-23 11:20:00,321.97,322.29001,321.31,321.44009,512306
2026-07-23 11:25:00,321.45999,321.5799,321.17001,321.28,276186
2026-07-23 11:30:00,321.29001,321.32001,320.75,321.070007,234752
2026-07-23 11:35:00,321.13,321.13,320.57999,320.97501,303940
2026-07-23 11:40:00,321.019989,321.14999,320.57999,320.85999,204176
2026-07-23 11:45:00,320.85999,321.029999,320.44,320.73999,221072
2026-07-23 11:50:00,320.73999,320.755,320.465,320.70499,189835
2026-07-23 11:55:00,320.7132,320.98499,320.56,320.85999,160021
2026-07-23 12:00:00,320.89999,321.0,320.35999,320.56,183944
2026-07-23 12:05:00,320.54999,321.32999,320.34,321.23001,205434
2026-07-23 12:10:00,321.245,321.54999,321.14499,321.45001,191690
2026-07-23 12:15:00,321.465,321.5101,320.89001,321.010101,189908
2026-07-23 12:20:00,321.029999,321.47,320.80499,321.34,339284
2026-07-23 12:25:00,321.315,321.37,320.070007,320.35989,2367880
2026-07-23 12:30:00,320.31,320.39499,320.0,320.11511,257113
2026-07-23 12:35:00,320.125,320.35001,320.049988,320.30499,187224
2026-07-23 12:40:00,320.30499,320.56,320.16,320.56,232826
2026-07-23 12:45:00,320.54001,320.75,320.31,320.35501,198947
2026-07-23 12:50:00,320.34,320.67499,320.25,320.48999,182592
2026-07-23 12:55:00,320.48999,320.85999,320.39001,320.6105,231761
2026-07-23 13:00:00,320.62,321.01001,320.55499,320.6301,190605
2026-07-23 13:05:00,320.655,320.73001,320.34,320.63,191803
2026-07-23 13:10:00,320.64499,320.73001,320.56,320.63,155093
2026-07-23 13:15:00,320.63501,320.67001,320.29999,320.39001,151890
2026-07-23 13:20:00,320.39999,320.81,320.35001,320.81,125131
2026-07-23 13:25:00,320.82001,321.049988,320.81,320.87,135723
2026-07-23 13:30:00,320.87009,321.049988,320.67001,320.745,147971
2026-07-23 13:35:00,320.745,320.78,320.35999,320.53,191098
2026-07-23 13:40:00,320.53,320.73999,320.44,320.66,185728
2026-07-23 13:45:00,320.64001,321.20001,320.54999,321.17068,170784
2026-07-23 13:50:00,321.17001,321.39899,320.87,320.88501,194681
2026-07-23 13:55:00,320.87,320.92999,320.38,320.51239,199717
2026-07-23 14:00:00,320.51001,320.64801,320.35001,320.45499,225987
2026-07-23 14:05:00,320.44,320.44,320.0,320.079987,507750
2026-07-23 14:10:00,320.084991,320.23999,320.029999,320.14999,193627
2026-07-23 14:15:00,320.14001,320.39001,320.10001,320.16809,169194
2026-07-23 14:20:00,320.17001,320.44,320.16,320.3992,165612
2026-07-23 14:25:00,320.39499,320.42001,320.029999,320.26999,198900
2026-07-23 14:30:00,320.27499,320.49438,320.13,320.13,178592
2026-07-23 14:35:00,320.13,320.17999,319.81,319.875,1080142
2026-07-23 14:40:00,319.87,320.10001,319.76001,320.0050049,234401
2026-07-23 14:45:00,320.019989,320.42999,320.019989,320.41,200339
2026-07-23 14:50:00,320.39999,320.41501,320.089996,320.14001,161050
2026-07-23 14:55:00,320.155,320.72,320.13,320.72,187845
2026-07-23 15:00:00,320.70999,321.015015,320.70999,320.78,178398
2026-07-23 15:05:00,320.78,321.01001,320.64999,320.79001,338033
2026-07-23 15:10:00,320.78,320.82831,320.35001,320.72,322405
2026-07-23 15:15:00,320.72501,320.89001,320.57001,320.76999,226591
2026-07-23 15:20:00,320.80499,321.20001,320.79999,321.01001,305532
2026-07-23 15:25:00,321.0,321.10001,320.32999,320.41989,344464
2026-07-23 15:30:00,320.38,320.48001,320.040009,320.32001,298193
2026-07-23 15:35:00,320.32001,320.69,320.17999,320.67001,296894
2026-07-23 15:40:00,320.67001,321.22501,320.67001,321.12,446967
2026-07-23 15:45:00,321.10999,321.23001,320.64999,320.73001,333862
2026-07-23 15:50:00,320.76999,321.31,320.45001,320.95999,771399
2026-07-23 15:55:00,321.029999,321.98001,321.0098877,321.60999,2134404
2026-07-24 09:30:00,324.375,325.35001,323.23001,324.67999,1420156
2026-07-24 09:35:00,324.70999,325.8699,324.59,325.20001,615293
2026-07-24 09:40:00,325.185,325.98999,324.92999,325.67001,622902
2026-07-24 09:45:00,325.60999,327.51001,325.5,326.81,1067835
2026-07-24 09:50:00,326.79999,327.39001,326.12,327.38,601656
2026-07-24 09:55:00,327.38,327.76001,326.73001,326.86499,628749
2026-07-24 10:00:00,326.85999,327.73499,326.78601,327.38,633922
2026-07-24 10:05:00,327.37,328.2399,327.31009,328.13,630564
2026-07-24 10:10:00,328.12,328.64999,328.0,328.019989,776297
2026-07-24 10:15:00,328.029999,328.57001,327.79999,328.18,397747
2026-07-24 10:20:00,328.26999,329.39999,328.155,329.29999,669140
2026-07-24 10:25:00,329.285,329.439,328.56,328.79999,524686
2026-07-24 10:30:00,328.79501,329.37,328.70999,329.20999,457142
2026-07-24 10:35:00,329.21701,329.64828,329.14001,329.31,448302
2026-07-24 10:40:00,329.32001,329.79001,329.3132,329.405,590776
2026-07-24 10:45:00,329.41,329.64001,329.20999,329.41501,452967
2026-07-24 10:50:00,329.405,330.18991,329.18011,329.70001,731983
2026-07-24 10:55:00,329.67999,330.23001,329.51001,329.965,549982
2026-07-24 11:00:00,329.95999,330.48001,329.70999,330.41,420307
2026-07-24 11:05:00,330.39999,330.64001,330.10999,330.35501,426848
2026-07-24 11:10:00,330.35501,331.39999,330.14001,331.26999,699631
2026-07-24 11:15:00,331.28461,331.62,331.019989,331.14001,667424
2026-07-24 11:20:00,331.16501,331.51999,331.089996,331.41,371621
2026-07-24 11:25:00,331.41501,331.92999,331.32999,331.76501,454742
2026-07-24 11:30:00,331.77499,332.29999,331.67001,332.26001,481680
2026-07-24 11:35:00,332.25989,332.67999,332.22,332.64999,651001
2026-07-24 11:40:00,332.64999,333.26099,332.63,332.81,729480
2026-07-24 11:45:00,332.81,333.16,332.72,332.91501,410215
2026-07-24 11:50:00,332.92001,333.64001,332.92001,333.35989,596746
2026-07-24 11:55:00,333.32999,333.39999,332.85999,333.049988,678805
2026-07-24 12:00:00,333.040009,333.81,333.0,333.745,519923
2026-07-24 12:05:00,333.76001,334.10001,333.030487,333.070007,760466
2026-07-24 12:10:00,333.079987,333.28,332.66,333.21011,487470
2026-07-24 12:15:00,333.22,333.75,332.95999,333.67001,437513
2026-07-24 12:20:00,333.66,334.37,333.60001,333.94,521978
2026-07-24 12:25:00,333.94,334.23001,333.63,333.72,346421
2026-07-24 12:30:00,333.69501,333.8295,333.35999,333.52499,349181
2026-07-24 12:35:00,333.535,333.9075,333.5,333.76001,288236
2026-07-24 12:40:00,333.7305,333.92999,333.45999,333.57999,295363
2026-07-24 12:45:00,333.53,333.72,332.94,333.045013,307172
2026-07-24 12:50:00,333.019989,333.14999,332.68201,332.95001,282075
2026-07-24 12:55:00,332.95001,333.20001,332.81009,333.18201,239281
2026-07-24 13:00:00,333.19,333.54001,332.87009,332.89499,335507
2026-07-24 13:05:00,332.92001,334.22,332.5,332.655,577529
2026-07-24 13:10:00,332.655,332.88,332.38,332.5,271772
2026-07-24 13:15:00,332.54001,332.76999,332.31,332.46011,305402
2026-07-24 13:20:00,332.48999,332.70001,332.16171,332.28,365066
2026-07-24 13:25:00,332.25049,332.45999,332.15051,332.39999,230163
2026-07-24 13:30:00,332.39499,333.19,332.35999,332.85999,400117
2026-07-24 13:35:00,332.85999,333.029999,332.60001,332.85001,230591
2026-07-24 13:40:00,332.89001,333.079895,332.69421,332.92001,182847
2026-07-24 13:45:00,332.92001,333.10001,332.79999,332.995,229762
2026-07-24 13:50:00,333.0,333.040009,332.75,332.91501,155867
2026-07-24 13:55:00,332.92001,332.95001,332.63,332.64999,186154
2026-07-24 14:00:00,332.64499,332.85001,332.63,332.755,199448
2026-07-24 14:05:00,332.76999,333.16989,332.75,332.7601,234761
2026-07-24 14:10:00,332.78,332.8783,332.42999,332.44,192176
2026-07-24 14:15:00,332.44,332.75,332.37,332.59,210051
2026-07-24 14:20:00,332.57501,332.63,332.29001,332.39999,205454
2026-07-24 14:25:00,332.41501,332.45499,332.14001,332.26501,353353
2026-07-24 14:30:00,332.26501,332.48001,332.059998,332.19,323562
2026-07-24 14:35:00,332.20001,332.62,332.10999,332.53,459791
2026-07-24 14:40:00,332.53,332.54001,332.059998,332.23001,341658
2026-07-24 14:45:00,332.20999,332.685,332.20001,332.67999,244720
2026-07-24 14:50:00,332.69,333.10999,332.69,332.98001,326608
2026-07-24 14:55:00,332.98499,333.17001,332.84,332.92999,266779
2026-07-24 15:00:00,332.95999,333.22,332.91,333.079987,1889879
2026-07-24 15:05:00,333.089996,333.23001,332.54001,332.60999,922372
2026-07-24 15:10:00,332.59,333.029999,332.57001,332.76001,430893
2026-07-24 15:15:00,332.73999,333.089996,332.48001,333.070007,424390
2026-07-24 15:20:00,333.054993,333.10001,332.62,332.79999,288215
2026-07-24 15:25:00,332.80499,332.84,332.45999,332.48999,329185
2026-07-24 15:30:00,332.48001,332.56,332.35999,332.38,407830
2026-07-24 15:35:00,332.38,332.72,332.26001,332.34,447653
2026-07-24 15:40:00,332.34,332.76999,332.32001,332.76501,424211
2026-07-24 15:45:00,332.755,332.85999,331.85001,331.98001,603374
2026-07-24 15:50:00,331.97,333.45001,331.9501,333.23999,1040831
2026-07-24 15:55:00,333.26001,333.42999,332.75,333.070007,1795824
2026-07-27 09:30:00,334.89999,337.12,334.10001,335.54501,2928029
2026-07-27 09:35:00,335.54001,336.51001,334.28,335.73499,849389
2026-07-27 09:40:00,335.76001,336.059509,334.92001,335.059998,639753
2026-07-27 09:45:00,335.019989,336.78,334.89999,335.3501,814452
2026-07-27 09:50:00,335.39999,335.44,334.56,334.785,716779
2026-07-27 09:55:00,334.78,335.66,334.019989,335.58499,713137
2026-07-27 10:00:00,335.62,336.89999,335.26001,335.73001,944045
2026-07-27 10:05:00,335.76511,336.78979,335.64999,336.35001,454799
2026-07-27 10:10:00,336.35159,336.78,335.89999,336.60001,681479
2026-07-27 10:15:00,336.60001,337.87,336.57001,337.63,847584
2026-07-27 10:20:00,337.63,338.14001,337.1217,337.73001,938065
2026-07-27 10:25:00,337.73999,337.92999,337.049988,337.69,743293
2026-07-27 10:30:00,337.70001,337.85001,336.79999,337.35001,931636
2026-07-27 10:35:00,337.29001,337.72,336.95999,337.67001,804057
2026-07-27 10:40:00,337.73001,337.909,336.23001,336.32501,920622
2026-07-27 10:45:00,336.32501,337.57999,336.12,337.37,715122
2026-07-27 10:50:00,337.39001,337.51001,336.61749,336.97,462980
2026-07-27 10:55:00,336.97,338.3399,336.94,338.20001,780411
2026-07-27 11:00:00,338.25,339.5,338.17999,339.10001,1064323
2026-07-27 11:05:00,339.10999,339.42001,338.57001,338.59,629841
2026-07-27 11:10:00,338.63,339.20001,338.56,339.049988,366746
2026-07-27 11:15:00,339.049988,339.20999,338.60999,338.84,396777
2026-07-27 11:20:00,338.86499,338.96951,338.2605,338.58011,401964
2026-07-27 11:25:00,338.59509,338.89999,338.44,338.73999,288263
2026-07-27 11:30:00,338.73001,339.57001,338.57239,339.37,535701
2026-07-27 11:35:00,339.35001,339.35001,337.38,337.47,1965662
2026-07-27 11:40:00,337.5,338.332,337.089996,338.26001,481401
2026-07-27 11:45:00,338.28989,338.56,337.85001,338.23001,320882
2026-07-27 11:50:00,338.31,338.42499,337.67001,337.93991,309782
2026-07-27 11:55:00,337.92999,337.95499,336.75,337.065002,1362368
2026-07-27 12:00:00,337.040009,337.45999,336.95001,337.2301,367883
2026-07-27 12:05:00,337.26501,337.28,337.029999,337.20001,172334
2026-07-27 12:10:00,337.19009,337.53,337.1001,337.31,227535
2026-07-27 12:15:00,337.32999,337.88,337.19501,337.48001,232393
2026-07-27 12:20:00,337.48499,337.69,337.29999,337.48999,238375
2026-07-27 12:25:00,337.51001,338.0,337.32001,337.4501,340041
2026-07-27 12:30:00,337.45999,337.75,337.41501,337.72,192600
2026-07-27 12:35:00,337.72,338.13,337.38501,337.435,227408
2026-07-27 12:40:00,337.45001,337.53,336.57001,336.73499,356373
2026-07-27 12:45:00,336.73999,336.79999,336.39999,336.45001,264497
2026-07-27 12:50:00,336.45529,336.60001,336.13,336.37299,240665
2026-07-27 12:55:00,336.38,336.72,336.019989,336.66,406191
2026-07-27 13:00:00,336.67999,336.785,336.040009,336.075012,214053
2026-07-27 13:05:00,336.10999,336.28,335.91071,336.26001,258657
2026-07-27 13:10:00,336.285,336.4599,336.10001,336.3392,384900
2026-07-27 13:15:00,336.32999,336.3851,335.67999,335.92001,244591
2026-07-27 13:20:00,335.94501,336.44,335.79999,336.42001,212975
2026-07-27 13:25:00,336.44989,336.75,336.019989,336.049988,311718
2026-07-27 13:30:00,336.070007,336.4397,336.0,336.42001,210781
2026-07-27 13:35:00,336.42499,336.79999,336.3013,336.53,194237
2026-07-27 13:40:00,336.53,336.56,336.10999,336.26001,183726
2026-07-27 13:45:00,336.26999,336.29999,335.8201,335.85001,208571
2026-07-27 13:50:00,335.86499,336.040009,335.362,336.040009,517805
2026-07-27 13:55:00,336.040009,336.10989,335.31,335.51749,368778
2026-07-27 14:00:00,335.54001,335.57999,335.049988,335.41321,208857
2026-07-27 14:05:00,335.405,335.85999,335.35001,335.73999,377576
2026-07-27 14:10:00,335.76001,335.88,335.633,335.633,197648
2026-07-27 14:15:00,335.63,336.0,335.46011,335.62,261153
2026-07-27 14:20:00,335.62,335.82001,335.57999,335.64499,182728
2026-07-27 14:25:00,335.63,335.72,335.075409,335.14999,229047
2026-07-27 14:30:00,335.14999,335.17001,334.76999,334.85989,321973
2026-07-27 14:35:00,334.84,335.059998,334.70999,335.0,213569
2026-07-27 14:40:00,334.995,335.19,334.70001,335.040009,406625
2026-07-27 14:45:00,335.040009,335.45999,335.0050049,335.090088,231944
2026-07-27 14:50:00,335.10001,335.84229,335.10001,335.75,214806
2026-07-27 14:55:00,335.79999,336.23999,335.66479,335.85001,215141
2026-07-27 15:00:00,335.85001,335.85001,335.28,335.3031,203768
2026-07-27 15:05:00,335.29999,335.66,335.25,335.535,189372
2026-07-27 15:10:00,335.60001,335.82999,335.5,335.60001,265040
2026-07-27 15:15:00,335.57999,335.7897,335.54169,335.60001,209804
2026-07-27 15:20:00,335.62,335.95001,335.51999,335.85001,307184
2026-07-27 15:25:00,335.85501,335.92999,335.67001,335.72,707447
2026-07-27 15:30:00,335.72,336.11499,335.64999,336.010315,343578
2026-07-27 15:35:00,336.01001,336.44,335.94501,336.29001,333083
2026-07-27 15:40:00,336.29001,336.38,336.11499,336.23001,326249
2026-07-27 15:45:00,336.23499,336.362,335.72,336.35001,470230
2026-07-27 15:50:00,336.35001,337.13,336.35001,337.12,632128
2026-07-27 15:55:00,337.13,337.22,336.69,336.92001,1509242
2026-07-28 09:30:00,340.029999,342.89001,337.70999,339.47,4297799
2026-07-28 09:35:00,339.47,340.42001,338.60001,338.75,1433167
2026-07-28 09:40:00,338.69,339.41501,338.12,338.42999,1186384
2026-07-28 09:45:00,338.42001,338.85501,337.53,337.935,957476
2026-07-28 09:50:00,337.91501,339.6011,337.83499,338.25,1182046
2026-07-28 09:55:00,338.23999,338.74921,337.14999,337.5,708972
2026-07-28 10:00:00,337.57999,338.12,336.040009,336.35001,714041
2026-07-28 10:05:00,336.35001,337.55991,335.60001,336.63501,739904
2026-07-28 10:10:00,336.64499,336.97,336.0,336.88,560306
2026-07-28 10:15:00,336.96991,337.79501,336.95001,337.41501,731298
2026-07-28 10:20:00,337.44,338.26999,337.32999,337.72,655867
2026-07-28 10:25:00,337.70001,338.065186,337.41,337.95999,407787
2026-07-28 10:30:00,337.98001,338.79001,337.91,338.60001,593570
2026-07-28 10:35:00,338.57999,338.60001,337.39999,337.43649,513556
2026-07-28 10:40:00,337.45001,338.30499,337.20999,338.16501,465986
2026-07-28 10:45:00,338.17001,338.39499,337.95001,338.089996,501379
2026-07-28 10:50:00,338.089996,338.38,337.14001,337.22501,528323
2026-07-28 10:55:00,337.22009,337.57999,336.92999,337.054993,414669
2026-07-28 11:00:00,337.040497,337.79001,336.60001,337.76501,408524
2026-07-28 11:05:00,337.75131,338.88,337.73199,338.84,547295
2026-07-28 11:10:00,338.85001,339.48001,338.82999,339.089996,639876
2026-07-28 11:15:00,339.089996,339.66879,338.95999,339.35001,493534
2026-07-28 11:20:00,339.35001,339.48001,338.60999,338.81,379641
2026-07-28 11:25:00,338.81,339.5,338.67999,339.26999,311076
2026-07-28 11:30:00,339.24011,339.64999,339.0,339.19,874584
2026-07-28 11:35:00,339.19,339.54999,339.13,339.44,278997
2026-07-28 11:40:00,339.435,339.89499,339.39999,339.67001,317294
2026-07-28 11:45:00,339.70999,339.715,339.23981,339.30051,237751
2026-07-28 11:50:00,339.32999,339.76001,339.029999,339.56,276936
2026-07-28 11:55:00,339.54999,339.86899,339.54999,339.66,223151
2026-07-28 12:00:00,339.66,339.75,339.45999,339.66,246840
2026-07-28 12:05:00,339.67001,339.94,339.47,339.91,264671
2026-07-28 12:10:00,339.92001,339.98999,339.72009,339.82001,267916
2026-07-28 12:15:00,339.82999,339.89001,339.51999,339.70999,257640
2026-07-28 12:20:00,339.67999,339.93951,339.51001,339.66501,326667
2026-07-28 12:25:00,339.664,340.14001,339.63,339.81,470918
2026-07-28 12:30:00,339.82999,340.5799,339.7901,340.29999,397116
2026-07-28 12:35:00,340.315,340.42001,339.95999,340.05011,294447
2026-07-28 12:40:00,340.059998,340.10001,339.39001,339.45499,315342
2026-07-28 12:45:00,339.47,339.54999,338.94,339.13,324059
2026-07-28 12:50:00,339.14999,339.97501,339.13,339.92999,304010
2026-07-28 12:55:00,339.92001,339.965,339.51999,339.76999,233653
2026-07-28 13:00:00,339.79999,339.89001,339.51999,339.67001,175769
2026-07-28 13:05:00,339.6601,339.82001,339.25201,339.38,252282
2026-07-28 13:10:00,339.37,339.39999,339.019989,339.10001,222131
2026-07-28 13:15:00,339.070007,339.17001,338.93011,339.049988,219635
2026-07-28 13:20:00,339.049988,339.5,338.95999,339.1857,228196
2026-07-28 13:25:00,339.20999,339.2355,338.94501,339.029999,139967
2026-07-28 13:30:00,339.040009,339.28,339.0,339.14001,192296
2026-07-28 13:35:00,339.13501,339.42499,339.079987,339.37039,196295
2026-07-28 13:40:00,339.38,339.78009,339.37009,339.51999,311543
2026-07-28 13:45:00,339.48999,340.019897,339.45999,339.88,308901
2026-07-28 13:50:00,339.88,339.92001,339.616,339.79001,234951
2026-07-28 13:55:00,339.79001,339.89999,339.50089,339.745,239803
2026-07-28 14:00:00,339.745,339.84,339.51001,339.66,531571
2026-07-28 14:05:00,339.64001,339.69,339.4801,339.625,214964
2026-07-28 14:10:00,339.60999,339.64999,339.42001,339.56,202282
2026-07-28 14:15:00,339.57001,339.81,339.42999,339.75,225913
2026-07-28 14:20:00,339.755,339.88501,339.64999,339.76999,222091
2026-07-28 14:25:00,339.76001,340.15991,339.75,339.84,342469
2026-07-28 14:30:00,339.84,339.89001,339.32001,339.45001,367741
2026-07-28 14:35:00,339.45499,339.53,338.79501,338.815,310743
2026-07-28 14:40:00,338.815,338.84,338.28,338.39999,306835
2026-07-28 14:45:00,338.41,338.87,338.41,338.64999,221260
2026-07-28 14:50:00,338.6257,338.935,338.62,338.85001,259327
2026-07-28 14:55:00,338.85999,339.56,338.85999,339.35001,343911
2026-07-28 15:00:00,339.345,339.67499,339.32001,339.61499,307649
2026-07-28 15:05:00,339.60001,339.62,339.21011,339.32501,311829
2026-07-28 15:10:00,339.34,339.45001,339.17001,339.17001,265879
2026-07-28 15:15:00,339.17001,339.48001,339.13,339.27951,296507
2026-07-28 15:20:00,339.29999,339.51999,339.17651,339.27499,282160
2026-07-28 15:25:00,339.28,339.37,339.029999,339.20001,316179
2026-07-28 15:30:00,339.16,339.38,339.10001,339.35999,1439500
2026-07-28 15:35:00,339.35001,339.91,339.32999,339.70499,501242
2026-07-28 15:40:00,339.72,340.14999,339.70001,340.01001,451713
2026-07-28 15:45:00,340.01001,340.01001,339.13,339.44,458614
2026-07-28 15:50:00,339.44,340.0,339.29001,339.85001,711895
2026-07-28 15:55:00,339.84,340.53,339.10001,340.16,2852614
2026-07-29 09:30:00,339.69,342.19,339.56,340.02829,2710870
2026-07-29 09:35:00,340.059998,341.2179,339.85001,341.2179,873577
2026-07-29 09:40:00,341.16,341.78,340.79001,341.56,726405
2026-07-29 09:45:00,341.54501,343.45001,341.53,343.23499,1270623
2026-07-29 09:50:00,343.27161,343.67001,342.94,343.024994,929716
2026-07-29 09:55:00,343.019989,343.12,342.19,342.87,651953
2026-07-29 10:00:00,342.82501,343.48001,342.51501,343.19,822450
2026-07-29 10:05:00,343.19,343.30249,342.23001,342.66501,706768
2026-07-29 10:10:00,342.64001,342.815,341.72,341.82999,718477
2026-07-29 10:15:00,341.82501,342.088989,341.20001,341.29999,612360
2026-07-29 10:20:00,341.29001,341.72849,341.13,341.22,452400
2026-07-29 10:25:00,341.28,341.34,340.72,341.16,459648
2026-07-29 10:30:00,341.17001,341.70001,340.91,341.70001,436264
2026-07-29 10:35:00,341.70001,341.73999,341.13,341.29001,278600
2026-07-29 10:40:00,341.28,341.64001,341.020111,341.59,479470
2026-07-29 10:45:00,341.57001,341.70001,340.81,341.040009,398618
2026-07-29 10:50:00,341.054993,341.054993,340.38,340.70999,566930
2026-07-29 10:55:00,340.72,340.84,340.12,340.39001,421379
2026-07-29 11:00:00,340.39999,340.5,339.51999,339.73999,651984
2026-07-29 11:05:00,339.78,340.57001,339.59,340.26501,480042
2026-07-29 11:10:00,340.28,340.29999,339.91,339.97,333202
2026-07-29 11:15:00,339.97,340.32999,339.81,339.87,304789
2026-07-29 11:20:00,339.85001,340.089996,339.64999,340.059998,289456
2026-07-29 11:25:00,340.049988,340.089996,339.70001,339.81,249968
2026-07-29 11:30:00,339.82999,340.20001,339.76001,339.89999,342046
2026-07-29 11:35:00,339.92001,340.67999,339.845,340.39999,362493
2026-07-29 11:40:00,340.3801,340.60999,339.88,340.089996,357453
2026-07-29 11:45:00,340.089996,340.88,340.059998,340.84,301650
2026-07-29 11:50:00,340.81,341.22,340.72501,340.84,386132
2026-07-29 11:55:00,340.85999,341.14999,340.75,341.029999,313358
2026-07-29 12:00:00,341.10001,341.14999,340.63,340.89999,203335
2026-07-29 12:05:00,340.905,341.035004,340.70001,341.01001,271831
2026-07-29 12:10:00,340.97,341.075012,340.70001,340.82999,177501
2026-07-29 12:15:00,340.79999,341.16,340.67999,341.070007,292895
2026-07-29 12:20:00,341.070007,341.54999,340.84,341.54999,322180
2026-07-29 12:25:00,341.535,341.56,341.20999,341.26999,215536
2026-07-29 12:30:00,341.25,341.41,340.97,341.10999,206882
2026-07-29 12:35:00,341.10999,341.14001,340.48001,340.57001,216142
2026-07-29 12:40:00,340.565,340.595,340.049988,340.56,208629
2026-07-29 12:45:00,340.56,340.85001,340.3006,340.85001,204410
2026-07-29 12:50:00,340.82001,341.10971,340.75,341.029999,200310
2026-07-29 12:55:00,341.029999,341.31,340.815,341.31,199148
2026-07-29 13:00:00,341.32001,342.079987,341.11499,341.965,481940
2026-07-29 13:05:00,341.95999,342.079987,341.56,341.56989,297369
2026-07-29 13:10:00,341.54999,342.32001,341.54999,342.32001,329981
2026-07-29 13:15:00,342.32001,342.89001,342.12009,342.86499,383178
2026-07-29 13:20:00,342.88,343.44891,342.80151,342.92999,732511
2026-07-29 13:25:00,342.97,343.12,342.69,342.72,352847
2026-07-29 13:30:00,342.69501,342.72501,342.35001,342.47501,261064
2026-07-29 13:35:00,342.5,343.17001,342.47501,343.0010986,310741
2026-07-29 13:40:00,343.010101,343.39001,342.97,343.048401,392202
2026-07-29 13:45:00,343.065002,343.16,342.92001,342.995,351163
2026-07-29 13:50:00,343.0,343.17999,342.71011,342.98001,272802
2026-07-29 13:55:00,342.965,343.34,342.66,343.20999,261286
2026-07-29 14:00:00,343.25,344.19,343.0401,344.17499,1033939
2026-07-29 14:05:00,344.14999,344.56989,343.60999,343.75,744836
2026-07-29 14:10:00,343.73001,343.97,343.46011,343.70001,434558
2026-07-29 14:15:00,343.69,344.033295,343.59,343.88,298455
2026-07-29 14:20:00,343.88,343.89001,343.26001,343.35001,411628
2026-07-29 14:25:00,343.34,343.64001,343.17001,343.58771,351831
2026-07-29 14:30:00,343.59,343.84,342.97,343.29001,417800
2026-07-29 14:35:00,343.29999,343.94,343.13,343.81519,406800
2026-07-29 14:40:00,343.815,343.92001,343.32999,343.70001,412608
2026-07-29 14:45:00,343.69501,343.85999,343.39999,343.79999,332348
2026-07-29 14:50:00,343.79501,343.89001,343.47,343.6301,291051
2026-07-29 14:55:00,343.66,343.84,342.745,342.89999,428513
2026-07-29 15:00:00,342.89999,342.98999,341.98999,342.315,514964
2026-07-29 15:05:00,342.315,342.37,341.91,341.95499,412939
2026-07-29 15:10:00,341.95499,342.64001,341.92999,342.42001,416728
2026-07-29 15:15:00,342.39001,342.87,342.14001,342.29501,339519
2026-07-29 15:20:00,342.30499,342.39001,341.54501,341.54999,396737
2026-07-29 15:25:00,341.53,342.0,341.32999,341.53,442669
2026-07-29 15:30:00,341.56,341.56,340.51999,340.80499,499575
2026-07-29 15:35:00,340.82999,340.92999,339.57001,339.64001,579627
2026-07-29 15:40:00,339.64001,339.98001,339.32001,339.57999,625902
2026-07-29 15:45:00,339.58499,340.3299,339.51999,340.070007,590081
2026-07-29 15:50:00,340.0,340.049988,338.83011,339.32999,1070002
2026-07-29 15:55:00,339.32001,339.34,337.3501,338.070007,5275294
2026-07-30 09:30:00,333.13,334.48001,332.01001,332.73999,3832417
2026-07-30 09:35:00,332.69,332.97,331.20999,331.29501,1310090
2026-07-30 09:40:00,331.31,332.73999,330.71021,332.19,1127584
2026-07-30 09:45:00,332.17499,332.48001,331.25,331.55499,1167207
2026-07-30 09:50:00,331.54999,333.17999,331.34,332.3107,987403
2026-07-30 09:55:00,332.26999,332.35001,331.435,332.14999,776663
2026-07-30 10:00:00,332.079987,332.12399,330.57001,330.75,949672
2026-07-30 10:05:00,330.73001,332.87,330.35001,332.79999,987188
2026-07-30 10:10:00,332.80499,332.82001,331.16,331.39999,720062
2026-07-30 10:15:00,331.405,331.98001,331.10999,331.44,576922
2026-07-30 10:20:00,331.45999,332.17001,331.32999,331.59,624066
2026-07-30 10:25:00,331.60001,332.29001,331.25,331.31,519720
2026-07-30 10:30:00,331.29999,331.29999,329.76001,329.85999,803285
2026-07-30 10:35:00,329.85501,331.5,329.59,331.14001,880249
2026-07-30 10:40:00,331.14001,332.23999,331.12,332.079987,768441
2026-07-30 10:45:00,332.070007,332.39999,331.73999,332.23001,528790
2026-07-30 10:50:00,332.2438,332.64001,331.76999,331.97,573888
2026-07-30 10:55:00,331.98999,332.32999,331.495,332.32999,373059
2026-07-30 11:00:00,332.34,332.34,331.35001,331.84,597286
2026-07-30 11:05:00,331.86499,333.0,331.57501,332.78,647614
2026-07-30 11:10:00,332.79999,333.032288,331.45001,331.47,401029
2026-07-30 11:15:00,331.48999,332.070007,331.29999,331.63501,363818
2026-07-30 11:20:00,331.63,331.73999,331.1001,331.20001,466708
2026-07-30 11:25:00,331.20001,331.60001,331.019989,331.22,364090
2026-07-30 11:30:00,331.23499,332.070007,331.14999,332.029999,319099
2026-07-30 11:35:00,332.049988,332.10941,331.57001,331.72,1630738
2026-07-30 11:40:00,331.72,332.34,331.60001,332.14001,368586
2026-07-30 11:45:00,332.14999,332.42001,331.78989,331.83499,334296
2026-07-30 11:50:00,331.85001,332.040009,331.34,331.70499,366403
2026-07-30 11:55:00,331.72,332.12,331.60999,331.76001,385573
2026-07-30 12:00:00,331.75,331.75,330.89001,331.049988,519834
2026-07-30 12:05:00,331.070007,331.285,330.63,330.98001,504683
2026-07-30 12:10:00,330.95999,331.435,330.84,331.20999,350889
2026-07-30 12:15:00,331.20499,332.60001,331.095001,332.040009,534745
2026-07-30 12:20:00,332.059998,332.435,331.73059,331.94,411548
2026-07-30 12:25:00,331.935,332.35001,331.76001,332.089996,335587
2026-07-30 12:30:00,332.089996,332.14001,331.405,331.82999,290273
2026-07-30 12:35:00,331.82001,332.17001,331.76001,332.015015,365337
2026-07-30 12:40:00,332.029907,332.24911,331.59,332.125,482413
2026-07-30 12:45:00,332.125,332.37,331.82001,332.12,351061
2026-07-30 12:50:00,332.14001,332.26129,331.98999,332.13,531919
2026-07-30 12:55:00,332.14001,332.17001,331.57999,331.62,272087
2026-07-30 13:00:00,331.62,332.25,331.62,332.16,265271
2026-07-30 13:05:00,332.17001,332.26999,332.049988,332.25,212767
2026-07-30 13:10:00,332.26001,332.85001,332.25601,332.70999,377652
2026-07-30 13:15:00,332.72,332.76999,332.25,332.56,369986
2026-07-30 13:20:00,332.54999,332.57001,332.13,332.29001,304738
2026-07-30 13:25:00,332.29001,332.336,331.98999,332.089996,245294
2026-07-30 13:30:00,332.079987,332.39999,331.72009,331.91,257110
2026-07-30 13:35:00,331.95001,332.38989,331.91,332.15009,271921
2026-07-30 13:40:00,332.20001,332.78,331.98001,332.64999,192787
2026-07-30 13:45:00,332.64001,332.73999,332.45999,332.69,211852
2026-07-30 13:50:00,332.69,333.16599,332.64929,332.92999,279375
2026-07-30 13:55:00,332.95001,333.31,332.87,333.29501,297313
2026-07-30 14:00:00,333.31,333.98001,333.015015,333.024994,394208
2026-07-30 14:05:00,333.049896,333.51001,333.011597,333.19501,320802
2026-07-30 14:10:00,333.19501,333.45999,333.029999,333.27499,429762
2026-07-30 14:15:00,333.28,333.73999,333.27499,333.655,342328
2026-07-30 14:20:00,333.64001,333.64001,332.95001,333.060211,314473
2026-07-30 14:25:00,333.075012,333.20001,332.7341,333.10001,282961
2026-07-30 14:30:00,333.12,333.62,332.89999,333.59,275976
2026-07-30 14:35:00,333.57999,333.65021,333.375,333.56,268954
2026-07-30 14:40:00,333.56,333.755,333.47,333.53,309637
2026-07-30 14:45:00,333.54001,333.9996,333.42001,333.91,314613
2026-07-30 14:50:00,333.91,334.089996,333.73999,333.97989,319800
2026-07-30 14:55:00,333.94,334.079987,333.71231,333.75,335983
2026-07-30 15:00:00,333.73499,334.016602,333.45999,333.81,464471
2026-07-30 15:05:00,333.80499,333.88501,333.40549,333.60999,426958
2026-07-30 15:10:00,333.60999,333.89999,333.53,333.655,371774
2026-07-30 15:15:00,333.66,333.95001,333.5,333.87,440607
2026-07-30 15:20:00,333.875,333.89999,333.13,333.45001,477436
2026-07-30 15:25:00,333.465,333.73999,333.14999,333.16,762082
2026-07-30 15:30:00,333.16,333.53,332.79999,333.25,913787
2026-07-30 15:35:00,333.25,333.57999,333.13,333.47,525951
2026-07-30 15:40:00,333.465,333.56,332.91,333.0050049,576772
2026-07-30 15:45:00,333.01001,333.11499,332.31,332.655,774447
2026-07-30 15:50:00,332.63,333.19,332.48001,332.86499,1139941
2026-07-30 15:55:00,332.85001,334.75,332.53,333.85001,2104603
2026-07-31 09:30:00,304.81,306.89999,300.54999,302.10999,16977324
2026-07-31 09:35:00,302.31,303.35001,300.92001,301.32001,5423499
2026-07-31 09:40:00,301.19,304.91,300.32999,304.79001,3843272
2026-07-31 09:45:00,304.78,305.91989,304.079987,305.17999,3476263
2026-07-31 09:50:00,305.20621,305.5,304.29999,304.81891,1841422
2026-07-31 09:55:00,304.82501,305.45001,302.51999,302.79001,1975410
2026-07-31 10:00:00,302.79001,303.32001,301.3501,302.12,2381993
2026-07-31 10:05:00,302.095001,302.94,301.84,302.88,1560619
2026-07-31 10:10:00,302.83401,303.065002,301.35999,302.13611,1659992
2026-07-31 10:15:00,302.14499,302.84949,301.64999,302.53009,1156895
2026-07-31 10:20:00,302.51001,303.56989,302.39001,303.20999,1005635
2026-07-31 10:25:00,303.185,303.53931,302.57999,302.73999,969301
2026-07-31 10:30:00,302.755,302.99799,301.92001,301.94,916124
2026-07-31 10:35:00,301.92499,302.57999,301.70001,302.26001,736406
2026-07-31 10:40:00,302.28,302.79999,302.040009,302.435,754471
2026-07-31 10:45:00,302.42001,302.66,302.059998,302.57001,850467
2026-07-31 10:50:00,302.57001,302.76001,302.17001,302.4299,736670
2026-07-31 10:55:00,302.39999,303.20001,301.95001,303.16,1041765
2026-07-31 11:00:00,303.16,303.23999,302.32071,302.63501,1038019
2026-07-31 11:05:00,302.63,302.95001,302.45999,302.89001,729965
2026-07-31 11:10:00,302.92001,303.079498,302.53,302.995,943185
2026-07-31 11:15:00,302.995,304.02951,302.76001,303.89011,1036812
2026-07-31 11:20:00,303.89001,304.25,302.923,302.95001,775731
2026-07-31 11:25:00,302.95511,303.079987,301.64001,301.73001,1338201
2026-07-31 11:30:00,301.73001,302.35999,301.72501,302.2731,825577
2026-07-31 11:35:00,302.29001,302.82001,302.049988,302.16,1148491
2026-07-31 11:40:00,302.19,302.3399,301.44,301.95001,1079267
2026-07-31 11:45:00,301.95001,302.35699,300.73999,300.8858,1009135
2026-07-31 11:50:00,300.86499,301.422,300.39999,301.39999,973176
2026-07-31 11:55:00,301.39001,301.72,300.89001,301.29501,1066775
2026-07-31 12:00:00,301.285,301.59991,300.89999,301.34,675613
2026-07-31 12:05:00,301.35501,301.45001,301.12,301.23001,392585
2026-07-31 12:10:00,301.26749,302.14001,301.19,302.11499,492330
2026-07-31 12:15:00,302.10501,302.34,301.13,301.155,861254
2026-07-31 12:20:00,301.17499,301.61401,301.14001,301.44501,569919
2026-07-31 12:25:00,301.45001,301.57999,300.47,300.54001,763094
2026-07-31 12:30:00,300.56,300.67999,300.0,300.535,1356643
2026-07-31 12:35:00,300.51999,301.01001,300.35001,300.54999,645228
2026-07-31 12:40:00,300.54779,300.98001,300.20999,300.36499,820080
2026-07-31 12:45:00,300.35999,301.10999,300.245,300.78,559159
2026-07-31 12:50:00,300.79001,301.54999,300.57001,300.72,730942
2026-07-31 12:55:00,300.73001,300.97,300.39001,300.87,590605
2026-07-31 13:00:00,300.85999,301.83429,300.85501,301.58499,624192
2026-07-31 13:05:00,301.59,301.78,301.14999,301.17099,501552
2026-07-31 13:10:00,301.17001,301.60001,300.95999,301.51999,498692
2026-07-31 13:15:00,301.51501,301.82001,301.20001,301.57501,609988
2026-07-31 13:20:00,301.57901,301.655,301.25,301.35001,495017
2026-07-31 13:25:00,301.34,301.45001,301.040009,301.20001,381652
2026-07-31 13:30:00,301.20001,301.57001,301.10001,301.46899,489552
2026-07-31 13:35:00,301.45999,301.72,301.26999,301.39001,413729
2026-07-31 13:40:00,301.39999,301.60001,301.29001,301.30499,409872
2026-07-31 13:45:00,301.30499,301.42999,301.060089,301.16,439558
2026-07-31 13:50:00,301.16989,301.26501,300.535,300.67999,3631086
2026-07-31 13:55:00,300.69,300.87,300.5,300.64001,521004
2026-07-31 14:00:00,300.64001,301.29001,300.595,301.075012,619856
2026-07-31 14:05:00,301.065002,301.22501,300.69501,300.95499,727988
2026-07-31 14:10:00,300.97,302.095001,300.94,301.995,845009
2026-07-31 14:15:00,302.0050049,302.089996,301.60999,302.029999,490080
2026-07-31 14:20:00,302.019989,302.42001,301.97,302.32999,518716
2026-07-31 14:25:00,302.34,302.35999,301.67999,301.73001,469209
2026-07-31 14:30:00,301.76001,302.16,301.745,302.061005,584037
2026-07-31 14:35:00,302.065002,302.1601,301.85001,302.015015,471781
2026-07-31 14:40:00,302.015015,302.345,301.89011,302.32239,606593
2026-07-31 14:45:00,302.315,302.53,302.0401,302.29501,616119
2026-07-31 14:50:00,302.29501,303.0,302.23999,302.88501,803325
2026-07-31 14:55:00,302.88501,302.94461,302.42001,302.82999,662949
2026-07-31 15:00:00,302.84,303.94,302.78,303.75,1054178
2026-07-31 15:05:00,303.755,304.53,303.64999,304.41501,1262330
2026-07-31 15:10:00,304.41,304.87,304.39001,304.57999,1137472
2026-07-31 15:15:00,304.58499,305.70999,304.53,305.242,2478844
2026-07-31 15:20:00,305.23999,305.3999,304.63501,305.345,1121798
2026-07-31 15:25:00,305.345,305.70499,305.10999,305.655,1052537
2026-07-31 15:30:00,305.66,305.86499,305.070007,305.85999,1678978
2026-07-31 15:35:00,305.87,306.41,305.019989,305.14001,1445349
2026-07-31 15:40:00,305.14001,306.62,305.10999,306.535,1690899
2026-07-31 15:45:00,306.54001,307.32999,306.13,306.70999,2595918
2026-07-31 15:50:00,306.69,309.99991,306.67999,309.72,5099150
2026-07-31 15:55:00,309.70999,310.66,307.64001,309.029999,8132664
2026-08-03 09:30:00,309.67001,311.79999,305.17001,308.28,5055247
2026-08-03 09:35:00,308.285,308.48001,306.41,306.92001,1222718
2026-08-03 09:40:00,306.94312,308.45999,306.0,306.13501,1101759
2026-08-03 09:45:00,306.13501,306.7399,305.54999,306.67999,1100411
2026-08-03 09:50:00,306.73999,308.29999,306.73001,308.29501,907429
2026-08-03 09:55:00,308.26999,308.285,305.76999,305.91901,878877
2026-08-03 10:00:00,305.91,305.91,304.34,304.60001,1467931
2026-08-03 10:05:00,304.58569,305.63,304.39001,305.53,839531
2026-08-03 10:10:00,305.51999,306.67001,305.049988,306.51001,834152
2026-08-03 10:15:00,306.505,307.21552,306.059998,306.215,632790
2026-08-03 10:20:00,306.215,306.32001,305.595,306.01001,720428
2026-08-03 10:25:00,306.01001,306.019989,305.51001,305.55011,420596
2026-08-03 10:30:00,305.54999,305.67999,305.25,305.625,710885
2026-08-03 10:35:00,305.63989,306.177,305.39999,305.50009,752074
2026-08-03 10:40:00,305.51501,305.89999,305.34009,305.755,504904
2026-08-03 10:45:00,305.755,306.44,305.080109,305.28,872522
2026-08-03 10:50:00,305.28,305.97,305.23499,305.41,654260
2026-08-03 10:55:00,305.41501,305.66,305.020111,305.35001,697416
2026-08-03 11:00:00,305.345,305.67001,304.81229,304.965,1013222
2026-08-03 11:05:00,304.95001,305.089996,304.60001,304.89001,767064
2026-08-03 11:10:00,304.89499,305.48999,304.86749,305.1572,768514
2026-08-03 11:15:00,305.14999,305.79999,305.10001,305.19,1042650
2026-08-03 11:20:00,305.19501,305.20999,304.72,304.89499,706856
2026-08-03 11:25:00,304.89499,304.89499,303.89999,304.215,1022063
2026-08-03 11:30:00,304.215,304.23001,303.5,303.62,837865
2026-08-03 11:35:00,303.625,304.39499,303.60001,303.80899,578605
2026-08-03 11:40:00,303.81,303.88,303.11011,303.1601,694555
2026-08-03 11:45:00,303.16501,303.16989,302.56,302.7511,688899
2026-08-03 11:50:00,302.755,303.19,302.745,303.084991,472623
2026-08-03 11:55:00,303.084991,303.79001,303.080109,303.77499,533300
2026-08-03 12:00:00,303.77499,304.44,303.73001,304.3399,673800
2026-08-03 12:05:00,304.33499,305.040009,304.035004,304.10999,954021
2026-08-03 12:10:00,304.10501,304.35999,303.73499,304.0401,556524
2026-08-03 12:15:00,304.045013,304.53,304.040009,304.45999,540173
2026-08-03 12:20:00,304.45099,305.17999,304.45001,305.14499,609664
2026-08-03 12:25:00,305.14499,306.35999,305.049988,306.35999,877532
2026-08-03 12:30:00,306.35001,306.89001,306.35001,306.4101,894601
2026-08-03 12:35:00,306.41,306.88,306.045013,306.875,655670
2026-08-03 12:40:00,306.87991,307.17999,306.51999,306.66,641576
2026-08-03 12:45:00,306.6691,306.67001,305.89999,306.20499,507986
2026-08-03 12:50:00,306.20999,306.76999,306.14499,306.55499,649150
2026-08-03 12:55:00,306.56989,306.67001,306.3501,306.60999,302700
2026-08-03 13:00:00,306.61499,306.94501,306.37,306.94501,357675
2026-08-03 13:05:00,306.94501,307.070007,306.59,306.82501,378412
2026-08-03 13:10:00,306.82251,307.0,306.53,306.70499,745081
2026-08-03 13:15:00,306.70499,307.26999,306.66501,307.059906,478216
2026-08-03 13:20:00,307.05011,307.23001,306.80011,307.2001,849207
2026-08-03 13:25:00,307.20001,307.54001,307.16,307.22501,438773
2026-08-03 13:30:00,307.22501,307.23001,306.70001,306.815,394381
2026-08-03 13:35:00,306.815,306.82001,306.19,306.535,458029
2026-08-03 13:40:00,306.535,306.79999,306.5,306.79001,291687
2026-08-03 13:45:00,306.78,306.78989,306.12061,306.24991,360122
2026-08-03 13:50:00,306.25,306.39999,305.89999,305.9501,346268
2026-08-03 13:55:00,305.95099,306.17999,305.53009,306.075012,572136
2026-08-03 14:00:00,306.071106,306.44,306.01001,306.20001,465452
2026-08-03 14:05:00,306.19501,306.35999,305.89499,306.045013,450270
2026-08-03 14:10:00,306.0401,306.19501,305.83499,305.98499,417401
2026-08-03 14:15:00,305.98999,306.39001,305.98999,306.24249,332842
2026-08-03 14:20:00,306.245,306.29001,305.95001,305.95001,271332
2026-08-03 14:25:00,305.95499,306.059998,305.5,305.52029,387032
2026-08-03 14:30:00,305.53,305.845,305.38,305.59991,395470
2026-08-03 14:35:00,305.59009,305.64999,305.26999,305.28,450707
2026-08-03 14:40:00,305.26999,305.48999,305.019989,305.084991,498181
2026-08-03 14:45:00,305.084991,305.27499,304.89999,305.040009,492543
2026-08-03 14:50:00,305.040009,305.35001,304.95499,305.13,376191
2026-08-03 14:55:00,305.14001,305.57001,305.11249,305.20999,454852
2026-08-03 15:00:00,305.20999,305.59,305.14499,305.44,375185
2026-08-03 15:05:00,305.45001,305.97,305.25,305.845,536221
2026-08-03 15:10:00,305.84052,305.92999,305.66,305.905,465281
2026-08-03 15:15:00,305.905,305.95001,305.41,305.57501,471305
2026-08-03 15:20:00,305.57501,305.63,304.79999,305.015015,613650
2026-08-03 15:25:00,305.015015,305.079987,304.92499,305.045013,499343
2026-08-03 15:30:00,305.045013,305.079987,304.89001,304.91,515359
2026-08-03 15:35:00,304.905,305.049988,304.89999,305.0,347113
2026-08-03 15:40:00,305.0,305.01001,304.45001,304.82501,895948
2026-08-03 15:45:00,304.82501,304.8251,303.89999,304.01001,1559634
2026-08-03 15:50:00,304.0,304.5,303.0,303.401,2344410
2026-08-03 15:55:00,303.39999,303.48999,302.67999,303.26999,4523603
2026-08-04 09:30:00,303.79001,304.48999,302.73001,304.34,5266555
2026-08-04 09:35:00,304.29001,304.45679,302.45001,303.26501,1908938
2026-08-04 09:40:00,303.26001,303.89001,302.70999,303.84,1429938
2026-08-04 09:45:00,303.79999,305.070007,303.69,304.755,1179887
2026-08-04 09:50:00,304.72,305.37,304.091187,304.20999,991966
2026-08-04 09:55:00,304.17999,305.39999,303.99899,305.29999,889462
2026-08-04 10:00:00,305.285,305.42001,304.56,304.79501,611925
2026-08-04 10:05:00,304.79999,305.57001,304.41,305.53,678836
2026-08-04 10:10:00,305.53,305.87,305.029999,305.75,827227
2026-08-04 10:15:00,305.76001,306.76001,305.70999,306.61499,962338
2026-08-04 10:20:00,306.60001,307.14001,306.55499,306.79001,912977
2026-08-04 10:25:00,306.77499,306.95999,306.48001,306.81,711195
2026-08-04 10:30:00,306.85999,306.8999,306.070007,306.29501,689679
2026-08-04 10:35:00,306.28,306.5,305.76999,305.85501,599934
2026-08-04 10:40:00,305.85501,305.90689,305.22501,305.48001,468958
2026-08-04 10:45:00,305.47501,306.42001,305.39999,306.32001,381240
2026-08-04 10:50:00,306.31229,306.51001,305.97,306.10001,431779
2026-08-04 10:55:00,306.10999,306.25,306.0,306.23499,734473
2026-08-04 11:00:00,306.25,306.25,305.88,306.14001,341780
2026-08-04 11:05:00,306.15991,306.42001,305.97,306.39001,547630
2026-08-04 11:10:00,306.38,306.5,306.16,306.24231,374047
2026-08-04 11:15:00,306.26999,306.44,306.01001,306.10001,348355
2026-08-04 11:20:00,306.099915,306.48999,305.81,306.465,414670
2026-08-04 11:25:00,306.45001,306.57169,305.60001,305.67389,423094
2026-08-04 11:30:00,305.67001,305.98999,305.48999,305.95001,366583
2026-08-04 11:35:00,305.98001,306.73001,305.95999,306.44,426475
2026-08-04 11:40:00,306.43011,306.48001,306.12,306.25989,253586
2026-08-04 11:45:00,306.26001,306.54001,306.10001,306.37949,264088
2026-08-04 11:50:00,306.38,306.67001,306.23001,306.26999,670091
2026-08-04 11:55:00,306.26001,306.39499,306.13,306.345,257297
2026-08-04 12:00:00,306.33749,306.45001,306.14499,306.19931,472346
2026-08-04 12:05:00,306.19,306.25,305.67001,305.92499,336621
2026-08-04 12:10:00,305.92001,306.39001,305.89999,306.35159,277168
2026-08-04 12:15:00,306.35001,306.39001,305.82999,305.87,272290
2026-08-04 12:20:00,305.87,306.32001,305.82001,306.23001,282484
2026-08-04 12:25:00,306.23999,306.72,306.17999,306.505,396268
2026-08-04 12:30:00,306.505,306.54999,306.34,306.465,232975
2026-08-04 12:35:00,306.47501,306.95001,306.47049,306.73999,474668
2026-08-04 12:40:00,306.745,307.84,306.72,307.76501,645293
2026-08-04 12:45:00,307.73999,307.98999,307.42001,307.89999,553016
2026-08-04 12:50:00,307.95901,308.60001,307.9101,308.22,657419
2026-08-04 12:55:00,308.22,308.37,308.079987,308.24539,445527
2026-08-04 13:00:00,308.23001,309.29999,308.20001,309.29999,627252
2026-08-04 13:05:00,309.285,309.75,309.28,309.61499,680438
2026-08-04 13:10:00,309.61011,310.42001,309.60999,310.12201,785537
2026-08-04 13:15:00,310.13,310.25,309.66,309.70001,516736
2026-08-04 13:20:00,309.69,309.70999,308.89999,308.9277,474432
2026-08-04 13:25:00,308.92001,309.14999,308.85999,308.89999,396471
2026-08-04 13:30:00,308.89999,309.0,308.66,308.72809,319683
2026-08-04 13:35:00,308.73001,309.34,308.70999,309.323,415352
2026-08-04 13:40:00,309.32501,309.60001,309.29999,309.58301,388575
2026-08-04 13:45:00,309.56,310.13,309.54001,309.92068,585617
2026-08-04 13:50:00,309.91,309.91,309.47,309.60321,352134
2026-08-04 13:55:00,309.57999,309.94,309.32999,309.35999,320677
2026-08-04 14:00:00,309.34,309.91241,309.25,309.84,1106554
2026-08-04 14:05:00,309.82999,309.98999,309.67001,309.95001,320244
2026-08-04 14:10:00,309.94,310.095001,309.88,310.029999,280314
2026-08-04 14:15:00,310.019989,310.12,309.81,309.89999,366533
2026-08-04 14:20:00,309.905,309.92499,309.35999,309.48651,331539
2026-08-04 14:25:00,309.465,309.51999,309.20001,309.32001,267704
2026-08-04 14:30:00,309.31,309.5,309.089996,309.14001,294201
2026-08-04 14:35:00,309.14001,309.19,308.88,308.92999,282621
2026-08-04 14:40:00,308.935,308.935,308.64001,308.815,291716
2026-08-04 14:45:00,308.82001,309.12,308.79999,309.040009,287433
2026-08-04 14:50:00,309.047791,309.23001,309.01001,309.185,222561
2026-08-04 14:55:00,309.19,309.28851,308.48001,308.51999,492299
2026-08-04 15:00:00,308.52499,308.87991,308.5,308.64999,404070
2026-08-04 15:05:00,308.64001,308.70001,308.25,308.51999,442056
2026-08-04 15:10:00,308.53,308.85001,308.51999,308.72,466547
2026-08-04 15:15:00,308.72501,308.85999,308.57001,308.73999,434599
2026-08-04 15:20:00,308.73499,309.57001,308.70999,309.53229,516743
2026-08-04 15:25:00,309.54999,309.79999,309.47501,309.57999,550780
2026-08-04 15:30:00,309.57999,310.079987,309.51001,310.070007,560458
2026-08-04 15:35:00,310.065002,310.23999,310.0,310.049988,508932
2026-08-04 15:40:00,310.070007,310.29001,309.97,310.27499,528676
2026-08-04 15:45:00,310.26001,310.42001,310.10001,310.3757,629005
2026-08-04 15:50:00,310.39999,310.39999,309.39999,309.64999,1320579
2026-08-04 15:55:00,309.64999,309.87,308.88,309.39001,2163658
2026-08-05 09:30:00,309.35999,309.38,307.64999,308.63,3202077
2026-08-05 09:35:00,308.63501,308.63501,305.67001,307.76001,1714140
2026-08-05 09:40:00,307.77499,308.29001,307.13,308.16,733779
2026-08-05 09:45:00,308.17001,308.19501,307.27011,307.285,584362
2026-08-05 09:50:00,307.28009,308.23999,306.89001,307.77011,789224
2026-08-05 09:55:00,307.79001,308.18259,307.64011,308.0,471345
2026-08-05 10:00:00,307.98001,308.34949,307.53,308.32999,557067
2026-08-05 10:05:00,308.32001,308.39441,307.6286,307.67499,446126
2026-08-05 10:10:00,307.67999,308.5,307.35001,308.41989,473959
2026-08-05 10:15:00,308.39999,308.70999,308.059998,308.28009,480901
2026-08-05 10:20:00,308.28,309.049896,308.255,308.33499,519681
2026-08-05 10:25:00,308.345,308.35501,306.72,306.72751,572287
2026-08-05 10:30:00,306.70001,307.059998,306.26999,306.82999,629632
2026-08-05 10:35:00,306.83899,307.67999,306.76999,307.54089,563542
2026-08-05 10:40:00,307.57501,308.88,307.54001,308.84991,579557
2026-08-05 10:45:00,308.85001,310.079987,308.82999,309.9299,802777
2026-08-05 10:50:00,309.91,311.22,309.91,310.70999,939261
2026-08-05 10:55:00,310.73001,311.35999,310.39001,311.32501,605125
2026-08-05 11:00:00,311.34,311.37,310.59,311.035004,563531
2026-08-05 11:05:00,311.040009,311.66,310.8541,311.54501,617726
2026-08-05 11:10:00,311.54651,311.70819,310.51999,310.51999,542961
2026-08-05 11:15:00,310.51001,310.60501,309.31,309.82999,825045
2026-08-05 11:20:00,309.81,309.9295,309.5,309.70001,356274
2026-08-05 11:25:00,309.69,309.70001,308.42001,308.595,401258
2026-08-05 11:30:00,308.595,309.0,308.57001,308.64999,351705
2026-08-05 11:35:00,308.66,308.75,308.17999,308.41571,318861
2026-08-05 11:40:00,308.435,308.48999,308.14001,308.26501,280228
2026-08-05 11:45:00,308.26511,308.32999,307.82999,308.049988,361086
2026-08-05 11:50:00,308.029999,308.48001,307.91,308.405,341802
2026-08-05 11:55:00,308.39871,308.5199,307.85001,307.97,423331
2026-08-05 12:00:00,307.97,308.92499,307.95999,308.70001,545235
2026-08-05 12:05:00,308.7009,309.44,308.64011,309.20001,379025
2026-08-05 12:10:00,309.20001,309.38,308.89001,309.095001,314061
2026-08-05 12:15:00,309.089996,309.10559,308.88,308.92499,199962
2026-08-05 12:20:00,308.92001,309.32999,308.85049,309.029999,186103
2026-08-05 12:25:00,309.035706,309.23001,308.6001,308.63989,229203
2026-08-05 12:30:00,308.63,308.98999,308.45001,308.92499,246819
2026-08-05 12:35:00,308.92999,309.12,308.64999,308.69,232552
2026-08-05 12:40:00,308.66,309.34,308.66,309.29001,324801
2026-08-05 12:45:00,309.28,309.34,308.89999,309.059998,170475
2026-08-05 12:50:00,309.059998,309.10001,308.82999,309.054993,195399
2026-08-05 12:55:00,309.054993,309.12,308.75,308.82999,202819
2026-08-05 13:00:00,308.82999,309.125,308.82001,309.040009,170091
2026-08-05 13:05:00,309.029999,309.36499,308.92999,309.26999,201422
2026-08-05 13:10:00,309.26999,309.76999,309.25,309.72,268049
2026-08-05 13:15:00,309.715,309.98001,309.66,309.76999,225979
2026-08-05 13:20:00,309.77499,309.84949,309.57999,309.81,205823
2026-08-05 13:25:00,309.78,309.82001,309.59,309.73999,154422
2026-08-05 13:30:00,309.75,310.17001,309.64001,310.14499,247380
2026-08-05 13:35:00,310.14001,310.22,309.67999,309.76001,258752
2026-08-05 13:40:00,309.76501,309.95001,309.42001,309.625,232894
2026-08-05 13:45:00,309.60501,309.60999,309.14001,309.242,240692
2026-08-05 13:50:00,309.23999,309.29501,308.98999,309.14001,188362
2026-08-05 13:55:00,309.14001,309.17999,308.73999,308.92001,178093
2026-08-05 14:00:00,308.92001,308.95999,308.60001,308.73001,185603
2026-08-05 14:05:00,308.70499,308.76501,308.54001,308.64999,218764
2026-08-05 14:10:00,308.64001,308.64999,308.32199,308.51001,209892
2026-08-05 14:15:00,308.51999,308.67001,308.41,308.61499,197604
2026-08-05 14:20:00,308.62,308.62,308.315,308.345,205394
2026-08-05 14:25:00,308.34509,308.42999,308.079987,308.19009,292896
2026-08-05 14:30:00,308.2092,308.35001,308.084991,308.32001,953608
2026-08-05 14:35:00,308.32001,308.495,308.31009,308.44989,221719
2026-08-05 14:40:00,308.45999,308.73999,308.42499,308.63,258049
2026-08-05 14:45:00,308.625,308.73999,308.48499,308.69101,201084
2026-08-05 14:50:00,308.70001,309.12,308.6524,309.035492,209865
2026-08-05 14:55:00,309.040009,309.089996,308.79999,308.95999,192850
2026-08-05 15:00:00,308.95001,309.079987,308.70001,308.76999,200893
2026-08-05 15:05:00,308.77231,309.14001,308.70999,309.035004,225750
2026-08-05 15:10:00,309.035004,309.040009,308.83499,308.91,629959
2026-08-05 15:15:00,308.91501,309.079102,308.91501,309.0,186612
2026-08-05 15:20:00,308.995,309.87,308.95999,309.85999,340276
2026-08-05 15:25:00,309.85999,309.879,309.61499,309.62009,430072
2026-08-05 15:30:00,309.60999,310.059998,309.57999,309.98999,453679
2026-08-05 15:35:00,309.98001,309.98001,309.39001,309.67999,395974
2026-08-05 15:40:00,309.67999,309.97,309.51999,309.905,368091
2026-08-05 15:45:00,309.92001,310.22501,309.815,310.12,498465
2026-08-05 15:50:00,310.14001,310.92999,310.14001,310.92999,1106576
2026-08-05 15:55:00,310.92999,311.55499,310.76001,310.92001,3303994
2026-08-06 09:30:00,314.34,316.13,313.7301,314.42999,2659995
2026-08-06 09:35:00,314.42001,314.935,313.48999,313.94,829864
2026-08-06 09:40:00,313.9238,315.14999,313.84,314.76999,657454
2026-08-06 09:45:00,314.7001,315.97,314.56,315.48999,821429
2026-08-06 09:50:00,315.51999,316.059998,315.049988,316.01001,731246
2026-08-06 09:55:00,316.0,316.2894,314.76999,314.76999,844985
2026-08-06 10:00:00,314.79999,315.19,314.32999,314.78448,540000
2026-08-06 10:05:00,314.79999,314.79999,313.60001,313.64001,555318
2026-08-06 10:10:00,313.655,313.76001,312.70001,313.31781,710713
2026-08-06 10:15:00,313.32001,313.45499,312.41,312.57999,934290
2026-08-06 10:20:00,312.59,312.70001,312.12,312.39999,661662
2026-08-06 10:25:00,312.38501,312.89001,312.255,312.84,540021
2026-08-06 10:30:00,312.79999,313.29001,312.3801,312.86011,533747
2026-08-06 10:35:00,312.905,312.92999,311.78009,312.13501,626056
2026-08-06 10:40:00,312.11499,312.54999,312.01001,312.42499,322237
2026-08-06 10:45:00,312.42499,313.43991,312.25,312.82379,510489
2026-08-06 10:50:00,312.82999,313.57001,312.72101,313.32001,467690
2026-08-06 10:55:00,313.32501,313.64001,313.0,313.3436,371102
2026-08-06 11:00:00,313.35999,313.3699,312.38,312.82001,369828
2026-08-06 11:05:00,312.79001,312.81989,312.42001,312.6395,300384
2026-08-06 11:10:00,312.63501,312.66,312.0050049,312.15289,446531
2026-08-06 11:15:00,312.22,312.26999,310.72,310.72501,554499
2026-08-06 11:20:00,310.72501,310.77011,309.66,310.040009,723511
2026-08-06 11:25:00,310.029999,310.16422,309.70999,310.10001,512094
2026-08-06 11:30:00,310.10501,310.37,309.79001,310.215,491726
2026-08-06 11:35:00,310.20001,310.41,310.075012,310.20001,300735
2026-08-06 11:40:00,310.17999,310.31,309.95999,310.070007,295789
2026-08-06 11:45:00,310.075012,310.14999,309.72,310.045013,326266
2026-08-06 11:50:00,310.035797,310.25,309.76001,309.87,251392
2026-08-06 11:55:00,309.87,309.939,309.23001,309.54001,375099
2026-08-06 12:00:00,309.53,309.95999,309.42999,309.94501,246886
2026-08-06 12:05:00,309.95001,309.96991,309.25,309.89001,420199
2026-08-06 12:10:00,309.89001,310.079987,309.70001,309.98001,203943
2026-08-06 12:15:00,309.98001,310.49991,309.79999,310.49991,269435
2026-08-06 12:20:00,310.5,311.049988,310.435,310.95999,319010
2026-08-06 12:25:00,310.94,311.26001,310.73001,311.15701,274063
2026-08-06 12:30:00,311.16,311.41989,311.12,311.38239,231959
2026-08-06 12:35:00,311.39001,311.67001,311.34,311.62,254623
2026-08-06 12:40:00,311.62,311.63,311.26001,311.35999,221975
2026-08-06 12:45:00,311.36499,311.56,311.28,311.51999,201616
2026-08-06 12:50:00,311.505,311.53101,311.33499,311.53,167131
2026-08-06 12:55:00,311.52411,311.76001,311.45999,311.66,215218
2026-08-06 13:00:00,311.64999,311.76001,311.43079,311.48999,164134
2026-08-06 13:05:00,311.50989,311.56,310.70999,310.7207,354029
2026-08-06 13:10:00,310.73001,310.92001,310.73001,310.88501,1236897
2026-08-06 13:15:00,310.89001,311.20001,310.88501,311.10999,222145
2026-08-06 13:20:00,311.11499,311.25,311.040009,311.245,296184
2026-08-06 13:25:00,311.23001,311.23999,311.079987,311.20059,182513
2026-08-06 13:30:00,311.20999,311.42999,311.18011,311.39401,199330
2026-08-06 13:35:00,311.39499,311.44989,311.2901,311.39999,168490
2026-08-06 13:40:00,311.39499,311.57001,311.32999,311.57001,148904
2026-08-06 13:45:00,311.56009,311.57999,311.45029,311.54001,159378
2026-08-06 13:50:00,311.54001,311.95001,311.53,311.92999,223541
2026-08-06 13:55:00,311.94,312.17999,311.871,312.16,232337
2026-08-06 14:00:00,312.17999,312.22,311.98001,312.19989,239894
2026-08-06 14:05:00,312.19,312.25,312.029999,312.040009,213902
2026-08-06 14:10:00,312.045013,312.20001,311.98001,311.98999,177313
2026-08-06 14:15:00,311.98999,312.10999,311.79999,311.95999,335446
2026-08-06 14:20:00,311.97,312.22,311.95999,312.17499,169880
2026-08-06 14:25:00,312.17499,312.42001,312.14001,312.23999,182008
2026-08-06 14:30:00,312.24771,312.47,312.19,312.32501,185759
2026-08-06 14:35:00,312.35001,312.39999,311.88,311.95001,189311
2026-08-06 14:40:00,311.95499,312.14499,311.88,311.98801,151882
2026-08-06 14:45:00,311.97501,312.17999,311.9223,312.13019,146163
2026-08-06 14:50:00,312.13501,312.28,312.036987,312.23999,168502
2026-08-06 14:55:00,312.241,312.34,312.14999,312.26999,168807
2026-08-06 15:00:00,312.26999,312.39999,312.090088,312.35001,189629
2026-08-06 15:05:00,312.3501,312.5,312.29999,312.39001,208973
2026-08-06 15:10:00,312.39001,312.465,312.26001,312.42999,206666
2026-08-06 15:15:00,312.41,312.42999,312.14999,312.38,844171
2026-08-06 15:20:00,312.37,312.82001,312.35001,312.60999,315952
2026-08-06 15:25:00,312.60001,312.75,312.45001,312.57999,251873
2026-08-06 15:30:00,312.59,312.73999,312.39999,312.73999,306659
2026-08-06 15:35:00,312.72501,312.8291,312.60001,312.64001,372859
2026-08-06 15:40:00,312.63501,312.92999,312.56,312.79501,489817
2026-08-06 15:45:00,312.81,312.82999,312.23001,312.48001,399513
2026-08-06 15:50:00,312.41,312.54999,311.78,312.42999,729765
2026-08-06 15:55:00,312.42999,312.94,312.23029,312.45001,1498147
2026-08-07 09:30:00,312.0,313.81,311.91,313.2001,1955509
2026-08-07 09:35:00,313.22501,313.5899,312.049988,312.22501,537765
2026-08-07 09:40:00,312.215,312.31,310.73999,311.78,757027
2026-08-07 09:45:00,311.76999,312.1781,311.14999,311.26001,520507
2026-08-07 09:50:00,311.25,311.79999,311.029999,311.79999,547509
2026-08-07 09:55:00,311.75,312.079987,311.48001,311.73499,342423
2026-08-07 10:00:00,311.69,312.3399,311.64999,312.29001,448508
2026-08-07 10:05:00,312.29501,312.58801,311.90051,312.42001,388124
2026-08-07 10:10:00,312.41,312.45999,312.035004,312.14001,332952
2026-08-07 10:15:00,312.14011,313.078003,311.75,313.070007,477295
2026-08-07 10:20:00,313.089996,314.10001,312.97021,314.040009,501281
2026-08-07 10:25:00,314.049988,314.13501,313.67001,314.079987,406343
2026-08-07 10:30:00,314.089996,314.81,313.97,314.26001,601590
2026-08-07 10:35:00,314.26999,314.37,313.91501,314.20999,346479
2026-08-07 10:40:00,314.22,314.38,314.049988,314.28,252699
2026-08-07 10:45:00,314.245,314.35999,314.019989,314.070007,217842
2026-08-07 10:50:00,314.065002,314.14001,313.64999,313.89999,379261
2026-08-07 10:55:00,313.89999,314.38,313.84,314.31799,798391
2026-08-07 11:00:00,314.31,314.35001,314.029999,314.19501,173177
2026-08-07 11:05:00,314.19,314.23001,313.78,313.84,184463
2026-08-07 11:10:00,313.815,314.049988,313.54999,313.94421,185690
2026-08-07 11:15:00,313.935,313.94,313.1239,313.13,503815
2026-08-07 11:20:00,313.13,313.29001,313.0,313.22,279525
2026-08-07 11:25:00,313.22,313.39499,313.0867,313.35999,238951
2026-08-07 11:30:00,313.35999,313.42001,312.42001,312.495,344110
2026-08-07 11:35:00,312.505,312.78,312.45691,312.64001,279251
2026-08-07 11:40:00,312.64999,312.69,312.44,312.60001,242536
2026-08-07 11:45:00,312.60001,312.60001,312.14999,312.20999,299052
2026-08-07 11:50:00,312.20999,312.328,312.019989,312.31,504283
2026-08-07 11:55:00,312.31,312.32999,312.040009,312.14999,197983
2026-08-07 12:00:00,312.14001,312.42999,312.079987,312.42001,265125
2026-08-07 12:05:00,312.42001,312.42001,311.66,311.75,310151
2026-08-07 12:10:00,311.75,311.87,311.54999,311.82089,227820
2026-08-07 12:15:00,311.82501,311.931,311.76001,311.85001,228892
2026-08-07 12:20:00,311.85999,311.95999,311.7001,311.7001,210388
2026-08-07 12:25:00,311.7272,311.82001,311.54001,311.69,148816
2026-08-07 12:30:00,311.69501,311.89001,311.61011,311.89001,154772
2026-08-07 12:35:00,311.89999,312.16,311.89499,312.070007,216293
2026-08-07 12:40:00,312.079987,312.26001,312.019989,312.17499,200593
2026-08-07 12:45:00,312.17999,312.48901,312.13,312.35999,198546
2026-08-07 12:50:00,312.35501,312.39001,312.12,312.22,176262
2026-08-07 12:55:00,312.215,312.29999,312.1272,312.22,124223
2026-08-07 13:00:00,312.22501,312.48001,312.17999,312.42499,163459
2026-08-07 13:05:00,312.42499,312.53,312.26001,312.34,170059
2026-08-07 13:10:00,312.32501,312.56,312.28,312.47,208580
2026-08-07 13:15:00,312.47,312.655,312.29501,312.60229,204125
2026-08-07 13:20:00,312.60999,312.90329,312.60999,312.82739,185440
2026-08-07 13:25:00,312.82501,312.8399,312.67001,312.73999,171222
2026-08-07 13:30:00,312.73999,312.88,312.67001,312.72,156310
2026-08-07 13:35:00,312.715,313.065002,312.59,312.98001,226218
2026-08-07 13:40:00,312.98999,313.073395,312.84,312.99179,125749
2026-08-07 13:45:00,313.0,313.17001,312.97,313.12,165755
2026-08-07 13:50:00,313.10999,313.25,312.91,313.0,275921
2026-08-07 13:55:00,313.0,313.17001,312.9101,312.98001,182863
2026-08-07 14:00:00,312.98499,313.059998,312.57001,312.79001,278343
2026-08-07 14:05:00,312.79999,312.84,312.48001,312.5,199998
2026-08-07 14:10:00,312.48999,312.745,312.28,312.38181,190225
2026-08-07 14:15:00,312.37,312.39999,312.059998,312.26999,223192
2026-08-07 14:20:00,312.25,312.36499,312.070007,312.10001,144538
2026-08-07 14:25:00,312.10001,312.16,311.82001,311.91901,197292
2026-08-07 14:30:00,311.9101,311.99991,311.67999,311.82501,172241
2026-08-07 14:35:00,311.82501,311.97,311.815,311.92999,128814
2026-08-07 14:40:00,311.92999,312.049988,311.82001,311.89001,202644
2026-08-07 14:45:00,311.89999,311.95999,311.82999,311.92499,143532
2026-08-07 14:50:00,311.92081,312.17001,311.91,312.15991,147791
2026-08-07 14:55:00,312.14001,312.48999,312.10251,312.42999,195299
2026-08-07 15:00:00,312.45001,312.5,312.23001,312.39499,249378
2026-08-07 15:05:00,312.39999,312.7215,312.38321,312.72,209127
2026-08-07 15:10:00,312.71991,312.91,312.71301,312.85501,230721
2026-08-07 15:15:00,312.85001,313.12,312.84,312.89001,279127
2026-08-07 15:20:00,312.91,313.26001,312.85999,313.22,216817
2026-08-07 15:25:00,313.22,313.39001,313.19,313.2775,438243
2026-08-07 15:30:00,313.28,313.31,313.029999,313.125,400642
2026-08-07 15:35:00,313.125,313.27069,313.0,313.215,282845
2026-08-07 15:40:00,313.22,313.33401,313.10001,313.26001,383606
2026-08-07 15:45:00,313.25,313.31,313.049988,313.10501,257149
2026-08-07 15:50:00,313.10001,313.60001,312.92499,313.23001,731339
2026-08-07 15:55:00,313.22501,314.17999,313.20001,313.29999,2197847
2026-08-10 09:30:00,306.82999,307.31039,304.63,306.63,6111372
2026-08-10 09:35:00,306.67499,306.729,304.89999,305.905,1131386
2026-08-10 09:40:00,305.95251,306.5,305.625,305.86499,1017875
2026-08-10 09:45:00,305.85001,306.89999,305.66,306.89001,1085631
2026-08-10 09:50:00,306.85501,307.42001,306.11801,306.60001,918738
2026-08-10 09:55:00,306.54001,307.22,306.48001,307.049988,580500
2026-08-10 10:00:00,307.040009,307.42001,306.64029,307.32501,625648
2026-08-10 10:05:00,307.34,307.38989,306.25,306.41,635742
2026-08-10 10:10:00,306.39081,306.56,305.95001,306.53,634560
2026-08-10 10:15:00,306.51001,307.079987,306.29001,307.059998,641358
2026-08-10 10:20:00,307.040009,307.4559,306.72,306.78009,473960
2026-08-10 10:25:00,306.79501,307.25,306.64001,306.88,351952
2026-08-10 10:30:00,306.89709,307.20001,306.70679,306.91,382626
2026-08-10 10:35:00,306.935,306.95999,306.51001,306.60779,312455
2026-08-10 10:40:00,306.59,306.79001,306.45999,306.745,281854
2026-08-10 10:45:00,306.745,306.88,306.22501,306.45499,446157
2026-08-10 10:50:00,306.44849,306.85001,306.35001,306.84659,373274
2026-08-10 10:55:00,306.82999,307.2099,306.64011,307.125,321443
2026-08-10 11:00:00,307.125,307.14001,306.64999,306.70001,295438
2026-08-10 11:05:00,306.69501,306.76001,306.45001,306.64001,274946
2026-08-10 11:10:00,306.64999,306.89001,306.39001,306.39001,322810
2026-08-10 11:15:00,306.405,306.87039,306.28101,306.64999,220473
2026-08-10 11:20:00,306.64999,306.73541,306.54999,306.625,177440
2026-08-10 11:25:00,306.63,306.69,306.42999,306.5585,263735
2026-08-10 11:30:00,306.52051,306.60999,306.39999,306.405,250896
2026-08-10 11:35:00,306.40991,306.64001,306.32001,306.51999,244679
2026-08-10 11:40:00,306.51999,306.79001,306.47,306.54501,217341
2026-08-10 11:45:00,306.54999,306.67999,306.51001,306.64001,159956
2026-08-10 11:50:00,306.64001,306.94901,306.5401,306.89499,201646
2026-08-10 11:55:00,306.87009,307.23001,306.82999,307.17999,293886
2026-08-10 12:00:00,307.10999,307.24719,306.47,306.495,303266
2026-08-10 12:05:00,306.48001,306.54999,306.019989,306.037109,480979
2026-08-10 12:10:00,306.049988,306.10999,305.39011,305.54501,804241
2026-08-10 12:15:00,305.54501,305.69989,305.049988,305.67001,534042
2026-08-10 12:20:00,305.67499,305.99121,305.53,305.63,401877
2026-08-10 12:25:00,305.63,305.6738,305.45001,305.53,257512
2026-08-10 12:30:00,305.54999,305.69,305.17001,305.25,370480
2026-08-10 12:35:00,305.2774,305.67001,305.19,305.47501,302380
2026-08-10 12:40:00,305.47501,305.76001,305.42001,305.63571,241209
2026-08-10 12:45:00,305.64499,305.95999,305.60999,305.88,269461
2026-08-10 12:50:00,305.875,306.079102,305.80499,306.068512,207090
2026-08-10 12:55:00,306.059998,306.29001,306.01001,306.26999,233740
2026-08-10 13:00:00,306.26999,306.53,306.22,306.49011,305225
2026-08-10 13:05:00,306.4978,306.63,306.25,306.61499,236856
2026-08-10 13:10:00,306.61499,306.61499,306.31021,306.45499,195531
2026-08-10 13:15:00,306.45999,306.79001,306.41,306.41501,232933
2026-08-10 13:20:00,306.41,306.64001,306.2807,306.608,191413
2026-08-10 13:25:00,306.60501,306.60501,306.25009,306.47,187244
2026-08-10 13:30:00,306.47,306.578,306.35001,306.5,192199
2026-08-10 13:35:00,306.47501,306.79001,306.42999,306.57999,170705
2026-08-10 13:40:00,306.58499,306.84,306.5401,306.70999,143351
2026-08-10 13:45:00,306.70999,306.78,306.0,306.3577,585124
2026-08-10 13:50:00,306.34,306.38,306.20999,306.26001,159683
2026-08-10 13:55:00,306.28,306.79001,306.27771,306.72769,206601
2026-08-10 14:00:00,306.73001,306.98999,306.64001,306.67999,213730
2026-08-10 14:05:00,306.67999,306.75,306.60999,306.70001,163530
2026-08-10 14:10:00,306.70001,306.7999,306.56,306.63,190105
2026-08-10 14:15:00,306.62,306.76001,306.52011,306.60999,185259
2026-08-10 14:20:00,306.62,306.73999,306.58499,306.60001,165892
2026-08-10 14:25:00,306.60001,306.7793,306.60001,306.715,178584
2026-08-10 14:30:00,306.71991,306.97,306.62,306.82999,245036
2026-08-10 14:35:00,306.82501,306.89001,306.64001,306.67001,236253
2026-08-10 14:40:00,306.67999,306.84,306.60001,306.82999,203260
2026-08-10 14:45:00,306.82999,306.85999,306.70999,306.82501,180766
2026-08-10 14:50:00,306.82501,307.26001,306.76999,307.185,256393
2026-08-10 14:55:00,307.17029,307.20999,307.029999,307.040009,184180
2026-08-10 15:00:00,307.049988,307.22409,307.040009,307.2124,246206
2026-08-10 15:05:00,307.20999,307.34991,307.13,307.22501,282635
2026-08-10 15:10:00,307.22,307.45999,307.17001,307.43671,318906
2026-08-10 15:15:00,307.44,307.51999,307.28,307.51001,344843
2026-08-10 15:20:00,307.51501,307.6514,307.32001,307.54999,300256
2026-08-10 15:25:00,307.565,307.66989,307.2001,307.23001,344698
2026-08-10 15:30:00,307.22,307.2395,306.98001,307.01001,401510
2026-08-10 15:35:00,307.01001,307.35001,307.01001,307.34,378617
2026-08-10 15:40:00,307.32999,307.42999,307.23001,307.2565,307797
2026-08-10 15:45:00,307.25,307.61499,307.17999,307.5473,328570
2026-08-10 15:50:00,307.5,307.5,306.87,306.97501,721201
2026-08-10 15:55:00,307.01001,308.23001,306.98999,308.19,2366029
2026-08-11 09:30:00,307.75,309.97,307.41,308.2388,3996363
2026-08-11 09:35:00,308.23999,308.23999,306.42001,306.72,556187
2026-08-11 09:40:00,306.70001,306.92999,306.25,306.45999,533612
2026-08-11 09:45:00,306.45999,306.62,305.85001,305.892,642926
2026-08-11 09:50:00,305.905,306.31,305.67001,306.1615,387751
2026-08-11 09:55:00,306.14999,306.52991,306.12,306.29001,268943
2026-08-11 10:00:00,306.29999,306.51001,306.059998,306.51001,269585
2026-08-11 10:05:00,306.51999,306.65601,306.29001,306.54001,351485
2026-08-11 10:10:00,306.51999,306.69,306.029999,306.35999,295458
2026-08-11 10:15:00,306.37979,306.54999,306.1268,306.45999,225028
2026-08-11 10:20:00,306.44,306.69,306.35999,306.38,238959
2026-08-11 10:25:00,306.35001,306.38281,305.89001,306.19,313741
2026-08-11 10:30:00,306.19,306.70999,306.12,306.70499,261265
2026-08-11 10:35:00,306.70001,306.83499,306.48999,306.79999,230399
2026-08-11 10:40:00,306.79501,306.94,306.62,306.67001,182622
2026-08-11 10:45:00,306.67001,306.94,306.51501,306.56,180370
2026-08-11 10:50:00,306.56,306.79999,306.5423,306.70001,205330
2026-08-11 10:55:00,306.70499,306.78,306.54999,306.59,148543
2026-08-11 11:00:00,306.60001,306.69,306.33011,306.448,190200
2026-08-11 11:05:00,306.45999,306.48499,306.049988,306.13501,201120
2026-08-11 11:10:00,306.13501,306.37,306.10001,306.215,158720
2026-08-11 11:15:00,306.22,306.44,306.17999,306.30899,186922
2026-08-11 11:20:00,306.31,306.60999,306.28009,306.59,327832
2026-08-11 11:25:00,306.59,306.76999,306.5,306.70499,258940
2026-08-11 11:30:00,306.70001,306.87,306.57999,306.64999,258381
2026-08-11 11:35:00,306.64999,306.75,306.49091,306.69,214721
2026-08-11 11:40:00,306.67999,307.35999,306.62231,307.23499,280970
2026-08-11 11:45:00,307.23001,307.48001,307.17999,307.47,189224
2026-08-11 11:50:00,307.47,307.60999,307.22,307.255,208987
2026-08-11 11:55:00,307.26999,307.37,307.0,307.25,192755
2026-08-11 12:00:00,307.23001,307.37,307.040009,307.079895,214735
2026-08-11 12:05:00,307.070007,307.23001,306.95999,307.065002,152242
2026-08-11 12:10:00,307.065002,307.070007,306.67001,306.80991,320815
2026-08-11 12:15:00,306.815,306.99991,306.73001,306.995,209132
2026-08-11 12:20:00,307.0,307.13,306.80499,306.85999,184946
2026-08-11 12:25:00,306.8501,306.87,306.45001,306.55499,230722
2026-08-11 12:30:00,306.57001,306.59,306.25,306.26001,240475
2026-08-11 12:35:00,306.26001,306.54999,306.23999,306.47,260029
2026-08-11 12:40:00,306.47,306.47,305.79999,305.85001,273145
2026-08-11 12:45:00,305.85001,306.20001,305.6987,306.125,280737
2026-08-11 12:50:00,306.12,306.35999,306.029999,306.35001,190582
2026-08-11 12:55:00,306.35999,306.37,306.13,306.23911,155482
2026-08-11 13:00:00,306.23999,306.28,306.020111,306.11011,157100
2026-08-11 13:05:00,306.10001,306.31,306.10001,306.23999,137599
2026-08-11 13:10:00,306.25,306.28,305.965,306.0,202141
2026-08-11 13:15:00,306.0,306.14511,305.97501,306.125,146051
2026-08-11 13:20:00,306.13,306.29999,306.10001,306.29501,149341
2026-08-11 13:25:00,306.29501,306.29501,306.17999,306.19,125334
2026-08-11 13:30:00,306.16501,306.29001,306.14999,306.26001,142139
2026-08-11 13:35:00,306.26001,306.42999,306.20999,306.41,188995
2026-08-11 13:40:00,306.41,306.51999,306.29999,306.405,222090
2026-08-11 13:45:00,306.39999,306.48999,305.92099,306.0,427171
2026-08-11 13:50:00,306.01001,306.20999,305.76001,306.17001,175816
2026-08-11 13:55:00,306.17999,306.25,306.01001,306.024994,141716
2026-08-11 14:00:00,306.024994,306.024994,305.75,305.76999,266653
2026-08-11 14:05:00,305.7601,305.82001,305.049988,305.27499,419044
2026-08-11 14:10:00,305.27499,305.27499,304.79001,304.95999,447365
2026-08-11 14:15:00,304.95999,305.0,304.715,304.85999,217738
2026-08-11 14:20:00,304.85501,304.87,303.94,303.98001,529266
2026-08-11 14:25:00,303.98001,304.0,302.79001,303.29999,993298
2026-08-11 14:30:00,303.2757,303.67999,302.97,303.61499,516023
2026-08-11 14:35:00,303.61499,303.78,303.029999,303.20999,418930
2026-08-11 14:40:00,303.2392,303.62,303.13501,303.46011,420604
2026-08-11 14:45:00,303.48001,303.63,303.12,303.565,300059
2026-08-11 14:50:00,303.565,304.42731,303.54001,304.405,303395
2026-08-11 14:55:00,304.39999,304.59,304.29999,304.345,242006
2026-08-11 15:00:00,304.35001,304.48999,304.0,304.20999,278505
2026-08-11 15:05:00,304.21011,304.51001,304.13,304.48999,261519
2026-08-11 15:10:00,304.5,304.79999,304.48001,304.745,305275
2026-08-11 15:15:00,304.73999,304.98999,304.73999,304.86899,293011
2026-08-11 15:20:00,304.87,305.029999,304.8248,304.90109,343864
2026-08-11 15:25:00,304.91,305.20001,304.89999,305.16,282701
2026-08-11 15:30:00,305.16,305.29999,304.38,304.48499,525703
2026-08-11 15:35:00,304.48499,304.76001,304.47,304.67001,284661
2026-08-11 15:40:00,304.689,304.72501,304.51001,304.62,396413
2026-08-11 15:45:00,304.62,304.63449,304.22,304.47,380977
2026-08-11 15:50:00,304.48001,304.92999,303.75,304.905,1128738
2026-08-11 15:55:00,304.88,305.089996,304.29999,304.89999,2002412
2026-08-12 09:30:00,305.13,305.66,302.17999,303.029999,2660889
2026-08-12 09:35:00,303.029999,303.72,302.73999,303.53601,480935
2026-08-12 09:40:00,303.54999,303.73001,303.16,303.37,373081
2026-08-12 09:45:00,303.38,303.60999,302.95999,302.97491,478940
2026-08-12 09:50:00,302.98001,303.20001,302.57999,303.095001,545680
2026-08-12 09:55:00,303.089996,303.46991,303.019989,303.37,376811
2026-08-12 10:00:00,303.38501,304.32001,303.16,303.59,691238
2026-08-12 10:05:00,303.61499,303.819,303.059998,303.16,372982
2026-08-12 10:10:00,303.17499,303.31,302.26001,302.47501,659176
2026-08-12 10:15:00,302.47501,302.70901,302.32001,302.33499,396815
2026-08-12 10:20:00,302.34,302.79999,302.29999,302.63,413930
2026-08-12 10:25:00,302.60211,302.79001,302.31,302.345,268781
2026-08-12 10:30:00,302.35999,302.85999,302.31,302.67499,458950
2026-08-12 10:35:00,302.66501,302.95001,302.53009,302.69,326753
2026-08-12 10:40:00,302.69501,302.94,302.57999,302.94,323633
2026-08-12 10:45:00,302.94,303.029999,302.38,302.405,381845
2026-08-12 10:50:00,302.39001,302.84,302.059998,302.79999,464421
2026-08-12 10:55:00,302.78009,303.19,302.41,302.42999,546405
2026-08-12 11:00:00,302.42999,302.82999,302.22,302.23001,288291
2026-08-12 11:05:00,302.22,302.48001,302.20001,302.3334,292973
2026-08-12 11:10:00,302.33981,302.34,301.57001,301.715,493616
2026-08-12 11:15:00,301.68201,301.74469,301.465,301.64771,434285
2026-08-12 11:20:00,301.64911,301.64999,301.040009,301.040985,469147
2026-08-12 11:25:00,301.040009,301.29999,301.029999,301.079987,368676
2026-08-12 11:30:00,301.089905,301.10001,300.57001,300.94949,590098
2026-08-12 11:35:00,300.98999,301.29001,300.88,300.98001,315405
2026-08-12 11:40:00,300.98999,301.028015,300.76999,300.845,280025
2026-08-12 11:45:00,300.82999,300.98999,300.67999,300.965,261277
2026-08-12 11:50:00,300.98001,301.089996,300.62,300.91,243947
2026-08-12 11:55:00,300.89999,301.25,300.89001,301.17001,265378
2026-08-12 12:00:00,301.18991,301.44571,301.13,301.155,302083
2026-08-12 12:05:00,301.155,301.64999,301.0,301.56,295371
2026-08-12 12:10:00,301.56,301.82001,301.48999,301.77499,353158
2026-08-12 12:15:00,301.77499,301.81,301.39001,301.45001,211061
2026-08-12 12:20:00,301.48001,301.5,301.34,301.45999,241572
2026-08-12 12:25:00,301.46991,301.5647,301.23999,301.51001,212942
2026-08-12 12:30:00,301.51501,301.60999,301.41,301.53009,164051
2026-08-12 12:35:00,301.53,301.72,301.45999,301.72,167347
2026-08-12 12:40:00,301.70999,301.89999,301.64001,301.89999,304575
2026-08-12 12:45:00,301.89999,301.91,301.63,301.73901,204974
2026-08-12 12:50:00,301.73499,302.13,301.73499,302.070007,313370
2026-08-12 12:55:00,302.059998,302.23001,301.97,302.16,213090
2026-08-12 13:00:00,302.16501,302.20001,302.040009,302.19,137140
2026-08-12 13:05:00,302.20001,302.38,302.20001,302.30499,211448
2026-08-12 13:10:00,302.3075,302.51001,302.19,302.44,231130
2026-08-12 13:15:00,302.42999,302.5,302.059998,302.14999,242777
2026-08-12 13:20:00,302.14001,302.42999,302.13,302.42941,164503
2026-08-12 13:25:00,302.41229,302.47,302.15009,302.1601,231187
2026-08-12 13:30:00,302.17001,302.23001,302.040009,302.17999,226283
2026-08-12 13:35:00,302.17999,302.2977,302.019989,302.12,195195
2026-08-12 13:40:00,302.13,302.13,301.73999,301.79001,290041
2026-08-12 13:45:00,301.79001,301.79999,301.54999,301.57999,231514
2026-08-12 13:50:00,301.5701,301.62,301.26999,301.457,358964
2026-08-12 13:55:00,301.45499,301.57001,301.42001,301.505,297566
2026-08-12 14:00:00,301.51001,301.66,301.505,301.5899,204161
2026-08-12 14:05:00,301.57001,301.79001,301.51999,301.57999,291688
2026-08-12 14:10:00,301.57999,301.66,301.53,301.57001,223587
2026-08-12 14:15:00,301.55499,301.57999,301.27231,301.39001,277543
2026-08-12 14:20:00,301.39999,301.45999,301.14001,301.23999,276710
2026-08-12 14:25:00,301.24799,301.31,301.059998,301.125,240646
2026-08-12 14:30:00,301.12,301.35001,301.040009,301.245,347514
2026-08-12 14:35:00,301.25,301.32999,301.10001,301.12,276754
2026-08-12 14:40:00,301.12,301.54001,301.079987,301.42499,735491
2026-08-12 14:45:00,301.42499,302.039886,301.341,301.69,760715
2026-08-12 14:50:00,301.69,302.0,301.5,301.57501,270820
2026-08-12 14:55:00,301.57001,301.82999,301.34,301.41,336215
2026-08-12 15:00:00,301.41919,301.58771,301.375,301.41,246063
2026-08-12 15:05:00,301.39999,301.45001,301.25,301.28,397278
2026-08-12 15:10:00,301.29001,301.42999,301.19,301.26999,294935
2026-08-12 15:15:00,301.27499,301.29999,301.17001,301.28,279821
2026-08-12 15:20:00,301.26999,301.44,301.23001,301.37,294359
2026-08-12 15:25:00,301.37,301.70999,301.35001,301.67999,414621
2026-08-12 15:30:00,301.67001,302.039795,301.60999,301.89499,524761
2026-08-12 15:35:00,301.89499,301.95999,301.54001,301.60001,517948
2026-08-12 15:40:00,301.59991,301.59991,301.0,301.595,774315
2026-08-12 15:45:00,301.60001,301.67001,301.26001,301.56,741002
2026-08-12 15:50:00,301.57001,301.85001,301.14999,301.37,804715
2026-08-12 15:55:00,301.35999,302.25,301.32001,302.22501,2121688
2026-08-13 09:30:00,304.258,304.26001,302.049988,303.89001,5014753
2026-08-13 09:35:00,303.89001,304.75,303.64999,304.505,757200
2026-08-13 09:40:00,304.47,304.70999,303.18011,303.43149,524796
2026-08-13 09:45:00,303.45999,303.9295,302.91,303.73001,596151
2026-08-13 09:50:00,303.74011,304.5,303.63501,304.29999,527102
2026-08-13 09:55:00,304.32999,304.64001,304.26999,304.58011,449531
2026-08-13 10:00:00,304.57999,304.64001,304.14999,304.42499,492569
2026-08-13 10:05:00,304.42499,304.97,304.41049,304.84,626219
2026-08-13 10:10:00,304.82999,305.48999,304.76999,305.4801,716036
2026-08-13 10:15:00,305.48999,305.95999,304.35001,304.53,762338
2026-08-13 10:20:00,304.51999,304.625,304.16,304.625,305287
2026-08-13 10:25:00,304.63321,305.72,304.59091,305.64499,448870
2026-08-13 10:30:00,305.66,306.0,304.92999,305.12,610150
2026-08-13 10:35:00,305.11499,305.43951,304.85001,305.20001,373382
2026-08-13 10:40:00,305.17999,305.32999,304.92001,304.98001,310983
2026-08-13 10:45:00,304.98001,305.049988,304.556,304.57999,308155
2026-08-13 10:50:00,304.57999,305.17001,304.5397,304.88501,311482
2026-08-13 10:55:00,304.88501,305.14999,304.76999,305.10501,309838
2026-08-13 11:00:00,305.13,305.19,304.70999,304.91,398596
2026-08-13 11:05:00,304.92001,304.9501,304.079987,304.20001,354222
2026-08-13 11:10:00,304.2197,304.34991,304.079987,304.23999,224842
2026-08-13 11:15:00,304.23999,304.245,303.78,304.18011,353163
2026-08-13 11:20:00,304.17999,304.3699,303.98001,304.14999,299470
2026-08-13 11:25:00,304.16,304.2399,303.54999,303.72,440437
2026-08-13 11:30:00,303.73001,303.98499,303.51001,303.76999,288171
2026-08-13 11:35:00,303.79001,303.81,302.95001,303.495,456805
2026-08-13 11:40:00,303.48001,303.59,303.26001,303.44501,217092
2026-08-13 11:45:00,303.44,303.53,303.28,303.36899,175215
2026-08-13 11:50:00,303.3699,303.51501,303.28,303.315,183539
2026-08-13 11:55:00,303.32999,303.38461,302.76999,302.78799,330480
2026-08-13 12:00:00,302.79001,302.845,302.63,302.685,230421
2026-08-13 12:05:00,302.67999,303.23999,302.57001,303.215,318268
2026-08-13 12:10:00,303.22501,303.41501,303.10999,303.41501,233059
2026-08-13 12:15:00,303.41501,303.60999,303.25,303.60999,194867
2026-08-13 12:20:00,303.60999,303.87,303.28,303.51999,254078
2026-08-13 12:25:00,303.52499,303.74991,303.39001,303.42999,158936
2026-08-13 12:30:00,303.435,303.44989,303.079987,303.20499,236253
2026-08-13 12:35:00,303.19,303.35001,303.049988,303.20999,144340
2026-08-13 12:40:00,303.23001,303.26999,303.080109,303.23499,164777
2026-08-13 12:45:00,303.23499,303.75,303.16,303.73001,216565
2026-08-13 12:50:00,303.72,303.76001,303.39999,303.52499,185183
2026-08-13 12:55:00,303.54999,303.60001,303.01001,303.029999,235014
2026-08-13 13:00:00,303.040009,303.18991,302.85001,303.0,245567
2026-08-13 13:05:00,303.0020142,303.12,302.85999,303.059998,187156
2026-08-13 13:10:00,303.059998,303.10001,302.91,303.089996,164237
2026-08-13 13:15:00,303.079987,303.10999,302.961,303.035004,155418
2026-08-13 13:20:00,303.031006,303.16,302.97,303.16,127659
2026-08-13 13:25:00,303.17001,303.38501,303.065002,303.34,214436
2026-08-13 13:30:00,303.33011,303.39001,303.079987,303.23499,164558
2026-08-13 13:35:00,303.23001,303.69,303.17999,303.67999,185021
2026-08-13 13:40:00,303.67999,303.82001,303.29001,303.54001,267862
2026-08-13 13:45:00,303.56,303.89999,303.53,303.685,140621
2026-08-13 13:50:00,303.70999,303.79999,303.38,303.42499,150522
2026-08-13 13:55:00,303.42679,303.48999,303.39001,303.435,87488
2026-08-13 14:00:00,303.435,303.5,302.92999,303.0,265066
2026-08-13 14:05:00,302.98999,303.17499,302.95999,303.049988,168222
2026-08-13 14:10:00,303.065002,303.47,303.059998,303.42001,155302
2026-08-13 14:15:00,303.42499,303.5,303.22,303.45001,162068
2026-08-13 14:20:00,303.45001,303.48999,303.34,303.43011,98572
2026-08-13 14:25:00,303.435,303.51999,303.28101,303.31,211617
2026-08-13 14:30:00,303.31,303.51999,303.13,303.43991,362827
2026-08-13 14:35:00,303.42499,303.54999,303.20999,303.23001,293771
2026-08-13 14:40:00,303.22,303.94,303.22,303.80499,206977
2026-08-13 14:45:00,303.80499,303.85001,303.47,303.64001,215011
2026-08-13 14:50:00,303.64001,303.66,303.25,303.375,242441
2026-08-13 14:55:00,303.38,303.54089,303.14999,303.17999,279299
2026-08-13 15:00:00,303.19501,303.32999,303.029999,303.32999,234726
2026-08-13 15:05:00,303.315,303.64001,303.20001,303.215,280170
2026-08-13 15:10:00,303.215,303.51999,303.19739,303.5,337949
2026-08-13 15:15:00,303.5,303.98001,303.45001,303.87,307333
2026-08-13 15:20:00,303.85999,304.57999,303.806,304.089996,527594
2026-08-13 15:25:00,304.095001,304.60999,304.090088,304.39999,412842
2026-08-13 15:30:00,304.38,304.64999,304.16,304.58499,349212
2026-08-13 15:35:00,304.58499,304.60989,303.97,304.22,368158
2026-08-13 15:40:00,304.23001,304.28,303.98001,304.10001,420773
2026-08-13 15:45:00,304.079987,304.845,304.029999,304.79001,416650
2026-08-13 15:50:00,304.75,305.23999,304.53009,305.20999,673876
2026-08-13 15:55:00,305.23999,305.32001,304.85999,305.32001,1526752
2026-08-14 09:30:00,306.028015,307.38,305.56,307.35999,2764317
2026-08-14 09:35:00,307.32999,307.48999,306.10999,307.024994,700806
2026-08-14 09:40:00,307.01001,307.070007,306.14999,306.23001,389186
2026-08-14 09:45:00,306.23999,307.01001,306.0,306.6351,417216
2026-08-14 09:50:00,306.60999,306.72,305.82999,306.12,336168
2026-08-14 09:55:00,306.11499,306.22,305.70001,306.10001,325996
2026-08-14 10:00:00,306.070007,306.35651,305.78,305.98999,312750
2026-08-14 10:05:00,306.0,306.12,305.75,305.94501,203923
2026-08-14 10:10:00,305.94,306.10001,305.5701,305.72989,257259
2026-08-14 10:15:00,305.70999,305.89999,305.42001,305.66,277671
2026-08-14 10:20:00,305.6601,305.75,305.070007,305.30499,399104
2026-08-14 10:25:00,305.3399,305.3399,304.76001,304.98999,350953
2026-08-14 10:30:00,305.019989,305.10001,304.66,304.92001,235757
2026-08-14 10:35:00,304.94,305.1922,304.70001,305.1922,212844
2026-08-14 10:40:00,305.17999,305.17999,304.76999,304.91,225586
2026-08-14 10:45:00,304.92001,305.42999,304.82999,305.26001,253610
2026-08-14 10:50:00,305.25,305.30801,304.94,305.049988,179477
2026-08-14 10:55:00,305.049988,305.23001,304.98999,305.16,171824
2026-08-14 11:00:00,305.16,305.23999,305.0,305.093994,175457
2026-08-14 11:05:00,305.095001,305.25,304.32999,304.35001,308866
2026-08-14 11:10:00,304.37,304.73999,304.29999,304.72,208529
2026-08-14 11:15:00,304.74011,305.20999,304.72,305.16501,160398
2026-08-14 11:20:00,305.17001,305.81,305.155,305.75,278564
2026-08-14 11:25:00,305.745,305.9599,305.48999,305.5329,364058
2026-08-14 11:30:00,305.54501,305.79001,305.41501,305.77499,146825
2026-08-14 11:35:00,305.76001,305.87921,305.61499,305.79001,169006
2026-08-14 11:40:00,305.78,305.91681,305.64999,305.72501,163187
2026-08-14 11:45:00,305.73001,305.82999,305.67001,305.67001,123733
2026-08-14 11:50:00,305.66,305.78989,305.57999,305.67499,113572
2026-08-14 11:55:00,305.67999,305.73999,305.52499,305.66501,141884
2026-08-14 12:00:00,305.64001,305.70999,305.44,305.57001,138650
2026-08-14 12:05:00,305.57001,305.6243,305.26001,305.32999,129715
2026-08-14 12:10:00,305.34,305.34149,305.20001,305.25,97753
2026-08-14 12:15:00,305.26999,305.35001,305.035004,305.079987,123480
2026-08-14 12:20:00,305.084198,305.19,304.97,305.1301,156920
2026-08-14 12:25:00,305.14001,305.47,305.1001,305.44501,150573
2026-08-14 12:30:00,305.44501,305.5,305.23001,305.285,154548
2026-08-14 12:35:00,305.285,305.42001,305.16501,305.41,110237
2026-08-14 12:40:00,305.39999,305.39999,305.17001,305.32001,97914
2026-08-14 12:45:00,305.31,305.34,305.12,305.32999,133617
2026-08-14 12:50:00,305.32001,305.32001,305.16,305.21011,139215
2026-08-14 12:55:00,305.21921,305.51001,305.21921,305.42999,425040
2026-08-14 13:00:00,305.435,305.53,305.26001,305.3302,113540
2026-08-14 13:05:00,305.345,305.45001,305.29001,305.29999,128990
2026-08-14 13:10:00,305.29999,305.565,305.29999,305.48001,110832
2026-08-14 13:15:00,305.48999,305.52499,305.28,305.3699,98025
2026-08-14 13:20:00,305.35001,305.37,305.15009,305.19949,114665
2026-08-14 13:25:00,305.17999,305.28989,305.079987,305.1944,90801
2026-08-14 13:30:00,305.19501,305.25,305.12,305.19501,95244
2026-08-14 13:35:00,305.19501,305.45459,305.040009,305.44,183876
2026-08-14 13:40:00,305.44,305.53,305.3703,305.40009,141749
2026-08-14 13:45:00,305.41,306.16,305.39999,306.070007,370160
2026-08-14 13:50:00,306.079895,306.097992,305.79999,306.0050049,168936
2026-08-14 13:55:00,306.019989,306.12,305.89999,306.049988,133091
2026-08-14 14:00:00,306.0401,306.13,305.84009,305.84009,176666
2026-08-14 14:05:00,305.8577,305.8999,305.57999,305.88,190365
2026-08-14 14:10:00,305.89001,306.16,305.79999,306.12,687685
2026-08-14 14:15:00,306.14499,306.25,306.079987,306.16,182366
2026-08-14 14:20:00,306.17001,306.23001,306.10001,306.18771,120542
2026-08-14 14:25:00,306.20499,306.22,305.9101,305.979,129693
2026-08-14 14:30:00,305.98001,306.17999,305.92499,306.10229,153043
2026-08-14 14:35:00,306.10999,306.10999,305.82999,305.875,148139
2026-08-14 14:40:00,305.871,305.871,305.63,305.72,163069
2026-08-14 14:45:00,305.73001,305.88,305.70001,305.78,123704
2026-08-14 14:50:00,305.78,305.875,305.66501,305.83011,216145
2026-08-14 14:55:00,305.85989,305.85999,305.56,305.57999,140065
2026-08-14 15:00:00,305.60001,305.70901,305.54999,305.57501,152614
2026-08-14 15:05:00,305.59,305.64999,305.45499,305.47501,131896
2026-08-14 15:10:00,305.47,305.59,305.26999,305.45001,215970
2026-08-14 15:15:00,305.45999,305.69,305.45001,305.66,175440
2026-08-14 15:20:00,305.64999,305.64999,305.47,305.56989,157777
2026-08-14 15:25:00,305.565,306.049988,305.48001,305.94501,205364
2026-08-14 15:30:00,305.92999,305.97,305.73001,305.91,308610
2026-08-14 15:35:00,305.89999,305.91,305.51001,305.63,239793
2026-08-14 15:40:00,305.64001,305.75839,305.5,305.57001,314246
2026-08-14 15:45:00,305.57001,305.82999,305.54501,305.81,242150
2026-08-14 15:50:00,305.79999,306.040009,305.75009,305.965,497945
2026-08-14 15:55:00,305.965,305.98001,305.54001,305.95001,1210147
2026-08-17 09:30:00,306.20999,307.66,305.73001,305.76001,4059377
2026-08-17 09:35:00,305.76001,306.67999,305.12,305.26001,504012
2026-08-17 09:40:00,305.27841,305.32001,304.054993,305.15009,533114
2026-08-17 09:45:00,305.12,306.069489,305.089996,306.040009,479976
2026-08-17 09:50:00,306.029999,306.32001,305.35999,305.45499,331991
2026-08-17 09:55:00,305.4501,305.89999,305.285,305.44,278434
2026-08-17 10:00:00,305.39001,305.56,304.83249,305.089386,404606
2026-08-17 10:05:00,305.089996,305.089996,304.63,304.73001,226082
2026-08-17 10:10:00,304.72501,305.070007,304.6954,304.89999,307586
2026-08-17 10:15:00,304.87,305.10001,304.78,304.85001,245533
2026-08-17 10:20:00,304.85999,305.029999,304.57999,304.78,314861
2026-08-17 10:25:00,304.79001,304.79999,304.45999,304.495,215933
2026-08-17 10:30:00,304.48419,304.51999,304.12,304.23001,297743
2026-08-17 10:35:00,304.23001,304.57999,304.23001,304.32001,353874
2026-08-17 10:40:00,304.32001,304.82001,304.28,304.56,315873
2026-08-17 10:45:00,304.57001,304.70999,304.059998,304.185,280176
2026-08-17 10:50:00,304.17001,304.22,303.64999,303.81,495591
2026-08-17 10:55:00,303.81,304.22,303.81,304.13,450286
2026-08-17 11:00:00,304.14001,304.17001,303.79999,304.05899,318929
2026-08-17 11:05:00,304.054993,304.51999,303.9725,304.39001,488904
2026-08-17 11:10:00,304.38,304.75,304.29001,304.66,295978
2026-08-17 11:15:00,304.65399,304.91,304.63,304.81,378324
2026-08-17 11:20:00,304.84,304.86609,304.44,304.60501,245421
2026-08-17 11:25:00,304.60001,304.62,304.47,304.535,223750
2026-08-17 11:30:00,304.54001,304.59509,304.25,304.25,308733
2026-08-17 11:35:00,304.22,304.31812,303.6601,303.76999,385688
2026-08-17 11:40:00,303.76999,303.78,303.29999,303.30499,308507
2026-08-17 11:45:00,303.29999,303.51999,303.054993,303.089996,273926
2026-08-17 11:50:00,303.075012,303.39001,303.075012,303.1611,245466
2026-08-17 11:55:00,303.17001,303.35999,303.14999,303.19,180667
2026-08-17 12:00:00,303.17499,303.29059,303.089996,303.23001,273512
2026-08-17 12:05:00,303.23499,303.25,303.070007,303.22501,201300
2026-08-17 12:10:00,303.22501,303.56,303.049988,303.56,243339
2026-08-17 12:15:00,303.54089,303.70001,303.41,303.64001,198879
2026-08-17 12:20:00,303.66,303.79999,303.54001,303.65509,177884
2026-08-17 12:25:00,303.64001,303.64499,303.405,303.55499,132774
2026-08-17 12:30:00,303.56,304.0,303.54999,303.96149,218003
2026-08-17 12:35:00,303.97,304.039215,303.81009,303.92001,139186
2026-08-17 12:40:00,303.91501,303.95001,303.73999,303.76801,134364
2026-08-17 12:45:00,303.76501,303.79999,303.51001,303.73001,199429
2026-08-17 12:50:00,303.72,303.84,303.42999,303.42999,277711
2026-08-17 12:55:00,303.45001,303.4697,302.939,303.040009,317340
2026-08-17 13:00:00,303.029999,303.60461,303.019989,303.45999,237192
2026-08-17 13:05:00,303.48999,303.80399,303.405,303.79501,191605
2026-08-17 13:10:00,303.7984,303.92001,303.60999,303.87,201339
2026-08-17 13:15:00,303.82999,304.29999,303.82001,304.25,243410
2026-08-17 13:20:00,304.26501,304.42499,304.13,304.14499,195436
2026-08-17 13:25:00,304.12,304.42499,304.0,304.41501,134719
2026-08-17 13:30:00,304.41501,304.6499,304.23001,304.45001,219898
2026-08-17 13:35:00,304.43188,304.54001,304.079987,304.23999,162311
2026-08-17 13:40:00,304.23499,304.62,304.22049,304.535,135323
2026-08-17 13:45:00,304.53,304.64001,304.51001,304.56,134430
2026-08-17 13:50:00,304.54999,304.556,304.29999,304.33511,119384
2026-08-17 13:55:00,304.34,304.35999,304.151,304.30499,145984
2026-08-17 14:00:00,304.29999,304.39999,304.01001,304.045013,167090
2026-08-17 14:05:00,304.049988,304.35001,303.95999,304.25,209062
2026-08-17 14:10:00,304.26001,304.67999,304.22,304.59,194833
2026-08-17 14:15:00,304.59,304.72,304.56,304.69,161017
2026-08-17 14:20:00,304.70999,304.94,304.69,304.92999,167315
2026-08-17 14:25:00,304.92001,304.92001,304.6004,304.70499,646318
2026-08-17 14:30:00,304.70001,304.94,304.69049,304.73499,176948
2026-08-17 14:35:00,304.76001,305.13,304.70999,305.12,182811
2026-08-17 14:40:00,305.12,305.52011,305.089996,305.52011,336726
2026-08-17 14:45:00,305.52499,305.75,305.42001,305.745,373593
2026-08-17 14:50:00,305.76001,305.98999,305.47009,305.53159,304244
2026-08-17 14:55:00,305.54001,305.67999,305.45999,305.67999,246055
2026-08-17 15:00:00,305.685,305.97,305.66,305.69,198607
2026-08-17 15:05:00,305.67999,305.81,305.59,305.73001,172792
2026-08-17 15:10:00,305.72,305.85501,305.67999,305.815,165700
2026-08-17 15:15:00,305.81,305.89001,305.62579,305.82001,227975
2026-08-17 15:20:00,305.82001,306.16,305.78,305.86499,285538
2026-08-17 15:25:00,305.86499,306.14999,305.85501,306.14499,254529
2026-08-17 15:30:00,306.14999,306.32001,305.95001,306.070007,318230
2026-08-17 15:35:00,306.070007,306.084991,305.72,305.76001,238554
2026-08-17 15:40:00,305.75,305.7717,305.53,305.62,280472
2026-08-17 15:45:00,305.64001,305.75571,305.56,305.73999,284454
2026-08-17 15:50:00,305.745,305.76001,305.29999,305.51001,596602
2026-08-17 15:55:00,305.51999,305.79001,305.029999,305.69,2262824
2026-08-18 09:30:00,307.53,307.89999,305.98999,306.20001,3701588
2026-08-18 09:35:00,306.20999,307.047394,306.089996,306.31,563285
2026-08-18 09:40:00,306.3251,307.23001,305.98001,306.97009,703082
2026-08-18 09:45:00,306.965,307.25,306.22,306.28,567766
2026-08-18 09:50:00,306.29001,306.48999,305.73999,306.48999,488743
2026-08-18 09:55:00,306.47,307.35999,306.35001,307.29001,818690
2026-08-18 10:00:00,307.29999,309.12,307.14999,309.01001,1333846
2026-08-18 10:05:00,309.019989,309.84,308.91299,309.76001,944535
2026-08-18 10:10:00,309.79999,310.14999,309.26999,309.92499,1064713
2026-08-18 10:15:00,309.92499,310.26999,309.19,309.48499,838432
2026-08-18 10:20:00,309.48499,309.62,308.85001,309.19,532963
2026-08-18 10:25:00,309.17001,309.66989,308.81,309.65991,482852
2026-08-18 10:30:00,309.64001,310.98999,309.60001,310.91501,666169
2026-08-18 10:35:00,310.91501,311.32999,310.66,311.17999,669942
2026-08-18 10:40:00,311.17001,311.48999,310.75601,310.76999,626590
2026-08-18 10:45:00,310.76999,311.22,310.70001,310.995,525045
2026-08-18 10:50:00,311.0,311.20001,310.41,310.5,615711
2026-08-18 10:55:00,310.51001,310.79001,310.23001,310.39499,452861
2026-08-18 11:00:00,310.41,310.5946,309.92001,310.54999,502730
2026-08-18 11:05:00,310.53009,310.97,310.51999,310.92999,449386
2026-08-18 11:10:00,310.92499,311.14999,310.44,310.51001,437130
2026-08-18 11:15:00,310.51001,310.92789,310.35999,310.67001,286596
2026-08-18 11:20:00,310.63,310.70001,310.12,310.19989,267740
2026-08-18 11:25:00,310.1998,310.48999,310.070007,310.42999,298237
2026-08-18 11:30:00,310.42999,310.5199,310.040009,310.054993,265993
2026-08-18 11:35:00,310.054993,310.44,309.98999,310.32001,313851
2026-08-18 11:40:00,310.3262,310.37,309.73999,309.87631,275198
2026-08-18 11:45:00,309.87,310.029999,309.42001,309.63,339307
2026-08-18 11:50:00,309.62,309.64999,309.34,309.52499,278796
2026-08-18 11:55:00,309.51999,309.87,309.39999,309.54001,471470
2026-08-18 12:00:00,309.54001,309.57999,309.011993,309.4501,352356
2026-08-18 12:05:00,309.45499,310.054993,309.45499,309.83499,341434
2026-08-18 12:10:00,309.84009,310.4599,309.82999,310.25,335924
2026-08-18 12:15:00,310.26001,310.29001,309.95001,310.20999,245325
2026-08-18 12:20:00,310.20999,310.29001,310.10001,310.2301,193718
2026-08-18 12:25:00,310.23999,310.64001,310.23001,310.61499,352452
2026-08-18 12:30:00,310.62,310.75,310.35501,310.63,313755
2026-08-18 12:35:00,310.62,310.67999,310.26999,310.39001,195655
2026-08-18 12:40:00,310.38,310.53989,310.3486,310.45999,203067
2026-08-18 12:45:00,310.45999,310.47,310.20001,310.33499,200409
2026-08-18 12:50:00,310.33499,310.76001,310.29211,310.42001,314603
2026-08-18 12:55:00,310.42001,310.76001,310.42001,310.75,175829
2026-08-18 13:00:00,310.74011,310.94,310.54501,310.64999,1052491
2026-08-18 13:05:00,310.64999,310.79001,310.54001,310.73499,186820
2026-08-18 13:10:00,310.73499,310.75,310.56,310.57001,183564
2026-08-18 13:15:00,310.57501,310.66,310.34,310.64999,200027
2026-08-18 13:20:00,310.66,310.76999,310.57999,310.70029,165449
2026-08-18 13:25:00,310.70001,310.70001,310.27011,310.39999,153913
2026-08-18 13:30:00,310.39999,310.44,309.95999,310.10001,261646
2026-08-18 13:35:00,310.10501,310.29001,310.061005,310.13,1496406
2026-08-18 13:40:00,310.13501,310.23001,309.87,310.040009,178711
2026-08-18 13:45:00,310.040009,310.23001,310.037506,310.11499,200453
2026-08-18 13:50:00,310.11499,310.20001,310.059998,310.17999,183729
2026-08-18 13:55:00,310.19501,310.26999,310.070007,310.13,226855
2026-08-18 14:00:00,310.125,310.13,309.75,310.01001,305657
2026-08-18 14:05:00,310.015015,310.35001,309.995,310.29999,267675
2026-08-18 14:10:00,310.2977,310.59,310.28,310.5,257657
2026-08-18 14:15:00,310.495,310.56,310.26999,310.42499,226816
2026-08-18 14:20:00,310.41501,310.6499,310.3768,310.54001,202814
2026-08-18 14:25:00,310.53,310.63,310.45001,310.62769,170814
2026-08-18 14:30:00,310.60999,310.64001,310.41,310.48001,204702
2026-08-18 14:35:00,310.47,310.67999,310.35001,310.45001,253075
2026-08-18 14:40:00,310.44501,311.20001,310.435,311.059998,620550
2026-08-18 14:45:00,311.065002,311.23999,310.7601,310.85999,310641
2026-08-18 14:50:00,310.86499,310.89001,310.43231,310.55499,223841
2026-08-18 14:55:00,310.54001,310.63,310.37,310.37,177505
2026-08-18 15:00:00,310.37,310.42999,310.072205,310.17001,290011
2026-08-18 15:05:00,310.155,310.19,309.82001,309.82999,259688
2026-08-18 15:10:00,309.84,309.89999,309.655,309.67001,288380
2026-08-18 15:15:00,309.67499,309.76001,309.38,309.53,389668
2026-08-18 15:20:00,309.53009,309.97,309.37,309.92499,406184
2026-08-18 15:25:00,309.9299,309.98999,309.66,309.70999,377678
2026-08-18 15:30:00,309.69501,309.89001,309.60141,309.88501,398390
2026-08-18 15:35:00,309.88501,310.079987,309.81,310.065002,367803
2026-08-18 15:40:00,310.054993,310.53,310.019989,310.45001,423622
2026-08-18 15:45:00,310.44501,310.78,310.34,310.57001,518706
2026-08-18 15:50:00,310.57001,311.069,310.23001,310.48999,1049247
2026-08-18 15:55:00,310.5,310.57001,309.95001,310.20001,3139994
2026-08-19 09:30:00,310.13,311.10001,309.60001,310.72501,2987920
2026-08-19 09:35:00,310.72501,312.32001,310.72,312.26001,857918
2026-08-19 09:40:00,312.26001,312.39001,311.35001,311.70499,561480
2026-08-19 09:45:00,311.69199,313.32999,311.69,312.95499,772950
2026-08-19 09:50:00,312.97,315.45001,312.85999,315.44,1184049
2026-08-19 09:55:00,315.45511,316.39001,314.70999,316.36499,1015846
2026-08-19 10:00:00,316.39001,317.49899,316.060089,317.19,1217136
2026-08-19 10:05:00,317.20499,317.42999,316.35001,316.435,924963
2026-08-19 10:10:00,316.44,317.48999,316.42999,317.13,1003400
2026-08-19 10:15:00,317.14999,317.73999,317.059998,317.60501,688799
2026-08-19 10:20:00,317.60501,317.81,315.7189,316.01001,756976
2026-08-19 10:25:00,315.991,316.3399,315.37,316.01001,493992
2026-08-19 10:30:00,315.95999,317.059998,315.91,316.75009,827125
2026-08-19 10:35:00,316.75,316.79999,316.049988,316.28,422237
2026-08-19 10:40:00,316.23001,316.50479,315.755,315.88,322101
2026-08-19 10:45:00,315.88,316.64401,315.86499,316.625,302503
2026-08-19 10:50:00,316.60999,317.63,316.54999,317.63,403746
2026-08-19 10:55:00,317.62,318.32999,317.54001,317.8689,558747
2026-08-19 11:00:00,317.88,318.85501,317.85999,318.83231,433250
2026-08-19 11:05:00,318.82999,319.27991,318.47,318.535,557909
2026-08-19 11:10:00,318.535,318.85001,318.31,318.79999,353765
2026-08-19 11:15:00,318.81,318.97,318.64001,318.81,352682
2026-08-19 11:20:00,318.79999,318.82001,318.44,318.495,459065
2026-08-19 11:25:00,318.5,318.5,317.98001,318.17999,416430
2026-08-19 11:30:00,318.185,318.23001,317.35999,317.44049,295149
2026-08-19 11:35:00,317.42999,317.42999,316.60999,317.01001,418198
2026-08-19 11:40:00,317.01001,317.019989,316.30109,316.42999,311834
2026-08-19 11:45:00,316.435,316.845,316.35001,316.72,242563
2026-08-19 11:50:00,316.73001,316.85999,316.35001,316.35999,194803
2026-08-19 11:55:00,316.35999,316.37,315.966,316.29501,262358
2026-08-19 12:00:00,316.29999,316.77499,316.0,316.76761,280913
2026-08-19 12:05:00,316.78,317.029999,316.71011,316.94,232732
2026-08-19 12:10:00,316.95999,317.29999,316.586,317.25,237374
2026-08-19 12:15:00,317.26001,317.35001,317.14999,317.22,204191
2026-08-19 12:20:00,317.20999,317.45001,316.85999,316.98999,243369
2026-08-19 12:25:00,316.98019,317.049988,316.56,316.56,200773
2026-08-19 12:30:00,316.54999,316.54999,316.20999,316.26001,177344
2026-08-19 12:35:00,316.27499,316.28,315.285,315.35001,531448
2026-08-19 12:40:00,315.35001,315.45001,315.049988,315.26001,288737
2026-08-19 12:45:00,315.26001,315.29001,315.01001,315.070007,221346
2026-08-19 12:50:00,315.090088,315.31,314.8746,314.89999,335519
2026-08-19 12:55:00,314.9017,315.14999,314.64999,315.095001,653296
2026-08-19 13:00:00,315.12,315.17001,314.89999,314.95999,195875
2026-08-19 13:05:00,314.95999,314.96991,314.48999,314.53,191501
2026-08-19 13:10:00,314.56,315.14999,314.491,314.87,223772
2026-08-19 13:15:00,314.87,315.16,314.7001,314.86731,307330
2026-08-19 13:20:00,314.87991,315.089996,314.7901,315.01001,173889
2026-08-19 13:25:00,315.0050049,315.11429,314.85001,315.059998,232182
2026-08-19 13:30:00,315.059998,315.34509,314.95001,315.26001,267733
2026-08-19 13:35:00,315.25,315.60001,315.17001,315.505,206383
2026-08-19 13:40:00,315.49091,315.819,315.33011,315.35999,267208
2026-08-19 13:45:00,315.37,315.51001,315.14999,315.32999,176471
2026-08-19 13:50:00,315.32999,315.45001,315.23999,315.26141,233966
2026-08-19 13:55:00,315.26999,315.38989,315.17001,315.2027,187894
2026-08-19 14:00:00,315.19199,315.67499,315.1001,315.64999,215052
2026-08-19 14:05:00,315.655,315.70999,315.014709,315.049988,202964
2026-08-19 14:10:00,315.059906,315.59,315.054993,315.45001,201152
2026-08-19 14:15:00,315.45001,315.45001,314.77499,315.01001,389737
2026-08-19 14:20:00,315.0,315.12,314.936,315.049988,204597
2026-08-19 14:25:00,315.040009,315.070007,314.78,314.84,272832
2026-08-19 14:30:00,314.85999,314.94,314.29001,314.53,316664
2026-08-19 14:35:00,314.54001,314.88,314.44501,314.845,212339
2026-08-19 14:40:00,314.845,315.035004,314.7001,314.85501,181517
2026-08-19 14:45:00,314.85999,315.20499,314.77499,315.20499,292534
2026-08-19 14:50:00,315.20001,315.22961,314.965,315.029999,1190988
2026-08-19 14:55:00,315.029999,315.13,314.87,314.87,698655
2026-08-19 15:00:00,314.88501,315.22,314.7652,315.20001,218906
2026-08-19 15:05:00,315.20001,315.82999,315.20001,315.79999,381639
2026-08-19 15:10:00,315.78,315.97,315.53,315.82001,370038
2026-08-19 15:15:00,315.81,316.35529,315.69171,316.35001,389649
2026-08-19 15:20:00,316.33511,316.53931,316.15131,316.245,500952
2026-08-19 15:25:00,316.25,316.73001,316.20001,316.67841,333084
2026-08-19 15:30:00,316.66,316.67001,316.28,316.56,374942
2026-08-19 15:35:00,316.55499,316.62,315.638,315.64001,322823
2026-08-19 15:40:00,315.67001,315.88,315.3707,315.66,340764
2026-08-19 15:45:00,315.655,315.73001,315.20001,315.64999,515829
2026-08-19 15:50:00,315.62,316.64001,315.62,316.42001,905366
2026-08-19 15:55:00,316.41,316.88,316.14001,316.88,2879808
2026-08-20 09:30:00,317.45499,320.28,316.70999,318.73499,3105157
2026-08-20 09:35:00,318.73001,318.89001,317.14999,317.61499,649477
2026-08-20 09:40:00,317.63,318.57999,317.42001,318.44,599568
2026-08-20 09:45:00,318.48001,318.51001,317.38699,317.41241,486542
2026-08-20 09:50:00,317.42999,318.17999,317.23001,318.14951,382237
2026-08-20 09:55:00,318.13,318.42999,317.0,317.27991,479871
2026-08-20 10:00:00,317.23001,317.62,316.82001,317.125,462245
2026-08-20 10:05:00,317.12,317.2084,316.3201,316.45001,458437
2026-08-20 10:10:00,316.47501,316.8999,316.39499,316.685,298632
2026-08-20 10:15:00,316.66,317.089996,316.66,316.79999,270916
2026-08-20 10:20:00,316.8399,316.85001,316.22,316.62891,319976
2026-08-20 10:25:00,316.54501,316.77499,316.39999,316.47,7715714
2026-08-20 10:30:00,316.42999,316.59,316.24011,316.32001,7951818
2026-08-20 10:35:00,316.32001,316.57001,316.17001,316.48499,174051
2026-08-20 10:40:00,316.45999,316.66989,316.3324,316.35001,8291816
2026-08-20 10:45:00,316.35999,316.92499,316.32999,316.60291,200096
2026-08-20 10:50:00,316.60001,317.14001,316.47,317.03009,192639
2026-08-20 10:55:00,317.049988,317.48001,316.92999,317.42001,230773
2026-08-20 11:00:00,317.42999,317.78,317.37,317.70001,258429
2026-08-20 11:05:00,317.69501,317.70001,316.75,316.87,428561
2026-08-20 11:10:00,316.86499,316.87,316.25,316.5,10046553
2026-08-20 11:15:00,316.41,316.47,316.0,316.34,357417
2026-08-20 11:20:00,316.37,316.70001,316.19,316.56,222893
2026-08-20 11:25:00,316.535,317.25,316.25,317.22,292118
2026-08-20 11:30:00,317.22989,317.25,316.53009,316.63,160560
2026-08-20 11:35:00,316.61661,316.73999,316.35999,316.41,113217
2026-08-20 11:40:00,316.405,316.78421,316.22,316.53,168917
2026-08-20 11:45:00,316.505,316.60501,316.01001,316.20999,281784
2026-08-20 11:50:00,316.23001,316.47,315.95999,316.45511,249007
2026-08-20 11:55:00,316.47,316.97,316.41,316.91,173062
2026-08-20 12:00:00,316.91,317.088715,316.56,316.78,134489
2026-08-20 12:05:00,316.78,316.87,316.57458,316.76501,121717
2026-08-20 12:10:00,316.77011,316.92999,316.23999,316.23999,147396
2026-08-20 12:15:00,316.095001,316.42001,316.059998,316.34741,125985
2026-08-20 12:20:00,316.34,316.785,316.14999,316.70999,171839
2026-08-20 12:25:00,316.64001,316.75,316.39999,316.465,166859
2026-08-20 12:30:00,316.465,317.089996,316.29001,317.079987,169536
2026-08-20 12:35:00,317.083191,317.10001,316.89499,316.9747,128013
2026-08-20 12:40:00,316.97,317.44,316.97,317.44,168444
2026-08-20 12:45:00,317.42999,317.54001,316.95999,316.98001,315476
2026-08-20 12:50:00,316.98999,317.12,316.88,317.049988,125723
2026-08-20 12:55:00,317.059998,317.23999,316.96359,317.20999,110553
2026-08-20 13:00:00,317.20001,317.48001,317.17001,317.23001,134759
2026-08-20 13:05:00,317.25,317.42499,317.14011,317.35001,169861
2026-08-20 13:10:00,317.34,317.63,317.14999,317.28,181096
2026-08-20 13:15:00,317.285,317.57999,316.97,317.051788,257799
2026-08-20 13:20:00,317.01001,317.14999,316.85059,316.95999,156164
2026-08-20 13:25:00,316.94,317.01001,316.67001,316.67001,108898
2026-08-20 13:30:00,316.66,316.79999,316.5,316.62521,195216
2026-08-20 13:35:00,316.62,316.85999,316.56,316.62,157393
2026-08-20 13:40:00,316.62,316.69,316.57999,316.60001,104782
2026-08-20 13:45:00,316.51999,316.63501,316.26001,316.35999,176653
2026-08-20 13:50:00,316.37,316.63,316.28,316.57001,166475
2026-08-20 13:55:00,316.56,316.62,316.26999,316.32001,111793
2026-08-20 14:00:00,316.31,316.31,316.0,316.10501,270573
2026-08-20 14:05:00,316.10501,316.13,315.285,315.30688,307629
2026-08-20 14:10:00,315.32001,315.57999,315.079987,315.45001,356580
2026-08-20 14:15:00,315.46979,315.64999,315.2908,315.60501,222495
2026-08-20 14:20:00,315.60999,315.70999,315.13,315.20999,219252
2026-08-20 14:25:00,315.215,315.22,314.82001,314.84,256681
2026-08-20 14:30:00,314.81009,315.38,314.78,315.3609,213222
2026-08-20 14:35:00,315.35999,315.66,315.32999,315.53,172817
2026-08-20 14:40:00,315.53,315.70001,315.44,315.6301,187766
2026-08-20 14:45:00,315.63,315.63,315.13,315.17999,253698
2026-08-20 14:50:00,315.20001,315.54999,315.17999,315.535,223193
2026-08-20 14:55:00,315.53,315.535,315.081787,315.1279,176058
2026-08-20 15:00:00,315.12,315.12,314.84009,315.0050049,177116
2026-08-20 15:05:00,315.029999,315.12,314.82001,314.89999,204053
2026-08-20 15:10:00,314.89999,314.91501,314.48499,314.55991,218635
2026-08-20 15:15:00,314.5,314.54001,313.98999,314.040009,317418
2026-08-20 15:20:00,314.045013,314.14001,313.54999,313.87979,560615
2026-08-20 15:25:00,313.88,313.92001,313.29999,313.37,452494
2026-08-20 15:30:00,313.39001,313.45001,312.94,313.39999,473724
2026-08-20 15:35:00,313.39499,313.64999,313.28,313.44,482824
2026-08-20 15:40:00,313.45001,313.5,312.91,312.95999,21893520
2026-08-20 15:45:00,313.0,313.089905,312.43011,312.67001,587227
2026-08-20 15:50:00,312.67001,312.97,311.91,311.92999,743713
2026-08-20 15:55:00,311.95001,311.95999,310.64999,311.34,2857840
2026-08-21 09:30:00,312.049988,312.38,307.67999,308.089996,6494438
2026-08-21 09:35:00,308.089996,308.88501,307.76001,308.19101,746292
2026-08-21 09:40:00,308.16,308.36499,307.44,308.12,604460
2026-08-21 09:45:00,308.089996,308.32501,307.019989,307.4296,464468
2026-08-21 09:50:00,307.42001,308.019989,307.01001,307.315,446029
2026-08-21 09:55:00,307.34,307.59,307.070496,307.38,301668
2026-08-21 10:00:00,307.38,307.92999,307.089996,307.89999,430601
2026-08-21 10:05:00,307.89499,308.049988,307.63,307.80011,627546
2026-08-21 10:10:00,307.79999,307.94,307.5,307.72,313809
2026-08-21 10:15:00,307.70001,308.23001,307.70001,307.98499,2255631
2026-08-21 10:20:00,307.99911,308.10001,307.45999,307.89499,299377
2026-08-21 10:25:00,307.89499,308.049988,307.57999,307.79501,721077
2026-08-21 10:30:00,307.82001,308.31091,307.60001,308.09549,352870
2026-08-21 10:35:00,308.10001,308.47,308.0,308.21741,648228
2026-08-21 10:40:00,308.229,308.73999,307.95999,308.57501,279509
2026-08-21 10:45:00,308.54999,308.85999,308.29639,308.84,243862
2026-08-21 10:50:00,308.85001,309.0,308.655,308.8855,312710
2026-08-21 10:55:00,308.87,309.5,308.87,309.45499,313297
2026-08-21 11:00:00,309.45999,309.79999,309.25,309.73499,1287746
2026-08-21 11:05:00,309.745,309.94,309.5,309.56,219946
2026-08-21 11:10:00,309.5304,309.84,309.41501,309.70001,2451066
2026-08-21 11:15:00,309.67499,310.13,309.53,310.049988,285912
2026-08-21 11:20:00,310.049988,310.14999,309.79001,309.82501,168693
2026-08-21 11:25:00,309.8251,310.64001,309.82001,310.60001,211944
2026-08-21 11:30:00,310.61499,311.32001,310.39999,311.10001,369148
2026-08-21 11:35:00,311.089996,311.64001,311.019989,311.45999,1250508
2026-08-21 11:40:00,311.45499,311.45999,311.17001,311.31,562710
2026-08-21 11:45:00,311.31,311.42001,310.92001,311.13,231486
2026-08-21 11:50:00,311.125,311.84,311.10001,311.79001,222465
2026-08-21 11:55:00,311.80991,311.92999,311.32001,311.51001,217457
2026-08-21 12:00:00,311.52499,311.82001,311.26001,311.375,507857
2026-08-21 12:05:00,311.35999,311.54999,311.26001,311.5,275712
2026-08-21 12:10:00,311.5,311.59,311.17001,311.19,149823
2026-08-21 12:15:00,311.17999,311.41,311.0,311.10501,174600
2026-08-21 12:20:00,311.10049,311.42999,311.089996,311.36499,135046
2026-08-21 12:25:00,311.375,311.43399,311.070007,311.20319,162338
2026-08-21 12:30:00,311.20001,311.25,310.41,310.41,261578
2026-08-21 12:35:00,310.41,310.73999,310.26999,310.70999,211756
2026-08-21 12:40:00,310.70999,310.89001,310.59,310.70001,345454
2026-08-21 12:45:00,310.73999,310.83011,310.58069,310.7901,137639
2026-08-21 12:50:00,310.79001,311.029999,310.66,310.97,119319
2026-08-21 12:55:00,310.965,311.03009,310.87,311.0050049,130945
2026-08-21 13:00:00,310.98999,311.28,310.89001,311.029999,264233
2026-08-21 13:05:00,311.040009,311.60999,311.029999,311.57001,170157
2026-08-21 13:10:00,311.56,311.64001,311.41,311.56,163101
2026-08-21 13:15:00,311.51999,311.60501,311.18231,311.42999,303105
2026-08-21 13:20:00,311.42499,311.64001,311.10001,311.26999,203979
2026-08-21 13:25:00,311.29501,311.42001,310.97,311.059998,165553
2026-08-21 13:30:00,311.019989,311.16,310.79001,310.79001,180352
2026-08-21 13:35:00,310.76999,310.78,310.28,310.32001,199881
2026-08-21 13:40:00,310.315,310.3389,309.84,310.040009,267052
2026-08-21 13:45:00,310.019989,310.14801,309.63,309.715,185957
2026-08-21 13:50:00,309.715,309.8606,309.42001,309.79999,215756
2026-08-21 13:55:00,309.78,309.84,309.48999,309.56,166619
2026-08-21 14:00:00,309.53,309.60999,309.31,309.52499,1208735
2026-08-21 14:05:00,309.54001,309.60001,309.23001,309.37,198996
2026-08-21 14:10:00,309.37,309.37,309.0,309.185,156494
2026-08-21 14:15:00,309.19,309.19,308.89999,309.040009,160557
2026-08-21 14:20:00,309.070007,309.089996,308.45999,308.53,227018
2026-08-21 14:25:00,308.54001,308.63989,308.40051,308.47,142859
2026-08-21 14:30:00,308.47501,308.85001,308.46011,308.72,209061
2026-08-21 14:35:00,308.70999,308.965,308.61499,308.82001,189425
2026-08-21 14:40:00,308.82999,308.92999,308.5202,308.54501,160108
2026-08-21 14:45:00,308.54999,308.6582,308.16,308.60999,435239
2026-08-21 14:50:00,308.61969,308.76001,308.51001,308.59,207580
2026-08-21 14:55:00,308.57999,308.87991,308.5,308.78299,186061
2026-08-21 15:00:00,308.78,308.875,308.39999,308.48001,180159
2026-08-21 15:05:00,308.48001,308.63,308.4501,308.495,189933
2026-08-21 15:10:00,308.505,308.72891,308.41,308.69,262644
2026-08-21 15:15:00,308.70001,309.5,308.69,309.37,416932
2026-08-21 15:20:00,309.375,309.60001,309.16,309.47,276617
2026-08-21 15:25:00,309.46109,309.85001,309.40009,309.73999,321702
2026-08-21 15:30:00,309.75,310.01001,309.69009,309.72,379940
2026-08-21 15:35:00,309.72,309.87,309.42001,309.51999,401640
2026-08-21 15:40:00,309.53,309.72,309.45499,309.54529,238853
2026-08-21 15:45:00,309.54001,310.049988,309.53,310.024994,237523
2026-08-21 15:50:00,310.024994,310.17899,309.82001,309.95999,527698
2026-08-21 15:55:00,309.92999,309.94501,309.16,309.42001,1764441
2026-08-24 09:30:00,311.47,312.13,309.97,310.48999,1491699
2026-08-24 09:35:00,310.48999,312.025787,310.39499,311.54999,539588
2026-08-24 09:40:00,311.53149,312.34,311.089996,311.13,633275
2026-08-24 09:45:00,311.14999,311.82999,310.56,311.44,608977
2026-08-24 09:50:00,311.47,311.64999,311.15009,311.45999,341338
2026-08-24 09:55:00,311.44,311.88,310.95001,311.875,381742
2026-08-24 10:00:00,311.85001,312.94,311.73999,312.285,728024
2026-08-24 10:05:00,312.285,312.57001,311.91,312.079987,352288
2026-08-24 10:10:00,312.089996,312.7999,311.7001,312.23001,425265
2026-08-24 10:15:00,312.20999,313.17001,312.10999,312.995,520229
2026-08-24 10:20:00,312.98999,313.19989,312.62,312.89999,302022
2026-08-24 10:25:00,312.91971,313.040009,312.60999,312.94,282424
2026-08-24 10:30:00,312.92999,313.32999,312.82999,313.17499,360522
2026-08-24 10:35:00,313.16,313.25,312.85999,312.95001,218658
2026-08-24 10:40:00,312.92999,313.31,312.81,313.10001,191636
2026-08-24 10:45:00,313.10999,313.24951,313.029999,313.19,889255
2026-08-24 10:50:00,313.19,313.26999,312.57501,312.625,251222
2026-08-24 10:55:00,312.57001,313.10999,312.5,312.97,193010
2026-08-24 11:00:00,312.97501,313.16,312.54999,312.60501,188446
2026-08-24 11:05:00,312.60501,312.63,311.54001,311.685,634775
2026-08-24 11:10:00,311.70999,311.92001,311.53,311.8801,9931814
2026-08-24 11:15:00,311.88,312.040009,311.74991,311.79999,192643
2026-08-24 11:20:00,311.82001,311.9899,311.66501,311.9501,183613
2026-08-24 11:25:00,311.95999,312.45001,311.92001,312.23999,807266
2026-08-24 11:30:00,312.23999,312.345,311.88,311.92499,224727
2026-08-24 11:35:00,311.95001,311.98859,311.7001,311.85999,190427
2026-08-24 11:40:00,311.85001,312.39001,311.81,312.23999,168990
2026-08-24 11:45:00,312.25,312.29501,311.87201,311.91,172181
2026-08-24 11:50:00,311.89999,312.070007,311.78,311.79501,165997
2026-08-24 11:55:00,311.69,311.8891,311.57999,311.69971,174934
2026-08-24 12:00:00,311.67999,311.88,311.56,311.81,12240979
2026-08-24 12:05:00,311.84,311.84741,311.34,311.44,124203
2026-08-24 12:10:00,311.37,311.52011,311.35001,311.42001,124651
2026-08-24 12:15:00,311.42001,311.98001,311.39999,311.715,12687501
2026-08-24 12:20:00,311.70001,311.76999,311.54379,311.7001,116274
2026-08-24 12:25:00,311.70001,312.019989,311.64001,311.92859,13030614
2026-08-24 12:30:00,311.91,312.14001,311.85999,312.14001,159657
2026-08-24 12:35:00,312.13501,312.28,312.089996,312.22,13409478
2026-08-24 12:40:00,312.22,312.32999,312.13,312.25,146243
2026-08-24 12:45:00,312.26999,313.20001,312.19,313.17001,340686
2026-08-24 12:50:00,313.19,313.35999,312.71011,312.92001,219335
2026-08-24 12:55:00,312.95001,313.21991,312.88,312.94,14303300
2026-08-24 13:00:00,312.94,312.94,312.51001,312.57999,180405
2026-08-24 13:05:00,312.35001,312.59,312.16,312.51999,168971
2026-08-24 13:10:00,312.51999,312.72,312.38,312.4899,14798831
2026-08-24 13:15:00,312.48001,312.4899,312.035004,312.10001,14884039
2026-08-24 13:20:00,312.11499,312.14499,311.87,312.0,168801
2026-08-24 13:25:00,312.019989,312.25989,311.9299,312.1199,15142771
2026-08-24 13:30:00,312.11899,312.35001,311.95001,312.059998,149863
2026-08-24 13:35:00,312.049988,312.099915,311.70001,311.86499,133935
2026-08-24 13:40:00,311.83621,312.0098877,311.815,311.8515,147475
2026-08-24 13:45:00,311.905,312.049988,311.785,312.029999,15793081
2026-08-24 13:50:00,312.03009,312.29001,311.73001,311.875,168047
2026-08-24 13:55:00,311.84,312.079987,311.8381,312.010101,141048
2026-08-24 14:00:00,312.019989,312.10999,311.78,311.845,144113
2026-08-24 14:05:00,311.845,311.89999,311.5,311.79501,194864
2026-08-24 14:10:00,311.78,311.78,311.57999,311.72501,155997
2026-08-24 14:15:00,311.70999,311.81,311.62991,311.64999,177369
2026-08-24 14:20:00,311.64999,311.89001,311.61099,311.64499,208864
2026-08-24 14:25:00,311.6489,311.87991,311.63,311.73999,163341
2026-08-24 14:30:00,311.72,311.84,311.41501,311.41501,200560
2026-08-24 14:35:00,311.41,311.41891,311.079987,311.089996,171130
2026-08-24 14:40:00,311.10999,311.10999,310.72,310.935,237120
2026-08-24 14:45:00,310.95001,311.57999,310.92999,311.57001,223684
2026-08-24 14:50:00,311.57001,311.63,311.48999,311.56,170641
2026-08-24 14:55:00,311.54999,311.79001,311.48999,311.59,161753
2026-08-24 15:00:00,311.57001,311.59,311.32001,311.55991,150475
2026-08-24 15:05:00,311.57001,311.6557,311.25009,311.29001,127656
2026-08-24 15:10:00,311.26001,311.42999,311.019989,311.22,209050
2026-08-24 15:15:00,311.22,311.57001,311.20001,311.45001,202766
2026-08-24 15:20:00,311.42999,311.47,311.26999,311.32999,183164
2026-08-24 15:25:00,311.26999,311.35001,311.1272,311.25,151039
2026-08-24 15:30:00,311.23001,311.27991,310.85001,311.10001,225677
2026-08-24 15:35:00,311.084991,311.10001,310.85001,311.01001,245278
2026-08-24 15:40:00,311.040009,311.13,310.67001,310.67999,335732
2026-08-24 15:45:00,310.67999,310.97,310.42999,310.94061,352417
2026-08-24 15:50:00,310.97,311.01001,310.64001,310.82999,438501
2026-08-24 15:55:00,310.81,310.81,310.172,310.35001,1746673
2026-08-25 09:30:00,310.935,313.57999,310.75,311.26001,1648735
2026-08-25 09:35:00,311.32999,311.72,310.53,311.079987,445562
2026-08-25 09:40:00,311.13651,311.17999,310.25,310.505,384178
2026-08-25 09:45:00,310.505,311.20999,310.20001,311.17499,400067
2026-08-25 09:50:00,311.20001,311.35999,310.56009,311.33499,361694
2026-08-25 09:55:00,311.35001,311.44501,310.040009,310.44,3912451
2026-08-25 10:00:00,310.45999,310.56,309.64999,310.23001,527449
2026-08-25 10:05:00,310.22501,310.75,310.22501,310.53,299383
2026-08-25 10:10:00,310.54001,310.55991,309.672,310.095093,275853
2026-08-25 10:15:00,310.089996,310.41501,309.92001,310.34,5046216
2026-08-25 10:20:00,310.354,310.7236,310.050995,310.56,5260344
2026-08-25 10:25:00,310.57001,310.58499,310.075012,310.084991,218052
2026-08-25 10:30:00,310.079987,310.79001,309.60999,310.23001,6120901
2026-08-25 10:35:00,310.23499,310.586,310.089996,310.57101,183388
2026-08-25 10:40:00,310.57001,310.59,309.75,309.85681,185166
2026-08-25 10:45:00,309.845,309.97,309.67001,309.69,274090
2026-08-25 10:50:00,309.69,309.72501,309.23999,309.67999,254566
2026-08-25 10:55:00,309.69,309.70999,309.037109,309.089996,270318
2026-08-25 11:00:00,309.089996,309.17999,308.39001,308.70999,395952
2026-08-25 11:05:00,308.69,309.37,308.61499,309.16,270089
2026-08-25 11:10:00,309.16989,309.42001,308.95001,309.42001,193512
2026-08-25 11:15:00,309.39999,309.48999,308.98801,309.23499,157903
2026-08-25 11:20:00,309.22,309.28,308.87,308.9201,8228178
2026-08-25 11:25:00,308.92499,309.33499,308.88,309.31009,128305
2026-08-25 11:30:00,309.31,309.70001,309.25,309.34009,197154
2026-08-25 11:35:00,309.345,309.7789,309.33499,309.66,265741
2026-08-25 11:40:00,309.66,309.85001,309.5,309.77499,163949
2026-08-25 11:45:00,309.76001,309.82541,309.26999,309.29001,174904
2026-08-25 11:50:00,309.28,309.66,309.22,309.625,135233
2026-08-25 11:55:00,309.63989,309.82999,309.44,309.60001,167802
2026-08-25 12:00:00,309.59,309.72,309.45999,309.57999,112956
2026-08-25 12:05:00,309.59,309.64999,309.30499,309.45999,138631
2026-08-25 12:10:00,309.47,309.57999,309.41501,309.53,99864
2026-08-25 12:15:00,309.54501,309.69,309.45001,309.62,114620
2026-08-25 12:20:00,309.62109,310.10001,309.53021,310.079987,10015568
2026-08-25 12:25:00,310.079987,310.19,309.755,309.95499,206814
2026-08-25 12:30:00,309.95001,310.040009,309.70001,309.79501,10393597
2026-08-25 12:35:00,309.7901,309.88,309.5,309.5,142825
2026-08-25 12:40:00,309.51501,309.90991,309.5,309.78729,112118
2026-08-25 12:45:00,309.79001,309.87,309.59,309.715,94074
2026-08-25 12:50:00,309.715,310.0,309.64001,309.92999,111592
2026-08-25 12:55:00,309.92999,310.10001,309.82999,310.035004,97852
2026-08-25 13:00:00,310.035004,310.040009,309.78,309.85989,124371
2026-08-25 13:05:00,309.75,309.88,309.59,309.70001,106923
2026-08-25 13:10:00,309.70001,309.88,309.65009,309.8201,92145
2026-08-25 13:15:00,309.82999,310.01001,309.82001,309.97501,105060
2026-08-25 13:20:00,309.95999,309.97,309.58011,309.68011,121376
2026-08-25 13:25:00,309.67999,309.78,309.59,309.655,94243
2026-08-25 13:30:00,309.655,309.72,309.51999,309.72,109183
2026-08-25 13:35:00,309.70499,309.82999,309.54001,309.69,122479
2026-08-25 13:40:00,309.685,309.82001,309.64999,309.69,109453
2026-08-25 13:45:00,309.69,309.81,309.64999,309.655,101632
2026-08-25 13:50:00,309.64999,309.64999,309.31,309.42999,134206
2026-08-25 13:55:00,309.44,309.56,309.38,309.465,439771
2026-08-25 14:00:00,309.47,309.47,308.78,308.88,223427
2026-08-25 14:05:00,308.85999,309.079987,308.60999,309.049988,13054367
2026-08-25 14:10:00,309.04599,310.34,309.040009,309.285,148668
2026-08-25 14:15:00,309.28,309.47,309.20001,309.45999,594343
2026-08-25 14:20:00,309.45999,309.72,309.42001,309.5,172322
2026-08-25 14:25:00,309.48999,309.67999,309.38,309.54001,113846
2026-08-25 14:30:00,309.55499,309.60999,309.44,309.54031,109701
2026-08-25 14:35:00,309.54001,309.56,309.10999,309.13,135639
2026-08-25 14:40:00,309.13501,309.28949,309.040009,309.19501,152296
2026-08-25 14:45:00,309.19,309.29999,309.0,309.14999,144031
2026-08-25 14:50:00,309.13501,309.19,309.024994,309.089996,113863
2026-08-25 14:55:00,309.078003,309.13,308.41501,308.57999,342229
2026-08-25 15:00:00,308.57999,308.60999,308.22,308.23999,266416
2026-08-25 15:05:00,308.23001,308.51001,308.20999,308.42999,178920
2026-08-25 15:10:00,308.435,308.77499,308.42999,308.69,209921
2026-08-25 15:15:00,308.69,309.070496,308.69,308.98999,223902
2026-08-25 15:20:00,308.98999,309.17999,308.96011,309.17999,134413
2026-08-25 15:25:00,309.17999,309.39511,308.95499,308.97009,198056
2026-08-25 15:30:00,308.97009,309.070007,308.62,308.97,267941
2026-08-25 15:35:00,308.95001,308.98999,308.76999,308.84,174616
2026-08-25 15:40:00,308.91,308.98999,308.82501,308.95999,157492
2026-08-25 15:45:00,308.95999,309.32001,308.81,309.32001,250852
2026-08-25 15:50:00,309.32999,309.94,309.17001,309.89001,458645
2026-08-25 15:55:00,309.94,310.29999,309.79001,309.82999,1537319
2026-08-26 09:30:00,310.245,311.64999,308.80011,309.51999,1186615
2026-08-26 09:35:00,309.51999,310.47,309.12,310.26999,354021
2026-08-26 09:40:00,310.26501,311.67999,310.22,311.41,492383
2026-08-26 09:45:00,311.39001,311.82999,311.059998,311.595,457585
2026-08-26 09:50:00,311.62,312.040009,311.28,312.029999,366723
2026-08-26 09:55:00,312.029999,312.70001,311.79999,312.5,548297
2026-08-26 10:00:00,312.45999,312.89999,311.64999,312.52499,514488
2026-08-26 10:05:00,312.48999,312.77991,312.10001,312.37,289606
2026-08-26 10:10:00,312.35931,313.41989,312.35931,312.83499,472980
2026-08-26 10:15:00,312.83011,313.059906,312.54001,312.64999,337603
2026-08-26 10:20:00,312.66501,313.28,312.64999,312.69,266283
2026-08-26 10:25:00,312.67001,312.75989,311.78,311.79501,328306
2026-08-26 10:30:00,311.79001,311.9975,311.66,311.85999,271512
2026-08-26 10:35:00,311.89999,312.20999,311.845,312.11499,221618
2026-08-26 10:40:00,312.11499,312.57001,312.10999,312.48499,209668
2026-08-26 10:45:00,312.29001,312.66,312.074585,312.49731,195630
2026-08-26 10:50:00,312.48999,312.82001,312.41,312.66501,174342
2026-08-26 10:55:00,312.67001,312.86499,312.36011,312.79999,198857
2026-08-26 11:00:00,312.82501,312.95999,312.45999,312.54279,202465
2026-08-26 11:05:00,312.56,313.45001,312.54001,313.26999,690250
2026-08-26 11:10:00,313.29001,313.4295,312.82001,313.054993,250230
2026-08-26 11:15:00,313.040009,313.20001,312.59,312.75,286625
2026-08-26 11:20:00,312.79001,313.14999,312.70999,312.73001,165621
2026-08-26 11:25:00,312.72501,312.72501,312.50119,312.51999,134858
2026-08-26 11:30:00,312.51999,312.58969,312.17999,312.29999,8868114
2026-08-26 11:35:00,312.30499,312.58499,312.23999,312.495,9183485
2026-08-26 11:40:00,312.79041,313.48999,312.42001,313.44,9354364
2026-08-26 11:45:00,313.44501,313.62,313.14001,313.39001,251975
2026-08-26 11:50:00,313.42001,313.45499,313.079987,313.185,150821
2026-08-26 11:55:00,313.1955,313.20001,312.84,312.94,173076
2026-08-26 12:00:00,312.89999,312.93201,312.37,312.59,236629
2026-08-26 12:05:00,312.57999,313.94,312.54001,313.48499,10544198
2026-08-26 12:10:00,313.5,313.70999,313.26141,313.41,231409
2026-08-26 12:15:00,313.41,313.60501,313.35001,313.41501,139521
2026-08-26 12:20:00,313.41,313.5025,313.14481,313.34,169120
2026-08-26 12:25:00,313.37,313.47,313.26999,313.29471,150663
2026-08-26 12:30:00,313.30499,313.47501,313.10001,313.35999,145456
2026-08-26 12:35:00,313.35001,313.48001,312.77271,312.77271,158469
2026-08-26 12:40:00,312.76999,312.78,312.5,312.73001,140371
2026-08-26 12:45:00,312.70999,312.94,312.625,312.70999,11924694
2026-08-26 12:50:00,312.70001,312.89999,312.67999,312.77499,125705
2026-08-26 12:55:00,312.77499,313.19,312.76999,313.029999,238587
2026-08-26 13:00:00,313.024994,313.10001,312.73001,312.79001,138710
2026-08-26 13:05:00,312.79999,312.86499,312.72,312.82809,119659
2026-08-26 13:10:00,312.81,312.82001,312.53,312.60001,218667
2026-08-26 13:15:00,312.60999,313.089996,312.60999,312.8334,205160
2026-08-26 13:20:00,312.82919,313.23999,312.81,313.23001,143767
2026-08-26 13:25:00,313.23001,313.26999,313.040009,313.13,123511
2026-08-26 13:30:00,313.155,313.25,313.12,313.17499,114087
2026-08-26 13:35:00,313.14001,313.19,312.82501,312.82501,13358477
2026-08-26 13:40:00,312.8201,312.89001,312.65009,312.785,13607445
2026-08-26 13:45:00,312.79999,312.92001,312.70001,312.78,136041
2026-08-26 13:50:00,312.79001,313.019989,312.77261,313.019989,599033
2026-08-26 13:55:00,313.019989,313.1199,312.82001,312.94,14340337
2026-08-26 14:00:00,312.95001,313.13,312.86499,313.070007,120735
2026-08-26 14:05:00,313.065308,313.17001,312.97,313.049988,638528
2026-08-26 14:10:00,313.049988,313.079987,312.81,312.81781,145036
2026-08-26 14:15:00,312.81,313.097992,312.73001,313.029999,128232
2026-08-26 14:20:00,313.019989,313.17999,312.98999,312.98999,111582
2026-08-26 14:25:00,312.995,313.13,312.95471,313.049896,102759
2026-08-26 14:30:00,313.029999,313.22,312.95001,313.20999,170235
2026-08-26 14:35:00,313.20999,313.3028,313.13,313.16,129458
2026-08-26 14:40:00,313.19,313.69,313.13,313.685,224831
2026-08-26 14:45:00,313.685,314.39999,313.67001,314.23001,448609
2026-08-26 14:50:00,314.23999,315.10001,314.22,314.745,707307
2026-08-26 14:55:00,314.51999,314.78,314.48001,314.565,316425
2026-08-26 15:00:00,314.57001,315.17001,314.44,315.17001,327206
2026-08-26 15:05:00,315.14999,315.23999,314.95291,315.12,303844
2026-08-26 15:10:00,315.12,315.25,315.019989,315.070007,258185
2026-08-26 15:15:00,315.059998,315.23001,314.85999,315.049988,336444
2026-08-26 15:20:00,315.070007,315.12,314.84,315.01001,289991
2026-08-26 15:25:00,315.01001,315.059906,314.84,314.8446,337544
2026-08-26 15:30:00,314.85999,315.049988,314.67999,314.89999,369562
2026-08-26 15:35:00,314.89001,315.23999,314.69,315.23999,509585
2026-08-26 15:40:00,315.25,315.42999,315.10999,315.23999,20518509
2026-08-26 15:45:00,315.25,315.37,314.78,314.9744,369440
2026-08-26 15:50:00,315.0,315.070007,314.17999,314.29999,647715
2026-08-26 15:55:00,314.29001,314.32999,313.19,313.48999,2080444
2026-08-27 09:30:00,311.98999,312.035004,309.40009,309.9458,2219262
2026-08-27 09:35:00,309.92499,310.9855,309.42899,310.655,513875
2026-08-27 09:40:00,310.64001,311.12009,309.63,310.815,597288
2026-08-27 09:45:00,310.82999,311.88501,310.82001,311.565,409223
2026-08-27 09:50:00,311.54999,312.10001,311.42999,311.95001,304598
2026-08-27 09:55:00,311.97,312.10199,311.2605,311.62,390794
2026-08-27 10:00:00,311.57999,311.9899,311.31,311.35001,425135
2026-08-27 10:05:00,311.37,311.42001,310.38,310.4809,445192
2026-08-27 10:10:00,310.51501,311.059998,310.17001,310.22,380817
2026-08-27 10:15:00,310.23001,310.54999,309.91,310.058014,567258
2026-08-27 10:20:00,310.045013,310.42001,309.63,310.39499,541814
2026-08-27 10:25:00,310.38,310.91,310.30771,310.79211,454229
2026-08-27 10:30:00,310.79999,311.48001,310.63,311.43881,349616
2026-08-27 10:35:00,311.45001,313.12,311.45001,312.98999,648553
2026-08-27 10:40:00,312.98999,313.53,312.75,312.89499,496469
2026-08-27 10:45:00,312.88,313.51001,312.65009,313.48001,325344
2026-08-27 10:50:00,313.47,313.78,313.13501,313.53,210671
2026-08-27 10:55:00,313.47,313.64001,313.22501,313.39999,9671261
2026-08-27 11:00:00,313.42001,314.32999,313.42001,314.31,361885
2026-08-27 11:05:00,314.32501,314.67001,314.22079,314.54999,340345
2026-08-27 11:10:00,314.405,314.73001,314.34,314.72971,10462957
2026-08-27 11:15:00,314.72,315.16,314.64999,314.77499,364063
2026-08-27 11:20:00,314.77499,315.11249,314.60999,314.81,241240
2026-08-27 11:25:00,314.80499,314.85001,314.56,314.64999,169706
2026-08-27 11:30:00,314.655,314.755,314.32999,314.54001,212471
2026-08-27 11:35:00,314.54999,314.59909,314.28,314.3699,125127
2026-08-27 11:40:00,314.345,315.079895,314.28,314.755,11924989
2026-08-27 11:45:00,314.76001,314.79501,314.14999,314.435,211820
2026-08-27 11:50:00,314.47,314.85001,314.46109,314.67999,12568922
2026-08-27 11:55:00,314.69,314.83499,314.42001,314.80499,152781
2026-08-27 12:00:00,314.82001,314.97,314.70999,314.87561,189000
2026-08-27 12:05:00,314.85001,314.88,314.34,314.35999,619134
2026-08-27 12:10:00,314.35501,314.70001,314.29001,314.685,162490
2026-08-27 12:15:00,314.66,314.72989,314.37,314.37,132421
2026-08-27 12:20:00,314.35001,314.39999,314.11011,314.35999,154808
2026-08-27 12:25:00,314.37,314.58499,314.16,314.57001,109193
2026-08-27 12:30:00,314.565,314.595,314.41751,314.495,119157
2026-08-27 12:35:00,314.48001,314.64001,314.25,314.595,148223
2026-08-27 12:40:00,314.60001,314.82999,314.53,314.755,133270
2026-08-27 12:45:00,314.76999,315.16,314.67999,314.685,254789
2026-08-27 12:50:00,314.70001,315.18149,314.53,315.063995,15045794
2026-08-27 12:55:00,315.045013,315.12,314.85001,315.0,135742
2026-08-27 13:00:00,315.029999,315.059998,314.75,314.86499,121716
2026-08-27 13:05:00,314.86499,315.31,314.73999,315.22989,186880
2026-08-27 13:10:00,315.23001,315.34,314.8801,314.92999,137239
2026-08-27 13:15:00,314.92999,315.23999,314.82001,315.22501,156475
2026-08-27 13:20:00,315.22,315.39999,315.01001,315.015015,217816
2026-08-27 13:25:00,315.029999,315.29001,314.98499,315.26999,139572
2026-08-27 13:30:00,315.28,315.34,314.87009,314.89001,144748
2026-08-27 13:35:00,314.88501,314.92001,314.5,314.54001,143351
2026-08-27 13:40:00,314.53,314.98001,314.48999,314.68991,142603
2026-08-27 13:45:00,314.69,314.89999,314.62,314.82501,114356
2026-08-27 13:50:00,314.84,314.85999,314.62,314.76501,16695016
2026-08-27 13:55:00,314.75461,315.029999,314.72,314.82501,208951
2026-08-27 14:00:00,314.85001,314.91,314.21011,314.23001,146357
2026-08-27 14:05:00,314.22501,314.39731,314.10999,314.37,119013
2026-08-27 14:10:00,314.37,314.41,314.20001,314.32999,123287
2026-08-27 14:15:00,314.33499,314.39999,314.10001,314.32001,152045
2026-08-27 14:20:00,314.32001,314.36499,314.070007,314.20541,109512
2026-08-27 14:25:00,314.20999,314.28989,313.9935,314.17999,152412
2026-08-27 14:30:00,314.20001,314.23001,313.88,313.92001,128695
2026-08-27 14:35:00,313.92001,314.44,313.85999,314.39001,140104
2026-08-27 14:40:00,314.38989,314.48001,314.16,314.245,102536
2026-08-27 14:45:00,314.26001,314.58701,314.23499,314.26999,151973
2026-08-27 14:50:00,314.26999,314.285,313.61011,313.67999,198463
2026-08-27 14:55:00,313.66,313.92999,313.57001,313.87949,136780
2026-08-27 15:00:00,313.85001,314.079987,313.64999,313.96011,187112
2026-08-27 15:05:00,313.98001,314.20001,313.81,314.10001,142896
2026-08-27 15:10:00,314.10001,314.38,314.040009,314.20999,145075
2026-08-27 15:15:00,314.25,314.29999,314.045013,314.22,147920
2026-08-27 15:20:00,314.215,314.21799,313.60001,313.67001,227736
2026-08-27 15:25:00,313.67499,313.72,313.44501,313.57001,185621
2026-08-27 15:30:00,313.57999,313.72,313.53,313.63501,160586
2026-08-27 15:35:00,313.63501,313.67999,313.37,313.64001,176906
2026-08-27 15:40:00,313.63,313.89999,313.55499,313.89001,202798
2026-08-27 15:45:00,313.88,314.049988,313.76999,314.029999,511929
2026-08-27 15:50:00,314.019989,314.98001,313.80011,314.88181,21239607
2026-08-27 15:55:00,314.88,315.089996,314.42999,314.57501,1717901
2026-08-28 09:30:00,317.088013,318.029999,315.5,317.655,2083952
2026-08-28 09:35:00,317.67001,318.13,317.019989,317.17999,554919
2026-08-28 09:40:00,316.94,317.465,316.72,317.32001,379487
2026-08-28 09:45:00,317.2825,317.37,315.54999,315.87009,588248
2026-08-28 09:50:00,315.87,316.42999,315.45041,316.2001,338699
2026-08-28 09:55:00,316.23801,316.87,315.70001,316.70999,340419
2026-08-28 10:00:00,316.76999,317.1199,316.215,316.785,368575
2026-08-28 10:05:00,316.785,316.965,316.245,316.81,266951
2026-08-28 10:10:00,316.80499,316.92001,316.049988,316.5,5289495
2026-08-28 10:15:00,316.46011,316.89999,316.1626,316.80499,228478
2026-08-28 10:20:00,316.82999,317.17801,316.60001,317.016815,317622
2026-08-28 10:25:00,317.01001,317.040009,316.17001,316.72501,602127
2026-08-28 10:30:00,316.72501,317.099915,316.51999,317.045013,233652
2026-08-28 10:35:00,317.020111,317.79001,317.020111,317.54001,508893
2026-08-28 10:40:00,317.54001,319.57501,317.51001,319.47,1003493
2026-08-28 10:45:00,319.48001,319.73999,318.59,319.22,930619
2026-08-28 10:50:00,319.20999,320.2999,318.94,320.019989,740497
2026-08-28 10:55:00,320.025085,320.7789,319.95001,320.70999,630351
2026-08-28 11:00:00,320.70999,321.26001,320.45999,321.215,792494
2026-08-28 11:05:00,321.215,321.34,320.12,320.55499,12241028
2026-08-28 11:10:00,320.565,320.98999,320.029999,320.85001,441497
2026-08-28 11:15:00,320.7999,321.39999,320.7999,321.14499,525190
2026-08-28 11:20:00,321.1601,321.62991,320.9101,321.48999,13193550
2026-08-28 11:25:00,321.495,322.029999,321.42001,321.94,521197
2026-08-28 11:30:00,321.95499,322.37,321.84,322.17001,440671
2026-08-28 11:35:00,322.19,322.35001,321.46078,321.51001,384131
2026-08-28 11:40:00,321.51999,322.029999,321.29999,321.79999,673366
2026-08-28 11:45:00,321.81,322.36499,321.78,322.089996,416671
2026-08-28 11:50:00,322.10001,322.23001,321.32999,321.57001,343438
2026-08-28 11:55:00,321.59,321.6199,321.10999,321.48001,399442
2026-08-28 12:00:00,321.5,321.85999,321.38049,321.715,335120
2026-08-28 12:05:00,321.70001,321.73999,321.30011,321.30011,269141
2026-08-28 12:10:00,321.32001,321.6799,321.10999,321.62,291476
2026-08-28 12:15:00,321.63,321.85239,320.67999,321.10001,326019
2026-08-28 12:20:00,321.10001,321.10001,320.535,320.94,318156
2026-08-28 12:25:00,320.95999,321.024994,320.59,320.97,206315
2026-08-28 12:30:00,320.94501,321.44,320.94501,321.245,247549
2026-08-28 12:35:00,321.315,321.51999,321.16821,321.31,162932
2026-08-28 12:40:00,321.29001,321.33011,320.61359,320.625,242457
2026-08-28 12:45:00,320.625,321.35001,320.61459,321.19,267440
2026-08-28 12:50:00,321.185,321.1994,320.7406,320.78171,148845
2026-08-28 12:55:00,320.79999,321.015015,320.67999,320.845,168712
2026-08-28 13:00:00,320.82001,320.82999,320.28,320.70001,281434
2026-08-28 13:05:00,320.69501,320.82999,320.48999,320.57001,197504
2026-08-28 13:10:00,320.57999,320.79749,320.45419,320.76999,187109
2026-08-28 13:15:00,320.78,320.79999,320.0,320.16,298345
2026-08-28 13:20:00,320.17001,320.35999,319.58011,319.73001,220026
2026-08-28 13:25:00,319.71799,319.92859,319.66,319.73999,119598
2026-08-28 13:30:00,319.81,320.040009,319.76999,319.83499,157001
2026-08-28 13:35:00,319.83749,319.90131,319.38,319.38,209756
2026-08-28 13:40:00,319.3801,319.62,319.38,319.41501,136887
2026-08-28 13:45:00,319.41501,319.64999,319.38,319.46249,127741
2026-08-28 13:50:00,319.465,319.57999,319.37,319.5,156291
2026-08-28 13:55:00,319.51001,319.70001,319.39999,319.69,215531
2026-08-28 14:00:00,319.70999,319.98001,319.44,319.875,155421
2026-08-28 14:05:00,319.87,320.019989,319.52301,319.63501,22062160
2026-08-28 14:10:00,319.63501,320.049988,319.54999,319.64999,185075
2026-08-28 14:15:00,319.64011,319.82999,319.43259,319.60999,117883
2026-08-28 14:20:00,319.61499,319.67999,319.39999,319.48001,150908
2026-08-28 14:25:00,319.47009,319.70001,319.47009,319.54001,22652374
2026-08-28 14:30:00,319.54999,319.73999,319.51999,319.63,133047
2026-08-28 14:35:00,319.62,319.69,319.42999,319.53,159115
2026-08-28 14:40:00,319.56,319.75,319.54501,319.595,153453
2026-08-28 14:45:00,319.59,319.66,319.40009,319.45999,809705
2026-08-28 14:50:00,319.45999,319.5499,319.049988,319.48999,357875
2026-08-28 14:55:00,319.47,319.815,319.30499,319.815,218883
2026-08-28 15:00:00,319.82001,319.8494,319.33011,319.7374,230923
2026-08-28 15:05:00,319.73999,319.88989,319.48001,319.59,302096
2026-08-28 15:10:00,319.58499,319.74991,319.23999,319.64001,25308152
2026-08-28 15:15:00,319.60999,319.87,319.60999,319.76001,218622
2026-08-28 15:20:00,319.75,319.98999,319.67999,319.70999,215636
2026-08-28 15:25:00,319.70001,319.82001,319.53,319.54501,246770
2026-08-28 15:30:00,319.78259,320.040009,319.5,320.0,389340
2026-08-28 15:35:00,320.0050049,320.10001,319.74011,319.98001,330589
2026-08-28 15:40:00,319.98001,320.19931,319.82001,319.83499,448626
2026-08-28 15:45:00,319.70001,319.91,319.57999,319.82999,366909
2026-08-28 15:50:00,319.82001,320.32999,319.54999,319.92999,651534
2026-08-28 15:55:00,319.92999,320.019989,319.51999,319.64001,1236837
2026-08-31 09:30:00,319.56,321.23499,318.075012,318.075012,2138044
2026-08-31 09:35:00,318.049988,318.8139,317.22,318.64999,595526
2026-08-31 09:40:00,318.64999,318.89999,317.040009,317.375,469510
2026-08-31 09:45:00,317.32501,317.56,316.73999,317.39001,541641
2026-08-31 09:50:00,317.41501,318.10001,317.13501,317.95001,398135
2026-08-31 09:55:00,317.935,318.10001,317.16501,317.26001,393523
2026-08-31 10:00:00,317.20499,317.245,316.29999,316.51999,413939
2026-08-31 10:05:00,316.51001,316.79001,316.23999,316.35999,255533
2026-08-31 10:10:00,316.35501,316.62,315.77051,316.51501,483008
2026-08-31 10:15:00,316.48001,316.85001,316.079987,316.19,306431
2026-08-31 10:20:00,316.185,316.20001,315.51001,315.62,264132
2026-08-31 10:25:00,315.60001,315.82001,315.45001,315.70999,241585
2026-08-31 10:30:00,315.70999,315.70999,314.35999,314.405,450287
2026-08-31 10:35:00,314.42001,315.21979,314.41,314.95001,316342
2026-08-31 10:40:00,314.95001,315.019989,314.56,314.97501,233699
2026-08-31 10:45:00,314.97,315.31989,314.8371,315.070007,255873
2026-08-31 10:50:00,315.060089,315.16501,314.76501,314.98001,226094
2026-08-31 10:55:00,314.965,315.62991,314.72,315.38,314975
2026-08-31 11:00:00,315.38,315.82001,315.17999,315.2381,274488
2026-08-31 11:05:00,315.23001,315.5,315.029999,315.45499,213565
2026-08-31 11:10:00,315.4599,315.565,315.10501,315.315,208702
2026-08-31 11:15:00,315.32999,315.41,314.92001,315.17999,213849
2026-08-31 11:20:00,315.19,315.44,314.92001,315.065002,309626
2026-08-31 11:25:00,315.049988,315.20001,314.89999,315.069885,289855
2026-08-31 11:30:00,315.040009,315.19,314.76001,315.10001,254568
2026-08-31 11:35:00,315.084991,315.22501,314.67001,314.73001,171506
2026-08-31 11:40:00,314.72501,314.91901,314.60999,314.91901,147062
2026-08-31 11:45:00,314.91501,314.92999,314.68011,314.91501,134544
2026-08-31 11:50:00,314.92001,315.14999,314.82999,314.92999,184401
2026-08-31 11:55:00,314.92999,315.01001,314.59,314.66,182915
2026-08-31 12:00:00,314.66501,314.70999,314.35999,314.37,242055
2026-08-31 12:05:00,314.39001,314.39001,313.95001,314.01001,288173
2026-08-31 12:10:00,314.01239,314.48999,313.94,314.45999,204694
2026-08-31 12:15:00,314.47,314.51001,314.0,314.25,237160
2026-08-31 12:20:00,314.24011,314.32999,314.10001,314.31,181613
2026-08-31 12:25:00,314.32001,314.87,314.25131,314.67001,208476
2026-08-31 12:30:00,314.60001,316.0,312.79999,314.065002,1471634
2026-08-31 12:35:00,314.079895,314.10001,313.040009,313.13,416310
2026-08-31 12:40:00,313.14001,313.56,313.12,313.48001,297615
2026-08-31 12:45:00,313.48001,313.73999,313.39001,313.70001,243004
2026-08-31 12:50:00,313.67999,313.92001,313.54999,313.76001,174985
2026-08-31 12:55:00,313.76999,313.88,313.60001,313.76001,162719
2026-08-31 13:00:00,313.76001,313.77499,313.41,313.48001,188527
2026-08-31 13:05:00,313.505,313.78989,313.42499,313.62201,149124
2026-08-31 13:10:00,313.62,314.065002,313.57001,314.031403,180786
2026-08-31 13:15:00,314.049988,314.095001,313.76999,314.070007,187943
2026-08-31 13:20:00,314.070007,314.25,314.015015,314.14999,260186
2026-08-31 13:25:00,314.14999,314.15601,313.76001,313.88,160494
2026-08-31 13:30:00,313.85001,313.86499,313.38501,313.39499,138625
2026-08-31 13:35:00,313.39499,314.10001,313.39001,314.095001,270304
2026-08-31 13:40:00,314.10001,314.23999,313.98001,314.17001,185602
2026-08-31 13:45:00,314.17001,314.48499,314.16501,314.42499,184880
2026-08-31 13:50:00,314.4212,315.11499,314.42001,315.10001,239749
2026-08-31 13:55:00,315.10989,315.19501,314.92001,315.07489,248862
2026-08-31 14:00:00,315.079987,315.20001,314.91,315.16,198971
2026-08-31 14:05:00,315.16,315.60001,315.060089,315.60001,296818
2026-08-31 14:10:00,315.60001,315.70999,315.27979,315.35999,263621
2026-08-31 14:15:00,315.35999,315.44,315.13,315.43109,165445
2026-08-31 14:20:00,315.44,316.019989,315.44,315.80499,271548
2026-08-31 14:25:00,315.82001,315.88,315.51031,315.685,230694
2026-08-31 14:30:00,315.68188,315.91541,315.63,315.84,164684
2026-08-31 14:35:00,315.84,315.85001,315.29001,315.2926,177102
2026-08-31 14:40:00,315.29999,315.42499,315.01001,315.27011,190733
2026-08-31 14:45:00,315.27011,315.466,315.17999,315.29001,134941
2026-08-31 14:50:00,315.27499,315.45001,315.26999,315.39999,117117
2026-08-31 14:55:00,315.39499,315.45001,315.24011,315.39001,147706
2026-08-31 15:00:00,315.39499,315.69,315.39499,315.60501,192118
2026-08-31 15:05:00,315.57501,315.69,315.46011,315.65009,127477
2026-08-31 15:10:00,315.69,316.069885,315.69,316.029999,272526
2026-08-31 15:15:00,316.01001,316.079987,315.84,315.935,220237
2026-08-31 15:20:00,315.94,315.94501,315.66,315.82001,231510
2026-08-31 15:25:00,315.81201,316.16,315.70999,316.024994,251639
2026-08-31 15:30:00,316.029999,316.070007,315.75,315.82001,212800
2026-08-31 15:35:00,315.815,316.059998,315.78,316.040009,236602
2026-08-31 15:40:00,316.049988,316.51001,316.019989,316.45999,659598
2026-08-31 15:45:00,316.44501,316.75,316.13501,316.75,566393
2026-08-31 15:50:00,316.76001,317.69,316.51001,316.95499,1061414
2026-08-31 15:55:00,316.965,317.48001,315.70999,317.23001,2266188
2026-09-01 09:30:00,316.98001,317.38,314.737,315.34,1902858
2026-09-01 09:35:00,315.37,318.25,315.19,318.16501,934885
2026-09-01 09:40:00,318.17001,319.34,317.72,319.14999,1104397
2026-09-01 09:45:00,319.14999,321.0,319.019989,320.67001,1439857
2026-09-01 09:50:00,320.63501,321.78,320.17001,321.745,1276862
2026-09-01 09:55:00,321.71011,322.75,320.82001,322.69501,1398197
2026-09-01 10:00:00,322.69501,323.39001,321.47,321.81,1418102
2026-09-01 10:05:00,321.81989,323.34,321.81,323.0,1105352
2026-09-01 10:10:00,323.0,323.53,322.94101,323.405,727239
2026-09-01 10:15:00,323.405,323.76001,323.029999,323.58011,760577
2026-09-01 10:20:00,323.582,325.20999,323.51001,325.14499,1508077
2026-09-01 10:25:00,325.16,325.39001,324.6701,325.34451,964585
2026-09-01 10:30:00,325.33511,325.85999,324.65009,325.63501,1237010
2026-09-01 10:35:00,325.64001,325.70001,324.51459,324.70001,709192
2026-09-01 10:40:00,324.76221,325.098999,324.23999,324.73499,574414
2026-09-01 10:45:00,324.73499,325.255,324.535,325.19,479054
2026-09-01 10:50:00,325.19989,325.25,324.4523,324.7999,421140
2026-09-01 10:55:00,324.81,325.1199,324.23999,324.38,406628
2026-09-01 11:00:00,324.39001,324.39499,322.95001,323.12,731902
2026-09-01 11:05:00,323.12,323.48999,322.76999,323.12,499992
2026-09-01 11:10:00,323.10999,323.41,322.73999,323.35999,402401
2026-09-01 11:15:00,323.35999,325.079987,323.32999,325.059998,634947
2026-09-01 11:20:00,325.040009,325.44,324.73999,324.92001,585300
2026-09-01 11:25:00,324.95001,324.99991,324.39999,324.60001,378289
2026-09-01 11:30:00,324.62,324.72629,324.20001,324.42001,262069
2026-09-01 11:35:00,324.44,324.8299,324.019989,324.54001,331217
2026-09-01 11:40:00,324.54001,325.28,324.38501,325.14999,412344
2026-09-01 11:45:00,325.17001,326.26999,324.87009,326.22,1048966
2026-09-01 11:50:00,326.23001,327.22681,325.96011,326.88,760348
2026-09-01 11:55:00,326.88,326.95001,326.31,326.35999,521053
2026-09-01 12:00:00,326.38,326.42999,325.85501,326.17001,302942
2026-09-01 12:05:00,326.19,326.54001,326.049988,326.39001,366203
2026-09-01 12:10:00,326.41,326.48999,325.51999,325.535,286023
2026-09-01 12:15:00,325.535,325.82999,325.35999,325.48499,288689
2026-09-01 12:20:00,325.48001,327.29999,325.34,326.95999,539544
2026-09-01 12:25:00,326.95999,327.14999,326.35999,326.66,383853
2026-09-01 12:30:00,326.67999,326.88501,326.32999,326.39001,430869
2026-09-01 12:35:00,326.41,326.63,326.0,326.45999,436275
2026-09-01 12:40:00,326.48999,326.48999,325.39999,325.53,360732
2026-09-01 12:45:00,325.48999,326.26999,325.35999,325.91251,398592
2026-09-01 12:50:00,325.92001,325.9201,325.32001,325.38,285102
2026-09-01 12:55:00,325.48001,325.95001,325.375,325.85999,297998
2026-09-01 13:00:00,325.85001,325.97,325.45001,325.51999,537681
2026-09-01 13:05:00,325.53,325.565,324.95999,325.049988,608769
2026-09-01 13:10:00,325.054993,325.35001,324.95001,325.063995,281831
2026-09-01 13:15:00,325.054993,325.31,324.82999,324.9801,262353
2026-09-01 13:20:00,325.0079956,325.35001,324.84,324.89999,216517
2026-09-01 13:25:00,324.92001,325.24939,324.48499,324.64999,381008
2026-09-01 13:30:00,324.69,324.88,324.51001,324.771,221311
2026-09-01 13:35:00,324.76999,324.78601,324.5,324.60999,208414
2026-09-01 13:40:00,324.60999,324.92001,324.32001,324.862,214379
2026-09-01 13:45:00,324.89499,324.98001,324.51001,324.58499,170032
2026-09-01 13:50:00,324.58499,324.95001,324.5,324.75,200565
2026-09-01 13:55:00,324.78,325.22,324.73001,325.20999,242029
2026-09-01 14:00:00,325.22,325.75,325.14499,325.1701,389609
2026-09-01 14:05:00,325.14999,325.23001,324.76001,325.20001,229050
2026-09-01 14:10:00,325.215,325.22,324.88,324.92499,175126
2026-09-01 14:15:00,324.92999,325.125,324.63,325.11499,293001
2026-09-01 14:20:00,325.12,325.23001,324.75,324.98001,230264
2026-09-01 14:25:00,324.95999,325.51999,324.82001,325.20999,305987
2026-09-01 14:30:00,325.20001,325.23999,324.5701,324.85999,244931
2026-09-01 14:35:00,324.89999,325.14001,324.6601,324.69,223282
2026-09-01 14:40:00,324.6601,324.85959,324.3905,324.54001,195715
2026-09-01 14:45:00,324.54001,325.089996,324.45621,325.040009,220059
2026-09-01 14:50:00,325.029999,325.72949,324.73001,325.45999,437212
2026-09-01 14:55:00,325.44,325.85999,325.29999,325.54501,377092
2026-09-01 15:00:00,325.54001,325.85001,325.25,325.52499,307465
2026-09-01 15:05:00,325.54001,325.64001,325.059998,325.23611,302807
2026-09-01 15:10:00,325.23001,325.82001,325.12,325.78,291064
2026-09-01 15:15:00,325.75549,325.92999,325.50009,325.63,318874
2026-09-01 15:20:00,325.625,325.79999,325.3757,325.6604,249223
2026-09-01 15:25:00,325.67999,325.89001,325.51999,325.57001,331624
2026-09-01 15:30:00,325.60999,325.7399,325.17999,325.32999,333666
2026-09-01 15:35:00,325.37,325.57501,325.14001,325.39999,351621
2026-09-01 15:40:00,325.39999,325.48999,325.18399,325.36499,354072
2026-09-01 15:45:00,325.38,325.78989,325.29999,325.77499,456391
2026-09-01 15:50:00,325.76999,325.888,324.26001,324.92999,1478844
2026-09-01 15:55:00,324.91,325.26001,324.10001,325.14001,2780368
2026-09-02 09:30:00,326.97,328.39999,325.51001,325.63,2314908
2026-09-02 09:35:00,325.6658,325.6658,324.070007,325.01001,769788
2026-09-02 09:40:00,325.01001,325.5,324.39999,325.45001,585443
2026-09-02 09:45:00,325.45499,325.57489,324.51999,324.54501,619550
2026-09-02 09:50:00,324.54501,325.35999,324.45999,325.0050049,497853
2026-09-02 09:55:00,325.01001,325.54999,324.44,325.19,497060
2026-09-02 10:00:00,325.16,325.185,323.94,323.965,1028823
2026-09-02 10:05:00,323.94,324.49951,323.53,324.20001,536329
2026-09-02 10:10:00,324.25,324.35999,323.53699,323.98999,401259
2026-09-02 10:15:00,323.97,324.29999,323.70999,323.78479,300453
2026-09-02 10:20:00,323.79999,324.29999,323.60001,324.075012,262539
2026-09-02 10:25:00,324.079987,324.95001,324.029999,324.57001,326565
2026-09-02 10:30:00,324.58499,324.76999,324.0,324.070007,300684
2026-09-02 10:35:00,324.070007,324.60001,324.020508,324.56,224772
2026-09-02 10:40:00,324.57001,324.84,324.39001,324.72501,248456
2026-09-02 10:45:00,324.72699,325.079987,324.54999,324.75,326124
2026-09-02 10:50:00,324.73001,324.76999,324.14999,324.20499,300889
2026-09-02 10:55:00,324.20499,324.75,324.17551,324.61911,217256
2026-09-02 11:00:00,324.64999,324.94501,324.39001,324.4024,197314
2026-09-02 11:05:00,324.39999,324.67999,324.26999,324.39001,177398
2026-09-02 11:10:00,324.39999,324.60001,324.10999,324.45999,174436
2026-09-02 11:15:00,324.48001,325.20999,324.4501,325.20999,248847
2026-09-02 11:20:00,325.19,325.58499,324.95999,325.48001,299652
2026-09-02 11:25:00,325.5,326.54999,325.47,326.54999,494249
2026-09-02 11:30:00,326.53,327.054993,326.4501,326.71259,717762
2026-09-02 11:35:00,326.73001,326.95999,326.16089,326.70001,533526
2026-09-02 11:40:00,326.69629,326.72501,324.9101,325.11499,742326
2026-09-02 11:45:00,325.089996,325.4899,324.0,324.14001,414562
2026-09-02 11:50:00,324.14999,324.655,323.89499,324.54999,573871
2026-09-02 11:55:00,324.57001,325.17001,324.32999,325.01001,295364
2026-09-02 12:00:00,325.01001,325.85999,324.95499,325.85501,412206
2026-09-02 12:05:00,325.85501,326.19,325.67001,325.76001,773418
2026-09-02 12:10:00,325.75,325.94,325.2616,325.29999,268825
2026-09-02 12:15:00,325.27551,325.32999,324.61829,324.84,395191
2026-09-02 12:20:00,324.82999,325.12,324.11499,324.58511,331790
2026-09-02 12:25:00,324.57999,324.78,324.48999,324.66989,200655
2026-09-02 12:30:00,324.66,325.69,324.62,325.45999,319533
2026-09-02 12:35:00,325.44501,325.66,325.29001,325.42999,259153
2026-09-02 12:40:00,325.42999,325.53,325.17999,325.38501,153937
2026-09-02 12:45:00,325.39999,325.75,325.36499,325.505,196884
2026-09-02 12:50:00,325.51001,326.20999,325.45001,326.0,353644
2026-09-02 12:55:00,326.0050049,326.23801,325.95999,326.12,198285
2026-09-02 13:00:00,326.13,326.5,326.10001,326.27499,251342
2026-09-02 13:05:00,326.25,326.345,325.72501,325.75,257700
2026-09-02 13:10:00,325.75562,325.85001,325.44,325.55991,198415
2026-09-02 13:15:00,325.55499,325.99991,325.5,325.6701,161448
2026-09-02 13:20:00,325.67999,325.7999,325.53009,325.60999,166576
2026-09-02 13:25:00,325.63,325.69,325.070007,325.075012,174916
2026-09-02 13:30:00,325.075012,325.20999,324.68039,324.87,163803
2026-09-02 13:35:00,324.85999,325.125,324.85999,325.019989,180247
2026-09-02 13:40:00,325.0,325.48001,324.85001,325.33011,189480
2026-09-02 13:45:00,325.35999,325.70499,325.27011,325.5,146271
2026-09-02 13:50:00,325.53,325.98001,325.41,325.82999,263289
2026-09-02 13:55:00,325.84,326.19,325.76001,325.95499,234582
2026-09-02 14:00:00,325.95001,326.3299,325.72009,326.30011,273836
2026-09-02 14:05:00,326.32501,326.32501,325.89001,325.97,198944
2026-09-02 14:10:00,325.97,326.049988,325.79001,326.0,248603
2026-09-02 14:15:00,325.98999,326.42001,325.95999,326.19,273017
2026-09-02 14:20:00,326.19,326.38501,326.10001,326.17999,160014
2026-09-02 14:25:00,326.17999,326.48999,326.13,326.2955,213766
2026-09-02 14:30:00,326.30991,326.42999,325.92999,325.94501,189990
2026-09-02 14:35:00,325.95999,326.12991,325.78,325.80011,177692
2026-09-02 14:40:00,325.81,325.84,325.18011,325.34,236934
2026-09-02 14:45:00,325.35001,325.39499,325.049988,325.29999,174288
2026-09-02 14:50:00,325.29999,325.3999,324.96259,325.17499,205980
2026-09-02 14:55:00,325.17999,325.23001,324.85269,325.0,219566
2026-09-02 15:00:00,324.98499,325.01001,324.6001,324.9798,259074
2026-09-02 15:05:00,324.98001,325.5,324.98001,325.47501,290201
2026-09-02 15:10:00,325.48001,325.82001,325.35501,325.53,280267
2026-09-02 15:15:00,325.535,325.73999,325.28,325.60501,272751
2026-09-02 15:20:00,325.58499,325.67499,325.38,325.48001,185408
2026-09-02 15:25:00,325.48001,325.66,325.45999,325.64001,289615
2026-09-02 15:30:00,325.6405,325.92499,325.42001,325.92001,320713
2026-09-02 15:35:00,325.89999,325.95001,325.056213,325.10999,351253
2026-09-02 15:40:00,325.11899,325.42499,324.95999,325.20001,313090
2026-09-02 15:45:00,325.20499,325.5199,325.13,325.26999,340190
2026-09-02 15:50:00,325.23999,325.37,324.90009,325.26999,494166
2026-09-02 15:55:00,325.28,325.29001,324.67001,324.98999,1245791
2026-09-03 09:30:00,324.94769,327.5,324.25,325.62,1747712
2026-09-03 09:35:00,325.54001,326.47101,324.10999,326.45001,543838
2026-09-03 09:40:00,326.45001,326.67001,325.40051,326.48499,415504
2026-09-03 09:45:00,326.47,326.97,326.19,326.59,407058
2026-09-03 09:50:00,326.56,326.91989,326.0,326.26999,402373
2026-09-03 09:55:00,326.29001,326.79999,325.60001,326.72,376428
2026-09-03 10:00:00,326.60001,326.79999,325.94501,326.040009,330446
2026-09-03 10:05:00,326.040009,327.10999,326.029999,327.068787,365079
2026-09-03 10:10:00,327.079987,328.13,326.67001,328.13,472878
2026-09-03 10:15:00,328.13,328.70221,328.0,328.70001,596826
2026-09-03 10:20:00,328.70001,329.29999,328.54001,329.16541,600486
2026-09-03 10:25:00,329.1586,330.31,328.92001,329.715,1312317
2026-09-03 10:30:00,329.715,330.67999,329.3689,329.42001,820115
2026-09-03 10:35:00,329.4101,329.92999,328.19,328.375,507732
2026-09-03 10:40:00,328.375,328.67499,327.92001,328.315,504134
2026-09-03 10:45:00,328.29001,328.89999,328.2301,328.86011,541639
2026-09-03 10:50:00,328.91,328.92001,327.66,328.13,316501
2026-09-03 10:55:00,328.10519,328.34,327.60999,327.98499,380724
2026-09-03 11:00:00,328.019989,329.22,328.01001,329.20001,438389
2026-09-03 11:05:00,329.26001,330.059998,329.245,330.045013,388435
2026-09-03 11:10:00,330.049988,330.81,330.045013,330.465,460611
2026-09-03 11:15:00,330.5,330.76001,329.87,330.059998,567657
2026-09-03 11:20:00,330.0784,330.32999,329.52399,329.52991,348824
2026-09-03 11:25:00,329.51999,330.26999,329.48001,329.82999,640357
2026-09-03 11:30:00,329.85001,330.19,329.72,330.11011,332317
2026-09-03 11:35:00,330.14001,330.48001,329.76999,329.84,299685
2026-09-03 11:40:00,329.82501,329.97,329.23999,329.67999,259972
2026-09-03 11:45:00,329.69,329.88,329.42001,329.73001,168885
2026-09-03 11:50:00,329.70999,329.76001,329.28,329.54031,185096
2026-09-03 11:55:00,329.54001,329.84,329.29999,329.76999,149676
2026-09-03 12:00:00,329.75,330.019989,329.595,329.92001,237763
2026-09-03 12:05:00,329.92001,329.936,329.45001,329.57001,204327
2026-09-03 12:10:00,329.56,330.059998,329.44,330.020203,259638
2026-09-03 12:15:00,330.029999,330.049988,329.56,329.64001,184648
2026-09-03 12:20:00,329.64999,330.57001,329.51999,330.38501,426646
2026-09-03 12:25:00,330.38501,330.41379,329.84,330.069885,280398
2026-09-03 12:30:00,330.040009,330.23999,329.87,330.10999,223414
2026-09-03 12:35:00,330.11499,330.11499,329.70999,329.89999,231622
2026-09-03 12:40:00,329.91,329.98999,329.75,329.82999,136171
2026-09-03 12:45:00,329.83499,329.85999,329.32999,329.42001,203932
2026-09-03 12:50:00,329.39999,329.53,329.23999,329.315,151193
2026-09-03 12:55:00,329.29501,329.29501,328.88,328.94009,164547
2026-09-03 13:00:00,328.948,329.019989,328.44,328.69,188558
2026-09-03 13:05:00,328.70999,328.78,328.5,328.51001,178978
2026-09-03 13:10:00,328.505,328.55499,328.060089,328.11499,196685
2026-09-03 13:15:00,328.10999,328.32001,327.92001,327.97,195100
2026-09-03 13:20:00,327.97,328.040009,327.48001,327.66,367367
2026-09-03 13:25:00,327.67999,327.82001,327.45001,327.73001,249870
2026-09-03 13:30:00,327.72,328.040009,327.61499,327.75,257150
2026-09-03 13:35:00,327.79001,327.80991,327.13,327.215,271022
2026-09-03 13:40:00,327.215,327.23999,326.73999,326.92001,303398
2026-09-03 13:45:00,326.91501,327.32001,326.67999,327.20541,242222
2026-09-03 13:50:00,327.19501,327.2699,327.03009,327.13,192922
2026-09-03 13:55:00,327.13,327.22379,326.84,326.89999,199855
2026-09-03 14:00:00,326.89999,327.35999,326.88,327.13501,277123
2026-09-03 14:05:00,327.27499,327.345,327.029999,327.25,192038
2026-09-03 14:10:00,327.185,327.47,327.17001,327.32999,325407
2026-09-03 14:15:00,327.32501,327.56,327.20801,327.21741,210878
2026-09-03 14:20:00,327.22,327.25,326.92001,326.9502,212824
2026-09-03 14:25:00,326.97751,327.17999,326.92001,327.12,210693
2026-09-03 14:30:00,327.14499,327.25,326.98999,327.23999,182492
2026-09-03 14:35:00,327.23999,327.29001,327.029999,327.16,254913
2026-09-03 14:40:00,327.17999,327.17999,326.86499,326.89511,439294
2026-09-03 14:45:00,326.87,326.95999,326.51001,326.79001,428859
2026-09-03 14:50:00,326.78,327.019989,326.57001,326.94501,240029
2026-09-03 14:55:00,326.94589,327.26001,326.73001,327.19,228571
2026-09-03 15:00:00,327.20001,327.39999,327.049988,327.26999,191361
2026-09-03 15:05:00,327.29001,327.63989,327.20001,327.48001,245776
2026-09-03 15:10:00,327.48499,327.59,327.34,327.35001,214022
2026-09-03 15:15:00,327.34,327.59,327.25,327.53,223494
2026-09-03 15:20:00,327.53,327.60999,327.41,327.51001,224799
2026-09-03 15:25:00,327.51001,327.84,327.5,327.79501,292697
2026-09-03 15:30:00,327.79001,327.79001,327.41,327.56799,269410
2026-09-03 15:35:00,327.57001,327.72,327.47,327.51001,239093
2026-09-03 15:40:00,327.51999,327.85001,327.45001,327.7836,345332
2026-09-03 15:45:00,327.79999,328.20999,327.79001,328.014496,392217
2026-09-03 15:50:00,328.029999,328.84,327.72,328.62,661396
2026-09-03 15:55:00,328.63,328.76999,327.98999,328.20999,1623787
2026-09-04 09:30:00,328.30499,328.92999,327.019989,327.17999,1741966
2026-09-04 09:35:00,327.14999,327.14999,325.345,326.29999,775429
2026-09-04 09:40:00,326.23001,326.23001,324.28,324.82001,662195
2026-09-04 09:45:00,324.89001,324.89001,323.47,323.935,626493
2026-09-04 09:50:00,323.88199,324.26501,323.059998,324.2099,850282
2026-09-04 09:55:00,324.185,324.185,323.14999,323.69501,499438
2026-09-04 10:00:00,323.62,323.66,322.67999,323.070007,672047
2026-09-04 10:05:00,323.089996,323.20001,322.45001,322.7009,351646
2026-09-04 10:10:00,322.67999,322.67999,321.20999,321.20999,900953
2026-09-04 10:15:00,321.21609,321.89001,321.10001,321.59,588824
2026-09-04 10:20:00,321.59,321.66,321.19,321.23999,743842
2026-09-04 10:25:00,321.25,321.32999,320.44,320.70999,789951
2026-09-04 10:30:00,320.70999,321.075012,320.67499,320.88,591037
2026-09-04 10:35:00,320.88,321.16,320.66,320.67999,439619
2026-09-04 10:40:00,320.67001,320.67001,319.88,320.029999,634838
2026-09-04 10:45:00,320.040009,320.23001,319.88,320.095001,457362
2026-09-04 10:50:00,320.095001,320.10001,318.97,318.98001,558316
2026-09-04 10:55:00,318.98001,319.070007,318.29999,318.44,619767
2026-09-04 11:00:00,318.44,318.64001,317.85999,318.59,769124
2026-09-04 11:05:00,318.57001,318.97321,318.45001,318.94,569186
2026-09-04 11:10:00,318.94,319.39999,318.76001,319.285,502040
2026-09-04 11:15:00,319.285,319.41,318.67999,318.79999,428107
2026-09-04 11:20:00,318.80569,319.14001,318.57001,319.14001,315285
2026-09-04 11:25:00,319.10999,319.51001,318.931,319.47,342114
2026-09-04 11:30:00,319.47,319.67001,319.10999,319.63,410132
2026-09-04 11:35:00,319.60999,320.13,319.608,319.92499,420408
2026-09-04 11:40:00,319.92001,320.59,319.91,320.34,422874
2026-09-04 11:45:00,320.32999,320.47501,320.16,320.435,253159
2026-09-04 11:50:00,320.44,321.23999,320.42001,321.0,475102
2026-09-04 11:55:00,321.01001,321.28,320.82001,321.01001,373855
2026-09-04 12:00:00,321.024994,321.125,320.70999,321.0,287090
2026-09-04 12:05:00,321.0,321.13,320.66,321.029907,269543
2026-09-04 12:10:00,321.019989,321.26901,320.94,321.049896,301962
2026-09-04 12:15:00,321.040009,321.32001,320.63,321.26999,275958
2026-09-04 12:20:00,321.25061,321.32919,320.75,320.97,250473
2026-09-04 12:25:00,320.965,320.98999,320.42001,320.5,267672
2026-09-04 12:30:00,320.5174,321.13,320.4101,321.1001,213296
2026-09-04 12:35:00,321.10001,321.14001,320.73001,320.89499,183931
2026-09-04 12:40:00,320.88,321.059998,320.7001,320.84,189552
2026-09-04 12:45:00,320.85001,321.049988,320.77011,320.98001,195370
2026-09-04 12:50:00,320.98999,321.23999,320.82001,321.075012,211020
2026-09-04 12:55:00,321.075012,321.20999,320.95999,321.029999,179729
2026-09-04 13:00:00,321.045013,321.22009,320.96011,320.96011,150218
2026-09-04 13:05:00,320.995,321.59,320.92999,321.37991,267588
2026-09-04 13:10:00,321.35999,321.5705,321.17499,321.2092,321531
2026-09-04 13:15:00,321.2005,321.64999,321.19009,321.56799,192398
2026-09-04 13:20:00,321.56,321.89999,321.51999,321.76999,338269
2026-09-04 13:25:00,321.79001,321.81,321.54999,321.685,211235
2026-09-04 13:30:00,321.67999,321.67999,321.054993,321.14999,224277
2026-09-04 13:35:00,321.17001,321.28,320.88,320.98999,172572
2026-09-04 13:40:00,320.98999,321.049988,320.73999,320.965,166084
2026-09-04 13:45:00,320.95999,321.44,320.92999,321.070007,242253
2026-09-04 13:50:00,321.059998,321.16,320.91,320.965,124726
2026-09-04 13:55:00,320.965,321.10001,320.88,321.015015,125947
2026-09-04 14:00:00,321.019989,321.17999,320.92999,321.155,154997
2026-09-04 14:05:00,321.16,321.22501,321.019989,321.1423,152200
2026-09-04 14:10:00,321.1499,321.31,321.14001,321.26999,144806
2026-09-04 14:15:00,321.26999,321.31,320.91,320.97,146177
2026-09-04 14:20:00,320.95999,321.26001,320.88,321.20499,161800
2026-09-04 14:25:00,321.20001,321.29999,320.87,320.88,141765
2026-09-04 14:30:00,320.88,321.20001,320.85999,321.065002,162455
2026-09-04 14:35:00,321.059998,321.23001,320.98001,321.22501,115541
2026-09-04 14:40:00,321.22501,321.3613,321.079987,321.35001,190094
2026-09-04 14:45:00,321.35501,321.70999,321.32999,321.65799,259135
2026-09-04 14:50:00,321.66891,321.69,321.38,321.64499,162065
2026-09-04 14:55:00,321.64499,321.82999,321.5502,321.66501,260101
2026-09-04 15:00:00,321.66,321.82999,321.38,321.5,176611
2026-09-04 15:05:00,321.51001,321.89999,321.51001,321.88,212625
2026-09-04 15:10:00,321.87,322.10001,321.67001,321.98999,352873
2026-09-04 15:15:00,322.0,322.019897,321.64499,321.755,239367
2026-09-04 15:20:00,321.75241,322.040009,321.75241,321.88,350492
2026-09-04 15:25:00,321.86011,321.95001,321.76999,321.785,201478
2026-09-04 15:30:00,321.76999,321.76999,321.51001,321.64001,256053
2026-09-04 15:35:00,321.63501,321.80911,320.98001,321.01001,333954
2026-09-04 15:40:00,321.01001,321.039886,320.64001,320.67999,295369
2026-09-04 15:45:00,320.66,320.72,320.47,320.5,400203
2026-09-04 15:50:00,320.51001,320.84,320.22,320.72,798014
2026-09-04 15:55:00,320.70999,320.72,319.651,319.98999,2212094
2026-09-08 09:30:00,317.12,320.70001,316.75,317.2699,2459764
2026-09-08 09:35:00,317.20001,317.62,315.70001,317.35001,823660
2026-09-08 09:40:00,317.38,318.070007,317.20001,317.51831,554441
2026-09-08 09:45:00,317.5,317.5,316.17999,316.22,424713
2026-09-08 09:50:00,316.22,316.63989,315.98001,316.45999,420954
2026-09-08 09:55:00,316.45999,317.64999,316.42999,316.89999,422508
2026-09-08 10:00:00,316.92001,317.26001,316.3605,316.85791,598670
2026-09-08 10:05:00,316.87,316.88,315.93011,315.95499,416091
2026-09-08 10:10:00,315.92001,316.10291,315.73001,315.88501,336053
2026-09-08 10:15:00,315.87051,315.98999,315.52499,315.95889,496807
2026-09-08 10:20:00,315.98001,316.0,315.60001,315.73999,311951
2026-09-08 10:25:00,315.75,315.89999,315.29199,315.67001,600556
2026-09-08 10:30:00,315.67001,315.67999,315.26999,315.655,285323
2026-09-08 10:35:00,315.64001,315.94,315.45001,315.92001,328845
2026-09-08 10:40:00,315.92999,316.26999,315.76999,316.089996,338778
2026-09-08 10:45:00,316.089996,316.17999,315.88,316.16501,257630
2026-09-08 10:50:00,316.1564,316.30499,315.95999,316.28,232456
2026-09-08 10:55:00,316.29001,316.38,315.62,315.97461,326893
2026-09-08 11:00:00,316.0,316.57001,315.88199,316.42499,503785
2026-09-08 11:05:00,316.42499,316.47061,315.71521,315.79001,247354
2026-09-08 11:10:00,315.80991,316.5,315.76999,316.20001,295756
2026-09-08 11:15:00,316.20499,316.39999,315.85999,315.89499,248092
2026-09-08 11:20:00,315.88501,316.38,315.75,316.375,309372
2026-09-08 11:25:00,316.36499,316.78,316.18011,316.24911,254504
2026-09-08 11:30:00,316.245,316.39001,316.019989,316.26001,214677
2026-09-08 11:35:00,316.26001,316.37,316.13,316.29501,178254
2026-09-08 11:40:00,316.28,316.81,316.20999,316.41501,334192
2026-09-08 11:45:00,316.41,316.60001,316.10999,316.19501,191446
2026-09-08 11:50:00,316.19501,316.48001,316.16,316.16,204606
2026-09-08 11:55:00,316.15991,316.26999,316.0,316.079895,253067
2026-09-08 12:00:00,316.065002,316.13,315.8205,316.029999,261498
2026-09-08 12:05:00,316.01001,316.26801,315.72,315.73001,203481
2026-09-08 12:10:00,315.73819,315.78,315.54001,315.595,231117
2026-09-08 12:15:00,315.59,315.76001,315.47,315.48999,273985
2026-09-08 12:20:00,315.495,315.95999,315.45999,315.79001,212002
2026-09-08 12:25:00,315.79001,316.14001,315.79001,316.084991,235273
2026-09-08 12:30:00,316.10001,316.13,315.89999,315.95001,192553
2026-09-08 12:35:00,315.95999,316.029999,315.88,316.019989,173393
2026-09-08 12:40:00,316.029999,316.1799,315.98999,316.089996,179765
2026-09-08 12:45:00,316.079987,316.17999,316.0,316.10501,165525
2026-09-08 12:50:00,316.10501,316.14001,315.95001,316.079987,168383
2026-09-08 12:55:00,316.10001,316.10999,315.75,315.98999,192959
2026-09-08 13:00:00,315.98999,316.42999,315.95001,316.42001,215602
2026-09-08 13:05:00,316.42999,316.56,316.16,316.185,172369
2026-09-08 13:10:00,316.17999,316.25,316.049988,316.185,144600
2026-09-08 13:15:00,316.17001,316.20001,316.0,316.070007,131210
2026-09-08 13:20:00,316.070007,316.19,315.79001,316.10001,183492
2026-09-08 13:25:00,316.10159,316.28,315.9801,316.26999,123928
2026-09-08 13:30:00,316.272,316.31339,316.14001,316.20001,147918
2026-09-08 13:35:00,316.20001,316.26999,316.049988,316.049988,221320
2026-09-08 13:40:00,316.079987,316.32999,316.040009,316.26001,207744
2026-09-08 13:45:00,316.26001,316.29999,316.019989,316.16,153125
2026-09-08 13:50:00,316.14999,316.14999,315.94101,316.015015,165411
2026-09-08 13:55:00,316.019989,316.089905,315.95999,316.029999,160108
2026-09-08 14:00:00,316.024994,316.20999,316.024994,316.12259,142670
2026-09-08 14:05:00,316.12,316.26001,316.059998,316.070007,127670
2026-09-08 14:10:00,316.070007,316.51999,315.97,316.32501,215783
2026-09-08 14:15:00,316.32999,316.39001,316.20999,316.28,175317
2026-09-08 14:20:00,316.26999,316.34,315.97501,315.99399,158609
2026-09-08 14:25:00,315.98999,316.73999,315.95001,316.39001,362024
2026-09-08 14:30:00,316.39499,316.53,315.85999,315.89001,250153
2026-09-08 14:35:00,315.89001,316.14001,315.72009,315.85501,359517
2026-09-08 14:40:00,315.85001,315.88,315.38,315.47,291282
2026-09-08 14:45:00,315.46881,315.64001,314.92001,315.17999,648134
2026-09-08 14:50:00,315.19501,315.89999,315.19,315.85999,346824
2026-09-08 14:55:00,315.85501,315.98001,315.5,315.53,173577
2026-09-08 15:00:00,315.51999,315.62991,315.35001,315.54001,223504
2026-09-08 15:05:00,315.56,316.32999,315.51001,316.26999,276427
2026-09-08 15:10:00,316.26999,316.53,315.9707,316.089996,372025
2026-09-08 15:15:00,316.089996,316.089996,315.60001,315.79001,260157
2026-09-08 15:20:00,315.79001,316.049988,315.76001,315.905,205884
2026-09-08 15:25:00,315.89471,315.95999,315.52499,315.79999,287565
2026-09-08 15:30:00,315.80011,316.23999,315.52499,316.049988,291951
2026-09-08 15:35:00,316.059998,316.32001,315.96899,316.29999,266394
2026-09-08 15:40:00,316.26999,316.35999,316.020508,316.17999,338058
2026-09-08 15:45:00,316.20001,316.26999,315.91,316.25,363652
2026-09-08 15:50:00,316.26999,316.45001,315.85999,316.42999,673933
2026-09-08 15:55:00,316.45001,316.69,315.70001,316.35001,1697589
2026-09-09 09:30:00,315.93011,316.20999,315.070007,315.5199,1895080
2026-09-09 09:35:00,315.41,316.13,315.297,315.95001,464828
2026-09-09 09:40:00,315.92999,316.20999,315.57001,315.8501,508406
2026-09-09 09:45:00,315.85001,316.38,315.5,316.089996,475476
2026-09-09 09:50:00,316.079498,316.51999,315.98831,316.31,389080
2026-09-09 09:55:00,316.29001,318.0,316.20999,317.87491,790437
2026-09-09 10:00:00,317.85999,317.9787,317.1301,317.37,635578
2026-09-09 10:05:00,317.38501,318.13,317.040009,317.89169,485252
2026-09-09 10:10:00,317.88,317.91,315.51001,315.535,611874
2026-09-09 10:15:00,315.535,315.69,314.45001,314.6701,641243
2026-09-09 10:20:00,314.70001,315.42001,314.48001,314.54999,477525
2026-09-09 10:25:00,314.56,314.88989,314.32999,314.75,435140
2026-09-09 10:30:00,314.70999,314.71011,313.54001,313.8999,583078
2026-09-09 10:35:00,313.89999,314.040009,312.95001,313.040009,489629
2026-09-09 10:40:00,313.040009,313.45999,312.95001,313.23999,411865
2026-09-09 10:45:00,313.22,313.56,313.13,313.44,403915
2026-09-09 10:50:00,313.41501,313.75,313.22,313.54999,425592
2026-09-09 10:55:00,313.56,313.66,313.10999,313.375,341203
2026-09-09 11:00:00,313.39001,313.42249,312.39999,312.55499,598150
2026-09-09 11:05:00,312.54999,313.040009,312.35001,312.47449,468986
2026-09-09 11:10:00,312.50989,312.73999,312.17001,312.22,431146
2026-09-09 11:15:00,312.22501,312.7634,312.10999,312.70999,391977
2026-09-09 11:20:00,312.70001,312.75751,312.10999,312.27499,393887
2026-09-09 11:25:00,312.28,312.54501,312.17999,312.50259,299642
2026-09-09 11:30:00,312.51001,313.44501,312.22,313.215,539224
2026-09-09 11:35:00,313.20001,313.53,313.019989,313.41,518468
2026-09-09 11:40:00,313.435,313.58899,312.82001,313.29001,387173
2026-09-09 11:45:00,313.2496,313.45999,313.054993,313.435,507921
2026-09-09 11:50:00,313.44,313.60001,313.20999,313.41,260623
2026-09-09 11:55:00,313.42001,313.42001,312.9201,313.17499,202562
2026-09-09 12:00:00,313.17001,313.32001,312.86011,313.20001,264516
2026-09-09 12:05:00,313.20999,313.405,313.029999,313.17001,215470
2026-09-09 12:10:00,313.15619,313.5,313.079987,313.38501,235301
2026-09-09 12:15:00,313.38,313.70999,313.242,313.60001,285804
2026-09-09 12:20:00,313.60001,313.69,313.39999,313.42499,231187
2026-09-09 12:25:00,313.42999,313.70001,313.41,313.66501,1043422
2026-09-09 12:30:00,313.67999,313.76501,313.51001,313.57999,247210
2026-09-09 12:35:00,313.60001,313.67999,313.44,313.64001,206948
2026-09-09 12:40:00,313.63,314.38,313.60501,314.34,465979
2026-09-09 12:45:00,314.35629,314.36499,313.57999,313.64001,302417
2026-09-09 12:50:00,313.66589,314.029999,313.646,313.88501,325410
2026-09-09 12:55:00,313.88,314.10001,313.65009,314.01001,377041
2026-09-09 13:00:00,314.0050049,315.0,312.91,313.033295,1082338
2026-09-09 13:05:00,313.0010986,313.73999,312.31,313.60001,1006433
2026-09-09 13:10:00,313.66,313.66,312.42001,312.85999,896903
2026-09-09 13:15:00,312.83499,313.10999,311.079987,311.45999,1273571
2026-09-09 13:20:00,311.48001,312.8894,311.28,312.88,865836
2026-09-09 13:25:00,312.88,312.89001,310.97,311.70499,925833
2026-09-09 13:30:00,311.72,313.34,311.049988,311.31,1453588
2026-09-09 13:35:00,311.31,312.0,311.25,311.40039,684672
2026-09-09 13:40:00,311.42001,312.78,311.34299,312.51761,601120
2026-09-09 13:45:00,312.51001,312.72549,312.13,312.54001,502084
2026-09-09 13:50:00,312.54999,313.97,312.28,312.94501,1050574
2026-09-09 13:55:00,312.97,314.35999,312.7901,313.255,1530890
2026-09-09 14:00:00,313.255,313.79001,312.29999,312.85501,991366
2026-09-09 14:05:00,312.84,312.84,311.70999,311.88501,916695
2026-09-09 14:10:00,311.91501,311.98001,310.079987,310.079987,1223719
2026-09-09 14:15:00,310.059998,311.31,309.89999,310.98999,2629924
2026-09-09 14:20:00,310.98999,313.42999,310.98999,313.10501,1814288
2026-09-09 14:25:00,313.13,313.19,312.0,312.13,772666
2026-09-09 14:30:00,312.13501,312.789,311.95001,312.57501,441403
2026-09-09 14:35:00,312.57501,312.97,312.39999,312.73499,289743
2026-09-09 14:40:00,312.75,314.28,312.73001,314.12,839920
2026-09-09 14:45:00,314.1203,316.66,313.76001,316.66,1767038
2026-09-09 14:50:00,316.63501,318.67999,316.54141,318.51999,2882049
2026-09-09 14:55:00,318.5,319.14999,316.54999,316.66,1974818
2026-09-09 15:00:00,316.67999,317.20001,315.51999,316.14001,1576886
2026-09-09 15:05:00,316.14001,316.95001,315.37,315.69501,756562
2026-09-09 15:10:00,315.69,316.435,315.14001,315.86011,834504
2026-09-09 15:15:00,315.87271,316.35999,315.76001,315.85999,565275
2026-09-09 15:20:00,315.82999,315.99991,315.16,315.56,592817
2026-09-09 15:25:00,315.57999,315.76999,315.44,315.57001,366910
2026-09-09 15:30:00,315.56,315.67001,314.88,315.1525,612810
2026-09-09 15:35:00,315.16501,315.3999,314.97,315.054993,414079
2026-09-09 15:40:00,315.070007,315.89001,314.97,315.76999,532019
2026-09-09 15:45:00,315.76001,315.94391,315.54001,315.715,452515
2026-09-09 15:50:00,315.7001,315.84,315.19,315.42001,855298
2026-09-09 15:55:00,315.44,315.67001,315.019989,315.41,2101988
2026-09-10 09:30:00,316.79001,320.85989,316.57001,319.39999,4639752
2026-09-10 09:35:00,319.4295,323.129,319.38,320.70001,2549338
2026-09-10 09:40:00,320.7381,321.29001,317.22,319.92999,2297480
2026-09-10 09:45:00,319.94,321.17999,319.29001,320.13989,1437301
2026-09-10 09:50:00,320.087402,320.48001,319.0,319.10001,751641
2026-09-10 09:55:00,319.11499,319.13989,317.84,318.92899,710912
2026-09-10 10:00:00,318.76001,319.44,318.50381,319.12,701250
2026-09-10 10:05:00,319.14999,320.0,318.67349,318.73999,807654
2026-09-10 10:10:00,318.69,319.75,318.10999,319.34,662831
2026-09-10 10:15:00,319.3331,319.95001,318.79999,319.85001,425225
2026-09-10 10:20:00,319.845,320.0,319.22,319.67001,455178
2026-09-10 10:25:00,319.62,319.7099,318.7511,318.95499,374533
2026-09-10 10:30:00,319.01001,319.89169,319.01001,319.10001,425322
2026-09-10 10:35:00,319.079987,319.85001,318.88,319.8494,372691
2026-09-10 10:40:00,319.82001,320.85001,319.70001,320.065002,838861
2026-09-10 10:45:00,320.059998,320.79001,319.79001,320.64771,532589
2026-09-10 10:50:00,320.66,321.89999,320.3862,321.89001,793405
2026-09-10 10:55:00,321.88501,323.19,321.76001,323.010101,1446476
2026-09-10 11:00:00,323.040009,323.13,322.060089,323.03009,1043609
2026-09-10 11:05:00,323.016998,323.37,322.42261,322.5,853354
2026-09-10 11:10:00,322.47,322.85001,321.76999,321.94,532531
2026-09-10 11:15:00,321.92001,322.26501,321.60001,321.73001,458000
2026-09-10 11:20:00,321.73999,322.98999,321.73999,322.95999,558287
2026-09-10 11:25:00,322.98001,323.82001,322.745,323.70999,858289
2026-09-10 11:30:00,323.67001,324.079987,323.22,323.8959,1190122
2026-09-10 11:35:00,323.91,324.35001,323.34,323.75,836081
2026-09-10 11:40:00,323.76001,323.79001,322.38,322.48999,733836
2026-09-10 11:45:00,322.46561,322.63,320.059998,320.059998,1502937
2026-09-10 11:50:00,320.054993,320.34,319.28009,319.85501,1069584
2026-09-10 11:55:00,319.85001,320.029999,319.22,319.57001,657241
2026-09-10 12:00:00,319.565,319.93979,319.20999,319.62,668670
2026-09-10 12:05:00,319.61911,320.20001,319.35999,320.10001,422914
2026-09-10 12:10:00,320.117,320.48999,319.70001,320.13501,844072
2026-09-10 12:15:00,320.13501,320.47,320.019989,320.36011,378907
2026-09-10 12:20:00,320.38,320.48999,319.95999,320.4899,399048
2026-09-10 12:25:00,320.48999,321.92001,320.42999,321.905,924164
2026-09-10 12:30:00,321.85501,321.9299,321.26001,321.64001,611053
2026-09-10 12:35:00,321.63,323.38,321.60001,323.040009,1040803
2026-09-10 12:40:00,323.040802,324.73001,323.040802,324.4899,1138952
2026-09-10 12:45:00,324.47501,324.82999,323.45001,323.45001,1440828
2026-09-10 12:50:00,323.45999,324.22,323.35999,323.55499,703920
2026-09-10 12:55:00,323.54001,324.079987,323.029999,323.35001,475163
2026-09-10 13:00:00,323.35431,323.51999,322.85001,323.13239,502719
2026-09-10 13:05:00,323.14999,323.60999,323.010101,323.42999,374668
2026-09-10 13:10:00,323.46219,323.98999,323.44,323.54999,419852
2026-09-10 13:15:00,323.565,323.87,323.42001,323.83499,294108
2026-09-10 13:20:00,323.82999,324.089996,323.67001,323.95999,501216
2026-09-10 13:25:00,323.93521,324.86499,323.87,324.82199,877615
2026-09-10 13:30:00,324.84,325.54999,324.35001,325.32501,1421094
2026-09-10 13:35:00,325.32001,325.67999,324.78,325.10001,742728
2026-09-10 13:40:00,325.12,325.51001,325.089996,325.44,505058
2026-09-10 13:45:00,325.44,325.64999,325.040009,325.39001,500238
2026-09-10 13:50:00,325.39499,325.5899,324.98001,325.0,414816
2026-09-10 13:55:00,324.98999,325.54999,324.95001,325.01001,494819
2026-09-10 14:00:00,325.029999,325.19,324.01001,324.024994,602518
2026-09-10 14:05:00,324.040009,324.10901,323.45001,323.60001,509173
2026-09-10 14:10:00,323.60001,323.94,323.5,323.64999,451139
2026-09-10 14:15:00,323.64999,323.90991,323.38,323.79501,361855
2026-09-10 14:20:00,323.79501,324.47,323.73001,324.15009,503871
2026-09-10 14:25:00,324.14999,324.45999,324.10999,324.12,337990
2026-09-10 14:30:00,324.11011,324.255,323.63,323.871,305907
2026-09-10 14:35:00,323.87,324.37991,323.8414,324.25,302669
2026-09-10 14:40:00,324.23001,324.55499,324.10999,324.39999,321922
2026-09-10 14:45:00,324.39999,324.89999,324.20999,324.84,373114
2026-09-10 14:50:00,324.84,325.5,324.7601,325.36499,559664
2026-09-10 14:55:00,325.38,325.47,325.19,325.38,383877
2026-09-10 15:00:00,325.38,325.42911,324.97,325.040009,404952
2026-09-10 15:05:00,325.049988,325.59,324.94,325.45001,576560
2026-09-10 15:10:00,325.465,325.88501,325.25,325.79999,621778
2026-09-10 15:15:00,325.79001,326.12,325.56799,325.70801,689233
2026-09-10 15:20:00,325.73569,325.92999,325.2301,325.60001,454175
2026-09-10 15:25:00,325.63,325.76999,325.19,325.285,461632
2026-09-10 15:30:00,325.26999,325.62,325.17001,325.53601,460359
2026-09-10 15:35:00,325.54001,325.82001,325.25,325.73499,450114
2026-09-10 15:40:00,325.75,325.83499,325.34,325.3999,528861
2026-09-10 15:45:00,325.37,325.85501,325.17001,325.85501,614313
2026-09-10 15:50:00,325.85001,326.049988,325.54001,325.61499,1037130
2026-09-10 15:55:00,325.63501,326.67999,325.58011,326.595,2489885
2026-09-11 09:30:00,327.63,332.28,326.29999,331.98001,3972717
2026-09-11 09:35:00,331.95999,334.26999,331.41,334.12,2847360
2026-09-11 09:40:00,334.12,334.16,332.70001,333.35001,1268828
2026-09-11 09:45:00,333.39001,333.75,331.01001,331.7077,1297974
2026-09-11 09:50:00,331.6575,332.78,331.31,331.80499,784691
2026-09-11 09:55:00,331.82001,332.95999,331.45001,332.47,607212
2026-09-11 10:00:00,332.405,332.92999,331.76999,332.76501,705475
2026-09-11 10:05:00,332.78,332.82999,332.20999,332.495,360696
2026-09-11 10:10:00,332.51001,332.89999,331.6601,331.70001,483456
2026-09-11 10:15:00,331.73999,332.35001,331.6601,332.17999,380636
2026-09-11 10:20:00,332.17001,333.64999,332.040009,333.595,782255
2026-09-11 10:25:00,333.595,334.59,333.35001,334.085114,1030182
2026-09-11 10:30:00,334.088287,334.32001,332.42001,333.72299,1229883
2026-09-11 10:35:00,333.76001,334.35001,333.58499,334.155,561698
2026-09-11 10:40:00,334.155,334.90991,334.155,334.70001,853835
2026-09-11 10:45:00,334.70999,334.85001,334.20999,334.69,683315
2026-09-11 10:50:00,334.67499,335.39999,334.56,335.35999,1383581
2026-09-11 10:55:00,335.38,335.42999,334.75,334.95999,706039
2026-09-11 11:00:00,335.019989,335.64001,334.94,335.60001,761858
2026-09-11 11:05:00,335.60001,335.75,335.31,335.625,622994
2026-09-11 11:10:00,335.625,336.22,335.44,335.54001,762511
2026-09-11 11:15:00,335.51501,336.16,335.48001,335.6167,494926
2026-09-11 11:20:00,335.60001,335.82999,335.12,335.48999,562022
2026-09-11 11:25:00,335.48999,335.66,335.083496,335.57001,396275
2026-09-11 11:30:00,335.54001,335.54001,335.049988,335.14001,364295
2026-09-11 11:35:00,335.13,335.17001,334.62,334.94,542172
2026-09-11 11:40:00,334.92999,335.17999,334.73999,334.78,409472
2026-09-11 11:45:00,334.79001,334.85001,334.39999,334.51001,332775
2026-09-11 11:50:00,334.51001,334.67999,334.25,334.27679,290010
2026-09-11 11:55:00,334.2999,334.35999,333.69,333.91751,650497
2026-09-11 12:00:00,333.94,334.14999,333.70001,333.8566,339255
2026-09-11 12:05:00,333.87,334.5,333.63,334.49899,374791
2026-09-11 12:10:00,334.46609,334.76999,334.32999,334.70999,423406
2026-09-11 12:15:00,334.67001,334.84,334.37,334.39999,345601
2026-09-11 12:20:00,334.42999,334.44,333.96039,334.17001,352905
2026-09-11 12:25:00,334.17001,334.56989,334.070007,334.17001,314699
2026-09-11 12:30:00,334.19,334.4408,334.080414,334.27499,275130
2026-09-11 12:35:00,334.29999,334.38,333.92999,334.20001,260520
2026-09-11 12:40:00,334.20001,334.35999,333.94,334.13,211858
2026-09-11 12:45:00,334.14999,334.435,333.92999,334.41,262601
2026-09-11 12:50:00,334.42999,334.51999,334.32001,334.44,197264
2026-09-11 12:55:00,334.44,334.82999,334.29999,334.745,257261
2026-09-11 13:00:00,334.745,334.85001,334.211,334.31,217859
2026-09-11 13:05:00,334.29001,334.59,334.26001,334.39001,158152
2026-09-11 13:10:00,334.39001,334.44,334.125,334.34,197507
2026-09-11 13:15:00,334.35999,334.47,333.89999,333.94,182158
2026-09-11 13:20:00,333.935,334.25,333.89001,334.19,181173
2026-09-11 13:25:00,334.19849,334.36499,333.82999,333.95001,178840
2026-09-11 13:30:00,333.95999,334.29999,333.75,333.82001,243699
2026-09-11 13:35:00,333.79999,333.82001,333.38,333.48001,311018
2026-09-11 13:40:00,333.495,333.67001,333.13,333.21951,321244
2026-09-11 13:45:00,333.22,333.35001,332.92001,333.10001,310282
2026-09-11 13:50:00,333.10999,333.10999,332.73999,332.98001,441843
2026-09-11 13:55:00,332.98001,333.47,332.94,333.38,307803
2026-09-11 14:00:00,333.375,333.8299,333.25891,333.345,456672
2026-09-11 14:05:00,333.35001,333.38,332.60001,332.6601,345043
2026-09-11 14:10:00,332.67999,332.87,332.57999,332.79501,242869
2026-09-11 14:15:00,332.82001,332.92459,332.70001,332.78,160590
2026-09-11 14:20:00,332.78009,333.059998,332.54999,332.82501,243859
2026-09-11 14:25:00,332.84,332.96201,332.66,332.85501,188267
2026-09-11 14:30:00,332.85999,333.029999,332.73999,332.815,219374
2026-09-11 14:35:00,332.85001,333.13,332.82001,333.0,237709
2026-09-11 14:40:00,333.019989,333.17899,332.73001,332.905,249176
2026-09-11 14:45:00,332.89999,332.905,332.39001,332.56,237087
2026-09-11 14:50:00,332.5531,333.049988,332.50009,332.89001,365723
2026-09-11 14:55:00,332.91,333.0,332.42068,332.51999,298829
2026-09-11 15:00:00,332.51141,332.89999,332.39999,332.89999,424068
2026-09-11 15:05:00,332.89999,333.0,332.5,332.63,267222
2026-09-11 15:10:00,332.63501,332.64001,332.48001,332.56,189920
2026-09-11 15:15:00,332.55499,332.82001,332.55051,332.82001,1216987
2026-09-11 15:20:00,332.815,332.92001,332.51001,332.56021,259939
2026-09-11 15:25:00,332.565,332.73999,332.48001,332.64011,196574
2026-09-11 15:30:00,332.67999,333.070007,332.62,332.94,333953
2026-09-11 15:35:00,332.92999,333.01001,332.54001,332.61499,309060
2026-09-11 15:40:00,332.62,332.73999,332.45999,332.60999,293723
2026-09-11 15:45:00,332.64499,332.79919,332.41,332.70999,380820
2026-09-11 15:50:00,332.70001,332.89001,332.25,332.42499,695038
2026-09-11 15:55:00,332.42499,332.89001,332.070007,332.23001,1614370
2026-09-14 09:30:00,334.52,334.83,331.89,332.77,83040
2026-09-14 09:35:00,332.595,332.72,331.35,331.92,74389
2026-09-14 09:40:00,331.7,334.16,331.42,332.49,58940
2026-09-14 09:45:00,332.46,333.34,332.04,332.71,40364
2026-09-14 09:50:00,332.77,334.14,332.27,334.11,48511
2026-09-14 09:55:00,334.15,335.07,333.85,333.935,70564
2026-09-14 10:00:00,333.95,334.475,333.71,334.15,27228
2026-09-14 10:05:00,334.17,334.62,334.05,334.245,26800
2026-09-14 10:10:00,334.2,334.23,333.42,333.52,20455
2026-09-14 10:15:00,333.52,333.56,332.47,332.68,20525
2026-09-14 10:20:00,332.755,333.43,332.7,333.02,25179
2026-09-14 10:25:00,333.01,333.26,332.66,333.21,23450
2026-09-14 10:30:00,333.175,333.46,332.785,333.25,23169
2026-09-14 10:35:00,333.27,333.28,332.47,333.195,30224
2026-09-14 10:40:00,333.19,333.19,332.45,332.97,26517
2026-09-14 10:45:00,332.94,333.175,332.81,333.015,18785
2026-09-14 10:50:00,333.11,333.2,332.47,332.51,22736
2026-09-14 10:55:00,332.505,332.98,332.135,332.98,21186
2026-09-14 11:00:00,332.96,332.96,332.43,332.48,10040
2026-09-14 11:05:00,332.44,333.385,332.44,333.13,19298
2026-09-14 11:10:00,333.085,333.105,332.51,332.69,6717
2026-09-14 11:15:00,332.71,333.125,332.54,332.86,15048
2026-09-14 11:20:00,332.855,332.885,332.445,332.64,9678
2026-09-14 11:25:00,332.61,332.78,332.335,332.68,8711
2026-09-14 11:30:00,332.65,334.35,332.65,334.18,27487
2026-09-14 11:35:00,334.16,334.64,333.975,334.07,22477
2026-09-14 11:40:00,334.08,334.57,333.95,334.37,15198
2026-09-14 11:45:00,334.44,334.955,334.44,334.885,15826
2026-09-14 11:50:00,334.97,335.16,334.545,334.715,17831
2026-09-14 11:55:00,334.63,335.5,334.52,335.03,23265
2026-09-14 12:00:00,335.075,335.48,334.61,334.63,14980
2026-09-14 12:05:00,334.69,334.94,334.47,334.93,7125
2026-09-14 12:10:00,334.78,335.115,334.75,334.92,14718
2026-09-14 12:15:00,334.875,335.04,334.55,334.78,10691
2026-09-14 12:20:00,334.83,334.85,334.605,334.77,5206
2026-09-14 12:25:00,334.67,334.71,334.325,334.585,9788
2026-09-14 12:30:00,334.57,334.77,334.1,334.75,9196
2026-09-14 12:35:00,334.74,334.86,334.64,334.83,5427
2026-09-14 12:40:00,334.785,334.98,334.68,334.875,6364
2026-09-14 12:45:00,334.875,335.0,334.57,334.85,12913
2026-09-14 12:50:00,334.88,335.25,334.69,335.105,8430
2026-09-14 12:55:00,335.15,335.22,334.54,334.69,5616
