Date,Open,High,Low,Close,Volume
2026-08-28 18:30:00,1.16448,1.16464,1.16445,1.16461,0.0
2026-08-28 18:35:00,1.16452,1.16469,1.16443,1.1645,0.0
2026-08-28 18:40:00,1.16452,1.1646,1.16442,1.16444,0.0
2026-08-28 18:45:00,1.16449,1.16452,1.16423,1.16426,0.0
2026-08-28 18:50:00,1.1643,1.16447,1.16429,1.16446,0.0
2026-08-28 18:55:00,1.16441,1.16448,1.16427,1.16446,0.0
2026-08-28 19:00:00,1.16442,1.16456,1.16421,1.16425,0.0
2026-08-28 19:05:00,1.16434,1.16434,1.16419,1.16428,0.0
2026-08-28 19:10:00,1.16426,1.16438,1.16423,1.16436,0.0
2026-08-28 19:15:00,1.16433,1.1644,1.16414,1.16435,0.0
2026-08-28 19:20:00,1.16434,1.16441,1.1642,1.16435,0.0
2026-08-28 19:25:00,1.16436,1.1644,1.16419,1.16423,0.0
2026-08-28 19:30:00,1.16429,1.16441,1.16424,1.16439,0.0
2026-08-28 19:35:00,1.16436,1.16443,1.16417,1.16425,0.0
2026-08-28 19:40:00,1.16424,1.16425,1.16408,1.16421,0.0
2026-08-28 19:45:00,1.16417,1.16431,1.16411,1.16429,0.0
2026-08-28 19:50:00,1.16427,1.16431,1.16402,1.16412,0.0
2026-08-28 19:55:00,1.1641,1.16416,1.16395,1.16397,0.0
2026-08-28 20:00:00,1.16402,1.16409,1.16394,1.16397,0.0
2026-08-28 20:05:00,1.16403,1.16421,1.16398,1.16418,0.0
2026-08-28 20:10:00,1.16417,1.16423,1.16409,1.16422,0.0
2026-08-28 20:15:00,1.16419,1.16429,1.16401,1.16427,0.0
2026-08-28 20:20:00,1.16421,1.16427,1.16402,1.16423,0.0
2026-08-28 20:25:00,1.16417,1.16437,1.16417,1.16435,0.0
2026-08-28 20:30:00,1.16432,1.1646,1.1643,1.16459,0.0
2026-08-28 20:35:00,1.16456,1.16471,1.16455,1.16469,0.0
2026-08-28 20:40:00,1.16467,1.16469,1.16452,1.16454,0.0
2026-08-28 20:45:00,1.16461,1.16472,1.1645,1.16462,0.0
2026-08-28 20:50:00,1.16461,1.16465,1.16452,1.16463,0.0
2026-08-28 20:55:00,1.1646,1.16495,1.16451,1.16493,0.0
2026-08-28 21:00:00,1.16489,1.16494,1.16481,1.16493,0.0
2026-08-28 21:05:00,1.16491,1.16491,1.16474,1.16483,0.0
2026-08-28 21:10:00,1.16478,1.16486,1.16465,1.16474,0.0
2026-08-28 21:15:00,1.16472,1.16476,1.16462,1.16471,0.0
2026-08-28 21:20:00,1.16471,1.16476,1.16452,1.16474,0.0
2026-08-28 21:25:00,1.1647,1.16489,1.16455,1.16458,0.0
2026-08-28 21:30:00,1.16461,1.16471,1.16455,1.16458,0.0
2026-08-28 21:35:00,1.1646,1.16482,1.16456,1.16478,0.0
2026-08-28 21:40:00,1.16472,1.16482,1.16462,1.1648,0.0
2026-08-28 21:45:00,1.16476,1.16486,1.1645,1.16455,0.0
2026-08-28 21:50:00,1.16464,1.16464,1.16447,1.16457,0.0
2026-08-28 21:55:00,1.16455,1.16463,1.16444,1.16448,0.0
2026-08-28 22:00:00,1.16456,1.16461,1.16447,1.1645,0.0
2026-08-28 22:05:00,1.16453,1.16461,1.16439,1.16443,0.0
2026-08-28 22:10:00,1.16444,1.16447,1.16425,1.16445,0.0
2026-08-28 22:15:00,1.16437,1.16445,1.1643,1.16433,0.0
2026-08-28 22:20:00,1.16437,1.16438,1.16427,1.16429,0.0
2026-08-28 22:25:00,1.16433,1.16436,1.16423,1.16432,0.0
2026-08-28 22:30:00,1.1643,1.1643,1.16408,1.16418,0.0
2026-08-28 22:35:00,1.16413,1.16419,1.16404,1.16409,0.0
2026-08-28 22:40:00,1.1641,1.16415,1.16395,1.16397,0.0
2026-08-28 22:45:00,1.16401,1.16434,1.16401,1.16427,0.0
2026-08-28 22:50:00,1.16424,1.16428,1.16416,1.16423,0.0
2026-08-28 22:55:00,1.16421,1.16499,1.1641,1.16497,0.0
2026-08-28 23:00:00,1.16494,1.16503,1.16482,1.16485,0.0
2026-08-28 23:05:00,1.16491,1.16496,1.16452,1.16464,0.0
2026-08-28 23:10:00,1.1646,1.16478,1.16451,1.16454,0.0
2026-08-28 23:15:00,1.16457,1.16457,1.16446,1.16455,0.0
2026-08-28 23:20:00,1.16451,1.16455,1.16429,1.16431,0.0
2026-08-28 23:25:00,1.16433,1.16436,1.16417,1.16432,0.0
2026-08-28 23:30:00,1.16427,1.16444,1.16427,1.16442,0.0
2026-08-28 23:35:00,1.16441,1.16441,1.16412,1.16432,0.0
2026-08-28 23:40:00,1.16426,1.16435,1.16405,1.1642,0.0
2026-08-28 23:45:00,1.16419,1.16436,1.16413,1.16434,0.0
2026-08-28 23:50:00,1.16429,1.16429,1.16402,1.16414,0.0
2026-08-28 23:55:00,1.16412,1.16468,1.16412,1.16463,0.0
2026-08-29 00:00:00,1.16455,1.16493,1.16193,1.1623,0.0
2026-08-29 00:05:00,1.16292,1.16292,1.16091,1.16199,0.0
2026-08-29 00:10:00,1.16165,1.16222,1.16121,1.16132,0.0
2026-08-29 00:15:00,1.16153,1.16153,1.16064,1.16102,0.0
2026-08-29 00:20:00,1.16122,1.16122,1.16055,1.16061,0.0
2026-08-29 00:25:00,1.16071,1.16071,1.15951,1.15958,0.0
2026-08-29 00:30:00,1.15967,1.16092,1.1594,1.16082,0.0
2026-08-29 00:35:00,1.1606,1.16108,1.1606,1.16082,0.0
2026-08-29 00:40:00,1.16085,1.16093,1.1605,1.16056,0.0
2026-08-29 00:45:00,1.16061,1.16086,1.16029,1.16037,0.0
2026-08-29 00:50:00,1.16035,1.16143,1.16035,1.16131,0.0
2026-08-29 00:55:00,1.16109,1.16226,1.16109,1.16223,0.0
2026-08-29 01:00:00,1.16214,1.16218,1.16126,1.16132,0.0
2026-08-29 01:05:00,1.16141,1.16147,1.16059,1.16122,0.0
2026-08-29 01:10:00,1.16106,1.16128,1.16069,1.16074,0.0
2026-08-29 01:15:00,1.16082,1.16089,1.16066,1.16083,0.0
2026-08-29 01:20:00,1.16082,1.16082,1.1605,1.16058,0.0
2026-08-29 01:25:00,1.16055,1.16088,1.16042,1.16045,0.0
2026-08-29 01:30:00,1.16048,1.16056,1.16024,1.16032,0.0
2026-08-29 01:35:00,1.16033,1.16043,1.16011,1.16014,0.0
2026-08-29 01:40:00,1.16017,1.16032,1.15966,1.15995,0.0
2026-08-29 01:45:00,1.15988,1.16019,1.15974,1.15983,0.0
2026-08-29 01:50:00,1.15999,1.16028,1.15975,1.15998,0.0
2026-08-29 01:55:00,1.16011,1.16011,1.15981,1.15987,0.0
2026-08-29 02:00:00,1.15985,1.15989,1.15954,1.1596,0.0
2026-08-29 02:05:00,1.1597,1.1597,1.15923,1.15928,0.0
2026-08-29 02:10:00,1.15934,1.15934,1.15903,1.15907,0.0
2026-08-29 02:15:00,1.15915,1.15915,1.15857,1.15862,0.0
2026-08-29 02:20:00,1.15871,1.15874,1.15856,1.15872,0.0
2026-08-29 02:25:00,1.15869,1.15874,1.15855,1.15871,0.0
2026-08-29 02:30:00,1.1587,1.15895,1.15856,1.15877,0.0
2026-08-29 02:35:00,1.1588,1.15885,1.15871,1.15882,0.0
2026-08-29 02:40:00,1.15878,1.1589,1.15851,1.15853,0.0
2026-08-29 02:45:00,1.15857,1.15872,1.15857,1.15869,0.0
2026-08-29 02:50:00,1.15861,1.15893,1.15861,1.15892,0.0
2026-08-29 02:55:00,1.1589,1.15897,1.15851,1.15873,0.0
2026-08-29 03:00:00,1.15871,1.15872,1.15845,1.15858,0.0
2026-08-29 03:05:00,1.15856,1.15861,1.15835,1.15859,0.0
2026-08-29 03:10:00,1.15852,1.15888,1.15845,1.15882,0.0
2026-08-29 03:15:00,1.1588,1.1588,1.15847,1.15863,0.0
2026-08-29 03:20:00,1.15856,1.15876,1.15856,1.15872,0.0
2026-08-29 03:25:00,1.1587,1.1587,1.15849,1.15865,0.0
2026-08-29 03:30:00,1.15858,1.15865,1.15839,1.1584,0.0
2026-08-29 03:35:00,1.15842,1.15853,1.15828,1.1583,0.0
2026-08-29 03:40:00,1.15832,1.15836,1.15788,1.15794,0.0
2026-08-29 03:45:00,1.15805,1.15805,1.15784,1.15798,0.0
2026-08-29 03:50:00,1.15795,1.15812,1.15795,1.15802,0.0
2026-08-29 03:55:00,1.15803,1.15814,1.15801,1.15813,0.0
2026-08-29 04:00:00,1.15811,1.15813,1.15792,1.15795,0.0
2026-08-29 04:05:00,1.15798,1.15812,1.15786,1.15809,0.0
2026-08-29 04:10:00,1.158,1.15818,1.158,1.15808,0.0
2026-08-29 04:15:00,1.15808,1.15814,1.15794,1.15799,0.0
2026-08-29 04:20:00,1.158,1.15831,1.15786,1.1583,0.0
2026-08-29 04:25:00,1.15827,1.15844,1.15818,1.15841,0.0
2026-08-29 04:30:00,1.1584,1.1584,1.15813,1.15829,0.0
2026-08-29 04:35:00,1.15823,1.15833,1.15808,1.15809,0.0
2026-08-29 04:40:00,1.15812,1.15812,1.15786,1.15789,0.0
2026-08-29 04:45:00,1.15788,1.15805,1.15781,1.15789,0.0
2026-08-29 04:50:00,1.15785,1.15806,1.15785,1.15799,0.0
2026-08-29 04:55:00,1.158,1.15809,1.15786,1.15806,0.0
2026-08-29 05:00:00,1.158,1.15819,1.158,1.15814,0.0
2026-08-29 05:05:00,1.15811,1.1582,1.15798,1.15817,0.0
2026-08-29 05:10:00,1.15809,1.15837,1.15809,1.15819,0.0
2026-08-29 05:15:00,1.15822,1.15826,1.15813,1.15817,0.0
2026-08-29 05:20:00,1.15819,1.15853,1.15819,1.1585,0.0
2026-08-29 05:25:00,1.15848,1.15864,1.15842,1.15864,0.0
2026-08-29 05:30:00,1.15861,1.15868,1.15855,1.15867,0.0
2026-08-29 05:35:00,1.15865,1.15866,1.15853,1.15864,0.0
2026-08-29 05:40:00,1.15859,1.15874,1.15859,1.15871,0.0
2026-08-29 05:45:00,1.15869,1.15873,1.15853,1.15856,0.0
2026-08-29 05:50:00,1.1586,1.15873,1.15853,1.15868,0.0
2026-08-29 05:55:00,1.15868,1.15877,1.15859,1.15864,0.0
2026-08-29 06:00:00,1.1587,1.15871,1.15856,1.15868,0.0
2026-08-29 06:05:00,1.15866,1.15866,1.15843,1.15845,0.0
2026-08-29 06:10:00,1.15848,1.15863,1.15839,1.15861,0.0
2026-08-29 06:15:00,1.15857,1.15861,1.15845,1.15854,0.0
2026-08-29 06:20:00,1.15853,1.15853,1.15835,1.15849,0.0
2026-08-29 06:25:00,1.15847,1.15847,1.15833,1.15845,0.0
2026-08-29 06:30:00,1.15843,1.15851,1.15829,1.15831,0.0
2026-08-29 06:35:00,1.15835,1.15835,1.15809,1.15813,0.0
2026-08-29 06:40:00,1.1582,1.1582,1.15798,1.15812,0.0
2026-08-29 06:45:00,1.15804,1.15821,1.15804,1.15818,0.0
2026-08-29 06:50:00,1.15817,1.15831,1.15813,1.1583,0.0
2026-08-29 06:55:00,1.15828,1.15833,1.15814,1.15831,0.0
2026-08-29 07:00:00,1.15829,1.15843,1.1581,1.15837,0.0
2026-08-29 07:05:00,1.15829,1.15852,1.15805,1.1584,0.0
2026-08-29 07:10:00,1.1582,1.15871,1.15808,1.15842,0.0
2026-08-29 07:15:00,1.15817,1.15868,1.15806,1.15817,0.0
2026-08-29 07:20:00,1.15816,1.15855,1.15816,1.15842,0.0
2026-08-29 07:25:00,1.1582,1.15865,1.15818,1.15843,0.0
2026-08-29 07:30:00,1.15821,1.15857,1.15805,1.15806,0.0
2026-08-29 07:35:00,1.15809,1.15876,1.15809,1.15855,0.0
2026-08-29 07:40:00,1.1582,1.15883,1.15808,1.1585,0.0
2026-08-29 07:45:00,1.15819,1.15884,1.15802,1.1582,0.0
2026-08-29 07:50:00,1.1582,1.15871,1.15802,1.15846,0.0
2026-08-29 07:55:00,1.15822,1.15888,1.15801,1.15859,0.0
2026-08-29 08:00:00,1.15819,1.15882,1.15818,1.15839,0.0
2026-08-29 08:05:00,1.15819,1.15872,1.15816,1.15857,0.0
2026-08-29 08:10:00,1.15843,1.15857,1.1584,1.1584,0.0
2026-08-29 08:15:00,1.15841,1.15864,1.15839,1.15843,0.0
2026-08-29 08:20:00,1.1584,1.15864,1.15831,1.15861,0.0
2026-08-29 08:25:00,1.15854,1.15871,1.15848,1.15858,0.0
2026-08-29 08:30:00,1.15862,1.15868,1.15836,1.15855,0.0
2026-08-29 08:35:00,1.15857,1.15868,1.15843,1.15858,0.0
2026-08-29 08:40:00,1.15861,1.15868,1.15847,1.15857,0.0
2026-08-29 08:45:00,1.15857,1.15871,1.15849,1.15857,0.0
2026-08-29 08:50:00,1.15862,1.15868,1.15855,1.15866,0.0
2026-08-29 08:55:00,1.15865,1.15868,1.15855,1.15858,0.0
2026-08-29 09:00:00,1.15862,1.15867,1.15821,1.15859,0.0
2026-08-29 09:05:00,1.15857,1.15869,1.15841,1.15857,0.0
2026-08-29 09:10:00,1.15858,1.15868,1.15844,1.15856,0.0
2026-08-29 09:15:00,1.15857,1.15868,1.15837,1.15853,0.0
2026-08-29 09:20:00,1.15858,1.15864,1.15848,1.15862,0.0
2026-08-29 09:25:00,1.15856,1.15871,1.15855,1.15857,0.0
2026-08-29 09:30:00,1.15862,1.15868,1.15844,1.15851,0.0
2026-08-29 09:35:00,1.15857,1.15868,1.15853,1.15858,0.0
2026-08-29 09:40:00,1.15862,1.15868,1.15841,1.15858,0.0
2026-08-29 09:45:00,1.15858,1.15872,1.15851,1.15857,0.0
2026-08-29 09:50:00,1.15863,1.15869,1.15849,1.15868,0.0
2026-08-29 09:55:00,1.15866,1.15868,1.15855,1.15858,0.0
2026-08-29 10:00:00,1.15862,1.15876,1.15795,1.15814,0.0
2026-08-29 10:05:00,1.15855,1.15855,1.15776,1.1582,0.0
2026-08-29 10:10:00,1.15811,1.15827,1.1581,1.15819,0.0
2026-08-29 10:15:00,1.1582,1.15826,1.15819,1.15823,0.0
2026-08-29 10:20:00,1.15821,1.15825,1.1582,1.15822,0.0
2026-08-29 10:25:00,1.1582,1.15861,1.15816,1.1582,0.0
2026-08-29 10:30:00,1.15821,1.15824,1.15819,1.1582,0.0
2026-08-29 10:35:00,1.1582,1.15826,1.15819,1.15823,0.0
2026-08-29 10:40:00,1.15821,1.15825,1.1582,1.15822,0.0
2026-08-29 10:45:00,1.1582,1.15826,1.15819,1.1582,0.0
2026-08-29 10:50:00,1.1582,1.15847,1.1582,1.15821,0.0
2026-08-29 10:55:00,1.15821,1.15826,1.15818,1.15823,0.0
2026-08-29 11:00:00,1.1582,1.15825,1.1582,1.15822,0.0
2026-08-29 11:05:00,1.1582,1.15826,1.15819,1.1582,0.0
2026-08-29 11:10:00,1.1582,1.15824,1.15819,1.1582,0.0
2026-08-29 11:15:00,1.1582,1.1584,1.15816,1.15824,0.0
2026-08-29 11:20:00,1.15821,1.15825,1.1582,1.15822,0.0
2026-08-29 11:25:00,1.1582,1.15825,1.15819,1.1582,0.0
2026-08-29 11:30:00,1.15821,1.15824,1.15819,1.15821,0.0
2026-08-29 11:35:00,1.15821,1.15826,1.15819,1.15823,0.0
2026-08-29 11:40:00,1.1582,1.15845,1.15816,1.15822,0.0
2026-08-29 11:45:00,1.15824,1.15825,1.15819,1.1582,0.0
2026-08-29 11:50:00,1.1582,1.15825,1.15819,1.15821,0.0
2026-08-29 11:55:00,1.1582,1.15825,1.15818,1.15823,0.0
2026-08-29 12:00:00,1.1582,1.15825,1.15819,1.15822,0.0
2026-08-29 12:05:00,1.1582,1.15875,1.15819,1.15821,0.0
2026-08-29 12:10:00,1.15821,1.15825,1.15819,1.1582,0.0
2026-08-29 12:15:00,1.1582,1.15825,1.15818,1.15823,0.0
2026-08-29 12:20:00,1.1582,1.15825,1.15819,1.15822,0.0
2026-08-29 12:25:00,1.1582,1.15825,1.15819,1.15819,0.0
2026-08-29 12:30:00,1.1582,1.15882,1.15814,1.15823,0.0
2026-08-29 12:35:00,1.15822,1.15825,1.15818,1.15823,0.0
2026-08-29 12:40:00,1.1582,1.15825,1.15819,1.15822,0.0
2026-08-29 12:45:00,1.1582,1.15825,1.15819,1.15819,0.0
2026-08-29 12:50:00,1.1582,1.15825,1.15818,1.15821,0.0
2026-08-29 12:55:00,1.1582,1.15852,1.15818,1.15825,0.0
2026-08-29 13:00:00,1.15822,1.15826,1.15819,1.15822,0.0
2026-08-29 13:05:00,1.1582,1.15825,1.15819,1.15819,0.0
2026-08-29 13:10:00,1.1582,1.15825,1.15819,1.15821,0.0
2026-08-29 13:15:00,1.1582,1.15824,1.15818,1.15823,0.0
2026-08-29 13:20:00,1.1582,1.15855,1.15814,1.15829,0.0
2026-08-29 13:25:00,1.15829,1.15829,1.1582,1.1582,0.0
2026-08-29 13:30:00,1.1582,1.15825,1.15818,1.15821,0.0
2026-08-29 13:35:00,1.1582,1.15824,1.15819,1.15823,0.0
2026-08-29 13:40:00,1.1582,1.15825,1.15818,1.1582,0.0
2026-08-29 13:45:00,1.1582,1.1588,1.1582,1.15821,0.0
2026-08-29 13:50:00,1.15822,1.15825,1.15819,1.15821,0.0
2026-08-29 13:55:00,1.1582,1.15824,1.15819,1.15823,0.0
2026-08-29 14:00:00,1.1582,1.15825,1.15818,1.1582,0.0
2026-08-29 14:05:00,1.1582,1.15825,1.1582,1.1582,0.0
2026-08-29 14:10:00,1.1582,1.15864,1.15813,1.15823,0.0
2026-08-29 14:15:00,1.15822,1.15824,1.15819,1.15823,0.0
2026-08-29 14:20:00,1.1582,1.15825,1.15818,1.15823,0.0
2026-08-29 14:25:00,1.15821,1.15825,1.1582,1.1582,0.0
2026-08-29 14:30:00,1.1582,1.15825,1.15818,1.15821,0.0
2026-08-29 14:35:00,1.1582,1.15879,1.1582,1.15824,0.0
2026-08-29 14:40:00,1.15822,1.15826,1.15819,1.1582,0.0
2026-08-29 14:45:00,1.1582,1.15825,1.1582,1.1582,0.0
2026-08-29 14:50:00,1.1582,1.15825,1.15819,1.15822,0.0
2026-08-29 14:55:00,1.1582,1.15824,1.1582,1.15823,0.0
2026-08-29 15:00:00,1.15821,1.15879,1.15816,1.15831,0.0
2026-08-29 15:05:00,1.15831,1.15831,1.15818,1.15821,0.0
2026-08-29 15:10:00,1.15822,1.1583,1.15817,1.15823,0.0
2026-08-29 15:15:00,1.15822,1.15825,1.1582,1.15823,0.0
2026-08-29 15:20:00,1.15821,1.15826,1.15819,1.1582,0.0
2026-08-29 15:25:00,1.1582,1.15869,1.15819,1.15821,0.0
2026-08-29 15:30:00,1.15823,1.15828,1.1582,1.15823,0.0
2026-08-29 15:35:00,1.15821,1.15825,1.1582,1.15823,0.0
2026-08-29 15:40:00,1.1582,1.15825,1.15818,1.1582,0.0
2026-08-29 15:45:00,1.1582,1.15823,1.1582,1.1582,0.0
2026-08-29 15:50:00,1.1582,1.15876,1.15813,1.15822,0.0
2026-08-29 15:55:00,1.15823,1.15825,1.1582,1.15822,0.0
2026-08-29 16:00:00,1.1582,1.15826,1.15819,1.1582,0.0
2026-08-29 16:05:00,1.1582,1.15824,1.1582,1.1582,0.0
2026-08-29 16:10:00,1.1582,1.15826,1.15819,1.15823,0.0
2026-08-29 16:15:00,1.1582,1.15849,1.15818,1.15822,0.0
2026-08-29 16:20:00,1.15823,1.15826,1.15819,1.1582,0.0
2026-08-29 16:25:00,1.1582,1.15824,1.15819,1.1582,0.0
2026-08-29 16:30:00,1.1582,1.15826,1.15819,1.15823,0.0
2026-08-29 16:35:00,1.1582,1.15825,1.1582,1.15822,0.0
2026-08-29 16:40:00,1.1582,1.1586,1.15812,1.15823,0.0
2026-08-29 16:45:00,1.1583,1.1583,1.15818,1.1582,0.0
2026-08-29 16:50:00,1.15821,1.15825,1.15819,1.15823,0.0
2026-08-29 16:55:00,1.1582,1.15825,1.1582,1.15822,0.0
2026-08-29 17:00:00,1.1582,1.15826,1.15819,1.1582,0.0
2026-08-29 17:05:00,1.1582,1.15841,1.15819,1.15822,0.0
2026-08-29 17:10:00,1.15823,1.15825,1.15818,1.15822,0.0
2026-08-29 17:15:00,1.1582,1.15825,1.15819,1.15822,0.0
2026-08-29 17:20:00,1.1582,1.15825,1.15819,1.1582,0.0
2026-08-29 17:25:00,1.1582,1.15829,1.1582,1.15821,0.0
2026-08-29 17:30:00,1.15821,1.15876,1.15819,1.15826,0.0
2026-08-29 17:35:00,1.15824,1.15826,1.1582,1.15822,0.0
2026-08-29 17:40:00,1.1582,1.15825,1.15818,1.15819,0.0
2026-08-29 17:45:00,1.1582,1.15824,1.15818,1.15822,0.0
2026-08-29 17:50:00,1.1582,1.15825,1.15818,1.15822,0.0
2026-08-29 17:55:00,1.1582,1.15836,1.15816,1.15821,0.0
2026-08-29 18:00:00,1.15823,1.15826,1.15819,1.1582,0.0
2026-08-29 18:05:00,1.15821,1.15825,1.15818,1.1582,0.0
2026-08-29 18:10:00,1.1582,1.15825,1.15818,1.15823,0.0
2026-08-29 18:15:00,1.1582,1.15825,1.15819,1.15822,0.0
2026-08-29 18:20:00,1.1582,1.1588,1.15807,1.15821,0.0
2026-08-29 18:25:00,1.15829,1.15829,1.1582,1.15821,0.0
2026-08-29 18:30:00,1.1582,1.15825,1.15818,1.15822,0.0
2026-08-29 18:35:00,1.1582,1.15825,1.15819,1.15822,0.0
2026-08-29 18:40:00,1.1582,1.15825,1.15819,1.15819,0.0
2026-08-29 18:45:00,1.1582,1.15865,1.15818,1.15821,0.0
2026-08-29 18:50:00,1.15823,1.15825,1.15818,1.15823,0.0
2026-08-29 18:55:00,1.1582,1.15825,1.15818,1.15822,0.0
2026-08-29 19:00:00,1.1582,1.15825,1.15819,1.15819,0.0
2026-08-29 19:05:00,1.1582,1.15825,1.15818,1.15821,0.0
2026-08-29 19:10:00,1.1582,1.15878,1.15819,1.15826,0.0
2026-08-29 19:15:00,1.15824,1.15826,1.15819,1.15822,0.0
2026-08-29 19:20:00,1.1582,1.15825,1.15819,1.15819,0.0
2026-08-29 19:25:00,1.1582,1.15828,1.15817,1.15822,0.0
2026-08-29 19:30:00,1.15821,1.15824,1.15819,1.15822,0.0
2026-08-29 19:35:00,1.1582,1.15879,1.15814,1.15821,0.0
2026-08-29 19:40:00,1.15823,1.15825,1.15819,1.15819,0.0
2026-08-29 19:45:00,1.1582,1.15825,1.15818,1.15821,0.0
2026-08-29 19:50:00,1.1582,1.15824,1.15819,1.15822,0.0
2026-08-29 19:55:00,1.1582,1.15825,1.15818,1.1582,0.0
2026-08-29 20:00:00,1.1582,1.15852,1.15814,1.15821,0.0
2026-08-29 20:05:00,1.15828,1.15828,1.15819,1.15822,0.0
2026-08-29 20:10:00,1.1582,1.15824,1.15819,1.15822,0.0
2026-08-29 20:15:00,1.1582,1.15825,1.15818,1.1582,0.0
2026-08-29 20:20:00,1.1582,1.15824,1.15819,1.15819,0.0
2026-08-29 20:25:00,1.1582,1.15865,1.15818,1.15823,0.0
2026-08-29 20:30:00,1.15824,1.15824,1.15819,1.15823,0.0
2026-08-29 20:35:00,1.1582,1.15825,1.15818,1.1582,0.0
2026-08-29 20:40:00,1.1582,1.15824,1.15819,1.15819,0.0
2026-08-29 20:45:00,1.1582,1.15825,1.15818,1.15822,0.0
2026-08-29 20:50:00,1.1582,1.15878,1.15819,1.15826,0.0
2026-08-29 20:55:00,1.15824,1.15826,1.15819,1.1582,0.0
2026-08-29 21:00:00,1.1582,1.15824,1.15819,1.15819,0.0
2026-08-29 21:05:00,1.1582,1.15825,1.15818,1.15822,0.0
2026-08-29 21:10:00,1.1582,1.15824,1.15819,1.15822,0.0
2026-08-29 21:15:00,1.1582,1.1586,1.15813,1.15823,0.0
2026-08-29 21:20:00,1.15823,1.15824,1.15819,1.15819,0.0
2026-08-29 21:25:00,1.1582,1.15825,1.15818,1.15822,0.0
2026-08-29 21:30:00,1.1582,1.15824,1.15819,1.15822,0.0
2026-08-29 21:35:00,1.1582,1.15825,1.15818,1.15819,0.0
2026-08-29 21:40:00,1.1582,1.15879,1.15818,1.15842,0.0
2026-08-29 21:45:00,1.15836,1.15836,1.15819,1.15823,0.0
2026-08-29 21:50:00,1.15821,1.15824,1.1582,1.15822,0.0
2026-08-29 21:55:00,1.1582,1.15825,1.15818,1.15819,0.0
2026-08-29 22:00:00,1.1582,1.15823,1.15819,1.15819,0.0
2026-08-29 22:05:00,1.1582,1.15883,1.15812,1.15829,0.0
2026-08-29 22:10:00,1.15827,1.15827,1.1582,1.15822,0.0
2026-08-29 22:15:00,1.1582,1.15825,1.15818,1.15819,0.0
2026-08-29 22:20:00,1.1582,1.15823,1.15819,1.15819,0.0
2026-08-29 22:25:00,1.1582,1.15825,1.15818,1.15822,0.0
2026-08-29 22:30:00,1.1582,1.15878,1.15819,1.15829,0.0
2026-08-29 22:35:00,1.15826,1.15831,1.15819,1.15821,0.0
2026-08-29 22:40:00,1.15821,1.15824,1.15819,1.1582,0.0
2026-08-29 22:45:00,1.1582,1.15825,1.15818,1.15822,0.0
2026-08-29 22:50:00,1.1582,1.15824,1.15819,1.15821,0.0
2026-08-29 22:55:00,1.1582,1.15882,1.15818,1.15828,0.0
2026-08-29 23:00:00,1.15826,1.15826,1.1582,1.1582,0.0
2026-08-29 23:05:00,1.1582,1.15825,1.15818,1.15822,0.0
2026-08-29 23:10:00,1.1582,1.15824,1.15819,1.15821,0.0
2026-08-29 23:15:00,1.1582,1.15825,1.15818,1.15819,0.0
2026-08-29 23:20:00,1.1582,1.15882,1.15816,1.15842,0.0
2026-08-29 23:25:00,1.15836,1.15836,1.15819,1.15824,0.0
2026-08-29 23:30:00,1.15822,1.15825,1.15819,1.15821,0.0
2026-08-29 23:35:00,1.1582,1.15825,1.15818,1.15819,0.0
2026-08-29 23:40:00,1.1582,1.15824,1.15818,1.1582,0.0
2026-08-29 23:45:00,1.1582,1.15875,1.15812,1.15829,0.0
2026-08-29 23:50:00,1.15827,1.15827,1.1582,1.15822,0.0
2026-08-29 23:55:00,1.1582,1.15825,1.15818,1.15819,0.0
2026-08-30 00:00:00,1.1582,1.15824,1.15818,1.1582,0.0
2026-08-30 00:05:00,1.1582,1.15824,1.15818,1.15822,0.0
2026-08-30 00:10:00,1.1582,1.15882,1.15818,1.15829,0.0
2026-08-30 00:15:00,1.15826,1.15826,1.15819,1.15819,0.0
2026-08-30 00:20:00,1.1582,1.15825,1.15818,1.1582,0.0
2026-08-30 00:25:00,1.1582,1.15824,1.15818,1.15822,0.0
2026-08-30 00:30:00,1.1582,1.15825,1.15818,1.15822,0.0
2026-08-30 00:35:00,1.1582,1.15883,1.15818,1.15829,0.0
2026-08-30 00:40:00,1.15826,1.15829,1.15821,1.15822,0.0
2026-08-30 00:45:00,1.15822,1.15825,1.15819,1.15823,0.0
2026-08-30 00:50:00,1.15821,1.15825,1.15819,1.15822,0.0
2026-08-30 00:55:00,1.1582,1.15825,1.15819,1.15819,0.0
2026-08-30 01:00:00,1.1582,1.1588,1.15806,1.15847,0.0
2026-08-30 01:05:00,1.1584,1.15846,1.15699,1.15763,0.0
2026-08-30 01:10:00,1.15741,1.15797,1.15741,1.15791,0.0
2026-08-30 01:15:00,1.15789,1.15794,1.15789,1.15789,0.0
2026-08-30 01:20:00,1.15789,1.15795,1.15788,1.15791,0.0
2026-08-30 01:25:00,1.15789,1.1589,1.15788,1.15817,0.0
2026-08-30 01:30:00,1.15813,1.15818,1.15811,1.15813,0.0
2026-08-30 01:35:00,1.15813,1.15888,1.15675,1.1569,0.0
2026-08-30 01:40:00,1.1572,1.15725,1.15718,1.15721,0.0
2026-08-30 01:45:00,1.1572,1.15724,1.15719,1.15722,0.0
2026-08-30 01:50:00,1.1572,1.15926,1.15717,1.15757,0.0
2026-08-30 01:55:00,1.15748,1.15753,1.15747,1.15747,0.0
2026-08-30 02:00:00,1.15748,1.15876,1.15744,1.15798,0.0
2026-08-30 02:05:00,1.15791,1.15806,1.15791,1.15804,0.0
2026-08-30 02:10:00,1.15801,1.15807,1.158,1.15804,0.0
2026-08-30 02:15:00,1.15801,1.15884,1.158,1.15858,0.0
2026-08-30 02:20:00,1.15813,1.15819,1.15812,1.15815,0.0
2026-08-30 02:25:00,1.15813,1.15817,1.15813,1.15816,0.0
2026-08-30 02:30:00,1.15813,1.15836,1.15809,1.15818,0.0
2026-08-30 02:35:00,1.15818,1.15822,1.15817,1.15817,0.0
2026-08-30 02:40:00,1.15818,1.1588,1.15797,1.15861,0.0
2026-08-30 02:45:00,1.15839,1.15843,1.15839,1.15842,0.0
2026-08-30 02:50:00,1.15839,1.15845,1.15838,1.1584,0.0
2026-08-30 02:55:00,1.1584,1.15844,1.15839,1.15839,0.0
2026-08-30 03:00:00,1.1584,1.15845,1.15838,1.15842,0.0
2026-08-30 03:05:00,1.1584,1.15871,1.1584,1.15861,0.0
2026-08-30 03:10:00,1.15839,1.15849,1.15839,1.15844,0.0
2026-08-30 03:15:00,1.15844,1.15848,1.15844,1.15844,0.0
2026-08-30 03:20:00,1.15844,1.15849,1.15842,1.15846,0.0
2026-08-30 03:25:00,1.15844,1.15848,1.15844,1.15846,0.0
2026-08-30 03:30:00,1.15844,1.15869,1.15841,1.15844,0.0
2026-08-30 03:35:00,1.15845,1.15851,1.15845,1.15847,0.0
2026-08-30 03:40:00,1.15848,1.15853,1.15846,1.1585,0.0
2026-08-30 03:45:00,1.15848,1.15852,1.15848,1.1585,0.0
2026-08-30 03:50:00,1.15848,1.15853,1.15846,1.15847,0.0
2026-08-30 03:55:00,1.15848,1.15874,1.15833,1.15837,0.0
2026-08-30 04:00:00,1.15838,1.15847,1.15831,1.15833,0.0
2026-08-30 04:05:00,1.15834,1.15838,1.15834,1.15836,0.0
2026-08-30 04:10:00,1.15834,1.15834,1.1582,1.15821,0.0
2026-08-30 04:15:00,1.15822,1.15824,1.1582,1.1582,0.0
2026-08-30 04:20:00,1.1582,1.15879,1.15818,1.15859,0.0
2026-08-30 04:25:00,1.15817,1.15845,1.15817,1.15824,0.0
2026-08-30 04:30:00,1.15823,1.15825,1.15819,1.1582,0.0
2026-08-30 04:35:00,1.1582,1.15824,1.15819,1.1582,0.0
2026-08-30 04:40:00,1.1582,1.15826,1.15819,1.15823,0.0
2026-08-30 04:45:00,1.1582,1.15882,1.1582,1.15861,0.0
2026-08-30 04:50:00,1.15819,1.15834,1.15819,1.15828,0.0
2026-08-30 04:55:00,1.15829,1.15833,1.15827,1.15829,0.0
2026-08-30 05:00:00,1.15829,1.15834,1.15827,1.15831,0.0
2026-08-30 05:05:00,1.15829,1.15833,1.15828,1.1583,0.0
2026-08-30 05:10:00,1.15829,1.15875,1.15821,1.15823,0.0
2026-08-30 05:15:00,1.1583,1.15839,1.1583,1.15835,0.0
2026-08-30 05:20:00,1.15835,1.1584,1.15833,1.15838,0.0
2026-08-30 05:25:00,1.15835,1.1584,1.15834,1.15837,0.0
2026-08-30 05:30:00,1.15835,1.1584,1.15833,1.15834,0.0
2026-08-30 05:35:00,1.15835,1.15874,1.15834,1.15835,0.0
2026-08-30 05:40:00,1.15835,1.15845,1.15835,1.15843,0.0
2026-08-30 05:45:00,1.1584,1.15845,1.15839,1.15842,0.0
2026-08-30 05:50:00,1.1584,1.15843,1.15829,1.15832,0.0
2026-08-30 05:55:00,1.15833,1.15835,1.15825,1.1583,0.0
2026-08-30 06:00:00,1.15828,1.15878,1.15827,1.15862,0.0
2026-08-30 06:05:00,1.15825,1.15852,1.15825,1.15846,0.0
2026-08-30 06:10:00,1.15845,1.15845,1.15831,1.15835,0.0
2026-08-30 06:15:00,1.15836,1.15838,1.15827,1.1583,0.0
2026-08-30 06:20:00,1.1583,1.15837,1.1583,1.15835,0.0
2026-08-30 06:25:00,1.15832,1.15874,1.15831,1.1586,0.0
2026-08-30 06:30:00,1.15832,1.15843,1.15832,1.15837,0.0
2026-08-30 06:35:00,1.15838,1.15843,1.15836,1.15839,0.0
2026-08-30 06:40:00,1.15838,1.15843,1.15836,1.15841,0.0
2026-08-30 06:45:00,1.15838,1.15843,1.15836,1.1584,0.0
2026-08-30 06:50:00,1.15838,1.15868,1.15833,1.15834,0.0
2026-08-30 06:55:00,1.15839,1.15852,1.1583,1.15836,0.0
2026-08-30 07:00:00,1.15834,1.15834,1.15827,1.15832,0.0
2026-08-30 07:05:00,1.15829,1.15834,1.15821,1.15822,0.0
2026-08-30 07:10:00,1.15822,1.15825,1.15819,1.15819,0.0
2026-08-30 07:15:00,1.1582,1.15882,1.15818,1.15861,0.0
2026-08-30 07:20:00,1.15819,1.15829,1.15819,1.15823,0.0
2026-08-30 07:25:00,1.15821,1.15825,1.15818,1.1582,0.0
2026-08-30 07:30:00,1.1582,1.15825,1.15819,1.15819,0.0
2026-08-30 07:35:00,1.1582,1.15825,1.15818,1.15821,0.0
2026-08-30 07:40:00,1.1582,1.15882,1.15819,1.15861,0.0
2026-08-30 07:45:00,1.15817,1.1584,1.15817,1.15821,0.0
2026-08-30 07:50:00,1.15822,1.15824,1.15819,1.15819,0.0
2026-08-30 07:55:00,1.1582,1.15825,1.15818,1.15821,0.0
2026-08-30 08:00:00,1.1582,1.15828,1.15819,1.15822,0.0
2026-08-30 08:05:00,1.1582,1.15882,1.15816,1.1582,0.0
2026-08-30 08:10:00,1.1582,1.15875,1.1582,1.15821,0.0
2026-08-30 08:15:00,1.15821,1.15826,1.15819,1.15822,0.0
2026-08-30 08:20:00,1.1582,1.15823,1.15819,1.15822,0.0
2026-08-30 08:25:00,1.1582,1.15825,1.15818,1.1582,0.0
2026-08-30 08:30:00,1.1582,1.15871,1.15819,1.15819,0.0
2026-08-30 08:35:00,1.1582,1.15882,1.15818,1.1583,0.0
2026-08-30 08:40:00,1.15828,1.15831,1.15827,1.1583,0.0
2026-08-30 08:45:00,1.15828,1.15833,1.15823,1.15825,0.0
2026-08-30 08:50:00,1.15825,1.15829,1.15824,1.15824,0.0
2026-08-30 08:55:00,1.15825,1.15875,1.15821,1.15857,0.0
2026-08-30 09:00:00,1.15823,1.15875,1.15819,1.15833,0.0
2026-08-30 09:05:00,1.15831,1.15836,1.15829,1.15831,0.0
2026-08-30 09:10:00,1.15831,1.15835,1.1583,1.1583,0.0
2026-08-30 09:15:00,1.15831,1.15836,1.15829,1.15833,0.0
2026-08-30 09:20:00,1.15831,1.15875,1.1583,1.1586,0.0
2026-08-30 09:25:00,1.15831,1.15874,1.15821,1.15842,0.0
2026-08-30 09:30:00,1.15842,1.15845,1.15841,1.15841,0.0
2026-08-30 09:35:00,1.15842,1.15847,1.1584,1.15844,0.0
2026-08-30 09:40:00,1.15842,1.15846,1.15842,1.15844,0.0
2026-08-30 09:45:00,1.15842,1.15869,1.1584,1.15841,0.0
2026-08-30 09:50:00,1.15842,1.15849,1.15841,1.15845,0.0
2026-08-30 09:55:00,1.15846,1.15851,1.15844,1.15848,0.0
2026-08-30 10:00:00,1.15846,1.1585,1.15846,1.15848,0.0
2026-08-30 10:05:00,1.15846,1.15851,1.15844,1.15845,0.0
2026-08-30 10:10:00,1.15846,1.15848,1.15824,1.15831,0.0
2026-08-30 10:15:00,1.15831,1.15876,1.15828,1.15833,0.0
2026-08-30 10:20:00,1.15831,1.15835,1.15831,1.15833,0.0
2026-08-30 10:25:00,1.15831,1.15836,1.15829,1.1583,0.0
2026-08-30 10:30:00,1.15831,1.15835,1.1583,1.15831,0.0
2026-08-30 10:35:00,1.15831,1.15836,1.15829,1.15833,0.0
2026-08-30 10:40:00,1.15831,1.15875,1.15825,1.15839,0.0
2026-08-30 10:45:00,1.15837,1.15842,1.15835,1.15836,0.0
2026-08-30 10:50:00,1.15837,1.15841,1.15836,1.15837,0.0
2026-08-30 10:55:00,1.15837,1.15842,1.15835,1.15839,0.0
2026-08-30 11:00:00,1.15837,1.15842,1.15832,1.15839,0.0
2026-08-30 11:05:00,1.15837,1.15875,1.15825,1.15841,0.0
2026-08-30 11:10:00,1.15842,1.15846,1.15836,1.15842,0.0
2026-08-30 11:15:00,1.15841,1.15841,1.15831,1.15836,0.0
2026-08-30 11:20:00,1.15834,1.15839,1.15833,1.15835,0.0
2026-08-30 11:25:00,1.15834,1.15839,1.15832,1.15833,0.0
2026-08-30 11:30:00,1.15834,1.15872,1.15833,1.15841,0.0
2026-08-30 11:35:00,1.15839,1.15844,1.15838,1.15842,0.0
2026-08-30 11:40:00,1.15839,1.15844,1.15838,1.15841,0.0
2026-08-30 11:45:00,1.15839,1.15845,1.15838,1.15838,0.0
2026-08-30 11:50:00,1.15839,1.15844,1.15838,1.15841,0.0
2026-08-30 11:55:00,1.15839,1.15871,1.15839,1.15846,0.0
2026-08-30 12:00:00,1.15844,1.15849,1.15842,1.15846,0.0
2026-08-30 12:05:00,1.15844,1.15849,1.15842,1.15843,0.0
2026-08-30 12:10:00,1.15844,1.15849,1.15842,1.15844,0.0
2026-08-30 12:15:00,1.15844,1.15849,1.15842,1.15846,0.0
2026-08-30 12:20:00,1.15844,1.15869,1.1584,1.15849,0.0
2026-08-30 12:25:00,1.15847,1.15852,1.15846,1.15846,0.0
2026-08-30 12:30:00,1.15847,1.15852,1.15846,1.15848,0.0
2026-08-30 12:35:00,1.15847,1.15858,1.15809,1.15831,0.0
2026-08-30 12:40:00,1.15828,1.15833,1.15826,1.1583,0.0
2026-08-30 12:45:00,1.15828,1.15871,1.15828,1.1584,0.0
2026-08-30 12:50:00,1.1584,1.15845,1.15839,1.15841,0.0
2026-08-30 12:55:00,1.1584,1.15845,1.15839,1.15843,0.0
2026-08-30 13:00:00,1.1584,1.15846,1.15839,1.15842,0.0
2026-08-30 13:05:00,1.1584,1.15845,1.1584,1.1584,0.0
2026-08-30 13:10:00,1.1584,1.15871,1.1584,1.15846,0.0
2026-08-30 13:15:00,1.15845,1.15849,1.15843,1.15847,0.0
2026-08-30 13:20:00,1.15845,1.1585,1.15843,1.15845,0.0
2026-08-30 13:25:00,1.15845,1.15849,1.15844,1.15844,0.0
2026-08-30 13:30:00,1.15845,1.1585,1.15843,1.15846,0.0
2026-08-30 13:35:00,1.15845,1.15868,1.15844,1.15851,0.0
2026-08-30 13:40:00,1.15848,1.15853,1.15846,1.15848,0.0
2026-08-30 13:45:00,1.15848,1.15853,1.15847,1.15847,0.0
2026-08-30 13:50:00,1.15848,1.15853,1.15846,1.15849,0.0
2026-08-30 13:55:00,1.15848,1.15852,1.15847,1.15851,0.0
2026-08-30 14:00:00,1.15848,1.15868,1.15847,1.15851,0.0
2026-08-30 14:05:00,1.15851,1.15855,1.1585,1.1585,0.0
2026-08-30 14:10:00,1.15851,1.15856,1.15849,1.15852,0.0
2026-08-30 14:15:00,1.15851,1.15854,1.1585,1.15853,0.0
2026-08-30 14:20:00,1.15851,1.15856,1.15849,1.15851,0.0
2026-08-30 14:25:00,1.15851,1.15867,1.15851,1.15851,0.0
2026-08-30 14:30:00,1.15852,1.15857,1.1585,1.15854,0.0
2026-08-30 14:35:00,1.15852,1.15855,1.15851,1.15854,0.0
2026-08-30 14:40:00,1.15852,1.15857,1.1585,1.15852,0.0
2026-08-30 14:45:00,1.15852,1.15856,1.15851,1.15851,0.0
2026-08-30 14:50:00,1.15852,1.15865,1.1585,1.15856,0.0
2026-08-30 14:55:00,1.15854,1.15857,1.15853,1.15856,0.0
2026-08-30 15:00:00,1.15854,1.15859,1.15852,1.15854,0.0
2026-08-30 15:05:00,1.15854,1.15858,1.15853,1.15853,0.0
2026-08-30 15:10:00,1.15854,1.15859,1.15852,1.15856,0.0
2026-08-30 15:15:00,1.15854,1.15869,1.15836,1.15848,0.0
2026-08-30 15:20:00,1.15846,1.15851,1.15844,1.15845,0.0
2026-08-30 15:25:00,1.15846,1.15849,1.15845,1.15845,0.0
2026-08-30 15:30:00,1.15846,1.15851,1.15844,1.15848,0.0
2026-08-30 15:35:00,1.15846,1.1585,1.15846,1.15848,0.0
2026-08-30 15:40:00,1.15846,1.15869,1.15845,1.15848,0.0
2026-08-30 15:45:00,1.15849,1.15852,1.15848,1.15848,0.0
2026-08-30 15:50:00,1.15849,1.15854,1.15847,1.15851,0.0
2026-08-30 15:55:00,1.15849,1.15853,1.15849,1.15851,0.0
2026-08-30 16:00:00,1.15849,1.15858,1.15809,1.15827,0.0
2026-08-30 16:05:00,1.15829,1.15876,1.15822,1.15841,0.0
2026-08-30 16:10:00,1.15841,1.15846,1.15839,1.15843,0.0
2026-08-30 16:15:00,1.15841,1.15845,1.15841,1.15843,0.0
2026-08-30 16:20:00,1.15841,1.15846,1.15839,1.1584,0.0
2026-08-30 16:25:00,1.15841,1.15845,1.1584,1.15841,0.0
2026-08-30 16:30:00,1.15841,1.15871,1.15837,1.15847,0.0
2026-08-30 16:35:00,1.15845,1.1585,1.15844,1.15847,0.0
2026-08-30 16:40:00,1.15845,1.1585,1.15843,1.15844,0.0
2026-08-30 16:45:00,1.15845,1.15849,1.15844,1.15845,0.0
2026-08-30 16:50:00,1.15845,1.1585,1.15843,1.15847,0.0
2026-08-30 16:55:00,1.15845,1.15868,1.15845,1.1585,0.0
2026-08-30 17:00:00,1.15848,1.15853,1.15847,1.15848,0.0
2026-08-30 17:05:00,1.15848,1.15852,1.15847,1.15848,0.0
2026-08-30 17:10:00,1.15848,1.15853,1.15846,1.15851,0.0
2026-08-30 17:15:00,1.15848,1.15853,1.15847,1.1585,0.0
2026-08-30 17:20:00,1.15848,1.15867,1.15848,1.1585,0.0
2026-08-30 17:25:00,1.15851,1.15855,1.15849,1.15851,0.0
2026-08-30 17:30:00,1.15851,1.15855,1.15809,1.15843,0.0
2026-08-30 17:35:00,1.1584,1.15845,1.15839,1.15842,0.0
2026-08-30 17:40:00,1.1584,1.15843,1.15812,1.15833,0.0
2026-08-30 17:45:00,1.15833,1.15872,1.15824,1.15845,0.0
2026-08-30 17:50:00,1.15843,1.15848,1.15841,1.15846,0.0
2026-08-30 17:55:00,1.15843,1.15848,1.15842,1.15845,0.0
2026-08-30 18:00:00,1.15843,1.15848,1.15842,1.15842,0.0
2026-08-30 18:05:00,1.15843,1.15848,1.15841,1.15844,0.0
2026-08-30 18:10:00,1.15843,1.15869,1.15841,1.15849,0.0
2026-08-30 18:15:00,1.15847,1.15852,1.15845,1.15849,0.0
2026-08-30 18:20:00,1.15847,1.15852,1.15846,1.15846,0.0
2026-08-30 18:25:00,1.15847,1.15852,1.15845,1.15848,0.0
2026-08-30 18:30:00,1.15847,1.15851,1.15845,1.15849,0.0
2026-08-30 18:35:00,1.15847,1.15868,1.15846,1.15852,0.0
2026-08-30 18:40:00,1.1585,1.15855,1.15849,1.15849,0.0
2026-08-30 18:45:00,1.1585,1.15855,1.15848,1.15851,0.0
2026-08-30 18:50:00,1.1585,1.15854,1.15848,1.15852,0.0
2026-08-30 18:55:00,1.1585,1.15855,1.15848,1.1585,0.0
2026-08-30 19:00:00,1.1585,1.15867,1.15848,1.15851,0.0
2026-08-30 19:05:00,1.15852,1.15857,1.1585,1.15853,0.0
2026-08-30 19:10:00,1.15852,1.15856,1.15851,1.15855,0.0
2026-08-30 19:15:00,1.15852,1.15857,1.1585,1.15854,0.0
2026-08-30 19:20:00,1.15852,1.15857,1.15851,1.15851,0.0
2026-08-30 19:25:00,1.15852,1.15865,1.1585,1.15855,0.0
2026-08-30 19:30:00,1.15854,1.15858,1.15853,1.15857,0.0
2026-08-30 19:35:00,1.15854,1.15859,1.15852,1.15854,0.0
2026-08-30 19:40:00,1.15854,1.15859,1.15853,1.15853,0.0
2026-08-30 19:45:00,1.15854,1.15859,1.15852,1.15855,0.0
2026-08-30 19:50:00,1.15854,1.15865,1.15854,1.15858,0.0
2026-08-30 19:55:00,1.15855,1.1586,1.15854,1.15858,0.0
2026-08-30 20:00:00,1.15855,1.1586,1.15855,1.15855,0.0
2026-08-30 20:05:00,1.15855,1.15861,1.15854,1.15857,0.0
2026-08-30 20:10:00,1.15855,1.15859,1.15855,1.15858,0.0
2026-08-30 20:15:00,1.15855,1.15861,1.15854,1.15858,0.0
2026-08-30 20:20:00,1.15855,1.1586,1.15855,1.15855,0.0
2026-08-30 20:25:00,1.15855,1.15861,1.15854,1.15857,0.0
2026-08-30 20:30:00,1.15855,1.15859,1.15855,1.15858,0.0
2026-08-30 20:35:00,1.15855,1.15861,1.15854,1.15855,0.0
2026-08-30 20:40:00,1.15855,1.1586,1.15855,1.15855,0.0
2026-08-30 20:45:00,1.15855,1.15861,1.15854,1.15857,0.0
2026-08-30 20:50:00,1.15855,1.15859,1.15855,1.15858,0.0
2026-08-30 20:55:00,1.15855,1.15861,1.15854,1.15855,0.0
2026-08-30 21:00:00,1.15855,1.15859,1.15855,1.15855,0.0
2026-08-30 21:05:00,1.15855,1.1586,1.15854,1.15857,0.0
2026-08-30 21:10:00,1.15855,1.15859,1.15855,1.15858,0.0
2026-08-30 21:15:00,1.15855,1.15861,1.15854,1.15855,0.0
2026-08-30 21:20:00,1.15855,1.15859,1.15855,1.15855,0.0
2026-08-30 21:25:00,1.15855,1.15861,1.15854,1.15857,0.0
2026-08-30 21:30:00,1.15855,1.15859,1.15855,1.15858,0.0
2026-08-30 21:35:00,1.15855,1.15861,1.15854,1.15855,0.0
2026-08-30 21:40:00,1.15855,1.15857,1.15829,1.15837,0.0
2026-08-30 21:45:00,1.15838,1.15843,1.15836,1.1584,0.0
2026-08-30 21:50:00,1.15838,1.15842,1.15838,1.1584,0.0
2026-08-30 21:55:00,1.15838,1.15843,1.15836,1.15837,0.0
2026-08-30 22:00:00,1.15838,1.15841,1.15837,1.15837,0.0
2026-08-30 22:05:00,1.15838,1.15843,1.15836,1.1584,0.0
2026-08-30 22:10:00,1.15838,1.15842,1.15837,1.1584,0.0
2026-08-30 22:15:00,1.15838,1.15843,1.15836,1.15837,0.0
2026-08-30 22:20:00,1.15838,1.15841,1.15837,1.15838,0.0
2026-08-30 22:25:00,1.15838,1.15843,1.15836,1.1584,0.0
2026-08-30 22:30:00,1.15838,1.15842,1.15837,1.15839,0.0
2026-08-30 22:35:00,1.15838,1.15843,1.15836,1.15837,0.0
2026-08-30 22:40:00,1.15838,1.15842,1.15836,1.15838,0.0
2026-08-30 22:45:00,1.15838,1.15843,1.15836,1.1584,0.0
2026-08-30 22:50:00,1.15838,1.15842,1.15837,1.15839,0.0
2026-08-30 22:55:00,1.15838,1.15998,1.15531,1.1563,0.0
2026-08-30 23:00:00,1.15631,1.15635,1.15629,1.15631,0.0
2026-08-30 23:05:00,1.15631,1.15636,1.15629,1.15633,0.0
2026-08-30 23:10:00,1.15631,1.15636,1.1563,1.15632,0.0
2026-08-30 23:15:00,1.15631,1.15922,1.15608,1.15778,0.0
2026-08-30 23:20:00,1.15743,1.15746,1.15499,1.1558,0.0
2026-08-30 23:25:00,1.15578,1.15583,1.15577,1.15581,0.0
2026-08-30 23:30:00,1.15578,1.15583,1.15577,1.1558,0.0
2026-08-30 23:35:00,1.15578,1.15584,1.15577,1.15578,0.0
2026-08-30 23:40:00,1.15578,1.15583,1.15577,1.1558,0.0
2026-08-30 23:45:00,1.15578,1.1558,1.15348,1.15426,0.0
2026-08-30 23:50:00,1.15424,1.15429,1.15423,1.15426,0.0
2026-08-30 23:55:00,1.15424,1.15429,1.15422,1.15423,0.0
2026-08-31 00:00:00,1.15424,1.16015,1.15285,1.15567,0.0
2026-08-31 00:05:00,1.15567,1.15969,1.15487,1.1573,0.0
2026-08-31 00:10:00,1.15728,1.15911,1.15459,1.15545,0.0
2026-08-31 00:15:00,1.15543,1.15548,1.15542,1.15542,0.0
2026-08-31 00:20:00,1.15543,1.15548,1.15541,1.15544,0.0
2026-08-31 00:25:00,1.15543,1.15548,1.15541,1.15546,0.0
2026-08-31 00:30:00,1.15543,1.15548,1.15542,1.15545,0.0
2026-08-31 00:35:00,1.15543,1.15596,1.15323,1.15395,0.0
2026-08-31 00:40:00,1.15396,1.15401,1.15394,1.15397,0.0
2026-08-31 00:45:00,1.15396,1.154,1.15394,1.15398,0.0
2026-08-31 00:50:00,1.15396,1.15401,1.15394,1.15396,0.0
2026-08-31 00:55:00,1.15396,1.15401,1.15395,1.15395,0.0
2026-08-31 01:00:00,1.15396,1.15398,1.15338,1.15357,0.0
2026-08-31 01:05:00,1.15356,1.15361,1.15355,1.15359,0.0
2026-08-31 01:10:00,1.15356,1.15361,1.15355,1.15359,0.0
2026-08-31 01:15:00,1.15356,1.15361,1.15355,1.15355,0.0
2026-08-31 01:20:00,1.15356,1.15361,1.15355,1.15357,0.0
2026-08-31 01:25:00,1.15356,1.15406,1.15193,1.15249,0.0
2026-08-31 01:30:00,1.15247,1.15252,1.15245,1.15247,0.0
2026-08-31 01:35:00,1.15247,1.15251,1.15246,1.15246,0.0
2026-08-31 01:40:00,1.15247,1.15252,1.15245,1.15248,0.0
2026-08-31 01:45:00,1.15247,1.1525,1.15246,1.15249,0.0
2026-08-31 01:50:00,1.15247,1.15252,1.1512,1.15159,0.0
2026-08-31 01:55:00,1.15159,1.15163,1.15158,1.15158,0.0
2026-08-31 02:00:00,1.15159,1.16112,1.14898,1.15551,0.0
2026-08-31 02:05:00,1.15549,1.15553,1.15548,1.15552,0.0
2026-08-31 02:10:00,1.15549,1.15554,1.15548,1.15549,0.0
2026-08-31 02:15:00,1.15549,1.15551,1.15332,1.154,0.0
2026-08-31 02:20:00,1.15401,1.15406,1.15399,1.15402,0.0
2026-08-31 02:25:00,1.15401,1.15404,1.154,1.15403,0.0
2026-08-31 02:30:00,1.15401,1.15406,1.15399,1.15401,0.0
2026-08-31 02:35:00,1.15401,1.15405,1.154,1.154,0.0
2026-08-31 02:40:00,1.15401,1.15446,1.15339,1.15361,0.0
2026-08-31 02:45:00,1.15359,1.15363,1.15359,1.15362,0.0
2026-08-31 02:50:00,1.15359,1.15365,1.15358,1.15359,0.0
2026-08-31 02:55:00,1.15359,1.15363,1.15359,1.15359,0.0
2026-08-31 03:00:00,1.15359,1.16063,1.15061,1.1575,0.0
2026-08-31 03:05:00,1.15749,1.15759,1.15467,1.15562,0.0
2026-08-31 03:10:00,1.1556,1.15565,1.15558,1.15559,0.0
2026-08-31 03:15:00,1.1556,1.15563,1.15559,1.15559,0.0
2026-08-31 03:20:00,1.1556,1.15565,1.15558,1.15562,0.0
2026-08-31 03:25:00,1.1556,1.15564,1.1556,1.15562,0.0
2026-08-31 03:30:00,1.1556,1.15564,1.15335,1.15409,0.0
2026-08-31 03:35:00,1.15409,1.15412,1.15408,1.15409,0.0
2026-08-31 03:40:00,1.15409,1.15414,1.15407,1.15411,0.0
2026-08-31 03:45:00,1.15409,1.15713,1.15377,1.15692,0.0
2026-08-31 03:50:00,1.15644,1.15815,1.15644,1.15811,0.0
2026-08-31 03:55:00,1.15804,1.15859,1.15574,1.15741,0.0
2026-08-31 04:00:00,1.15719,1.15853,1.15719,1.15822,0.0
2026-08-31 04:05:00,1.15814,1.15823,1.15814,1.15823,0.0
2026-08-31 04:10:00,1.15821,1.15826,1.1582,1.15821,0.0
2026-08-31 04:15:00,1.15821,1.15825,1.1582,1.15821,0.0
2026-08-31 04:20:00,1.15821,1.15985,1.15578,1.15814,0.0
2026-08-31 04:25:00,1.15735,1.15845,1.15735,1.15822,0.0
2026-08-31 04:30:00,1.15816,1.15826,1.15816,1.1582,0.0
2026-08-31 04:35:00,1.15821,1.15825,1.1582,1.15821,0.0
2026-08-31 04:40:00,1.15821,1.15826,1.15818,1.15824,0.0
2026-08-31 04:45:00,1.15822,1.15895,1.15572,1.15813,0.0
2026-08-31 04:50:00,1.15769,1.15942,1.15491,1.15818,0.0
2026-08-31 04:55:00,1.1575,1.15943,1.15496,1.15817,0.0
2026-08-31 05:00:00,1.15669,1.15871,1.15669,1.1583,0.0
2026-08-31 05:05:00,1.15805,1.1584,1.15805,1.15829,0.0
2026-08-31 05:10:00,1.15826,1.15856,1.15717,1.15833,0.0
2026-08-31 05:15:00,1.15792,1.15946,1.15483,1.15541,0.0
2026-08-31 05:20:00,1.156,1.15937,1.15482,1.15811,0.0
2026-08-31 05:25:00,1.157,1.16003,1.15404,1.15448,0.0
2026-08-31 05:30:00,1.15452,1.15968,1.15452,1.15526,0.0
2026-08-31 05:35:00,1.15622,1.15941,1.155,1.15508,0.0
2026-08-31 05:40:00,1.15522,1.15969,1.15511,1.15832,0.0
2026-08-31 05:45:00,1.1578,1.15957,1.15606,1.15828,0.0
2026-08-31 05:50:00,1.15759,1.15896,1.15635,1.15671,0.0
2026-08-31 05:55:00,1.15702,1.15914,1.15604,1.15824,0.0
2026-08-31 06:00:00,1.15801,1.15838,1.15782,1.15808,0.0
2026-08-31 06:05:00,1.15807,1.15834,1.15807,1.15825,0.0
2026-08-31 06:10:00,1.15825,1.15886,1.158,1.15879,0.0
2026-08-31 06:15:00,1.15863,1.15863,1.1581,1.15816,0.0
2026-08-31 06:20:00,1.1582,1.15859,1.15809,1.15849,0.0
2026-08-31 06:25:00,1.15847,1.15855,1.1581,1.1585,0.0
2026-08-31 06:30:00,1.15842,1.1586,1.15796,1.15848,0.0
2026-08-31 06:35:00,1.15832,1.159,1.15798,1.1582,0.0
2026-08-31 06:40:00,1.15818,1.15892,1.15801,1.15813,0.0
2026-08-31 06:45:00,1.15814,1.15846,1.15792,1.15819,0.0
2026-08-31 06:50:00,1.15818,1.15835,1.15786,1.15822,0.0
2026-08-31 06:55:00,1.1582,1.15917,1.15739,1.15827,0.0
2026-08-31 07:00:00,1.15814,1.15829,1.15809,1.15821,0.0
2026-08-31 07:05:00,1.15811,1.15826,1.15804,1.15807,0.0
2026-08-31 07:10:00,1.15813,1.15817,1.15798,1.15802,0.0
2026-08-31 07:15:00,1.15807,1.1582,1.158,1.15807,0.0
2026-08-31 07:20:00,1.15805,1.1582,1.15793,1.15816,0.0
2026-08-31 07:25:00,1.1581,1.15817,1.15785,1.15815,0.0
2026-08-31 07:30:00,1.15811,1.15818,1.15781,1.15784,0.0
2026-08-31 07:35:00,1.15793,1.15811,1.15793,1.15805,0.0
2026-08-31 07:40:00,1.15804,1.15817,1.15802,1.15815,0.0
2026-08-31 07:45:00,1.1581,1.15818,1.15805,1.15806,0.0
2026-08-31 07:50:00,1.15808,1.15814,1.15801,1.15804,0.0
2026-08-31 07:55:00,1.15808,1.15811,1.15788,1.1579,0.0
2026-08-31 08:00:00,1.15789,1.15818,1.15789,1.15817,0.0
2026-08-31 08:05:00,1.15813,1.15826,1.15808,1.15825,0.0
2026-08-31 08:10:00,1.15822,1.15823,1.1581,1.15821,0.0
2026-08-31 08:15:00,1.15819,1.15824,1.15812,1.15818,0.0
2026-08-31 08:20:00,1.15815,1.15824,1.15815,1.15821,0.0
2026-08-31 08:25:00,1.15818,1.15824,1.15816,1.15817,0.0
2026-08-31 08:30:00,1.15818,1.15837,1.15818,1.15836,0.0
2026-08-31 08:35:00,1.15833,1.15851,1.15828,1.15849,0.0
2026-08-31 08:40:00,1.15843,1.15852,1.15835,1.15837,0.0
2026-08-31 08:45:00,1.15838,1.15851,1.15835,1.15849,0.0
2026-08-31 08:50:00,1.15846,1.15849,1.15839,1.15839,0.0
2026-08-31 08:55:00,1.15839,1.15851,1.15839,1.15848,0.0
2026-08-31 09:00:00,1.15846,1.15864,1.15843,1.15861,0.0
2026-08-31 09:05:00,1.15859,1.15867,1.15844,1.15847,0.0
2026-08-31 09:10:00,1.15853,1.15855,1.15839,1.15851,0.0
2026-08-31 09:15:00,1.15852,1.15863,1.15845,1.15861,0.0
2026-08-31 09:20:00,1.15858,1.15868,1.15858,1.15866,0.0
2026-08-31 09:25:00,1.15864,1.15869,1.15859,1.15861,0.0
2026-08-31 09:30:00,1.15862,1.15882,1.15855,1.1588,0.0
2026-08-31 09:35:00,1.15877,1.15886,1.15871,1.15882,0.0
2026-08-31 09:40:00,1.1588,1.15886,1.15875,1.15886,0.0
2026-08-31 09:45:00,1.15884,1.15884,1.15868,1.1587,0.0
2026-08-31 09:50:00,1.15873,1.15888,1.15869,1.15886,0.0
2026-08-31 09:55:00,1.15883,1.15895,1.15883,1.15893,0.0
2026-08-31 10:00:00,1.15891,1.1592,1.15878,1.15919,0.0
2026-08-31 10:05:00,1.15914,1.15937,1.15914,1.15935,0.0
2026-08-31 10:10:00,1.15931,1.15935,1.15908,1.15911,0.0
2026-08-31 10:15:00,1.15917,1.15929,1.1591,1.15928,0.0
2026-08-31 10:20:00,1.15924,1.15924,1.15896,1.15899,0.0
2026-08-31 10:25:00,1.15905,1.15905,1.15856,1.15859,0.0
2026-08-31 10:30:00,1.15865,1.15902,1.15859,1.15898,0.0
2026-08-31 10:35:00,1.15892,1.15917,1.15892,1.15914,0.0
2026-08-31 10:40:00,1.15911,1.15924,1.15907,1.15911,0.0
2026-08-31 10:45:00,1.15912,1.15925,1.15907,1.15916,0.0
2026-08-31 10:50:00,1.1592,1.15934,1.15911,1.15932,0.0
2026-08-31 10:55:00,1.15927,1.15941,1.15911,1.15917,0.0
2026-08-31 11:00:00,1.15919,1.1593,1.15899,1.15924,0.0
2026-08-31 11:05:00,1.15923,1.15923,1.15883,1.15886,0.0
2026-08-31 11:10:00,1.1589,1.1589,1.15874,1.15878,0.0
2026-08-31 11:15:00,1.15879,1.15887,1.15874,1.15885,0.0
2026-08-31 11:20:00,1.15882,1.15902,1.15875,1.15902,0.0
2026-08-31 11:25:00,1.15901,1.15904,1.15892,1.15902,0.0
2026-08-31 11:30:00,1.159,1.1592,1.15897,1.15905,0.0
2026-08-31 11:35:00,1.1591,1.15927,1.15903,1.15925,0.0
2026-08-31 11:40:00,1.15922,1.15944,1.15914,1.15942,0.0
2026-08-31 11:45:00,1.15937,1.15945,1.15926,1.15927,0.0
2026-08-31 11:50:00,1.15931,1.15941,1.15914,1.15926,0.0
2026-08-31 11:55:00,1.15924,1.15925,1.15904,1.15918,0.0
2026-08-31 12:00:00,1.15915,1.15915,1.15899,1.1591,0.0
2026-08-31 12:05:00,1.15909,1.15928,1.15904,1.15917,0.0
2026-08-31 12:10:00,1.15919,1.15927,1.15911,1.15914,0.0
2026-08-31 12:15:00,1.15918,1.15924,1.15899,1.15905,0.0
2026-08-31 12:20:00,1.15914,1.15917,1.15899,1.15914,0.0
2026-08-31 12:25:00,1.15907,1.15933,1.15907,1.15931,0.0
2026-08-31 12:30:00,1.15928,1.15931,1.15915,1.15918,0.0
2026-08-31 12:35:00,1.15924,1.15924,1.159,1.15909,0.0
2026-08-31 12:40:00,1.15906,1.1591,1.1588,1.15896,0.0
2026-08-31 12:45:00,1.15892,1.15916,1.1589,1.15912,0.0
2026-08-31 12:50:00,1.15907,1.15927,1.15906,1.15924,0.0
2026-08-31 12:55:00,1.15923,1.15928,1.15915,1.15926,0.0
2026-08-31 13:00:00,1.15924,1.15932,1.15919,1.15922,0.0
2026-08-31 13:05:00,1.15924,1.15926,1.15915,1.15924,0.0
2026-08-31 13:10:00,1.15922,1.15928,1.15916,1.15924,0.0
2026-08-31 13:15:00,1.15923,1.15929,1.15918,1.15928,0.0
2026-08-31 13:20:00,1.15924,1.15941,1.15923,1.15932,0.0
2026-08-31 13:25:00,1.15934,1.15934,1.15922,1.15923,0.0
2026-08-31 13:30:00,1.15925,1.1593,1.15911,1.15913,0.0
2026-08-31 13:35:00,1.15916,1.1592,1.15896,1.15913,0.0
2026-08-31 13:40:00,1.15909,1.15914,1.15895,1.15913,0.0
2026-08-31 13:45:00,1.15911,1.15911,1.15899,1.15907,0.0
2026-08-31 13:50:00,1.15903,1.15913,1.15899,1.15904,0.0
2026-08-31 13:55:00,1.15902,1.15909,1.15899,1.15908,0.0
2026-08-31 14:00:00,1.15903,1.15927,1.15899,1.15917,0.0
2026-08-31 14:05:00,1.15921,1.15929,1.15914,1.15926,0.0
2026-08-31 14:10:00,1.15923,1.15931,1.15921,1.15925,0.0
2026-08-31 14:15:00,1.15923,1.15929,1.15916,1.15925,0.0
2026-08-31 14:20:00,1.15923,1.15923,1.15895,1.15898,0.0
2026-08-31 14:25:00,1.15902,1.15903,1.15887,1.15888,0.0
2026-08-31 14:30:00,1.15891,1.15901,1.15886,1.15898,0.0
2026-08-31 14:35:00,1.15896,1.15905,1.15895,1.15904,0.0
2026-08-31 14:40:00,1.15902,1.15912,1.15889,1.1591,0.0
2026-08-31 14:45:00,1.15906,1.15915,1.15902,1.15913,0.0
2026-08-31 14:50:00,1.1591,1.15916,1.159,1.15913,0.0
2026-08-31 14:55:00,1.15911,1.15916,1.15899,1.15912,0.0
2026-08-31 15:00:00,1.1591,1.15918,1.15894,1.15898,0.0
2026-08-31 15:05:00,1.15904,1.15904,1.15887,1.15891,0.0
2026-08-31 15:10:00,1.15891,1.15904,1.1589,1.15901,0.0
2026-08-31 15:15:00,1.15899,1.15921,1.15893,1.15911,0.0
2026-08-31 15:20:00,1.15908,1.15908,1.15886,1.15898,0.0
2026-08-31 15:25:00,1.15896,1.15915,1.15888,1.15911,0.0
2026-08-31 15:30:00,1.15904,1.15915,1.15879,1.15883,0.0
2026-08-31 15:35:00,1.15888,1.15893,1.15874,1.1588,0.0
2026-08-31 15:40:00,1.15884,1.15901,1.15875,1.15899,0.0
2026-08-31 15:45:00,1.15896,1.15903,1.15878,1.15881,0.0
2026-08-31 15:50:00,1.15887,1.15894,1.15875,1.15893,0.0
2026-08-31 15:55:00,1.15888,1.15908,1.15874,1.15906,0.0
2026-08-31 16:00:00,1.159,1.15911,1.15874,1.15877,0.0
2026-08-31 16:05:00,1.15883,1.15883,1.15868,1.15877,0.0
2026-08-31 16:10:00,1.15878,1.1589,1.15867,1.15888,0.0
2026-08-31 16:15:00,1.15879,1.15904,1.15879,1.15902,0.0
2026-08-31 16:20:00,1.159,1.15927,1.15879,1.15883,0.0
2026-08-31 16:25:00,1.1589,1.1589,1.15874,1.15878,0.0
2026-08-31 16:30:00,1.15878,1.15883,1.15865,1.1588,0.0
2026-08-31 16:35:00,1.15875,1.159,1.15875,1.159,0.0
2026-08-31 16:40:00,1.15898,1.15912,1.15882,1.15885,0.0
2026-08-31 16:45:00,1.15892,1.15894,1.1588,1.15891,0.0
2026-08-31 16:50:00,1.1589,1.1589,1.15868,1.15877,0.0
2026-08-31 16:55:00,1.15874,1.15891,1.15848,1.15887,0.0
2026-08-31 17:00:00,1.15878,1.15903,1.15871,1.15886,0.0
2026-08-31 17:05:00,1.1588,1.1589,1.15847,1.15862,0.0
2026-08-31 17:10:00,1.15864,1.15894,1.15863,1.1588,0.0
2026-08-31 17:15:00,1.15882,1.15897,1.15855,1.15894,0.0
2026-08-31 17:20:00,1.15887,1.15959,1.15887,1.1594,0.0
2026-08-31 17:25:00,1.15944,1.15961,1.15935,1.1594,0.0
2026-08-31 17:30:00,1.15948,1.1597,1.15935,1.15966,0.0
2026-08-31 17:35:00,1.15963,1.15974,1.15952,1.15973,0.0
2026-08-31 17:40:00,1.15971,1.15996,1.15955,1.1599,0.0
2026-08-31 17:45:00,1.15983,1.16011,1.15983,1.16009,0.0
2026-08-31 17:50:00,1.16008,1.1602,1.16001,1.16011,0.0
2026-08-31 17:55:00,1.16008,1.16034,1.16005,1.16025,0.0
2026-08-31 18:00:00,1.16027,1.1606,1.16021,1.16059,0.0
2026-08-31 18:05:00,1.16057,1.16066,1.16011,1.16025,0.0
2026-08-31 18:10:00,1.16023,1.16023,1.15978,1.15994,0.0
2026-08-31 18:15:00,1.15993,1.15993,1.15973,1.15989,0.0
2026-08-31 18:20:00,1.15988,1.15992,1.15962,1.15966,0.0
2026-08-31 18:25:00,1.15974,1.15985,1.1596,1.15974,0.0
2026-08-31 18:30:00,1.15977,1.15997,1.15974,1.15995,0.0
2026-08-31 18:35:00,1.15993,1.15993,1.15973,1.15991,0.0
2026-08-31 18:40:00,1.15987,1.15992,1.15973,1.15974,0.0
2026-08-31 18:45:00,1.15978,1.15989,1.15968,1.15975,0.0
2026-08-31 18:50:00,1.15978,1.15978,1.1595,1.15954,0.0
2026-08-31 18:55:00,1.1596,1.15966,1.15935,1.15937,0.0
2026-08-31 19:00:00,1.15941,1.15983,1.15935,1.15966,0.0
2026-08-31 19:05:00,1.15972,1.15989,1.15972,1.15986,0.0
2026-08-31 19:10:00,1.15985,1.16004,1.15976,1.16003,0.0
2026-08-31 19:15:00,1.15998,1.16015,1.15994,1.15999,0.0
2026-08-31 19:20:00,1.16007,1.16007,1.15992,1.15999,0.0
2026-08-31 19:25:00,1.16003,1.16016,1.1597,1.15982,0.0
2026-08-31 19:30:00,1.15979,1.15992,1.15966,1.15971,0.0
2026-08-31 19:35:00,1.15979,1.15979,1.15961,1.15971,0.0
2026-08-31 19:40:00,1.15968,1.15983,1.15958,1.15982,0.0
2026-08-31 19:45:00,1.1598,1.15984,1.15965,1.15975,0.0
2026-08-31 19:50:00,1.15979,1.16004,1.1597,1.16004,0.0
2026-08-31 19:55:00,1.16001,1.16004,1.15985,1.15992,0.0
2026-08-31 20:00:00,1.15995,1.16015,1.15986,1.16013,0.0
2026-08-31 20:05:00,1.16009,1.16018,1.15999,1.16015,0.0
2026-08-31 20:10:00,1.16013,1.1602,1.16004,1.16015,0.0
2026-08-31 20:15:00,1.16012,1.1602,1.15988,1.1599,0.0
2026-08-31 20:20:00,1.15995,1.16008,1.15993,1.15997,0.0
2026-08-31 20:25:00,1.16,1.16021,1.15993,1.16019,0.0
2026-08-31 20:30:00,1.16016,1.16023,1.15994,1.16001,0.0
2026-08-31 20:35:00,1.16012,1.16012,1.15982,1.15986,0.0
2026-08-31 20:40:00,1.1599,1.15993,1.15973,1.15976,0.0
2026-08-31 20:45:00,1.15982,1.15987,1.15964,1.15974,0.0
2026-08-31 20:50:00,1.15972,1.16,1.15968,1.15994,0.0
2026-08-31 20:55:00,1.15991,1.15994,1.15977,1.15982,0.0
2026-08-31 21:00:00,1.15985,1.1599,1.15965,1.15971,0.0
2026-08-31 21:05:00,1.1598,1.15985,1.15961,1.15984,0.0
2026-08-31 21:10:00,1.15979,1.16002,1.15973,1.16002,0.0
2026-08-31 21:15:00,1.16,1.16014,1.15985,1.1601,0.0
2026-08-31 21:20:00,1.16003,1.1603,1.16003,1.1602,0.0
2026-08-31 21:25:00,1.16026,1.16027,1.16011,1.16026,0.0
2026-08-31 21:30:00,1.1602,1.16032,1.16001,1.16016,0.0
2026-08-31 21:35:00,1.16014,1.16014,1.15993,1.15997,0.0
2026-08-31 21:40:00,1.16002,1.16019,1.15997,1.16009,0.0
2026-08-31 21:45:00,1.16012,1.16017,1.15972,1.15978,0.0
2026-08-31 21:50:00,1.1598,1.16,1.15978,1.16,0.0
2026-08-31 21:55:00,1.15998,1.15998,1.15964,1.15965,0.0
2026-08-31 22:00:00,1.15969,1.15977,1.15961,1.15963,0.0
2026-08-31 22:05:00,1.15968,1.15984,1.1595,1.15958,0.0
2026-08-31 22:10:00,1.15972,1.15984,1.15957,1.15983,0.0
2026-08-31 22:15:00,1.15979,1.15992,1.15979,1.15991,0.0
2026-08-31 22:20:00,1.15989,1.16001,1.15965,1.15973,0.0
2026-08-31 22:25:00,1.15987,1.15987,1.1595,1.15985,0.0
2026-08-31 22:30:00,1.15983,1.15983,1.15945,1.15969,0.0
2026-08-31 22:35:00,1.15967,1.15967,1.15922,1.15926,0.0
2026-08-31 22:40:00,1.15934,1.15962,1.15926,1.15961,0.0
2026-08-31 22:45:00,1.15958,1.15958,1.15925,1.1593,0.0
2026-08-31 22:50:00,1.15936,1.15943,1.15927,1.1594,0.0
2026-08-31 22:55:00,1.15938,1.15966,1.15932,1.15958,0.0
2026-08-31 23:00:00,1.15961,1.15967,1.15942,1.15946,0.0
2026-08-31 23:05:00,1.15948,1.15972,1.15947,1.1597,0.0
2026-08-31 23:10:00,1.15961,1.1598,1.15957,1.15976,0.0
2026-08-31 23:15:00,1.15975,1.15987,1.15962,1.15984,0.0
2026-08-31 23:20:00,1.1598,1.1599,1.1596,1.15969,0.0
2026-08-31 23:25:00,1.1597,1.16006,1.1597,1.16004,0.0
2026-08-31 23:30:00,1.15999,1.16008,1.15982,1.15999,0.0
2026-08-31 23:35:00,1.15997,1.16017,1.1598,1.1601,0.0
2026-08-31 23:40:00,1.16001,1.16022,1.15962,1.15971,0.0
2026-08-31 23:45:00,1.15987,1.15987,1.15954,1.15959,0.0
2026-08-31 23:50:00,1.15961,1.1597,1.15951,1.15964,0.0
2026-08-31 23:55:00,1.15962,1.16002,1.1595,1.15996,0.0
2026-09-01 00:00:00,1.15987,1.1602,1.15953,1.15985,0.0
2026-09-01 00:05:00,1.15976,1.16005,1.15976,1.16002,0.0
2026-09-01 00:10:00,1.15996,1.16027,1.15996,1.16026,0.0
2026-09-01 00:15:00,1.16023,1.16036,1.15999,1.16014,0.0
2026-09-01 00:20:00,1.16023,1.16044,1.16023,1.16042,0.0
2026-09-01 00:25:00,1.1604,1.16061,1.16025,1.16049,0.0
2026-09-01 00:30:00,1.16049,1.16063,1.16024,1.16032,0.0
2026-09-01 00:35:00,1.1604,1.16066,1.1602,1.16061,0.0
2026-09-01 00:40:00,1.16055,1.16069,1.16043,1.16047,0.0
2026-09-01 00:45:00,1.16052,1.16117,1.16051,1.16086,0.0
2026-09-01 00:50:00,1.161,1.16139,1.1606,1.16131,0.0
2026-09-01 00:55:00,1.16117,1.16182,1.16117,1.16177,0.0
2026-09-01 01:00:00,1.1617,1.16185,1.16133,1.16139,0.0
2026-09-01 01:05:00,1.16141,1.1617,1.16126,1.1617,0.0
2026-09-01 01:10:00,1.16167,1.16171,1.16128,1.16169,0.0
2026-09-01 01:15:00,1.16163,1.16163,1.16121,1.16127,0.0
2026-09-01 01:20:00,1.16129,1.16143,1.16124,1.1614,0.0
2026-09-01 01:25:00,1.16139,1.16165,1.16128,1.16164,0.0
2026-09-01 01:30:00,1.1616,1.16202,1.16155,1.16178,0.0
2026-09-01 01:35:00,1.16188,1.16198,1.16178,1.16188,0.0
2026-09-01 01:40:00,1.16192,1.162,1.16175,1.1618,0.0
2026-09-01 01:45:00,1.16187,1.16206,1.16176,1.16205,0.0
2026-09-01 01:50:00,1.16203,1.16203,1.16176,1.16194,0.0
2026-09-01 01:55:00,1.16191,1.16192,1.16158,1.1616,0.0
2026-09-01 02:00:00,1.16165,1.16181,1.16152,1.16166,0.0
2026-09-01 02:05:00,1.1617,1.16179,1.16156,1.1616,0.0
2026-09-01 02:10:00,1.16163,1.16174,1.16153,1.16171,0.0
2026-09-01 02:15:00,1.1617,1.1617,1.16151,1.16154,0.0
2026-09-01 02:20:00,1.16159,1.16179,1.16156,1.16169,0.0
2026-09-01 02:25:00,1.16172,1.16176,1.1616,1.16168,0.0
2026-09-01 02:30:00,1.16165,1.16174,1.16151,1.16168,0.0
2026-09-01 02:35:00,1.16164,1.16168,1.16145,1.16148,0.0
2026-09-01 02:40:00,1.16152,1.16162,1.16141,1.16145,0.0
2026-09-01 02:45:00,1.16151,1.16158,1.16143,1.16146,0.0
2026-09-01 02:50:00,1.16149,1.16171,1.16136,1.16169,0.0
2026-09-01 02:55:00,1.16168,1.16171,1.16145,1.16163,0.0
2026-09-01 03:00:00,1.1616,1.16175,1.16158,1.16173,0.0
2026-09-01 03:05:00,1.16171,1.16171,1.16147,1.16158,0.0
2026-09-01 03:10:00,1.16156,1.16178,1.16151,1.16175,0.0
2026-09-01 03:15:00,1.1617,1.1618,1.16163,1.1618,0.0
2026-09-01 03:20:00,1.16179,1.16182,1.16168,1.16178,0.0
2026-09-01 03:25:00,1.16176,1.16178,1.16159,1.16167,0.0
2026-09-01 03:30:00,1.16165,1.16165,1.16149,1.16156,0.0
2026-09-01 03:35:00,1.16157,1.16158,1.16145,1.16147,0.0
2026-09-01 03:40:00,1.1615,1.16166,1.16144,1.16163,0.0
2026-09-01 03:45:00,1.16161,1.16176,1.16155,1.16176,0.0
2026-09-01 03:50:00,1.16174,1.16179,1.16155,1.16156,0.0
2026-09-01 03:55:00,1.16159,1.1617,1.16152,1.16154,0.0
2026-09-01 04:00:00,1.16158,1.16162,1.16148,1.16157,0.0
2026-09-01 04:05:00,1.16154,1.16172,1.16154,1.16169,0.0
2026-09-01 04:10:00,1.16167,1.16176,1.16159,1.16162,0.0
2026-09-01 04:15:00,1.16167,1.1618,1.16164,1.16166,0.0
2026-09-01 04:20:00,1.1617,1.16178,1.16164,1.1617,0.0
2026-09-01 04:25:00,1.16168,1.16174,1.16155,1.16168,0.0
2026-09-01 04:30:00,1.16166,1.16166,1.16148,1.16158,0.0
2026-09-01 04:35:00,1.16159,1.16165,1.16149,1.16163,0.0
2026-09-01 04:40:00,1.16162,1.16164,1.16148,1.16156,0.0
2026-09-01 04:45:00,1.16152,1.16165,1.16148,1.16164,0.0
2026-09-01 04:50:00,1.16161,1.1618,1.1616,1.16169,0.0
2026-09-01 04:55:00,1.16172,1.16179,1.16156,1.1616,0.0
2026-09-01 05:00:00,1.16162,1.16173,1.16149,1.1617,0.0
2026-09-01 05:05:00,1.16167,1.16173,1.1616,1.16164,0.0
2026-09-01 05:10:00,1.16166,1.16179,1.16164,1.16169,0.0
2026-09-01 05:15:00,1.16173,1.16179,1.16156,1.1617,0.0
2026-09-01 05:20:00,1.16168,1.16174,1.16156,1.1617,0.0
2026-09-01 05:25:00,1.16167,1.16182,1.16164,1.16171,0.0
2026-09-01 05:30:00,1.16169,1.16182,1.16164,1.16168,0.0
2026-09-01 05:35:00,1.16173,1.16177,1.16156,1.16157,0.0
2026-09-01 05:40:00,1.16159,1.1616,1.16145,1.16153,0.0
2026-09-01 05:45:00,1.1615,1.16165,1.16148,1.1616,0.0
2026-09-01 05:50:00,1.16159,1.16183,1.16159,1.16181,0.0
2026-09-01 05:55:00,1.16178,1.16183,1.16153,1.16155,0.0
2026-09-01 06:00:00,1.16158,1.16183,1.16158,1.16173,0.0
2026-09-01 06:05:00,1.1617,1.16184,1.16167,1.16175,0.0
2026-09-01 06:10:00,1.16174,1.16174,1.16158,1.16159,0.0
2026-09-01 06:15:00,1.16162,1.16167,1.16147,1.16149,0.0
2026-09-01 06:20:00,1.16151,1.16155,1.16143,1.16153,0.0
2026-09-01 06:25:00,1.1615,1.16154,1.16144,1.16153,0.0
2026-09-01 06:30:00,1.1615,1.16154,1.16145,1.16153,0.0
2026-09-01 06:35:00,1.1615,1.16155,1.16144,1.16152,0.0
2026-09-01 06:40:00,1.16151,1.16162,1.16147,1.1616,0.0
2026-09-01 06:45:00,1.16157,1.16179,1.16155,1.16178,0.0
2026-09-01 06:50:00,1.16176,1.16177,1.1617,1.16176,0.0
2026-09-01 06:55:00,1.16174,1.16175,1.16166,1.16174,0.0
2026-09-01 07:00:00,1.1617,1.16186,1.1617,1.16183,0.0
2026-09-01 07:05:00,1.1618,1.16183,1.16168,1.16168,0.0
2026-09-01 07:10:00,1.16169,1.16194,1.16168,1.16172,0.0
2026-09-01 07:15:00,1.16173,1.16178,1.16166,1.16171,0.0
2026-09-01 07:20:00,1.16167,1.16175,1.16167,1.16172,0.0
2026-09-01 07:25:00,1.16169,1.16187,1.16169,1.16184,0.0
2026-09-01 07:30:00,1.16179,1.1619,1.16179,1.16187,0.0
2026-09-01 07:35:00,1.16183,1.1619,1.16178,1.16184,0.0
2026-09-01 07:40:00,1.16183,1.16187,1.16176,1.16182,0.0
2026-09-01 07:45:00,1.16179,1.1619,1.16179,1.16187,0.0
2026-09-01 07:50:00,1.16184,1.16192,1.16182,1.16191,0.0
2026-09-01 07:55:00,1.16188,1.16193,1.16175,1.1619,0.0
2026-09-01 08:00:00,1.16188,1.16192,1.16171,1.16178,0.0
2026-09-01 08:05:00,1.16175,1.16187,1.16173,1.16183,0.0
2026-09-01 08:10:00,1.1618,1.16185,1.16174,1.16175,0.0
2026-09-01 08:15:00,1.16178,1.16181,1.16167,1.16169,0.0
2026-09-01 08:20:00,1.16171,1.16182,1.16168,1.16182,0.0
2026-09-01 08:25:00,1.16179,1.16179,1.16165,1.16166,0.0
2026-09-01 08:30:00,1.16168,1.16176,1.16167,1.16168,0.0
2026-09-01 08:35:00,1.1617,1.16175,1.16161,1.16169,0.0
2026-09-01 08:40:00,1.16167,1.16167,1.16151,1.16153,0.0
2026-09-01 08:45:00,1.16155,1.16161,1.16145,1.16148,0.0
2026-09-01 08:50:00,1.16153,1.16155,1.16144,1.16145,0.0
2026-09-01 08:55:00,1.16148,1.16154,1.16141,1.16151,0.0
2026-09-01 09:00:00,1.16149,1.16154,1.16136,1.1615,0.0
2026-09-01 09:05:00,1.16148,1.16148,1.16125,1.16141,0.0
2026-09-01 09:10:00,1.16136,1.16144,1.16136,1.16137,0.0
2026-09-01 09:15:00,1.1614,1.16149,1.16133,1.16148,0.0
2026-09-01 09:20:00,1.16142,1.16154,1.16137,1.16147,0.0
2026-09-01 09:25:00,1.16145,1.16156,1.16137,1.16148,0.0
2026-09-01 09:30:00,1.16149,1.16164,1.16149,1.16164,0.0
2026-09-01 09:35:00,1.16163,1.16166,1.16152,1.16161,0.0
2026-09-01 09:40:00,1.16159,1.16168,1.16151,1.16166,0.0
2026-09-01 09:45:00,1.16159,1.16175,1.16159,1.16173,0.0
2026-09-01 09:50:00,1.16171,1.16182,1.16166,1.1618,0.0
2026-09-01 09:55:00,1.16176,1.16182,1.16164,1.1618,0.0
2026-09-01 10:00:00,1.16176,1.16184,1.1616,1.16162,0.0
2026-09-01 10:05:00,1.16163,1.16219,1.16156,1.16214,0.0
2026-09-01 10:10:00,1.16206,1.16224,1.16201,1.16203,0.0
2026-09-01 10:15:00,1.16206,1.16222,1.16194,1.1622,0.0
2026-09-01 10:20:00,1.16216,1.16241,1.16216,1.16233,0.0
2026-09-01 10:25:00,1.16234,1.16245,1.16226,1.16244,0.0
2026-09-01 10:30:00,1.16242,1.16245,1.16218,1.16243,0.0
2026-09-01 10:35:00,1.16239,1.16245,1.16217,1.16229,0.0
2026-09-01 10:40:00,1.16227,1.16236,1.16212,1.16217,0.0
2026-09-01 10:45:00,1.16225,1.16225,1.16202,1.16203,0.0
2026-09-01 10:50:00,1.16206,1.16216,1.16197,1.16213,0.0
2026-09-01 10:55:00,1.16212,1.16212,1.1618,1.16184,0.0
2026-09-01 11:00:00,1.16181,1.16189,1.16178,1.1618,0.0
2026-09-01 11:05:00,1.16182,1.16182,1.16156,1.16164,0.0
2026-09-01 11:10:00,1.16162,1.16169,1.1614,1.16141,0.0
2026-09-01 11:15:00,1.16142,1.16156,1.16137,1.16142,0.0
2026-09-01 11:20:00,1.16147,1.16147,1.16114,1.16116,0.0
2026-09-01 11:25:00,1.16119,1.16119,1.16108,1.16118,0.0
2026-09-01 11:30:00,1.16116,1.16117,1.16101,1.16102,0.0
2026-09-01 11:35:00,1.16103,1.16122,1.16102,1.16121,0.0
2026-09-01 11:40:00,1.16117,1.16127,1.16102,1.16124,0.0
2026-09-01 11:45:00,1.16115,1.16132,1.16109,1.16118,0.0
2026-09-01 11:50:00,1.16117,1.16117,1.16079,1.16082,0.0
2026-09-01 11:55:00,1.16087,1.161,1.16078,1.16099,0.0
2026-09-01 12:00:00,1.16094,1.16104,1.16079,1.16081,0.0
2026-09-01 12:05:00,1.16085,1.16089,1.1606,1.16064,0.0
2026-09-01 12:10:00,1.16071,1.16086,1.16063,1.16083,0.0
2026-09-01 12:15:00,1.16082,1.16093,1.16074,1.16091,0.0
2026-09-01 12:20:00,1.16088,1.16107,1.16086,1.16105,0.0
2026-09-01 12:25:00,1.16104,1.16108,1.16097,1.16099,0.0
2026-09-01 12:30:00,1.16101,1.16105,1.16079,1.16083,0.0
2026-09-01 12:35:00,1.1609,1.1609,1.16073,1.16078,0.0
2026-09-01 12:40:00,1.16075,1.16095,1.16075,1.16081,0.0
2026-09-01 12:45:00,1.16085,1.16086,1.16074,1.16084,0.0
2026-09-01 12:50:00,1.16081,1.16098,1.16077,1.16095,0.0
2026-09-01 12:55:00,1.16093,1.16104,1.1609,1.16102,0.0
2026-09-01 13:00:00,1.161,1.16104,1.16067,1.16071,0.0
2026-09-01 13:05:00,1.16077,1.16095,1.1607,1.16084,0.0
2026-09-01 13:10:00,1.16088,1.16097,1.16081,1.16094,0.0
2026-09-01 13:15:00,1.16093,1.161,1.16087,1.16096,0.0
2026-09-01 13:20:00,1.16094,1.16095,1.16059,1.16061,0.0
2026-09-01 13:25:00,1.16064,1.16083,1.1606,1.16081,0.0
2026-09-01 13:30:00,1.16079,1.16085,1.16071,1.16083,0.0
2026-09-01 13:35:00,1.1608,1.16085,1.16069,1.16073,0.0
2026-09-01 13:40:00,1.1607,1.16077,1.1606,1.16072,0.0
2026-09-01 13:45:00,1.16072,1.16075,1.16063,1.16067,0.0
2026-09-01 13:50:00,1.16071,1.16078,1.16067,1.16075,0.0
2026-09-01 13:55:00,1.16074,1.16075,1.16062,1.16065,0.0
2026-09-01 14:00:00,1.16063,1.16071,1.16058,1.16069,0.0
2026-09-01 14:05:00,1.16064,1.16073,1.16048,1.16052,0.0
2026-09-01 14:10:00,1.16059,1.16059,1.16047,1.16053,0.0
2026-09-01 14:15:00,1.1605,1.16058,1.16044,1.16052,0.0
2026-09-01 14:20:00,1.1605,1.16058,1.16041,1.16056,0.0
2026-09-01 14:25:00,1.16053,1.16055,1.16038,1.16039,0.0
2026-09-01 14:30:00,1.1604,1.16042,1.16029,1.1604,0.0
2026-09-01 14:35:00,1.16033,1.16045,1.16028,1.16035,0.0
2026-09-01 14:40:00,1.16033,1.16053,1.16028,1.1605,0.0
2026-09-01 14:45:00,1.16044,1.16054,1.16034,1.16038,0.0
2026-09-01 14:50:00,1.16045,1.16057,1.16035,1.16055,0.0
2026-09-01 14:55:00,1.16051,1.16059,1.1604,1.16056,0.0
2026-09-01 15:00:00,1.16052,1.1609,1.16049,1.16088,0.0
2026-09-01 15:05:00,1.16084,1.16096,1.16082,1.16084,0.0
2026-09-01 15:10:00,1.16088,1.16092,1.16071,1.16085,0.0
2026-09-01 15:15:00,1.16084,1.16084,1.16062,1.16074,0.0
2026-09-01 15:20:00,1.16072,1.16076,1.16059,1.16066,0.0
2026-09-01 15:25:00,1.16069,1.16079,1.16067,1.16077,0.0
2026-09-01 15:30:00,1.16073,1.16087,1.16073,1.16075,0.0
2026-09-01 15:35:00,1.16077,1.16094,1.16075,1.16091,0.0
2026-09-01 15:40:00,1.16082,1.16098,1.16081,1.16092,0.0
2026-09-01 15:45:00,1.16091,1.16104,1.16081,1.16102,0.0
2026-09-01 15:50:00,1.16098,1.16103,1.16077,1.16095,0.0
2026-09-01 15:55:00,1.16092,1.16105,1.16085,1.16087,0.0
2026-09-01 16:00:00,1.1609,1.1609,1.16069,1.16076,0.0
2026-09-01 16:05:00,1.16079,1.16082,1.16074,1.16074,0.0
2026-09-01 16:10:00,1.16074,1.16078,1.16069,1.1607,0.0
2026-09-01 16:15:00,1.16067,1.16084,1.16067,1.16074,0.0
2026-09-01 16:20:00,1.16077,1.16077,1.16051,1.16051,0.0
2026-09-01 16:25:00,1.16053,1.16057,1.16027,1.16032,0.0
2026-09-01 16:30:00,1.16031,1.16031,1.16017,1.16019,0.0
2026-09-01 16:35:00,1.16022,1.16022,1.16011,1.16018,0.0
2026-09-01 16:40:00,1.16011,1.16035,1.16011,1.16034,0.0
2026-09-01 16:45:00,1.16033,1.16035,1.16009,1.16029,0.0
2026-09-01 16:50:00,1.16022,1.16034,1.16016,1.16029,0.0
2026-09-01 16:55:00,1.16025,1.16052,1.16025,1.16051,0.0
2026-09-01 17:00:00,1.16049,1.16072,1.16044,1.16048,0.0
2026-09-01 17:05:00,1.16055,1.16055,1.16019,1.16022,0.0
2026-09-01 17:10:00,1.16028,1.16039,1.16016,1.16027,0.0
2026-09-01 17:15:00,1.16022,1.16038,1.16015,1.16017,0.0
2026-09-01 17:20:00,1.1602,1.1602,1.15982,1.15986,0.0
2026-09-01 17:25:00,1.15993,1.15996,1.15984,1.15995,0.0
2026-09-01 17:30:00,1.15992,1.15994,1.15965,1.15969,0.0
2026-09-01 17:35:00,1.15969,1.15976,1.15949,1.15953,0.0
2026-09-01 17:40:00,1.15959,1.15959,1.15934,1.15944,0.0
2026-09-01 17:45:00,1.15942,1.15951,1.15916,1.15949,0.0
2026-09-01 17:50:00,1.15944,1.15957,1.15937,1.15941,0.0
2026-09-01 17:55:00,1.15945,1.1596,1.1594,1.15948,0.0
2026-09-01 18:00:00,1.15951,1.15957,1.15923,1.15925,0.0
2026-09-01 18:05:00,1.15928,1.15966,1.15891,1.15893,0.0
2026-09-01 18:10:00,1.15896,1.15906,1.15888,1.15904,0.0
2026-09-01 18:15:00,1.15898,1.15909,1.15889,1.15904,0.0
2026-09-01 18:20:00,1.15894,1.15943,1.15894,1.1592,0.0
2026-09-01 18:25:00,1.15925,1.15929,1.15906,1.15928,0.0
2026-09-01 18:30:00,1.15925,1.15931,1.159,1.15904,0.0
2026-09-01 18:35:00,1.15909,1.15929,1.1589,1.15924,0.0
2026-09-01 18:40:00,1.15916,1.15937,1.15916,1.15917,0.0
2026-09-01 18:45:00,1.15921,1.15948,1.15921,1.1594,0.0
2026-09-01 18:50:00,1.15934,1.15945,1.15922,1.15935,0.0
2026-09-01 18:55:00,1.15932,1.15946,1.15916,1.15944,0.0
2026-09-01 19:00:00,1.1594,1.15946,1.15929,1.15931,0.0
2026-09-01 19:05:00,1.15936,1.15978,1.15936,1.15976,0.0
2026-09-01 19:10:00,1.15971,1.15975,1.15958,1.15973,0.0
2026-09-01 19:15:00,1.15971,1.1598,1.15957,1.15962,0.0
2026-09-01 19:20:00,1.15969,1.15969,1.15949,1.15966,0.0
2026-09-01 19:25:00,1.15963,1.1598,1.15961,1.1597,0.0
2026-09-01 19:30:00,1.15968,1.15978,1.15957,1.15977,0.0
2026-09-01 19:35:00,1.15974,1.15982,1.15968,1.1598,0.0
2026-09-01 19:40:00,1.15977,1.16007,1.15974,1.15994,0.0
2026-09-01 19:45:00,1.16,1.16012,1.1597,1.15984,0.0
2026-09-01 19:50:00,1.15999,1.15999,1.15953,1.15957,0.0
2026-09-01 19:55:00,1.15963,1.15963,1.15945,1.15946,0.0
2026-09-01 20:00:00,1.15948,1.15948,1.15931,1.15934,0.0
2026-09-01 20:05:00,1.15939,1.1595,1.15923,1.15948,0.0
2026-09-01 20:10:00,1.15943,1.15949,1.15926,1.15948,0.0
2026-09-01 20:15:00,1.15945,1.15945,1.15925,1.15927,0.0
2026-09-01 20:20:00,1.1593,1.15955,1.1593,1.15953,0.0
2026-09-01 20:25:00,1.15951,1.15954,1.15933,1.1594,0.0
2026-09-01 20:30:00,1.15938,1.15941,1.15912,1.15915,0.0
2026-09-01 20:35:00,1.1592,1.15935,1.15915,1.15923,0.0
2026-09-01 20:40:00,1.15927,1.15927,1.15907,1.15911,0.0
2026-09-01 20:45:00,1.15911,1.15927,1.15898,1.15925,0.0
2026-09-01 20:50:00,1.15921,1.15934,1.15914,1.15918,0.0
2026-09-01 20:55:00,1.15922,1.15927,1.15906,1.15923,0.0
2026-09-01 21:00:00,1.15917,1.15927,1.15903,1.15905,0.0
2026-09-01 21:05:00,1.15908,1.15918,1.15897,1.15916,0.0
2026-09-01 21:10:00,1.15912,1.15933,1.15912,1.15933,0.0
2026-09-01 21:15:00,1.15931,1.15934,1.15911,1.15929,0.0
2026-09-01 21:20:00,1.15921,1.15949,1.15918,1.15924,0.0
2026-09-01 21:25:00,1.15926,1.15953,1.15926,1.1595,0.0
2026-09-01 21:30:00,1.15947,1.15957,1.15938,1.15955,0.0
2026-09-01 21:35:00,1.15953,1.15957,1.15937,1.15949,0.0
2026-09-01 21:40:00,1.1595,1.15955,1.15933,1.15944,0.0
2026-09-01 21:45:00,1.1594,1.15957,1.15939,1.15954,0.0
2026-09-01 21:50:00,1.15952,1.15954,1.15937,1.15953,0.0
2026-09-01 21:55:00,1.15952,1.15952,1.15914,1.15918,0.0
2026-09-01 22:00:00,1.15926,1.15933,1.15912,1.15914,0.0
2026-09-01 22:05:00,1.15914,1.15922,1.1589,1.15903,0.0
2026-09-01 22:10:00,1.159,1.15907,1.15884,1.15905,0.0
2026-09-01 22:15:00,1.15899,1.15935,1.15899,1.1593,0.0
2026-09-01 22:20:00,1.15922,1.15938,1.15904,1.15926,0.0
2026-09-01 22:25:00,1.15923,1.15943,1.15923,1.1593,0.0
2026-09-01 22:30:00,1.15936,1.15936,1.15919,1.15922,0.0
2026-09-01 22:35:00,1.15927,1.15931,1.15904,1.15918,0.0
2026-09-01 22:40:00,1.1592,1.1594,1.15902,1.15918,0.0
2026-09-01 22:45:00,1.15911,1.15937,1.15911,1.15935,0.0
2026-09-01 22:50:00,1.15931,1.15934,1.15916,1.15931,0.0
2026-09-01 22:55:00,1.1593,1.15941,1.15922,1.15928,0.0
2026-09-01 23:00:00,1.15933,1.15935,1.15899,1.15901,0.0
2026-09-01 23:05:00,1.15904,1.15927,1.15894,1.15909,0.0
2026-09-01 23:10:00,1.15904,1.15918,1.15902,1.15912,0.0
2026-09-01 23:15:00,1.1591,1.15927,1.15904,1.15926,0.0
2026-09-01 23:20:00,1.15924,1.15925,1.15904,1.15908,0.0
2026-09-01 23:25:00,1.1591,1.1592,1.15904,1.15918,0.0
2026-09-01 23:30:00,1.1591,1.15964,1.15902,1.1596,0.0
2026-09-01 23:35:00,1.15952,1.15995,1.15952,1.15993,0.0
2026-09-01 23:40:00,1.1599,1.16014,1.15982,1.16009,0.0
2026-09-01 23:45:00,1.16,1.16019,1.15974,1.1599,0.0
2026-09-01 23:50:00,1.15986,1.16006,1.15986,1.16004,0.0
2026-09-01 23:55:00,1.16002,1.16007,1.15979,1.15983,0.0
2026-09-02 00:00:00,1.15993,1.16036,1.15993,1.16034,0.0
2026-09-02 00:05:00,1.16032,1.16058,1.16011,1.16056,0.0
2026-09-02 00:10:00,1.16053,1.16079,1.16047,1.16078,0.0
2026-09-02 00:15:00,1.16075,1.16079,1.16032,1.16038,0.0
2026-09-02 00:20:00,1.16043,1.16063,1.16043,1.16057,0.0
2026-09-02 00:25:00,1.16055,1.16065,1.16019,1.16024,0.0
2026-09-02 00:30:00,1.16033,1.16035,1.16004,1.1602,0.0
2026-09-02 00:35:00,1.16026,1.16033,1.16013,1.16015,0.0
2026-09-02 00:40:00,1.16019,1.16025,1.15997,1.16012,0.0
2026-09-02 00:45:00,1.16011,1.16024,1.15996,1.16,0.0
2026-09-02 00:50:00,1.16006,1.16006,1.15976,1.15989,0.0
2026-09-02 00:55:00,1.15987,1.15987,1.15958,1.15959,0.0
2026-09-02 01:00:00,1.15962,1.15997,1.15953,1.15957,0.0
2026-09-02 01:05:00,1.15964,1.1598,1.15951,1.15978,0.0
2026-09-02 01:10:00,1.15969,1.15985,1.15949,1.15955,0.0
2026-09-02 01:15:00,1.15965,1.15965,1.15945,1.15954,0.0
2026-09-02 01:20:00,1.15953,1.15957,1.1593,1.15931,0.0
2026-09-02 01:25:00,1.15933,1.15936,1.15912,1.1593,0.0
2026-09-02 01:30:00,1.15921,1.15943,1.15915,1.15917,0.0
2026-09-02 01:35:00,1.15921,1.15933,1.15918,1.15925,0.0
2026-09-02 01:40:00,1.15923,1.15954,1.1591,1.15911,0.0
2026-09-02 01:45:00,1.15912,1.15923,1.1591,1.15917,0.0
2026-09-02 01:50:00,1.15915,1.15922,1.15907,1.15909,0.0
2026-09-02 01:55:00,1.15911,1.15924,1.15891,1.15918,0.0
2026-09-02 02:00:00,1.1591,1.15935,1.1591,1.15923,0.0
2026-09-02 02:05:00,1.15922,1.15926,1.15911,1.15923,0.0
2026-09-02 02:10:00,1.15921,1.15923,1.15908,1.15922,0.0
2026-09-02 02:15:00,1.15919,1.15919,1.15876,1.15888,0.0
2026-09-02 02:20:00,1.15885,1.15904,1.15853,1.15893,0.0
2026-09-02 02:25:00,1.15888,1.15892,1.15872,1.15883,0.0
2026-09-02 02:30:00,1.15881,1.15886,1.15863,1.15867,0.0
2026-09-02 02:35:00,1.15872,1.15899,1.1586,1.15895,0.0
2026-09-02 02:40:00,1.1589,1.15918,1.15876,1.15878,0.0
2026-09-02 02:45:00,1.15881,1.15882,1.15868,1.1587,0.0
2026-09-02 02:50:00,1.15873,1.15878,1.15861,1.15861,0.0
2026-09-02 02:55:00,1.15862,1.15871,1.15857,1.15865,0.0
2026-09-02 03:00:00,1.15862,1.15874,1.15856,1.15872,0.0
2026-09-02 03:05:00,1.15868,1.15896,1.15868,1.15894,0.0
2026-09-02 03:10:00,1.15886,1.15903,1.15879,1.1588,0.0
2026-09-02 03:15:00,1.15884,1.1589,1.15876,1.15889,0.0
2026-09-02 03:20:00,1.15887,1.15912,1.15882,1.1591,0.0
2026-09-02 03:25:00,1.15907,1.15915,1.15883,1.15907,0.0
2026-09-02 03:30:00,1.15888,1.15958,1.15888,1.15926,0.0
2026-09-02 03:35:00,1.15937,1.15937,1.15895,1.159,0.0
2026-09-02 03:40:00,1.15907,1.15907,1.15878,1.1588,0.0
2026-09-02 03:45:00,1.15881,1.15889,1.15865,1.15867,0.0
2026-09-02 03:50:00,1.15869,1.15882,1.15867,1.15878,0.0
2026-09-02 03:55:00,1.15873,1.15884,1.15868,1.15869,0.0
2026-09-02 04:00:00,1.15873,1.15899,1.1587,1.15898,0.0
2026-09-02 04:05:00,1.15892,1.15909,1.15892,1.15908,0.0
2026-09-02 04:10:00,1.15906,1.15906,1.15878,1.1588,0.0
2026-09-02 04:15:00,1.15883,1.15889,1.15874,1.15888,0.0
2026-09-02 04:20:00,1.15886,1.15898,1.15886,1.15895,0.0
2026-09-02 04:25:00,1.15892,1.15895,1.15874,1.15885,0.0
2026-09-02 04:30:00,1.15882,1.15885,1.15869,1.15871,0.0
2026-09-02 04:35:00,1.15876,1.15886,1.15864,1.15868,0.0
2026-09-02 04:40:00,1.15874,1.15874,1.15856,1.15865,0.0
2026-09-02 04:45:00,1.15862,1.15882,1.15858,1.15881,0.0
2026-09-02 04:50:00,1.15877,1.15898,1.15876,1.15887,0.0
2026-09-02 04:55:00,1.15889,1.15905,1.15878,1.15904,0.0
2026-09-02 05:00:00,1.15901,1.15912,1.15895,1.15907,0.0
2026-09-02 05:05:00,1.15898,1.15931,1.15898,1.15929,0.0
2026-09-02 05:10:00,1.15922,1.15933,1.15919,1.1593,0.0
2026-09-02 05:15:00,1.15928,1.15933,1.15921,1.15927,0.0
2026-09-02 05:20:00,1.15926,1.15928,1.15916,1.15925,0.0
2026-09-02 05:25:00,1.15923,1.15926,1.15904,1.15912,0.0
2026-09-02 05:30:00,1.15911,1.15923,1.15898,1.15903,0.0
2026-09-02 05:35:00,1.15912,1.15912,1.15891,1.15895,0.0
2026-09-02 05:40:00,1.15894,1.15898,1.1589,1.15892,0.0
2026-09-02 05:45:00,1.15893,1.15898,1.15882,1.15897,0.0
2026-09-02 05:50:00,1.15893,1.15903,1.15886,1.15891,0.0
2026-09-02 05:55:00,1.15896,1.15905,1.15892,1.159,0.0
2026-09-02 06:00:00,1.159,1.15903,1.15879,1.15892,0.0
2026-09-02 06:05:00,1.15889,1.15899,1.15887,1.15893,0.0
2026-09-02 06:10:00,1.15893,1.15895,1.15876,1.15877,0.0
2026-09-02 06:15:00,1.1588,1.15892,1.15874,1.1589,0.0
2026-09-02 06:20:00,1.15888,1.15901,1.15886,1.159,0.0
2026-09-02 06:25:00,1.15893,1.15909,1.15893,1.15897,0.0
2026-09-02 06:30:00,1.159,1.15904,1.15896,1.15899,0.0
2026-09-02 06:35:00,1.159,1.15907,1.15896,1.15899,0.0
2026-09-02 06:40:00,1.15899,1.15925,1.15899,1.15924,0.0
2026-09-02 06:45:00,1.15922,1.15931,1.15914,1.1593,0.0
2026-09-02 06:50:00,1.15929,1.15929,1.15914,1.15919,0.0
2026-09-02 06:55:00,1.1592,1.15933,1.1592,1.1593,0.0
2026-09-02 07:00:00,1.15929,1.15929,1.15911,1.15915,0.0
2026-09-02 07:05:00,1.15912,1.15927,1.15908,1.15921,0.0
2026-09-02 07:10:00,1.1591,1.15927,1.15902,1.15903,0.0
2026-09-02 07:15:00,1.15906,1.15925,1.15902,1.15903,0.0
2026-09-02 07:20:00,1.15903,1.15926,1.159,1.15919,0.0
2026-09-02 07:25:00,1.15901,1.15927,1.15901,1.15903,0.0
2026-09-02 07:30:00,1.15904,1.15925,1.15895,1.15917,0.0
2026-09-02 07:35:00,1.15906,1.15925,1.15904,1.15919,0.0
2026-09-02 07:40:00,1.15908,1.15925,1.15903,1.1591,0.0
2026-09-02 07:45:00,1.15904,1.15914,1.15904,1.15906,0.0
2026-09-02 07:50:00,1.15908,1.15922,1.15908,1.15919,0.0
2026-09-02 07:55:00,1.15919,1.15926,1.15907,1.1592,0.0
2026-09-02 08:00:00,1.15918,1.15939,1.15914,1.15938,0.0
2026-09-02 08:05:00,1.15933,1.15947,1.15933,1.15945,0.0
2026-09-02 08:10:00,1.15941,1.15963,1.15941,1.15961,0.0
2026-09-02 08:15:00,1.15957,1.15966,1.15947,1.15961,0.0
2026-09-02 08:20:00,1.15954,1.15965,1.15952,1.1596,0.0
2026-09-02 08:25:00,1.15958,1.15958,1.15935,1.15941,0.0
2026-09-02 08:30:00,1.15941,1.15946,1.15934,1.15934,0.0
2026-09-02 08:35:00,1.15936,1.15942,1.1593,1.15932,0.0
2026-09-02 08:40:00,1.15932,1.15945,1.15923,1.1593,0.0
2026-09-02 08:45:00,1.15928,1.15934,1.15925,1.15933,0.0
2026-09-02 08:50:00,1.1593,1.15934,1.15922,1.15924,0.0
2026-09-02 08:55:00,1.15927,1.15939,1.15925,1.15937,0.0
2026-09-02 09:00:00,1.15934,1.15934,1.15922,1.15933,0.0
2026-09-02 09:05:00,1.15929,1.15943,1.15919,1.1593,0.0
2026-09-02 09:10:00,1.1593,1.15938,1.15923,1.15937,0.0
2026-09-02 09:15:00,1.15934,1.15937,1.15926,1.15933,0.0
2026-09-02 09:20:00,1.1593,1.15934,1.15925,1.15928,0.0
2026-09-02 09:25:00,1.15928,1.15931,1.15918,1.15923,0.0
2026-09-02 09:30:00,1.15923,1.15926,1.15916,1.15918,0.0
2026-09-02 09:35:00,1.1592,1.15936,1.1592,1.15933,0.0
2026-09-02 09:40:00,1.1593,1.15935,1.15926,1.15931,0.0
2026-09-02 09:45:00,1.15929,1.15937,1.15923,1.15934,0.0
2026-09-02 09:50:00,1.15928,1.15936,1.15925,1.15927,0.0
2026-09-02 09:55:00,1.1593,1.15933,1.15911,1.15929,0.0
2026-09-02 10:00:00,1.15923,1.15923,1.15899,1.15919,0.0
2026-09-02 10:05:00,1.15912,1.15924,1.15876,1.15877,0.0
2026-09-02 10:10:00,1.15879,1.15891,1.15872,1.15889,0.0
2026-09-02 10:15:00,1.15885,1.15898,1.15885,1.15897,0.0
2026-09-02 10:20:00,1.15893,1.15906,1.15873,1.15906,0.0
2026-09-02 10:25:00,1.15903,1.15903,1.15865,1.15866,0.0
2026-09-02 10:30:00,1.1587,1.15873,1.15861,1.15862,0.0
2026-09-02 10:35:00,1.15864,1.15881,1.15863,1.1588,0.0
2026-09-02 10:40:00,1.15877,1.15886,1.1586,1.15885,0.0
2026-09-02 10:45:00,1.15883,1.15888,1.1586,1.15861,0.0
2026-09-02 10:50:00,1.15864,1.15866,1.15849,1.15861,0.0
2026-09-02 10:55:00,1.1586,1.15862,1.15837,1.15845,0.0
2026-09-02 11:00:00,1.15842,1.15844,1.15833,1.15837,0.0
2026-09-02 11:05:00,1.15836,1.15836,1.15821,1.15822,0.0
2026-09-02 11:10:00,1.15825,1.15832,1.15814,1.15824,0.0
2026-09-02 11:15:00,1.15828,1.15841,1.15818,1.15834,0.0
2026-09-02 11:20:00,1.15832,1.15836,1.15827,1.15834,0.0
2026-09-02 11:25:00,1.15832,1.15837,1.15829,1.15836,0.0
2026-09-02 11:30:00,1.15833,1.15841,1.1581,1.15819,0.0
2026-09-02 11:35:00,1.15818,1.15818,1.15772,1.15778,0.0
2026-09-02 11:40:00,1.15775,1.15793,1.15775,1.1579,0.0
2026-09-02 11:45:00,1.15789,1.15789,1.15773,1.15774,0.0
2026-09-02 11:50:00,1.15776,1.15788,1.15774,1.15782,0.0
2026-09-02 11:55:00,1.15779,1.15789,1.15776,1.15786,0.0
2026-09-02 12:00:00,1.15777,1.15797,1.15765,1.15776,0.0
2026-09-02 12:05:00,1.15771,1.15777,1.15762,1.15766,0.0
2026-09-02 12:10:00,1.1577,1.15801,1.15769,1.15799,0.0
2026-09-02 12:15:00,1.15794,1.15813,1.15794,1.15811,0.0
2026-09-02 12:20:00,1.15808,1.15813,1.15778,1.15781,0.0
2026-09-02 12:25:00,1.15784,1.15809,1.15782,1.15806,0.0
2026-09-02 12:30:00,1.15802,1.15812,1.15793,1.15811,0.0
2026-09-02 12:35:00,1.15806,1.15814,1.15798,1.15813,0.0
2026-09-02 12:40:00,1.15808,1.1583,1.15806,1.15824,0.0
2026-09-02 12:45:00,1.15824,1.15824,1.15813,1.15819,0.0
2026-09-02 12:50:00,1.15815,1.1582,1.15805,1.15816,0.0
2026-09-02 12:55:00,1.15815,1.15817,1.1581,1.15815,0.0
2026-09-02 13:00:00,1.15812,1.15829,1.15812,1.15818,0.0
2026-09-02 13:05:00,1.15821,1.15827,1.15804,1.15823,0.0
2026-09-02 13:10:00,1.15818,1.15825,1.15801,1.15804,0.0
2026-09-02 13:15:00,1.15809,1.15812,1.15801,1.15811,0.0
2026-09-02 13:20:00,1.15808,1.15812,1.15794,1.15796,0.0
2026-09-02 13:25:00,1.158,1.15807,1.1579,1.15793,0.0
2026-09-02 13:30:00,1.15799,1.15799,1.15785,1.15795,0.0
2026-09-02 13:35:00,1.15793,1.15796,1.15782,1.15795,0.0
2026-09-02 13:40:00,1.15791,1.15797,1.15785,1.15786,0.0
2026-09-02 13:45:00,1.15787,1.158,1.1578,1.15793,0.0
2026-09-02 13:50:00,1.15795,1.15798,1.15786,1.15794,0.0
2026-09-02 13:55:00,1.15792,1.15797,1.15782,1.15796,0.0
2026-09-02 14:00:00,1.15793,1.15806,1.15781,1.158,0.0
2026-09-02 14:05:00,1.15797,1.15801,1.15766,1.15768,0.0
2026-09-02 14:10:00,1.15773,1.15775,1.15765,1.15771,0.0
2026-09-02 14:15:00,1.1577,1.15776,1.15754,1.1576,0.0
2026-09-02 14:20:00,1.15769,1.15769,1.15751,1.15763,0.0
2026-09-02 14:25:00,1.15758,1.15768,1.15755,1.15759,0.0
2026-09-02 14:30:00,1.15762,1.15776,1.15757,1.15774,0.0
2026-09-02 14:35:00,1.1577,1.1577,1.15757,1.15767,0.0
2026-09-02 14:40:00,1.15765,1.15773,1.15762,1.15765,0.0
2026-09-02 14:45:00,1.15766,1.15773,1.15757,1.15758,0.0
2026-09-02 14:50:00,1.15761,1.15767,1.1575,1.15766,0.0
2026-09-02 14:55:00,1.15761,1.15772,1.15755,1.15763,0.0
2026-09-02 15:00:00,1.15761,1.15767,1.15749,1.15754,0.0
2026-09-02 15:05:00,1.15753,1.15756,1.15738,1.15755,0.0
2026-09-02 15:10:00,1.15752,1.15776,1.15746,1.15773,0.0
2026-09-02 15:15:00,1.15771,1.15789,1.15766,1.15789,0.0
2026-09-02 15:20:00,1.15787,1.15789,1.1577,1.15772,0.0
2026-09-02 15:25:00,1.15778,1.15794,1.15772,1.15791,0.0
2026-09-02 15:30:00,1.15786,1.1581,1.15786,1.15808,0.0
2026-09-02 15:35:00,1.15804,1.15813,1.15796,1.158,0.0
2026-09-02 15:40:00,1.15804,1.15804,1.15788,1.15792,0.0
2026-09-02 15:45:00,1.15797,1.15812,1.15794,1.1581,0.0
2026-09-02 15:50:00,1.15809,1.15812,1.15793,1.1581,0.0
2026-09-02 15:55:00,1.15806,1.15819,1.15805,1.15819,0.0
2026-09-02 16:00:00,1.15818,1.15832,1.15794,1.1583,0.0
2026-09-02 16:05:00,1.15828,1.15828,1.15801,1.15804,0.0
2026-09-02 16:10:00,1.1581,1.15845,1.1581,1.15843,0.0
2026-09-02 16:15:00,1.15839,1.15839,1.15774,1.15782,0.0
2026-09-02 16:20:00,1.15796,1.15811,1.1577,1.15803,0.0
2026-09-02 16:25:00,1.15792,1.15816,1.15792,1.15799,0.0
2026-09-02 16:30:00,1.15803,1.15803,1.15766,1.1577,0.0
2026-09-02 16:35:00,1.15776,1.15777,1.15747,1.1576,0.0
2026-09-02 16:40:00,1.15759,1.15785,1.15751,1.15771,0.0
2026-09-02 16:45:00,1.15776,1.15787,1.15734,1.15736,0.0
2026-09-02 16:50:00,1.1574,1.15743,1.15698,1.15705,0.0
2026-09-02 16:55:00,1.15718,1.15718,1.15678,1.15683,0.0
2026-09-02 17:00:00,1.1569,1.15709,1.15675,1.15694,0.0
2026-09-02 17:05:00,1.157,1.1571,1.15667,1.15699,0.0
2026-09-02 17:10:00,1.15693,1.15742,1.15693,1.15741,0.0
2026-09-02 17:15:00,1.15735,1.15741,1.15723,1.15739,0.0
2026-09-02 17:20:00,1.15733,1.15742,1.15718,1.15722,0.0
2026-09-02 17:25:00,1.1573,1.15745,1.15715,1.15737,0.0
2026-09-02 17:30:00,1.15737,1.15773,1.15729,1.15766,0.0
2026-09-02 17:35:00,1.15764,1.15787,1.15753,1.15786,0.0
2026-09-02 17:40:00,1.15785,1.15785,1.15758,1.15762,0.0
2026-09-02 17:45:00,1.15768,1.15776,1.15761,1.15775,0.0
2026-09-02 17:50:00,1.15773,1.15777,1.15755,1.15771,0.0
2026-09-02 17:55:00,1.15761,1.15792,1.15761,1.15788,0.0
2026-09-02 18:00:00,1.1578,1.15812,1.15778,1.15809,0.0
2026-09-02 18:05:00,1.15803,1.15814,1.15793,1.15803,0.0
2026-09-02 18:10:00,1.158,1.15807,1.1578,1.1579,0.0
2026-09-02 18:15:00,1.15786,1.15804,1.1578,1.15795,0.0
2026-09-02 18:20:00,1.15796,1.15807,1.1579,1.15799,0.0
2026-09-02 18:25:00,1.15801,1.15806,1.15782,1.15799,0.0
2026-09-02 18:30:00,1.15798,1.15802,1.1579,1.158,0.0
2026-09-02 18:35:00,1.15799,1.15821,1.15789,1.15805,0.0
2026-09-02 18:40:00,1.15805,1.15824,1.15805,1.15807,0.0
2026-09-02 18:45:00,1.15811,1.15817,1.1579,1.15794,0.0
2026-09-02 18:50:00,1.15798,1.15804,1.15773,1.15799,0.0
2026-09-02 18:55:00,1.15794,1.15794,1.1573,1.15732,0.0
2026-09-02 19:00:00,1.15736,1.15761,1.15727,1.15756,0.0
2026-09-02 19:05:00,1.1575,1.15779,1.15749,1.15753,0.0
2026-09-02 19:10:00,1.15758,1.15763,1.15743,1.15747,0.0
2026-09-02 19:15:00,1.15752,1.15764,1.15742,1.15746,0.0
2026-09-02 19:20:00,1.15749,1.15762,1.15745,1.15747,0.0
2026-09-02 19:25:00,1.1575,1.1576,1.15737,1.15757,0.0
2026-09-02 19:30:00,1.1575,1.15767,1.15747,1.15752,0.0
2026-09-02 19:35:00,1.15758,1.15765,1.15746,1.15762,0.0
2026-09-02 19:40:00,1.1576,1.1576,1.15735,1.15742,0.0
2026-09-02 19:45:00,1.1574,1.15746,1.15733,1.15741,0.0
2026-09-02 19:50:00,1.15739,1.15741,1.15711,1.15717,0.0
2026-09-02 19:55:00,1.15726,1.15733,1.15705,1.15709,0.0
2026-09-02 20:00:00,1.15712,1.15726,1.15703,1.15704,0.0
2026-09-02 20:05:00,1.15708,1.15727,1.15695,1.15725,0.0
2026-09-02 20:10:00,1.15722,1.15727,1.15715,1.15719,0.0
2026-09-02 20:15:00,1.15715,1.15733,1.15706,1.15709,0.0
2026-09-02 20:20:00,1.15714,1.15714,1.15702,1.1571,0.0
2026-09-02 20:25:00,1.15708,1.15726,1.15686,1.15722,0.0
2026-09-02 20:30:00,1.15716,1.15716,1.15672,1.15687,0.0
2026-09-02 20:35:00,1.15678,1.15698,1.15678,1.15694,0.0
2026-09-02 20:40:00,1.15689,1.15698,1.15679,1.15682,0.0
2026-09-02 20:45:00,1.15685,1.15689,1.15676,1.15686,0.0
2026-09-02 20:50:00,1.15684,1.15691,1.15672,1.1569,0.0
2026-09-02 20:55:00,1.15684,1.15715,1.15684,1.1571,0.0
2026-09-02 21:00:00,1.15703,1.15735,1.15703,1.1572,0.0
2026-09-02 21:05:00,1.15721,1.15732,1.15712,1.1573,0.0
2026-09-02 21:10:00,1.15727,1.15741,1.15719,1.15738,0.0
2026-09-02 21:15:00,1.15727,1.15774,1.15725,1.15745,0.0
2026-09-02 21:20:00,1.15752,1.1578,1.15749,1.15778,0.0
2026-09-02 21:25:00,1.15775,1.15784,1.15745,1.15767,0.0
2026-09-02 21:30:00,1.15763,1.15763,1.15733,1.15754,0.0
2026-09-02 21:35:00,1.15749,1.1579,1.15749,1.15786,0.0
2026-09-02 21:40:00,1.1578,1.15788,1.15765,1.15767,0.0
2026-09-02 21:45:00,1.1577,1.15786,1.15743,1.15784,0.0
2026-09-02 21:50:00,1.15778,1.15778,1.15747,1.15775,0.0
2026-09-02 21:55:00,1.15768,1.15781,1.15753,1.15756,0.0
2026-09-02 22:00:00,1.15763,1.15788,1.15763,1.15784,0.0
2026-09-02 22:05:00,1.15778,1.15809,1.15774,1.1578,0.0
2026-09-02 22:10:00,1.1579,1.15793,1.15766,1.15787,0.0
2026-09-02 22:15:00,1.15785,1.15794,1.15774,1.1578,0.0
2026-09-02 22:20:00,1.15783,1.15859,1.15737,1.15816,0.0
2026-09-02 22:25:00,1.15828,1.15848,1.1581,1.15817,0.0
2026-09-02 22:30:00,1.15827,1.15832,1.158,1.15815,0.0
2026-09-02 22:35:00,1.15814,1.15814,1.15776,1.15781,0.0
2026-09-02 22:40:00,1.15782,1.15788,1.15759,1.15766,0.0
2026-09-02 22:45:00,1.15778,1.15842,1.15758,1.15836,0.0
2026-09-02 22:50:00,1.15827,1.15827,1.15789,1.15797,0.0
2026-09-02 22:55:00,1.15795,1.15797,1.1578,1.15785,0.0
2026-09-02 23:00:00,1.15788,1.15814,1.15788,1.15811,0.0
2026-09-02 23:05:00,1.15811,1.15811,1.15793,1.15808,0.0
2026-09-02 23:10:00,1.15799,1.15817,1.15785,1.15793,0.0
2026-09-02 23:15:00,1.15806,1.15829,1.1578,1.15823,0.0
2026-09-02 23:20:00,1.15815,1.15894,1.15811,1.15889,0.0
2026-09-02 23:25:00,1.15878,1.16067,1.15878,1.15976,0.0
2026-09-02 23:30:00,1.1602,1.1602,1.15902,1.15913,0.0
2026-09-02 23:35:00,1.15933,1.15933,1.15892,1.15914,0.0
2026-09-02 23:40:00,1.15908,1.15961,1.15865,1.15956,0.0
2026-09-02 23:45:00,1.15946,1.15968,1.15919,1.15956,0.0
2026-09-02 23:50:00,1.1595,1.16007,1.15925,1.16002,0.0
2026-09-02 23:55:00,1.15992,1.16048,1.15992,1.16043,0.0
2026-09-03 00:00:00,1.16035,1.16053,1.15957,1.15997,0.0
2026-09-03 00:05:00,1.15993,1.16021,1.15957,1.15979,0.0
2026-09-03 00:10:00,1.15978,1.15985,1.15935,1.15941,0.0
2026-09-03 00:15:00,1.1595,1.1595,1.15918,1.15925,0.0
2026-09-03 00:20:00,1.15936,1.15936,1.15892,1.15911,0.0
2026-09-03 00:25:00,1.15909,1.15927,1.15895,1.15914,0.0
2026-09-03 00:30:00,1.15917,1.15929,1.15896,1.15928,0.0
2026-09-03 00:35:00,1.15924,1.15927,1.15908,1.15922,0.0
2026-09-03 00:40:00,1.15923,1.15933,1.15898,1.15925,0.0
2026-09-03 00:45:00,1.1592,1.1592,1.15899,1.15915,0.0
2026-09-03 00:50:00,1.15912,1.15941,1.1589,1.15895,0.0
2026-09-03 00:55:00,1.15903,1.15941,1.15902,1.15938,0.0
2026-09-03 01:00:00,1.15934,1.15964,1.15925,1.15963,0.0
2026-09-03 01:05:00,1.15959,1.15959,1.15927,1.15941,0.0
2026-09-03 01:10:00,1.15946,1.15947,1.15922,1.15925,0.0
2026-09-03 01:15:00,1.1593,1.15936,1.15914,1.15917,0.0
2026-09-03 01:20:00,1.15923,1.15929,1.15891,1.15917,0.0
2026-09-03 01:25:00,1.15912,1.15942,1.15912,1.15941,0.0
2026-09-03 01:30:00,1.15938,1.15966,1.15922,1.15941,0.0
2026-09-03 01:35:00,1.15946,1.15946,1.15917,1.15927,0.0
2026-09-03 01:40:00,1.1593,1.15947,1.15912,1.15917,0.0
2026-09-03 01:45:00,1.15926,1.1593,1.15899,1.1593,0.0
2026-09-03 01:50:00,1.15928,1.15928,1.15898,1.15902,0.0
2026-09-03 01:55:00,1.15909,1.15931,1.15899,1.15929,0.0
2026-09-03 02:00:00,1.15926,1.15941,1.15914,1.15928,0.0
2026-09-03 02:05:00,1.15925,1.15927,1.15911,1.15925,0.0
2026-09-03 02:10:00,1.15923,1.15928,1.15914,1.15919,0.0
2026-09-03 02:15:00,1.1592,1.15938,1.1592,1.15937,0.0
2026-09-03 02:20:00,1.15935,1.15948,1.15911,1.15919,0.0
2026-09-03 02:25:00,1.15934,1.15934,1.15896,1.159,0.0
2026-09-03 02:30:00,1.15901,1.15913,1.15894,1.15912,0.0
2026-09-03 02:35:00,1.15909,1.15915,1.15902,1.15908,0.0
2026-09-03 02:40:00,1.1591,1.15911,1.15895,1.15909,0.0
2026-09-03 02:45:00,1.15906,1.15921,1.159,1.15908,0.0
2026-09-03 02:50:00,1.15915,1.15918,1.15892,1.15905,0.0
2026-09-03 02:55:00,1.15909,1.15915,1.15887,1.15889,0.0
2026-09-03 03:00:00,1.15891,1.15895,1.15871,1.15878,0.0
2026-09-03 03:05:00,1.15881,1.15881,1.15864,1.15867,0.0
2026-09-03 03:10:00,1.15871,1.15871,1.15857,1.15865,0.0
2026-09-03 03:15:00,1.15863,1.15864,1.15839,1.15844,0.0
2026-09-03 03:20:00,1.15851,1.15852,1.15836,1.1585,0.0
2026-09-03 03:25:00,1.15847,1.15862,1.15847,1.15862,0.0
2026-09-03 03:30:00,1.1586,1.15872,1.15841,1.15844,0.0
2026-09-03 03:35:00,1.15852,1.15865,1.15852,1.15855,0.0
2026-09-03 03:40:00,1.15856,1.15876,1.15853,1.15874,0.0
2026-09-03 03:45:00,1.15871,1.159,1.15852,1.15893,0.0
2026-09-03 03:50:00,1.15887,1.15896,1.15871,1.15874,0.0
2026-09-03 03:55:00,1.15879,1.15886,1.15864,1.15868,0.0
2026-09-03 04:00:00,1.15875,1.15878,1.15856,1.15876,0.0
2026-09-03 04:05:00,1.15872,1.15879,1.15865,1.15876,0.0
2026-09-03 04:10:00,1.15875,1.15875,1.15857,1.15871,0.0
2026-09-03 04:15:00,1.15868,1.15883,1.15845,1.15876,0.0
2026-09-03 04:20:00,1.15863,1.15896,1.15852,1.15857,0.0
2026-09-03 04:25:00,1.15858,1.15863,1.15853,1.15862,0.0
2026-09-03 04:30:00,1.1586,1.15874,1.15858,1.15872,0.0
2026-09-03 04:35:00,1.1587,1.15883,1.15865,1.15881,0.0
2026-09-03 04:40:00,1.1588,1.15886,1.15845,1.15851,0.0
2026-09-03 04:45:00,1.1586,1.15861,1.15847,1.1586,0.0
2026-09-03 04:50:00,1.15857,1.15872,1.15856,1.15858,0.0
2026-09-03 04:55:00,1.15863,1.15871,1.15845,1.15856,0.0
2026-09-03 05:00:00,1.15855,1.15864,1.15851,1.15861,0.0
2026-09-03 05:05:00,1.15859,1.15863,1.15839,1.15851,0.0
2026-09-03 05:10:00,1.1585,1.1585,1.15831,1.15834,0.0
2026-09-03 05:15:00,1.15839,1.1586,1.15828,1.15859,0.0
2026-09-03 05:20:00,1.15855,1.15867,1.15848,1.15863,0.0
2026-09-03 05:25:00,1.15861,1.15861,1.15841,1.15844,0.0
2026-09-03 05:30:00,1.15849,1.15857,1.15843,1.15855,0.0
2026-09-03 05:35:00,1.15851,1.15858,1.15843,1.15855,0.0
2026-09-03 05:40:00,1.15854,1.15858,1.15844,1.15854,0.0
2026-09-03 05:45:00,1.15851,1.15862,1.15833,1.15836,0.0
2026-09-03 05:50:00,1.1584,1.15852,1.15836,1.15837,0.0
2026-09-03 05:55:00,1.15842,1.15874,1.15842,1.15873,0.0
2026-09-03 06:00:00,1.1587,1.15897,1.1587,1.15895,0.0
2026-09-03 06:05:00,1.15893,1.159,1.15884,1.15898,0.0
2026-09-03 06:10:00,1.15897,1.15899,1.15884,1.15889,0.0
2026-09-03 06:15:00,1.15892,1.159,1.15883,1.15897,0.0
2026-09-03 06:20:00,1.15896,1.15896,1.15875,1.15887,0.0
2026-09-03 06:25:00,1.15877,1.15899,1.15877,1.15893,0.0
2026-09-03 06:30:00,1.15891,1.15891,1.15876,1.15887,0.0
2026-09-03 06:35:00,1.15883,1.15894,1.15879,1.15881,0.0
2026-09-03 06:40:00,1.15883,1.15899,1.15883,1.15897,0.0
2026-09-03 06:45:00,1.15894,1.15902,1.1589,1.15899,0.0
2026-09-03 06:50:00,1.15897,1.15898,1.15886,1.15898,0.0
2026-09-03 06:55:00,1.15896,1.15896,1.15876,1.15884,0.0
2026-09-03 07:00:00,1.15882,1.15895,1.15875,1.15894,0.0
2026-09-03 07:05:00,1.15887,1.15899,1.15875,1.15881,0.0
2026-09-03 07:10:00,1.15882,1.15886,1.15874,1.15875,0.0
2026-09-03 07:15:00,1.15877,1.15885,1.15877,1.15882,0.0
2026-09-03 07:20:00,1.1588,1.15894,1.15879,1.1589,0.0
2026-09-03 07:25:00,1.15887,1.15892,1.1588,1.15885,0.0
2026-09-03 07:30:00,1.15885,1.15891,1.15879,1.15883,0.0
2026-09-03 07:35:00,1.15887,1.15894,1.15879,1.1588,0.0
2026-09-03 07:40:00,1.15881,1.15891,1.15879,1.15887,0.0
2026-09-03 07:45:00,1.15884,1.15892,1.1588,1.15885,0.0
2026-09-03 07:50:00,1.15885,1.15886,1.15878,1.15879,0.0
2026-09-03 07:55:00,1.15879,1.15886,1.15878,1.15883,0.0
2026-09-03 08:00:00,1.15881,1.15892,1.15868,1.15878,0.0
2026-09-03 08:05:00,1.15876,1.15876,1.15867,1.15869,0.0
2026-09-03 08:10:00,1.15869,1.15877,1.15866,1.15867,0.0
2026-09-03 08:15:00,1.15869,1.15877,1.15856,1.15871,0.0
2026-09-03 08:20:00,1.15869,1.15871,1.15857,1.15862,0.0
2026-09-03 08:25:00,1.15862,1.15875,1.15862,1.15865,0.0
2026-09-03 08:30:00,1.15868,1.15872,1.15861,1.1587,0.0
2026-09-03 08:35:00,1.15869,1.15884,1.15868,1.15881,0.0
2026-09-03 08:40:00,1.15879,1.15887,1.15875,1.15877,0.0
2026-09-03 08:45:00,1.15879,1.1588,1.1586,1.15862,0.0
2026-09-03 08:50:00,1.15868,1.15884,1.15865,1.15877,0.0
2026-09-03 08:55:00,1.1588,1.15887,1.15867,1.15874,0.0
2026-09-03 09:00:00,1.15872,1.15879,1.15864,1.15868,0.0
2026-09-03 09:05:00,1.15865,1.15875,1.15857,1.15858,0.0
2026-09-03 09:10:00,1.15861,1.15864,1.15853,1.15853,0.0
2026-09-03 09:15:00,1.15854,1.15862,1.15852,1.1586,0.0
2026-09-03 09:20:00,1.15857,1.15863,1.15853,1.1586,0.0
2026-09-03 09:25:00,1.15857,1.15865,1.15856,1.15857,0.0
2026-09-03 09:30:00,1.1586,1.15861,1.15851,1.15853,0.0
2026-09-03 09:35:00,1.15855,1.15862,1.15845,1.15852,0.0
2026-09-03 09:40:00,1.1585,1.15855,1.15848,1.15855,0.0
2026-09-03 09:45:00,1.15854,1.15859,1.15848,1.1585,0.0
2026-09-03 09:50:00,1.15852,1.1586,1.15848,1.15849,0.0
2026-09-03 09:55:00,1.15851,1.15858,1.15848,1.15855,0.0
2026-09-03 10:00:00,1.15853,1.15872,1.15841,1.1587,0.0
2026-09-03 10:05:00,1.15865,1.15872,1.1585,1.15851,0.0
2026-09-03 10:10:00,1.15855,1.15869,1.15855,1.15865,0.0
2026-09-03 10:15:00,1.15864,1.15871,1.15853,1.15869,0.0
2026-09-03 10:20:00,1.15866,1.15882,1.15864,1.15881,0.0
2026-09-03 10:25:00,1.15878,1.15905,1.15876,1.15903,0.0
2026-09-03 10:30:00,1.15899,1.15902,1.15875,1.15879,0.0
2026-09-03 10:35:00,1.15881,1.15894,1.15876,1.15883,0.0
2026-09-03 10:40:00,1.1588,1.15894,1.15868,1.15873,0.0
2026-09-03 10:45:00,1.15881,1.15903,1.15867,1.15899,0.0
2026-09-03 10:50:00,1.15893,1.1591,1.15893,1.15898,0.0
2026-09-03 10:55:00,1.15903,1.15906,1.15895,1.15903,0.0
2026-09-03 11:00:00,1.15901,1.15903,1.15894,1.15902,0.0
2026-09-03 11:05:00,1.159,1.15901,1.15888,1.15889,0.0
2026-09-03 11:10:00,1.15893,1.15905,1.15893,1.159,0.0
2026-09-03 11:15:00,1.159,1.15904,1.15891,1.15903,0.0
2026-09-03 11:20:00,1.15898,1.15912,1.15879,1.15888,0.0
2026-09-03 11:25:00,1.15887,1.15916,1.1588,1.1591,0.0
2026-09-03 11:30:00,1.15901,1.15934,1.15901,1.15921,0.0
2026-09-03 11:35:00,1.15923,1.15934,1.15916,1.15921,0.0
2026-09-03 11:40:00,1.15918,1.15931,1.15898,1.15901,0.0
2026-09-03 11:45:00,1.15908,1.15908,1.15879,1.15892,0.0
2026-09-03 11:50:00,1.15887,1.15893,1.15871,1.15883,0.0
2026-09-03 11:55:00,1.15879,1.15882,1.15856,1.15861,0.0
2026-09-03 12:00:00,1.15859,1.15882,1.15855,1.15881,0.0
2026-09-03 12:05:00,1.15878,1.1588,1.15867,1.15871,0.0
2026-09-03 12:10:00,1.15872,1.15878,1.15855,1.15861,0.0
2026-09-03 12:15:00,1.1586,1.15879,1.15853,1.1586,0.0
2026-09-03 12:20:00,1.15872,1.15905,1.15854,1.15877,0.0
2026-09-03 12:25:00,1.15884,1.15908,1.15882,1.15898,0.0
2026-09-03 12:30:00,1.15893,1.15921,1.15893,1.15917,0.0
2026-09-03 12:35:00,1.15908,1.15946,1.15908,1.15942,0.0
2026-09-03 12:40:00,1.1593,1.15952,1.15912,1.15915,0.0
2026-09-03 12:45:00,1.1592,1.1592,1.15891,1.15894,0.0
2026-09-03 12:50:00,1.15902,1.15929,1.15902,1.15924,0.0
2026-09-03 12:55:00,1.1592,1.15934,1.15907,1.15912,0.0
2026-09-03 13:00:00,1.15921,1.1594,1.15908,1.15934,0.0
2026-09-03 13:05:00,1.15925,1.15959,1.15925,1.15949,0.0
2026-09-03 13:10:00,1.15951,1.15968,1.1595,1.15953,0.0
2026-09-03 13:15:00,1.15959,1.15959,1.15947,1.15955,0.0
2026-09-03 13:20:00,1.15953,1.15959,1.15946,1.1595,0.0
2026-09-03 13:25:00,1.15949,1.15966,1.15947,1.15958,0.0
2026-09-03 13:30:00,1.15959,1.15966,1.15946,1.1596,0.0
2026-09-03 13:35:00,1.15954,1.15966,1.1595,1.15963,0.0
2026-09-03 13:40:00,1.15959,1.15982,1.15959,1.15981,0.0
2026-09-03 13:45:00,1.15979,1.1598,1.15962,1.15966,0.0
2026-09-03 13:50:00,1.15969,1.1598,1.15964,1.15978,0.0
2026-09-03 13:55:00,1.15975,1.1598,1.15961,1.15964,0.0
2026-09-03 14:00:00,1.15967,1.15976,1.15958,1.15961,0.0
2026-09-03 14:05:00,1.15962,1.15968,1.1595,1.15952,0.0
2026-09-03 14:10:00,1.15956,1.15976,1.15956,1.15974,0.0
2026-09-03 14:15:00,1.1597,1.15979,1.15962,1.15968,0.0
2026-09-03 14:20:00,1.15966,1.15976,1.1596,1.1597,0.0
2026-09-03 14:25:00,1.1597,1.15979,1.15969,1.15977,0.0
2026-09-03 14:30:00,1.15973,1.16,1.1597,1.15997,0.0
2026-09-03 14:35:00,1.15995,1.15997,1.1598,1.15996,0.0
2026-09-03 14:40:00,1.15991,1.16006,1.15989,1.16003,0.0
2026-09-03 14:45:00,1.15998,1.16005,1.15981,1.15991,0.0
2026-09-03 14:50:00,1.1599,1.1599,1.15966,1.15972,0.0
2026-09-03 14:55:00,1.1597,1.15972,1.15949,1.15951,0.0
2026-09-03 15:00:00,1.15951,1.15964,1.15942,1.15943,0.0
2026-09-03 15:05:00,1.15946,1.1595,1.15942,1.15949,0.0
2026-09-03 15:10:00,1.15947,1.15955,1.15935,1.15953,0.0
2026-09-03 15:15:00,1.1595,1.1597,1.15943,1.15969,0.0
2026-09-03 15:20:00,1.15965,1.15978,1.15945,1.15974,0.0
2026-09-03 15:25:00,1.15968,1.15991,1.15968,1.15975,0.0
2026-09-03 15:30:00,1.15984,1.15984,1.15972,1.15979,0.0
2026-09-03 15:35:00,1.15977,1.15993,1.15974,1.15992,0.0
2026-09-03 15:40:00,1.15988,1.15999,1.15982,1.15995,0.0
2026-09-03 15:45:00,1.15993,1.15995,1.15976,1.15993,0.0
2026-09-03 15:50:00,1.15989,1.16006,1.15977,1.15982,0.0
2026-09-03 15:55:00,1.15988,1.16004,1.15977,1.16003,0.0
2026-09-03 16:00:00,1.15998,1.1601,1.15976,1.15991,0.0
2026-09-03 16:05:00,1.15988,1.16004,1.15982,1.15997,0.0
2026-09-03 16:10:00,1.15994,1.15999,1.15961,1.15972,0.0
2026-09-03 16:15:00,1.1597,1.15993,1.15965,1.15993,0.0
2026-09-03 16:20:00,1.15991,1.15991,1.15966,1.15978,0.0
2026-09-03 16:25:00,1.15979,1.16007,1.1597,1.16006,0.0
2026-09-03 16:30:00,1.16003,1.16074,1.16001,1.16071,0.0
2026-09-03 16:35:00,1.16063,1.16072,1.16047,1.16052,0.0
2026-09-03 16:40:00,1.16056,1.16077,1.16044,1.16071,0.0
2026-09-03 16:45:00,1.16071,1.16081,1.16063,1.1608,0.0
2026-09-03 16:50:00,1.16076,1.16081,1.16063,1.16076,0.0
2026-09-03 16:55:00,1.16073,1.16084,1.16052,1.16059,0.0
2026-09-03 17:00:00,1.16072,1.16136,1.16033,1.16132,0.0
2026-09-03 17:05:00,1.16125,1.16144,1.1611,1.16141,0.0
2026-09-03 17:10:00,1.16133,1.16148,1.16083,1.16093,0.0
2026-09-03 17:15:00,1.16111,1.16111,1.16059,1.16095,0.0
2026-09-03 17:20:00,1.16089,1.16102,1.16067,1.16097,0.0
2026-09-03 17:25:00,1.1609,1.16106,1.16048,1.16072,0.0
2026-09-03 17:30:00,1.16068,1.16068,1.16046,1.16052,0.0
2026-09-03 17:35:00,1.16052,1.16078,1.16027,1.16043,0.0
2026-09-03 17:40:00,1.16041,1.16041,1.1602,1.16025,0.0
2026-09-03 17:45:00,1.16028,1.16044,1.16023,1.16026,0.0
2026-09-03 17:50:00,1.1603,1.16054,1.16025,1.16048,0.0
2026-09-03 17:55:00,1.16031,1.1607,1.16031,1.16062,0.0
2026-09-03 18:00:00,1.16059,1.16059,1.15988,1.15998,0.0
2026-09-03 18:05:00,1.16023,1.16074,1.16023,1.16059,0.0
2026-09-03 18:10:00,1.16061,1.16071,1.15999,1.1601,0.0
2026-09-03 18:15:00,1.16033,1.16033,1.15997,1.1601,0.0
2026-09-03 18:20:00,1.16008,1.16048,1.16004,1.16009,0.0
2026-09-03 18:25:00,1.16016,1.16039,1.16016,1.16036,0.0
2026-09-03 18:30:00,1.16034,1.16046,1.16021,1.16046,0.0
2026-09-03 18:35:00,1.16043,1.16051,1.16025,1.16048,0.0
2026-09-03 18:40:00,1.16042,1.16065,1.1604,1.16061,0.0
2026-09-03 18:45:00,1.16055,1.16095,1.16055,1.16091,0.0
2026-09-03 18:50:00,1.16089,1.16108,1.16069,1.16104,0.0
2026-09-03 18:55:00,1.16093,1.16124,1.16082,1.16101,0.0
2026-09-03 19:00:00,1.16099,1.1612,1.16085,1.16087,0.0
2026-09-03 19:05:00,1.16091,1.161,1.16055,1.1608,0.0
2026-09-03 19:10:00,1.16075,1.16079,1.16056,1.16068,0.0
2026-09-03 19:15:00,1.16065,1.16065,1.16036,1.16053,0.0
2026-09-03 19:20:00,1.16049,1.16064,1.16028,1.16062,0.0
2026-09-03 19:25:00,1.16057,1.16063,1.16024,1.1603,0.0
2026-09-03 19:30:00,1.16029,1.16044,1.16019,1.16032,0.0
2026-09-03 19:35:00,1.16029,1.16036,1.16014,1.16031,0.0
2026-09-03 19:40:00,1.16023,1.16048,1.16023,1.16033,0.0
2026-09-03 19:45:00,1.16038,1.16062,1.16038,1.16059,0.0
2026-09-03 19:50:00,1.1605,1.16064,1.16043,1.16058,0.0
2026-09-03 19:55:00,1.16055,1.16063,1.16033,1.1606,0.0
2026-09-03 20:00:00,1.16055,1.16066,1.16044,1.16047,0.0
2026-09-03 20:05:00,1.16051,1.16072,1.1604,1.1606,0.0
2026-09-03 20:10:00,1.16059,1.16059,1.16019,1.16023,0.0
2026-09-03 20:15:00,1.16027,1.16029,1.16008,1.16009,0.0
2026-09-03 20:20:00,1.16011,1.16024,1.16003,1.16023,0.0
2026-09-03 20:25:00,1.16021,1.16032,1.1601,1.16019,0.0
2026-09-03 20:30:00,1.16017,1.16017,1.15986,1.15991,0.0
2026-09-03 20:35:00,1.15992,1.16001,1.15986,1.15989,0.0
2026-09-03 20:40:00,1.15992,1.16001,1.15978,1.16,0.0
2026-09-03 20:45:00,1.15996,1.1601,1.1598,1.16008,0.0
2026-09-03 20:50:00,1.16006,1.16023,1.15995,1.16022,0.0
2026-09-03 20:55:00,1.16017,1.16058,1.16017,1.16036,0.0
2026-09-03 21:00:00,1.1604,1.16043,1.1602,1.16038,0.0
2026-09-03 21:05:00,1.16036,1.16049,1.16016,1.16042,0.0
2026-09-03 21:10:00,1.16024,1.16078,1.16024,1.16078,0.0
2026-09-03 21:15:00,1.16077,1.16138,1.16064,1.16129,0.0
2026-09-03 21:20:00,1.16115,1.16143,1.16105,1.16109,0.0
2026-09-03 21:25:00,1.16115,1.16115,1.16083,1.16089,0.0
2026-09-03 21:30:00,1.16089,1.16113,1.16066,1.16098,0.0
2026-09-03 21:35:00,1.16095,1.16116,1.16089,1.16092,0.0
2026-09-03 21:40:00,1.16097,1.16103,1.16085,1.16087,0.0
2026-09-03 21:45:00,1.16092,1.16134,1.1608,1.16131,0.0
2026-09-03 21:50:00,1.16119,1.16156,1.16109,1.16134,0.0
2026-09-03 21:55:00,1.16131,1.16135,1.16112,1.16133,0.0
2026-09-03 22:00:00,1.16129,1.16154,1.16114,1.16149,0.0
2026-09-03 22:05:00,1.1614,1.16177,1.1614,1.16174,0.0
2026-09-03 22:10:00,1.16168,1.16168,1.16116,1.16119,0.0
2026-09-03 22:15:00,1.16123,1.16145,1.16123,1.16135,0.0
2026-09-03 22:20:00,1.16136,1.16154,1.16095,1.16098,0.0
2026-09-03 22:25:00,1.16104,1.16107,1.16082,1.16092,0.0
2026-09-03 22:30:00,1.16088,1.16256,1.16028,1.16243,0.0
2026-09-03 22:35:00,1.16241,1.16241,1.16163,1.16218,0.0
2026-09-03 22:40:00,1.16214,1.16225,1.16187,1.16188,0.0
2026-09-03 22:45:00,1.16191,1.16244,1.1618,1.16242,0.0
2026-09-03 22:50:00,1.16239,1.16297,1.16214,1.16291,0.0
2026-09-03 22:55:00,1.16279,1.16298,1.16241,1.16249,0.0
2026-09-03 23:00:00,1.16259,1.16282,1.16239,1.16271,0.0
2026-09-03 23:05:00,1.1627,1.1627,1.16231,1.16264,0.0
2026-09-03 23:10:00,1.16258,1.16258,1.1621,1.1624,0.0
2026-09-03 23:15:00,1.16239,1.16279,1.16202,1.16205,0.0
2026-09-03 23:20:00,1.16211,1.16236,1.1621,1.16233,0.0
2026-09-03 23:25:00,1.16232,1.16241,1.16217,1.16234,0.0
2026-09-03 23:30:00,1.16231,1.1624,1.16209,1.16226,0.0
2026-09-03 23:35:00,1.16222,1.16244,1.1622,1.16242,0.0
2026-09-03 23:40:00,1.1624,1.16255,1.16186,1.16221,0.0
2026-09-03 23:45:00,1.16217,1.16243,1.16187,1.16192,0.0
2026-09-03 23:50:00,1.16199,1.16217,1.16175,1.16214,0.0
2026-09-03 23:55:00,1.16208,1.1628,1.16208,1.16272,0.0
2026-09-04 00:00:00,1.1626,1.16315,1.16212,1.16227,0.0
2026-09-04 00:05:00,1.16227,1.16264,1.16216,1.16257,0.0
2026-09-04 00:10:00,1.16247,1.16272,1.16212,1.16268,0.0
2026-09-04 00:15:00,1.1626,1.16263,1.16237,1.1625,0.0
2026-09-04 00:20:00,1.16248,1.16258,1.16216,1.16223,0.0
2026-09-04 00:25:00,1.16225,1.1624,1.16204,1.16231,0.0
2026-09-04 00:30:00,1.16225,1.16239,1.16193,1.16196,0.0
2026-09-04 00:35:00,1.162,1.16202,1.16172,1.16189,0.0
2026-09-04 00:40:00,1.16184,1.16186,1.16146,1.16159,0.0
2026-09-04 00:45:00,1.16156,1.16182,1.1614,1.1618,0.0
2026-09-04 00:50:00,1.16173,1.16205,1.16167,1.16204,0.0
2026-09-04 00:55:00,1.16201,1.16202,1.16179,1.16191,0.0
2026-09-04 01:00:00,1.16195,1.1622,1.16169,1.16218,0.0
2026-09-04 01:05:00,1.16211,1.16248,1.16211,1.16247,0.0
2026-09-04 01:10:00,1.16243,1.16243,1.16217,1.16233,0.0
2026-09-04 01:15:00,1.16235,1.1624,1.16216,1.16232,0.0
2026-09-04 01:20:00,1.16229,1.16249,1.16221,1.16243,0.0
2026-09-04 01:25:00,1.16236,1.16247,1.16222,1.1623,0.0
2026-09-04 01:30:00,1.16229,1.16278,1.16226,1.16241,0.0
2026-09-04 01:35:00,1.16245,1.16254,1.16201,1.16204,0.0
2026-09-04 01:40:00,1.16209,1.16209,1.16189,1.16196,0.0
2026-09-04 01:45:00,1.16196,1.16212,1.16189,1.16195,0.0
2026-09-04 01:50:00,1.16192,1.16194,1.16178,1.16179,0.0
2026-09-04 01:55:00,1.16182,1.16235,1.1618,1.16225,0.0
2026-09-04 02:00:00,1.16212,1.16249,1.16212,1.16247,0.0
2026-09-04 02:05:00,1.16239,1.16253,1.16228,1.16252,0.0
2026-09-04 02:10:00,1.16246,1.16274,1.16246,1.16273,0.0
2026-09-04 02:15:00,1.16272,1.16314,1.16268,1.16307,0.0
2026-09-04 02:20:00,1.16307,1.16323,1.16301,1.1632,0.0
2026-09-04 02:25:00,1.16311,1.16358,1.16311,1.16357,0.0
2026-09-04 02:30:00,1.16352,1.16363,1.16343,1.1636,0.0
2026-09-04 02:35:00,1.16355,1.16366,1.16341,1.16364,0.0
2026-09-04 02:40:00,1.16361,1.16366,1.16349,1.16359,0.0
2026-09-04 02:45:00,1.16356,1.16384,1.16356,1.16384,0.0
2026-09-04 02:50:00,1.16382,1.16412,1.16371,1.1641,0.0
2026-09-04 02:55:00,1.16406,1.16406,1.16379,1.16387,0.0
2026-09-04 03:00:00,1.16394,1.16394,1.16367,1.16369,0.0
2026-09-04 03:05:00,1.16373,1.16383,1.16359,1.16378,0.0
2026-09-04 03:10:00,1.16378,1.16378,1.16355,1.16371,0.0
2026-09-04 03:15:00,1.16369,1.16382,1.16363,1.16365,0.0
2026-09-04 03:20:00,1.1637,1.16383,1.16359,1.16373,0.0
2026-09-04 03:25:00,1.16375,1.1638,1.16351,1.16367,0.0
2026-09-04 03:30:00,1.16362,1.16382,1.16362,1.1638,0.0
2026-09-04 03:35:00,1.16376,1.16382,1.16363,1.16371,0.0
2026-09-04 03:40:00,1.16371,1.16374,1.16362,1.16371,0.0
2026-09-04 03:45:00,1.16368,1.16375,1.16362,1.16371,0.0
2026-09-04 03:50:00,1.16369,1.16369,1.16351,1.16353,0.0
2026-09-04 03:55:00,1.16357,1.16364,1.16329,1.16332,0.0
2026-09-04 04:00:00,1.16337,1.16345,1.16328,1.16342,0.0
2026-09-04 04:05:00,1.1634,1.16348,1.16322,1.16339,0.0
2026-09-04 04:10:00,1.16333,1.16356,1.16333,1.16347,0.0
2026-09-04 04:15:00,1.16349,1.16362,1.1634,1.16351,0.0
2026-09-04 04:20:00,1.16357,1.16357,1.16336,1.16339,0.0
2026-09-04 04:25:00,1.16342,1.16364,1.16336,1.16363,0.0
2026-09-04 04:30:00,1.16362,1.16362,1.16337,1.16344,0.0
2026-09-04 04:35:00,1.16347,1.16347,1.16333,1.1634,0.0
2026-09-04 04:40:00,1.1634,1.16344,1.16333,1.16342,0.0
2026-09-04 04:45:00,1.16339,1.16343,1.16325,1.16339,0.0
2026-09-04 04:50:00,1.16338,1.16352,1.16324,1.16351,0.0
2026-09-04 04:55:00,1.16348,1.16348,1.16337,1.16345,0.0
2026-09-04 05:00:00,1.16344,1.16349,1.16329,1.16333,0.0
2026-09-04 05:05:00,1.16336,1.16336,1.16321,1.16324,0.0
2026-09-04 05:10:00,1.16328,1.1633,1.16299,1.16303,0.0
2026-09-04 05:15:00,1.16309,1.1631,1.1628,1.16295,0.0
2026-09-04 05:20:00,1.16289,1.16299,1.16266,1.16274,0.0
2026-09-04 05:25:00,1.16271,1.16271,1.16259,1.16269,0.0
2026-09-04 05:30:00,1.16265,1.16277,1.16264,1.16267,0.0
2026-09-04 05:35:00,1.16271,1.16271,1.16255,1.16261,0.0
2026-09-04 05:40:00,1.1626,1.16275,1.1626,1.16273,0.0
2026-09-04 05:45:00,1.1627,1.16293,1.16265,1.16292,0.0
2026-09-04 05:50:00,1.16288,1.16291,1.16275,1.16279,0.0
2026-09-04 05:55:00,1.16281,1.16308,1.16265,1.16306,0.0
2026-09-04 06:00:00,1.16304,1.16304,1.16279,1.16296,0.0
2026-09-04 06:05:00,1.16293,1.16304,1.16292,1.16302,0.0
2026-09-04 06:10:00,1.16299,1.16301,1.16282,1.16286,0.0
2026-09-04 06:15:00,1.16293,1.16293,1.16264,1.16273,0.0
2026-09-04 06:20:00,1.16271,1.1628,1.16263,1.16267,0.0
2026-09-04 06:25:00,1.16274,1.16274,1.16259,1.16272,0.0
2026-09-04 06:30:00,1.16266,1.16277,1.16264,1.16266,0.0
2026-09-04 06:35:00,1.16269,1.16278,1.16261,1.16274,0.0
2026-09-04 06:40:00,1.16273,1.16279,1.16264,1.16271,0.0
2026-09-04 06:45:00,1.16268,1.16278,1.16264,1.16275,0.0
2026-09-04 06:50:00,1.16269,1.1628,1.16269,1.16272,0.0
2026-09-04 06:55:00,1.16272,1.1628,1.16256,1.16258,0.0
2026-09-04 07:00:00,1.1626,1.16298,1.16235,1.16294,0.0
2026-09-04 07:05:00,1.16282,1.16303,1.16251,1.1626,0.0
2026-09-04 07:10:00,1.16267,1.16299,1.16253,1.16267,0.0
2026-09-04 07:15:00,1.16285,1.16301,1.16248,1.16284,0.0
2026-09-04 07:20:00,1.16281,1.16287,1.16253,1.16286,0.0
2026-09-04 07:25:00,1.16282,1.16287,1.16252,1.16253,0.0
2026-09-04 07:30:00,1.16256,1.16263,1.16255,1.16261,0.0
2026-09-04 07:35:00,1.16259,1.16267,1.16257,1.16263,0.0
2026-09-04 07:40:00,1.16261,1.16263,1.16252,1.16263,0.0
2026-09-04 07:45:00,1.16259,1.16271,1.16252,1.16258,0.0
2026-09-04 07:50:00,1.1626,1.16267,1.16257,1.16264,0.0
2026-09-04 07:55:00,1.16262,1.1627,1.16259,1.16267,0.0
2026-09-04 08:00:00,1.16265,1.16274,1.16248,1.16263,0.0
2026-09-04 08:05:00,1.16259,1.1626,1.1625,1.16251,0.0
2026-09-04 08:10:00,1.16252,1.16273,1.16252,1.16271,0.0
2026-09-04 08:15:00,1.16268,1.16274,1.16264,1.16271,0.0
2026-09-04 08:20:00,1.1627,1.1627,1.16257,1.16264,0.0
2026-09-04 08:25:00,1.16262,1.16267,1.16257,1.16258,0.0
2026-09-04 08:30:00,1.16261,1.16271,1.16259,1.1627,0.0
2026-09-04 08:35:00,1.16267,1.16272,1.16255,1.1626,0.0
2026-09-04 08:40:00,1.16257,1.16265,1.16253,1.16254,0.0
2026-09-04 08:45:00,1.16255,1.16259,1.16241,1.16245,0.0
2026-09-04 08:50:00,1.16248,1.16251,1.16236,1.16238,0.0
2026-09-04 08:55:00,1.16241,1.16243,1.16232,1.16238,0.0
2026-09-04 09:00:00,1.16235,1.16242,1.1623,1.1624,0.0
2026-09-04 09:05:00,1.16237,1.16257,1.16236,1.16254,0.0
2026-09-04 09:10:00,1.16249,1.16254,1.16236,1.16238,0.0
2026-09-04 09:15:00,1.1624,1.16253,1.16239,1.1625,0.0
2026-09-04 09:20:00,1.16248,1.16256,1.16244,1.16256,0.0
2026-09-04 09:25:00,1.16254,1.16259,1.16249,1.1625,0.0
2026-09-04 09:30:00,1.16252,1.1627,1.16243,1.16257,0.0
2026-09-04 09:35:00,1.16259,1.16268,1.16256,1.1626,0.0
2026-09-04 09:40:00,1.16263,1.16271,1.16256,1.1626,0.0
2026-09-04 09:45:00,1.1626,1.16275,1.1626,1.16272,0.0
2026-09-04 09:50:00,1.16268,1.16286,1.16268,1.16272,0.0
2026-09-04 09:55:00,1.16275,1.16288,1.16275,1.16286,0.0
2026-09-04 10:00:00,1.16283,1.16303,1.16279,1.16301,0.0
2026-09-04 10:05:00,1.16296,1.1632,1.1629,1.16294,0.0
2026-09-04 10:10:00,1.163,1.16301,1.16279,1.1628,0.0
2026-09-04 10:15:00,1.16282,1.1629,1.16271,1.16283,0.0
2026-09-04 10:20:00,1.16281,1.16289,1.16266,1.16288,0.0
2026-09-04 10:25:00,1.16284,1.16287,1.16264,1.16267,0.0
2026-09-04 10:30:00,1.16273,1.16276,1.16259,1.16274,0.0
2026-09-04 10:35:00,1.16272,1.16276,1.16252,1.16258,0.0
2026-09-04 10:40:00,1.16259,1.16284,1.16256,1.16282,0.0
2026-09-04 10:45:00,1.16278,1.16303,1.16276,1.16302,0.0
2026-09-04 10:50:00,1.16299,1.16307,1.16289,1.16306,0.0
2026-09-04 10:55:00,1.16303,1.16319,1.16283,1.16307,0.0
2026-09-04 11:00:00,1.16307,1.16307,1.16272,1.16291,0.0
2026-09-04 11:05:00,1.1629,1.16297,1.1628,1.16294,0.0
2026-09-04 11:10:00,1.1629,1.16301,1.16275,1.16279,0.0
2026-09-04 11:15:00,1.16286,1.16292,1.16275,1.1629,0.0
2026-09-04 11:20:00,1.16287,1.16316,1.16282,1.16315,0.0
2026-09-04 11:25:00,1.16312,1.16312,1.16282,1.16287,0.0
2026-09-04 11:30:00,1.16289,1.16297,1.1628,1.16285,0.0
2026-09-04 11:35:00,1.16293,1.16298,1.16278,1.16285,0.0
2026-09-04 11:40:00,1.16289,1.16296,1.1628,1.16285,0.0
2026-09-04 11:45:00,1.16286,1.16298,1.16286,1.16295,0.0
2026-09-04 11:50:00,1.16292,1.16295,1.16283,1.16293,0.0
2026-09-04 11:55:00,1.16291,1.16297,1.16287,1.16296,0.0
2026-09-04 12:00:00,1.16291,1.16334,1.16291,1.16329,0.0
2026-09-04 12:05:00,1.16321,1.16336,1.16302,1.16304,0.0
2026-09-04 12:10:00,1.16308,1.16312,1.16297,1.16302,0.0
2026-09-04 12:15:00,1.16301,1.16304,1.16282,1.16294,0.0
2026-09-04 12:20:00,1.16291,1.16291,1.1627,1.16271,0.0
2026-09-04 12:25:00,1.16272,1.16275,1.16261,1.16265,0.0
2026-09-04 12:30:00,1.16267,1.16286,1.16267,1.16283,0.0
2026-09-04 12:35:00,1.16281,1.16293,1.16275,1.16291,0.0
2026-09-04 12:40:00,1.16288,1.16295,1.16283,1.16291,0.0
2026-09-04 12:45:00,1.1629,1.1629,1.16276,1.1628,0.0
2026-09-04 12:50:00,1.16286,1.16295,1.1628,1.16293,0.0
2026-09-04 12:55:00,1.1629,1.16303,1.16272,1.16275,0.0
2026-09-04 13:00:00,1.16275,1.16287,1.16271,1.16282,0.0
2026-09-04 13:05:00,1.16282,1.16284,1.16271,1.16272,0.0
2026-09-04 13:10:00,1.16275,1.16283,1.16268,1.1628,0.0
2026-09-04 13:15:00,1.16278,1.16289,1.16278,1.16282,0.0
2026-09-04 13:20:00,1.16284,1.16288,1.16278,1.16286,0.0
2026-09-04 13:25:00,1.16285,1.16285,1.16274,1.16278,0.0
2026-09-04 13:30:00,1.16278,1.16281,1.16255,1.16265,0.0
2026-09-04 13:35:00,1.1626,1.16274,1.16243,1.1625,0.0
2026-09-04 13:40:00,1.16262,1.16262,1.16237,1.16238,0.0
2026-09-04 13:45:00,1.1624,1.16241,1.16225,1.16226,0.0
2026-09-04 13:50:00,1.1623,1.16247,1.16228,1.16244,0.0
2026-09-04 13:55:00,1.16242,1.16242,1.16226,1.16237,0.0
2026-09-04 14:00:00,1.16236,1.16266,1.16216,1.16263,0.0
2026-09-04 14:05:00,1.16257,1.16279,1.16253,1.16256,0.0
2026-09-04 14:10:00,1.16262,1.16265,1.16248,1.16262,0.0
2026-09-04 14:15:00,1.1626,1.16261,1.16249,1.16254,0.0
2026-09-04 14:20:00,1.16252,1.16263,1.16248,1.16249,0.0
2026-09-04 14:25:00,1.16252,1.16256,1.16239,1.16251,0.0
2026-09-04 14:30:00,1.16245,1.16265,1.16245,1.16264,0.0
2026-09-04 14:35:00,1.1626,1.16274,1.16249,1.16272,0.0
2026-09-04 14:40:00,1.16266,1.16279,1.16266,1.16272,0.0
2026-09-04 14:45:00,1.16272,1.16275,1.16261,1.16262,0.0
2026-09-04 14:50:00,1.16265,1.16276,1.16263,1.16273,0.0
2026-09-04 14:55:00,1.16271,1.16276,1.1626,1.16264,0.0
2026-09-04 15:00:00,1.16268,1.16274,1.16252,1.16254,0.0
2026-09-04 15:05:00,1.16256,1.16267,1.16247,1.16266,0.0
2026-09-04 15:10:00,1.16263,1.16264,1.16253,1.16263,0.0
2026-09-04 15:15:00,1.16258,1.1628,1.16258,1.1627,0.0
2026-09-04 15:20:00,1.16273,1.16281,1.16268,1.1627,0.0
2026-09-04 15:25:00,1.16274,1.16278,1.16266,1.1627,0.0
2026-09-04 15:30:00,1.16272,1.16292,1.16272,1.1629,0.0
2026-09-04 15:35:00,1.16287,1.16293,1.16276,1.16285,0.0
2026-09-04 15:40:00,1.16284,1.16284,1.1627,1.16271,0.0
2026-09-04 15:45:00,1.16273,1.16274,1.1626,1.16272,0.0
2026-09-04 15:50:00,1.16267,1.16275,1.16257,1.16272,0.0
2026-09-04 15:55:00,1.16269,1.16286,1.16267,1.16285,0.0
2026-09-04 16:00:00,1.16283,1.16306,1.1628,1.16304,0.0
2026-09-04 16:05:00,1.163,1.16306,1.16295,1.16301,0.0
2026-09-04 16:10:00,1.163,1.16305,1.16286,1.16301,0.0
2026-09-04 16:15:00,1.16296,1.16306,1.16279,1.16284,0.0
2026-09-04 16:20:00,1.16293,1.16304,1.16284,1.16289,0.0
2026-09-04 16:25:00,1.16293,1.16297,1.1628,1.1629,0.0
2026-09-04 16:30:00,1.16289,1.16301,1.16272,1.163,0.0
2026-09-04 16:35:00,1.16296,1.16303,1.1628,1.16283,0.0
2026-09-04 16:40:00,1.16288,1.16303,1.16283,1.163,0.0
2026-09-04 16:45:00,1.16295,1.16311,1.16274,1.16297,0.0
2026-09-04 16:50:00,1.16294,1.163,1.16284,1.16298,0.0
2026-09-04 16:55:00,1.16296,1.16297,1.16272,1.16278,0.0
2026-09-04 17:00:00,1.1628,1.16301,1.16272,1.16297,0.0
2026-09-04 17:05:00,1.16291,1.16299,1.1628,1.16283,0.0
2026-09-04 17:10:00,1.16288,1.16288,1.16267,1.1627,0.0
2026-09-04 17:15:00,1.16273,1.16273,1.16257,1.16265,0.0
2026-09-04 17:20:00,1.16264,1.16275,1.16259,1.16274,0.0
2026-09-04 17:25:00,1.16271,1.16284,1.16256,1.16282,0.0
2026-09-04 17:30:00,1.16278,1.16292,1.16276,1.1629,0.0
2026-09-04 17:35:00,1.16287,1.16289,1.16271,1.16273,0.0
2026-09-04 17:40:00,1.16278,1.16287,1.16264,1.16284,0.0
2026-09-04 17:45:00,1.16279,1.16288,1.16263,1.16275,0.0
2026-09-04 17:50:00,1.16274,1.16283,1.16233,1.16235,0.0
2026-09-04 17:55:00,1.16237,1.16239,1.16216,1.16218,0.0
2026-09-04 18:00:00,1.16221,1.16237,1.16213,1.16232,0.0
2026-09-04 18:05:00,1.16226,1.16238,1.16193,1.16196,0.0
2026-09-04 18:10:00,1.16202,1.16209,1.16193,1.16203,0.0
2026-09-04 18:15:00,1.16201,1.16217,1.16195,1.16213,0.0
2026-09-04 18:20:00,1.16207,1.16222,1.16202,1.16206,0.0
2026-09-04 18:25:00,1.16208,1.16231,1.162,1.16229,0.0
2026-09-04 18:30:00,1.16226,1.16235,1.16212,1.16233,0.0
2026-09-04 18:35:00,1.16229,1.16236,1.16218,1.16226,0.0
2026-09-04 18:40:00,1.16222,1.16239,1.16222,1.16231,0.0
2026-09-04 18:45:00,1.16234,1.16249,1.16233,1.16247,0.0
2026-09-04 18:50:00,1.16245,1.1625,1.16233,1.16237,0.0
2026-09-04 18:55:00,1.16243,1.16256,1.16232,1.16255,0.0
2026-09-04 19:00:00,1.16252,1.16254,1.16228,1.16244,0.0
2026-09-04 19:05:00,1.16242,1.16242,1.16219,1.16228,0.0
2026-09-04 19:10:00,1.16223,1.16234,1.16218,1.16226,0.0
2026-09-04 19:15:00,1.16224,1.1624,1.16216,1.16229,0.0
2026-09-04 19:20:00,1.1623,1.16239,1.16225,1.16236,0.0
2026-09-04 19:25:00,1.16235,1.1624,1.16214,1.16226,0.0
2026-09-04 19:30:00,1.16223,1.16224,1.16197,1.16199,0.0
2026-09-04 19:35:00,1.16201,1.16213,1.16197,1.16207,0.0
2026-09-04 19:40:00,1.16207,1.16225,1.16205,1.16209,0.0
2026-09-04 19:45:00,1.1621,1.16212,1.16198,1.16202,0.0
2026-09-04 19:50:00,1.16201,1.16212,1.16176,1.16189,0.0
2026-09-04 19:55:00,1.16185,1.16222,1.16163,1.1617,0.0
2026-09-04 20:00:00,1.16181,1.16189,1.16168,1.16188,0.0
2026-09-04 20:05:00,1.16186,1.16189,1.16179,1.16186,0.0
2026-09-04 20:10:00,1.16184,1.16193,1.16179,1.16183,0.0
2026-09-04 20:15:00,1.16183,1.16213,1.16183,1.16209,0.0
2026-09-04 20:20:00,1.16208,1.16208,1.16187,1.16196,0.0
2026-09-04 20:25:00,1.16195,1.16202,1.16178,1.1619,0.0
2026-09-04 20:30:00,1.16188,1.16197,1.1618,1.16196,0.0
2026-09-04 20:35:00,1.16194,1.16194,1.16172,1.16176,0.0
2026-09-04 20:40:00,1.16179,1.16204,1.16179,1.16203,0.0
2026-09-04 20:45:00,1.16201,1.16233,1.16197,1.16227,0.0
2026-09-04 20:50:00,1.16226,1.16226,1.16203,1.16218,0.0
2026-09-04 20:55:00,1.16216,1.16223,1.16209,1.16221,0.0
2026-09-04 21:00:00,1.16217,1.16225,1.16206,1.1621,0.0
2026-09-04 21:05:00,1.16212,1.16221,1.16202,1.16212,0.0
2026-09-04 21:10:00,1.1621,1.16228,1.16205,1.16227,0.0
2026-09-04 21:15:00,1.16225,1.16225,1.16209,1.1622,0.0
2026-09-04 21:20:00,1.1622,1.16239,1.16214,1.16238,0.0
2026-09-04 21:25:00,1.16235,1.16238,1.1622,1.16232,0.0
2026-09-04 21:30:00,1.16229,1.16229,1.16207,1.16214,0.0
2026-09-04 21:35:00,1.16212,1.1622,1.16206,1.16212,0.0
2026-09-04 21:40:00,1.16213,1.16219,1.16201,1.16202,0.0
2026-09-04 21:45:00,1.16204,1.16246,1.16204,1.16219,0.0
2026-09-04 21:50:00,1.16219,1.1624,1.16213,1.16216,0.0
2026-09-04 21:55:00,1.16219,1.16231,1.16213,1.16223,0.0
2026-09-04 22:00:00,1.16221,1.1624,1.16206,1.16238,0.0
2026-09-04 22:05:00,1.16234,1.16241,1.16221,1.16231,0.0
2026-09-04 22:10:00,1.16229,1.16233,1.16206,1.16208,0.0
2026-09-04 22:15:00,1.16209,1.16247,1.16209,1.16245,0.0
2026-09-04 22:20:00,1.16242,1.16247,1.16236,1.16242,0.0
2026-09-04 22:25:00,1.16241,1.16253,1.16239,1.16252,0.0
2026-09-04 22:30:00,1.16247,1.16257,1.15848,1.15948,0.0
2026-09-04 22:35:00,1.15929,1.15995,1.15922,1.15983,0.0
2026-09-04 22:40:00,1.15967,1.16034,1.15931,1.1598,0.0
2026-09-04 22:45:00,1.15976,1.16001,1.15918,1.15926,0.0
2026-09-04 22:50:00,1.15912,1.16039,1.15912,1.15993,0.0
2026-09-04 22:55:00,1.15997,1.16018,1.15974,1.16011,0.0
2026-09-04 23:00:00,1.16002,1.16028,1.15999,1.16004,0.0
2026-09-04 23:05:00,1.16008,1.16011,1.1598,1.15982,0.0
2026-09-04 23:10:00,1.15983,1.16011,1.15955,1.1601,0.0
2026-09-04 23:15:00,1.16006,1.16073,1.15999,1.16067,0.0
2026-09-04 23:20:00,1.1606,1.16098,1.1606,1.16081,0.0
2026-09-04 23:25:00,1.16084,1.16148,1.16084,1.16127,0.0
2026-09-04 23:30:00,1.16125,1.16175,1.16125,1.16128,0.0
2026-09-04 23:35:00,1.16133,1.16134,1.16106,1.16123,0.0
2026-09-04 23:40:00,1.1612,1.16144,1.16101,1.16142,0.0
2026-09-04 23:45:00,1.16137,1.16236,1.16137,1.16198,0.0
2026-09-04 23:50:00,1.16212,1.16219,1.16137,1.16141,0.0
2026-09-04 23:55:00,1.16147,1.16151,1.16091,1.16101,0.0
2026-09-05 00:00:00,1.16115,1.16118,1.1609,1.16104,0.0
2026-09-05 00:05:00,1.16109,1.16153,1.16097,1.16152,0.0
2026-09-05 00:10:00,1.16146,1.16163,1.16106,1.16111,0.0
2026-09-05 00:15:00,1.16117,1.16163,1.16117,1.16156,0.0
2026-09-05 00:20:00,1.16147,1.16176,1.16147,1.16174,0.0
2026-09-05 00:25:00,1.16169,1.16173,1.16141,1.16172,0.0
2026-09-05 00:30:00,1.1617,1.16209,1.16146,1.16205,0.0
2026-09-05 00:35:00,1.16198,1.16207,1.1618,1.16184,0.0
2026-09-05 00:40:00,1.1619,1.16212,1.16184,1.16195,0.0
2026-09-05 00:45:00,1.162,1.1621,1.16172,1.16193,0.0
2026-09-05 00:50:00,1.16185,1.16194,1.16158,1.16171,0.0
2026-09-05 00:55:00,1.16166,1.16171,1.16143,1.16146,0.0
2026-09-05 01:00:00,1.16154,1.16171,1.16129,1.16132,0.0
2026-09-05 01:05:00,1.16132,1.16194,1.16132,1.16193,0.0
2026-09-05 01:10:00,1.1619,1.16217,1.16168,1.16215,0.0
2026-09-05 01:15:00,1.16212,1.16222,1.16201,1.16218,0.0
2026-09-05 01:20:00,1.16212,1.16226,1.16199,1.16206,0.0
2026-09-05 01:25:00,1.16217,1.16217,1.16198,1.16201,0.0
2026-09-05 01:30:00,1.16203,1.16225,1.16195,1.16208,0.0
2026-09-05 01:35:00,1.16209,1.16215,1.16195,1.16212,0.0
2026-09-05 01:40:00,1.16206,1.1623,1.16202,1.16206,0.0
2026-09-05 01:45:00,1.16212,1.16223,1.16199,1.16222,0.0
2026-09-05 01:50:00,1.16218,1.16235,1.16198,1.16204,0.0
2026-09-05 01:55:00,1.16214,1.16214,1.16182,1.16186,0.0
2026-09-05 02:00:00,1.16188,1.16207,1.16177,1.16205,0.0
2026-09-05 02:05:00,1.16197,1.16216,1.16191,1.16203,0.0
2026-09-05 02:10:00,1.162,1.16221,1.16181,1.16213,0.0
2026-09-05 02:15:00,1.16201,1.16233,1.16201,1.16222,0.0
2026-09-05 02:20:00,1.16227,1.16248,1.16225,1.16229,0.0
2026-09-05 02:25:00,1.16232,1.16232,1.16209,1.16225,0.0
2026-09-05 02:30:00,1.16223,1.16237,1.1621,1.16233,0.0
2026-09-05 02:35:00,1.16227,1.16236,1.16218,1.1622,0.0
2026-09-05 02:40:00,1.16223,1.16224,1.16206,1.16218,0.0
2026-09-05 02:45:00,1.1621,1.16228,1.1621,1.16219,0.0
2026-09-05 02:50:00,1.16221,1.16231,1.1622,1.16221,0.0
2026-09-05 02:55:00,1.16221,1.16225,1.16202,1.16206,0.0
2026-09-05 03:00:00,1.16211,1.16211,1.1616,1.16165,0.0
2026-09-05 03:05:00,1.16175,1.16175,1.16155,1.16172,0.0
2026-09-05 03:10:00,1.16169,1.16173,1.1616,1.16161,0.0
2026-09-05 03:15:00,1.16163,1.16175,1.16159,1.16173,0.0
2026-09-05 03:20:00,1.16172,1.16177,1.16148,1.16162,0.0
2026-09-05 03:25:00,1.16161,1.16161,1.16145,1.16151,0.0
2026-09-05 03:30:00,1.1615,1.16155,1.1614,1.16142,0.0
2026-09-05 03:35:00,1.16147,1.16148,1.16135,1.16146,0.0
2026-09-05 03:40:00,1.16145,1.16145,1.1613,1.1614,0.0
2026-09-05 03:45:00,1.16137,1.16137,1.16122,1.16124,0.0
2026-09-05 03:50:00,1.16128,1.16145,1.1612,1.16132,0.0
2026-09-05 03:55:00,1.16138,1.16142,1.16124,1.16126,0.0
2026-09-05 04:00:00,1.16129,1.16136,1.16122,1.16133,0.0
2026-09-05 04:05:00,1.16131,1.16136,1.16113,1.16116,0.0
2026-09-05 04:10:00,1.16121,1.16124,1.1611,1.16121,0.0
2026-09-05 04:15:00,1.16119,1.16119,1.16109,1.16116,0.0
2026-09-05 04:20:00,1.16115,1.16124,1.16106,1.16123,0.0
2026-09-05 04:25:00,1.1612,1.16127,1.16109,1.16113,0.0
2026-09-05 04:30:00,1.16119,1.16126,1.1611,1.16118,0.0
2026-09-05 04:35:00,1.16122,1.16124,1.16102,1.16105,0.0
2026-09-05 04:40:00,1.16109,1.16116,1.161,1.16107,0.0
2026-09-05 04:45:00,1.16104,1.16105,1.16093,1.16098,0.0
2026-09-05 04:50:00,1.16096,1.16101,1.16091,1.16095,0.0
2026-09-05 04:55:00,1.16095,1.16109,1.16091,1.16107,0.0
2026-09-05 05:00:00,1.16105,1.16122,1.16105,1.1612,0.0
2026-09-05 05:05:00,1.16114,1.16133,1.16114,1.16132,0.0
2026-09-05 05:10:00,1.16129,1.16131,1.16119,1.16122,0.0
2026-09-05 05:15:00,1.16124,1.16143,1.16122,1.16131,0.0
2026-09-05 05:20:00,1.16136,1.16147,1.16126,1.16145,0.0
2026-09-05 05:25:00,1.16142,1.16149,1.16137,1.16148,0.0
2026-09-05 05:30:00,1.16146,1.16153,1.16134,1.16136,0.0
2026-09-05 05:35:00,1.16142,1.16151,1.16138,1.16147,0.0
2026-09-05 05:40:00,1.16144,1.16156,1.16144,1.16155,0.0
2026-09-05 05:45:00,1.16151,1.16166,1.16148,1.16151,0.0
2026-09-05 05:50:00,1.16151,1.16156,1.16144,1.16148,0.0
2026-09-05 05:55:00,1.1615,1.16163,1.16137,1.16141,0.0
2026-09-05 06:00:00,1.16141,1.1616,1.16139,1.16158,0.0
2026-09-05 06:05:00,1.16154,1.16154,1.16128,1.16132,0.0
2026-09-05 06:10:00,1.16132,1.16133,1.16124,1.16128,0.0
2026-09-05 06:15:00,1.16129,1.16135,1.16126,1.16131,0.0
2026-09-05 06:20:00,1.1613,1.16143,1.16129,1.16142,0.0
2026-09-05 06:25:00,1.16139,1.1614,1.1612,1.16122,0.0
2026-09-05 06:30:00,1.16127,1.16138,1.16126,1.16128,0.0
2026-09-05 06:35:00,1.1613,1.16135,1.16125,1.16127,0.0
2026-09-05 06:40:00,1.16127,1.16133,1.16122,1.1613,0.0
2026-09-05 06:45:00,1.16127,1.16133,1.16118,1.16123,0.0
2026-09-05 06:50:00,1.16123,1.16134,1.16119,1.1612,0.0
2026-09-05 06:55:00,1.16125,1.16147,1.16125,1.16144,0.0
2026-09-05 07:00:00,1.16142,1.16197,1.1612,1.16188,0.0
2026-09-05 07:05:00,1.1618,1.16209,1.16121,1.16146,0.0
2026-09-05 07:10:00,1.16173,1.16178,1.16128,1.16177,0.0
2026-09-05 07:15:00,1.16176,1.16181,1.16128,1.16179,0.0
2026-09-05 07:20:00,1.16171,1.16187,1.16124,1.16175,0.0
2026-09-05 07:25:00,1.16173,1.1618,1.16128,1.16173,0.0
2026-09-05 07:30:00,1.16173,1.16176,1.16128,1.16172,0.0
2026-09-05 07:35:00,1.16172,1.16178,1.16129,1.16174,0.0
2026-09-05 07:40:00,1.16172,1.16176,1.16132,1.16175,0.0
2026-09-05 07:45:00,1.16172,1.16178,1.1614,1.16172,0.0
2026-09-05 07:50:00,1.16172,1.16176,1.1614,1.16161,0.0
2026-09-05 07:55:00,1.16167,1.16182,1.16149,1.16162,0.0
2026-09-05 08:00:00,1.16166,1.16182,1.16131,1.16175,0.0
2026-09-05 08:05:00,1.16172,1.1621,1.1614,1.16172,0.0
2026-09-05 08:10:00,1.16173,1.16182,1.16135,1.16172,0.0
2026-09-05 08:15:00,1.16172,1.16178,1.16148,1.16175,0.0
2026-09-05 08:20:00,1.16172,1.16203,1.16139,1.16193,0.0
2026-09-05 08:25:00,1.16172,1.16206,1.16158,1.16174,0.0
2026-09-05 08:30:00,1.16178,1.16205,1.16143,1.16167,0.0
2026-09-05 08:35:00,1.16173,1.16205,1.16167,1.16177,0.0
2026-09-05 08:40:00,1.16177,1.16209,1.16166,1.16174,0.0
2026-09-05 08:45:00,1.16172,1.16203,1.16172,1.16175,0.0
2026-09-05 08:50:00,1.16178,1.16206,1.16175,1.16197,0.0
2026-09-05 08:55:00,1.16181,1.16206,1.16176,1.16177,0.0
2026-09-05 09:00:00,1.16177,1.16202,1.16128,1.16173,0.0
2026-09-05 09:05:00,1.16172,1.16206,1.16137,1.16173,0.0
2026-09-05 09:10:00,1.16177,1.16209,1.16151,1.16171,0.0
2026-09-05 09:15:00,1.16172,1.16201,1.16148,1.16177,0.0
2026-09-05 09:20:00,1.16172,1.16205,1.16148,1.16172,0.0
2026-09-05 09:25:00,1.16172,1.16209,1.16171,1.16173,0.0
2026-09-05 09:30:00,1.16177,1.16209,1.16145,1.16171,0.0
2026-09-05 09:35:00,1.16172,1.1621,1.16167,1.16199,0.0
2026-09-05 09:40:00,1.16175,1.1621,1.16147,1.16169,0.0
2026-09-05 09:45:00,1.16174,1.1621,1.16169,1.16173,0.0
2026-09-05 09:50:00,1.16177,1.16207,1.16173,1.16194,0.0
2026-09-05 09:55:00,1.1618,1.16209,1.16174,1.16179,0.0
2026-09-05 10:00:00,1.16176,1.16209,1.16126,1.1614,0.0
2026-09-05 10:05:00,1.1614,1.16143,1.16136,1.16137,0.0
2026-09-05 10:10:00,1.16138,1.16144,1.16135,1.16137,0.0
2026-09-05 10:15:00,1.1614,1.16143,1.16136,1.1614,0.0
2026-09-05 10:20:00,1.16138,1.16143,1.16137,1.1614,0.0
2026-09-05 10:25:00,1.16138,1.16206,1.16135,1.16137,0.0
2026-09-05 10:30:00,1.16141,1.16143,1.16136,1.16138,0.0
2026-09-05 10:35:00,1.16138,1.16142,1.16136,1.1614,0.0
2026-09-05 10:40:00,1.16138,1.16143,1.16137,1.1614,0.0
2026-09-05 10:45:00,1.16138,1.16143,1.16137,1.16137,0.0
2026-09-05 10:50:00,1.16138,1.16221,1.16128,1.16138,0.0
2026-09-05 10:55:00,1.16141,1.16143,1.16136,1.16141,0.0
2026-09-05 11:00:00,1.16138,1.16143,1.16136,1.1614,0.0
2026-09-05 11:05:00,1.16138,1.16143,1.16137,1.16137,0.0
2026-09-05 11:10:00,1.16138,1.16143,1.16136,1.16139,0.0
2026-09-05 11:15:00,1.16138,1.16195,1.16133,1.16142,0.0
2026-09-05 11:20:00,1.16139,1.16143,1.16136,1.1614,0.0
2026-09-05 11:25:00,1.16138,1.16143,1.16137,1.16137,0.0
2026-09-05 11:30:00,1.16138,1.16143,1.16136,1.16139,0.0
2026-09-05 11:35:00,1.16138,1.16142,1.16136,1.16141,0.0
2026-09-05 11:40:00,1.16138,1.16166,1.16128,1.16138,0.0
2026-09-05 11:45:00,1.16142,1.16143,1.16136,1.16137,0.0
2026-09-05 11:50:00,1.16138,1.16143,1.16136,1.16139,0.0
2026-09-05 11:55:00,1.16138,1.16142,1.16137,1.1614,0.0
2026-09-05 12:00:00,1.16138,1.16143,1.16136,1.16138,0.0
2026-09-05 12:05:00,1.16138,1.16166,1.16133,1.16139,0.0
2026-09-05 12:10:00,1.16139,1.16143,1.16136,1.16139,0.0
2026-09-05 12:15:00,1.16138,1.16142,1.16137,1.1614,0.0
2026-09-05 12:20:00,1.16138,1.16143,1.16136,1.16138,0.0
2026-09-05 12:25:00,1.16138,1.16142,1.16137,1.16137,0.0
2026-09-05 12:30:00,1.16138,1.16216,1.16128,1.16144,0.0
2026-09-05 12:35:00,1.16143,1.16143,1.16136,1.16141,0.0
2026-09-05 12:40:00,1.16139,1.16143,1.16136,1.16138,0.0
2026-09-05 12:45:00,1.16138,1.16142,1.16137,1.16137,0.0
2026-09-05 12:50:00,1.16138,1.16143,1.16136,1.16139,0.0
2026-09-05 12:55:00,1.16138,1.16167,1.16137,1.16142,0.0
2026-09-05 13:00:00,1.16142,1.16146,1.16136,1.16138,0.0
2026-09-05 13:05:00,1.16138,1.16142,1.16137,1.16137,0.0
2026-09-05 13:10:00,1.16138,1.16143,1.16136,1.1614,0.0
2026-09-05 13:15:00,1.16138,1.16142,1.16137,1.1614,0.0
2026-09-05 13:20:00,1.16138,1.16214,1.16128,1.16155,0.0
2026-09-05 13:25:00,1.16154,1.16154,1.16135,1.16137,0.0
2026-09-05 13:30:00,1.16139,1.16143,1.16136,1.1614,0.0
2026-09-05 13:35:00,1.16138,1.16142,1.16137,1.1614,0.0
2026-09-05 13:40:00,1.16138,1.16147,1.16134,1.16137,0.0
2026-09-05 13:45:00,1.1614,1.16216,1.16135,1.16137,0.0
2026-09-05 13:50:00,1.16141,1.16143,1.16136,1.1614,0.0
2026-09-05 13:55:00,1.16138,1.16142,1.16137,1.1614,0.0
2026-09-05 14:00:00,1.16138,1.16143,1.16136,1.16138,0.0
2026-09-05 14:05:00,1.16138,1.16141,1.16137,1.16138,0.0
2026-09-05 14:10:00,1.16138,1.16197,1.16128,1.16143,0.0
2026-09-05 14:15:00,1.16141,1.16143,1.16136,1.1614,0.0
2026-09-05 14:20:00,1.16138,1.16143,1.16136,1.16137,0.0
2026-09-05 14:25:00,1.16138,1.16145,1.16136,1.16137,0.0
2026-09-05 14:30:00,1.1614,1.16143,1.16136,1.1614,0.0
2026-09-05 14:35:00,1.16138,1.16167,1.16135,1.16141,0.0
2026-09-05 14:40:00,1.16139,1.16143,1.16136,1.16138,0.0
2026-09-05 14:45:00,1.16138,1.16142,1.16137,1.16138,0.0
2026-09-05 14:50:00,1.16138,1.16143,1.16136,1.1614,0.0
2026-09-05 14:55:00,1.16138,1.16143,1.16137,1.1614,0.0
2026-09-05 15:00:00,1.16138,1.16186,1.16133,1.16138,0.0
2026-09-05 15:05:00,1.16146,1.16146,1.16135,1.16137,0.0
2026-09-05 15:10:00,1.16138,1.16147,1.16135,1.16144,0.0
2026-09-05 15:15:00,1.16142,1.16144,1.16136,1.1614,0.0
2026-09-05 15:20:00,1.16138,1.16143,1.16136,1.16137,0.0
2026-09-05 15:25:00,1.16138,1.16224,1.16131,1.1614,0.0
2026-09-05 15:30:00,1.16141,1.16143,1.16136,1.16141,0.0
2026-09-05 15:35:00,1.16138,1.16143,1.16137,1.1614,0.0
2026-09-05 15:40:00,1.16138,1.16143,1.16136,1.16137,0.0
2026-09-05 15:45:00,1.16138,1.16142,1.16136,1.16138,0.0
2026-09-05 15:50:00,1.16138,1.16198,1.16135,1.16146,0.0
2026-09-05 15:55:00,1.16144,1.16148,1.16133,1.16141,0.0
2026-09-05 16:00:00,1.16141,1.16143,1.16136,1.16137,0.0
2026-09-05 16:05:00,1.16138,1.16143,1.16136,1.16138,0.0
2026-09-05 16:10:00,1.16138,1.16143,1.16136,1.1614,0.0
2026-09-05 16:15:00,1.16138,1.1615,1.16132,1.16138,0.0
2026-09-05 16:20:00,1.16141,1.16143,1.16136,1.16137,0.0
2026-09-05 16:25:00,1.16138,1.16143,1.16136,1.16139,0.0
2026-09-05 16:30:00,1.16138,1.16142,1.16136,1.1614,0.0
2026-09-05 16:35:00,1.16138,1.16143,1.16136,1.1614,0.0
2026-09-05 16:40:00,1.16138,1.16174,1.16122,1.16138,0.0
2026-09-05 16:45:00,1.16146,1.16146,1.16136,1.16139,0.0
2026-09-05 16:50:00,1.16138,1.16142,1.16136,1.1614,0.0
2026-09-05 16:55:00,1.16138,1.16143,1.16136,1.1614,0.0
2026-09-05 17:00:00,1.16138,1.16143,1.16137,1.16137,0.0
2026-09-05 17:05:00,1.16138,1.16149,1.16133,1.16138,0.0
2026-09-05 17:10:00,1.16141,1.16142,1.16136,1.1614,0.0
2026-09-05 17:15:00,1.16138,1.16143,1.16136,1.16138,0.0
2026-09-05 17:20:00,1.16138,1.16143,1.16137,1.16137,0.0
2026-09-05 17:25:00,1.16138,1.16143,1.16136,1.16139,0.0
2026-09-05 17:30:00,1.16138,1.16167,1.16133,1.16139,0.0
2026-09-05 17:35:00,1.16142,1.16144,1.16136,1.16138,0.0
2026-09-05 17:40:00,1.16138,1.16143,1.16137,1.16137,0.0
2026-09-05 17:45:00,1.16138,1.16143,1.16136,1.16139,0.0
2026-09-05 17:50:00,1.16138,1.16142,1.16137,1.1614,0.0
2026-09-05 17:55:00,1.16138,1.16151,1.16129,1.16137,0.0
2026-09-05 18:00:00,1.16142,1.16143,1.16136,1.16137,0.0
2026-09-05 18:05:00,1.16138,1.16143,1.16136,1.16139,0.0
2026-09-05 18:10:00,1.16138,1.16142,1.16137,1.16141,0.0
2026-09-05 18:15:00,1.16138,1.16143,1.16136,1.16138,0.0
2026-09-05 18:20:00,1.16138,1.16172,1.16132,1.1614,0.0
2026-09-05 18:25:00,1.16151,1.16151,1.16135,1.1614,0.0
2026-09-05 18:30:00,1.16139,1.16142,1.16137,1.16141,0.0
2026-09-05 18:35:00,1.16138,1.16143,1.16136,1.16138,0.0
2026-09-05 18:40:00,1.16138,1.16142,1.16137,1.16137,0.0
2026-09-05 18:45:00,1.16138,1.16218,1.16135,1.16139,0.0
2026-09-05 18:50:00,1.16143,1.16143,1.16136,1.16141,0.0
2026-09-05 18:55:00,1.16138,1.16143,1.16136,1.16138,0.0
2026-09-05 19:00:00,1.16138,1.16142,1.16137,1.16137,0.0
2026-09-05 19:05:00,1.16138,1.16143,1.16136,1.1614,0.0
2026-09-05 19:10:00,1.16138,1.16149,1.16133,1.16138,0.0
2026-09-05 19:15:00,1.16141,1.16143,1.16136,1.16138,0.0
2026-09-05 19:20:00,1.16138,1.16142,1.16137,1.16137,0.0
2026-09-05 19:25:00,1.16138,1.16145,1.16135,1.16138,0.0
2026-09-05 19:30:00,1.1614,1.16142,1.16136,1.1614,0.0
2026-09-05 19:35:00,1.16138,1.16167,1.16129,1.16138,0.0
2026-09-05 19:40:00,1.16141,1.16142,1.16136,1.16138,0.0
2026-09-05 19:45:00,1.16138,1.16143,1.16136,1.1614,0.0
2026-09-05 19:50:00,1.16138,1.16142,1.16137,1.1614,0.0
2026-09-05 19:55:00,1.16138,1.16143,1.16136,1.16137,0.0
2026-09-05 20:00:00,1.16138,1.16168,1.16132,1.16139,0.0
2026-09-05 20:05:00,1.16151,1.16151,1.16133,1.16141,0.0
2026-09-05 20:10:00,1.16139,1.16147,1.16135,1.16144,0.0
2026-09-05 20:15:00,1.16142,1.16143,1.16136,1.16137,0.0
2026-09-05 20:20:00,1.16138,1.16142,1.16137,1.16138,0.0
2026-09-05 20:25:00,1.16138,1.16213,1.16136,1.16139,0.0
2026-09-05 20:30:00,1.16143,1.16145,1.16135,1.1614,0.0
2026-09-05 20:35:00,1.16138,1.16143,1.16136,1.16137,0.0
2026-09-05 20:40:00,1.16138,1.16142,1.16137,1.16138,0.0
2026-09-05 20:45:00,1.16138,1.16143,1.16136,1.1614,0.0
2026-09-05 20:50:00,1.16138,1.16221,1.16134,1.1614,0.0
2026-09-05 20:55:00,1.16144,1.16148,1.16135,1.16137,0.0
2026-09-05 21:00:00,1.16141,1.16143,1.16136,1.16138,0.0
2026-09-05 21:05:00,1.16138,1.16143,1.16136,1.1614,0.0
2026-09-05 21:10:00,1.16138,1.16143,1.16137,1.16139,0.0
2026-09-05 21:15:00,1.16138,1.16195,1.16136,1.1615,0.0
2026-09-05 21:20:00,1.16147,1.1615,1.16133,1.16141,0.0
2026-09-05 21:25:00,1.16141,1.16143,1.16136,1.16141,0.0
2026-09-05 21:30:00,1.16138,1.16143,1.16137,1.1614,0.0
2026-09-05 21:35:00,1.16138,1.16143,1.16136,1.16137,0.0
2026-09-05 21:40:00,1.16138,1.16225,1.16129,1.16171,0.0
2026-09-05 21:45:00,1.16163,1.16168,1.16161,1.16166,0.0
2026-09-05 21:50:00,1.16163,1.16168,1.16162,1.16165,0.0
2026-09-05 21:55:00,1.16163,1.16168,1.16162,1.16162,0.0
2026-09-05 22:00:00,1.16163,1.16168,1.16162,1.16165,0.0
2026-09-05 22:05:00,1.16163,1.16214,1.16159,1.16163,0.0
2026-09-05 22:10:00,1.16161,1.16166,1.16159,1.16163,0.0
2026-09-05 22:15:00,1.16161,1.16166,1.16159,1.1616,0.0
2026-09-05 22:20:00,1.16161,1.16163,1.16149,1.16153,0.0
2026-09-05 22:25:00,1.16153,1.16157,1.16151,1.16155,0.0
2026-09-05 22:30:00,1.16153,1.1622,1.16151,1.16157,0.0
2026-09-05 22:35:00,1.16155,1.1616,1.16154,1.16154,0.0
2026-09-05 22:40:00,1.16155,1.1616,1.16154,1.16156,0.0
2026-09-05 22:45:00,1.16155,1.1616,1.16154,1.16158,0.0
2026-09-05 22:50:00,1.16155,1.1616,1.16154,1.16157,0.0
2026-09-05 22:55:00,1.16155,1.16217,1.16155,1.1616,0.0
2026-09-05 23:00:00,1.16157,1.16162,1.16155,1.16158,0.0
2026-09-05 23:05:00,1.16157,1.16161,1.16155,1.16159,0.0
2026-09-05 23:10:00,1.16157,1.16162,1.16155,1.16157,0.0
2026-09-05 23:15:00,1.16157,1.16162,1.16156,1.16156,0.0
2026-09-05 23:20:00,1.16157,1.16218,1.16147,1.16173,0.0
2026-09-05 23:25:00,1.1617,1.1617,1.16153,1.16161,0.0
2026-09-05 23:30:00,1.16158,1.16163,1.16156,1.1616,0.0
2026-09-05 23:35:00,1.16158,1.16163,1.16157,1.16157,0.0
2026-09-05 23:40:00,1.16158,1.16166,1.16156,1.16163,0.0
2026-09-05 23:45:00,1.16162,1.16216,1.16159,1.16163,0.0
2026-09-05 23:50:00,1.1616,1.16165,1.16158,1.1616,0.0
2026-09-05 23:55:00,1.1616,1.16165,1.16159,1.16159,0.0
2026-09-06 00:00:00,1.1616,1.16163,1.16126,1.16148,0.0
2026-09-06 00:05:00,1.16147,1.16151,1.16146,1.16149,0.0
2026-09-06 00:10:00,1.16147,1.16221,1.16145,1.16154,0.0
2026-09-06 00:15:00,1.16152,1.16152,1.16145,1.16146,0.0
2026-09-06 00:20:00,1.16147,1.16152,1.16146,1.16149,0.0
2026-09-06 00:25:00,1.16147,1.16158,1.16131,1.16157,0.0
2026-09-06 00:30:00,1.16154,1.16154,1.16142,1.16144,0.0
2026-09-06 00:35:00,1.16144,1.16217,1.16143,1.16153,0.0
2026-09-06 00:40:00,1.16151,1.16156,1.16149,1.16153,0.0
2026-09-06 00:45:00,1.16151,1.16154,1.1615,1.16153,0.0
2026-09-06 00:50:00,1.16151,1.16156,1.16149,1.16151,0.0
2026-09-06 00:55:00,1.16151,1.16155,1.1615,1.1615,0.0
2026-09-06 01:00:00,1.16151,1.1622,1.16134,1.16174,0.0
2026-09-06 01:05:00,1.16169,1.16169,1.16152,1.16159,0.0
2026-09-06 01:10:00,1.16157,1.16166,1.16152,1.16161,0.0
2026-09-06 01:15:00,1.16161,1.16165,1.16161,1.16161,0.0
2026-09-06 01:20:00,1.16161,1.16166,1.16159,1.16163,0.0
2026-09-06 01:25:00,1.16161,1.16214,1.16152,1.16163,0.0
2026-09-06 01:30:00,1.16161,1.16161,1.16148,1.16152,0.0
2026-09-06 01:35:00,1.16152,1.16155,1.16151,1.16151,0.0
2026-09-06 01:40:00,1.16152,1.16157,1.1615,1.16154,0.0
2026-09-06 01:45:00,1.16152,1.16156,1.16144,1.16149,0.0
2026-09-06 01:50:00,1.16147,1.1622,1.16145,1.1616,0.0
2026-09-06 01:55:00,1.16156,1.16156,1.16147,1.16151,0.0
2026-09-06 02:00:00,1.16151,1.16154,1.16135,1.16142,0.0
2026-09-06 02:05:00,1.1614,1.16144,1.1614,1.16142,0.0
2026-09-06 02:10:00,1.1614,1.16145,1.16138,1.1614,0.0
2026-09-06 02:15:00,1.1614,1.16224,1.16139,1.16196,0.0
2026-09-06 02:20:00,1.16151,1.16152,1.16144,1.16149,0.0
2026-09-06 02:25:00,1.16146,1.16148,1.16143,1.16145,0.0
2026-09-06 02:30:00,1.16143,1.16155,1.16139,1.16142,0.0
2026-09-06 02:35:00,1.16142,1.16146,1.1614,1.16141,0.0
2026-09-06 02:40:00,1.16141,1.16225,1.16139,1.16196,0.0
2026-09-06 02:45:00,1.16137,1.16175,1.16137,1.16156,0.0
2026-09-06 02:50:00,1.16155,1.1616,1.16153,1.16154,0.0
2026-09-06 02:55:00,1.16155,1.16159,1.16131,1.16141,0.0
2026-09-06 03:00:00,1.16144,1.16147,1.1614,1.16144,0.0
2026-09-06 03:05:00,1.16142,1.16225,1.16141,1.16197,0.0
2026-09-06 03:10:00,1.16141,1.16155,1.16141,1.16149,0.0
2026-09-06 03:15:00,1.1615,1.16152,1.16144,1.16146,0.0
2026-09-06 03:20:00,1.16146,1.16148,1.16141,1.16145,0.0
2026-09-06 03:25:00,1.16143,1.16148,1.16142,1.16145,0.0
2026-09-06 03:30:00,1.16143,1.16224,1.16135,1.16137,0.0
2026-09-06 03:35:00,1.16144,1.16155,1.16144,1.16145,0.0
2026-09-06 03:40:00,1.16146,1.1615,1.16141,1.16146,0.0
2026-09-06 03:45:00,1.16143,1.16148,1.1614,1.16143,0.0
2026-09-06 03:50:00,1.16141,1.16147,1.1614,1.16141,0.0
2026-09-06 03:55:00,1.16141,1.16226,1.16136,1.1614,0.0
2026-09-06 04:00:00,1.1614,1.16156,1.1614,1.16154,0.0
2026-09-06 04:05:00,1.16151,1.16156,1.1615,1.16153,0.0
2026-09-06 04:10:00,1.16151,1.16156,1.1615,1.1615,0.0
2026-09-06 04:15:00,1.16151,1.16156,1.16144,1.16145,0.0
2026-09-06 04:20:00,1.16146,1.16222,1.16141,1.16195,0.0
2026-09-06 04:25:00,1.16136,1.16185,1.16136,1.16161,0.0
2026-09-06 04:30:00,1.16159,1.16168,1.16156,1.16162,0.0
2026-09-06 04:35:00,1.16162,1.16167,1.16161,1.16163,0.0
2026-09-06 04:40:00,1.16162,1.16167,1.16161,1.16165,0.0
2026-09-06 04:45:00,1.16162,1.16198,1.1616,1.16186,0.0
2026-09-06 04:50:00,1.16162,1.16175,1.16162,1.16169,0.0
2026-09-06 04:55:00,1.1617,1.16175,1.16168,1.16171,0.0
2026-09-06 05:00:00,1.1617,1.16174,1.16168,1.16172,0.0
2026-09-06 05:05:00,1.1617,1.16175,1.16168,1.1617,0.0
2026-09-06 05:10:00,1.1617,1.16212,1.16164,1.16166,0.0
2026-09-06 05:15:00,1.16171,1.16181,1.16171,1.16177,0.0
2026-09-06 05:20:00,1.16176,1.1618,1.16174,1.16178,0.0
2026-09-06 05:25:00,1.16176,1.16181,1.16174,1.16176,0.0
2026-09-06 05:30:00,1.16176,1.16181,1.16175,1.16175,0.0
2026-09-06 05:35:00,1.16176,1.16209,1.16174,1.16198,0.0
2026-09-06 05:40:00,1.16176,1.16194,1.16164,1.1619,0.0
2026-09-06 05:45:00,1.16183,1.16183,1.16141,1.16142,0.0
2026-09-06 05:50:00,1.16143,1.16143,1.16138,1.16138,0.0
2026-09-06 05:55:00,1.16139,1.16143,1.16137,1.1614,0.0
2026-09-06 06:00:00,1.16138,1.16221,1.16136,1.16194,0.0
2026-09-06 06:05:00,1.16136,1.16172,1.16136,1.16164,0.0
2026-09-06 06:10:00,1.16164,1.16168,1.16163,1.16163,0.0
2026-09-06 06:15:00,1.16164,1.16169,1.16162,1.16165,0.0
2026-09-06 06:20:00,1.16164,1.16167,1.16163,1.16166,0.0
2026-09-06 06:25:00,1.16164,1.16214,1.16159,1.16164,0.0
2026-09-06 06:30:00,1.16165,1.16175,1.16165,1.1617,0.0
2026-09-06 06:35:00,1.16171,1.16176,1.16169,1.16172,0.0
2026-09-06 06:40:00,1.16171,1.16174,1.1617,1.16173,0.0
2026-09-06 06:45:00,1.16171,1.16176,1.16169,1.16171,0.0
2026-09-06 06:50:00,1.16171,1.16212,1.16167,1.16168,0.0
2026-09-06 06:55:00,1.16172,1.16209,1.16153,1.16168,0.0
2026-09-06 07:00:00,1.16163,1.16163,1.16149,1.16156,0.0
2026-09-06 07:05:00,1.16154,1.16159,1.16152,1.16154,0.0
2026-09-06 07:10:00,1.16154,1.16157,1.16153,1.16153,0.0
2026-09-06 07:15:00,1.16154,1.1622,1.16152,1.16198,0.0
2026-09-06 07:20:00,1.16153,1.16213,1.16153,1.16165,0.0
2026-09-06 07:25:00,1.16163,1.16168,1.16161,1.16162,0.0
2026-09-06 07:30:00,1.16163,1.16166,1.16126,1.1615,0.0
2026-09-06 07:35:00,1.16153,1.16158,1.16145,1.1615,0.0
2026-09-06 07:40:00,1.16148,1.16209,1.16148,1.16188,0.0
2026-09-06 07:45:00,1.16148,1.16222,1.16128,1.16173,0.0
2026-09-06 07:50:00,1.16173,1.16177,1.16173,1.16173,0.0
2026-09-06 07:55:00,1.16173,1.16176,1.16163,1.16168,0.0
2026-09-06 08:00:00,1.16166,1.16171,1.16166,1.16168,0.0
2026-09-06 08:05:00,1.16166,1.16213,1.16164,1.16166,0.0
2026-09-06 08:10:00,1.16166,1.16212,1.16165,1.16172,0.0
2026-09-06 08:15:00,1.16173,1.16177,1.16114,1.16122,0.0
2026-09-06 08:20:00,1.16134,1.16138,1.16133,1.16135,0.0
2026-09-06 08:25:00,1.16134,1.16139,1.16132,1.16133,0.0
2026-09-06 08:30:00,1.16134,1.1622,1.16132,1.16133,0.0
2026-09-06 08:35:00,1.16134,1.16226,1.16132,1.16149,0.0
2026-09-06 08:40:00,1.16146,1.16151,1.16146,1.16148,0.0
2026-09-06 08:45:00,1.16146,1.16152,1.16145,1.16146,0.0
2026-09-06 08:50:00,1.16146,1.16151,1.16145,1.16148,0.0
2026-09-06 08:55:00,1.16146,1.16152,1.16145,1.16149,0.0
2026-09-06 09:00:00,1.16146,1.16224,1.16136,1.16158,0.0
2026-09-06 09:05:00,1.16157,1.16162,1.16155,1.16156,0.0
2026-09-06 09:10:00,1.16157,1.16161,1.16155,1.16157,0.0
2026-09-06 09:15:00,1.16157,1.16162,1.16155,1.16159,0.0
2026-09-06 09:20:00,1.16157,1.16212,1.16156,1.16193,0.0
2026-09-06 09:25:00,1.16157,1.16216,1.16149,1.16177,0.0
2026-09-06 09:30:00,1.16178,1.16183,1.16176,1.16178,0.0
2026-09-06 09:35:00,1.16178,1.16183,1.16176,1.16181,0.0
2026-09-06 09:40:00,1.16178,1.16183,1.16177,1.1618,0.0
2026-09-06 09:45:00,1.16178,1.16214,1.16159,1.1616,0.0
2026-09-06 09:50:00,1.16164,1.16214,1.16162,1.16172,0.0
2026-09-06 09:55:00,1.1617,1.16173,1.16153,1.16161,0.0
2026-09-06 10:00:00,1.16159,1.16164,1.16158,1.16161,0.0
2026-09-06 10:05:00,1.16159,1.16164,1.16157,1.16158,0.0
2026-09-06 10:10:00,1.16159,1.16161,1.1614,1.16147,0.0
2026-09-06 10:15:00,1.16146,1.16224,1.16146,1.16155,0.0
2026-09-06 10:20:00,1.16152,1.16157,1.16144,1.16149,0.0
2026-09-06 10:25:00,1.16147,1.16149,1.16143,1.16143,0.0
2026-09-06 10:30:00,1.16144,1.16149,1.16142,1.16145,0.0
2026-09-06 10:35:00,1.16144,1.16148,1.16142,1.16146,0.0
2026-09-06 10:40:00,1.16144,1.16217,1.16132,1.16157,0.0
2026-09-06 10:45:00,1.16155,1.1616,1.16154,1.16154,0.0
2026-09-06 10:50:00,1.16155,1.1616,1.16153,1.16156,0.0
2026-09-06 10:55:00,1.16155,1.16159,1.16153,1.16157,0.0
2026-09-06 11:00:00,1.16155,1.1616,1.16153,1.16155,0.0
2026-09-06 11:05:00,1.16155,1.16214,1.16155,1.16176,0.0
2026-09-06 11:10:00,1.16177,1.16182,1.16175,1.16178,0.0
2026-09-06 11:15:00,1.16177,1.16181,1.16176,1.16179,0.0
2026-09-06 11:20:00,1.16177,1.16182,1.16175,1.16177,0.0
2026-09-06 11:25:00,1.16177,1.16182,1.16176,1.16176,0.0
2026-09-06 11:30:00,1.16177,1.16207,1.16176,1.16182,0.0
2026-09-06 11:35:00,1.16181,1.16185,1.1618,1.16184,0.0
2026-09-06 11:40:00,1.16181,1.16186,1.16179,1.16184,0.0
2026-09-06 11:45:00,1.16181,1.16191,1.16158,1.1616,0.0
2026-09-06 11:50:00,1.16166,1.16171,1.16164,1.16167,0.0
2026-09-06 11:55:00,1.16166,1.1621,1.16153,1.16162,0.0
2026-09-06 12:00:00,1.1616,1.16165,1.16158,1.1616,0.0
2026-09-06 12:05:00,1.1616,1.16163,1.16156,1.16157,0.0
2026-09-06 12:10:00,1.16158,1.16158,1.16148,1.16154,0.0
2026-09-06 12:15:00,1.16152,1.16156,1.16151,1.16155,0.0
2026-09-06 12:20:00,1.16152,1.1622,1.16143,1.16161,0.0
2026-09-06 12:25:00,1.16161,1.16163,1.16149,1.16152,0.0
2026-09-06 12:30:00,1.16153,1.16158,1.16151,1.16155,0.0
2026-09-06 12:35:00,1.16153,1.16156,1.16129,1.16144,0.0
2026-09-06 12:40:00,1.16142,1.16147,1.1614,1.16142,0.0
2026-09-06 12:45:00,1.16142,1.16217,1.1614,1.1617,0.0
2026-09-06 12:50:00,1.1617,1.16175,1.16169,1.16172,0.0
2026-09-06 12:55:00,1.1617,1.16174,1.1617,1.16173,0.0
2026-09-06 13:00:00,1.1617,1.16176,1.16169,1.1617,0.0
2026-09-06 13:05:00,1.1617,1.16174,1.1617,1.1617,0.0
2026-09-06 13:10:00,1.1617,1.16212,1.16165,1.16178,0.0
2026-09-06 13:15:00,1.16176,1.16181,1.16156,1.16164,0.0
2026-09-06 13:20:00,1.16162,1.16167,1.16161,1.16162,0.0
2026-09-06 13:25:00,1.16162,1.16166,1.16162,1.16162,0.0
2026-09-06 13:30:00,1.16162,1.16167,1.16161,1.16164,0.0
2026-09-06 13:35:00,1.16162,1.16213,1.16162,1.16172,0.0
2026-09-06 13:40:00,1.16169,1.16175,1.16168,1.16169,0.0
2026-09-06 13:45:00,1.16169,1.16173,1.16169,1.16169,0.0
2026-09-06 13:50:00,1.16169,1.16175,1.16168,1.16172,0.0
2026-09-06 13:55:00,1.16169,1.16174,1.16169,1.16171,0.0
2026-09-06 14:00:00,1.16169,1.16212,1.16168,1.16175,0.0
2026-09-06 14:05:00,1.16175,1.16179,1.16174,1.16175,0.0
2026-09-06 14:10:00,1.16175,1.1618,1.16174,1.16177,0.0
2026-09-06 14:15:00,1.16175,1.1618,1.16175,1.16177,0.0
2026-09-06 14:20:00,1.16175,1.1618,1.16173,1.16175,0.0
2026-09-06 14:25:00,1.16175,1.16209,1.16167,1.16187,0.0
2026-09-06 14:30:00,1.16187,1.16193,1.16186,1.1619,0.0
2026-09-06 14:35:00,1.16187,1.16192,1.16187,1.16189,0.0
2026-09-06 14:40:00,1.16187,1.16193,1.16186,1.16187,0.0
2026-09-06 14:45:00,1.16187,1.16192,1.16186,1.16187,0.0
2026-09-06 14:50:00,1.16187,1.16203,1.16186,1.16192,0.0
2026-09-06 14:55:00,1.1619,1.16194,1.16189,1.16191,0.0
2026-09-06 15:00:00,1.1619,1.16195,1.16188,1.16189,0.0
2026-09-06 15:05:00,1.1619,1.16194,1.16188,1.1619,0.0
2026-09-06 15:10:00,1.1619,1.16195,1.16188,1.16192,0.0
2026-09-06 15:15:00,1.1619,1.16202,1.16189,1.16193,0.0
2026-09-06 15:20:00,1.16191,1.16196,1.1619,1.1619,0.0
2026-09-06 15:25:00,1.16191,1.16196,1.1619,1.16193,0.0
2026-09-06 15:30:00,1.16191,1.16196,1.16189,1.16194,0.0
2026-09-06 15:35:00,1.16191,1.16196,1.1619,1.16193,0.0
2026-09-06 15:40:00,1.16191,1.16201,1.16191,1.16192,0.0
2026-09-06 15:45:00,1.16193,1.16197,1.16191,1.16193,0.0
2026-09-06 15:50:00,1.16193,1.16197,1.16191,1.16195,0.0
2026-09-06 15:55:00,1.16193,1.16198,1.16191,1.16195,0.0
2026-09-06 16:00:00,1.16193,1.16195,1.16112,1.16172,0.0
2026-09-06 16:05:00,1.16173,1.1621,1.16159,1.16187,0.0
2026-09-06 16:10:00,1.16186,1.16191,1.16184,1.16189,0.0
2026-09-06 16:15:00,1.16186,1.16191,1.16185,1.16188,0.0
2026-09-06 16:20:00,1.16186,1.16191,1.16185,1.16185,0.0
2026-09-06 16:25:00,1.16186,1.16191,1.16184,1.16187,0.0
2026-09-06 16:30:00,1.16186,1.16201,1.16185,1.16191,0.0
2026-09-06 16:35:00,1.16188,1.16194,1.16187,1.1619,0.0
2026-09-06 16:40:00,1.16188,1.16194,1.16187,1.16188,0.0
2026-09-06 16:45:00,1.16188,1.16194,1.16187,1.16189,0.0
2026-09-06 16:50:00,1.16188,1.16193,1.16187,1.16191,0.0
2026-09-06 16:55:00,1.16188,1.16202,1.16188,1.16193,0.0
2026-09-06 17:00:00,1.1619,1.16195,1.1619,1.1619,0.0
2026-09-06 17:05:00,1.1619,1.16196,1.16189,1.16192,0.0
2026-09-06 17:10:00,1.1619,1.16195,1.16189,1.16193,0.0
2026-09-06 17:15:00,1.1619,1.16196,1.16189,1.16193,0.0
2026-09-06 17:20:00,1.1619,1.16201,1.1619,1.16191,0.0
2026-09-06 17:25:00,1.16192,1.16197,1.1619,1.16193,0.0
2026-09-06 17:30:00,1.16192,1.16196,1.16191,1.16194,0.0
2026-09-06 17:35:00,1.16192,1.16197,1.1619,1.16192,0.0
2026-09-06 17:40:00,1.16192,1.16197,1.16191,1.16191,0.0
2026-09-06 17:45:00,1.16192,1.16201,1.16187,1.16197,0.0
2026-09-06 17:50:00,1.16196,1.162,1.16195,1.16198,0.0
2026-09-06 17:55:00,1.16196,1.16201,1.16194,1.16196,0.0
2026-09-06 18:00:00,1.16196,1.162,1.16195,1.16195,0.0
2026-09-06 18:05:00,1.16196,1.16201,1.16194,1.16198,0.0
2026-09-06 18:10:00,1.16196,1.162,1.16196,1.16199,0.0
2026-09-06 18:15:00,1.16196,1.16202,1.16195,1.16196,0.0
2026-09-06 18:20:00,1.16196,1.16201,1.16196,1.16196,0.0
2026-09-06 18:25:00,1.16196,1.16202,1.16195,1.16198,0.0
2026-09-06 18:30:00,1.16196,1.162,1.16196,1.16199,0.0
2026-09-06 18:35:00,1.16196,1.16202,1.16195,1.16197,0.0
2026-09-06 18:40:00,1.16197,1.16201,1.16196,1.16196,0.0
2026-09-06 18:45:00,1.16197,1.16202,1.16195,1.16199,0.0
2026-09-06 18:50:00,1.16197,1.162,1.16196,1.16199,0.0
2026-09-06 18:55:00,1.16197,1.16202,1.16195,1.16197,0.0
2026-09-06 19:00:00,1.16197,1.16201,1.16196,1.16196,0.0
2026-09-06 19:05:00,1.16197,1.16202,1.16195,1.16199,0.0
2026-09-06 19:10:00,1.16197,1.16201,1.16197,1.16199,0.0
2026-09-06 19:15:00,1.16197,1.16202,1.16195,1.16197,0.0
2026-09-06 19:20:00,1.16197,1.162,1.16196,1.16197,0.0
2026-09-06 19:25:00,1.16197,1.16202,1.16195,1.16199,0.0
2026-09-06 19:30:00,1.16197,1.16201,1.16197,1.16199,0.0
2026-09-06 19:35:00,1.16197,1.16202,1.16195,1.16197,0.0
2026-09-06 19:40:00,1.16197,1.16201,1.16196,1.16197,0.0
2026-09-06 19:45:00,1.16197,1.16202,1.16196,1.16199,0.0
2026-09-06 19:50:00,1.16197,1.16202,1.16197,1.16199,0.0
2026-09-06 19:55:00,1.16197,1.16202,1.16196,1.16197,0.0
2026-09-06 20:00:00,1.16197,1.16201,1.16196,1.16197,0.0
2026-09-06 20:05:00,1.16197,1.16203,1.16196,1.162,0.0
2026-09-06 20:10:00,1.16197,1.16202,1.16197,1.16199,0.0
2026-09-06 20:15:00,1.16197,1.16202,1.16196,1.16197,0.0
2026-09-06 20:20:00,1.16197,1.16201,1.16196,1.16197,0.0
2026-09-06 20:25:00,1.16197,1.16203,1.16196,1.162,0.0
2026-09-06 20:30:00,1.16197,1.16202,1.16197,1.16199,0.0
2026-09-06 20:35:00,1.16197,1.16203,1.16196,1.16197,0.0
2026-09-06 20:40:00,1.16197,1.16201,1.16196,1.16197,0.0
2026-09-06 20:45:00,1.16197,1.16203,1.16196,1.162,0.0
2026-09-06 20:50:00,1.16197,1.16202,1.16197,1.16199,0.0
2026-09-06 20:55:00,1.16197,1.16203,1.16196,1.16197,0.0
2026-09-06 21:00:00,1.16197,1.16202,1.16196,1.16199,0.0
2026-09-06 21:05:00,1.16197,1.16202,1.16196,1.162,0.0
2026-09-06 21:10:00,1.16197,1.16202,1.16196,1.16199,0.0
2026-09-06 21:15:00,1.16197,1.16203,1.16196,1.16197,0.0
2026-09-06 21:20:00,1.16197,1.16202,1.16196,1.16199,0.0
2026-09-06 21:25:00,1.16197,1.16202,1.16196,1.162,0.0
2026-09-06 21:30:00,1.16197,1.16202,1.16196,1.16199,0.0
2026-09-06 21:35:00,1.16197,1.16203,1.16196,1.16197,0.0
2026-09-06 21:40:00,1.16197,1.162,1.16147,1.16164,0.0
2026-09-06 21:45:00,1.16164,1.16169,1.16162,1.16166,0.0
2026-09-06 21:50:00,1.16164,1.16169,1.16162,1.16166,0.0
2026-09-06 21:55:00,1.16164,1.16169,1.16162,1.16163,0.0
2026-09-06 22:00:00,1.16164,1.16169,1.16162,1.16164,0.0
2026-09-06 22:05:00,1.16164,1.16168,1.16162,1.16166,0.0
2026-09-06 22:10:00,1.16164,1.16169,1.16162,1.16166,0.0
2026-09-06 22:15:00,1.16164,1.16169,1.16162,1.16163,0.0
2026-09-06 22:20:00,1.16164,1.16169,1.16162,1.16164,0.0
2026-09-06 22:25:00,1.16164,1.16168,1.16162,1.16166,0.0
2026-09-06 22:30:00,1.16164,1.16169,1.16162,1.16164,0.0
2026-09-06 22:35:00,1.16164,1.16169,1.16163,1.16163,0.0
2026-09-06 22:40:00,1.16164,1.16169,1.16162,1.16165,0.0
2026-09-06 22:45:00,1.16164,1.16168,1.16162,1.16166,0.0
2026-09-06 22:50:00,1.16164,1.16169,1.16162,1.16164,0.0
2026-09-06 22:55:00,1.16164,1.16169,1.16163,1.16163,0.0
2026-09-06 23:00:00,1.16164,1.16169,1.16162,1.16165,0.0
2026-09-06 23:05:00,1.16164,1.16168,1.16162,1.16166,0.0
2026-09-06 23:10:00,1.16164,1.16169,1.16162,1.16164,0.0
2026-09-06 23:15:00,1.16164,1.16175,1.16128,1.16143,0.0
2026-09-06 23:20:00,1.16148,1.16151,1.16113,1.16126,0.0
2026-09-06 23:25:00,1.16124,1.16128,1.16123,1.16127,0.0
2026-09-06 23:30:00,1.16124,1.16129,1.16123,1.16127,0.0
2026-09-06 23:35:00,1.16124,1.16129,1.16124,1.16124,0.0
2026-09-06 23:40:00,1.16124,1.1613,1.16123,1.16126,0.0
2026-09-06 23:45:00,1.16124,1.16128,1.16123,1.16127,0.0
2026-09-06 23:50:00,1.16124,1.16129,1.16123,1.16127,0.0
2026-09-06 23:55:00,1.16124,1.16129,1.16124,1.16124,0.0
2026-09-07 00:00:00,1.16124,1.1613,1.16123,1.16126,0.0
2026-09-07 00:05:00,1.16124,1.16134,1.16091,1.16133,0.0
2026-09-07 00:10:00,1.1613,1.16142,1.1613,1.1614,0.0
2026-09-07 00:15:00,1.16137,1.16142,1.16137,1.16137,0.0
2026-09-07 00:20:00,1.16137,1.16143,1.16136,1.16139,0.0
2026-09-07 00:25:00,1.16137,1.16141,1.16137,1.1614,0.0
2026-09-07 00:30:00,1.16137,1.16143,1.16136,1.16137,0.0
2026-09-07 00:35:00,1.16137,1.16141,1.16137,1.16137,0.0
2026-09-07 00:40:00,1.16137,1.16143,1.16136,1.16139,0.0
2026-09-07 00:45:00,1.16138,1.16141,1.16137,1.1614,0.0
2026-09-07 00:50:00,1.16138,1.16159,1.16106,1.1611,0.0
2026-09-07 00:55:00,1.16117,1.1612,1.16107,1.1611,0.0
2026-09-07 01:00:00,1.16115,1.16115,1.16082,1.1609,0.0
2026-09-07 01:05:00,1.16088,1.16092,1.16088,1.16091,0.0
2026-09-07 01:10:00,1.16088,1.16094,1.16087,1.16088,0.0
2026-09-07 01:15:00,1.16088,1.16092,1.16088,1.16088,0.0
2026-09-07 01:20:00,1.16088,1.16094,1.16087,1.16091,0.0
2026-09-07 01:25:00,1.16088,1.16093,1.16088,1.16091,0.0
2026-09-07 01:30:00,1.16088,1.16094,1.16087,1.16088,0.0
2026-09-07 01:35:00,1.16088,1.16092,1.16088,1.16088,0.0
2026-09-07 01:40:00,1.16088,1.16143,1.16069,1.16111,0.0
2026-09-07 01:45:00,1.16106,1.1611,1.16106,1.16108,0.0
2026-09-07 01:50:00,1.16106,1.16111,1.16104,1.16106,0.0
2026-09-07 01:55:00,1.16106,1.1611,1.16105,1.16106,0.0
2026-09-07 02:00:00,1.16106,1.16148,1.16089,1.16132,0.0
2026-09-07 02:05:00,1.16129,1.1614,1.16129,1.16137,0.0
2026-09-07 02:10:00,1.16136,1.16136,1.16106,1.16115,0.0
2026-09-07 02:15:00,1.16115,1.16119,1.16114,1.16115,0.0
2026-09-07 02:20:00,1.16115,1.16121,1.16114,1.16118,0.0
2026-09-07 02:25:00,1.16115,1.1612,1.16115,1.16117,0.0
2026-09-07 02:30:00,1.16115,1.16121,1.16114,1.16115,0.0
2026-09-07 02:35:00,1.16115,1.1612,1.16114,1.16115,0.0
2026-09-07 02:40:00,1.16115,1.16132,1.16091,1.16101,0.0
2026-09-07 02:45:00,1.16098,1.16103,1.16097,1.161,0.0
2026-09-07 02:50:00,1.16098,1.16103,1.16096,1.16097,0.0
2026-09-07 02:55:00,1.16098,1.16102,1.16097,1.16098,0.0
2026-09-07 03:00:00,1.16098,1.16171,1.16071,1.1614,0.0
2026-09-07 03:05:00,1.16137,1.16142,1.16136,1.16139,0.0
2026-09-07 03:10:00,1.16137,1.16143,1.16136,1.16137,0.0
2026-09-07 03:15:00,1.16138,1.16142,1.16136,1.16138,0.0
2026-09-07 03:20:00,1.16138,1.16143,1.16136,1.1614,0.0
2026-09-07 03:25:00,1.16138,1.16143,1.16136,1.16139,0.0
2026-09-07 03:30:00,1.16138,1.16143,1.16136,1.16137,0.0
2026-09-07 03:35:00,1.16138,1.16142,1.16136,1.16138,0.0
2026-09-07 03:40:00,1.16138,1.16142,1.16136,1.1614,0.0
2026-09-07 03:45:00,1.16138,1.16143,1.16136,1.1614,0.0
2026-09-07 03:50:00,1.16138,1.16143,1.16136,1.16137,0.0
2026-09-07 03:55:00,1.16138,1.16142,1.16136,1.16138,0.0
2026-09-07 04:00:00,1.16138,1.16142,1.16136,1.1614,0.0
2026-09-07 04:05:00,1.16138,1.16143,1.16136,1.1614,0.0
2026-09-07 04:10:00,1.16138,1.16143,1.16136,1.16137,0.0
2026-09-07 04:15:00,1.16138,1.16164,1.1607,1.16072,0.0
2026-09-07 04:20:00,1.16076,1.16183,1.16027,1.16136,0.0
2026-09-07 04:25:00,1.16049,1.16191,1.16011,1.16013,0.0
2026-09-07 04:30:00,1.16016,1.16198,1.16008,1.16134,0.0
2026-09-07 04:35:00,1.16023,1.16197,1.16007,1.16009,0.0
2026-09-07 04:40:00,1.16012,1.16199,1.15985,1.16135,0.0
2026-09-07 04:45:00,1.16048,1.16195,1.16009,1.16012,0.0
2026-09-07 04:50:00,1.16016,1.16193,1.16007,1.16129,0.0
2026-09-07 04:55:00,1.16023,1.16199,1.16007,1.16135,0.0
2026-09-07 05:00:00,1.16045,1.16183,1.16036,1.16099,0.0
2026-09-07 05:05:00,1.16099,1.16175,1.16099,1.16173,0.0
2026-09-07 05:10:00,1.16169,1.16298,1.16102,1.1613,0.0
2026-09-07 05:15:00,1.16142,1.16423,1.16066,1.16389,0.0
2026-09-07 05:20:00,1.16334,1.16334,1.16087,1.16176,0.0
2026-09-07 05:25:00,1.16163,1.16163,1.16108,1.16148,0.0
2026-09-07 05:30:00,1.16138,1.16245,1.16113,1.16131,0.0
2026-09-07 05:35:00,1.16162,1.16306,1.16081,1.16137,0.0
2026-09-07 05:40:00,1.16154,1.1628,1.16094,1.16211,0.0
2026-09-07 05:45:00,1.16192,1.16301,1.16083,1.16142,0.0
2026-09-07 05:50:00,1.16207,1.16243,1.16091,1.16137,0.0
2026-09-07 05:55:00,1.16142,1.16237,1.1608,1.16225,0.0
2026-09-07 06:00:00,1.16205,1.16205,1.1609,1.161,0.0
2026-09-07 06:05:00,1.16113,1.16218,1.16079,1.16196,0.0
2026-09-07 06:10:00,1.16183,1.16183,1.16117,1.16138,0.0
2026-09-07 06:15:00,1.16147,1.16153,1.16132,1.16146,0.0
2026-09-07 06:20:00,1.16144,1.16149,1.16132,1.16134,0.0
2026-09-07 06:25:00,1.16136,1.16146,1.16129,1.16136,0.0
2026-09-07 06:30:00,1.16137,1.16147,1.16125,1.16126,0.0
2026-09-07 06:35:00,1.1613,1.16144,1.1613,1.1614,0.0
2026-09-07 06:40:00,1.16138,1.16142,1.16135,1.16141,0.0
2026-09-07 06:45:00,1.16139,1.16161,1.16126,1.16137,0.0
2026-09-07 06:50:00,1.16142,1.16144,1.16136,1.16143,0.0
2026-09-07 06:55:00,1.16141,1.16152,1.16134,1.16138,0.0
2026-09-07 07:00:00,1.16141,1.16143,1.16122,1.16137,0.0
2026-09-07 07:05:00,1.16131,1.16141,1.16131,1.16136,0.0
2026-09-07 07:10:00,1.16136,1.16142,1.1613,1.16131,0.0
2026-09-07 07:15:00,1.16133,1.16137,1.16124,1.16133,0.0
2026-09-07 07:20:00,1.16131,1.16132,1.16112,1.16119,0.0
2026-09-07 07:25:00,1.16113,1.16125,1.16102,1.16115,0.0
2026-09-07 07:30:00,1.16112,1.16117,1.16081,1.16083,0.0
2026-09-07 07:35:00,1.16086,1.16113,1.16081,1.16098,0.0
2026-09-07 07:40:00,1.16089,1.16106,1.16083,1.16091,0.0
2026-09-07 07:45:00,1.1609,1.16109,1.1609,1.16093,0.0
2026-09-07 07:50:00,1.16093,1.16113,1.16086,1.16105,0.0
2026-09-07 07:55:00,1.16093,1.16117,1.16082,1.16094,0.0
2026-09-07 08:00:00,1.16088,1.16117,1.1607,1.16111,0.0
2026-09-07 08:05:00,1.16106,1.16123,1.16101,1.16104,0.0
2026-09-07 08:10:00,1.16111,1.1613,1.16111,1.16129,0.0
2026-09-07 08:15:00,1.16128,1.16133,1.16124,1.1613,0.0
2026-09-07 08:20:00,1.16128,1.16133,1.16124,1.16133,0.0
2026-09-07 08:25:00,1.16131,1.16141,1.16128,1.16129,0.0
2026-09-07 08:30:00,1.1613,1.16133,1.16124,1.16132,0.0
2026-09-07 08:35:00,1.16129,1.16137,1.16124,1.1613,0.0
2026-09-07 08:40:00,1.16128,1.16134,1.16122,1.1613,0.0
2026-09-07 08:45:00,1.16128,1.16142,1.16124,1.16139,0.0
2026-09-07 08:50:00,1.16134,1.16139,1.16132,1.16132,0.0
2026-09-07 08:55:00,1.16132,1.16137,1.1613,1.16134,0.0
2026-09-07 09:00:00,1.16132,1.16143,1.16129,1.16141,0.0
2026-09-07 09:05:00,1.16139,1.16148,1.16137,1.16146,0.0
2026-09-07 09:10:00,1.16144,1.16157,1.16136,1.16155,0.0
2026-09-07 09:15:00,1.16152,1.16158,1.16149,1.16156,0.0
2026-09-07 09:20:00,1.16153,1.16158,1.16149,1.16154,0.0
2026-09-07 09:25:00,1.16153,1.16154,1.16145,1.16149,0.0
2026-09-07 09:30:00,1.1615,1.16162,1.16143,1.16161,0.0
2026-09-07 09:35:00,1.16158,1.16166,1.16151,1.16157,0.0
2026-09-07 09:40:00,1.16153,1.16164,1.16152,1.1616,0.0
2026-09-07 09:45:00,1.16158,1.16164,1.1614,1.16142,0.0
2026-09-07 09:50:00,1.16144,1.16144,1.16135,1.16143,0.0
2026-09-07 09:55:00,1.16141,1.16154,1.16132,1.16136,0.0
2026-09-07 10:00:00,1.16141,1.16143,1.1613,1.16141,0.0
2026-09-07 10:05:00,1.16135,1.16145,1.16131,1.16133,0.0
2026-09-07 10:10:00,1.16138,1.16155,1.16133,1.16152,0.0
2026-09-07 10:15:00,1.16152,1.16172,1.16143,1.1617,0.0
2026-09-07 10:20:00,1.16167,1.16176,1.16151,1.16175,0.0
2026-09-07 10:25:00,1.16171,1.16189,1.16163,1.16188,0.0
2026-09-07 10:30:00,1.16186,1.16195,1.16174,1.16193,0.0
2026-09-07 10:35:00,1.16192,1.16195,1.16175,1.16193,0.0
2026-09-07 10:40:00,1.16191,1.16201,1.16185,1.16201,0.0
2026-09-07 10:45:00,1.16199,1.16204,1.16187,1.16201,0.0
2026-09-07 10:50:00,1.16198,1.16206,1.16185,1.1619,0.0
2026-09-07 10:55:00,1.16199,1.16199,1.1617,1.16181,0.0
2026-09-07 11:00:00,1.16177,1.16193,1.16164,1.16168,0.0
2026-09-07 11:05:00,1.16173,1.1618,1.16162,1.16178,0.0
2026-09-07 11:10:00,1.16176,1.16182,1.16159,1.16177,0.0
2026-09-07 11:15:00,1.16175,1.16175,1.16136,1.16144,0.0
2026-09-07 11:20:00,1.16141,1.1616,1.16136,1.16159,0.0
2026-09-07 11:25:00,1.16158,1.16171,1.16143,1.16162,0.0
2026-09-07 11:30:00,1.16168,1.16172,1.16145,1.16159,0.0
2026-09-07 11:35:00,1.16157,1.16159,1.16145,1.16156,0.0
2026-09-07 11:40:00,1.16154,1.1617,1.16131,1.16133,0.0
2026-09-07 11:45:00,1.16136,1.16157,1.16136,1.16139,0.0
2026-09-07 11:50:00,1.16146,1.16167,1.16146,1.16164,0.0
2026-09-07 11:55:00,1.16163,1.16163,1.16126,1.16148,0.0
2026-09-07 12:00:00,1.16144,1.16144,1.16122,1.16132,0.0
2026-09-07 12:05:00,1.16129,1.16133,1.16106,1.16108,0.0
2026-09-07 12:10:00,1.16113,1.16114,1.16098,1.161,0.0
2026-09-07 12:15:00,1.16103,1.16103,1.16093,1.16103,0.0
2026-09-07 12:20:00,1.161,1.1611,1.16087,1.16105,0.0
2026-09-07 12:25:00,1.16098,1.16114,1.16098,1.1611,0.0
2026-09-07 12:30:00,1.16111,1.16122,1.16105,1.16108,0.0
2026-09-07 12:35:00,1.16111,1.16124,1.16108,1.1612,0.0
2026-09-07 12:40:00,1.16118,1.16118,1.16094,1.16096,0.0
2026-09-07 12:45:00,1.161,1.161,1.16085,1.16099,0.0
2026-09-07 12:50:00,1.16098,1.161,1.16086,1.16088,0.0
2026-09-07 12:55:00,1.1609,1.16095,1.16073,1.16092,0.0
2026-09-07 13:00:00,1.16089,1.16104,1.16081,1.16084,0.0
2026-09-07 13:05:00,1.16091,1.16104,1.16089,1.16092,0.0
2026-09-07 13:10:00,1.16095,1.161,1.16087,1.16094,0.0
2026-09-07 13:15:00,1.1609,1.16108,1.1609,1.16107,0.0
2026-09-07 13:20:00,1.16102,1.16125,1.16102,1.16123,0.0
2026-09-07 13:25:00,1.16121,1.16124,1.16112,1.16115,0.0
2026-09-07 13:30:00,1.1612,1.16123,1.161,1.16112,0.0
2026-09-07 13:35:00,1.16111,1.16111,1.16094,1.16108,0.0
2026-09-07 13:40:00,1.16106,1.16106,1.16086,1.16088,0.0
2026-09-07 13:45:00,1.16092,1.16104,1.16091,1.161,0.0
2026-09-07 13:50:00,1.161,1.16102,1.16089,1.16097,0.0
2026-09-07 13:55:00,1.16095,1.16114,1.1609,1.16113,0.0
2026-09-07 14:00:00,1.1611,1.16122,1.16101,1.16109,0.0
2026-09-07 14:05:00,1.1611,1.16115,1.16104,1.16112,0.0
2026-09-07 14:10:00,1.1611,1.16113,1.16102,1.16109,0.0
2026-09-07 14:15:00,1.16107,1.16114,1.16102,1.16111,0.0
2026-09-07 14:20:00,1.16109,1.16114,1.16097,1.16111,0.0
2026-09-07 14:25:00,1.16107,1.16114,1.16097,1.16107,0.0
2026-09-07 14:30:00,1.16106,1.16108,1.16097,1.16104,0.0
2026-09-07 14:35:00,1.16101,1.16108,1.16087,1.16101,0.0
2026-09-07 14:40:00,1.161,1.16102,1.16082,1.161,0.0
2026-09-07 14:45:00,1.16097,1.16113,1.1609,1.16111,0.0
2026-09-07 14:50:00,1.16108,1.16115,1.16102,1.16114,0.0
2026-09-07 14:55:00,1.16111,1.16122,1.16101,1.16122,0.0
2026-09-07 15:00:00,1.1612,1.1612,1.16105,1.16119,0.0
2026-09-07 15:05:00,1.16116,1.16122,1.16097,1.16102,0.0
2026-09-07 15:10:00,1.16109,1.16116,1.16101,1.16114,0.0
2026-09-07 15:15:00,1.16111,1.16111,1.16093,1.16101,0.0
2026-09-07 15:20:00,1.161,1.16104,1.16089,1.16102,0.0
2026-09-07 15:25:00,1.16098,1.16109,1.16091,1.16107,0.0
2026-09-07 15:30:00,1.16103,1.16112,1.16093,1.16102,0.0
2026-09-07 15:35:00,1.16099,1.16118,1.16092,1.16109,0.0
2026-09-07 15:40:00,1.16109,1.16112,1.16102,1.16103,0.0
2026-09-07 15:45:00,1.16105,1.16116,1.16105,1.16113,0.0
2026-09-07 15:50:00,1.16112,1.16126,1.16106,1.16124,0.0
2026-09-07 15:55:00,1.16122,1.16145,1.16113,1.16143,0.0
2026-09-07 16:00:00,1.16138,1.16144,1.16104,1.16108,0.0
2026-09-07 16:05:00,1.16114,1.16126,1.16108,1.16124,0.0
2026-09-07 16:10:00,1.16118,1.16126,1.16105,1.16117,0.0
2026-09-07 16:15:00,1.16114,1.16141,1.16108,1.16138,0.0
2026-09-07 16:20:00,1.1613,1.16158,1.16129,1.16152,0.0
2026-09-07 16:25:00,1.16143,1.16167,1.16143,1.16158,0.0
2026-09-07 16:30:00,1.16161,1.1619,1.16159,1.16187,0.0
2026-09-07 16:35:00,1.16177,1.16198,1.16167,1.16172,0.0
2026-09-07 16:40:00,1.16174,1.16186,1.16167,1.1617,0.0
2026-09-07 16:45:00,1.16175,1.16185,1.16162,1.16165,0.0
2026-09-07 16:50:00,1.1617,1.16172,1.16159,1.16171,0.0
2026-09-07 16:55:00,1.16164,1.16175,1.16144,1.16147,0.0
2026-09-07 17:00:00,1.16152,1.16156,1.16136,1.16153,0.0
2026-09-07 17:05:00,1.16149,1.16154,1.16128,1.16132,0.0
2026-09-07 17:10:00,1.16137,1.16137,1.16116,1.16128,0.0
2026-09-07 17:15:00,1.16118,1.16155,1.16118,1.16146,0.0
2026-09-07 17:20:00,1.16149,1.16153,1.1614,1.16142,0.0
2026-09-07 17:25:00,1.16145,1.16178,1.16144,1.16175,0.0
2026-09-07 17:30:00,1.16173,1.16193,1.16166,1.16192,0.0
2026-09-07 17:35:00,1.16188,1.1619,1.16156,1.16158,0.0
2026-09-07 17:40:00,1.16162,1.16166,1.1614,1.16143,0.0
2026-09-07 17:45:00,1.16152,1.16179,1.16152,1.16157,0.0
2026-09-07 17:50:00,1.16164,1.16203,1.16158,1.16202,0.0
2026-09-07 17:55:00,1.16198,1.16238,1.1619,1.16233,0.0
2026-09-07 18:00:00,1.16225,1.16249,1.16221,1.16243,0.0
2026-09-07 18:05:00,1.16235,1.16284,1.16229,1.16281,0.0
2026-09-07 18:10:00,1.16274,1.16314,1.16274,1.16314,0.0
2026-09-07 18:15:00,1.16311,1.16334,1.16295,1.16326,0.0
2026-09-07 18:20:00,1.16313,1.16354,1.16313,1.16326,0.0
2026-09-07 18:25:00,1.16329,1.16346,1.16309,1.16322,0.0
2026-09-07 18:30:00,1.16333,1.16341,1.16318,1.1634,0.0
2026-09-07 18:35:00,1.16337,1.16341,1.16284,1.16288,0.0
2026-09-07 18:40:00,1.16295,1.163,1.16257,1.16265,0.0
2026-09-07 18:45:00,1.16267,1.16275,1.16242,1.16256,0.0
2026-09-07 18:50:00,1.16255,1.16255,1.16213,1.16228,0.0
2026-09-07 18:55:00,1.16224,1.1623,1.16213,1.16217,0.0
2026-09-07 19:00:00,1.16218,1.16234,1.16216,1.16226,0.0
2026-09-07 19:05:00,1.16227,1.16233,1.16214,1.16223,0.0
2026-09-07 19:10:00,1.16219,1.16236,1.16207,1.16211,0.0
2026-09-07 19:15:00,1.16216,1.16226,1.16213,1.16215,0.0
2026-09-07 19:20:00,1.16217,1.16225,1.16207,1.16223,0.0
2026-09-07 19:25:00,1.1622,1.16254,1.1622,1.16253,0.0
2026-09-07 19:30:00,1.16249,1.1626,1.16234,1.16258,0.0
2026-09-07 19:35:00,1.16252,1.16263,1.16243,1.16245,0.0
2026-09-07 19:40:00,1.1625,1.16252,1.16205,1.16209,0.0
2026-09-07 19:45:00,1.16214,1.16232,1.16213,1.16229,0.0
2026-09-07 19:50:00,1.16226,1.16229,1.16198,1.16208,0.0
2026-09-07 19:55:00,1.16203,1.16215,1.16203,1.16209,0.0
2026-09-07 20:00:00,1.1621,1.16219,1.16205,1.16217,0.0
2026-09-07 20:05:00,1.16212,1.16234,1.16212,1.16232,0.0
2026-09-07 20:10:00,1.16229,1.16238,1.16222,1.16235,0.0
2026-09-07 20:15:00,1.16233,1.16252,1.16218,1.1624,0.0
2026-09-07 20:20:00,1.16242,1.16253,1.16236,1.1625,0.0
2026-09-07 20:25:00,1.16244,1.16253,1.16222,1.16229,0.0
2026-09-07 20:30:00,1.16228,1.16253,1.16228,1.16238,0.0
2026-09-07 20:35:00,1.16246,1.16246,1.16225,1.16232,0.0
2026-09-07 20:40:00,1.16234,1.16254,1.16234,1.16248,0.0
2026-09-07 20:45:00,1.16249,1.16263,1.16249,1.16262,0.0
2026-09-07 20:50:00,1.16258,1.16268,1.16249,1.16267,0.0
2026-09-07 20:55:00,1.16263,1.16268,1.16239,1.16241,0.0
2026-09-07 21:00:00,1.16245,1.16246,1.16228,1.16243,0.0
2026-09-07 21:05:00,1.1624,1.16256,1.16239,1.16253,0.0
2026-09-07 21:10:00,1.1625,1.16253,1.16222,1.16228,0.0
2026-09-07 21:15:00,1.16229,1.16247,1.16228,1.16233,0.0
2026-09-07 21:20:00,1.1624,1.16243,1.16226,1.16241,0.0
2026-09-07 21:25:00,1.1624,1.16242,1.16232,1.16237,0.0
2026-09-07 21:30:00,1.16234,1.16246,1.16232,1.16242,0.0
2026-09-07 21:35:00,1.16241,1.16254,1.16222,1.16249,0.0
2026-09-07 21:40:00,1.16242,1.16255,1.16228,1.16233,0.0
2026-09-07 21:45:00,1.16241,1.16254,1.16229,1.16252,0.0
2026-09-07 21:50:00,1.1625,1.16256,1.16233,1.16237,0.0
2026-09-07 21:55:00,1.16242,1.16242,1.16221,1.16229,0.0
2026-09-07 22:00:00,1.16231,1.16247,1.16226,1.1623,0.0
2026-09-07 22:05:00,1.16232,1.16245,1.16222,1.16244,0.0
2026-09-07 22:10:00,1.16241,1.16241,1.16216,1.16231,0.0
2026-09-07 22:15:00,1.1623,1.1623,1.16207,1.16226,0.0
2026-09-07 22:20:00,1.1622,1.16254,1.1622,1.16252,0.0
2026-09-07 22:25:00,1.16251,1.16263,1.16247,1.16262,0.0
2026-09-07 22:30:00,1.16256,1.16275,1.16256,1.16273,0.0
2026-09-07 22:35:00,1.16271,1.16284,1.16264,1.16283,0.0
2026-09-07 22:40:00,1.1628,1.16286,1.16264,1.16269,0.0
2026-09-07 22:45:00,1.1627,1.16283,1.16259,1.16263,0.0
2026-09-07 22:50:00,1.16267,1.16284,1.16247,1.1626,0.0
2026-09-07 22:55:00,1.16257,1.16264,1.16245,1.1626,0.0
2026-09-07 23:00:00,1.16261,1.16266,1.16251,1.16263,0.0
2026-09-07 23:05:00,1.16261,1.16263,1.16239,1.16251,0.0
2026-09-07 23:10:00,1.16249,1.16264,1.16241,1.1625,0.0
2026-09-07 23:15:00,1.16253,1.16268,1.16244,1.16246,0.0
2026-09-07 23:20:00,1.1625,1.16269,1.16244,1.16267,0.0
2026-09-07 23:25:00,1.16264,1.16264,1.16247,1.16261,0.0
2026-09-07 23:30:00,1.16258,1.16267,1.16241,1.16265,0.0
2026-09-07 23:35:00,1.16263,1.16264,1.16248,1.16251,0.0
2026-09-07 23:40:00,1.16256,1.16267,1.16251,1.16264,0.0
2026-09-07 23:45:00,1.16263,1.16293,1.1626,1.16273,0.0
2026-09-07 23:50:00,1.16283,1.16296,1.16267,1.16291,0.0
2026-09-07 23:55:00,1.1629,1.16291,1.16274,1.16277,0.0
2026-09-08 00:00:00,1.16283,1.16299,1.16282,1.16297,0.0
2026-09-08 00:05:00,1.16295,1.16295,1.1628,1.16292,0.0
2026-09-08 00:10:00,1.1629,1.16323,1.16286,1.16318,0.0
2026-09-08 00:15:00,1.16311,1.16331,1.16305,1.16324,0.0
2026-09-08 00:20:00,1.16327,1.16334,1.16298,1.1631,0.0
2026-09-08 00:25:00,1.16307,1.16325,1.16304,1.16312,0.0
2026-09-08 00:30:00,1.1632,1.1632,1.16293,1.16295,0.0
2026-09-08 00:35:00,1.16298,1.16306,1.16291,1.16306,0.0
2026-09-08 00:40:00,1.16305,1.1631,1.16294,1.16308,0.0
2026-09-08 00:45:00,1.16306,1.16306,1.16284,1.16295,0.0
2026-09-08 00:50:00,1.16293,1.16294,1.16278,1.16279,0.0
2026-09-08 00:55:00,1.16282,1.16324,1.16278,1.1632,0.0
2026-09-08 01:00:00,1.16318,1.1632,1.16302,1.16312,0.0
2026-09-08 01:05:00,1.1631,1.16316,1.16274,1.16283,0.0
2026-09-08 01:10:00,1.1628,1.16294,1.16268,1.16281,0.0
2026-09-08 01:15:00,1.1628,1.1628,1.16268,1.16269,0.0
2026-09-08 01:20:00,1.16272,1.16288,1.16272,1.16286,0.0
2026-09-08 01:25:00,1.16281,1.16309,1.16281,1.16309,0.0
2026-09-08 01:30:00,1.16306,1.16315,1.16289,1.16292,0.0
2026-09-08 01:35:00,1.16299,1.16305,1.16286,1.1629,0.0
2026-09-08 01:40:00,1.16292,1.16302,1.16287,1.16298,0.0
2026-09-08 01:45:00,1.16295,1.16297,1.16282,1.16284,0.0
2026-09-08 01:50:00,1.16284,1.16293,1.16279,1.1628,0.0
2026-09-08 01:55:00,1.16281,1.16287,1.1627,1.1628,0.0
2026-09-08 02:00:00,1.16278,1.16281,1.16261,1.16263,0.0
2026-09-08 02:05:00,1.16266,1.1628,1.16257,1.1628,0.0
2026-09-08 02:10:00,1.16278,1.1628,1.16267,1.16268,0.0
2026-09-08 02:15:00,1.16272,1.16277,1.1626,1.16263,0.0
2026-09-08 02:20:00,1.16269,1.16276,1.16263,1.16274,0.0
2026-09-08 02:25:00,1.16271,1.16282,1.16267,1.16282,0.0
2026-09-08 02:30:00,1.16279,1.16286,1.1627,1.16275,0.0
2026-09-08 02:35:00,1.16279,1.1629,1.16275,1.16289,0.0
2026-09-08 02:40:00,1.16286,1.16299,1.16283,1.16297,0.0
2026-09-08 02:45:00,1.16294,1.16304,1.16286,1.16295,0.0
2026-09-08 02:50:00,1.16292,1.16304,1.16286,1.16288,0.0
2026-09-08 02:55:00,1.16291,1.16295,1.16282,1.16294,0.0
2026-09-08 03:00:00,1.16291,1.16295,1.16267,1.1627,0.0
2026-09-08 03:05:00,1.16274,1.16276,1.16266,1.16275,0.0
2026-09-08 03:10:00,1.16272,1.16274,1.16261,1.16271,0.0
2026-09-08 03:15:00,1.16266,1.16274,1.1626,1.16263,0.0
2026-09-08 03:20:00,1.16267,1.16267,1.16257,1.16264,0.0
2026-09-08 03:25:00,1.16262,1.16266,1.16255,1.16257,0.0
2026-09-08 03:30:00,1.1626,1.16263,1.16253,1.16261,0.0
2026-09-08 03:35:00,1.16259,1.16264,1.16253,1.16254,0.0
2026-09-08 03:40:00,1.16256,1.16257,1.16249,1.16254,0.0
2026-09-08 03:45:00,1.16252,1.16263,1.16243,1.16252,0.0
2026-09-08 03:50:00,1.16251,1.16256,1.16248,1.1625,0.0
2026-09-08 03:55:00,1.16251,1.16262,1.16249,1.1626,0.0
2026-09-08 04:00:00,1.16258,1.16265,1.16258,1.16263,0.0
2026-09-08 04:05:00,1.1626,1.16261,1.16247,1.16255,0.0
2026-09-08 04:10:00,1.16254,1.16254,1.16245,1.16246,0.0
2026-09-08 04:15:00,1.16249,1.16255,1.16243,1.16252,0.0
2026-09-08 04:20:00,1.16251,1.16253,1.16244,1.16251,0.0
2026-09-08 04:25:00,1.16249,1.1625,1.16233,1.16236,0.0
2026-09-08 04:30:00,1.16241,1.16244,1.16232,1.16235,0.0
2026-09-08 04:35:00,1.16239,1.1625,1.16239,1.16243,0.0
2026-09-08 04:40:00,1.16241,1.16248,1.1624,1.16246,0.0
2026-09-08 04:45:00,1.16244,1.16248,1.16236,1.16238,0.0
2026-09-08 04:50:00,1.16238,1.16244,1.1623,1.16233,0.0
2026-09-08 04:55:00,1.16234,1.16239,1.16224,1.16237,0.0
2026-09-08 05:00:00,1.16234,1.16239,1.16228,1.16233,0.0
2026-09-08 05:05:00,1.1623,1.16238,1.16229,1.16235,0.0
2026-09-08 05:10:00,1.16232,1.16237,1.16232,1.16232,0.0
2026-09-08 05:15:00,1.16232,1.16237,1.16231,1.16233,0.0
2026-09-08 05:20:00,1.16232,1.16235,1.16226,1.16234,0.0
2026-09-08 05:25:00,1.16231,1.16237,1.16226,1.16233,0.0
2026-09-08 05:30:00,1.16231,1.16231,1.16213,1.1622,0.0
2026-09-08 05:35:00,1.16221,1.16225,1.16214,1.16221,0.0
2026-09-08 05:40:00,1.1622,1.16223,1.1621,1.16213,0.0
2026-09-08 05:45:00,1.16216,1.16222,1.16211,1.16214,0.0
2026-09-08 05:50:00,1.16215,1.16222,1.1621,1.16219,0.0
2026-09-08 05:55:00,1.16219,1.16225,1.16214,1.16222,0.0
2026-09-08 06:00:00,1.1622,1.16224,1.16216,1.16223,0.0
2026-09-08 06:05:00,1.16221,1.16228,1.16217,1.16224,0.0
2026-09-08 06:10:00,1.16222,1.16225,1.16215,1.16216,0.0
2026-09-08 06:15:00,1.16218,1.1623,1.16218,1.16226,0.0
2026-09-08 06:20:00,1.16225,1.16233,1.16223,1.1623,0.0
2026-09-08 06:25:00,1.16228,1.1623,1.1622,1.16221,0.0
2026-09-08 06:30:00,1.16222,1.1623,1.1622,1.16228,0.0
2026-09-08 06:35:00,1.16224,1.16232,1.16221,1.16224,0.0
2026-09-08 06:40:00,1.16225,1.16234,1.16222,1.1623,0.0
2026-09-08 06:45:00,1.16227,1.16233,1.16222,1.16224,0.0
2026-09-08 06:50:00,1.16227,1.1623,1.1622,1.16227,0.0
2026-09-08 06:55:00,1.16227,1.16235,1.16221,1.16233,0.0
2026-09-08 07:00:00,1.1623,1.16241,1.16229,1.16233,0.0
2026-09-08 07:05:00,1.16233,1.16237,1.16222,1.16223,0.0
2026-09-08 07:10:00,1.16224,1.16236,1.16222,1.16223,0.0
2026-09-08 07:15:00,1.16225,1.16233,1.16222,1.1623,0.0
2026-09-08 07:20:00,1.16227,1.16239,1.16226,1.16231,0.0
2026-09-08 07:25:00,1.16231,1.16245,1.16228,1.16232,0.0
2026-09-08 07:30:00,1.16237,1.16241,1.16232,1.16239,0.0
2026-09-08 07:35:00,1.16236,1.1624,1.1623,1.16237,0.0
2026-09-08 07:40:00,1.16235,1.16243,1.16229,1.16231,0.0
2026-09-08 07:45:00,1.16231,1.16245,1.16228,1.16243,0.0
2026-09-08 07:50:00,1.1624,1.16248,1.16228,1.16239,0.0
2026-09-08 07:55:00,1.16237,1.1624,1.16229,1.16237,0.0
2026-09-08 08:00:00,1.16234,1.16252,1.16227,1.16251,0.0
2026-09-08 08:05:00,1.16249,1.16255,1.16242,1.16248,0.0
2026-09-08 08:10:00,1.16249,1.16252,1.16239,1.16247,0.0
2026-09-08 08:15:00,1.16246,1.16258,1.16242,1.16256,0.0
2026-09-08 08:20:00,1.16252,1.16263,1.16244,1.16248,0.0
2026-09-08 08:25:00,1.16249,1.16268,1.16249,1.16265,0.0
2026-09-08 08:30:00,1.16261,1.16265,1.16253,1.16258,0.0
2026-09-08 08:35:00,1.16258,1.16262,1.16247,1.16258,0.0
2026-09-08 08:40:00,1.16256,1.16258,1.16249,1.16252,0.0
2026-09-08 08:45:00,1.16252,1.16256,1.16244,1.16253,0.0
2026-09-08 08:50:00,1.16248,1.16263,1.16247,1.16259,0.0
2026-09-08 08:55:00,1.1626,1.16263,1.16249,1.1626,0.0
2026-09-08 09:00:00,1.16257,1.16272,1.16255,1.16262,0.0
2026-09-08 09:05:00,1.16265,1.16274,1.16259,1.16265,0.0
2026-09-08 09:10:00,1.16267,1.16275,1.16261,1.16273,0.0
2026-09-08 09:15:00,1.1627,1.16303,1.1627,1.16301,0.0
2026-09-08 09:20:00,1.16296,1.163,1.1628,1.16286,0.0
2026-09-08 09:25:00,1.1629,1.16292,1.1627,1.16274,0.0
2026-09-08 09:30:00,1.16281,1.16293,1.16271,1.16274,0.0
2026-09-08 09:35:00,1.1628,1.16291,1.16275,1.16289,0.0
2026-09-08 09:40:00,1.16285,1.16292,1.16282,1.16291,0.0
2026-09-08 09:45:00,1.16288,1.16299,1.16287,1.16296,0.0
2026-09-08 09:50:00,1.16292,1.16299,1.1627,1.16272,0.0
2026-09-08 09:55:00,1.16274,1.16279,1.16264,1.16278,0.0
2026-09-08 10:00:00,1.16274,1.16313,1.16274,1.16296,0.0
2026-09-08 10:05:00,1.16303,1.16303,1.16275,1.16279,0.0
2026-09-08 10:10:00,1.16282,1.16293,1.16252,1.16263,0.0
2026-09-08 10:15:00,1.16261,1.16261,1.16249,1.16259,0.0
2026-09-08 10:20:00,1.16253,1.16268,1.16253,1.16256,0.0
2026-09-08 10:25:00,1.16258,1.16282,1.16256,1.16279,0.0
2026-09-08 10:30:00,1.16274,1.1629,1.16272,1.16288,0.0
2026-09-08 10:35:00,1.16286,1.16286,1.16264,1.16277,0.0
2026-09-08 10:40:00,1.16275,1.16283,1.16263,1.16266,0.0
2026-09-08 10:45:00,1.1627,1.16272,1.16255,1.16268,0.0
2026-09-08 10:50:00,1.16268,1.16278,1.16261,1.16276,0.0
2026-09-08 10:55:00,1.1627,1.1628,1.1626,1.16271,0.0
2026-09-08 11:00:00,1.16269,1.16282,1.1626,1.16278,0.0
2026-09-08 11:05:00,1.16277,1.16283,1.16256,1.16278,0.0
2026-09-08 11:10:00,1.16271,1.16284,1.16267,1.16269,0.0
2026-09-08 11:15:00,1.16271,1.16304,1.16271,1.16304,0.0
2026-09-08 11:20:00,1.16301,1.1632,1.16285,1.16317,0.0
2026-09-08 11:25:00,1.16312,1.16328,1.16312,1.16319,0.0
2026-09-08 11:30:00,1.16324,1.16328,1.16312,1.16316,0.0
2026-09-08 11:35:00,1.16322,1.16322,1.16306,1.1632,0.0
2026-09-08 11:40:00,1.16318,1.1632,1.16302,1.16317,0.0
2026-09-08 11:45:00,1.16311,1.16321,1.16306,1.16318,0.0
2026-09-08 11:50:00,1.16318,1.16322,1.16299,1.1632,0.0
2026-09-08 11:55:00,1.16317,1.16325,1.16316,1.16324,0.0
2026-09-08 12:00:00,1.16319,1.16348,1.16312,1.16342,0.0
2026-09-08 12:05:00,1.1634,1.16345,1.16322,1.16326,0.0
2026-09-08 12:10:00,1.16329,1.16334,1.16307,1.16314,0.0
2026-09-08 12:15:00,1.16316,1.16333,1.1631,1.16331,0.0
2026-09-08 12:20:00,1.16329,1.16329,1.16308,1.1631,0.0
2026-09-08 12:25:00,1.16316,1.1633,1.16284,1.16288,0.0
2026-09-08 12:30:00,1.16294,1.16294,1.16268,1.1627,0.0
2026-09-08 12:35:00,1.16271,1.16272,1.16243,1.16244,0.0
2026-09-08 12:40:00,1.16243,1.16262,1.16243,1.1626,0.0
2026-09-08 12:45:00,1.16255,1.16263,1.16248,1.16251,0.0
2026-09-08 12:50:00,1.16252,1.16263,1.16242,1.16248,0.0
2026-09-08 12:55:00,1.16246,1.1625,1.16241,1.16246,0.0
2026-09-08 13:00:00,1.16244,1.16245,1.16233,1.16244,0.0
2026-09-08 13:05:00,1.16242,1.16254,1.1624,1.16248,0.0
2026-09-08 13:10:00,1.16249,1.16251,1.16233,1.1624,0.0
2026-09-08 13:15:00,1.16238,1.16256,1.16236,1.16254,0.0
2026-09-08 13:20:00,1.16248,1.16265,1.16247,1.16248,0.0
2026-09-08 13:25:00,1.16251,1.16259,1.16251,1.16258,0.0
2026-09-08 13:30:00,1.16257,1.16266,1.16243,1.16245,0.0
2026-09-08 13:35:00,1.16247,1.16253,1.16243,1.16253,0.0
2026-09-08 13:40:00,1.16251,1.16267,1.16249,1.16265,0.0
2026-09-08 13:45:00,1.16261,1.16272,1.16257,1.16271,0.0
2026-09-08 13:50:00,1.16269,1.16274,1.16245,1.16255,0.0
2026-09-08 13:55:00,1.16253,1.16259,1.16244,1.16249,0.0
2026-09-08 14:00:00,1.16246,1.16257,1.1624,1.16248,0.0
2026-09-08 14:05:00,1.16249,1.16254,1.16237,1.16239,0.0
2026-09-08 14:10:00,1.16243,1.16255,1.16238,1.16253,0.0
2026-09-08 14:15:00,1.16251,1.16251,1.16228,1.16231,0.0
2026-09-08 14:20:00,1.16237,1.16253,1.16228,1.16249,0.0
2026-09-08 14:25:00,1.16243,1.16251,1.1623,1.16233,0.0
2026-09-08 14:30:00,1.16234,1.16247,1.16234,1.16245,0.0
2026-09-08 14:35:00,1.16242,1.16245,1.1623,1.1624,0.0
2026-09-08 14:40:00,1.16239,1.16254,1.16234,1.16251,0.0
2026-09-08 14:45:00,1.16247,1.16257,1.16241,1.16248,0.0
2026-09-08 14:50:00,1.16249,1.16254,1.1623,1.16238,0.0
2026-09-08 14:55:00,1.16237,1.16253,1.16229,1.16252,0.0
2026-09-08 15:00:00,1.1625,1.16264,1.16248,1.16254,0.0
2026-09-08 15:05:00,1.16256,1.16264,1.16248,1.16259,0.0
2026-09-08 15:10:00,1.16258,1.16265,1.16249,1.16258,0.0
2026-09-08 15:15:00,1.16255,1.16266,1.1625,1.16262,0.0
2026-09-08 15:20:00,1.16261,1.16262,1.16243,1.16258,0.0
2026-09-08 15:25:00,1.16257,1.16257,1.16239,1.16248,0.0
2026-09-08 15:30:00,1.16246,1.16248,1.16234,1.16244,0.0
2026-09-08 15:35:00,1.1624,1.16264,1.16235,1.16263,0.0
2026-09-08 15:40:00,1.1626,1.16275,1.16255,1.16274,0.0
2026-09-08 15:45:00,1.16271,1.16285,1.16266,1.16271,0.0
2026-09-08 15:50:00,1.16273,1.16287,1.16271,1.16286,0.0
2026-09-08 15:55:00,1.16282,1.16311,1.1628,1.16306,0.0
2026-09-08 16:00:00,1.16297,1.16334,1.16297,1.1633,0.0
2026-09-08 16:05:00,1.16324,1.16362,1.16317,1.16325,0.0
2026-09-08 16:10:00,1.16339,1.16339,1.16293,1.16295,0.0
2026-09-08 16:15:00,1.16294,1.16309,1.16274,1.16277,0.0
2026-09-08 16:20:00,1.16281,1.16281,1.16233,1.16251,0.0
2026-09-08 16:25:00,1.16244,1.16261,1.16244,1.16256,0.0
2026-09-08 16:30:00,1.16256,1.16257,1.16231,1.1625,0.0
2026-09-08 16:35:00,1.16244,1.16244,1.16218,1.16233,0.0
2026-09-08 16:40:00,1.16226,1.1626,1.16226,1.16255,0.0
2026-09-08 16:45:00,1.16248,1.16263,1.16236,1.16243,0.0
2026-09-08 16:50:00,1.16241,1.16251,1.16228,1.16232,0.0
2026-09-08 16:55:00,1.16238,1.16241,1.16213,1.16219,0.0
2026-09-08 17:00:00,1.16218,1.1623,1.16195,1.162,0.0
2026-09-08 17:05:00,1.16212,1.16232,1.16212,1.16219,0.0
2026-09-08 17:10:00,1.16218,1.16219,1.16183,1.16192,0.0
2026-09-08 17:15:00,1.16186,1.16197,1.16167,1.16176,0.0
2026-09-08 17:20:00,1.16176,1.16182,1.16143,1.16145,0.0
2026-09-08 17:25:00,1.1615,1.16158,1.1614,1.16149,0.0
2026-09-08 17:30:00,1.16148,1.16171,1.16147,1.16168,0.0
2026-09-08 17:35:00,1.16163,1.16163,1.16131,1.16135,0.0
2026-09-08 17:40:00,1.1614,1.1614,1.16105,1.16106,0.0
2026-09-08 17:45:00,1.1611,1.16139,1.1611,1.16138,0.0
2026-09-08 17:50:00,1.16134,1.16134,1.16104,1.16111,0.0
2026-09-08 17:55:00,1.16124,1.1613,1.16102,1.16127,0.0
2026-09-08 18:00:00,1.16122,1.16145,1.16122,1.16144,0.0
2026-09-08 18:05:00,1.1614,1.16162,1.16119,1.1613,0.0
2026-09-08 18:10:00,1.16144,1.16144,1.16101,1.16114,0.0
2026-09-08 18:15:00,1.16117,1.16117,1.16089,1.16091,0.0
2026-09-08 18:20:00,1.16097,1.1613,1.16097,1.16126,0.0
2026-09-08 18:25:00,1.16121,1.16152,1.16121,1.16151,0.0
2026-09-08 18:30:00,1.16148,1.16163,1.16133,1.16162,0.0
2026-09-08 18:35:00,1.16159,1.1616,1.16128,1.16144,0.0
2026-09-08 18:40:00,1.16139,1.16147,1.16128,1.16132,0.0
2026-09-08 18:45:00,1.16134,1.16137,1.16109,1.16113,0.0
2026-09-08 18:50:00,1.16112,1.16136,1.16112,1.16121,0.0
2026-09-08 18:55:00,1.16116,1.1613,1.16095,1.161,0.0
2026-09-08 19:00:00,1.16108,1.16125,1.16094,1.16099,0.0
2026-09-08 19:05:00,1.16107,1.16147,1.1609,1.16108,0.0
2026-09-08 19:10:00,1.16112,1.16117,1.16098,1.16116,0.0
2026-09-08 19:15:00,1.16112,1.16122,1.16109,1.16119,0.0
2026-09-08 19:20:00,1.16115,1.16131,1.16109,1.1613,0.0
2026-09-08 19:25:00,1.16128,1.16128,1.16108,1.16111,0.0
2026-09-08 19:30:00,1.16115,1.16125,1.1611,1.16114,0.0
2026-09-08 19:35:00,1.16115,1.16142,1.16107,1.1614,0.0
2026-09-08 19:40:00,1.16136,1.16164,1.16132,1.16141,0.0
2026-09-08 19:45:00,1.16151,1.16153,1.16121,1.16126,0.0
2026-09-08 19:50:00,1.16132,1.1615,1.16123,1.16133,0.0
2026-09-08 19:55:00,1.16139,1.16152,1.16133,1.16137,0.0
2026-09-08 20:00:00,1.16142,1.16157,1.16117,1.16118,0.0
2026-09-08 20:05:00,1.1612,1.16146,1.16118,1.16144,0.0
2026-09-08 20:10:00,1.1614,1.16141,1.16124,1.16141,0.0
2026-09-08 20:15:00,1.16138,1.16142,1.16121,1.16124,0.0
2026-09-08 20:20:00,1.16129,1.16155,1.16114,1.16118,0.0
2026-09-08 20:25:00,1.16122,1.16124,1.16108,1.16123,0.0
2026-09-08 20:30:00,1.1612,1.1612,1.16097,1.16099,0.0
2026-09-08 20:35:00,1.16101,1.16109,1.16093,1.16102,0.0
2026-09-08 20:40:00,1.16099,1.16104,1.16091,1.16101,0.0
2026-09-08 20:45:00,1.161,1.1611,1.16091,1.16108,0.0
2026-09-08 20:50:00,1.16104,1.16135,1.16104,1.16121,0.0
2026-09-08 20:55:00,1.16128,1.16145,1.16115,1.16144,0.0
2026-09-08 21:00:00,1.16141,1.16144,1.16114,1.16124,0.0
2026-09-08 21:05:00,1.16123,1.16125,1.16109,1.16119,0.0
2026-09-08 21:10:00,1.1611,1.16124,1.16094,1.16107,0.0
2026-09-08 21:15:00,1.16099,1.16139,1.16099,1.16114,0.0
2026-09-08 21:20:00,1.16124,1.16146,1.16124,1.16134,0.0
2026-09-08 21:25:00,1.16141,1.16161,1.16135,1.16159,0.0
2026-09-08 21:30:00,1.16155,1.16161,1.16145,1.1616,0.0
2026-09-08 21:35:00,1.16156,1.1619,1.16145,1.16186,0.0
2026-09-08 21:40:00,1.16181,1.16188,1.16142,1.16149,0.0
2026-09-08 21:45:00,1.1616,1.1616,1.16117,1.16133,0.0
2026-09-08 21:50:00,1.16121,1.16156,1.16085,1.16087,0.0
2026-09-08 21:55:00,1.1609,1.16137,1.16089,1.16132,0.0
2026-09-08 22:00:00,1.16127,1.16151,1.16121,1.16149,0.0
2026-09-08 22:05:00,1.16147,1.16153,1.16136,1.16152,0.0
2026-09-08 22:10:00,1.16148,1.1615,1.16125,1.16139,0.0
2026-09-08 22:15:00,1.16138,1.16138,1.16102,1.16106,0.0
2026-09-08 22:20:00,1.16117,1.16151,1.16117,1.16134,0.0
2026-09-08 22:25:00,1.16137,1.16165,1.16135,1.16162,0.0
2026-09-08 22:30:00,1.16153,1.16188,1.16149,1.16185,0.0
2026-09-08 22:35:00,1.16178,1.16187,1.1617,1.16174,0.0
2026-09-08 22:40:00,1.16179,1.16196,1.16155,1.16158,0.0
2026-09-08 22:45:00,1.16161,1.16177,1.16149,1.16177,0.0
2026-09-08 22:50:00,1.16172,1.16195,1.16168,1.16175,0.0
2026-09-08 22:55:00,1.16178,1.16201,1.16178,1.16189,0.0
2026-09-08 23:00:00,1.16193,1.16221,1.16193,1.16217,0.0
2026-09-08 23:05:00,1.16216,1.16251,1.16212,1.1625,0.0
2026-09-08 23:10:00,1.16246,1.16254,1.1624,1.16252,0.0
2026-09-08 23:15:00,1.16251,1.16251,1.16228,1.16244,0.0
2026-09-08 23:20:00,1.1624,1.16268,1.16233,1.16266,0.0
2026-09-08 23:25:00,1.16264,1.16264,1.16228,1.16233,0.0
2026-09-08 23:30:00,1.16242,1.16242,1.16222,1.16239,0.0
2026-09-08 23:35:00,1.16237,1.16242,1.16194,1.1621,0.0
2026-09-08 23:40:00,1.16214,1.16221,1.16209,1.16217,0.0
2026-09-08 23:45:00,1.16215,1.16226,1.16203,1.16226,0.0
2026-09-08 23:50:00,1.16223,1.16234,1.16209,1.1623,0.0
2026-09-08 23:55:00,1.16223,1.16233,1.16216,1.16218,0.0
2026-09-09 00:00:00,1.1622,1.16251,1.16218,1.16249,0.0
2026-09-09 00:05:00,1.16246,1.16249,1.1622,1.16225,0.0
2026-09-09 00:10:00,1.16235,1.16235,1.16201,1.16203,0.0
2026-09-09 00:15:00,1.16206,1.16224,1.16194,1.1622,0.0
2026-09-09 00:20:00,1.16216,1.1625,1.16209,1.16248,0.0
2026-09-09 00:25:00,1.16245,1.16276,1.16236,1.16251,0.0
2026-09-09 00:30:00,1.16261,1.1628,1.16244,1.16278,0.0
2026-09-09 00:35:00,1.16274,1.16306,1.16271,1.16303,0.0
2026-09-09 00:40:00,1.16302,1.16306,1.16282,1.16305,0.0
2026-09-09 00:45:00,1.16299,1.16312,1.16294,1.16311,0.0
2026-09-09 00:50:00,1.16309,1.16309,1.16278,1.16279,0.0
2026-09-09 00:55:00,1.16283,1.16303,1.16268,1.16301,0.0
2026-09-09 01:00:00,1.16298,1.16316,1.16295,1.16315,0.0
2026-09-09 01:05:00,1.16309,1.16323,1.16306,1.16322,0.0
2026-09-09 01:10:00,1.16319,1.16345,1.16312,1.16318,0.0
2026-09-09 01:15:00,1.16329,1.16333,1.16306,1.16332,0.0
2026-09-09 01:20:00,1.16328,1.16328,1.16286,1.16304,0.0
2026-09-09 01:25:00,1.16296,1.16317,1.16296,1.16317,0.0
2026-09-09 01:30:00,1.16315,1.16315,1.16283,1.16289,0.0
2026-09-09 01:35:00,1.16299,1.16299,1.16268,1.1627,0.0
2026-09-09 01:40:00,1.16274,1.1629,1.1627,1.16278,0.0
2026-09-09 01:45:00,1.1628,1.16283,1.16263,1.16282,0.0
2026-09-09 01:50:00,1.1628,1.16281,1.16268,1.16278,0.0
2026-09-09 01:55:00,1.16274,1.16278,1.16267,1.16277,0.0
2026-09-09 02:00:00,1.16276,1.16279,1.16256,1.16262,0.0
2026-09-09 02:05:00,1.1626,1.16265,1.16247,1.16251,0.0
2026-09-09 02:10:00,1.16257,1.16257,1.16225,1.16228,0.0
2026-09-09 02:15:00,1.1623,1.16237,1.16224,1.16235,0.0
2026-09-09 02:20:00,1.16234,1.16234,1.16209,1.16219,0.0
2026-09-09 02:25:00,1.16216,1.16237,1.1621,1.16235,0.0
2026-09-09 02:30:00,1.1623,1.16246,1.1623,1.16235,0.0
2026-09-09 02:35:00,1.16239,1.16243,1.1622,1.16223,0.0
2026-09-09 02:40:00,1.16228,1.16233,1.16207,1.16211,0.0
2026-09-09 02:45:00,1.16217,1.16219,1.16206,1.16211,0.0
2026-09-09 02:50:00,1.16211,1.16237,1.16211,1.1623,0.0
2026-09-09 02:55:00,1.16226,1.16236,1.1622,1.16231,0.0
2026-09-09 03:00:00,1.16232,1.16258,1.1623,1.16252,0.0
2026-09-09 03:05:00,1.16248,1.16272,1.16242,1.1626,0.0
2026-09-09 03:10:00,1.16265,1.16276,1.1626,1.16264,0.0
2026-09-09 03:15:00,1.16269,1.16273,1.16256,1.1627,0.0
2026-09-09 03:20:00,1.16269,1.16273,1.16255,1.1626,0.0
2026-09-09 03:25:00,1.1626,1.16274,1.16252,1.16263,0.0
2026-09-09 03:30:00,1.1626,1.16265,1.16252,1.16259,0.0
2026-09-09 03:35:00,1.16259,1.16271,1.16239,1.16256,0.0
2026-09-09 03:40:00,1.16254,1.16254,1.16239,1.1625,0.0
2026-09-09 03:45:00,1.16248,1.16259,1.16241,1.16256,0.0
2026-09-09 03:50:00,1.16255,1.16265,1.16248,1.16255,0.0
2026-09-09 03:55:00,1.16261,1.16265,1.16248,1.16263,0.0
2026-09-09 04:00:00,1.16261,1.16266,1.16257,1.16264,0.0
2026-09-09 04:05:00,1.16261,1.1627,1.16251,1.16256,0.0
2026-09-09 04:10:00,1.16258,1.16267,1.16252,1.16255,0.0
2026-09-09 04:15:00,1.16261,1.16264,1.16245,1.16249,0.0
2026-09-09 04:20:00,1.16251,1.16265,1.16247,1.16264,0.0
2026-09-09 04:25:00,1.16257,1.16281,1.16257,1.1627,0.0
2026-09-09 04:30:00,1.16272,1.163,1.1627,1.16295,0.0
2026-09-09 04:35:00,1.16287,1.16305,1.16287,1.16302,0.0
2026-09-09 04:40:00,1.163,1.16305,1.16295,1.16304,0.0
2026-09-09 04:45:00,1.16301,1.16326,1.16233,1.16247,0.0
2026-09-09 04:50:00,1.16272,1.16272,1.16219,1.16256,0.0
2026-09-09 04:55:00,1.16243,1.16277,1.16243,1.16269,0.0
2026-09-09 05:00:00,1.16261,1.16301,1.16261,1.16299,0.0
2026-09-09 05:05:00,1.16296,1.16305,1.16278,1.16287,0.0
2026-09-09 05:10:00,1.16286,1.16286,1.16255,1.16271,0.0
2026-09-09 05:15:00,1.16269,1.16275,1.16259,1.16263,0.0
2026-09-09 05:20:00,1.16264,1.16271,1.16257,1.1626,0.0
2026-09-09 05:25:00,1.16263,1.16268,1.16251,1.16265,0.0
2026-09-09 05:30:00,1.16263,1.16269,1.16249,1.16254,0.0
2026-09-09 05:35:00,1.16264,1.16271,1.16245,1.1627,0.0
2026-09-09 05:40:00,1.16265,1.16275,1.16264,1.16274,0.0
2026-09-09 05:45:00,1.16271,1.16278,1.16256,1.1626,0.0
2026-09-09 05:50:00,1.1626,1.16265,1.16242,1.16242,0.0
2026-09-09 05:55:00,1.16244,1.1625,1.16226,1.16231,0.0
2026-09-09 06:00:00,1.16232,1.16253,1.1623,1.16253,0.0
2026-09-09 06:05:00,1.1625,1.16252,1.16228,1.1623,0.0
2026-09-09 06:10:00,1.16233,1.16239,1.16228,1.16233,0.0
2026-09-09 06:15:00,1.16234,1.16249,1.16233,1.16246,0.0
2026-09-09 06:20:00,1.16244,1.16247,1.16239,1.16247,0.0
2026-09-09 06:25:00,1.16245,1.16245,1.16229,1.1623,0.0
2026-09-09 06:30:00,1.16231,1.16234,1.1622,1.16226,0.0
2026-09-09 06:35:00,1.16228,1.16243,1.16228,1.1624,0.0
2026-09-09 06:40:00,1.16238,1.16242,1.16225,1.16233,0.0
2026-09-09 06:45:00,1.1623,1.16235,1.16221,1.16227,0.0
2026-09-09 06:50:00,1.16227,1.16241,1.16225,1.16234,0.0
2026-09-09 06:55:00,1.16235,1.16244,1.16229,1.16242,0.0
2026-09-09 07:00:00,1.1624,1.16272,1.1623,1.16257,0.0
2026-09-09 07:05:00,1.16252,1.16264,1.16237,1.16261,0.0
2026-09-09 07:10:00,1.16256,1.16271,1.16253,1.16265,0.0
2026-09-09 07:15:00,1.16258,1.16272,1.16249,1.16251,0.0
2026-09-09 07:20:00,1.16253,1.16267,1.1625,1.16252,0.0
2026-09-09 07:25:00,1.16252,1.1627,1.16248,1.1626,0.0
2026-09-09 07:30:00,1.16257,1.16268,1.16249,1.16259,0.0
2026-09-09 07:35:00,1.16257,1.16259,1.16245,1.16256,0.0
2026-09-09 07:40:00,1.16254,1.16261,1.16252,1.16259,0.0
2026-09-09 07:45:00,1.16257,1.16263,1.1625,1.16251,0.0
2026-09-09 07:50:00,1.16254,1.16276,1.16254,1.16274,0.0
2026-09-09 07:55:00,1.16271,1.16275,1.16264,1.16272,0.0
2026-09-09 08:00:00,1.16267,1.16267,1.16245,1.16263,0.0
2026-09-09 08:05:00,1.16262,1.1627,1.16257,1.16269,0.0
2026-09-09 08:10:00,1.16266,1.16271,1.16261,1.16265,0.0
2026-09-09 08:15:00,1.16265,1.16274,1.16263,1.16272,0.0
2026-09-09 08:20:00,1.16269,1.16278,1.16264,1.16272,0.0
2026-09-09 08:25:00,1.16269,1.16277,1.16267,1.16269,0.0
2026-09-09 08:30:00,1.16271,1.16277,1.16267,1.16268,0.0
2026-09-09 08:35:00,1.1627,1.16273,1.16257,1.16264,0.0
2026-09-09 08:40:00,1.16261,1.16267,1.16255,1.16256,0.0
2026-09-09 08:45:00,1.16256,1.16268,1.16256,1.16257,0.0
2026-09-09 08:50:00,1.1626,1.16266,1.16253,1.16262,0.0
2026-09-09 08:55:00,1.16261,1.1627,1.16253,1.16261,0.0
2026-09-09 09:00:00,1.16258,1.16266,1.16256,1.16262,0.0
2026-09-09 09:05:00,1.1626,1.1627,1.16251,1.16269,0.0
2026-09-09 09:10:00,1.16266,1.16267,1.16257,1.16261,0.0
2026-09-09 09:15:00,1.16261,1.16277,1.1626,1.16274,0.0
2026-09-09 09:20:00,1.16272,1.16275,1.16257,1.16267,0.0
2026-09-09 09:25:00,1.1626,1.16276,1.1626,1.1627,0.0
2026-09-09 09:30:00,1.1627,1.16275,1.16266,1.16268,0.0
2026-09-09 09:35:00,1.16271,1.16271,1.16257,1.16268,0.0
2026-09-09 09:40:00,1.16265,1.16291,1.16265,1.1629,0.0
2026-09-09 09:45:00,1.16287,1.16294,1.16272,1.16292,0.0
2026-09-09 09:50:00,1.16289,1.16292,1.16266,1.1627,0.0
2026-09-09 09:55:00,1.16275,1.16282,1.16268,1.16273,0.0
2026-09-09 10:00:00,1.16274,1.16315,1.16262,1.16313,0.0
2026-09-09 10:05:00,1.16308,1.16316,1.16294,1.16298,0.0
2026-09-09 10:10:00,1.16304,1.16312,1.16294,1.16309,0.0
2026-09-09 10:15:00,1.16308,1.16321,1.16299,1.16319,0.0
2026-09-09 10:20:00,1.16316,1.16325,1.16302,1.16311,0.0
2026-09-09 10:25:00,1.1631,1.16321,1.16299,1.16308,0.0
2026-09-09 10:30:00,1.16313,1.16322,1.16301,1.16305,0.0
2026-09-09 10:35:00,1.1631,1.16313,1.16297,1.16305,0.0
2026-09-09 10:40:00,1.16301,1.16313,1.16298,1.16309,0.0
2026-09-09 10:45:00,1.16306,1.16314,1.16297,1.16299,0.0
2026-09-09 10:50:00,1.16304,1.1632,1.16297,1.16303,0.0
2026-09-09 10:55:00,1.16313,1.16324,1.16299,1.16323,0.0
2026-09-09 11:00:00,1.16319,1.16334,1.1629,1.16292,0.0
2026-09-09 11:05:00,1.16294,1.16315,1.16291,1.16313,0.0
2026-09-09 11:10:00,1.16309,1.16318,1.16305,1.16315,0.0
2026-09-09 11:15:00,1.16313,1.16324,1.16303,1.16309,0.0
2026-09-09 11:20:00,1.1631,1.16315,1.16279,1.16283,0.0
2026-09-09 11:25:00,1.1629,1.1629,1.16276,1.16288,0.0
2026-09-09 11:30:00,1.16285,1.16289,1.16275,1.16286,0.0
2026-09-09 11:35:00,1.16283,1.16295,1.1628,1.16294,0.0
2026-09-09 11:40:00,1.16292,1.16301,1.16284,1.16299,0.0
2026-09-09 11:45:00,1.16295,1.16309,1.16289,1.16296,0.0
2026-09-09 11:50:00,1.16301,1.16306,1.16291,1.16304,0.0
2026-09-09 11:55:00,1.16298,1.16318,1.16298,1.16307,0.0
2026-09-09 12:00:00,1.1631,1.16318,1.16294,1.16298,0.0
2026-09-09 12:05:00,1.163,1.16305,1.16284,1.16297,0.0
2026-09-09 12:10:00,1.16298,1.16316,1.16294,1.16311,0.0
2026-09-09 12:15:00,1.1631,1.1631,1.16293,1.16301,0.0
2026-09-09 12:20:00,1.16299,1.16306,1.16284,1.16287,0.0
2026-09-09 12:25:00,1.16289,1.16294,1.1628,1.16282,0.0
2026-09-09 12:30:00,1.16284,1.16298,1.16282,1.16295,0.0
2026-09-09 12:35:00,1.16292,1.16297,1.16284,1.16292,0.0
2026-09-09 12:40:00,1.1629,1.16296,1.16284,1.16287,0.0
2026-09-09 12:45:00,1.1629,1.1632,1.16286,1.16308,0.0
2026-09-09 12:50:00,1.16313,1.16319,1.16301,1.16317,0.0
2026-09-09 12:55:00,1.16315,1.16317,1.16301,1.16308,0.0
2026-09-09 13:00:00,1.1631,1.16321,1.16305,1.16319,0.0
2026-09-09 13:05:00,1.16316,1.16321,1.16299,1.16302,0.0
2026-09-09 13:10:00,1.16308,1.16316,1.16302,1.16307,0.0
2026-09-09 13:15:00,1.16311,1.16315,1.16298,1.16313,0.0
2026-09-09 13:20:00,1.16311,1.16313,1.16297,1.16308,0.0
2026-09-09 13:25:00,1.16304,1.1631,1.16297,1.16299,0.0
2026-09-09 13:30:00,1.16301,1.16305,1.1629,1.163,0.0
2026-09-09 13:35:00,1.16297,1.16315,1.16297,1.16314,0.0
2026-09-09 13:40:00,1.16313,1.16318,1.16305,1.16316,0.0
2026-09-09 13:45:00,1.16313,1.16322,1.1631,1.16311,0.0
2026-09-09 13:50:00,1.16315,1.16324,1.16303,1.16315,0.0
2026-09-09 13:55:00,1.16313,1.16314,1.16294,1.16299,0.0
2026-09-09 14:00:00,1.16306,1.16317,1.16297,1.16313,0.0
2026-09-09 14:05:00,1.16306,1.16316,1.16306,1.16311,0.0
2026-09-09 14:10:00,1.16311,1.16316,1.16302,1.16312,0.0
2026-09-09 14:15:00,1.16309,1.16315,1.16302,1.16305,0.0
2026-09-09 14:20:00,1.16309,1.16324,1.16302,1.16319,0.0
2026-09-09 14:25:00,1.16313,1.16335,1.16312,1.16334,0.0
2026-09-09 14:30:00,1.1633,1.16338,1.16321,1.16336,0.0
2026-09-09 14:35:00,1.16332,1.16332,1.16316,1.16318,0.0
2026-09-09 14:40:00,1.1632,1.16324,1.16309,1.1632,0.0
2026-09-09 14:45:00,1.16316,1.16324,1.16307,1.16322,0.0
2026-09-09 14:50:00,1.16318,1.16325,1.16313,1.16323,0.0
2026-09-09 14:55:00,1.16319,1.16333,1.16317,1.16332,0.0
2026-09-09 15:00:00,1.16329,1.16337,1.16314,1.16317,0.0
2026-09-09 15:05:00,1.16325,1.16346,1.16325,1.16343,0.0
2026-09-09 15:10:00,1.16343,1.16351,1.16337,1.16349,0.0
2026-09-09 15:15:00,1.16346,1.16347,1.16333,1.16345,0.0
2026-09-09 15:20:00,1.16341,1.16355,1.1634,1.16353,0.0
2026-09-09 15:25:00,1.1635,1.16371,1.16345,1.16369,0.0
2026-09-09 15:30:00,1.16366,1.16369,1.16341,1.1635,0.0
2026-09-09 15:35:00,1.16347,1.1635,1.16335,1.16348,0.0
2026-09-09 15:40:00,1.16346,1.16349,1.16336,1.16338,0.0
2026-09-09 15:45:00,1.16341,1.16346,1.16325,1.16336,0.0
2026-09-09 15:50:00,1.16333,1.16345,1.16325,1.16343,0.0
2026-09-09 15:55:00,1.1634,1.16355,1.16336,1.16353,0.0
2026-09-09 16:00:00,1.16351,1.16385,1.16343,1.16379,0.0
2026-09-09 16:05:00,1.16372,1.16385,1.16356,1.16361,0.0
2026-09-09 16:10:00,1.16368,1.16404,1.16355,1.16403,0.0
2026-09-09 16:15:00,1.16397,1.16454,1.16392,1.16452,0.0
2026-09-09 16:20:00,1.16447,1.16449,1.16417,1.16425,0.0
2026-09-09 16:25:00,1.16429,1.16435,1.16405,1.16414,0.0
2026-09-09 16:30:00,1.16413,1.16416,1.16389,1.16415,0.0
2026-09-09 16:35:00,1.16412,1.16423,1.16408,1.16421,0.0
2026-09-09 16:40:00,1.16417,1.16422,1.16377,1.16379,0.0
2026-09-09 16:45:00,1.16382,1.16393,1.16375,1.1639,0.0
2026-09-09 16:50:00,1.16389,1.16389,1.16375,1.1638,0.0
2026-09-09 16:55:00,1.16377,1.16401,1.16366,1.16397,0.0
2026-09-09 17:00:00,1.16396,1.16414,1.16385,1.1641,0.0
2026-09-09 17:05:00,1.1641,1.16412,1.16395,1.16409,0.0
2026-09-09 17:10:00,1.16408,1.16447,1.16402,1.16446,0.0
2026-09-09 17:15:00,1.1644,1.16455,1.1644,1.16455,0.0
2026-09-09 17:20:00,1.16453,1.16455,1.16387,1.16393,0.0
2026-09-09 17:25:00,1.16402,1.16402,1.16382,1.16395,0.0
2026-09-09 17:30:00,1.16393,1.16409,1.16374,1.16378,0.0
2026-09-09 17:35:00,1.16383,1.1642,1.16378,1.16416,0.0
2026-09-09 17:40:00,1.1641,1.16441,1.1641,1.16427,0.0
2026-09-09 17:45:00,1.16433,1.16485,1.16418,1.16458,0.0
2026-09-09 17:50:00,1.16467,1.16467,1.16431,1.16446,0.0
2026-09-09 17:55:00,1.16444,1.16444,1.16417,1.16422,0.0
2026-09-09 18:00:00,1.1643,1.1643,1.16385,1.16388,0.0
2026-09-09 18:05:00,1.16394,1.16397,1.16371,1.16395,0.0
2026-09-09 18:10:00,1.1639,1.164,1.16363,1.16398,0.0
2026-09-09 18:15:00,1.16392,1.164,1.1637,1.16386,0.0
2026-09-09 18:20:00,1.16381,1.16394,1.16375,1.16376,0.0
2026-09-09 18:25:00,1.16378,1.16381,1.1636,1.16363,0.0
2026-09-09 18:30:00,1.16368,1.16373,1.16358,1.16373,0.0
2026-09-09 18:35:00,1.16371,1.16372,1.16352,1.16353,0.0
2026-09-09 18:40:00,1.16356,1.16365,1.16343,1.16348,0.0
2026-09-09 18:45:00,1.16355,1.16371,1.16344,1.16368,0.0
2026-09-09 18:50:00,1.16366,1.16366,1.16347,1.16351,0.0
2026-09-09 18:55:00,1.16355,1.16355,1.16332,1.16336,0.0
2026-09-09 19:00:00,1.16342,1.16342,1.16318,1.16334,0.0
2026-09-09 19:05:00,1.16328,1.16345,1.16324,1.1634,0.0
2026-09-09 19:10:00,1.16337,1.16339,1.16309,1.16311,0.0
2026-09-09 19:15:00,1.16312,1.16341,1.16309,1.16337,0.0
2026-09-09 19:20:00,1.16331,1.16342,1.16328,1.16336,0.0
2026-09-09 19:25:00,1.16337,1.16345,1.16326,1.16331,0.0
2026-09-09 19:30:00,1.16339,1.16339,1.1632,1.16331,0.0
2026-09-09 19:35:00,1.16328,1.16336,1.16314,1.16331,0.0
2026-09-09 19:40:00,1.16327,1.16335,1.16309,1.1631,0.0
2026-09-09 19:45:00,1.16311,1.16313,1.16278,1.16283,0.0
2026-09-09 19:50:00,1.16292,1.16292,1.1624,1.16248,0.0
2026-09-09 19:55:00,1.16261,1.16261,1.16228,1.16229,0.0
2026-09-09 20:00:00,1.16232,1.16252,1.16224,1.16241,0.0
2026-09-09 20:05:00,1.16239,1.16263,1.16239,1.16261,0.0
2026-09-09 20:10:00,1.16258,1.16284,1.16244,1.16272,0.0
2026-09-09 20:15:00,1.16271,1.16271,1.16234,1.16262,0.0
2026-09-09 20:20:00,1.16258,1.16276,1.16257,1.16274,0.0
2026-09-09 20:25:00,1.16273,1.16274,1.16252,1.16273,0.0
2026-09-09 20:30:00,1.16269,1.16288,1.16261,1.16284,0.0
2026-09-09 20:35:00,1.16275,1.16316,1.16275,1.16314,0.0
2026-09-09 20:40:00,1.16311,1.16319,1.1628,1.16286,0.0
2026-09-09 20:45:00,1.16295,1.16312,1.16278,1.16311,0.0
2026-09-09 20:50:00,1.16305,1.16328,1.16305,1.16328,0.0
2026-09-09 20:55:00,1.16326,1.16326,1.16295,1.16308,0.0
2026-09-09 21:00:00,1.16305,1.1632,1.163,1.16316,0.0
2026-09-09 21:05:00,1.16315,1.16335,1.16315,1.1633,0.0
2026-09-09 21:10:00,1.16325,1.16339,1.16321,1.16334,0.0
2026-09-09 21:15:00,1.16329,1.16371,1.16312,1.1636,0.0
2026-09-09 21:20:00,1.16345,1.16407,1.16345,1.16405,0.0
2026-09-09 21:25:00,1.16401,1.16463,1.16401,1.1646,0.0
2026-09-09 21:30:00,1.1645,1.16491,1.16427,1.16477,0.0
2026-09-09 21:35:00,1.1647,1.1647,1.16425,1.1643,0.0
2026-09-09 21:40:00,1.16438,1.16455,1.16424,1.16441,0.0
2026-09-09 21:45:00,1.16449,1.16465,1.16431,1.16458,0.0
2026-09-09 21:50:00,1.16437,1.16487,1.16437,1.16443,0.0
2026-09-09 21:55:00,1.16447,1.16466,1.16431,1.16463,0.0
2026-09-09 22:00:00,1.16458,1.16493,1.16458,1.16492,0.0
2026-09-09 22:05:00,1.16487,1.16504,1.16482,1.16502,0.0
2026-09-09 22:10:00,1.16495,1.16538,1.16486,1.16522,0.0
2026-09-09 22:15:00,1.16526,1.16526,1.16508,1.16518,0.0
2026-09-09 22:20:00,1.16519,1.16523,1.16482,1.1649,0.0
2026-09-09 22:25:00,1.16505,1.16505,1.16461,1.16463,0.0
2026-09-09 22:30:00,1.16465,1.16475,1.16452,1.1647,0.0
2026-09-09 22:35:00,1.16468,1.16492,1.16456,1.16478,0.0
2026-09-09 22:40:00,1.16483,1.16495,1.16467,1.16479,0.0
2026-09-09 22:45:00,1.16477,1.1648,1.16452,1.16458,0.0
2026-09-09 22:50:00,1.1647,1.1647,1.1642,1.16451,0.0
2026-09-09 22:55:00,1.16449,1.1646,1.16437,1.16442,0.0
2026-09-09 23:00:00,1.16449,1.16491,1.16449,1.1649,0.0
2026-09-09 23:05:00,1.16486,1.16486,1.16465,1.16475,0.0
2026-09-09 23:10:00,1.16473,1.16485,1.16463,1.16483,0.0
2026-09-09 23:15:00,1.1648,1.16483,1.16448,1.16451,0.0
2026-09-09 23:20:00,1.16459,1.16474,1.1645,1.16455,0.0
2026-09-09 23:25:00,1.16458,1.16479,1.16458,1.16478,0.0
2026-09-09 23:30:00,1.16475,1.16496,1.16471,1.16495,0.0
2026-09-09 23:35:00,1.16492,1.16492,1.16466,1.1647,0.0
2026-09-09 23:40:00,1.16477,1.16481,1.1645,1.16475,0.0
2026-09-09 23:45:00,1.16461,1.16504,1.16461,1.16503,0.0
2026-09-09 23:50:00,1.16501,1.16501,1.16471,1.16474,0.0
2026-09-09 23:55:00,1.16479,1.16479,1.16458,1.16459,0.0
2026-09-10 00:00:00,1.16463,1.16496,1.16463,1.16484,0.0
2026-09-10 00:05:00,1.16485,1.16508,1.16485,1.165,0.0
2026-09-10 00:10:00,1.16498,1.16513,1.16475,1.16481,0.0
2026-09-10 00:15:00,1.16493,1.16534,1.16493,1.16502,0.0
2026-09-10 00:20:00,1.16509,1.16513,1.1647,1.16498,0.0
2026-09-10 00:25:00,1.1649,1.1649,1.16455,1.16465,0.0
2026-09-10 00:30:00,1.16468,1.16472,1.16452,1.16455,0.0
2026-09-10 00:35:00,1.16459,1.16473,1.1645,1.16472,0.0
2026-09-10 00:40:00,1.16469,1.16469,1.16446,1.16462,0.0
2026-09-10 00:45:00,1.1646,1.16462,1.16446,1.16449,0.0
2026-09-10 00:50:00,1.16452,1.16473,1.16446,1.16468,0.0
2026-09-10 00:55:00,1.16462,1.16483,1.16462,1.16466,0.0
2026-09-10 01:00:00,1.1647,1.16513,1.1638,1.16391,0.0
2026-09-10 01:05:00,1.16413,1.16413,1.16289,1.16327,0.0
2026-09-10 01:10:00,1.1632,1.16328,1.16241,1.16243,0.0
2026-09-10 01:15:00,1.16247,1.16248,1.16221,1.16225,0.0
2026-09-10 01:20:00,1.16231,1.16253,1.16205,1.1621,0.0
2026-09-10 01:25:00,1.16214,1.16252,1.16205,1.16235,0.0
2026-09-10 01:30:00,1.16238,1.16257,1.16238,1.16255,0.0
2026-09-10 01:35:00,1.16253,1.16313,1.16249,1.16294,0.0
2026-09-10 01:40:00,1.16303,1.16328,1.16301,1.16324,0.0
2026-09-10 01:45:00,1.1632,1.16327,1.1628,1.16289,0.0
2026-09-10 01:50:00,1.16305,1.16329,1.1628,1.1629,0.0
2026-09-10 01:55:00,1.16292,1.16299,1.16257,1.1626,0.0
2026-09-10 02:00:00,1.16262,1.16324,1.16262,1.16321,0.0
2026-09-10 02:05:00,1.16311,1.16338,1.16289,1.16295,0.0
2026-09-10 02:10:00,1.16304,1.16304,1.16288,1.163,0.0
2026-09-10 02:15:00,1.16295,1.16302,1.16272,1.16273,0.0
2026-09-10 02:20:00,1.16275,1.16293,1.16275,1.16286,0.0
2026-09-10 02:25:00,1.16277,1.16302,1.16277,1.16288,0.0
2026-09-10 02:30:00,1.16293,1.16321,1.16287,1.16318,0.0
2026-09-10 02:35:00,1.16314,1.16331,1.16309,1.16329,0.0
2026-09-10 02:40:00,1.16325,1.16362,1.16325,1.16361,0.0
2026-09-10 02:45:00,1.16356,1.16392,1.16347,1.16392,0.0
2026-09-10 02:50:00,1.1639,1.16396,1.16367,1.16373,0.0
2026-09-10 02:55:00,1.16378,1.16386,1.16359,1.16366,0.0
2026-09-10 03:00:00,1.16364,1.16377,1.16353,1.16374,0.0
2026-09-10 03:05:00,1.16364,1.16408,1.16364,1.16407,0.0
2026-09-10 03:10:00,1.16405,1.16405,1.16379,1.1639,0.0
2026-09-10 03:15:00,1.16391,1.164,1.16377,1.16389,0.0
2026-09-10 03:20:00,1.16386,1.16402,1.16382,1.164,0.0
2026-09-10 03:25:00,1.16397,1.16409,1.16394,1.16409,0.0
2026-09-10 03:30:00,1.16407,1.16407,1.16389,1.164,0.0
2026-09-10 03:35:00,1.16398,1.16407,1.16366,1.16368,0.0
2026-09-10 03:40:00,1.16371,1.16396,1.16368,1.16394,0.0
2026-09-10 03:45:00,1.16392,1.16394,1.16379,1.16385,0.0
2026-09-10 03:50:00,1.16384,1.16389,1.16377,1.16379,0.0
2026-09-10 03:55:00,1.16381,1.16393,1.16375,1.1639,0.0
2026-09-10 04:00:00,1.16389,1.16394,1.16379,1.16393,0.0
2026-09-10 04:05:00,1.1639,1.16395,1.16375,1.16377,0.0
2026-09-10 04:10:00,1.1638,1.16393,1.16377,1.16388,0.0
2026-09-10 04:15:00,1.16389,1.16397,1.16358,1.1636,0.0
2026-09-10 04:20:00,1.16363,1.1637,1.16351,1.16369,0.0
2026-09-10 04:25:00,1.16366,1.16369,1.16355,1.16357,0.0
2026-09-10 04:30:00,1.1636,1.1636,1.16336,1.1635,0.0
2026-09-10 04:35:00,1.16346,1.16354,1.1633,1.16332,0.0
2026-09-10 04:40:00,1.16333,1.16343,1.16312,1.16313,0.0
2026-09-10 04:45:00,1.16314,1.16316,1.16295,1.16299,0.0
2026-09-10 04:50:00,1.16305,1.16305,1.16294,1.16298,0.0
2026-09-10 04:55:00,1.16299,1.16304,1.16286,1.16292,0.0
2026-09-10 05:00:00,1.1629,1.16299,1.16274,1.16278,0.0
2026-09-10 05:05:00,1.16282,1.16282,1.16263,1.16278,0.0
2026-09-10 05:10:00,1.16273,1.1628,1.16266,1.16266,0.0
2026-09-10 05:15:00,1.16268,1.16283,1.16267,1.16281,0.0
2026-09-10 05:20:00,1.16279,1.163,1.16275,1.16299,0.0
2026-09-10 05:25:00,1.16295,1.16295,1.16276,1.16277,0.0
2026-09-10 05:30:00,1.1628,1.16286,1.16274,1.1628,0.0
2026-09-10 05:35:00,1.16281,1.16292,1.16278,1.16288,0.0
2026-09-10 05:40:00,1.16283,1.16302,1.16283,1.16301,0.0
2026-09-10 05:45:00,1.16299,1.16322,1.16296,1.1632,0.0
2026-09-10 05:50:00,1.16317,1.16322,1.16298,1.16308,0.0
2026-09-10 05:55:00,1.16308,1.16322,1.16302,1.16319,0.0
2026-09-10 06:00:00,1.16317,1.16318,1.16289,1.16298,0.0
2026-09-10 06:05:00,1.16296,1.16298,1.16283,1.16285,0.0
2026-09-10 06:10:00,1.16287,1.16296,1.16287,1.16295,0.0
2026-09-10 06:15:00,1.16292,1.16296,1.1628,1.16288,0.0
2026-09-10 06:20:00,1.16286,1.16289,1.1628,1.16289,0.0
2026-09-10 06:25:00,1.16287,1.16301,1.16281,1.16292,0.0
2026-09-10 06:30:00,1.16293,1.16314,1.16293,1.16307,0.0
2026-09-10 06:35:00,1.16309,1.16323,1.16307,1.1632,0.0
2026-09-10 06:40:00,1.16318,1.1632,1.16309,1.16315,0.0
2026-09-10 06:45:00,1.16312,1.1633,1.16309,1.1632,0.0
2026-09-10 06:50:00,1.16323,1.16338,1.16322,1.16337,0.0
2026-09-10 06:55:00,1.16336,1.16343,1.16322,1.16334,0.0
2026-09-10 07:00:00,1.16331,1.16363,1.16312,1.16333,0.0
2026-09-10 07:05:00,1.16334,1.16354,1.16324,1.16349,0.0
2026-09-10 07:10:00,1.16342,1.1637,1.16342,1.16357,0.0
2026-09-10 07:15:00,1.16358,1.16372,1.16353,1.16371,0.0
2026-09-10 07:20:00,1.16367,1.16379,1.1636,1.16375,0.0
2026-09-10 07:25:00,1.16365,1.16381,1.16363,1.16364,0.0
2026-09-10 07:30:00,1.16364,1.16375,1.16359,1.16369,0.0
2026-09-10 07:35:00,1.16365,1.16376,1.16353,1.16374,0.0
2026-09-10 07:40:00,1.1637,1.16372,1.16359,1.16362,0.0
2026-09-10 07:45:00,1.1636,1.16368,1.16358,1.16359,0.0
2026-09-10 07:50:00,1.16359,1.16367,1.16351,1.1636,0.0
2026-09-10 07:55:00,1.16362,1.16362,1.16355,1.16358,0.0
2026-09-10 08:00:00,1.16355,1.1637,1.16337,1.16338,0.0
2026-09-10 08:05:00,1.1634,1.16361,1.16335,1.16359,0.0
2026-09-10 08:10:00,1.16355,1.16367,1.16355,1.16364,0.0
2026-09-10 08:15:00,1.16363,1.16371,1.16358,1.16369,0.0
2026-09-10 08:20:00,1.16361,1.16385,1.16361,1.16381,0.0
2026-09-10 08:25:00,1.1638,1.1639,1.16377,1.16383,0.0
2026-09-10 08:30:00,1.16385,1.1639,1.16373,1.16374,0.0
2026-09-10 08:35:00,1.16377,1.16377,1.16363,1.16368,0.0
2026-09-10 08:40:00,1.16365,1.16381,1.16364,1.1638,0.0
2026-09-10 08:45:00,1.16376,1.16382,1.16367,1.16368,0.0
2026-09-10 08:50:00,1.16371,1.16376,1.16367,1.1637,0.0
2026-09-10 08:55:00,1.16371,1.1638,1.16364,1.16379,0.0
2026-09-10 09:00:00,1.16375,1.16385,1.16375,1.16379,0.0
2026-09-10 09:05:00,1.16378,1.16379,1.1637,1.16377,0.0
2026-09-10 09:10:00,1.16375,1.16382,1.16368,1.1638,0.0
2026-09-10 09:15:00,1.16378,1.16385,1.16378,1.16383,0.0
2026-09-10 09:20:00,1.16381,1.16383,1.16367,1.16368,0.0
2026-09-10 09:25:00,1.16371,1.16375,1.16366,1.1637,0.0
2026-09-10 09:30:00,1.1637,1.1638,1.16364,1.16366,0.0
2026-09-10 09:35:00,1.16369,1.16369,1.16361,1.16368,0.0
2026-09-10 09:40:00,1.16365,1.16374,1.16352,1.16354,0.0
2026-09-10 09:45:00,1.16357,1.16364,1.16347,1.16348,0.0
2026-09-10 09:50:00,1.16351,1.16359,1.16339,1.16341,0.0
2026-09-10 09:55:00,1.16343,1.16343,1.16333,1.16341,0.0
2026-09-10 10:00:00,1.16337,1.16349,1.16321,1.16322,0.0
2026-09-10 10:05:00,1.16324,1.1633,1.16317,1.16323,0.0
2026-09-10 10:10:00,1.16325,1.16344,1.16322,1.16343,0.0
2026-09-10 10:15:00,1.1634,1.16344,1.1633,1.1634,0.0
2026-09-10 10:20:00,1.16336,1.16345,1.16316,1.16317,0.0
2026-09-10 10:25:00,1.16319,1.16329,1.16317,1.16319,0.0
2026-09-10 10:30:00,1.16322,1.16323,1.16302,1.16308,0.0
2026-09-10 10:35:00,1.16306,1.16322,1.16301,1.16321,0.0
2026-09-10 10:40:00,1.16317,1.16327,1.1631,1.16312,0.0
2026-09-10 10:45:00,1.16315,1.16326,1.16307,1.16309,0.0
2026-09-10 10:50:00,1.16315,1.16338,1.16315,1.16337,0.0
2026-09-10 10:55:00,1.16333,1.16339,1.16313,1.16318,0.0
2026-09-10 11:00:00,1.16325,1.16328,1.16311,1.16327,0.0
2026-09-10 11:05:00,1.16327,1.16352,1.16322,1.16349,0.0
2026-09-10 11:10:00,1.16344,1.16351,1.16331,1.16349,0.0
2026-09-10 11:15:00,1.16346,1.16363,1.16346,1.16362,0.0
2026-09-10 11:20:00,1.1636,1.16367,1.1634,1.16342,0.0
2026-09-10 11:25:00,1.16341,1.16342,1.16326,1.16327,0.0
2026-09-10 11:30:00,1.16329,1.16336,1.16327,1.16334,0.0
2026-09-10 11:35:00,1.16327,1.16344,1.16327,1.16343,0.0
2026-09-10 11:40:00,1.16341,1.16346,1.16331,1.16332,0.0
2026-09-10 11:45:00,1.16333,1.16356,1.16333,1.16354,0.0
2026-09-10 11:50:00,1.16352,1.16372,1.16347,1.1637,0.0
2026-09-10 11:55:00,1.16363,1.16397,1.16363,1.16391,0.0
2026-09-10 12:00:00,1.16387,1.1641,1.16387,1.1641,0.0
2026-09-10 12:05:00,1.16409,1.16409,1.16395,1.16395,0.0
2026-09-10 12:10:00,1.16395,1.16397,1.16375,1.16389,0.0
2026-09-10 12:15:00,1.16387,1.16389,1.1637,1.1637,0.0
2026-09-10 12:20:00,1.16367,1.16379,1.16367,1.16369,0.0
2026-09-10 12:25:00,1.16369,1.16369,1.16364,1.16367,0.0
2026-09-10 12:30:00,1.16366,1.16366,1.16346,1.16346,0.0
2026-09-10 12:35:00,1.16345,1.16371,1.16343,1.16369,0.0
2026-09-10 12:40:00,1.16361,1.16379,1.16361,1.16374,0.0
2026-09-10 12:45:00,1.16373,1.16377,1.16364,1.16375,0.0
2026-09-10 12:50:00,1.16371,1.16383,1.16371,1.16381,0.0
2026-09-10 12:55:00,1.16377,1.1639,1.16377,1.16382,0.0
2026-09-10 13:00:00,1.16379,1.16403,1.16379,1.16387,0.0
2026-09-10 13:05:00,1.16393,1.16402,1.16375,1.16375,0.0
2026-09-10 13:10:00,1.16375,1.16383,1.1637,1.16372,0.0
2026-09-10 13:15:00,1.16369,1.16375,1.16369,1.16372,0.0
2026-09-10 13:20:00,1.16371,1.16377,1.16364,1.16365,0.0
2026-09-10 13:25:00,1.16369,1.16377,1.16369,1.16372,0.0
2026-09-10 13:30:00,1.16373,1.16383,1.16372,1.1638,0.0
2026-09-10 13:35:00,1.16377,1.16384,1.16376,1.1638,0.0
2026-09-10 13:40:00,1.16379,1.16379,1.16367,1.16368,0.0
2026-09-10 13:45:00,1.1637,1.16377,1.16367,1.16371,0.0
2026-09-10 13:50:00,1.16372,1.16383,1.16372,1.16376,0.0
2026-09-10 13:55:00,1.16374,1.16385,1.16372,1.16384,0.0
2026-09-10 14:00:00,1.16382,1.1639,1.16379,1.1638,0.0
2026-09-10 14:05:00,1.1638,1.16395,1.16376,1.16385,0.0
2026-09-10 14:10:00,1.16387,1.16406,1.16382,1.16405,0.0
2026-09-10 14:15:00,1.16401,1.16403,1.1639,1.16395,0.0
2026-09-10 14:20:00,1.16395,1.16396,1.16389,1.16389,0.0
2026-09-10 14:25:00,1.1639,1.16396,1.1638,1.16381,0.0
2026-09-10 14:30:00,1.16381,1.16394,1.16381,1.16393,0.0
2026-09-10 14:35:00,1.1639,1.16393,1.16381,1.16386,0.0
2026-09-10 14:40:00,1.16386,1.16393,1.16382,1.16383,0.0
2026-09-10 14:45:00,1.16383,1.16384,1.16378,1.16381,0.0
2026-09-10 14:50:00,1.16381,1.16383,1.16368,1.16376,0.0
2026-09-10 14:55:00,1.16374,1.16375,1.16366,1.16374,0.0
2026-09-10 15:00:00,1.16373,1.16384,1.16371,1.16375,0.0
2026-09-10 15:05:00,1.16378,1.16381,1.16374,1.16375,0.0
2026-09-10 15:10:00,1.16374,1.16381,1.16374,1.16379,0.0
2026-09-10 15:15:00,1.16375,1.16395,1.16375,1.16385,0.0
2026-09-10 15:20:00,1.16385,1.16389,1.16379,1.16381,0.0
2026-09-10 15:25:00,1.16382,1.16389,1.16382,1.16383,0.0
2026-09-10 15:30:00,1.16382,1.16405,1.16382,1.16403,0.0
2026-09-10 15:35:00,1.164,1.16405,1.16387,1.16388,0.0
2026-09-10 15:40:00,1.1639,1.1639,1.16375,1.16376,0.0
2026-09-10 15:45:00,1.1638,1.16391,1.16374,1.16387,0.0
2026-09-10 15:50:00,1.16386,1.16405,1.16382,1.16403,0.0
2026-09-10 15:55:00,1.16401,1.16407,1.16394,1.16397,0.0
2026-09-10 16:00:00,1.164,1.16402,1.16391,1.16393,0.0
2026-09-10 16:05:00,1.16397,1.16405,1.16394,1.16401,0.0
2026-09-10 16:10:00,1.164,1.16402,1.16379,1.16381,0.0
2026-09-10 16:15:00,1.16384,1.16396,1.16379,1.16393,0.0
2026-09-10 16:20:00,1.16388,1.16398,1.16382,1.16395,0.0
2026-09-10 16:25:00,1.16391,1.16401,1.16389,1.16393,0.0
2026-09-10 16:30:00,1.16397,1.164,1.1638,1.16398,0.0
2026-09-10 16:35:00,1.16392,1.16405,1.16391,1.16395,0.0
2026-09-10 16:40:00,1.16398,1.16402,1.16383,1.16384,0.0
2026-09-10 16:45:00,1.16385,1.164,1.16377,1.16391,0.0
2026-09-10 16:50:00,1.16393,1.16396,1.16367,1.16375,0.0
2026-09-10 16:55:00,1.16373,1.16406,1.16373,1.16401,0.0
2026-09-10 17:00:00,1.164,1.16401,1.16371,1.16376,0.0
2026-09-10 17:05:00,1.16376,1.16379,1.16362,1.16363,0.0
2026-09-10 17:10:00,1.16362,1.16383,1.16362,1.16382,0.0
2026-09-10 17:15:00,1.1638,1.16396,1.16378,1.16384,0.0
2026-09-10 17:20:00,1.1639,1.164,1.16383,1.16399,0.0
2026-09-10 17:25:00,1.16396,1.16398,1.16379,1.16383,0.0
2026-09-10 17:30:00,1.16385,1.16416,1.16381,1.16416,0.0
2026-09-10 17:35:00,1.16413,1.16419,1.16391,1.16394,0.0
2026-09-10 17:40:00,1.164,1.16413,1.16389,1.16409,0.0
2026-09-10 17:45:00,1.16404,1.16414,1.1639,1.16407,0.0
2026-09-10 17:50:00,1.16406,1.16414,1.16386,1.16411,0.0
2026-09-10 17:55:00,1.16408,1.1642,1.16391,1.16395,0.0
2026-09-10 18:00:00,1.16399,1.16402,1.1637,1.16374,0.0
2026-09-10 18:05:00,1.16381,1.16381,1.16364,1.16375,0.0
2026-09-10 18:10:00,1.16372,1.16377,1.16356,1.16362,0.0
2026-09-10 18:15:00,1.16359,1.16378,1.16355,1.16375,0.0
2026-09-10 18:20:00,1.16371,1.16382,1.16367,1.16373,0.0
2026-09-10 18:25:00,1.16375,1.16384,1.1637,1.16374,0.0
2026-09-10 18:30:00,1.16375,1.16394,1.16356,1.16383,0.0
2026-09-10 18:35:00,1.16374,1.16401,1.16374,1.16383,0.0
2026-09-10 18:40:00,1.16385,1.16389,1.16359,1.16364,0.0
2026-09-10 18:45:00,1.16371,1.16379,1.16363,1.16368,0.0
2026-09-10 18:50:00,1.1637,1.16382,1.1636,1.16363,0.0
2026-09-10 18:55:00,1.16366,1.16385,1.16347,1.16382,0.0
2026-09-10 19:00:00,1.16376,1.16386,1.16372,1.16383,0.0
2026-09-10 19:05:00,1.16382,1.1639,1.16368,1.16387,0.0
2026-09-10 19:10:00,1.16385,1.16402,1.16377,1.164,0.0
2026-09-10 19:15:00,1.16395,1.16406,1.16387,1.16389,0.0
2026-09-10 19:20:00,1.16394,1.16394,1.16364,1.16369,0.0
2026-09-10 19:25:00,1.16376,1.16379,1.16348,1.16376,0.0
2026-09-10 19:30:00,1.16374,1.1638,1.1634,1.1635,0.0
2026-09-10 19:35:00,1.16349,1.16351,1.1633,1.16333,0.0
2026-09-10 19:40:00,1.1634,1.16353,1.16314,1.16321,0.0
2026-09-10 19:45:00,1.16324,1.16346,1.16324,1.1633,0.0
2026-09-10 19:50:00,1.16328,1.16335,1.16314,1.16335,0.0
2026-09-10 19:55:00,1.16333,1.16354,1.16329,1.16342,0.0
2026-09-10 20:00:00,1.16346,1.16367,1.16337,1.16361,0.0
2026-09-10 20:05:00,1.16352,1.16387,1.16352,1.16366,0.0
2026-09-10 20:10:00,1.16365,1.16382,1.16351,1.1636,0.0
2026-09-10 20:15:00,1.16359,1.16366,1.16344,1.16347,0.0
2026-09-10 20:20:00,1.16352,1.16355,1.1633,1.16351,0.0
2026-09-10 20:25:00,1.16349,1.16349,1.16315,1.16327,0.0
2026-09-10 20:30:00,1.16323,1.16323,1.16257,1.16261,0.0
2026-09-10 20:35:00,1.16264,1.16264,1.16241,1.16242,0.0
2026-09-10 20:40:00,1.16245,1.16258,1.16243,1.16256,0.0
2026-09-10 20:45:00,1.16254,1.16254,1.16237,1.1625,0.0
2026-09-10 20:50:00,1.16247,1.1627,1.16243,1.16258,0.0
2026-09-10 20:55:00,1.16254,1.16297,1.16254,1.16281,0.0
2026-09-10 21:00:00,1.16285,1.16286,1.16268,1.1627,0.0
2026-09-10 21:05:00,1.16273,1.16275,1.16255,1.16262,0.0
2026-09-10 21:10:00,1.1626,1.1626,1.16234,1.16243,0.0
2026-09-10 21:15:00,1.1624,1.16253,1.16237,1.16238,0.0
2026-09-10 21:20:00,1.16241,1.16252,1.1622,1.16226,0.0
2026-09-10 21:25:00,1.16235,1.16268,1.16217,1.16264,0.0
2026-09-10 21:30:00,1.16257,1.16257,1.16233,1.16235,0.0
2026-09-10 21:35:00,1.16237,1.1624,1.16225,1.16237,0.0
2026-09-10 21:40:00,1.16233,1.16262,1.16233,1.16259,0.0
2026-09-10 21:45:00,1.16258,1.16271,1.16233,1.16243,0.0
2026-09-10 21:50:00,1.16239,1.16253,1.16228,1.16231,0.0
2026-09-10 21:55:00,1.16232,1.16237,1.16156,1.16158,0.0
2026-09-10 22:00:00,1.16164,1.16193,1.16158,1.16161,0.0
2026-09-10 22:05:00,1.16166,1.16173,1.16148,1.16172,0.0
2026-09-10 22:10:00,1.1617,1.16182,1.16155,1.16161,0.0
2026-09-10 22:15:00,1.16161,1.16161,1.16107,1.16142,0.0
2026-09-10 22:20:00,1.16129,1.16193,1.16129,1.16189,0.0
2026-09-10 22:25:00,1.16181,1.16245,1.16181,1.16219,0.0
2026-09-10 22:30:00,1.16231,1.16282,1.16001,1.16026,0.0
2026-09-10 22:35:00,1.16068,1.16068,1.15942,1.15948,0.0
2026-09-10 22:40:00,1.15954,1.15994,1.15935,1.1599,0.0
2026-09-10 22:45:00,1.15979,1.16083,1.15979,1.1607,0.0
2026-09-10 22:50:00,1.16069,1.16106,1.16039,1.16045,0.0
2026-09-10 22:55:00,1.16048,1.16054,1.16005,1.16049,0.0
2026-09-10 23:00:00,1.16042,1.16059,1.16027,1.16052,0.0
2026-09-10 23:05:00,1.1605,1.16066,1.16015,1.16019,0.0
2026-09-10 23:10:00,1.16025,1.16038,1.16009,1.16016,0.0
2026-09-10 23:15:00,1.16019,1.16019,1.16,1.16007,0.0
2026-09-10 23:20:00,1.16009,1.16065,1.16005,1.16059,0.0
2026-09-10 23:25:00,1.1605,1.1605,1.15988,1.16031,0.0
2026-09-10 23:30:00,1.16023,1.1609,1.16012,1.16085,0.0
2026-09-10 23:35:00,1.16077,1.16121,1.16077,1.16119,0.0
2026-09-10 23:40:00,1.16114,1.1617,1.16089,1.16168,0.0
2026-09-10 23:45:00,1.1616,1.16183,1.1616,1.16183,0.0
2026-09-10 23:50:00,1.16179,1.16194,1.16147,1.16179,0.0
2026-09-10 23:55:00,1.16175,1.16175,1.16117,1.16121,0.0
2026-09-11 00:00:00,1.16123,1.16173,1.16117,1.16172,0.0
2026-09-11 00:05:00,1.16166,1.16203,1.1616,1.16185,0.0
2026-09-11 00:10:00,1.16193,1.16225,1.16181,1.16197,0.0
2026-09-11 00:15:00,1.16202,1.16203,1.16162,1.16167,0.0
2026-09-11 00:20:00,1.16171,1.16204,1.16171,1.162,0.0
2026-09-11 00:25:00,1.16189,1.16247,1.16176,1.1624,0.0
2026-09-11 00:30:00,1.1623,1.16257,1.162,1.16249,0.0
2026-09-11 00:35:00,1.16238,1.16275,1.16232,1.16238,0.0
2026-09-11 00:40:00,1.16247,1.1626,1.16231,1.16241,0.0
2026-09-11 00:45:00,1.16246,1.16276,1.16231,1.16258,0.0
2026-09-11 00:50:00,1.16265,1.1628,1.16251,1.16274,0.0
2026-09-11 00:55:00,1.16265,1.16287,1.16265,1.16281,0.0
2026-09-11 01:00:00,1.16282,1.16298,1.16259,1.16283,0.0
2026-09-11 01:05:00,1.1627,1.16297,1.16263,1.1629,0.0
2026-09-11 01:10:00,1.16286,1.1631,1.1627,1.16302,0.0
2026-09-11 01:15:00,1.16294,1.16314,1.1628,1.16304,0.0
2026-09-11 01:20:00,1.16304,1.16307,1.16266,1.16275,0.0
2026-09-11 01:25:00,1.16292,1.16292,1.16244,1.16258,0.0
2026-09-11 01:30:00,1.16257,1.16279,1.16245,1.16272,0.0
2026-09-11 01:35:00,1.16263,1.16293,1.16263,1.16292,0.0
2026-09-11 01:40:00,1.16289,1.16293,1.16267,1.1629,0.0
2026-09-11 01:45:00,1.16288,1.16289,1.16245,1.16251,0.0
2026-09-11 01:50:00,1.1626,1.16297,1.16249,1.16294,0.0
2026-09-11 01:55:00,1.16293,1.16293,1.16268,1.16282,0.0
2026-09-11 02:00:00,1.1628,1.1629,1.16256,1.1627,0.0
2026-09-11 02:05:00,1.16268,1.16268,1.16241,1.1625,0.0
2026-09-11 02:10:00,1.16248,1.16265,1.16245,1.16248,0.0
2026-09-11 02:15:00,1.16255,1.16268,1.16243,1.16251,0.0
2026-09-11 02:20:00,1.16248,1.16277,1.16248,1.16276,0.0
2026-09-11 02:25:00,1.16271,1.16291,1.16259,1.16264,0.0
2026-09-11 02:30:00,1.16273,1.16273,1.16237,1.16244,0.0
2026-09-11 02:35:00,1.16255,1.16261,1.1621,1.16222,0.0
2026-09-11 02:40:00,1.1622,1.16222,1.16199,1.16219,0.0
2026-09-11 02:45:00,1.16208,1.16225,1.16208,1.16216,0.0
2026-09-11 02:50:00,1.16218,1.16218,1.1621,1.16214,0.0
2026-09-11 02:55:00,1.16214,1.16216,1.1619,1.16192,0.0
2026-09-11 03:00:00,1.16195,1.16197,1.16172,1.16175,0.0
2026-09-11 03:05:00,1.16175,1.16206,1.16175,1.16196,0.0
2026-09-11 03:10:00,1.16192,1.16218,1.16187,1.16207,0.0
2026-09-11 03:15:00,1.16208,1.1622,1.16207,1.16217,0.0
2026-09-11 03:20:00,1.16216,1.16233,1.16213,1.16231,0.0
2026-09-11 03:25:00,1.16228,1.16228,1.1621,1.16218,0.0
2026-09-11 03:30:00,1.16217,1.16224,1.16207,1.16209,0.0
2026-09-11 03:35:00,1.16213,1.16221,1.16207,1.16213,0.0
2026-09-11 03:40:00,1.16213,1.16214,1.16193,1.16201,0.0
2026-09-11 03:45:00,1.16195,1.16212,1.16195,1.16211,0.0
2026-09-11 03:50:00,1.16207,1.16221,1.16203,1.1621,0.0
2026-09-11 03:55:00,1.16213,1.16216,1.1619,1.16192,0.0
2026-09-11 04:00:00,1.16195,1.16198,1.16178,1.16186,0.0
2026-09-11 04:05:00,1.16184,1.16187,1.16164,1.16169,0.0
2026-09-11 04:10:00,1.16177,1.16177,1.16131,1.16141,0.0
2026-09-11 04:15:00,1.16138,1.16148,1.16128,1.16146,0.0
2026-09-11 04:20:00,1.16141,1.16168,1.16141,1.16167,0.0
2026-09-11 04:25:00,1.16162,1.16169,1.16145,1.16163,0.0
2026-09-11 04:30:00,1.16157,1.16166,1.16135,1.16137,0.0
2026-09-11 04:35:00,1.16141,1.16159,1.16137,1.16152,0.0
2026-09-11 04:40:00,1.1615,1.16158,1.16148,1.16157,0.0
2026-09-11 04:45:00,1.16152,1.16167,1.16132,1.16134,0.0
2026-09-11 04:50:00,1.16135,1.16158,1.16129,1.16157,0.0
2026-09-11 04:55:00,1.16156,1.1616,1.16133,1.16135,0.0
2026-09-11 05:00:00,1.16138,1.16138,1.1611,1.16114,0.0
2026-09-11 05:05:00,1.16111,1.16122,1.1611,1.16112,0.0
2026-09-11 05:10:00,1.16115,1.16121,1.16091,1.16093,0.0
2026-09-11 05:15:00,1.16097,1.16108,1.16093,1.16104,0.0
2026-09-11 05:20:00,1.16101,1.16131,1.16096,1.1613,0.0
2026-09-11 05:25:00,1.16127,1.16136,1.16115,1.16125,0.0
2026-09-11 05:30:00,1.16123,1.16126,1.16108,1.1611,0.0
2026-09-11 05:35:00,1.16115,1.16124,1.16105,1.16107,0.0
2026-09-11 05:40:00,1.16109,1.16125,1.16108,1.16122,0.0
2026-09-11 05:45:00,1.1612,1.16124,1.1611,1.16122,0.0
2026-09-11 05:50:00,1.16119,1.16125,1.16106,1.16122,0.0
2026-09-11 05:55:00,1.16118,1.16124,1.16101,1.16102,0.0
2026-09-11 06:00:00,1.16102,1.16108,1.16093,1.16098,0.0
2026-09-11 06:05:00,1.16095,1.16106,1.16093,1.16096,0.0
2026-09-11 06:10:00,1.16099,1.161,1.1609,1.16091,0.0
2026-09-11 06:15:00,1.16093,1.16099,1.16081,1.16085,0.0
2026-09-11 06:20:00,1.16092,1.16092,1.16062,1.16069,0.0
2026-09-11 06:25:00,1.16067,1.16072,1.16056,1.16057,0.0
2026-09-11 06:30:00,1.1606,1.16092,1.1606,1.16091,0.0
2026-09-11 06:35:00,1.1609,1.16097,1.16081,1.16094,0.0
2026-09-11 06:40:00,1.16092,1.16096,1.16074,1.16077,0.0
2026-09-11 06:45:00,1.1608,1.16104,1.1607,1.161,0.0
2026-09-11 06:50:00,1.16095,1.16109,1.1609,1.16106,0.0
2026-09-11 06:55:00,1.16102,1.16108,1.16094,1.16105,0.0
2026-09-11 07:00:00,1.16102,1.16158,1.16094,1.16139,0.0
2026-09-11 07:05:00,1.16137,1.1614,1.16083,1.16088,0.0
2026-09-11 07:10:00,1.16094,1.16108,1.1609,1.16098,0.0
2026-09-11 07:15:00,1.16099,1.1611,1.16093,1.16103,0.0
2026-09-11 07:20:00,1.16097,1.16106,1.16086,1.16093,0.0
2026-09-11 07:25:00,1.16092,1.16105,1.16084,1.16086,0.0
2026-09-11 07:30:00,1.16093,1.16104,1.16093,1.16099,0.0
2026-09-11 07:35:00,1.16096,1.16106,1.1609,1.16098,0.0
2026-09-11 07:40:00,1.16098,1.16109,1.16095,1.161,0.0
2026-09-11 07:45:00,1.161,1.1611,1.16098,1.16108,0.0
2026-09-11 07:50:00,1.16104,1.16109,1.16099,1.16101,0.0
2026-09-11 07:55:00,1.161,1.16105,1.16077,1.16101,0.0
2026-09-11 08:00:00,1.16089,1.16108,1.16073,1.16087,0.0
2026-09-11 08:05:00,1.1609,1.16098,1.16082,1.16084,0.0
2026-09-11 08:10:00,1.16089,1.16089,1.16078,1.16087,0.0
2026-09-11 08:15:00,1.16082,1.16096,1.16082,1.16093,0.0
2026-09-11 08:20:00,1.16091,1.16106,1.16085,1.16097,0.0
2026-09-11 08:25:00,1.161,1.161,1.16089,1.1609,0.0
2026-09-11 08:30:00,1.16093,1.16096,1.16085,1.16095,0.0
2026-09-11 08:35:00,1.16092,1.16098,1.1609,1.16096,0.0
2026-09-11 08:40:00,1.16093,1.16102,1.16085,1.16102,0.0
2026-09-11 08:45:00,1.161,1.16104,1.16091,1.16098,0.0
2026-09-11 08:50:00,1.16099,1.16108,1.16097,1.16105,0.0
2026-09-11 08:55:00,1.16104,1.16115,1.161,1.16114,0.0
2026-09-11 09:00:00,1.1611,1.16116,1.161,1.16112,0.0
2026-09-11 09:05:00,1.16111,1.16111,1.16089,1.16094,0.0
2026-09-11 09:10:00,1.16092,1.16097,1.1609,1.16093,0.0
2026-09-11 09:15:00,1.16093,1.16107,1.16092,1.16105,0.0
2026-09-11 09:20:00,1.16102,1.16108,1.16091,1.161,0.0
2026-09-11 09:25:00,1.161,1.161,1.16085,1.16087,0.0
2026-09-11 09:30:00,1.1609,1.161,1.16085,1.16099,0.0
2026-09-11 09:35:00,1.16096,1.16103,1.1609,1.16102,0.0
2026-09-11 09:40:00,1.16099,1.16106,1.1609,1.16101,0.0
2026-09-11 09:45:00,1.16095,1.16109,1.16091,1.16098,0.0
2026-09-11 09:50:00,1.16099,1.16107,1.16094,1.16101,0.0
2026-09-11 09:55:00,1.16099,1.16106,1.16095,1.16105,0.0
2026-09-11 10:00:00,1.16101,1.16137,1.161,1.16133,0.0
2026-09-11 10:05:00,1.16132,1.16148,1.16114,1.16146,0.0
2026-09-11 10:10:00,1.16144,1.16146,1.16124,1.16144,0.0
2026-09-11 10:15:00,1.16142,1.16143,1.16122,1.16136,0.0
2026-09-11 10:20:00,1.16131,1.16147,1.16126,1.16131,0.0
2026-09-11 10:25:00,1.16138,1.16138,1.16116,1.16133,0.0
2026-09-11 10:30:00,1.16129,1.16136,1.16121,1.16124,0.0
2026-09-11 10:35:00,1.16125,1.16143,1.16125,1.16142,0.0
2026-09-11 10:40:00,1.1614,1.16146,1.16128,1.16133,0.0
2026-09-11 10:45:00,1.16136,1.16152,1.16131,1.16135,0.0
2026-09-11 10:50:00,1.16139,1.16147,1.16128,1.16144,0.0
2026-09-11 10:55:00,1.16142,1.16152,1.16132,1.16149,0.0
2026-09-11 11:00:00,1.16139,1.16164,1.16139,1.16161,0.0
2026-09-11 11:05:00,1.16157,1.16165,1.16155,1.16159,0.0
2026-09-11 11:10:00,1.1616,1.16172,1.16159,1.16169,0.0
2026-09-11 11:15:00,1.16167,1.16178,1.16159,1.16172,0.0
2026-09-11 11:20:00,1.16166,1.16177,1.16149,1.16151,0.0
2026-09-11 11:25:00,1.16154,1.16168,1.16149,1.16166,0.0
2026-09-11 11:30:00,1.16164,1.16172,1.16148,1.16154,0.0
2026-09-11 11:35:00,1.16152,1.16165,1.16149,1.16165,0.0
2026-09-11 11:40:00,1.16163,1.16163,1.16139,1.16151,0.0
2026-09-11 11:45:00,1.16149,1.16149,1.16122,1.16123,0.0
2026-09-11 11:50:00,1.16125,1.16142,1.16118,1.1614,0.0
2026-09-11 11:55:00,1.16134,1.16134,1.16112,1.1612,0.0
2026-09-11 12:00:00,1.16116,1.16134,1.16098,1.16101,0.0
2026-09-11 12:05:00,1.16105,1.16105,1.16093,1.16101,0.0
2026-09-11 12:10:00,1.16096,1.16109,1.16095,1.16107,0.0
2026-09-11 12:15:00,1.161,1.16104,1.16077,1.16079,0.0
2026-09-11 12:20:00,1.16079,1.16092,1.16073,1.16076,0.0
2026-09-11 12:25:00,1.16077,1.16079,1.16063,1.1607,0.0
2026-09-11 12:30:00,1.16068,1.16071,1.16057,1.16068,0.0
2026-09-11 12:35:00,1.16066,1.16071,1.16059,1.1607,0.0
2026-09-11 12:40:00,1.16064,1.16087,1.16064,1.16077,0.0
2026-09-11 12:45:00,1.16078,1.16086,1.16071,1.16084,0.0
2026-09-11 12:50:00,1.16081,1.1609,1.16075,1.16087,0.0
2026-09-11 12:55:00,1.16084,1.16089,1.1607,1.16082,0.0
2026-09-11 13:00:00,1.1608,1.16082,1.16069,1.16081,0.0
2026-09-11 13:05:00,1.16079,1.16079,1.16055,1.16064,0.0
2026-09-11 13:10:00,1.16059,1.16075,1.16059,1.16072,0.0
2026-09-11 13:15:00,1.1607,1.16077,1.16054,1.16057,0.0
2026-09-11 13:20:00,1.16061,1.16061,1.16025,1.1603,0.0
2026-09-11 13:25:00,1.16037,1.16037,1.16016,1.16021,0.0
2026-09-11 13:30:00,1.1602,1.16022,1.16006,1.16014,0.0
2026-09-11 13:35:00,1.16012,1.16028,1.16005,1.16018,0.0
2026-09-11 13:40:00,1.1602,1.16026,1.16013,1.16021,0.0
2026-09-11 13:45:00,1.16022,1.16025,1.16,1.16005,0.0
2026-09-11 13:50:00,1.16004,1.16012,1.15996,1.16011,0.0
2026-09-11 13:55:00,1.16006,1.16034,1.15999,1.16021,0.0
2026-09-11 14:00:00,1.16027,1.16042,1.16008,1.16035,0.0
2026-09-11 14:05:00,1.16026,1.16053,1.16026,1.16051,0.0
2026-09-11 14:10:00,1.1605,1.16071,1.16046,1.16069,0.0
2026-09-11 14:15:00,1.16066,1.16076,1.16058,1.16075,0.0
2026-09-11 14:20:00,1.16074,1.16081,1.16067,1.16071,0.0
2026-09-11 14:25:00,1.16074,1.16084,1.16069,1.1608,0.0
2026-09-11 14:30:00,1.16078,1.16085,1.16063,1.16079,0.0
2026-09-11 14:35:00,1.16078,1.16078,1.16054,1.1606,0.0
2026-09-11 14:40:00,1.1606,1.16065,1.16054,1.16063,0.0
2026-09-11 14:45:00,1.16061,1.16071,1.16052,1.16056,0.0
2026-09-11 14:50:00,1.16062,1.16062,1.16052,1.16058,0.0
2026-09-11 14:55:00,1.16055,1.16059,1.16047,1.16049,0.0
2026-09-11 15:00:00,1.1605,1.16081,1.16047,1.16074,0.0
2026-09-11 15:05:00,1.16065,1.16085,1.16057,1.16083,0.0
2026-09-11 15:10:00,1.16079,1.16087,1.16075,1.16083,0.0
2026-09-11 15:15:00,1.1608,1.16104,1.16069,1.16095,0.0
2026-09-11 15:20:00,1.16096,1.16109,1.16095,1.16107,0.0
2026-09-11 15:25:00,1.16103,1.16108,1.16087,1.16094,0.0
2026-09-11 15:30:00,1.16094,1.16129,1.16094,1.16123,0.0
2026-09-11 15:35:00,1.16121,1.16141,1.16099,1.16124,0.0
2026-09-11 15:40:00,1.16128,1.16128,1.16106,1.16114,0.0
2026-09-11 15:45:00,1.16116,1.16131,1.1609,1.16097,0.0
2026-09-11 15:50:00,1.1611,1.1612,1.1609,1.16098,0.0
2026-09-11 15:55:00,1.16112,1.16114,1.16094,1.16112,0.0
2026-09-11 16:00:00,1.16111,1.16112,1.16089,1.16106,0.0
2026-09-11 16:05:00,1.16104,1.16112,1.16088,1.16109,0.0
2026-09-11 16:10:00,1.16108,1.16124,1.1609,1.16115,0.0
2026-09-11 16:15:00,1.16111,1.16141,1.16111,1.16119,0.0
2026-09-11 16:20:00,1.16126,1.16128,1.16109,1.16118,0.0
2026-09-11 16:25:00,1.16117,1.16118,1.16108,1.16113,0.0
2026-09-11 16:30:00,1.16112,1.16122,1.16098,1.16105,0.0
2026-09-11 16:35:00,1.16116,1.16121,1.16097,1.16111,0.0
2026-09-11 16:40:00,1.16115,1.16115,1.16095,1.16098,0.0
2026-09-11 16:45:00,1.16102,1.16112,1.16094,1.16109,0.0
2026-09-11 16:50:00,1.16107,1.16109,1.1609,1.16107,0.0
2026-09-11 16:55:00,1.16098,1.16127,1.16091,1.16104,0.0
2026-09-11 17:00:00,1.16103,1.16108,1.16079,1.16099,0.0
2026-09-11 17:05:00,1.16095,1.16097,1.16073,1.16093,0.0
2026-09-11 17:10:00,1.16088,1.16095,1.16071,1.16082,0.0
2026-09-11 17:15:00,1.16087,1.16087,1.16067,1.16081,0.0
2026-09-11 17:20:00,1.16078,1.16102,1.16075,1.16085,0.0
2026-09-11 17:25:00,1.16091,1.16104,1.16083,1.16091,0.0
2026-09-11 17:30:00,1.16088,1.16088,1.16071,1.16087,0.0
2026-09-11 17:35:00,1.16085,1.16095,1.16067,1.16079,0.0
2026-09-11 17:40:00,1.1608,1.16087,1.16054,1.16059,0.0
2026-09-11 17:45:00,1.16067,1.16073,1.16016,1.16034,0.0
2026-09-11 17:50:00,1.16025,1.16056,1.16025,1.16055,0.0
2026-09-11 17:55:00,1.1605,1.16059,1.16043,1.16048,0.0
2026-09-11 18:00:00,1.16052,1.16062,1.16034,1.16037,0.0
2026-09-11 18:05:00,1.16044,1.16058,1.16042,1.16056,0.0
2026-09-11 18:10:00,1.16052,1.16058,1.16036,1.16058,0.0
2026-09-11 18:15:00,1.16054,1.16055,1.16032,1.16042,0.0
2026-09-11 18:20:00,1.16041,1.16062,1.16023,1.16027,0.0
2026-09-11 18:25:00,1.16037,1.16079,1.16017,1.16025,0.0
2026-09-11 18:30:00,1.16027,1.16049,1.1602,1.16049,0.0
2026-09-11 18:35:00,1.16047,1.16047,1.16029,1.16044,0.0
2026-09-11 18:40:00,1.16042,1.16053,1.16035,1.16049,0.0
2026-09-11 18:45:00,1.16049,1.16053,1.16028,1.16033,0.0
2026-09-11 18:50:00,1.16042,1.16042,1.16005,1.16008,0.0
2026-09-11 18:55:00,1.16011,1.16013,1.15988,1.1599,0.0
2026-09-11 19:00:00,1.15993,1.16021,1.15985,1.15992,0.0
2026-09-11 19:05:00,1.16002,1.16003,1.15984,1.15989,0.0
2026-09-11 19:10:00,1.15997,1.15997,1.15961,1.15981,0.0
2026-09-11 19:15:00,1.15979,1.15984,1.15964,1.15971,0.0
2026-09-11 19:20:00,1.15976,1.16015,1.15976,1.16014,0.0
2026-09-11 19:25:00,1.16013,1.16021,1.16,1.16009,0.0
2026-09-11 19:30:00,1.1601,1.1601,1.15989,1.16003,0.0
2026-09-11 19:35:00,1.16002,1.1601,1.15977,1.15982,0.0
2026-09-11 19:40:00,1.15991,1.15993,1.15976,1.15989,0.0
2026-09-11 19:45:00,1.15984,1.15993,1.15965,1.15971,0.0
2026-09-11 19:50:00,1.15969,1.15981,1.15963,1.15978,0.0
2026-09-11 19:55:00,1.15975,1.15976,1.15953,1.15957,0.0
2026-09-11 20:00:00,1.15959,1.1599,1.15957,1.15986,0.0
2026-09-11 20:05:00,1.1598,1.1599,1.15962,1.15964,0.0
2026-09-11 20:10:00,1.15966,1.15966,1.15946,1.15959,0.0
2026-09-11 20:15:00,1.15953,1.15966,1.15937,1.15938,0.0
2026-09-11 20:20:00,1.15943,1.1595,1.15935,1.15938,0.0
2026-09-11 20:25:00,1.15941,1.15941,1.15919,1.15927,0.0
2026-09-11 20:30:00,1.15925,1.15937,1.15907,1.15914,0.0
2026-09-11 20:35:00,1.15925,1.1593,1.15908,1.15925,0.0
2026-09-11 20:40:00,1.15919,1.15929,1.15902,1.15915,0.0
2026-09-11 20:45:00,1.15914,1.15916,1.15906,1.15914,0.0
2026-09-11 20:50:00,1.15912,1.15918,1.15903,1.15918,0.0
2026-09-11 20:55:00,1.15916,1.15927,1.1591,1.15924,0.0
2026-09-11 21:00:00,1.15919,1.15947,1.15916,1.15944,0.0
2026-09-11 21:05:00,1.15938,1.15949,1.15926,1.15937,0.0
2026-09-11 21:10:00,1.15932,1.15948,1.15927,1.15944,0.0
2026-09-11 21:15:00,1.15938,1.15947,1.15918,1.15935,0.0
2026-09-11 21:20:00,1.15931,1.15939,1.15915,1.15921,0.0
2026-09-11 21:25:00,1.1592,1.15943,1.15915,1.15941,0.0
2026-09-11 21:30:00,1.15939,1.15951,1.15929,1.15931,0.0
2026-09-11 21:35:00,1.15935,1.15941,1.15922,1.15929,0.0
2026-09-11 21:40:00,1.15934,1.15934,1.15918,1.1592,0.0
2026-09-11 21:45:00,1.15923,1.1595,1.15923,1.15948,0.0
2026-09-11 21:50:00,1.15944,1.15952,1.15925,1.15949,0.0
2026-09-11 21:55:00,1.15942,1.15953,1.15914,1.15915,0.0
2026-09-11 22:00:00,1.15915,1.15942,1.15909,1.15931,0.0
2026-09-11 22:05:00,1.15935,1.15946,1.15922,1.15928,0.0
2026-09-11 22:10:00,1.15938,1.15946,1.15919,1.15923,0.0
2026-09-11 22:15:00,1.15926,1.15931,1.15908,1.15914,0.0
2026-09-11 22:20:00,1.15924,1.15945,1.15916,1.15928,0.0
2026-09-11 22:25:00,1.15928,1.15957,1.15908,1.15956,0.0
2026-09-11 22:30:00,1.1595,1.15961,1.15691,1.15836,0.0
2026-09-11 22:35:00,1.1582,1.15876,1.1582,1.15862,0.0
2026-09-11 22:40:00,1.15866,1.15929,1.15855,1.15913,0.0
2026-09-11 22:45:00,1.15913,1.1599,1.1591,1.15956,0.0
2026-09-11 22:50:00,1.1596,1.16031,1.15953,1.16028,0.0
2026-09-11 22:55:00,1.16022,1.16024,1.15997,1.16007,0.0
2026-09-11 23:00:00,1.16014,1.16085,1.16014,1.16081,0.0
2026-09-11 23:05:00,1.1607,1.16089,1.16021,1.16026,0.0
2026-09-11 23:10:00,1.16035,1.1604,1.16005,1.16013,0.0
2026-09-11 23:15:00,1.16022,1.16042,1.15988,1.15995,0.0
2026-09-11 23:20:00,1.16003,1.16046,1.15999,1.16036,0.0
2026-09-11 23:25:00,1.16012,1.1607,1.16012,1.16064,0.0
2026-09-11 23:30:00,1.16047,1.16077,1.16021,1.16025,0.0
2026-09-11 23:35:00,1.16033,1.16063,1.16016,1.16025,0.0
2026-09-11 23:40:00,1.16041,1.16095,1.16017,1.16021,0.0
2026-09-11 23:45:00,1.16027,1.16095,1.16012,1.16093,0.0
2026-09-11 23:50:00,1.1609,1.16106,1.16056,1.16097,0.0
2026-09-11 23:55:00,1.16084,1.16124,1.16075,1.16115,0.0
2026-09-12 00:00:00,1.16101,1.16132,1.16075,1.16098,0.0
2026-09-12 00:05:00,1.16083,1.16147,1.16082,1.16143,0.0
2026-09-12 00:10:00,1.16138,1.16148,1.16114,1.16119,0.0
2026-09-12 00:15:00,1.16127,1.16127,1.16095,1.16098,0.0
2026-09-12 00:20:00,1.16106,1.16135,1.16094,1.16102,0.0
2026-09-12 00:25:00,1.16115,1.16115,1.16077,1.1608,0.0
2026-09-12 00:30:00,1.16081,1.16091,1.16067,1.16086,0.0
2026-09-12 00:35:00,1.16079,1.16105,1.16069,1.16082,0.0
2026-09-12 00:40:00,1.16095,1.16095,1.16077,1.16091,0.0
2026-09-12 00:45:00,1.16089,1.16124,1.16081,1.16119,0.0
2026-09-12 00:50:00,1.16106,1.1616,1.16105,1.16109,0.0
2026-09-12 00:55:00,1.16117,1.16153,1.16107,1.16151,0.0
2026-09-12 01:00:00,1.16147,1.16167,1.16098,1.16103,0.0
2026-09-12 01:05:00,1.1611,1.16124,1.161,1.16103,0.0
2026-09-12 01:10:00,1.16108,1.16108,1.16058,1.16061,0.0
2026-09-12 01:15:00,1.16069,1.16089,1.16069,1.16087,0.0
2026-09-12 01:20:00,1.16086,1.16093,1.1606,1.16065,0.0
2026-09-12 01:25:00,1.16068,1.16068,1.16044,1.16047,0.0
2026-09-12 01:30:00,1.16053,1.16056,1.16039,1.16042,0.0
2026-09-12 01:35:00,1.16048,1.16052,1.16028,1.16033,0.0
2026-09-12 01:40:00,1.1604,1.16041,1.16013,1.16038,0.0
2026-09-12 01:45:00,1.16036,1.16036,1.16011,1.16029,0.0
2026-09-12 01:50:00,1.16018,1.16038,1.16012,1.16029,0.0
2026-09-12 01:55:00,1.16027,1.16029,1.16013,1.16014,0.0
2026-09-12 02:00:00,1.16016,1.16049,1.16016,1.16047,0.0
2026-09-12 02:05:00,1.16043,1.16057,1.16031,1.1604,0.0
2026-09-12 02:10:00,1.16038,1.16044,1.16034,1.16035,0.0
2026-09-12 02:15:00,1.16037,1.16053,1.1602,1.16052,0.0
2026-09-12 02:20:00,1.1605,1.16065,1.16047,1.16063,0.0
2026-09-12 02:25:00,1.1606,1.16073,1.16055,1.16072,0.0
2026-09-12 02:30:00,1.16071,1.16071,1.16031,1.1605,0.0
2026-09-12 02:35:00,1.16046,1.16058,1.16015,1.16027,0.0
2026-09-12 02:40:00,1.16025,1.16025,1.16001,1.16005,0.0
2026-09-12 02:45:00,1.16011,1.16029,1.16001,1.16027,0.0
2026-09-12 02:50:00,1.16026,1.16026,1.15988,1.15991,0.0
2026-09-12 02:55:00,1.15993,1.16004,1.15986,1.15994,0.0
2026-09-12 03:00:00,1.15994,1.16001,1.15969,1.15972,0.0
2026-09-12 03:05:00,1.15976,1.15983,1.15962,1.15966,0.0
2026-09-12 03:10:00,1.15971,1.15979,1.15965,1.15977,0.0
2026-09-12 03:15:00,1.15975,1.15989,1.15965,1.15987,0.0
2026-09-12 03:20:00,1.15985,1.16001,1.15985,1.16,0.0
2026-09-12 03:25:00,1.15996,1.16007,1.15994,1.15997,0.0
2026-09-12 03:30:00,1.16,1.16004,1.15988,1.15991,0.0
2026-09-12 03:35:00,1.15996,1.15996,1.15981,1.15992,0.0
2026-09-12 03:40:00,1.15989,1.16007,1.15985,1.15996,0.0
2026-09-12 03:45:00,1.15992,1.16001,1.15988,1.15998,0.0
2026-09-12 03:50:00,1.15994,1.16006,1.15986,1.16004,0.0
2026-09-12 03:55:00,1.16001,1.16005,1.1598,1.15982,0.0
2026-09-12 04:00:00,1.15985,1.16001,1.15982,1.15999,0.0
2026-09-12 04:05:00,1.15996,1.16001,1.15989,1.15997,0.0
2026-09-12 04:10:00,1.15997,1.15997,1.15985,1.15987,0.0
2026-09-12 04:15:00,1.15988,1.15993,1.15976,1.15988,0.0
2026-09-12 04:20:00,1.15986,1.15989,1.15961,1.15971,0.0
2026-09-12 04:25:00,1.15969,1.15975,1.15957,1.15961,0.0
2026-09-12 04:30:00,1.15962,1.15964,1.15939,1.15942,0.0
2026-09-12 04:35:00,1.15943,1.15948,1.15927,1.15932,0.0
2026-09-12 04:40:00,1.15941,1.15941,1.15926,1.15933,0.0
2026-09-12 04:45:00,1.1593,1.15934,1.15922,1.15926,0.0
2026-09-12 04:50:00,1.15926,1.15948,1.15925,1.1594,0.0
2026-09-12 04:55:00,1.15943,1.15957,1.15943,1.15956,0.0
2026-09-12 05:00:00,1.15951,1.15961,1.15939,1.1595,0.0
2026-09-12 05:05:00,1.15948,1.15959,1.15929,1.15953,0.0
2026-09-12 05:10:00,1.15943,1.15976,1.15943,1.15972,0.0
2026-09-12 05:15:00,1.15968,1.15984,1.15957,1.15968,0.0
2026-09-12 05:20:00,1.15967,1.15972,1.15957,1.15971,0.0
2026-09-12 05:25:00,1.15965,1.15976,1.15965,1.15974,0.0
2026-09-12 05:30:00,1.15973,1.15973,1.15957,1.1596,0.0
2026-09-12 05:35:00,1.15961,1.15972,1.15947,1.1595,0.0
2026-09-12 05:40:00,1.15954,1.15961,1.1595,1.1596,0.0
2026-09-12 05:45:00,1.15956,1.15966,1.15946,1.15948,0.0
2026-09-12 05:50:00,1.15951,1.15958,1.15941,1.15946,0.0
2026-09-12 05:55:00,1.15949,1.1597,1.15949,1.15967,0.0
2026-09-12 06:00:00,1.15965,1.15969,1.15957,1.1596,0.0
2026-09-12 06:05:00,1.15962,1.15965,1.15958,1.15964,0.0
2026-09-12 06:10:00,1.15961,1.15962,1.15931,1.15937,0.0
2026-09-12 06:15:00,1.15939,1.15946,1.15935,1.15942,0.0
2026-09-12 06:20:00,1.1594,1.15952,1.15938,1.15943,0.0
2026-09-12 06:25:00,1.15943,1.15949,1.15931,1.15932,0.0
2026-09-12 06:30:00,1.15936,1.15946,1.15925,1.15927,0.0
2026-09-12 06:35:00,1.1593,1.15932,1.15918,1.15929,0.0
2026-09-12 06:40:00,1.15927,1.15941,1.15926,1.15941,0.0
2026-09-12 06:45:00,1.15939,1.15962,1.15936,1.15941,0.0
2026-09-12 06:50:00,1.15949,1.15978,1.15939,1.15975,0.0
2026-09-12 06:55:00,1.15971,1.15991,1.15971,1.15989,0.0
2026-09-12 07:00:00,1.15986,1.16036,1.15986,1.1603,0.0
2026-09-12 07:05:00,1.16022,1.16057,1.15996,1.16012,0.0
2026-09-12 07:10:00,1.16013,1.16036,1.16011,1.16014,0.0
2026-09-12 07:15:00,1.16014,1.16031,1.16008,1.16019,0.0
2026-09-12 07:20:00,1.16015,1.16038,1.16008,1.16009,0.0
2026-09-12 07:25:00,1.16008,1.16043,1.16007,1.16008,0.0
2026-09-12 07:30:00,1.16009,1.16038,1.16005,1.16008,0.0
2026-09-12 07:35:00,1.16009,1.16039,1.16001,1.16031,0.0
2026-09-12 07:40:00,1.16015,1.16044,1.16005,1.1601,0.0
2026-09-12 07:45:00,1.16012,1.1605,1.16009,1.16014,0.0
2026-09-12 07:50:00,1.16016,1.1605,1.16004,1.16014,0.0
2026-09-12 07:55:00,1.16015,1.16047,1.16012,1.16037,0.0
2026-09-12 08:00:00,1.16025,1.16047,1.16009,1.16035,0.0
2026-09-12 08:05:00,1.16018,1.16048,1.16005,1.1603,0.0
2026-09-12 08:10:00,1.16014,1.16046,1.15997,1.16011,0.0
2026-09-12 08:15:00,1.16011,1.16039,1.16008,1.1603,0.0
2026-09-12 08:20:00,1.16011,1.16048,1.16007,1.1603,0.0
2026-09-12 08:25:00,1.1601,1.16044,1.16004,1.16006,0.0
2026-09-12 08:30:00,1.16012,1.16047,1.1601,1.16035,0.0
2026-09-12 08:35:00,1.16011,1.16042,1.16007,1.16026,0.0
2026-09-12 08:40:00,1.16019,1.1605,1.16004,1.16033,0.0
2026-09-12 08:45:00,1.16011,1.16044,1.16007,1.16012,0.0
2026-09-12 08:50:00,1.16015,1.16046,1.16008,1.16032,0.0
2026-09-12 08:55:00,1.16011,1.16048,1.16011,1.16017,0.0
2026-09-12 09:00:00,1.16014,1.16044,1.15994,1.16031,0.0
2026-09-12 09:05:00,1.16011,1.1605,1.16005,1.16035,0.0
2026-09-12 09:10:00,1.16014,1.16047,1.16007,1.16036,0.0
2026-09-12 09:15:00,1.16017,1.16047,1.1601,1.16031,0.0
2026-09-12 09:20:00,1.16013,1.16048,1.16009,1.16034,0.0
2026-09-12 09:25:00,1.16011,1.16044,1.16009,1.1601,0.0
2026-09-12 09:30:00,1.16012,1.1605,1.16007,1.16008,0.0
2026-09-12 09:35:00,1.16008,1.16051,1.16003,1.16031,0.0
2026-09-12 09:40:00,1.16007,1.16048,1.16007,1.16034,0.0
2026-09-12 09:45:00,1.16008,1.16044,1.16003,1.16004,0.0
2026-09-12 09:50:00,1.16009,1.16047,1.15998,1.16035,0.0
2026-09-12 09:55:00,1.16013,1.16047,1.1601,1.16014,0.0
2026-09-12 10:00:00,1.16011,1.16044,1.15974,1.15983,0.0
2026-09-12 10:05:00,1.16001,1.16001,1.15977,1.15982,0.0
2026-09-12 10:10:00,1.15988,1.1599,1.15981,1.15985,0.0
2026-09-12 10:15:00,1.15984,1.15987,1.15982,1.15986,0.0
2026-09-12 10:20:00,1.15983,1.15988,1.15981,1.15987,0.0
2026-09-12 10:25:00,1.15985,1.16031,1.15978,1.15982,0.0
2026-09-12 10:30:00,1.15984,1.15989,1.15981,1.15985,0.0
2026-09-12 10:35:00,1.15983,1.15988,1.15981,1.15987,0.0
2026-09-12 10:40:00,1.15985,1.15989,1.15981,1.15987,0.0
2026-09-12 10:45:00,1.15984,1.15987,1.15982,1.15983,0.0
2026-09-12 10:50:00,1.15983,1.16013,1.15976,1.15987,0.0
2026-09-12 10:55:00,1.15986,1.15988,1.15981,1.15986,0.0
2026-09-12 11:00:00,1.15983,1.15988,1.15982,1.15983,0.0
2026-09-12 11:05:00,1.15983,1.15988,1.15981,1.15987,0.0
2026-09-12 11:10:00,1.15985,1.15989,1.15982,1.15986,0.0
2026-09-12 11:15:00,1.15984,1.16035,1.15978,1.15987,0.0
2026-09-12 11:20:00,1.15985,1.15989,1.15981,1.15987,0.0
2026-09-12 11:25:00,1.15985,1.15987,1.15981,1.15982,0.0
2026-09-12 11:30:00,1.15983,1.15989,1.15982,1.15986,0.0
2026-09-12 11:35:00,1.15984,1.15987,1.15981,1.15987,0.0
2026-09-12 11:40:00,1.15985,1.16019,1.15973,1.15982,0.0
2026-09-12 11:45:00,1.15987,1.15987,1.15981,1.15983,0.0
2026-09-12 11:50:00,1.15983,1.1599,1.15981,1.15987,0.0
2026-09-12 11:55:00,1.15985,1.15988,1.15981,1.15986,0.0
2026-09-12 12:00:00,1.15983,1.15989,1.15982,1.15983,0.0
2026-09-12 12:05:00,1.15984,1.16046,1.1598,1.15983,0.0
2026-09-12 12:10:00,1.15986,1.15989,1.15981,1.15986,0.0
2026-09-12 12:15:00,1.15983,1.15988,1.15982,1.15985,0.0
2026-09-12 12:20:00,1.15984,1.15989,1.15981,1.15987,0.0
2026-09-12 12:25:00,1.15985,1.15988,1.15981,1.15982,0.0
2026-09-12 12:30:00,1.15984,1.16054,1.15976,1.15989,0.0
2026-09-12 12:35:00,1.15987,1.15989,1.15981,1.15987,0.0
2026-09-12 12:40:00,1.15985,1.15989,1.15981,1.15982,0.0
2026-09-12 12:45:00,1.15984,1.15988,1.15982,1.15984,0.0
2026-09-12 12:50:00,1.15984,1.15991,1.15981,1.15988,0.0
2026-09-12 12:55:00,1.15986,1.16051,1.15982,1.15984,0.0
2026-09-12 13:00:00,1.15986,1.15989,1.15981,1.15982,0.0
2026-09-12 13:05:00,1.15984,1.15988,1.15981,1.15986,0.0
2026-09-12 13:10:00,1.15985,1.15989,1.15981,1.15986,0.0
2026-09-12 13:15:00,1.15984,1.15989,1.15982,1.15985,0.0
2026-09-12 13:20:00,1.15983,1.16052,1.1598,1.15986,0.0
2026-09-12 13:25:00,1.1599,1.15994,1.15978,1.15982,0.0
2026-09-12 13:30:00,1.15984,1.15989,1.15981,1.15986,0.0
2026-09-12 13:35:00,1.15984,1.15989,1.15981,1.15986,0.0
2026-09-12 13:40:00,1.15984,1.15989,1.15981,1.15982,0.0
2026-09-12 13:45:00,1.15984,1.16059,1.15977,1.15983,0.0
2026-09-12 13:50:00,1.15986,1.15989,1.15981,1.15986,0.0
2026-09-12 13:55:00,1.15984,1.15989,1.15982,1.15986,0.0
2026-09-12 14:00:00,1.15983,1.15988,1.15982,1.15982,0.0
2026-09-12 14:05:00,1.15983,1.15988,1.15982,1.15984,0.0
2026-09-12 14:10:00,1.15983,1.16035,1.15978,1.1599,0.0
2026-09-12 14:15:00,1.15987,1.1599,1.15981,1.15986,0.0
2026-09-12 14:20:00,1.15984,1.15989,1.15981,1.15987,0.0
2026-09-12 14:25:00,1.15985,1.15989,1.15981,1.15988,0.0
2026-09-12 14:30:00,1.15985,1.15989,1.1598,1.15985,0.0
2026-09-12 14:35:00,1.15983,1.16048,1.15981,1.15984,0.0
2026-09-12 14:40:00,1.15986,1.15988,1.15981,1.15983,0.0
2026-09-12 14:45:00,1.15983,1.15988,1.15982,1.15984,0.0
2026-09-12 14:50:00,1.15983,1.15987,1.15981,1.15985,0.0
2026-09-12 14:55:00,1.15983,1.15988,1.15981,1.15985,0.0
2026-09-12 15:00:00,1.15983,1.16035,1.15976,1.16,0.0
2026-09-12 15:05:00,1.15999,1.15999,1.15977,1.15988,0.0
2026-09-12 15:10:00,1.15987,1.15988,1.15981,1.15986,0.0
2026-09-12 15:15:00,1.15984,1.15988,1.15981,1.15983,0.0
2026-09-12 15:20:00,1.15983,1.15987,1.15982,1.15982,0.0
2026-09-12 15:25:00,1.15983,1.16042,1.15974,1.15983,0.0
2026-09-12 15:30:00,1.15986,1.15988,1.15981,1.15987,0.0
2026-09-12 15:35:00,1.15984,1.15989,1.15981,1.15983,0.0
2026-09-12 15:40:00,1.15983,1.15988,1.15982,1.15982,0.0
2026-09-12 15:45:00,1.15983,1.15988,1.15981,1.15984,0.0
2026-09-12 15:50:00,1.15983,1.16035,1.1598,1.15991,0.0
2026-09-12 15:55:00,1.15989,1.15991,1.15981,1.15983,0.0
2026-09-12 16:00:00,1.15984,1.15988,1.15981,1.15982,0.0
2026-09-12 16:05:00,1.15983,1.15988,1.15982,1.15985,0.0
2026-09-12 16:10:00,1.15983,1.15987,1.15982,1.15986,0.0
2026-09-12 16:15:00,1.15983,1.15995,1.15976,1.15983,0.0
2026-09-12 16:20:00,1.15986,1.15988,1.15981,1.15982,0.0
2026-09-12 16:25:00,1.15983,1.15988,1.15982,1.15985,0.0
2026-09-12 16:30:00,1.15983,1.15987,1.15982,1.15986,0.0
2026-09-12 16:35:00,1.15983,1.15988,1.15981,1.15983,0.0
2026-09-12 16:40:00,1.15983,1.16021,1.15972,1.15982,0.0
2026-09-12 16:45:00,1.15992,1.15992,1.1598,1.15985,0.0
2026-09-12 16:50:00,1.15983,1.15987,1.15982,1.15985,0.0
2026-09-12 16:55:00,1.15983,1.15989,1.15982,1.15982,0.0
2026-09-12 17:00:00,1.15983,1.15987,1.15982,1.15983,0.0
2026-09-12 17:05:00,1.15984,1.16017,1.15978,1.15983,0.0
2026-09-12 17:10:00,1.15987,1.15987,1.15981,1.15985,0.0
2026-09-12 17:15:00,1.15983,1.15988,1.15982,1.15983,0.0
2026-09-12 17:20:00,1.15983,1.15987,1.15982,1.15983,0.0
2026-09-12 17:25:00,1.15983,1.15988,1.15982,1.15985,0.0
2026-09-12 17:30:00,1.15983,1.1602,1.15978,1.15983,0.0
2026-09-12 17:35:00,1.15986,1.15989,1.15981,1.15983,0.0
2026-09-12 17:40:00,1.15983,1.15987,1.15982,1.15983,0.0
2026-09-12 17:45:00,1.15983,1.15988,1.15982,1.15985,0.0
2026-09-12 17:50:00,1.15983,1.15988,1.15982,1.15985,0.0
2026-09-12 17:55:00,1.15983,1.16021,1.15976,1.15983,0.0
2026-09-12 18:00:00,1.15986,1.15987,1.15981,1.15982,0.0
2026-09-12 18:05:00,1.15984,1.15989,1.15982,1.15986,0.0
2026-09-12 18:10:00,1.15984,1.15988,1.15982,1.15986,0.0
2026-09-12 18:15:00,1.15984,1.15989,1.15982,1.15982,0.0
2026-09-12 18:20:00,1.15984,1.16052,1.15974,1.15984,0.0
2026-09-12 18:25:00,1.16001,1.16001,1.15977,1.15986,0.0
2026-09-12 18:30:00,1.15984,1.15988,1.15981,1.15986,0.0
2026-09-12 18:35:00,1.15984,1.15989,1.15982,1.15982,0.0
2026-09-12 18:40:00,1.15984,1.15987,1.15982,1.15985,0.0
2026-09-12 18:45:00,1.15984,1.16039,1.15981,1.15984,0.0
2026-09-12 18:50:00,1.15988,1.1599,1.15981,1.15986,0.0
2026-09-12 18:55:00,1.15984,1.15988,1.15981,1.15982,0.0
2026-09-12 19:00:00,1.15983,1.15984,1.15979,1.15979,0.0
2026-09-12 19:05:00,1.15979,1.15985,1.15977,1.15982,0.0
2026-09-12 19:10:00,1.15979,1.16054,1.15974,1.15985,0.0
2026-09-12 19:15:00,1.15985,1.15985,1.15979,1.15979,0.0
2026-09-12 19:20:00,1.1598,1.15987,1.15978,1.15985,0.0
2026-09-12 19:25:00,1.15984,1.15986,1.15979,1.15984,0.0
2026-09-12 19:30:00,1.15981,1.15985,1.15979,1.15983,0.0
2026-09-12 19:35:00,1.15981,1.16062,1.15974,1.15983,0.0
2026-09-12 19:40:00,1.15985,1.15988,1.15981,1.15984,0.0
2026-09-12 19:45:00,1.15983,1.15987,1.1598,1.15984,0.0
2026-09-12 19:50:00,1.15982,1.15987,1.15981,1.15982,0.0
2026-09-12 19:55:00,1.15981,1.15986,1.15979,1.1598,0.0
2026-09-12 20:00:00,1.15981,1.16021,1.1597,1.15983,0.0
2026-09-12 20:05:00,1.15991,1.15991,1.15981,1.15986,0.0
2026-09-12 20:10:00,1.15984,1.15989,1.15981,1.15985,0.0
2026-09-12 20:15:00,1.15983,1.15988,1.15981,1.15982,0.0
2026-09-12 20:20:00,1.15983,1.15987,1.15981,1.15983,0.0
2026-09-12 20:25:00,1.15982,1.1604,1.1598,1.15984,0.0
2026-09-12 20:30:00,1.15985,1.15989,1.15981,1.15985,0.0
2026-09-12 20:35:00,1.15983,1.15988,1.15981,1.15982,0.0
2026-09-12 20:40:00,1.15983,1.15988,1.15981,1.15983,0.0
2026-09-12 20:45:00,1.15982,1.15987,1.15981,1.15985,0.0
2026-09-12 20:50:00,1.15982,1.16046,1.15974,1.15984,0.0
2026-09-12 20:55:00,1.15987,1.15988,1.15981,1.15982,0.0
2026-09-12 21:00:00,1.15983,1.15987,1.1598,1.15983,0.0
2026-09-12 21:05:00,1.15982,1.15986,1.15981,1.15985,0.0
2026-09-12 21:10:00,1.15982,1.15987,1.15981,1.15985,0.0
2026-09-12 21:15:00,1.15982,1.16036,1.15977,1.15985,0.0
2026-09-12 21:20:00,1.15987,1.1599,1.15981,1.15985,0.0
2026-09-12 21:25:00,1.15984,1.15987,1.15982,1.15985,0.0
2026-09-12 21:30:00,1.15983,1.15988,1.15981,1.15983,0.0
2026-09-12 21:35:00,1.15983,1.15987,1.15982,1.15982,0.0
2026-09-12 21:40:00,1.15983,1.16051,1.15957,1.16023,0.0
2026-09-12 21:45:00,1.16013,1.16017,1.16012,1.16016,0.0
2026-09-12 21:50:00,1.16013,1.16018,1.16011,1.16013,0.0
2026-09-12 21:55:00,1.16013,1.16018,1.16012,1.16012,0.0
2026-09-12 22:00:00,1.16013,1.16018,1.16011,1.16015,0.0
2026-09-12 22:05:00,1.16013,1.16047,1.15995,1.16,0.0
2026-09-12 22:10:00,1.16007,1.16007,1.15993,1.15996,0.0
2026-09-12 22:15:00,1.15996,1.16,1.15995,1.15995,0.0
2026-09-12 22:20:00,1.15996,1.16001,1.15994,1.15997,0.0
2026-09-12 22:25:00,1.15996,1.15999,1.15995,1.15998,0.0
2026-09-12 22:30:00,1.15996,1.16056,1.15994,1.16,0.0
2026-09-12 22:35:00,1.15997,1.16001,1.15996,1.15996,0.0
2026-09-12 22:40:00,1.15997,1.16002,1.15995,1.15998,0.0
2026-09-12 22:45:00,1.15997,1.16,1.15996,1.15999,0.0
2026-09-12 22:50:00,1.15997,1.16002,1.15995,1.15997,0.0
2026-09-12 22:55:00,1.15997,1.16054,1.15994,1.15997,0.0
2026-09-12 23:00:00,1.15996,1.15996,1.15988,1.15992,0.0
2026-09-12 23:05:00,1.1599,1.15994,1.1599,1.15993,0.0
2026-09-12 23:10:00,1.1599,1.15997,1.15978,1.1598,0.0
2026-09-12 23:15:00,1.15981,1.15982,1.15978,1.15978,0.0
2026-09-12 23:20:00,1.15979,1.16063,1.15943,1.16023,0.0
2026-09-12 23:25:00,1.16013,1.16013,1.15981,1.15984,0.0
2026-09-12 23:30:00,1.15982,1.15984,1.15977,1.15978,0.0
2026-09-12 23:35:00,1.15979,1.15982,1.15978,1.15978,0.0
2026-09-12 23:40:00,1.15978,1.15984,1.15977,1.15981,0.0
2026-09-12 23:45:00,1.15978,1.16064,1.15977,1.15991,0.0
2026-09-12 23:50:00,1.15988,1.15988,1.15978,1.15979,0.0
2026-09-12 23:55:00,1.15979,1.15982,1.15978,1.15978,0.0
2026-09-13 00:00:00,1.15979,1.15984,1.15977,1.15981,0.0
2026-09-13 00:05:00,1.15978,1.15983,1.15978,1.1598,0.0
2026-09-13 00:10:00,1.15978,1.16063,1.15977,1.1599,0.0
2026-09-13 00:15:00,1.15987,1.15987,1.15979,1.15979,0.0
2026-09-13 00:20:00,1.15979,1.15984,1.15977,1.15981,0.0
2026-09-13 00:25:00,1.15979,1.15983,1.15978,1.1598,0.0
2026-09-13 00:30:00,1.15978,1.15984,1.15977,1.15978,0.0
2026-09-13 00:35:00,1.15978,1.16063,1.15977,1.15991,0.0
2026-09-13 00:40:00,1.15987,1.15987,1.15978,1.15982,0.0
2026-09-13 00:45:00,1.1598,1.15984,1.15978,1.1598,0.0
2026-09-13 00:50:00,1.15979,1.15984,1.15977,1.15978,0.0
2026-09-13 00:55:00,1.15978,1.15983,1.15977,1.1598,0.0
2026-09-13 01:00:00,1.15978,1.16064,1.15943,1.16021,0.0
2026-09-13 01:05:00,1.16014,1.16014,1.15985,1.15986,0.0
2026-09-13 01:10:00,1.15987,1.15987,1.15979,1.1598,0.0
2026-09-13 01:15:00,1.15981,1.15984,1.15978,1.1598,0.0
2026-09-13 01:20:00,1.15979,1.15984,1.15978,1.15982,0.0
2026-09-13 01:25:00,1.15979,1.1606,1.15978,1.15995,0.0
2026-09-13 01:30:00,1.15991,1.15991,1.15982,1.15982,0.0
2026-09-13 01:35:00,1.15983,1.15988,1.15982,1.15985,0.0
2026-09-13 01:40:00,1.15983,1.15988,1.1598,1.15986,0.0
2026-09-13 01:45:00,1.15984,1.15987,1.1598,1.15984,0.0
2026-09-13 01:50:00,1.15982,1.16059,1.15979,1.15995,0.0
2026-09-13 01:55:00,1.15992,1.15992,1.15985,1.15989,0.0
2026-09-13 02:00:00,1.15987,1.16,1.15979,1.15984,0.0
2026-09-13 02:05:00,1.15982,1.15985,1.15978,1.15981,0.0
2026-09-13 02:10:00,1.15979,1.15984,1.15977,1.15978,0.0
2026-09-13 02:15:00,1.15978,1.16059,1.15973,1.16034,0.0
2026-09-13 02:20:00,1.15988,1.15988,1.15977,1.15982,0.0
2026-09-13 02:25:00,1.1598,1.15984,1.15977,1.15981,0.0
2026-09-13 02:30:00,1.15979,1.15984,1.15977,1.15978,0.0
2026-09-13 02:35:00,1.15978,1.15983,1.15977,1.15979,0.0
2026-09-13 02:40:00,1.15978,1.16063,1.15943,1.16036,0.0
2026-09-13 02:45:00,1.16019,1.16024,1.16017,1.16019,0.0
2026-09-13 02:50:00,1.16019,1.1602,1.15997,1.16003,0.0
2026-09-13 02:55:00,1.16004,1.16009,1.16002,1.16005,0.0
2026-09-13 03:00:00,1.16004,1.16008,1.16003,1.16007,0.0
2026-09-13 03:05:00,1.16004,1.1605,1.16001,1.16034,0.0
2026-09-13 03:10:00,1.16004,1.16015,1.16004,1.1601,0.0
2026-09-13 03:15:00,1.16011,1.16016,1.16009,1.16012,0.0
2026-09-13 03:20:00,1.16011,1.16015,1.16009,1.16013,0.0
2026-09-13 03:25:00,1.16011,1.16011,1.15982,1.15983,0.0
2026-09-13 03:30:00,1.15984,1.16064,1.15971,1.15973,0.0
2026-09-13 03:35:00,1.15981,1.15992,1.15979,1.15981,0.0
2026-09-13 03:40:00,1.1598,1.15982,1.15977,1.15981,0.0
2026-09-13 03:45:00,1.15979,1.16011,1.15977,1.16,0.0
2026-09-13 03:50:00,1.15978,1.15984,1.15978,1.15978,0.0
2026-09-13 03:55:00,1.15979,1.16063,1.15977,1.16034,0.0
2026-09-13 04:00:00,1.15978,1.15993,1.15978,1.15982,0.0
2026-09-13 04:05:00,1.15979,1.15984,1.15977,1.15979,0.0
2026-09-13 04:10:00,1.15979,1.15983,1.15978,1.15978,0.0
2026-09-13 04:15:00,1.15978,1.15984,1.15977,1.1598,0.0
2026-09-13 04:20:00,1.15978,1.16063,1.15978,1.16034,0.0
2026-09-13 04:25:00,1.15973,1.16027,1.15973,1.15986,0.0
2026-09-13 04:30:00,1.15987,1.15987,1.15979,1.15979,0.0
2026-09-13 04:35:00,1.1598,1.15985,1.15978,1.15981,0.0
2026-09-13 04:40:00,1.15979,1.15983,1.15978,1.15981,0.0
2026-09-13 04:45:00,1.15979,1.16056,1.1597,1.15978,0.0
2026-09-13 04:50:00,1.15979,1.15992,1.15979,1.15982,0.0
2026-09-13 04:55:00,1.15982,1.15987,1.1598,1.15984,0.0
2026-09-13 05:00:00,1.15982,1.15985,1.1598,1.15983,0.0
2026-09-13 05:05:00,1.15981,1.15985,1.15978,1.1598,0.0
2026-09-13 05:10:00,1.1598,1.15983,1.15979,1.15979,0.0
2026-09-13 05:15:00,1.15979,1.15985,1.15978,1.15981,0.0
2026-09-13 05:20:00,1.15979,1.15983,1.15979,1.15982,0.0
2026-09-13 05:25:00,1.15979,1.15985,1.15978,1.15979,0.0
2026-09-13 05:30:00,1.15979,1.15984,1.15978,1.1598,0.0
2026-09-13 05:35:00,1.1598,1.16063,1.15979,1.16035,0.0
2026-09-13 05:40:00,1.15979,1.15993,1.15979,1.15987,0.0
2026-09-13 05:45:00,1.15985,1.1599,1.15983,1.15985,0.0
2026-09-13 05:50:00,1.15985,1.15989,1.15984,1.15985,0.0
2026-09-13 05:55:00,1.15985,1.1599,1.15983,1.15987,0.0
2026-09-13 06:00:00,1.15985,1.16062,1.15981,1.16035,0.0
2026-09-13 06:05:00,1.15979,1.16028,1.15979,1.16,0.0
2026-09-13 06:10:00,1.16001,1.16004,1.16,1.16,0.0
2026-09-13 06:15:00,1.16001,1.16006,1.15999,1.16003,0.0
2026-09-13 06:20:00,1.16001,1.16005,1.16,1.16002,0.0
2026-09-13 06:25:00,1.16001,1.16054,1.15993,1.15995,0.0
2026-09-13 06:30:00,1.16002,1.16018,1.15988,1.1599,0.0
2026-09-13 06:35:00,1.1599,1.15996,1.15989,1.15993,0.0
2026-09-13 06:40:00,1.1599,1.15995,1.15984,1.15985,0.0
2026-09-13 06:45:00,1.15986,1.15989,1.15982,1.15983,0.0
2026-09-13 06:50:00,1.15983,1.16063,1.1598,1.15981,0.0
2026-09-13 06:55:00,1.15982,1.15994,1.15981,1.15988,0.0
2026-09-13 07:00:00,1.15986,1.15988,1.15982,1.15984,0.0
2026-09-13 07:05:00,1.15983,1.15987,1.1598,1.15981,0.0
2026-09-13 07:10:00,1.15981,1.15985,1.15979,1.15982,0.0
2026-09-13 07:15:00,1.1598,1.16059,1.15979,1.16032,0.0
2026-09-13 07:20:00,1.15978,1.16058,1.15978,1.15989,0.0
2026-09-13 07:25:00,1.15987,1.15992,1.15985,1.15986,0.0
2026-09-13 07:30:00,1.15987,1.15991,1.1598,1.15983,0.0
2026-09-13 07:35:00,1.15985,1.15988,1.15981,1.15985,0.0
2026-09-13 07:40:00,1.15983,1.16051,1.15979,1.16028,0.0
2026-09-13 07:45:00,1.15981,1.16044,1.15966,1.15985,0.0
2026-09-13 07:50:00,1.16007,1.16017,1.15972,1.15999,0.0
2026-09-13 07:55:00,1.15998,1.16,1.15993,1.15998,0.0
2026-09-13 08:00:00,1.15995,1.16,1.15977,1.15987,0.0
2026-09-13 08:05:00,1.15988,1.16036,1.15987,1.15987,0.0
2026-09-13 08:10:00,1.15988,1.16056,1.15987,1.15993,0.0
2026-09-13 08:15:00,1.15993,1.15997,1.15991,1.15995,0.0
2026-09-13 08:20:00,1.15993,1.15998,1.15991,1.15995,0.0
2026-09-13 08:25:00,1.15993,1.15998,1.15992,1.15992,0.0
2026-09-13 08:30:00,1.15993,1.16056,1.15991,1.16034,0.0
2026-09-13 08:35:00,1.15993,1.16055,1.15992,1.16004,0.0
2026-09-13 08:40:00,1.16001,1.16001,1.15989,1.15995,0.0
2026-09-13 08:45:00,1.15993,1.15998,1.15992,1.15992,0.0
2026-09-13 08:50:00,1.15993,1.15998,1.15991,1.15994,0.0
2026-09-13 08:55:00,1.15993,1.16046,1.15992,1.16029,0.0
2026-09-13 09:00:00,1.15993,1.16056,1.15991,1.15998,0.0
2026-09-13 09:05:00,1.15995,1.16,1.15995,1.15995,0.0
2026-09-13 09:10:00,1.15995,1.16001,1.15994,1.15997,0.0
2026-09-13 09:15:00,1.15995,1.15999,1.15994,1.15998,0.0
2026-09-13 09:20:00,1.15995,1.16042,1.15994,1.16026,0.0
2026-09-13 09:25:00,1.15995,1.16056,1.15995,1.16026,0.0
2026-09-13 09:30:00,1.16027,1.16033,1.16026,1.16029,0.0
2026-09-13 09:35:00,1.16027,1.16031,1.16026,1.1603,0.0
2026-09-13 09:40:00,1.16027,1.16032,1.16026,1.1603,0.0
2026-09-13 09:45:00,1.16027,1.16032,1.16027,1.16027,0.0
2026-09-13 09:50:00,1.16027,1.1604,1.16027,1.16031,0.0
2026-09-13 09:55:00,1.16029,1.16033,1.16028,1.16032,0.0
2026-09-13 10:00:00,1.16029,1.16034,1.16027,1.16029,0.0
2026-09-13 10:05:00,1.16029,1.16033,1.16028,1.16028,0.0
2026-09-13 10:10:00,1.16029,1.16034,1.16027,1.16031,0.0
2026-09-13 10:15:00,1.16029,1.16039,1.16007,1.16016,0.0
2026-09-13 10:20:00,1.16014,1.16019,1.16012,1.16014,0.0
2026-09-13 10:25:00,1.16014,1.16018,1.16013,1.16013,0.0
2026-09-13 10:30:00,1.16014,1.16019,1.16012,1.16016,0.0
2026-09-13 10:35:00,1.16014,1.16047,1.16013,1.16036,0.0
2026-09-13 10:40:00,1.16014,1.16046,1.15997,1.16004,0.0
2026-09-13 10:45:00,1.16004,1.16007,1.15999,1.16,0.0
2026-09-13 10:50:00,1.16002,1.16002,1.15988,1.15999,0.0
2026-09-13 10:55:00,1.15995,1.15995,1.15984,1.15985,0.0
2026-09-13 11:00:00,1.15985,1.1599,1.15981,1.15981,0.0
2026-09-13 11:05:00,1.15983,1.16062,1.15978,1.1602,0.0
2026-09-13 11:10:00,1.16018,1.16018,1.15999,1.16007,0.0
2026-09-13 11:15:00,1.16005,1.16009,1.16005,1.16007,0.0
2026-09-13 11:20:00,1.16005,1.1601,1.16003,1.16005,0.0
2026-09-13 11:25:00,1.16005,1.16008,1.16004,1.16005,0.0
2026-09-13 11:30:00,1.16005,1.16047,1.15994,1.16002,0.0
2026-09-13 11:35:00,1.15999,1.16004,1.15999,1.16002,0.0
2026-09-13 11:40:00,1.15999,1.16005,1.15998,1.15999,0.0
2026-09-13 11:45:00,1.15999,1.16006,1.15988,1.15992,0.0
2026-09-13 11:50:00,1.15992,1.15997,1.1599,1.15994,0.0
2026-09-13 11:55:00,1.15992,1.16058,1.15986,1.15991,0.0
2026-09-13 12:00:00,1.15989,1.15994,1.15987,1.15988,0.0
2026-09-13 12:05:00,1.15989,1.15993,1.15988,1.15989,0.0
2026-09-13 12:10:00,1.15989,1.15994,1.15983,1.15992,0.0
2026-09-13 12:15:00,1.15989,1.1599,1.15984,1.15987,0.0
2026-09-13 12:20:00,1.15985,1.16059,1.15979,1.15985,0.0
2026-09-13 12:25:00,1.15985,1.15989,1.15981,1.15983,0.0
2026-09-13 12:30:00,1.15983,1.15986,1.1598,1.15984,0.0
2026-09-13 12:35:00,1.15981,1.15986,1.15981,1.15983,0.0
2026-09-13 12:40:00,1.15982,1.15986,1.15979,1.1598,0.0
2026-09-13 12:45:00,1.15981,1.1606,1.15975,1.16005,0.0
2026-09-13 12:50:00,1.16005,1.16014,1.1599,1.15998,0.0
2026-09-13 12:55:00,1.15995,1.16,1.15994,1.15997,0.0
2026-09-13 13:00:00,1.15995,1.15995,1.15986,1.15989,0.0
2026-09-13 13:05:00,1.15989,1.15994,1.15988,1.15991,0.0
2026-09-13 13:10:00,1.15989,1.16056,1.15985,1.15995,0.0
2026-09-13 13:15:00,1.15992,1.15992,1.15985,1.15988,0.0
2026-09-13 13:20:00,1.15987,1.15992,1.15985,1.15986,0.0
2026-09-13 13:25:00,1.15987,1.15991,1.15985,1.15987,0.0
2026-09-13 13:30:00,1.15987,1.15992,1.15985,1.15989,0.0
2026-09-13 13:35:00,1.15987,1.16058,1.15985,1.15989,0.0
2026-09-13 13:40:00,1.15987,1.15992,1.15986,1.15986,0.0
2026-09-13 13:45:00,1.15987,1.15992,1.15985,1.15988,0.0
2026-09-13 13:50:00,1.15987,1.15992,1.15985,1.1599,0.0
2026-09-13 13:55:00,1.15987,1.15992,1.15986,1.15989,0.0
2026-09-13 14:00:00,1.15987,1.1606,1.15982,1.15985,0.0
2026-09-13 14:05:00,1.15986,1.15991,1.15985,1.15987,0.0
2026-09-13 14:10:00,1.15986,1.15991,1.15985,1.15989,0.0
2026-09-13 14:15:00,1.15986,1.15991,1.15985,1.15988,0.0
2026-09-13 14:20:00,1.15986,1.15991,1.15985,1.15985,0.0
2026-09-13 14:25:00,1.15986,1.16058,1.15957,1.16015,0.0
2026-09-13 14:30:00,1.16014,1.16019,1.16013,1.16017,0.0
2026-09-13 14:35:00,1.16014,1.16019,1.16013,1.16016,0.0
2026-09-13 14:40:00,1.16014,1.16019,1.16013,1.16013,0.0
2026-09-13 14:45:00,1.16014,1.16019,1.16012,1.16015,0.0
2026-09-13 14:50:00,1.16014,1.16047,1.15992,1.15999,0.0
2026-09-13 14:55:00,1.15996,1.16001,1.15994,1.15998,0.0
2026-09-13 15:00:00,1.15996,1.16001,1.15995,1.15995,0.0
2026-09-13 15:05:00,1.15996,1.16001,1.15994,1.15997,0.0
2026-09-13 15:10:00,1.15996,1.16,1.15995,1.15999,0.0
2026-09-13 15:15:00,1.15996,1.16051,1.1599,1.15995,0.0
2026-09-13 15:20:00,1.15995,1.16,1.15994,1.15994,0.0
2026-09-13 15:25:00,1.15995,1.16,1.15993,1.15996,0.0
2026-09-13 15:30:00,1.15995,1.15999,1.15994,1.15997,0.0
2026-09-13 15:35:00,1.15995,1.16,1.15993,1.15995,0.0
2026-09-13 15:40:00,1.15995,1.16056,1.15986,1.15989,0.0
2026-09-13 15:45:00,1.1599,1.15995,1.15988,1.15991,0.0
2026-09-13 15:50:00,1.1599,1.15993,1.15989,1.15992,0.0
2026-09-13 15:55:00,1.1599,1.15995,1.15988,1.1599,0.0
2026-09-13 16:00:00,1.1599,1.15991,1.15978,1.15984,0.0
2026-09-13 16:05:00,1.15985,1.1606,1.15953,1.16015,0.0
2026-09-13 16:10:00,1.16014,1.16017,1.16013,1.16016,0.0
2026-09-13 16:15:00,1.16014,1.16019,1.16012,1.16014,0.0
2026-09-13 16:20:00,1.16014,1.16018,1.16013,1.16013,0.0
2026-09-13 16:25:00,1.16014,1.16019,1.16012,1.16016,0.0
2026-09-13 16:30:00,1.16014,1.16046,1.15992,1.15998,0.0
2026-09-13 16:35:00,1.15996,1.16001,1.15994,1.15996,0.0
2026-09-13 16:40:00,1.15996,1.16,1.15995,1.15995,0.0
2026-09-13 16:45:00,1.15996,1.16001,1.15994,1.15998,0.0
2026-09-13 16:50:00,1.15996,1.16,1.15996,1.15998,0.0
2026-09-13 16:55:00,1.15996,1.16055,1.15995,1.15997,0.0
2026-09-13 17:00:00,1.15997,1.16,1.15996,1.15996,0.0
2026-09-13 17:05:00,1.15997,1.16002,1.15995,1.15999,0.0
2026-09-13 17:10:00,1.15997,1.16001,1.15997,1.15999,0.0
2026-09-13 17:15:00,1.15997,1.16002,1.15995,1.15997,0.0
2026-09-13 17:20:00,1.15997,1.16055,1.15988,1.1599,0.0
2026-09-13 17:25:00,1.1599,1.15996,1.15989,1.15993,0.0
2026-09-13 17:30:00,1.1599,1.15995,1.1599,1.15992,0.0
2026-09-13 17:35:00,1.1599,1.15996,1.15989,1.1599,0.0
2026-09-13 17:40:00,1.1599,1.15994,1.1599,1.1599,0.0
2026-09-13 17:45:00,1.1599,1.16059,1.15967,1.16004,0.0
2026-09-13 17:50:00,1.16002,1.16007,1.16002,1.16004,0.0
2026-09-13 17:55:00,1.16002,1.16007,1.16,1.16002,0.0
2026-09-13 18:00:00,1.16002,1.16006,1.16001,1.16002,0.0
2026-09-13 18:05:00,1.16002,1.16007,1.16001,1.16005,0.0
2026-09-13 18:10:00,1.16002,1.16048,1.15993,1.16,0.0
2026-09-13 18:15:00,1.15998,1.16003,1.15996,1.15997,0.0
2026-09-13 18:20:00,1.15998,1.16002,1.15997,1.15998,0.0
2026-09-13 18:25:00,1.15998,1.16003,1.15996,1.16,0.0
2026-09-13 18:30:00,1.15998,1.16003,1.15997,1.16,0.0
2026-09-13 18:35:00,1.15998,1.16051,1.15992,1.15995,0.0
2026-09-13 18:40:00,1.15996,1.16,1.15994,1.15996,0.0
2026-09-13 18:45:00,1.15996,1.16001,1.15994,1.15998,0.0
2026-09-13 18:50:00,1.15996,1.16001,1.15995,1.15997,0.0
2026-09-13 18:55:00,1.15996,1.16001,1.15994,1.15995,0.0
2026-09-13 19:00:00,1.15996,1.16054,1.15994,1.15997,0.0
2026-09-13 19:05:00,1.15997,1.16002,1.15995,1.15999,0.0
2026-09-13 19:10:00,1.15997,1.16002,1.15996,1.15998,0.0
2026-09-13 19:15:00,1.15997,1.16002,1.15995,1.15996,0.0
2026-09-13 19:20:00,1.15997,1.16001,1.15995,1.15997,0.0
2026-09-13 19:25:00,1.15997,1.16055,1.15995,1.16,0.0
2026-09-13 19:30:00,1.15997,1.16002,1.15996,1.15999,0.0
2026-09-13 19:35:00,1.15997,1.16002,1.15996,1.15996,0.0
2026-09-13 19:40:00,1.15997,1.16002,1.15996,1.15998,0.0
2026-09-13 19:45:00,1.15997,1.16002,1.15996,1.16,0.0
2026-09-13 19:50:00,1.15997,1.16055,1.15996,1.16,0.0
2026-09-13 19:55:00,1.15997,1.16003,1.15996,1.15997,0.0
2026-09-13 20:00:00,1.15997,1.16,1.15988,1.15991,0.0
2026-09-13 20:05:00,1.15991,1.15995,1.15989,1.15993,0.0
2026-09-13 20:10:00,1.15991,1.15996,1.15989,1.15993,0.0
2026-09-13 20:15:00,1.15991,1.15996,1.15989,1.1599,0.0
2026-09-13 20:20:00,1.15991,1.15996,1.15989,1.15991,0.0
2026-09-13 20:25:00,1.15991,1.15995,1.15989,1.15993,0.0
2026-09-13 20:30:00,1.15991,1.15996,1.15989,1.15991,0.0
2026-09-13 20:35:00,1.15991,1.15996,1.1599,1.1599,0.0
2026-09-13 20:40:00,1.15991,1.15996,1.15989,1.15992,0.0
2026-09-13 20:45:00,1.15991,1.15995,1.15989,1.15993,0.0
2026-09-13 20:50:00,1.15991,1.15996,1.15989,1.15991,0.0
2026-09-13 20:55:00,1.15991,1.15995,1.1599,1.1599,0.0
2026-09-13 21:00:00,1.15991,1.15996,1.15989,1.15992,0.0
2026-09-13 21:05:00,1.15991,1.15995,1.15989,1.15993,0.0
2026-09-13 21:10:00,1.15991,1.15996,1.15989,1.15991,0.0
2026-09-13 21:15:00,1.15991,1.15995,1.1599,1.1599,0.0
2026-09-13 21:20:00,1.15991,1.15996,1.15989,1.15992,0.0
2026-09-13 21:25:00,1.15991,1.15994,1.15989,1.15993,0.0
2026-09-13 21:30:00,1.15991,1.15996,1.15989,1.15991,0.0
2026-09-13 21:35:00,1.15991,1.15995,1.1599,1.1599,0.0
2026-09-13 21:40:00,1.15991,1.16013,1.15973,1.16008,0.0
2026-09-13 21:45:00,1.16007,1.1601,1.16006,1.16009,0.0
2026-09-13 21:50:00,1.16007,1.16016,1.15992,1.15994,0.0
2026-09-13 21:55:00,1.15997,1.16,1.15986,1.15987,0.0
2026-09-13 22:00:00,1.1599,1.15994,1.15982,1.15985,0.0
2026-09-13 22:05:00,1.15983,1.16024,1.15983,1.16013,0.0
2026-09-13 22:10:00,1.16011,1.16016,1.16009,1.16011,0.0
2026-09-13 22:15:00,1.16011,1.16015,1.1601,1.1601,0.0
2026-09-13 22:20:00,1.16011,1.16016,1.16009,1.16012,0.0
2026-09-13 22:25:00,1.16011,1.16014,1.1601,1.16013,0.0
2026-09-13 22:30:00,1.16011,1.16043,1.16006,1.16032,0.0
2026-09-13 22:35:00,1.16032,1.16036,1.16032,1.16032,0.0
2026-09-13 22:40:00,1.16032,1.16037,1.16031,1.16034,0.0
2026-09-13 22:45:00,1.16032,1.16036,1.16032,1.16035,0.0
2026-09-13 22:50:00,1.16032,1.16038,1.16031,1.16032,0.0
2026-09-13 22:55:00,1.16032,1.16058,1.16026,1.16049,0.0
2026-09-13 23:00:00,1.1605,1.16055,1.16048,1.16052,0.0
2026-09-13 23:05:00,1.1605,1.16054,1.1605,1.16052,0.0
2026-09-13 23:10:00,1.1605,1.16055,1.16048,1.1605,0.0
2026-09-13 23:15:00,1.1605,1.16056,1.15951,1.15987,0.0
2026-09-13 23:20:00,1.15992,1.16047,1.15955,1.16032,0.0
2026-09-13 23:25:00,1.16029,1.16034,1.16029,1.16032,0.0
2026-09-13 23:30:00,1.16029,1.16035,1.16028,1.16029,0.0
2026-09-13 23:35:00,1.16029,1.16033,1.16029,1.16029,0.0
2026-09-13 23:40:00,1.16029,1.16035,1.16028,1.16032,0.0
2026-09-13 23:45:00,1.16029,1.16056,1.16029,1.16049,0.0
2026-09-13 23:50:00,1.16048,1.16053,1.16046,1.16047,0.0
2026-09-13 23:55:00,1.16048,1.16051,1.16047,1.16047,0.0
2026-09-14 00:00:00,1.16048,1.1605,1.16011,1.16028,0.0
2026-09-14 00:05:00,1.16024,1.1603,1.15962,1.15996,0.0
2026-09-14 00:10:00,1.15995,1.16031,1.1599,1.16004,0.0
2026-09-14 00:15:00,1.16005,1.16009,1.16004,1.16005,0.0
2026-09-14 00:20:00,1.16005,1.1601,1.16003,1.16007,0.0
2026-09-14 00:25:00,1.16005,1.1601,1.16004,1.16007,0.0
2026-09-14 00:30:00,1.16005,1.1601,1.16003,1.16004,0.0
2026-09-14 00:35:00,1.16005,1.16039,1.15987,1.15995,0.0
2026-09-14 00:40:00,1.15999,1.16004,1.15997,1.16001,0.0
2026-09-14 00:45:00,1.15999,1.16004,1.15998,1.16,0.0
2026-09-14 00:50:00,1.15999,1.16004,1.15997,1.15998,0.0
2026-09-14 00:55:00,1.15999,1.16003,1.15997,1.15999,0.0
2026-09-14 01:00:00,1.15999,1.16051,1.15992,1.16008,0.0
2026-09-14 01:05:00,1.16015,1.16015,1.16003,1.16008,0.0
2026-09-14 01:10:00,1.16006,1.16011,1.16005,1.16005,0.0
2026-09-14 01:15:00,1.16006,1.16011,1.16005,1.16008,0.0
2026-09-14 01:20:00,1.16006,1.16011,1.16005,1.16009,0.0
2026-09-14 01:25:00,1.16006,1.16021,1.15996,1.15999,0.0
2026-09-14 01:30:00,1.16002,1.16007,1.16001,1.16001,0.0
2026-09-14 01:35:00,1.16002,1.16007,1.16001,1.16004,0.0
2026-09-14 01:40:00,1.16002,1.16007,1.16001,1.16005,0.0
2026-09-14 01:45:00,1.16002,1.16007,1.16001,1.16004,0.0
2026-09-14 01:50:00,1.16002,1.16016,1.15982,1.16008,0.0
2026-09-14 01:55:00,1.16009,1.16014,1.16008,1.1601,0.0
2026-09-14 02:00:00,1.16009,1.16014,1.16008,1.16012,0.0
2026-09-14 02:05:00,1.16009,1.16014,1.16008,1.16011,0.0
2026-09-14 02:10:00,1.16009,1.1601,1.16,1.16002,0.0
2026-09-14 02:15:00,1.16003,1.1602,1.16002,1.16015,0.0
2026-09-14 02:20:00,1.16014,1.16019,1.16013,1.16017,0.0
2026-09-14 02:25:00,1.16014,1.16019,1.16013,1.16016,0.0
2026-09-14 02:30:00,1.16014,1.16019,1.16013,1.16013,0.0
2026-09-14 02:35:00,1.16014,1.16019,1.16012,1.16015,0.0
2026-09-14 02:40:00,1.16014,1.16035,1.16012,1.1603,0.0
2026-09-14 02:45:00,1.16028,1.16033,1.16026,1.16028,0.0
2026-09-14 02:50:00,1.16028,1.16033,1.16027,1.16027,0.0
2026-09-14 02:55:00,1.16028,1.16033,1.16026,1.16029,0.0
2026-09-14 03:00:00,1.16028,1.1603,1.15966,1.15985,0.0
2026-09-14 03:05:00,1.15991,1.16013,1.15964,1.15992,0.0
2026-09-14 03:10:00,1.15995,1.16,1.15994,1.15994,0.0
2026-09-14 03:15:00,1.15995,1.15998,1.15977,1.15989,0.0
2026-09-14 03:20:00,1.15988,1.15992,1.15987,1.1599,0.0
2026-09-14 03:25:00,1.15988,1.15993,1.15986,1.15988,0.0
2026-09-14 03:30:00,1.15988,1.1605,1.15974,1.16029,0.0
2026-09-14 03:35:00,1.1603,1.16035,1.16028,1.16031,0.0
2026-09-14 03:40:00,1.1603,1.16033,1.16029,1.16032,0.0
2026-09-14 03:45:00,1.1603,1.16035,1.15994,1.15996,0.0
2026-09-14 03:50:00,1.15999,1.15999,1.1598,1.1598,0.0
2026-09-14 03:55:00,1.15981,1.16012,1.15975,1.1599,0.0
2026-09-14 04:00:00,1.15994,1.15994,1.15979,1.15984,0.0
2026-09-14 04:05:00,1.1598,1.15985,1.15978,1.15978,0.0
2026-09-14 04:10:00,1.15979,1.15984,1.15978,1.15979,0.0
2026-09-14 04:15:00,1.15979,1.15984,1.15978,1.15983,0.0
2026-09-14 04:20:00,1.15979,1.16058,1.15961,1.15984,0.0
2026-09-14 04:25:00,1.1601,1.1601,1.15976,1.15981,0.0
2026-09-14 04:30:00,1.15981,1.161,1.15947,1.16086,0.0
2026-09-14 04:35:00,1.16056,1.16056,1.15958,1.15983,0.0
2026-09-14 04:40:00,1.15985,1.15985,1.15979,1.15983,0.0
2026-09-14 04:45:00,1.1598,1.16005,1.1594,1.15983,0.0
2026-09-14 04:50:00,1.15989,1.15989,1.15979,1.15979,0.0
2026-09-14 04:55:00,1.1598,1.15985,1.15978,1.15983,0.0
2026-09-14 05:00:00,1.1598,1.15989,1.15962,1.15983,0.0
2026-09-14 05:05:00,1.15977,1.15987,1.15972,1.1598,0.0
2026-09-14 05:10:00,1.15981,1.15988,1.15977,1.15977,0.0
2026-09-14 05:15:00,1.15978,1.15985,1.15977,1.15983,0.0
2026-09-14 05:20:00,1.15979,1.16004,1.15966,1.15983,0.0
2026-09-14 05:25:00,1.15979,1.15984,1.15977,1.15978,0.0
2026-09-14 05:30:00,1.15979,1.1599,1.1596,1.15962,0.0
2026-09-14 05:35:00,1.15967,1.16004,1.15931,1.15982,0.0
2026-09-14 05:40:00,1.15948,1.15996,1.15942,1.15946,0.0
2026-09-14 05:45:00,1.15946,1.15993,1.15938,1.15952,0.0
2026-09-14 05:50:00,1.15957,1.15997,1.1595,1.15974,0.0
2026-09-14 05:55:00,1.15968,1.16,1.15965,1.15983,0.0
2026-09-14 06:00:00,1.15978,1.15994,1.15969,1.15981,0.0
2026-09-14 06:05:00,1.15983,1.15992,1.15976,1.15987,0.0
2026-09-14 06:10:00,1.15988,1.15994,1.15982,1.15985,0.0
2026-09-14 06:15:00,1.15986,1.15989,1.15977,1.15979,0.0
2026-09-14 06:20:00,1.15979,1.15993,1.15979,1.15992,0.0
2026-09-14 06:25:00,1.1599,1.1601,1.15966,1.16002,0.0
2026-09-14 06:30:00,1.1599,1.16013,1.15972,1.16001,0.0
2026-09-14 06:35:00,1.16,1.16003,1.1598,1.15985,0.0
2026-09-14 06:40:00,1.15982,1.15992,1.1598,1.15983,0.0
2026-09-14 06:45:00,1.15984,1.15991,1.15981,1.15982,0.0
2026-09-14 06:50:00,1.15985,1.15992,1.1598,1.1599,0.0
2026-09-14 06:55:00,1.15989,1.15991,1.1598,1.15987,0.0
2026-09-14 07:00:00,1.15985,1.15997,1.15975,1.15986,0.0
2026-09-14 07:05:00,1.15986,1.15992,1.1597,1.15987,0.0
2026-09-14 07:10:00,1.15985,1.1599,1.15976,1.15988,0.0
2026-09-14 07:15:00,1.15987,1.15987,1.15978,1.15982,0.0
2026-09-14 07:20:00,1.1598,1.15989,1.15972,1.15973,0.0
2026-09-14 07:25:00,1.15974,1.15988,1.15974,1.15979,0.0
2026-09-14 07:30:00,1.15979,1.15986,1.15972,1.15982,0.0
2026-09-14 07:35:00,1.15975,1.15989,1.15968,1.1598,0.0
2026-09-14 07:40:00,1.15975,1.15985,1.15973,1.15982,0.0
2026-09-14 07:45:00,1.15978,1.15986,1.15972,1.15982,0.0
2026-09-14 07:50:00,1.15976,1.15985,1.15967,1.15974,0.0
2026-09-14 07:55:00,1.15972,1.15986,1.15946,1.15951,0.0
2026-09-14 08:00:00,1.1596,1.15976,1.15935,1.1596,0.0
2026-09-14 08:05:00,1.15962,1.15978,1.15951,1.15969,0.0
2026-09-14 08:10:00,1.15968,1.15976,1.15942,1.15956,0.0
2026-09-14 08:15:00,1.15954,1.15956,1.15929,1.15931,0.0
2026-09-14 08:20:00,1.15933,1.15937,1.15918,1.15919,0.0
2026-09-14 08:25:00,1.15921,1.15922,1.15904,1.15919,0.0
2026-09-14 08:30:00,1.15914,1.15927,1.15914,1.15926,0.0
2026-09-14 08:35:00,1.15922,1.15929,1.15908,1.1591,0.0
2026-09-14 08:40:00,1.15912,1.15919,1.15895,1.15916,0.0
2026-09-14 08:45:00,1.1591,1.15923,1.15908,1.15909,0.0
2026-09-14 08:50:00,1.15913,1.15919,1.15896,1.15899,0.0
2026-09-14 08:55:00,1.15904,1.15911,1.15898,1.1591,0.0
2026-09-14 09:00:00,1.15907,1.1592,1.15904,1.15913,0.0
2026-09-14 09:05:00,1.15914,1.15926,1.15914,1.1592,0.0
2026-09-14 09:10:00,1.15921,1.15932,1.15916,1.15928,0.0
2026-09-14 09:15:00,1.15927,1.15927,1.15898,1.159,0.0
2026-09-14 09:20:00,1.15901,1.15908,1.15896,1.15906,0.0
2026-09-14 09:25:00,1.15901,1.15909,1.15896,1.15897,0.0
2026-09-14 09:30:00,1.15901,1.1592,1.15898,1.15918,0.0
2026-09-14 09:35:00,1.15915,1.15919,1.159,1.15904,0.0
2026-09-14 09:40:00,1.15901,1.15919,1.159,1.15915,0.0
2026-09-14 09:45:00,1.15908,1.15937,1.15908,1.15928,0.0
2026-09-14 09:50:00,1.1593,1.15932,1.15919,1.15924,0.0
2026-09-14 09:55:00,1.15923,1.15945,1.15919,1.15944,0.0
2026-09-14 10:00:00,1.15942,1.15958,1.1593,1.15953,0.0
2026-09-14 10:05:00,1.15952,1.15955,1.15934,1.15941,0.0
2026-09-14 10:10:00,1.15944,1.15957,1.15918,1.15929,0.0
2026-09-14 10:15:00,1.15927,1.15934,1.15908,1.15921,0.0
2026-09-14 10:20:00,1.1592,1.1592,1.15894,1.15895,0.0
2026-09-14 10:25:00,1.15897,1.15897,1.15856,1.1586,0.0
2026-09-14 10:30:00,1.15861,1.15882,1.15856,1.1588,0.0
2026-09-14 10:35:00,1.15876,1.15876,1.15864,1.15871,0.0
2026-09-14 10:40:00,1.15869,1.15869,1.15852,1.15853,0.0
2026-09-14 10:45:00,1.15857,1.15871,1.15857,1.15861,0.0
2026-09-14 10:50:00,1.15862,1.15883,1.1586,1.1588,0.0
2026-09-14 10:55:00,1.15878,1.15888,1.1586,1.15865,0.0
2026-09-14 11:00:00,1.15874,1.15881,1.1586,1.15863,0.0
2026-09-14 11:05:00,1.15869,1.15869,1.15844,1.15845,0.0
2026-09-14 11:10:00,1.15849,1.15856,1.15842,1.15844,0.0
2026-09-14 11:15:00,1.15844,1.15847,1.1584,1.15847,0.0
2026-09-14 11:20:00,1.15846,1.15865,1.15839,1.15852,0.0
2026-09-14 11:25:00,1.15854,1.15876,1.15854,1.15875,0.0
2026-09-14 11:30:00,1.15872,1.1588,1.15851,1.15853,0.0
2026-09-14 11:35:00,1.15855,1.15879,1.15849,1.15878,0.0
2026-09-14 11:40:00,1.15872,1.15892,1.15872,1.15888,0.0
2026-09-14 11:45:00,1.15883,1.15891,1.15876,1.15884,0.0
2026-09-14 11:50:00,1.15884,1.15884,1.1586,1.15863,0.0
2026-09-14 11:55:00,1.15866,1.15872,1.1586,1.15861,0.0
2026-09-14 12:00:00,1.15862,1.15873,1.15853,1.15864,0.0
2026-09-14 12:05:00,1.15866,1.15884,1.15857,1.15882,0.0
2026-09-14 12:10:00,1.15879,1.15884,1.15871,1.15879,0.0
2026-09-14 12:15:00,1.15877,1.1588,1.15868,1.15876,0.0
2026-09-14 12:20:00,1.15874,1.15885,1.15868,1.15882,0.0
2026-09-14 12:25:00,1.15878,1.15886,1.15865,1.15872,0.0
2026-09-14 12:30:00,1.15872,1.15878,1.15856,1.15867,0.0
2026-09-14 12:35:00,1.15865,1.15865,1.15849,1.15853,0.0
2026-09-14 12:40:00,1.15858,1.15858,1.1584,1.15855,0.0
2026-09-14 12:45:00,1.15852,1.15859,1.15843,1.15858,0.0
2026-09-14 12:50:00,1.15857,1.15858,1.15841,1.15852,0.0
2026-09-14 12:55:00,1.15849,1.15849,1.15814,1.15818,0.0
2026-09-14 13:00:00,1.15821,1.1583,1.15767,1.15769,0.0
2026-09-14 13:05:00,1.15774,1.15786,1.15772,1.1578,0.0
2026-09-14 13:10:00,1.15776,1.15784,1.1576,1.15781,0.0
2026-09-14 13:15:00,1.15774,1.15774,1.15743,1.15745,0.0
2026-09-14 13:20:00,1.15748,1.1575,1.15738,1.15741,0.0
2026-09-14 13:25:00,1.15741,1.15749,1.15727,1.15735,0.0
2026-09-14 13:30:00,1.15732,1.1574,1.15706,1.15717,0.0
2026-09-14 13:35:00,1.15716,1.15729,1.15703,1.15725,0.0
2026-09-14 13:40:00,1.15723,1.15723,1.15698,1.157,0.0
2026-09-14 13:45:00,1.15701,1.15704,1.15693,1.157,0.0
2026-09-14 13:50:00,1.15698,1.1571,1.15698,1.15709,0.0
2026-09-14 13:55:00,1.15705,1.15716,1.15703,1.15704,0.0
2026-09-14 14:00:00,1.15705,1.15709,1.15701,1.15701,0.0
2026-09-14 14:05:00,1.15702,1.15706,1.15676,1.15679,0.0
2026-09-14 14:10:00,1.15679,1.15691,1.15678,1.1569,0.0
2026-09-14 14:15:00,1.15686,1.15693,1.15679,1.15682,0.0
2026-09-14 14:20:00,1.15686,1.15686,1.15666,1.15671,0.0
2026-09-14 14:25:00,1.1567,1.15678,1.15652,1.15659,0.0
2026-09-14 14:30:00,1.1567,1.1567,1.15652,1.15667,0.0
2026-09-14 14:35:00,1.15664,1.15668,1.1566,1.15667,0.0
2026-09-14 14:40:00,1.15664,1.15667,1.15631,1.15633,0.0
2026-09-14 14:45:00,1.15636,1.15642,1.15628,1.1564,0.0
2026-09-14 14:50:00,1.15638,1.1565,1.15637,1.15642,0.0
2026-09-14 14:55:00,1.1564,1.15664,1.1564,1.1566,0.0
2026-09-14 15:00:00,1.15655,1.15659,1.15651,1.15653,0.0
2026-09-14 15:05:00,1.15653,1.15661,1.15643,1.15658,0.0
2026-09-14 15:10:00,1.15655,1.15655,1.15639,1.15648,0.0
2026-09-14 15:15:00,1.15644,1.15657,1.15644,1.15652,0.0
2026-09-14 15:20:00,1.15651,1.15668,1.15651,1.15666,0.0
2026-09-14 15:25:00,1.15664,1.15688,1.15662,1.15685,0.0
2026-09-14 15:30:00,1.15683,1.15703,1.15675,1.15701,0.0
2026-09-14 15:35:00,1.15694,1.15706,1.15689,1.15696,0.0
2026-09-14 15:40:00,1.15699,1.15704,1.15679,1.15699,0.0
2026-09-14 15:45:00,1.15692,1.15705,1.1568,1.15686,0.0
2026-09-14 15:50:00,1.15695,1.15699,1.15676,1.15698,0.0
2026-09-14 15:55:00,1.15695,1.15706,1.15693,1.15698,0.0
2026-09-14 16:00:00,1.157,1.15702,1.1567,1.15672,0.0
2026-09-14 16:05:00,1.15676,1.15686,1.15578,1.15619,0.0
2026-09-14 16:10:00,1.15611,1.15622,1.15595,1.156,0.0
2026-09-14 16:15:00,1.15597,1.15597,1.15532,1.15537,0.0
2026-09-14 16:20:00,1.15545,1.15571,1.1552,1.15566,0.0
2026-09-14 16:25:00,1.1556,1.15572,1.15558,1.15561,0.0
2026-09-14 16:30:00,1.15566,1.15579,1.15555,1.15561,0.0
2026-09-14 16:35:00,1.15564,1.15595,1.15554,1.15582,0.0
2026-09-14 16:40:00,1.15587,1.156,1.1557,1.15598,0.0
2026-09-14 16:45:00,1.15594,1.15599,1.15548,1.15551,0.0
2026-09-14 16:50:00,1.15551,1.15553,1.15523,1.15528,0.0
2026-09-14 16:55:00,1.15536,1.15536,1.15511,1.15524,0.0
2026-09-14 17:00:00,1.15519,1.15548,1.15519,1.15544,0.0
2026-09-14 17:05:00,1.15537,1.15555,1.15537,1.15553,0.0
2026-09-14 17:10:00,1.15549,1.15566,1.15547,1.15564,0.0
2026-09-14 17:15:00,1.15561,1.15577,1.1556,1.15576,0.0
2026-09-14 17:20:00,1.15574,1.15576,1.15559,1.15563,0.0
2026-09-14 17:25:00,1.15562,1.15575,1.1554,1.15559,0.0
2026-09-14 17:30:00,1.15566,1.15566,1.15532,1.15547,0.0
2026-09-14 17:35:00,1.15545,1.15545,1.15531,1.15533,0.0
2026-09-14 17:40:00,1.15536,1.15538,1.15479,1.15486,0.0
2026-09-14 17:45:00,1.15498,1.15501,1.1548,1.15491,0.0
2026-09-14 17:50:00,1.15489,1.15491,1.15432,1.15434,0.0
2026-09-14 17:55:00,1.15436,1.15457,1.15436,1.15447,0.0
2026-09-14 18:00:00,1.1545,1.15457,1.15411,1.15438,0.0
2026-09-14 18:05:00,1.15429,1.15448,1.15395,1.154,0.0
2026-09-14 18:10:00,1.15408,1.15408,1.15375,1.15378,0.0
2026-09-14 18:15:00,1.15382,1.15382,1.15362,1.15366,0.0
2026-09-14 18:20:00,1.15369,1.15369,1.15351,1.1536,0.0
2026-09-14 18:25:00,1.15358,1.15369,1.15348,1.15367,0.0
2026-09-14 18:30:00,1.15365,1.15372,1.15348,1.15372,0.0
2026-09-14 18:35:00,1.1537,1.15404,1.15362,1.15401,0.0
2026-09-14 18:40:00,1.15397,1.15405,1.1538,1.15382,0.0
2026-09-14 18:45:00,1.15385,1.15403,1.15375,1.15401,0.0
2026-09-14 18:50:00,1.15395,1.1541,1.15377,1.15409,0.0
2026-09-14 18:55:00,1.15408,1.15408,1.15372,1.15375,0.0
2026-09-14 19:00:00,1.15384,1.15409,1.15377,1.15407,0.0
2026-09-14 19:05:00,1.15405,1.15405,1.15388,1.15402,0.0
2026-09-14 19:10:00,1.15395,1.15408,1.15382,1.15384,0.0
2026-09-14 19:15:00,1.15388,1.15388,1.15357,1.1537,0.0
2026-09-14 19:20:00,1.15364,1.15405,1.15364,1.15402,0.0
2026-09-14 19:25:00,1.15394,1.15431,1.15394,1.15429,0.0
2026-09-14 19:30:00,1.15421,1.15444,1.15411,1.15414,0.0
2026-09-14 19:35:00,1.15418,1.15436,1.15418,1.15423,0.0
2026-09-14 19:40:00,1.15427,1.15441,1.15415,1.15431,0.0
2026-09-14 19:45:00,1.15435,1.15439,1.15419,1.15423,0.0
2026-09-14 19:50:00,1.15429,1.15433,1.15409,1.15427,0.0
2026-09-14 19:55:00,1.15426,1.15446,1.15413,1.15417,0.0
2026-09-14 20:00:00,1.15424,1.15428,1.15379,1.15381,0.0
2026-09-14 20:05:00,1.15386,1.15416,1.15386,1.15398,0.0
2026-09-14 20:10:00,1.154,1.15418,1.15395,1.15408,0.0
2026-09-14 20:15:00,1.15407,1.15418,1.154,1.15416,0.0
2026-09-14 20:20:00,1.15412,1.15416,1.1537,1.15391,0.0
2026-09-14 20:25:00,1.15384,1.15411,1.15384,1.15409,0.0
2026-09-14 20:30:00,1.15406,1.1542,1.15404,1.15415,0.0
2026-09-14 20:35:00,1.15414,1.15419,1.15399,1.15405,0.0
2026-09-14 20:40:00,1.1541,1.15416,1.15395,1.15409,0.0
2026-09-14 20:45:00,1.15408,1.15415,1.15399,1.15401,0.0
2026-09-14 20:50:00,1.15404,1.15404,1.15386,1.154,0.0
2026-09-14 20:55:00,1.15394,1.15421,1.15394,1.15404,0.0
2026-09-14 21:00:00,1.15406,1.15436,1.15404,1.15433,0.0
2026-09-14 21:05:00,1.15431,1.15443,1.15423,1.15441,0.0
2026-09-14 21:10:00,1.15437,1.1545,1.15419,1.15447,0.0
2026-09-14 21:15:00,1.15442,1.15473,1.15441,1.1547,0.0
2026-09-14 21:20:00,1.15465,1.15476,1.15461,1.15471,0.0
2026-09-14 21:25:00,1.1547,1.1549,1.15463,1.15489,0.0
2026-09-14 21:30:00,1.15486,1.15503,1.15471,1.15478,0.0
2026-09-14 21:35:00,1.15489,1.1549,1.15473,1.15489,0.0
2026-09-14 21:40:00,1.15487,1.15488,1.15472,1.15483,0.0
2026-09-14 21:45:00,1.15482,1.15484,1.15443,1.15457,0.0
2026-09-14 21:50:00,1.1545,1.15482,1.1545,1.15464,0.0
2026-09-14 21:55:00,1.15471,1.15483,1.15467,1.15471,0.0
2026-09-14 22:00:00,1.15476,1.15488,1.15472,1.15477,0.0
2026-09-14 22:05:00,1.15482,1.15522,1.15477,1.15521,0.0
2026-09-14 22:10:00,1.15518,1.1552,1.15485,1.15491,0.0
2026-09-14 22:15:00,1.15501,1.15501,1.15481,1.15497,0.0
2026-09-14 22:20:00,1.15496,1.15514,1.15427,1.15436,0.0
2026-09-14 22:25:00,1.15435,1.15435,1.15405,1.15409,0.0
2026-09-14 22:30:00,1.15415,1.15415,1.15371,1.15378,0.0
2026-09-14 22:35:00,1.15389,1.15389,1.1532,1.15323,0.0
2026-09-14 22:40:00,1.15329,1.15348,1.1531,1.15346,0.0
2026-09-14 22:45:00,1.15342,1.15356,1.15342,1.15356,0.0
2026-09-14 22:50:00,1.15354,1.1536,1.15311,1.1532,0.0
2026-09-14 22:55:00,1.15334,1.15334,1.15302,1.15325,0.0
2026-09-14 23:00:00,1.15322,1.15325,1.15299,1.15302,0.0
2026-09-14 23:05:00,1.15307,1.1531,1.153,1.15304,0.0
2026-09-14 23:10:00,1.15305,1.15359,1.15296,1.15328,0.0
2026-09-14 23:15:00,1.15341,1.15373,1.15341,1.15369,0.0
2026-09-14 23:20:00,1.15363,1.15375,1.15363,1.15372,0.0
2026-09-14 23:25:00,1.15369,1.15371,1.15339,1.15341,0.0
2026-09-14 23:30:00,1.15342,1.15374,1.15342,1.15371,0.0
2026-09-14 23:35:00,1.15367,1.15374,1.15343,1.15352,0.0
2026-09-14 23:40:00,1.15351,1.15351,1.15335,1.15338,0.0
2026-09-14 23:45:00,1.15335,1.15349,1.15301,1.15309,0.0
2026-09-14 23:50:00,1.15323,1.15323,1.1526,1.15267,0.0
2026-09-14 23:55:00,1.15277,1.15277,1.15237,1.1524,0.0
2026-09-15 00:00:00,1.15243,1.15264,1.15242,1.15244,0.0
2026-09-15 00:05:00,1.15246,1.15308,1.15232,1.15306,0.0
2026-09-15 00:10:00,1.15301,1.15359,1.15289,1.15353,0.0
2026-09-15 00:15:00,1.15345,1.15367,1.15345,1.15365,0.0
2026-09-15 00:20:00,1.15363,1.15368,1.15303,1.15312,0.0
2026-09-15 00:25:00,1.15329,1.15329,1.15286,1.15311,0.0
2026-09-15 00:30:00,1.15299,1.15359,1.15299,1.15354,0.0
2026-09-15 00:35:00,1.15347,1.15394,1.15347,1.1539,0.0
2026-09-15 00:40:00,1.15384,1.15417,1.15383,1.15416,0.0
2026-09-15 00:45:00,1.1541,1.15431,1.15409,1.1542,0.0
2026-09-15 00:50:00,1.15418,1.15429,1.15362,1.15367,0.0
2026-09-15 00:55:00,1.15375,1.15381,1.15364,1.1538,0.0
2026-09-15 01:00:00,1.15378,1.15381,1.15364,1.15379,0.0
2026-09-15 01:05:00,1.15369,1.15471,1.15353,1.15438,0.0
2026-09-15 01:10:00,1.15446,1.15446,1.15405,1.15432,0.0
2026-09-15 01:15:00,1.15429,1.15442,1.15383,1.15396,0.0
2026-09-15 01:20:00,1.15396,1.15411,1.15395,1.15406,0.0
2026-09-15 01:25:00,1.15401,1.15435,1.15393,1.15435,0.0
2026-09-15 01:30:00,1.15433,1.15446,1.15399,1.15438,0.0
2026-09-15 01:35:00,1.15428,1.1548,1.15428,1.15478,0.0
2026-09-15 01:40:00,1.15474,1.15492,1.15452,1.15487,0.0
2026-09-15 01:45:00,1.15471,1.155,1.15461,1.15472,0.0
2026-09-15 01:50:00,1.15471,1.15486,1.15455,1.15481,0.0
2026-09-15 01:55:00,1.15475,1.15495,1.15475,1.15492,0.0
2026-09-15 02:00:00,1.15491,1.15502,1.15479,1.155,0.0
2026-09-15 02:05:00,1.15495,1.15502,1.1548,1.15501,0.0
2026-09-15 02:10:00,1.155,1.15533,1.15491,1.15503,0.0
2026-09-15 02:15:00,1.15509,1.15534,1.15504,1.15522,0.0
2026-09-15 02:20:00,1.15521,1.15528,1.15509,1.15527,0.0
2026-09-15 02:25:00,1.15521,1.15544,1.15503,1.15508,0.0
2026-09-15 02:30:00,1.15515,1.15516,1.15503,1.15506,0.0
2026-09-15 02:35:00,1.1551,1.15541,1.15494,1.15538,0.0
2026-09-15 02:40:00,1.15531,1.15583,1.15531,1.15582,0.0
2026-09-15 02:45:00,1.15575,1.15623,1.15573,1.15621,0.0
2026-09-15 02:50:00,1.15616,1.15636,1.15614,1.1562,0.0
2026-09-15 02:55:00,1.15626,1.15628,1.156,1.15603,0.0
2026-09-15 03:00:00,1.15607,1.15611,1.15584,1.15587,0.0
2026-09-15 03:05:00,1.15591,1.15607,1.15589,1.15605,0.0
