Date,Open,High,Low,Close,Volume
2026-09-06 04:55:00,1.1617,1.16172,1.16168,1.16172,0.0
2026-09-06 04:56:00,1.1617,1.16175,1.16169,1.16169,0.0
2026-09-06 04:57:00,1.1617,1.16172,1.16168,1.16172,0.0
2026-09-06 04:58:00,1.1617,1.16173,1.1617,1.1617,0.0
2026-09-06 04:59:00,1.1617,1.16171,1.1617,1.16171,0.0
2026-09-06 05:00:00,1.1617,1.16171,1.1617,1.16171,0.0
2026-09-06 05:01:00,1.1617,1.16172,1.1617,1.1617,0.0
2026-09-06 05:02:00,1.1617,1.16172,1.16169,1.16172,0.0
2026-09-06 05:03:00,1.1617,1.16174,1.16169,1.16169,0.0
2026-09-06 05:04:00,1.1617,1.16172,1.16168,1.16172,0.0
2026-09-06 05:05:00,1.1617,1.16175,1.16169,1.16169,0.0
2026-09-06 05:06:00,1.1617,1.16172,1.16168,1.16172,0.0
2026-09-06 05:07:00,1.1617,1.16174,1.16169,1.16169,0.0
2026-09-06 05:08:00,1.1617,1.16171,1.16169,1.16171,0.0
2026-09-06 05:09:00,1.1617,1.16173,1.1617,1.1617,0.0
2026-09-06 05:10:00,1.1617,1.16171,1.1617,1.1617,0.0
2026-09-06 05:11:00,1.1617,1.16171,1.1617,1.16171,0.0
2026-09-06 05:12:00,1.1617,1.16173,1.16169,1.16169,0.0
2026-09-06 05:13:00,1.1617,1.16172,1.16169,1.16172,0.0
2026-09-06 05:14:00,1.1617,1.16212,1.16164,1.16166,0.0
2026-09-06 05:15:00,1.16171,1.16178,1.16171,1.16178,0.0
2026-09-06 05:16:00,1.16175,1.16181,1.16175,1.16175,0.0
2026-09-06 05:17:00,1.16175,1.16178,1.16174,1.16178,0.0
2026-09-06 05:18:00,1.16176,1.1618,1.16176,1.16176,0.0
2026-09-06 05:19:00,1.16176,1.16177,1.16176,1.16177,0.0
2026-09-06 05:20:00,1.16176,1.16178,1.16176,1.16178,0.0
2026-09-06 05:21:00,1.16176,1.16178,1.16176,1.16176,0.0
2026-09-06 05:22:00,1.16176,1.16178,1.16176,1.16178,0.0
2026-09-06 05:23:00,1.16176,1.1618,1.16175,1.16175,0.0
2026-09-06 05:24:00,1.16176,1.16178,1.16174,1.16178,0.0
2026-09-06 05:25:00,1.16176,1.16181,1.16175,1.16175,0.0
2026-09-06 05:26:00,1.16176,1.16178,1.16174,1.16178,0.0
2026-09-06 05:27:00,1.16176,1.16181,1.16175,1.16175,0.0
2026-09-06 05:28:00,1.16176,1.16177,1.16175,1.16177,0.0
2026-09-06 05:29:00,1.16176,1.16179,1.16176,1.16176,0.0
2026-09-06 05:30:00,1.16176,1.16177,1.16176,1.16176,0.0
2026-09-06 05:31:00,1.16176,1.16177,1.16176,1.16177,0.0
2026-09-06 05:32:00,1.16176,1.16179,1.16175,1.16175,0.0
2026-09-06 05:33:00,1.16176,1.16178,1.16175,1.16178,0.0
2026-09-06 05:34:00,1.16176,1.16181,1.16175,1.16175,0.0
2026-09-06 05:35:00,1.16176,1.16178,1.16174,1.16178,0.0
2026-09-06 05:36:00,1.16176,1.16181,1.16175,1.16175,0.0
2026-09-06 05:37:00,1.16176,1.16178,1.16174,1.16178,0.0
2026-09-06 05:38:00,1.16176,1.1618,1.16176,1.16176,0.0
2026-09-06 05:39:00,1.16176,1.16209,1.16176,1.16198,0.0
2026-09-06 05:40:00,1.16176,1.16183,1.16176,1.16182,0.0
2026-09-06 05:41:00,1.1618,1.16182,1.1618,1.1618,0.0
2026-09-06 05:42:00,1.1618,1.16182,1.1618,1.16182,0.0
2026-09-06 05:43:00,1.1618,1.16184,1.1618,1.1618,0.0
2026-09-06 05:44:00,1.1618,1.16194,1.16164,1.1619,0.0
2026-09-06 05:45:00,1.16183,1.16183,1.16158,1.1616,0.0
2026-09-06 05:46:00,1.16163,1.16163,1.16147,1.16151,0.0
2026-09-06 05:47:00,1.16157,1.16157,1.16147,1.16148,0.0
2026-09-06 05:48:00,1.16149,1.16149,1.16142,1.16144,0.0
2026-09-06 05:49:00,1.16145,1.16145,1.16141,1.16142,0.0
2026-09-06 05:50:00,1.16143,1.16143,1.1614,1.16141,0.0
2026-09-06 05:51:00,1.16141,1.16141,1.1614,1.16141,0.0
2026-09-06 05:52:00,1.1614,1.16142,1.16139,1.16139,0.0
2026-09-06 05:53:00,1.16139,1.16141,1.16138,1.16141,0.0
2026-09-06 05:54:00,1.16139,1.16143,1.16138,1.16138,0.0
2026-09-06 05:55:00,1.16139,1.16141,1.16137,1.16141,0.0
2026-09-06 05:56:00,1.16138,1.16143,1.16138,1.16138,0.0
2026-09-06 05:57:00,1.16138,1.16141,1.16137,1.16141,0.0
2026-09-06 05:58:00,1.16138,1.16143,1.16138,1.16138,0.0
2026-09-06 05:59:00,1.16138,1.1614,1.16138,1.1614,0.0
2026-09-06 06:00:00,1.16138,1.16139,1.16138,1.16139,0.0
2026-09-06 06:01:00,1.16138,1.16145,1.16136,1.16136,0.0
2026-09-06 06:02:00,1.16137,1.16147,1.16137,1.16147,0.0
2026-09-06 06:03:00,1.16144,1.16144,1.16141,1.16141,0.0
2026-09-06 06:04:00,1.16142,1.16221,1.1614,1.16194,0.0
2026-09-06 06:05:00,1.16136,1.16172,1.16136,1.16169,0.0
2026-09-06 06:06:00,1.16164,1.16166,1.16162,1.16166,0.0
2026-09-06 06:07:00,1.16164,1.16169,1.16163,1.16163,0.0
2026-09-06 06:08:00,1.16164,1.16166,1.16163,1.16166,0.0
2026-09-06 06:09:00,1.16164,1.16168,1.16164,1.16164,0.0
2026-09-06 06:10:00,1.16164,1.16165,1.16164,1.16165,0.0
2026-09-06 06:11:00,1.16164,1.16166,1.16164,1.16166,0.0
2026-09-06 06:12:00,1.16164,1.16167,1.16164,1.16164,0.0
2026-09-06 06:13:00,1.16164,1.16166,1.16164,1.16166,0.0
2026-09-06 06:14:00,1.16164,1.16168,1.16163,1.16163,0.0
2026-09-06 06:15:00,1.16164,1.16167,1.16162,1.16167,0.0
2026-09-06 06:16:00,1.16164,1.16169,1.16163,1.16163,0.0
2026-09-06 06:17:00,1.16164,1.16166,1.16162,1.16166,0.0
2026-09-06 06:18:00,1.16164,1.16169,1.16164,1.16164,0.0
2026-09-06 06:19:00,1.16164,1.16165,1.16163,1.16165,0.0
2026-09-06 06:20:00,1.16164,1.16167,1.16164,1.16166,0.0
2026-09-06 06:21:00,1.16164,1.16165,1.16164,1.16164,0.0
2026-09-06 06:22:00,1.16164,1.16166,1.16164,1.16166,0.0
2026-09-06 06:23:00,1.16164,1.16167,1.16164,1.16164,0.0
2026-09-06 06:24:00,1.16164,1.16166,1.16163,1.16166,0.0
2026-09-06 06:25:00,1.16164,1.16169,1.16163,1.16163,0.0
2026-09-06 06:26:00,1.16164,1.16167,1.16162,1.16167,0.0
2026-09-06 06:27:00,1.16164,1.16169,1.16163,1.16163,0.0
2026-09-06 06:28:00,1.16164,1.16166,1.16163,1.16166,0.0
2026-09-06 06:29:00,1.16164,1.16214,1.16159,1.16164,0.0
2026-09-06 06:30:00,1.16165,1.16174,1.16165,1.16173,0.0
2026-09-06 06:31:00,1.16171,1.16173,1.16171,1.16173,0.0
2026-09-06 06:32:00,1.16171,1.16173,1.16171,1.16171,0.0
2026-09-06 06:33:00,1.16171,1.16173,1.16171,1.16173,0.0
2026-09-06 06:34:00,1.16171,1.16175,1.1617,1.1617,0.0
2026-09-06 06:35:00,1.16171,1.16173,1.16169,1.16173,0.0
2026-09-06 06:36:00,1.16171,1.16176,1.1617,1.1617,0.0
2026-09-06 06:37:00,1.16171,1.16173,1.16169,1.16173,0.0
2026-09-06 06:38:00,1.16171,1.16176,1.1617,1.1617,0.0
2026-09-06 06:39:00,1.16171,1.16172,1.1617,1.16172,0.0
2026-09-06 06:40:00,1.16171,1.16174,1.16171,1.16171,0.0
2026-09-06 06:41:00,1.16171,1.16172,1.16171,1.16171,0.0
2026-09-06 06:42:00,1.16171,1.16172,1.16171,1.16172,0.0
2026-09-06 06:43:00,1.16171,1.16174,1.1617,1.1617,0.0
2026-09-06 06:44:00,1.16171,1.16173,1.1617,1.16173,0.0
2026-09-06 06:45:00,1.16171,1.16176,1.1617,1.1617,0.0
2026-09-06 06:46:00,1.16171,1.16173,1.16169,1.16173,0.0
2026-09-06 06:47:00,1.16171,1.16176,1.1617,1.1617,0.0
2026-09-06 06:48:00,1.16171,1.16173,1.16169,1.16173,0.0
2026-09-06 06:49:00,1.16171,1.16175,1.16171,1.16171,0.0
2026-09-06 06:50:00,1.16171,1.16172,1.16171,1.16172,0.0
2026-09-06 06:51:00,1.16171,1.16173,1.16171,1.16173,0.0
2026-09-06 06:52:00,1.16171,1.16173,1.16171,1.16171,0.0
2026-09-06 06:53:00,1.16171,1.16173,1.16171,1.16173,0.0
2026-09-06 06:54:00,1.16171,1.16212,1.16167,1.16168,0.0
2026-09-06 06:55:00,1.16172,1.16209,1.16161,1.16199,0.0
2026-09-06 06:56:00,1.16179,1.16179,1.16156,1.16158,0.0
2026-09-06 06:57:00,1.16162,1.16165,1.16161,1.16165,0.0
2026-09-06 06:58:00,1.16162,1.16167,1.16162,1.16162,0.0
2026-09-06 06:59:00,1.16162,1.1617,1.16153,1.16168,0.0
2026-09-06 07:00:00,1.16163,1.16163,1.16149,1.16151,0.0
2026-09-06 07:01:00,1.16154,1.16155,1.16154,1.16155,0.0
2026-09-06 07:02:00,1.16154,1.16155,1.16154,1.16155,0.0
2026-09-06 07:03:00,1.16154,1.16157,1.16154,1.16154,0.0
2026-09-06 07:04:00,1.16154,1.16156,1.16153,1.16156,0.0
2026-09-06 07:05:00,1.16154,1.16158,1.16153,1.16153,0.0
2026-09-06 07:06:00,1.16154,1.16156,1.16152,1.16156,0.0
2026-09-06 07:07:00,1.16154,1.16159,1.16153,1.16153,0.0
2026-09-06 07:08:00,1.16154,1.16156,1.16152,1.16156,0.0
2026-09-06 07:09:00,1.16154,1.16158,1.16154,1.16154,0.0
2026-09-06 07:10:00,1.16154,1.16155,1.16153,1.16155,0.0
2026-09-06 07:11:00,1.16154,1.16157,1.16154,1.16156,0.0
2026-09-06 07:12:00,1.16154,1.16155,1.16154,1.16154,0.0
2026-09-06 07:13:00,1.16154,1.16156,1.16154,1.16156,0.0
2026-09-06 07:14:00,1.16154,1.16157,1.16153,1.16153,0.0
2026-09-06 07:15:00,1.16154,1.16156,1.16153,1.16156,0.0
2026-09-06 07:16:00,1.16154,1.16159,1.16153,1.16153,0.0
2026-09-06 07:17:00,1.16154,1.16156,1.16152,1.16156,0.0
2026-09-06 07:18:00,1.16154,1.16159,1.16153,1.16153,0.0
2026-09-06 07:19:00,1.16154,1.1622,1.16154,1.16198,0.0
2026-09-06 07:20:00,1.16153,1.16213,1.16153,1.16196,0.0
2026-09-06 07:21:00,1.16163,1.16164,1.16163,1.16164,0.0
2026-09-06 07:22:00,1.16163,1.16165,1.16163,1.16165,0.0
2026-09-06 07:23:00,1.16163,1.16165,1.16163,1.16163,0.0
2026-09-06 07:24:00,1.16163,1.16165,1.16162,1.16165,0.0
2026-09-06 07:25:00,1.16163,1.16167,1.16162,1.16162,0.0
2026-09-06 07:26:00,1.16163,1.16165,1.16161,1.16165,0.0
2026-09-06 07:27:00,1.16163,1.16168,1.16162,1.16162,0.0
2026-09-06 07:28:00,1.16163,1.16165,1.16161,1.16165,0.0
2026-09-06 07:29:00,1.16163,1.16167,1.16162,1.16162,0.0
2026-09-06 07:30:00,1.16163,1.16164,1.16162,1.16164,0.0
2026-09-06 07:31:00,1.16163,1.16166,1.16163,1.16163,0.0
2026-09-06 07:32:00,1.16163,1.16164,1.16163,1.16163,0.0
2026-09-06 07:33:00,1.16163,1.16165,1.16126,1.16165,0.0
2026-09-06 07:34:00,1.16163,1.16163,1.16149,1.1615,0.0
2026-09-06 07:35:00,1.16153,1.16158,1.16147,1.16157,0.0
2026-09-06 07:36:00,1.16154,1.16154,1.16145,1.16146,0.0
2026-09-06 07:37:00,1.16148,1.1615,1.16146,1.1615,0.0
2026-09-06 07:38:00,1.16148,1.16153,1.16147,1.16147,0.0
2026-09-06 07:39:00,1.16148,1.1615,1.16147,1.1615,0.0
2026-09-06 07:40:00,1.16148,1.16152,1.16148,1.16148,0.0
2026-09-06 07:41:00,1.16148,1.16149,1.16148,1.16149,0.0
2026-09-06 07:42:00,1.16148,1.1615,1.16148,1.1615,0.0
2026-09-06 07:43:00,1.16148,1.1615,1.16148,1.16148,0.0
2026-09-06 07:44:00,1.16148,1.16209,1.16148,1.16188,0.0
2026-09-06 07:45:00,1.16148,1.16222,1.16128,1.16135,0.0
2026-09-06 07:46:00,1.16152,1.16186,1.16152,1.16182,0.0
2026-09-06 07:47:00,1.16173,1.16179,1.16173,1.16173,0.0
2026-09-06 07:48:00,1.16173,1.16176,1.16172,1.16176,0.0
2026-09-06 07:49:00,1.16173,1.16178,1.16173,1.16173,0.0
2026-09-06 07:50:00,1.16173,1.16175,1.16173,1.16175,0.0
2026-09-06 07:51:00,1.16173,1.16177,1.16173,1.16176,0.0
2026-09-06 07:52:00,1.16173,1.16175,1.16173,1.16175,0.0
2026-09-06 07:53:00,1.16173,1.16175,1.16173,1.16175,0.0
2026-09-06 07:54:00,1.16173,1.16177,1.16173,1.16173,0.0
2026-09-06 07:55:00,1.16173,1.16176,1.16173,1.16176,0.0
2026-09-06 07:56:00,1.16173,1.16173,1.16171,1.16173,0.0
2026-09-06 07:57:00,1.16172,1.16172,1.16163,1.16165,0.0
2026-09-06 07:58:00,1.16166,1.16171,1.16165,1.16165,0.0
2026-09-06 07:59:00,1.16166,1.16168,1.16165,1.16168,0.0
2026-09-06 08:00:00,1.16166,1.16171,1.16166,1.16166,0.0
2026-09-06 08:01:00,1.16166,1.16167,1.16166,1.16167,0.0
2026-09-06 08:02:00,1.16166,1.16169,1.16166,1.16168,0.0
2026-09-06 08:03:00,1.16166,1.16168,1.16166,1.16166,0.0
2026-09-06 08:04:00,1.16166,1.16168,1.16166,1.16168,0.0
2026-09-06 08:05:00,1.16166,1.1617,1.16166,1.16166,0.0
2026-09-06 08:06:00,1.16166,1.16169,1.16165,1.16169,0.0
2026-09-06 08:07:00,1.16166,1.16171,1.16165,1.16165,0.0
2026-09-06 08:08:00,1.16166,1.16169,1.16164,1.16169,0.0
2026-09-06 08:09:00,1.16166,1.16213,1.16166,1.16166,0.0
2026-09-06 08:10:00,1.16166,1.16212,1.16166,1.16197,0.0
2026-09-06 08:11:00,1.16165,1.16176,1.16165,1.16175,0.0
2026-09-06 08:12:00,1.16173,1.16173,1.16173,1.16173,0.0
2026-09-06 08:13:00,1.16173,1.16174,1.16173,1.16174,0.0
2026-09-06 08:14:00,1.16173,1.16175,1.16172,1.16172,0.0
2026-09-06 08:15:00,1.16173,1.16175,1.16172,1.16175,0.0
2026-09-06 08:16:00,1.16173,1.16177,1.16172,1.16172,0.0
2026-09-06 08:17:00,1.16173,1.16175,1.16171,1.16175,0.0
2026-09-06 08:18:00,1.16173,1.16173,1.16122,1.16139,0.0
2026-09-06 08:19:00,1.16165,1.16165,1.16114,1.16122,0.0
2026-09-06 08:20:00,1.16134,1.16138,1.16133,1.16133,0.0
2026-09-06 08:21:00,1.16134,1.16135,1.16133,1.16135,0.0
2026-09-06 08:22:00,1.16134,1.16136,1.16134,1.16134,0.0
2026-09-06 08:23:00,1.16134,1.16135,1.16134,1.16134,0.0
2026-09-06 08:24:00,1.16134,1.16135,1.16134,1.16135,0.0
2026-09-06 08:25:00,1.16134,1.16137,1.16133,1.16133,0.0
2026-09-06 08:26:00,1.16134,1.16136,1.16133,1.16136,0.0
2026-09-06 08:27:00,1.16134,1.16139,1.16133,1.16133,0.0
2026-09-06 08:28:00,1.16134,1.16136,1.16132,1.16136,0.0
2026-09-06 08:29:00,1.16134,1.16139,1.16133,1.16133,0.0
2026-09-06 08:30:00,1.16134,1.16136,1.16132,1.16136,0.0
2026-09-06 08:31:00,1.16134,1.16137,1.16134,1.16134,0.0
2026-09-06 08:32:00,1.16134,1.16135,1.16134,1.16135,0.0
2026-09-06 08:33:00,1.16134,1.16135,1.16134,1.16135,0.0
2026-09-06 08:34:00,1.16134,1.1622,1.16133,1.16133,0.0
2026-09-06 08:35:00,1.16134,1.16226,1.16134,1.16195,0.0
2026-09-06 08:36:00,1.16132,1.16152,1.16132,1.1615,0.0
2026-09-06 08:37:00,1.16146,1.16149,1.16145,1.16149,0.0
2026-09-06 08:38:00,1.16146,1.16152,1.16146,1.16146,0.0
2026-09-06 08:39:00,1.16146,1.16149,1.16145,1.16149,0.0
2026-09-06 08:40:00,1.16146,1.16151,1.16146,1.16146,0.0
2026-09-06 08:41:00,1.16146,1.16148,1.16146,1.16148,0.0
2026-09-06 08:42:00,1.16146,1.1615,1.16146,1.16149,0.0
2026-09-06 08:43:00,1.16146,1.16148,1.16146,1.16148,0.0
2026-09-06 08:44:00,1.16146,1.16148,1.16146,1.16148,0.0
2026-09-06 08:45:00,1.16146,1.1615,1.16146,1.16146,0.0
2026-09-06 08:46:00,1.16146,1.16149,1.16146,1.16149,0.0
2026-09-06 08:47:00,1.16146,1.16151,1.16146,1.16146,0.0
2026-09-06 08:48:00,1.16146,1.16149,1.16145,1.16149,0.0
2026-09-06 08:49:00,1.16146,1.16152,1.16146,1.16146,0.0
2026-09-06 08:50:00,1.16146,1.16149,1.16145,1.16149,0.0
2026-09-06 08:51:00,1.16146,1.16151,1.16146,1.1615,0.0
2026-09-06 08:52:00,1.16146,1.16148,1.16146,1.16148,0.0
2026-09-06 08:53:00,1.16146,1.16149,1.16146,1.16149,0.0
2026-09-06 08:54:00,1.16146,1.16149,1.16146,1.16148,0.0
2026-09-06 08:55:00,1.16146,1.16149,1.16146,1.16149,0.0
2026-09-06 08:56:00,1.16146,1.16151,1.16146,1.16146,0.0
2026-09-06 08:57:00,1.16146,1.16149,1.16145,1.16149,0.0
2026-09-06 08:58:00,1.16146,1.16152,1.16146,1.16146,0.0
2026-09-06 08:59:00,1.16146,1.16149,1.16145,1.16149,0.0
2026-09-06 09:00:00,1.16146,1.16224,1.16136,1.16146,0.0
2026-09-06 09:01:00,1.16148,1.16162,1.16148,1.16161,0.0
2026-09-06 09:02:00,1.16157,1.1616,1.16157,1.16157,0.0
2026-09-06 09:03:00,1.16157,1.16158,1.16157,1.16157,0.0
2026-09-06 09:04:00,1.16157,1.16158,1.16157,1.16158,0.0
2026-09-06 09:05:00,1.16157,1.1616,1.16156,1.16156,0.0
2026-09-06 09:06:00,1.16157,1.16159,1.16156,1.16159,0.0
2026-09-06 09:07:00,1.16157,1.16162,1.16156,1.16156,0.0
2026-09-06 09:08:00,1.16157,1.16159,1.16155,1.16159,0.0
2026-09-06 09:09:00,1.16157,1.16162,1.16156,1.16156,0.0
2026-09-06 09:10:00,1.16157,1.16159,1.16155,1.16159,0.0
2026-09-06 09:11:00,1.16157,1.16161,1.16157,1.16157,0.0
2026-09-06 09:12:00,1.16157,1.16158,1.16157,1.16158,0.0
2026-09-06 09:13:00,1.16157,1.16159,1.16157,1.16159,0.0
2026-09-06 09:14:00,1.16157,1.16159,1.16157,1.16157,0.0
2026-09-06 09:15:00,1.16157,1.16159,1.16157,1.16159,0.0
2026-09-06 09:16:00,1.16157,1.16161,1.16156,1.16156,0.0
2026-09-06 09:17:00,1.16157,1.16159,1.16156,1.16159,0.0
2026-09-06 09:18:00,1.16157,1.16162,1.16156,1.16156,0.0
2026-09-06 09:19:00,1.16157,1.16159,1.16155,1.16159,0.0
2026-09-06 09:20:00,1.16157,1.16162,1.16156,1.16156,0.0
2026-09-06 09:21:00,1.16157,1.16159,1.16156,1.16159,0.0
2026-09-06 09:22:00,1.16157,1.1616,1.16157,1.16157,0.0
2026-09-06 09:23:00,1.16157,1.16158,1.16157,1.16158,0.0
2026-09-06 09:24:00,1.16157,1.16212,1.16157,1.16193,0.0
2026-09-06 09:25:00,1.16157,1.16216,1.16149,1.16157,0.0
2026-09-06 09:26:00,1.16159,1.16189,1.16159,1.16186,0.0
2026-09-06 09:27:00,1.16178,1.16183,1.16177,1.16177,0.0
2026-09-06 09:28:00,1.16178,1.16181,1.16176,1.16181,0.0
2026-09-06 09:29:00,1.16178,1.16183,1.16177,1.16177,0.0
2026-09-06 09:30:00,1.16178,1.1618,1.16176,1.1618,0.0
2026-09-06 09:31:00,1.16178,1.16183,1.16178,1.16178,0.0
2026-09-06 09:32:00,1.16178,1.16179,1.16178,1.16179,0.0
2026-09-06 09:33:00,1.16178,1.16181,1.16178,1.1618,0.0
2026-09-06 09:34:00,1.16178,1.1618,1.16178,1.16178,0.0
2026-09-06 09:35:00,1.16178,1.1618,1.16178,1.1618,0.0
2026-09-06 09:36:00,1.16178,1.16182,1.16177,1.16177,0.0
2026-09-06 09:37:00,1.16178,1.1618,1.16177,1.1618,0.0
2026-09-06 09:38:00,1.16178,1.16183,1.16177,1.16177,0.0
2026-09-06 09:39:00,1.16178,1.16181,1.16176,1.16181,0.0
2026-09-06 09:40:00,1.16178,1.16183,1.16177,1.16177,0.0
2026-09-06 09:41:00,1.16178,1.1618,1.16177,1.1618,0.0
2026-09-06 09:42:00,1.16178,1.16182,1.16178,1.16178,0.0
2026-09-06 09:43:00,1.16178,1.16179,1.16178,1.16179,0.0
2026-09-06 09:44:00,1.16178,1.1618,1.16178,1.1618,0.0
2026-09-06 09:45:00,1.16178,1.16181,1.16178,1.16178,0.0
2026-09-06 09:46:00,1.16178,1.1618,1.16178,1.1618,0.0
2026-09-06 09:47:00,1.16178,1.16182,1.16177,1.16177,0.0
2026-09-06 09:48:00,1.16178,1.16193,1.16162,1.16189,0.0
2026-09-06 09:49:00,1.16181,1.16214,1.16159,1.1616,0.0
2026-09-06 09:50:00,1.16164,1.16214,1.16164,1.16197,0.0
2026-09-06 09:51:00,1.16162,1.16175,1.16162,1.16173,0.0
2026-09-06 09:52:00,1.1617,1.16172,1.1617,1.16172,0.0
2026-09-06 09:53:00,1.1617,1.16174,1.1617,1.16173,0.0
2026-09-06 09:54:00,1.1617,1.16172,1.1617,1.16172,0.0
2026-09-06 09:55:00,1.1617,1.16173,1.1616,1.16173,0.0
2026-09-06 09:56:00,1.16172,1.16172,1.16153,1.16155,0.0
2026-09-06 09:57:00,1.16159,1.16161,1.16158,1.16161,0.0
2026-09-06 09:58:00,1.16159,1.16164,1.16158,1.16158,0.0
2026-09-06 09:59:00,1.16159,1.16161,1.16157,1.16161,0.0
2026-09-06 10:00:00,1.16159,1.16164,1.16158,1.16158,0.0
2026-09-06 10:01:00,1.16159,1.16161,1.16158,1.16161,0.0
2026-09-06 10:02:00,1.16159,1.16163,1.16159,1.16159,0.0
2026-09-06 10:03:00,1.16159,1.1616,1.16159,1.1616,0.0
2026-09-06 10:04:00,1.16159,1.16161,1.16159,1.16161,0.0
2026-09-06 10:05:00,1.16159,1.16161,1.16159,1.16159,0.0
2026-09-06 10:06:00,1.16159,1.16161,1.16159,1.16161,0.0
2026-09-06 10:07:00,1.16159,1.16163,1.16158,1.16158,0.0
2026-09-06 10:08:00,1.16159,1.16161,1.16157,1.16161,0.0
2026-09-06 10:09:00,1.16159,1.16164,1.16158,1.16158,0.0
2026-09-06 10:10:00,1.16159,1.16161,1.16157,1.16161,0.0
2026-09-06 10:11:00,1.16159,1.16159,1.16151,1.16153,0.0
2026-09-06 10:12:00,1.16157,1.16157,1.1614,1.16143,0.0
2026-09-06 10:13:00,1.16146,1.1615,1.16146,1.16149,0.0
2026-09-06 10:14:00,1.16146,1.16147,1.16146,1.16147,0.0
2026-09-06 10:15:00,1.16146,1.16224,1.16146,1.16197,0.0
2026-09-06 10:16:00,1.16146,1.16155,1.16146,1.16154,0.0
2026-09-06 10:17:00,1.16152,1.16154,1.16151,1.16154,0.0
2026-09-06 10:18:00,1.16152,1.16157,1.16151,1.16151,0.0
2026-09-06 10:19:00,1.16152,1.16155,1.1615,1.16155,0.0
2026-09-06 10:20:00,1.16152,1.16157,1.16151,1.16151,0.0
2026-09-06 10:21:00,1.16152,1.16157,1.16146,1.16156,0.0
2026-09-06 10:22:00,1.16153,1.16153,1.16144,1.16145,0.0
2026-09-06 10:23:00,1.16147,1.16148,1.16147,1.16148,0.0
2026-09-06 10:24:00,1.16147,1.1615,1.16147,1.16149,0.0
2026-09-06 10:25:00,1.16147,1.16147,1.16146,1.16147,0.0
2026-09-06 10:26:00,1.16147,1.16147,1.16143,1.16144,0.0
2026-09-06 10:27:00,1.16144,1.16148,1.16143,1.16143,0.0
2026-09-06 10:28:00,1.16144,1.16146,1.16143,1.16146,0.0
2026-09-06 10:29:00,1.16144,1.16149,1.16143,1.16143,0.0
2026-09-06 10:30:00,1.16144,1.16146,1.16142,1.16146,0.0
2026-09-06 10:31:00,1.16144,1.16149,1.16143,1.16143,0.0
2026-09-06 10:32:00,1.16144,1.16146,1.16143,1.16146,0.0
2026-09-06 10:33:00,1.16144,1.16148,1.16144,1.16144,0.0
2026-09-06 10:34:00,1.16144,1.16145,1.16144,1.16145,0.0
2026-09-06 10:35:00,1.16144,1.16145,1.16144,1.16145,0.0
2026-09-06 10:36:00,1.16144,1.16147,1.16144,1.16144,0.0
2026-09-06 10:37:00,1.16144,1.16146,1.16143,1.16146,0.0
2026-09-06 10:38:00,1.16144,1.16148,1.16143,1.16143,0.0
2026-09-06 10:39:00,1.16144,1.16146,1.16142,1.16146,0.0
2026-09-06 10:40:00,1.16144,1.16217,1.16132,1.16136,0.0
2026-09-06 10:41:00,1.16146,1.16159,1.16146,1.16158,0.0
2026-09-06 10:42:00,1.16155,1.16159,1.16155,1.16155,0.0
2026-09-06 10:43:00,1.16155,1.16156,1.16154,1.16156,0.0
2026-09-06 10:44:00,1.16155,1.16158,1.16155,1.16157,0.0
2026-09-06 10:45:00,1.16155,1.16156,1.16155,1.16155,0.0
2026-09-06 10:46:00,1.16155,1.16157,1.16155,1.16157,0.0
2026-09-06 10:47:00,1.16155,1.16158,1.16154,1.16154,0.0
2026-09-06 10:48:00,1.16155,1.16157,1.16154,1.16157,0.0
2026-09-06 10:49:00,1.16155,1.1616,1.16154,1.16154,0.0
2026-09-06 10:50:00,1.16155,1.16157,1.16153,1.16157,0.0
2026-09-06 10:51:00,1.16155,1.1616,1.16154,1.16154,0.0
2026-09-06 10:52:00,1.16155,1.16157,1.16154,1.16157,0.0
2026-09-06 10:53:00,1.16155,1.16159,1.16155,1.16155,0.0
2026-09-06 10:54:00,1.16155,1.16156,1.16155,1.16156,0.0
2026-09-06 10:55:00,1.16155,1.16157,1.16155,1.16157,0.0
2026-09-06 10:56:00,1.16155,1.16157,1.16155,1.16155,0.0
2026-09-06 10:57:00,1.16155,1.16157,1.16155,1.16157,0.0
2026-09-06 10:58:00,1.16155,1.16159,1.16154,1.16154,0.0
2026-09-06 10:59:00,1.16155,1.16157,1.16153,1.16157,0.0
2026-09-06 11:00:00,1.16155,1.1616,1.16154,1.16154,0.0
2026-09-06 11:01:00,1.16155,1.16157,1.16153,1.16157,0.0
2026-09-06 11:02:00,1.16155,1.16159,1.16154,1.16154,0.0
2026-09-06 11:03:00,1.16155,1.16156,1.16154,1.16156,0.0
2026-09-06 11:04:00,1.16155,1.16158,1.16155,1.16155,0.0
2026-09-06 11:05:00,1.16155,1.16214,1.16155,1.16155,0.0
2026-09-06 11:06:00,1.16156,1.16186,1.16156,1.16184,0.0
2026-09-06 11:07:00,1.16177,1.1618,1.16176,1.16176,0.0
2026-09-06 11:08:00,1.16177,1.16179,1.16176,1.16179,0.0
2026-09-06 11:09:00,1.16177,1.16182,1.16176,1.16176,0.0
2026-09-06 11:10:00,1.16177,1.16179,1.16175,1.16179,0.0
2026-09-06 11:11:00,1.16177,1.16182,1.16176,1.16176,0.0
2026-09-06 11:12:00,1.16177,1.16179,1.16176,1.16179,0.0
2026-09-06 11:13:00,1.16177,1.16181,1.16177,1.16177,0.0
2026-09-06 11:14:00,1.16177,1.16178,1.16177,1.16178,0.0
2026-09-06 11:15:00,1.16177,1.16179,1.16177,1.16179,0.0
2026-09-06 11:16:00,1.16177,1.16179,1.16177,1.16177,0.0
2026-09-06 11:17:00,1.16177,1.16179,1.16177,1.16179,0.0
2026-09-06 11:18:00,1.16177,1.16181,1.16176,1.16176,0.0
2026-09-06 11:19:00,1.16177,1.16179,1.16176,1.16179,0.0
2026-09-06 11:20:00,1.16177,1.16182,1.16176,1.16176,0.0
2026-09-06 11:21:00,1.16177,1.16179,1.16175,1.16179,0.0
2026-09-06 11:22:00,1.16177,1.16182,1.16177,1.16177,0.0
2026-09-06 11:23:00,1.16177,1.16179,1.16176,1.16179,0.0
2026-09-06 11:24:00,1.16177,1.1618,1.16177,1.16177,0.0
2026-09-06 11:25:00,1.16177,1.16178,1.16177,1.16178,0.0
2026-09-06 11:26:00,1.16177,1.16179,1.16177,1.16179,0.0
2026-09-06 11:27:00,1.16177,1.1618,1.16177,1.16177,0.0
2026-09-06 11:28:00,1.16177,1.16179,1.16176,1.16179,0.0
2026-09-06 11:29:00,1.16177,1.16182,1.16176,1.16176,0.0
2026-09-06 11:30:00,1.16177,1.16207,1.16177,1.16198,0.0
2026-09-06 11:31:00,1.16176,1.16186,1.16176,1.16184,0.0
2026-09-06 11:32:00,1.16181,1.16183,1.1618,1.16183,0.0
2026-09-06 11:33:00,1.16181,1.16185,1.16181,1.16181,0.0
2026-09-06 11:34:00,1.16181,1.16182,1.16181,1.16182,0.0
2026-09-06 11:35:00,1.16181,1.16184,1.16181,1.16183,0.0
2026-09-06 11:36:00,1.16181,1.16183,1.16181,1.16181,0.0
2026-09-06 11:37:00,1.16181,1.16183,1.16181,1.16183,0.0
2026-09-06 11:38:00,1.16181,1.16185,1.16181,1.16181,0.0
2026-09-06 11:39:00,1.16181,1.16184,1.1618,1.16184,0.0
2026-09-06 11:40:00,1.16181,1.16186,1.1618,1.1618,0.0
2026-09-06 11:41:00,1.16181,1.16184,1.16179,1.16184,0.0
2026-09-06 11:42:00,1.16181,1.16186,1.16181,1.16181,0.0
2026-09-06 11:43:00,1.16181,1.16183,1.1618,1.16183,0.0
2026-09-06 11:44:00,1.16181,1.16185,1.16181,1.16184,0.0
2026-09-06 11:45:00,1.16181,1.16182,1.16181,1.16182,0.0
2026-09-06 11:46:00,1.16181,1.16183,1.16181,1.16183,0.0
2026-09-06 11:47:00,1.16181,1.16184,1.16181,1.16181,0.0
2026-09-06 11:48:00,1.16181,1.16191,1.16165,1.16188,0.0
2026-09-06 11:49:00,1.16184,1.16184,1.16158,1.1616,0.0
2026-09-06 11:50:00,1.16166,1.16168,1.16164,1.16168,0.0
2026-09-06 11:51:00,1.16166,1.16171,1.16165,1.16165,0.0
2026-09-06 11:52:00,1.16166,1.16168,1.16164,1.16168,0.0
2026-09-06 11:53:00,1.16166,1.1617,1.16165,1.16165,0.0
2026-09-06 11:54:00,1.16166,1.16167,1.16165,1.16167,0.0
2026-09-06 11:55:00,1.16166,1.1621,1.16163,1.16195,0.0
2026-09-06 11:56:00,1.16166,1.16175,1.16166,1.16174,0.0
2026-09-06 11:57:00,1.16172,1.16176,1.16161,1.16175,0.0
2026-09-06 11:58:00,1.16174,1.16174,1.16153,1.16155,0.0
2026-09-06 11:59:00,1.1616,1.16162,1.16159,1.16162,0.0
2026-09-06 12:00:00,1.1616,1.16165,1.16159,1.16159,0.0
2026-09-06 12:01:00,1.1616,1.16162,1.16158,1.16162,0.0
2026-09-06 12:02:00,1.1616,1.16165,1.16159,1.16159,0.0
2026-09-06 12:03:00,1.1616,1.16162,1.16159,1.16162,0.0
2026-09-06 12:04:00,1.1616,1.16164,1.1616,1.1616,0.0
2026-09-06 12:05:00,1.1616,1.16161,1.1616,1.16161,0.0
2026-09-06 12:06:00,1.1616,1.16162,1.1616,1.16162,0.0
2026-09-06 12:07:00,1.1616,1.16163,1.1616,1.1616,0.0
2026-09-06 12:08:00,1.1616,1.16162,1.1616,1.16162,0.0
2026-09-06 12:09:00,1.1616,1.1616,1.16156,1.16157,0.0
2026-09-06 12:10:00,1.16158,1.16158,1.16148,1.1615,0.0
2026-09-06 12:11:00,1.16152,1.16157,1.16151,1.16151,0.0
2026-09-06 12:12:00,1.16152,1.16154,1.1615,1.16154,0.0
2026-09-06 12:13:00,1.16152,1.16157,1.16152,1.16152,0.0
2026-09-06 12:14:00,1.16152,1.16154,1.16152,1.16154,0.0
2026-09-06 12:15:00,1.16152,1.16155,1.16152,1.16154,0.0
2026-09-06 12:16:00,1.16152,1.16153,1.16152,1.16153,0.0
2026-09-06 12:17:00,1.16152,1.16154,1.16152,1.16154,0.0
2026-09-06 12:18:00,1.16152,1.16156,1.16152,1.16152,0.0
2026-09-06 12:19:00,1.16152,1.16155,1.16151,1.16155,0.0
2026-09-06 12:20:00,1.16152,1.1622,1.16143,1.16146,0.0
2026-09-06 12:21:00,1.16154,1.16216,1.16154,1.16198,0.0
2026-09-06 12:22:00,1.16161,1.16166,1.16161,1.16161,0.0
2026-09-06 12:23:00,1.16161,1.16163,1.1616,1.16163,0.0
2026-09-06 12:24:00,1.16161,1.16165,1.16161,1.16161,0.0
2026-09-06 12:25:00,1.16161,1.16162,1.16161,1.16162,0.0
2026-09-06 12:26:00,1.16161,1.16163,1.16161,1.16163,0.0
2026-09-06 12:27:00,1.16161,1.16161,1.16155,1.16161,0.0
2026-09-06 12:28:00,1.1616,1.1616,1.16149,1.16151,0.0
2026-09-06 12:29:00,1.16153,1.16157,1.16152,1.16152,0.0
2026-09-06 12:30:00,1.16153,1.16156,1.16152,1.16156,0.0
2026-09-06 12:31:00,1.16153,1.16158,1.16152,1.16152,0.0
2026-09-06 12:32:00,1.16153,1.16155,1.16151,1.16155,0.0
2026-09-06 12:33:00,1.16153,1.16158,1.16153,1.16153,0.0
2026-09-06 12:34:00,1.16153,1.16155,1.16152,1.16155,0.0
2026-09-06 12:35:00,1.16153,1.16156,1.16153,1.16153,0.0
2026-09-06 12:36:00,1.16153,1.16154,1.16141,1.16154,0.0
2026-09-06 12:37:00,1.16153,1.16155,1.16129,1.16155,0.0
2026-09-06 12:38:00,1.16154,1.16154,1.1614,1.16141,0.0
2026-09-06 12:39:00,1.16144,1.16144,1.16141,1.16144,0.0
2026-09-06 12:40:00,1.16142,1.16147,1.16141,1.16141,0.0
2026-09-06 12:41:00,1.16142,1.16144,1.1614,1.16144,0.0
2026-09-06 12:42:00,1.16142,1.16147,1.16141,1.16141,0.0
2026-09-06 12:43:00,1.16142,1.16144,1.1614,1.16144,0.0
2026-09-06 12:44:00,1.16142,1.16146,1.16142,1.16142,0.0
2026-09-06 12:45:00,1.16142,1.16217,1.16142,1.16191,0.0
2026-09-06 12:46:00,1.1614,1.1621,1.1614,1.16196,0.0
2026-09-06 12:47:00,1.1617,1.16172,1.1617,1.16172,0.0
2026-09-06 12:48:00,1.1617,1.16172,1.1617,1.16172,0.0
2026-09-06 12:49:00,1.1617,1.16174,1.1617,1.1617,0.0
2026-09-06 12:50:00,1.1617,1.16173,1.16169,1.16173,0.0
2026-09-06 12:51:00,1.1617,1.16175,1.16169,1.16169,0.0
2026-09-06 12:52:00,1.1617,1.16173,1.16169,1.16173,0.0
2026-09-06 12:53:00,1.1617,1.16175,1.1617,1.1617,0.0
2026-09-06 12:54:00,1.1617,1.16172,1.16169,1.16172,0.0
2026-09-06 12:55:00,1.1617,1.16174,1.1617,1.16173,0.0
2026-09-06 12:56:00,1.1617,1.16171,1.1617,1.16171,0.0
2026-09-06 12:57:00,1.1617,1.16172,1.1617,1.16172,0.0
2026-09-06 12:58:00,1.1617,1.16173,1.1617,1.1617,0.0
2026-09-06 12:59:00,1.1617,1.16173,1.1617,1.16173,0.0
2026-09-06 13:00:00,1.1617,1.16175,1.1617,1.1617,0.0
2026-09-06 13:01:00,1.1617,1.16173,1.16169,1.16173,0.0
2026-09-06 13:02:00,1.1617,1.16176,1.1617,1.1617,0.0
2026-09-06 13:03:00,1.1617,1.16173,1.16169,1.16173,0.0
2026-09-06 13:04:00,1.1617,1.16175,1.1617,1.1617,0.0
2026-09-06 13:05:00,1.1617,1.16172,1.1617,1.16172,0.0
2026-09-06 13:06:00,1.1617,1.16173,1.1617,1.16172,0.0
2026-09-06 13:07:00,1.1617,1.16172,1.1617,1.16172,0.0
2026-09-06 13:08:00,1.1617,1.16172,1.1617,1.16172,0.0
2026-09-06 13:09:00,1.1617,1.16174,1.1617,1.1617,0.0
2026-09-06 13:10:00,1.1617,1.16212,1.16169,1.16198,0.0
2026-09-06 13:11:00,1.1617,1.16212,1.16165,1.16166,0.0
2026-09-06 13:12:00,1.16171,1.16179,1.16171,1.16179,0.0
2026-09-06 13:13:00,1.16176,1.16181,1.16175,1.16175,0.0
2026-09-06 13:14:00,1.16176,1.16178,1.16175,1.16178,0.0
2026-09-06 13:15:00,1.16176,1.1618,1.16176,1.16176,0.0
2026-09-06 13:16:00,1.16176,1.16181,1.16163,1.1618,0.0
2026-09-06 13:17:00,1.16176,1.16176,1.16156,1.16159,0.0
2026-09-06 13:18:00,1.16162,1.16165,1.16162,1.16162,0.0
2026-09-06 13:19:00,1.16162,1.16164,1.16162,1.16164,0.0
2026-09-06 13:20:00,1.16162,1.16167,1.16162,1.16162,0.0
2026-09-06 13:21:00,1.16162,1.16165,1.16161,1.16165,0.0
2026-09-06 13:22:00,1.16162,1.16167,1.16161,1.16161,0.0
2026-09-06 13:23:00,1.16162,1.16165,1.16161,1.16165,0.0
2026-09-06 13:24:00,1.16162,1.16167,1.16162,1.16162,0.0
2026-09-06 13:25:00,1.16162,1.16164,1.16162,1.16164,0.0
2026-09-06 13:26:00,1.16162,1.16165,1.16162,1.16164,0.0
2026-09-06 13:27:00,1.16162,1.16164,1.16162,1.16164,0.0
2026-09-06 13:28:00,1.16162,1.16164,1.16162,1.16164,0.0
2026-09-06 13:29:00,1.16162,1.16166,1.16162,1.16162,0.0
2026-09-06 13:30:00,1.16162,1.16165,1.16161,1.16165,0.0
2026-09-06 13:31:00,1.16162,1.16167,1.16161,1.16161,0.0
2026-09-06 13:32:00,1.16162,1.16165,1.16161,1.16165,0.0
2026-09-06 13:33:00,1.16162,1.16167,1.16162,1.16162,0.0
2026-09-06 13:34:00,1.16162,1.16164,1.16161,1.16164,0.0
2026-09-06 13:35:00,1.16162,1.1621,1.16162,1.16162,0.0
2026-09-06 13:36:00,1.16162,1.16213,1.16162,1.16196,0.0
2026-09-06 13:37:00,1.16162,1.16172,1.16162,1.16172,0.0
2026-09-06 13:38:00,1.16169,1.16172,1.16169,1.16169,0.0
2026-09-06 13:39:00,1.16169,1.16172,1.16169,1.16172,0.0
2026-09-06 13:40:00,1.16169,1.16174,1.16169,1.16169,0.0
2026-09-06 13:41:00,1.16169,1.16172,1.16168,1.16172,0.0
2026-09-06 13:42:00,1.16169,1.16175,1.16169,1.16169,0.0
2026-09-06 13:43:00,1.16169,1.16172,1.16168,1.16172,0.0
2026-09-06 13:44:00,1.16169,1.16174,1.16169,1.16169,0.0
2026-09-06 13:45:00,1.16169,1.16171,1.16169,1.16171,0.0
2026-09-06 13:46:00,1.16169,1.16173,1.16169,1.16172,0.0
2026-09-06 13:47:00,1.16169,1.16171,1.16169,1.16171,0.0
2026-09-06 13:48:00,1.16169,1.16171,1.16169,1.16171,0.0
2026-09-06 13:49:00,1.16169,1.16173,1.16169,1.16169,0.0
2026-09-06 13:50:00,1.16169,1.16172,1.16169,1.16172,0.0
2026-09-06 13:51:00,1.16169,1.16174,1.16169,1.16169,0.0
2026-09-06 13:52:00,1.16169,1.16172,1.16168,1.16172,0.0
2026-09-06 13:53:00,1.16169,1.16175,1.16169,1.16169,0.0
2026-09-06 13:54:00,1.16169,1.16172,1.16168,1.16172,0.0
2026-09-06 13:55:00,1.16169,1.16174,1.16169,1.16169,0.0
2026-09-06 13:56:00,1.16169,1.16171,1.16169,1.16171,0.0
2026-09-06 13:57:00,1.16169,1.16172,1.16169,1.16171,0.0
2026-09-06 13:58:00,1.16169,1.16171,1.16169,1.16171,0.0
2026-09-06 13:59:00,1.16169,1.16171,1.16169,1.16171,0.0
2026-09-06 14:00:00,1.16169,1.16212,1.16169,1.16169,0.0
2026-09-06 14:01:00,1.16169,1.16212,1.16169,1.16198,0.0
2026-09-06 14:02:00,1.16168,1.1618,1.16168,1.16178,0.0
2026-09-06 14:03:00,1.16175,1.16178,1.16173,1.16178,0.0
2026-09-06 14:04:00,1.16175,1.1618,1.16175,1.16175,0.0
2026-09-06 14:05:00,1.16175,1.16177,1.16174,1.16177,0.0
2026-09-06 14:06:00,1.16175,1.16179,1.16175,1.16178,0.0
2026-09-06 14:07:00,1.16175,1.16176,1.16175,1.16176,0.0
2026-09-06 14:08:00,1.16175,1.16177,1.16175,1.16177,0.0
2026-09-06 14:09:00,1.16175,1.16178,1.16175,1.16175,0.0
2026-09-06 14:10:00,1.16175,1.16177,1.16175,1.16177,0.0
2026-09-06 14:11:00,1.16175,1.1618,1.16174,1.16174,0.0
2026-09-06 14:12:00,1.16175,1.16178,1.16174,1.16178,0.0
2026-09-06 14:13:00,1.16175,1.1618,1.16174,1.16174,0.0
2026-09-06 14:14:00,1.16175,1.16177,1.16174,1.16177,0.0
2026-09-06 14:15:00,1.16175,1.1618,1.16175,1.16175,0.0
2026-09-06 14:16:00,1.16175,1.16177,1.16175,1.16177,0.0
2026-09-06 14:17:00,1.16175,1.16178,1.16175,1.16177,0.0
2026-09-06 14:18:00,1.16175,1.16177,1.16175,1.16175,0.0
2026-09-06 14:19:00,1.16175,1.16177,1.16175,1.16177,0.0
2026-09-06 14:20:00,1.16175,1.16179,1.16175,1.16175,0.0
2026-09-06 14:21:00,1.16175,1.16178,1.16174,1.16178,0.0
2026-09-06 14:22:00,1.16175,1.1618,1.16174,1.16174,0.0
2026-09-06 14:23:00,1.16175,1.16178,1.16173,1.16178,0.0
2026-09-06 14:24:00,1.16175,1.1618,1.16175,1.16175,0.0
2026-09-06 14:25:00,1.16175,1.16206,1.16174,1.16196,0.0
2026-09-06 14:26:00,1.16175,1.16209,1.16167,1.16175,0.0
2026-09-06 14:27:00,1.16176,1.16193,1.16176,1.16191,0.0
2026-09-06 14:28:00,1.16187,1.16189,1.16187,1.16189,0.0
2026-09-06 14:29:00,1.16187,1.1619,1.16187,1.16187,0.0
2026-09-06 14:30:00,1.16187,1.1619,1.16187,1.1619,0.0
2026-09-06 14:31:00,1.16187,1.16192,1.16187,1.16187,0.0
2026-09-06 14:32:00,1.16187,1.1619,1.16186,1.1619,0.0
2026-09-06 14:33:00,1.16187,1.16193,1.16187,1.16187,0.0
2026-09-06 14:34:00,1.16187,1.1619,1.16186,1.1619,0.0
2026-09-06 14:35:00,1.16187,1.16192,1.16187,1.16187,0.0
2026-09-06 14:36:00,1.16187,1.16189,1.16187,1.16189,0.0
2026-09-06 14:37:00,1.16187,1.16191,1.16187,1.1619,0.0
2026-09-06 14:38:00,1.16187,1.16189,1.16187,1.16189,0.0
2026-09-06 14:39:00,1.16187,1.16189,1.16187,1.16189,0.0
2026-09-06 14:40:00,1.16187,1.16191,1.16187,1.16187,0.0
2026-09-06 14:41:00,1.16187,1.1619,1.16187,1.1619,0.0
2026-09-06 14:42:00,1.16187,1.16192,1.16187,1.16187,0.0
2026-09-06 14:43:00,1.16187,1.1619,1.16186,1.1619,0.0
2026-09-06 14:44:00,1.16187,1.16193,1.16187,1.16187,0.0
2026-09-06 14:45:00,1.16187,1.16189,1.16186,1.16189,0.0
2026-09-06 14:46:00,1.16187,1.16192,1.16187,1.16187,0.0
2026-09-06 14:47:00,1.16187,1.16188,1.16187,1.16188,0.0
2026-09-06 14:48:00,1.16187,1.1619,1.16187,1.1619,0.0
2026-09-06 14:49:00,1.16187,1.1619,1.16187,1.16187,0.0
2026-09-06 14:50:00,1.16187,1.16201,1.16187,1.16197,0.0
2026-09-06 14:51:00,1.16187,1.16203,1.16186,1.16187,0.0
2026-09-06 14:52:00,1.16188,1.16192,1.16188,1.16192,0.0
2026-09-06 14:53:00,1.1619,1.16195,1.16189,1.16189,0.0
2026-09-06 14:54:00,1.1619,1.16192,1.16188,1.16192,0.0
2026-09-06 14:55:00,1.1619,1.16194,1.16189,1.16189,0.0
2026-09-06 14:56:00,1.1619,1.16191,1.16189,1.16191,0.0
2026-09-06 14:57:00,1.1619,1.16193,1.1619,1.1619,0.0
2026-09-06 14:58:00,1.1619,1.16191,1.1619,1.1619,0.0
2026-09-06 14:59:00,1.1619,1.16191,1.1619,1.16191,0.0
2026-09-06 15:00:00,1.1619,1.16193,1.16189,1.16189,0.0
2026-09-06 15:01:00,1.1619,1.16192,1.16189,1.16192,0.0
2026-09-06 15:02:00,1.1619,1.16194,1.16189,1.16189,0.0
2026-09-06 15:03:00,1.1619,1.16192,1.16188,1.16192,0.0
2026-09-06 15:04:00,1.1619,1.16195,1.16189,1.16189,0.0
2026-09-06 15:05:00,1.1619,1.16192,1.16188,1.16192,0.0
2026-09-06 15:06:00,1.1619,1.16194,1.16189,1.16189,0.0
2026-09-06 15:07:00,1.1619,1.16191,1.16189,1.16191,0.0
2026-09-06 15:08:00,1.1619,1.16192,1.1619,1.16192,0.0
2026-09-06 15:09:00,1.1619,1.16192,1.1619,1.1619,0.0
2026-09-06 15:10:00,1.1619,1.16191,1.1619,1.16191,0.0
2026-09-06 15:11:00,1.1619,1.16193,1.16189,1.16189,0.0
2026-09-06 15:12:00,1.1619,1.16192,1.16188,1.16192,0.0
2026-09-06 15:13:00,1.1619,1.16195,1.16189,1.16189,0.0
2026-09-06 15:14:00,1.1619,1.16192,1.16188,1.16192,0.0
2026-09-06 15:15:00,1.1619,1.16199,1.16189,1.16189,0.0
2026-09-06 15:16:00,1.1619,1.16202,1.1619,1.16198,0.0
2026-09-06 15:17:00,1.16189,1.16195,1.16189,1.16194,0.0
2026-09-06 15:18:00,1.16191,1.16192,1.16191,1.16192,0.0
2026-09-06 15:19:00,1.16191,1.16193,1.16191,1.16193,0.0
2026-09-06 15:20:00,1.16191,1.16194,1.16191,1.16191,0.0
2026-09-06 15:21:00,1.16191,1.16194,1.16191,1.16194,0.0
2026-09-06 15:22:00,1.16191,1.16196,1.1619,1.1619,0.0
2026-09-06 15:23:00,1.16191,1.16194,1.1619,1.16194,0.0
2026-09-06 15:24:00,1.16191,1.16196,1.1619,1.1619,0.0
2026-09-06 15:25:00,1.16191,1.16193,1.1619,1.16193,0.0
2026-09-06 15:26:00,1.16191,1.16196,1.16191,1.16191,0.0
2026-09-06 15:27:00,1.16191,1.16193,1.16191,1.16193,0.0
2026-09-06 15:28:00,1.16191,1.16194,1.16191,1.16193,0.0
2026-09-06 15:29:00,1.16191,1.16193,1.16191,1.16193,0.0
2026-09-06 15:30:00,1.16191,1.16193,1.16191,1.16193,0.0
2026-09-06 15:31:00,1.16191,1.16195,1.16191,1.16191,0.0
2026-09-06 15:32:00,1.16191,1.16194,1.1619,1.16194,0.0
2026-09-06 15:33:00,1.16191,1.16196,1.1619,1.1619,0.0
2026-09-06 15:34:00,1.16191,1.16194,1.16189,1.16194,0.0
2026-09-06 15:35:00,1.16191,1.16196,1.16191,1.16191,0.0
2026-09-06 15:36:00,1.16191,1.16193,1.1619,1.16193,0.0
2026-09-06 15:37:00,1.16191,1.16195,1.16191,1.16191,0.0
2026-09-06 15:38:00,1.16191,1.16192,1.16191,1.16192,0.0
2026-09-06 15:39:00,1.16191,1.16193,1.16191,1.16193,0.0
2026-09-06 15:40:00,1.16191,1.16201,1.16191,1.16191,0.0
2026-09-06 15:41:00,1.16191,1.16201,1.16191,1.16198,0.0
2026-09-06 15:42:00,1.16191,1.16197,1.16191,1.16195,0.0
2026-09-06 15:43:00,1.16193,1.16195,1.16191,1.16195,0.0
2026-09-06 15:44:00,1.16193,1.16198,1.16192,1.16192,0.0
2026-09-06 15:45:00,1.16193,1.16195,1.16191,1.16195,0.0
2026-09-06 15:46:00,1.16193,1.16197,1.16192,1.16192,0.0
2026-09-06 15:47:00,1.16193,1.16194,1.16192,1.16194,0.0
2026-09-06 15:48:00,1.16193,1.16196,1.16193,1.16193,0.0
2026-09-06 15:49:00,1.16193,1.16194,1.16193,1.16193,0.0
2026-09-06 15:50:00,1.16193,1.16194,1.16193,1.16194,0.0
2026-09-06 15:51:00,1.16193,1.16196,1.16192,1.16192,0.0
2026-09-06 15:52:00,1.16193,1.16195,1.16192,1.16195,0.0
2026-09-06 15:53:00,1.16193,1.16197,1.16192,1.16192,0.0
2026-09-06 15:54:00,1.16193,1.16195,1.16191,1.16195,0.0
2026-09-06 15:55:00,1.16193,1.16198,1.16192,1.16192,0.0
2026-09-06 15:56:00,1.16193,1.16195,1.16191,1.16195,0.0
2026-09-06 15:57:00,1.16193,1.16197,1.16193,1.16193,0.0
2026-09-06 15:58:00,1.16193,1.16194,1.16193,1.16194,0.0
2026-09-06 15:59:00,1.16193,1.16195,1.16193,1.16195,0.0
2026-09-06 16:00:00,1.16193,1.16195,1.16193,1.16193,0.0
2026-09-06 16:01:00,1.16193,1.16195,1.16133,1.16195,0.0
2026-09-06 16:02:00,1.16193,1.16193,1.16112,1.1614,0.0
2026-09-06 16:03:00,1.16189,1.16189,1.16163,1.16167,0.0
2026-09-06 16:04:00,1.16173,1.16178,1.16172,1.16172,0.0
2026-09-06 16:05:00,1.16173,1.16175,1.16171,1.16175,0.0
2026-09-06 16:06:00,1.16173,1.1621,1.16159,1.16164,0.0
2026-09-06 16:07:00,1.16175,1.16193,1.16175,1.16191,0.0
2026-09-06 16:08:00,1.16186,1.1619,1.16186,1.16189,0.0
2026-09-06 16:09:00,1.16186,1.16187,1.16186,1.16187,0.0
2026-09-06 16:10:00,1.16186,1.16188,1.16186,1.16188,0.0
2026-09-06 16:11:00,1.16186,1.16189,1.16186,1.16186,0.0
2026-09-06 16:12:00,1.16186,1.16188,1.16185,1.16188,0.0
2026-09-06 16:13:00,1.16186,1.16191,1.16185,1.16185,0.0
2026-09-06 16:14:00,1.16186,1.16189,1.16184,1.16189,0.0
2026-09-06 16:15:00,1.16186,1.16191,1.16185,1.16185,0.0
2026-09-06 16:16:00,1.16186,1.16188,1.16185,1.16188,0.0
2026-09-06 16:17:00,1.16186,1.1619,1.16186,1.16186,0.0
2026-09-06 16:18:00,1.16186,1.16187,1.16186,1.16187,0.0
2026-09-06 16:19:00,1.16186,1.16189,1.16186,1.16188,0.0
2026-09-06 16:20:00,1.16186,1.16188,1.16186,1.16186,0.0
2026-09-06 16:21:00,1.16186,1.16188,1.16186,1.16188,0.0
2026-09-06 16:22:00,1.16186,1.1619,1.16186,1.16186,0.0
2026-09-06 16:23:00,1.16186,1.16189,1.16185,1.16189,0.0
2026-09-06 16:24:00,1.16186,1.16191,1.16185,1.16185,0.0
2026-09-06 16:25:00,1.16186,1.16189,1.16184,1.16189,0.0
2026-09-06 16:26:00,1.16186,1.16191,1.16186,1.16186,0.0
2026-09-06 16:27:00,1.16186,1.16188,1.16185,1.16188,0.0
2026-09-06 16:28:00,1.16186,1.1619,1.16186,1.16189,0.0
2026-09-06 16:29:00,1.16186,1.16187,1.16186,1.16187,0.0
2026-09-06 16:30:00,1.16186,1.16188,1.16186,1.16188,0.0
2026-09-06 16:31:00,1.16186,1.16201,1.16185,1.16186,0.0
2026-09-06 16:32:00,1.16186,1.16191,1.16186,1.16191,0.0
2026-09-06 16:33:00,1.16188,1.16193,1.16188,1.16188,0.0
2026-09-06 16:34:00,1.16188,1.16191,1.16187,1.16191,0.0
2026-09-06 16:35:00,1.16188,1.16194,1.16188,1.16188,0.0
2026-09-06 16:36:00,1.16188,1.16191,1.16187,1.16191,0.0
2026-09-06 16:37:00,1.16188,1.16193,1.16188,1.16188,0.0
2026-09-06 16:38:00,1.16188,1.1619,1.16188,1.1619,0.0
2026-09-06 16:39:00,1.16188,1.16191,1.16188,1.1619,0.0
2026-09-06 16:40:00,1.16188,1.1619,1.16188,1.1619,0.0
2026-09-06 16:41:00,1.16188,1.1619,1.16188,1.1619,0.0
2026-09-06 16:42:00,1.16188,1.16192,1.16188,1.16188,0.0
2026-09-06 16:43:00,1.16188,1.16191,1.16187,1.16191,0.0
2026-09-06 16:44:00,1.16188,1.16194,1.16188,1.16188,0.0
2026-09-06 16:45:00,1.16188,1.16191,1.16187,1.16191,0.0
2026-09-06 16:46:00,1.16188,1.16194,1.16188,1.16188,0.0
2026-09-06 16:47:00,1.16188,1.1619,1.16187,1.1619,0.0
2026-09-06 16:48:00,1.16188,1.16192,1.16188,1.16191,0.0
2026-09-06 16:49:00,1.16188,1.16189,1.16188,1.16189,0.0
2026-09-06 16:50:00,1.16188,1.1619,1.16188,1.1619,0.0
2026-09-06 16:51:00,1.16188,1.16191,1.16188,1.16188,0.0
2026-09-06 16:52:00,1.16188,1.16191,1.16188,1.16191,0.0
2026-09-06 16:53:00,1.16188,1.16193,1.16188,1.16188,0.0
2026-09-06 16:54:00,1.16188,1.16191,1.16187,1.16191,0.0
2026-09-06 16:55:00,1.16188,1.16194,1.16188,1.16188,0.0
2026-09-06 16:56:00,1.16188,1.16202,1.16188,1.16198,0.0
2026-09-06 16:57:00,1.16188,1.16195,1.16188,1.16193,0.0
2026-09-06 16:58:00,1.1619,1.16192,1.1619,1.16192,0.0
2026-09-06 16:59:00,1.1619,1.16194,1.1619,1.16193,0.0
2026-09-06 17:00:00,1.1619,1.16192,1.1619,1.16192,0.0
2026-09-06 17:01:00,1.1619,1.16192,1.1619,1.16192,0.0
2026-09-06 17:02:00,1.1619,1.16194,1.1619,1.1619,0.0
2026-09-06 17:03:00,1.1619,1.16193,1.1619,1.16193,0.0
2026-09-06 17:04:00,1.1619,1.16195,1.1619,1.1619,0.0
2026-09-06 17:05:00,1.1619,1.16193,1.16189,1.16193,0.0
2026-09-06 17:06:00,1.1619,1.16196,1.1619,1.1619,0.0
2026-09-06 17:07:00,1.1619,1.16192,1.16189,1.16192,0.0
2026-09-06 17:08:00,1.1619,1.16195,1.1619,1.16194,0.0
2026-09-06 17:09:00,1.1619,1.16192,1.1619,1.16192,0.0
2026-09-06 17:10:00,1.1619,1.16193,1.1619,1.16193,0.0
2026-09-06 17:11:00,1.1619,1.16193,1.1619,1.1619,0.0
2026-09-06 17:12:00,1.1619,1.16192,1.1619,1.16192,0.0
2026-09-06 17:13:00,1.1619,1.16195,1.1619,1.1619,0.0
2026-09-06 17:14:00,1.1619,1.16193,1.16189,1.16193,0.0
2026-09-06 17:15:00,1.1619,1.16196,1.1619,1.1619,0.0
2026-09-06 17:16:00,1.1619,1.16193,1.16189,1.16193,0.0
2026-09-06 17:17:00,1.1619,1.16195,1.1619,1.1619,0.0
2026-09-06 17:18:00,1.1619,1.16192,1.1619,1.16192,0.0
2026-09-06 17:19:00,1.1619,1.16194,1.1619,1.16193,0.0
2026-09-06 17:20:00,1.1619,1.16191,1.1619,1.16191,0.0
2026-09-06 17:21:00,1.1619,1.16201,1.1619,1.16198,0.0
2026-09-06 17:22:00,1.1619,1.16195,1.1619,1.16194,0.0
2026-09-06 17:23:00,1.16192,1.16194,1.16191,1.16194,0.0
2026-09-06 17:24:00,1.16192,1.16197,1.16191,1.16191,0.0
2026-09-06 17:25:00,1.16192,1.16195,1.1619,1.16195,0.0
2026-09-06 17:26:00,1.16192,1.16197,1.16191,1.16191,0.0
2026-09-06 17:27:00,1.16192,1.16194,1.1619,1.16194,0.0
2026-09-06 17:28:00,1.16192,1.16196,1.16192,1.16192,0.0
2026-09-06 17:29:00,1.16192,1.16193,1.16192,1.16193,0.0
2026-09-06 17:30:00,1.16192,1.16194,1.16192,1.16194,0.0
2026-09-06 17:31:00,1.16192,1.16194,1.16192,1.16192,0.0
2026-09-06 17:32:00,1.16192,1.16194,1.16192,1.16194,0.0
2026-09-06 17:33:00,1.16192,1.16196,1.16191,1.16191,0.0
2026-09-06 17:34:00,1.16192,1.16194,1.16191,1.16194,0.0
2026-09-06 17:35:00,1.16192,1.16197,1.16191,1.16191,0.0
2026-09-06 17:36:00,1.16192,1.16194,1.1619,1.16194,0.0
2026-09-06 17:37:00,1.16192,1.16197,1.16191,1.16191,0.0
2026-09-06 17:38:00,1.16192,1.16194,1.16191,1.16194,0.0
2026-09-06 17:39:00,1.16192,1.16196,1.16192,1.16192,0.0
2026-09-06 17:40:00,1.16192,1.16193,1.16192,1.16193,0.0
2026-09-06 17:41:00,1.16192,1.16194,1.16192,1.16194,0.0
2026-09-06 17:42:00,1.16192,1.16195,1.16192,1.16192,0.0
2026-09-06 17:43:00,1.16192,1.16194,1.16192,1.16194,0.0
2026-09-06 17:44:00,1.16192,1.16197,1.16191,1.16191,0.0
2026-09-06 17:45:00,1.16192,1.16195,1.1619,1.16195,0.0
2026-09-06 17:46:00,1.16192,1.16201,1.16187,1.16188,0.0
2026-09-06 17:47:00,1.16193,1.16199,1.16193,1.16199,0.0
2026-09-06 17:48:00,1.16196,1.16201,1.16196,1.16196,0.0
2026-09-06 17:49:00,1.16196,1.16197,1.16196,1.16197,0.0
2026-09-06 17:50:00,1.16196,1.16199,1.16196,1.16198,0.0
2026-09-06 17:51:00,1.16196,1.16198,1.16196,1.16196,0.0
2026-09-06 17:52:00,1.16196,1.16198,1.16196,1.16198,0.0
2026-09-06 17:53:00,1.16196,1.162,1.16195,1.16195,0.0
2026-09-06 17:54:00,1.16196,1.16198,1.16195,1.16198,0.0
2026-09-06 17:55:00,1.16196,1.16201,1.16195,1.16195,0.0
2026-09-06 17:56:00,1.16196,1.16199,1.16194,1.16199,0.0
2026-09-06 17:57:00,1.16196,1.16201,1.16195,1.16195,0.0
2026-09-06 17:58:00,1.16196,1.16198,1.16195,1.16198,0.0
2026-09-06 17:59:00,1.16196,1.162,1.16196,1.16196,0.0
2026-09-06 18:00:00,1.16196,1.16197,1.16196,1.16197,0.0
2026-09-06 18:01:00,1.16196,1.16198,1.16196,1.16198,0.0
2026-09-06 18:02:00,1.16196,1.16199,1.16196,1.16196,0.0
2026-09-06 18:03:00,1.16196,1.16198,1.16196,1.16198,0.0
2026-09-06 18:04:00,1.16196,1.162,1.16195,1.16195,0.0
2026-09-06 18:05:00,1.16196,1.16199,1.16194,1.16199,0.0
2026-09-06 18:06:00,1.16196,1.16201,1.16195,1.16195,0.0
2026-09-06 18:07:00,1.16196,1.16198,1.16194,1.16198,0.0
2026-09-06 18:08:00,1.16196,1.16201,1.16196,1.16196,0.0
2026-09-06 18:09:00,1.16196,1.16198,1.16195,1.16198,0.0
2026-09-06 18:10:00,1.16196,1.16199,1.16196,1.16198,0.0
2026-09-06 18:11:00,1.16196,1.16199,1.16196,1.16196,0.0
2026-09-06 18:12:00,1.16196,1.16199,1.16196,1.16199,0.0
2026-09-06 18:13:00,1.16196,1.162,1.16196,1.16196,0.0
2026-09-06 18:14:00,1.16196,1.16199,1.16196,1.16199,0.0
2026-09-06 18:15:00,1.16196,1.16201,1.16196,1.16196,0.0
2026-09-06 18:16:00,1.16196,1.16199,1.16195,1.16199,0.0
2026-09-06 18:17:00,1.16196,1.16202,1.16196,1.16196,0.0
2026-09-06 18:18:00,1.16196,1.16198,1.16195,1.16198,0.0
2026-09-06 18:19:00,1.16196,1.16201,1.16196,1.16196,0.0
2026-09-06 18:20:00,1.16196,1.16197,1.16196,1.16197,0.0
2026-09-06 18:21:00,1.16196,1.16199,1.16196,1.16199,0.0
2026-09-06 18:22:00,1.16196,1.16199,1.16196,1.16196,0.0
2026-09-06 18:23:00,1.16196,1.16198,1.16196,1.16198,0.0
2026-09-06 18:24:00,1.16196,1.16201,1.16196,1.16196,0.0
2026-09-06 18:25:00,1.16196,1.16199,1.16195,1.16199,0.0
2026-09-06 18:26:00,1.16196,1.16202,1.16196,1.16196,0.0
2026-09-06 18:27:00,1.16196,1.16199,1.16195,1.16199,0.0
2026-09-06 18:28:00,1.16196,1.16201,1.16196,1.16196,0.0
2026-09-06 18:29:00,1.16196,1.16198,1.16196,1.16198,0.0
2026-09-06 18:30:00,1.16196,1.162,1.16196,1.16199,0.0
2026-09-06 18:31:00,1.16196,1.16197,1.16196,1.16197,0.0
2026-09-06 18:32:00,1.16196,1.16198,1.16196,1.16198,0.0
2026-09-06 18:33:00,1.16196,1.162,1.16196,1.16196,0.0
2026-09-06 18:34:00,1.16196,1.16199,1.16196,1.16199,0.0
2026-09-06 18:35:00,1.16196,1.16201,1.16196,1.16196,0.0
2026-09-06 18:36:00,1.16196,1.16199,1.16195,1.16199,0.0
2026-09-06 18:37:00,1.16196,1.16202,1.16196,1.16196,0.0
2026-09-06 18:38:00,1.16196,1.16199,1.16195,1.16199,0.0
2026-09-06 18:39:00,1.16197,1.16201,1.16197,1.16197,0.0
2026-09-06 18:40:00,1.16197,1.16198,1.16197,1.16198,0.0
2026-09-06 18:41:00,1.16197,1.16199,1.16197,1.16199,0.0
2026-09-06 18:42:00,1.16197,1.16199,1.16197,1.16197,0.0
2026-09-06 18:43:00,1.16197,1.16199,1.16197,1.16199,0.0
2026-09-06 18:44:00,1.16197,1.16201,1.16196,1.16196,0.0
2026-09-06 18:45:00,1.16197,1.16199,1.16195,1.16199,0.0
2026-09-06 18:46:00,1.16197,1.16202,1.16196,1.16196,0.0
2026-09-06 18:47:00,1.16197,1.16199,1.16195,1.16199,0.0
2026-09-06 18:48:00,1.16197,1.16202,1.16196,1.16196,0.0
2026-09-06 18:49:00,1.16197,1.16199,1.16196,1.16199,0.0
2026-09-06 18:50:00,1.16197,1.162,1.16197,1.16197,0.0
2026-09-06 18:51:00,1.16197,1.16198,1.16197,1.16198,0.0
2026-09-06 18:52:00,1.16197,1.16198,1.16197,1.16198,0.0
2026-09-06 18:53:00,1.16197,1.162,1.16197,1.16197,0.0
2026-09-06 18:54:00,1.16197,1.16199,1.16196,1.16199,0.0
2026-09-06 18:55:00,1.16197,1.16201,1.16196,1.16196,0.0
2026-09-06 18:56:00,1.16197,1.16199,1.16195,1.16199,0.0
2026-09-06 18:57:00,1.16197,1.16202,1.16196,1.16196,0.0
2026-09-06 18:58:00,1.16197,1.16199,1.16195,1.16199,0.0
2026-09-06 18:59:00,1.16197,1.16201,1.16197,1.16197,0.0
2026-09-06 19:00:00,1.16197,1.16198,1.16196,1.16198,0.0
2026-09-06 19:01:00,1.16197,1.162,1.16197,1.16199,0.0
2026-09-06 19:02:00,1.16197,1.16199,1.16197,1.16197,0.0
2026-09-06 19:03:00,1.16197,1.16199,1.16197,1.16199,0.0
2026-09-06 19:04:00,1.16197,1.16201,1.16196,1.16196,0.0
2026-09-06 19:05:00,1.16197,1.16199,1.16196,1.16199,0.0
2026-09-06 19:06:00,1.16197,1.16202,1.16196,1.16196,0.0
2026-09-06 19:07:00,1.16197,1.162,1.16195,1.162,0.0
2026-09-06 19:08:00,1.16197,1.16202,1.16196,1.16196,0.0
2026-09-06 19:09:00,1.16197,1.16199,1.16196,1.16199,0.0
2026-09-06 19:10:00,1.16197,1.16201,1.16197,1.16197,0.0
2026-09-06 19:11:00,1.16197,1.16198,1.16197,1.16198,0.0
2026-09-06 19:12:00,1.16197,1.16199,1.16197,1.16199,0.0
2026-09-06 19:13:00,1.16197,1.162,1.16197,1.16197,0.0
2026-09-06 19:14:00,1.16197,1.16199,1.16197,1.16199,0.0
2026-09-06 19:15:00,1.16197,1.16201,1.16196,1.16196,0.0
2026-09-06 19:16:00,1.16197,1.162,1.16195,1.162,0.0
2026-09-06 19:17:00,1.16197,1.16202,1.16196,1.16196,0.0
2026-09-06 19:18:00,1.16197,1.16199,1.16195,1.16199,0.0
2026-09-06 19:19:00,1.16197,1.16202,1.16197,1.16197,0.0
2026-09-06 19:20:00,1.16197,1.16199,1.16196,1.16199,0.0
2026-09-06 19:21:00,1.16197,1.162,1.16197,1.16199,0.0
2026-09-06 19:22:00,1.16197,1.16198,1.16197,1.16197,0.0
2026-09-06 19:23:00,1.16197,1.16199,1.16197,1.16199,0.0
2026-09-06 19:24:00,1.16197,1.162,1.16197,1.16197,0.0
2026-09-06 19:25:00,1.16197,1.16199,1.16196,1.16199,0.0
2026-09-06 19:26:00,1.16197,1.16202,1.16196,1.16196,0.0
2026-09-06 19:27:00,1.16197,1.162,1.16195,1.162,0.0
2026-09-06 19:28:00,1.16197,1.16202,1.16197,1.16197,0.0
2026-09-06 19:29:00,1.16197,1.16199,1.16196,1.16199,0.0
2026-09-06 19:30:00,1.16197,1.16201,1.16197,1.16197,0.0
2026-09-06 19:31:00,1.16197,1.16198,1.16197,1.16198,0.0
2026-09-06 19:32:00,1.16197,1.16199,1.16197,1.16199,0.0
2026-09-06 19:33:00,1.16197,1.162,1.16197,1.16197,0.0
2026-09-06 19:34:00,1.16197,1.16199,1.16197,1.16199,0.0
2026-09-06 19:35:00,1.16197,1.16201,1.16196,1.16196,0.0
2026-09-06 19:36:00,1.16197,1.162,1.16196,1.162,0.0
2026-09-06 19:37:00,1.16197,1.16202,1.16196,1.16196,0.0
2026-09-06 19:38:00,1.16197,1.162,1.16195,1.162,0.0
2026-09-06 19:39:00,1.16197,1.16202,1.16197,1.16197,0.0
2026-09-06 19:40:00,1.16197,1.16199,1.16196,1.16199,0.0
2026-09-06 19:41:00,1.16197,1.16201,1.16197,1.162,0.0
2026-09-06 19:42:00,1.16197,1.16198,1.16197,1.16198,0.0
2026-09-06 19:43:00,1.16197,1.16199,1.16197,1.16199,0.0
2026-09-06 19:44:00,1.16197,1.162,1.16197,1.16197,0.0
2026-09-06 19:45:00,1.16197,1.162,1.16197,1.162,0.0
2026-09-06 19:46:00,1.16197,1.16202,1.16196,1.16196,0.0
2026-09-06 19:47:00,1.16197,1.162,1.16196,1.162,0.0
2026-09-06 19:48:00,1.16197,1.16202,1.16196,1.16196,0.0
2026-09-06 19:49:00,1.16197,1.16199,1.16196,1.16199,0.0
2026-09-06 19:50:00,1.16197,1.16202,1.16197,1.16197,0.0
2026-09-06 19:51:00,1.16197,1.16198,1.16197,1.16198,0.0
2026-09-06 19:52:00,1.16197,1.162,1.16197,1.16199,0.0
2026-09-06 19:53:00,1.16197,1.16199,1.16197,1.16199,0.0
2026-09-06 19:54:00,1.16197,1.16199,1.16197,1.16199,0.0
2026-09-06 19:55:00,1.16197,1.16201,1.16197,1.16197,0.0
2026-09-06 19:56:00,1.16197,1.162,1.16196,1.162,0.0
2026-09-06 19:57:00,1.16197,1.16202,1.16196,1.16196,0.0
2026-09-06 19:58:00,1.16197,1.162,1.16196,1.162,0.0
2026-09-06 19:59:00,1.16197,1.16202,1.16197,1.16197,0.0
2026-09-06 20:00:00,1.16197,1.16199,1.16196,1.16199,0.0
2026-09-06 20:01:00,1.16197,1.16201,1.16197,1.162,0.0
2026-09-06 20:02:00,1.16197,1.16198,1.16197,1.16198,0.0
2026-09-06 20:03:00,1.16197,1.16199,1.16197,1.16199,0.0
2026-09-06 20:04:00,1.16197,1.162,1.16197,1.16197,0.0
2026-09-06 20:05:00,1.16197,1.162,1.16197,1.162,0.0
2026-09-06 20:06:00,1.16197,1.16202,1.16197,1.16197,0.0
2026-09-06 20:07:00,1.16197,1.162,1.16196,1.162,0.0
2026-09-06 20:08:00,1.16197,1.16203,1.16197,1.16197,0.0
2026-09-06 20:09:00,1.16197,1.162,1.16196,1.162,0.0
2026-09-06 20:10:00,1.16197,1.16202,1.16197,1.16197,0.0
2026-09-06 20:11:00,1.16197,1.16199,1.16197,1.16199,0.0
2026-09-06 20:12:00,1.16197,1.162,1.16197,1.16199,0.0
2026-09-06 20:13:00,1.16197,1.16199,1.16197,1.16199,0.0
2026-09-06 20:14:00,1.16197,1.16199,1.16197,1.16199,0.0
2026-09-06 20:15:00,1.16197,1.16201,1.16197,1.16197,0.0
2026-09-06 20:16:00,1.16197,1.162,1.16196,1.162,0.0
2026-09-06 20:17:00,1.16197,1.16202,1.16196,1.16196,0.0
2026-09-06 20:18:00,1.16197,1.162,1.16196,1.162,0.0
2026-09-06 20:19:00,1.16197,1.16202,1.16197,1.16197,0.0
2026-09-06 20:20:00,1.16197,1.16199,1.16196,1.16199,0.0
2026-09-06 20:21:00,1.16197,1.16201,1.16197,1.162,0.0
2026-09-06 20:22:00,1.16197,1.16198,1.16197,1.16198,0.0
2026-09-06 20:23:00,1.16197,1.16199,1.16197,1.16199,0.0
2026-09-06 20:24:00,1.16197,1.162,1.16197,1.16197,0.0
2026-09-06 20:25:00,1.16197,1.162,1.16197,1.162,0.0
2026-09-06 20:26:00,1.16197,1.16202,1.16197,1.16197,0.0
2026-09-06 20:27:00,1.16197,1.162,1.16196,1.162,0.0
2026-09-06 20:28:00,1.16197,1.16203,1.16197,1.16197,0.0
2026-09-06 20:29:00,1.16197,1.162,1.16196,1.162,0.0
2026-09-06 20:30:00,1.16197,1.16202,1.16197,1.16197,0.0
2026-09-06 20:31:00,1.16197,1.16199,1.16197,1.16199,0.0
2026-09-06 20:32:00,1.16197,1.162,1.16197,1.16199,0.0
2026-09-06 20:33:00,1.16197,1.16199,1.16197,1.16199,0.0
2026-09-06 20:34:00,1.16197,1.16199,1.16197,1.16199,0.0
2026-09-06 20:35:00,1.16197,1.16201,1.16197,1.16197,0.0
2026-09-06 20:36:00,1.16197,1.162,1.16196,1.162,0.0
2026-09-06 20:37:00,1.16197,1.16202,1.16196,1.16196,0.0
2026-09-06 20:38:00,1.16197,1.162,1.16196,1.162,0.0
2026-09-06 20:39:00,1.16197,1.16203,1.16197,1.16197,0.0
2026-09-06 20:40:00,1.16197,1.16199,1.16196,1.16199,0.0
2026-09-06 20:41:00,1.16197,1.16201,1.16197,1.16197,0.0
2026-09-06 20:42:00,1.16197,1.16198,1.16197,1.16198,0.0
2026-09-06 20:43:00,1.16197,1.162,1.16197,1.162,0.0
2026-09-06 20:44:00,1.16197,1.162,1.16197,1.16197,0.0
2026-09-06 20:45:00,1.16197,1.16199,1.16197,1.16199,0.0
2026-09-06 20:46:00,1.16197,1.16202,1.16197,1.16197,0.0
2026-09-06 20:47:00,1.16197,1.162,1.16196,1.162,0.0
2026-09-06 20:48:00,1.16197,1.16203,1.16196,1.16196,0.0
2026-09-06 20:49:00,1.16197,1.162,1.16196,1.162,0.0
2026-09-06 20:50:00,1.16197,1.16202,1.16197,1.16197,0.0
2026-09-06 20:51:00,1.16197,1.16199,1.16197,1.16199,0.0
2026-09-06 20:52:00,1.16197,1.16201,1.16197,1.162,0.0
2026-09-06 20:53:00,1.16197,1.16198,1.16197,1.16198,0.0
2026-09-06 20:54:00,1.16197,1.16199,1.16197,1.16199,0.0
2026-09-06 20:55:00,1.16197,1.16201,1.16197,1.16197,0.0
2026-09-06 20:56:00,1.16197,1.162,1.16197,1.162,0.0
2026-09-06 20:57:00,1.16197,1.16202,1.16197,1.16197,0.0
2026-09-06 20:58:00,1.16197,1.162,1.16196,1.162,0.0
2026-09-06 20:59:00,1.16197,1.16203,1.16197,1.16197,0.0
2026-09-06 21:00:00,1.16197,1.162,1.16196,1.162,0.0
2026-09-06 21:01:00,1.16197,1.16202,1.16197,1.16197,0.0
2026-09-06 21:02:00,1.16197,1.16199,1.16197,1.16199,0.0
2026-09-06 21:03:00,1.16197,1.162,1.16197,1.16199,0.0
2026-09-06 21:04:00,1.16197,1.16199,1.16197,1.16199,0.0
2026-09-06 21:05:00,1.16197,1.16199,1.16197,1.16199,0.0
2026-09-06 21:06:00,1.16197,1.16201,1.16197,1.16197,0.0
2026-09-06 21:07:00,1.16197,1.162,1.16196,1.162,0.0
2026-09-06 21:08:00,1.16197,1.16202,1.16196,1.16196,0.0
2026-09-06 21:09:00,1.16197,1.162,1.16196,1.162,0.0
2026-09-06 21:10:00,1.16197,1.16202,1.16197,1.16197,0.0
2026-09-06 21:11:00,1.16197,1.16199,1.16196,1.16199,0.0
2026-09-06 21:12:00,1.16197,1.16201,1.16197,1.162,0.0
2026-09-06 21:13:00,1.16197,1.16198,1.16197,1.16198,0.0
2026-09-06 21:14:00,1.16197,1.16199,1.16197,1.16199,0.0
2026-09-06 21:15:00,1.16197,1.162,1.16197,1.16197,0.0
2026-09-06 21:16:00,1.16197,1.162,1.16197,1.162,0.0
2026-09-06 21:17:00,1.16197,1.16202,1.16197,1.16197,0.0
2026-09-06 21:18:00,1.16197,1.162,1.16196,1.162,0.0
2026-09-06 21:19:00,1.16197,1.16203,1.16197,1.16197,0.0
2026-09-06 21:20:00,1.16197,1.162,1.16196,1.162,0.0
2026-09-06 21:21:00,1.16197,1.16202,1.16197,1.16197,0.0
2026-09-06 21:22:00,1.16197,1.16199,1.16197,1.16199,0.0
2026-09-06 21:23:00,1.16197,1.162,1.16197,1.16199,0.0
2026-09-06 21:24:00,1.16197,1.16199,1.16197,1.16199,0.0
2026-09-06 21:25:00,1.16197,1.16199,1.16197,1.16199,0.0
2026-09-06 21:26:00,1.16197,1.16201,1.16197,1.16197,0.0
2026-09-06 21:27:00,1.16197,1.162,1.16196,1.162,0.0
2026-09-06 21:28:00,1.16197,1.16202,1.16196,1.16196,0.0
2026-09-06 21:29:00,1.16197,1.162,1.16196,1.162,0.0
2026-09-06 21:30:00,1.16197,1.16202,1.16197,1.16197,0.0
2026-09-06 21:31:00,1.16197,1.16199,1.16196,1.16199,0.0
2026-09-06 21:32:00,1.16197,1.16201,1.16197,1.162,0.0
2026-09-06 21:33:00,1.16197,1.16198,1.16197,1.16198,0.0
2026-09-06 21:34:00,1.16197,1.16199,1.16197,1.16199,0.0
2026-09-06 21:35:00,1.16197,1.162,1.16197,1.16197,0.0
2026-09-06 21:36:00,1.16197,1.162,1.16197,1.162,0.0
2026-09-06 21:37:00,1.16197,1.16202,1.16197,1.16197,0.0
2026-09-06 21:38:00,1.16197,1.162,1.16196,1.162,0.0
2026-09-06 21:39:00,1.16197,1.16203,1.16197,1.16197,0.0
2026-09-06 21:40:00,1.16197,1.162,1.16196,1.162,0.0
2026-09-06 21:41:00,1.16197,1.16197,1.16168,1.16197,0.0
2026-09-06 21:42:00,1.16193,1.16193,1.16147,1.16153,0.0
2026-09-06 21:43:00,1.16164,1.16167,1.16164,1.16164,0.0
2026-09-06 21:44:00,1.16164,1.16165,1.16164,1.16164,0.0
2026-09-06 21:45:00,1.16164,1.16165,1.16164,1.16165,0.0
2026-09-06 21:46:00,1.16164,1.16167,1.16163,1.16163,0.0
2026-09-06 21:47:00,1.16164,1.16166,1.16163,1.16166,0.0
2026-09-06 21:48:00,1.16164,1.16169,1.16163,1.16163,0.0
2026-09-06 21:49:00,1.16164,1.16166,1.16162,1.16166,0.0
2026-09-06 21:50:00,1.16164,1.16169,1.16163,1.16163,0.0
2026-09-06 21:51:00,1.16164,1.16166,1.16162,1.16166,0.0
2026-09-06 21:52:00,1.16164,1.16168,1.16164,1.16164,0.0
2026-09-06 21:53:00,1.16164,1.16165,1.16164,1.16165,0.0
2026-09-06 21:54:00,1.16164,1.16166,1.16164,1.16166,0.0
2026-09-06 21:55:00,1.16164,1.16166,1.16164,1.16164,0.0
2026-09-06 21:56:00,1.16164,1.16166,1.16164,1.16166,0.0
2026-09-06 21:57:00,1.16164,1.16168,1.16163,1.16163,0.0
2026-09-06 21:58:00,1.16164,1.16166,1.16162,1.16166,0.0
2026-09-06 21:59:00,1.16164,1.16169,1.16163,1.16163,0.0
2026-09-06 22:00:00,1.16164,1.16166,1.16162,1.16166,0.0
2026-09-06 22:01:00,1.16164,1.16169,1.16163,1.16163,0.0
2026-09-06 22:02:00,1.16164,1.16165,1.16163,1.16165,0.0
2026-09-06 22:03:00,1.16164,1.16167,1.16164,1.16164,0.0
2026-09-06 22:04:00,1.16164,1.16165,1.16164,1.16164,0.0
2026-09-06 22:05:00,1.16164,1.16165,1.16164,1.16165,0.0
2026-09-06 22:06:00,1.16164,1.16167,1.16163,1.16163,0.0
2026-09-06 22:07:00,1.16164,1.16166,1.16163,1.16166,0.0
2026-09-06 22:08:00,1.16164,1.16168,1.16163,1.16163,0.0
2026-09-06 22:09:00,1.16164,1.16166,1.16162,1.16166,0.0
2026-09-06 22:10:00,1.16164,1.16169,1.16163,1.16163,0.0
2026-09-06 22:11:00,1.16164,1.16166,1.16162,1.16166,0.0
2026-09-06 22:12:00,1.16164,1.16168,1.16164,1.16164,0.0
2026-09-06 22:13:00,1.16164,1.16165,1.16164,1.16165,0.0
2026-09-06 22:14:00,1.16164,1.16166,1.16164,1.16166,0.0
2026-09-06 22:15:00,1.16164,1.16166,1.16164,1.16164,0.0
2026-09-06 22:16:00,1.16164,1.16166,1.16164,1.16166,0.0
2026-09-06 22:17:00,1.16164,1.16168,1.16163,1.16163,0.0
2026-09-06 22:18:00,1.16164,1.16166,1.16162,1.16166,0.0
2026-09-06 22:19:00,1.16164,1.16169,1.16163,1.16163,0.0
2026-09-06 22:20:00,1.16164,1.16166,1.16162,1.16166,0.0
2026-09-06 22:21:00,1.16164,1.16169,1.16163,1.16163,0.0
2026-09-06 22:22:00,1.16164,1.16165,1.16163,1.16165,0.0
2026-09-06 22:23:00,1.16164,1.16167,1.16164,1.16164,0.0
2026-09-06 22:24:00,1.16164,1.16164,1.16164,1.16164,0.0
2026-09-06 22:25:00,1.16164,1.16165,1.16164,1.16165,0.0
2026-09-06 22:26:00,1.16164,1.16167,1.16163,1.16163,0.0
2026-09-06 22:27:00,1.16164,1.16166,1.16163,1.16166,0.0
2026-09-06 22:28:00,1.16164,1.16168,1.16163,1.16163,0.0
2026-09-06 22:29:00,1.16164,1.16166,1.16162,1.16166,0.0
2026-09-06 22:30:00,1.16164,1.16169,1.16163,1.16163,0.0
2026-09-06 22:31:00,1.16164,1.16166,1.16162,1.16166,0.0
2026-09-06 22:32:00,1.16164,1.16168,1.16163,1.16163,0.0
2026-09-06 22:33:00,1.16164,1.16165,1.16163,1.16165,0.0
2026-09-06 22:34:00,1.16164,1.16166,1.16164,1.16164,0.0
2026-09-06 22:35:00,1.16164,1.16165,1.16164,1.16164,0.0
2026-09-06 22:36:00,1.16164,1.16166,1.16164,1.16166,0.0
2026-09-06 22:37:00,1.16164,1.16167,1.16163,1.16163,0.0
2026-09-06 22:38:00,1.16164,1.16166,1.16163,1.16166,0.0
2026-09-06 22:39:00,1.16164,1.16169,1.16163,1.16163,0.0
2026-09-06 22:40:00,1.16164,1.16166,1.16162,1.16166,0.0
2026-09-06 22:41:00,1.16164,1.16169,1.16163,1.16163,0.0
2026-09-06 22:42:00,1.16164,1.16166,1.16162,1.16166,0.0
2026-09-06 22:43:00,1.16164,1.16168,1.16164,1.16164,0.0
2026-09-06 22:44:00,1.16164,1.16165,1.16164,1.16165,0.0
2026-09-06 22:45:00,1.16164,1.16166,1.16164,1.16166,0.0
2026-09-06 22:46:00,1.16164,1.16166,1.16164,1.16164,0.0
2026-09-06 22:47:00,1.16164,1.16166,1.16164,1.16166,0.0
2026-09-06 22:48:00,1.16164,1.16168,1.16163,1.16163,0.0
2026-09-06 22:49:00,1.16164,1.16166,1.16162,1.16166,0.0
2026-09-06 22:50:00,1.16164,1.16169,1.16163,1.16163,0.0
2026-09-06 22:51:00,1.16164,1.16166,1.16162,1.16166,0.0
2026-09-06 22:52:00,1.16164,1.16168,1.16163,1.16163,0.0
2026-09-06 22:53:00,1.16164,1.16165,1.16163,1.16165,0.0
2026-09-06 22:54:00,1.16164,1.16167,1.16164,1.16164,0.0
2026-09-06 22:55:00,1.16164,1.16165,1.16164,1.16164,0.0
2026-09-06 22:56:00,1.16164,1.16165,1.16164,1.16165,0.0
2026-09-06 22:57:00,1.16164,1.16167,1.16163,1.16163,0.0
2026-09-06 22:58:00,1.16164,1.16166,1.16163,1.16166,0.0
2026-09-06 22:59:00,1.16164,1.16169,1.16163,1.16163,0.0
2026-09-06 23:00:00,1.16164,1.16166,1.16162,1.16166,0.0
2026-09-06 23:01:00,1.16164,1.16169,1.16163,1.16163,0.0
2026-09-06 23:02:00,1.16164,1.16166,1.16162,1.16166,0.0
2026-09-06 23:03:00,1.16164,1.16168,1.16164,1.16164,0.0
2026-09-06 23:04:00,1.16164,1.16165,1.16164,1.16165,0.0
2026-09-06 23:05:00,1.16164,1.16166,1.16164,1.16166,0.0
2026-09-06 23:06:00,1.16164,1.16166,1.16164,1.16164,0.0
2026-09-06 23:07:00,1.16164,1.16166,1.16164,1.16166,0.0
2026-09-06 23:08:00,1.16164,1.16168,1.16163,1.16163,0.0
2026-09-06 23:09:00,1.16164,1.16166,1.16162,1.16166,0.0
2026-09-06 23:10:00,1.16164,1.16169,1.16163,1.16163,0.0
2026-09-06 23:11:00,1.16164,1.16166,1.16162,1.16166,0.0
2026-09-06 23:12:00,1.16164,1.16169,1.16163,1.16163,0.0
2026-09-06 23:13:00,1.16164,1.16165,1.16163,1.16165,0.0
2026-09-06 23:14:00,1.16164,1.16167,1.16164,1.16164,0.0
2026-09-06 23:15:00,1.16164,1.16165,1.16164,1.16164,0.0
2026-09-06 23:16:00,1.16164,1.16165,1.16164,1.16165,0.0
2026-09-06 23:17:00,1.16164,1.16167,1.16132,1.16143,0.0
2026-09-06 23:18:00,1.16164,1.16175,1.16128,1.16172,0.0
2026-09-06 23:19:00,1.16166,1.16166,1.16141,1.16143,0.0
2026-09-06 23:20:00,1.16148,1.16151,1.16146,1.16151,0.0
2026-09-06 23:21:00,1.16148,1.16148,1.1613,1.16136,0.0
2026-09-06 23:22:00,1.16144,1.16144,1.16113,1.16118,0.0
2026-09-06 23:23:00,1.16124,1.16129,1.16124,1.16124,0.0
2026-09-06 23:24:00,1.16124,1.16126,1.16124,1.16126,0.0
2026-09-06 23:25:00,1.16124,1.16127,1.16124,1.16126,0.0
2026-09-06 23:26:00,1.16124,1.16126,1.16124,1.16126,0.0
2026-09-06 23:27:00,1.16124,1.16126,1.16124,1.16126,0.0
2026-09-06 23:28:00,1.16124,1.16128,1.16124,1.16124,0.0
2026-09-06 23:29:00,1.16124,1.16127,1.16123,1.16127,0.0
2026-09-06 23:30:00,1.16124,1.16129,1.16123,1.16123,0.0
2026-09-06 23:31:00,1.16124,1.16127,1.16123,1.16127,0.0
2026-09-06 23:32:00,1.16124,1.16129,1.16124,1.16124,0.0
2026-09-06 23:33:00,1.16124,1.16126,1.16123,1.16126,0.0
2026-09-06 23:34:00,1.16124,1.16128,1.16124,1.16127,0.0
2026-09-06 23:35:00,1.16124,1.16125,1.16124,1.16125,0.0
2026-09-06 23:36:00,1.16124,1.16126,1.16124,1.16126,0.0
2026-09-06 23:37:00,1.16124,1.16127,1.16124,1.16124,0.0
2026-09-06 23:38:00,1.16124,1.16127,1.16124,1.16127,0.0
2026-09-06 23:39:00,1.16124,1.16129,1.16124,1.16124,0.0
2026-09-06 23:40:00,1.16124,1.16127,1.16123,1.16127,0.0
2026-09-06 23:41:00,1.16124,1.1613,1.16124,1.16124,0.0
2026-09-06 23:42:00,1.16124,1.16127,1.16123,1.16127,0.0
2026-09-06 23:43:00,1.16124,1.16129,1.16124,1.16124,0.0
2026-09-06 23:44:00,1.16124,1.16126,1.16124,1.16126,0.0
2026-09-06 23:45:00,1.16124,1.16127,1.16124,1.16126,0.0
2026-09-06 23:46:00,1.16124,1.16126,1.16124,1.16126,0.0
2026-09-06 23:47:00,1.16124,1.16126,1.16124,1.16126,0.0
2026-09-06 23:48:00,1.16124,1.16128,1.16124,1.16124,0.0
2026-09-06 23:49:00,1.16124,1.16127,1.16123,1.16127,0.0
2026-09-06 23:50:00,1.16124,1.16129,1.16123,1.16123,0.0
2026-09-06 23:51:00,1.16124,1.16127,1.16123,1.16127,0.0
2026-09-06 23:52:00,1.16124,1.16129,1.16124,1.16124,0.0
2026-09-06 23:53:00,1.16124,1.16126,1.16123,1.16126,0.0
2026-09-06 23:54:00,1.16124,1.16128,1.16124,1.16127,0.0
2026-09-06 23:55:00,1.16124,1.16125,1.16124,1.16125,0.0
2026-09-06 23:56:00,1.16124,1.16126,1.16124,1.16126,0.0
2026-09-06 23:57:00,1.16124,1.16127,1.16124,1.16124,0.0
2026-09-06 23:58:00,1.16124,1.16127,1.16124,1.16127,0.0
2026-09-06 23:59:00,1.16124,1.16129,1.16124,1.16124,0.0
2026-09-07 00:00:00,1.16124,1.16127,1.16123,1.16127,0.0
2026-09-07 00:01:00,1.16124,1.1613,1.16123,1.16123,0.0
2026-09-07 00:02:00,1.16124,1.16127,1.16123,1.16127,0.0
2026-09-07 00:03:00,1.16124,1.16129,1.16124,1.16124,0.0
2026-09-07 00:04:00,1.16124,1.16126,1.16124,1.16126,0.0
2026-09-07 00:05:00,1.16124,1.16127,1.16102,1.16126,0.0
2026-09-07 00:06:00,1.16124,1.16125,1.16091,1.16125,0.0
2026-09-07 00:07:00,1.16124,1.16128,1.1612,1.16121,0.0
2026-09-07 00:08:00,1.1612,1.16134,1.1612,1.16132,0.0
2026-09-07 00:09:00,1.16128,1.16133,1.16128,1.16133,0.0
2026-09-07 00:10:00,1.1613,1.1614,1.1613,1.16137,0.0
2026-09-07 00:11:00,1.16134,1.16137,1.16134,1.16137,0.0
2026-09-07 00:12:00,1.16135,1.16142,1.16135,1.16135,0.0
2026-09-07 00:13:00,1.16136,1.16139,1.16136,1.16139,0.0
2026-09-07 00:14:00,1.16136,1.16141,1.16136,1.1614,0.0
2026-09-07 00:15:00,1.16137,1.16138,1.16137,1.16138,0.0
2026-09-07 00:16:00,1.16137,1.1614,1.16137,1.16139,0.0
2026-09-07 00:17:00,1.16137,1.1614,1.16137,1.16137,0.0
2026-09-07 00:18:00,1.16137,1.16139,1.16137,1.16139,0.0
2026-09-07 00:19:00,1.16137,1.16142,1.16137,1.16137,0.0
2026-09-07 00:20:00,1.16137,1.1614,1.16136,1.1614,0.0
2026-09-07 00:21:00,1.16137,1.16143,1.16137,1.16137,0.0
2026-09-07 00:22:00,1.16137,1.1614,1.16136,1.1614,0.0
2026-09-07 00:23:00,1.16137,1.16142,1.16137,1.16137,0.0
2026-09-07 00:24:00,1.16137,1.16139,1.16137,1.16139,0.0
2026-09-07 00:25:00,1.16137,1.16141,1.16137,1.1614,0.0
2026-09-07 00:26:00,1.16137,1.16139,1.16137,1.16139,0.0
2026-09-07 00:27:00,1.16137,1.16139,1.16137,1.16139,0.0
2026-09-07 00:28:00,1.16137,1.16141,1.16137,1.16137,0.0
2026-09-07 00:29:00,1.16137,1.1614,1.16137,1.1614,0.0
2026-09-07 00:30:00,1.16137,1.16142,1.16137,1.16137,0.0
2026-09-07 00:31:00,1.16137,1.1614,1.16136,1.1614,0.0
2026-09-07 00:32:00,1.16137,1.16143,1.16137,1.16137,0.0
2026-09-07 00:33:00,1.16137,1.1614,1.16136,1.1614,0.0
2026-09-07 00:34:00,1.16137,1.16142,1.16137,1.16137,0.0
2026-09-07 00:35:00,1.16137,1.16139,1.16137,1.16139,0.0
2026-09-07 00:36:00,1.16137,1.1614,1.16137,1.16139,0.0
2026-09-07 00:37:00,1.16137,1.16139,1.16137,1.16139,0.0
2026-09-07 00:38:00,1.16137,1.16139,1.16137,1.16139,0.0
2026-09-07 00:39:00,1.16137,1.16141,1.16137,1.16137,0.0
2026-09-07 00:40:00,1.16137,1.1614,1.16136,1.1614,0.0
2026-09-07 00:41:00,1.16137,1.16143,1.16137,1.16137,0.0
2026-09-07 00:42:00,1.16138,1.1614,1.16136,1.1614,0.0
2026-09-07 00:43:00,1.16138,1.16143,1.16137,1.16137,0.0
2026-09-07 00:44:00,1.16138,1.16139,1.16137,1.16139,0.0
2026-09-07 00:45:00,1.16138,1.16141,1.16138,1.16138,0.0
2026-09-07 00:46:00,1.16138,1.16138,1.16138,1.16138,0.0
2026-09-07 00:47:00,1.16138,1.16139,1.16138,1.16139,0.0
2026-09-07 00:48:00,1.16138,1.1614,1.16137,1.16137,0.0
2026-09-07 00:49:00,1.16138,1.1614,1.16137,1.1614,0.0
2026-09-07 00:50:00,1.16138,1.16142,1.16137,1.16137,0.0
2026-09-07 00:51:00,1.16138,1.1614,1.16136,1.1614,0.0
2026-09-07 00:52:00,1.16138,1.16143,1.16137,1.16137,0.0
2026-09-07 00:53:00,1.16138,1.16159,1.16115,1.16152,0.0
2026-09-07 00:54:00,1.16141,1.16141,1.16106,1.1611,0.0
2026-09-07 00:55:00,1.16117,1.16118,1.16116,1.16118,0.0
2026-09-07 00:56:00,1.16117,1.1612,1.16117,1.16119,0.0
2026-09-07 00:57:00,1.16117,1.16118,1.16117,1.16117,0.0
2026-09-07 00:58:00,1.16117,1.16119,1.16117,1.16119,0.0
2026-09-07 00:59:00,1.16117,1.16117,1.16107,1.1611,0.0
2026-09-07 01:00:00,1.16115,1.16115,1.16097,1.161,0.0
2026-09-07 01:01:00,1.16103,1.16103,1.16094,1.16097,0.0
2026-09-07 01:02:00,1.161,1.161,1.16082,1.16085,0.0
2026-09-07 01:03:00,1.16088,1.16094,1.16088,1.16088,0.0
2026-09-07 01:04:00,1.16088,1.1609,1.16087,1.1609,0.0
2026-09-07 01:05:00,1.16088,1.16092,1.16088,1.16091,0.0
2026-09-07 01:06:00,1.16088,1.16089,1.16088,1.16089,0.0
2026-09-07 01:07:00,1.16088,1.1609,1.16088,1.1609,0.0
2026-09-07 01:08:00,1.16088,1.16091,1.16088,1.16088,0.0
2026-09-07 01:09:00,1.16088,1.16091,1.16088,1.16091,0.0
2026-09-07 01:10:00,1.16088,1.16093,1.16088,1.16088,0.0
2026-09-07 01:11:00,1.16088,1.16091,1.16087,1.16091,0.0
2026-09-07 01:12:00,1.16088,1.16094,1.16088,1.16088,0.0
2026-09-07 01:13:00,1.16088,1.16091,1.16087,1.16091,0.0
2026-09-07 01:14:00,1.16088,1.16093,1.16088,1.16088,0.0
2026-09-07 01:15:00,1.16088,1.1609,1.16088,1.1609,0.0
2026-09-07 01:16:00,1.16088,1.16092,1.16088,1.16091,0.0
2026-09-07 01:17:00,1.16088,1.1609,1.16088,1.1609,0.0
2026-09-07 01:18:00,1.16088,1.1609,1.16088,1.1609,0.0
2026-09-07 01:19:00,1.16088,1.16092,1.16088,1.16088,0.0
2026-09-07 01:20:00,1.16088,1.16091,1.16088,1.16091,0.0
2026-09-07 01:21:00,1.16088,1.16093,1.16088,1.16088,0.0
2026-09-07 01:22:00,1.16088,1.16091,1.16087,1.16091,0.0
2026-09-07 01:23:00,1.16088,1.16094,1.16088,1.16088,0.0
2026-09-07 01:24:00,1.16088,1.16091,1.16087,1.16091,0.0
2026-09-07 01:25:00,1.16088,1.16093,1.16088,1.16092,0.0
2026-09-07 01:26:00,1.16088,1.1609,1.16088,1.1609,0.0
2026-09-07 01:27:00,1.16088,1.16091,1.16088,1.16091,0.0
2026-09-07 01:28:00,1.16088,1.16091,1.16088,1.1609,0.0
2026-09-07 01:29:00,1.16088,1.16091,1.16088,1.16091,0.0
2026-09-07 01:30:00,1.16088,1.16093,1.16088,1.16088,0.0
2026-09-07 01:31:00,1.16088,1.16091,1.16087,1.16091,0.0
2026-09-07 01:32:00,1.16088,1.16094,1.16088,1.16088,0.0
2026-09-07 01:33:00,1.16088,1.16091,1.16087,1.16091,0.0
2026-09-07 01:34:00,1.16088,1.16093,1.16088,1.16088,0.0
2026-09-07 01:35:00,1.16088,1.1609,1.16088,1.1609,0.0
2026-09-07 01:36:00,1.16088,1.16092,1.16088,1.16091,0.0
2026-09-07 01:37:00,1.16088,1.1609,1.16088,1.1609,0.0
2026-09-07 01:38:00,1.16088,1.1609,1.16088,1.1609,0.0
2026-09-07 01:39:00,1.16088,1.16092,1.16088,1.16088,0.0
2026-09-07 01:40:00,1.16088,1.16091,1.16088,1.16091,0.0
2026-09-07 01:41:00,1.16088,1.16093,1.16088,1.16088,0.0
2026-09-07 01:42:00,1.16088,1.16143,1.16087,1.16125,0.0
2026-09-07 01:43:00,1.16088,1.16111,1.16069,1.16088,0.0
2026-09-07 01:44:00,1.16092,1.16113,1.16092,1.16111,0.0
2026-09-07 01:45:00,1.16106,1.1611,1.16106,1.16106,0.0
2026-09-07 01:46:00,1.16106,1.16107,1.16106,1.16107,0.0
2026-09-07 01:47:00,1.16106,1.16109,1.16106,1.16108,0.0
2026-09-07 01:48:00,1.16106,1.16108,1.16106,1.16106,0.0
2026-09-07 01:49:00,1.16106,1.16108,1.16106,1.16108,0.0
2026-09-07 01:50:00,1.16106,1.1611,1.16105,1.16105,0.0
2026-09-07 01:51:00,1.16106,1.16109,1.16105,1.16109,0.0
2026-09-07 01:52:00,1.16106,1.16111,1.16105,1.16105,0.0
2026-09-07 01:53:00,1.16106,1.16109,1.16104,1.16109,0.0
2026-09-07 01:54:00,1.16106,1.16111,1.16106,1.16106,0.0
2026-09-07 01:55:00,1.16106,1.16108,1.16105,1.16108,0.0
2026-09-07 01:56:00,1.16106,1.1611,1.16106,1.16106,0.0
2026-09-07 01:57:00,1.16106,1.16107,1.16106,1.16107,0.0
2026-09-07 01:58:00,1.16106,1.16108,1.16106,1.16108,0.0
2026-09-07 01:59:00,1.16106,1.16109,1.16106,1.16106,0.0
2026-09-07 02:00:00,1.16106,1.16148,1.16106,1.16134,0.0
2026-09-07 02:01:00,1.16106,1.16148,1.16089,1.16095,0.0
2026-09-07 02:02:00,1.1611,1.16132,1.1611,1.1613,0.0
2026-09-07 02:03:00,1.16124,1.16135,1.16124,1.16133,0.0
2026-09-07 02:04:00,1.16129,1.16132,1.16128,1.16132,0.0
2026-09-07 02:05:00,1.16129,1.16134,1.16129,1.16129,0.0
2026-09-07 02:06:00,1.16129,1.1614,1.16129,1.16137,0.0
2026-09-07 02:07:00,1.16129,1.16139,1.16129,1.16138,0.0
2026-09-07 02:08:00,1.16134,1.16137,1.16134,1.16134,0.0
2026-09-07 02:09:00,1.16134,1.16137,1.16134,1.16137,0.0
2026-09-07 02:10:00,1.16136,1.16136,1.16119,1.16125,0.0
2026-09-07 02:11:00,1.16132,1.16132,1.16106,1.1611,0.0
2026-09-07 02:12:00,1.16115,1.1612,1.16115,1.16115,0.0
2026-09-07 02:13:00,1.16115,1.16118,1.16114,1.16118,0.0
2026-09-07 02:14:00,1.16115,1.1612,1.16115,1.16115,0.0
2026-09-07 02:15:00,1.16115,1.16117,1.16114,1.16117,0.0
2026-09-07 02:16:00,1.16115,1.16119,1.16115,1.16118,0.0
2026-09-07 02:17:00,1.16115,1.16116,1.16115,1.16116,0.0
2026-09-07 02:18:00,1.16115,1.16117,1.16115,1.16117,0.0
2026-09-07 02:19:00,1.16115,1.16118,1.16115,1.16115,0.0
2026-09-07 02:20:00,1.16115,1.16118,1.16115,1.16118,0.0
2026-09-07 02:21:00,1.16115,1.1612,1.16115,1.16115,0.0
2026-09-07 02:22:00,1.16115,1.16118,1.16114,1.16118,0.0
2026-09-07 02:23:00,1.16115,1.16121,1.16115,1.16115,0.0
2026-09-07 02:24:00,1.16115,1.16118,1.16114,1.16118,0.0
2026-09-07 02:25:00,1.16115,1.1612,1.16115,1.16115,0.0
2026-09-07 02:26:00,1.16115,1.16117,1.16115,1.16117,0.0
2026-09-07 02:27:00,1.16115,1.16119,1.16115,1.16118,0.0
2026-09-07 02:28:00,1.16115,1.16117,1.16115,1.16117,0.0
2026-09-07 02:29:00,1.16115,1.16117,1.16115,1.16117,0.0
2026-09-07 02:30:00,1.16115,1.16119,1.16115,1.16115,0.0
2026-09-07 02:31:00,1.16115,1.16118,1.16115,1.16118,0.0
2026-09-07 02:32:00,1.16115,1.1612,1.16115,1.16115,0.0
2026-09-07 02:33:00,1.16115,1.16118,1.16114,1.16118,0.0
2026-09-07 02:34:00,1.16115,1.16121,1.16115,1.16115,0.0
2026-09-07 02:35:00,1.16115,1.16117,1.16114,1.16117,0.0
2026-09-07 02:36:00,1.16115,1.1612,1.16115,1.16119,0.0
2026-09-07 02:37:00,1.16115,1.16117,1.16115,1.16117,0.0
2026-09-07 02:38:00,1.16115,1.16118,1.16115,1.16118,0.0
2026-09-07 02:39:00,1.16115,1.16118,1.16115,1.16115,0.0
2026-09-07 02:40:00,1.16115,1.16118,1.16115,1.16118,0.0
2026-09-07 02:41:00,1.16115,1.1612,1.16115,1.16115,0.0
2026-09-07 02:42:00,1.16115,1.16132,1.16097,1.16127,0.0
2026-09-07 02:43:00,1.16119,1.16119,1.16091,1.16093,0.0
2026-09-07 02:44:00,1.16098,1.16101,1.16096,1.16101,0.0
2026-09-07 02:45:00,1.16098,1.16103,1.16098,1.16098,0.0
2026-09-07 02:46:00,1.16098,1.161,1.16097,1.161,0.0
2026-09-07 02:47:00,1.16098,1.16102,1.16098,1.16101,0.0
2026-09-07 02:48:00,1.16098,1.16099,1.16098,1.16099,0.0
2026-09-07 02:49:00,1.16098,1.161,1.16098,1.161,0.0
2026-09-07 02:50:00,1.16098,1.16101,1.16098,1.16098,0.0
2026-09-07 02:51:00,1.16098,1.16101,1.16098,1.16101,0.0
2026-09-07 02:52:00,1.16098,1.16103,1.16097,1.16097,0.0
2026-09-07 02:53:00,1.16098,1.16101,1.16096,1.16101,0.0
2026-09-07 02:54:00,1.16098,1.16103,1.16097,1.16097,0.0
2026-09-07 02:55:00,1.16098,1.161,1.16097,1.161,0.0
2026-09-07 02:56:00,1.16098,1.16102,1.16098,1.16098,0.0
2026-09-07 02:57:00,1.16098,1.16099,1.16098,1.16099,0.0
2026-09-07 02:58:00,1.16098,1.16101,1.16098,1.161,0.0
2026-09-07 02:59:00,1.16098,1.161,1.16098,1.16098,0.0
2026-09-07 03:00:00,1.16098,1.16171,1.16098,1.16146,0.0
2026-09-07 03:01:00,1.16098,1.16164,1.16071,1.16098,0.0
2026-09-07 03:02:00,1.16104,1.16151,1.16104,1.16146,0.0
2026-09-07 03:03:00,1.16135,1.16142,1.16135,1.1614,0.0
2026-09-07 03:04:00,1.16137,1.1614,1.16136,1.1614,0.0
2026-09-07 03:05:00,1.16137,1.16142,1.16137,1.16137,0.0
2026-09-07 03:06:00,1.16137,1.16139,1.16136,1.16139,0.0
2026-09-07 03:07:00,1.16137,1.16141,1.16137,1.1614,0.0
2026-09-07 03:08:00,1.16137,1.16138,1.16137,1.16138,0.0
2026-09-07 03:09:00,1.16137,1.16139,1.16137,1.16139,0.0
2026-09-07 03:10:00,1.16137,1.1614,1.16137,1.16137,0.0
2026-09-07 03:11:00,1.16137,1.1614,1.16137,1.1614,0.0
2026-09-07 03:12:00,1.16137,1.16142,1.16137,1.16137,0.0
2026-09-07 03:13:00,1.16137,1.1614,1.16136,1.1614,0.0
2026-09-07 03:14:00,1.16138,1.16143,1.16137,1.16137,0.0
2026-09-07 03:15:00,1.16138,1.1614,1.16136,1.1614,0.0
2026-09-07 03:16:00,1.16138,1.16142,1.16137,1.16137,0.0
2026-09-07 03:17:00,1.16138,1.16139,1.16137,1.16139,0.0
2026-09-07 03:18:00,1.16138,1.1614,1.16138,1.16138,0.0
2026-09-07 03:19:00,1.16138,1.16139,1.16138,1.16138,0.0
2026-09-07 03:20:00,1.16138,1.16139,1.16138,1.16139,0.0
2026-09-07 03:21:00,1.16138,1.16141,1.16137,1.16137,0.0
2026-09-07 03:22:00,1.16138,1.1614,1.16137,1.1614,0.0
2026-09-07 03:23:00,1.16138,1.16143,1.16137,1.16137,0.0
2026-09-07 03:24:00,1.16138,1.1614,1.16136,1.1614,0.0
2026-09-07 03:25:00,1.16138,1.16143,1.16137,1.16137,0.0
2026-09-07 03:26:00,1.16138,1.1614,1.16136,1.1614,0.0
2026-09-07 03:27:00,1.16138,1.16141,1.16138,1.16138,0.0
2026-09-07 03:28:00,1.16138,1.16139,1.16138,1.16139,0.0
2026-09-07 03:29:00,1.16138,1.16139,1.16138,1.16139,0.0
2026-09-07 03:30:00,1.16138,1.1614,1.16137,1.16137,0.0
2026-09-07 03:31:00,1.16138,1.1614,1.16137,1.1614,0.0
2026-09-07 03:32:00,1.16138,1.16142,1.16137,1.16137,0.0
2026-09-07 03:33:00,1.16138,1.1614,1.16136,1.1614,0.0
2026-09-07 03:34:00,1.16138,1.16143,1.16137,1.16137,0.0
2026-09-07 03:35:00,1.16138,1.1614,1.16136,1.1614,0.0
2026-09-07 03:36:00,1.16138,1.16142,1.16137,1.16137,0.0
2026-09-07 03:37:00,1.16138,1.16139,1.16137,1.16139,0.0
2026-09-07 03:38:00,1.16138,1.16141,1.16138,1.16138,0.0
2026-09-07 03:39:00,1.16138,1.16139,1.16138,1.16138,0.0
2026-09-07 03:40:00,1.16138,1.16139,1.16137,1.16139,0.0
2026-09-07 03:41:00,1.16138,1.16141,1.16137,1.16137,0.0
2026-09-07 03:42:00,1.16138,1.1614,1.16137,1.1614,0.0
2026-09-07 03:43:00,1.16138,1.16142,1.16137,1.16137,0.0
2026-09-07 03:44:00,1.16138,1.1614,1.16136,1.1614,0.0
2026-09-07 03:45:00,1.16138,1.16143,1.16137,1.16137,0.0
2026-09-07 03:46:00,1.16138,1.1614,1.16136,1.1614,0.0
2026-09-07 03:47:00,1.16138,1.16142,1.16138,1.16138,0.0
2026-09-07 03:48:00,1.16138,1.16139,1.16137,1.16139,0.0
2026-09-07 03:49:00,1.16138,1.1614,1.16137,1.1614,0.0
2026-09-07 03:50:00,1.16138,1.1614,1.16137,1.16138,0.0
2026-09-07 03:51:00,1.16138,1.1614,1.16137,1.1614,0.0
2026-09-07 03:52:00,1.16138,1.16142,1.16137,1.16137,0.0
2026-09-07 03:53:00,1.16138,1.1614,1.16136,1.1614,0.0
2026-09-07 03:54:00,1.16138,1.16143,1.16137,1.16137,0.0
2026-09-07 03:55:00,1.16138,1.1614,1.16136,1.1614,0.0
2026-09-07 03:56:00,1.16138,1.16142,1.16137,1.16137,0.0
2026-09-07 03:57:00,1.16138,1.16139,1.16137,1.16139,0.0
2026-09-07 03:58:00,1.16138,1.16141,1.16137,1.16138,0.0
2026-09-07 03:59:00,1.16138,1.16139,1.16137,1.16138,0.0
2026-09-07 04:00:00,1.16138,1.16139,1.16137,1.16139,0.0
2026-09-07 04:01:00,1.16138,1.16141,1.16137,1.16137,0.0
2026-09-07 04:02:00,1.16138,1.1614,1.16137,1.1614,0.0
2026-09-07 04:03:00,1.16138,1.16142,1.16137,1.16137,0.0
2026-09-07 04:04:00,1.16138,1.1614,1.16136,1.1614,0.0
2026-09-07 04:05:00,1.16138,1.16143,1.16137,1.16137,0.0
2026-09-07 04:06:00,1.16138,1.1614,1.16136,1.1614,0.0
2026-09-07 04:07:00,1.16138,1.16142,1.16137,1.16138,0.0
2026-09-07 04:08:00,1.16138,1.16139,1.16137,1.16139,0.0
2026-09-07 04:09:00,1.16138,1.1614,1.16137,1.1614,0.0
2026-09-07 04:10:00,1.16138,1.1614,1.16137,1.16138,0.0
2026-09-07 04:11:00,1.16138,1.1614,1.16137,1.1614,0.0
2026-09-07 04:12:00,1.16138,1.16142,1.16137,1.16137,0.0
2026-09-07 04:13:00,1.16138,1.1614,1.16136,1.1614,0.0
2026-09-07 04:14:00,1.16138,1.16143,1.16137,1.16137,0.0
2026-09-07 04:15:00,1.16138,1.1614,1.16134,1.1614,0.0
2026-09-07 04:16:00,1.16138,1.16138,1.1611,1.16119,0.0
2026-09-07 04:17:00,1.16131,1.16153,1.16091,1.16096,0.0
2026-09-07 04:18:00,1.16106,1.16158,1.1608,1.16084,0.0
2026-09-07 04:19:00,1.16091,1.16164,1.1607,1.16072,0.0
2026-09-07 04:20:00,1.16076,1.16164,1.16069,1.16134,0.0
2026-09-07 04:21:00,1.16078,1.1617,1.16063,1.16064,0.0
2026-09-07 04:22:00,1.16068,1.16168,1.16044,1.16135,0.0
2026-09-07 04:23:00,1.16077,1.16182,1.16032,1.16036,0.0
2026-09-07 04:24:00,1.16045,1.16183,1.16027,1.16136,0.0
2026-09-07 04:25:00,1.16049,1.16191,1.1602,1.16023,0.0
2026-09-07 04:26:00,1.1603,1.1618,1.16019,1.1613,0.0
2026-09-07 04:27:00,1.16038,1.1619,1.16012,1.16015,0.0
2026-09-07 04:28:00,1.16022,1.1619,1.16016,1.16135,0.0
2026-09-07 04:29:00,1.16031,1.1619,1.16011,1.16013,0.0
2026-09-07 04:30:00,1.16016,1.16179,1.16016,1.16126,0.0
2026-09-07 04:31:00,1.16027,1.16198,1.16008,1.16011,0.0
2026-09-07 04:32:00,1.16013,1.16183,1.16013,1.16128,0.0
2026-09-07 04:33:00,1.16024,1.16186,1.16008,1.16011,0.0
2026-09-07 04:34:00,1.16011,1.16193,1.16011,1.16134,0.0
2026-09-07 04:35:00,1.16023,1.16197,1.16007,1.1601,0.0
2026-09-07 04:36:00,1.1601,1.16193,1.1601,1.16134,0.0
2026-09-07 04:37:00,1.16023,1.16195,1.16007,1.16009,0.0
2026-09-07 04:38:00,1.16011,1.1619,1.16011,1.16133,0.0
2026-09-07 04:39:00,1.16024,1.16187,1.16007,1.16009,0.0
2026-09-07 04:40:00,1.16012,1.1618,1.16012,1.16126,0.0
2026-09-07 04:41:00,1.16026,1.16199,1.16005,1.16007,0.0
2026-09-07 04:42:00,1.16013,1.16164,1.16012,1.16116,0.0
2026-09-07 04:43:00,1.16027,1.16198,1.15985,1.15994,0.0
2026-09-07 04:44:00,1.16018,1.16183,1.16018,1.16135,0.0
2026-09-07 04:45:00,1.16048,1.16191,1.16019,1.16022,0.0
2026-09-07 04:46:00,1.16029,1.16189,1.16018,1.16136,0.0
2026-09-07 04:47:00,1.16038,1.16195,1.1601,1.16013,0.0
2026-09-07 04:48:00,1.16021,1.16187,1.16016,1.16133,0.0
2026-09-07 04:49:00,1.16031,1.16193,1.16009,1.16012,0.0
2026-09-07 04:50:00,1.16016,1.16189,1.16016,1.16133,0.0
2026-09-07 04:51:00,1.16027,1.16193,1.16008,1.16011,0.0
2026-09-07 04:52:00,1.16013,1.16191,1.16013,1.16133,0.0
2026-09-07 04:53:00,1.16024,1.16191,1.16007,1.1601,0.0
2026-09-07 04:54:00,1.16011,1.16185,1.16011,1.16129,0.0
2026-09-07 04:55:00,1.16023,1.16195,1.16007,1.1601,0.0
2026-09-07 04:56:00,1.1601,1.1619,1.1601,1.16132,0.0
2026-09-07 04:57:00,1.16023,1.16199,1.16007,1.16009,0.0
2026-09-07 04:58:00,1.16008,1.16182,1.16008,1.16134,0.0
2026-09-07 04:59:00,1.16045,1.16183,1.16045,1.16135,0.0
2026-09-07 05:00:00,1.16045,1.16183,1.16045,1.16135,0.0
2026-09-07 05:01:00,1.16046,1.16182,1.16036,1.16046,0.0
2026-09-07 05:02:00,1.16051,1.16155,1.16051,1.16136,0.0
2026-09-07 05:03:00,1.16097,1.16144,1.16097,1.16136,0.0
2026-09-07 05:04:00,1.16119,1.16153,1.16095,1.16099,0.0
2026-09-07 05:05:00,1.16099,1.16146,1.16099,1.16138,0.0
2026-09-07 05:06:00,1.16127,1.16163,1.16127,1.16156,0.0
2026-09-07 05:07:00,1.16137,1.16175,1.16137,1.16172,0.0
2026-09-07 05:08:00,1.16165,1.1617,1.16152,1.16169,0.0
2026-09-07 05:09:00,1.16164,1.16174,1.16133,1.16173,0.0
2026-09-07 05:10:00,1.16169,1.16169,1.1611,1.16117,0.0
2026-09-07 05:11:00,1.1613,1.16252,1.1613,1.16216,0.0
2026-09-07 05:12:00,1.16138,1.16298,1.16102,1.16281,0.0
2026-09-07 05:13:00,1.1624,1.1624,1.16133,1.16148,0.0
2026-09-07 05:14:00,1.16181,1.16181,1.16124,1.1613,0.0
2026-09-07 05:15:00,1.16142,1.16217,1.16142,1.16192,0.0
2026-09-07 05:16:00,1.16129,1.16255,1.16106,1.16242,0.0
2026-09-07 05:17:00,1.16217,1.16257,1.16106,1.16143,0.0
2026-09-07 05:18:00,1.16204,1.1633,1.16106,1.16305,0.0
2026-09-07 05:19:00,1.16265,1.16423,1.16066,1.16389,0.0
2026-09-07 05:20:00,1.16334,1.16334,1.16087,1.1611,0.0
2026-09-07 05:21:00,1.16152,1.16156,1.16136,1.1614,0.0
2026-09-07 05:22:00,1.16147,1.16156,1.16131,1.16156,0.0
2026-09-07 05:23:00,1.16153,1.16161,1.16145,1.16153,0.0
2026-09-07 05:24:00,1.16154,1.16185,1.16125,1.16176,0.0
2026-09-07 05:25:00,1.16163,1.16163,1.16112,1.16117,0.0
2026-09-07 05:26:00,1.16123,1.16152,1.16108,1.1611,0.0
2026-09-07 05:27:00,1.1611,1.1616,1.1611,1.16148,0.0
2026-09-07 05:28:00,1.16127,1.1616,1.16127,1.16152,0.0
2026-09-07 05:29:00,1.16134,1.16153,1.16134,1.16148,0.0
2026-09-07 05:30:00,1.16138,1.1621,1.16129,1.1613,0.0
2026-09-07 05:31:00,1.16133,1.16245,1.16113,1.16233,0.0
2026-09-07 05:32:00,1.1621,1.1621,1.16118,1.16148,0.0
2026-09-07 05:33:00,1.16203,1.16229,1.16114,1.16145,0.0
2026-09-07 05:34:00,1.16207,1.16207,1.16119,1.16131,0.0
2026-09-07 05:35:00,1.16162,1.16213,1.16122,1.16207,0.0
2026-09-07 05:36:00,1.16191,1.1628,1.16112,1.16254,0.0
2026-09-07 05:37:00,1.16219,1.16306,1.16081,1.16295,0.0
2026-09-07 05:38:00,1.16276,1.16276,1.16163,1.16196,0.0
2026-09-07 05:39:00,1.16246,1.16246,1.16125,1.16137,0.0
2026-09-07 05:40:00,1.16154,1.1628,1.16094,1.16267,0.0
2026-09-07 05:41:00,1.16243,1.16243,1.161,1.16146,0.0
2026-09-07 05:42:00,1.16228,1.16228,1.16128,1.1615,0.0
2026-09-07 05:43:00,1.16191,1.162,1.16126,1.16142,0.0
2026-09-07 05:44:00,1.16177,1.16217,1.16122,1.16211,0.0
2026-09-07 05:45:00,1.16192,1.16236,1.161,1.16229,0.0
2026-09-07 05:46:00,1.1622,1.16236,1.16091,1.16235,0.0
2026-09-07 05:47:00,1.1623,1.1626,1.161,1.16251,0.0
2026-09-07 05:48:00,1.16239,1.16301,1.16083,1.16286,0.0
2026-09-07 05:49:00,1.16262,1.16262,1.16108,1.16142,0.0
2026-09-07 05:50:00,1.16207,1.16243,1.16091,1.16239,0.0
2026-09-07 05:51:00,1.16231,1.16231,1.16098,1.16144,0.0
2026-09-07 05:52:00,1.16231,1.16231,1.16124,1.16139,0.0
2026-09-07 05:53:00,1.16165,1.16165,1.16131,1.16139,0.0
2026-09-07 05:54:00,1.16154,1.16154,1.16135,1.16137,0.0
2026-09-07 05:55:00,1.16142,1.16142,1.16136,1.16142,0.0
2026-09-07 05:56:00,1.1614,1.16142,1.16137,1.16137,0.0
2026-09-07 05:57:00,1.16138,1.1614,1.16137,1.1614,0.0
2026-09-07 05:58:00,1.16137,1.16206,1.1608,1.16182,0.0
2026-09-07 05:59:00,1.16147,1.16237,1.16102,1.16225,0.0
2026-09-07 06:00:00,1.16205,1.16205,1.16125,1.16134,0.0
2026-09-07 06:01:00,1.16151,1.1617,1.16128,1.16168,0.0
2026-09-07 06:02:00,1.16162,1.16174,1.1612,1.16126,0.0
2026-09-07 06:03:00,1.1613,1.16186,1.16119,1.16181,0.0
2026-09-07 06:04:00,1.16165,1.16165,1.1609,1.161,0.0
2026-09-07 06:05:00,1.16113,1.16189,1.16079,1.16169,0.0
2026-09-07 06:06:00,1.16142,1.16209,1.16114,1.16201,0.0
2026-09-07 06:07:00,1.1618,1.16218,1.16104,1.16214,0.0
2026-09-07 06:08:00,1.16198,1.16198,1.1612,1.16131,0.0
2026-09-07 06:09:00,1.16144,1.16201,1.16112,1.16196,0.0
2026-09-07 06:10:00,1.16183,1.16183,1.16117,1.16125,0.0
2026-09-07 06:11:00,1.16139,1.16145,1.16137,1.16137,0.0
2026-09-07 06:12:00,1.16137,1.16149,1.16135,1.16147,0.0
2026-09-07 06:13:00,1.16143,1.16149,1.16133,1.16149,0.0
2026-09-07 06:14:00,1.16147,1.16153,1.16133,1.16138,0.0
2026-09-07 06:15:00,1.16147,1.16151,1.16132,1.16151,0.0
2026-09-07 06:16:00,1.16148,1.16152,1.16133,1.16148,0.0
2026-09-07 06:17:00,1.16149,1.16153,1.16133,1.16152,0.0
2026-09-07 06:18:00,1.16148,1.16149,1.16135,1.16137,0.0
2026-09-07 06:19:00,1.16142,1.16146,1.16135,1.16146,0.0
2026-09-07 06:20:00,1.16144,1.16149,1.16133,1.16148,0.0
2026-09-07 06:21:00,1.16146,1.16146,1.16133,1.16146,0.0
2026-09-07 06:22:00,1.16146,1.16146,1.16135,1.16138,0.0
2026-09-07 06:23:00,1.16143,1.16143,1.16135,1.16137,0.0
2026-09-07 06:24:00,1.16141,1.16141,1.16132,1.16134,0.0
2026-09-07 06:25:00,1.16136,1.16144,1.16129,1.1613,0.0
2026-09-07 06:26:00,1.16135,1.16142,1.16135,1.16142,0.0
2026-09-07 06:27:00,1.16139,1.16146,1.16136,1.16144,0.0
2026-09-07 06:28:00,1.16141,1.16145,1.16136,1.16144,0.0
2026-09-07 06:29:00,1.16142,1.16143,1.16136,1.16136,0.0
2026-09-07 06:30:00,1.16137,1.16144,1.16137,1.16143,0.0
2026-09-07 06:31:00,1.16138,1.16147,1.16135,1.16146,0.0
2026-09-07 06:32:00,1.16144,1.16145,1.16135,1.16145,0.0
2026-09-07 06:33:00,1.16144,1.16147,1.1613,1.16144,0.0
2026-09-07 06:34:00,1.16143,1.16143,1.16125,1.16126,0.0
2026-09-07 06:35:00,1.1613,1.1614,1.1613,1.16139,0.0
2026-09-07 06:36:00,1.16133,1.16144,1.16133,1.16143,0.0
2026-09-07 06:37:00,1.1614,1.1614,1.16135,1.16136,0.0
2026-09-07 06:38:00,1.16136,1.16143,1.16136,1.16141,0.0
2026-09-07 06:39:00,1.16138,1.1614,1.16135,1.1614,0.0
2026-09-07 06:40:00,1.16138,1.16139,1.16135,1.16135,0.0
2026-09-07 06:41:00,1.16136,1.1614,1.16135,1.16136,0.0
2026-09-07 06:42:00,1.16135,1.16141,1.16135,1.16141,0.0
2026-09-07 06:43:00,1.16139,1.16142,1.16137,1.16137,0.0
2026-09-07 06:44:00,1.16138,1.16141,1.16137,1.16141,0.0
2026-09-07 06:45:00,1.16139,1.16141,1.16137,1.16137,0.0
2026-09-07 06:46:00,1.16137,1.16139,1.16136,1.16139,0.0
2026-09-07 06:47:00,1.16136,1.16157,1.16126,1.1615,0.0
2026-09-07 06:48:00,1.16141,1.16161,1.16132,1.16159,0.0
2026-09-07 06:49:00,1.16153,1.16153,1.16135,1.16137,0.0
2026-09-07 06:50:00,1.16142,1.16142,1.16136,1.16142,0.0
2026-09-07 06:51:00,1.16141,1.16142,1.16136,1.16141,0.0
2026-09-07 06:52:00,1.1614,1.1614,1.16136,1.16137,0.0
2026-09-07 06:53:00,1.16139,1.16141,1.16137,1.16141,0.0
2026-09-07 06:54:00,1.16138,1.16144,1.16136,1.16143,0.0
2026-09-07 06:55:00,1.16141,1.16143,1.16136,1.16143,0.0
2026-09-07 06:56:00,1.1614,1.16152,1.16134,1.1614,0.0
2026-09-07 06:57:00,1.16142,1.16149,1.16135,1.16149,0.0
2026-09-07 06:58:00,1.16147,1.16147,1.16135,1.16138,0.0
2026-09-07 06:59:00,1.16144,1.16144,1.16136,1.16138,0.0
2026-09-07 07:00:00,1.16141,1.16143,1.16133,1.16141,0.0
2026-09-07 07:01:00,1.1614,1.16143,1.16128,1.1614,0.0
2026-09-07 07:02:00,1.16139,1.16141,1.16122,1.16124,0.0
2026-09-07 07:03:00,1.16128,1.16139,1.16128,1.16137,0.0
2026-09-07 07:04:00,1.16132,1.16139,1.16132,1.16137,0.0
2026-09-07 07:05:00,1.16131,1.16141,1.16131,1.1614,0.0
2026-09-07 07:06:00,1.16137,1.16139,1.16131,1.16133,0.0
2026-09-07 07:07:00,1.16133,1.16141,1.16133,1.16139,0.0
2026-09-07 07:08:00,1.16136,1.16139,1.16135,1.16139,0.0
2026-09-07 07:09:00,1.16136,1.16141,1.16136,1.16136,0.0
2026-09-07 07:10:00,1.16136,1.16138,1.16133,1.16138,0.0
2026-09-07 07:11:00,1.16136,1.16139,1.16132,1.16133,0.0
2026-09-07 07:12:00,1.16134,1.16141,1.16134,1.16139,0.0
2026-09-07 07:13:00,1.16136,1.16142,1.16132,1.16142,0.0
2026-09-07 07:14:00,1.1614,1.1614,1.1613,1.16131,0.0
2026-09-07 07:15:00,1.16133,1.16136,1.16124,1.16126,0.0
2026-09-07 07:16:00,1.16126,1.16137,1.16126,1.16135,0.0
2026-09-07 07:17:00,1.16132,1.16135,1.16129,1.16135,0.0
2026-09-07 07:18:00,1.16132,1.16136,1.16131,1.16131,0.0
2026-09-07 07:19:00,1.16131,1.16133,1.1613,1.16133,0.0
2026-09-07 07:20:00,1.16131,1.16132,1.16131,1.16131,0.0
2026-09-07 07:21:00,1.16131,1.16131,1.16116,1.16121,0.0
2026-09-07 07:22:00,1.16128,1.16128,1.16116,1.16118,0.0
2026-09-07 07:23:00,1.16121,1.16121,1.16112,1.16113,0.0
2026-09-07 07:24:00,1.16114,1.16121,1.16113,1.16119,0.0
2026-09-07 07:25:00,1.16113,1.1612,1.1611,1.16119,0.0
2026-09-07 07:26:00,1.16117,1.16118,1.16109,1.16111,0.0
2026-09-07 07:27:00,1.16111,1.1612,1.16111,1.16117,0.0
2026-09-07 07:28:00,1.16111,1.16125,1.16102,1.16104,0.0
2026-09-07 07:29:00,1.16104,1.16116,1.16104,1.16115,0.0
2026-09-07 07:30:00,1.16112,1.16117,1.16108,1.16109,0.0
2026-09-07 07:31:00,1.16109,1.16113,1.16109,1.16112,0.0
2026-09-07 07:32:00,1.1611,1.16112,1.16104,1.16105,0.0
2026-09-07 07:33:00,1.16107,1.16107,1.16088,1.16094,0.0
2026-09-07 07:34:00,1.16104,1.16104,1.16081,1.16083,0.0
2026-09-07 07:35:00,1.16086,1.1611,1.16082,1.16086,0.0
2026-09-07 07:36:00,1.16083,1.16113,1.16081,1.16103,0.0
2026-09-07 07:37:00,1.16086,1.16106,1.16085,1.16101,0.0
2026-09-07 07:38:00,1.1609,1.16105,1.16084,1.16085,0.0
2026-09-07 07:39:00,1.16087,1.16102,1.16087,1.16098,0.0
2026-09-07 07:40:00,1.16089,1.16104,1.16086,1.16087,0.0
2026-09-07 07:41:00,1.16089,1.16102,1.16085,1.16098,0.0
2026-09-07 07:42:00,1.16091,1.16106,1.16083,1.16084,0.0
2026-09-07 07:43:00,1.16085,1.16101,1.16085,1.16099,0.0
2026-09-07 07:44:00,1.16094,1.16106,1.1609,1.16091,0.0
2026-09-07 07:45:00,1.1609,1.16108,1.1609,1.16105,0.0
2026-09-07 07:46:00,1.161,1.16109,1.16095,1.16096,0.0
2026-09-07 07:47:00,1.16097,1.16105,1.16096,1.16096,0.0
2026-09-07 07:48:00,1.16096,1.16102,1.16091,1.16096,0.0
2026-09-07 07:49:00,1.16093,1.16101,1.16093,1.16093,0.0
2026-09-07 07:50:00,1.16093,1.16105,1.16089,1.16101,0.0
2026-09-07 07:51:00,1.16094,1.16113,1.16087,1.16088,0.0
2026-09-07 07:52:00,1.1609,1.16112,1.16089,1.16105,0.0
2026-09-07 07:53:00,1.16091,1.16108,1.16086,1.16087,0.0
2026-09-07 07:54:00,1.16087,1.16112,1.16087,1.16105,0.0
2026-09-07 07:55:00,1.16093,1.16117,1.16089,1.16093,0.0
2026-09-07 07:56:00,1.16091,1.16116,1.16088,1.16088,0.0
2026-09-07 07:57:00,1.16089,1.161,1.16086,1.16097,0.0
2026-09-07 07:58:00,1.1609,1.16108,1.16086,1.16086,0.0
2026-09-07 07:59:00,1.16088,1.16097,1.16082,1.16094,0.0
2026-09-07 08:00:00,1.16088,1.16117,1.1607,1.16075,0.0
2026-09-07 08:01:00,1.16085,1.16108,1.16085,1.16105,0.0
2026-09-07 08:02:00,1.16098,1.16113,1.16098,1.16112,0.0
2026-09-07 08:03:00,1.16109,1.16109,1.161,1.16102,0.0
2026-09-07 08:04:00,1.16105,1.16112,1.16105,1.16111,0.0
2026-09-07 08:05:00,1.16106,1.16117,1.16106,1.16115,0.0
2026-09-07 08:06:00,1.16111,1.16116,1.16111,1.16116,0.0
2026-09-07 08:07:00,1.16113,1.16115,1.16109,1.16113,0.0
2026-09-07 08:08:00,1.16113,1.16113,1.16108,1.16109,0.0
2026-09-07 08:09:00,1.1611,1.16123,1.16101,1.16104,0.0
2026-09-07 08:10:00,1.16111,1.16122,1.16111,1.16121,0.0
2026-09-07 08:11:00,1.16117,1.16123,1.16117,1.16122,0.0
2026-09-07 08:12:00,1.16121,1.16125,1.16118,1.16121,0.0
2026-09-07 08:13:00,1.1612,1.1613,1.1612,1.16129,0.0
2026-09-07 08:14:00,1.16124,1.1613,1.16124,1.16129,0.0
2026-09-07 08:15:00,1.16128,1.16132,1.16126,1.16131,0.0
2026-09-07 08:16:00,1.16127,1.16133,1.16126,1.16132,0.0
2026-09-07 08:17:00,1.1613,1.16131,1.16124,1.16131,0.0
2026-09-07 08:18:00,1.16129,1.16133,1.16124,1.16125,0.0
2026-09-07 08:19:00,1.16128,1.1613,1.16124,1.1613,0.0
2026-09-07 08:20:00,1.16128,1.16133,1.16125,1.16132,0.0
2026-09-07 08:21:00,1.1613,1.1613,1.16124,1.16126,0.0
2026-09-07 08:22:00,1.16128,1.16133,1.16128,1.16132,0.0
2026-09-07 08:23:00,1.16129,1.16133,1.16129,1.16132,0.0
2026-09-07 08:24:00,1.1613,1.16133,1.1613,1.16133,0.0
2026-09-07 08:25:00,1.16131,1.16134,1.1613,1.1613,0.0
2026-09-07 08:26:00,1.1613,1.16132,1.16129,1.16132,0.0
2026-09-07 08:27:00,1.1613,1.16136,1.16129,1.16129,0.0
2026-09-07 08:28:00,1.1613,1.16141,1.16128,1.16138,0.0
2026-09-07 08:29:00,1.16129,1.16136,1.16128,1.16129,0.0
2026-09-07 08:30:00,1.1613,1.16133,1.16125,1.16133,0.0
2026-09-07 08:31:00,1.16131,1.16131,1.16124,1.16125,0.0
2026-09-07 08:32:00,1.16127,1.16129,1.16125,1.16127,0.0
2026-09-07 08:33:00,1.16126,1.16131,1.16126,1.16131,0.0
2026-09-07 08:34:00,1.16128,1.16133,1.16128,1.16132,0.0
2026-09-07 08:35:00,1.16129,1.16137,1.16129,1.16135,0.0
2026-09-07 08:36:00,1.16129,1.16132,1.16124,1.16125,0.0
2026-09-07 08:37:00,1.16128,1.16131,1.16124,1.16131,0.0
2026-09-07 08:38:00,1.16128,1.16133,1.16124,1.16125,0.0
2026-09-07 08:39:00,1.16128,1.1613,1.16124,1.1613,0.0
2026-09-07 08:40:00,1.16128,1.16134,1.16124,1.16125,0.0
2026-09-07 08:41:00,1.16127,1.1613,1.16125,1.1613,0.0
2026-09-07 08:42:00,1.16129,1.16132,1.16122,1.16124,0.0
2026-09-07 08:43:00,1.16127,1.16129,1.16124,1.16129,0.0
2026-09-07 08:44:00,1.16128,1.1613,1.16126,1.1613,0.0
2026-09-07 08:45:00,1.16128,1.16131,1.16124,1.16125,0.0
2026-09-07 08:46:00,1.16128,1.1613,1.16125,1.1613,0.0
2026-09-07 08:47:00,1.16128,1.16136,1.16125,1.16126,0.0
2026-09-07 08:48:00,1.16129,1.16134,1.16129,1.16134,0.0
2026-09-07 08:49:00,1.16131,1.16142,1.16129,1.16139,0.0
2026-09-07 08:50:00,1.16134,1.16139,1.16134,1.16139,0.0
2026-09-07 08:51:00,1.16137,1.16139,1.16136,1.16139,0.0
2026-09-07 08:52:00,1.16137,1.16137,1.16133,1.16134,0.0
2026-09-07 08:53:00,1.16134,1.16135,1.16132,1.16134,0.0
2026-09-07 08:54:00,1.16133,1.16136,1.16132,1.16132,0.0
2026-09-07 08:55:00,1.16132,1.16136,1.16131,1.16136,0.0
2026-09-07 08:56:00,1.16134,1.16137,1.16132,1.16132,0.0
2026-09-07 08:57:00,1.16133,1.16136,1.1613,1.16136,0.0
2026-09-07 08:58:00,1.16133,1.16137,1.16131,1.16131,0.0
2026-09-07 08:59:00,1.16132,1.16134,1.16131,1.16134,0.0
2026-09-07 09:00:00,1.16132,1.16142,1.16129,1.16132,0.0
2026-09-07 09:01:00,1.16133,1.1614,1.16133,1.1614,0.0
2026-09-07 09:02:00,1.16136,1.16143,1.16136,1.16142,0.0
2026-09-07 09:03:00,1.1614,1.16141,1.16136,1.16141,0.0
2026-09-07 09:04:00,1.1614,1.16141,1.16136,1.16141,0.0
2026-09-07 09:05:00,1.16139,1.16145,1.16137,1.16137,0.0
2026-09-07 09:06:00,1.16139,1.16145,1.16139,1.16145,0.0
2026-09-07 09:07:00,1.16143,1.16146,1.1614,1.1614,0.0
2026-09-07 09:08:00,1.16141,1.16144,1.16141,1.16144,0.0
2026-09-07 09:09:00,1.16141,1.16148,1.16141,1.16146,0.0
2026-09-07 09:10:00,1.16144,1.16145,1.16139,1.16145,0.0
2026-09-07 09:11:00,1.16143,1.16146,1.16136,1.16137,0.0
2026-09-07 09:12:00,1.16141,1.16148,1.16141,1.16146,0.0
2026-09-07 09:13:00,1.16141,1.16155,1.16141,1.16153,0.0
2026-09-07 09:14:00,1.16148,1.16157,1.16148,1.16155,0.0
2026-09-07 09:15:00,1.16152,1.16157,1.16152,1.16157,0.0
2026-09-07 09:16:00,1.16155,1.16158,1.16151,1.16152,0.0
2026-09-07 09:17:00,1.16155,1.16156,1.16149,1.16156,0.0
2026-09-07 09:18:00,1.16154,1.16158,1.16149,1.1615,0.0
2026-09-07 09:19:00,1.16152,1.16156,1.16149,1.16156,0.0
2026-09-07 09:20:00,1.16153,1.16158,1.16149,1.16153,0.0
2026-09-07 09:21:00,1.16153,1.16155,1.16149,1.16155,0.0
2026-09-07 09:22:00,1.16153,1.16157,1.16149,1.1615,0.0
2026-09-07 09:23:00,1.16151,1.16155,1.16149,1.16155,0.0
2026-09-07 09:24:00,1.16154,1.16154,1.16149,1.16154,0.0
2026-09-07 09:25:00,1.16153,1.16153,1.16147,1.16149,0.0
2026-09-07 09:26:00,1.16152,1.16152,1.16145,1.16152,0.0
2026-09-07 09:27:00,1.1615,1.16153,1.16145,1.16146,0.0
2026-09-07 09:28:00,1.16149,1.16152,1.16145,1.16152,0.0
2026-09-07 09:29:00,1.16149,1.16154,1.16145,1.16149,0.0
2026-09-07 09:30:00,1.1615,1.16151,1.16143,1.16151,0.0
2026-09-07 09:31:00,1.16149,1.16154,1.16143,1.16144,0.0
2026-09-07 09:32:00,1.16147,1.16152,1.16147,1.16152,0.0
2026-09-07 09:33:00,1.1615,1.16162,1.1615,1.16159,0.0
2026-09-07 09:34:00,1.16153,1.16162,1.16153,1.16161,0.0
2026-09-07 09:35:00,1.16158,1.16162,1.16158,1.16162,0.0
2026-09-07 09:36:00,1.1616,1.16165,1.16159,1.1616,0.0
2026-09-07 09:37:00,1.1616,1.16166,1.16152,1.16165,0.0
2026-09-07 09:38:00,1.16162,1.16162,1.16151,1.16152,0.0
2026-09-07 09:39:00,1.16155,1.16157,1.16153,1.16157,0.0
2026-09-07 09:40:00,1.16153,1.16164,1.16153,1.16162,0.0
2026-09-07 09:41:00,1.16158,1.16161,1.16152,1.16161,0.0
2026-09-07 09:42:00,1.16159,1.16161,1.16152,1.16153,0.0
2026-09-07 09:43:00,1.16156,1.16159,1.16155,1.16159,0.0
2026-09-07 09:44:00,1.16156,1.16161,1.16155,1.1616,0.0
2026-09-07 09:45:00,1.16158,1.16162,1.16155,1.16161,0.0
2026-09-07 09:46:00,1.16159,1.16164,1.16144,1.16163,0.0
2026-09-07 09:47:00,1.16161,1.16161,1.16145,1.16147,0.0
2026-09-07 09:48:00,1.1615,1.16151,1.1614,1.1615,0.0
2026-09-07 09:49:00,1.16148,1.16148,1.16141,1.16142,0.0
2026-09-07 09:50:00,1.16144,1.16144,1.1614,1.16144,0.0
2026-09-07 09:51:00,1.16142,1.16143,1.16135,1.16142,0.0
2026-09-07 09:52:00,1.16141,1.16141,1.16136,1.16137,0.0
2026-09-07 09:53:00,1.16138,1.16144,1.16135,1.16138,0.0
2026-09-07 09:54:00,1.16137,1.16144,1.16137,1.16143,0.0
2026-09-07 09:55:00,1.16141,1.16152,1.16141,1.1615,0.0
2026-09-07 09:56:00,1.16142,1.16154,1.16142,1.16153,0.0
2026-09-07 09:57:00,1.16151,1.16153,1.16141,1.16153,0.0
2026-09-07 09:58:00,1.16151,1.16151,1.16136,1.1614,0.0
2026-09-07 09:59:00,1.16147,1.16147,1.16132,1.16136,0.0
2026-09-07 10:00:00,1.16141,1.16141,1.16133,1.16134,0.0
2026-09-07 10:01:00,1.16136,1.16136,1.1613,1.16136,0.0
2026-09-07 10:02:00,1.16134,1.16137,1.16131,1.16131,0.0
2026-09-07 10:03:00,1.16132,1.16135,1.16132,1.16135,0.0
2026-09-07 10:04:00,1.16133,1.16143,1.16133,1.16141,0.0
2026-09-07 10:05:00,1.16135,1.16144,1.16135,1.16143,0.0
2026-09-07 10:06:00,1.1614,1.16144,1.16139,1.16144,0.0
2026-09-07 10:07:00,1.16143,1.16145,1.16136,1.16137,0.0
2026-09-07 10:08:00,1.16141,1.16143,1.16135,1.16143,0.0
2026-09-07 10:09:00,1.16141,1.16141,1.16131,1.16133,0.0
2026-09-07 10:10:00,1.16138,1.16139,1.16133,1.16134,0.0
2026-09-07 10:11:00,1.16133,1.16153,1.16133,1.16149,0.0
2026-09-07 10:12:00,1.16142,1.16151,1.16142,1.16151,0.0
2026-09-07 10:13:00,1.16148,1.16155,1.16148,1.16154,0.0
2026-09-07 10:14:00,1.16152,1.16153,1.16145,1.16152,0.0
2026-09-07 10:15:00,1.16152,1.16152,1.16143,1.16145,0.0
2026-09-07 10:16:00,1.16147,1.16153,1.16145,1.16151,0.0
2026-09-07 10:17:00,1.16148,1.16162,1.16148,1.16159,0.0
2026-09-07 10:18:00,1.16149,1.16172,1.16149,1.16168,0.0
2026-09-07 10:19:00,1.16163,1.1617,1.16162,1.1617,0.0
2026-09-07 10:20:00,1.16167,1.16167,1.16158,1.1616,0.0
2026-09-07 10:21:00,1.16164,1.16164,1.16156,1.16158,0.0
2026-09-07 10:22:00,1.16161,1.16163,1.16151,1.16154,0.0
2026-09-07 10:23:00,1.1616,1.16171,1.16158,1.1616,0.0
2026-09-07 10:24:00,1.16158,1.16176,1.16158,1.16175,0.0
2026-09-07 10:25:00,1.16171,1.16172,1.16163,1.16172,0.0
2026-09-07 10:26:00,1.16171,1.16172,1.16163,1.16172,0.0
2026-09-07 10:27:00,1.16171,1.16185,1.16163,1.16165,0.0
2026-09-07 10:28:00,1.16172,1.16186,1.16172,1.16185,0.0
2026-09-07 10:29:00,1.1618,1.16189,1.16179,1.16188,0.0
2026-09-07 10:30:00,1.16186,1.16186,1.16178,1.16186,0.0
2026-09-07 10:31:00,1.16183,1.16194,1.16174,1.16176,0.0
2026-09-07 10:32:00,1.16182,1.16191,1.16182,1.16191,0.0
2026-09-07 10:33:00,1.16188,1.16195,1.16183,1.16194,0.0
2026-09-07 10:34:00,1.16191,1.16193,1.16186,1.16193,0.0
2026-09-07 10:35:00,1.16192,1.16192,1.16175,1.1618,0.0
2026-09-07 10:36:00,1.16188,1.1619,1.16179,1.1618,0.0
2026-09-07 10:37:00,1.16181,1.1619,1.16181,1.1619,0.0
2026-09-07 10:38:00,1.16187,1.16195,1.16186,1.16193,0.0
2026-09-07 10:39:00,1.1619,1.16193,1.16186,1.16193,0.0
2026-09-07 10:40:00,1.16191,1.16196,1.16187,1.16188,0.0
2026-09-07 10:41:00,1.16191,1.16193,1.16186,1.16193,0.0
2026-09-07 10:42:00,1.16191,1.16199,1.16185,1.16197,0.0
2026-09-07 10:43:00,1.16193,1.16198,1.16193,1.16197,0.0
2026-09-07 10:44:00,1.16194,1.16201,1.1619,1.16201,0.0
2026-09-07 10:45:00,1.16199,1.16199,1.16189,1.16192,0.0
2026-09-07 10:46:00,1.16197,1.16197,1.16187,1.16197,0.0
2026-09-07 10:47:00,1.16195,1.16197,1.16187,1.16189,0.0
2026-09-07 10:48:00,1.16193,1.16196,1.1619,1.16196,0.0
2026-09-07 10:49:00,1.16193,1.16204,1.16193,1.16201,0.0
2026-09-07 10:50:00,1.16198,1.16201,1.16193,1.16201,0.0
2026-09-07 10:51:00,1.16199,1.16206,1.16194,1.16195,0.0
2026-09-07 10:52:00,1.16199,1.16203,1.16198,1.16203,0.0
2026-09-07 10:53:00,1.162,1.16203,1.16195,1.16202,0.0
2026-09-07 10:54:00,1.16201,1.16203,1.16185,1.1619,0.0
2026-09-07 10:55:00,1.16199,1.16199,1.16183,1.16185,0.0
2026-09-07 10:56:00,1.16189,1.16189,1.16175,1.1618,0.0
2026-09-07 10:57:00,1.16187,1.16187,1.16174,1.16178,0.0
2026-09-07 10:58:00,1.16182,1.16182,1.1617,1.16173,0.0
2026-09-07 10:59:00,1.16179,1.16181,1.16174,1.16181,0.0
2026-09-07 11:00:00,1.16177,1.1619,1.16177,1.16187,0.0
2026-09-07 11:01:00,1.16183,1.16193,1.16171,1.16191,0.0
2026-09-07 11:02:00,1.16186,1.16186,1.16172,1.16174,0.0
2026-09-07 11:03:00,1.16177,1.1618,1.16168,1.1618,0.0
2026-09-07 11:04:00,1.16178,1.16178,1.16164,1.16168,0.0
2026-09-07 11:05:00,1.16173,1.16175,1.16162,1.16165,0.0
2026-09-07 11:06:00,1.1617,1.1618,1.1617,1.16179,0.0
2026-09-07 11:07:00,1.16174,1.1618,1.16171,1.1618,0.0
2026-09-07 11:08:00,1.16178,1.16178,1.1617,1.16172,0.0
2026-09-07 11:09:00,1.16174,1.16179,1.1617,1.16178,0.0
2026-09-07 11:10:00,1.16176,1.16182,1.16159,1.16165,0.0
2026-09-07 11:11:00,1.16174,1.16174,1.16159,1.1616,0.0
2026-09-07 11:12:00,1.16163,1.16172,1.16163,1.1617,0.0
2026-09-07 11:13:00,1.16162,1.16179,1.16162,1.16177,0.0
2026-09-07 11:14:00,1.16174,1.16177,1.16163,1.16177,0.0
2026-09-07 11:15:00,1.16175,1.16175,1.1617,1.16171,0.0
2026-09-07 11:16:00,1.16171,1.16171,1.16144,1.16153,0.0
2026-09-07 11:17:00,1.16167,1.16167,1.16136,1.16141,0.0
2026-09-07 11:18:00,1.16149,1.16149,1.16136,1.16137,0.0
2026-09-07 11:19:00,1.1614,1.16144,1.1614,1.16144,0.0
2026-09-07 11:20:00,1.16141,1.16145,1.1614,1.1614,0.0
2026-09-07 11:21:00,1.16141,1.16143,1.1614,1.16143,0.0
2026-09-07 11:22:00,1.16139,1.16158,1.16136,1.16153,0.0
2026-09-07 11:23:00,1.16146,1.1616,1.16146,1.16158,0.0
2026-09-07 11:24:00,1.16153,1.1616,1.16141,1.16159,0.0
2026-09-07 11:25:00,1.16158,1.16158,1.16143,1.16145,0.0
2026-09-07 11:26:00,1.16147,1.16161,1.16147,1.16158,0.0
2026-09-07 11:27:00,1.16149,1.16171,1.16149,1.16167,0.0
2026-09-07 11:28:00,1.1616,1.16171,1.1616,1.16171,0.0
2026-09-07 11:29:00,1.16168,1.16171,1.1616,1.16162,0.0
2026-09-07 11:30:00,1.16168,1.16169,1.16163,1.16169,0.0
2026-09-07 11:31:00,1.16166,1.16168,1.16156,1.16166,0.0
2026-09-07 11:32:00,1.16166,1.16172,1.16151,1.16156,0.0
2026-09-07 11:33:00,1.16164,1.16164,1.16145,1.16148,0.0
2026-09-07 11:34:00,1.16154,1.16159,1.16152,1.16159,0.0
2026-09-07 11:35:00,1.16157,1.16159,1.16145,1.16159,0.0
2026-09-07 11:36:00,1.16158,1.16158,1.16147,1.16148,0.0
2026-09-07 11:37:00,1.16151,1.16153,1.16147,1.16153,0.0
2026-09-07 11:38:00,1.1615,1.16158,1.16148,1.16156,0.0
2026-09-07 11:39:00,1.16152,1.16156,1.16149,1.16156,0.0
2026-09-07 11:40:00,1.16154,1.16162,1.16152,1.1616,0.0
2026-09-07 11:41:00,1.16156,1.1617,1.16139,1.16166,0.0
2026-09-07 11:42:00,1.16159,1.16159,1.16133,1.16137,0.0
2026-09-07 11:43:00,1.16143,1.16143,1.16131,1.16134,0.0
2026-09-07 11:44:00,1.16138,1.16143,1.16132,1.16133,0.0
2026-09-07 11:45:00,1.16136,1.16141,1.16136,1.16141,0.0
2026-09-07 11:46:00,1.16139,1.16142,1.16136,1.16142,0.0
2026-09-07 11:47:00,1.1614,1.16146,1.16136,1.1614,0.0
2026-09-07 11:48:00,1.1614,1.16146,1.1614,1.16146,0.0
2026-09-07 11:49:00,1.16144,1.16157,1.16137,1.16139,0.0
2026-09-07 11:50:00,1.16146,1.16155,1.16146,1.16155,0.0
2026-09-07 11:51:00,1.16152,1.1616,1.16149,1.16152,0.0
2026-09-07 11:52:00,1.16153,1.16159,1.16153,1.16158,0.0
2026-09-07 11:53:00,1.16154,1.16167,1.16154,1.16164,0.0
2026-09-07 11:54:00,1.1616,1.16164,1.16159,1.16164,0.0
2026-09-07 11:55:00,1.16163,1.16163,1.16145,1.16163,0.0
2026-09-07 11:56:00,1.16162,1.16162,1.16139,1.16144,0.0
2026-09-07 11:57:00,1.16153,1.16153,1.16135,1.16138,0.0
2026-09-07 11:58:00,1.16141,1.16146,1.1614,1.16145,0.0
2026-09-07 11:59:00,1.16143,1.1615,1.16126,1.16148,0.0
2026-09-07 12:00:00,1.16144,1.16144,1.16131,1.16132,0.0
2026-09-07 12:01:00,1.16134,1.16143,1.16128,1.16141,0.0
2026-09-07 12:02:00,1.16137,1.16137,1.16122,1.16124,0.0
2026-09-07 12:03:00,1.16129,1.16129,1.16122,1.16124,0.0
2026-09-07 12:04:00,1.16124,1.16134,1.16124,1.16132,0.0
2026-09-07 12:05:00,1.16129,1.16132,1.16126,1.16132,0.0
2026-09-07 12:06:00,1.1613,1.16133,1.16124,1.16133,0.0
2026-09-07 12:07:00,1.16132,1.16132,1.16117,1.16121,0.0
2026-09-07 12:08:00,1.16127,1.16127,1.1611,1.16115,0.0
2026-09-07 12:09:00,1.16122,1.16122,1.16106,1.16108,0.0
2026-09-07 12:10:00,1.16113,1.16114,1.16106,1.16114,0.0
2026-09-07 12:11:00,1.16111,1.16113,1.16101,1.16104,0.0
2026-09-07 12:12:00,1.1611,1.1611,1.16106,1.1611,0.0
2026-09-07 12:13:00,1.16107,1.16113,1.16098,1.16112,0.0
2026-09-07 12:14:00,1.1611,1.1611,1.16098,1.161,0.0
2026-09-07 12:15:00,1.16103,1.16103,1.16094,1.16096,0.0
2026-09-07 12:16:00,1.16101,1.16101,1.16093,1.16095,0.0
2026-09-07 12:17:00,1.16098,1.161,1.16097,1.161,0.0
2026-09-07 12:18:00,1.16098,1.16103,1.16098,1.16102,0.0
2026-09-07 12:19:00,1.16099,1.16103,1.16099,1.16103,0.0
2026-09-07 12:20:00,1.161,1.16109,1.161,1.16107,0.0
2026-09-07 12:21:00,1.16103,1.16109,1.16094,1.16108,0.0
2026-09-07 12:22:00,1.16105,1.16105,1.16087,1.16091,0.0
2026-09-07 12:23:00,1.16097,1.16097,1.16089,1.16091,0.0
2026-09-07 12:24:00,1.1609,1.1611,1.1609,1.16105,0.0
2026-09-07 12:25:00,1.16098,1.1611,1.16098,1.16109,0.0
2026-09-07 12:26:00,1.16106,1.16111,1.16101,1.1611,0.0
2026-09-07 12:27:00,1.16108,1.16112,1.16105,1.16108,0.0
2026-09-07 12:28:00,1.16108,1.16112,1.16102,1.16112,0.0
2026-09-07 12:29:00,1.1611,1.16114,1.16104,1.1611,0.0
2026-09-07 12:30:00,1.16111,1.16115,1.1611,1.16114,0.0
2026-09-07 12:31:00,1.16109,1.16122,1.16109,1.1612,0.0
2026-09-07 12:32:00,1.16116,1.1612,1.16116,1.1612,0.0
2026-09-07 12:33:00,1.16117,1.16118,1.16105,1.16117,0.0
2026-09-07 12:34:00,1.16117,1.16117,1.16106,1.16108,0.0
2026-09-07 12:35:00,1.16111,1.16124,1.16108,1.1612,0.0
2026-09-07 12:36:00,1.16113,1.16122,1.16112,1.16122,0.0
2026-09-07 12:37:00,1.1612,1.1612,1.16112,1.16114,0.0
2026-09-07 12:38:00,1.16118,1.16121,1.16112,1.16113,0.0
2026-09-07 12:39:00,1.16117,1.1612,1.16112,1.1612,0.0
2026-09-07 12:40:00,1.16118,1.16118,1.16106,1.16109,0.0
2026-09-07 12:41:00,1.16114,1.16114,1.16102,1.16106,0.0
2026-09-07 12:42:00,1.16111,1.16111,1.161,1.16102,0.0
2026-09-07 12:43:00,1.16107,1.16108,1.16094,1.16098,0.0
2026-09-07 12:44:00,1.16105,1.16105,1.16094,1.16096,0.0
2026-09-07 12:45:00,1.161,1.161,1.16085,1.1609,0.0
2026-09-07 12:46:00,1.16097,1.16097,1.16086,1.16088,0.0
2026-09-07 12:47:00,1.16091,1.16095,1.16089,1.16089,0.0
2026-09-07 12:48:00,1.1609,1.16099,1.1609,1.16098,0.0
2026-09-07 12:49:00,1.16093,1.161,1.16093,1.16099,0.0
2026-09-07 12:50:00,1.16098,1.16098,1.16091,1.16093,0.0
2026-09-07 12:51:00,1.16094,1.161,1.16093,1.16099,0.0
2026-09-07 12:52:00,1.16096,1.16098,1.1609,1.16098,0.0
2026-09-07 12:53:00,1.16096,1.16096,1.16089,1.1609,0.0
2026-09-07 12:54:00,1.16093,1.16093,1.16086,1.16088,0.0
2026-09-07 12:55:00,1.1609,1.16095,1.16086,1.16087,0.0
2026-09-07 12:56:00,1.16089,1.16092,1.16083,1.16092,0.0
2026-09-07 12:57:00,1.16091,1.16091,1.16073,1.16079,0.0
2026-09-07 12:58:00,1.16089,1.16092,1.1608,1.16081,0.0
2026-09-07 12:59:00,1.16083,1.16092,1.16083,1.16092,0.0
2026-09-07 13:00:00,1.16089,1.16095,1.16087,1.16094,0.0
2026-09-07 13:01:00,1.16092,1.16093,1.16086,1.16093,0.0
2026-09-07 13:02:00,1.16091,1.16095,1.16086,1.16087,0.0
2026-09-07 13:03:00,1.1609,1.16093,1.16082,1.16093,0.0
2026-09-07 13:04:00,1.1609,1.16104,1.16081,1.16084,0.0
2026-09-07 13:05:00,1.16091,1.16104,1.16091,1.16103,0.0
2026-09-07 13:06:00,1.16099,1.16104,1.16099,1.16103,0.0
2026-09-07 13:07:00,1.16101,1.16101,1.16093,1.16101,0.0
2026-09-07 13:08:00,1.161,1.161,1.16089,1.16092,0.0
2026-09-07 13:09:00,1.16098,1.161,1.16091,1.16092,0.0
2026-09-07 13:10:00,1.16095,1.161,1.16087,1.161,0.0
2026-09-07 13:11:00,1.16097,1.16097,1.16089,1.1609,0.0
2026-09-07 13:12:00,1.16091,1.16094,1.16087,1.16094,0.0
2026-09-07 13:13:00,1.16092,1.16096,1.16087,1.16088,0.0
2026-09-07 13:14:00,1.16091,1.16094,1.16087,1.16094,0.0
2026-09-07 13:15:00,1.1609,1.16101,1.1609,1.16099,0.0
2026-09-07 13:16:00,1.16096,1.16099,1.16093,1.16099,0.0
2026-09-07 13:17:00,1.16097,1.16103,1.16095,1.16102,0.0
2026-09-07 13:18:00,1.16099,1.16105,1.16098,1.16104,0.0
2026-09-07 13:19:00,1.16101,1.16108,1.16098,1.16107,0.0
2026-09-07 13:20:00,1.16102,1.16114,1.16102,1.16112,0.0
2026-09-07 13:21:00,1.16108,1.16114,1.16105,1.16113,0.0
2026-09-07 13:22:00,1.16109,1.16125,1.16109,1.16121,0.0
2026-09-07 13:23:00,1.16116,1.16122,1.16116,1.16122,0.0
2026-09-07 13:24:00,1.1612,1.16124,1.16114,1.16123,0.0
2026-09-07 13:25:00,1.16121,1.16121,1.16118,1.16121,0.0
2026-09-07 13:26:00,1.16119,1.16123,1.16118,1.16122,0.0
2026-09-07 13:27:00,1.16119,1.16123,1.16117,1.16122,0.0
2026-09-07 13:28:00,1.16119,1.16123,1.16114,1.16123,0.0
2026-09-07 13:29:00,1.16122,1.16124,1.16112,1.16115,0.0
2026-09-07 13:30:00,1.1612,1.16123,1.16117,1.16123,0.0
2026-09-07 13:31:00,1.1612,1.16122,1.16114,1.16122,0.0
2026-09-07 13:32:00,1.16121,1.16123,1.16105,1.1611,0.0
2026-09-07 13:33:00,1.16119,1.16119,1.16108,1.16109,0.0
2026-09-07 13:34:00,1.16112,1.16118,1.161,1.16112,0.0
2026-09-07 13:35:00,1.16111,1.16111,1.16098,1.16099,0.0
2026-09-07 13:36:00,1.16102,1.16106,1.16102,1.16105,0.0
2026-09-07 13:37:00,1.16103,1.16108,1.16101,1.16108,0.0
2026-09-07 13:38:00,1.16106,1.16108,1.16101,1.16106,0.0
2026-09-07 13:39:00,1.16106,1.16108,1.16094,1.16108,0.0
2026-09-07 13:40:00,1.16106,1.16106,1.16094,1.16096,0.0
2026-09-07 13:41:00,1.16101,1.16103,1.16097,1.16103,0.0
2026-09-07 13:42:00,1.161,1.16104,1.16095,1.16103,0.0
2026-09-07 13:43:00,1.16101,1.16106,1.16086,1.16101,0.0
2026-09-07 13:44:00,1.161,1.161,1.16087,1.16088,0.0
2026-09-07 13:45:00,1.16092,1.16097,1.16092,1.16097,0.0
2026-09-07 13:46:00,1.16095,1.16104,1.16095,1.16102,0.0
2026-09-07 13:47:00,1.16098,1.16102,1.16095,1.16102,0.0
2026-09-07 13:48:00,1.16101,1.16102,1.16093,1.16102,0.0
2026-09-07 13:49:00,1.161,1.16103,1.16091,1.161,0.0
2026-09-07 13:50:00,1.161,1.16102,1.16091,1.16102,0.0
2026-09-07 13:51:00,1.161,1.16101,1.16094,1.16095,0.0
2026-09-07 13:52:00,1.16097,1.16099,1.16091,1.16099,0.0
2026-09-07 13:53:00,1.16097,1.161,1.16089,1.16091,0.0
2026-09-07 13:54:00,1.16096,1.16097,1.16089,1.16097,0.0
2026-09-07 13:55:00,1.16095,1.16103,1.1609,1.16091,0.0
2026-09-07 13:56:00,1.16094,1.16101,1.16094,1.161,0.0
2026-09-07 13:57:00,1.16098,1.16106,1.16098,1.16105,0.0
2026-09-07 13:58:00,1.16101,1.16112,1.16101,1.16109,0.0
2026-09-07 13:59:00,1.16104,1.16114,1.16104,1.16113,0.0
2026-09-07 14:00:00,1.1611,1.16122,1.16109,1.16118,0.0
2026-09-07 14:01:00,1.16114,1.16122,1.1611,1.16122,0.0
2026-09-07 14:02:00,1.16119,1.16119,1.16101,1.16106,0.0
2026-09-07 14:03:00,1.16113,1.16113,1.16102,1.16105,0.0
2026-09-07 14:04:00,1.16109,1.16116,1.16108,1.16109,0.0
2026-09-07 14:05:00,1.1611,1.16113,1.16104,1.16113,0.0
2026-09-07 14:06:00,1.16111,1.16115,1.16109,1.16109,0.0
2026-09-07 14:07:00,1.1611,1.16113,1.16105,1.16113,0.0
2026-09-07 14:08:00,1.16111,1.16111,1.16105,1.16107,0.0
2026-09-07 14:09:00,1.16108,1.16113,1.16106,1.16112,0.0
2026-09-07 14:10:00,1.1611,1.16113,1.16105,1.16113,0.0
2026-09-07 14:11:00,1.16111,1.16113,1.16105,1.16106,0.0
2026-09-07 14:12:00,1.16109,1.16112,1.16104,1.16112,0.0
2026-09-07 14:13:00,1.16109,1.16112,1.16104,1.16105,0.0
2026-09-07 14:14:00,1.16109,1.16109,1.16102,1.16109,0.0
2026-09-07 14:15:00,1.16107,1.16114,1.16104,1.16107,0.0
2026-09-07 14:16:00,1.16108,1.16111,1.16105,1.16111,0.0
2026-09-07 14:17:00,1.16109,1.16111,1.16102,1.16109,0.0
2026-09-07 14:18:00,1.16109,1.16111,1.16102,1.16104,0.0
2026-09-07 14:19:00,1.16108,1.16111,1.16102,1.16111,0.0
2026-09-07 14:20:00,1.16109,1.1611,1.16104,1.16105,0.0
2026-09-07 14:21:00,1.16108,1.16111,1.16097,1.1611,0.0
2026-09-07 14:22:00,1.16107,1.16109,1.16098,1.16099,0.0
2026-09-07 14:23:00,1.16102,1.16107,1.16102,1.16107,0.0
2026-09-07 14:24:00,1.16103,1.16114,1.16103,1.16111,0.0
2026-09-07 14:25:00,1.16107,1.16114,1.16097,1.16113,0.0
2026-09-07 14:26:00,1.1611,1.1611,1.16098,1.161,0.0
2026-09-07 14:27:00,1.16104,1.16104,1.161,1.16101,0.0
2026-09-07 14:28:00,1.16101,1.16109,1.16101,1.16107,0.0
2026-09-07 14:29:00,1.16102,1.16108,1.16097,1.16107,0.0
2026-09-07 14:30:00,1.16106,1.16106,1.161,1.16102,0.0
2026-09-07 14:31:00,1.16103,1.16108,1.16101,1.16101,0.0
2026-09-07 14:32:00,1.16103,1.16108,1.16097,1.16108,0.0
2026-09-07 14:33:00,1.16105,1.16107,1.16097,1.16098,0.0
2026-09-07 14:34:00,1.161,1.16104,1.16097,1.16104,0.0
2026-09-07 14:35:00,1.16101,1.16108,1.16098,1.16106,0.0
2026-09-07 14:36:00,1.16103,1.16106,1.16095,1.16105,0.0
2026-09-07 14:37:00,1.16103,1.16103,1.16097,1.16098,0.0
2026-09-07 14:38:00,1.16099,1.161,1.16094,1.16099,0.0
2026-09-07 14:39:00,1.16099,1.16101,1.16087,1.16101,0.0
2026-09-07 14:40:00,1.161,1.161,1.16082,1.16085,0.0
2026-09-07 14:41:00,1.16092,1.16092,1.16082,1.16092,0.0
2026-09-07 14:42:00,1.16089,1.16097,1.16083,1.16095,0.0
2026-09-07 14:43:00,1.16091,1.16095,1.16087,1.16095,0.0
2026-09-07 14:44:00,1.16092,1.16102,1.16092,1.161,0.0
2026-09-07 14:45:00,1.16097,1.16099,1.1609,1.16099,0.0
2026-09-07 14:46:00,1.16097,1.161,1.16091,1.16092,0.0
2026-09-07 14:47:00,1.16096,1.16102,1.16093,1.161,0.0
2026-09-07 14:48:00,1.16096,1.1611,1.16096,1.16108,0.0
2026-09-07 14:49:00,1.16102,1.16113,1.16102,1.16111,0.0
2026-09-07 14:50:00,1.16108,1.16113,1.16104,1.16113,0.0
2026-09-07 14:51:00,1.16111,1.16115,1.16106,1.16107,0.0
2026-09-07 14:52:00,1.1611,1.16114,1.16105,1.16114,0.0
2026-09-07 14:53:00,1.16112,1.16115,1.16104,1.16106,0.0
2026-09-07 14:54:00,1.16111,1.16115,1.16102,1.16114,0.0
2026-09-07 14:55:00,1.16111,1.16113,1.16101,1.16103,0.0
2026-09-07 14:56:00,1.16106,1.16112,1.16106,1.16111,0.0
2026-09-07 14:57:00,1.16108,1.1612,1.16108,1.16118,0.0
2026-09-07 14:58:00,1.16113,1.16121,1.16113,1.1612,0.0
2026-09-07 14:59:00,1.16116,1.16122,1.16116,1.16122,0.0
2026-09-07 15:00:00,1.1612,1.1612,1.1611,1.16113,0.0
2026-09-07 15:01:00,1.16119,1.16119,1.16105,1.16108,0.0
2026-09-07 15:02:00,1.16113,1.16115,1.16106,1.16107,0.0
2026-09-07 15:03:00,1.16111,1.16115,1.16106,1.16114,0.0
2026-09-07 15:04:00,1.1611,1.1612,1.1611,1.16119,0.0
2026-09-07 15:05:00,1.16116,1.16117,1.16112,1.16117,0.0
2026-09-07 15:06:00,1.16114,1.16122,1.1611,1.16121,0.0
2026-09-07 15:07:00,1.16118,1.16119,1.16112,1.16119,0.0
2026-09-07 15:08:00,1.16118,1.16118,1.16101,1.16118,0.0
2026-09-07 15:09:00,1.16118,1.16118,1.16097,1.16102,0.0
2026-09-07 15:10:00,1.16109,1.16111,1.16101,1.16102,0.0
2026-09-07 15:11:00,1.16102,1.16113,1.16102,1.16112,0.0
2026-09-07 15:12:00,1.1611,1.16112,1.16104,1.16112,0.0
2026-09-07 15:13:00,1.16109,1.16116,1.16105,1.16106,0.0
2026-09-07 15:14:00,1.16109,1.16115,1.16102,1.16114,0.0
2026-09-07 15:15:00,1.16111,1.16111,1.16102,1.16103,0.0
2026-09-07 15:16:00,1.16107,1.16111,1.16094,1.1611,0.0
2026-09-07 15:17:00,1.16107,1.16107,1.16093,1.16096,0.0
2026-09-07 15:18:00,1.16101,1.16101,1.16094,1.16096,0.0
2026-09-07 15:19:00,1.16098,1.16101,1.16098,1.16101,0.0
2026-09-07 15:20:00,1.161,1.16103,1.16099,1.16099,0.0
2026-09-07 15:21:00,1.161,1.16103,1.16093,1.16103,0.0
2026-09-07 15:22:00,1.16101,1.16101,1.16089,1.16091,0.0
2026-09-07 15:23:00,1.16096,1.16099,1.16093,1.16099,0.0
2026-09-07 15:24:00,1.16096,1.16104,1.16094,1.16102,0.0
2026-09-07 15:25:00,1.16098,1.16101,1.16095,1.16101,0.0
2026-09-07 15:26:00,1.16099,1.16104,1.16095,1.16103,0.0
2026-09-07 15:27:00,1.161,1.16101,1.16091,1.16101,0.0
2026-09-07 15:28:00,1.161,1.16106,1.16096,1.16097,0.0
2026-09-07 15:29:00,1.16098,1.16109,1.16098,1.16107,0.0
2026-09-07 15:30:00,1.16103,1.1611,1.16103,1.1611,0.0
2026-09-07 15:31:00,1.16107,1.1611,1.16105,1.1611,0.0
2026-09-07 15:32:00,1.16109,1.16112,1.16098,1.16109,0.0
2026-09-07 15:33:00,1.16108,1.16108,1.16093,1.16095,0.0
2026-09-07 15:34:00,1.16101,1.16102,1.16094,1.16102,0.0
2026-09-07 15:35:00,1.16099,1.16116,1.16092,1.16111,0.0
2026-09-07 15:36:00,1.16103,1.16115,1.16103,1.16114,0.0
2026-09-07 15:37:00,1.1611,1.16118,1.1611,1.16117,0.0
2026-09-07 15:38:00,1.16116,1.16116,1.16108,1.1611,0.0
2026-09-07 15:39:00,1.16114,1.16114,1.16108,1.16109,0.0
2026-09-07 15:40:00,1.16109,1.16112,1.16108,1.16112,0.0
2026-09-07 15:41:00,1.16111,1.16112,1.16104,1.16112,0.0
2026-09-07 15:42:00,1.1611,1.16111,1.16104,1.16105,0.0
2026-09-07 15:43:00,1.16107,1.16109,1.16102,1.16109,0.0
2026-09-07 15:44:00,1.16107,1.16112,1.16102,1.16103,0.0
2026-09-07 15:45:00,1.16105,1.16109,1.16105,1.16109,0.0
2026-09-07 15:46:00,1.16106,1.16116,1.16105,1.16113,0.0
2026-09-07 15:47:00,1.16108,1.16113,1.16106,1.16113,0.0
2026-09-07 15:48:00,1.16111,1.16115,1.16109,1.16111,0.0
2026-09-07 15:49:00,1.1611,1.16113,1.16109,1.16113,0.0
2026-09-07 15:50:00,1.16112,1.16113,1.16108,1.16113,0.0
2026-09-07 15:51:00,1.16111,1.16113,1.16106,1.16107,0.0
2026-09-07 15:52:00,1.1611,1.16114,1.16109,1.16113,0.0
2026-09-07 15:53:00,1.16109,1.16126,1.16108,1.16122,0.0
2026-09-07 15:54:00,1.16116,1.16124,1.16113,1.16124,0.0
2026-09-07 15:55:00,1.16122,1.16125,1.16113,1.16115,0.0
2026-09-07 15:56:00,1.16119,1.16122,1.16118,1.16122,0.0
2026-09-07 15:57:00,1.16119,1.16135,1.16118,1.16131,0.0
2026-09-07 15:58:00,1.16124,1.16138,1.16124,1.16136,0.0
2026-09-07 15:59:00,1.1613,1.16145,1.1613,1.16143,0.0
2026-09-07 16:00:00,1.16138,1.16144,1.16133,1.16144,0.0
2026-09-07 16:01:00,1.16142,1.16144,1.16116,1.16124,0.0
2026-09-07 16:02:00,1.1614,1.1614,1.16109,1.16113,0.0
2026-09-07 16:03:00,1.16121,1.16121,1.16108,1.16112,0.0
2026-09-07 16:04:00,1.16117,1.16117,1.16104,1.16108,0.0
2026-09-07 16:05:00,1.16114,1.16119,1.1611,1.16114,0.0
2026-09-07 16:06:00,1.1611,1.16125,1.1611,1.16123,0.0
2026-09-07 16:07:00,1.1612,1.16124,1.16109,1.16123,0.0
2026-09-07 16:08:00,1.16121,1.16122,1.16108,1.16111,0.0
2026-09-07 16:09:00,1.16116,1.16126,1.16114,1.16124,0.0
2026-09-07 16:10:00,1.16118,1.16126,1.16118,1.16126,0.0
2026-09-07 16:11:00,1.16125,1.16125,1.16112,1.16115,0.0
2026-09-07 16:12:00,1.1612,1.1612,1.16106,1.1611,0.0
2026-09-07 16:13:00,1.16115,1.16119,1.16113,1.16113,0.0
2026-09-07 16:14:00,1.16114,1.16117,1.16105,1.16117,0.0
2026-09-07 16:15:00,1.16114,1.16118,1.16114,1.16114,0.0
2026-09-07 16:16:00,1.16115,1.16115,1.16108,1.16115,0.0
2026-09-07 16:17:00,1.16113,1.16126,1.16108,1.16122,0.0
2026-09-07 16:18:00,1.16115,1.16129,1.16115,1.16127,0.0
2026-09-07 16:19:00,1.16121,1.16141,1.16121,1.16138,0.0
2026-09-07 16:20:00,1.1613,1.1614,1.1613,1.16139,0.0
2026-09-07 16:21:00,1.16138,1.16138,1.16131,1.16138,0.0
2026-09-07 16:22:00,1.16136,1.16142,1.16129,1.1613,0.0
2026-09-07 16:23:00,1.16134,1.16141,1.16134,1.16141,0.0
2026-09-07 16:24:00,1.16137,1.16158,1.16129,1.16152,0.0
2026-09-07 16:25:00,1.16143,1.1616,1.16143,1.16158,0.0
2026-09-07 16:26:00,1.16151,1.16167,1.16151,1.16165,0.0
2026-09-07 16:27:00,1.16161,1.16164,1.16159,1.16164,0.0
2026-09-07 16:28:00,1.16162,1.16165,1.16159,1.16164,0.0
2026-09-07 16:29:00,1.16163,1.16163,1.16156,1.16158,0.0
2026-09-07 16:30:00,1.16161,1.16165,1.16159,1.16164,0.0
2026-09-07 16:31:00,1.1616,1.16177,1.1616,1.16172,0.0
2026-09-07 16:32:00,1.16165,1.16179,1.16165,1.16178,0.0
2026-09-07 16:33:00,1.16174,1.16184,1.16174,1.16182,0.0
2026-09-07 16:34:00,1.16179,1.1619,1.16179,1.16187,0.0
2026-09-07 16:35:00,1.16177,1.16197,1.16177,1.16195,0.0
2026-09-07 16:36:00,1.16191,1.16198,1.1618,1.16196,0.0
2026-09-07 16:37:00,1.16191,1.16191,1.16175,1.16178,0.0
2026-09-07 16:38:00,1.16182,1.16182,1.16167,1.16171,0.0
2026-09-07 16:39:00,1.16178,1.16181,1.1617,1.16172,0.0
2026-09-07 16:40:00,1.16174,1.16186,1.16174,1.16184,0.0
2026-09-07 16:41:00,1.16179,1.16186,1.16176,1.16186,0.0
2026-09-07 16:42:00,1.16185,1.16185,1.16176,1.16177,0.0
2026-09-07 16:43:00,1.1618,1.16185,1.16174,1.16184,0.0
2026-09-07 16:44:00,1.16182,1.16182,1.16167,1.1617,0.0
2026-09-07 16:45:00,1.16175,1.16175,1.1617,1.16171,0.0
2026-09-07 16:46:00,1.1617,1.16184,1.1617,1.16181,0.0
2026-09-07 16:47:00,1.16176,1.16185,1.16166,1.16184,0.0
2026-09-07 16:48:00,1.1618,1.1618,1.16164,1.16167,0.0
2026-09-07 16:49:00,1.16173,1.16173,1.16162,1.16165,0.0
2026-09-07 16:50:00,1.1617,1.1617,1.1616,1.16163,0.0
2026-09-07 16:51:00,1.16168,1.16168,1.16159,1.16161,0.0
2026-09-07 16:52:00,1.16166,1.16167,1.1616,1.16167,0.0
2026-09-07 16:53:00,1.16165,1.16169,1.1616,1.16161,0.0
2026-09-07 16:54:00,1.16164,1.16172,1.16164,1.16171,0.0
2026-09-07 16:55:00,1.16164,1.16175,1.16163,1.16174,0.0
2026-09-07 16:56:00,1.1617,1.16171,1.16152,1.16158,0.0
2026-09-07 16:57:00,1.16166,1.16166,1.16151,1.16154,0.0
2026-09-07 16:58:00,1.1616,1.16161,1.16147,1.16151,0.0
2026-09-07 16:59:00,1.16157,1.16157,1.16144,1.16147,0.0
2026-09-07 17:00:00,1.16152,1.16152,1.16143,1.16145,0.0
2026-09-07 17:01:00,1.16148,1.16151,1.16137,1.16151,0.0
2026-09-07 17:02:00,1.1615,1.1615,1.16136,1.16138,0.0
2026-09-07 17:03:00,1.16143,1.16148,1.16141,1.16147,0.0
2026-09-07 17:04:00,1.1614,1.16156,1.1614,1.16153,0.0
2026-09-07 17:05:00,1.16149,1.16154,1.16149,1.16154,0.0
2026-09-07 17:06:00,1.16151,1.16152,1.16137,1.16152,0.0
2026-09-07 17:07:00,1.16151,1.16151,1.16135,1.1614,0.0
2026-09-07 17:08:00,1.16147,1.16147,1.16129,1.16133,0.0
2026-09-07 17:09:00,1.16141,1.16141,1.16128,1.16132,0.0
2026-09-07 17:10:00,1.16137,1.16137,1.16131,1.16132,0.0
2026-09-07 17:11:00,1.16132,1.16132,1.16118,1.16122,0.0
2026-09-07 17:12:00,1.16129,1.16129,1.16116,1.16118,0.0
2026-09-07 17:13:00,1.16121,1.16124,1.16117,1.16117,0.0
2026-09-07 17:14:00,1.16119,1.1613,1.16119,1.16128,0.0
2026-09-07 17:15:00,1.16118,1.16141,1.16118,1.16137,0.0
2026-09-07 17:16:00,1.16132,1.16141,1.16132,1.1614,0.0
2026-09-07 17:17:00,1.16134,1.16155,1.16134,1.16151,0.0
2026-09-07 17:18:00,1.16144,1.16153,1.16144,1.16153,0.0
2026-09-07 17:19:00,1.1615,1.16153,1.16144,1.16146,0.0
2026-09-07 17:20:00,1.16149,1.1615,1.1614,1.1615,0.0
2026-09-07 17:21:00,1.16149,1.1615,1.16141,1.16143,0.0
2026-09-07 17:22:00,1.16145,1.16149,1.1614,1.16149,0.0
2026-09-07 17:23:00,1.16148,1.16148,1.1614,1.16142,0.0
2026-09-07 17:24:00,1.16145,1.16153,1.16141,1.16142,0.0
2026-09-07 17:25:00,1.16145,1.16154,1.16144,1.16153,0.0
2026-09-07 17:26:00,1.16147,1.1617,1.16146,1.16165,0.0
2026-09-07 17:27:00,1.16157,1.16171,1.16157,1.1617,0.0
2026-09-07 17:28:00,1.16163,1.16178,1.16163,1.16176,0.0
2026-09-07 17:29:00,1.16173,1.16175,1.16164,1.16175,0.0
2026-09-07 17:30:00,1.16173,1.16179,1.16166,1.16168,0.0
2026-09-07 17:31:00,1.1617,1.16182,1.1617,1.1618,0.0
2026-09-07 17:32:00,1.16176,1.16189,1.16176,1.16187,0.0
2026-09-07 17:33:00,1.16179,1.16193,1.16179,1.16191,0.0
2026-09-07 17:34:00,1.16188,1.16193,1.1617,1.16192,0.0
2026-09-07 17:35:00,1.16188,1.1619,1.16176,1.16177,0.0
2026-09-07 17:36:00,1.16181,1.16187,1.16179,1.16187,0.0
2026-09-07 17:37:00,1.16185,1.16185,1.16172,1.16176,0.0
2026-09-07 17:38:00,1.16181,1.16181,1.16156,1.16162,0.0
2026-09-07 17:39:00,1.16173,1.16173,1.16156,1.16158,0.0
2026-09-07 17:40:00,1.16162,1.16165,1.16158,1.16162,0.0
2026-09-07 17:41:00,1.16161,1.16166,1.1616,1.16166,0.0
2026-09-07 17:42:00,1.16164,1.16164,1.16148,1.16153,0.0
2026-09-07 17:43:00,1.1616,1.1616,1.16147,1.16149,0.0
2026-09-07 17:44:00,1.16151,1.16166,1.1614,1.16143,0.0
2026-09-07 17:45:00,1.16152,1.16168,1.16152,1.16167,0.0
2026-09-07 17:46:00,1.1616,1.16179,1.1616,1.16176,0.0
2026-09-07 17:47:00,1.1617,1.16179,1.1617,1.16178,0.0
2026-09-07 17:48:00,1.16173,1.16179,1.16163,1.16178,0.0
2026-09-07 17:49:00,1.16176,1.16176,1.16152,1.16157,0.0
2026-09-07 17:50:00,1.16164,1.16173,1.16158,1.16159,0.0
2026-09-07 17:51:00,1.16162,1.16173,1.16162,1.16172,0.0
2026-09-07 17:52:00,1.1617,1.16187,1.1617,1.16182,0.0
2026-09-07 17:53:00,1.1617,1.16202,1.1617,1.16196,0.0
2026-09-07 17:54:00,1.16188,1.16203,1.16188,1.16202,0.0
2026-09-07 17:55:00,1.16198,1.16215,1.1619,1.16209,0.0
2026-09-07 17:56:00,1.16202,1.16229,1.16202,1.16223,0.0
2026-09-07 17:57:00,1.16207,1.16232,1.16207,1.1623,0.0
2026-09-07 17:58:00,1.16227,1.16227,1.16216,1.16218,0.0
2026-09-07 17:59:00,1.16219,1.16238,1.16217,1.16233,0.0
2026-09-07 18:00:00,1.16225,1.1624,1.16225,1.16238,0.0
2026-09-07 18:01:00,1.16233,1.16241,1.16233,1.16241,0.0
2026-09-07 18:02:00,1.1624,1.1624,1.16224,1.16228,0.0
2026-09-07 18:03:00,1.16234,1.16234,1.16221,1.16223,0.0
2026-09-07 18:04:00,1.16224,1.16249,1.16223,1.16243,0.0
2026-09-07 18:05:00,1.16235,1.16252,1.16234,1.1625,0.0
2026-09-07 18:06:00,1.16246,1.16246,1.16233,1.16234,0.0
2026-09-07 18:07:00,1.16237,1.1625,1.16237,1.16246,0.0
2026-09-07 18:08:00,1.16234,1.16279,1.16229,1.16269,0.0
2026-09-07 18:09:00,1.16255,1.16284,1.16255,1.16281,0.0
2026-09-07 18:10:00,1.16274,1.16295,1.16274,1.16292,0.0
2026-09-07 18:11:00,1.16285,1.16295,1.16285,1.16294,0.0
2026-09-07 18:12:00,1.16292,1.16303,1.1629,1.163,0.0
2026-09-07 18:13:00,1.16293,1.16313,1.16293,1.16309,0.0
2026-09-07 18:14:00,1.16303,1.16314,1.16301,1.16314,0.0
2026-09-07 18:15:00,1.16311,1.16319,1.163,1.16302,0.0
2026-09-07 18:16:00,1.16309,1.16325,1.16303,1.16322,0.0
2026-09-07 18:17:00,1.16317,1.16317,1.16295,1.16298,0.0
2026-09-07 18:18:00,1.16305,1.16309,1.16303,1.16308,0.0
2026-09-07 18:19:00,1.16304,1.16334,1.16296,1.16326,0.0
2026-09-07 18:20:00,1.16313,1.16346,1.16313,1.1634,0.0
2026-09-07 18:21:00,1.16328,1.16354,1.16328,1.16352,0.0
2026-09-07 18:22:00,1.16346,1.16353,1.1633,1.16353,0.0
2026-09-07 18:23:00,1.16351,1.16351,1.16317,1.16324,0.0
2026-09-07 18:24:00,1.16334,1.16334,1.16325,1.16326,0.0
2026-09-07 18:25:00,1.16329,1.16335,1.16314,1.16334,0.0
2026-09-07 18:26:00,1.16331,1.16346,1.16309,1.16315,0.0
2026-09-07 18:27:00,1.16328,1.16345,1.16328,1.16344,0.0
2026-09-07 18:28:00,1.16341,1.16341,1.1633,1.16334,0.0
2026-09-07 18:29:00,1.16339,1.16339,1.16316,1.16322,0.0
2026-09-07 18:30:00,1.16333,1.16337,1.16318,1.16321,0.0
2026-09-07 18:31:00,1.16327,1.16337,1.16327,1.16336,0.0
2026-09-07 18:32:00,1.16333,1.16338,1.16328,1.16337,0.0
2026-09-07 18:33:00,1.16335,1.16339,1.16332,1.16338,0.0
2026-09-07 18:34:00,1.16336,1.16341,1.16318,1.1634,0.0
2026-09-07 18:35:00,1.16337,1.16338,1.16321,1.16323,0.0
2026-09-07 18:36:00,1.1633,1.16341,1.16324,1.16339,0.0
2026-09-07 18:37:00,1.16335,1.16335,1.1631,1.16315,0.0
2026-09-07 18:38:00,1.16324,1.16334,1.16294,1.16302,0.0
2026-09-07 18:39:00,1.16318,1.16318,1.16284,1.16288,0.0
2026-09-07 18:40:00,1.16295,1.163,1.16267,1.16274,0.0
2026-09-07 18:41:00,1.16288,1.16288,1.16257,1.16261,0.0
2026-09-07 18:42:00,1.16267,1.1627,1.1626,1.16261,0.0
2026-09-07 18:43:00,1.16263,1.16271,1.16263,1.16271,0.0
2026-09-07 18:44:00,1.16268,1.16272,1.16265,1.16265,0.0
2026-09-07 18:45:00,1.16267,1.16275,1.16253,1.16274,0.0
2026-09-07 18:46:00,1.1627,1.1627,1.16249,1.16253,0.0
2026-09-07 18:47:00,1.1626,1.1626,1.16251,1.16254,0.0
2026-09-07 18:48:00,1.16256,1.16259,1.16252,1.16256,0.0
2026-09-07 18:49:00,1.16256,1.16264,1.16242,1.16256,0.0
2026-09-07 18:50:00,1.16255,1.16255,1.16224,1.16231,0.0
2026-09-07 18:51:00,1.16242,1.16242,1.16213,1.16218,0.0
2026-09-07 18:52:00,1.16226,1.16226,1.16216,1.16217,0.0
2026-09-07 18:53:00,1.16218,1.16227,1.16218,1.16225,0.0
2026-09-07 18:54:00,1.16221,1.16229,1.16221,1.16228,0.0
2026-09-07 18:55:00,1.16224,1.16228,1.16222,1.16227,0.0
2026-09-07 18:56:00,1.16226,1.1623,1.16213,1.16226,0.0
2026-09-07 18:57:00,1.16224,1.16225,1.16213,1.16214,0.0
2026-09-07 18:58:00,1.16217,1.16222,1.16216,1.16222,0.0
2026-09-07 18:59:00,1.1622,1.16221,1.16217,1.16217,0.0
2026-09-07 19:00:00,1.16218,1.16218,1.16216,1.16218,0.0
2026-09-07 19:01:00,1.16216,1.16223,1.16216,1.16222,0.0
2026-09-07 19:02:00,1.16219,1.16227,1.16219,1.16225,0.0
2026-09-07 19:03:00,1.1622,1.16228,1.1622,1.16228,0.0
2026-09-07 19:04:00,1.16226,1.16234,1.16224,1.16226,0.0
2026-09-07 19:05:00,1.16227,1.16233,1.16226,1.16233,0.0
2026-09-07 19:06:00,1.16231,1.16231,1.16217,1.16221,0.0
2026-09-07 19:07:00,1.16229,1.16229,1.16214,1.16218,0.0
2026-09-07 19:08:00,1.16223,1.16225,1.16217,1.16217,0.0
2026-09-07 19:09:00,1.16219,1.16224,1.16219,1.16223,0.0
2026-09-07 19:10:00,1.16219,1.16236,1.16219,1.16232,0.0
2026-09-07 19:11:00,1.16225,1.16235,1.16225,1.16234,0.0
2026-09-07 19:12:00,1.16232,1.16232,1.16222,1.16224,0.0
2026-09-07 19:13:00,1.16226,1.16226,1.16217,1.16218,0.0
2026-09-07 19:14:00,1.1622,1.1622,1.16207,1.16211,0.0
2026-09-07 19:15:00,1.16216,1.16226,1.16213,1.16216,0.0
2026-09-07 19:16:00,1.16217,1.16224,1.16217,1.16224,0.0
2026-09-07 19:17:00,1.16221,1.16225,1.16221,1.16224,0.0
2026-09-07 19:18:00,1.16223,1.16223,1.16214,1.16217,0.0
2026-09-07 19:19:00,1.1622,1.16224,1.16214,1.16215,0.0
2026-09-07 19:20:00,1.16217,1.16223,1.16214,1.16222,0.0
2026-09-07 19:21:00,1.1622,1.1622,1.16207,1.1621,0.0
2026-09-07 19:22:00,1.16215,1.1622,1.16213,1.16215,0.0
2026-09-07 19:23:00,1.16214,1.16222,1.16214,1.16221,0.0
2026-09-07 19:24:00,1.16219,1.16225,1.16217,1.16223,0.0
2026-09-07 19:25:00,1.1622,1.16226,1.1622,1.16225,0.0
2026-09-07 19:26:00,1.1622,1.16235,1.1622,1.16232,0.0
2026-09-07 19:27:00,1.16227,1.16237,1.16227,1.16236,0.0
2026-09-07 19:28:00,1.16229,1.16254,1.16228,1.16248,0.0
2026-09-07 19:29:00,1.1624,1.16254,1.16239,1.16253,0.0
2026-09-07 19:30:00,1.16249,1.16249,1.16239,1.1624,0.0
2026-09-07 19:31:00,1.16243,1.16243,1.16234,1.16243,0.0
2026-09-07 19:32:00,1.16242,1.1625,1.16241,1.16248,0.0
2026-09-07 19:33:00,1.16242,1.16255,1.16242,1.16253,0.0
2026-09-07 19:34:00,1.16248,1.1626,1.16248,1.16258,0.0
2026-09-07 19:35:00,1.16252,1.16263,1.16252,1.16262,0.0
2026-09-07 19:36:00,1.1626,1.16261,1.16248,1.16261,0.0
2026-09-07 19:37:00,1.16259,1.16259,1.16251,1.16252,0.0
2026-09-07 19:38:00,1.16255,1.16256,1.16245,1.16256,0.0
2026-09-07 19:39:00,1.16254,1.16255,1.16243,1.16245,0.0
2026-09-07 19:40:00,1.1625,1.16252,1.16249,1.16252,0.0
2026-09-07 19:41:00,1.1625,1.16251,1.16243,1.16251,0.0
2026-09-07 19:42:00,1.16251,1.16252,1.1623,1.16236,0.0
2026-09-07 19:43:00,1.16247,1.16247,1.16205,1.16214,0.0
2026-09-07 19:44:00,1.16231,1.16231,1.16206,1.16209,0.0
2026-09-07 19:45:00,1.16214,1.16225,1.16214,1.16223,0.0
2026-09-07 19:46:00,1.16215,1.16227,1.16215,1.16225,0.0
2026-09-07 19:47:00,1.16223,1.16225,1.16213,1.16225,0.0
2026-09-07 19:48:00,1.16223,1.16232,1.16215,1.16217,0.0
2026-09-07 19:49:00,1.16222,1.16229,1.16222,1.16229,0.0
2026-09-07 19:50:00,1.16226,1.16229,1.16221,1.16229,0.0
2026-09-07 19:51:00,1.16228,1.16228,1.16213,1.16216,0.0
2026-09-07 19:52:00,1.16219,1.16219,1.16202,1.16207,0.0
2026-09-07 19:53:00,1.16215,1.16215,1.16198,1.162,0.0
2026-09-07 19:54:00,1.16203,1.16209,1.16203,1.16208,0.0
2026-09-07 19:55:00,1.16203,1.16213,1.16203,1.16211,0.0
2026-09-07 19:56:00,1.16207,1.16211,1.16207,1.16211,0.0
2026-09-07 19:57:00,1.16209,1.16214,1.16206,1.16209,0.0
2026-09-07 19:58:00,1.1621,1.16212,1.16207,1.16212,0.0
2026-09-07 19:59:00,1.16209,1.16215,1.16209,1.16209,0.0
2026-09-07 20:00:00,1.1621,1.16212,1.16205,1.16212,0.0
2026-09-07 20:01:00,1.1621,1.16215,1.16205,1.16206,0.0
2026-09-07 20:02:00,1.16208,1.16213,1.16207,1.16213,0.0
2026-09-07 20:03:00,1.16211,1.16214,1.16207,1.16208,0.0
2026-09-07 20:04:00,1.16209,1.16219,1.16209,1.16217,0.0
2026-09-07 20:05:00,1.16212,1.16226,1.16212,1.16224,0.0
2026-09-07 20:06:00,1.16215,1.16231,1.16215,1.16229,0.0
2026-09-07 20:07:00,1.16226,1.16232,1.16212,1.16231,0.0
2026-09-07 20:08:00,1.16228,1.16234,1.16214,1.16216,0.0
2026-09-07 20:09:00,1.16223,1.16232,1.16223,1.16232,0.0
2026-09-07 20:10:00,1.16229,1.16236,1.16226,1.16234,0.0
2026-09-07 20:11:00,1.16231,1.16233,1.16222,1.16233,0.0
2026-09-07 20:12:00,1.16232,1.16238,1.16225,1.16227,0.0
2026-09-07 20:13:00,1.1623,1.16237,1.16229,1.16236,0.0
2026-09-07 20:14:00,1.16235,1.16235,1.16225,1.16235,0.0
2026-09-07 20:15:00,1.16233,1.16233,1.16218,1.16223,0.0
2026-09-07 20:16:00,1.16231,1.16233,1.16224,1.16226,0.0
2026-09-07 20:17:00,1.16226,1.16245,1.16226,1.16241,0.0
2026-09-07 20:18:00,1.16235,1.16243,1.16234,1.16243,0.0
2026-09-07 20:19:00,1.1624,1.16252,1.16234,1.1624,0.0
2026-09-07 20:20:00,1.16242,1.1625,1.16242,1.1625,0.0
2026-09-07 20:21:00,1.16246,1.16253,1.16245,1.16252,0.0
2026-09-07 20:22:00,1.16251,1.16252,1.16236,1.16241,0.0
2026-09-07 20:23:00,1.16249,1.16249,1.16239,1.1624,0.0
2026-09-07 20:24:00,1.16241,1.16253,1.16241,1.1625,0.0
2026-09-07 20:25:00,1.16244,1.16253,1.16244,1.16253,0.0
2026-09-07 20:26:00,1.16251,1.16251,1.16237,1.1624,0.0
2026-09-07 20:27:00,1.16247,1.16249,1.16229,1.16235,0.0
2026-09-07 20:28:00,1.16243,1.16243,1.16222,1.16226,0.0
2026-09-07 20:29:00,1.16234,1.16236,1.16228,1.16229,0.0
2026-09-07 20:30:00,1.16228,1.16248,1.16228,1.16244,0.0
2026-09-07 20:31:00,1.16238,1.16247,1.16238,1.16246,0.0
2026-09-07 20:32:00,1.16242,1.16253,1.16242,1.16252,0.0
2026-09-07 20:33:00,1.16248,1.16251,1.16241,1.16251,0.0
2026-09-07 20:34:00,1.1625,1.1625,1.16233,1.16238,0.0
2026-09-07 20:35:00,1.16246,1.16246,1.16234,1.16236,0.0
2026-09-07 20:36:00,1.16239,1.16239,1.16229,1.16231,0.0
2026-09-07 20:37:00,1.16234,1.16237,1.16229,1.1623,0.0
2026-09-07 20:38:00,1.16233,1.16235,1.16228,1.16235,0.0
2026-09-07 20:39:00,1.16232,1.16246,1.16225,1.16232,0.0
2026-09-07 20:40:00,1.16234,1.16244,1.16234,1.16244,0.0
2026-09-07 20:41:00,1.1624,1.16254,1.1624,1.16251,0.0
2026-09-07 20:42:00,1.16245,1.16252,1.16245,1.16252,0.0
2026-09-07 20:43:00,1.16249,1.16251,1.16249,1.16251,0.0
2026-09-07 20:44:00,1.1625,1.16252,1.16248,1.16248,0.0
2026-09-07 20:45:00,1.16249,1.16252,1.16249,1.16252,0.0
2026-09-07 20:46:00,1.1625,1.16256,1.16249,1.16254,0.0
2026-09-07 20:47:00,1.16252,1.16255,1.16249,1.16255,0.0
2026-09-07 20:48:00,1.16252,1.16263,1.16252,1.16261,0.0
2026-09-07 20:49:00,1.16257,1.16263,1.1625,1.16262,0.0
2026-09-07 20:50:00,1.16258,1.16258,1.16249,1.1625,0.0
2026-09-07 20:51:00,1.16252,1.16254,1.16251,1.16254,0.0
2026-09-07 20:52:00,1.16252,1.16262,1.1625,1.16259,0.0
2026-09-07 20:53:00,1.16253,1.16264,1.16253,1.16262,0.0
2026-09-07 20:54:00,1.16258,1.16268,1.16258,1.16267,0.0
2026-09-07 20:55:00,1.16263,1.16268,1.16253,1.16267,0.0
2026-09-07 20:56:00,1.16265,1.16265,1.16245,1.1625,0.0
2026-09-07 20:57:00,1.16259,1.16259,1.1624,1.16243,0.0
2026-09-07 20:58:00,1.16249,1.16251,1.16245,1.16251,0.0
2026-09-07 20:59:00,1.16249,1.16249,1.16239,1.16241,0.0
2026-09-07 21:00:00,1.16245,1.16245,1.16239,1.1624,0.0
2026-09-07 21:01:00,1.1624,1.16246,1.16234,1.16245,0.0
2026-09-07 21:02:00,1.16243,1.16246,1.16228,1.16233,0.0
2026-09-07 21:03:00,1.16241,1.16242,1.1623,1.16232,0.0
2026-09-07 21:04:00,1.16234,1.16244,1.16234,1.16243,0.0
2026-09-07 21:05:00,1.1624,1.16247,1.16239,1.16246,0.0
2026-09-07 21:06:00,1.16241,1.16255,1.16241,1.16252,0.0
2026-09-07 21:07:00,1.16247,1.16253,1.16247,1.16253,0.0
2026-09-07 21:08:00,1.1625,1.16256,1.16245,1.16255,0.0
2026-09-07 21:09:00,1.16253,1.16253,1.16247,1.16253,0.0
2026-09-07 21:10:00,1.1625,1.16253,1.16244,1.16252,0.0
2026-09-07 21:11:00,1.16251,1.16251,1.16247,1.16248,0.0
2026-09-07 21:12:00,1.16248,1.16249,1.16232,1.16249,0.0
2026-09-07 21:13:00,1.16248,1.16248,1.16222,1.16227,0.0
2026-09-07 21:14:00,1.16236,1.16236,1.16226,1.16228,0.0
2026-09-07 21:15:00,1.16229,1.16238,1.16229,1.16236,0.0
2026-09-07 21:16:00,1.16233,1.16239,1.16233,1.16238,0.0
2026-09-07 21:17:00,1.16235,1.16247,1.16235,1.16244,0.0
2026-09-07 21:18:00,1.16239,1.16245,1.16239,1.16245,0.0
2026-09-07 21:19:00,1.16242,1.16243,1.16228,1.16233,0.0
2026-09-07 21:20:00,1.1624,1.1624,1.16226,1.16228,0.0
2026-09-07 21:21:00,1.1623,1.16243,1.16227,1.16239,0.0
2026-09-07 21:22:00,1.16233,1.16241,1.16233,1.1624,0.0
2026-09-07 21:23:00,1.16238,1.16243,1.16238,1.16242,0.0
2026-09-07 21:24:00,1.16241,1.16242,1.16236,1.16241,0.0
2026-09-07 21:25:00,1.1624,1.16242,1.16232,1.16242,0.0
2026-09-07 21:26:00,1.16241,1.16241,1.16232,1.16233,0.0
2026-09-07 21:27:00,1.16236,1.16239,1.16235,1.16239,0.0
2026-09-07 21:28:00,1.16237,1.16239,1.16232,1.16233,0.0
2026-09-07 21:29:00,1.16235,1.16237,1.16233,1.16237,0.0
2026-09-07 21:30:00,1.16234,1.16246,1.16232,1.16243,0.0
2026-09-07 21:31:00,1.16237,1.16243,1.16237,1.16243,0.0
2026-09-07 21:32:00,1.16241,1.16243,1.16232,1.16241,0.0
2026-09-07 21:33:00,1.16241,1.16241,1.16234,1.16236,0.0
2026-09-07 21:34:00,1.16239,1.16242,1.16232,1.16242,0.0
2026-09-07 21:35:00,1.16241,1.16241,1.16225,1.16229,0.0
2026-09-07 21:36:00,1.16234,1.16234,1.16222,1.16226,0.0
2026-09-07 21:37:00,1.16231,1.16236,1.16226,1.16227,0.0
2026-09-07 21:38:00,1.1623,1.16239,1.1623,1.16237,0.0
2026-09-07 21:39:00,1.1623,1.16254,1.1623,1.16249,0.0
2026-09-07 21:40:00,1.16242,1.16255,1.16236,1.16254,0.0
2026-09-07 21:41:00,1.1625,1.1625,1.16233,1.16236,0.0
2026-09-07 21:42:00,1.16242,1.16242,1.16233,1.16242,0.0
2026-09-07 21:43:00,1.1624,1.16245,1.16237,1.16245,0.0
2026-09-07 21:44:00,1.16243,1.16243,1.16228,1.16233,0.0
2026-09-07 21:45:00,1.16241,1.16241,1.1623,1.16232,0.0
2026-09-07 21:46:00,1.16234,1.16243,1.16229,1.16241,0.0
2026-09-07 21:47:00,1.16237,1.16246,1.16237,1.16245,0.0
2026-09-07 21:48:00,1.16238,1.16254,1.16238,1.16251,0.0
2026-09-07 21:49:00,1.16247,1.16252,1.16241,1.16252,0.0
2026-09-07 21:50:00,1.1625,1.16256,1.16244,1.16245,0.0
2026-09-07 21:51:00,1.16248,1.16253,1.16244,1.16253,0.0
2026-09-07 21:52:00,1.16251,1.16255,1.16245,1.16247,0.0
2026-09-07 21:53:00,1.1625,1.16256,1.16239,1.16255,0.0
2026-09-07 21:54:00,1.16251,1.16251,1.16233,1.16237,0.0
2026-09-07 21:55:00,1.16242,1.16242,1.16221,1.16227,0.0
2026-09-07 21:56:00,1.16236,1.16236,1.16222,1.16226,0.0
2026-09-07 21:57:00,1.1623,1.16236,1.1623,1.16234,0.0
2026-09-07 21:58:00,1.16232,1.16235,1.16224,1.16235,0.0
2026-09-07 21:59:00,1.16232,1.16237,1.16228,1.16229,0.0
2026-09-07 22:00:00,1.16231,1.16235,1.16226,1.16235,0.0
2026-09-07 22:01:00,1.16231,1.16247,1.16231,1.16243,0.0
2026-09-07 22:02:00,1.16237,1.16247,1.1623,1.16246,0.0
2026-09-07 22:03:00,1.16243,1.16243,1.16226,1.1623,0.0
2026-09-07 22:04:00,1.16236,1.16236,1.16228,1.1623,0.0
2026-09-07 22:05:00,1.16232,1.16233,1.16222,1.16232,0.0
2026-09-07 22:06:00,1.1623,1.16243,1.16228,1.16239,0.0
2026-09-07 22:07:00,1.16233,1.16244,1.16233,1.16244,0.0
2026-09-07 22:08:00,1.1624,1.16245,1.16237,1.16244,0.0
2026-09-07 22:09:00,1.16242,1.16244,1.16232,1.16244,0.0
2026-09-07 22:10:00,1.16241,1.16241,1.16216,1.16223,0.0
2026-09-07 22:11:00,1.16235,1.16235,1.16221,1.16223,0.0
2026-09-07 22:12:00,1.16225,1.16233,1.16221,1.16232,0.0
2026-09-07 22:13:00,1.16231,1.16231,1.16224,1.16225,0.0
2026-09-07 22:14:00,1.16226,1.16232,1.16222,1.16231,0.0
2026-09-07 22:15:00,1.1623,1.1623,1.16218,1.16221,0.0
2026-09-07 22:16:00,1.16228,1.16228,1.16217,1.16219,0.0
2026-09-07 22:17:00,1.16222,1.16222,1.16207,1.16211,0.0
2026-09-07 22:18:00,1.16218,1.16218,1.16212,1.16214,0.0
2026-09-07 22:19:00,1.16213,1.1623,1.16213,1.16226,0.0
2026-09-07 22:20:00,1.1622,1.16229,1.1622,1.16228,0.0
2026-09-07 22:21:00,1.16223,1.16239,1.16222,1.16236,0.0
2026-09-07 22:22:00,1.16231,1.16246,1.16231,1.16243,0.0
2026-09-07 22:23:00,1.16232,1.16254,1.16232,1.16252,0.0
2026-09-07 22:24:00,1.16247,1.16252,1.16245,1.16252,0.0
2026-09-07 22:25:00,1.16251,1.16253,1.16247,1.16253,0.0
2026-09-07 22:26:00,1.16251,1.16258,1.16249,1.16251,0.0
2026-09-07 22:27:00,1.16251,1.16258,1.16251,1.16258,0.0
2026-09-07 22:28:00,1.16255,1.16262,1.16249,1.1626,0.0
2026-09-07 22:29:00,1.16257,1.16263,1.16257,1.16262,0.0
2026-09-07 22:30:00,1.16256,1.16275,1.16256,1.16271,0.0
2026-09-07 22:31:00,1.16266,1.16272,1.16261,1.16272,0.0
2026-09-07 22:32:00,1.1627,1.16274,1.16264,1.16266,0.0
2026-09-07 22:33:00,1.1627,1.16271,1.16266,1.16271,0.0
2026-09-07 22:34:00,1.1627,1.16274,1.1627,1.16273,0.0
2026-09-07 22:35:00,1.16271,1.16272,1.16266,1.16271,0.0
2026-09-07 22:36:00,1.16271,1.16272,1.16266,1.16272,0.0
2026-09-07 22:37:00,1.1627,1.16277,1.16264,1.16266,0.0
2026-09-07 22:38:00,1.1627,1.1628,1.1627,1.16279,0.0
2026-09-07 22:39:00,1.16273,1.16284,1.16271,1.16283,0.0
2026-09-07 22:40:00,1.1628,1.16286,1.1627,1.16285,0.0
2026-09-07 22:41:00,1.16281,1.16281,1.1627,1.16271,0.0
2026-09-07 22:42:00,1.16273,1.16277,1.1627,1.16277,0.0
2026-09-07 22:43:00,1.16275,1.16275,1.16264,1.16275,0.0
2026-09-07 22:44:00,1.16274,1.16274,1.16267,1.16269,0.0
2026-09-07 22:45:00,1.1627,1.16282,1.1627,1.16279,0.0
2026-09-07 22:46:00,1.16271,1.16283,1.16271,1.16282,0.0
2026-09-07 22:47:00,1.1628,1.16283,1.16267,1.16282,0.0
2026-09-07 22:48:00,1.1628,1.1628,1.1626,1.16264,0.0
2026-09-07 22:49:00,1.16271,1.16271,1.16259,1.16263,0.0
2026-09-07 22:50:00,1.16267,1.16284,1.1626,1.16279,0.0
2026-09-07 22:51:00,1.16272,1.16284,1.16272,1.16283,0.0
2026-09-07 22:52:00,1.1628,1.1628,1.16248,1.16257,0.0
2026-09-07 22:53:00,1.16271,1.16271,1.16247,1.1625,0.0
2026-09-07 22:54:00,1.16256,1.16261,1.16256,1.1626,0.0
2026-09-07 22:55:00,1.16257,1.16258,1.16245,1.16258,0.0
2026-09-07 22:56:00,1.16258,1.16259,1.16252,1.16254,0.0
2026-09-07 22:57:00,1.16256,1.16264,1.16253,1.16262,0.0
2026-09-07 22:58:00,1.16258,1.16263,1.16256,1.16263,0.0
2026-09-07 22:59:00,1.1626,1.16264,1.16253,1.1626,0.0
2026-09-07 23:00:00,1.16261,1.16264,1.16251,1.16263,0.0
2026-09-07 23:01:00,1.1626,1.16264,1.16251,1.16252,0.0
2026-09-07 23:02:00,1.16255,1.16261,1.16255,1.16261,0.0
2026-09-07 23:03:00,1.16258,1.16266,1.16255,1.16264,0.0
2026-09-07 23:04:00,1.1626,1.16263,1.1626,1.16263,0.0
2026-09-07 23:05:00,1.16261,1.16263,1.16247,1.16263,0.0
2026-09-07 23:06:00,1.16263,1.16263,1.16247,1.16249,0.0
2026-09-07 23:07:00,1.16252,1.16254,1.16239,1.16254,0.0
2026-09-07 23:08:00,1.16252,1.16253,1.16243,1.16244,0.0
2026-09-07 23:09:00,1.16246,1.16251,1.16244,1.16251,0.0
2026-09-07 23:10:00,1.16249,1.16253,1.16241,1.16243,0.0
2026-09-07 23:11:00,1.16248,1.16258,1.16248,1.16256,0.0
2026-09-07 23:12:00,1.16246,1.16263,1.16246,1.16262,0.0
2026-09-07 23:13:00,1.16258,1.16258,1.16243,1.16248,0.0
2026-09-07 23:14:00,1.16254,1.16264,1.16248,1.1625,0.0
2026-09-07 23:15:00,1.16253,1.16267,1.16253,1.16265,0.0
2026-09-07 23:16:00,1.16261,1.16268,1.16257,1.16268,0.0
2026-09-07 23:17:00,1.16267,1.16267,1.16249,1.16253,0.0
2026-09-07 23:18:00,1.16258,1.16258,1.16244,1.16247,0.0
2026-09-07 23:19:00,1.1625,1.16259,1.16245,1.16246,0.0
2026-09-07 23:20:00,1.1625,1.16258,1.1625,1.16258,0.0
2026-09-07 23:21:00,1.16255,1.16264,1.16244,1.16246,0.0
2026-09-07 23:22:00,1.16253,1.16261,1.16253,1.16261,0.0
2026-09-07 23:23:00,1.16258,1.16269,1.16258,1.16266,0.0
2026-09-07 23:24:00,1.16261,1.16268,1.16252,1.16267,0.0
2026-09-07 23:25:00,1.16264,1.16264,1.16249,1.16253,0.0
2026-09-07 23:26:00,1.16259,1.16262,1.16255,1.16255,0.0
2026-09-07 23:27:00,1.16256,1.16263,1.16256,1.16263,0.0
2026-09-07 23:28:00,1.16261,1.16261,1.16255,1.16256,0.0
2026-09-07 23:29:00,1.16258,1.16262,1.16247,1.16261,0.0
2026-09-07 23:30:00,1.16258,1.16258,1.16247,1.16248,0.0
2026-09-07 23:31:00,1.1625,1.16252,1.16245,1.16252,0.0
2026-09-07 23:32:00,1.16249,1.16265,1.16241,1.1626,0.0
2026-09-07 23:33:00,1.16252,1.16267,1.16252,1.16265,0.0
2026-09-07 23:34:00,1.16259,1.16266,1.16255,1.16265,0.0
2026-09-07 23:35:00,1.16263,1.16263,1.16256,1.16257,0.0
2026-09-07 23:36:00,1.16258,1.16264,1.16253,1.16264,0.0
2026-09-07 23:37:00,1.16262,1.16264,1.16256,1.16257,0.0
2026-09-07 23:38:00,1.16258,1.16264,1.16256,1.16264,0.0
2026-09-07 23:39:00,1.16262,1.16262,1.16248,1.16251,0.0
2026-09-07 23:40:00,1.16256,1.16257,1.16251,1.16252,0.0
2026-09-07 23:41:00,1.16251,1.16267,1.16251,1.16264,0.0
2026-09-07 23:42:00,1.16258,1.16266,1.16258,1.16265,0.0
2026-09-07 23:43:00,1.16262,1.16267,1.16259,1.16266,0.0
2026-09-07 23:44:00,1.16263,1.16264,1.16263,1.16264,0.0
2026-09-07 23:45:00,1.16263,1.16276,1.1626,1.16272,0.0
2026-09-07 23:46:00,1.16264,1.16281,1.16264,1.16279,0.0
2026-09-07 23:47:00,1.16274,1.1629,1.16274,1.16287,0.0
2026-09-07 23:48:00,1.16279,1.16293,1.16279,1.16291,0.0
2026-09-07 23:49:00,1.16288,1.16288,1.16266,1.16273,0.0
2026-09-07 23:50:00,1.16283,1.16283,1.16268,1.1627,0.0
2026-09-07 23:51:00,1.16276,1.1628,1.16267,1.16279,0.0
2026-09-07 23:52:00,1.16274,1.16296,1.16272,1.16291,0.0
2026-09-07 23:53:00,1.16283,1.16295,1.16283,1.16294,0.0
2026-09-07 23:54:00,1.16291,1.16291,1.16276,1.16291,0.0
2026-09-07 23:55:00,1.1629,1.1629,1.16274,1.16277,0.0
2026-09-07 23:56:00,1.16282,1.16289,1.16276,1.16282,0.0
2026-09-07 23:57:00,1.1628,1.1629,1.1628,1.16289,0.0
2026-09-07 23:58:00,1.16287,1.16291,1.16278,1.16291,0.0
2026-09-07 23:59:00,1.16289,1.16289,1.16275,1.16277,0.0
2026-09-08 00:00:00,1.16283,1.16289,1.16283,1.16288,0.0
2026-09-08 00:01:00,1.16282,1.16297,1.16282,1.16295,0.0
2026-09-08 00:02:00,1.16291,1.16295,1.16286,1.16295,0.0
2026-09-08 00:03:00,1.16292,1.16299,1.16289,1.16292,0.0
2026-09-08 00:04:00,1.16293,1.16297,1.16287,1.16297,0.0
2026-09-08 00:05:00,1.16295,1.16295,1.16283,1.16286,0.0
2026-09-08 00:06:00,1.16291,1.16291,1.1628,1.16284,0.0
2026-09-08 00:07:00,1.16289,1.16289,1.16282,1.16289,0.0
2026-09-08 00:08:00,1.16287,1.16293,1.1628,1.16287,0.0
2026-09-08 00:09:00,1.16288,1.16292,1.16287,1.16292,0.0
2026-09-08 00:10:00,1.1629,1.16301,1.16286,1.1629,0.0
2026-09-08 00:11:00,1.16292,1.16298,1.16292,1.16298,0.0
2026-09-08 00:12:00,1.16295,1.16305,1.16294,1.16302,0.0
2026-09-08 00:13:00,1.16298,1.16309,1.16294,1.16307,0.0
2026-09-08 00:14:00,1.16299,1.16323,1.16299,1.16318,0.0
2026-09-08 00:15:00,1.16311,1.16322,1.16305,1.16321,0.0
2026-09-08 00:16:00,1.16319,1.16323,1.1631,1.16312,0.0
2026-09-08 00:17:00,1.16313,1.16331,1.16313,1.16328,0.0
2026-09-08 00:18:00,1.16321,1.16331,1.16321,1.16331,0.0
2026-09-08 00:19:00,1.16329,1.1633,1.16322,1.16324,0.0
2026-09-08 00:20:00,1.16327,1.16334,1.16313,1.16332,0.0
2026-09-08 00:21:00,1.16327,1.16327,1.16306,1.16309,0.0
2026-09-08 00:22:00,1.16316,1.16316,1.16298,1.16303,0.0
2026-09-08 00:23:00,1.1631,1.16312,1.16299,1.16301,0.0
2026-09-08 00:24:00,1.16305,1.1631,1.16299,1.1631,0.0
2026-09-08 00:25:00,1.16307,1.16325,1.16304,1.1632,0.0
2026-09-08 00:26:00,1.16311,1.16325,1.16311,1.16324,0.0
2026-09-08 00:27:00,1.16321,1.16324,1.16317,1.16323,0.0
2026-09-08 00:28:00,1.1632,1.16324,1.16313,1.16323,0.0
2026-09-08 00:29:00,1.16322,1.16323,1.16307,1.16312,0.0
2026-09-08 00:30:00,1.1632,1.1632,1.16297,1.16302,0.0
2026-09-08 00:31:00,1.16311,1.16311,1.16294,1.16298,0.0
2026-09-08 00:32:00,1.16302,1.16306,1.16297,1.16298,0.0
2026-09-08 00:33:00,1.16301,1.16304,1.16293,1.16304,0.0
2026-09-08 00:34:00,1.16302,1.16304,1.16294,1.16295,0.0
2026-09-08 00:35:00,1.16298,1.16301,1.16294,1.16301,0.0
2026-09-08 00:36:00,1.16299,1.16304,1.16295,1.16303,0.0
2026-09-08 00:37:00,1.16301,1.16304,1.16294,1.16303,0.0
2026-09-08 00:38:00,1.16301,1.16306,1.16301,1.16305,0.0
2026-09-08 00:39:00,1.16302,1.16306,1.16291,1.16306,0.0
2026-09-08 00:40:00,1.16305,1.16305,1.16294,1.16298,0.0
2026-09-08 00:41:00,1.16301,1.16308,1.16298,1.16299,0.0
2026-09-08 00:42:00,1.16302,1.16306,1.16295,1.16306,0.0
2026-09-08 00:43:00,1.16304,1.1631,1.16296,1.16297,0.0
2026-09-08 00:44:00,1.16302,1.16309,1.16299,1.16308,0.0
2026-09-08 00:45:00,1.16306,1.16306,1.16294,1.16297,0.0
2026-09-08 00:46:00,1.16301,1.16303,1.16289,1.16303,0.0
2026-09-08 00:47:00,1.16301,1.16301,1.16284,1.16288,0.0
2026-09-08 00:48:00,1.16294,1.16295,1.1629,1.16294,0.0
2026-09-08 00:49:00,1.16294,1.16295,1.16284,1.16295,0.0
2026-09-08 00:50:00,1.16293,1.16294,1.16286,1.16287,0.0
2026-09-08 00:51:00,1.16291,1.16293,1.1628,1.16293,0.0
2026-09-08 00:52:00,1.16291,1.16291,1.16278,1.16281,0.0
2026-09-08 00:53:00,1.16286,1.16288,1.1628,1.16288,0.0
2026-09-08 00:54:00,1.16286,1.16286,1.16278,1.16279,0.0
2026-09-08 00:55:00,1.16282,1.16284,1.16278,1.16279,0.0
2026-09-08 00:56:00,1.16279,1.16298,1.16279,1.16293,0.0
2026-09-08 00:57:00,1.16284,1.16317,1.16284,1.1631,0.0
2026-09-08 00:58:00,1.16296,1.16324,1.16296,1.16322,0.0
2026-09-08 00:59:00,1.16315,1.16321,1.1631,1.1632,0.0
2026-09-08 01:00:00,1.16318,1.1632,1.16313,1.1632,0.0
2026-09-08 01:01:00,1.16318,1.16318,1.16305,1.16308,0.0
2026-09-08 01:02:00,1.16314,1.16314,1.16302,1.16306,0.0
2026-09-08 01:03:00,1.16311,1.16315,1.16303,1.16305,0.0
2026-09-08 01:04:00,1.16309,1.16312,1.16305,1.16312,0.0
2026-09-08 01:05:00,1.1631,1.16314,1.16305,1.16314,0.0
2026-09-08 01:06:00,1.16312,1.16316,1.16283,1.16292,0.0
2026-09-08 01:07:00,1.16307,1.16307,1.16274,1.16279,0.0
2026-09-08 01:08:00,1.16287,1.16287,1.16275,1.16276,0.0
2026-09-08 01:09:00,1.16279,1.16283,1.16278,1.16283,0.0
2026-09-08 01:10:00,1.1628,1.16292,1.16277,1.16288,0.0
2026-09-08 01:11:00,1.16283,1.16294,1.16279,1.16293,0.0
2026-09-08 01:12:00,1.16289,1.16289,1.16272,1.16275,0.0
2026-09-08 01:13:00,1.16282,1.16284,1.16276,1.16284,0.0
2026-09-08 01:14:00,1.16281,1.16282,1.16268,1.16281,0.0
2026-09-08 01:15:00,1.1628,1.1628,1.16268,1.1627,0.0
2026-09-08 01:16:00,1.16273,1.16276,1.16271,1.16276,0.0
2026-09-08 01:17:00,1.16274,1.16276,1.16271,1.16272,0.0
2026-09-08 01:18:00,1.16272,1.16276,1.1627,1.16276,0.0
2026-09-08 01:19:00,1.16275,1.1628,1.16268,1.16269,0.0
2026-09-08 01:20:00,1.16272,1.1628,1.16272,1.1628,0.0
2026-09-08 01:21:00,1.16276,1.16287,1.16276,1.16285,0.0
2026-09-08 01:22:00,1.16281,1.16284,1.1628,1.16284,0.0
2026-09-08 01:23:00,1.16282,1.16288,1.16279,1.16282,0.0
2026-09-08 01:24:00,1.16282,1.16287,1.16282,1.16286,0.0
2026-09-08 01:25:00,1.16281,1.16293,1.16281,1.16292,0.0
2026-09-08 01:26:00,1.16289,1.16291,1.16289,1.16291,0.0
2026-09-08 01:27:00,1.16289,1.16299,1.16289,1.16297,0.0
2026-09-08 01:28:00,1.16291,1.16308,1.16291,1.16304,0.0
2026-09-08 01:29:00,1.16297,1.16309,1.16297,1.16309,0.0
2026-09-08 01:30:00,1.16306,1.16313,1.16299,1.163,0.0
2026-09-08 01:31:00,1.16304,1.16312,1.16304,1.16312,0.0
2026-09-08 01:32:00,1.16308,1.16314,1.16299,1.16313,0.0
2026-09-08 01:33:00,1.16311,1.16315,1.16294,1.163,0.0
2026-09-08 01:34:00,1.16309,1.16309,1.16289,1.16292,0.0
2026-09-08 01:35:00,1.16299,1.16299,1.1629,1.16292,0.0
2026-09-08 01:36:00,1.16295,1.16305,1.16289,1.16291,0.0
2026-09-08 01:37:00,1.16294,1.16305,1.16291,1.16304,0.0
2026-09-08 01:38:00,1.16301,1.16301,1.16286,1.1629,0.0
2026-09-08 01:39:00,1.16294,1.16297,1.16289,1.1629,0.0
2026-09-08 01:40:00,1.16292,1.16301,1.16292,1.16299,0.0
2026-09-08 01:41:00,1.16293,1.16302,1.16293,1.16301,0.0
2026-09-08 01:42:00,1.16299,1.16301,1.16291,1.16299,0.0
2026-09-08 01:43:00,1.16297,1.163,1.16291,1.16291,0.0
2026-09-08 01:44:00,1.16293,1.16298,1.16287,1.16298,0.0
2026-09-08 01:45:00,1.16295,1.16297,1.16289,1.1629,0.0
2026-09-08 01:46:00,1.16291,1.16295,1.16287,1.16295,0.0
2026-09-08 01:47:00,1.16293,1.16293,1.16286,1.16288,0.0
2026-09-08 01:48:00,1.1629,1.1629,1.16282,1.16284,0.0
2026-09-08 01:49:00,1.16287,1.1629,1.16283,1.16284,0.0
2026-09-08 01:50:00,1.16284,1.16292,1.16284,1.16291,0.0
2026-09-08 01:51:00,1.16289,1.16293,1.16279,1.16292,0.0
2026-09-08 01:52:00,1.16289,1.16289,1.1628,1.16281,0.0
2026-09-08 01:53:00,1.16283,1.16284,1.16279,1.16284,0.0
2026-09-08 01:54:00,1.16282,1.16285,1.1628,1.1628,0.0
2026-09-08 01:55:00,1.16281,1.16287,1.16271,1.16285,0.0
2026-09-08 01:56:00,1.16281,1.16281,1.1627,1.16271,0.0
2026-09-08 01:57:00,1.16273,1.16275,1.1627,1.16275,0.0
2026-09-08 01:58:00,1.16274,1.1628,1.16271,1.16272,0.0
2026-09-08 01:59:00,1.16271,1.16281,1.16271,1.1628,0.0
2026-09-08 02:00:00,1.16278,1.16281,1.16275,1.16281,0.0
2026-09-08 02:01:00,1.16278,1.16279,1.16272,1.16278,0.0
2026-09-08 02:02:00,1.16277,1.16277,1.16267,1.1627,0.0
2026-09-08 02:03:00,1.16273,1.16273,1.16261,1.16264,0.0
2026-09-08 02:04:00,1.16269,1.16269,1.16261,1.16263,0.0
2026-09-08 02:05:00,1.16266,1.16274,1.16257,1.16259,0.0
2026-09-08 02:06:00,1.16263,1.16274,1.16263,1.16273,0.0
2026-09-08 02:07:00,1.16269,1.16279,1.16269,1.16278,0.0
2026-09-08 02:08:00,1.16275,1.16279,1.16272,1.16278,0.0
2026-09-08 02:09:00,1.16276,1.1628,1.16274,1.1628,0.0
2026-09-08 02:10:00,1.16278,1.1628,1.16271,1.1628,0.0
2026-09-08 02:11:00,1.16279,1.16279,1.16271,1.16279,0.0
2026-09-08 02:12:00,1.16277,1.16277,1.16267,1.16269,0.0
2026-09-08 02:13:00,1.16274,1.16274,1.16268,1.16274,0.0
2026-09-08 02:14:00,1.16271,1.1628,1.16267,1.16268,0.0
2026-09-08 02:15:00,1.16272,1.16277,1.1627,1.16277,0.0
2026-09-08 02:16:00,1.16275,1.16275,1.16267,1.16269,0.0
2026-09-08 02:17:00,1.16273,1.16273,1.16267,1.16269,0.0
2026-09-08 02:18:00,1.16271,1.16272,1.16263,1.16272,0.0
2026-09-08 02:19:00,1.16271,1.16271,1.1626,1.16263,0.0
2026-09-08 02:20:00,1.16269,1.16269,1.16263,1.16265,0.0
2026-09-08 02:21:00,1.16266,1.16276,1.16266,1.16273,0.0
2026-09-08 02:22:00,1.16269,1.16274,1.16264,1.16274,0.0
2026-09-08 02:23:00,1.16271,1.16276,1.16267,1.16268,0.0
2026-09-08 02:24:00,1.16271,1.16274,1.16268,1.16274,0.0
2026-09-08 02:25:00,1.16271,1.16277,1.16267,1.16276,0.0
2026-09-08 02:26:00,1.16275,1.16275,1.16267,1.16269,0.0
2026-09-08 02:27:00,1.16272,1.16281,1.16269,1.16272,0.0
2026-09-08 02:28:00,1.16272,1.1628,1.16272,1.16279,0.0
2026-09-08 02:29:00,1.16278,1.16282,1.16278,1.16282,0.0
2026-09-08 02:30:00,1.16279,1.16285,1.16275,1.16284,0.0
2026-09-08 02:31:00,1.16281,1.16284,1.16274,1.16284,0.0
2026-09-08 02:32:00,1.16282,1.16284,1.1627,1.16274,0.0
2026-09-08 02:33:00,1.16281,1.16281,1.16274,1.16281,0.0
2026-09-08 02:34:00,1.16279,1.16286,1.16274,1.16275,0.0
2026-09-08 02:35:00,1.16279,1.16283,1.16275,1.16283,0.0
2026-09-08 02:36:00,1.16281,1.16285,1.16279,1.16279,0.0
2026-09-08 02:37:00,1.1628,1.16283,1.1628,1.16283,0.0
2026-09-08 02:38:00,1.16281,1.16288,1.16281,1.16287,0.0
2026-09-08 02:39:00,1.16283,1.1629,1.16283,1.16289,0.0
2026-09-08 02:40:00,1.16286,1.1629,1.16284,1.1629,0.0
2026-09-08 02:41:00,1.16288,1.16294,1.16284,1.16288,0.0
2026-09-08 02:42:00,1.16289,1.16292,1.16288,1.16292,0.0
2026-09-08 02:43:00,1.1629,1.16299,1.16283,1.16285,0.0
2026-09-08 02:44:00,1.1629,1.16297,1.1629,1.16297,0.0
2026-09-08 02:45:00,1.16294,1.16304,1.16292,1.16301,0.0
2026-09-08 02:46:00,1.16296,1.16301,1.16291,1.16301,0.0
2026-09-08 02:47:00,1.16299,1.16299,1.16286,1.1629,0.0
2026-09-08 02:48:00,1.16298,1.16298,1.16289,1.1629,0.0
2026-09-08 02:49:00,1.16292,1.16296,1.16292,1.16295,0.0
2026-09-08 02:50:00,1.16292,1.16301,1.16292,1.16299,0.0
2026-09-08 02:51:00,1.16295,1.16301,1.16294,1.16301,0.0
2026-09-08 02:52:00,1.16297,1.16302,1.16289,1.16301,0.0
2026-09-08 02:53:00,1.163,1.16304,1.16289,1.163,0.0
2026-09-08 02:54:00,1.16299,1.16299,1.16286,1.16288,0.0
2026-09-08 02:55:00,1.16291,1.16291,1.16284,1.16291,0.0
2026-09-08 02:56:00,1.16289,1.16293,1.16283,1.16292,0.0
2026-09-08 02:57:00,1.1629,1.1629,1.16282,1.1629,0.0
2026-09-08 02:58:00,1.16289,1.16294,1.16283,1.16289,0.0
2026-09-08 02:59:00,1.16289,1.16295,1.16289,1.16294,0.0
2026-09-08 03:00:00,1.16291,1.16295,1.16287,1.16295,0.0
2026-09-08 03:01:00,1.16294,1.16294,1.16279,1.16282,0.0
2026-09-08 03:02:00,1.16287,1.16287,1.16279,1.16281,0.0
2026-09-08 03:03:00,1.16283,1.16283,1.1627,1.16273,0.0
2026-09-08 03:04:00,1.16278,1.16278,1.16267,1.1627,0.0
2026-09-08 03:05:00,1.16274,1.16276,1.16266,1.16268,0.0
2026-09-08 03:06:00,1.16272,1.16273,1.1627,1.16273,0.0
2026-09-08 03:07:00,1.16271,1.16275,1.1627,1.16274,0.0
2026-09-08 03:08:00,1.16273,1.16273,1.16271,1.16273,0.0
2026-09-08 03:09:00,1.16272,1.16275,1.16272,1.16275,0.0
2026-09-08 03:10:00,1.16272,1.16274,1.16263,1.16274,0.0
2026-09-08 03:11:00,1.16272,1.16272,1.16261,1.16263,0.0
2026-09-08 03:12:00,1.16266,1.16266,1.16263,1.16263,0.0
2026-09-08 03:13:00,1.16263,1.16266,1.16261,1.16265,0.0
2026-09-08 03:14:00,1.16261,1.16274,1.16261,1.16271,0.0
2026-09-08 03:15:00,1.16266,1.16271,1.16266,1.16271,0.0
2026-09-08 03:16:00,1.16269,1.16274,1.16267,1.16273,0.0
2026-09-08 03:17:00,1.1627,1.16271,1.16268,1.16271,0.0
2026-09-08 03:18:00,1.16269,1.1627,1.16264,1.1627,0.0
2026-09-08 03:19:00,1.16269,1.16269,1.1626,1.16263,0.0
2026-09-08 03:20:00,1.16267,1.16267,1.16259,1.1626,0.0
2026-09-08 03:21:00,1.16261,1.16267,1.16261,1.16266,0.0
2026-09-08 03:22:00,1.16263,1.16266,1.16262,1.16266,0.0
2026-09-08 03:23:00,1.16264,1.16266,1.1626,1.16261,0.0
2026-09-08 03:24:00,1.16263,1.16264,1.16257,1.16264,0.0
2026-09-08 03:25:00,1.16262,1.16264,1.16259,1.16259,0.0
2026-09-08 03:26:00,1.16259,1.16261,1.16257,1.16261,0.0
2026-09-08 03:27:00,1.16258,1.16266,1.16258,1.16264,0.0
2026-09-08 03:28:00,1.16261,1.16263,1.16257,1.16263,0.0
2026-09-08 03:29:00,1.16262,1.16262,1.16255,1.16257,0.0
2026-09-08 03:30:00,1.1626,1.1626,1.16253,1.16254,0.0
2026-09-08 03:31:00,1.16255,1.16258,1.16255,1.16258,0.0
2026-09-08 03:32:00,1.16256,1.1626,1.16256,1.16256,0.0
2026-09-08 03:33:00,1.16256,1.16259,1.16255,1.16259,0.0
2026-09-08 03:34:00,1.16255,1.16263,1.16255,1.16261,0.0
2026-09-08 03:35:00,1.16259,1.1626,1.16257,1.1626,0.0
2026-09-08 03:36:00,1.16258,1.16264,1.16257,1.16258,0.0
2026-09-08 03:37:00,1.16258,1.16261,1.16258,1.16261,0.0
2026-09-08 03:38:00,1.16259,1.1626,1.16257,1.1626,0.0
2026-09-08 03:39:00,1.16259,1.16259,1.16253,1.16254,0.0
2026-09-08 03:40:00,1.16256,1.16257,1.16255,1.16257,0.0
2026-09-08 03:41:00,1.16255,1.16255,1.16249,1.16255,0.0
2026-09-08 03:42:00,1.16255,1.16255,1.16249,1.16251,0.0
2026-09-08 03:43:00,1.16251,1.16256,1.16251,1.16251,0.0
2026-09-08 03:44:00,1.16252,1.16254,1.16249,1.16254,0.0
2026-09-08 03:45:00,1.16252,1.16262,1.16243,1.16245,0.0
2026-09-08 03:46:00,1.16252,1.16263,1.16249,1.16262,0.0
2026-09-08 03:47:00,1.16258,1.16258,1.16248,1.16249,0.0
2026-09-08 03:48:00,1.16251,1.16251,1.16248,1.16249,0.0
2026-09-08 03:49:00,1.16249,1.16252,1.16247,1.16252,0.0
2026-09-08 03:50:00,1.16251,1.16253,1.16248,1.16248,0.0
2026-09-08 03:51:00,1.16249,1.16253,1.16248,1.16253,0.0
2026-09-08 03:52:00,1.16251,1.16254,1.16251,1.16251,0.0
2026-09-08 03:53:00,1.16251,1.16253,1.16249,1.16253,0.0
2026-09-08 03:54:00,1.1625,1.16256,1.1625,1.1625,0.0
2026-09-08 03:55:00,1.16251,1.16253,1.16249,1.16253,0.0
2026-09-08 03:56:00,1.16251,1.16259,1.16249,1.16251,0.0
2026-09-08 03:57:00,1.16252,1.16255,1.16252,1.16255,0.0
2026-09-08 03:58:00,1.16254,1.16262,1.16251,1.16254,0.0
2026-09-08 03:59:00,1.16254,1.1626,1.16254,1.1626,0.0
2026-09-08 04:00:00,1.16258,1.16261,1.16258,1.16261,0.0
2026-09-08 04:01:00,1.16258,1.16263,1.16258,1.16262,0.0
2026-09-08 04:02:00,1.16259,1.16262,1.16259,1.16262,0.0
2026-09-08 04:03:00,1.1626,1.16265,1.16259,1.16259,0.0
2026-09-08 04:04:00,1.1626,1.16263,1.16258,1.16263,0.0
2026-09-08 04:05:00,1.1626,1.16261,1.16249,1.16253,0.0
2026-09-08 04:06:00,1.16259,1.16259,1.16249,1.16252,0.0
2026-09-08 04:07:00,1.16256,1.16258,1.16249,1.1625,0.0
2026-09-08 04:08:00,1.16253,1.16255,1.16248,1.16255,0.0
2026-09-08 04:09:00,1.16254,1.16255,1.16247,1.16255,0.0
2026-09-08 04:10:00,1.16254,1.16254,1.16247,1.16248,0.0
2026-09-08 04:11:00,1.16249,1.16253,1.16249,1.16253,0.0
2026-09-08 04:12:00,1.1625,1.16254,1.16247,1.16253,0.0
2026-09-08 04:13:00,1.16252,1.16253,1.16247,1.16253,0.0
2026-09-08 04:14:00,1.16251,1.16253,1.16245,1.16246,0.0
2026-09-08 04:15:00,1.16249,1.16251,1.16245,1.16251,0.0
2026-09-08 04:16:00,1.16248,1.16255,1.16245,1.16253,0.0
2026-09-08 04:17:00,1.16251,1.16252,1.16247,1.16252,0.0
2026-09-08 04:18:00,1.1625,1.16255,1.16245,1.16254,0.0
2026-09-08 04:19:00,1.1625,1.16252,1.16243,1.16252,0.0
2026-09-08 04:20:00,1.16251,1.16251,1.16244,1.16251,0.0
2026-09-08 04:21:00,1.1625,1.16251,1.16244,1.16246,0.0
2026-09-08 04:22:00,1.16249,1.16251,1.16244,1.16251,0.0
2026-09-08 04:23:00,1.16248,1.16253,1.16244,1.16248,0.0
2026-09-08 04:24:00,1.16249,1.16251,1.16244,1.16251,0.0
2026-09-08 04:25:00,1.16249,1.1625,1.16244,1.16245,0.0
2026-09-08 04:26:00,1.16248,1.16248,1.16241,1.16243,0.0
2026-09-08 04:27:00,1.16245,1.16248,1.16243,1.16243,0.0
2026-09-08 04:28:00,1.16243,1.16245,1.16237,1.16245,0.0
2026-09-08 04:29:00,1.16244,1.16244,1.16233,1.16236,0.0
2026-09-08 04:30:00,1.16241,1.16243,1.16233,1.16235,0.0
2026-09-08 04:31:00,1.16239,1.16243,1.16233,1.16243,0.0
2026-09-08 04:32:00,1.16242,1.16243,1.16234,1.16236,0.0
2026-09-08 04:33:00,1.16239,1.16242,1.16232,1.16242,0.0
2026-09-08 04:34:00,1.1624,1.16244,1.16233,1.16235,0.0
2026-09-08 04:35:00,1.16239,1.16243,1.16239,1.16243,0.0
2026-09-08 04:36:00,1.16239,1.1625,1.16239,1.16247,0.0
2026-09-08 04:37:00,1.16243,1.16248,1.1624,1.16248,0.0
2026-09-08 04:38:00,1.16245,1.16246,1.16239,1.1624,0.0
2026-09-08 04:39:00,1.16241,1.16243,1.16239,1.16243,0.0
2026-09-08 04:40:00,1.16241,1.16245,1.16241,1.16244,0.0
2026-09-08 04:41:00,1.16242,1.16245,1.16242,1.16244,0.0
2026-09-08 04:42:00,1.16243,1.16245,1.16243,1.16245,0.0
2026-09-08 04:43:00,1.16243,1.16248,1.16242,1.16242,0.0
2026-09-08 04:44:00,1.16243,1.16246,1.1624,1.16246,0.0
2026-09-08 04:45:00,1.16244,1.16248,1.16241,1.16241,0.0
2026-09-08 04:46:00,1.16243,1.16246,1.16239,1.16246,0.0
2026-09-08 04:47:00,1.16244,1.16245,1.16237,1.16238,0.0
2026-09-08 04:48:00,1.16241,1.16242,1.16236,1.16242,0.0
2026-09-08 04:49:00,1.1624,1.16242,1.16237,1.16238,0.0
2026-09-08 04:50:00,1.16238,1.1624,1.16236,1.1624,0.0
2026-09-08 04:51:00,1.16239,1.1624,1.16234,1.1624,0.0
2026-09-08 04:52:00,1.16239,1.16243,1.16236,1.16236,0.0
2026-09-08 04:53:00,1.16238,1.16244,1.1623,1.16243,0.0
2026-09-08 04:54:00,1.16241,1.16241,1.16233,1.16233,0.0
2026-09-08 04:55:00,1.16234,1.16238,1.1623,1.16238,0.0
2026-09-08 04:56:00,1.16235,1.16236,1.1623,1.1623,0.0
2026-09-08 04:57:00,1.16231,1.16233,1.16227,1.16233,0.0
2026-09-08 04:58:00,1.16231,1.16239,1.16224,1.16226,0.0
2026-09-08 04:59:00,1.16229,1.16237,1.16229,1.16237,0.0
2026-09-08 05:00:00,1.16234,1.16239,1.16234,1.16238,0.0
2026-09-08 05:01:00,1.16234,1.16237,1.1623,1.16237,0.0
2026-09-08 05:02:00,1.16236,1.16236,1.16229,1.16231,0.0
2026-09-08 05:03:00,1.16232,1.16235,1.16228,1.16232,0.0
2026-09-08 05:04:00,1.16232,1.16233,1.1623,1.16233,0.0
2026-09-08 05:05:00,1.1623,1.16238,1.16229,1.16236,0.0
2026-09-08 05:06:00,1.16234,1.16236,1.16229,1.16236,0.0
2026-09-08 05:07:00,1.16233,1.16236,1.1623,1.16233,0.0
2026-09-08 05:08:00,1.16233,1.16233,1.16229,1.1623,0.0
2026-09-08 05:09:00,1.16231,1.16237,1.16231,1.16235,0.0
2026-09-08 05:10:00,1.16232,1.16234,1.16232,1.16234,0.0
2026-09-08 05:11:00,1.16233,1.16235,1.16232,1.16233,0.0
2026-09-08 05:12:00,1.16232,1.16236,1.16232,1.16235,0.0
2026-09-08 05:13:00,1.16233,1.16235,1.16232,1.16235,0.0
2026-09-08 05:14:00,1.16233,1.16237,1.16232,1.16232,0.0
2026-09-08 05:15:00,1.16232,1.16235,1.16232,1.16235,0.0
2026-09-08 05:16:00,1.16232,1.16237,1.16232,1.16236,0.0
2026-09-08 05:17:00,1.16233,1.16234,1.16232,1.16234,0.0
2026-09-08 05:18:00,1.16232,1.16237,1.16232,1.16236,0.0
2026-09-08 05:19:00,1.16233,1.16233,1.16231,1.16233,0.0
2026-09-08 05:20:00,1.16232,1.16235,1.1623,1.16232,0.0
2026-09-08 05:21:00,1.16231,1.16234,1.16229,1.16234,0.0
2026-09-08 05:22:00,1.16233,1.16234,1.16226,1.16234,0.0
2026-09-08 05:23:00,1.16232,1.16235,1.16228,1.16228,0.0
2026-09-08 05:24:00,1.16229,1.16234,1.16228,1.16234,0.0
2026-09-08 05:25:00,1.16231,1.16237,1.16228,1.16229,0.0
2026-09-08 05:26:00,1.16232,1.16235,1.16228,1.16235,0.0
2026-09-08 05:27:00,1.16233,1.16234,1.16226,1.16227,0.0
2026-09-08 05:28:00,1.1623,1.16231,1.16228,1.16231,0.0
2026-09-08 05:29:00,1.16229,1.16233,1.16226,1.16233,0.0
2026-09-08 05:30:00,1.16231,1.16231,1.16224,1.16225,0.0
2026-09-08 05:31:00,1.16227,1.16228,1.16213,1.16228,0.0
2026-09-08 05:32:00,1.16227,1.16227,1.16216,1.16217,0.0
2026-09-08 05:33:00,1.1622,1.16223,1.16216,1.16223,0.0
2026-09-08 05:34:00,1.1622,1.16225,1.16216,1.1622,0.0
2026-09-08 05:35:00,1.16221,1.16224,1.16216,1.16224,0.0
2026-09-08 05:36:00,1.16221,1.16225,1.16216,1.16217,0.0
2026-09-08 05:37:00,1.1622,1.16222,1.16214,1.16222,0.0
2026-09-08 05:38:00,1.16219,1.16225,1.16216,1.16223,0.0
2026-09-08 05:39:00,1.1622,1.16221,1.16216,1.16221,0.0
2026-09-08 05:40:00,1.1622,1.16223,1.16217,1.16222,0.0
2026-09-08 05:41:00,1.16221,1.16221,1.16217,1.16221,0.0
2026-09-08 05:42:00,1.1622,1.16222,1.16218,1.1622,0.0
2026-09-08 05:43:00,1.16218,1.16222,1.1621,1.16222,0.0
2026-09-08 05:44:00,1.1622,1.1622,1.1621,1.16213,0.0
2026-09-08 05:45:00,1.16216,1.16219,1.16211,1.16211,0.0
2026-09-08 05:46:00,1.16213,1.16216,1.16213,1.16216,0.0
2026-09-08 05:47:00,1.16213,1.16222,1.16213,1.1622,0.0
2026-09-08 05:48:00,1.16216,1.16219,1.16212,1.16219,0.0
2026-09-08 05:49:00,1.16217,1.1622,1.16213,1.16214,0.0
2026-09-08 05:50:00,1.16215,1.16217,1.16212,1.16217,0.0
2026-09-08 05:51:00,1.16216,1.16221,1.16212,1.1622,0.0
2026-09-08 05:52:00,1.16216,1.16221,1.1621,1.1622,0.0
2026-09-08 05:53:00,1.16218,1.16221,1.16214,1.16221,0.0
2026-09-08 05:54:00,1.16219,1.16222,1.16216,1.16219,0.0
2026-09-08 05:55:00,1.16219,1.1622,1.16214,1.1622,0.0
2026-09-08 05:56:00,1.16217,1.16225,1.16214,1.16217,0.0
2026-09-08 05:57:00,1.16218,1.16222,1.16216,1.16222,0.0
2026-09-08 05:58:00,1.16219,1.16225,1.16217,1.16224,0.0
2026-09-08 05:59:00,1.16221,1.16222,1.16218,1.16222,0.0
2026-09-08 06:00:00,1.1622,1.16224,1.16217,1.16223,0.0
2026-09-08 06:01:00,1.16221,1.16222,1.16216,1.16222,0.0
2026-09-08 06:02:00,1.16221,1.16223,1.16216,1.16223,0.0
2026-09-08 06:03:00,1.1622,1.16224,1.16218,1.16223,0.0
2026-09-08 06:04:00,1.16221,1.16223,1.16217,1.16223,0.0
2026-09-08 06:05:00,1.16221,1.16228,1.16217,1.16218,0.0
2026-09-08 06:06:00,1.16221,1.16228,1.16218,1.16227,0.0
2026-09-08 06:07:00,1.16224,1.16225,1.16218,1.16218,0.0
2026-09-08 06:08:00,1.1622,1.16222,1.1622,1.16222,0.0
2026-09-08 06:09:00,1.16219,1.16225,1.16217,1.16224,0.0
2026-09-08 06:10:00,1.16222,1.16222,1.16216,1.16222,0.0
2026-09-08 06:11:00,1.16221,1.16222,1.16218,1.16219,0.0
2026-09-08 06:12:00,1.16219,1.16221,1.16217,1.16221,0.0
2026-09-08 06:13:00,1.1622,1.16221,1.16218,1.16221,0.0
2026-09-08 06:14:00,1.16219,1.16225,1.16215,1.16216,0.0
2026-09-08 06:15:00,1.16218,1.16224,1.16218,1.16224,0.0
2026-09-08 06:16:00,1.16221,1.16226,1.16221,1.16221,0.0
2026-09-08 06:17:00,1.16221,1.16223,1.16221,1.16223,0.0
2026-09-08 06:18:00,1.16221,1.1623,1.16221,1.16228,0.0
2026-09-08 06:19:00,1.16223,1.16226,1.16223,1.16226,0.0
2026-09-08 06:20:00,1.16225,1.16233,1.16223,1.16231,0.0
2026-09-08 06:21:00,1.16225,1.16232,1.16224,1.16231,0.0
2026-09-08 06:22:00,1.1623,1.1623,1.16224,1.1623,0.0
2026-09-08 06:23:00,1.16228,1.16231,1.16226,1.16226,0.0
2026-09-08 06:24:00,1.16228,1.1623,1.16224,1.1623,0.0
2026-09-08 06:25:00,1.16228,1.1623,1.1622,1.16228,0.0
2026-09-08 06:26:00,1.16228,1.16228,1.16221,1.16228,0.0
2026-09-08 06:27:00,1.16226,1.16228,1.16221,1.16221,0.0
2026-09-08 06:28:00,1.16222,1.16228,1.1622,1.16227,0.0
2026-09-08 06:29:00,1.16223,1.16228,1.1622,1.16221,0.0
2026-09-08 06:30:00,1.16222,1.16225,1.16222,1.16225,0.0
2026-09-08 06:31:00,1.16223,1.16226,1.1622,1.16226,0.0
2026-09-08 06:32:00,1.16225,1.16225,1.16221,1.16222,0.0
2026-09-08 06:33:00,1.16222,1.16224,1.16221,1.16224,0.0
2026-09-08 06:34:00,1.16221,1.1623,1.16221,1.16228,0.0
2026-09-08 06:35:00,1.16224,1.16229,1.16224,1.16229,0.0
2026-09-08 06:36:00,1.16227,1.16232,1.16224,1.16224,0.0
2026-09-08 06:37:00,1.16226,1.1623,1.16224,1.1623,0.0
2026-09-08 06:38:00,1.16227,1.16232,1.16221,1.16231,0.0
2026-09-08 06:39:00,1.16229,1.16229,1.16222,1.16224,0.0
2026-09-08 06:40:00,1.16225,1.16234,1.16224,1.16232,0.0
2026-09-08 06:41:00,1.16227,1.16232,1.16222,1.16232,0.0
2026-09-08 06:42:00,1.1623,1.16231,1.16224,1.16226,0.0
2026-09-08 06:43:00,1.16227,1.1623,1.16224,1.1623,0.0
2026-09-08 06:44:00,1.16229,1.1623,1.16224,1.1623,0.0
2026-09-08 06:45:00,1.16227,1.16232,1.16224,1.16231,0.0
2026-09-08 06:46:00,1.16228,1.1623,1.16224,1.1623,0.0
2026-09-08 06:47:00,1.16228,1.16233,1.16224,1.16225,0.0
2026-09-08 06:48:00,1.16228,1.16231,1.16222,1.16231,0.0
2026-09-08 06:49:00,1.16228,1.1623,1.16222,1.16224,0.0
2026-09-08 06:50:00,1.16227,1.16227,1.16221,1.16227,0.0
2026-09-08 06:51:00,1.16225,1.16228,1.16221,1.16225,0.0
2026-09-08 06:52:00,1.16225,1.16229,1.16221,1.16225,0.0
2026-09-08 06:53:00,1.16225,1.16229,1.1622,1.16229,0.0
2026-09-08 06:54:00,1.16227,1.1623,1.16222,1.16227,0.0
2026-09-08 06:55:00,1.16227,1.16229,1.16221,1.16229,0.0
2026-09-08 06:56:00,1.16227,1.16232,1.16223,1.16223,0.0
2026-09-08 06:57:00,1.16226,1.1623,1.16226,1.1623,0.0
2026-09-08 06:58:00,1.16227,1.16235,1.16225,1.16233,0.0
2026-09-08 06:59:00,1.16229,1.16233,1.16229,1.16233,0.0
2026-09-08 07:00:00,1.1623,1.16238,1.16229,1.16237,0.0
2026-09-08 07:01:00,1.16234,1.16241,1.16233,1.16239,0.0
2026-09-08 07:02:00,1.16234,1.16239,1.1623,1.16238,0.0
2026-09-08 07:03:00,1.16236,1.16237,1.16229,1.16237,0.0
2026-09-08 07:04:00,1.16236,1.16236,1.16232,1.16233,0.0
2026-09-08 07:05:00,1.16233,1.16237,1.16224,1.16237,0.0
2026-09-08 07:06:00,1.16235,1.16235,1.16226,1.16228,0.0
2026-09-08 07:07:00,1.16231,1.16233,1.16225,1.16226,0.0
2026-09-08 07:08:00,1.16229,1.16232,1.16223,1.16232,0.0
2026-09-08 07:09:00,1.16229,1.16232,1.16222,1.16223,0.0
2026-09-08 07:10:00,1.16224,1.16228,1.16224,1.16228,0.0
2026-09-08 07:11:00,1.16226,1.1623,1.16224,1.16224,0.0
2026-09-08 07:12:00,1.16225,1.16232,1.16225,1.16231,0.0
2026-09-08 07:13:00,1.16227,1.16231,1.16226,1.16231,0.0
2026-09-08 07:14:00,1.1623,1.16236,1.16222,1.16223,0.0
2026-09-08 07:15:00,1.16225,1.16232,1.16225,1.1623,0.0
2026-09-08 07:16:00,1.16225,1.16232,1.16225,1.1623,0.0
2026-09-08 07:17:00,1.16226,1.16226,1.16222,1.16226,0.0
2026-09-08 07:18:00,1.16223,1.16233,1.16222,1.1623,0.0
2026-09-08 07:19:00,1.16226,1.1623,1.16226,1.1623,0.0
2026-09-08 07:20:00,1.16227,1.16239,1.16226,1.16236,0.0
2026-09-08 07:21:00,1.16231,1.16236,1.16226,1.16236,0.0
2026-09-08 07:22:00,1.16235,1.16237,1.16228,1.1623,0.0
2026-09-08 07:23:00,1.16233,1.16234,1.16226,1.16234,0.0
2026-09-08 07:24:00,1.16234,1.16234,1.1623,1.16231,0.0
2026-09-08 07:25:00,1.16231,1.1624,1.1623,1.16237,0.0
2026-09-08 07:26:00,1.16233,1.16239,1.16232,1.16239,0.0
2026-09-08 07:27:00,1.16236,1.16245,1.1623,1.16232,0.0
2026-09-08 07:28:00,1.16237,1.16243,1.16228,1.16243,0.0
2026-09-08 07:29:00,1.1624,1.16243,1.1623,1.16232,0.0
2026-09-08 07:30:00,1.16237,1.1624,1.16232,1.1624,0.0
2026-09-08 07:31:00,1.16238,1.16241,1.16232,1.16238,0.0
2026-09-08 07:32:00,1.16237,1.16238,1.16232,1.16238,0.0
2026-09-08 07:33:00,1.16237,1.16238,1.16233,1.16234,0.0
2026-09-08 07:34:00,1.16234,1.16241,1.16232,1.16239,0.0
2026-09-08 07:35:00,1.16236,1.1624,1.16232,1.1624,0.0
2026-09-08 07:36:00,1.16237,1.1624,1.1623,1.16239,0.0
2026-09-08 07:37:00,1.16238,1.16238,1.16232,1.16238,0.0
2026-09-08 07:38:00,1.16236,1.1624,1.16233,1.16233,0.0
2026-09-08 07:39:00,1.16235,1.16237,1.16232,1.16237,0.0
2026-09-08 07:40:00,1.16235,1.16243,1.16233,1.16241,0.0
2026-09-08 07:41:00,1.16237,1.16241,1.16229,1.16241,0.0
2026-09-08 07:42:00,1.16238,1.16239,1.16232,1.16233,0.0
2026-09-08 07:43:00,1.16234,1.16237,1.16232,1.16237,0.0
2026-09-08 07:44:00,1.16236,1.16237,1.1623,1.16231,0.0
2026-09-08 07:45:00,1.16231,1.16237,1.16231,1.16236,0.0
2026-09-08 07:46:00,1.16235,1.16235,1.1623,1.16235,0.0
2026-09-08 07:47:00,1.16232,1.1624,1.1623,1.16238,0.0
2026-09-08 07:48:00,1.16235,1.16238,1.16234,1.16238,0.0
2026-09-08 07:49:00,1.16234,1.16245,1.16228,1.16243,0.0
2026-09-08 07:50:00,1.1624,1.16248,1.16228,1.16246,0.0
2026-09-08 07:51:00,1.16241,1.16241,1.16228,1.16229,0.0
2026-09-08 07:52:00,1.16232,1.16239,1.1623,1.16238,0.0
2026-09-08 07:53:00,1.16237,1.1624,1.16232,1.16239,0.0
2026-09-08 07:54:00,1.16237,1.16239,1.16233,1.16239,0.0
2026-09-08 07:55:00,1.16237,1.16237,1.16233,1.16234,0.0
2026-09-08 07:56:00,1.16234,1.1624,1.1623,1.16231,0.0
2026-09-08 07:57:00,1.16234,1.16239,1.1623,1.16239,0.0
2026-09-08 07:58:00,1.16236,1.1624,1.16229,1.1623,0.0
2026-09-08 07:59:00,1.16232,1.16237,1.16232,1.16237,0.0
2026-09-08 08:00:00,1.16234,1.16249,1.16227,1.16244,0.0
2026-09-08 08:01:00,1.16237,1.16249,1.16237,1.16248,0.0
2026-09-08 08:02:00,1.16244,1.16252,1.16244,1.16251,0.0
2026-09-08 08:03:00,1.16249,1.16251,1.16245,1.16246,0.0
2026-09-08 08:04:00,1.16247,1.16251,1.16245,1.16251,0.0
2026-09-08 08:05:00,1.16249,1.16254,1.16245,1.16249,0.0
2026-09-08 08:06:00,1.16249,1.16253,1.16245,1.16253,0.0
2026-09-08 08:07:00,1.16251,1.16255,1.16242,1.16243,0.0
2026-09-08 08:08:00,1.16247,1.16253,1.16245,1.16253,0.0
2026-09-08 08:09:00,1.16251,1.16255,1.16248,1.16248,0.0
2026-09-08 08:10:00,1.16249,1.16252,1.16245,1.16252,0.0
2026-09-08 08:11:00,1.1625,1.1625,1.16239,1.16242,0.0
2026-09-08 08:12:00,1.16248,1.16248,1.16239,1.16241,0.0
2026-09-08 08:13:00,1.16244,1.16248,1.16243,1.16244,0.0
2026-09-08 08:14:00,1.16243,1.16248,1.16243,1.16247,0.0
2026-09-08 08:15:00,1.16246,1.16248,1.16243,1.16248,0.0
2026-09-08 08:16:00,1.16246,1.16254,1.16242,1.16243,0.0
2026-09-08 08:17:00,1.16246,1.16252,1.16245,1.16252,0.0
2026-09-08 08:18:00,1.1625,1.16258,1.16244,1.16245,0.0
2026-09-08 08:19:00,1.16249,1.16256,1.16249,1.16256,0.0
2026-09-08 08:20:00,1.16252,1.16263,1.16252,1.16261,0.0
2026-09-08 08:21:00,1.16257,1.16262,1.16249,1.16261,0.0
2026-09-08 08:22:00,1.16258,1.16258,1.16247,1.16249,0.0
2026-09-08 08:23:00,1.16252,1.16254,1.16244,1.16254,0.0
2026-09-08 08:24:00,1.16253,1.16253,1.16247,1.16248,0.0
2026-09-08 08:25:00,1.16249,1.16257,1.16249,1.16255,0.0
2026-09-08 08:26:00,1.16252,1.16256,1.16251,1.16256,0.0
2026-09-08 08:27:00,1.16253,1.16264,1.16253,1.16261,0.0
2026-09-08 08:28:00,1.16257,1.16262,1.16257,1.16262,0.0
2026-09-08 08:29:00,1.16259,1.16268,1.16259,1.16265,0.0
2026-09-08 08:30:00,1.16261,1.16265,1.16259,1.16265,0.0
2026-09-08 08:31:00,1.16263,1.16264,1.16255,1.16257,0.0
2026-09-08 08:32:00,1.16262,1.16262,1.16256,1.16258,0.0
2026-09-08 08:33:00,1.1626,1.1626,1.16256,1.16257,0.0
2026-09-08 08:34:00,1.16258,1.1626,1.16253,1.16258,0.0
2026-09-08 08:35:00,1.16258,1.1626,1.16255,1.1626,0.0
2026-09-08 08:36:00,1.16258,1.16262,1.16255,1.16258,0.0
2026-09-08 08:37:00,1.16258,1.16261,1.16256,1.16261,0.0
2026-09-08 08:38:00,1.16259,1.16261,1.16248,1.16251,0.0
2026-09-08 08:39:00,1.16257,1.16258,1.16247,1.16258,0.0
2026-09-08 08:40:00,1.16256,1.16258,1.16252,1.16252,0.0
2026-09-08 08:41:00,1.16253,1.16255,1.16249,1.16255,0.0
2026-09-08 08:42:00,1.16253,1.16258,1.16249,1.16257,0.0
2026-09-08 08:43:00,1.16254,1.16255,1.16251,1.16255,0.0
2026-09-08 08:44:00,1.16254,1.16255,1.16251,1.16252,0.0
2026-09-08 08:45:00,1.16252,1.16256,1.16249,1.16255,0.0
2026-09-08 08:46:00,1.16253,1.16255,1.16244,1.16255,0.0
2026-09-08 08:47:00,1.16253,1.16253,1.16245,1.16247,0.0
2026-09-08 08:48:00,1.1625,1.1625,1.16245,1.16246,0.0
2026-09-08 08:49:00,1.16246,1.16256,1.16244,1.16253,0.0
2026-09-08 08:50:00,1.16248,1.16253,1.16247,1.16253,0.0
2026-09-08 08:51:00,1.16251,1.16263,1.16249,1.1626,0.0
2026-09-08 08:52:00,1.16254,1.16261,1.16254,1.16261,0.0
2026-09-08 08:53:00,1.16258,1.16263,1.16258,1.16262,0.0
2026-09-08 08:54:00,1.16261,1.16261,1.16259,1.16259,0.0
2026-09-08 08:55:00,1.1626,1.16261,1.16259,1.16261,0.0
2026-09-08 08:56:00,1.16259,1.16263,1.16258,1.16258,0.0
2026-09-08 08:57:00,1.16259,1.16261,1.16257,1.16261,0.0
2026-09-08 08:58:00,1.16259,1.16262,1.16249,1.16252,0.0
2026-09-08 08:59:00,1.16258,1.1626,1.16256,1.1626,0.0
2026-09-08 09:00:00,1.16257,1.16266,1.16255,1.16263,0.0
2026-09-08 09:01:00,1.16259,1.16266,1.16257,1.16265,0.0
2026-09-08 09:02:00,1.16261,1.16272,1.16261,1.1627,0.0
2026-09-08 09:03:00,1.16267,1.16269,1.16259,1.16269,0.0
2026-09-08 09:04:00,1.16268,1.16268,1.1626,1.16262,0.0
2026-09-08 09:05:00,1.16265,1.1627,1.16265,1.16269,0.0
2026-09-08 09:06:00,1.16267,1.1627,1.16259,1.1627,0.0
2026-09-08 09:07:00,1.16268,1.16272,1.16261,1.16262,0.0
2026-09-08 09:08:00,1.16266,1.1627,1.16263,1.1627,0.0
2026-09-08 09:09:00,1.16267,1.16274,1.16265,1.16265,0.0
2026-09-08 09:10:00,1.16267,1.16271,1.16267,1.16271,0.0
2026-09-08 09:11:00,1.16269,1.16274,1.16264,1.16269,0.0
2026-09-08 09:12:00,1.16269,1.16271,1.16261,1.16271,0.0
2026-09-08 09:13:00,1.16269,1.16273,1.16266,1.16267,0.0
2026-09-08 09:14:00,1.16267,1.16275,1.16267,1.16273,0.0
2026-09-08 09:15:00,1.1627,1.16279,1.1627,1.16278,0.0
2026-09-08 09:16:00,1.16273,1.16283,1.16272,1.16281,0.0
2026-09-08 09:17:00,1.16278,1.16293,1.16278,1.16289,0.0
2026-09-08 09:18:00,1.16277,1.16301,1.16277,1.16298,0.0
2026-09-08 09:19:00,1.16294,1.16303,1.16282,1.16301,0.0
2026-09-08 09:20:00,1.16296,1.16299,1.1628,1.16282,0.0
2026-09-08 09:21:00,1.16288,1.16297,1.16288,1.16297,0.0
2026-09-08 09:22:00,1.16293,1.163,1.16293,1.16299,0.0
2026-09-08 09:23:00,1.16297,1.16299,1.16284,1.16297,0.0
2026-09-08 09:24:00,1.16296,1.16296,1.16283,1.16286,0.0
2026-09-08 09:25:00,1.1629,1.1629,1.16282,1.16284,0.0
2026-09-08 09:26:00,1.16287,1.16287,1.16271,1.16276,0.0
2026-09-08 09:27:00,1.16284,1.16292,1.16274,1.16276,0.0
2026-09-08 09:28:00,1.16281,1.16292,1.16279,1.16291,0.0
2026-09-08 09:29:00,1.16288,1.16288,1.1627,1.16274,0.0
2026-09-08 09:30:00,1.16281,1.16286,1.16274,1.16276,0.0
2026-09-08 09:31:00,1.16275,1.16293,1.16275,1.1629,0.0
2026-09-08 09:32:00,1.16286,1.1629,1.16284,1.1629,0.0
2026-09-08 09:33:00,1.16289,1.16289,1.16278,1.16281,0.0
2026-09-08 09:34:00,1.16286,1.16286,1.16271,1.16274,0.0
2026-09-08 09:35:00,1.1628,1.16282,1.16275,1.16276,0.0
2026-09-08 09:36:00,1.16276,1.16287,1.16276,1.16285,0.0
2026-09-08 09:37:00,1.16282,1.16286,1.16279,1.16286,0.0
2026-09-08 09:38:00,1.16284,1.16291,1.16276,1.16277,0.0
2026-09-08 09:39:00,1.16282,1.16289,1.16282,1.16289,0.0
2026-09-08 09:40:00,1.16285,1.16291,1.16283,1.1629,0.0
2026-09-08 09:41:00,1.16288,1.16288,1.16282,1.16288,0.0
2026-09-08 09:42:00,1.16286,1.16291,1.16282,1.1629,0.0
2026-09-08 09:43:00,1.16287,1.16288,1.16286,1.16287,0.0
2026-09-08 09:44:00,1.16286,1.16292,1.16284,1.16291,0.0
2026-09-08 09:45:00,1.16288,1.16298,1.16288,1.16295,0.0
2026-09-08 09:46:00,1.1629,1.16299,1.1629,1.16299,0.0
2026-09-08 09:47:00,1.16297,1.16297,1.16287,1.16288,0.0
2026-09-08 09:48:00,1.16291,1.16292,1.16291,1.16292,0.0
2026-09-08 09:49:00,1.16289,1.16299,1.16287,1.16296,0.0
2026-09-08 09:50:00,1.16292,1.16299,1.16287,1.16298,0.0
2026-09-08 09:51:00,1.16295,1.16295,1.16283,1.16285,0.0
2026-09-08 09:52:00,1.16288,1.16288,1.16275,1.16278,0.0
2026-09-08 09:53:00,1.16284,1.16284,1.1627,1.16273,0.0
2026-09-08 09:54:00,1.16278,1.16278,1.1627,1.16272,0.0
2026-09-08 09:55:00,1.16274,1.16274,1.16264,1.16267,0.0
2026-09-08 09:56:00,1.16271,1.16275,1.16265,1.16266,0.0
2026-09-08 09:57:00,1.16268,1.16274,1.16268,1.16274,0.0
2026-09-08 09:58:00,1.16272,1.16279,1.16272,1.16272,0.0
2026-09-08 09:59:00,1.16273,1.16278,1.16273,1.16278,0.0
2026-09-08 10:00:00,1.16274,1.16285,1.16274,1.16283,0.0
2026-09-08 10:01:00,1.1628,1.16296,1.1628,1.16291,0.0
2026-09-08 10:02:00,1.16277,1.16312,1.16277,1.16307,0.0
2026-09-08 10:03:00,1.16299,1.16313,1.16299,1.16312,0.0
2026-09-08 10:04:00,1.16308,1.16308,1.16291,1.16296,0.0
2026-09-08 10:05:00,1.16303,1.16303,1.16276,1.16283,0.0
2026-09-08 10:06:00,1.16294,1.16294,1.16278,1.16281,0.0
2026-09-08 10:07:00,1.16284,1.16286,1.16275,1.16278,0.0
2026-09-08 10:08:00,1.16283,1.16285,1.16278,1.16285,0.0
2026-09-08 10:09:00,1.16283,1.16287,1.16278,1.16279,0.0
2026-09-08 10:10:00,1.16282,1.16293,1.1627,1.1629,0.0
2026-09-08 10:11:00,1.16284,1.16284,1.16253,1.16259,0.0
2026-09-08 10:12:00,1.16269,1.16269,1.16252,1.16255,0.0
2026-09-08 10:13:00,1.16258,1.16265,1.16257,1.16263,0.0
2026-09-08 10:14:00,1.16259,1.16263,1.16257,1.16263,0.0
2026-09-08 10:15:00,1.16261,1.16261,1.16252,1.16254,0.0
2026-09-08 10:16:00,1.16257,1.16257,1.16249,1.1625,0.0
2026-09-08 10:17:00,1.16252,1.16254,1.16251,1.16254,0.0
2026-09-08 10:18:00,1.16252,1.16259,1.16249,1.1625,0.0
2026-09-08 10:19:00,1.16252,1.1626,1.16252,1.16259,0.0
2026-09-08 10:20:00,1.16253,1.16268,1.16253,1.16265,0.0
2026-09-08 10:21:00,1.16262,1.16267,1.16261,1.16266,0.0
2026-09-08 10:22:00,1.16263,1.16264,1.16257,1.16264,0.0
2026-09-08 10:23:00,1.16264,1.16264,1.16255,1.16257,0.0
2026-09-08 10:24:00,1.1626,1.16262,1.16255,1.16256,0.0
2026-09-08 10:25:00,1.16258,1.16264,1.16256,1.16263,0.0
2026-09-08 10:26:00,1.16259,1.16267,1.16259,1.16266,0.0
2026-09-08 10:27:00,1.16262,1.16273,1.16262,1.1627,0.0
2026-09-08 10:28:00,1.16266,1.16273,1.16266,1.16273,0.0
2026-09-08 10:29:00,1.16269,1.16282,1.16269,1.16279,0.0
2026-09-08 10:30:00,1.16274,1.16279,1.16274,1.16279,0.0
2026-09-08 10:31:00,1.16276,1.16286,1.16275,1.16283,0.0
2026-09-08 10:32:00,1.16279,1.16283,1.16272,1.16283,0.0
2026-09-08 10:33:00,1.16281,1.1629,1.16278,1.16287,0.0
2026-09-08 10:34:00,1.16282,1.16288,1.16282,1.16288,0.0
2026-09-08 10:35:00,1.16286,1.16286,1.16279,1.1628,0.0
2026-09-08 10:36:00,1.16281,1.16284,1.1628,1.16283,0.0
2026-09-08 10:37:00,1.16282,1.16285,1.16268,1.16285,0.0
2026-09-08 10:38:00,1.16283,1.16283,1.1627,1.16272,0.0
2026-09-08 10:39:00,1.16275,1.16277,1.16264,1.16277,0.0
2026-09-08 10:40:00,1.16275,1.16279,1.16268,1.16269,0.0
2026-09-08 10:41:00,1.16272,1.16279,1.16272,1.16278,0.0
2026-09-08 10:42:00,1.16273,1.16283,1.16273,1.16282,0.0
2026-09-08 10:43:00,1.1628,1.16282,1.16266,1.1627,0.0
2026-09-08 10:44:00,1.16277,1.16277,1.16263,1.16266,0.0
2026-09-08 10:45:00,1.1627,1.1627,1.1626,1.16263,0.0
2026-09-08 10:46:00,1.16268,1.16269,1.16263,1.16264,0.0
2026-09-08 10:47:00,1.16265,1.16272,1.16265,1.1627,0.0
2026-09-08 10:48:00,1.16268,1.16271,1.16264,1.16271,0.0
2026-09-08 10:49:00,1.16268,1.1627,1.16255,1.16268,0.0
2026-09-08 10:50:00,1.16268,1.16271,1.16261,1.16263,0.0
2026-09-08 10:51:00,1.16262,1.16275,1.16262,1.16273,0.0
2026-09-08 10:52:00,1.16271,1.16272,1.16261,1.16272,0.0
2026-09-08 10:53:00,1.1627,1.16275,1.16263,1.16264,0.0
2026-09-08 10:54:00,1.16267,1.16278,1.16267,1.16276,0.0
2026-09-08 10:55:00,1.1627,1.1628,1.1627,1.16279,0.0
2026-09-08 10:56:00,1.16277,1.16277,1.16264,1.16267,0.0
2026-09-08 10:57:00,1.16272,1.16272,1.16266,1.16272,0.0
2026-09-08 10:58:00,1.1627,1.16273,1.16267,1.16272,0.0
2026-09-08 10:59:00,1.16271,1.16272,1.1626,1.16271,0.0
2026-09-08 11:00:00,1.16269,1.16276,1.1626,1.16262,0.0
2026-09-08 11:01:00,1.16267,1.16275,1.16267,1.16274,0.0
2026-09-08 11:02:00,1.1627,1.16282,1.1627,1.1628,0.0
2026-09-08 11:03:00,1.16276,1.16279,1.16274,1.16279,0.0
2026-09-08 11:04:00,1.16277,1.16278,1.16267,1.16278,0.0
2026-09-08 11:05:00,1.16277,1.16277,1.16256,1.16261,0.0
2026-09-08 11:06:00,1.16268,1.1627,1.16266,1.16268,0.0
2026-09-08 11:07:00,1.16266,1.1627,1.16256,1.16269,0.0
2026-09-08 11:08:00,1.16268,1.16269,1.1626,1.16262,0.0
2026-09-08 11:09:00,1.16262,1.16283,1.16261,1.16278,0.0
2026-09-08 11:10:00,1.16271,1.16283,1.16271,1.16282,0.0
2026-09-08 11:11:00,1.16278,1.16284,1.16272,1.16278,0.0
2026-09-08 11:12:00,1.16279,1.16281,1.16271,1.16281,0.0
2026-09-08 11:13:00,1.16279,1.16279,1.16267,1.16271,0.0
2026-09-08 11:14:00,1.16276,1.16276,1.16267,1.16269,0.0
2026-09-08 11:15:00,1.16271,1.16284,1.16271,1.16281,0.0
2026-09-08 11:16:00,1.16274,1.16298,1.16274,1.16292,0.0
2026-09-08 11:17:00,1.16282,1.16303,1.16282,1.16301,0.0
2026-09-08 11:18:00,1.16296,1.16304,1.16296,1.16303,0.0
2026-09-08 11:19:00,1.16301,1.16304,1.16293,1.16304,0.0
2026-09-08 11:20:00,1.16301,1.16301,1.16286,1.16289,0.0
2026-09-08 11:21:00,1.16294,1.16294,1.16287,1.16289,0.0
2026-09-08 11:22:00,1.16289,1.16308,1.16285,1.16303,0.0
2026-09-08 11:23:00,1.16296,1.1631,1.16296,1.16308,0.0
2026-09-08 11:24:00,1.16302,1.1632,1.16302,1.16317,0.0
2026-09-08 11:25:00,1.16312,1.16318,1.16312,1.16318,0.0
2026-09-08 11:26:00,1.16316,1.16322,1.16316,1.16321,0.0
2026-09-08 11:27:00,1.16316,1.16328,1.16316,1.16325,0.0
2026-09-08 11:28:00,1.1632,1.16327,1.1632,1.16327,0.0
2026-09-08 11:29:00,1.16325,1.16325,1.16317,1.16319,0.0
2026-09-08 11:30:00,1.16324,1.16324,1.16314,1.16317,0.0
2026-09-08 11:31:00,1.16319,1.16328,1.16313,1.16319,0.0
2026-09-08 11:32:00,1.16321,1.16325,1.16321,1.16325,0.0
2026-09-08 11:33:00,1.16322,1.16326,1.16316,1.16325,0.0
2026-09-08 11:34:00,1.16324,1.16326,1.16312,1.16316,0.0
2026-09-08 11:35:00,1.16322,1.16322,1.16306,1.16309,0.0
2026-09-08 11:36:00,1.16315,1.16315,1.16306,1.16308,0.0
2026-09-08 11:37:00,1.16311,1.16314,1.16306,1.16313,0.0
2026-09-08 11:38:00,1.1631,1.16321,1.1631,1.16318,0.0
2026-09-08 11:39:00,1.16314,1.1632,1.16309,1.1632,0.0
2026-09-08 11:40:00,1.16318,1.16318,1.16305,1.16308,0.0
2026-09-08 11:41:00,1.16313,1.16314,1.16306,1.16314,0.0
2026-09-08 11:42:00,1.16311,1.16311,1.16302,1.16304,0.0
2026-09-08 11:43:00,1.16308,1.16309,1.16305,1.16308,0.0
2026-09-08 11:44:00,1.16305,1.1632,1.16305,1.16317,0.0
2026-09-08 11:45:00,1.16311,1.16318,1.1631,1.16318,0.0
2026-09-08 11:46:00,1.16316,1.1632,1.16313,1.16319,0.0
2026-09-08 11:47:00,1.16317,1.16321,1.1631,1.16317,0.0
2026-09-08 11:48:00,1.16317,1.16321,1.16317,1.16321,0.0
2026-09-08 11:49:00,1.16318,1.16318,1.16306,1.16318,0.0
2026-09-08 11:50:00,1.16318,1.16318,1.16309,1.16311,0.0
2026-09-08 11:51:00,1.16314,1.16318,1.16307,1.16308,0.0
2026-09-08 11:52:00,1.16312,1.16318,1.16303,1.16317,0.0
2026-09-08 11:53:00,1.16314,1.16322,1.16299,1.16302,0.0
2026-09-08 11:54:00,1.16309,1.16321,1.16309,1.1632,0.0
2026-09-08 11:55:00,1.16317,1.16325,1.16317,1.16323,0.0
2026-09-08 11:56:00,1.16319,1.16322,1.16316,1.16322,0.0
2026-09-08 11:57:00,1.16321,1.16322,1.1632,1.16322,0.0
2026-09-08 11:58:00,1.1632,1.16323,1.16316,1.1632,0.0
2026-09-08 11:59:00,1.1632,1.16325,1.16316,1.16324,0.0
2026-09-08 12:00:00,1.16319,1.16345,1.16312,1.16338,0.0
2026-09-08 12:01:00,1.16329,1.16348,1.16329,1.16346,0.0
2026-09-08 12:02:00,1.1634,1.16342,1.16333,1.1634,0.0
2026-09-08 12:03:00,1.1634,1.16344,1.16336,1.16337,0.0
2026-09-08 12:04:00,1.16337,1.16343,1.16335,1.16342,0.0
2026-09-08 12:05:00,1.1634,1.1634,1.16333,1.16335,0.0
2026-09-08 12:06:00,1.16337,1.16341,1.16333,1.1634,0.0
2026-09-08 12:07:00,1.16337,1.16342,1.16337,1.16341,0.0
2026-09-08 12:08:00,1.16339,1.16345,1.16322,1.16344,0.0
2026-09-08 12:09:00,1.16341,1.16341,1.16324,1.16326,0.0
2026-09-08 12:10:00,1.16329,1.16333,1.16322,1.16333,0.0
2026-09-08 12:11:00,1.16331,1.16332,1.16324,1.16326,0.0
2026-09-08 12:12:00,1.16329,1.16334,1.16317,1.16329,0.0
2026-09-08 12:13:00,1.16328,1.16328,1.16307,1.16312,0.0
2026-09-08 12:14:00,1.16319,1.16319,1.16312,1.16314,0.0
2026-09-08 12:15:00,1.16316,1.1632,1.1631,1.16312,0.0
2026-09-08 12:16:00,1.16315,1.16327,1.16315,1.16324,0.0
2026-09-08 12:17:00,1.16316,1.16333,1.16316,1.16331,0.0
2026-09-08 12:18:00,1.16326,1.16333,1.16324,1.16332,0.0
2026-09-08 12:19:00,1.16331,1.16331,1.16324,1.16331,0.0
2026-09-08 12:20:00,1.16329,1.16329,1.16312,1.16316,0.0
2026-09-08 12:21:00,1.16324,1.16324,1.16314,1.16316,0.0
2026-09-08 12:22:00,1.16317,1.16324,1.16314,1.16322,0.0
2026-09-08 12:23:00,1.16319,1.16322,1.16312,1.16322,0.0
2026-09-08 12:24:00,1.16319,1.16329,1.16308,1.1631,0.0
2026-09-08 12:25:00,1.16316,1.1633,1.16312,1.16328,0.0
2026-09-08 12:26:00,1.16325,1.16325,1.16302,1.16307,0.0
2026-09-08 12:27:00,1.16314,1.16314,1.16299,1.16301,0.0
2026-09-08 12:28:00,1.16306,1.16306,1.16295,1.16298,0.0
2026-09-08 12:29:00,1.16303,1.16303,1.16284,1.16288,0.0
2026-09-08 12:30:00,1.16294,1.16294,1.16283,1.16285,0.0
2026-09-08 12:31:00,1.16286,1.1629,1.16283,1.16289,0.0
2026-09-08 12:32:00,1.16288,1.16291,1.16274,1.16278,0.0
2026-09-08 12:33:00,1.16285,1.16285,1.16271,1.16272,0.0
2026-09-08 12:34:00,1.16275,1.16275,1.16268,1.1627,0.0
2026-09-08 12:35:00,1.16271,1.16272,1.16255,1.16272,0.0
2026-09-08 12:36:00,1.16271,1.16271,1.16243,1.16249,0.0
2026-09-08 12:37:00,1.16258,1.16258,1.16247,1.16249,0.0
2026-09-08 12:38:00,1.1625,1.1625,1.16244,1.16245,0.0
2026-09-08 12:39:00,1.16248,1.16248,1.16243,1.16244,0.0
2026-09-08 12:40:00,1.16243,1.16253,1.16243,1.16251,0.0
2026-09-08 12:41:00,1.16247,1.16253,1.16247,1.16253,0.0
2026-09-08 12:42:00,1.16248,1.16259,1.16248,1.16257,0.0
2026-09-08 12:43:00,1.16254,1.16257,1.16253,1.16257,0.0
2026-09-08 12:44:00,1.16254,1.16262,1.16253,1.1626,0.0
2026-09-08 12:45:00,1.16255,1.16261,1.16255,1.1626,0.0
2026-09-08 12:46:00,1.16257,1.16263,1.16256,1.16262,0.0
2026-09-08 12:47:00,1.16259,1.16259,1.16253,1.16259,0.0
2026-09-08 12:48:00,1.16258,1.16258,1.16248,1.16251,0.0
2026-09-08 12:49:00,1.16256,1.16256,1.16251,1.16251,0.0
2026-09-08 12:50:00,1.16252,1.1626,1.16251,1.16258,0.0
2026-09-08 12:51:00,1.1625,1.16261,1.1625,1.16259,0.0
2026-09-08 12:52:00,1.16256,1.16263,1.16247,1.16261,0.0
2026-09-08 12:53:00,1.16257,1.16257,1.16244,1.16245,0.0
2026-09-08 12:54:00,1.16248,1.16248,1.16242,1.16248,0.0
2026-09-08 12:55:00,1.16246,1.1625,1.16242,1.16243,0.0
2026-09-08 12:56:00,1.16244,1.16247,1.16244,1.16247,0.0
2026-09-08 12:57:00,1.16246,1.16247,1.16244,1.16246,0.0
2026-09-08 12:58:00,1.16245,1.16246,1.16244,1.16245,0.0
2026-09-08 12:59:00,1.16244,1.16246,1.16241,1.16246,0.0
2026-09-08 13:00:00,1.16244,1.16244,1.16237,1.16238,0.0
2026-09-08 13:01:00,1.16241,1.16241,1.16233,1.16235,0.0
2026-09-08 13:02:00,1.16237,1.16245,1.16236,1.16237,0.0
2026-09-08 13:03:00,1.16239,1.16243,1.16239,1.16243,0.0
2026-09-08 13:04:00,1.1624,1.16245,1.1624,1.16244,0.0
2026-09-08 13:05:00,1.16242,1.16245,1.1624,1.16242,0.0
2026-09-08 13:06:00,1.1624,1.16252,1.1624,1.1625,0.0
2026-09-08 13:07:00,1.16245,1.16253,1.16245,1.16252,0.0
2026-09-08 13:08:00,1.16249,1.16254,1.16247,1.16254,0.0
2026-09-08 13:09:00,1.16252,1.16252,1.16247,1.16248,0.0
2026-09-08 13:10:00,1.16249,1.16251,1.16241,1.16249,0.0
2026-09-08 13:11:00,1.16248,1.16248,1.16239,1.1624,0.0
2026-09-08 13:12:00,1.16241,1.16245,1.16235,1.16244,0.0
2026-09-08 13:13:00,1.16241,1.16243,1.16234,1.16235,0.0
2026-09-08 13:14:00,1.16237,1.1624,1.16233,1.1624,0.0
2026-09-08 13:15:00,1.16238,1.16249,1.16236,1.16246,0.0
2026-09-08 13:16:00,1.1624,1.16247,1.1624,1.16246,0.0
2026-09-08 13:17:00,1.16244,1.16249,1.16237,1.16248,0.0
2026-09-08 13:18:00,1.16245,1.16251,1.16245,1.16249,0.0
2026-09-08 13:19:00,1.16246,1.16256,1.16246,1.16254,0.0
2026-09-08 13:20:00,1.16248,1.16265,1.16248,1.16261,0.0
2026-09-08 13:21:00,1.16256,1.16263,1.16256,1.16263,0.0
2026-09-08 13:22:00,1.16261,1.16261,1.16248,1.16252,0.0
2026-09-08 13:23:00,1.16259,1.16259,1.16248,1.16251,0.0
2026-09-08 13:24:00,1.16254,1.16258,1.16247,1.16248,0.0
2026-09-08 13:25:00,1.16251,1.16256,1.16251,1.16256,0.0
2026-09-08 13:26:00,1.16253,1.16259,1.16252,1.16258,0.0
2026-09-08 13:27:00,1.16255,1.16257,1.16255,1.16257,0.0
2026-09-08 13:28:00,1.16255,1.16258,1.16252,1.16258,0.0
2026-09-08 13:29:00,1.16256,1.16259,1.16252,1.16258,0.0
2026-09-08 13:30:00,1.16257,1.16259,1.16256,1.16259,0.0
2026-09-08 13:31:00,1.16255,1.16264,1.16255,1.16262,0.0
2026-09-08 13:32:00,1.16259,1.16266,1.16248,1.16265,0.0
2026-09-08 13:33:00,1.16261,1.16261,1.16244,1.16247,0.0
2026-09-08 13:34:00,1.16252,1.16252,1.16243,1.16245,0.0
2026-09-08 13:35:00,1.16247,1.16253,1.16243,1.16244,0.0
2026-09-08 13:36:00,1.16246,1.1625,1.16246,1.1625,0.0
2026-09-08 13:37:00,1.16248,1.16251,1.16245,1.1625,0.0
2026-09-08 13:38:00,1.16248,1.16253,1.16248,1.16248,0.0
2026-09-08 13:39:00,1.16248,1.16253,1.16248,1.16253,0.0
2026-09-08 13:40:00,1.16251,1.16256,1.16249,1.16255,0.0
2026-09-08 13:41:00,1.16253,1.16261,1.16252,1.16259,0.0
2026-09-08 13:42:00,1.16251,1.16265,1.16251,1.16263,0.0
2026-09-08 13:43:00,1.16259,1.16263,1.16259,1.16263,0.0
2026-09-08 13:44:00,1.1626,1.16267,1.16257,1.16265,0.0
2026-09-08 13:45:00,1.16261,1.16264,1.16259,1.16264,0.0
2026-09-08 13:46:00,1.16262,1.16266,1.16259,1.16265,0.0
2026-09-08 13:47:00,1.16262,1.16263,1.16257,1.16263,0.0
2026-09-08 13:48:00,1.16262,1.16271,1.16261,1.16268,0.0
2026-09-08 13:49:00,1.16262,1.16272,1.16262,1.16271,0.0
2026-09-08 13:50:00,1.16269,1.16272,1.16269,1.16272,0.0
2026-09-08 13:51:00,1.16269,1.16274,1.16259,1.16273,0.0
2026-09-08 13:52:00,1.1627,1.1627,1.16249,1.16255,0.0
2026-09-08 13:53:00,1.16264,1.16264,1.16249,1.1625,0.0
2026-09-08 13:54:00,1.16254,1.16255,1.16245,1.16255,0.0
2026-09-08 13:55:00,1.16253,1.16259,1.16248,1.16249,0.0
2026-09-08 13:56:00,1.16251,1.16258,1.16244,1.16257,0.0
2026-09-08 13:57:00,1.16254,1.16254,1.16245,1.16246,0.0
2026-09-08 13:58:00,1.16248,1.16248,1.16244,1.16248,0.0
2026-09-08 13:59:00,1.16247,1.16249,1.16247,1.16249,0.0
2026-09-08 14:00:00,1.16246,1.16257,1.16245,1.16254,0.0
2026-09-08 14:01:00,1.16249,1.16255,1.16249,1.16255,0.0
2026-09-08 14:02:00,1.16253,1.16255,1.1624,1.16253,0.0
2026-09-08 14:03:00,1.16253,1.16253,1.16244,1.16246,0.0
2026-09-08 14:04:00,1.16248,1.16255,1.16244,1.16248,0.0
2026-09-08 14:05:00,1.16249,1.16252,1.16247,1.16252,0.0
2026-09-08 14:06:00,1.1625,1.16254,1.16247,1.16253,0.0
2026-09-08 14:07:00,1.16251,1.16251,1.16245,1.16251,0.0
2026-09-08 14:08:00,1.1625,1.1625,1.1624,1.1625,0.0
2026-09-08 14:09:00,1.16249,1.16249,1.16237,1.16239,0.0
2026-09-08 14:10:00,1.16243,1.16243,1.16239,1.1624,0.0
2026-09-08 14:11:00,1.1624,1.16252,1.16238,1.16248,0.0
2026-09-08 14:12:00,1.16243,1.1625,1.16243,1.1625,0.0
2026-09-08 14:13:00,1.16247,1.16255,1.16247,1.16254,0.0
2026-09-08 14:14:00,1.16251,1.16253,1.16245,1.16253,0.0
2026-09-08 14:15:00,1.16251,1.16251,1.16234,1.16239,0.0
2026-09-08 14:16:00,1.16246,1.16246,1.16239,1.1624,0.0
2026-09-08 14:17:00,1.16242,1.16243,1.16233,1.16242,0.0
2026-09-08 14:18:00,1.16241,1.16241,1.16232,1.16235,0.0
2026-09-08 14:19:00,1.1624,1.1624,1.16228,1.16231,0.0
2026-09-08 14:20:00,1.16237,1.16237,1.16229,1.1623,0.0
2026-09-08 14:21:00,1.16232,1.16233,1.16229,1.16233,0.0
2026-09-08 14:22:00,1.16231,1.16238,1.16228,1.16229,0.0
2026-09-08 14:23:00,1.16231,1.16241,1.16231,1.16239,0.0
2026-09-08 14:24:00,1.16231,1.16253,1.16231,1.16249,0.0
2026-09-08 14:25:00,1.16243,1.16251,1.16243,1.16251,0.0
2026-09-08 14:26:00,1.16248,1.16248,1.16233,1.16238,0.0
2026-09-08 14:27:00,1.16246,1.16246,1.16232,1.16235,0.0
2026-09-08 14:28:00,1.1624,1.1624,1.1623,1.16232,0.0
2026-09-08 14:29:00,1.16235,1.16239,1.16233,1.16233,0.0
2026-09-08 14:30:00,1.16234,1.16238,1.16234,1.16238,0.0
2026-09-08 14:31:00,1.16236,1.16243,1.16234,1.16236,0.0
2026-09-08 14:32:00,1.16237,1.16241,1.16236,1.16241,0.0
2026-09-08 14:33:00,1.16238,1.16247,1.16238,1.16244,0.0
2026-09-08 14:34:00,1.16241,1.16245,1.1624,1.16245,0.0
2026-09-08 14:35:00,1.16242,1.16245,1.16237,1.16238,0.0
2026-09-08 14:36:00,1.16242,1.16243,1.1623,1.16242,0.0
2026-09-08 14:37:00,1.1624,1.16241,1.16233,1.16234,0.0
2026-09-08 14:38:00,1.16237,1.1624,1.16233,1.1624,0.0
2026-09-08 14:39:00,1.16238,1.1624,1.16233,1.1624,0.0
2026-09-08 14:40:00,1.16239,1.16244,1.16234,1.16235,0.0
2026-09-08 14:41:00,1.16239,1.16243,1.16239,1.16243,0.0
2026-09-08 14:42:00,1.16241,1.1625,1.16239,1.16241,0.0
2026-09-08 14:43:00,1.16242,1.16248,1.16241,1.16248,0.0
2026-09-08 14:44:00,1.16245,1.16254,1.16243,1.16251,0.0
2026-09-08 14:45:00,1.16247,1.16251,1.16244,1.16251,0.0
2026-09-08 14:46:00,1.16248,1.16257,1.16248,1.16255,0.0
2026-09-08 14:47:00,1.1625,1.16254,1.16247,1.16254,0.0
2026-09-08 14:48:00,1.16252,1.16254,1.16241,1.16254,0.0
2026-09-08 14:49:00,1.16253,1.16253,1.16247,1.16248,0.0
2026-09-08 14:50:00,1.16249,1.16252,1.16248,1.16252,0.0
2026-09-08 14:51:00,1.1625,1.16253,1.16247,1.1625,0.0
2026-09-08 14:52:00,1.1625,1.16254,1.16242,1.16253,0.0
2026-09-08 14:53:00,1.1625,1.1625,1.1623,1.16234,0.0
2026-09-08 14:54:00,1.16242,1.16242,1.16236,1.16238,0.0
2026-09-08 14:55:00,1.16237,1.16245,1.16237,1.16243,0.0
2026-09-08 14:56:00,1.16241,1.16243,1.1623,1.16243,0.0
2026-09-08 14:57:00,1.1624,1.1625,1.16229,1.16231,0.0
2026-09-08 14:58:00,1.16237,1.16251,1.16237,1.1625,0.0
2026-09-08 14:59:00,1.16246,1.16253,1.16246,1.16252,0.0
2026-09-08 15:00:00,1.1625,1.16254,1.16248,1.16253,0.0
2026-09-08 15:01:00,1.16251,1.16254,1.16248,1.16254,0.0
2026-09-08 15:02:00,1.16251,1.1626,1.16251,1.16258,0.0
2026-09-08 15:03:00,1.16255,1.16259,1.16254,1.16259,0.0
2026-09-08 15:04:00,1.16256,1.16264,1.16253,1.16254,0.0
2026-09-08 15:05:00,1.16256,1.16264,1.16251,1.16263,0.0
2026-09-08 15:06:00,1.16259,1.16259,1.16248,1.1625,0.0
2026-09-08 15:07:00,1.16253,1.16256,1.16251,1.16253,0.0
2026-09-08 15:08:00,1.16251,1.16261,1.16251,1.16259,0.0
2026-09-08 15:09:00,1.16256,1.16259,1.16252,1.16259,0.0
2026-09-08 15:10:00,1.16258,1.1626,1.16253,1.16258,0.0
2026-09-08 15:11:00,1.16256,1.16264,1.16256,1.16262,0.0
2026-09-08 15:12:00,1.1626,1.16265,1.16252,1.16264,0.0
2026-09-08 15:13:00,1.16261,1.16261,1.16249,1.16251,0.0
2026-09-08 15:14:00,1.16255,1.16258,1.16253,1.16258,0.0
2026-09-08 15:15:00,1.16255,1.16265,1.1625,1.16251,0.0
2026-09-08 15:16:00,1.16256,1.16262,1.16256,1.16262,0.0
2026-09-08 15:17:00,1.16259,1.16266,1.16259,1.16264,0.0
2026-09-08 15:18:00,1.16261,1.16263,1.16261,1.16263,0.0
2026-09-08 15:19:00,1.16262,1.16262,1.16252,1.16262,0.0
2026-09-08 15:20:00,1.16261,1.16261,1.16256,1.16256,0.0
2026-09-08 15:21:00,1.16257,1.1626,1.16253,1.1626,0.0
2026-09-08 15:22:00,1.16258,1.16262,1.16255,1.16258,0.0
2026-09-08 15:23:00,1.16259,1.16261,1.16257,1.16261,0.0
2026-09-08 15:24:00,1.16258,1.1626,1.16243,1.16258,0.0
2026-09-08 15:25:00,1.16257,1.16257,1.16239,1.16243,0.0
2026-09-08 15:26:00,1.16247,1.16247,1.16241,1.16241,0.0
2026-09-08 15:27:00,1.16242,1.16242,1.1624,1.16242,0.0
2026-09-08 15:28:00,1.16241,1.1625,1.1624,1.16248,0.0
2026-09-08 15:29:00,1.16242,1.16248,1.16242,1.16248,0.0
2026-09-08 15:30:00,1.16246,1.16248,1.16236,1.16248,0.0
2026-09-08 15:31:00,1.16247,1.16247,1.16234,1.16236,0.0
2026-09-08 15:32:00,1.16241,1.16242,1.16236,1.16242,0.0
2026-09-08 15:33:00,1.1624,1.16245,1.16236,1.1624,0.0
2026-09-08 15:34:00,1.16241,1.16245,1.1624,1.16244,0.0
2026-09-08 15:35:00,1.1624,1.16255,1.16235,1.1625,0.0
2026-09-08 15:36:00,1.16244,1.16253,1.16244,1.16253,0.0
2026-09-08 15:37:00,1.1625,1.16263,1.16249,1.1626,0.0
2026-09-08 15:38:00,1.16254,1.16261,1.16254,1.16261,0.0
2026-09-08 15:39:00,1.16259,1.16264,1.16259,1.16263,0.0
2026-09-08 15:40:00,1.1626,1.16263,1.16255,1.16263,0.0
2026-09-08 15:41:00,1.16262,1.16264,1.16259,1.16262,0.0
2026-09-08 15:42:00,1.16259,1.16269,1.16259,1.16267,0.0
2026-09-08 15:43:00,1.16264,1.1627,1.16264,1.16269,0.0
2026-09-08 15:44:00,1.16264,1.16275,1.16264,1.16274,0.0
2026-09-08 15:45:00,1.16271,1.16274,1.1627,1.16273,0.0
2026-09-08 15:46:00,1.16269,1.16285,1.16269,1.16281,0.0
2026-09-08 15:47:00,1.16275,1.16284,1.16271,1.16283,0.0
2026-09-08 15:48:00,1.1628,1.1628,1.16266,1.16269,0.0
2026-09-08 15:49:00,1.16275,1.16277,1.1627,1.16271,0.0
2026-09-08 15:50:00,1.16273,1.16278,1.16271,1.16278,0.0
2026-09-08 15:51:00,1.16276,1.16283,1.16271,1.16272,0.0
2026-09-08 15:52:00,1.16275,1.16282,1.16275,1.16282,0.0
2026-09-08 15:53:00,1.1628,1.16287,1.16275,1.16285,0.0
2026-09-08 15:54:00,1.16282,1.16286,1.16282,1.16286,0.0
2026-09-08 15:55:00,1.16282,1.16291,1.1628,1.16289,0.0
2026-09-08 15:56:00,1.16285,1.16288,1.16285,1.16288,0.0
2026-09-08 15:57:00,1.16285,1.16294,1.16282,1.16292,0.0
2026-09-08 15:58:00,1.16287,1.16297,1.16287,1.16295,0.0
2026-09-08 15:59:00,1.16289,1.16311,1.16289,1.16306,0.0
2026-09-08 16:00:00,1.16297,1.16313,1.16297,1.16312,0.0
2026-09-08 16:01:00,1.16308,1.16312,1.16308,1.16312,0.0
2026-09-08 16:02:00,1.1631,1.16316,1.16305,1.1631,0.0
2026-09-08 16:03:00,1.16311,1.16321,1.16311,1.16319,0.0
2026-09-08 16:04:00,1.16311,1.16334,1.16311,1.1633,0.0
2026-09-08 16:05:00,1.16324,1.16349,1.16324,1.16343,0.0
2026-09-08 16:06:00,1.16325,1.16362,1.16325,1.16358,0.0
2026-09-08 16:07:00,1.16351,1.1636,1.16345,1.16359,0.0
2026-09-08 16:08:00,1.16356,1.16356,1.16339,1.16343,0.0
2026-09-08 16:09:00,1.1635,1.1635,1.16317,1.16325,0.0
2026-09-08 16:10:00,1.16339,1.16339,1.16303,1.16311,0.0
2026-09-08 16:11:00,1.16324,1.16324,1.16295,1.163,0.0
2026-09-08 16:12:00,1.16309,1.16309,1.16295,1.16298,0.0
2026-09-08 16:13:00,1.163,1.16301,1.16293,1.163,0.0
2026-09-08 16:14:00,1.163,1.163,1.16294,1.16295,0.0
2026-09-08 16:15:00,1.16294,1.16304,1.16294,1.16302,0.0
2026-09-08 16:16:00,1.163,1.16309,1.16284,1.16307,0.0
2026-09-08 16:17:00,1.16301,1.16301,1.16286,1.16287,0.0
2026-09-08 16:18:00,1.1629,1.16297,1.16278,1.16295,0.0
2026-09-08 16:19:00,1.16291,1.16291,1.16274,1.16277,0.0
2026-09-08 16:20:00,1.16281,1.16281,1.16247,1.16256,0.0
2026-09-08 16:21:00,1.16271,1.16271,1.16245,1.16249,0.0
2026-09-08 16:22:00,1.16255,1.16255,1.16241,1.16243,0.0
2026-09-08 16:23:00,1.16246,1.16246,1.16236,1.16238,0.0
2026-09-08 16:24:00,1.16239,1.16256,1.16233,1.16251,0.0
2026-09-08 16:25:00,1.16244,1.16256,1.16244,1.16255,0.0
2026-09-08 16:26:00,1.1625,1.16261,1.1625,1.1626,0.0
2026-09-08 16:27:00,1.16257,1.1626,1.16255,1.16259,0.0
2026-09-08 16:28:00,1.16255,1.16261,1.16255,1.16261,0.0
2026-09-08 16:29:00,1.1626,1.16261,1.16255,1.16256,0.0
2026-09-08 16:30:00,1.16256,1.16257,1.16251,1.16257,0.0
2026-09-08 16:31:00,1.16256,1.16256,1.16239,1.16243,0.0
2026-09-08 16:32:00,1.16251,1.16251,1.16239,1.16241,0.0
2026-09-08 16:33:00,1.16245,1.16247,1.16239,1.1624,0.0
2026-09-08 16:34:00,1.16241,1.16252,1.16231,1.1625,0.0
2026-09-08 16:35:00,1.16244,1.16244,1.16228,1.16229,0.0
2026-09-08 16:36:00,1.16232,1.16233,1.16225,1.16232,0.0
2026-09-08 16:37:00,1.1623,1.1623,1.16222,1.16223,0.0
2026-09-08 16:38:00,1.16226,1.16226,1.16218,1.1622,0.0
2026-09-08 16:39:00,1.16221,1.16236,1.16221,1.16233,0.0
2026-09-08 16:40:00,1.16226,1.1624,1.16226,1.16238,0.0
2026-09-08 16:41:00,1.16232,1.16247,1.16232,1.16245,0.0
2026-09-08 16:42:00,1.16239,1.16245,1.16234,1.16244,0.0
2026-09-08 16:43:00,1.16243,1.16247,1.16237,1.16238,0.0
2026-09-08 16:44:00,1.16238,1.1626,1.16237,1.16255,0.0
2026-09-08 16:45:00,1.16248,1.16263,1.16247,1.16261,0.0
2026-09-08 16:46:00,1.16257,1.16257,1.16241,1.16243,0.0
2026-09-08 16:47:00,1.16248,1.1625,1.1624,1.16248,0.0
2026-09-08 16:48:00,1.16247,1.16247,1.16239,1.1624,0.0
2026-09-08 16:49:00,1.16242,1.16243,1.16236,1.16243,0.0
2026-09-08 16:50:00,1.16241,1.16244,1.1624,1.16243,0.0
2026-09-08 16:51:00,1.16241,1.1625,1.16241,1.16247,0.0
2026-09-08 16:52:00,1.16242,1.16251,1.1624,1.16251,0.0
2026-09-08 16:53:00,1.16249,1.16249,1.16233,1.16235,0.0
2026-09-08 16:54:00,1.16241,1.16241,1.16228,1.16232,0.0
2026-09-08 16:55:00,1.16238,1.16239,1.16232,1.16233,0.0
2026-09-08 16:56:00,1.16236,1.16241,1.16225,1.16236,0.0
2026-09-08 16:57:00,1.16235,1.16235,1.16213,1.16218,0.0
2026-09-08 16:58:00,1.16225,1.16225,1.16214,1.16216,0.0
2026-09-08 16:59:00,1.16217,1.16219,1.16213,1.16219,0.0
2026-09-08 17:00:00,1.16218,1.16218,1.16212,1.16214,0.0
2026-09-08 17:01:00,1.16216,1.16216,1.16203,1.16206,0.0
2026-09-08 17:02:00,1.16211,1.16213,1.16206,1.16207,0.0
2026-09-08 17:03:00,1.16208,1.16212,1.16205,1.16212,0.0
2026-09-08 17:04:00,1.1621,1.1623,1.16195,1.162,0.0
2026-09-08 17:05:00,1.16212,1.16232,1.16212,1.16231,0.0
2026-09-08 17:06:00,1.16225,1.16228,1.16212,1.16227,0.0
2026-09-08 17:07:00,1.16226,1.16226,1.16215,1.16217,0.0
2026-09-08 17:08:00,1.16221,1.16222,1.16213,1.16214,0.0
2026-09-08 17:09:00,1.16216,1.16219,1.16213,1.16219,0.0
2026-09-08 17:10:00,1.16218,1.16219,1.16205,1.16219,0.0
2026-09-08 17:11:00,1.16218,1.16218,1.16198,1.16202,0.0
2026-09-08 17:12:00,1.16208,1.16208,1.16189,1.16194,0.0
2026-09-08 17:13:00,1.16204,1.16204,1.16183,1.16185,0.0
2026-09-08 17:14:00,1.16188,1.16193,1.16187,1.16192,0.0
2026-09-08 17:15:00,1.16186,1.16197,1.16186,1.16195,0.0
2026-09-08 17:16:00,1.16192,1.16196,1.16185,1.16195,0.0
2026-09-08 17:17:00,1.16193,1.16193,1.1617,1.16176,0.0
2026-09-08 17:18:00,1.16186,1.16186,1.16172,1.16174,0.0
2026-09-08 17:19:00,1.16176,1.16177,1.16167,1.16176,0.0
2026-09-08 17:20:00,1.16176,1.1618,1.16172,1.16173,0.0
2026-09-08 17:21:00,1.16173,1.16182,1.16173,1.16181,0.0
2026-09-08 17:22:00,1.16179,1.16179,1.1616,1.16165,0.0
2026-09-08 17:23:00,1.16173,1.16173,1.16148,1.16154,0.0
2026-09-08 17:24:00,1.16164,1.16164,1.16143,1.16145,0.0
2026-09-08 17:25:00,1.1615,1.1615,1.1614,1.16143,0.0
2026-09-08 17:26:00,1.16146,1.16147,1.1614,1.1614,0.0
2026-09-08 17:27:00,1.16142,1.16153,1.16141,1.1615,0.0
2026-09-08 17:28:00,1.1614,1.16155,1.1614,1.16154,0.0
2026-09-08 17:29:00,1.16151,1.16158,1.16148,1.16149,0.0
2026-09-08 17:30:00,1.16148,1.16158,1.16148,1.16157,0.0
2026-09-08 17:31:00,1.16155,1.16155,1.16149,1.1615,0.0
2026-09-08 17:32:00,1.16151,1.16161,1.16151,1.16159,0.0
2026-09-08 17:33:00,1.16151,1.16164,1.16151,1.16163,0.0
2026-09-08 17:34:00,1.1616,1.16171,1.16147,1.16168,0.0
2026-09-08 17:35:00,1.16163,1.16163,1.16136,1.1614,0.0
2026-09-08 17:36:00,1.16146,1.16146,1.16136,1.16138,0.0
2026-09-08 17:37:00,1.1614,1.16149,1.16137,1.1614,0.0
2026-09-08 17:38:00,1.16141,1.16148,1.1614,1.16147,0.0
2026-09-08 17:39:00,1.16145,1.16145,1.16131,1.16135,0.0
2026-09-08 17:40:00,1.1614,1.1614,1.16122,1.16125,0.0
2026-09-08 17:41:00,1.16131,1.16131,1.16121,1.16122,0.0
2026-09-08 17:42:00,1.16123,1.16123,1.16109,1.16113,0.0
2026-09-08 17:43:00,1.1612,1.1612,1.16105,1.16107,0.0
2026-09-08 17:44:00,1.1611,1.16118,1.16105,1.16106,0.0
2026-09-08 17:45:00,1.1611,1.16126,1.1611,1.16122,0.0
2026-09-08 17:46:00,1.16112,1.16135,1.16112,1.16131,0.0
2026-09-08 17:47:00,1.16125,1.16132,1.16125,1.16132,0.0
2026-09-08 17:48:00,1.16129,1.16139,1.16125,1.16129,0.0
2026-09-08 17:49:00,1.1613,1.16139,1.1613,1.16138,0.0
2026-09-08 17:50:00,1.16134,1.16134,1.16116,1.16134,0.0
2026-09-08 17:51:00,1.16133,1.16133,1.16118,1.16119,0.0
2026-09-08 17:52:00,1.16122,1.1613,1.16122,1.16129,0.0
2026-09-08 17:53:00,1.16126,1.16128,1.16124,1.16128,0.0
2026-09-08 17:54:00,1.16127,1.16132,1.16104,1.16111,0.0
2026-09-08 17:55:00,1.16124,1.16124,1.16102,1.16104,0.0
2026-09-08 17:56:00,1.16107,1.1611,1.16104,1.16109,0.0
2026-09-08 17:57:00,1.16104,1.16121,1.16104,1.16118,0.0
2026-09-08 17:58:00,1.16113,1.16121,1.16113,1.1612,0.0
2026-09-08 17:59:00,1.16115,1.1613,1.16115,1.16127,0.0
2026-09-08 18:00:00,1.16122,1.16128,1.16122,1.16128,0.0
2026-09-08 18:01:00,1.16126,1.16135,1.16124,1.16133,0.0
2026-09-08 18:02:00,1.16128,1.16136,1.16128,1.16135,0.0
2026-09-08 18:03:00,1.16133,1.16142,1.16133,1.1614,0.0
2026-09-08 18:04:00,1.16133,1.16145,1.16128,1.16144,0.0
2026-09-08 18:05:00,1.1614,1.1614,1.16125,1.16128,0.0
2026-09-08 18:06:00,1.16129,1.16155,1.16119,1.16148,0.0
2026-09-08 18:07:00,1.16138,1.16159,1.16138,1.16157,0.0
2026-09-08 18:08:00,1.16148,1.16162,1.16141,1.16161,0.0
2026-09-08 18:09:00,1.16156,1.16157,1.16123,1.1613,0.0
2026-09-08 18:10:00,1.16144,1.16144,1.16105,1.16112,0.0
2026-09-08 18:11:00,1.16124,1.16124,1.16101,1.16104,0.0
2026-09-08 18:12:00,1.16109,1.16124,1.16109,1.16123,0.0
2026-09-08 18:13:00,1.16118,1.16125,1.16114,1.16124,0.0
2026-09-08 18:14:00,1.16122,1.16122,1.16111,1.16114,0.0
2026-09-08 18:15:00,1.16117,1.16117,1.16104,1.16106,0.0
2026-09-08 18:16:00,1.1611,1.1611,1.16099,1.16101,0.0
2026-09-08 18:17:00,1.16104,1.16104,1.16094,1.16096,0.0
2026-09-08 18:18:00,1.16099,1.16099,1.16094,1.16099,0.0
2026-09-08 18:19:00,1.16097,1.16108,1.16089,1.16091,0.0
2026-09-08 18:20:00,1.16097,1.16114,1.16097,1.16111,0.0
2026-09-08 18:21:00,1.16103,1.16116,1.16103,1.16115,0.0
2026-09-08 18:22:00,1.16112,1.16112,1.16105,1.16106,0.0
2026-09-08 18:23:00,1.16107,1.16121,1.16107,1.16118,0.0
2026-09-08 18:24:00,1.16109,1.1613,1.16109,1.16126,0.0
2026-09-08 18:25:00,1.16121,1.16139,1.16121,1.16135,0.0
2026-09-08 18:26:00,1.16124,1.16152,1.16124,1.16147,0.0
2026-09-08 18:27:00,1.1614,1.16152,1.16133,1.16151,0.0
2026-09-08 18:28:00,1.16148,1.16152,1.16136,1.16138,0.0
2026-09-08 18:29:00,1.16143,1.16152,1.16141,1.16151,0.0
2026-09-08 18:30:00,1.16148,1.16148,1.16133,1.16136,0.0
2026-09-08 18:31:00,1.16142,1.16142,1.16136,1.16137,0.0
2026-09-08 18:32:00,1.16138,1.16151,1.16138,1.16148,0.0
2026-09-08 18:33:00,1.16141,1.16161,1.16141,1.16157,0.0
2026-09-08 18:34:00,1.1615,1.16163,1.16149,1.16162,0.0
2026-09-08 18:35:00,1.16159,1.16159,1.16144,1.16147,0.0
2026-09-08 18:36:00,1.16153,1.1616,1.16135,1.16153,0.0
2026-09-08 18:37:00,1.16152,1.16152,1.16128,1.16133,0.0
2026-09-08 18:38:00,1.1614,1.1614,1.16128,1.16132,0.0
2026-09-08 18:39:00,1.16137,1.16147,1.16135,1.16144,0.0
2026-09-08 18:40:00,1.16139,1.16145,1.16139,1.16145,0.0
2026-09-08 18:41:00,1.16142,1.16147,1.16136,1.16147,0.0
2026-09-08 18:42:00,1.16145,1.16145,1.16136,1.16138,0.0
2026-09-08 18:43:00,1.16141,1.16141,1.16128,1.16141,0.0
2026-09-08 18:44:00,1.16139,1.16139,1.16131,1.16132,0.0
2026-09-08 18:45:00,1.16134,1.16137,1.16116,1.16122,0.0
2026-09-08 18:46:00,1.16131,1.16131,1.16115,1.16116,0.0
2026-09-08 18:47:00,1.16121,1.16134,1.16115,1.16132,0.0
2026-09-08 18:48:00,1.16127,1.16127,1.16109,1.16111,0.0
2026-09-08 18:49:00,1.16116,1.16125,1.16112,1.16113,0.0
2026-09-08 18:50:00,1.16112,1.16135,1.16112,1.16131,0.0
2026-09-08 18:51:00,1.16124,1.16136,1.1612,1.16135,0.0
2026-09-08 18:52:00,1.16131,1.16131,1.16116,1.16118,0.0
2026-09-08 18:53:00,1.16121,1.16121,1.16113,1.16115,0.0
2026-09-08 18:54:00,1.16117,1.16122,1.16116,1.16121,0.0
2026-09-08 18:55:00,1.16116,1.16125,1.16116,1.16124,0.0
2026-09-08 18:56:00,1.16122,1.16122,1.16112,1.16122,0.0
2026-09-08 18:57:00,1.1612,1.16124,1.16116,1.16117,0.0
2026-09-08 18:58:00,1.16119,1.1613,1.16107,1.16127,0.0
2026-09-08 18:59:00,1.16121,1.16121,1.16095,1.161,0.0
2026-09-08 19:00:00,1.16108,1.16108,1.161,1.16102,0.0
2026-09-08 19:01:00,1.16104,1.16123,1.16101,1.16118,0.0
2026-09-08 19:02:00,1.16107,1.16125,1.16107,1.16123,0.0
2026-09-08 19:03:00,1.1612,1.16125,1.16098,1.16125,0.0
2026-09-08 19:04:00,1.16124,1.16124,1.16094,1.16099,0.0
2026-09-08 19:05:00,1.16107,1.16111,1.16098,1.161,0.0
2026-09-08 19:06:00,1.16099,1.16139,1.1609,1.16129,0.0
2026-09-08 19:07:00,1.16116,1.16147,1.16116,1.16143,0.0
2026-09-08 19:08:00,1.16136,1.16136,1.16102,1.16109,0.0
2026-09-08 19:09:00,1.1612,1.1612,1.16104,1.16108,0.0
2026-09-08 19:10:00,1.16112,1.16112,1.16098,1.16101,0.0
2026-09-08 19:11:00,1.16107,1.16113,1.16106,1.16111,0.0
2026-09-08 19:12:00,1.16107,1.16116,1.16107,1.16115,0.0
2026-09-08 19:13:00,1.16113,1.16115,1.16108,1.16113,0.0
2026-09-08 19:14:00,1.16113,1.16117,1.16112,1.16116,0.0
2026-09-08 19:15:00,1.16112,1.16122,1.16112,1.1612,0.0
2026-09-08 19:16:00,1.16117,1.1612,1.16112,1.1612,0.0
2026-09-08 19:17:00,1.16118,1.1612,1.16109,1.16118,0.0
2026-09-08 19:18:00,1.16118,1.16118,1.16109,1.16112,0.0
2026-09-08 19:19:00,1.16114,1.16121,1.1611,1.16119,0.0
2026-09-08 19:20:00,1.16115,1.16118,1.16112,1.16118,0.0
2026-09-08 19:21:00,1.16116,1.1612,1.16109,1.1612,0.0
2026-09-08 19:22:00,1.16118,1.16125,1.16113,1.16114,0.0
2026-09-08 19:23:00,1.16116,1.1613,1.16116,1.16129,0.0
2026-09-08 19:24:00,1.16124,1.16131,1.1612,1.1613,0.0
2026-09-08 19:25:00,1.16128,1.16128,1.16114,1.16119,0.0
2026-09-08 19:26:00,1.16125,1.16125,1.16113,1.16115,0.0
2026-09-08 19:27:00,1.1612,1.16123,1.16109,1.16123,0.0
2026-09-08 19:28:00,1.16121,1.16121,1.1611,1.16113,0.0
2026-09-08 19:29:00,1.16118,1.16118,1.16108,1.16111,0.0
2026-09-08 19:30:00,1.16115,1.16125,1.16111,1.16122,0.0
2026-09-08 19:31:00,1.16116,1.16122,1.16114,1.16122,0.0
2026-09-08 19:32:00,1.16121,1.16125,1.16116,1.16121,0.0
2026-09-08 19:33:00,1.1612,1.16124,1.1611,1.16124,0.0
2026-09-08 19:34:00,1.16122,1.16122,1.16112,1.16114,0.0
2026-09-08 19:35:00,1.16115,1.1613,1.16107,1.16109,0.0
2026-09-08 19:36:00,1.16117,1.16132,1.16117,1.16131,0.0
2026-09-08 19:37:00,1.16126,1.16138,1.16126,1.16135,0.0
2026-09-08 19:38:00,1.16131,1.16135,1.16128,1.16135,0.0
2026-09-08 19:39:00,1.16132,1.16142,1.16131,1.1614,0.0
2026-09-08 19:40:00,1.16136,1.16143,1.16132,1.16142,0.0
2026-09-08 19:41:00,1.16136,1.16157,1.16136,1.16152,0.0
2026-09-08 19:42:00,1.16145,1.16161,1.16145,1.16159,0.0
2026-09-08 19:43:00,1.16153,1.16164,1.16148,1.16163,0.0
2026-09-08 19:44:00,1.16161,1.16161,1.16136,1.16141,0.0
2026-09-08 19:45:00,1.16151,1.16151,1.16133,1.16137,0.0
2026-09-08 19:46:00,1.16143,1.16152,1.1614,1.16149,0.0
2026-09-08 19:47:00,1.16145,1.16153,1.16141,1.16152,0.0
2026-09-08 19:48:00,1.16148,1.16148,1.16125,1.16131,0.0
2026-09-08 19:49:00,1.1614,1.1614,1.16121,1.16126,0.0
2026-09-08 19:50:00,1.16132,1.16147,1.16123,1.16132,0.0
2026-09-08 19:51:00,1.16134,1.16145,1.16134,1.16145,0.0
2026-09-08 19:52:00,1.16142,1.1615,1.16139,1.16148,0.0
2026-09-08 19:53:00,1.16142,1.16149,1.16139,1.16148,0.0
2026-09-08 19:54:00,1.16146,1.16146,1.16129,1.16133,0.0
2026-09-08 19:55:00,1.16139,1.16144,1.16133,1.16134,0.0
2026-09-08 19:56:00,1.16137,1.16144,1.16136,1.16144,0.0
2026-09-08 19:57:00,1.1614,1.16147,1.16139,1.16146,0.0
2026-09-08 19:58:00,1.16144,1.16145,1.16133,1.16145,0.0
2026-09-08 19:59:00,1.16143,1.16152,1.16135,1.16137,0.0
2026-09-08 20:00:00,1.16142,1.16157,1.16134,1.16154,0.0
2026-09-08 20:01:00,1.16148,1.16148,1.16121,1.16126,0.0
2026-09-08 20:02:00,1.16135,1.16135,1.16122,1.16125,0.0
2026-09-08 20:03:00,1.1613,1.1613,1.16117,1.1612,0.0
2026-09-08 20:04:00,1.16125,1.16125,1.16117,1.16118,0.0
2026-09-08 20:05:00,1.1612,1.16124,1.16118,1.16123,0.0
2026-09-08 20:06:00,1.16118,1.16135,1.16118,1.16131,0.0
2026-09-08 20:07:00,1.16125,1.16135,1.16125,1.16134,0.0
2026-09-08 20:08:00,1.1613,1.16144,1.16129,1.1614,0.0
2026-09-08 20:09:00,1.16135,1.16146,1.16129,1.16144,0.0
2026-09-08 20:10:00,1.1614,1.1614,1.16125,1.16127,0.0
2026-09-08 20:11:00,1.16132,1.16133,1.16128,1.16133,0.0
2026-09-08 20:12:00,1.16131,1.16135,1.16124,1.16135,0.0
2026-09-08 20:13:00,1.16133,1.1614,1.16131,1.16131,0.0
2026-09-08 20:14:00,1.16131,1.16141,1.16131,1.16141,0.0
2026-09-08 20:15:00,1.16138,1.16142,1.16133,1.16141,0.0
2026-09-08 20:16:00,1.1614,1.16141,1.16135,1.16141,0.0
2026-09-08 20:17:00,1.16139,1.16139,1.16128,1.1613,0.0
2026-09-08 20:18:00,1.16134,1.16134,1.16122,1.16126,0.0
2026-09-08 20:19:00,1.16131,1.16131,1.16121,1.16124,0.0
2026-09-08 20:20:00,1.16129,1.16144,1.16114,1.16119,0.0
2026-09-08 20:21:00,1.16122,1.16155,1.16122,1.16152,0.0
2026-09-08 20:22:00,1.16146,1.16154,1.16133,1.16152,0.0
2026-09-08 20:23:00,1.16149,1.16149,1.1612,1.16126,0.0
2026-09-08 20:24:00,1.16137,1.16137,1.16116,1.16118,0.0
2026-09-08 20:25:00,1.16122,1.16122,1.16112,1.16122,0.0
2026-09-08 20:26:00,1.1612,1.1612,1.16112,1.16114,0.0
2026-09-08 20:27:00,1.16117,1.16117,1.1611,1.16112,0.0
2026-09-08 20:28:00,1.16113,1.16124,1.16109,1.16121,0.0
2026-09-08 20:29:00,1.16115,1.16123,1.16108,1.16123,0.0
2026-09-08 20:30:00,1.1612,1.1612,1.16113,1.16114,0.0
2026-09-08 20:31:00,1.16116,1.16117,1.16105,1.16108,0.0
2026-09-08 20:32:00,1.16114,1.16114,1.16104,1.16106,0.0
2026-09-08 20:33:00,1.16109,1.16109,1.16101,1.16103,0.0
2026-09-08 20:34:00,1.16106,1.16106,1.16097,1.16099,0.0
2026-09-08 20:35:00,1.16101,1.16109,1.161,1.16107,0.0
2026-09-08 20:36:00,1.16102,1.16109,1.16102,1.16109,0.0
2026-09-08 20:37:00,1.16106,1.16106,1.16095,1.16098,0.0
2026-09-08 20:38:00,1.16103,1.16103,1.16093,1.16095,0.0
2026-09-08 20:39:00,1.16095,1.16104,1.16095,1.16102,0.0
2026-09-08 20:40:00,1.16099,1.16104,1.16097,1.16103,0.0
2026-09-08 20:41:00,1.16099,1.161,1.16091,1.16099,0.0
2026-09-08 20:42:00,1.16098,1.161,1.16094,1.16095,0.0
2026-09-08 20:43:00,1.16095,1.16103,1.16095,1.16102,0.0
2026-09-08 20:44:00,1.16099,1.16101,1.16091,1.16101,0.0
2026-09-08 20:45:00,1.161,1.161,1.16097,1.161,0.0
2026-09-08 20:46:00,1.16098,1.16103,1.16094,1.16098,0.0
2026-09-08 20:47:00,1.16099,1.16102,1.16091,1.16102,0.0
2026-09-08 20:48:00,1.16099,1.1611,1.16093,1.16095,0.0
2026-09-08 20:49:00,1.161,1.16108,1.161,1.16108,0.0
2026-09-08 20:50:00,1.16104,1.16117,1.16104,1.16114,0.0
2026-09-08 20:51:00,1.1611,1.16125,1.1611,1.16121,0.0
2026-09-08 20:52:00,1.1611,1.16135,1.1611,1.16132,0.0
2026-09-08 20:53:00,1.16126,1.16133,1.16124,1.16133,0.0
2026-09-08 20:54:00,1.16131,1.16131,1.16116,1.16121,0.0
2026-09-08 20:55:00,1.16128,1.16128,1.16117,1.16119,0.0
2026-09-08 20:56:00,1.16124,1.16124,1.16117,1.16124,0.0
2026-09-08 20:57:00,1.16121,1.16139,1.16115,1.16133,0.0
2026-09-08 20:58:00,1.16126,1.1614,1.16126,1.16139,0.0
2026-09-08 20:59:00,1.16133,1.16145,1.16132,1.16144,0.0
2026-09-08 21:00:00,1.16141,1.16144,1.16122,1.16128,0.0
2026-09-08 21:01:00,1.16138,1.16138,1.16114,1.1612,0.0
2026-09-08 21:02:00,1.16129,1.16129,1.16116,1.16119,0.0
2026-09-08 21:03:00,1.16123,1.16127,1.16116,1.16123,0.0
2026-09-08 21:04:00,1.16122,1.16124,1.16117,1.16124,0.0
2026-09-08 21:05:00,1.16123,1.16125,1.16118,1.16125,0.0
2026-09-08 21:06:00,1.16123,1.16124,1.16116,1.16123,0.0
2026-09-08 21:07:00,1.16122,1.16122,1.16109,1.16113,0.0
2026-09-08 21:08:00,1.16118,1.16118,1.1611,1.1611,0.0
2026-09-08 21:09:00,1.16112,1.16121,1.16112,1.16119,0.0
2026-09-08 21:10:00,1.1611,1.16124,1.16105,1.16123,0.0
2026-09-08 21:11:00,1.16119,1.16119,1.161,1.16104,0.0
2026-09-08 21:12:00,1.16111,1.16111,1.16094,1.16097,0.0
2026-09-08 21:13:00,1.16103,1.16103,1.16094,1.16096,0.0
2026-09-08 21:14:00,1.16099,1.1611,1.16098,1.16107,0.0
2026-09-08 21:15:00,1.16099,1.16113,1.16099,1.16111,0.0
2026-09-08 21:16:00,1.16108,1.16119,1.16108,1.16117,0.0
2026-09-08 21:17:00,1.1611,1.16126,1.1611,1.16123,0.0
2026-09-08 21:18:00,1.16119,1.16125,1.16117,1.16125,0.0
2026-09-08 21:19:00,1.16122,1.16139,1.1611,1.16114,0.0
2026-09-08 21:20:00,1.16124,1.16139,1.16124,1.16138,0.0
2026-09-08 21:21:00,1.16132,1.16146,1.16132,1.16144,0.0
2026-09-08 21:22:00,1.16141,1.16143,1.1614,1.16143,0.0
2026-09-08 21:23:00,1.16141,1.16145,1.16135,1.16145,0.0
2026-09-08 21:24:00,1.16144,1.16144,1.16129,1.16134,0.0
2026-09-08 21:25:00,1.16141,1.16146,1.1614,1.16145,0.0
2026-09-08 21:26:00,1.1614,1.16149,1.16139,1.16147,0.0
2026-09-08 21:27:00,1.16145,1.16148,1.16137,1.16148,0.0
2026-09-08 21:28:00,1.16145,1.16161,1.16135,1.16145,0.0
2026-09-08 21:29:00,1.16147,1.1616,1.16147,1.16159,0.0
2026-09-08 21:30:00,1.16155,1.16161,1.16148,1.1616,0.0
2026-09-08 21:31:00,1.16158,1.1616,1.16145,1.16158,0.0
2026-09-08 21:32:00,1.16156,1.16156,1.16145,1.16147,0.0
2026-09-08 21:33:00,1.16151,1.16156,1.16147,1.16151,0.0
2026-09-08 21:34:00,1.1615,1.16161,1.1615,1.1616,0.0
2026-09-08 21:35:00,1.16156,1.16159,1.16147,1.16159,0.0
2026-09-08 21:36:00,1.16158,1.16158,1.16145,1.16149,0.0
2026-09-08 21:37:00,1.16154,1.16167,1.16148,1.16154,0.0
2026-09-08 21:38:00,1.16156,1.1618,1.16156,1.16175,0.0
2026-09-08 21:39:00,1.1616,1.1619,1.1616,1.16186,0.0
2026-09-08 21:40:00,1.16181,1.16188,1.16172,1.16187,0.0
2026-09-08 21:41:00,1.16183,1.16183,1.16167,1.1617,0.0
2026-09-08 21:42:00,1.16175,1.16179,1.1616,1.16165,0.0
2026-09-08 21:43:00,1.16173,1.16173,1.16153,1.16157,0.0
2026-09-08 21:44:00,1.16164,1.16165,1.16142,1.16149,0.0
2026-09-08 21:45:00,1.1616,1.1616,1.16132,1.16136,0.0
2026-09-08 21:46:00,1.16142,1.16142,1.16126,1.16129,0.0
2026-09-08 21:47:00,1.16133,1.16136,1.1612,1.16124,0.0
2026-09-08 21:48:00,1.16131,1.16131,1.16117,1.16118,0.0
2026-09-08 21:49:00,1.16121,1.16136,1.16121,1.16133,0.0
2026-09-08 21:50:00,1.16121,1.16146,1.16121,1.16142,0.0
2026-09-08 21:51:00,1.16138,1.16156,1.16124,1.16151,0.0
2026-09-08 21:52:00,1.16143,1.16143,1.16104,1.16112,0.0
2026-09-08 21:53:00,1.16123,1.16123,1.16085,1.16091,0.0
2026-09-08 21:54:00,1.16102,1.16102,1.16085,1.16087,0.0
2026-09-08 21:55:00,1.1609,1.16109,1.16089,1.16089,0.0
2026-09-08 21:56:00,1.1609,1.16123,1.1609,1.16118,0.0
2026-09-08 21:57:00,1.16106,1.16128,1.16106,1.16126,0.0
2026-09-08 21:58:00,1.16122,1.16125,1.16121,1.16125,0.0
2026-09-08 21:59:00,1.16122,1.16137,1.16118,1.16132,0.0
2026-09-08 22:00:00,1.16127,1.16135,1.16127,1.16135,0.0
2026-09-08 22:01:00,1.16132,1.16143,1.16121,1.16124,0.0
2026-09-08 22:02:00,1.16132,1.16143,1.16132,1.16142,0.0
2026-09-08 22:03:00,1.16137,1.16151,1.16137,1.16148,0.0
2026-09-08 22:04:00,1.16143,1.16149,1.1614,1.16149,0.0
2026-09-08 22:05:00,1.16147,1.16147,1.16143,1.16144,0.0
2026-09-08 22:06:00,1.16144,1.16151,1.16141,1.16144,0.0
2026-09-08 22:07:00,1.16145,1.16151,1.16145,1.16151,0.0
2026-09-08 22:08:00,1.16149,1.16151,1.16143,1.16149,0.0
2026-09-08 22:09:00,1.16149,1.16153,1.16136,1.16152,0.0
2026-09-08 22:10:00,1.16148,1.1615,1.16137,1.16138,0.0
2026-09-08 22:11:00,1.16142,1.16148,1.16136,1.16148,0.0
2026-09-08 22:12:00,1.16145,1.16145,1.16135,1.16137,0.0
2026-09-08 22:13:00,1.16141,1.16141,1.16131,1.16134,0.0
2026-09-08 22:14:00,1.16137,1.16139,1.16125,1.16139,0.0
2026-09-08 22:15:00,1.16138,1.16138,1.16125,1.16127,0.0
2026-09-08 22:16:00,1.1613,1.1613,1.16108,1.16115,0.0
2026-09-08 22:17:00,1.16126,1.16126,1.16113,1.16114,0.0
2026-09-08 22:18:00,1.16117,1.16119,1.16112,1.16119,0.0
2026-09-08 22:19:00,1.16117,1.16133,1.16102,1.16106,0.0
2026-09-08 22:20:00,1.16117,1.16133,1.16117,1.16132,0.0
2026-09-08 22:21:00,1.16127,1.1614,1.16122,1.16137,0.0
2026-09-08 22:22:00,1.16133,1.16147,1.16133,1.16143,0.0
2026-09-08 22:23:00,1.16133,1.16151,1.16133,1.1615,0.0
2026-09-08 22:24:00,1.16146,1.16146,1.16132,1.16134,0.0
2026-09-08 22:25:00,1.16137,1.16145,1.16135,1.16144,0.0
2026-09-08 22:26:00,1.1614,1.16147,1.16139,1.16146,0.0
2026-09-08 22:27:00,1.16143,1.16152,1.16143,1.1615,0.0
2026-09-08 22:28:00,1.16143,1.16159,1.16143,1.16157,0.0
2026-09-08 22:29:00,1.16153,1.16165,1.16153,1.16162,0.0
2026-09-08 22:30:00,1.16153,1.16173,1.16153,1.16171,0.0
2026-09-08 22:31:00,1.16167,1.16174,1.1616,1.16173,0.0
2026-09-08 22:32:00,1.16169,1.16169,1.16149,1.16154,0.0
2026-09-08 22:33:00,1.16162,1.16179,1.1616,1.16173,0.0
2026-09-08 22:34:00,1.1616,1.16188,1.1616,1.16185,0.0
2026-09-08 22:35:00,1.16178,1.16187,1.16176,1.16186,0.0
2026-09-08 22:36:00,1.16184,1.16184,1.1617,1.16175,0.0
2026-09-08 22:37:00,1.16181,1.16183,1.16176,1.16177,0.0
2026-09-08 22:38:00,1.1618,1.16182,1.16175,1.16182,0.0
2026-09-08 22:39:00,1.1618,1.16184,1.16172,1.16174,0.0
2026-09-08 22:40:00,1.16179,1.16196,1.16163,1.16191,0.0
2026-09-08 22:41:00,1.16182,1.16182,1.16155,1.16158,0.0
2026-09-08 22:42:00,1.16164,1.16166,1.16156,1.16158,0.0
2026-09-08 22:43:00,1.16159,1.1617,1.16156,1.16169,0.0
2026-09-08 22:44:00,1.16167,1.16167,1.16156,1.16158,0.0
2026-09-08 22:45:00,1.16161,1.16162,1.16152,1.16162,0.0
2026-09-08 22:46:00,1.16161,1.16161,1.16149,1.16152,0.0
2026-09-08 22:47:00,1.16159,1.16166,1.16156,1.16159,0.0
2026-09-08 22:48:00,1.16156,1.16177,1.16156,1.16173,0.0
2026-09-08 22:49:00,1.16167,1.16177,1.16167,1.16177,0.0
2026-09-08 22:50:00,1.16172,1.16193,1.16168,1.16188,0.0
2026-09-08 22:51:00,1.16181,1.16195,1.16175,1.16194,0.0
2026-09-08 22:52:00,1.16189,1.16189,1.16172,1.16176,0.0
2026-09-08 22:53:00,1.16182,1.16183,1.16172,1.16182,0.0
2026-09-08 22:54:00,1.16181,1.1619,1.16173,1.16175,0.0
2026-09-08 22:55:00,1.16178,1.16197,1.16178,1.16193,0.0
2026-09-08 22:56:00,1.16187,1.16199,1.16187,1.16198,0.0
2026-09-08 22:57:00,1.16196,1.16196,1.16186,1.16189,0.0
2026-09-08 22:58:00,1.16195,1.16195,1.16187,1.16189,0.0
2026-09-08 22:59:00,1.16192,1.16201,1.16188,1.16189,0.0
2026-09-08 23:00:00,1.16193,1.16206,1.16193,1.16204,0.0
2026-09-08 23:01:00,1.16195,1.16219,1.16194,1.16213,0.0
2026-09-08 23:02:00,1.16206,1.16221,1.16206,1.16219,0.0
2026-09-08 23:03:00,1.16213,1.1622,1.16212,1.16219,0.0
2026-09-08 23:04:00,1.16216,1.16217,1.1621,1.16217,0.0
2026-09-08 23:05:00,1.16216,1.16228,1.16212,1.16216,0.0
2026-09-08 23:06:00,1.16215,1.1623,1.16215,1.16229,0.0
2026-09-08 23:07:00,1.16226,1.16234,1.16222,1.16232,0.0
2026-09-08 23:08:00,1.16226,1.1625,1.16226,1.16244,0.0
2026-09-08 23:09:00,1.16236,1.16251,1.16236,1.1625,0.0
2026-09-08 23:10:00,1.16246,1.16254,1.16243,1.16252,0.0
2026-09-08 23:11:00,1.1625,1.16251,1.16245,1.16251,0.0
2026-09-08 23:12:00,1.16249,1.16253,1.1624,1.16243,0.0
2026-09-08 23:13:00,1.16248,1.1625,1.16247,1.1625,0.0
2026-09-08 23:14:00,1.16247,1.16252,1.1624,1.16252,0.0
2026-09-08 23:15:00,1.16251,1.16251,1.16232,1.16237,0.0
2026-09-08 23:16:00,1.16245,1.16245,1.1623,1.16232,0.0
2026-09-08 23:17:00,1.16235,1.16236,1.16228,1.1623,0.0
2026-09-08 23:18:00,1.16234,1.1624,1.16233,1.16239,0.0
2026-09-08 23:19:00,1.16233,1.16246,1.16233,1.16244,0.0
2026-09-08 23:20:00,1.1624,1.16244,1.16233,1.16244,0.0
2026-09-08 23:21:00,1.16241,1.16253,1.16233,1.16235,0.0
2026-09-08 23:22:00,1.16243,1.1626,1.16243,1.16257,0.0
2026-09-08 23:23:00,1.16246,1.16268,1.16246,1.16266,0.0
2026-09-08 23:24:00,1.16262,1.16266,1.16253,1.16266,0.0
2026-09-08 23:25:00,1.16264,1.16264,1.16252,1.16255,0.0
2026-09-08 23:26:00,1.1626,1.1626,1.1624,1.16246,0.0
2026-09-08 23:27:00,1.16255,1.16255,1.16245,1.16247,0.0
2026-09-08 23:28:00,1.1625,1.1625,1.1623,1.16236,0.0
2026-09-08 23:29:00,1.16246,1.16248,1.16228,1.16233,0.0
2026-09-08 23:30:00,1.16242,1.16242,1.16222,1.16225,0.0
2026-09-08 23:31:00,1.16231,1.16231,1.16224,1.16226,0.0
2026-09-08 23:32:00,1.16227,1.16241,1.16224,1.16237,0.0
2026-09-08 23:33:00,1.16231,1.16239,1.1623,1.16239,0.0
2026-09-08 23:34:00,1.16235,1.16239,1.16228,1.16239,0.0
2026-09-08 23:35:00,1.16237,1.16242,1.16198,1.1621,0.0
2026-09-08 23:36:00,1.16231,1.16231,1.16194,1.16198,0.0
2026-09-08 23:37:00,1.16204,1.16228,1.16204,1.16224,0.0
2026-09-08 23:38:00,1.16217,1.16232,1.16206,1.16231,0.0
2026-09-08 23:39:00,1.16227,1.16227,1.16209,1.1621,0.0
2026-09-08 23:40:00,1.16214,1.16221,1.16213,1.16221,0.0
2026-09-08 23:41:00,1.16219,1.16219,1.16209,1.16211,0.0
2026-09-08 23:42:00,1.16216,1.16216,1.1621,1.16212,0.0
2026-09-08 23:43:00,1.16212,1.1622,1.1621,1.16219,0.0
2026-09-08 23:44:00,1.16217,1.16219,1.16212,1.16217,0.0
2026-09-08 23:45:00,1.16215,1.16221,1.16214,1.16221,0.0
2026-09-08 23:46:00,1.16219,1.16219,1.16203,1.16206,0.0
2026-09-08 23:47:00,1.16213,1.16222,1.16205,1.16206,0.0
2026-09-08 23:48:00,1.16206,1.16226,1.16206,1.16224,0.0
2026-09-08 23:49:00,1.16221,1.16226,1.16212,1.16226,0.0
2026-09-08 23:50:00,1.16223,1.16231,1.16211,1.16213,0.0
2026-09-08 23:51:00,1.1622,1.16229,1.1622,1.16229,0.0
2026-09-08 23:52:00,1.16226,1.16226,1.16209,1.16214,0.0
2026-09-08 23:53:00,1.16224,1.16224,1.16216,1.16218,0.0
2026-09-08 23:54:00,1.16218,1.16234,1.16216,1.1623,0.0
2026-09-08 23:55:00,1.16223,1.16233,1.1622,1.16232,0.0
2026-09-08 23:56:00,1.1623,1.1623,1.1622,1.16223,0.0
2026-09-08 23:57:00,1.16227,1.16227,1.16217,1.1622,0.0
2026-09-08 23:58:00,1.16224,1.16224,1.16216,1.16218,0.0
2026-09-08 23:59:00,1.16221,1.16224,1.16218,1.16218,0.0
2026-09-09 00:00:00,1.1622,1.16231,1.1622,1.16228,0.0
2026-09-09 00:01:00,1.16218,1.16238,1.16218,1.16236,0.0
2026-09-09 00:02:00,1.16232,1.16237,1.16228,1.16236,0.0
2026-09-09 00:03:00,1.16232,1.16251,1.16231,1.16246,0.0
2026-09-09 00:04:00,1.1624,1.16249,1.16237,1.16249,0.0
2026-09-09 00:05:00,1.16246,1.16249,1.16237,1.16239,0.0
2026-09-09 00:06:00,1.16243,1.16247,1.1624,1.16247,0.0
2026-09-09 00:07:00,1.16245,1.16247,1.16241,1.16247,0.0
2026-09-09 00:08:00,1.16245,1.16247,1.16225,1.16247,0.0
2026-09-09 00:09:00,1.16244,1.16244,1.1622,1.16225,0.0
2026-09-09 00:10:00,1.16235,1.16235,1.16214,1.16217,0.0
2026-09-09 00:11:00,1.16221,1.16222,1.16205,1.16209,0.0
2026-09-09 00:12:00,1.16216,1.16216,1.16203,1.16204,0.0
2026-09-09 00:13:00,1.16207,1.1621,1.16206,1.1621,0.0
2026-09-09 00:14:00,1.16208,1.16208,1.16201,1.16203,0.0
2026-09-09 00:15:00,1.16206,1.16206,1.16197,1.16199,0.0
2026-09-09 00:16:00,1.162,1.162,1.16194,1.162,0.0
2026-09-09 00:17:00,1.16199,1.16206,1.16195,1.16196,0.0
2026-09-09 00:18:00,1.16198,1.16215,1.16198,1.16212,0.0
2026-09-09 00:19:00,1.16203,1.16224,1.16203,1.1622,0.0
2026-09-09 00:20:00,1.16216,1.16224,1.16212,1.16224,0.0
2026-09-09 00:21:00,1.16221,1.16229,1.16209,1.16211,0.0
2026-09-09 00:22:00,1.16218,1.16237,1.16218,1.16233,0.0
2026-09-09 00:23:00,1.16221,1.1625,1.16221,1.16246,0.0
2026-09-09 00:24:00,1.1624,1.16248,1.16236,1.16248,0.0
2026-09-09 00:25:00,1.16245,1.16261,1.16236,1.16245,0.0
2026-09-09 00:26:00,1.16246,1.16271,1.16246,1.16266,0.0
2026-09-09 00:27:00,1.16257,1.16276,1.16257,1.16274,0.0
2026-09-09 00:28:00,1.1627,1.1627,1.16259,1.16261,0.0
2026-09-09 00:29:00,1.16266,1.16266,1.16244,1.16251,0.0
2026-09-09 00:30:00,1.16261,1.1627,1.16244,1.16247,0.0
2026-09-09 00:31:00,1.16256,1.16271,1.16256,1.1627,0.0
2026-09-09 00:32:00,1.16265,1.16274,1.16261,1.16272,0.0
2026-09-09 00:33:00,1.1627,1.16272,1.16264,1.16272,0.0
2026-09-09 00:34:00,1.16268,1.1628,1.16268,1.16278,0.0
2026-09-09 00:35:00,1.16274,1.16285,1.16271,1.16282,0.0
2026-09-09 00:36:00,1.16275,1.16303,1.16275,1.16297,0.0
2026-09-09 00:37:00,1.16286,1.16306,1.16286,1.16304,0.0
2026-09-09 00:38:00,1.163,1.16303,1.16297,1.16303,0.0
2026-09-09 00:39:00,1.16301,1.16303,1.1629,1.16303,0.0
2026-09-09 00:40:00,1.16302,1.16302,1.1629,1.16294,0.0
2026-09-09 00:41:00,1.16299,1.16299,1.16282,1.16287,0.0
2026-09-09 00:42:00,1.16295,1.16295,1.16284,1.16287,0.0
2026-09-09 00:43:00,1.16289,1.16305,1.16287,1.16301,0.0
2026-09-09 00:44:00,1.16295,1.16306,1.16295,1.16305,0.0
2026-09-09 00:45:00,1.16299,1.16312,1.16299,1.16311,0.0
2026-09-09 00:46:00,1.16308,1.16309,1.16299,1.16309,0.0
2026-09-09 00:47:00,1.16308,1.16309,1.16301,1.16308,0.0
2026-09-09 00:48:00,1.16307,1.1631,1.16302,1.16307,0.0
2026-09-09 00:49:00,1.16307,1.16312,1.16294,1.16311,0.0
2026-09-09 00:50:00,1.16309,1.16309,1.16294,1.16296,0.0
2026-09-09 00:51:00,1.16299,1.16302,1.16297,1.16302,0.0
2026-09-09 00:52:00,1.16299,1.16303,1.16286,1.16303,0.0
2026-09-09 00:53:00,1.163,1.163,1.16278,1.16283,0.0
2026-09-09 00:54:00,1.16291,1.16292,1.16278,1.16279,0.0
2026-09-09 00:55:00,1.16283,1.16292,1.16275,1.16291,0.0
2026-09-09 00:56:00,1.16288,1.16288,1.16268,1.16273,0.0
2026-09-09 00:57:00,1.16281,1.1629,1.1627,1.16272,0.0
2026-09-09 00:58:00,1.16276,1.16299,1.16276,1.16296,0.0
2026-09-09 00:59:00,1.16288,1.16303,1.16288,1.16301,0.0
2026-09-09 01:00:00,1.16298,1.1631,1.16298,1.16307,0.0
2026-09-09 01:01:00,1.16298,1.16316,1.16295,1.16314,0.0
2026-09-09 01:02:00,1.16309,1.16309,1.16298,1.163,0.0
2026-09-09 01:03:00,1.16302,1.16315,1.163,1.16311,0.0
2026-09-09 01:04:00,1.16306,1.16316,1.16306,1.16315,0.0
2026-09-09 01:05:00,1.16309,1.16318,1.16306,1.16317,0.0
2026-09-09 01:06:00,1.16315,1.16317,1.16306,1.16308,0.0
2026-09-09 01:07:00,1.16311,1.16323,1.16311,1.16321,0.0
2026-09-09 01:08:00,1.16317,1.16322,1.16316,1.16322,0.0
2026-09-09 01:09:00,1.16321,1.16322,1.16316,1.16322,0.0
2026-09-09 01:10:00,1.16319,1.16328,1.16316,1.16325,0.0
2026-09-09 01:11:00,1.16321,1.16331,1.16321,1.1633,0.0
2026-09-09 01:12:00,1.16323,1.16343,1.16323,1.16339,0.0
2026-09-09 01:13:00,1.16334,1.16345,1.16324,1.16343,0.0
2026-09-09 01:14:00,1.16339,1.16339,1.16312,1.16318,0.0
2026-09-09 01:15:00,1.16329,1.16329,1.16307,1.16312,0.0
2026-09-09 01:16:00,1.16321,1.16323,1.16314,1.16316,0.0
2026-09-09 01:17:00,1.16318,1.16323,1.16307,1.16322,0.0
2026-09-09 01:18:00,1.16319,1.16331,1.16319,1.16329,0.0
2026-09-09 01:19:00,1.16322,1.16333,1.16306,1.16332,0.0
2026-09-09 01:20:00,1.16328,1.16328,1.16306,1.16311,0.0
2026-09-09 01:21:00,1.16319,1.16319,1.16306,1.16309,0.0
2026-09-09 01:22:00,1.16315,1.16321,1.16298,1.16303,0.0
2026-09-09 01:23:00,1.16312,1.16312,1.16286,1.16291,0.0
2026-09-09 01:24:00,1.16299,1.16306,1.16297,1.16304,0.0
2026-09-09 01:25:00,1.16296,1.16316,1.16296,1.16313,0.0
2026-09-09 01:26:00,1.16308,1.16314,1.16308,1.16314,0.0
2026-09-09 01:27:00,1.16312,1.16316,1.16305,1.16316,0.0
2026-09-09 01:28:00,1.16314,1.16316,1.16307,1.16309,0.0
2026-09-09 01:29:00,1.16312,1.16317,1.16309,1.16317,0.0
2026-09-09 01:30:00,1.16315,1.16315,1.16291,1.16297,0.0
2026-09-09 01:31:00,1.16307,1.16307,1.16294,1.16296,0.0
2026-09-09 01:32:00,1.16298,1.16312,1.16293,1.16307,0.0
2026-09-09 01:33:00,1.16302,1.16314,1.16299,1.16313,0.0
2026-09-09 01:34:00,1.16308,1.16308,1.16283,1.16289,0.0
2026-09-09 01:35:00,1.16299,1.16299,1.1628,1.16284,0.0
2026-09-09 01:36:00,1.16291,1.16291,1.16275,1.16279,0.0
2026-09-09 01:37:00,1.16287,1.16287,1.16274,1.16277,0.0
2026-09-09 01:38:00,1.16282,1.16282,1.16268,1.16273,0.0
2026-09-09 01:39:00,1.1628,1.1628,1.16268,1.1627,0.0
2026-09-09 01:40:00,1.16274,1.16276,1.1627,1.16276,0.0
2026-09-09 01:41:00,1.16274,1.16281,1.1627,1.16279,0.0
2026-09-09 01:42:00,1.16276,1.16284,1.16276,1.16283,0.0
2026-09-09 01:43:00,1.16275,1.1629,1.16275,1.16288,0.0
2026-09-09 01:44:00,1.16284,1.16284,1.16275,1.16278,0.0
2026-09-09 01:45:00,1.1628,1.16283,1.16272,1.16283,0.0
2026-09-09 01:46:00,1.16282,1.16282,1.16264,1.16269,0.0
2026-09-09 01:47:00,1.16277,1.16277,1.16263,1.16266,0.0
2026-09-09 01:48:00,1.16272,1.1628,1.1627,1.16278,0.0
2026-09-09 01:49:00,1.16273,1.16282,1.1627,1.16282,0.0
2026-09-09 01:50:00,1.1628,1.1628,1.1627,1.16271,0.0
2026-09-09 01:51:00,1.16273,1.16278,1.1627,1.16278,0.0
2026-09-09 01:52:00,1.16276,1.16276,1.1627,1.1627,0.0
2026-09-09 01:53:00,1.16271,1.16274,1.16268,1.16274,0.0
2026-09-09 01:54:00,1.16271,1.16281,1.1627,1.16278,0.0
2026-09-09 01:55:00,1.16274,1.16278,1.16268,1.16278,0.0
2026-09-09 01:56:00,1.16276,1.16277,1.16267,1.16276,0.0
2026-09-09 01:57:00,1.16276,1.16276,1.16268,1.1627,0.0
2026-09-09 01:58:00,1.16273,1.16278,1.1627,1.16277,0.0
2026-09-09 01:59:00,1.16274,1.16278,1.16271,1.16277,0.0
2026-09-09 02:00:00,1.16276,1.16279,1.16259,1.16279,0.0
2026-09-09 02:01:00,1.16277,1.16277,1.16259,1.16262,0.0
2026-09-09 02:02:00,1.16267,1.16267,1.16256,1.16259,0.0
2026-09-09 02:03:00,1.16262,1.16265,1.16256,1.16257,0.0
2026-09-09 02:04:00,1.1626,1.16262,1.16259,1.16262,0.0
2026-09-09 02:05:00,1.1626,1.16265,1.16257,1.16264,0.0
2026-09-09 02:06:00,1.16262,1.16262,1.16255,1.16257,0.0
2026-09-09 02:07:00,1.1626,1.16262,1.16253,1.16255,0.0
2026-09-09 02:08:00,1.16258,1.1626,1.16249,1.1626,0.0
2026-09-09 02:09:00,1.16259,1.16259,1.16247,1.16251,0.0
2026-09-09 02:10:00,1.16257,1.16257,1.16236,1.16241,0.0
2026-09-09 02:11:00,1.16248,1.16248,1.16236,1.16238,0.0
2026-09-09 02:12:00,1.16239,1.16241,1.16236,1.16239,0.0
2026-09-09 02:13:00,1.16239,1.16243,1.16225,1.16239,0.0
2026-09-09 02:14:00,1.16238,1.16238,1.16228,1.16228,0.0
2026-09-09 02:15:00,1.1623,1.16232,1.16226,1.16232,0.0
2026-09-09 02:16:00,1.1623,1.16234,1.16228,1.16228,0.0
2026-09-09 02:17:00,1.16229,1.16235,1.16229,1.16234,0.0
2026-09-09 02:18:00,1.16229,1.16237,1.16229,1.16237,0.0
2026-09-09 02:19:00,1.16235,1.16235,1.16224,1.16235,0.0
2026-09-09 02:20:00,1.16234,1.16234,1.16216,1.16221,0.0
2026-09-09 02:21:00,1.16227,1.16228,1.1622,1.16221,0.0
2026-09-09 02:22:00,1.16224,1.1623,1.16212,1.16229,0.0
2026-09-09 02:23:00,1.16225,1.16225,1.16209,1.16211,0.0
2026-09-09 02:24:00,1.16217,1.16219,1.1621,1.16219,0.0
2026-09-09 02:25:00,1.16216,1.16225,1.1621,1.16211,0.0
2026-09-09 02:26:00,1.16216,1.16221,1.16216,1.16221,0.0
2026-09-09 02:27:00,1.16219,1.16228,1.16217,1.16226,0.0
2026-09-09 02:28:00,1.16222,1.16231,1.16221,1.16229,0.0
2026-09-09 02:29:00,1.16224,1.16237,1.16224,1.16235,0.0
2026-09-09 02:30:00,1.1623,1.1624,1.1623,1.16238,0.0
2026-09-09 02:31:00,1.16236,1.16239,1.1623,1.16239,0.0
2026-09-09 02:32:00,1.16236,1.16244,1.16234,1.16242,0.0
2026-09-09 02:33:00,1.16238,1.16242,1.16232,1.16242,0.0
2026-09-09 02:34:00,1.16239,1.16246,1.16234,1.16235,0.0
2026-09-09 02:35:00,1.16239,1.16243,1.16232,1.16243,0.0
2026-09-09 02:36:00,1.16241,1.16243,1.1623,1.16233,0.0
2026-09-09 02:37:00,1.16239,1.16242,1.16226,1.16241,0.0
2026-09-09 02:38:00,1.16239,1.16239,1.1622,1.16225,0.0
2026-09-09 02:39:00,1.16233,1.16233,1.1622,1.16223,0.0
2026-09-09 02:40:00,1.16228,1.16231,1.16224,1.16231,0.0
2026-09-09 02:41:00,1.16228,1.16233,1.16226,1.16232,0.0
2026-09-09 02:42:00,1.1623,1.16233,1.16221,1.16233,0.0
2026-09-09 02:43:00,1.1623,1.1623,1.1621,1.16215,0.0
2026-09-09 02:44:00,1.16223,1.16223,1.16207,1.16211,0.0
2026-09-09 02:45:00,1.16217,1.16219,1.1621,1.1621,0.0
2026-09-09 02:46:00,1.16212,1.16215,1.16209,1.16215,0.0
2026-09-09 02:47:00,1.16214,1.16217,1.16206,1.16214,0.0
2026-09-09 02:48:00,1.16213,1.16214,1.1621,1.16214,0.0
2026-09-09 02:49:00,1.16213,1.16218,1.1621,1.16211,0.0
2026-09-09 02:50:00,1.16211,1.16233,1.16211,1.16227,0.0
2026-09-09 02:51:00,1.16218,1.16237,1.16218,1.16236,0.0
2026-09-09 02:52:00,1.16231,1.16231,1.16216,1.1622,0.0
2026-09-09 02:53:00,1.16227,1.16227,1.1622,1.16222,0.0
2026-09-09 02:54:00,1.16222,1.16233,1.16222,1.1623,0.0
2026-09-09 02:55:00,1.16226,1.1623,1.1622,1.1623,0.0
2026-09-09 02:56:00,1.16227,1.16234,1.16224,1.16232,0.0
2026-09-09 02:57:00,1.16228,1.16233,1.1622,1.16232,0.0
2026-09-09 02:58:00,1.16229,1.16235,1.16226,1.16235,0.0
2026-09-09 02:59:00,1.16233,1.16236,1.1623,1.16231,0.0
2026-09-09 03:00:00,1.16232,1.16246,1.1623,1.16243,0.0
2026-09-09 03:01:00,1.16233,1.16258,1.16233,1.16253,0.0
2026-09-09 03:02:00,1.16247,1.16257,1.16247,1.16257,0.0
2026-09-09 03:03:00,1.16255,1.16255,1.16244,1.16246,0.0
2026-09-09 03:04:00,1.16251,1.16252,1.16244,1.16252,0.0
2026-09-09 03:05:00,1.16248,1.16269,1.16242,1.16263,0.0
2026-09-09 03:06:00,1.16255,1.1627,1.16255,1.16269,0.0
2026-09-09 03:07:00,1.16264,1.16272,1.16257,1.1627,0.0
2026-09-09 03:08:00,1.16265,1.1627,1.16259,1.1627,0.0
2026-09-09 03:09:00,1.16268,1.16268,1.16256,1.1626,0.0
2026-09-09 03:10:00,1.16265,1.16272,1.1626,1.1626,0.0
2026-09-09 03:11:00,1.16262,1.16274,1.16262,1.16273,0.0
2026-09-09 03:12:00,1.1627,1.16276,1.16266,1.16274,0.0
2026-09-09 03:13:00,1.16271,1.16274,1.16261,1.16274,0.0
2026-09-09 03:14:00,1.16272,1.16273,1.16261,1.16264,0.0
2026-09-09 03:15:00,1.16269,1.1627,1.16259,1.1627,0.0
2026-09-09 03:16:00,1.16268,1.16269,1.16256,1.16259,0.0
2026-09-09 03:17:00,1.16266,1.16268,1.16263,1.16266,0.0
2026-09-09 03:18:00,1.16263,1.16273,1.16263,1.16272,0.0
2026-09-09 03:19:00,1.16269,1.1627,1.1626,1.1627,0.0
2026-09-09 03:20:00,1.16269,1.16269,1.16261,1.16269,0.0
2026-09-09 03:21:00,1.16268,1.16272,1.16263,1.16268,0.0
2026-09-09 03:22:00,1.16268,1.16273,1.16261,1.16273,0.0
2026-09-09 03:23:00,1.1627,1.1627,1.16255,1.16258,0.0
2026-09-09 03:24:00,1.16264,1.16264,1.16259,1.1626,0.0
2026-09-09 03:25:00,1.1626,1.16272,1.16257,1.16268,0.0
2026-09-09 03:26:00,1.16263,1.16274,1.16257,1.16272,0.0
2026-09-09 03:27:00,1.16268,1.16268,1.16252,1.16255,0.0
2026-09-09 03:28:00,1.16259,1.1626,1.16253,1.16259,0.0
2026-09-09 03:29:00,1.16257,1.16264,1.16257,1.16263,0.0
2026-09-09 03:30:00,1.1626,1.16265,1.1626,1.16264,0.0
2026-09-09 03:31:00,1.16262,1.16265,1.16253,1.16265,0.0
2026-09-09 03:32:00,1.16263,1.16263,1.16252,1.16255,0.0
2026-09-09 03:33:00,1.1626,1.16262,1.16255,1.16262,0.0
2026-09-09 03:34:00,1.16259,1.16263,1.16256,1.16259,0.0
2026-09-09 03:35:00,1.16259,1.16271,1.1624,1.16267,0.0
2026-09-09 03:36:00,1.1626,1.1626,1.16239,1.16241,0.0
2026-09-09 03:37:00,1.16246,1.16246,1.16239,1.1624,0.0
2026-09-09 03:38:00,1.1624,1.16258,1.1624,1.16254,0.0
2026-09-09 03:39:00,1.16246,1.16256,1.16246,1.16256,0.0
2026-09-09 03:40:00,1.16254,1.16254,1.16243,1.16254,0.0
2026-09-09 03:41:00,1.16253,1.16253,1.16239,1.16243,0.0
2026-09-09 03:42:00,1.16251,1.16251,1.16241,1.16251,0.0
2026-09-09 03:43:00,1.16249,1.16252,1.1624,1.16242,0.0
2026-09-09 03:44:00,1.16247,1.1625,1.1624,1.1625,0.0
2026-09-09 03:45:00,1.16248,1.16257,1.16241,1.16243,0.0
2026-09-09 03:46:00,1.16248,1.16255,1.16248,1.16255,0.0
2026-09-09 03:47:00,1.16251,1.16259,1.16251,1.16257,0.0
2026-09-09 03:48:00,1.16254,1.16256,1.16253,1.16256,0.0
2026-09-09 03:49:00,1.16254,1.16256,1.16247,1.16256,0.0
2026-09-09 03:50:00,1.16255,1.1626,1.16248,1.1625,0.0
2026-09-09 03:51:00,1.16253,1.16263,1.16253,1.16262,0.0
2026-09-09 03:52:00,1.16258,1.16265,1.16256,1.16264,0.0
2026-09-09 03:53:00,1.16262,1.16264,1.1626,1.16264,0.0
2026-09-09 03:54:00,1.16261,1.16264,1.16252,1.16255,0.0
2026-09-09 03:55:00,1.16261,1.16264,1.16251,1.16263,0.0
2026-09-09 03:56:00,1.1626,1.1626,1.16248,1.1625,0.0
2026-09-09 03:57:00,1.16255,1.16255,1.16248,1.16255,0.0
2026-09-09 03:58:00,1.16252,1.16265,1.16249,1.16261,0.0
2026-09-09 03:59:00,1.16255,1.16263,1.16255,1.16263,0.0
2026-09-09 04:00:00,1.16261,1.16265,1.16257,1.16264,0.0
2026-09-09 04:01:00,1.16262,1.16265,1.16257,1.16264,0.0
2026-09-09 04:02:00,1.16263,1.16265,1.16257,1.16265,0.0
2026-09-09 04:03:00,1.16262,1.16266,1.16261,1.16262,0.0
2026-09-09 04:04:00,1.16263,1.16264,1.1626,1.16264,0.0
2026-09-09 04:05:00,1.16261,1.1627,1.16259,1.16268,0.0
2026-09-09 04:06:00,1.16265,1.16267,1.1626,1.16267,0.0
2026-09-09 04:07:00,1.16264,1.1627,1.16263,1.16269,0.0
2026-09-09 04:08:00,1.16268,1.16268,1.16251,1.16256,0.0
2026-09-09 04:09:00,1.16264,1.16266,1.16255,1.16256,0.0
2026-09-09 04:10:00,1.16258,1.16266,1.16257,1.16265,0.0
2026-09-09 04:11:00,1.16263,1.16267,1.16259,1.16266,0.0
2026-09-09 04:12:00,1.16262,1.16267,1.16256,1.16266,0.0
2026-09-09 04:13:00,1.16265,1.16265,1.16257,1.16259,0.0
2026-09-09 04:14:00,1.16261,1.16265,1.16252,1.16255,0.0
2026-09-09 04:15:00,1.16261,1.16262,1.16255,1.16262,0.0
2026-09-09 04:16:00,1.1626,1.16264,1.16252,1.16254,0.0
2026-09-09 04:17:00,1.16259,1.16261,1.16253,1.16261,0.0
2026-09-09 04:18:00,1.16259,1.16259,1.16245,1.16259,0.0
2026-09-09 04:19:00,1.16258,1.16258,1.16248,1.16249,0.0
2026-09-09 04:20:00,1.16251,1.16261,1.16251,1.1626,0.0
2026-09-09 04:21:00,1.16257,1.1626,1.16251,1.1626,0.0
2026-09-09 04:22:00,1.16259,1.16259,1.16247,1.1625,0.0
2026-09-09 04:23:00,1.16255,1.16263,1.16252,1.16255,0.0
2026-09-09 04:24:00,1.16256,1.16265,1.16256,1.16264,0.0
2026-09-09 04:25:00,1.16257,1.16279,1.16257,1.16274,0.0
2026-09-09 04:26:00,1.16268,1.16278,1.16268,1.16277,0.0
2026-09-09 04:27:00,1.16273,1.16281,1.16271,1.1628,0.0
2026-09-09 04:28:00,1.16278,1.16279,1.16264,1.16278,0.0
2026-09-09 04:29:00,1.16276,1.16278,1.16268,1.1627,0.0
2026-09-09 04:30:00,1.16272,1.16281,1.1627,1.16279,0.0
2026-09-09 04:31:00,1.16274,1.16282,1.16272,1.16282,0.0
2026-09-09 04:32:00,1.1628,1.16283,1.16274,1.16276,0.0
2026-09-09 04:33:00,1.1628,1.16285,1.16279,1.16284,0.0
2026-09-09 04:34:00,1.16279,1.163,1.16276,1.16295,0.0
2026-09-09 04:35:00,1.16287,1.16298,1.16287,1.16298,0.0
2026-09-09 04:36:00,1.16294,1.16305,1.16294,1.16303,0.0
2026-09-09 04:37:00,1.16299,1.16302,1.16293,1.16302,0.0
2026-09-09 04:38:00,1.163,1.16305,1.16293,1.16295,0.0
2026-09-09 04:39:00,1.16298,1.16302,1.16298,1.16302,0.0
2026-09-09 04:40:00,1.163,1.16304,1.16295,1.16304,0.0
2026-09-09 04:41:00,1.16302,1.16302,1.16297,1.16298,0.0
2026-09-09 04:42:00,1.16301,1.16302,1.16299,1.16302,0.0
2026-09-09 04:43:00,1.163,1.16305,1.16297,1.16304,0.0
2026-09-09 04:44:00,1.16301,1.16304,1.16297,1.16304,0.0
2026-09-09 04:45:00,1.16301,1.16313,1.16301,1.1631,0.0
2026-09-09 04:46:00,1.16305,1.16312,1.16301,1.16312,0.0
2026-09-09 04:47:00,1.16309,1.16309,1.16298,1.163,0.0
2026-09-09 04:48:00,1.16304,1.16326,1.16273,1.16304,0.0
2026-09-09 04:49:00,1.16305,1.16305,1.16233,1.16247,0.0
2026-09-09 04:50:00,1.16272,1.16272,1.16229,1.16233,0.0
2026-09-09 04:51:00,1.1624,1.1624,1.16234,1.16236,0.0
2026-09-09 04:52:00,1.16238,1.16238,1.16233,1.16234,0.0
2026-09-09 04:53:00,1.16236,1.16239,1.16229,1.16231,0.0
2026-09-09 04:54:00,1.16232,1.16266,1.16219,1.16256,0.0
2026-09-09 04:55:00,1.16243,1.16272,1.16243,1.16269,0.0
2026-09-09 04:56:00,1.1626,1.16275,1.1626,1.16272,0.0
2026-09-09 04:57:00,1.16268,1.16277,1.16261,1.16275,0.0
2026-09-09 04:58:00,1.16271,1.16271,1.16255,1.16257,0.0
2026-09-09 04:59:00,1.16262,1.16272,1.16255,1.16269,0.0
2026-09-09 05:00:00,1.16261,1.1629,1.16261,1.16284,0.0
2026-09-09 05:01:00,1.16272,1.16294,1.16271,1.16292,0.0
2026-09-09 05:02:00,1.16287,1.1629,1.16279,1.16281,0.0
2026-09-09 05:03:00,1.16281,1.16301,1.16281,1.16297,0.0
2026-09-09 05:04:00,1.16291,1.16299,1.16291,1.16299,0.0
2026-09-09 05:05:00,1.16296,1.16304,1.16291,1.16302,0.0
2026-09-09 05:06:00,1.16299,1.16305,1.16287,1.16304,0.0
2026-09-09 05:07:00,1.163,1.163,1.16278,1.16283,0.0
2026-09-09 05:08:00,1.16293,1.16293,1.16282,1.16284,0.0
2026-09-09 05:09:00,1.16286,1.16287,1.16282,1.16287,0.0
2026-09-09 05:10:00,1.16286,1.16286,1.16264,1.1627,0.0
2026-09-09 05:11:00,1.16281,1.16281,1.16255,1.1626,0.0
2026-09-09 05:12:00,1.16267,1.16267,1.16256,1.16257,0.0
2026-09-09 05:13:00,1.1626,1.1627,1.1626,1.16269,0.0
2026-09-09 05:14:00,1.16263,1.16272,1.16261,1.16271,0.0
2026-09-09 05:15:00,1.16269,1.16269,1.16261,1.16269,0.0
2026-09-09 05:16:00,1.16266,1.16275,1.16266,1.16273,0.0
2026-09-09 05:17:00,1.16269,1.16272,1.16266,1.16272,0.0
2026-09-09 05:18:00,1.1627,1.1627,1.16259,1.16262,0.0
2026-09-09 05:19:00,1.16267,1.16267,1.16261,1.16263,0.0
2026-09-09 05:20:00,1.16264,1.16267,1.16257,1.16267,0.0
2026-09-09 05:21:00,1.16266,1.16269,1.16259,1.1626,0.0
2026-09-09 05:22:00,1.16261,1.16271,1.16261,1.16271,0.0
2026-09-09 05:23:00,1.16268,1.16268,1.1626,1.16268,0.0
2026-09-09 05:24:00,1.16267,1.16267,1.16257,1.1626,0.0
2026-09-09 05:25:00,1.16263,1.16266,1.16256,1.16257,0.0
2026-09-09 05:26:00,1.1626,1.16264,1.1626,1.16264,0.0
2026-09-09 05:27:00,1.16261,1.16268,1.16257,1.16261,0.0
2026-09-09 05:28:00,1.16262,1.16265,1.1626,1.16265,0.0
2026-09-09 05:29:00,1.16263,1.16265,1.16251,1.16265,0.0
2026-09-09 05:30:00,1.16263,1.16263,1.16257,1.16259,0.0
2026-09-09 05:31:00,1.16261,1.16263,1.16256,1.16263,0.0
2026-09-09 05:32:00,1.1626,1.16269,1.1626,1.16266,0.0
2026-09-09 05:33:00,1.16261,1.16268,1.1626,1.16268,0.0
2026-09-09 05:34:00,1.16266,1.16266,1.16249,1.16254,0.0
2026-09-09 05:35:00,1.16264,1.16264,1.16253,1.16255,0.0
2026-09-09 05:36:00,1.16257,1.16266,1.16257,1.16264,0.0
2026-09-09 05:37:00,1.16261,1.16267,1.16251,1.16266,0.0
2026-09-09 05:38:00,1.16262,1.1627,1.16245,1.16248,0.0
2026-09-09 05:39:00,1.16257,1.16271,1.16257,1.1627,0.0
2026-09-09 05:40:00,1.16265,1.16273,1.16264,1.16272,0.0
2026-09-09 05:41:00,1.1627,1.16273,1.16264,1.1627,0.0
2026-09-09 05:42:00,1.1627,1.16274,1.16267,1.16274,0.0
2026-09-09 05:43:00,1.16271,1.16275,1.16264,1.16274,0.0
2026-09-09 05:44:00,1.16273,1.16274,1.16266,1.16274,0.0
2026-09-09 05:45:00,1.16271,1.16274,1.16263,1.16271,0.0
2026-09-09 05:46:00,1.16272,1.16278,1.16256,1.16272,0.0
2026-09-09 05:47:00,1.16271,1.16271,1.16256,1.16257,0.0
2026-09-09 05:48:00,1.16261,1.16262,1.16256,1.16262,0.0
2026-09-09 05:49:00,1.1626,1.16266,1.16258,1.1626,0.0
2026-09-09 05:50:00,1.1626,1.16265,1.16252,1.16264,0.0
2026-09-09 05:51:00,1.16262,1.16262,1.16252,1.16254,0.0
2026-09-09 05:52:00,1.16258,1.16258,1.16247,1.16249,0.0
2026-09-09 05:53:00,1.16252,1.16252,1.16243,1.16245,0.0
2026-09-09 05:54:00,1.16248,1.16251,1.16242,1.16242,0.0
2026-09-09 05:55:00,1.16244,1.1625,1.16241,1.1625,0.0
2026-09-09 05:56:00,1.16247,1.16247,1.16237,1.16239,0.0
2026-09-09 05:57:00,1.16242,1.16245,1.16229,1.16244,0.0
2026-09-09 05:58:00,1.16241,1.16241,1.16226,1.1623,0.0
2026-09-09 05:59:00,1.16236,1.16236,1.16229,1.16231,0.0
2026-09-09 06:00:00,1.16232,1.1624,1.1623,1.16239,0.0
2026-09-09 06:01:00,1.16236,1.16243,1.16233,1.16241,0.0
2026-09-09 06:02:00,1.16236,1.16244,1.16236,1.16244,0.0
2026-09-09 06:03:00,1.16242,1.16253,1.16239,1.16242,0.0
2026-09-09 06:04:00,1.16243,1.16253,1.16243,1.16253,0.0
2026-09-09 06:05:00,1.1625,1.16252,1.16239,1.16252,0.0
2026-09-09 06:06:00,1.1625,1.1625,1.16232,1.16236,0.0
2026-09-09 06:07:00,1.16241,1.16241,1.16229,1.16232,0.0
2026-09-09 06:08:00,1.16237,1.16237,1.1623,1.16232,0.0
2026-09-09 06:09:00,1.16234,1.16234,1.16228,1.1623,0.0
2026-09-09 06:10:00,1.16233,1.16233,1.16229,1.1623,0.0
2026-09-09 06:11:00,1.1623,1.16239,1.1623,1.16237,0.0
2026-09-09 06:12:00,1.16232,1.16237,1.16228,1.16237,0.0
2026-09-09 06:13:00,1.16236,1.16236,1.16229,1.16231,0.0
2026-09-09 06:14:00,1.16233,1.16238,1.1623,1.16233,0.0
2026-09-09 06:15:00,1.16234,1.16237,1.16233,1.16237,0.0
2026-09-09 06:16:00,1.16234,1.16243,1.16234,1.16241,0.0
2026-09-09 06:17:00,1.16238,1.16241,1.16237,1.16241,0.0
2026-09-09 06:18:00,1.16237,1.16249,1.16237,1.16246,0.0
2026-09-09 06:19:00,1.16241,1.16246,1.1624,1.16246,0.0
2026-09-09 06:20:00,1.16244,1.16245,1.16239,1.1624,0.0
2026-09-09 06:21:00,1.16242,1.16245,1.16241,1.16242,0.0
2026-09-09 06:22:00,1.16241,1.16247,1.16241,1.16247,0.0
2026-09-09 06:23:00,1.16245,1.16247,1.16243,1.16243,0.0
2026-09-09 06:24:00,1.16243,1.16247,1.16241,1.16247,0.0
2026-09-09 06:25:00,1.16245,1.16245,1.16236,1.16238,0.0
2026-09-09 06:26:00,1.16243,1.16244,1.16235,1.16243,0.0
2026-09-09 06:27:00,1.16241,1.16242,1.16232,1.16233,0.0
2026-09-09 06:28:00,1.16237,1.16243,1.16229,1.16242,0.0
2026-09-09 06:29:00,1.16238,1.16238,1.16229,1.1623,0.0
2026-09-09 06:30:00,1.16231,1.16234,1.16222,1.16234,0.0
2026-09-09 06:31:00,1.16232,1.16232,1.1622,1.16223,0.0
2026-09-09 06:32:00,1.16228,1.16232,1.16228,1.16231,0.0
2026-09-09 06:33:00,1.16229,1.16233,1.16222,1.16233,0.0
2026-09-09 06:34:00,1.16231,1.16234,1.16225,1.16226,0.0
2026-09-09 06:35:00,1.16228,1.16234,1.16228,1.16234,0.0
2026-09-09 06:36:00,1.1623,1.16241,1.1623,1.16239,0.0
2026-09-09 06:37:00,1.16235,1.16238,1.16232,1.16238,0.0
2026-09-09 06:38:00,1.16236,1.16243,1.16233,1.16234,0.0
2026-09-09 06:39:00,1.16236,1.1624,1.16233,1.1624,0.0
2026-09-09 06:40:00,1.16238,1.16242,1.16233,1.16234,0.0
2026-09-09 06:41:00,1.16237,1.16239,1.16229,1.16239,0.0
2026-09-09 06:42:00,1.16238,1.16238,1.16225,1.16229,0.0
2026-09-09 06:43:00,1.16234,1.16234,1.16226,1.16228,0.0
2026-09-09 06:44:00,1.16231,1.16233,1.16226,1.16233,0.0
2026-09-09 06:45:00,1.1623,1.16235,1.16226,1.1623,0.0
2026-09-09 06:46:00,1.16231,1.16233,1.16225,1.16233,0.0
2026-09-09 06:47:00,1.16231,1.16232,1.16221,1.16224,0.0
2026-09-09 06:48:00,1.16229,1.16229,1.16222,1.16229,0.0
2026-09-09 06:49:00,1.16227,1.16231,1.16222,1.16227,0.0
2026-09-09 06:50:00,1.16227,1.16229,1.16225,1.16229,0.0
2026-09-09 06:51:00,1.16226,1.16236,1.16226,1.16234,0.0
2026-09-09 06:52:00,1.1623,1.16235,1.16229,1.16235,0.0
2026-09-09 06:53:00,1.16233,1.16236,1.1623,1.16236,0.0
2026-09-09 06:54:00,1.16234,1.16241,1.16233,1.16234,0.0
2026-09-09 06:55:00,1.16235,1.1624,1.16234,1.1624,0.0
2026-09-09 06:56:00,1.16238,1.16242,1.16234,1.16235,0.0
2026-09-09 06:57:00,1.16238,1.1624,1.16234,1.1624,0.0
2026-09-09 06:58:00,1.16237,1.16244,1.16234,1.16242,0.0
2026-09-09 06:59:00,1.16239,1.16243,1.16229,1.16242,0.0
2026-09-09 07:00:00,1.1624,1.16244,1.1623,1.16232,0.0
2026-09-09 07:01:00,1.16235,1.16248,1.16234,1.16246,0.0
2026-09-09 07:02:00,1.1624,1.16272,1.1624,1.16264,0.0
2026-09-09 07:03:00,1.16248,1.16263,1.16248,1.16258,0.0
2026-09-09 07:04:00,1.1625,1.16259,1.1625,1.16257,0.0
2026-09-09 07:05:00,1.16252,1.16257,1.16246,1.16247,0.0
2026-09-09 07:06:00,1.16248,1.16259,1.16239,1.16241,0.0
2026-09-09 07:07:00,1.16242,1.16259,1.16237,1.16253,0.0
2026-09-09 07:08:00,1.16245,1.16259,1.16245,1.16257,0.0
2026-09-09 07:09:00,1.16249,1.16264,1.16249,1.16261,0.0
2026-09-09 07:10:00,1.16256,1.1626,1.16255,1.1626,0.0
2026-09-09 07:11:00,1.16259,1.16267,1.16257,1.16257,0.0
2026-09-09 07:12:00,1.16258,1.16264,1.16256,1.16263,0.0
2026-09-09 07:13:00,1.1626,1.16271,1.16253,1.16254,0.0
2026-09-09 07:14:00,1.16255,1.1627,1.16255,1.16265,0.0
2026-09-09 07:15:00,1.16258,1.16269,1.16256,1.16268,0.0
2026-09-09 07:16:00,1.16265,1.16266,1.16253,1.16254,0.0
2026-09-09 07:17:00,1.16255,1.16272,1.16249,1.16251,0.0
2026-09-09 07:18:00,1.1625,1.16266,1.1625,1.16264,0.0
2026-09-09 07:19:00,1.16259,1.16259,1.16249,1.16251,0.0
2026-09-09 07:20:00,1.16253,1.16267,1.1625,1.16253,0.0
2026-09-09 07:21:00,1.16254,1.16266,1.16254,1.16264,0.0
2026-09-09 07:22:00,1.16257,1.16263,1.16257,1.16262,0.0
2026-09-09 07:23:00,1.16259,1.16266,1.16254,1.16255,0.0
2026-09-09 07:24:00,1.16256,1.16266,1.16251,1.16252,0.0
2026-09-09 07:25:00,1.16252,1.1627,1.16252,1.16264,0.0
2026-09-09 07:26:00,1.16254,1.16267,1.16254,1.16264,0.0
2026-09-09 07:27:00,1.16254,1.16261,1.16254,1.16259,0.0
2026-09-09 07:28:00,1.16255,1.16263,1.16248,1.1625,0.0
2026-09-09 07:29:00,1.1625,1.16262,1.1625,1.1626,0.0
2026-09-09 07:30:00,1.16257,1.1626,1.16256,1.16259,0.0
2026-09-09 07:31:00,1.16256,1.16266,1.16256,1.16263,0.0
2026-09-09 07:32:00,1.16257,1.1626,1.16252,1.16253,0.0
2026-09-09 07:33:00,1.16256,1.16268,1.16249,1.1625,0.0
2026-09-09 07:34:00,1.16251,1.1626,1.16251,1.16259,0.0
2026-09-09 07:35:00,1.16257,1.16257,1.16251,1.16252,0.0
2026-09-09 07:36:00,1.16253,1.16257,1.16253,1.16253,0.0
2026-09-09 07:37:00,1.16253,1.16257,1.16248,1.16257,0.0
2026-09-09 07:38:00,1.16254,1.16259,1.16245,1.16246,0.0
2026-09-09 07:39:00,1.1625,1.16256,1.1625,1.16256,0.0
2026-09-09 07:40:00,1.16254,1.16261,1.16253,1.16253,0.0
2026-09-09 07:41:00,1.16254,1.1626,1.16253,1.16259,0.0
2026-09-09 07:42:00,1.16254,1.16257,1.16254,1.16256,0.0
2026-09-09 07:43:00,1.16255,1.16259,1.16253,1.16253,0.0
2026-09-09 07:44:00,1.16253,1.16259,1.16252,1.16259,0.0
2026-09-09 07:45:00,1.16257,1.16257,1.16251,1.16251,0.0
2026-09-09 07:46:00,1.16253,1.16263,1.16253,1.16261,0.0
2026-09-09 07:47:00,1.16253,1.1626,1.16253,1.16259,0.0
2026-09-09 07:48:00,1.16257,1.16257,1.16252,1.16257,0.0
2026-09-09 07:49:00,1.16255,1.16263,1.1625,1.16251,0.0
2026-09-09 07:50:00,1.16254,1.1627,1.16254,1.16266,0.0
2026-09-09 07:51:00,1.16256,1.16275,1.16256,1.16271,0.0
2026-09-09 07:52:00,1.16265,1.16276,1.16265,1.16273,0.0
2026-09-09 07:53:00,1.16266,1.16276,1.16266,1.16273,0.0
2026-09-09 07:54:00,1.16267,1.16275,1.16267,1.16274,0.0
2026-09-09 07:55:00,1.16271,1.16274,1.16266,1.16271,0.0
2026-09-09 07:56:00,1.16269,1.16274,1.16264,1.16264,0.0
2026-09-09 07:57:00,1.16266,1.16274,1.16264,1.16272,0.0
2026-09-09 07:58:00,1.16265,1.16275,1.16265,1.16272,0.0
2026-09-09 07:59:00,1.16266,1.16274,1.16264,1.16272,0.0
2026-09-09 08:00:00,1.16267,1.16267,1.16245,1.16252,0.0
2026-09-09 08:01:00,1.16265,1.16265,1.16245,1.1625,0.0
2026-09-09 08:02:00,1.16259,1.16264,1.16246,1.16248,0.0
2026-09-09 08:03:00,1.16251,1.16264,1.16251,1.16263,0.0
2026-09-09 08:04:00,1.1626,1.16263,1.16257,1.16263,0.0
2026-09-09 08:05:00,1.16262,1.16263,1.16257,1.16258,0.0
2026-09-09 08:06:00,1.16262,1.16263,1.16259,1.16263,0.0
2026-09-09 08:07:00,1.1626,1.16268,1.1626,1.16266,0.0
2026-09-09 08:08:00,1.16262,1.16266,1.1626,1.16266,0.0
2026-09-09 08:09:00,1.16262,1.1627,1.16259,1.16269,0.0
2026-09-09 08:10:00,1.16266,1.16271,1.16264,1.1627,0.0
2026-09-09 08:11:00,1.16265,1.1627,1.16265,1.16269,0.0
2026-09-09 08:12:00,1.16268,1.16268,1.16261,1.16263,0.0
2026-09-09 08:13:00,1.16266,1.16267,1.16264,1.16266,0.0
2026-09-09 08:14:00,1.16265,1.16269,1.16264,1.16265,0.0
2026-09-09 08:15:00,1.16265,1.16268,1.16263,1.16268,0.0
2026-09-09 08:16:00,1.16266,1.16273,1.16264,1.16264,0.0
2026-09-09 08:17:00,1.16267,1.16272,1.16267,1.16272,0.0
2026-09-09 08:18:00,1.16269,1.16274,1.16268,1.16273,0.0
2026-09-09 08:19:00,1.16271,1.16272,1.16268,1.16272,0.0
2026-09-09 08:20:00,1.16269,1.16278,1.16267,1.16276,0.0
2026-09-09 08:21:00,1.16271,1.16271,1.16264,1.16271,0.0
2026-09-09 08:22:00,1.16269,1.1627,1.16264,1.16265,0.0
2026-09-09 08:23:00,1.16268,1.1627,1.16266,1.16266,0.0
2026-09-09 08:24:00,1.16266,1.16272,1.16266,1.16272,0.0
2026-09-09 08:25:00,1.16269,1.16271,1.16267,1.16271,0.0
2026-09-09 08:26:00,1.1627,1.1627,1.16267,1.1627,0.0
2026-09-09 08:27:00,1.16267,1.16277,1.16267,1.16275,0.0
2026-09-09 08:28:00,1.16271,1.16275,1.16269,1.16275,0.0
2026-09-09 08:29:00,1.16273,1.16277,1.16269,1.16269,0.0
2026-09-09 08:30:00,1.16271,1.16274,1.16271,1.16274,0.0
2026-09-09 08:31:00,1.16272,1.16277,1.16272,1.16276,0.0
2026-09-09 08:32:00,1.16273,1.16274,1.16271,1.16274,0.0
2026-09-09 08:33:00,1.16273,1.16273,1.16268,1.16269,0.0
2026-09-09 08:34:00,1.16271,1.16273,1.16267,1.16268,0.0
2026-09-09 08:35:00,1.1627,1.16273,1.16259,1.16273,0.0
2026-09-09 08:36:00,1.16272,1.16272,1.1626,1.16262,0.0
2026-09-09 08:37:00,1.16266,1.16266,1.1626,1.16262,0.0
2026-09-09 08:38:00,1.16263,1.16267,1.16257,1.16258,0.0
2026-09-09 08:39:00,1.16261,1.16264,1.1626,1.16264,0.0
2026-09-09 08:40:00,1.16261,1.16267,1.16261,1.16261,0.0
2026-09-09 08:41:00,1.16262,1.16264,1.16259,1.16264,0.0
2026-09-09 08:42:00,1.16262,1.16264,1.16257,1.16264,0.0
2026-09-09 08:43:00,1.16263,1.16263,1.16257,1.16258,0.0
2026-09-09 08:44:00,1.1626,1.16262,1.16255,1.16256,0.0
2026-09-09 08:45:00,1.16256,1.16262,1.16256,1.16261,0.0
2026-09-09 08:46:00,1.1626,1.16262,1.16256,1.16262,0.0
2026-09-09 08:47:00,1.16259,1.16265,1.16257,1.16263,0.0
2026-09-09 08:48:00,1.16261,1.16264,1.16258,1.16264,0.0
2026-09-09 08:49:00,1.16261,1.16268,1.16256,1.16257,0.0
2026-09-09 08:50:00,1.1626,1.16265,1.16259,1.16265,0.0
2026-09-09 08:51:00,1.16262,1.16266,1.16261,1.16262,0.0
2026-09-09 08:52:00,1.16262,1.16263,1.1626,1.16263,0.0
2026-09-09 08:53:00,1.16261,1.16265,1.16257,1.16264,0.0
2026-09-09 08:54:00,1.16261,1.16262,1.16253,1.16262,0.0
2026-09-09 08:55:00,1.16261,1.16261,1.16255,1.16261,0.0
2026-09-09 08:56:00,1.1626,1.16261,1.16253,1.16254,0.0
2026-09-09 08:57:00,1.16257,1.1627,1.16257,1.16267,0.0
2026-09-09 08:58:00,1.16257,1.16263,1.16257,1.16261,0.0
2026-09-09 08:59:00,1.16259,1.16261,1.16256,1.16261,0.0
2026-09-09 09:00:00,1.16258,1.16266,1.16256,1.16258,0.0
2026-09-09 09:01:00,1.16259,1.16263,1.16259,1.16263,0.0
2026-09-09 09:02:00,1.16261,1.16266,1.1626,1.16265,0.0
2026-09-09 09:03:00,1.16262,1.16263,1.16259,1.16263,0.0
2026-09-09 09:04:00,1.16262,1.16262,1.16256,1.16262,0.0
2026-09-09 09:05:00,1.1626,1.1626,1.16251,1.16253,0.0
2026-09-09 09:06:00,1.16258,1.16259,1.16253,1.16254,0.0
2026-09-09 09:07:00,1.16254,1.16265,1.16254,1.16263,0.0
2026-09-09 09:08:00,1.16259,1.16265,1.16259,1.16264,0.0
2026-09-09 09:09:00,1.16259,1.1627,1.16259,1.16269,0.0
2026-09-09 09:10:00,1.16266,1.16267,1.16261,1.16267,0.0
2026-09-09 09:11:00,1.16265,1.16266,1.16263,1.16263,0.0
2026-09-09 09:12:00,1.16263,1.16263,1.1626,1.16263,0.0
2026-09-09 09:13:00,1.16261,1.16264,1.16257,1.16263,0.0
2026-09-09 09:14:00,1.16261,1.16262,1.1626,1.16261,0.0
2026-09-09 09:15:00,1.16261,1.16263,1.1626,1.16263,0.0
2026-09-09 09:16:00,1.16261,1.16268,1.1626,1.16261,0.0
2026-09-09 09:17:00,1.16262,1.1627,1.16262,1.16269,0.0
2026-09-09 09:18:00,1.16264,1.16277,1.16263,1.16274,0.0
2026-09-09 09:19:00,1.16268,1.16274,1.16267,1.16274,0.0
2026-09-09 09:20:00,1.16272,1.16275,1.16267,1.16268,0.0
2026-09-09 09:21:00,1.16271,1.16272,1.16266,1.16272,0.0
2026-09-09 09:22:00,1.1627,1.1627,1.16257,1.16261,0.0
2026-09-09 09:23:00,1.16267,1.16267,1.16257,1.16259,0.0
2026-09-09 09:24:00,1.16261,1.16269,1.16259,1.16267,0.0
2026-09-09 09:25:00,1.1626,1.16273,1.1626,1.16271,0.0
2026-09-09 09:26:00,1.16267,1.16274,1.16266,1.16274,0.0
2026-09-09 09:27:00,1.16271,1.16276,1.16268,1.16271,0.0
2026-09-09 09:28:00,1.16272,1.16275,1.16268,1.16275,0.0
2026-09-09 09:29:00,1.16272,1.16275,1.1627,1.1627,0.0
2026-09-09 09:30:00,1.1627,1.16272,1.16268,1.16272,0.0
2026-09-09 09:31:00,1.1627,1.16275,1.16266,1.16267,0.0
2026-09-09 09:32:00,1.16269,1.16274,1.16269,1.16273,0.0
2026-09-09 09:33:00,1.1627,1.16275,1.16268,1.16275,0.0
2026-09-09 09:34:00,1.16274,1.16274,1.16266,1.16268,0.0
2026-09-09 09:35:00,1.16271,1.16271,1.16257,1.16261,0.0
2026-09-09 09:36:00,1.16267,1.16267,1.16257,1.16258,0.0
2026-09-09 09:37:00,1.1626,1.16263,1.1626,1.16263,0.0
2026-09-09 09:38:00,1.16261,1.1627,1.1626,1.16267,0.0
2026-09-09 09:39:00,1.16263,1.16268,1.16263,1.16268,0.0
2026-09-09 09:40:00,1.16265,1.16276,1.16265,1.16273,0.0
2026-09-09 09:41:00,1.16269,1.16274,1.16269,1.16274,0.0
2026-09-09 09:42:00,1.1627,1.16285,1.16269,1.16281,0.0
2026-09-09 09:43:00,1.16275,1.16287,1.16275,1.16285,0.0
2026-09-09 09:44:00,1.1628,1.16291,1.1628,1.1629,0.0
2026-09-09 09:45:00,1.16287,1.16288,1.16282,1.16283,0.0
2026-09-09 09:46:00,1.16285,1.16288,1.1628,1.16288,0.0
2026-09-09 09:47:00,1.16286,1.16286,1.16272,1.16276,0.0
2026-09-09 09:48:00,1.16283,1.16288,1.1628,1.16287,0.0
2026-09-09 09:49:00,1.1628,1.16294,1.1628,1.16292,0.0
2026-09-09 09:50:00,1.16289,1.16292,1.1628,1.16292,0.0
2026-09-09 09:51:00,1.16289,1.16289,1.16278,1.1628,0.0
2026-09-09 09:52:00,1.16285,1.16286,1.16272,1.16276,0.0
2026-09-09 09:53:00,1.16283,1.16283,1.1627,1.16273,0.0
2026-09-09 09:54:00,1.16278,1.16278,1.16266,1.1627,0.0
2026-09-09 09:55:00,1.16275,1.16279,1.16268,1.1627,0.0
2026-09-09 09:56:00,1.16272,1.16282,1.16272,1.1628,0.0
2026-09-09 09:57:00,1.16278,1.16281,1.16278,1.16281,0.0
2026-09-09 09:58:00,1.16279,1.16279,1.16272,1.16274,0.0
2026-09-09 09:59:00,1.16278,1.16278,1.16271,1.16273,0.0
2026-09-09 10:00:00,1.16274,1.16291,1.16262,1.16274,0.0
2026-09-09 10:01:00,1.16277,1.16293,1.16277,1.16292,0.0
2026-09-09 10:02:00,1.16285,1.16311,1.16284,1.16305,0.0
2026-09-09 10:03:00,1.16296,1.1631,1.16296,1.16309,0.0
2026-09-09 10:04:00,1.16306,1.16315,1.16305,1.16313,0.0
2026-09-09 10:05:00,1.16308,1.16316,1.16307,1.16315,0.0
2026-09-09 10:06:00,1.16312,1.16316,1.16307,1.16316,0.0
2026-09-09 10:07:00,1.16315,1.16315,1.16305,1.16306,0.0
2026-09-09 10:08:00,1.16309,1.1631,1.16301,1.1631,0.0
2026-09-09 10:09:00,1.16308,1.16308,1.16294,1.16298,0.0
2026-09-09 10:10:00,1.16304,1.16304,1.16295,1.16304,0.0
2026-09-09 10:11:00,1.16301,1.16308,1.16294,1.16296,0.0
2026-09-09 10:12:00,1.16301,1.16307,1.16301,1.16306,0.0
2026-09-09 10:13:00,1.16302,1.16312,1.16301,1.16311,0.0
2026-09-09 10:14:00,1.16309,1.1631,1.16307,1.16309,0.0
2026-09-09 10:15:00,1.16308,1.16311,1.16303,1.16311,0.0
2026-09-09 10:16:00,1.1631,1.1631,1.16299,1.16302,0.0
2026-09-09 10:17:00,1.16307,1.16311,1.16306,1.1631,0.0
2026-09-09 10:18:00,1.16306,1.16321,1.16306,1.16317,0.0
2026-09-09 10:19:00,1.16312,1.16319,1.16312,1.16319,0.0
2026-09-09 10:20:00,1.16316,1.16324,1.16314,1.16322,0.0
2026-09-09 10:21:00,1.16319,1.16325,1.16309,1.16324,0.0
2026-09-09 10:22:00,1.1632,1.1632,1.16303,1.16306,0.0
2026-09-09 10:23:00,1.16312,1.16312,1.16306,1.16312,0.0
2026-09-09 10:24:00,1.1631,1.16311,1.16302,1.16311,0.0
2026-09-09 10:25:00,1.1631,1.1631,1.16299,1.16302,0.0
2026-09-09 10:26:00,1.16308,1.1631,1.16301,1.16303,0.0
2026-09-09 10:27:00,1.16305,1.16317,1.16305,1.16314,0.0
2026-09-09 10:28:00,1.16309,1.16316,1.16305,1.16316,0.0
2026-09-09 10:29:00,1.16314,1.16321,1.16307,1.16308,0.0
2026-09-09 10:30:00,1.16313,1.16319,1.16313,1.16319,0.0
2026-09-09 10:31:00,1.16317,1.16322,1.16312,1.16313,0.0
2026-09-09 10:32:00,1.16316,1.16321,1.16307,1.1632,0.0
2026-09-09 10:33:00,1.16317,1.16317,1.16301,1.16305,0.0
2026-09-09 10:34:00,1.16312,1.16312,1.16301,1.16305,0.0
2026-09-09 10:35:00,1.1631,1.1631,1.16299,1.16301,0.0
2026-09-09 10:36:00,1.16305,1.16311,1.16305,1.16309,0.0
2026-09-09 10:37:00,1.16306,1.16313,1.16297,1.16312,0.0
2026-09-09 10:38:00,1.1631,1.1631,1.16297,1.16298,0.0
2026-09-09 10:39:00,1.16301,1.16306,1.16298,1.16305,0.0
2026-09-09 10:40:00,1.16301,1.16313,1.16301,1.16311,0.0
2026-09-09 10:41:00,1.16307,1.16311,1.16301,1.16311,0.0
2026-09-09 10:42:00,1.16309,1.16309,1.16298,1.163,0.0
2026-09-09 10:43:00,1.16305,1.16306,1.16299,1.16306,0.0
2026-09-09 10:44:00,1.16304,1.1631,1.16301,1.16309,0.0
2026-09-09 10:45:00,1.16306,1.16308,1.16302,1.16308,0.0
2026-09-09 10:46:00,1.16307,1.16312,1.16301,1.16311,0.0
2026-09-09 10:47:00,1.16307,1.16312,1.16305,1.16311,0.0
2026-09-09 10:48:00,1.1631,1.16314,1.16297,1.16313,0.0
2026-09-09 10:49:00,1.16311,1.16314,1.16297,1.16299,0.0
2026-09-09 10:50:00,1.16304,1.16313,1.16304,1.16313,0.0
2026-09-09 10:51:00,1.16309,1.16318,1.16302,1.16309,0.0
2026-09-09 10:52:00,1.1631,1.16316,1.1631,1.16316,0.0
2026-09-09 10:53:00,1.16312,1.1632,1.16309,1.16319,0.0
2026-09-09 10:54:00,1.16317,1.16317,1.16297,1.16303,0.0
2026-09-09 10:55:00,1.16313,1.16313,1.16303,1.16305,0.0
2026-09-09 10:56:00,1.16308,1.16312,1.16303,1.16312,0.0
2026-09-09 10:57:00,1.1631,1.16312,1.16299,1.16312,0.0
2026-09-09 10:58:00,1.16309,1.16323,1.16306,1.16319,0.0
2026-09-09 10:59:00,1.16313,1.16324,1.16313,1.16323,0.0
2026-09-09 11:00:00,1.16319,1.16326,1.16319,1.16324,0.0
2026-09-09 11:01:00,1.16321,1.16334,1.16307,1.1633,0.0
2026-09-09 11:02:00,1.16323,1.16323,1.16291,1.16297,0.0
2026-09-09 11:03:00,1.16307,1.16307,1.16291,1.16294,0.0
2026-09-09 11:04:00,1.16297,1.16297,1.1629,1.16292,0.0
2026-09-09 11:05:00,1.16294,1.16297,1.16291,1.16294,0.0
2026-09-09 11:06:00,1.16293,1.16298,1.16291,1.16298,0.0
2026-09-09 11:07:00,1.16296,1.16307,1.16294,1.16296,0.0
2026-09-09 11:08:00,1.16297,1.16309,1.16297,1.16308,0.0
2026-09-09 11:09:00,1.16303,1.16315,1.16303,1.16313,0.0
2026-09-09 11:10:00,1.16309,1.16313,1.16305,1.16313,0.0
2026-09-09 11:11:00,1.1631,1.16318,1.16307,1.16316,0.0
2026-09-09 11:12:00,1.16312,1.16315,1.16307,1.16315,0.0
2026-09-09 11:13:00,1.16312,1.16318,1.1631,1.16317,0.0
2026-09-09 11:14:00,1.16315,1.16315,1.16306,1.16315,0.0
2026-09-09 11:15:00,1.16313,1.1632,1.1631,1.16318,0.0
2026-09-09 11:16:00,1.16314,1.16323,1.16314,1.16321,0.0
2026-09-09 11:17:00,1.16317,1.16324,1.16309,1.16324,0.0
2026-09-09 11:18:00,1.16322,1.16322,1.16303,1.16307,0.0
2026-09-09 11:19:00,1.16315,1.16315,1.16307,1.16309,0.0
2026-09-09 11:20:00,1.1631,1.16312,1.16303,1.1631,0.0
2026-09-09 11:21:00,1.1631,1.16315,1.16289,1.16296,0.0
2026-09-09 11:22:00,1.16307,1.16307,1.16289,1.16291,0.0
2026-09-09 11:23:00,1.16296,1.16297,1.16289,1.16296,0.0
2026-09-09 11:24:00,1.16294,1.16294,1.16279,1.16283,0.0
2026-09-09 11:25:00,1.1629,1.1629,1.16276,1.1628,0.0
2026-09-09 11:26:00,1.16285,1.16285,1.16278,1.16279,0.0
2026-09-09 11:27:00,1.16281,1.16283,1.16278,1.16283,0.0
2026-09-09 11:28:00,1.16282,1.16285,1.16276,1.16284,0.0
2026-09-09 11:29:00,1.16281,1.1629,1.16281,1.16288,0.0
2026-09-09 11:30:00,1.16285,1.16289,1.16283,1.16289,0.0
2026-09-09 11:31:00,1.16286,1.16286,1.16275,1.16278,0.0
2026-09-09 11:32:00,1.16283,1.16283,1.16275,1.16277,0.0
2026-09-09 11:33:00,1.16279,1.16288,1.16275,1.16279,0.0
2026-09-09 11:34:00,1.1628,1.16286,1.1628,1.16286,0.0
2026-09-09 11:35:00,1.16283,1.16293,1.16283,1.16291,0.0
2026-09-09 11:36:00,1.16286,1.16291,1.16283,1.16291,0.0
2026-09-09 11:37:00,1.1629,1.1629,1.1628,1.1629,0.0
2026-09-09 11:38:00,1.16288,1.16295,1.16287,1.16288,0.0
2026-09-09 11:39:00,1.16289,1.16294,1.16282,1.16294,0.0
2026-09-09 11:40:00,1.16292,1.16297,1.16284,1.16285,0.0
2026-09-09 11:41:00,1.16289,1.16295,1.16289,1.16295,0.0
2026-09-09 11:42:00,1.16292,1.16298,1.16286,1.16287,0.0
2026-09-09 11:43:00,1.16291,1.16295,1.16291,1.16295,0.0
2026-09-09 11:44:00,1.16292,1.16301,1.16291,1.16299,0.0
2026-09-09 11:45:00,1.16295,1.16298,1.16289,1.16298,0.0
2026-09-09 11:46:00,1.16297,1.16308,1.16295,1.16304,0.0
2026-09-09 11:47:00,1.16297,1.16309,1.16297,1.16308,0.0
2026-09-09 11:48:00,1.16305,1.16305,1.16295,1.16298,0.0
2026-09-09 11:49:00,1.16303,1.16303,1.16293,1.16296,0.0
2026-09-09 11:50:00,1.16301,1.16301,1.16291,1.16294,0.0
2026-09-09 11:51:00,1.16297,1.16304,1.16293,1.16297,0.0
2026-09-09 11:52:00,1.16298,1.16302,1.16291,1.16302,0.0
2026-09-09 11:53:00,1.163,1.16304,1.16293,1.16294,0.0
2026-09-09 11:54:00,1.16297,1.16306,1.16297,1.16304,0.0
2026-09-09 11:55:00,1.16298,1.1631,1.16298,1.16309,0.0
2026-09-09 11:56:00,1.16307,1.16308,1.16299,1.16301,0.0
2026-09-09 11:57:00,1.16304,1.16317,1.16304,1.16314,0.0
2026-09-09 11:58:00,1.16307,1.16318,1.16303,1.16317,0.0
2026-09-09 11:59:00,1.16314,1.16314,1.16303,1.16307,0.0
2026-09-09 12:00:00,1.1631,1.16318,1.16309,1.16316,0.0
2026-09-09 12:01:00,1.16313,1.16316,1.16307,1.16316,0.0
2026-09-09 12:02:00,1.16313,1.16313,1.16305,1.16307,0.0
2026-09-09 12:03:00,1.1631,1.16314,1.16294,1.16299,0.0
2026-09-09 12:04:00,1.16308,1.16308,1.16297,1.16298,0.0
2026-09-09 12:05:00,1.163,1.16305,1.16289,1.16304,0.0
2026-09-09 12:06:00,1.16301,1.16301,1.16284,1.16288,0.0
2026-09-09 12:07:00,1.16294,1.16299,1.1629,1.16291,0.0
2026-09-09 12:08:00,1.16292,1.16299,1.16292,1.16299,0.0
2026-09-09 12:09:00,1.16297,1.16305,1.16295,1.16297,0.0
2026-09-09 12:10:00,1.16298,1.16305,1.16298,1.16304,0.0
2026-09-09 12:11:00,1.163,1.16315,1.163,1.16311,0.0
2026-09-09 12:12:00,1.16307,1.16312,1.16306,1.16312,0.0
2026-09-09 12:13:00,1.16309,1.16314,1.16306,1.16313,0.0
2026-09-09 12:14:00,1.16311,1.16316,1.16294,1.16311,0.0
2026-09-09 12:15:00,1.1631,1.1631,1.16297,1.16298,0.0
2026-09-09 12:16:00,1.163,1.16302,1.16297,1.16302,0.0
2026-09-09 12:17:00,1.16301,1.16302,1.16297,1.16302,0.0
2026-09-09 12:18:00,1.16301,1.16302,1.16293,1.16295,0.0
2026-09-09 12:19:00,1.163,1.16301,1.16294,1.16301,0.0
2026-09-09 12:20:00,1.16299,1.16306,1.16299,1.16304,0.0
2026-09-09 12:21:00,1.16301,1.16304,1.16297,1.16304,0.0
2026-09-09 12:22:00,1.16301,1.16302,1.16289,1.16301,0.0
2026-09-09 12:23:00,1.163,1.163,1.16284,1.16288,0.0
2026-09-09 12:24:00,1.16294,1.16295,1.16286,1.16287,0.0
2026-09-09 12:25:00,1.16289,1.16292,1.16289,1.16292,0.0
2026-09-09 12:26:00,1.1629,1.16294,1.16284,1.16294,0.0
2026-09-09 12:27:00,1.16292,1.16292,1.1628,1.16292,0.0
2026-09-09 12:28:00,1.16291,1.16291,1.1628,1.16282,0.0
2026-09-09 12:29:00,1.16286,1.16291,1.16281,1.16282,0.0
2026-09-09 12:30:00,1.16284,1.1629,1.16282,1.1629,0.0
2026-09-09 12:31:00,1.16288,1.16292,1.16282,1.16283,0.0
2026-09-09 12:32:00,1.16286,1.16295,1.16286,1.16293,0.0
2026-09-09 12:33:00,1.16285,1.16298,1.16285,1.16296,0.0
2026-09-09 12:34:00,1.16293,1.16295,1.16291,1.16295,0.0
2026-09-09 12:35:00,1.16292,1.16297,1.16284,1.16297,0.0
2026-09-09 12:36:00,1.16295,1.16295,1.16286,1.16288,0.0
2026-09-09 12:37:00,1.16291,1.16293,1.1629,1.16291,0.0
2026-09-09 12:38:00,1.1629,1.16292,1.16287,1.16292,0.0
2026-09-09 12:39:00,1.16291,1.16292,1.16286,1.16292,0.0
2026-09-09 12:40:00,1.1629,1.16294,1.16286,1.1629,0.0
2026-09-09 12:41:00,1.16291,1.16293,1.16286,1.16293,0.0
2026-09-09 12:42:00,1.1629,1.16295,1.16284,1.16286,0.0
2026-09-09 12:43:00,1.1629,1.16292,1.16286,1.16292,0.0
2026-09-09 12:44:00,1.1629,1.16296,1.16286,1.16287,0.0
2026-09-09 12:45:00,1.1629,1.16294,1.16286,1.16294,0.0
2026-09-09 12:46:00,1.16291,1.16309,1.1629,1.16304,0.0
2026-09-09 12:47:00,1.16295,1.16316,1.16295,1.16312,0.0
2026-09-09 12:48:00,1.16306,1.1632,1.16306,1.16319,0.0
2026-09-09 12:49:00,1.16315,1.16315,1.16305,1.16308,0.0
2026-09-09 12:50:00,1.16313,1.16313,1.16302,1.16313,0.0
2026-09-09 12:51:00,1.16311,1.16313,1.16301,1.16303,0.0
2026-09-09 12:52:00,1.16308,1.1631,1.16301,1.1631,0.0
2026-09-09 12:53:00,1.16308,1.16319,1.16302,1.16308,0.0
2026-09-09 12:54:00,1.1631,1.16317,1.16309,1.16317,0.0
2026-09-09 12:55:00,1.16315,1.16315,1.16301,1.16305,0.0
2026-09-09 12:56:00,1.16311,1.16311,1.16302,1.16304,0.0
2026-09-09 12:57:00,1.16307,1.16317,1.16307,1.16315,0.0
2026-09-09 12:58:00,1.1631,1.16317,1.16305,1.16316,0.0
2026-09-09 12:59:00,1.16315,1.16315,1.16306,1.16308,0.0
2026-09-09 13:00:00,1.1631,1.16315,1.16309,1.16314,0.0
2026-09-09 13:01:00,1.16312,1.16314,1.16307,1.16314,0.0
2026-09-09 13:02:00,1.16311,1.16316,1.16305,1.16306,0.0
2026-09-09 13:03:00,1.1631,1.16314,1.16307,1.16314,0.0
2026-09-09 13:04:00,1.1631,1.16321,1.1631,1.16319,0.0
2026-09-09 13:05:00,1.16316,1.16318,1.16309,1.16318,0.0
2026-09-09 13:06:00,1.16317,1.16321,1.16312,1.16313,0.0
2026-09-09 13:07:00,1.16315,1.1632,1.16313,1.16319,0.0
2026-09-09 13:08:00,1.16318,1.16318,1.16302,1.16307,0.0
2026-09-09 13:09:00,1.16316,1.16316,1.16299,1.16302,0.0
2026-09-09 13:10:00,1.16308,1.16309,1.16302,1.16309,0.0
2026-09-09 13:11:00,1.16306,1.16313,1.16302,1.16312,0.0
2026-09-09 13:12:00,1.16309,1.16313,1.16309,1.16312,0.0
2026-09-09 13:13:00,1.16308,1.16316,1.16305,1.16315,0.0
2026-09-09 13:14:00,1.16314,1.16314,1.16303,1.16307,0.0
2026-09-09 13:15:00,1.16311,1.16315,1.16306,1.16307,0.0
2026-09-09 13:16:00,1.16311,1.16312,1.16305,1.16312,0.0
2026-09-09 13:17:00,1.16311,1.16311,1.16298,1.16302,0.0
2026-09-09 13:18:00,1.16308,1.16313,1.16302,1.16303,0.0
2026-09-09 13:19:00,1.16306,1.16313,1.16303,1.16313,0.0
2026-09-09 13:20:00,1.16311,1.16313,1.16305,1.16306,0.0
2026-09-09 13:21:00,1.16309,1.16312,1.16301,1.16312,0.0
2026-09-09 13:22:00,1.1631,1.1631,1.16297,1.163,0.0
2026-09-09 13:23:00,1.16305,1.16305,1.16299,1.16301,0.0
2026-09-09 13:24:00,1.16302,1.16311,1.16301,1.16308,0.0
2026-09-09 13:25:00,1.16304,1.16308,1.16303,1.16308,0.0
2026-09-09 13:26:00,1.16306,1.1631,1.16299,1.16309,0.0
2026-09-09 13:27:00,1.16308,1.16308,1.16301,1.16303,0.0
2026-09-09 13:28:00,1.16306,1.16308,1.16297,1.16308,0.0
2026-09-09 13:29:00,1.16307,1.16307,1.16298,1.16299,0.0
2026-09-09 13:30:00,1.16301,1.16305,1.16297,1.16305,0.0
2026-09-09 13:31:00,1.16303,1.16303,1.1629,1.16293,0.0
2026-09-09 13:32:00,1.16299,1.16299,1.16294,1.16295,0.0
2026-09-09 13:33:00,1.16294,1.16303,1.16293,1.16302,0.0
2026-09-09 13:34:00,1.163,1.163,1.16293,1.163,0.0
2026-09-09 13:35:00,1.16297,1.16307,1.16297,1.16304,0.0
2026-09-09 13:36:00,1.163,1.16309,1.163,1.16307,0.0
2026-09-09 13:37:00,1.16302,1.16315,1.16302,1.16313,0.0
2026-09-09 13:38:00,1.16309,1.16314,1.16309,1.16313,0.0
2026-09-09 13:39:00,1.16312,1.16314,1.16305,1.16314,0.0
2026-09-09 13:40:00,1.16313,1.16315,1.16307,1.16308,0.0
2026-09-09 13:41:00,1.16312,1.16314,1.16305,1.16314,0.0
2026-09-09 13:42:00,1.16312,1.16315,1.16307,1.16308,0.0
2026-09-09 13:43:00,1.16311,1.16313,1.16306,1.16313,0.0
2026-09-09 13:44:00,1.1631,1.16318,1.1631,1.16316,0.0
2026-09-09 13:45:00,1.16313,1.16315,1.1631,1.16315,0.0
2026-09-09 13:46:00,1.16313,1.16322,1.16313,1.1632,0.0
2026-09-09 13:47:00,1.16316,1.16319,1.1631,1.16319,0.0
2026-09-09 13:48:00,1.16318,1.16318,1.1631,1.16312,0.0
2026-09-09 13:49:00,1.16315,1.16318,1.1631,1.16311,0.0
2026-09-09 13:50:00,1.16315,1.16318,1.16312,1.16318,0.0
2026-09-09 13:51:00,1.16315,1.16324,1.16315,1.16322,0.0
2026-09-09 13:52:00,1.16318,1.16324,1.1631,1.16323,0.0
2026-09-09 13:53:00,1.1632,1.1632,1.16306,1.16309,0.0
2026-09-09 13:54:00,1.16315,1.16317,1.16303,1.16315,0.0
2026-09-09 13:55:00,1.16313,1.16314,1.16306,1.16307,0.0
2026-09-09 13:56:00,1.16309,1.16311,1.16302,1.16311,0.0
2026-09-09 13:57:00,1.1631,1.16311,1.16303,1.1631,0.0
2026-09-09 13:58:00,1.16309,1.16309,1.16299,1.16309,0.0
2026-09-09 13:59:00,1.16308,1.16308,1.16294,1.16299,0.0
2026-09-09 14:00:00,1.16306,1.16306,1.16301,1.16301,0.0
2026-09-09 14:01:00,1.16301,1.16302,1.16298,1.16302,0.0
2026-09-09 14:02:00,1.16299,1.16307,1.16297,1.16305,0.0
2026-09-09 14:03:00,1.16301,1.16306,1.16301,1.16305,0.0
2026-09-09 14:04:00,1.16301,1.16317,1.16298,1.16313,0.0
2026-09-09 14:05:00,1.16306,1.16314,1.16306,1.16314,0.0
2026-09-09 14:06:00,1.16311,1.16316,1.16309,1.16315,0.0
2026-09-09 14:07:00,1.16313,1.16313,1.16307,1.16313,0.0
2026-09-09 14:08:00,1.16312,1.16314,1.1631,1.16312,0.0
2026-09-09 14:09:00,1.16311,1.16316,1.16307,1.16311,0.0
2026-09-09 14:10:00,1.16311,1.16316,1.16309,1.16316,0.0
2026-09-09 14:11:00,1.16314,1.16314,1.16302,1.16304,0.0
2026-09-09 14:12:00,1.16309,1.1631,1.16306,1.1631,0.0
2026-09-09 14:13:00,1.16307,1.16315,1.16305,1.16313,0.0
2026-09-09 14:14:00,1.1631,1.16312,1.16306,1.16312,0.0
2026-09-09 14:15:00,1.16309,1.16315,1.16305,1.16313,0.0
2026-09-09 14:16:00,1.1631,1.16312,1.16306,1.16312,0.0
2026-09-09 14:17:00,1.1631,1.16314,1.16306,1.16313,0.0
2026-09-09 14:18:00,1.16311,1.16312,1.16302,1.16312,0.0
2026-09-09 14:19:00,1.16311,1.16311,1.16302,1.16305,0.0
2026-09-09 14:20:00,1.16309,1.16313,1.16307,1.16307,0.0
2026-09-09 14:21:00,1.16308,1.16312,1.16302,1.16312,0.0
2026-09-09 14:22:00,1.1631,1.16313,1.16305,1.16305,0.0
2026-09-09 14:23:00,1.16307,1.16316,1.16307,1.16314,0.0
2026-09-09 14:24:00,1.16308,1.16324,1.16304,1.16319,0.0
2026-09-09 14:25:00,1.16313,1.16321,1.16312,1.16321,0.0
2026-09-09 14:26:00,1.16319,1.16323,1.16316,1.16316,0.0
2026-09-09 14:27:00,1.16317,1.16322,1.16317,1.16321,0.0
2026-09-09 14:28:00,1.16318,1.16333,1.16318,1.16329,0.0
2026-09-09 14:29:00,1.16323,1.16335,1.16323,1.16334,0.0
2026-09-09 14:30:00,1.1633,1.16334,1.16324,1.16334,0.0
2026-09-09 14:31:00,1.16333,1.16334,1.16325,1.16326,0.0
2026-09-09 14:32:00,1.1633,1.16333,1.16329,1.16333,0.0
2026-09-09 14:33:00,1.1633,1.16336,1.16326,1.16327,0.0
2026-09-09 14:34:00,1.1633,1.16338,1.16321,1.16336,0.0
2026-09-09 14:35:00,1.16332,1.16332,1.16318,1.1632,0.0
2026-09-09 14:36:00,1.16324,1.16326,1.1632,1.16326,0.0
2026-09-09 14:37:00,1.16323,1.1633,1.16322,1.16329,0.0
2026-09-09 14:38:00,1.16328,1.16329,1.16316,1.16328,0.0
2026-09-09 14:39:00,1.16327,1.16327,1.16317,1.16318,0.0
2026-09-09 14:40:00,1.1632,1.16324,1.16318,1.16323,0.0
2026-09-09 14:41:00,1.16322,1.16323,1.16313,1.16323,0.0
2026-09-09 14:42:00,1.16321,1.16321,1.16309,1.16312,0.0
2026-09-09 14:43:00,1.16317,1.16318,1.16314,1.16318,0.0
2026-09-09 14:44:00,1.16315,1.16322,1.16313,1.1632,0.0
2026-09-09 14:45:00,1.16316,1.16319,1.16313,1.16319,0.0
2026-09-09 14:46:00,1.16317,1.16317,1.16307,1.1631,0.0
2026-09-09 14:47:00,1.16314,1.16316,1.1631,1.16311,0.0
2026-09-09 14:48:00,1.16311,1.16321,1.16311,1.16319,0.0
2026-09-09 14:49:00,1.16315,1.16324,1.16315,1.16322,0.0
2026-09-09 14:50:00,1.16318,1.16324,1.16313,1.16324,0.0
2026-09-09 14:51:00,1.16322,1.16322,1.16314,1.16315,0.0
2026-09-09 14:52:00,1.16319,1.16321,1.16314,1.16321,0.0
2026-09-09 14:53:00,1.16318,1.16325,1.16316,1.16316,0.0
2026-09-09 14:54:00,1.16318,1.16324,1.16318,1.16323,0.0
2026-09-09 14:55:00,1.16319,1.16325,1.16318,1.16324,0.0
2026-09-09 14:56:00,1.16322,1.16322,1.16317,1.16322,0.0
2026-09-09 14:57:00,1.1632,1.16329,1.16319,1.16327,0.0
2026-09-09 14:58:00,1.16322,1.1633,1.16322,1.16329,0.0
2026-09-09 14:59:00,1.16325,1.16333,1.16325,1.16332,0.0
2026-09-09 15:00:00,1.16329,1.16333,1.16325,1.16332,0.0
2026-09-09 15:01:00,1.1633,1.16333,1.16324,1.16333,0.0
2026-09-09 15:02:00,1.16331,1.16331,1.16321,1.16323,0.0
2026-09-09 15:03:00,1.16327,1.16327,1.1632,1.16327,0.0
2026-09-09 15:04:00,1.16324,1.16337,1.16314,1.16317,0.0
2026-09-09 15:05:00,1.16325,1.16336,1.16325,1.16335,0.0
2026-09-09 15:06:00,1.16331,1.16346,1.1633,1.16342,0.0
2026-09-09 15:07:00,1.16337,1.16343,1.16337,1.16343,0.0
2026-09-09 15:08:00,1.16341,1.16346,1.16337,1.16345,0.0
2026-09-09 15:09:00,1.16343,1.16346,1.16341,1.16343,0.0
2026-09-09 15:10:00,1.16343,1.16351,1.16343,1.1635,0.0
2026-09-09 15:11:00,1.16344,1.16351,1.1634,1.1635,0.0
2026-09-09 15:12:00,1.16349,1.16349,1.16339,1.16342,0.0
2026-09-09 15:13:00,1.16346,1.1635,1.1634,1.16341,0.0
2026-09-09 15:14:00,1.16344,1.16349,1.16337,1.16349,0.0
2026-09-09 15:15:00,1.16346,1.16346,1.16337,1.16338,0.0
2026-09-09 15:16:00,1.16341,1.16345,1.16334,1.16344,0.0
2026-09-09 15:17:00,1.16341,1.16342,1.16333,1.16334,0.0
2026-09-09 15:18:00,1.16335,1.16341,1.16335,1.1634,0.0
2026-09-09 15:19:00,1.16337,1.16347,1.16336,1.16345,0.0
2026-09-09 15:20:00,1.16341,1.16352,1.16341,1.1635,0.0
2026-09-09 15:21:00,1.16345,1.16351,1.16344,1.16351,0.0
2026-09-09 15:22:00,1.16349,1.16353,1.1634,1.16352,0.0
2026-09-09 15:23:00,1.16351,1.16352,1.16343,1.16352,0.0
2026-09-09 15:24:00,1.16349,1.16355,1.16347,1.16353,0.0
2026-09-09 15:25:00,1.1635,1.16352,1.16347,1.16352,0.0
2026-09-09 15:26:00,1.1635,1.16355,1.16345,1.1635,0.0
2026-09-09 15:27:00,1.1635,1.16352,1.16347,1.16352,0.0
2026-09-09 15:28:00,1.1635,1.16369,1.16345,1.16363,0.0
2026-09-09 15:29:00,1.16353,1.16371,1.16353,1.16369,0.0
2026-09-09 15:30:00,1.16366,1.16369,1.16359,1.16369,0.0
2026-09-09 15:31:00,1.16368,1.16368,1.16344,1.16349,0.0
2026-09-09 15:32:00,1.16356,1.16356,1.16343,1.16345,0.0
2026-09-09 15:33:00,1.16347,1.16352,1.16341,1.16351,0.0
2026-09-09 15:34:00,1.1635,1.1635,1.16341,1.1635,0.0
2026-09-09 15:35:00,1.16347,1.16348,1.16341,1.16347,0.0
2026-09-09 15:36:00,1.16347,1.16347,1.16335,1.16339,0.0
2026-09-09 15:37:00,1.16344,1.1635,1.16336,1.16337,0.0
2026-09-09 15:38:00,1.16341,1.16348,1.16341,1.16348,0.0
2026-09-09 15:39:00,1.16346,1.16348,1.16341,1.16348,0.0
2026-09-09 15:40:00,1.16346,1.16346,1.1634,1.16346,0.0
2026-09-09 15:41:00,1.16345,1.16346,1.1634,1.16346,0.0
2026-09-09 15:42:00,1.16344,1.16349,1.16341,1.16341,0.0
2026-09-09 15:43:00,1.16343,1.16349,1.16336,1.16349,0.0
2026-09-09 15:44:00,1.16346,1.16346,1.16337,1.16338,0.0
2026-09-09 15:45:00,1.16341,1.16346,1.16331,1.16345,0.0
2026-09-09 15:46:00,1.16341,1.16341,1.16328,1.1633,0.0
2026-09-09 15:47:00,1.16332,1.16332,1.16325,1.16327,0.0
2026-09-09 15:48:00,1.16329,1.16336,1.16326,1.16329,0.0
2026-09-09 15:49:00,1.16329,1.16337,1.16329,1.16336,0.0
2026-09-09 15:50:00,1.16333,1.16341,1.16333,1.1634,0.0
2026-09-09 15:51:00,1.16336,1.1634,1.16325,1.1634,0.0
2026-09-09 15:52:00,1.16339,1.16339,1.16329,1.16331,0.0
2026-09-09 15:53:00,1.16332,1.16345,1.16332,1.16342,0.0
2026-09-09 15:54:00,1.16338,1.16343,1.16338,1.16343,0.0
2026-09-09 15:55:00,1.1634,1.16351,1.16336,1.1634,0.0
2026-09-09 15:56:00,1.16342,1.16348,1.16341,1.16348,0.0
2026-09-09 15:57:00,1.16345,1.16355,1.16344,1.16353,0.0
2026-09-09 15:58:00,1.1635,1.16352,1.16345,1.16352,0.0
2026-09-09 15:59:00,1.16351,1.16353,1.16345,1.16353,0.0
2026-09-09 16:00:00,1.16351,1.16351,1.16343,1.16345,0.0
2026-09-09 16:01:00,1.1635,1.16357,1.16347,1.16355,0.0
2026-09-09 16:02:00,1.16349,1.16371,1.16349,1.16366,0.0
2026-09-09 16:03:00,1.16358,1.16371,1.16358,1.16371,0.0
2026-09-09 16:04:00,1.16367,1.16385,1.16359,1.16379,0.0
2026-09-09 16:05:00,1.16372,1.16385,1.16372,1.16384,0.0
2026-09-09 16:06:00,1.16381,1.16381,1.1637,1.16372,0.0
2026-09-09 16:07:00,1.16376,1.16376,1.16364,1.16368,0.0
2026-09-09 16:08:00,1.16374,1.16374,1.16363,1.16366,0.0
2026-09-09 16:09:00,1.16371,1.16371,1.16356,1.16361,0.0
2026-09-09 16:10:00,1.16368,1.16368,1.16355,1.16358,0.0
2026-09-09 16:11:00,1.16362,1.16369,1.16355,1.16357,0.0
2026-09-09 16:12:00,1.16361,1.16387,1.16361,1.1638,0.0
2026-09-09 16:13:00,1.16363,1.16403,1.16363,1.16397,0.0
2026-09-09 16:14:00,1.16389,1.16404,1.16389,1.16403,0.0
