Date,Open,High,Low,Close,Volume
2016-09-12,1.1241,1.12625,1.12147,1.12411,0.0
2016-09-13,1.12413,1.126,1.122,1.12435,0.0
2016-09-14,1.12196,1.12752,1.12145,1.12187,0.0
2016-09-15,1.12454,1.12816,1.1221,1.12473,0.0
2016-09-16,1.1248,1.12499,1.1156,1.12459,0.0
2016-09-19,1.11607,1.121,1.1154,1.11585,0.0
2016-09-20,1.11794,1.12133,1.1166,1.11807,0.0
2016-09-21,1.11557,1.11694,1.1126,1.1154,0.0
2016-09-22,1.11932,1.12587,1.11821,1.11932,0.0
2016-09-23,1.12095,1.123,1.1196,1.12101,0.0
2016-09-26,1.12397,1.1279,1.1222,1.12392,0.0
2016-09-27,1.12507,1.126,1.1194,1.12499,0.0
2016-09-28,1.12183,1.12372,1.1184,1.12196,0.0
2016-09-29,1.12246,1.125,1.11995,1.1225,0.0
2016-09-30,1.12221,1.125,1.1154,1.12196,0.0
2016-10-03,1.1236,1.12435,1.1206,1.12347,0.0
2016-10-04,1.12133,1.125,1.114,1.12104,0.0
2016-10-05,1.12108,1.124,1.1192,1.12108,0.0
2016-10-06,1.12082,1.1212,1.11495,1.12082,0.0
2016-10-07,1.11458,1.1202,1.1106,1.11445,0.0
2016-10-10,1.11954,1.1202,1.11508,1.1197,0.0
2016-10-11,1.11433,1.11433,1.1056,1.11408,0.0
2016-10-12,1.10619,1.10619,1.1006,1.10619,0.0
2016-10-13,1.10132,1.10485,1.098601,1.10119,0.0
2016-10-14,1.10497,1.10583,1.098539,1.10497,0.0
2016-10-17,1.096852,1.1012,1.096527,1.09678,0.0
2016-10-18,1.1012,1.1029,1.0972,1.10156,0.0
2016-10-19,1.097574,1.10047,1.0956,1.097695,0.0
2016-10-20,1.097574,1.1029,1.091601,1.097514,0.0
2016-10-21,1.093028,1.093135,1.086248,1.09304,0.0
2016-10-24,1.088495,1.0902,1.086048,1.088258,0.0
2016-10-25,1.087548,1.09,1.08534,1.087548,0.0
2016-10-26,1.08872,1.094811,1.087666,1.088732,0.0
2016-10-27,1.091107,1.094212,1.089396,1.091203,0.0
2016-10-28,1.090001,1.09529,1.089752,1.090037,0.0
2016-10-31,1.098418,1.098467,1.093924,1.098467,0.0
2016-11-01,1.097333,1.10509,1.096179,1.097333,0.0
2016-11-02,1.10595,1.11198,1.10516,1.10571,0.0
2016-11-03,1.10975,1.11284,1.10608,1.10975,0.0
2016-11-04,1.11025,1.11259,1.1084,1.11025,0.0
2016-11-07,1.10963,1.11123,1.10339,1.11012,0.0
2016-11-08,1.10505,1.10681,1.10306,1.10522,0.0
2016-11-09,1.10205,1.1302,1.093398,1.1019,0.0
2016-11-10,1.092037,1.09553,1.08661,1.092061,0.0
2016-11-11,1.088969,1.092538,1.0857,1.088969,0.0
2016-11-14,1.082603,1.087429,1.07108,1.082485,0.0
2016-11-15,1.074691,1.081666,1.07237,1.075038,0.0
2016-11-16,1.072616,1.076079,1.067122,1.072731,0.0
2016-11-17,1.070549,1.075038,1.066691,1.070664,0.0
2016-11-18,1.062473,1.064,1.057306,1.062304,0.0
2016-11-21,1.058537,1.0651,1.058425,1.058425,0.0
2016-11-22,1.063875,1.065871,1.058728,1.063886,0.0
2016-11-23,1.063411,1.064509,1.052964,1.063377,0.0
2016-11-24,1.05463,1.058761,1.052255,1.054519,0.0
2016-11-25,1.056412,1.062812,1.054107,1.056189,0.0
2016-11-28,1.061121,1.06849,1.056747,1.061233,0.0
2016-11-29,1.062022,1.0634,1.056859,1.062135,0.0
2016-11-30,1.064849,1.0667,1.0585,1.064849,0.0
2016-12-01,1.05921,1.063717,1.058761,1.05921,0.0
2016-12-02,1.066325,1.069176,1.0628,1.066314,0.0
2016-12-05,1.057083,1.074114,1.054185,1.058201,0.0
2016-12-06,1.075847,1.078516,1.0726,1.075732,0.0
2016-12-07,1.071926,1.0769,1.071352,1.072041,0.0
2016-12-08,1.076009,1.085658,1.061,1.076195,0.0
2016-12-09,1.062135,1.063151,1.053841,1.062135,0.0
2016-12-12,1.05463,1.062699,1.052742,1.054741,0.0
2016-12-13,1.064283,1.065303,1.06067,1.064169,0.0
2016-12-14,1.063038,1.066667,1.0615,1.062925,0.0
2016-12-15,1.051525,1.052521,1.040366,1.051414,0.0
2016-12-16,1.041775,1.04723,1.040366,1.041884,0.0
2016-12-19,1.044823,1.048196,1.041341,1.044998,0.0
2016-12-20,1.040475,1.041992,1.035518,1.040583,0.0
2016-12-21,1.039393,1.045151,1.03853,1.039047,0.0
2016-12-22,1.042753,1.049759,1.042753,1.042862,0.0
2016-12-23,1.04395,1.046792,1.04297,1.043765,0.0
2016-12-26,1.045588,1.047011,1.0446,1.045478,0.0
2016-12-27,1.045577,1.046134,1.043536,1.045697,0.0
2016-12-28,1.046244,1.048218,1.038745,1.046233,0.0
2016-12-29,1.041775,1.049098,1.041699,1.041699,0.0
2016-12-30,1.056904,1.059098,1.051,1.05753,0.0
2017-01-02,1.053075,1.054074,1.046572,1.052698,0.0
2017-01-03,1.045916,1.049208,1.034768,1.046003,0.0
2017-01-04,1.04184,1.047889,1.039134,1.041992,0.0
2017-01-05,1.049869,1.060895,1.048658,1.050089,0.0
2017-01-06,1.060558,1.060895,1.053963,1.060592,0.0
2017-01-09,1.053408,1.056078,1.051348,1.053186,0.0
2017-01-10,1.058761,1.062586,1.056189,1.058862,0.0
2017-01-11,1.055409,1.056747,1.045697,1.055242,0.0
2017-01-12,1.059659,1.068604,1.05753,1.059771,0.0
2017-01-13,1.061797,1.06678,1.06,1.061684,0.0
2017-01-16,1.062688,1.063343,1.058134,1.062869,0.0
2017-01-17,1.060389,1.0718,1.060142,1.060299,0.0
2017-01-18,1.069782,1.071467,1.065962,1.069679,0.0
2017-01-19,1.062948,1.06768,1.058974,1.062778,0.0
2017-01-20,1.066132,1.069519,1.062677,1.065973,0.0
2017-01-23,1.071146,1.075616,1.070836,1.071375,0.0
2017-01-24,1.075755,1.077284,1.072777,1.076079,0.0
2017-01-25,1.072789,1.076878,1.071214,1.072869,0.0
2017-01-26,1.0755,1.076658,1.067065,1.075199,0.0
2017-01-27,1.068285,1.072478,1.066053,1.068296,0.0
2017-01-30,1.071915,1.074033,1.06209,1.071398,0.0
2017-01-31,1.07071,1.081034,1.068604,1.070859,0.0
2017-02-01,1.080264,1.080847,1.073941,1.08038,0.0
2017-02-02,1.076844,1.082661,1.076739,1.076739,0.0
2017-02-03,1.076334,1.079715,1.072892,1.076171,0.0
2017-02-06,1.078341,1.078888,1.070664,1.078295,0.0
2017-02-07,1.074322,1.074345,1.065678,1.074322,0.0
2017-02-08,1.067897,1.070744,1.064215,1.067806,0.0
2017-02-09,1.06921,1.071008,1.065735,1.069221,0.0
2017-02-10,1.065689,1.066894,1.060985,1.065859,0.0
2017-02-13,1.061932,1.065803,1.059345,1.061954,0.0
2017-02-14,1.059917,1.063321,1.056178,1.05985,0.0
2017-02-15,1.057865,1.058795,1.052211,1.057832,0.0
2017-02-16,1.060187,1.067475,1.060052,1.060738,0.0
2017-02-17,1.066701,1.067692,1.062586,1.067225,0.0
2017-02-20,1.062677,1.063151,1.060524,1.062665,0.0
2017-02-21,1.06103,1.061256,1.052665,1.06094,0.0
2017-02-22,1.054218,1.055621,1.049681,1.054207,0.0
2017-02-23,1.055175,1.059502,1.053896,1.055409,0.0
2017-02-24,1.05847,1.061808,1.056625,1.058447,0.0
2017-02-27,1.055286,1.061458,1.055275,1.055275,0.0
2017-02-28,1.058279,1.062699,1.057664,1.058425,0.0
2017-03-01,1.056926,1.058806,1.051525,1.056915,0.0
2017-03-02,1.05363,1.054519,1.050045,1.053585,0.0
2017-03-03,1.050851,1.057373,1.050354,1.050972,0.0
2017-03-06,1.061875,1.063807,1.05782,1.062045,0.0
2017-03-07,1.058123,1.0604,1.056078,1.057921,0.0
2017-03-08,1.056893,1.05753,1.05373,1.057015,0.0
2017-03-09,1.054407,1.061402,1.052565,1.054741,0.0
2017-03-10,1.058134,1.066906,1.057843,1.057843,0.0
2017-03-13,1.068799,1.071582,1.065689,1.069004,0.0
2017-03-14,1.065201,1.066212,1.062744,1.065144,0.0
2017-03-15,1.061244,1.0641,1.061053,1.061244,0.0
2017-03-16,1.073791,1.074576,1.07071,1.073791,0.0
2017-03-17,1.077052,1.0783,1.072984,1.07747,0.0
2017-03-20,1.074229,1.0777,1.074229,1.074299,0.0
2017-03-21,1.073676,1.0819,1.073676,1.073768,0.0
2017-03-22,1.081128,1.082075,1.077656,1.081245,0.0
2017-03-23,1.07897,1.080497,1.077052,1.079016,0.0
2017-03-24,1.0784,1.081198,1.07616,1.078388,0.0
2017-03-27,1.084599,1.090489,1.083905,1.084952,0.0
2017-03-28,1.086272,1.087429,1.084693,1.086095,0.0
2017-03-29,1.081748,1.082649,1.074091,1.081771,0.0
2017-03-30,1.075998,1.0769,1.072191,1.075963,0.0
2017-03-31,1.068753,1.070091,1.067225,1.068707,0.0
2017-04-03,1.066815,1.068376,1.064373,1.066883,0.0
2017-04-04,1.067019,1.067464,1.063683,1.067008,0.0
2017-04-05,1.067954,1.068913,1.065405,1.068034,0.0
2017-04-06,1.067327,1.068399,1.063196,1.067247,0.0
2017-04-07,1.064305,1.066041,1.061166,1.064464,0.0
2017-04-10,1.058425,1.060783,1.057038,1.058201,0.0
2017-04-11,1.059782,1.062948,1.057921,1.05976,0.0
2017-04-12,1.060963,1.062383,1.059659,1.061132,0.0
2017-04-13,1.067156,1.067806,1.061177,1.067065,0.0
2017-04-14,1.061797,1.063151,1.060704,1.061639,0.0
2017-04-17,1.061121,1.066985,1.060974,1.061053,0.0
2017-04-18,1.064385,1.070859,1.063796,1.064453,0.0
2017-04-19,1.072835,1.073653,1.07016,1.072869,0.0
2017-04-20,1.07149,1.077819,1.071065,1.071501,0.0
2017-04-21,1.071329,1.073756,1.068707,1.07149,0.0
2017-04-24,1.087536,1.0878,1.082169,1.087394,0.0
2017-04-25,1.086768,1.094092,1.085199,1.086484,0.0
2017-04-26,1.092848,1.095074,1.086071,1.092825,0.0
2017-04-27,1.090929,1.093075,1.085258,1.090893,0.0
2017-04-28,1.086673,1.094811,1.085824,1.086425,0.0
2017-05-01,1.090608,1.092538,1.088542,1.09075,0.0
2017-05-02,1.090965,1.092538,1.08891,1.090893,0.0
2017-05-03,1.093565,1.093972,1.090572,1.093565,0.0
2017-05-04,1.088874,1.096852,1.08763,1.088898,0.0
2017-05-05,1.098141,1.099989,1.095326,1.098153,0.0
2017-05-08,1.096696,1.099626,1.091953,1.096515,0.0
2017-05-09,1.092729,1.0934,1.087264,1.092777,0.0
2017-05-10,1.088696,1.090037,1.085941,1.088684,0.0
2017-05-11,1.086673,1.0892,1.083999,1.087075,0.0
2017-05-12,1.086602,1.093374,1.085765,1.086496,0.0
2017-05-15,1.092801,1.099,1.092323,1.092729,0.0
2017-05-16,1.098068,1.10893,1.09796,1.098177,0.0
2017-05-17,1.10957,1.11503,1.10832,1.1094,0.0
2017-05-18,1.11542,1.11721,1.11049,1.11564,0.0
2017-05-19,1.11109,1.11982,1.11008,1.11136,0.0
2017-05-22,1.12023,1.12633,1.11623,1.12049,0.0
2017-05-23,1.12371,1.12667,1.11963,1.12389,0.0
2017-05-24,1.11809,1.12025,1.11694,1.11793,0.0
2017-05-25,1.12312,1.1251,1.11956,1.12309,0.0
2017-05-26,1.12106,1.1232,1.11635,1.12108,0.0
2017-05-29,1.11752,1.11907,1.1163,1.11761,0.0
2017-05-30,1.11294,1.12016,1.11107,1.1129,0.0
2017-05-31,1.11737,1.12523,1.11658,1.11717,0.0
2017-06-01,1.12382,1.12572,1.12031,1.12435,0.0
2017-06-02,1.12133,1.12815,1.12062,1.12158,0.0
2017-06-05,1.12755,1.12808,1.12362,1.12808,0.0
2017-06-06,1.12582,1.1279,1.12413,1.12568,0.0
2017-06-07,1.12705,1.12799,1.12052,1.12714,0.0
2017-06-08,1.12547,1.12701,1.11965,1.12552,0.0
2017-06-09,1.11932,1.12171,1.11678,1.11848,0.0
2017-06-12,1.12023,1.1231,1.11941,1.1202,0.0
2017-06-13,1.11991,1.12252,1.11858,1.11962,0.0
2017-06-14,1.12108,1.12951,1.11986,1.12089,0.0
2017-06-15,1.12162,1.12284,1.11336,1.12158,0.0
2017-06-16,1.11474,1.11997,1.11391,1.11469,0.0
2017-06-19,1.12034,1.12133,1.11598,1.12082,0.0
2017-06-20,1.11447,1.1166,1.11209,1.11445,0.0
2017-06-21,1.11364,1.11545,1.11287,1.1137,0.0
2017-06-22,1.11684,1.11782,1.11472,1.11672,0.0
2017-06-23,1.11498,1.12086,1.11463,1.11496,0.0
2017-06-26,1.11997,1.12187,1.11726,1.11988,0.0
2017-06-27,1.11807,1.13302,1.11806,1.11836,0.0
2017-06-28,1.13368,1.1388,1.12973,1.13392,0.0
2017-06-29,1.1378,1.14351,1.1378,1.13827,0.0
2017-06-30,1.14405,1.1445,1.13929,1.14416,0.0
2017-07-03,1.1425,1.1426,1.13569,1.14231,0.0
2017-07-04,1.13753,1.13792,1.13379,1.13714,0.0
2017-07-05,1.13599,1.13688,1.1315,1.13602,0.0
2017-07-06,1.13449,1.1409,1.13307,1.13469,0.0
2017-07-07,1.14213,1.14382,1.13829,1.14248,0.0
2017-07-10,1.14064,1.14173,1.1383,1.14038,0.0
2017-07-12,1.14739,1.1491,1.13948,1.14739,0.0
2017-07-13,1.1419,1.14553,1.13726,1.14189,0.0
2017-07-14,1.14039,1.14668,1.13924,1.14039,0.0
2017-07-17,1.14751,1.14873,1.14363,1.14754,0.0
2017-07-18,1.14734,1.15848,1.14724,1.14743,0.0
2017-07-19,1.15496,1.15532,1.15107,1.15497,0.0
2017-07-20,1.15288,1.165,1.14801,1.15284,0.0
2017-07-21,1.1628,1.16752,1.16202,1.16287,0.0
2017-07-24,1.16816,1.16817,1.16317,1.16817,0.0
2017-07-25,1.16389,1.17069,1.16316,1.16389,0.0
2017-07-26,1.16433,1.1655,1.16158,1.16446,0.0
2017-07-27,1.17303,1.1775,1.16549,1.1728,0.0
2017-07-28,1.169,1.17633,1.16726,1.16887,0.0
2017-07-31,1.17469,1.18247,1.17237,1.17473,0.0
2017-08-01,1.18235,1.18375,1.17911,1.18241,0.0
2017-08-02,1.18093,1.18676,1.1795,1.18113,0.0
2017-08-03,1.18514,1.18948,1.1834,1.18511,0.0
2017-08-04,1.18878,1.1891,1.1737,1.1885,0.0
2017-08-07,1.17777,1.18125,1.17777,1.17784,0.0
2017-08-08,1.18002,1.18245,1.17187,1.18009,0.0
2017-08-09,1.17534,1.17603,1.16924,1.17546,0.0
2017-08-10,1.17647,1.17647,1.17047,1.17615,0.0
2017-08-11,1.177,1.18318,1.17492,1.17702,0.0
2017-08-14,1.18263,1.184,1.17733,1.18255,0.0
2017-08-15,1.1777,1.17925,1.1689,1.17758,0.0
2017-08-16,1.17398,1.17575,1.16836,1.17412,0.0
2017-08-17,1.17743,1.17902,1.1667,1.17743,0.0
2017-08-18,1.17173,1.17682,1.17122,1.17155,0.0
2017-08-21,1.17572,1.18247,1.17319,1.17563,0.0
2017-08-22,1.18118,1.18259,1.17465,1.1812,0.0
2017-08-23,1.17608,1.18187,1.17436,1.17622,0.0
2017-08-24,1.18164,1.18189,1.17852,1.18166,0.0
2017-08-25,1.17983,1.18842,1.17748,1.18022,0.0
2017-08-28,1.19514,1.1976,1.19178,1.19519,0.0
2017-08-29,1.19652,1.20669,1.1963,1.19639,0.0
2017-08-30,1.19703,1.19861,1.18967,1.19705,0.0
2017-08-31,1.189,1.19082,1.18244,1.18934,0.0
2017-09-01,1.19109,1.19786,1.18511,1.19104,0.0
2017-09-04,1.18826,1.19232,1.18794,1.18828,0.0
2017-09-05,1.18944,1.19382,1.18704,1.18934,0.0
2017-09-06,1.19236,1.19493,1.19038,1.19241,0.0
2017-09-07,1.19275,1.20569,1.19157,1.19278,0.0
2017-09-08,1.20286,1.20934,1.20189,1.20291,0.0
2017-09-11,1.20153,1.20294,1.19624,1.20176,0.0
2017-09-12,1.19586,1.19775,1.19275,1.19594,0.0
2017-09-13,1.19716,1.1996,1.18857,1.19746,0.0
2017-09-14,1.18905,1.191,1.18457,1.18906,0.0
2017-09-15,1.19228,1.19855,1.19024,1.19217,0.0
2017-09-18,1.19374,1.19689,1.19168,1.19372,0.0
2017-09-19,1.19617,1.20054,1.19593,1.19593,0.0
2017-09-20,1.19929,1.20192,1.19867,1.19926,0.0
2017-09-21,1.1873,1.19536,1.18662,1.18721,0.0
2017-09-22,1.19449,1.20025,1.19406,1.19456,0.0
2017-09-25,1.19268,1.19389,1.18519,1.19272,0.0
2017-09-26,1.18556,1.18638,1.17653,1.18556,0.0
2017-09-27,1.17813,1.17952,1.17192,1.17861,0.0
2017-09-28,1.17505,1.18028,1.1722,1.17496,0.0
2017-09-29,1.17806,1.18319,1.17733,1.17818,0.0
2017-10-02,1.18076,1.18076,1.17312,1.18074,0.0
2017-10-03,1.17332,1.17716,1.16974,1.17338,0.0
2017-10-04,1.17478,1.17868,1.17474,1.17476,0.0
2017-10-05,1.1757,1.17799,1.17038,1.17572,0.0
2017-10-06,1.1714,1.17387,1.16713,1.17123,0.0
2017-10-09,1.17429,1.17509,1.1721,1.17425,0.0
2017-10-10,1.17419,1.18177,1.17416,1.17416,0.0
2017-10-11,1.1814,1.1858,1.17963,1.18149,0.0
2017-10-12,1.18654,1.18807,1.18318,1.18655,0.0
2017-10-13,1.18314,1.18744,1.18062,1.18318,0.0
2017-10-16,1.1815,1.1821,1.17811,1.1814,0.0
2017-10-17,1.17951,1.17951,1.17386,1.17945,0.0
2017-10-18,1.17729,1.17798,1.17323,1.17719,0.0
2017-10-19,1.17936,1.18572,1.177,1.17952,0.0
2017-10-20,1.1852,1.1858,1.1765,1.18481,0.0
2017-10-23,1.17547,1.1779,1.17341,1.17536,0.0
2017-10-24,1.17553,1.17772,1.17438,1.17592,0.0
2017-10-25,1.17599,1.18175,1.17538,1.1759,0.0
2017-10-26,1.18221,1.18356,1.16922,1.18208,0.0
2017-10-27,1.1639,1.16442,1.15759,1.16372,0.0
2017-10-30,1.16073,1.16428,1.15981,1.16046,0.0
2017-10-31,1.16499,1.1659,1.16256,1.16527,0.0
2017-11-01,1.16516,1.16575,1.16083,1.16518,0.0
2017-11-02,1.16291,1.16873,1.16287,1.16287,0.0
2017-11-03,1.16632,1.16867,1.16052,1.16618,0.0
2017-11-06,1.16153,1.16266,1.15828,1.16149,0.0
2017-11-07,1.16118,1.16171,1.15559,1.16126,0.0
2017-11-08,1.16025,1.16095,1.15812,1.16011,0.0
2017-11-09,1.15955,1.16526,1.15864,1.15969,0.0
2017-11-10,1.16452,1.16752,1.1624,1.16469,0.0
2017-11-13,1.16611,1.16752,1.16387,1.16611,0.0
2017-11-14,1.16649,1.17741,1.16633,1.16649,0.0
2017-11-15,1.17918,1.18594,1.17861,1.17929,0.0
2017-11-17,1.17773,1.18217,1.17747,1.17775,0.0
2017-11-20,1.17321,1.18075,1.17259,1.17319,0.0
2017-11-21,1.17387,1.17567,1.17155,1.17412,0.0
2017-11-22,1.17409,1.17982,1.17356,1.17372,0.0
2017-11-23,1.18152,1.1855,1.18145,1.18147,0.0
2017-11-24,1.18509,1.19437,1.18373,1.1854,0.0
2017-11-27,1.19288,1.19604,1.19082,1.19265,0.0
2017-11-28,1.19041,1.1921,1.18675,1.19049,0.0
2017-11-29,1.18497,1.1885,1.18201,1.18481,0.0
2017-11-30,1.185,1.19298,1.1815,1.1852,0.0
2017-12-01,1.18991,1.19399,1.18521,1.18982,0.0
2017-12-04,1.18571,1.18787,1.18312,1.18599,0.0
2017-12-05,1.18686,1.18793,1.18089,1.18677,0.0
2017-12-06,1.18305,1.18483,1.17813,1.18329,0.0
2017-12-07,1.1805,1.18092,1.17772,1.18043,0.0
2017-12-08,1.17744,1.17772,1.17319,1.17722,0.0
2017-12-11,1.17693,1.18104,1.17689,1.177,0.0
2017-12-12,1.17772,1.1793,1.17189,1.17776,0.0
2017-12-13,1.17436,1.17702,1.17305,1.17426,0.0
2017-12-14,1.18399,1.18599,1.17716,1.18359,0.0
2017-12-15,1.17752,1.1814,1.17617,1.1775,0.0
2017-12-18,1.17467,1.18343,1.17432,1.17436,0.0
2017-12-19,1.17829,1.18329,1.1777,1.17843,0.0
2017-12-20,1.18371,1.19012,1.18301,1.18413,0.0
2017-12-21,1.18778,1.1892,1.18502,1.18782,0.0
2017-12-22,1.18516,1.1862,1.18175,1.18573,0.0
2017-12-25,1.18568,1.1885,1.1849,1.18561,0.0
2017-12-26,1.18713,1.18779,1.18475,1.18725,0.0
2017-12-27,1.1861,1.19104,1.18556,1.18579,0.0
2017-12-28,1.19002,1.1955,1.18982,1.19008,0.0
2017-12-29,1.19399,1.20228,1.1938,1.19417,0.0
2018-01-01,1.20049,1.2015,1.1999,1.20049,0.0
2018-01-02,1.20109,1.20809,1.20086,1.20116,0.0
2018-01-03,1.2062,1.20671,1.20049,1.20635,0.0
2018-01-04,1.20113,1.20919,1.20049,1.20104,0.0
2018-01-05,1.20662,1.20846,1.20215,1.20688,0.0
2018-01-08,1.20395,1.2054,1.19597,1.20375,0.0
2018-01-09,1.19696,1.19758,1.1918,1.19705,0.0
2018-01-10,1.19293,1.20163,1.19245,1.19293,0.0
2018-01-11,1.19549,1.20592,1.19312,1.19561,0.0
2018-01-12,1.20421,1.21561,1.20414,1.20421,0.0
2018-01-15,1.2193,1.2299,1.21881,1.21923,0.0
2018-01-16,1.22699,1.22812,1.21968,1.22684,0.0
2018-01-17,1.22714,1.23215,1.21991,1.22713,0.0
2018-01-18,1.21815,1.22626,1.21751,1.2184,0.0
2018-01-19,1.22359,1.22948,1.22203,1.22366,0.0
2018-01-22,1.2256,1.22666,1.22146,1.22555,0.0
2018-01-23,1.22573,1.2307,1.22236,1.22563,0.0
2018-01-24,1.23097,1.2402,1.22951,1.23103,0.0
2018-01-25,1.2396,1.25299,1.23865,1.23911,0.0
2018-01-26,1.23923,1.24902,1.23874,1.23923,0.0
2018-01-29,1.24282,1.24319,1.23381,1.24281,0.0
2018-01-30,1.23818,1.24522,1.23368,1.23811,0.0
2018-01-31,1.24083,1.24766,1.24006,1.24096,0.0
2018-02-01,1.24174,1.24878,1.23865,1.24187,0.0
2018-02-02,1.25127,1.2518,1.24119,1.251,0.0
2018-02-05,1.24471,1.24782,1.24016,1.24469,0.0
2018-02-06,1.23683,1.24285,1.23162,1.23678,0.0
2018-02-07,1.23814,1.24033,1.22785,1.23813,0.0
2018-02-08,1.22684,1.22945,1.22166,1.22681,0.0
2018-02-09,1.22608,1.22855,1.22264,1.22608,0.0
2018-02-12,1.22534,1.22971,1.22363,1.22528,0.0
2018-02-13,1.23012,1.2372,1.22861,1.23038,0.0
2018-02-14,1.2353,1.24162,1.22785,1.23538,0.0
2018-02-15,1.24671,1.2512,1.24505,1.24673,0.0
2018-02-16,1.25073,1.25581,1.24305,1.25036,0.0
2018-02-19,1.24119,1.2438,1.2371,1.24119,0.0
2018-02-20,1.23991,1.24091,1.23219,1.23986,0.0
2018-02-21,1.23355,1.2347,1.23007,1.23353,0.0
2018-02-22,1.22803,1.23533,1.22617,1.22818,0.0
2018-02-23,1.2326,1.2335,1.22805,1.23267,0.0
2018-02-26,1.22883,1.23548,1.22824,1.22871,0.0
2018-02-27,1.2316,1.23457,1.22231,1.23156,0.0
2018-02-28,1.22221,1.22429,1.21892,1.22303,0.0
2018-03-01,1.2191,1.22218,1.2158,1.21913,0.0
2018-03-02,1.22713,1.23305,1.22528,1.22708,0.0
2018-03-05,1.23185,1.23483,1.22755,1.23154,0.0
2018-03-06,1.23378,1.24199,1.23312,1.23365,0.0
2018-03-07,1.24193,1.24406,1.2386,1.24167,0.0
2018-03-08,1.24162,1.24448,1.23063,1.24146,0.0
2018-03-09,1.23078,1.23338,1.22755,1.23066,0.0
2018-03-12,1.23086,1.2342,1.22914,1.23088,0.0
2018-03-13,1.23387,1.23989,1.2315,1.23396,0.0
2018-03-14,1.2393,1.24162,1.23501,1.23923,0.0
2018-03-15,1.23753,1.2387,1.23207,1.23756,0.0
2018-03-16,1.23077,1.2335,1.22615,1.23092,0.0
2018-03-19,1.22808,1.23324,1.22605,1.22808,0.0
2018-03-20,1.23381,1.23542,1.2265,1.23368,0.0
2018-03-21,1.22481,1.22962,1.2247,1.22519,0.0
2018-03-22,1.23487,1.23868,1.23004,1.23477,0.0
2018-03-23,1.2326,1.23602,1.232,1.2325,0.0
2018-03-26,1.23539,1.2449,1.23524,1.23544,0.0
2018-03-27,1.2455,1.24782,1.23733,1.24575,0.0
2018-03-28,1.2408,1.24224,1.23371,1.24079,0.0
2018-03-29,1.23128,1.23381,1.22852,1.23103,0.0
2018-03-30,1.23025,1.23335,1.2298,1.23028,0.0
2018-04-02,1.23128,1.23457,1.22838,1.23142,0.0
2018-04-03,1.22933,1.2337,1.22551,1.22927,0.0
2018-04-04,1.22794,1.23106,1.22576,1.22785,0.0
2018-04-05,1.22879,1.22911,1.22194,1.22868,0.0
2018-04-06,1.2251,1.228,1.22181,1.22516,0.0
2018-04-09,1.22714,1.23305,1.22626,1.22714,0.0
2018-04-10,1.23223,1.23778,1.23038,1.23224,0.0
2018-04-11,1.23638,1.23937,1.23541,1.23631,0.0
2018-04-12,1.23762,1.23798,1.23004,1.23716,0.0
2018-04-13,1.23335,1.23487,1.23088,1.23297,0.0
2018-04-16,1.2333,1.2394,1.23264,1.23326,0.0
2018-04-17,1.23847,1.2415,1.23384,1.23851,0.0
2018-04-18,1.2373,1.2397,1.23445,1.23732,0.0
2018-04-19,1.23785,1.2402,1.23305,1.23791,0.0
2018-04-20,1.23442,1.23527,1.22551,1.23455,0.0
2018-04-23,1.22739,1.22897,1.22122,1.22734,0.0
2018-04-24,1.22112,1.22347,1.21849,1.2209,0.0
2018-04-25,1.22362,1.22414,1.2169,1.22414,0.0
2018-04-26,1.21708,1.221,1.20998,1.21717,0.0
2018-04-27,1.21076,1.2117,1.2056,1.21096,0.0
2018-04-30,1.21286,1.21386,1.20664,1.21228,0.0
2018-05-01,1.20831,1.20846,1.19835,1.20812,0.0
2018-05-02,1.19921,1.20311,1.19541,1.19916,0.0
2018-05-03,1.19517,1.20091,1.19507,1.1951,0.0
2018-05-04,1.19893,1.19976,1.19148,1.19893,0.0
2018-05-07,1.19557,1.19789,1.18995,1.1955,0.0
2018-05-08,1.19326,1.19389,1.18394,1.19337,0.0
2018-05-09,1.18668,1.18961,1.18235,1.18679,0.0
2018-05-10,1.18476,1.19424,1.18447,1.18472,0.0
2018-05-11,1.19153,1.19679,1.18934,1.19175,0.0
2018-05-14,1.19516,1.1997,1.19516,1.19521,0.0
2018-05-15,1.1932,1.19403,1.1824,1.19312,0.0
2018-05-16,1.18226,1.1854,1.17657,1.18209,0.0
2018-05-17,1.18142,1.18368,1.17786,1.1817,0.0
2018-05-18,1.1792,1.18223,1.17505,1.17952,0.0
2018-05-21,1.17637,1.1779,1.17187,1.17666,0.0
2018-05-22,1.17888,1.18282,1.17594,1.17925,0.0
2018-05-23,1.17897,1.1791,1.16862,1.17886,0.0
2018-05-24,1.17071,1.17494,1.16922,1.17102,0.0
2018-05-25,1.17232,1.17332,1.16484,1.17226,0.0
2018-05-28,1.16876,1.17302,1.16085,1.16889,0.0
2018-05-29,1.16275,1.16398,1.15144,1.1627,0.0
2018-05-30,1.15376,1.1671,1.15201,1.15393,0.0
2018-05-31,1.16662,1.1724,1.16429,1.16673,0.0
2018-06-01,1.16933,1.17155,1.16299,1.16932,0.0
2018-06-04,1.167,1.17443,1.16686,1.16686,0.0
2018-06-05,1.17018,1.17139,1.16553,1.17006,0.0
2018-06-06,1.17266,1.1797,1.17147,1.17262,0.0
2018-06-07,1.1784,1.1841,1.17836,1.17855,0.0
2018-06-08,1.17938,1.1812,1.17284,1.17952,0.0
2018-06-11,1.17869,1.18203,1.17761,1.1784,0.0
2018-06-12,1.17733,1.18085,1.17432,1.17741,0.0
2018-06-13,1.17476,1.17897,1.17336,1.17483,0.0
2018-06-14,1.18064,1.18416,1.16289,1.18078,0.0
2018-06-15,1.15634,1.16266,1.15453,1.15666,0.0
2018-06-18,1.1597,1.16237,1.15664,1.1596,0.0
2018-06-19,1.16301,1.16469,1.15332,1.16307,0.0
2018-06-20,1.15894,1.16001,1.1546,1.15886,0.0
2018-06-21,1.1577,1.16283,1.15141,1.1579,0.0
2018-06-22,1.1607,1.1676,1.16017,1.16058,0.0
2018-06-25,1.16606,1.17,1.16299,1.16614,0.0
2018-06-26,1.17018,1.17206,1.1652,1.17027,0.0
2018-06-27,1.16481,1.16719,1.15836,1.16503,0.0
2018-06-28,1.15624,1.1597,1.1528,1.15636,0.0
2018-06-29,1.15644,1.16824,1.1563,1.1563,0.0
2018-07-02,1.16784,1.16786,1.15926,1.16786,0.0
2018-07-03,1.16408,1.16754,1.16226,1.16421,0.0
2018-07-04,1.16594,1.16818,1.16314,1.16592,0.0
2018-07-05,1.16618,1.17198,1.16508,1.16624,0.0
2018-07-06,1.16939,1.17673,1.16807,1.16959,0.0
2018-07-09,1.17517,1.17908,1.17429,1.17523,0.0
2018-07-10,1.17575,1.17629,1.16919,1.1757,0.0
2018-07-11,1.17303,1.17552,1.16984,1.1727,0.0
2018-07-12,1.16757,1.1697,1.16505,1.16768,0.0
2018-07-13,1.16637,1.16754,1.16145,1.16659,0.0
2018-07-16,1.1679,1.17261,1.16767,1.16791,0.0
2018-07-17,1.17106,1.17454,1.16645,1.17095,0.0
2018-07-18,1.16577,1.16653,1.16038,1.16532,0.0
2018-07-19,1.16462,1.1657,1.15759,1.16456,0.0
2018-07-20,1.16547,1.17224,1.1628,1.16551,0.0
2018-07-23,1.17418,1.17509,1.16887,1.17419,0.0
2018-07-24,1.16986,1.17166,1.16572,1.16941,0.0
2018-07-25,1.16877,1.17137,1.16675,1.16855,0.0
2018-07-26,1.17398,1.17432,1.16509,1.17375,0.0
2018-07-27,1.16446,1.16632,1.16237,1.16429,0.0
2018-07-30,1.16632,1.17192,1.16494,1.16604,0.0
2018-07-31,1.17086,1.17481,1.16928,1.17074,0.0
2018-08-01,1.16896,1.16986,1.16653,1.16896,0.0
2018-08-02,1.16638,1.167,1.16042,1.16659,0.0
2018-08-03,1.15856,1.1612,1.15622,1.1586,0.0
2018-08-06,1.15614,1.15701,1.1531,1.15623,0.0
2018-08-07,1.15575,1.1609,1.1552,1.1558,0.0
2018-08-08,1.16034,1.16293,1.15746,1.16029,0.0
2018-08-09,1.16101,1.16212,1.15618,1.16108,0.0
2018-08-10,1.15287,1.15393,1.13961,1.15239,0.0
2018-08-13,1.13959,1.14338,1.1366,1.13947,0.0
2018-08-14,1.13985,1.1431,1.13475,1.14025,0.0
2018-08-15,1.13482,1.13494,1.13022,1.13457,0.0
2018-08-16,1.13443,1.14084,1.13384,1.13443,0.0
2018-08-17,1.13723,1.1422,1.13674,1.13714,0.0
2018-08-20,1.14379,1.14494,1.13952,1.14377,0.0
2018-08-21,1.14891,1.15391,1.14866,1.14913,0.0
2018-08-22,1.15764,1.16252,1.15544,1.15768,0.0
2018-08-23,1.15863,1.15896,1.15452,1.15848,0.0
2018-08-24,1.15428,1.1637,1.15393,1.15433,0.0
2018-08-27,1.16444,1.16809,1.15972,1.16489,0.0
2018-08-28,1.16835,1.1733,1.16634,1.16836,0.0
2018-08-29,1.1693,1.17063,1.1654,1.16913,0.0
2018-08-30,1.17093,1.17176,1.16442,1.17097,0.0
2018-08-31,1.16659,1.16893,1.15965,1.16647,0.0
2018-09-03,1.15985,1.16279,1.1591,1.16011,0.0
2018-09-04,1.16131,1.16158,1.15332,1.16155,0.0
2018-09-05,1.1588,1.16326,1.15468,1.15865,0.0
2018-09-06,1.16349,1.16562,1.16077,1.16352,0.0
2018-09-07,1.16239,1.16509,1.15639,1.16201,0.0
2018-09-10,1.1559,1.16144,1.15276,1.15611,0.0
2018-09-11,1.15934,1.16428,1.15668,1.1596,0.0
2018-09-12,1.1596,1.16482,1.15709,1.15961,0.0
2018-09-13,1.16266,1.17008,1.16097,1.16293,0.0
2018-09-14,1.16904,1.17213,1.16557,1.16918,0.0
2018-09-17,1.16236,1.16959,1.16236,1.1629,0.0
2018-09-18,1.16692,1.17204,1.16692,1.16692,0.0
2018-09-19,1.16788,1.17165,1.16534,1.16799,0.0
2018-09-20,1.16741,1.1777,1.16728,1.16746,0.0
2018-09-21,1.17761,1.18016,1.17357,1.17759,0.0
2018-09-24,1.1751,1.1815,1.17253,1.1751,0.0
2018-09-25,1.17532,1.17925,1.17325,1.1753,0.0
2018-09-26,1.17661,1.1777,1.1729,1.17632,0.0
2018-09-27,1.17472,1.17592,1.16645,1.17485,0.0
2018-09-28,1.16368,1.1653,1.15706,1.16374,0.0
2018-10-01,1.1605,1.16213,1.15651,1.16054,0.0
2018-10-02,1.15776,1.15821,1.15067,1.15776,0.0
2018-10-03,1.15504,1.15933,1.15164,1.15517,0.0
2018-10-04,1.14774,1.1536,1.14646,1.14763,0.0
2018-10-05,1.15176,1.15425,1.14878,1.15181,0.0
2018-10-08,1.15239,1.15314,1.14609,1.15226,0.0
2018-10-09,1.14946,1.15048,1.14333,1.14941,0.0
2018-10-10,1.1504,1.1542,1.14807,1.15069,0.0
2018-10-11,1.15322,1.15976,1.15322,1.15334,0.0
2018-10-12,1.15904,1.16095,1.1537,1.15904,0.0
2018-10-15,1.15509,1.16056,1.15436,1.15513,0.0
2018-10-16,1.15833,1.16201,1.15671,1.15835,0.0
2018-10-17,1.15764,1.15821,1.15218,1.15753,0.0
2018-10-18,1.15009,1.15274,1.14829,1.15009,0.0
2018-10-19,1.14551,1.15145,1.14337,1.146,0.0
2018-10-22,1.15112,1.1552,1.14624,1.15095,0.0
2018-10-23,1.14647,1.14898,1.14399,1.14679,0.0
2018-10-24,1.14726,1.14758,1.13841,1.14732,0.0
2018-10-25,1.13987,1.14308,1.13662,1.13993,0.0
2018-10-26,1.13751,1.13985,1.13362,1.13779,0.0
2018-10-29,1.13987,1.14158,1.13644,1.13987,0.0
2018-10-30,1.13751,1.13871,1.13474,1.13762,0.0
2018-10-31,1.13458,1.13602,1.13117,1.13464,0.0
2018-11-01,1.13139,1.14132,1.13138,1.13167,0.0
2018-11-02,1.14028,1.14554,1.13757,1.14033,0.0
2018-11-05,1.13971,1.14064,1.13552,1.13976,0.0
2018-11-06,1.14086,1.14381,1.13933,1.14129,0.0
2018-11-07,1.1441,1.14999,1.14006,1.14385,0.0
2018-11-08,1.14333,1.14443,1.14051,1.14341,0.0
2018-11-09,1.13685,1.13692,1.1325,1.13684,0.0
2018-11-12,1.13248,1.13327,1.12416,1.1325,0.0
2018-11-13,1.12241,1.12919,1.12232,1.12334,0.0
2018-11-14,1.13161,1.13397,1.12648,1.13112,0.0
2018-11-15,1.13136,1.13511,1.1275,1.13118,0.0
2018-11-16,1.13253,1.14142,1.13226,1.13249,0.0
2018-11-19,1.14121,1.14629,1.13945,1.1414,0.0
2018-11-20,1.14548,1.14728,1.13871,1.1455,0.0
2018-11-21,1.13727,1.1422,1.13663,1.13724,0.0
2018-11-22,1.13889,1.14341,1.13863,1.13884,0.0
2018-11-23,1.14026,1.14194,1.13323,1.14032,0.0
2018-11-26,1.13389,1.13836,1.13273,1.13374,0.0
2018-11-27,1.13343,1.13449,1.12794,1.13334,0.0
2018-11-28,1.12971,1.1308,1.12677,1.12988,0.0
2018-11-29,1.13666,1.14015,1.13496,1.13685,0.0
2018-11-30,1.13928,1.14012,1.13148,1.13928,0.0
2018-12-03,1.13419,1.13801,1.13217,1.13422,0.0
2018-12-04,1.13559,1.14177,1.13433,1.13549,0.0
2018-12-05,1.13437,1.13603,1.1315,1.13429,0.0
2018-12-06,1.13473,1.14123,1.13234,1.13491,0.0
2018-12-07,1.13768,1.14107,1.13613,1.13748,0.0
2018-12-10,1.14038,1.14456,1.13623,1.14009,0.0
2018-12-11,1.1355,1.13994,1.13076,1.13565,0.0
2018-12-12,1.13228,1.13804,1.13162,1.13231,0.0
2018-12-13,1.13727,1.13925,1.13336,1.13735,0.0
2018-12-14,1.13632,1.13662,1.12708,1.13636,0.0
2018-12-17,1.13067,1.1354,1.13048,1.13059,0.0
2018-12-18,1.135,1.1403,1.13386,1.13498,0.0
2018-12-19,1.13757,1.14397,1.13754,1.13754,0.0
2018-12-20,1.13878,1.14849,1.13784,1.13895,0.0
2018-12-21,1.14578,1.14745,1.13878,1.14569,0.0
2018-12-24,1.1372,1.14384,1.1372,1.13728,0.0
2018-12-25,1.14051,1.1422,1.13701,1.14039,0.0
2018-12-26,1.14134,1.14194,1.13762,1.14155,0.0
2018-12-27,1.13636,1.14343,1.13591,1.13613,0.0
2018-12-28,1.14309,1.14732,1.14309,1.14311,0.0
2018-12-31,1.14389,1.14659,1.14223,1.14399,0.0
2019-01-01,1.14943,1.155,1.1465,1.14931,0.0
2019-01-02,1.14613,1.1497,1.13457,1.14617,0.0
2019-01-03,1.13173,1.14091,1.13173,1.13181,0.0
2019-01-04,1.13909,1.14177,1.13482,1.13911,0.0
2019-01-07,1.14129,1.14745,1.14052,1.14104,0.0
2019-01-08,1.14793,1.14863,1.14247,1.14797,0.0
2019-01-09,1.14572,1.15401,1.14416,1.14561,0.0
2019-01-10,1.15552,1.15714,1.15115,1.15549,0.0
2019-01-11,1.15152,1.1539,1.14597,1.15101,0.0
2019-01-14,1.14628,1.14837,1.14516,1.14601,0.0
2019-01-15,1.14732,1.14916,1.13862,1.14729,0.0
2019-01-16,1.14141,1.14223,1.13789,1.14168,0.0
2019-01-17,1.1399,1.14077,1.13724,1.13981,0.0
2019-01-18,1.13919,1.14103,1.13542,1.13926,0.0
2019-01-21,1.13654,1.13882,1.1358,1.13656,0.0
2019-01-22,1.13696,1.13753,1.13368,1.13693,0.0
2019-01-23,1.13638,1.13932,1.13516,1.1364,0.0
2019-01-24,1.13871,1.13934,1.13132,1.13882,0.0
2019-01-25,1.13099,1.14116,1.13058,1.13135,0.0
2019-01-28,1.14127,1.14456,1.13909,1.1413,0.0
2019-01-29,1.14297,1.14506,1.14117,1.143,0.0
2019-01-30,1.14351,1.14503,1.14086,1.14354,0.0
2019-01-31,1.14855,1.15137,1.14506,1.14877,0.0
2019-02-01,1.14508,1.14884,1.14351,1.14495,0.0
2019-02-04,1.14572,1.14626,1.14254,1.14553,0.0
2019-02-05,1.14358,1.1443,1.14033,1.14363,0.0
2019-02-06,1.14088,1.1411,1.13754,1.14099,0.0
2019-02-07,1.13663,1.13701,1.13261,1.1366,0.0
2019-02-08,1.13399,1.1351,1.13218,1.13388,0.0
2019-02-11,1.13243,1.13314,1.12734,1.13243,0.0
2019-02-12,1.12803,1.13199,1.12589,1.1279,0.0
2019-02-13,1.13327,1.13443,1.12829,1.13347,0.0
2019-02-14,1.12641,1.13083,1.12506,1.12649,0.0
2019-02-15,1.12947,1.12982,1.12349,1.12954,0.0
2019-02-18,1.12948,1.13341,1.12948,1.1298,0.0
2019-02-19,1.13121,1.13419,1.1277,1.1312,0.0
2019-02-20,1.1343,1.13696,1.13259,1.1343,0.0
2019-02-21,1.13464,1.13658,1.13226,1.13464,0.0
2019-02-22,1.13398,1.13558,1.13187,1.1343,0.0
2019-02-25,1.13402,1.13675,1.1338,1.13422,0.0
2019-02-26,1.13662,1.13786,1.13465,1.13675,0.0
2019-02-27,1.13942,1.14038,1.13639,1.13932,0.0
2019-02-28,1.13779,1.1422,1.13608,1.13802,0.0
2019-03-01,1.13726,1.14089,1.13543,1.13735,0.0
2019-03-04,1.13753,1.13759,1.13106,1.13759,0.0
2019-03-05,1.13383,1.13392,1.12932,1.13374,0.0
2019-03-06,1.13062,1.1325,1.12917,1.13071,0.0
2019-03-07,1.13125,1.13199,1.12088,1.1314,0.0
2019-03-08,1.1202,1.12445,1.11861,1.11983,0.0
2019-03-11,1.1231,1.12575,1.12226,1.12324,0.0
2019-03-12,1.12589,1.12943,1.12502,1.12592,0.0
2019-03-13,1.12868,1.13138,1.1279,1.12874,0.0
2019-03-14,1.13329,1.13359,1.12947,1.13311,0.0
2019-03-15,1.13076,1.1343,1.13022,1.13084,0.0
2019-03-18,1.13199,1.13598,1.12347,1.13198,0.0
2019-03-19,1.13356,1.13636,1.13343,1.13362,0.0
2019-03-20,1.13531,1.13675,1.13365,1.13549,0.0
2019-03-21,1.143,1.14399,1.13551,1.14279,0.0
2019-03-22,1.1374,1.13921,1.12756,1.1375,0.0
2019-03-25,1.12961,1.13317,1.12905,1.12959,0.0
2019-03-26,1.13145,1.13289,1.12796,1.13158,0.0
2019-03-27,1.12745,1.12855,1.12427,1.12748,0.0
2019-03-28,1.12514,1.1263,1.12152,1.12518,0.0
2019-03-29,1.12295,1.12461,1.12109,1.123,0.0
2019-04-01,1.12235,1.12502,1.12099,1.12238,0.0
2019-04-02,1.1206,1.1214,1.11846,1.12057,0.0
2019-04-03,1.12029,1.1255,1.12025,1.12039,0.0
2019-04-04,1.12453,1.12499,1.12093,1.12469,0.0
2019-04-05,1.12246,1.12415,1.12116,1.12259,0.0
2019-04-08,1.12221,1.12741,1.12155,1.12196,0.0
2019-04-09,1.12564,1.1288,1.12564,1.12564,0.0
2019-04-10,1.12649,1.12829,1.1231,1.1267,0.0
2019-04-11,1.12761,1.12874,1.12561,1.12765,0.0
2019-04-12,1.12594,1.1325,1.12583,1.12608,0.0
2019-04-15,1.13037,1.13225,1.12994,1.13051,0.0
2019-04-16,1.13044,1.1315,1.1286,1.13049,0.0
2019-04-17,1.12852,1.13237,1.12818,1.1285,0.0
2019-04-18,1.13007,1.1306,1.12377,1.12971,0.0
2019-04-19,1.12361,1.12511,1.12331,1.1236,0.0
2019-04-22,1.12445,1.12638,1.12367,1.12445,0.0
2019-04-23,1.12589,1.12613,1.11934,1.1259,0.0
2019-04-24,1.12245,1.12246,1.11831,1.12244,0.0
2019-04-25,1.1157,1.1164,1.11217,1.11535,0.0
2019-04-26,1.11371,1.11728,1.1123,1.11368,0.0
2019-04-29,1.1149,1.11699,1.11455,1.11503,0.0
2019-04-30,1.11842,1.12296,1.11766,1.11852,0.0
2019-05-01,1.12183,1.125,1.12144,1.1216,0.0
2019-05-02,1.12018,1.12182,1.11736,1.12008,0.0
2019-05-03,1.11726,1.12007,1.11413,1.11736,0.0
2019-05-06,1.11871,1.12045,1.11799,1.11858,0.0
2019-05-07,1.12045,1.12196,1.11761,1.12018,0.0
2019-05-08,1.11896,1.1215,1.11896,1.11911,0.0
2019-05-09,1.11975,1.1251,1.11757,1.11983,0.0
2019-05-10,1.12186,1.12524,1.12186,1.12221,0.0
2019-05-13,1.12367,1.12634,1.12241,1.12365,0.0
2019-05-14,1.12324,1.12461,1.12049,1.12325,0.0
2019-05-15,1.12036,1.12227,1.11804,1.12045,0.0
2019-05-16,1.12095,1.12244,1.11743,1.12072,0.0
2019-05-17,1.11748,1.11844,1.11574,1.11736,0.0
2019-05-20,1.11653,1.1177,1.11513,1.11653,0.0
2019-05-21,1.11694,1.11832,1.11424,1.11686,0.0
2019-05-23,1.11551,1.11728,1.11095,1.11555,0.0
2019-05-24,1.11838,1.1212,1.11781,1.11846,0.0
2019-05-27,1.12064,1.12183,1.11881,1.12096,0.0
2019-05-28,1.11936,1.11995,1.11718,1.11938,0.0
2019-05-29,1.11707,1.11757,1.11259,1.11707,0.0
2019-05-30,1.11383,1.1146,1.11185,1.11373,0.0
2019-05-31,1.11299,1.11794,1.11266,1.11311,0.0
2019-06-03,1.11734,1.1211,1.11622,1.11741,0.0
2019-06-04,1.12456,1.12778,1.12278,1.12463,0.0
2019-06-05,1.12551,1.13045,1.12399,1.1254,0.0
2019-06-06,1.12273,1.13079,1.12238,1.1229,0.0
2019-06-07,1.12755,1.13482,1.12532,1.12765,0.0
2019-06-10,1.1319,1.1327,1.1292,1.13202,0.0
2019-06-11,1.13184,1.13327,1.13048,1.13181,0.0
2019-06-12,1.13294,1.1343,1.13085,1.13295,0.0
2019-06-13,1.12931,1.1305,1.12712,1.12956,0.0
2019-06-14,1.12796,1.12905,1.1215,1.12804,0.0
2019-06-17,1.1216,1.1246,1.12054,1.12171,0.0
2019-06-18,1.12271,1.1244,1.11823,1.12246,0.0
2019-06-19,1.11975,1.12221,1.11887,1.11982,0.0
2019-06-20,1.12358,1.13152,1.12358,1.12385,0.0
2019-06-21,1.12932,1.13334,1.12836,1.12956,0.0
2019-06-24,1.1383,1.14012,1.13738,1.13847,0.0
2019-06-25,1.14002,1.1414,1.13784,1.14003,0.0
2019-06-26,1.13685,1.13895,1.13509,1.137,0.0
2019-06-27,1.13746,1.1383,1.13484,1.13748,0.0
2019-06-28,1.13714,1.13934,1.13613,1.13729,0.0
2019-07-01,1.13636,1.13675,1.13057,1.13649,0.0
2019-07-02,1.12871,1.13211,1.12768,1.12874,0.0
2019-07-03,1.12909,1.13053,1.12704,1.12931,0.0
2019-07-04,1.1288,1.12982,1.12743,1.1288,0.0
2019-07-05,1.1286,1.1288,1.12082,1.12858,0.0
2019-07-08,1.12279,1.12372,1.12084,1.12274,0.0
2019-07-09,1.12148,1.12221,1.11953,1.1216,0.0
2019-07-10,1.12046,1.1263,1.12026,1.12082,0.0
2019-07-11,1.12613,1.1288,1.12518,1.12589,0.0
2019-07-12,1.12502,1.1278,1.12397,1.12524,0.0
2019-07-15,1.12718,1.1286,1.12557,1.12721,0.0
2019-07-16,1.12609,1.12663,1.1209,1.12618,0.0
2019-07-17,1.12133,1.12334,1.12011,1.12123,0.0
2019-07-18,1.12278,1.12473,1.12062,1.12296,0.0
2019-07-19,1.12615,1.12714,1.1215,1.12615,0.0
2019-07-22,1.12181,1.12271,1.12084,1.12183,0.0
2019-07-23,1.1205,1.12108,1.11496,1.12061,0.0
2019-07-24,1.1151,1.11557,1.113,1.11513,0.0
2019-07-25,1.11423,1.11869,1.11038,1.11424,0.0
2019-07-26,1.11452,1.11532,1.11157,1.11462,0.0
2019-07-29,1.11309,1.11445,1.11144,1.11321,0.0
2019-07-30,1.11422,1.11581,1.11333,1.11431,0.0
2019-07-31,1.11574,1.11645,1.11278,1.1158,0.0
2019-08-01,1.10722,1.1073,1.10275,1.10717,0.0
2019-08-02,1.10818,1.11142,1.10708,1.10789,0.0
2019-08-05,1.11074,1.11995,1.11074,1.1108,0.0
2019-08-06,1.12427,1.12497,1.11707,1.12438,0.0
2019-08-07,1.12059,1.1241,1.11809,1.1207,0.0
2019-08-08,1.12049,1.12284,1.11844,1.12044,0.0
2019-08-09,1.11873,1.12198,1.11841,1.11872,0.0
2019-08-12,1.12069,1.12303,1.11633,1.12085,0.0
2019-08-13,1.12183,1.12283,1.11782,1.12183,0.0
2019-08-14,1.11776,1.1191,1.114,1.11771,0.0
2019-08-15,1.1145,1.1159,1.10956,1.11433,0.0
2019-08-16,1.11114,1.11136,1.10675,1.11136,0.0
2019-08-19,1.10939,1.111,1.10882,1.10939,0.0
2019-08-20,1.10825,1.1099,1.10689,1.10832,0.0
2019-08-21,1.10985,1.11074,1.10888,1.10978,0.0
2019-08-22,1.10904,1.1114,1.10645,1.10908,0.0
2019-08-23,1.10833,1.1149,1.1053,1.1084,0.0
2019-08-26,1.11431,1.11525,1.11084,1.11431,0.0
2019-08-27,1.11011,1.11185,1.10888,1.11037,0.0
2019-08-28,1.109,1.11,1.10744,1.109,0.0
2019-08-29,1.10854,1.10902,1.10562,1.10859,0.0
2019-08-30,1.10596,1.10619,1.09872,1.10619,0.0
2019-09-02,1.099094,1.099747,1.095878,1.099179,0.0
2019-09-03,1.096732,1.097731,1.09304,1.096852,0.0
2019-09-04,1.097358,1.1035,1.097273,1.097454,0.0
2019-09-05,1.10375,1.10828,1.10183,1.1035,0.0
2019-09-06,1.10363,1.10574,1.10212,1.10363,0.0
2019-09-09,1.10207,1.10653,1.10161,1.10206,0.0
2019-09-10,1.10473,1.10595,1.10318,1.10484,0.0
2019-09-11,1.10497,1.10583,1.098623,1.10503,0.0
2019-09-12,1.10144,1.10775,1.092956,1.10135,0.0
2019-09-13,1.10577,1.11091,1.10577,1.10583,0.0
2019-09-16,1.10841,1.10843,1.099493,1.10834,0.0
2019-09-17,1.1004,1.10681,1.099288,1.10059,0.0
2019-09-18,1.10743,1.10779,1.10375,1.10747,0.0
2019-09-19,1.10314,1.1075,1.10235,1.10314,0.0
2019-09-20,1.10461,1.1069,1.09988,1.10485,0.0
2019-09-23,1.10195,1.1028,1.096828,1.1019,0.0
2019-09-24,1.099372,1.10139,1.098515,1.099372,0.0
2019-09-25,1.10156,1.10193,1.094835,1.10169,0.0
2019-09-26,1.095182,1.096732,1.092514,1.09529,0.0
2019-09-27,1.092311,1.095842,1.090584,1.092275,0.0
2019-09-30,1.094164,1.094811,1.088767,1.094271,0.0
2019-10-01,1.089918,1.093733,1.088151,1.089966,0.0
2019-10-02,1.093542,1.095794,1.090524,1.093494,0.0
2019-10-03,1.096203,1.099832,1.094188,1.096371,0.0
2019-10-04,1.09749,1.099227,1.095914,1.097538,0.0
2019-10-07,1.09866,1.10011,1.096371,1.09866,0.0
2019-10-08,1.097273,1.0998,1.094667,1.097213,0.0
2019-10-09,1.096022,1.099199,1.095554,1.096011,0.0
2019-10-10,1.098587,1.10339,1.098044,1.09878,0.0
2019-10-11,1.10144,1.1062,1.10039,1.1011,0.0
2019-10-14,1.10282,1.1043,1.10152,1.103,0.0
2019-10-15,1.10258,1.10455,1.099276,1.1029,0.0
2019-10-16,1.1034,1.10763,1.10235,1.10347,0.0
2019-10-17,1.10743,1.114,1.10659,1.10749,0.0
2019-10-18,1.11272,1.1162,1.11151,1.11272,0.0
2019-10-21,1.11561,1.11807,1.114,1.11557,0.0
2019-10-22,1.1152,1.11607,1.11247,1.11518,0.0
2019-10-23,1.11297,1.11334,1.1108,1.11293,0.0
2019-10-24,1.11326,1.11657,1.10939,1.11324,0.0
2019-10-25,1.11044,1.11259,1.10805,1.1104,0.0
2019-10-28,1.10848,1.11067,1.10771,1.10843,0.0
2019-10-29,1.11025,1.11188,1.10751,1.10991,0.0
2019-10-30,1.11122,1.11259,1.11033,1.11148,0.0
2019-10-31,1.11542,1.11769,1.11337,1.11545,0.0
2019-11-01,1.11561,1.11744,1.11308,1.11571,0.0
2019-11-04,1.11694,1.1177,1.1142,1.11666,0.0
2019-11-05,1.11283,1.1139,1.10646,1.11285,0.0
2019-11-06,1.10744,1.10951,1.10675,1.10742,0.0
2019-11-07,1.10706,1.10914,1.1038,1.10704,0.0
2019-11-08,1.10346,1.10381,1.10178,1.10197,0.0
2019-11-11,1.10228,1.10436,1.10172,1.10224,0.0
2019-11-12,1.10348,1.10412,1.10039,1.10355,0.0
2019-11-13,1.10121,1.10205,1.10011,1.10124,0.0
2019-11-14,1.10087,1.10178,1.099082,1.10132,0.0
2019-11-15,1.10229,1.10558,1.10153,1.10205,0.0
2019-11-18,1.1054,1.1091,1.1054,1.10551,0.0
2019-11-19,1.10722,1.10852,1.10643,1.10724,0.0
2019-11-20,1.10803,1.10828,1.10536,1.108,0.0
2019-11-21,1.1079,1.10964,1.10638,1.10789,0.0
2019-11-22,1.10656,1.10786,1.10286,1.10659,0.0
2019-11-25,1.10241,1.10339,1.10062,1.10226,0.0
2019-11-26,1.1012,1.10266,1.1008,1.10144,0.0
2019-11-27,1.10221,1.10226,1.099336,1.10226,0.0
2019-11-28,1.10061,1.10193,1.10016,1.10049,0.0
2019-11-29,1.10113,1.10267,1.098286,1.10118,0.0
2019-12-02,1.10177,1.10892,1.10038,1.1019,0.0
2019-12-03,1.1076,1.10926,1.10665,1.10791,0.0
2019-12-04,1.10818,1.11135,1.10679,1.10852,0.0
2019-12-05,1.10827,1.11049,1.108,1.1083,0.0
2019-12-06,1.11042,1.11123,1.10423,1.11054,0.0
2019-12-09,1.10578,1.10803,1.1054,1.10589,0.0
2019-12-10,1.10645,1.10975,1.10635,1.1065,0.0
2019-12-11,1.10939,1.10988,1.10717,1.10927,0.0
2019-12-12,1.11333,1.11534,1.11119,1.11359,0.0
2019-12-13,1.11834,1.11869,1.11189,1.11861,0.0
2019-12-16,1.11252,1.11579,1.11235,1.11245,0.0
2019-12-17,1.11371,1.11732,1.11309,1.1137,0.0
2019-12-18,1.11515,1.11515,1.11114,1.11514,0.0
2019-12-19,1.11159,1.11424,1.11099,1.11159,0.0
2019-12-20,1.11237,1.11259,1.10743,1.11259,0.0
2019-12-23,1.10798,1.10975,1.10715,1.10798,0.0
2019-12-24,1.1093,1.10975,1.10706,1.10939,0.0
2019-12-25,1.10914,1.11086,1.10779,1.10902,0.0
2019-12-26,1.10951,1.11049,1.10828,1.10955,0.0
2019-12-27,1.11012,1.11807,1.11,1.11011,0.0
2019-12-30,1.11816,1.12207,1.11816,1.11823,0.0
2019-12-31,1.12045,1.1241,1.12007,1.12023,0.0
2020-01-01,1.12208,1.12284,1.11595,1.12208,0.0
2020-01-02,1.12189,1.12271,1.11668,1.12208,0.0
2020-01-03,1.11708,1.11807,1.11257,1.11714,0.0
2020-01-06,1.11625,1.12082,1.11581,1.1162,0.0
2020-01-07,1.11958,1.11995,1.11349,1.1198,0.0
2020-01-08,1.11557,1.11652,1.11109,1.11547,0.0
2020-01-09,1.11144,1.11222,1.10951,1.11132,0.0
2020-01-10,1.11093,1.1121,1.10862,1.11111,0.0
2020-01-13,1.11165,1.11447,1.11141,1.11167,0.0
2020-01-14,1.11345,1.11458,1.11056,1.11357,0.0
2020-01-15,1.11297,1.11635,1.11203,1.11309,0.0
2020-01-16,1.11527,1.11719,1.11298,1.1154,0.0
2020-01-17,1.1138,1.1145,1.10876,1.11396,0.0
2020-01-20,1.10952,1.11049,1.10775,1.10946,0.0
2020-01-21,1.10964,1.11198,1.10865,1.10969,0.0
2020-01-22,1.10859,1.10978,1.10716,1.10856,0.0
2020-01-23,1.10975,1.11032,1.1037,1.10964,0.0
2020-01-24,1.10553,1.10608,1.10212,1.10552,0.0
2020-01-27,1.10263,1.104,1.10101,1.10254,0.0
2020-01-28,1.10196,1.10266,1.099856,1.10198,0.0
2020-01-29,1.10229,1.10302,1.099324,1.10226,0.0
2020-01-30,1.10141,1.10366,1.10082,1.10169,0.0
2020-01-31,1.10288,1.10902,1.10179,1.10291,0.0
2020-02-03,1.10891,1.10898,1.10435,1.10898,0.0
2020-02-04,1.10629,1.10656,1.10339,1.10629,0.0
2020-02-05,1.10447,1.10485,1.099832,1.10473,0.0
2020-02-06,1.10005,1.10129,1.096551,1.10023,0.0
2020-02-07,1.098105,1.098699,1.094691,1.098298,0.0
2020-02-10,1.094871,1.096131,1.09096,1.094931,0.0
2020-02-11,1.091227,1.0927,1.089348,1.091346,0.0
2020-02-12,1.09218,1.0925,1.088708,1.091941,0.0
2020-02-13,1.087642,1.089087,1.083553,1.087595,0.0
2020-02-14,1.084599,1.086248,1.08313,1.084599,0.0
2020-02-17,1.084058,1.0854,1.083025,1.084175,0.0
2020-02-18,1.083705,1.084011,1.078691,1.084011,0.0
2020-02-19,1.079471,1.080847,1.07836,1.07954,0.0
2020-02-20,1.080964,1.0821,1.077958,1.08101,0.0
2020-02-21,1.078772,1.086366,1.078772,1.0788,0.0
2020-02-24,1.083858,1.086366,1.080847,1.083905,0.0
2020-02-25,1.084905,1.088175,1.083177,1.08492,0.0
2020-02-26,1.0881,1.090358,1.085564,1.0882,0.0
2020-02-27,1.088566,1.10057,1.088566,1.088589,0.0
2020-02-28,1.099554,1.10528,1.095158,1.099723,0.0
2020-03-02,1.10525,1.11641,1.10373,1.10513,0.0
2020-03-03,1.11443,1.12075,1.10973,1.1144,0.0
2020-03-04,1.11773,1.11857,1.10969,1.11807,0.0
2020-03-05,1.11391,1.12045,1.11217,1.11391,0.0
2020-03-06,1.12238,1.13547,1.12139,1.12238,0.0
2020-03-09,1.13862,1.14958,1.13568,1.1386,0.0
2020-03-10,1.13974,1.1423,1.13341,1.1398,0.0
2020-03-11,1.13162,1.1366,1.1259,1.13165,0.0
2020-03-12,1.12608,1.13329,1.10808,1.12615,0.0
2020-03-13,1.11836,1.12213,1.10654,1.11849,0.0
2020-03-16,1.11596,1.12354,1.10887,1.11554,0.0
2020-03-17,1.11633,1.11891,1.095794,1.11632,0.0
2020-03-18,1.10169,1.1045,1.083189,1.10155,0.0
2020-03-19,1.094343,1.096155,1.069793,1.096155,0.0
2020-03-20,1.065848,1.082989,1.065451,1.065735,0.0
2020-03-23,1.068753,1.082485,1.066041,1.069439,0.0
2020-03-24,1.076473,1.08885,1.075338,1.076461,0.0
2020-03-25,1.080124,1.084952,1.077018,1.080264,0.0
2020-03-26,1.088755,1.10255,1.087654,1.088957,0.0
2020-03-27,1.10462,1.10865,1.095518,1.10483,0.0
2020-03-30,1.11354,1.11391,1.10122,1.11391,0.0
2020-03-31,1.10284,1.10436,1.092968,1.10305,0.0
2020-04-01,1.10282,1.10375,1.09187,1.10266,0.0
2020-04-02,1.095098,1.096299,1.084434,1.095362,0.0
2020-04-03,1.084387,1.085894,1.07762,1.08474,0.0
2020-04-06,1.080824,1.083435,1.076925,1.080696,0.0
2020-04-07,1.080194,1.092335,1.07914,1.08038,0.0
2020-04-08,1.089431,1.089621,1.083177,1.089514,0.0
2020-04-09,1.086118,1.094355,1.08418,1.086366,0.0
2020-04-10,1.092598,1.09541,1.092108,1.092741,0.0
2020-04-13,1.093135,1.096852,1.08936,1.093267,0.0
2020-04-14,1.091953,1.098394,1.091572,1.092299,0.0
2020-04-15,1.098237,1.098901,1.085765,1.098539,0.0
2020-04-16,1.090382,1.090774,1.082966,1.09051,0.0
2020-04-17,1.086012,1.089325,1.081268,1.085847,0.0
2020-04-20,1.086626,1.089704,1.084305,1.086697,0.0
2020-04-21,1.086354,1.087997,1.081795,1.086484,0.0
2020-04-22,1.085741,1.088317,1.082427,1.085647,0.0
2020-04-23,1.080684,1.084399,1.075836,1.080964,0.0
2020-04-24,1.077633,1.081771,1.072766,1.077702,0.0
2020-04-27,1.082368,1.086036,1.081221,1.082368,0.0
2020-04-28,1.08272,1.088969,1.081128,1.082485,0.0
2020-04-29,1.083236,1.087429,1.083166,1.083658,0.0
2020-04-30,1.087666,1.096996,1.083565,1.087725,0.0
2020-05-01,1.094475,1.10162,1.093542,1.094547,0.0
2020-05-04,1.095746,1.095963,1.090132,1.095963,0.0
2020-05-05,1.090453,1.092132,1.082696,1.090429,0.0
2020-05-06,1.084011,1.084481,1.078423,1.083858,0.0
2020-05-07,1.080054,1.081572,1.076751,1.079855,0.0
2020-05-08,1.083694,1.087335,1.081631,1.083717,0.0
2020-05-11,1.084011,1.085305,1.080427,1.083952,0.0
2020-05-12,1.080917,1.088045,1.078539,1.080941,0.0
2020-05-13,1.084634,1.089336,1.083142,1.084681,0.0
2020-05-14,1.082193,1.082485,1.077656,1.082368,0.0
2020-05-15,1.080625,1.084952,1.079086,1.080696,0.0
2020-05-18,1.081947,1.091274,1.080089,1.082134,0.0
2020-05-19,1.091584,1.097514,1.090275,1.091512,0.0
2020-05-20,1.093016,1.099904,1.092777,1.092777,0.0
2020-05-21,1.097936,1.10087,1.093948,1.098298,0.0
2020-05-22,1.095242,1.09553,1.088613,1.09529,0.0
2020-05-25,1.090905,1.091465,1.087205,1.09078,0.0
2020-05-26,1.090108,1.099155,1.089835,1.0903,0.0
2020-05-27,1.098056,1.10299,1.093661,1.098177,0.0
2020-05-28,1.10153,1.10719,1.099312,1.10169,0.0
2020-05-29,1.10781,1.11447,1.10704,1.10791,0.0
2020-06-01,1.11146,1.1152,1.11015,1.11185,0.0
2020-06-02,1.11256,1.11957,1.11157,1.11259,0.0
2020-06-03,1.11857,1.125,1.11811,1.11894,0.0
2020-06-04,1.12372,1.13605,1.1196,1.1236,0.0
2020-06-05,1.13372,1.13839,1.12857,1.13379,0.0
2020-06-08,1.13161,1.13195,1.12695,1.13195,0.0
2020-06-09,1.13029,1.13634,1.12437,1.13056,0.0
2020-06-10,1.13341,1.13889,1.13322,1.13322,0.0
2020-06-11,1.13687,1.14002,1.13261,1.13654,0.0
2020-06-12,1.12894,1.13398,1.12347,1.12881,0.0
2020-06-15,1.12542,1.1292,1.12288,1.1252,0.0
2020-06-16,1.1338,1.13498,1.12317,1.13377,0.0
2020-06-17,1.12649,1.12969,1.12103,1.12657,0.0
2020-06-18,1.12413,1.12625,1.12046,1.12429,0.0
2020-06-19,1.12072,1.1253,1.11739,1.1211,0.0
2020-06-22,1.11794,1.12677,1.11756,1.11776,0.0
2020-06-23,1.12771,1.1349,1.12343,1.12797,0.0
2020-06-24,1.13136,1.13263,1.12599,1.13123,0.0
2020-06-25,1.12514,1.126,1.11914,1.12509,0.0
2020-06-26,1.12208,1.1239,1.11978,1.12221,0.0
2020-06-29,1.12241,1.12892,1.12206,1.12259,0.0
2020-06-30,1.12471,1.12616,1.11923,1.12472,0.0
2020-07-01,1.12337,1.12746,1.11892,1.1236,0.0
2020-07-02,1.12534,1.13033,1.12278,1.12514,0.0
2020-07-03,1.12397,1.12511,1.12211,1.12378,0.0
2020-07-06,1.12488,1.13469,1.12472,1.12472,0.0
2020-07-07,1.13103,1.13366,1.12604,1.13129,0.0
2020-07-08,1.12728,1.13456,1.12652,1.12752,0.0
2020-07-09,1.13379,1.13727,1.1288,1.13392,0.0
2020-07-10,1.12892,1.13248,1.12572,1.1288,0.0
2020-07-13,1.13088,1.13705,1.13045,1.131,0.0
2020-07-14,1.13458,1.14071,1.13263,1.13455,0.0
2020-07-15,1.14108,1.1453,1.13935,1.14107,0.0
2020-07-16,1.14173,1.1443,1.13795,1.14172,0.0
2020-07-17,1.13865,1.14416,1.13789,1.13921,0.0
2020-07-20,1.14396,1.14679,1.14052,1.1443,0.0
2020-07-21,1.14576,1.1498,1.14262,1.14587,0.0
2020-07-22,1.15351,1.16009,1.15085,1.1534,0.0
2020-07-23,1.15667,1.16243,1.15421,1.15687,0.0
2020-07-24,1.1595,1.16401,1.15817,1.15961,0.0
2020-07-27,1.16526,1.17795,1.16526,1.16526,0.0
2020-07-28,1.17665,1.17758,1.1701,1.17693,0.0
2020-07-29,1.17206,1.1779,1.1715,1.17188,0.0
2020-07-30,1.17869,1.18074,1.17327,1.17829,0.0
2020-07-31,1.18737,1.1908,1.18026,1.18723,0.0
2020-08-03,1.17841,1.17876,1.17014,1.17823,0.0
2020-08-04,1.17606,1.1805,1.17242,1.17633,0.0
2020-08-05,1.18149,1.19053,1.18,1.18154,0.0
2020-08-06,1.18737,1.19119,1.18208,1.18728,0.0
2020-08-07,1.18751,1.18835,1.17565,1.18765,0.0
2020-08-10,1.17824,1.1802,1.1743,1.17827,0.0
2020-08-11,1.17376,1.1805,1.17232,1.17378,0.0
2020-08-12,1.17398,1.18127,1.1713,1.17365,0.0
2020-08-13,1.17965,1.1864,1.17938,1.17938,0.0
2020-08-14,1.18189,1.1838,1.17847,1.18166,0.0
2020-08-17,1.18504,1.18807,1.18304,1.18526,0.0
2020-08-18,1.18793,1.19652,1.18754,1.18765,0.0
2020-08-19,1.19473,1.19546,1.18934,1.19479,0.0
2020-08-20,1.18417,1.18684,1.18065,1.18435,0.0
2020-08-21,1.18708,1.18864,1.17549,1.18737,0.0
2020-08-24,1.17991,1.18526,1.17862,1.1798,0.0
2020-08-25,1.17952,1.18441,1.17848,1.17945,0.0
2020-08-26,1.18333,1.18399,1.17761,1.1835,0.0
2020-08-27,1.18402,1.18985,1.17662,1.18427,0.0
2020-08-28,1.18205,1.19204,1.1812,1.18196,0.0
2020-08-31,1.19165,1.19636,1.18851,1.19182,0.0
2020-09-01,1.19392,1.20113,1.19373,1.1939,0.0
2020-09-02,1.19231,1.19244,1.18241,1.19232,0.0
2020-09-03,1.1846,1.18481,1.17897,1.18474,0.0
2020-09-04,1.18437,1.18635,1.17818,1.18398,0.0
2020-09-07,1.18366,1.18486,1.18138,1.18345,0.0
2020-09-08,1.18192,1.18287,1.17672,1.18217,0.0
2020-09-09,1.17691,1.18305,1.17536,1.17702,0.0
2020-09-10,1.18064,1.19147,1.18029,1.18064,0.0
2020-09-11,1.18262,1.18765,1.18244,1.18244,0.0
2020-09-14,1.18436,1.1888,1.18331,1.18427,0.0
2020-09-15,1.18669,1.1901,1.18415,1.187,0.0
2020-09-16,1.18427,1.1883,1.18146,1.18444,0.0
2020-09-17,1.18043,1.18301,1.17416,1.18034,0.0
2020-09-18,1.18526,1.1871,1.18312,1.18482,0.0
2020-09-21,1.18455,1.1873,1.17327,1.18455,0.0
2020-09-22,1.17618,1.1773,1.16934,1.1768,0.0
2020-09-23,1.17075,1.172,1.16649,1.17084,0.0
2020-09-24,1.16619,1.1681,1.16297,1.16585,0.0
2020-09-25,1.16737,1.16851,1.16135,1.16732,0.0
2020-09-28,1.16351,1.16797,1.16167,1.16353,0.0
2020-09-29,1.16777,1.17416,1.16666,1.16788,0.0
2020-09-30,1.17427,1.17564,1.16861,1.17421,0.0
2020-10-01,1.17237,1.1767,1.17181,1.17261,0.0
2020-10-02,1.17441,1.1747,1.16971,1.17449,0.0
2020-10-05,1.1722,1.17966,1.17193,1.17204,0.0
2020-10-06,1.17883,1.18074,1.17673,1.17925,0.0
2020-10-07,1.17374,1.17814,1.17254,1.17376,0.0
2020-10-08,1.17655,1.17813,1.17353,1.17675,0.0
2020-10-09,1.17671,1.18245,1.17588,1.1767,0.0
2020-10-12,1.18133,1.18273,1.1788,1.18168,0.0
2020-10-13,1.18142,1.18161,1.17357,1.18161,0.0
2020-10-14,1.1744,1.17702,1.17217,1.17422,0.0
2020-10-15,1.17476,1.17606,1.16902,1.1744,0.0
2020-10-16,1.17058,1.17467,1.16949,1.17071,0.0
2020-10-19,1.17156,1.17952,1.17049,1.17155,0.0
2020-10-20,1.1768,1.18399,1.17626,1.17689,0.0
2020-10-21,1.18293,1.18821,1.18293,1.18298,0.0
2020-10-22,1.18513,1.18694,1.18133,1.1854,0.0
2020-10-23,1.1814,1.18596,1.1788,1.1815,0.0
2020-10-26,1.18483,1.1851,1.1804,1.18485,0.0
2020-10-27,1.18094,1.1838,1.17994,1.18094,0.0
2020-10-28,1.17816,1.17883,1.17193,1.17841,0.0
2020-10-29,1.17474,1.17592,1.16562,1.17487,0.0
2020-10-30,1.16768,1.17034,1.16431,1.16787,0.0
2020-11-02,1.16425,1.1657,1.16244,1.16421,0.0
2020-11-03,1.16428,1.1742,1.16381,1.16428,0.0
2020-11-04,1.17646,1.17689,1.16077,1.17622,0.0
2020-11-05,1.17299,1.18568,1.17128,1.17327,0.0
2020-11-06,1.18142,1.18906,1.17962,1.18175,0.0
2020-11-09,1.18932,1.19192,1.17975,1.1893,0.0
2020-11-10,1.18233,1.18436,1.17808,1.18273,0.0
2020-11-11,1.18196,1.18329,1.17473,1.18188,0.0
2020-11-12,1.17787,1.1823,1.17596,1.17803,0.0
2020-11-13,1.18053,1.18339,1.17997,1.18034,0.0
2020-11-16,1.18443,1.18687,1.18147,1.18453,0.0
2020-11-17,1.18597,1.18927,1.18455,1.18594,0.0
2020-11-18,1.18644,1.1891,1.18511,1.18637,0.0
2020-11-19,1.18429,1.18554,1.18174,1.18476,0.0
2020-11-20,1.18675,1.18909,1.18519,1.18665,0.0
2020-11-23,1.18654,1.19059,1.18032,1.18665,0.0
2020-11-24,1.18418,1.18939,1.18389,1.18427,0.0
2020-11-25,1.19005,1.1928,1.18828,1.19005,0.0
2020-11-26,1.19175,1.1941,1.18869,1.192,0.0
2020-11-27,1.19119,1.19619,1.19107,1.1916,0.0
2020-11-30,1.19707,1.20021,1.19441,1.19715,0.0
2020-12-01,1.19377,1.20536,1.1936,1.19382,0.0
2020-12-02,1.20699,1.21074,1.20408,1.20744,0.0
2020-12-03,1.21134,1.2175,1.21024,1.21146,0.0
2020-12-04,1.21454,1.21777,1.21337,1.21457,0.0
2020-12-07,1.21206,1.21635,1.20808,1.21214,0.0
2020-12-08,1.21095,1.21342,1.20972,1.21131,0.0
2020-12-09,1.21099,1.2149,1.20739,1.21109,0.0
2020-12-10,1.20817,1.21581,1.20788,1.20788,0.0
2020-12-11,1.21434,1.2164,1.21079,1.21443,0.0
2020-12-14,1.21336,1.2174,1.21175,1.21334,0.0
2020-12-15,1.21487,1.21665,1.21269,1.21489,0.0
2020-12-16,1.21538,1.2213,1.2147,1.21543,0.0
2020-12-17,1.21971,1.2263,1.21924,1.21996,0.0
2020-12-18,1.2262,1.22684,1.22272,1.22627,0.0
2020-12-21,1.22106,1.22347,1.21308,1.22161,0.0
2020-12-22,1.22384,1.2259,1.2166,1.22369,0.0
2020-12-23,1.21859,1.22194,1.21578,1.21867,0.0
2020-12-24,1.21939,1.22175,1.21794,1.21914,0.0
2020-12-25,1.21847,1.2213,1.2167,1.21847,0.0
2020-12-28,1.2207,1.2252,1.21835,1.22051,0.0
2020-12-29,1.222,1.2276,1.222,1.22234,0.0
2020-12-30,1.22532,1.23088,1.2252,1.2253,0.0
2020-12-31,1.22991,1.23095,1.2223,1.22999,0.0
2021-01-01,1.21729,1.2217,1.2135,1.21803,0.0
2021-01-04,1.2249,1.231,1.21714,1.22507,0.0
2021-01-05,1.2253,1.22948,1.22499,1.22516,0.0
2021-01-06,1.22986,1.23503,1.22669,1.23003,0.0
2021-01-07,1.23378,1.23457,1.22466,1.23411,0.0
2021-01-08,1.22687,1.22821,1.22149,1.22714,0.0
2021-01-11,1.21878,1.21996,1.21347,1.21862,0.0
2021-01-12,1.21616,1.21785,1.21389,1.21607,0.0
2021-01-13,1.22093,1.22249,1.21554,1.22089,0.0
2021-01-14,1.21618,1.21729,1.21131,1.21625,0.0
2021-01-15,1.2153,1.21625,1.20847,1.21513,0.0
2021-01-18,1.20672,1.20862,1.20555,1.20681,0.0
2021-01-19,1.20785,1.21449,1.20773,1.20773,0.0
2021-01-20,1.21395,1.216,1.20777,1.21389,0.0
2021-01-21,1.21153,1.2172,1.21099,1.21156,0.0
2021-01-22,1.21662,1.2188,1.2152,1.21663,0.0
2021-01-25,1.21686,1.2186,1.21172,1.21694,0.0
2021-01-26,1.21433,1.2175,1.21084,1.21462,0.0
2021-01-27,1.21632,1.21714,1.2062,1.2163,0.0
2021-01-28,1.21048,1.2144,1.20824,1.21051,0.0
2021-01-29,1.21214,1.2157,1.2096,1.212,0.0
2021-02-01,1.21228,1.21361,1.20691,1.21239,0.0
2021-02-02,1.20677,1.2088,1.20184,1.20687,0.0
2021-02-03,1.20391,1.205,1.20049,1.20391,0.0
2021-02-04,1.20418,1.20438,1.19672,1.20424,0.0
2021-02-05,1.19674,1.20398,1.19536,1.19667,0.0
2021-02-08,1.20494,1.20685,1.20214,1.20488,0.0
2021-02-09,1.20525,1.21148,1.20502,1.20536,0.0
2021-02-10,1.2117,1.21437,1.21102,1.212,0.0
2021-02-11,1.21194,1.2151,1.21143,1.21212,0.0
2021-02-12,1.213,1.21359,1.2084,1.21315,0.0
2021-02-15,1.21211,1.2147,1.21174,1.21221,0.0
2021-02-16,1.21324,1.2171,1.20958,1.21322,0.0
2021-02-17,1.20885,1.20983,1.20256,1.20925,0.0
2021-02-18,1.20459,1.2089,1.20363,1.2048,0.0
2021-02-19,1.20918,1.21477,1.2083,1.20919,0.0
2021-02-22,1.21244,1.21551,1.20922,1.21264,0.0
2021-02-23,1.21669,1.21788,1.21368,1.21668,0.0
2021-02-24,1.2152,1.2174,1.21113,1.21521,0.0
2021-02-25,1.21695,1.22416,1.21566,1.21714,0.0
2021-02-26,1.21601,1.21825,1.20918,1.21604,0.0
2021-03-01,1.20909,1.21016,1.20299,1.20896,0.0
2021-03-02,1.20491,1.20804,1.1994,1.20511,0.0
2021-03-03,1.2085,1.21105,1.20447,1.20855,0.0
2021-03-04,1.20483,1.2064,1.2025,1.20507,0.0
2021-03-05,1.19686,1.19686,1.1898,1.19677,0.0
2021-03-08,1.19246,1.19322,1.18483,1.19256,0.0
2021-03-09,1.1852,1.1916,1.18361,1.18517,0.0
2021-03-10,1.18967,1.19251,1.187,1.18979,0.0
2021-03-11,1.19275,1.19778,1.19171,1.19261,0.0
2021-03-12,1.19816,1.19904,1.19106,1.19861,0.0
2021-03-15,1.19511,1.19654,1.19119,1.195,0.0
2021-03-16,1.19273,1.1953,1.18844,1.19258,0.0
2021-03-17,1.19021,1.1918,1.18876,1.19016,0.0
2021-03-18,1.19806,1.1991,1.19102,1.19828,0.0
2021-03-19,1.19177,1.19374,1.18749,1.19182,0.0
2021-03-22,1.18845,1.19374,1.18761,1.18831,0.0
2021-03-23,1.19333,1.19432,1.18644,1.1933,0.0
2021-03-24,1.18412,1.18511,1.18133,1.18402,0.0
2021-03-25,1.18138,1.18301,1.17752,1.18131,0.0
2021-03-26,1.17761,1.1804,1.17726,1.17766,0.0
2021-03-29,1.17876,1.17936,1.17618,1.1788,0.0
2021-03-30,1.17691,1.17758,1.17132,1.1771,0.0
2021-03-31,1.17233,1.17586,1.17045,1.17236,0.0
2021-04-01,1.1729,1.17758,1.17148,1.17288,0.0
2021-04-02,1.17777,1.1787,1.17514,1.17799,0.0
2021-04-05,1.17664,1.18161,1.17394,1.17682,0.0
2021-04-06,1.18191,1.18554,1.17965,1.18189,0.0
2021-04-07,1.18755,1.19147,1.18654,1.18742,0.0
2021-04-08,1.1872,1.19148,1.18618,1.18737,0.0
2021-04-09,1.19157,1.19232,1.18686,1.19157,0.0
2021-04-12,1.18964,1.19204,1.18734,1.19005,0.0
2021-04-13,1.19121,1.19531,1.18843,1.19147,0.0
2021-04-14,1.19574,1.19819,1.19519,1.19541,0.0
2021-04-15,1.19824,1.19931,1.19579,1.19861,0.0
2021-04-16,1.19707,1.19947,1.19509,1.19717,0.0
2021-04-19,1.19683,1.20482,1.19434,1.19695,0.0
2021-04-20,1.20438,1.20817,1.20288,1.20453,0.0
2021-04-21,1.20325,1.20453,1.2,1.20324,0.0
2021-04-22,1.20382,1.207,1.20039,1.20378,0.0
2021-04-23,1.20179,1.2078,1.20139,1.20148,0.0
2021-04-26,1.20896,1.21183,1.20637,1.20899,0.0
2021-04-27,1.20792,1.20919,1.20579,1.20817,0.0
2021-04-28,1.20885,1.21021,1.20576,1.20903,0.0
2021-04-29,1.21358,1.21521,1.21042,1.21359,0.0
2021-04-30,1.21249,1.21286,1.20247,1.21271,0.0
2021-05-03,1.20265,1.2078,1.20149,1.20278,0.0
2021-05-04,1.20598,1.2063,1.2,1.20613,0.0
2021-05-05,1.20163,1.20294,1.19872,1.2015,0.0
2021-05-06,1.20091,1.207,1.1994,1.2008,0.0
2021-05-07,1.20659,1.21654,1.20534,1.20685,0.0
2021-05-10,1.21675,1.21773,1.21374,1.21711,0.0
2021-05-11,1.21421,1.21797,1.21255,1.21409,0.0
2021-05-12,1.21455,1.21507,1.20681,1.21445,0.0
2021-05-13,1.20769,1.21065,1.20531,1.20785,0.0
2021-05-14,1.20802,1.21477,1.20715,1.20773,0.0
2021-05-17,1.21476,1.217,1.21275,1.21504,0.0
2021-05-18,1.21552,1.22324,1.21541,1.21569,0.0
2021-05-19,1.22264,1.2248,1.21919,1.2224,0.0
2021-05-20,1.21729,1.2229,1.21709,1.21729,0.0
2021-05-21,1.22279,1.2242,1.21737,1.22254,0.0
2021-05-24,1.21812,1.22294,1.21758,1.21832,0.0
2021-05-25,1.22145,1.2267,1.22124,1.22146,0.0
2021-05-26,1.22489,1.2265,1.22,1.22491,0.0
2021-05-27,1.21904,1.2217,1.21757,1.21926,0.0
2021-05-28,1.21927,1.22011,1.21334,1.21932,0.0
2021-05-31,1.21901,1.22339,1.21841,1.21901,0.0
2021-06-01,1.22341,1.22542,1.22146,1.22329,0.0
2021-06-02,1.22181,1.22294,1.21657,1.22178,0.0
2021-06-03,1.22115,1.2216,1.21209,1.22099,0.0
2021-06-04,1.21303,1.21877,1.21055,1.2133,0.0
2021-06-07,1.21657,1.2202,1.21451,1.21684,0.0
2021-06-08,1.21896,1.21966,1.21666,1.21936,0.0
2021-06-09,1.21718,1.2219,1.21718,1.21729,0.0
2021-06-10,1.21773,1.21921,1.21454,1.2182,0.0
2021-06-11,1.21732,1.2195,1.2095,1.21726,0.0
2021-06-14,1.21108,1.21315,1.20953,1.21102,0.0
2021-06-15,1.21242,1.21492,1.21029,1.21222,0.0
2021-06-16,1.21255,1.2135,1.21104,1.21271,0.0
2021-06-17,1.19918,1.20077,1.1907,1.19956,0.0
2021-06-18,1.19133,1.19275,1.18511,1.19134,0.0
2021-06-21,1.1869,1.19205,1.18488,1.18737,0.0
2021-06-22,1.19116,1.19175,1.18824,1.19126,0.0
2021-06-23,1.19374,1.197,1.19158,1.19367,0.0
2021-06-24,1.19316,1.19567,1.19199,1.19332,0.0
2021-06-25,1.19279,1.19745,1.19279,1.19303,0.0
2021-06-28,1.19422,1.1946,1.19046,1.19422,0.0
2021-06-29,1.19303,1.19303,1.18804,1.19289,0.0
2021-06-30,1.18999,1.19104,1.18458,1.19019,0.0
2021-07-01,1.18554,1.1884,1.18381,1.18568,0.0
2021-07-02,1.18471,1.1861,1.18194,1.18462,0.0
2021-07-05,1.18559,1.1882,1.1852,1.18562,0.0
2021-07-06,1.18615,1.18963,1.1815,1.18638,0.0
2021-07-07,1.18203,1.18413,1.17824,1.18245,0.0
2021-07-08,1.17936,1.18663,1.17843,1.17934,0.0
2021-07-09,1.18469,1.18747,1.18252,1.1848,0.0
2021-07-12,1.18737,1.18821,1.18367,1.1873,0.0
2021-07-13,1.18649,1.18779,1.17934,1.18652,0.0
2021-07-14,1.17744,1.1828,1.17726,1.17754,0.0
2021-07-15,1.18333,1.18511,1.1806,1.18333,0.0
2021-07-16,1.18131,1.1823,1.1794,1.18118,0.0
2021-07-19,1.18115,1.18233,1.17643,1.1814,0.0
2021-07-20,1.17925,1.1804,1.17571,1.17938,0.0
2021-07-21,1.17855,1.18028,1.17536,1.17841,0.0
2021-07-22,1.17952,1.18298,1.17666,1.17927,0.0
2021-07-23,1.17736,1.17855,1.1756,1.17727,0.0
2021-07-26,1.1773,1.18175,1.17646,1.17734,0.0
2021-07-27,1.18064,1.18371,1.17718,1.18078,0.0
2021-07-28,1.18224,1.18301,1.17858,1.18231,0.0
2021-07-29,1.18468,1.1892,1.18417,1.1846,0.0
2021-07-30,1.1892,1.1911,1.18555,1.1893,0.0
2021-08-02,1.18654,1.1899,1.18596,1.1867,0.0
2021-08-03,1.18749,1.1896,1.18556,1.18747,0.0
2021-08-04,1.18692,1.1902,1.18343,1.18694,0.0
2021-08-05,1.18399,1.1859,1.18298,1.18374,0.0
2021-08-06,1.18332,1.18357,1.17564,1.18357,0.0
2021-08-09,1.17509,1.17716,1.17418,1.17495,0.0
2021-08-10,1.1739,1.1744,1.17107,1.17385,0.0
2021-08-11,1.17198,1.17469,1.17064,1.17233,0.0
2021-08-12,1.17421,1.1751,1.17251,1.17419,0.0
2021-08-13,1.17361,1.1803,1.1731,1.17363,0.0
2021-08-16,1.17963,1.18036,1.1768,1.17947,0.0
2021-08-17,1.17799,1.17841,1.17106,1.17799,0.0
2021-08-18,1.17096,1.1731,1.16969,1.17097,0.0
2021-08-19,1.17038,1.17069,1.16687,1.17033,0.0
2021-08-20,1.16768,1.1691,1.16649,1.16766,0.0
2021-08-23,1.16997,1.17433,1.16956,1.16975,0.0
2021-08-24,1.17467,1.17648,1.17281,1.17445,0.0
2021-08-25,1.1755,1.17606,1.17286,1.17531,0.0
2021-08-26,1.1773,1.17813,1.17478,1.17744,0.0
2021-08-27,1.1753,1.18036,1.1736,1.17564,0.0
2021-08-30,1.18,1.1812,1.17845,1.1799,0.0
2021-08-31,1.17994,1.18455,1.17965,1.17969,0.0
2021-09-01,1.1812,1.186,1.17951,1.18103,0.0
2021-09-02,1.18423,1.18723,1.18348,1.18409,0.0
2021-09-03,1.18742,1.19076,1.18682,1.18765,0.0
2021-09-06,1.18859,1.18864,1.18571,1.18859,0.0
2021-09-07,1.18739,1.18878,1.18383,1.18751,0.0
2021-09-08,1.18455,1.1854,1.18032,1.18436,0.0
2021-09-09,1.18203,1.18413,1.18061,1.18191,0.0
2021-09-10,1.18235,1.1853,1.18194,1.18259,0.0
2021-09-13,1.18125,1.18175,1.17706,1.1812,0.0
2021-09-14,1.18107,1.1847,1.1802,1.1812,0.0
2021-09-15,1.18036,1.1833,1.1801,1.1805,0.0
2021-09-16,1.18194,1.18231,1.17517,1.182,0.0
2021-09-17,1.17648,1.17897,1.17297,1.17675,0.0
2021-09-20,1.17288,1.17371,1.17006,1.17299,0.0
2021-09-21,1.17257,1.17489,1.17159,1.17302,0.0
2021-09-22,1.17261,1.17445,1.17171,1.17229,0.0
2021-09-23,1.16889,1.1751,1.16842,1.16877,0.0
2021-09-24,1.17418,1.17481,1.17017,1.17403,0.0
2021-09-27,1.17221,1.1728,1.16866,1.17231,0.0
2021-09-28,1.1696,1.1706,1.167,1.16968,0.0
2021-09-29,1.16869,1.1692,1.16101,1.16863,0.0
2021-09-30,1.16023,1.16117,1.15701,1.16016,0.0
2021-10-01,1.15742,1.1609,1.15639,1.15745,0.0
2021-10-04,1.16073,1.16401,1.15886,1.16073,0.0
2021-10-05,1.16166,1.16225,1.15831,1.16184,0.0
2021-10-06,1.15951,1.15996,1.15302,1.15961,0.0
2021-10-07,1.15553,1.15714,1.15493,1.15553,0.0
2021-10-08,1.15592,1.15837,1.15425,1.15598,0.0
2021-10-11,1.15659,1.15875,1.15529,1.1566,0.0
2021-10-12,1.15529,1.15701,1.15339,1.15537,0.0
2021-10-13,1.1531,1.1579,1.15306,1.1534,0.0
2021-10-14,1.15996,1.1625,1.15847,1.15996,0.0
2021-10-15,1.15907,1.16198,1.15888,1.15915,0.0
2021-10-18,1.1596,1.16121,1.1573,1.1597,0.0
2021-10-19,1.16145,1.167,1.16139,1.16139,0.0
2021-10-20,1.16339,1.1654,1.1618,1.1632,0.0
2021-10-21,1.16524,1.167,1.16332,1.1655,0.0
2021-10-22,1.16259,1.16541,1.16224,1.16253,0.0
2021-10-25,1.16413,1.16686,1.15933,1.16401,0.0
2021-10-26,1.16117,1.1629,1.15859,1.16117,0.0
2021-10-27,1.15982,1.16244,1.15853,1.15982,0.0
2021-10-28,1.15989,1.16932,1.15832,1.16001,0.0
2021-10-29,1.16837,1.16918,1.15467,1.16836,0.0
2021-11-01,1.15594,1.15933,1.15467,1.15567,0.0
2021-11-02,1.16017,1.1615,1.15792,1.15996,0.0
2021-11-03,1.15808,1.1599,1.15636,1.15794,0.0
2021-11-04,1.16158,1.16171,1.15292,1.16158,0.0
2021-11-05,1.15567,1.15647,1.15141,1.15553,0.0
2021-11-08,1.15685,1.15955,1.15517,1.15689,0.0
2021-11-09,1.15887,1.1609,1.15702,1.15915,0.0
2021-11-10,1.15937,1.15982,1.15134,1.15955,0.0
2021-11-11,1.14857,1.14916,1.14549,1.14859,0.0
2021-11-12,1.14478,1.14599,1.14341,1.14508,0.0
2021-11-15,1.14423,1.14642,1.1417,1.14416,0.0
2021-11-16,1.13674,1.1387,1.13307,1.13665,0.0
2021-11-17,1.13162,1.1334,1.12705,1.13212,0.0
2021-11-18,1.13181,1.13598,1.1315,1.13212,0.0
2021-11-19,1.13701,1.13701,1.12524,1.13684,0.0
2021-11-22,1.12757,1.12905,1.12382,1.12757,0.0
2021-11-23,1.12435,1.12734,1.12271,1.12421,0.0
2021-11-24,1.12439,1.12545,1.11878,1.12449,0.0
2021-11-25,1.1207,1.12309,1.1203,1.1203,0.0
2021-11-26,1.1209,1.1322,1.1208,1.12096,0.0
2021-11-29,1.12911,1.1298,1.12589,1.12932,0.0
2021-11-30,1.12936,1.13817,1.12461,1.12934,0.0
2021-12-01,1.133,1.13585,1.13042,1.13303,0.0
2021-12-02,1.13196,1.13482,1.13019,1.13195,0.0
2021-12-03,1.13068,1.13318,1.12674,1.13062,0.0
2021-12-06,1.13026,1.131,1.1269,1.13048,0.0
2021-12-07,1.12845,1.12994,1.12313,1.12867,0.0
2021-12-08,1.12731,1.1339,1.12696,1.12765,0.0
2021-12-09,1.1344,1.13456,1.12794,1.13456,0.0
2021-12-10,1.12941,1.13226,1.12674,1.12933,0.0
2021-12-13,1.13112,1.13161,1.12635,1.13118,0.0
2021-12-14,1.12834,1.13276,1.12666,1.12854,0.0
2021-12-15,1.12587,1.1278,1.12492,1.12613,0.0
2021-12-16,1.12931,1.13636,1.12821,1.12908,0.0
2021-12-17,1.13354,1.13491,1.12684,1.13341,0.0
2021-12-20,1.12425,1.13045,1.12373,1.12435,0.0
2021-12-21,1.12768,1.13033,1.12618,1.12775,0.0
2021-12-22,1.12905,1.1342,1.12653,1.12876,0.0
2021-12-23,1.13302,1.13456,1.12915,1.13289,0.0
2021-12-24,1.13246,1.13443,1.13084,1.13273,0.0
2021-12-27,1.13239,1.1335,1.13042,1.13243,0.0
2021-12-28,1.13298,1.1336,1.12904,1.133,0.0
2021-12-29,1.13134,1.137,1.12754,1.13148,0.0
2021-12-30,1.13598,1.13602,1.13007,1.13602,0.0
2021-12-31,1.13232,1.13792,1.13051,1.1325,0.0
2022-01-03,1.13738,1.13759,1.12854,1.13735,0.0
2022-01-04,1.1302,1.1323,1.12734,1.13022,0.0
2022-01-05,1.12854,1.13456,1.12776,1.12836,0.0
2022-01-06,1.13122,1.13307,1.12855,1.13135,0.0
2022-01-07,1.12959,1.13598,1.12905,1.12969,0.0
2022-01-10,1.13534,1.13598,1.12883,1.1354,0.0
2022-01-11,1.13327,1.1369,1.13155,1.13304,0.0
2022-01-12,1.13701,1.1433,1.13558,1.13665,0.0
2022-01-13,1.14398,1.14791,1.14364,1.14416,0.0
2022-01-14,1.14566,1.14837,1.14101,1.14571,0.0
2022-01-17,1.14121,1.14346,1.13932,1.14107,0.0
2022-01-18,1.14129,1.14233,1.13296,1.14106,0.0
2022-01-19,1.133,1.13568,1.13195,1.13296,0.0
2022-01-20,1.13435,1.13689,1.13302,1.13434,0.0
2022-01-21,1.13154,1.13611,1.13022,1.13138,0.0
2022-01-24,1.1341,1.13415,1.12914,1.13415,0.0
2022-01-25,1.13239,1.1325,1.12668,1.13241,0.0
2022-01-26,1.13035,1.13135,1.12721,1.13045,0.0
2022-01-27,1.12423,1.12448,1.11335,1.12435,0.0
2022-01-28,1.11462,1.11701,1.11233,1.1147,0.0
2022-01-31,1.11514,1.12169,1.1145,1.11524,0.0
2022-02-01,1.12291,1.1279,1.12221,1.12296,0.0
2022-02-02,1.12731,1.13294,1.1267,1.1274,0.0
2022-02-03,1.12999,1.14507,1.12721,1.12999,0.0
2022-02-04,1.14351,1.14837,1.14134,1.14358,0.0
2022-02-07,1.14546,1.146,1.14167,1.14551,0.0
2022-02-08,1.14409,1.14508,1.13971,1.1443,0.0
2022-02-09,1.14211,1.1447,1.14033,1.14213,0.0
2022-02-10,1.14213,1.14943,1.13808,1.14215,0.0
2022-02-11,1.14117,1.1419,1.13713,1.14155,0.0
2022-02-14,1.13658,1.13689,1.12928,1.13651,0.0
2022-02-15,1.13061,1.13688,1.13058,1.13063,0.0
2022-02-16,1.13556,1.13932,1.13455,1.13568,0.0
2022-02-17,1.13733,1.13869,1.13276,1.13753,0.0
2022-02-18,1.13639,1.13767,1.13158,1.13665,0.0
2022-02-21,1.13173,1.13856,1.13141,1.13172,0.0
2022-02-22,1.13097,1.13638,1.12891,1.13097,0.0
2022-02-23,1.13305,1.13598,1.13074,1.13291,0.0
2022-02-24,1.13059,1.13059,1.11105,1.13057,0.0
2022-02-25,1.11908,1.12661,1.11681,1.11907,0.0
2022-02-28,1.11811,1.12445,1.11432,1.11811,0.0
2022-03-01,1.12147,1.12322,1.11021,1.12159,0.0
2022-03-02,1.1131,1.11419,1.10585,1.11328,0.0
2022-03-03,1.11136,1.11161,1.10398,1.11123,0.0
2022-03-04,1.10693,1.10693,1.089004,1.10668,0.0
2022-03-07,1.087394,1.093075,1.080859,1.087453,0.0
2022-03-08,1.086957,1.092216,1.085117,1.086531,0.0
2022-03-09,1.090085,1.10911,1.089788,1.089823,0.0
2022-03-10,1.10733,1.11162,1.098213,1.10738,0.0
2022-03-11,1.10121,1.10419,1.09347,1.10139,0.0
2022-03-14,1.093255,1.098696,1.090251,1.093207,0.0
2022-03-15,1.094535,1.10183,1.093948,1.094319,0.0
2022-03-16,1.096732,1.10387,1.095578,1.096936,0.0
2022-03-17,1.10224,1.11105,1.10212,1.1022,0.0
2022-03-18,1.10989,1.11179,1.10053,1.10995,0.0
2022-03-21,1.10422,1.10667,1.10261,1.10431,0.0
2022-03-22,1.10164,1.10457,1.096155,1.10172,0.0
2022-03-23,1.10301,1.1042,1.096575,1.10297,0.0
2022-03-24,1.10063,1.10133,1.096996,1.10063,0.0
2022-03-25,1.1009,1.10387,1.098298,1.10096,0.0
2022-03-28,1.098901,1.10005,1.094391,1.098177,0.0
2022-03-29,1.097996,1.11377,1.096972,1.10889,0.0
2022-03-30,1.10871,1.11713,1.10828,1.11607,0.0
2022-03-31,1.11576,1.11857,1.10607,1.10693,0.0
2022-04-01,1.1065,1.10767,1.10278,1.10571,0.0
2022-04-04,1.10473,1.10571,1.098093,1.10473,0.0
2022-04-05,1.097586,1.099143,1.092132,1.097586,0.0
2022-04-06,1.090643,1.093745,1.087571,1.090643,0.0
2022-04-07,1.089823,1.093506,1.08672,1.089823,0.0
2022-04-08,1.086484,1.089194,1.083694,1.086484,0.0
2022-04-11,1.088495,1.093279,1.087465,1.088495,0.0
2022-04-12,1.087796,1.090394,1.085187,1.087796,0.0
2022-04-13,1.082614,1.087382,1.081034,1.082614,0.0
2022-04-14,1.089657,1.092263,1.075859,1.089657,0.0
2022-04-15,1.082099,1.082345,1.079879,1.082099,0.0
2022-04-18,1.081525,1.081584,1.078365,1.081525,0.0
2022-04-19,1.078179,1.08121,1.076195,1.078179,0.0
2022-04-20,1.079447,1.08672,1.078481,1.079447,0.0
2022-04-21,1.084987,1.09347,1.082439,1.084987,0.0
2022-04-22,1.083518,1.085423,1.077284,1.083518,0.0
2022-04-25,1.081105,1.081221,1.070034,1.081105,0.0
2022-04-26,1.071421,1.073883,1.064464,1.071421,0.0
2022-04-27,1.064362,1.065644,1.051669,1.064362,0.0
2022-04-28,1.055509,1.056223,1.047285,1.055509,0.0
2022-04-29,1.05042,1.059042,1.05042,1.05042,0.0
2022-05-02,1.053596,1.05677,1.050398,1.053596,0.0
2022-05-03,1.050906,1.057765,1.049439,1.050906,0.0
2022-05-04,1.052853,1.056636,1.050652,1.052853,0.0
2022-05-05,1.062248,1.064,1.050464,1.062248,0.0
2022-05-06,1.053974,1.059839,1.048537,1.053974,0.0
2022-05-09,1.053219,1.057217,1.049659,1.053219,0.0
2022-05-10,1.05658,1.058582,1.052731,1.05658,0.0
2022-05-11,1.053297,1.057563,1.050707,1.053297,0.0
2022-05-12,1.051248,1.052975,1.037355,1.051248,0.0
2022-05-13,1.037958,1.041938,1.035197,1.037958,0.0
2022-05-16,1.040063,1.043798,1.039134,1.040063,0.0
2022-05-17,1.043896,1.055376,1.043242,1.043896,0.0
2022-05-18,1.054786,1.056412,1.049241,1.054786,0.0
2022-05-19,1.047274,1.059805,1.046605,1.047274,0.0
2022-05-20,1.057899,1.059883,1.054107,1.057899,0.0
2022-05-23,1.056982,1.069027,1.05687,1.056982,0.0
2022-05-24,1.068205,1.074633,1.0662,1.068205,0.0
2022-05-25,1.073653,1.073653,1.064407,1.073653,0.0
2022-05-26,1.068661,1.072869,1.06645,1.068661,0.0
2022-05-27,1.073295,1.076507,1.069805,1.073295,0.0
2022-05-30,1.073146,1.078516,1.072743,1.073146,0.0
2022-05-31,1.077354,1.077493,1.068216,1.077354,0.0
2022-06-01,1.073411,1.073664,1.063174,1.073411,0.0
2022-06-02,1.065417,1.073849,1.064566,1.065417,0.0
2022-06-03,1.075107,1.076542,1.070664,1.075107,0.0
2022-06-06,1.072605,1.075269,1.068604,1.072605,0.0
2022-06-07,1.069141,1.070893,1.06528,1.069141,0.0
2022-06-08,1.069862,1.07483,1.067327,1.069862,0.0
2022-06-09,1.071765,1.077006,1.064713,1.071765,0.0
2022-06-10,1.061921,1.064215,1.050773,1.061921,0.0
2022-06-13,1.048999,1.049759,1.041905,1.048999,0.0
2022-06-14,1.041515,1.04824,1.039825,1.041515,0.0
2022-06-15,1.044059,1.050718,1.038627,1.044059,0.0
2022-06-16,1.04562,1.053031,1.03826,1.04562,0.0
2022-06-17,1.054685,1.055175,1.044561,1.054685,0.0
2022-06-20,1.049142,1.054519,1.048636,1.049142,0.0
2022-06-21,1.052078,1.05819,1.051425,1.052078,0.0
2022-06-22,1.053264,1.060288,1.047186,1.053264,0.0
2022-06-23,1.056412,1.058067,1.048449,1.056412,0.0
2022-06-24,1.052011,1.056915,1.05137,1.052011,0.0
2022-06-27,1.056613,1.061425,1.055086,1.056613,0.0
2022-06-28,1.058089,1.060502,1.050575,1.058089,0.0
2022-06-29,1.052355,1.05363,1.046803,1.052355,0.0
2022-06-30,1.044659,1.047878,1.038389,1.044659,0.0
2022-07-01,1.047768,1.04779,1.036989,1.047768,0.0
2022-07-04,1.043395,1.046353,1.041808,1.043395,0.0
2022-07-05,1.043319,1.044856,1.02373,1.043319,0.0
2022-07-06,1.025767,1.02739,1.016219,1.025767,0.0
2022-07-07,1.018641,1.02192,1.015332,1.018641,0.0
2022-07-08,1.016984,1.019108,1.0079731,1.016984,0.0
2022-07-11,1.016611,1.016777,1.0054293,1.016611,0.0
2022-07-12,1.0047525,1.0073842,1.00011003,1.0047525,0.0
2022-07-13,1.0033109,1.011624,0.99988997,1.0033109,0.0
2022-07-14,1.0032706,1.0049241,0.99536163,1.0032706,0.0
2022-07-15,1.0025666,1.0097951,1.0010611,1.0025666,0.0
2022-07-18,1.0096319,1.019888,1.0082374,1.0096319,0.0
2022-07-19,1.014518,1.026821,1.012566,1.014518,0.0
2022-07-20,1.023133,1.02719,1.017594,1.023133,0.0
2022-07-21,1.018278,1.027538,1.016312,1.018278,0.0
2022-07-22,1.022108,1.025515,1.013397,1.022108,0.0
2022-07-25,1.020023,1.025641,1.01806,1.020023,0.0
2022-07-26,1.022495,1.024905,1.011398,1.022495,0.0
2022-07-27,1.012956,1.017191,1.010744,1.012956,0.0
2022-07-28,1.020929,1.023311,1.011572,1.020929,0.0
2022-07-29,1.019233,1.025378,1.014858,1.019233,0.0
2022-08-01,1.020825,1.027749,1.020825,1.020825,0.0
2022-08-02,1.026136,1.029315,1.018371,1.026136,0.0
2022-08-03,1.015569,1.020762,1.01232,1.015569,0.0
2022-08-04,1.015765,1.023248,1.0156,1.015765,0.0
2022-08-05,1.024779,1.024905,1.014363,1.024779,0.0
2022-08-08,1.017087,1.022181,1.016002,1.017087,0.0
2022-08-09,1.019763,1.024695,1.018921,1.019763,0.0
2022-08-10,1.020814,1.036914,1.020304,1.020814,0.0
2022-08-11,1.030078,1.036592,1.027633,1.030078,0.0
2022-08-12,1.031672,1.032738,1.023961,1.031672,0.0
2022-08-15,1.025641,1.026715,1.018226,1.025641,0.0
2022-08-16,1.016198,1.019441,1.01234,1.016198,0.0
2022-08-17,1.017066,1.019784,1.014806,1.017066,0.0
2022-08-18,1.018019,1.019368,1.011317,1.018019,0.0
2022-08-19,1.00899,1.011225,1.0036231,1.00899,0.0
2022-08-22,1.0035224,1.0048232,0.99277264,1.0035224,0.0
2022-08-23,0.99394679,1.0019037,0.99031466,0.99394679,0.0
2022-08-24,0.99669099,0.99982005,0.99119812,0.99669099,0.0
2022-08-25,0.99690956,1.0030594,0.99567872,0.99690956,0.0
2022-08-26,0.99712831,1.0088272,0.99472791,0.99712831,0.0
2022-08-29,0.99386781,1.0031096,0.99149305,0.99386781,0.0
2022-08-30,1.0014019,1.0052272,0.99834275,1.0014019,0.0
2022-08-31,1.0025063,1.0077394,0.997168,1.0025063,0.0
2022-09-01,1.0039052,1.0045809,0.99173886,1.0039052,0.0
2022-09-02,0.99523288,1.0033311,0.99512392,0.99523288,0.0
2022-09-05,0.99094278,0.9943521,0.98808366,0.99094278,0.0
2022-09-06,0.99522299,0.99853218,0.98651439,0.99522299,0.0
2022-09-07,0.98979515,0.99552011,0.98778117,0.98979515,0.0
2022-09-08,0.99957019,1.0029085,0.99334455,0.99957019,0.0
2022-09-09,1.0012015,1.011225,1.00093091,1.0012015,0.0
2022-09-12,1.0071406,1.01968,1.0064716,1.0071406,0.0
2022-09-13,1.012956,1.018745,0.9995802,1.012956,0.0
2022-09-14,0.99820328,1.0022751,0.99636334,0.99820328,0.0
2022-09-15,0.99840254,1.0017931,0.99574822,0.99840254,0.0
2022-09-16,0.99883133,1.0035627,0.99457955,0.99883133,0.0
2022-09-19,1.0022349,1.0028079,0.99668103,1.0022349,0.0
2022-09-20,1.0029588,1.0050251,0.99570847,1.0029588,0.0
2022-09-21,0.99707854,0.99740678,0.9869135,0.99707854,0.0
2022-09-22,0.98307151,0.99061882,0.9811039,0.98307151,0.0
2022-09-23,0.98415506,0.98522168,0.97039336,0.98415506,0.0
2022-09-26,0.96899229,0.96998852,0.95823079,0.96899229,0.0
2022-09-27,0.96237123,0.96700579,0.95945346,0.96237123,0.0
2022-09-28,0.95961916,0.9686262,0.95401639,0.95961916,0.0
2022-09-29,0.97081721,0.97873223,0.96382761,0.97081721,0.0
2022-09-30,0.98295557,0.98499852,0.97360557,0.98295557,0.0
2022-10-03,0.98000779,0.98459112,0.97527676,0.98280094,0.0
2022-10-04,0.98270435,1.000050011,0.98053634,0.99870171,0.0
2022-10-05,0.99860196,0.99955019,0.98338092,0.98843527,0.0
2022-10-06,0.9878983,0.99265432,0.97871302,0.97933597,0.0
2022-10-07,0.9790004,0.9817878,0.97252616,0.97446886,0.0
2022-10-10,0.97366241,0.97541942,0.96814796,0.9703086,0.0
2022-10-11,0.97021445,0.97756484,0.96721151,0.9706853,0.0
2022-10-12,0.97077955,0.97352026,0.96674402,0.97077955,0.0
2022-10-13,0.97021445,0.98063251,0.96315919,0.97770828,0.0
2022-10-14,0.9775171,0.98087296,0.97073236,0.97228978,0.0
2022-10-17,0.9725734,0.98531878,0.97191172,0.98415506,0.0
2022-10-18,0.98376783,0.98760555,0.98116173,0.98570722,0.0
2022-10-19,0.98541589,0.9872643,0.97565732,0.9775171,0.0
2022-10-20,0.977326,0.98463965,0.97541942,0.97866506,0.0
2022-10-21,0.97847362,0.98692327,0.97044982,0.98638782,0.0
2022-10-24,0.98667985,0.99000098,0.98063251,0.98755684,0.0
2022-10-25,0.98736179,0.99775509,0.98483351,0.99681015,0.0
2022-10-26,0.99661155,1.008929,0.99433231,1.0080645,0.0
2022-10-27,1.0078613,1.0094382,0.99571841,0.99661155,0.0
2022-10-28,0.99646251,0.99985006,0.99255578,0.9967109,0.0
2022-10-31,0.9947279,0.99666117,0.98716682,0.98872851,0.0
2022-11-01,0.9881911,0.99547063,0.98527017,0.9874593,0.0
2022-11-02,0.9874593,0.99765554,0.98120981,0.98212528,0.0
2022-11-03,0.98193249,0.98396146,0.97295197,0.97551459,0.0
2022-11-04,0.97503904,0.99676053,0.97418413,0.99641291,0.0
2022-11-07,0.99103116,1.0035123,0.98990297,1.0023053,0.0
2022-11-08,1.0021546,1.009693,0.99720783,1.0075567,0.0
2022-11-09,1.0073537,1.0088782,0.99925062,1.0016026,0.0
2022-11-10,1.0012516,1.022234,0.99354197,1.021033,0.0
2022-11-11,1.020929,1.036484,1.01626,1.035626,0.0
2022-11-14,1.036645,1.036807,1.027116,1.032951,0.0
2022-11-15,1.032525,1.048163,1.027908,1.03509,0.0
2022-11-16,1.034394,1.04395,1.033058,1.039609,0.0
2022-11-17,1.039501,1.040745,1.03045,1.036377,0.0
2022-11-18,1.036162,1.039663,1.031247,1.032525,0.0
2022-11-21,1.033111,1.033271,1.022286,1.024485,0.0
2022-11-22,1.02459,1.03114,1.02417,1.03114,0.0
2022-11-23,1.03114,1.041938,1.029707,1.041775,0.0
2022-11-24,1.041829,1.044932,1.038314,1.040745,0.0
2022-11-25,1.040745,1.042916,1.035465,1.040204,0.0
2022-11-28,1.036807,1.049703,1.033004,1.034394,0.0
2022-11-29,1.034394,1.039393,1.031885,1.032418,0.0
2022-11-30,1.032791,1.041504,1.029177,1.041504,0.0
2022-12-01,1.041287,1.053408,1.039393,1.051912,0.0
2022-12-02,1.051801,1.054519,1.042807,1.05363,0.0
2022-12-05,1.052909,1.05949,1.048218,1.049428,0.0
2022-12-06,1.049373,1.053297,1.045861,1.046353,0.0
2022-12-07,1.046353,1.054908,1.044332,1.051414,0.0
2022-12-08,1.051359,1.056524,1.048988,1.056022,0.0
2022-12-09,1.055966,1.058817,1.050696,1.054685,0.0
2022-12-12,1.053685,1.057977,1.050696,1.052299,0.0
2022-12-13,1.052299,1.067293,1.052078,1.063717,0.0
2022-12-14,1.063604,1.06849,1.061909,1.066496,0.0
2022-12-15,1.066553,1.073595,1.059266,1.062869,0.0
2022-12-16,1.063151,1.066325,1.059603,1.059996,0.0
2022-12-19,1.059098,1.065814,1.057586,1.060389,0.0
2022-12-20,1.060389,1.065814,1.057865,1.062304,0.0
2022-12-21,1.062191,1.064623,1.058873,1.061402,0.0
2022-12-22,1.061402,1.065814,1.057418,1.059378,0.0
2022-12-23,1.059322,1.063208,1.058649,1.062078,0.0
2022-12-26,1.061121,1.063377,1.060502,1.062982,0.0
2022-12-27,1.062982,1.066894,1.061177,1.064226,0.0
2022-12-28,1.064113,1.067407,1.061177,1.061458,0.0
2022-12-29,1.061684,1.069004,1.06067,1.06792,0.0
2022-12-30,1.067806,1.071352,1.063886,1.069976,0.0
2023-01-02,1.069919,1.070778,1.065019,1.065814,0.0
2023-01-03,1.065814,1.068376,1.051967,1.05658,0.0
2023-01-04,1.056692,1.06349,1.054074,1.060614,0.0
2023-01-05,1.060502,1.063095,1.05158,1.053186,0.0
2023-01-06,1.05302,1.064793,1.048383,1.064679,0.0
2023-01-09,1.063717,1.076021,1.063604,1.075211,0.0
2023-01-10,1.075211,1.075905,1.07118,1.074114,0.0
2023-01-11,1.073998,1.077586,1.072616,1.07631,0.0
2023-01-12,1.07631,1.08672,1.073192,1.084952,0.0
2023-01-13,1.084893,1.086779,1.078109,1.083013,0.0
2023-01-16,1.083424,1.08737,1.080089,1.0819,0.0
2023-01-17,1.081958,1.086957,1.07747,1.079214,0.0
2023-01-18,1.079389,1.088672,1.076658,1.079506,0.0
2023-01-19,1.079506,1.083835,1.078225,1.08313,0.0
2023-01-20,1.083013,1.085835,1.080205,1.085305,0.0
2023-01-23,1.085953,1.092478,1.08454,1.085835,0.0
2023-01-24,1.085894,1.0898,1.083424,1.088317,0.0
2023-01-25,1.088435,1.092299,1.085776,1.091524,0.0
2023-01-26,1.091346,1.092956,1.085011,1.088909,0.0
2023-01-27,1.088909,1.090096,1.083776,1.086957,0.0
2023-01-30,1.086779,1.091405,1.083893,1.084599,0.0
2023-01-31,1.084599,1.087488,1.080205,1.086425,0.0
2023-02-01,1.086425,1.098599,1.085187,1.097815,0.0
2023-02-02,1.097876,1.10333,1.088613,1.09081,0.0
2023-02-03,1.09075,1.094032,1.080205,1.080497,0.0
2023-02-06,1.078865,1.079914,1.071008,1.072444,0.0
2023-02-07,1.072501,1.0766,1.066894,1.071984,0.0
2023-02-08,1.071926,1.076021,1.070893,1.072501,0.0
2023-02-09,1.072329,1.079098,1.071008,1.07371,0.0
2023-02-10,1.07371,1.075327,1.06661,1.067293,0.0
2023-02-13,1.067407,1.073019,1.065587,1.071582,0.0
2023-02-14,1.071754,1.080205,1.070721,1.073941,0.0
2023-02-15,1.073883,1.074402,1.065984,1.068148,0.0
2023-02-16,1.068091,1.072214,1.065473,1.069004,0.0
2023-02-17,1.069061,1.06969,1.061289,1.06969,0.0
2023-02-20,1.06849,1.070492,1.067065,1.068604,0.0
2023-02-21,1.068719,1.069805,1.06383,1.064906,0.0
2023-02-22,1.064906,1.066382,1.060052,1.060108,0.0
2023-02-23,1.060221,1.062812,1.057753,1.05949,0.0
2023-02-24,1.059603,1.061402,1.05363,1.055075,0.0
2023-02-27,1.054908,1.062022,1.053297,1.060839,0.0
2023-02-28,1.060783,1.064509,1.058201,1.058313,0.0
2023-03-01,1.058369,1.069176,1.05658,1.0657,0.0
2023-03-02,1.0657,1.067293,1.057697,1.059098,0.0
2023-03-03,1.059098,1.063604,1.058593,1.063604,0.0
2023-03-06,1.061909,1.069404,1.061853,1.067521,0.0
2023-03-07,1.067521,1.069462,1.054685,1.055075,0.0
2023-03-08,1.055186,1.057418,1.052465,1.05463,0.0
2023-03-09,1.05463,1.059098,1.053796,1.057586,0.0
2023-03-10,1.057586,1.070091,1.057306,1.064396,0.0
2023-03-13,1.066382,1.074922,1.065814,1.072904,0.0
2023-03-14,1.072904,1.07498,1.06792,1.074172,0.0
2023-03-15,1.074172,1.076021,1.05158,1.057921,0.0
2023-03-16,1.058089,1.063434,1.055186,1.061289,0.0
2023-03-17,1.061458,1.068547,1.060558,1.066155,0.0
2023-03-20,1.068376,1.073076,1.063151,1.072329,0.0
2023-03-21,1.072329,1.078807,1.070377,1.07689,0.0
2023-03-22,1.076948,1.090691,1.075905,1.087725,0.0
2023-03-23,1.086484,1.092717,1.082603,1.08407,0.0
2023-03-24,1.084011,1.08407,1.071524,1.075847,0.0
2023-03-27,1.077528,1.079914,1.07446,1.07968,0.0
2023-03-28,1.07968,1.084893,1.079506,1.084716,0.0
2023-03-29,1.084658,1.087134,1.081783,1.083893,0.0
2023-03-30,1.084011,1.092598,1.082427,1.090691,0.0
2023-03-31,1.090691,1.092598,1.084305,1.08454,0.0
2023-04-03,1.084187,1.091524,1.078807,1.090215,0.0
2023-04-04,1.090037,1.097273,1.088317,1.09529,0.0
2023-04-05,1.09529,1.096912,1.089087,1.09081,0.0
2023-04-06,1.090394,1.093733,1.088495,1.092299,0.0
2023-04-07,1.092299,1.092478,1.087843,1.090334,0.0
2023-04-10,1.090096,1.091703,1.08313,1.085894,0.0
2023-04-11,1.086071,1.092836,1.085835,1.091286,0.0
2023-04-12,1.091227,1.099989,1.091048,1.099082,0.0
2023-04-13,1.099082,1.10681,1.097815,1.10467,0.0
2023-04-14,1.1043,1.1076,1.097213,1.10011,0.0
2023-04-17,1.099203,1.099928,1.090929,1.092478,0.0
2023-04-18,1.092717,1.098298,1.09218,1.097213,0.0
2023-04-19,1.097213,1.098418,1.091703,1.09565,0.0
2023-04-20,1.09541,1.099022,1.093314,1.096912,0.0
2023-04-21,1.096912,1.099384,1.093853,1.098961,0.0
2023-04-24,1.099203,1.10503,1.096611,1.10461,0.0
2023-04-25,1.1043,1.10668,1.096371,1.097454,0.0
2023-04-26,1.097273,1.10951,1.096792,1.10412,0.0
2023-04-27,1.10406,1.10638,1.099324,1.1029,0.0
2023-04-28,1.1029,1.10448,1.096311,1.10162,0.0
2023-05-01,1.10284,1.10357,1.096371,1.097394,0.0
2023-05-02,1.097695,1.10084,1.094212,1.099928,0.0
2023-05-03,1.099928,1.1092,1.099928,1.10632,0.0
2023-05-04,1.10601,1.10908,1.09866,1.10114,0.0
2023-05-05,1.1012,1.10473,1.096792,1.10211,0.0
2023-05-08,1.1026,1.1054,1.099928,1.10059,0.0
2023-05-09,1.10059,1.10065,1.094092,1.096311,0.0
2023-05-10,1.096191,1.10072,1.094152,1.098298,0.0
2023-05-11,1.098177,1.099687,1.089978,1.091703,0.0
2023-05-12,1.091584,1.093613,1.084775,1.085011,0.0
2023-05-15,1.086307,1.088708,1.084481,1.087429,0.0
2023-05-16,1.087548,1.090287,1.085541,1.086295,0.0
2023-05-17,1.086425,1.087429,1.081081,1.08387,0.0
2023-05-18,1.08407,1.084834,1.076253,1.077006,0.0
2023-05-19,1.076983,1.082872,1.076021,1.080637,0.0
2023-05-22,1.080795,1.083036,1.07965,1.081233,0.0
2023-05-23,1.081432,1.082251,1.076067,1.077052,0.0
2023-05-24,1.077064,1.079995,1.074841,1.074911,0.0
2023-05-25,1.07498,1.075674,1.070905,1.072674,0.0
2023-05-26,1.072524,1.075824,1.070205,1.072628,0.0
2023-05-29,1.071857,1.07446,1.070549,1.07095,0.0
2023-05-30,1.07095,1.074587,1.067373,1.073411,0.0
2023-05-31,1.073457,1.073768,1.063513,1.068913,0.0
2023-06-01,1.069004,1.076948,1.066235,1.076253,0.0
2023-06-02,1.076368,1.077784,1.070435,1.070721,0.0
2023-06-05,1.071295,1.072168,1.06745,1.071467,0.0
2023-06-06,1.071306,1.07335,1.066815,1.069233,0.0
2023-06-07,1.069347,1.073837,1.066906,1.069873,0.0
2023-06-08,1.070034,1.078749,1.069633,1.078295,0.0
2023-06-09,1.078167,1.078632,1.07431,1.074876,0.0
2023-06-12,1.074847,1.078981,1.073341,1.075801,0.0
2023-06-13,1.075731,1.082263,1.075558,1.079319,0.0
2023-06-14,1.079331,1.086366,1.07775,1.083142,0.0
2023-06-15,1.08313,1.09493,1.080649,1.094559,0.0
2023-06-16,1.094535,1.097069,1.09224,1.094128,0.0
2023-06-19,1.096071,1.096071,1.09075,1.092168,0.0
2023-06-20,1.09224,1.09455,1.089372,1.091846,0.0
2023-06-21,1.091942,1.099143,1.090632,1.098623,0.0
2023-06-22,1.09866,1.10108,1.09493,1.09559,0.0
2023-06-23,1.095578,1.096071,1.084505,1.08936,0.0
2023-06-26,1.090649,1.09215,1.088743,1.090524,0.0
2023-06-27,1.090584,1.097635,1.090334,1.096047,0.0
2023-06-28,1.096131,1.097033,1.089859,1.091334,0.0
2023-06-29,1.091465,1.09425,1.086071,1.086378,0.0
2023-06-30,1.086661,1.093255,1.083541,1.091048,0.0
2023-07-03,1.091232,1.093207,1.087134,1.091346,0.0
2023-07-04,1.091346,1.092061,1.087725,1.08808,0.0
2023-07-05,1.088033,1.090584,1.085128,1.085387,0.0
2023-07-06,1.085387,1.090013,1.083412,1.08923,0.0
2023-07-07,1.089028,1.097574,1.086756,1.096972,0.0
2023-07-10,1.096407,1.10035,1.094451,1.10017,0.0
2023-07-11,1.10014,1.10249,1.097791,1.10089,0.0
2023-07-12,1.10088,1.11408,1.10053,1.11309,0.0
2023-07-13,1.11303,1.12296,1.11284,1.12262,0.0
2023-07-14,1.12261,1.1244,1.12049,1.12288,0.0
2023-07-17,1.12358,1.12499,1.12071,1.12378,0.0
2023-07-18,1.1238,1.12746,1.12095,1.12284,0.0
2023-07-19,1.12271,1.12415,1.11766,1.1202,0.0
2023-07-20,1.12021,1.12296,1.11189,1.11295,0.0
2023-07-21,1.11315,1.11458,1.11086,1.11257,0.0
2023-07-24,1.11275,1.1145,1.10605,1.10645,0.0
2023-07-25,1.10656,1.10864,1.10224,1.10558,0.0
2023-07-26,1.10557,1.11047,1.10375,1.10859,0.0
2023-07-27,1.10856,1.11493,1.096629,1.097677,0.0
2023-07-28,1.097725,1.10447,1.094733,1.10167,0.0
2023-07-31,1.10238,1.10457,1.099324,1.099717,0.0
2023-08-01,1.099747,1.10047,1.095266,1.098479,0.0
2023-08-02,1.098382,1.10198,1.091971,1.093853,0.0
2023-08-03,1.093805,1.096137,1.091358,1.094918,0.0
2023-08-04,1.094877,1.10414,1.093524,1.10108,0.0
2023-08-07,1.1018,1.1018,1.096551,1.10027,0.0
2023-08-08,1.10023,1.10156,1.093081,1.09565,0.0
2023-08-09,1.095662,1.099566,1.095218,1.097364,0.0
2023-08-10,1.097412,1.10632,1.096732,1.098135,0.0
2023-08-11,1.098068,1.10046,1.09435,1.094751,0.0
2023-08-14,1.095374,1.096004,1.087607,1.09056,0.0
2023-08-15,1.09062,1.095218,1.089805,1.090441,0.0
2023-08-16,1.090643,1.093404,1.087134,1.087908,0.0
2023-08-17,1.087843,1.091775,1.085635,1.087258,0.0
2023-08-18,1.087258,1.089372,1.084569,1.087216,0.0
2023-08-21,1.087157,1.09135,1.087051,1.089598,0.0
2023-08-22,1.089574,1.093057,1.083365,1.08461,0.0
2023-08-23,1.084605,1.087045,1.080275,1.086372,0.0
2023-08-24,1.086248,1.087843,1.080544,1.081046,0.0
2023-08-25,1.081023,1.084122,1.076693,1.079447,0.0
2023-08-28,1.079756,1.082146,1.079366,1.081941,0.0
2023-08-29,1.081958,1.089176,1.078318,1.087932,0.0
2023-08-30,1.08808,1.094469,1.085576,1.092305,0.0
2023-08-31,1.09224,1.093924,1.083553,1.084352,0.0
2023-09-01,1.084311,1.088056,1.077232,1.077644,0.0
2023-09-04,1.078004,1.080964,1.077174,1.079663,0.0
2023-09-05,1.079616,1.080147,1.070698,1.072225,0.0
2023-09-06,1.072156,1.074778,1.07045,1.072593,0.0
2023-09-07,1.072662,1.073364,1.068724,1.069748,0.0
2023-09-08,1.06969,1.074287,1.069439,1.070034,0.0
2023-09-11,1.071622,1.075789,1.070859,1.07498,0.0
2023-09-12,1.075009,1.076484,1.070561,1.075413,0.0
2023-09-13,1.075431,1.076542,1.071731,1.072956,0.0
2023-09-14,1.073134,1.07535,1.063202,1.064283,0.0
2023-09-15,1.063886,1.06873,1.063321,1.066041,0.0
2023-09-18,1.066183,1.069868,1.065615,1.069227,0.0
2023-09-19,1.069119,1.07185,1.067515,1.067937,0.0
2023-09-20,1.067931,1.07375,1.065036,1.066053,0.0
2023-09-21,1.066155,1.067253,1.061926,1.066144,0.0
2023-09-22,1.066138,1.067099,1.06156,1.065246,0.0
2023-09-25,1.065598,1.065644,1.057636,1.059311,0.0
2023-09-26,1.059266,1.060873,1.056228,1.057194,0.0
2023-09-27,1.05725,1.057865,1.0489,1.050321,0.0
2023-09-28,1.050365,1.057865,1.049147,1.056602,0.0
2023-09-29,1.056747,1.061622,1.055866,1.057362,0.0
2023-10-02,1.057004,1.059109,1.048372,1.048372,0.0
2023-10-03,1.048213,1.049191,1.044861,1.04735,0.0
2023-10-04,1.04735,1.053158,1.0452,1.051586,0.0
2023-10-05,1.051552,1.055158,1.050177,1.055097,0.0
2023-10-06,1.054997,1.06005,1.048465,1.059008,0.0
2023-10-09,1.055153,1.057435,1.052006,1.05705,0.0
2023-10-10,1.056926,1.061994,1.05552,1.060395,0.0
2023-10-11,1.060474,1.063411,1.058571,1.061306,0.0
2023-10-12,1.06125,1.063886,1.052626,1.052992,0.0
2023-10-13,1.053058,1.055832,1.049588,1.051331,0.0
2023-10-16,1.051414,1.05625,1.051016,1.056245,0.0
2023-10-17,1.056212,1.059468,1.053269,1.057658,0.0
2023-10-18,1.057714,1.059417,1.052393,1.053574,0.0
2023-10-19,1.053547,1.061256,1.052831,1.05885,0.0
2023-10-20,1.058795,1.06031,1.056546,1.059294,0.0
2023-10-23,1.059749,1.06775,1.057217,1.066615,0.0
2023-10-24,1.066553,1.069033,1.058369,1.059255,0.0
2023-10-25,1.059187,1.060839,1.05658,1.056798,0.0
2023-10-26,1.056786,1.057362,1.05256,1.055682,0.0
2023-10-27,1.055615,1.059642,1.053558,1.056859,0.0
2023-10-30,1.057865,1.062462,1.05475,1.061718,0.0
2023-10-31,1.061695,1.067293,1.05585,1.05815,0.0
2023-11-01,1.05835,1.058369,1.051768,1.056893,0.0
2023-11-02,1.056725,1.066837,1.056725,1.062219,0.0
2023-11-03,1.062315,1.07465,1.061492,1.072438,0.0
2023-11-06,1.072576,1.075587,1.072277,1.07234,0.0
2023-11-07,1.072432,1.07245,1.066445,1.06965,0.0
2023-11-08,1.069524,1.071582,1.066036,1.070125,0.0
2023-11-09,1.070228,1.07265,1.066024,1.066769,0.0
2023-11-10,1.066752,1.069347,1.065735,1.068005,0.0
2023-11-13,1.06857,1.070664,1.06661,1.070251,0.0
2023-11-14,1.07024,1.088376,1.06933,1.088376,0.0
2023-11-15,1.088258,1.08875,1.083248,1.084593,0.0
2023-11-16,1.08464,1.089526,1.083107,1.085617,0.0
2023-11-17,1.085611,1.090435,1.082509,1.089995,0.0
2023-11-20,1.091173,1.09517,1.08977,1.094529,0.0
2023-11-21,1.094643,1.096672,1.090055,1.091536,0.0
2023-11-22,1.091465,1.092287,1.085317,1.0884,0.0
2023-11-23,1.088406,1.092717,1.088193,1.09045,0.0
2023-11-24,1.090382,1.09505,1.089443,1.094649,0.0
2023-11-27,1.094517,1.09586,1.092592,1.095488,0.0
2023-11-28,1.095578,1.10105,1.093536,1.099143,0.0
2023-11-29,1.099064,1.10153,1.096095,1.09828,0.0
2023-11-30,1.09831,1.09855,1.088382,1.088933,0.0
2023-12-01,1.089022,1.091256,1.082919,1.087311,0.0
2023-12-04,1.087897,1.089473,1.080398,1.082802,0.0
2023-12-05,1.082802,1.08485,1.077842,1.078423,0.0
2023-12-06,1.078342,1.08045,1.076745,1.076936,0.0
2023-12-07,1.076844,1.081596,1.07572,1.079925,0.0
2023-12-08,1.079826,1.080439,1.073007,1.075847,0.0
2023-12-11,1.076142,1.077935,1.074189,1.076206,0.0
2023-12-12,1.076235,1.082913,1.076015,1.078906,0.0
2023-12-13,1.07904,1.089105,1.077302,1.08872,0.0
2023-12-14,1.088566,1.10086,1.086531,1.099076,0.0
2023-12-15,1.099221,1.10047,1.088886,1.089883,0.0
2023-12-18,1.090013,1.09304,1.089247,1.091739,0.0
2023-12-19,1.091685,1.098635,1.091346,1.097623,0.0
2023-12-20,1.097623,1.098479,1.0935,1.094559,0.0
2023-12-21,1.094649,1.10014,1.09295,1.09985,0.0
2023-12-22,1.09988,1.10401,1.099324,1.10144,0.0
2023-12-25,1.10314,1.10877,1.10065,1.10144,0.0
2023-12-26,1.10108,1.10455,1.10053,1.10445,0.0
2023-12-27,1.10446,1.11225,1.10284,1.11019,0.0
2023-12-28,1.11017,1.11376,1.10555,1.10645,0.0
2023-12-29,1.10648,1.10837,1.10387,1.10397,0.0
2024-01-01,1.10516,1.10742,1.10363,1.10442,0.0
2024-01-02,1.10467,1.10797,1.094158,1.094595,0.0
2024-01-03,1.094613,1.09655,1.08942,1.091721,0.0
2024-01-04,1.091918,1.097129,1.091542,1.094793,0.0
2024-01-05,1.094715,1.099572,1.087979,1.094481,0.0
2024-01-08,1.094697,1.097876,1.092419,1.096251,0.0
2024-01-09,1.09625,1.096672,1.091119,1.092657,0.0
2024-01-10,1.092532,1.097273,1.092299,1.096984,0.0
2024-01-11,1.097045,1.099143,1.093135,1.098195,0.0
2024-01-12,1.098255,1.09866,1.093589,1.09556,0.0
2024-01-15,1.095152,1.09577,1.093368,1.09523,0.0
2024-01-16,1.095074,1.095248,1.086354,1.087252,0.0
2024-01-17,1.087423,1.088424,1.084493,1.087554,0.0
2024-01-18,1.087388,1.09075,1.08474,1.086183,0.0
2024-01-19,1.086177,1.089586,1.086089,1.089236,0.0
2024-01-22,1.089176,1.091048,1.088009,1.088465,0.0
2024-01-23,1.088477,1.091578,1.082216,1.084534,0.0
2024-01-24,1.08454,1.093117,1.084352,1.088761,0.0
2024-01-25,1.088969,1.090079,1.082333,1.083746,0.0
2024-01-26,1.083606,1.088264,1.081309,1.085829,0.0
2024-01-29,1.084405,1.084952,1.079663,1.081912,0.0
2024-01-30,1.082116,1.085641,1.081239,1.084558,0.0
2024-01-31,1.084616,1.088655,1.080643,1.083905,0.0
2024-02-01,1.084058,1.087548,1.07801,1.087234,0.0
2024-02-02,1.087199,1.089764,1.078068,1.079191,0.0
2024-02-05,1.078673,1.078673,1.072375,1.074264,0.0
2024-02-06,1.074345,1.076253,1.072386,1.07502,0.0
2024-02-07,1.074951,1.078237,1.074951,1.077203,0.0
2024-02-08,1.077197,1.078784,1.074258,1.077528,0.0
2024-02-09,1.077551,1.07936,1.076253,1.078458,0.0
2024-02-12,1.07808,1.080462,1.075714,1.076913,0.0
2024-02-13,1.076954,1.079447,1.070131,1.070131,0.0
2024-02-14,1.07012,1.073411,1.069685,1.072829,0.0
2024-02-15,1.072864,1.078353,1.072495,1.076902,0.0
2024-02-16,1.076902,1.078749,1.073532,1.077743,0.0
2024-02-19,1.077464,1.078923,1.076253,1.077882,0.0
2024-02-20,1.077848,1.083459,1.076212,1.080701,0.0
2024-02-21,1.080555,1.081976,1.079086,1.081672,0.0
2024-02-22,1.081672,1.088501,1.080363,1.082234,0.0
2024-02-23,1.082222,1.083882,1.081227,1.082245,0.0
2024-02-26,1.083359,1.085882,1.081356,1.084658,0.0
2024-02-27,1.084775,1.086496,1.083371,1.084416,0.0
2024-02-28,1.084393,1.084834,1.079745,1.0834,0.0
2024-02-29,1.083371,1.085658,1.07964,1.080234,0.0
2024-03-01,1.080532,1.084363,1.07996,1.084169,0.0
2024-03-04,1.083876,1.086531,1.083776,1.085676,0.0
2024-03-05,1.085658,1.087465,1.084264,1.085246,0.0
2024-03-06,1.085287,1.091375,1.084246,1.08971,0.0
2024-03-07,1.089627,1.094871,1.086862,1.094835,0.0
2024-03-08,1.094649,1.097219,1.092604,1.0942,0.0
2024-03-11,1.09393,1.094751,1.091524,1.092777,0.0
2024-03-12,1.09261,1.094188,1.090346,1.092532,0.0
2024-03-13,1.092568,1.096071,1.092019,1.094733,0.0
2024-03-14,1.094739,1.09547,1.088104,1.088957,0.0
2024-03-15,1.089075,1.089978,1.087252,1.088904,0.0
2024-03-18,1.088945,1.090578,1.086649,1.086838,0.0
2024-03-19,1.086939,1.087666,1.083653,1.086537,0.0
2024-03-20,1.086466,1.092269,1.083658,1.09212,0.0
2024-03-21,1.091912,1.094218,1.085629,1.085641,0.0
2024-03-22,1.085682,1.086797,1.080188,1.080602,0.0
2024-03-25,1.080608,1.08414,1.080246,1.08407,0.0
2024-03-26,1.083882,1.086378,1.082608,1.082937,0.0
2024-03-27,1.082913,1.083876,1.081186,1.08269,0.0
2024-03-28,1.082696,1.082954,1.077528,1.07883,0.0
2024-03-29,1.078824,1.080555,1.076832,1.07904,0.0
2024-04-01,1.078661,1.079855,1.073134,1.074102,0.0
2024-04-02,1.074229,1.077842,1.072559,1.076809,0.0
2024-04-03,1.076809,1.083705,1.07642,1.083471,0.0
2024-04-04,1.083353,1.087619,1.083248,1.083365,0.0
2024-04-05,1.083365,1.084805,1.079144,1.083541,0.0
2024-04-08,1.082866,1.086366,1.082116,1.085953,0.0
2024-04-09,1.085953,1.088672,1.084822,1.085694,0.0
2024-04-10,1.085835,1.086661,1.072904,1.07446,0.0
2024-04-11,1.074264,1.075535,1.069971,1.072628,0.0
2024-04-12,1.072622,1.073019,1.062377,1.064113,0.0
2024-04-15,1.064957,1.066513,1.062062,1.062417,0.0
2024-04-16,1.06253,1.065343,1.060232,1.061847,0.0
2024-04-17,1.062078,1.067891,1.060755,1.06735,0.0
2024-04-18,1.06735,1.069061,1.064152,1.064453,0.0
2024-04-19,1.064334,1.067863,1.061121,1.065655,0.0
2024-04-22,1.065899,1.067065,1.062468,1.065405,0.0
2024-04-23,1.065394,1.070973,1.063864,1.070228,0.0
2024-04-24,1.070114,1.071467,1.067942,1.069908,0.0
2024-04-25,1.069919,1.073843,1.06796,1.073002,0.0
2024-04-26,1.072996,1.075269,1.067492,1.069233,0.0
2024-04-29,1.070205,1.073364,1.069113,1.072156,0.0
2024-04-30,1.072156,1.073537,1.066536,1.066615,0.0
2024-05-01,1.066587,1.07348,1.064957,1.071409,0.0
2024-05-02,1.071352,1.073019,1.067509,1.072559,0.0
2024-05-03,1.072559,1.081058,1.072329,1.076137,0.0
2024-05-06,1.076253,1.07904,1.075581,1.077018,0.0
2024-05-07,1.076832,1.078865,1.074807,1.075506,0.0
2024-05-08,1.075674,1.075731,1.073549,1.07483,0.0
2024-05-09,1.07498,1.078574,1.072484,1.078185,0.0
2024-05-10,1.078353,1.07904,1.076113,1.077105,0.0
2024-05-13,1.077302,1.080649,1.076629,1.07904,0.0
2024-05-14,1.078981,1.082661,1.07718,1.08197,0.0
2024-05-15,1.081947,1.088583,1.081332,1.088412,0.0
2024-05-16,1.088406,1.089562,1.085493,1.086714,0.0
2024-05-17,1.086661,1.087843,1.083611,1.086927,0.0
2024-05-20,1.087057,1.088554,1.085482,1.085682,0.0
2024-05-21,1.08567,1.087548,1.084399,1.085405,0.0
2024-05-22,1.085382,1.086425,1.081724,1.082251,0.0
2024-05-23,1.082368,1.086071,1.080509,1.081584,0.0
2024-05-24,1.081543,1.085753,1.080555,1.084646,0.0
2024-05-27,1.085028,1.086661,1.084146,1.085835,0.0
2024-05-28,1.085835,1.088969,1.085417,1.085682,0.0
2024-05-29,1.085711,1.086071,1.080013,1.0801,0.0
2024-05-30,1.080124,1.08454,1.078853,1.083482,0.0
2024-05-31,1.083248,1.088175,1.081157,1.084887,0.0
2024-06-03,1.085134,1.090453,1.082778,1.0904,0.0
2024-06-04,1.090275,1.091763,1.086012,1.087962,0.0
2024-06-05,1.087944,1.088951,1.085464,1.086921,0.0
2024-06-06,1.087075,1.090019,1.086289,1.088927,0.0
2024-06-07,1.089105,1.09015,1.079995,1.080439,0.0
2024-06-10,1.077766,1.078132,1.073318,1.076565,0.0
2024-06-11,1.076658,1.077319,1.071978,1.074033,0.0
2024-06-12,1.074172,1.085246,1.073485,1.080912,0.0
2024-06-13,1.080964,1.081666,1.073376,1.073826,0.0
2024-06-14,1.073687,1.074483,1.066792,1.070303,0.0
2024-06-17,1.070687,1.073826,1.068976,1.07348,0.0
2024-06-18,1.073445,1.076102,1.071065,1.073947,0.0
2024-06-19,1.073981,1.075442,1.072559,1.074356,0.0
2024-06-20,1.07446,1.07498,1.070205,1.070251,0.0
2024-06-21,1.070263,1.072156,1.067162,1.069347,0.0
2024-06-24,1.069399,1.074576,1.068416,1.073416,0.0
2024-06-25,1.073422,1.07446,1.069193,1.071524,0.0
2024-06-26,1.071639,1.071869,1.066655,1.068039,0.0
2024-06-27,1.068319,1.072674,1.067743,1.070377,0.0
2024-06-28,1.070383,1.072478,1.068536,1.071409,0.0
2024-07-01,1.073739,1.07776,1.07203,1.074079,0.0
2024-07-02,1.073941,1.074749,1.071042,1.074564,0.0
2024-07-03,1.074483,1.081537,1.073653,1.078801,0.0
2024-07-04,1.078813,1.081549,1.078342,1.08114,0.0
2024-07-05,1.081233,1.084363,1.080953,1.083952,0.0
2024-07-08,1.082456,1.08454,1.081484,1.082439,0.0
2024-07-09,1.082544,1.083541,1.080596,1.081362,0.0
2024-07-10,1.081362,1.083072,1.08114,1.083072,0.0
2024-07-11,1.082954,1.089954,1.082661,1.086762,0.0
2024-07-12,1.086957,1.091167,1.08613,1.090632,0.0
2024-07-15,1.088726,1.092204,1.088352,1.089467,0.0
2024-07-16,1.089455,1.090513,1.087193,1.089895,0.0
2024-07-17,1.089859,1.094673,1.089615,1.09396,0.0
2024-07-18,1.094152,1.094271,1.089443,1.089633,0.0
2024-07-19,1.089621,1.090929,1.087548,1.088358,0.0
2024-07-22,1.089984,1.090394,1.087299,1.089141,0.0
2024-07-23,1.089111,1.08974,1.084405,1.085405,0.0
2024-07-24,1.085364,1.086608,1.082708,1.084011,0.0
2024-07-25,1.08407,1.086927,1.08289,1.084422,0.0
2024-07-26,1.084658,1.086957,1.084246,1.085776,0.0
2024-07-29,1.085629,1.087075,1.080281,1.082122,0.0
2024-07-30,1.082122,1.083658,1.079914,1.081479,0.0
2024-07-31,1.081666,1.084952,1.080357,1.082603,0.0
2024-08-01,1.082544,1.083658,1.077842,1.079162,0.0
2024-08-02,1.079273,1.092598,1.078307,1.091084,0.0
2024-08-05,1.090649,1.10073,1.089408,1.095104,0.0
2024-08-06,1.09505,1.096281,1.090441,1.093255,0.0
2024-08-07,1.093087,1.093679,1.090632,1.092299,0.0
2024-08-08,1.092359,1.094631,1.088181,1.091882,0.0
2024-08-09,1.091643,1.093733,1.090941,1.091584,0.0
2024-08-12,1.091304,1.093948,1.091185,1.093213,0.0
2024-08-13,1.093135,1.099947,1.0915,1.099366,0.0
2024-08-14,1.099378,1.10472,1.098575,1.10123,0.0
2024-08-15,1.10125,1.10162,1.095026,1.097159,0.0
2024-08-16,1.097333,1.10294,1.096972,1.10275,0.0
2024-08-19,1.10253,1.10877,1.10223,1.10865,0.0
2024-08-20,1.10846,1.11315,1.1072,1.11298,0.0
2024-08-21,1.11302,1.11735,1.11012,1.11503,0.0
2024-08-22,1.115,1.11626,1.10987,1.11123,0.0
2024-08-23,1.11117,1.12012,1.11059,1.11925,0.0
2024-08-26,1.11912,1.12009,1.11525,1.11611,0.0
2024-08-27,1.11609,1.11913,1.11514,1.11844,0.0
2024-08-28,1.11842,1.11894,1.11051,1.11199,0.0
2024-08-29,1.11216,1.11396,1.10562,1.10785,0.0
2024-08-30,1.10774,1.10945,1.10438,1.10475,0.0
2024-09-02,1.1046,1.10773,1.10424,1.10727,0.0
2024-09-03,1.10726,1.10852,1.10265,1.1043,0.0
2024-09-04,1.10431,1.10939,1.10395,1.10821,0.0
2024-09-05,1.10824,1.11191,1.10742,1.11106,0.0
2024-09-06,1.11093,1.11552,1.10658,1.10858,0.0
2024-09-09,1.10873,1.10914,1.10341,1.10352,0.0
2024-09-10,1.10357,1.10486,1.10158,1.10195,0.0
2024-09-11,1.10196,1.1055,1.10021,1.1012,0.0
2024-09-12,1.10144,1.10754,1.10062,1.10747,0.0
2024-09-13,1.10744,1.11016,1.10705,1.10742,0.0
2024-09-16,1.10869,1.11362,1.10853,1.11326,0.0
2024-09-17,1.11334,1.1146,1.11116,1.11136,0.0
2024-09-18,1.11148,1.11875,1.10975,1.1118,0.0
2024-09-19,1.11198,1.11794,1.1069,1.11632,0.0
2024-09-20,1.11618,1.11826,1.11365,1.11635,0.0
2024-09-23,1.11622,1.11676,1.10839,1.11112,0.0
2024-09-24,1.1111,1.11808,1.11037,1.11799,0.0
2024-09-25,1.11794,1.12124,1.11219,1.11328,0.0
2024-09-26,1.11328,1.11893,1.11257,1.11768,0.0
2024-09-27,1.11782,1.12,1.11256,1.11636,0.0
2024-09-30,1.11709,1.12081,1.11159,1.1135,0.0
2024-10-01,1.11346,1.11445,1.10473,1.10675,0.0
2024-10-02,1.10679,1.10828,1.10333,1.10455,0.0
2024-10-03,1.1045,1.10503,1.10099,1.10327,0.0
2024-10-04,1.10302,1.10395,1.095206,1.097635,0.0
2024-10-07,1.09675,1.098708,1.095524,1.097213,0.0
2024-10-08,1.097129,1.09965,1.096131,1.097876,0.0
2024-10-09,1.097773,1.098177,1.093661,1.093912,0.0
2024-10-10,1.093853,1.094912,1.090037,1.09341,0.0
2024-10-11,1.093434,1.095392,1.092359,1.093422,0.0
2024-10-14,1.093285,1.093853,1.088981,1.090429,0.0
2024-10-15,1.090406,1.094451,1.088139,1.088649,0.0
2024-10-16,1.088755,1.090043,1.085364,1.0858,0.0
2024-10-17,1.085788,1.08701,1.081221,1.082802,0.0
2024-10-18,1.082778,1.086838,1.082544,1.086661,0.0
2024-10-21,1.086679,1.087081,1.08114,1.081502,0.0
2024-10-22,1.081502,1.083752,1.079412,1.079482,0.0
2024-10-23,1.079401,1.080672,1.076235,1.078632,0.0
2024-10-24,1.078603,1.082884,1.077058,1.082814,0.0
2024-10-25,1.082907,1.08407,1.079331,1.079541,0.0
2024-10-28,1.079476,1.082778,1.078167,1.081631,0.0
2024-10-29,1.081537,1.082661,1.077,1.081432,0.0
2024-10-30,1.08142,1.087252,1.08003,1.085941,0.0
2024-10-31,1.086083,1.088791,1.084469,1.087784,0.0
2024-11-01,1.087725,1.090346,1.083459,1.083529,0.0
2024-11-04,1.08795,1.091435,1.087004,1.087914,0.0
2024-11-05,1.087891,1.093733,1.087252,1.093255,0.0
2024-11-06,1.093123,1.093972,1.068313,1.073434,0.0
2024-11-07,1.073572,1.082444,1.071363,1.078853,0.0
2024-11-08,1.078388,1.080731,1.06873,1.071501,0.0
2024-11-11,1.071094,1.072789,1.063044,1.065212,0.0
2024-11-12,1.065371,1.066314,1.059547,1.061267,0.0
2024-11-13,1.061346,1.065065,1.055688,1.056636,0.0
2024-11-14,1.056636,1.058145,1.049786,1.054841,0.0
2024-11-15,1.05478,1.059042,1.051326,1.053902,0.0
2024-11-18,1.053064,1.060721,1.053058,1.059114,0.0
2024-11-19,1.059092,1.060164,1.05251,1.059479,0.0
2024-11-20,1.059322,1.061064,1.050812,1.053957,0.0
2024-11-21,1.053957,1.055576,1.046217,1.048366,0.0
2024-11-22,1.048432,1.049803,1.033982,1.041179,0.0
2024-11-25,1.048218,1.05297,1.044927,1.050591,0.0
2024-11-26,1.050558,1.054419,1.04265,1.047422,0.0
2024-11-27,1.047449,1.058705,1.047258,1.056189,0.0
2024-11-28,1.056468,1.057138,1.052864,1.055693,0.0
2024-11-29,1.055743,1.059619,1.052964,1.057921,0.0
2024-12-02,1.057183,1.057272,1.046162,1.049004,0.0
2024-12-03,1.049125,1.053574,1.048158,1.050547,0.0
2024-12-04,1.050586,1.054369,1.04729,1.051497,0.0
2024-12-05,1.051337,1.058868,1.050525,1.058868,0.0
2024-12-06,1.058677,1.062739,1.054285,1.055481,0.0
2024-12-09,1.055793,1.059322,1.053241,1.055442,0.0
2024-12-10,1.055559,1.056859,1.049962,1.052648,0.0
2024-12-11,1.052737,1.053963,1.048048,1.049092,0.0
2024-12-12,1.04918,1.053103,1.046572,1.047258,0.0
2024-12-13,1.047279,1.05215,1.045314,1.049423,0.0
2024-12-16,1.048911,1.052255,1.047598,1.051077,0.0
2024-12-17,1.050989,1.053214,1.047927,1.048872,0.0
2024-12-18,1.048823,1.051359,1.037457,1.037748,0.0
2024-12-19,1.037522,1.042264,1.034447,1.036243,0.0
2024-12-20,1.036221,1.044774,1.034388,1.04455,0.0
2024-12-23,1.043281,1.044616,1.038551,1.041119,0.0
2024-12-24,1.041314,1.041358,1.038885,1.039031,0.0
2024-12-25,1.042644,1.043732,1.040258,1.043569,0.0
2024-12-26,1.043569,1.044223,1.039112,1.041976,0.0
2024-12-27,1.041726,1.044441,1.040588,1.042845,0.0
2024-12-30,1.043014,1.045861,1.037178,1.039696,0.0
2024-12-31,1.039593,1.0424,1.03915,1.03935,0.0
2025-01-02,1.040529,1.040529,1.022542,1.024979,0.0
2025-01-03,1.025131,1.030662,1.025131,1.030306,0.0
2025-01-06,1.030306,1.043466,1.02959,1.038718,0.0
2025-01-07,1.038751,1.043417,1.035106,1.035432,0.0
2025-01-08,1.035545,1.035754,1.02738,1.03097,0.0
2025-01-09,1.030933,1.032152,1.028516,1.029855,0.0
2025-01-10,1.029887,1.033966,1.021972,1.024517,0.0
2025-01-13,1.020065,1.022134,1.019243,1.020835,0.0
2025-01-14,1.020752,1.030513,1.020752,1.029712,0.0
2025-01-15,1.029818,1.034945,1.026884,1.029389,0.0
2025-01-16,1.02922,1.03147,1.026304,1.030248,0.0
2025-01-17,1.030184,1.032914,1.026626,1.027675,0.0
2025-01-20,1.028531,1.042921,1.026705,1.04196,0.0
2025-01-21,1.041938,1.043433,1.034287,1.041764,0.0
2025-01-22,1.041835,1.045713,1.03928,1.042047,0.0
2025-01-23,1.041916,1.043716,1.03784,1.042345,0.0
2025-01-24,1.04222,1.052106,1.041233,1.049434,0.0
2025-01-27,1.048097,1.05313,1.045424,1.049169,0.0
2025-01-28,1.049191,1.049538,1.04145,1.043585,0.0
2025-01-29,1.043476,1.04437,1.03833,1.041596,0.0
2025-01-30,1.041526,1.046567,1.039123,1.043025,0.0
2025-01-31,1.042791,1.043351,1.036055,1.037657,0.0
2025-02-03,1.023541,1.033464,1.021252,1.02841,0.0
2025-02-04,1.02841,1.038691,1.027665,1.038281,0.0
2025-02-05,1.038152,1.044038,1.036979,1.040713,0.0
2025-02-06,1.040659,1.040659,1.035357,1.038481,0.0
2025-02-07,1.038411,1.040015,1.030747,1.033234,0.0
2025-02-10,1.029087,1.033645,1.028658,1.030668,0.0
2025-02-11,1.030673,1.037732,1.02923,1.03577,0.0
2025-02-12,1.035856,1.0429,1.031779,1.039074,0.0
2025-02-13,1.03901,1.044534,1.037915,1.043754,0.0
2025-02-14,1.043618,1.051353,1.043596,1.049996,0.0
2025-02-17,1.048757,1.050663,1.046698,1.048158,0.0
2025-02-18,1.048136,1.048658,1.043618,1.044408,0.0
2025-02-19,1.044441,1.046085,1.040193,1.042476,0.0
2025-02-20,1.042628,1.050282,1.041938,1.050172,0.0
2025-02-21,1.050117,1.050586,1.044948,1.046184,0.0
2025-02-24,1.047795,1.052837,1.045396,1.047521,0.0
2025-02-25,1.047367,1.051785,1.045763,1.051044,0.0
2025-02-26,1.051099,1.052471,1.047609,1.049202,0.0
2025-02-27,1.04907,1.049263,1.040117,1.040388,0.0
2025-02-28,1.040447,1.042019,1.03598,1.036742,0.0
2025-03-03,1.040366,1.050073,1.039031,1.047433,0.0
2025-03-04,1.047214,1.060063,1.046808,1.060063,0.0
2025-03-05,1.060131,1.079057,1.060131,1.079005,0.0
2025-03-06,1.079121,1.085181,1.076745,1.080246,0.0
2025-03-07,1.080036,1.08856,1.077534,1.084158,0.0
2025-03-10,1.083946,1.08727,1.080602,1.083148,0.0
2025-03-11,1.083453,1.094661,1.082597,1.092198,0.0
2025-03-12,1.092061,1.092532,1.087577,1.089153,0.0
2025-03-13,1.089081,1.089687,1.082327,1.084969,0.0
2025-03-14,1.08484,1.091066,1.079622,1.088382,0.0
2025-03-17,1.088074,1.092866,1.086951,1.09221,0.0
2025-03-18,1.092102,1.095404,1.089449,1.094643,0.0
2025-03-19,1.094589,1.094871,1.086219,1.089734,0.0
2025-03-20,1.089853,1.091697,1.081543,1.085387,0.0
2025-03-21,1.085299,1.086071,1.0801,1.081806,0.0
2025-03-24,1.08255,1.085711,1.078312,1.080164,0.0
2025-03-25,1.080199,1.082966,1.077813,1.079465,0.0
2025-03-26,1.07957,1.080234,1.074431,1.075032,0.0
2025-03-27,1.075136,1.081929,1.073387,1.079488,0.0
2025-03-28,1.079564,1.084416,1.076629,1.082562,0.0
2025-03-31,1.081765,1.084805,1.078411,1.081414,0.0
2025-04-01,1.081327,1.083072,1.077952,1.078894,0.0
2025-04-02,1.07904,1.087181,1.07815,1.085028,0.0
2025-04-03,1.085134,1.11359,1.080707,1.10247,0.0
2025-04-04,1.10239,1.11073,1.092657,1.094469,0.0
2025-04-07,1.098207,1.10471,1.090239,1.090614,0.0
2025-04-08,1.09212,1.099137,1.08917,1.095836,0.0
2025-04-09,1.095344,1.10931,1.091792,1.094906,0.0
2025-04-10,1.094984,1.12402,1.094427,1.12,0.0
2025-04-11,1.12026,1.14714,1.11923,1.13636,0.0
2025-04-14,1.13417,1.14247,1.13007,1.13533,0.0
2025-04-15,1.1352,1.13792,1.12689,1.12854,0.0
2025-04-16,1.12905,1.14155,1.12829,1.14012,0.0
2025-04-17,1.14025,1.14116,1.13443,1.13675,0.0
2025-04-22,1.15247,1.155,1.14207,1.14247,0.0
2025-04-23,1.14299,1.1443,1.13109,1.13186,0.0
2025-04-24,1.13109,1.14012,1.13109,1.13921,0.0
2025-04-25,1.13934,1.13973,1.13212,1.13662,0.0
2025-04-28,1.13533,1.14286,1.13353,1.14247,0.0
2025-04-29,1.1426,1.14273,1.13753,1.13895,0.0
2025-04-30,1.13934,1.14025,1.13225,1.13327,0.0
2025-05-01,1.13353,1.1343,1.12701,1.12943,0.0
2025-05-02,1.12931,1.1383,1.12778,1.13045,0.0
2025-05-05,1.13084,1.13675,1.1302,1.13186,0.0
2025-05-06,1.13199,1.1383,1.12829,1.1374,0.0
2025-05-07,1.13688,1.13804,1.12969,1.13045,0.0
2025-05-08,1.1302,1.13392,1.12158,1.12322,0.0
2025-05-09,1.12221,1.12943,1.12007,1.12537,0.0
2025-05-12,1.12296,1.12448,1.10705,1.10902,0.0
2025-05-13,1.10865,1.11982,1.10865,1.11882,0.0
2025-05-14,1.11919,1.12676,1.11682,1.11769,0.0
2025-05-15,1.11757,1.12309,1.11719,1.11882,0.0
2025-05-16,1.11957,1.12221,1.11346,1.11682,0.0
2025-05-19,1.11932,1.12905,1.11782,1.12448,0.0
2025-05-20,1.12435,1.12892,1.12221,1.1288,0.0
2025-05-21,1.12918,1.13636,1.12816,1.13327,0.0
2025-05-22,1.13237,1.13482,1.12613,1.12841,0.0
2025-05-23,1.12803,1.13753,1.12803,1.13688,0.0
2025-05-26,1.13779,1.1422,1.13727,1.13908,0.0
2025-05-27,1.13895,1.14103,1.13276,1.13314,0.0
2025-05-28,1.13353,1.13482,1.1288,1.12943,0.0
2025-05-29,1.12982,1.13869,1.12196,1.13688,0.0
2025-05-30,1.13779,1.13921,1.13199,1.13507,0.0
2025-06-02,1.13585,1.14521,1.13546,1.14456,0.0
2025-06-03,1.14469,1.14574,1.13688,1.13727,0.0
2025-06-04,1.13753,1.14377,1.13623,1.1422,0.0
2025-06-05,1.14194,1.14969,1.1409,1.14469,0.0
2025-06-06,1.14416,1.146,1.13753,1.13986,0.0
2025-06-09,1.14103,1.14416,1.13908,1.14233,0.0
2025-06-10,1.14233,1.14508,1.13779,1.14273,0.0
2025-06-11,1.14312,1.15022,1.1409,1.14903,0.0
2025-06-12,1.14797,1.16347,1.14797,1.15888,0.0
2025-06-13,1.15714,1.16131,1.14956,1.1558,0.0
2025-06-16,1.15447,1.16171,1.15274,1.15634,0.0
2025-06-17,1.1558,1.15768,1.14784,1.14837,0.0
2025-06-18,1.14837,1.153,1.14666,1.14837,0.0
2025-06-19,1.14626,1.15035,1.14508,1.15009,0.0
2025-06-20,1.15048,1.15473,1.14956,1.1526,0.0
2025-06-23,1.14916,1.15848,1.14574,1.15808,0.0
2025-06-24,1.15902,1.16414,1.15754,1.16117,0.0
2025-06-25,1.16171,1.16686,1.15942,1.16632,0.0
2025-06-26,1.16577,1.17454,1.1655,1.17041,0.0
2025-06-27,1.17041,1.17523,1.1685,1.1722,0.0
2025-06-30,1.17343,1.17925,1.17123,1.17911,0.0
2025-07-01,1.17938,1.18315,1.17647,1.18092,0.0
2025-07-02,1.18055,1.18103,1.17464,1.17982,0.0
2025-07-03,1.17991,1.18107,1.17169,1.17565,0.0
2025-07-04,1.17577,1.17877,1.17499,1.17667,0.0
2025-07-05,1.17702,1.17702,1.17702,1.17702,0.0
2025-07-07,1.17806,1.17902,1.16869,1.1708,0.0
2025-07-08,1.17079,1.17651,1.16827,1.17248,0.0
2025-07-09,1.17246,1.17291,1.16895,1.17185,0.0
2025-07-10,1.17167,1.17495,1.16704,1.17005,0.0
2025-07-11,1.17006,1.17144,1.16647,1.16843,0.0
2025-07-12,1.1688,1.1688,1.1688,1.1688,0.0
2025-07-14,1.16648,1.16985,1.16536,1.1665,0.0
2025-07-15,1.16663,1.16927,1.15925,1.16019,0.0
2025-07-16,1.16007,1.17227,1.15621,1.16375,0.0
2025-07-17,1.16376,1.16423,1.15559,1.15961,0.0
2025-07-18,1.1594,1.16731,1.15899,1.16195,0.0
2025-07-19,1.16207,1.16207,1.16207,1.16207,0.0
2025-07-21,1.16268,1.17168,1.16143,1.16931,0.0
2025-07-22,1.1693,1.1761,1.16789,1.17539,0.0
2025-07-23,1.17538,1.1775,1.17108,1.17697,0.0
2025-07-24,1.17663,1.17885,1.17308,1.17465,0.0
2025-07-25,1.17427,1.17608,1.17032,1.17402,0.0
2025-07-26,1.17401,1.17409,1.17401,1.17409,0.0
2025-07-28,1.17551,1.17701,1.15852,1.1588,0.0
2025-07-29,1.15877,1.1599,1.15187,1.15466,0.0
2025-07-30,1.15458,1.15725,1.13998,1.14046,0.0
2025-07-31,1.1408,1.14614,1.14014,1.14149,0.0
2025-08-01,1.14146,1.15977,1.13914,1.15839,0.0
2025-08-02,1.15831,1.15904,1.15831,1.15904,0.0
2025-08-04,1.15837,1.15905,1.15492,1.1572,0.0
2025-08-05,1.15687,1.15888,1.15276,1.15758,0.0
2025-08-06,1.15737,1.16687,1.1564,1.16596,0.0
2025-08-07,1.16593,1.16989,1.16128,1.1665,0.0
2025-08-08,1.1665,1.168,1.1628,1.16366,0.0
2025-08-09,1.16401,1.16401,1.16401,1.16401,0.0
2025-08-11,1.16475,1.16763,1.15896,1.16159,0.0
2025-08-12,1.16157,1.16975,1.15986,1.16755,0.0
2025-08-13,1.1676,1.17311,1.16664,1.17061,0.0
2025-08-14,1.17063,1.17163,1.16304,1.16482,0.0
2025-08-15,1.16481,1.1716,1.16455,1.16902,0.0
2025-08-16,1.16901,1.17013,1.16901,1.17013,0.0
2025-08-18,1.17144,1.17149,1.16563,1.16612,0.0
2025-08-19,1.16609,1.16934,1.16385,1.16471,0.0
2025-08-20,1.16509,1.16743,1.16215,1.16526,0.0
2025-08-21,1.1653,1.16632,1.16006,1.16063,0.0
2025-08-22,1.1606,1.17432,1.15823,1.17152,0.0
2025-08-23,1.17152,1.17152,1.17152,1.17152,0.0
2025-08-25,1.17135,1.17215,1.16029,1.16189,0.0
2025-08-26,1.16255,1.16648,1.16027,1.16417,0.0
2025-08-27,1.16475,1.16529,1.15744,1.16387,0.0
2025-08-28,1.16379,1.16978,1.16274,1.16825,0.0
2025-08-29,1.16816,1.1709,1.16505,1.1683,0.0
2025-08-30,1.1683,1.1683,1.1683,1.1683,0.0
2025-09-01,1.16884,1.17369,1.16862,1.17107,0.0
2025-09-02,1.17106,1.17188,1.16103,1.16416,0.0
2025-09-03,1.16386,1.16818,1.1608,1.16603,0.0
2025-09-04,1.16613,1.167,1.16295,1.16488,0.0
2025-09-05,1.16491,1.17596,1.16456,1.17108,0.0
2025-09-06,1.17108,1.17108,1.17108,1.17108,0.0
2025-09-08,1.1706,1.17658,1.17049,1.17627,0.0
2025-09-09,1.1763,1.1781,1.17038,1.17085,0.0
2025-09-10,1.17088,1.17305,1.1691,1.16951,0.0
2025-09-11,1.16946,1.17459,1.16601,1.17339,0.0
2025-09-12,1.17339,1.17476,1.17014,1.17328,0.0
2025-09-13,1.17328,1.17328,1.17328,1.17328,0.0
2025-09-15,1.17283,1.17744,1.17162,1.1761,0.0
2025-09-16,1.1761,1.18782,1.17574,1.1867,0.0
2025-09-17,1.18668,1.19183,1.18078,1.18128,0.0
2025-09-18,1.18122,1.18482,1.17503,1.17859,0.0
2025-09-19,1.17849,1.17924,1.17288,1.17442,0.0
2025-09-20,1.17442,1.17442,1.17442,1.17442,0.0
2025-09-22,1.17408,1.18037,1.17261,1.18034,0.0
2025-09-23,1.18027,1.18198,1.17785,1.18152,0.0
2025-09-24,1.18152,1.18188,1.17283,1.17375,0.0
2025-09-25,1.17376,1.17539,1.16454,1.16653,0.0
2025-09-26,1.16653,1.17072,1.1657,1.17009,0.0
2025-09-27,1.17009,1.17009,1.17009,1.17009,0.0
2025-09-29,1.17042,1.17544,1.17038,1.17266,0.0
2025-09-30,1.17266,1.17615,1.17123,1.1733,0.0
2025-10-01,1.17331,1.17786,1.17155,1.17237,0.0
2025-10-02,1.17237,1.17582,1.16833,1.17153,0.0
2025-10-03,1.17153,1.17586,1.17137,1.17384,0.0
2025-10-04,1.17384,1.17423,1.17384,1.17423,0.0
2025-10-06,1.17243,1.17307,1.16517,1.17107,0.0
2025-10-07,1.17105,1.17206,1.16477,1.16502,0.0
2025-10-08,1.16503,1.16645,1.15985,1.1628,0.0
2025-10-09,1.16278,1.1648,1.15421,1.15595,0.0
2025-10-10,1.15593,1.16305,1.1559,1.16126,0.0
2025-10-11,1.16128,1.16285,1.16039,1.16131,0.0
2025-10-13,1.15934,1.16296,1.15574,1.15662,0.0
2025-10-14,1.15661,1.16147,1.15427,1.16055,0.0
2025-10-15,1.16055,1.16468,1.15999,1.16445,0.0
2025-10-16,1.16443,1.16941,1.16417,1.16889,0.0
2025-10-17,1.16888,1.17283,1.16568,1.16706,0.0
2025-10-18,1.16727,1.16727,1.16489,1.16508,0.0
2025-10-20,1.16566,1.16754,1.16384,1.16409,0.0
2025-10-21,1.1641,1.16551,1.15977,1.16006,0.0
2025-10-22,1.16009,1.16222,1.15769,1.16058,0.0
2025-10-23,1.16059,1.16225,1.15854,1.16158,0.0
2025-10-24,1.16167,1.16475,1.16015,1.16321,0.0
2025-10-25,1.16314,1.16355,1.16215,1.16246,0.0
2025-10-27,1.16308,1.16517,1.1618,1.16473,0.0
2025-10-28,1.16471,1.16681,1.1626,1.16521,0.0
2025-10-29,1.16521,1.16651,1.15782,1.15992,0.0
2025-10-30,1.15997,1.16345,1.15474,1.15648,0.0
2025-10-31,1.15648,1.15774,1.15219,1.15248,0.0
2025-11-01,1.15268,1.15392,1.15252,1.1535,0.0
2025-11-03,1.15301,1.15415,1.15051,1.15192,0.0
2025-11-04,1.15197,1.15333,1.14729,1.1479,0.0
2025-11-05,1.14783,1.14978,1.14689,1.14857,0.0
2025-11-06,1.14863,1.15524,1.14861,1.15446,0.0
2025-11-07,1.15446,1.15912,1.15295,1.15592,0.0
2025-11-08,1.15602,1.15672,1.1558,1.15661,0.0
2025-11-10,1.15582,1.1583,1.15409,1.15612,0.0
2025-11-11,1.15613,1.1605,1.15468,1.15843,0.0
2025-11-12,1.15853,1.15982,1.15634,1.15867,0.0
2025-11-13,1.15861,1.16553,1.15793,1.16356,0.0
2025-11-14,1.16352,1.16536,1.16068,1.16183,0.0
2025-11-15,1.16183,1.16239,1.16154,1.16154,0.0
2025-11-17,1.1621,1.1625,1.1582,1.15843,0.0
2025-11-18,1.1584,1.16081,1.15718,1.15861,0.0
2025-11-19,1.15857,1.15969,1.15189,1.1521,0.0
2025-11-20,1.15212,1.15495,1.15078,1.15376,0.0
2025-11-21,1.15379,1.1552,1.14912,1.15139,0.0
2025-11-22,1.15133,1.1521,1.15095,1.15125,0.0
2025-11-24,1.15121,1.15498,1.15024,1.15276,0.0
2025-11-25,1.15274,1.15855,1.1512,1.15851,0.0
2025-11-26,1.15849,1.16006,1.15495,1.1594,0.0
2025-11-27,1.15937,1.16136,1.15768,1.15958,0.0
2025-11-28,1.15956,1.16082,1.15554,1.16032,0.0
2025-11-29,1.1603,1.16048,1.1598,1.15993,0.0
2025-12-01,1.15938,1.16519,1.15903,1.16087,0.0
2025-12-02,1.16086,1.16239,1.15931,1.16239,0.0
2025-12-03,1.16238,1.16781,1.16197,1.16739,0.0
2025-12-04,1.16738,1.16825,1.16509,1.16528,0.0
2025-12-05,1.16528,1.16717,1.16297,1.16435,0.0
2025-12-06,1.16435,1.16481,1.16398,1.16431,0.0
2025-12-08,1.1641,1.16731,1.16171,1.16398,0.0
2025-12-09,1.16398,1.16575,1.16165,1.1628,0.0
2025-12-10,1.16281,1.16818,1.16226,1.16791,0.0
2025-12-11,1.16789,1.17625,1.16764,1.17413,0.0
2025-12-12,1.17413,1.17502,1.17193,1.17408,0.0
2025-12-13,1.1741,1.17468,1.17386,1.17402,0.0
2025-12-15,1.17387,1.17691,1.1728,1.17496,0.0
2025-12-16,1.17496,1.18017,1.17363,1.1758,0.0
2025-12-17,1.17582,1.17631,1.17046,1.17447,0.0
2025-12-18,1.17449,1.17596,1.17137,1.17248,0.0
2025-12-19,1.17249,1.17382,1.17041,1.17236,0.0
2025-12-20,1.17238,1.17258,1.17072,1.17091,0.0
2025-12-22,1.17175,1.17688,1.17069,1.17559,0.0
2025-12-23,1.17558,1.18021,1.17528,1.17908,0.0
2025-12-24,1.17908,1.18082,1.17809,1.17849,0.0
2025-12-25,1.17823,1.17907,1.17768,1.17832,0.0
2025-12-26,1.17828,1.17965,1.17623,1.17756,0.0
2025-12-27,1.17759,1.17817,1.1767,1.17718,0.0
2025-12-29,1.17695,1.17889,1.17506,1.17674,0.0
2025-12-30,1.17675,1.17801,1.17459,1.17462,0.0
2025-12-31,1.17464,1.17583,1.1721,1.17566,0.0
2026-01-01,1.17464,1.17506,1.17429,1.17442,0.0
2026-01-02,1.17442,1.17653,1.17139,1.17235,0.0
2026-01-03,1.17234,1.17237,1.17159,1.17204,0.0
2026-01-05,1.17238,1.17286,1.16597,1.1728,0.0
2026-01-06,1.17278,1.17426,1.16842,1.16903,0.0
2026-01-07,1.16902,1.17025,1.1674,1.16833,0.0
2026-01-08,1.16831,1.16844,1.16424,1.16499,0.0
2026-01-09,1.16498,1.1663,1.16191,1.1635,0.0
2026-01-10,1.16349,1.16418,1.163,1.16351,0.0
2026-01-11,1.1635,1.16562,1.16321,1.1637,0.0
2026-01-12,1.16368,1.16984,1.16226,1.16727,0.0
2026-01-13,1.16725,1.16757,1.16357,1.16496,0.0
2026-01-14,1.16494,1.16619,1.16361,1.16374,0.0
2026-01-15,1.16372,1.16476,1.15935,1.16138,0.0
2026-01-16,1.16136,1.16275,1.15851,1.15968,0.0
2026-01-17,1.15966,1.16068,1.15937,1.16056,0.0
2026-01-18,1.16053,1.16067,1.15654,1.15786,0.0
2026-01-19,1.15783,1.16494,1.15754,1.16435,0.0
2026-01-20,1.16432,1.1749,1.16324,1.17133,0.0
2026-01-21,1.17131,1.17433,1.16781,1.16913,0.0
2026-01-22,1.16911,1.17503,1.16701,1.17443,0.0
2026-01-23,1.1744,1.1814,1.17288,1.18126,0.0
2026-01-24,1.18123,1.18348,1.18108,1.18247,0.0
2026-01-25,1.18244,1.1865,1.18056,1.18545,0.0
2026-01-26,1.1854,1.19084,1.18356,1.18798,0.0
2026-01-27,1.18794,1.19908,1.1851,1.19773,0.0
2026-01-28,1.19771,1.20656,1.18966,1.19407,0.0
2026-01-29,1.19402,1.19941,1.19073,1.19525,0.0
2026-01-30,1.19524,1.19744,1.18533,1.18686,0.0
2026-01-31,1.18683,1.18689,1.18503,1.18539,0.0
2026-02-01,1.18537,1.18739,1.18364,1.18533,0.0
2026-02-02,1.18534,1.18745,1.17758,1.17897,0.0
2026-02-03,1.17899,1.18282,1.178,1.18154,0.0
2026-02-04,1.18156,1.18375,1.17918,1.18095,0.0
2026-02-05,1.18093,1.1821,1.1781,1.17946,0.0
2026-02-06,1.17946,1.18255,1.17673,1.18195,0.0
2026-02-07,1.18192,1.18276,1.18073,1.18188,0.0
2026-02-08,1.18186,1.18204,1.18147,1.18147,0.0
2026-02-09,1.18145,1.19262,1.18098,1.19201,0.0
2026-02-10,1.19198,1.19271,1.18879,1.19017,0.0
2026-02-11,1.19015,1.19268,1.18387,1.18801,0.0
2026-02-12,1.18799,1.18897,1.18535,1.18702,0.0
2026-02-13,1.18701,1.18862,1.18485,1.18672,0.0
2026-02-14,1.18672,1.18798,1.18451,1.18495,0.0
2026-02-15,1.18494,1.18969,1.18405,1.18711,0.0
2026-02-16,1.1871,1.18794,1.18465,1.18542,0.0
2026-02-17,1.18541,1.18558,1.18058,1.18483,0.0
2026-02-18,1.18483,1.1858,1.17836,1.1787,0.0
2026-02-19,1.1787,1.18079,1.17428,1.17636,0.0
2026-02-20,1.17636,1.18064,1.17448,1.1781,0.0
2026-02-21,1.17811,1.17925,1.17784,1.17834,0.0
2026-02-22,1.17835,1.17954,1.17752,1.17865,0.0
2026-02-23,1.17866,1.18375,1.17752,1.17914,0.0
2026-02-24,1.17914,1.17963,1.17671,1.17794,0.0
2026-02-25,1.17794,1.18147,1.17712,1.18073,0.0
2026-02-26,1.18073,1.18288,1.1774,1.17976,0.0
2026-02-27,1.17976,1.18263,1.17899,1.18192,0.0
2026-02-28,1.18194,1.18262,1.1805,1.18163,0.0
2026-03-01,1.18164,1.18177,1.17502,1.17839,0.0
2026-03-02,1.1785,1.1797,1.16731,1.1712,0.0
2026-03-03,1.1712,1.1713,1.15316,1.16142,0.0
2026-03-04,1.16141,1.16542,1.15767,1.16402,0.0
2026-03-05,1.16403,1.16469,1.1561,1.1572,0.0
2026-03-06,1.15722,1.16213,1.1547,1.16032,0.0
2026-03-07,1.16031,1.1624,1.15969,1.1619,0.0
2026-03-08,1.16191,1.16214,1.15514,1.15694,0.0
2026-03-09,1.15678,1.16302,1.15085,1.16109,0.0
2026-03-10,1.16111,1.16684,1.16079,1.16146,0.0
2026-03-11,1.16145,1.16426,1.15637,1.15735,0.0
2026-03-12,1.15734,1.15754,1.15113,1.15159,0.0
2026-03-13,1.15157,1.15292,1.14206,1.14224,0.0
2026-03-14,1.14223,1.14722,1.14113,1.1455,0.0
2026-03-15,1.14551,1.14707,1.13515,1.14237,0.0
2026-03-16,1.14234,1.15237,1.14146,1.15071,0.0
2026-03-17,1.15074,1.15475,1.1468,1.15348,0.0
2026-03-18,1.1535,1.1554,1.14693,1.14696,0.0
2026-03-19,1.14695,1.16164,1.14437,1.15802,0.0
2026-03-20,1.158,1.15975,1.15257,1.15578,0.0
2026-03-21,1.15579,1.1617,1.15578,1.15868,0.0
2026-03-22,1.15867,1.15951,1.15237,1.15448,0.0
2026-03-23,1.15452,1.16393,1.14832,1.16148,0.0
2026-03-24,1.16146,1.16177,1.15595,1.15855,0.0
2026-03-25,1.15854,1.163,1.15553,1.15625,0.0
2026-03-26,1.15624,1.15727,1.15225,1.15227,0.0
2026-03-27,1.15225,1.15491,1.1502,1.1518,0.0
2026-03-28,1.15178,1.15542,1.15079,1.15393,0.0
2026-03-29,1.15391,1.15428,1.14874,1.15007,0.0
2026-03-30,1.15005,1.1521,1.14451,1.14592,0.0
2026-03-31,1.1459,1.15593,1.14496,1.15593,0.0
2026-04-01,1.15591,1.1626,1.15522,1.15851,0.0
2026-04-02,1.15849,1.15995,1.15093,1.15349,0.0
2026-04-03,1.15347,1.15482,1.15141,1.15147,0.0
2026-04-04,1.15145,1.15256,1.15133,1.15204,0.0
2026-04-05,1.15201,1.15313,1.144,1.15201,0.0
2026-04-06,1.15199,1.15702,1.15066,1.15432,0.0
2026-04-07,1.1543,1.16044,1.15261,1.15976,0.0
2026-04-08,1.15976,1.17208,1.15948,1.16627,0.0
2026-04-09,1.16625,1.17231,1.16511,1.16993,0.0
2026-04-10,1.16989,1.17393,1.1678,1.17259,0.0
2026-04-11,1.17258,1.17287,1.17161,1.17257,0.0
2026-04-12,1.17254,1.17312,1.16594,1.1688,0.0
2026-04-13,1.1688,1.17654,1.16652,1.17595,0.0
2026-04-14,1.17593,1.1811,1.17558,1.1796,0.0
2026-04-15,1.17956,1.18086,1.17734,1.17998,0.0
2026-04-16,1.17996,1.18243,1.17676,1.17827,0.0
2026-04-17,1.17827,1.18488,1.1763,1.17646,0.0
2026-04-18,1.17643,1.17969,1.17601,1.17727,0.0
2026-04-19,1.17725,1.17804,1.17303,1.17416,0.0
2026-04-20,1.1741,1.17901,1.17299,1.17877,0.0
2026-04-21,1.17874,1.1791,1.17161,1.17438,0.0
2026-04-22,1.17436,1.17603,1.17035,1.17066,0.0
2026-04-23,1.17066,1.1716,1.16714,1.16831,0.0
2026-04-24,1.16829,1.1723,1.16738,1.17191,0.0
2026-04-25,1.17187,1.1726,1.17167,1.17222,0.0
2026-04-26,1.17221,1.17296,1.16867,1.16981,0.0
2026-04-27,1.16986,1.1755,1.16901,1.1721,0.0
2026-04-28,1.17208,1.17272,1.16785,1.17132,0.0
2026-04-29,1.17132,1.17208,1.16636,1.16755,0.0
2026-04-30,1.16754,1.17405,1.1656,1.17323,0.0
2026-05-01,1.17317,1.17844,1.1716,1.17195,0.0
2026-05-02,1.17206,1.17266,1.17176,1.17232,0.0
2026-05-03,1.17232,1.17604,1.17168,1.17326,0.0
2026-05-04,1.17392,1.17511,1.1681,1.16915,0.0
2026-05-05,1.16912,1.17136,1.16769,1.16931,0.0
2026-05-06,1.16933,1.1796,1.1692,1.17489,0.0
2026-05-07,1.17489,1.17783,1.17242,1.17243,0.0
2026-05-08,1.17243,1.17881,1.17233,1.17842,0.0
2026-05-09,1.17847,1.1793,1.17579,1.1787,0.0
2026-05-10,1.17867,1.18088,1.17451,1.17759,0.0
2026-05-11,1.17621,1.17883,1.17492,1.17827,0.0
2026-05-12,1.17825,1.17883,1.17233,1.17409,0.0
2026-05-13,1.17406,1.17429,1.16963,1.17139,0.0
2026-05-14,1.17139,1.17215,1.16664,1.16698,0.0
2026-05-15,1.16692,1.16743,1.16174,1.16254,0.0
2026-05-16,1.1625,1.16261,1.16225,1.16244,0.0
2026-05-17,1.16245,1.1632,1.1613,1.16245,0.0
2026-05-18,1.16246,1.16607,1.1609,1.16564,0.0
2026-05-19,1.16559,1.16621,1.15926,1.16071,0.0
2026-05-20,1.16068,1.16518,1.15833,1.1626,0.0
2026-05-21,1.16257,1.16361,1.15774,1.16179,0.0
2026-05-22,1.16174,1.16232,1.15888,1.16031,0.0
2026-05-23,1.16028,1.16098,1.15989,1.16024,0.0
2026-05-24,1.16025,1.16629,1.15864,1.1616,0.0
2026-05-25,1.16306,1.16531,1.15907,1.16434,0.0
2026-05-26,1.16435,1.16451,1.16167,1.16322,0.0
2026-05-27,1.16318,1.16614,1.16226,1.16258,0.0
2026-05-28,1.16261,1.166,1.15865,1.16501,0.0
2026-05-29,1.16499,1.16857,1.16256,1.16613,0.0
2026-05-30,1.16608,1.16623,1.16579,1.16595,0.0
2026-05-31,1.16595,1.1667,1.16543,1.16593,0.0
2026-06-01,1.16576,1.1665,1.16075,1.16325,0.0
2026-06-02,1.16323,1.16553,1.16139,1.16318,0.0
2026-06-03,1.16317,1.16335,1.1595,1.15984,0.0
2026-06-04,1.15987,1.16451,1.15949,1.16109,0.0
2026-06-05,1.16115,1.16448,1.15181,1.15226,0.0
2026-06-06,1.15213,1.15262,1.15199,1.15217,0.0
2026-06-07,1.15217,1.15264,1.15099,1.1521,0.0
2026-06-08,1.15171,1.15548,1.15002,1.15328,0.0
2026-06-09,1.15327,1.15781,1.15272,1.15442,0.0
2026-06-10,1.15441,1.1573,1.15332,1.15361,0.0
2026-06-11,1.15359,1.1588,1.15028,1.1579,0.0
2026-06-12,1.15792,1.15892,1.15568,1.15676,0.0
2026-06-13,1.15675,1.15797,1.1563,1.15698,0.0
2026-06-14,1.15697,1.15852,1.15576,1.15582,0.0
2026-06-15,1.15587,1.16222,1.15587,1.15898,0.0
2026-06-16,1.15896,1.16194,1.15746,1.16087,0.0
2026-06-17,1.16086,1.16169,1.14778,1.15021,0.0
2026-06-18,1.15016,1.15297,1.14513,1.14578,0.0
2026-06-19,1.14576,1.14812,1.1418,1.1471,0.0
2026-06-20,1.14738,1.14813,1.14679,1.14764,0.0
2026-06-21,1.14762,1.1483,1.14471,1.14687,0.0
2026-06-22,1.14656,1.14767,1.14192,1.14291,0.0
2026-06-23,1.14289,1.14386,1.1376,1.13822,0.0
2026-06-24,1.13819,1.13848,1.13239,1.13586,0.0
2026-06-25,1.1359,1.13899,1.13336,1.13709,0.0
2026-06-26,1.13708,1.14331,1.13545,1.13864,0.0
2026-06-27,1.13855,1.13969,1.13808,1.13892,0.0
2026-06-28,1.13889,1.13967,1.1379,1.13951,0.0
2026-06-29,1.1394,1.14309,1.13812,1.14248,0.0
2026-06-30,1.14245,1.14347,1.13827,1.14218,0.0
2026-07-01,1.14215,1.14259,1.13609,1.13786,0.0
2026-07-02,1.13784,1.1473,1.13753,1.14342,0.0
2026-07-03,1.14339,1.14621,1.14209,1.14363,0.0
2026-07-04,1.1437,1.14458,1.14326,1.14383,0.0
2026-07-05,1.14381,1.14658,1.14241,1.14428,0.0
2026-07-06,1.14424,1.14459,1.14094,1.14412,0.0
2026-07-07,1.14409,1.14483,1.14077,1.14121,0.0
2026-07-08,1.14119,1.14317,1.13915,1.14169,0.0
2026-07-09,1.14167,1.14494,1.1416,1.14307,0.0
2026-07-10,1.14304,1.14605,1.14116,1.14156,0.0
2026-07-11,1.14154,1.14237,1.14051,1.14176,0.0
2026-07-12,1.14174,1.14301,1.13998,1.14108,0.0
2026-07-13,1.141,1.14457,1.1378,1.13805,0.0
2026-07-14,1.13803,1.1462,1.13784,1.14211,0.0
2026-07-15,1.14212,1.14818,1.14068,1.14633,0.0
2026-07-16,1.14634,1.1477,1.14313,1.14431,0.0
2026-07-17,1.14437,1.14522,1.14239,1.14377,0.0
2026-07-18,1.14376,1.1442,1.14367,1.14387,0.0
2026-07-19,1.14385,1.1449,1.14089,1.14316,0.0
2026-07-20,1.14319,1.14496,1.14033,1.14146,0.0
2026-07-21,1.14144,1.1429,1.13976,1.13979,0.0
2026-07-22,1.13981,1.14218,1.1398,1.14128,0.0
2026-07-23,1.14126,1.14363,1.13645,1.13779,0.0
2026-07-24,1.13778,1.14,1.13654,1.13723,0.0
2026-07-25,1.13722,1.1379,1.13701,1.13742,0.0
2026-07-26,1.13742,1.14024,1.13636,1.13902,0.0
2026-07-27,1.13876,1.14176,1.13665,1.13681,0.0
2026-07-28,1.13681,1.14054,1.13542,1.13866,0.0
2026-07-29,1.13866,1.14705,1.13753,1.1467,0.0
2026-07-30,1.14677,1.15363,1.1435,1.15276,0.0
2026-07-31,1.15279,1.15463,1.14565,1.15304,0.0
2026-08-01,1.15321,1.15407,1.15251,1.15332,0.0
2026-08-02,1.15333,1.15587,1.15201,1.15318,0.0
2026-08-03,1.15451,1.15593,1.15018,1.15085,0.0
2026-08-04,1.15088,1.15344,1.1503,1.15332,0.0
2026-08-05,1.15331,1.15597,1.15262,1.15542,0.0
2026-08-06,1.15539,1.15598,1.1515,1.15244,0.0
2026-08-07,1.15241,1.15802,1.15172,1.15596,0.0
2026-08-08,1.15592,1.15627,1.15574,1.15587,0.0
2026-08-09,1.15589,1.159,1.15261,1.15588,0.0
2026-08-10,1.15609,1.15668,1.154,1.15432,0.0
2026-08-11,1.1543,1.15502,1.15314,1.15432,0.0
2026-08-12,1.15429,1.15622,1.15197,1.15247,0.0
2026-08-13,1.15251,1.15455,1.1512,1.15291,0.0
2026-08-14,1.15297,1.15853,1.15267,1.15705,0.0
2026-08-15,1.15702,1.15722,1.15659,1.15691,0.0
2026-08-16,1.15689,1.15858,1.15123,1.15666,0.0
2026-08-17,1.15671,1.16161,1.15644,1.15801,0.0
2026-08-18,1.15796,1.15884,1.15672,1.15769,0.0
2026-08-19,1.15764,1.16796,1.15703,1.1678,0.0
2026-08-20,1.1678,1.17109,1.16699,1.16791,0.0
2026-08-21,1.1679,1.17108,1.16694,1.16764,0.0
2026-08-22,1.16764,1.16933,1.16715,1.16788,0.0
2026-08-23,1.16788,1.16928,1.16584,1.16761,0.0
2026-08-24,1.16763,1.16872,1.1655,1.16643,0.0
2026-08-25,1.16643,1.16796,1.16515,1.16747,0.0
2026-08-26,1.16752,1.16783,1.16421,1.1654,0.0
2026-08-27,1.16539,1.16599,1.1637,1.16522,0.0
2026-08-28,1.16519,1.16558,1.15781,1.15831,0.0
2026-08-29,1.15829,1.15926,1.15675,1.15836,0.0
2026-08-30,1.15834,1.16112,1.14898,1.15827,0.0
2026-08-31,1.15814,1.16206,1.15781,1.16174,0.0
2026-09-01,1.1617,1.16245,1.15853,1.1593,0.0
2026-09-02,1.15929,1.16067,1.15667,1.15884,0.0
2026-09-03,1.15882,1.16412,1.15841,1.16258,0.0
2026-09-04,1.1626,1.16336,1.15848,1.16144,0.0
2026-09-05,1.16142,1.16226,1.1612,1.16168,0.0
2026-09-06,1.16163,1.16423,1.15985,1.16138,0.0
2026-09-07,1.16141,1.16354,1.1607,1.16233,0.0
2026-09-08,1.1623,1.16362,1.16085,1.16242,0.0
2026-09-09,1.1624,1.16439,1.1623,1.16436,0.0
