Date,Open,High,Low,Close,Volume
2024-09-09 07:00:00,1.10871,1.10916,1.10742,1.10757,0.0
2024-09-09 15:00:00,1.10759,1.10763,1.10354,1.10392,0.0
2024-09-09 23:00:00,1.10397,1.10542,1.1033,1.10353,0.0
2024-09-10 07:00:00,1.10363,1.10425,1.10281,1.10401,0.0
2024-09-10 15:00:00,1.104,1.105,1.10262,1.10295,0.0
2024-09-10 23:00:00,1.10299,1.10351,1.10147,1.10196,0.0
2024-09-11 07:00:00,1.10193,1.10475,1.1016,1.10465,0.0
2024-09-11 15:00:00,1.10468,1.10551,1.1003,1.10176,0.0
2024-09-11 23:00:00,1.10163,1.10271,1.10017,1.10119,0.0
2024-09-12 07:00:00,1.10133,1.10179,1.10057,1.10169,0.0
2024-09-12 15:00:00,1.10163,1.10329,1.10051,1.10256,0.0
2024-09-12 23:00:00,1.10251,1.1077,1.10244,1.10745,0.0
2024-09-13 07:00:00,1.10738,1.10906,1.10689,1.10844,0.0
2024-09-13 15:00:00,1.10845,1.1101,1.10727,1.10929,0.0
2024-09-13 23:00:00,1.10932,1.11023,1.10713,1.10765,0.0
2024-09-16 07:00:00,1.1087,1.11053,1.10847,1.10972,0.0
2024-09-16 15:00:00,1.10971,1.11333,1.10955,1.11251,0.0
2024-09-16 23:00:00,1.11249,1.11379,1.11159,1.11329,0.0
2024-09-17 07:00:00,1.11328,1.1134,1.11216,1.11245,0.0
2024-09-17 15:00:00,1.11244,1.11467,1.11155,1.11248,0.0
2024-09-17 23:00:00,1.11249,1.11286,1.11108,1.11133,0.0
2024-09-18 07:00:00,1.1115,1.11309,1.11114,1.11202,0.0
2024-09-18 15:00:00,1.11201,1.11402,1.11151,1.11224,0.0
2024-09-18 23:00:00,1.11223,1.11896,1.10965,1.11182,0.0
2024-09-19 07:00:00,1.11143,1.11244,1.10683,1.11204,0.0
2024-09-19 15:00:00,1.11203,1.11792,1.112,1.11261,0.0
2024-09-19 23:00:00,1.1126,1.11683,1.11163,1.11617,0.0
2024-09-20 07:00:00,1.11635,1.11697,1.1157,1.11651,0.0
2024-09-20 15:00:00,1.11652,1.11822,1.11522,1.11744,0.0
2024-09-20 23:00:00,1.11743,1.11765,1.11359,1.11633,0.0
2024-09-23 07:00:00,1.11624,1.11654,1.11556,1.11637,0.0
2024-09-23 15:00:00,1.11636,1.11677,1.1083,1.11225,0.0
2024-09-23 23:00:00,1.11226,1.11438,1.11094,1.11114,0.0
2024-09-24 07:00:00,1.11152,1.11197,1.11031,1.1117,0.0
2024-09-24 15:00:00,1.11172,1.11482,1.11041,1.1141,0.0
2024-09-24 23:00:00,1.11409,1.1181,1.11323,1.11805,0.0
2024-09-25 07:00:00,1.11795,1.1199,1.11775,1.1196,0.0
2024-09-25 15:00:00,1.1196,1.1208,1.1178,1.1193,0.0
2024-09-25 23:00:00,1.12054,1.12084,1.11212,1.11327,0.0
2024-09-26 07:00:00,1.11332,1.11458,1.11274,1.11419,0.0
2024-09-26 15:00:00,1.11417,1.11659,1.11254,1.11512,0.0
2024-09-26 23:00:00,1.11513,1.11897,1.11254,1.1177,0.0
2024-09-27 07:00:00,1.11772,1.11829,1.11621,1.11647,0.0
2024-09-27 15:00:00,1.11647,1.12021,1.11245,1.11998,0.0
2024-09-27 23:00:00,1.11995,1.12034,1.11461,1.11639,0.0
2024-09-30 07:00:00,1.1171,1.11744,1.11559,1.11617,0.0
2024-09-30 15:00:00,1.11618,1.12094,1.11557,1.11898,0.0
2024-09-30 23:00:00,1.11899,1.11917,1.11133,1.11351,0.0
2024-10-01 07:00:00,1.11343,1.11438,1.11268,1.11406,0.0
2024-10-01 15:00:00,1.11408,1.11444,1.10699,1.10712,0.0
2024-10-01 23:00:00,1.10712,1.10872,1.10456,1.10679,0.0
2024-10-02 07:00:00,1.10676,1.10747,1.106,1.10631,0.0
2024-10-02 15:00:00,1.10629,1.10833,1.10506,1.10536,0.0
2024-10-02 23:00:00,1.10537,1.10661,1.10324,1.10451,0.0
2024-10-03 07:00:00,1.10454,1.10518,1.10317,1.1033,0.0
2024-10-03 15:00:00,1.10331,1.10491,1.10245,1.10322,0.0
2024-10-03 23:00:00,1.1032,1.10441,1.1008,1.1032,0.0
2024-10-04 07:00:00,1.10327,1.10401,1.10249,1.10278,0.0
2024-10-04 15:00:00,1.10279,1.10373,1.09588,1.096097,0.0
2024-10-04 23:00:00,1.096083,1.09822,1.0951,1.097555,0.0
2024-10-07 07:00:00,1.0971,1.09781,1.0964,1.097217,0.0
2024-10-07 15:00:00,1.097208,1.09811,1.09539,1.09769,0.0
2024-10-07 23:00:00,1.097717,1.09873,1.09653,1.097242,0.0
2024-10-08 07:00:00,1.097233,1.09872,1.09683,1.09834,0.0
2024-10-08 15:00:00,1.09833,1.09975,1.09782,1.09878,0.0
2024-10-08 23:00:00,1.09876,1.09903,1.09606,1.097787,0.0
2024-10-09 07:00:00,1.097768,1.09854,1.09664,1.096782,0.0
2024-10-09 15:00:00,1.096788,1.09765,1.09507,1.09542,0.0
2024-10-09 23:00:00,1.095413,1.09603,1.09358,1.093857,0.0
2024-10-10 07:00:00,1.093878,1.09469,1.09354,1.094358,0.0
2024-10-10 15:00:00,1.094348,1.09451,1.09267,1.0931,0.0
2024-10-10 23:00:00,1.0931,1.09578,1.08997,1.093443,0.0
2024-10-11 07:00:00,1.093473,1.09411,1.09249,1.09397,0.0
2024-10-11 15:00:00,1.09397,1.09542,1.09271,1.09309,0.0
2024-10-11 23:00:00,1.0931,1.09528,1.09258,1.093328,0.0
2024-10-12 07:00:00,1.093317,1.09408,1.0932,1.09355,0.0
2024-10-14 07:00:00,1.09307,1.09325,1.0915,1.092577,0.0
2024-10-14 15:00:00,1.092553,1.09371,1.09088,1.09128,0.0
2024-10-14 23:00:00,1.09126,1.09277,1.08877,1.090397,0.0
2024-10-15 07:00:00,1.090377,1.09146,1.08954,1.08966,0.0
2024-10-15 15:00:00,1.08964,1.09167,1.08845,1.090098,0.0
2024-10-15 23:00:00,1.09012,1.09172,1.08815,1.088668,0.0
2024-10-16 07:00:00,1.088688,1.08961,1.08817,1.089097,0.0
2024-10-16 15:00:00,1.089097,1.08977,1.08749,1.08944,0.0
2024-10-16 23:00:00,1.08944,1.09019,1.0853,1.085792,0.0
2024-10-17 07:00:00,1.085778,1.08811,1.08509,1.08531,0.0
2024-10-17 15:00:00,1.085303,1.08678,1.08486,1.08634,0.0
2024-10-17 23:00:00,1.08632,1.08743,1.08107,1.08281,0.0
2024-10-18 07:00:00,1.08279,1.08401,1.0825,1.08387,0.0
2024-10-18 15:00:00,1.08388,1.08523,1.08338,1.08483,0.0
2024-10-18 23:00:00,1.08482,1.08687,1.08462,1.086387,0.0
2024-10-19 07:00:00,1.086372,1.08714,1.08626,1.08675,0.0
2024-10-21 07:00:00,1.08671,1.08722,1.08634,1.08664,0.0
2024-10-21 15:00:00,1.08663,1.08667,1.08443,1.085587,0.0
2024-10-21 23:00:00,1.085577,1.08595,1.08108,1.081538,0.0
2024-10-22 07:00:00,1.081523,1.08223,1.08112,1.081923,0.0
2024-10-22 15:00:00,1.081913,1.08385,1.08139,1.081767,0.0
2024-10-22 23:00:00,1.081758,1.08221,1.07938,1.079497,0.0
2024-10-23 07:00:00,1.079467,1.0806,1.07919,1.080237,0.0
2024-10-23 15:00:00,1.080227,1.0807,1.07628,1.076332,0.0
2024-10-23 23:00:00,1.07634,1.0787,1.0761,1.07858,0.0
2024-10-24 07:00:00,1.07859,1.07903,1.07786,1.07868,0.0
2024-10-24 15:00:00,1.078698,1.08086,1.07704,1.07951,0.0
2024-10-24 23:00:00,1.07953,1.08294,1.07869,1.082867,0.0
2024-10-25 07:00:00,1.08292,1.08314,1.08199,1.08218,0.0
2024-10-25 15:00:00,1.082193,1.08377,1.08133,1.08215,0.0
2024-10-25 23:00:00,1.08215,1.084,1.07928,1.079557,0.0
2024-10-26 07:00:00,1.07959,1.07995,1.07924,1.07958,0.0
2024-10-28 07:00:00,1.07949,1.08021,1.07817,1.078302,0.0
2024-10-28 15:00:00,1.078302,1.08218,1.07818,1.08196,0.0
2024-10-28 23:00:00,1.08194,1.08281,1.08097,1.081517,0.0
2024-10-29 07:00:00,1.081538,1.08198,1.08058,1.080808,0.0
2024-10-29 15:00:00,1.080807,1.08268,1.07964,1.079915,0.0
2024-10-29 23:00:00,1.079895,1.08167,1.07685,1.081408,0.0
2024-10-30 07:00:00,1.08139,1.08265,1.08102,1.081433,0.0
2024-10-30 15:00:00,1.081422,1.08599,1.08127,1.082445,0.0
2024-10-30 23:00:00,1.08242,1.08718,1.08066,1.08602,0.0
2024-10-31 07:00:00,1.08607,1.08626,1.08437,1.085,0.0
2024-10-31 15:00:00,1.08499,1.08759,1.08448,1.086785,0.0
2024-10-31 23:00:00,1.086847,1.08887,1.08457,1.087737,0.0
2024-11-01 07:00:00,1.087753,1.08891,1.08748,1.08766,0.0
2024-11-01 15:00:00,1.08763,1.08794,1.0852,1.0868,0.0
2024-11-01 23:00:00,1.08681,1.09062,1.08339,1.083588,0.0
2024-11-02 07:00:00,1.083592,1.08378,1.08298,1.08336,0.0
2024-11-04 07:00:00,1.08798,1.09053,1.08694,1.090158,0.0
2024-11-04 15:00:00,1.09015,1.09146,1.08868,1.091357,0.0
2024-11-04 23:00:00,1.091347,1.09153,1.08773,1.08789,0.0
2024-11-05 07:00:00,1.08789,1.08858,1.08721,1.087592,0.0
2024-11-05 15:00:00,1.08758,1.09022,1.0874,1.089955,0.0
2024-11-05 23:00:00,1.08998,1.0937,1.08866,1.09312,0.0
2024-11-06 07:00:00,1.09312,1.09378,1.07179,1.074717,0.0
2024-11-06 15:00:00,1.074667,1.07953,1.07008,1.070817,0.0
2024-11-06 23:00:00,1.070813,1.07586,1.06821,1.073533,0.0
2024-11-07 07:00:00,1.073548,1.07419,1.07125,1.073997,0.0
2024-11-07 15:00:00,1.073993,1.0772,1.07339,1.0759,0.0
2024-11-07 23:00:00,1.07592,1.08256,1.07563,1.078193,0.0
2024-11-08 07:00:00,1.0782,1.08105,1.07766,1.07781,0.0
2024-11-08 15:00:00,1.0778,1.07979,1.07607,1.07831,0.0
2024-11-08 23:00:00,1.07832,1.07848,1.06866,1.071368,0.0
2024-11-09 07:00:00,1.071347,1.07227,1.07101,1.07192,0.0
2024-11-11 07:00:00,1.07098,1.07283,1.07057,1.071687,0.0
2024-11-11 15:00:00,1.071662,1.07226,1.06553,1.066257,0.0
2024-11-11 23:00:00,1.066272,1.06651,1.06283,1.06513,0.0
2024-11-12 07:00:00,1.06515,1.06637,1.06376,1.06384,0.0
2024-11-12 15:00:00,1.06384,1.06462,1.06108,1.06188,0.0
2024-11-12 23:00:00,1.0619,1.06277,1.05946,1.06125,0.0
2024-11-13 07:00:00,1.06123,1.06299,1.06091,1.061917,0.0
2024-11-13 15:00:00,1.061908,1.06386,1.05929,1.063762,0.0
2024-11-13 23:00:00,1.063808,1.06577,1.05553,1.056585,0.0
2024-11-14 07:00:00,1.056555,1.05692,1.0545,1.05478,0.0
2024-11-14 15:00:00,1.05479,1.05584,1.04956,1.05293,0.0
2024-11-14 23:00:00,1.0529,1.05829,1.05129,1.054782,0.0
2024-11-15 07:00:00,1.054793,1.05502,1.05116,1.05404,0.0
2024-11-15 15:00:00,1.05403,1.05804,1.05334,1.05772,0.0
2024-11-15 23:00:00,1.05771,1.05936,1.05228,1.053727,0.0
2024-11-16 07:00:00,1.053717,1.05457,1.0516,1.05414,0.0
2024-11-18 07:00:00,1.05316,1.05512,1.05291,1.05344,0.0
2024-11-18 15:00:00,1.053418,1.05716,1.05323,1.05424,0.0
2024-11-18 23:00:00,1.05424,1.06076,1.05343,1.059092,0.0
2024-11-19 07:00:00,1.059098,1.06026,1.05867,1.05968,0.0
2024-11-19 15:00:00,1.0597,1.06011,1.05229,1.05618,0.0
2024-11-19 23:00:00,1.05621,1.06016,1.05593,1.059375,0.0
2024-11-20 07:00:00,1.05936,1.06104,1.05882,1.05899,0.0
2024-11-20 15:00:00,1.058978,1.0596,1.05418,1.0554,0.0
2024-11-20 23:00:00,1.05547,1.05684,1.05065,1.0539,0.0
2024-11-21 07:00:00,1.05394,1.05536,1.0536,1.05533,0.0
2024-11-21 15:00:00,1.05533,1.05554,1.05135,1.05202,0.0
2024-11-21 23:00:00,1.05202,1.05451,1.04618,1.04845,0.0
2024-11-22 07:00:00,1.04845,1.04873,1.0466,1.047503,0.0
2024-11-22 15:00:00,1.04748,1.04987,1.03284,1.041678,0.0
2024-11-22 23:00:00,1.041698,1.04351,1.03918,1.0411,0.0
2024-11-23 07:00:00,1.0411,1.04239,1.04078,1.04192,0.0
2024-11-25 07:00:00,1.04823,1.0502,1.04608,1.0478,0.0
2024-11-25 15:00:00,1.04779,1.04976,1.04486,1.047947,0.0
2024-11-25 23:00:00,1.047963,1.05307,1.04662,1.05056,0.0
2024-11-26 07:00:00,1.05055,1.05099,1.04248,1.04781,0.0
2024-11-26 15:00:00,1.047808,1.05213,1.04696,1.051337,0.0
2024-11-26 23:00:00,1.051318,1.05452,1.04569,1.04729,0.0
2024-11-27 07:00:00,1.04729,1.04971,1.04714,1.04829,0.0
2024-11-27 15:00:00,1.04829,1.05408,1.04741,1.05262,0.0
2024-11-27 23:00:00,1.05263,1.05881,1.05197,1.05626,0.0
2024-11-28 07:00:00,1.05628,1.05735,1.0547,1.055238,0.0
2024-11-28 15:00:00,1.05529,1.05585,1.05272,1.05,0.0
2024-11-28 23:00:00,1.06,1.05575,1.05299,1.055683,0.0
2024-11-29 07:00:00,1.055683,1.05764,1.05454,1.05738,0.0
2024-11-29 15:00:00,1.05737,1.05976,1.05516,1.056223,0.0
2024-11-29 23:00:00,1.05628,1.05805,1.05412,1.057972,0.0
2024-11-30 07:00:00,1.057967,1.0585,1.05729,1.05777,0.0
2024-12-02 07:00:00,1.05754,1.05796,1.05196,1.052357,0.0
2024-12-02 15:00:00,1.052347,1.05376,1.04956,1.052307,0.0
2024-12-02 23:00:00,1.052293,1.05389,1.04602,1.049043,0.0
2024-12-03 07:00:00,1.049018,1.05164,1.0482,1.04905,0.0
2024-12-03 15:00:00,1.049037,1.05312,1.04803,1.052283,0.0
2024-12-03 23:00:00,1.052283,1.05355,1.04918,1.05048,0.0
2024-12-04 07:00:00,1.0505,1.05131,1.04875,1.049373,0.0
2024-12-04 15:00:00,1.049368,1.05295,1.04823,1.05049,0.0
2024-12-04 23:00:00,1.05048,1.05446,1.0472,1.0514,0.0
2024-12-05 07:00:00,1.05141,1.05237,1.05045,1.05229,0.0
2024-12-05 15:00:00,1.05229,1.05468,1.05173,1.05362,0.0
2024-12-05 23:00:00,1.05367,1.05902,1.05236,1.058772,0.0
2024-12-06 07:00:00,1.0588,1.05917,1.05655,1.057603,0.0
2024-12-06 15:00:00,1.057592,1.05946,1.05671,1.058717,0.0
2024-12-06 23:00:00,1.058708,1.06304,1.0542,1.05544,0.0
2024-12-07 07:00:00,1.05547,1.05719,1.05536,1.0568,0.0
2024-12-09 07:00:00,1.05592,1.05706,1.05365,1.053757,0.0
2024-12-09 15:00:00,1.053748,1.05858,1.05317,1.05689,0.0
2024-12-09 23:00:00,1.05689,1.05948,1.05514,1.055527,0.0
2024-12-10 07:00:00,1.055537,1.0562,1.05449,1.055623,0.0
2024-12-10 15:00:00,1.055662,1.05685,1.05228,1.05315,0.0
2024-12-10 23:00:00,1.05316,1.05341,1.0498,1.05268,0.0
2024-12-11 07:00:00,1.05268,1.05397,1.05234,1.05283,0.0
2024-12-11 15:00:00,1.05282,1.05308,1.04869,1.0503,0.0
2024-12-11 23:00:00,1.05036,1.05379,1.04799,1.04913,0.0
2024-12-12 07:00:00,1.0492,1.05093,1.04877,1.050575,0.0
2024-12-12 15:00:00,1.050533,1.05313,1.04941,1.05026,0.0
2024-12-12 23:00:00,1.05026,1.05215,1.04634,1.04728,0.0
2024-12-13 07:00:00,1.04727,1.04813,1.04593,1.046032,0.0
2024-12-13 15:00:00,1.046023,1.04964,1.04527,1.048887,0.0
2024-12-13 23:00:00,1.04888,1.05246,1.04819,1.04947,0.0
2024-12-14 07:00:00,1.049532,1.05072,1.04924,1.05031,0.0
2024-12-16 07:00:00,1.04865,1.05234,1.04838,1.051192,0.0
2024-12-16 15:00:00,1.051203,1.05255,1.04831,1.04908,0.0
2024-12-16 23:00:00,1.04909,1.05231,1.04734,1.051,0.0
2024-12-17 07:00:00,1.05102,1.0535,1.05063,1.05123,0.0
2024-12-17 15:00:00,1.05124,1.05129,1.04789,1.049148,0.0
2024-12-17 23:00:00,1.049157,1.05164,1.04878,1.048852,0.0
2024-12-18 07:00:00,1.048847,1.05041,1.04849,1.04992,0.0
2024-12-18 15:00:00,1.04991,1.05131,1.04871,1.04967,0.0
2024-12-18 23:00:00,1.04967,1.05036,1.0373,1.03774,0.0
2024-12-19 07:00:00,1.037723,1.03913,1.03436,1.037843,0.0
2024-12-19 15:00:00,1.037818,1.04227,1.03744,1.040353,0.0
2024-12-19 23:00:00,1.040353,1.04145,1.03543,1.03614,0.0
2024-12-20 07:00:00,1.03615,1.03698,1.03583,1.03619,0.0
2024-12-20 15:00:00,1.036207,1.03989,1.03426,1.039178,0.0
2024-12-20 23:00:00,1.03918,1.04479,1.03857,1.044482,0.0
2024-12-21 07:00:00,1.04448,1.04476,1.04216,1.04297,0.0
2024-12-23 07:00:00,1.043265,1.04435,1.04257,1.04394,0.0
2024-12-23 15:00:00,1.04394,1.04458,1.03862,1.04,0.0
2024-12-23 23:00:00,1.04,1.04184,1.03839,1.041157,0.0
2024-12-24 07:00:00,1.041133,1.04149,1.03883,1.03909,0.0
2024-12-24 15:00:00,1.0391,1.04059,1.03889,1.039477,0.0
2024-12-24 23:00:00,1.039502,1.0404,1.03887,1.039122,0.0
2024-12-26 07:00:00,1.04049,1.04086,1.03926,1.04009,0.0
2024-12-26 15:00:00,1.04008,1.04035,1.03901,1.04012,0.0
2024-12-26 23:00:00,1.04014,1.04305,1.03925,1.041793,0.0
2024-12-27 07:00:00,1.041762,1.04274,1.04063,1.041273,0.0
2024-12-27 15:00:00,1.041273,1.04412,1.04047,1.043907,0.0
2024-12-27 23:00:00,1.043903,1.04446,1.04141,1.042848,0.0
2024-12-28 07:00:00,1.042852,1.0431,1.04204,1.04259,0.0
2024-12-30 07:00:00,1.04304,1.04367,1.04206,1.042468,0.0
2024-12-30 15:00:00,1.042458,1.04527,1.04091,1.044808,0.0
2024-12-30 23:00:00,1.044817,1.04591,1.03714,1.03965,0.0
2024-12-31 07:00:00,1.03966,1.04155,1.03946,1.040878,0.0
2024-12-31 15:00:00,1.040868,1.04249,1.03994,1.041063,0.0
2024-12-31 23:00:00,1.041047,1.04148,1.03909,1.03927,0.0
2025-01-02 07:00:00,1.03565,1.03747,1.03433,1.03717,0.0
2025-01-02 15:00:00,1.03718,1.03759,1.03134,1.03321,0.0
2025-01-02 23:00:00,1.03323,1.03348,1.02222,1.02511,0.0
2025-01-03 07:00:00,1.02513,1.02751,1.02505,1.02709,0.0
2025-01-03 15:00:00,1.02707,1.03033,1.02645,1.0297,0.0
2025-01-03 23:00:00,1.02974,1.03065,1.02726,1.03012,0.0
2025-01-04 07:00:00,1.03011,1.03124,1.02986,1.03088,0.0
2025-01-06 07:00:00,1.03055,1.03186,1.02953,1.03164,0.0
2025-01-06 15:00:00,1.03163,1.04333,1.03075,1.04218,0.0
2025-01-06 23:00:00,1.04217,1.04373,1.03494,1.03879,0.0
2025-01-07 07:00:00,1.03882,1.0398,1.0376,1.0393,0.0
2025-01-07 15:00:00,1.03927,1.04348,1.03902,1.041348,0.0
2025-01-07 23:00:00,1.041373,1.04174,1.03492,1.03556,0.0
2025-01-08 07:00:00,1.03551,1.03566,1.0337,1.03479,0.0
2025-01-08 15:00:00,1.03477,1.03579,1.02729,1.02973,0.0
2025-01-08 23:00:00,1.029777,1.03247,1.02804,1.03091,0.0
2025-01-09 07:00:00,1.03093,1.03236,1.03047,1.03112,0.0
2025-01-09 15:00:00,1.0311,1.03181,1.02834,1.030117,0.0
2025-01-09 23:00:00,1.03012,1.03196,1.02908,1.029807,0.0
2025-01-10 07:00:00,1.029822,1.03063,1.02919,1.02985,0.0
2025-01-10 15:00:00,1.02985,1.03123,1.0281,1.03016,0.0
2025-01-10 23:00:00,1.030195,1.03122,1.02106,1.024557,0.0
2025-01-11 07:00:00,1.0246,1.02495,1.02366,1.02452,0.0
2025-01-13 07:00:00,1.02423,1.02505,1.02125,1.021545,0.0
2025-01-13 15:00:00,1.021545,1.02318,1.01768,1.01958,0.0
2025-01-13 23:00:00,1.01961,1.02219,1.01875,1.02073,0.0
2025-01-14 07:00:00,1.02072,1.0278,1.02067,1.02486,0.0
2025-01-14 15:00:00,1.02486,1.02753,1.02419,1.02541,0.0
2025-01-14 23:00:00,1.02539,1.0306,1.02392,1.02976,0.0
2025-01-15 07:00:00,1.02984,1.03109,1.0295,1.0302,0.0
2025-01-15 15:00:00,1.03018,1.03174,1.02865,1.03012,0.0
2025-01-15 23:00:00,1.03013,1.03549,1.02584,1.02934,0.0
2025-01-16 07:00:00,1.02933,1.03003,1.02844,1.0289,0.0
2025-01-16 15:00:00,1.02891,1.0302,1.02808,1.02903,0.0
2025-01-16 23:00:00,1.02902,1.03154,1.02605,1.03019,0.0
2025-01-17 07:00:00,1.03018,1.03099,1.02952,1.03008,0.0
2025-01-17 15:00:00,1.03006,1.03104,1.02774,1.03047,0.0
2025-01-17 23:00:00,1.03046,1.0331,1.0265,1.02763,0.0
2025-01-18 07:00:00,1.02762,1.0282,1.02679,1.02711,0.0
2025-01-20 07:00:00,1.02703,1.03068,1.02662,1.03063,0.0
2025-01-20 15:00:00,1.03064,1.03268,1.02993,1.0326,0.0
2025-01-20 23:00:00,1.03262,1.04305,1.03081,1.04208,0.0
2025-01-21 07:00:00,1.04206,1.04348,1.0352,1.03876,0.0
2025-01-21 15:00:00,1.03875,1.03994,1.03417,1.03534,0.0
2025-01-21 23:00:00,1.03533,1.04357,1.03455,1.04181,0.0
2025-01-22 07:00:00,1.0418,1.04358,1.03922,1.04121,0.0
2025-01-22 15:00:00,1.0412,1.04578,1.03997,1.04429,0.0
2025-01-22 23:00:00,1.04428,1.04462,1.04116,1.04203,0.0
2025-01-23 07:00:00,1.04202,1.04233,1.03968,1.0409,0.0
2025-01-23 15:00:00,1.04089,1.04207,1.03899,1.04033,0.0
2025-01-23 23:00:00,1.04034,1.04384,1.03718,1.0423,0.0
2025-01-24 07:00:00,1.04228,1.04543,1.04115,1.04462,0.0
2025-01-24 15:00:00,1.04461,1.05155,1.04432,1.04862,0.0
2025-01-24 23:00:00,1.04861,1.05219,1.04635,1.04954,0.0
2025-01-25 07:00:00,1.04952,1.04983,1.0488,1.04942,0.0
2025-01-27 07:00:00,1.04754,1.04793,1.04588,1.04687,0.0
2025-01-27 15:00:00,1.04686,1.05186,1.04537,1.05132,0.0
2025-01-27 23:00:00,1.05133,1.05336,1.0479,1.04927,0.0
2025-01-28 07:00:00,1.04928,1.05021,1.04243,1.042943,0.0
2025-01-28 15:00:00,1.042947,1.04447,1.0419,1.042337,0.0
2025-01-28 23:00:00,1.042347,1.04416,1.04136,1.043518,0.0
2025-01-29 07:00:00,1.043502,1.04395,1.04229,1.04375,0.0
2025-01-29 15:00:00,1.04377,1.04441,1.03945,1.04017,0.0
2025-01-29 23:00:00,1.04018,1.04294,1.03821,1.0416,0.0
2025-01-30 07:00:00,1.0416,1.04295,1.04025,1.04253,0.0
2025-01-30 15:00:00,1.04252,1.04304,1.03911,1.0392,0.0
2025-01-30 23:00:00,1.039195,1.04684,1.03901,1.04281,0.0
2025-01-31 07:00:00,1.04282,1.04328,1.03763,1.038508,0.0
2025-01-31 15:00:00,1.038517,1.04133,1.03651,1.037597,0.0
2025-01-31 23:00:00,1.037602,1.04349,1.03601,1.0376,0.0
2025-02-01 07:00:00,1.037643,1.03881,1.03494,1.03612,0.0
2025-02-03 07:00:00,1.02493,1.02717,1.02096,1.022158,0.0
2025-02-03 15:00:00,1.022147,1.02563,1.02124,1.02524,0.0
2025-02-03 23:00:00,1.02523,1.03368,1.02423,1.02842,0.0
2025-02-04 07:00:00,1.02849,1.03563,1.02825,1.03144,0.0
2025-02-04 15:00:00,1.03148,1.03498,1.02717,1.03224,0.0
2025-02-04 23:00:00,1.032233,1.03877,1.03201,1.038187,0.0
2025-02-05 07:00:00,1.038197,1.03881,1.03695,1.037968,0.0
2025-02-05 15:00:00,1.03798,1.0431,1.0373,1.04148,0.0
2025-02-05 23:00:00,1.04147,1.04446,1.04013,1.040717,0.0
2025-02-06 07:00:00,1.04071,1.04097,1.03895,1.0392,0.0
2025-02-06 15:00:00,1.0392,1.03943,1.03555,1.03628,0.0
2025-02-06 23:00:00,1.036232,1.0397,1.03522,1.03849,0.0
2025-02-07 07:00:00,1.03848,1.03914,1.03741,1.037965,0.0
2025-02-07 15:00:00,1.03801,1.04004,1.03724,1.03826,0.0
2025-02-07 23:00:00,1.03824,1.0416,1.03044,1.03326,0.0
2025-02-08 07:00:00,1.03326,1.03388,1.03212,1.03276,0.0
2025-02-10 07:00:00,1.0296,1.03189,1.02865,1.031157,0.0
2025-02-10 15:00:00,1.031168,1.0337,1.03064,1.032083,0.0
2025-02-10 23:00:00,1.032063,1.03268,1.03039,1.030693,0.0
2025-02-11 07:00:00,1.030677,1.03136,1.02918,1.02983,0.0
2025-02-11 15:00:00,1.029822,1.03256,1.02974,1.03221,0.0
2025-02-11 23:00:00,1.03221,1.0382,1.03163,1.0358,0.0
2025-02-12 07:00:00,1.03581,1.03683,1.03537,1.036185,0.0
2025-02-12 15:00:00,1.036205,1.03862,1.03547,1.0375,0.0
2025-02-12 23:00:00,1.03751,1.04302,1.03167,1.03914,0.0
2025-02-13 07:00:00,1.03911,1.04223,1.03797,1.04189,0.0
2025-02-13 15:00:00,1.0419,1.04406,1.03922,1.04031,0.0
2025-02-13 23:00:00,1.040293,1.04458,1.03725,1.04372,0.0
2025-02-14 07:00:00,1.04371,1.04714,1.04351,1.04591,0.0
2025-02-14 15:00:00,1.04591,1.04882,1.04468,1.04678,0.0
2025-02-14 23:00:00,1.04674,1.05146,1.04566,1.04992,0.0
2025-02-15 07:00:00,1.04987,1.0499,1.04867,1.04912,0.0
2025-02-17 07:00:00,1.048635,1.05069,1.04834,1.04946,0.0
2025-02-17 15:00:00,1.04949,1.04986,1.04707,1.04819,0.0
2025-02-17 23:00:00,1.04821,1.04854,1.04667,1.04817,0.0
2025-02-18 07:00:00,1.04816,1.04879,1.04618,1.04629,0.0
2025-02-18 15:00:00,1.04629,1.04699,1.0452,1.04629,0.0
2025-02-18 23:00:00,1.0463,1.047,1.04349,1.04452,0.0
2025-02-19 07:00:00,1.04452,1.04557,1.04374,1.045143,0.0
2025-02-19 15:00:00,1.045152,1.04618,1.04186,1.04247,0.0
2025-02-19 23:00:00,1.042453,1.04418,1.04007,1.04257,0.0
2025-02-20 07:00:00,1.04254,1.04379,1.04183,1.04313,0.0
2025-02-20 15:00:00,1.04314,1.04468,1.04234,1.04384,0.0
2025-02-20 23:00:00,1.04385,1.05039,1.0433,1.05014,0.0
2025-02-21 07:00:00,1.0501,1.05062,1.04843,1.050267,0.0
2025-02-21 15:00:00,1.050288,1.05054,1.04628,1.04691,0.0
2025-02-21 23:00:00,1.04693,1.04933,1.0449,1.046233,0.0
2025-02-22 07:00:00,1.046202,1.04684,1.04554,1.04609,0.0
2025-02-24 07:00:00,1.04661,1.05287,1.04629,1.05193,0.0
2025-02-24 15:00:00,1.05196,1.05211,1.04634,1.04686,0.0
2025-02-24 23:00:00,1.04685,1.04862,1.04525,1.047483,0.0
2025-02-25 07:00:00,1.047532,1.04799,1.04594,1.04733,0.0
2025-02-25 15:00:00,1.04733,1.049,1.04559,1.048952,0.0
2025-02-25 23:00:00,1.048963,1.05197,1.04837,1.05106,0.0
2025-02-26 07:00:00,1.05106,1.05254,1.05011,1.05045,0.0
2025-02-26 15:00:00,1.05043,1.05121,1.04865,1.049157,0.0
2025-02-26 23:00:00,1.049148,1.05294,1.04746,1.04914,0.0
2025-02-27 07:00:00,1.0491,1.0493,1.04646,1.04656,0.0
2025-02-27 15:00:00,1.04658,1.04878,1.04589,1.0476,0.0
2025-02-27 23:00:00,1.04759,1.04924,1.04001,1.0404,0.0
2025-02-28 07:00:00,1.04046,1.04088,1.03802,1.03882,0.0
2025-02-28 15:00:00,1.03885,1.04085,1.03825,1.03988,0.0
2025-02-28 23:00:00,1.03987,1.04205,1.03596,1.03678,0.0
2025-03-01 07:00:00,1.03679,1.03795,1.03619,1.03773,0.0
2025-03-03 07:00:00,1.040505,1.0424,1.03978,1.041698,0.0
2025-03-03 15:00:00,1.041698,1.04585,1.03881,1.04527,0.0
2025-03-03 23:00:00,1.04527,1.05048,1.04524,1.047378,0.0
2025-03-04 07:00:00,1.047317,1.04966,1.0466,1.04773,0.0
2025-03-04 15:00:00,1.04774,1.05452,1.04708,1.054428,0.0
2025-03-04 23:00:00,1.054438,1.06025,1.04961,1.060105,0.0
2025-03-05 07:00:00,1.060072,1.06378,1.06002,1.06182,0.0
2025-03-05 15:00:00,1.06183,1.07225,1.06151,1.06783,0.0
2025-03-05 23:00:00,1.0679,1.07912,1.06783,1.07904,0.0
2025-03-06 07:00:00,1.07902,1.08206,1.07845,1.079012,0.0
2025-03-06 15:00:00,1.078965,1.08227,1.07799,1.07992,0.0
2025-03-06 23:00:00,1.079932,1.08548,1.0765,1.08022,0.0
2025-03-07 07:00:00,1.08017,1.08152,1.07748,1.080627,0.0
2025-03-07 15:00:00,1.08058,1.08717,1.08028,1.085,0.0
2025-03-07 23:00:00,1.08491,1.08895,1.08253,1.08426,0.0
2025-03-08 07:00:00,1.08427,1.08517,1.08289,1.08333,0.0
2025-03-10 07:00:00,1.08551,1.08717,1.083,1.0831,0.0
2025-03-10 15:00:00,1.08317,1.08753,1.0805,1.0851,0.0
2025-03-10 23:00:00,1.08508,1.08606,1.08173,1.08322,0.0
2025-03-11 07:00:00,1.08318,1.08612,1.08251,1.085443,0.0
2025-03-11 15:00:00,1.08542,1.09212,1.08354,1.09047,0.0
2025-03-11 23:00:00,1.09046,1.09479,1.08949,1.092,0.0
2025-03-12 07:00:00,1.09201,1.09247,1.08959,1.0897,0.0
2025-03-12 15:00:00,1.08974,1.09269,1.08872,1.0901,0.0
2025-03-12 23:00:00,1.09009,1.09354,1.08755,1.089033,0.0
2025-03-13 07:00:00,1.089033,1.08976,1.08823,1.08852,0.0
2025-03-13 15:00:00,1.088492,1.08939,1.08433,1.08564,0.0
2025-03-13 23:00:00,1.085628,1.08815,1.08221,1.08486,0.0
2025-03-14 07:00:00,1.08485,1.08611,1.0834,1.084563,0.0
2025-03-14 15:00:00,1.084563,1.09132,1.08303,1.08967,0.0
2025-03-14 23:00:00,1.08968,1.09118,1.08653,1.088322,0.0
2025-03-15 07:00:00,1.088313,1.08863,1.08737,1.0879,0.0
2025-03-17 07:00:00,1.08799,1.08907,1.08741,1.08832,0.0
2025-03-17 15:00:00,1.08835,1.09123,1.08684,1.09022,0.0
2025-03-17 23:00:00,1.09023,1.09303,1.08866,1.092073,0.0
2025-03-18 07:00:00,1.092097,1.09284,1.09061,1.0909,0.0
2025-03-18 15:00:00,1.09086,1.0955,1.09034,1.09164,0.0
2025-03-18 23:00:00,1.0917,1.09522,1.08922,1.094658,0.0
2025-03-19 07:00:00,1.09464,1.09497,1.09315,1.093837,0.0
2025-03-19 15:00:00,1.093813,1.09386,1.08728,1.0909,0.0
2025-03-19 23:00:00,1.09085,1.0918,1.08603,1.08991,0.0
2025-03-20 07:00:00,1.08987,1.09178,1.08956,1.09099,0.0
2025-03-20 15:00:00,1.09099,1.09109,1.08333,1.08499,0.0
2025-03-20 23:00:00,1.084952,1.08563,1.08145,1.08533,0.0
2025-03-21 07:00:00,1.08534,1.08596,1.08332,1.08347,0.0
2025-03-21 15:00:00,1.08348,1.08517,1.08196,1.08509,0.0
2025-03-21 23:00:00,1.08508,1.08618,1.07961,1.08179,0.0
2025-03-22 07:00:00,1.081762,1.08197,1.08104,1.08144,0.0
2025-03-24 07:00:00,1.08204,1.08405,1.08169,1.08204,0.0
2025-03-24 15:00:00,1.08205,1.08589,1.08168,1.08326,0.0
2025-03-24 23:00:00,1.0833,1.08349,1.07813,1.08022,0.0
2025-03-25 07:00:00,1.0802,1.0809,1.07923,1.08031,0.0
2025-03-25 15:00:00,1.08032,1.08281,1.07767,1.0818,0.0
2025-03-25 23:00:00,1.08183,1.08306,1.07906,1.0795,0.0
2025-03-26 07:00:00,1.07954,1.08027,1.07777,1.07861,0.0
2025-03-26 15:00:00,1.07862,1.08031,1.07777,1.07925,0.0
2025-03-26 23:00:00,1.07923,1.07958,1.07435,1.075093,0.0
2025-03-27 07:00:00,1.075147,1.07806,1.07326,1.07783,0.0
2025-03-27 15:00:00,1.07784,1.08,1.0754,1.0787,0.0
2025-03-27 23:00:00,1.07871,1.08216,1.07761,1.079497,0.0
2025-03-28 07:00:00,1.079483,1.08036,1.0788,1.079198,0.0
2025-03-28 15:00:00,1.079213,1.08003,1.07643,1.07721,0.0
2025-03-28 23:00:00,1.07717,1.08451,1.07635,1.08256,0.0
2025-03-29 07:00:00,1.08256,1.08366,1.08238,1.08268,0.0
2025-03-31 07:00:00,1.08169,1.08463,1.08041,1.08332,0.0
2025-03-31 15:00:00,1.08333,1.08497,1.08052,1.08198,0.0
2025-03-31 23:00:00,1.08198,1.08219,1.07839,1.08149,0.0
2025-04-01 07:00:00,1.081335,1.08286,1.08093,1.08269,0.0
2025-04-01 15:00:00,1.08268,1.08304,1.07781,1.07812,0.0
2025-04-01 23:00:00,1.07814,1.08129,1.07789,1.07898,0.0
2025-04-02 07:00:00,1.07897,1.08088,1.07857,1.07957,0.0
2025-04-02 15:00:00,1.07957,1.081198,1.078516,1.080497,0.0
2025-04-02 23:00:00,1.080731,1.087548,1.080147,1.085305,0.0
2025-04-03 07:00:00,1.085305,1.092657,1.081081,1.091584,0.0
2025-04-03 15:00:00,1.091703,1.11383,1.090988,1.10914,0.0
2025-04-03 23:00:00,1.10926,1.11359,1.10193,1.10266,0.0
2025-04-04 07:00:00,1.10278,1.11,1.10254,1.10963,0.0
2025-04-04 15:00:00,1.10975,1.11099,1.097454,1.10607,0.0
2025-04-04 23:00:00,1.10632,1.10914,1.092896,1.094811,0.0
2025-04-05 07:00:00,1.094811,1.097213,1.093613,1.096251,0.0
2025-04-07 07:00:00,1.098539,1.10023,1.092538,1.098901,0.0
2025-04-07 15:00:00,1.09866,1.10485,1.093972,1.097815,0.0
2025-04-07 23:00:00,1.097815,1.097815,1.090513,1.090631,0.0
2025-04-08 07:00:00,1.090513,1.098298,1.090513,1.097815,0.0
2025-04-08 15:00:00,1.097695,1.099384,1.091465,1.09505,0.0
2025-04-08 23:00:00,1.09529,1.098056,1.089562,1.096011,0.0
2025-04-09 07:00:00,1.09589,1.10717,1.09529,1.10717,0.0
2025-04-09 15:00:00,1.10656,1.10963,1.10023,1.10791,0.0
2025-04-09 23:00:00,1.10668,1.1084,1.092419,1.09541,0.0
2025-04-10 07:00:00,1.09565,1.099143,1.094571,1.09866,0.0
2025-04-10 15:00:00,1.09866,1.11334,1.096732,1.11025,0.0
2025-04-10 23:00:00,1.10975,1.12435,1.10975,1.12057,0.0
2025-04-11 07:00:00,1.12082,1.13611,1.1197,1.13263,0.0
2025-04-11 15:00:00,1.13225,1.14732,1.12524,1.13986,0.0
2025-04-11 23:00:00,1.14012,1.14155,1.12829,1.13662,0.0
2025-04-12 07:00:00,1.13636,1.13636,1.13379,1.13379,0.0
2025-04-14 07:00:00,1.13417,1.14116,1.13302,1.13701,0.0
2025-04-14 15:00:00,1.13753,1.14247,1.13392,1.13404,0.0
2025-04-14 23:00:00,1.13417,1.13843,1.13007,1.13533,0.0
2025-04-15 07:00:00,1.1352,1.13675,1.13186,1.13598,0.0
2025-04-15 15:00:00,1.13611,1.13792,1.13135,1.13135,0.0
2025-04-15 23:00:00,1.13135,1.13314,1.12689,1.12854,0.0
2025-04-16 07:00:00,1.12905,1.13507,1.12829,1.13482,0.0
2025-04-16 15:00:00,1.13456,1.13947,1.13456,1.1352,0.0
2025-04-16 23:00:00,1.13559,1.14155,1.13559,1.14012,0.0
2025-04-17 07:00:00,1.14025,1.14116,1.13611,1.13649,0.0
2025-04-17 15:00:00,1.13649,1.13889,1.13349,1.13565,0.0
2025-04-17 23:00:00,1.13567,1.13861,1.1338,1.13631,0.0
2025-04-18 07:00:00,1.13665,1.13894,1.1358,1.137,0.0
2025-04-18 15:00:00,1.13691,1.1389,1.13555,1.13829,0.0
2025-04-18 23:00:00,1.13836,1.13996,1.1371,1.13864,0.0
2025-04-19 07:00:00,1.13935,1.13935,1.13935,1.13935,0.0
2025-04-21 07:00:00,1.14337,1.15336,1.14324,1.15176,0.0
2025-04-21 15:00:00,1.15175,1.15739,1.15047,1.15427,0.0
2025-04-21 23:00:00,1.15423,1.15435,1.14813,1.15143,0.0
2025-04-22 07:00:00,1.15144,1.15411,1.14817,1.15314,0.0
2025-04-22 15:00:00,1.15302,1.15478,1.14614,1.14702,0.0
2025-04-22 23:00:00,1.14705,1.14925,1.1417,1.14215,0.0
2025-04-23 07:00:00,1.14238,1.14318,1.13072,1.13901,0.0
2025-04-23 15:00:00,1.13902,1.14404,1.13709,1.14056,0.0
2025-04-23 23:00:00,1.14054,1.1413,1.13104,1.13147,0.0
2025-04-24 07:00:00,1.13178,1.13581,1.13132,1.13393,0.0
2025-04-24 15:00:00,1.13392,1.13948,1.13305,1.13766,0.0
2025-04-24 23:00:00,1.13769,1.13984,1.1348,1.13891,0.0
2025-04-25 07:00:00,1.13893,1.13966,1.13154,1.13349,0.0
2025-04-25 15:00:00,1.13349,1.13691,1.13213,1.13523,0.0
2025-04-25 23:00:00,1.13526,1.13893,1.13327,1.136,0.0
2025-04-26 07:00:00,1.13586,1.13652,1.13586,1.13652,0.0
2025-04-28 07:00:00,1.13501,1.13734,1.13408,1.13723,0.0
2025-04-28 15:00:00,1.13717,1.13812,1.13289,1.13439,0.0
2025-04-29 07:00:00,1.13904,1.13936,1.1374,1.13782,0.0
2025-04-29 15:00:00,1.13785,1.14151,1.13698,1.14115,0.0
2025-04-29 23:00:00,1.14106,1.14193,1.13755,1.13835,0.0
2025-04-30 07:00:00,1.1388,1.13964,1.13545,1.13732,0.0
2025-04-30 15:00:00,1.13731,1.14,1.13557,1.13726,0.0
2025-04-30 23:00:00,1.13738,1.13795,1.13169,1.13285,0.0
2025-05-01 07:00:00,1.13285,1.13351,1.12992,1.13028,0.0
2025-05-01 15:00:00,1.13027,1.13416,1.12875,1.13154,0.0
2025-05-01 23:00:00,1.13154,1.13281,1.12657,1.12908,0.0
2025-05-02 07:00:00,1.12895,1.13159,1.1274,1.13041,0.0
2025-05-02 15:00:00,1.13042,1.13555,1.13016,1.13196,0.0
2025-05-02 23:00:00,1.13189,1.13815,1.12897,1.12897,0.0
2025-05-03 07:00:00,1.12936,1.12936,1.12936,1.12936,0.0
2025-05-05 07:00:00,1.13061,1.13472,1.13019,1.13375,0.0
2025-05-05 15:00:00,1.13376,1.13636,1.13112,1.136,0.0
2025-05-05 23:00:00,1.13601,1.1365,1.12965,1.13149,0.0
2025-05-06 07:00:00,1.1314,1.13278,1.12798,1.13245,0.0
2025-05-06 15:00:00,1.13244,1.13497,1.13052,1.13405,0.0
2025-05-06 23:00:00,1.13406,1.13817,1.13262,1.13691,0.0
2025-05-07 07:00:00,1.13703,1.13787,1.13249,1.13443,0.0
2025-05-07 15:00:00,1.13436,1.13785,1.13427,1.13592,0.0
2025-05-07 23:00:00,1.13593,1.13713,1.12913,1.13006,0.0
2025-05-08 07:00:00,1.13018,1.13368,1.12985,1.13181,0.0
2025-05-08 15:00:00,1.1318,1.13207,1.12697,1.12999,0.0
2025-05-08 23:00:00,1.12998,1.1317,1.12116,1.12264,0.0
2025-05-09 07:00:00,1.12265,1.12336,1.11964,1.1228,0.0
2025-05-09 15:00:00,1.12279,1.12613,1.12181,1.12541,0.0
2025-05-09 23:00:00,1.1254,1.12933,1.12449,1.1245,0.0
2025-05-12 07:00:00,1.12252,1.12434,1.12224,1.12274,0.0
2025-05-12 15:00:00,1.12278,1.12361,1.10716,1.11136,0.0
2025-05-12 23:00:00,1.11137,1.1135,1.1065,1.10859,0.0
2025-05-13 07:00:00,1.10853,1.11178,1.1082,1.11169,0.0
2025-05-13 15:00:00,1.1117,1.11319,1.10967,1.11307,0.0
2025-05-13 23:00:00,1.11304,1.11954,1.11271,1.1186,0.0
2025-05-14 07:00:00,1.1186,1.12016,1.11812,1.11891,0.0
2025-05-14 15:00:00,1.11889,1.12663,1.118,1.12253,0.0
2025-05-14 23:00:00,1.12254,1.12353,1.11643,1.11754,0.0
2025-05-15 07:00:00,1.1177,1.12019,1.11685,1.11929,0.0
2025-05-15 15:00:00,1.11929,1.12289,1.11789,1.12109,0.0
2025-05-15 23:00:00,1.12099,1.12243,1.11702,1.11837,0.0
2025-05-16 07:00:00,1.11888,1.12091,1.11774,1.12031,0.0
2025-05-16 15:00:00,1.12031,1.122,1.11878,1.11972,0.0
2025-05-16 23:00:00,1.11976,1.12064,1.11307,1.11611,0.0
2025-05-19 07:00:00,1.11904,1.11996,1.11722,1.1184,0.0
2025-05-19 15:00:00,1.11843,1.12889,1.11759,1.12571,0.0
2025-05-19 23:00:00,1.1257,1.12645,1.12238,1.12368,0.0
2025-05-20 07:00:00,1.12373,1.12514,1.12177,1.12424,0.0
2025-05-20 15:00:00,1.12419,1.12784,1.12233,1.12344,0.0
2025-05-20 23:00:00,1.12342,1.12869,1.12246,1.12839,0.0
2025-05-21 07:00:00,1.1283,1.13409,1.12744,1.1329,0.0
2025-05-21 15:00:00,1.13288,1.13624,1.13119,1.13346,0.0
2025-05-21 23:00:00,1.13348,1.13629,1.13156,1.13295,0.0
2025-05-22 07:00:00,1.13296,1.13454,1.13105,1.13333,0.0
2025-05-22 15:00:00,1.13332,1.13424,1.12846,1.1295,0.0
2025-05-22 23:00:00,1.12951,1.13094,1.12553,1.12808,0.0
2025-05-23 07:00:00,1.12807,1.13215,1.12774,1.13176,0.0
2025-05-23 15:00:00,1.13177,1.13767,1.12971,1.13335,0.0
2025-05-23 23:00:00,1.13336,1.13698,1.13103,1.1351,0.0
2025-05-24 07:00:00,1.13603,1.13603,1.13603,1.13603,0.0
2025-05-26 07:00:00,1.13748,1.14193,1.13696,1.14097,0.0
2025-05-26 15:00:00,1.14095,1.14192,1.13687,1.13752,0.0
2025-05-26 23:00:00,1.13751,1.13904,1.1373,1.13871,0.0
2025-05-27 07:00:00,1.13841,1.14078,1.13774,1.13785,0.0
2025-05-27 15:00:00,1.13788,1.13933,1.13376,1.13668,0.0
2025-05-27 23:00:00,1.13668,1.1376,1.13225,1.13346,0.0
2025-05-28 07:00:00,1.13344,1.13455,1.13004,1.13062,0.0
2025-05-28 15:00:00,1.13059,1.13412,1.12951,1.13111,0.0
2025-05-28 23:00:00,1.13108,1.13251,1.12834,1.12923,0.0
2025-05-29 07:00:00,1.12946,1.12988,1.12101,1.12479,0.0
2025-05-29 15:00:00,1.1248,1.13504,1.12303,1.13495,0.0
2025-05-29 23:00:00,1.13498,1.13848,1.13388,1.13665,0.0
2025-05-30 07:00:00,1.13704,1.13902,1.13453,1.1346,0.0
2025-05-30 15:00:00,1.13462,1.13588,1.13231,1.13462,0.0
2025-05-30 23:00:00,1.13466,1.13675,1.13123,1.13457,0.0
2025-06-02 07:00:00,1.13556,1.13827,1.13506,1.13655,0.0
2025-06-02 15:00:00,1.13656,1.14373,1.13636,1.14184,0.0
2025-06-02 23:00:00,1.14185,1.14507,1.14041,1.14413,0.0
2025-06-03 07:00:00,1.1441,1.1455,1.14157,1.14253,0.0
2025-06-03 15:00:00,1.14254,1.14324,1.1377,1.1382,0.0
2025-06-03 23:00:00,1.13819,1.13954,1.13639,1.13713,0.0
2025-06-04 07:00:00,1.13716,1.13936,1.13645,1.13667,0.0
2025-06-04 15:00:00,1.13668,1.14114,1.13556,1.14095,0.0
2025-06-04 23:00:00,1.14095,1.1435,1.13926,1.1417,0.0
2025-06-05 07:00:00,1.14167,1.14352,1.14077,1.14105,0.0
2025-06-05 15:00:00,1.14107,1.14492,1.14042,1.14297,0.0
2025-06-05 23:00:00,1.14295,1.14955,1.14181,1.14448,0.0
2025-06-06 07:00:00,1.14442,1.14576,1.14327,1.14398,0.0
2025-06-06 15:00:00,1.14399,1.14422,1.13833,1.13978,0.0
2025-06-06 23:00:00,1.13968,1.14169,1.13715,1.13911,0.0
2025-06-07 07:00:00,1.13957,1.13957,1.13957,1.13957,0.0
2025-06-09 07:00:00,1.14068,1.14257,1.13926,1.14183,0.0
2025-06-09 15:00:00,1.14189,1.14396,1.13943,1.14004,0.0
2025-06-09 23:00:00,1.14,1.14313,1.13864,1.1421,0.0
2025-06-10 07:00:00,1.14219,1.14361,1.13859,1.13996,0.0
2025-06-10 15:00:00,1.13996,1.14408,1.13728,1.14323,0.0
2025-06-10 23:00:00,1.14322,1.1448,1.14154,1.14248,0.0
2025-06-11 07:00:00,1.14265,1.144,1.14061,1.14157,0.0
2025-06-11 15:00:00,1.14158,1.14898,1.14052,1.14607,0.0
2025-06-11 23:00:00,1.1461,1.15,1.14526,1.14876,0.0
2025-06-12 07:00:00,1.14879,1.15295,1.14825,1.15155,0.0
2025-06-12 15:00:00,1.15153,1.16328,1.15057,1.161,0.0
2025-06-12 23:00:00,1.16097,1.16176,1.15633,1.15847,0.0
2025-06-13 07:00:00,1.15841,1.1615,1.15138,1.15252,0.0
2025-06-13 15:00:00,1.15254,1.15606,1.14887,1.15165,0.0
2025-06-13 23:00:00,1.15164,1.15701,1.15009,1.15396,0.0
2025-06-14 07:00:00,1.15471,1.15471,1.15471,1.15471,0.0
2025-06-16 07:00:00,1.15412,1.15474,1.15232,1.15359,0.0
2025-06-16 15:00:00,1.15363,1.1587,1.15359,1.15841,0.0
2025-06-16 23:00:00,1.1584,1.16153,1.15543,1.15612,0.0
2025-06-17 07:00:00,1.1563,1.15693,1.1542,1.15613,0.0
2025-06-17 15:00:00,1.15613,1.15831,1.15451,1.15504,0.0
2025-06-17 23:00:00,1.15508,1.15698,1.14743,1.14803,0.0
2025-06-18 07:00:00,1.14793,1.15084,1.14743,1.15054,0.0
2025-06-18 15:00:00,1.15054,1.1524,1.14917,1.15071,0.0
2025-06-18 23:00:00,1.15058,1.15309,1.14604,1.148,0.0
2025-06-19 07:00:00,1.14799,1.14891,1.14503,1.14692,0.0
2025-06-19 15:00:00,1.14694,1.14878,1.14461,1.14777,0.0
2025-06-19 23:00:00,1.14775,1.15008,1.14543,1.14954,0.0
2025-06-20 07:00:00,1.14939,1.15331,1.14899,1.15271,0.0
2025-06-20 15:00:00,1.15275,1.15355,1.15057,1.15125,0.0
2025-06-20 23:00:00,1.15128,1.15443,1.14948,1.15137,0.0
2025-06-21 07:00:00,1.15136,1.15233,1.15136,1.15233,0.0
2025-06-23 07:00:00,1.14901,1.15076,1.14719,1.14907,0.0
2025-06-23 15:00:00,1.14909,1.15215,1.14533,1.14671,0.0
2025-06-23 23:00:00,1.14675,1.1582,1.14645,1.15776,0.0
2025-06-24 07:00:00,1.15766,1.16147,1.1571,1.16064,0.0
2025-06-24 15:00:00,1.16063,1.16228,1.15796,1.16007,0.0
2025-06-24 23:00:00,1.16007,1.16422,1.15818,1.16094,0.0
2025-06-25 07:00:00,1.16105,1.16319,1.16025,1.1614,0.0
2025-06-25 15:00:00,1.16137,1.16229,1.15897,1.15929,0.0
2025-06-25 23:00:00,1.15928,1.16656,1.15901,1.16585,0.0
2025-06-26 07:00:00,1.16586,1.17135,1.16512,1.168,0.0
2025-06-26 15:00:00,1.16799,1.17453,1.16711,1.17068,0.0
2025-06-26 23:00:00,1.17073,1.17404,1.16895,1.17008,0.0
2025-06-27 07:00:00,1.1695,1.17106,1.16808,1.16849,0.0
2025-06-27 15:00:00,1.16856,1.17508,1.16831,1.17461,0.0
2025-06-27 23:00:00,1.17468,1.17541,1.16877,1.17057,0.0
2025-06-28 07:00:00,1.17165,1.17165,1.17165,1.17165,0.0
2025-06-30 07:00:00,1.17311,1.17392,1.17114,1.17305,0.0
2025-06-30 15:00:00,1.17303,1.17509,1.1707,1.17131,0.0
2025-06-30 23:00:00,1.17135,1.1789,1.17107,1.17867,0.0
2025-07-01 07:00:00,1.17808,1.18089,1.17707,1.17862,0.0
2025-07-01 15:00:00,1.17863,1.18306,1.17673,1.18034,0.0
2025-07-01 23:00:00,1.1804,1.18119,1.17613,1.1806,0.0
2025-07-02 07:00:00,1.18055,1.18103,1.17888,1.17969,0.0
2025-07-02 15:00:00,1.17968,1.17982,1.17464,1.17567,0.0
2025-07-02 23:00:00,1.17566,1.18043,1.175,1.17982,0.0
2025-07-03 07:00:00,1.17991,1.18102,1.1787,1.17894,0.0
2025-07-03 15:00:00,1.17895,1.18107,1.17169,1.1739,0.0
2025-07-03 23:00:00,1.17379,1.17908,1.17339,1.17565,0.0
2025-07-04 07:00:00,1.17577,1.17805,1.17499,1.17802,0.0
2025-07-04 15:00:00,1.17803,1.17857,1.17638,1.17669,0.0
2025-07-04 23:00:00,1.1767,1.17877,1.17664,1.17667,0.0
2025-07-05 07:00:00,1.17702,1.17702,1.17702,1.17702,0.0
2025-07-07 07:00:00,1.17806,1.17902,1.17639,1.17659,0.0
2025-07-07 15:00:00,1.1766,1.17737,1.1718,1.17225,0.0
2025-07-07 23:00:00,1.1722,1.17454,1.16869,1.1708,0.0
2025-07-08 07:00:00,1.17079,1.17499,1.17071,1.17414,0.0
2025-07-08 15:00:00,1.17413,1.17651,1.17139,1.17209,0.0
2025-07-08 23:00:00,1.17206,1.17295,1.16827,1.17248,0.0
2025-07-09 07:00:00,1.17246,1.17291,1.17015,1.17124,0.0
2025-07-09 15:00:00,1.17123,1.17284,1.16895,1.17153,0.0
2025-07-09 23:00:00,1.17155,1.17244,1.17006,1.17185,0.0
2025-07-10 07:00:00,1.17167,1.17495,1.17147,1.17349,0.0
2025-07-10 15:00:00,1.17348,1.17433,1.17018,1.17064,0.0
2025-07-10 23:00:00,1.17066,1.17145,1.16704,1.17005,0.0
2025-07-11 07:00:00,1.17006,1.17074,1.16647,1.16766,0.0
2025-07-11 15:00:00,1.16766,1.17012,1.16704,1.16884,0.0
2025-07-11 23:00:00,1.1689,1.17144,1.16752,1.16843,0.0
2025-07-12 07:00:00,1.1688,1.1688,1.1688,1.1688,0.0
2025-07-14 07:00:00,1.16648,1.16985,1.16633,1.16749,0.0
2025-07-14 15:00:00,1.16741,1.16969,1.16536,1.16853,0.0
2025-07-14 23:00:00,1.16854,1.1696,1.16592,1.1665,0.0
2025-07-15 07:00:00,1.16663,1.16803,1.16606,1.16759,0.0
2025-07-15 15:00:00,1.16761,1.16927,1.16615,1.16782,0.0
2025-07-15 23:00:00,1.1678,1.168,1.15925,1.16019,0.0
2025-07-16 07:00:00,1.16007,1.16207,1.15961,1.16195,0.0
2025-07-16 15:00:00,1.16196,1.16288,1.15935,1.15989,0.0
2025-07-16 23:00:00,1.15986,1.17227,1.15621,1.16375,0.0
2025-07-17 07:00:00,1.16376,1.16423,1.16128,1.1624,0.0
2025-07-17 15:00:00,1.1624,1.16278,1.15559,1.15873,0.0
2025-07-17 23:00:00,1.15872,1.16028,1.15777,1.15961,0.0
2025-07-18 07:00:00,1.1594,1.16347,1.15899,1.16193,0.0
2025-07-18 15:00:00,1.16188,1.16592,1.16115,1.16559,0.0
2025-07-18 23:00:00,1.16562,1.16731,1.16172,1.16195,0.0
2025-07-19 07:00:00,1.16207,1.16207,1.16207,1.16207,0.0
2025-07-21 07:00:00,1.16268,1.16369,1.16143,1.1629,0.0
2025-07-21 15:00:00,1.16291,1.16735,1.16275,1.16653,0.0
2025-07-21 23:00:00,1.16653,1.17168,1.16575,1.16931,0.0
2025-07-22 07:00:00,1.1693,1.16984,1.16822,1.16883,0.0
2025-07-22 15:00:00,1.16887,1.17091,1.16818,1.16904,0.0
2025-07-22 23:00:00,1.16904,1.1761,1.16789,1.17539,0.0
2025-07-23 07:00:00,1.17538,1.17559,1.17305,1.17348,0.0
2025-07-23 15:00:00,1.17351,1.17525,1.17202,1.1725,0.0
2025-07-23 23:00:00,1.17248,1.1775,1.17108,1.17697,0.0
2025-07-24 07:00:00,1.17663,1.17799,1.17621,1.1774,0.0
2025-07-24 15:00:00,1.17741,1.17781,1.17321,1.17361,0.0
2025-07-24 23:00:00,1.17363,1.17885,1.17308,1.17465,0.0
2025-07-25 07:00:00,1.17427,1.17586,1.17342,1.17401,0.0
2025-07-25 15:00:00,1.174,1.17608,1.17116,1.17182,0.0
2025-07-25 23:00:00,1.1719,1.1747,1.17032,1.17402,0.0
2025-07-26 07:00:00,1.17401,1.17409,1.17401,1.17409,0.0
2025-07-28 07:00:00,1.17551,1.17701,1.17456,1.17472,0.0
2025-07-28 15:00:00,1.17464,1.17476,1.1644,1.16577,0.0
2025-07-28 23:00:00,1.1658,1.16621,1.15852,1.1588,0.0
2025-07-29 07:00:00,1.15877,1.1599,1.15746,1.15886,0.0
2025-07-29 15:00:00,1.1588,1.15901,1.15262,1.15262,0.0
2025-07-29 23:00:00,1.15248,1.15612,1.15187,1.15466,0.0
2025-07-30 07:00:00,1.15458,1.15725,1.15453,1.15511,0.0
2025-07-30 15:00:00,1.15509,1.15685,1.14732,1.14732,0.0
2025-07-30 23:00:00,1.14732,1.15039,1.13998,1.14046,0.0
2025-07-31 07:00:00,1.1408,1.14385,1.14014,1.14359,0.0
2025-07-31 15:00:00,1.14353,1.14614,1.14205,1.14288,0.0
2025-07-31 23:00:00,1.1429,1.14502,1.14053,1.14149,0.0
2025-08-01 07:00:00,1.14146,1.14292,1.14048,1.1419,0.0
2025-08-01 15:00:00,1.14188,1.15589,1.13914,1.1545,0.0
2025-08-01 23:00:00,1.15454,1.15977,1.15164,1.15839,0.0
2025-08-02 07:00:00,1.15831,1.15904,1.15831,1.15904,0.0
2025-08-04 07:00:00,1.15837,1.15905,1.15504,1.15744,0.0
2025-08-04 15:00:00,1.15745,1.15893,1.15492,1.15755,0.0
2025-08-04 23:00:00,1.15757,1.15892,1.15569,1.1572,0.0
2025-08-05 07:00:00,1.15687,1.15888,1.15536,1.15585,0.0
2025-08-05 15:00:00,1.15585,1.15631,1.15276,1.15366,0.0
2025-08-05 23:00:00,1.15372,1.15862,1.15323,1.15758,0.0
2025-08-06 07:00:00,1.15737,1.15861,1.1564,1.15829,0.0
2025-08-06 15:00:00,1.15825,1.16286,1.157,1.1624,0.0
2025-08-06 23:00:00,1.1624,1.16687,1.16174,1.16596,0.0
2025-08-07 07:00:00,1.16593,1.16769,1.16496,1.16712,0.0
2025-08-07 15:00:00,1.16715,1.16989,1.16339,1.16513,0.0
2025-08-07 23:00:00,1.16514,1.16721,1.16128,1.1665,0.0
2025-08-08 07:00:00,1.1665,1.168,1.16549,1.16586,0.0
2025-08-08 15:00:00,1.16584,1.16649,1.1628,1.16421,0.0
2025-08-08 23:00:00,1.16421,1.16682,1.16363,1.16366,0.0
2025-08-09 07:00:00,1.16401,1.16401,1.16401,1.16401,0.0
2025-08-11 07:00:00,1.16475,1.16763,1.16416,1.16722,0.0
2025-08-11 15:00:00,1.16723,1.16744,1.16138,1.16205,0.0
2025-08-11 23:00:00,1.16206,1.16281,1.15896,1.16159,0.0
2025-08-12 07:00:00,1.16157,1.1628,1.16074,1.16276,0.0
2025-08-12 15:00:00,1.16274,1.16568,1.15986,1.16399,0.0
2025-08-12 23:00:00,1.16418,1.16975,1.16169,1.16755,0.0
2025-08-13 07:00:00,1.1676,1.1688,1.16664,1.16847,0.0
2025-08-13 15:00:00,1.16846,1.17311,1.16764,1.16989,0.0
2025-08-13 23:00:00,1.16988,1.17238,1.16937,1.17061,0.0
2025-08-14 07:00:00,1.17063,1.17163,1.16985,1.17043,0.0
2025-08-14 15:00:00,1.17043,1.17074,1.16486,1.16628,0.0
2025-08-14 23:00:00,1.16637,1.1672,1.16304,1.16482,0.0
2025-08-15 07:00:00,1.16481,1.16651,1.16455,1.16633,0.0
2025-08-15 15:00:00,1.16631,1.17005,1.16615,1.16936,0.0
2025-08-15 23:00:00,1.16938,1.1716,1.1681,1.16902,0.0
2025-08-16 07:00:00,1.16901,1.17013,1.16901,1.17013,0.0
2025-08-18 07:00:00,1.17144,1.17149,1.16936,1.17083,0.0
2025-08-18 15:00:00,1.17081,1.17092,1.16667,1.16755,0.0
2025-08-18 23:00:00,1.16762,1.16847,1.16563,1.16612,0.0
2025-08-19 07:00:00,1.16609,1.16757,1.16385,1.16611,0.0
2025-08-19 15:00:00,1.16612,1.16934,1.1651,1.16764,0.0
2025-08-19 23:00:00,1.16754,1.16784,1.1642,1.16471,0.0
2025-08-20 07:00:00,1.16509,1.16552,1.16215,1.16343,0.0
2025-08-20 15:00:00,1.16344,1.16743,1.1623,1.16708,0.0
2025-08-20 23:00:00,1.16705,1.16728,1.1646,1.16526,0.0
2025-08-21 07:00:00,1.1653,1.16585,1.16409,1.16458,0.0
2025-08-21 15:00:00,1.16459,1.16632,1.16249,1.16469,0.0
2025-08-21 23:00:00,1.16468,1.16499,1.16006,1.16063,0.0
2025-08-22 07:00:00,1.1606,1.16171,1.15823,1.15847,0.0
2025-08-22 15:00:00,1.15848,1.16142,1.15829,1.16088,0.0
2025-08-22 23:00:00,1.16089,1.17432,1.15974,1.17152,0.0
2025-08-23 07:00:00,1.17152,1.17152,1.17152,1.17152,0.0
2025-08-25 07:00:00,1.17135,1.1715,1.16931,1.17059,0.0
2025-08-25 15:00:00,1.17058,1.17215,1.16851,1.16996,0.0
2025-08-25 23:00:00,1.16998,1.17095,1.16029,1.16189,0.0
2025-08-26 07:00:00,1.16255,1.1661,1.16097,1.16322,0.0
2025-08-26 15:00:00,1.16325,1.16612,1.16027,1.16463,0.0
2025-08-26 23:00:00,1.16465,1.16648,1.1633,1.16417,0.0
2025-08-27 07:00:00,1.16475,1.16529,1.16122,1.16143,0.0
2025-08-27 15:00:00,1.16145,1.16247,1.15744,1.15867,0.0
2025-08-27 23:00:00,1.15868,1.16431,1.15818,1.16387,0.0
2025-08-28 07:00:00,1.16379,1.16551,1.16274,1.16395,0.0
2025-08-28 15:00:00,1.16393,1.16872,1.16283,1.16699,0.0
2025-08-28 23:00:00,1.16696,1.16978,1.16583,1.16825,0.0
2025-08-29 07:00:00,1.16816,1.1686,1.1656,1.16648,0.0
2025-08-29 15:00:00,1.16647,1.1691,1.16505,1.16583,0.0
2025-08-29 23:00:00,1.16588,1.1709,1.16533,1.1683,0.0
2025-08-30 07:00:00,1.1683,1.1683,1.1683,1.1683,0.0
2025-09-01 07:00:00,1.16884,1.17149,1.16862,1.17085,0.0
2025-09-01 15:00:00,1.17081,1.17369,1.17062,1.1708,0.0
2025-09-01 23:00:00,1.17078,1.17166,1.16963,1.17107,0.0
2025-09-02 07:00:00,1.17106,1.17188,1.169,1.16932,0.0
2025-09-02 15:00:00,1.16933,1.17077,1.16103,1.16175,0.0
2025-09-02 23:00:00,1.16176,1.16827,1.16151,1.16416,0.0
2025-09-03 07:00:00,1.16386,1.16493,1.16217,1.16315,0.0
2025-09-03 15:00:00,1.16314,1.16656,1.1608,1.16473,0.0
2025-09-03 23:00:00,1.16488,1.16818,1.16385,1.16603,0.0
2025-09-04 07:00:00,1.16613,1.167,1.16496,1.16514,0.0
2025-09-04 15:00:00,1.16517,1.16614,1.16295,1.16461,0.0
2025-09-04 23:00:00,1.16457,1.16564,1.16314,1.16488,0.0
2025-09-05 07:00:00,1.16491,1.16746,1.16456,1.16669,0.0
2025-09-05 15:00:00,1.16673,1.17526,1.16658,1.17329,0.0
2025-09-05 23:00:00,1.17352,1.17596,1.17108,1.17108,0.0
2025-09-06 07:00:00,1.17108,1.17108,1.17108,1.17108,0.0
2025-09-08 07:00:00,1.1706,1.17173,1.17049,1.1713,0.0
2025-09-08 15:00:00,1.17125,1.17427,1.1712,1.17377,0.0
2025-09-08 23:00:00,1.17376,1.17658,1.17346,1.17627,0.0
2025-09-09 07:00:00,1.1763,1.17782,1.17559,1.17725,0.0
2025-09-09 15:00:00,1.17724,1.1781,1.17272,1.17376,0.0
2025-09-09 23:00:00,1.17376,1.17639,1.17038,1.17085,0.0
2025-09-10 07:00:00,1.17088,1.17192,1.16945,1.17192,0.0
2025-09-10 15:00:00,1.17178,1.1726,1.1691,1.17003,0.0
2025-09-10 23:00:00,1.17,1.17305,1.16934,1.16951,0.0
2025-09-11 07:00:00,1.16946,1.17068,1.1693,1.16993,0.0
2025-09-11 15:00:00,1.16994,1.17205,1.16601,1.17149,0.0
2025-09-11 23:00:00,1.17156,1.17459,1.17139,1.17339,0.0
2025-09-12 07:00:00,1.17339,1.17406,1.17209,1.17256,0.0
2025-09-12 15:00:00,1.17258,1.17476,1.17014,1.17123,0.0
2025-09-12 23:00:00,1.17121,1.17417,1.17033,1.17328,0.0
2025-09-13 07:00:00,1.17328,1.17328,1.17328,1.17328,0.0
2025-09-15 07:00:00,1.17283,1.17354,1.17219,1.1734,0.0
2025-09-15 15:00:00,1.17341,1.17709,1.17162,1.17695,0.0
2025-09-15 23:00:00,1.17697,1.17744,1.17507,1.1761,0.0
2025-09-16 07:00:00,1.1761,1.17867,1.17574,1.17768,0.0
2025-09-16 15:00:00,1.17768,1.18213,1.17736,1.18042,0.0
2025-09-16 23:00:00,1.18043,1.18782,1.18042,1.1867,0.0
2025-09-17 07:00:00,1.18668,1.1873,1.18512,1.18539,0.0
2025-09-17 15:00:00,1.18542,1.18596,1.18327,1.18434,0.0
2025-09-17 23:00:00,1.18441,1.19183,1.18078,1.18128,0.0
2025-09-18 07:00:00,1.18122,1.18288,1.17937,1.1795,0.0
2025-09-18 15:00:00,1.17951,1.18482,1.17806,1.17955,0.0
2025-09-18 23:00:00,1.17944,1.17961,1.17503,1.17859,0.0
2025-09-19 07:00:00,1.17849,1.17924,1.17705,1.17739,0.0
2025-09-19 15:00:00,1.17738,1.17781,1.17288,1.1736,0.0
2025-09-19 23:00:00,1.1736,1.17677,1.17355,1.17442,0.0
2025-09-20 07:00:00,1.17442,1.17442,1.17442,1.17442,0.0
2025-09-22 07:00:00,1.17408,1.17415,1.17261,1.17306,0.0
2025-09-22 15:00:00,1.17303,1.17871,1.17298,1.17831,0.0
2025-09-22 23:00:00,1.17838,1.18037,1.17628,1.18034,0.0
2025-09-23 07:00:00,1.18027,1.18198,1.1789,1.17977,0.0
2025-09-23 15:00:00,1.1797,1.18122,1.17785,1.17968,0.0
2025-09-23 23:00:00,1.17969,1.18183,1.17844,1.18152,0.0
2025-09-24 07:00:00,1.18152,1.18188,1.1795,1.18029,0.0
2025-09-24 15:00:00,1.18028,1.18047,1.17395,1.17427,0.0
2025-09-24 23:00:00,1.17426,1.17462,1.17283,1.17375,0.0
2025-09-25 07:00:00,1.17376,1.17536,1.17376,1.1752,0.0
2025-09-25 15:00:00,1.17521,1.17539,1.16879,1.16981,0.0
2025-09-25 23:00:00,1.16986,1.17101,1.16454,1.16653,0.0
2025-09-26 07:00:00,1.16653,1.16819,1.1657,1.16799,0.0
2025-09-26 15:00:00,1.16799,1.16878,1.16618,1.1683,0.0
2025-09-26 23:00:00,1.16834,1.17072,1.16782,1.17009,0.0
2025-09-27 07:00:00,1.17009,1.17009,1.17009,1.17009,0.0
2025-09-29 07:00:00,1.17042,1.1733,1.17038,1.1727,0.0
2025-09-29 15:00:00,1.17267,1.17513,1.17081,1.175,0.0
2025-09-29 23:00:00,1.17502,1.17544,1.17202,1.17266,0.0
2025-09-30 07:00:00,1.17266,1.17323,1.17123,1.17286,0.0
2025-09-30 15:00:00,1.17287,1.17611,1.17282,1.17371,0.0
2025-09-30 23:00:00,1.17372,1.17615,1.17165,1.1733,0.0
2025-10-01 07:00:00,1.17331,1.17585,1.17296,1.17582,0.0
2025-10-01 15:00:00,1.17581,1.17786,1.17159,1.1749,0.0
2025-10-01 23:00:00,1.17493,1.17629,1.17155,1.17237,0.0
2025-10-02 07:00:00,1.17237,1.17418,1.17237,1.17342,0.0
2025-10-02 15:00:00,1.17343,1.17582,1.17295,1.17374,0.0
2025-10-02 23:00:00,1.17383,1.17437,1.16833,1.17153,0.0
2025-10-03 07:00:00,1.17153,1.17292,1.17137,1.17179,0.0
2025-10-03 15:00:00,1.1718,1.17446,1.17152,1.17393,0.0
2025-10-03 23:00:00,1.17395,1.17586,1.17267,1.17384,0.0
2025-10-04 07:00:00,1.17384,1.17423,1.17384,1.17423,0.0
2025-10-06 07:00:00,1.17243,1.17307,1.17101,1.17237,0.0
2025-10-06 15:00:00,1.17243,1.17273,1.16517,1.16752,0.0
2025-10-06 23:00:00,1.16754,1.17206,1.1673,1.17107,0.0
2025-10-07 07:00:00,1.17105,1.17206,1.16966,1.17069,0.0
2025-10-07 15:00:00,1.17031,1.17082,1.1654,1.16625,0.0
2025-10-07 23:00:00,1.16621,1.16811,1.16477,1.16502,0.0
2025-10-08 07:00:00,1.16503,1.16645,1.1617,1.16238,0.0
2025-10-08 15:00:00,1.16238,1.16361,1.16059,1.16261,0.0
2025-10-08 23:00:00,1.16268,1.16445,1.15985,1.1628,0.0
2025-10-09 07:00:00,1.16278,1.16475,1.16234,1.16448,0.0
2025-10-09 15:00:00,1.16448,1.1648,1.1603,1.1612,0.0
2025-10-09 23:00:00,1.1612,1.16224,1.15421,1.15595,0.0
2025-10-10 07:00:00,1.15593,1.1574,1.1559,1.15731,0.0
2025-10-10 15:00:00,1.15728,1.15892,1.15606,1.15609,0.0
2025-10-10 23:00:00,1.15613,1.16305,1.15593,1.16126,0.0
2025-10-11 07:00:00,1.16128,1.16285,1.16039,1.16131,0.0
2025-10-13 07:00:00,1.15934,1.16275,1.15934,1.16208,0.0
2025-10-13 15:00:00,1.16207,1.16296,1.15657,1.15683,0.0
2025-10-13 23:00:00,1.15683,1.15789,1.15574,1.15662,0.0
2025-10-14 07:00:00,1.15661,1.15818,1.1555,1.15795,0.0
2025-10-14 15:00:00,1.15787,1.15935,1.15427,1.15521,0.0
2025-10-14 23:00:00,1.15529,1.16147,1.1548,1.16055,0.0
2025-10-15 07:00:00,1.16055,1.16258,1.15999,1.1622,0.0
2025-10-15 15:00:00,1.16226,1.16453,1.16169,1.16199,0.0
2025-10-15 23:00:00,1.16203,1.16468,1.16105,1.16445,0.0
2025-10-16 07:00:00,1.16443,1.16752,1.16417,1.16621,0.0
2025-10-16 15:00:00,1.16621,1.16676,1.16432,1.1654,0.0
2025-10-16 23:00:00,1.16537,1.16941,1.16489,1.16889,0.0
2025-10-17 07:00:00,1.16888,1.17121,1.16848,1.17088,0.0
2025-10-17 15:00:00,1.17094,1.17283,1.16803,1.16849,0.0
2025-10-17 23:00:00,1.16853,1.16862,1.16568,1.16706,0.0
2025-10-18 07:00:00,1.16727,1.16727,1.16489,1.16508,0.0
2025-10-20 07:00:00,1.16566,1.16706,1.1653,1.16682,0.0
2025-10-20 15:00:00,1.16682,1.16754,1.16444,1.16565,0.0
2025-10-20 23:00:00,1.1657,1.16644,1.16384,1.16409,0.0
2025-10-21 07:00:00,1.1641,1.16551,1.16327,1.16345,0.0
2025-10-21 15:00:00,1.16345,1.16371,1.16066,1.16128,0.0
2025-10-21 23:00:00,1.16138,1.16242,1.15977,1.16006,0.0
2025-10-22 07:00:00,1.16009,1.16108,1.1599,1.16077,0.0
2025-10-22 15:00:00,1.16068,1.16156,1.15825,1.15825,0.0
2025-10-22 23:00:00,1.15824,1.16222,1.15769,1.16058,0.0
2025-10-23 07:00:00,1.16059,1.16184,1.1592,1.15923,0.0
2025-10-23 15:00:00,1.15926,1.16059,1.15854,1.1587,0.0
2025-10-23 23:00:00,1.15872,1.16225,1.15866,1.16158,0.0
2025-10-24 07:00:00,1.16167,1.16219,1.16074,1.16094,0.0
2025-10-24 15:00:00,1.16092,1.16274,1.16015,1.16153,0.0
2025-10-24 23:00:00,1.16162,1.16475,1.16098,1.16321,0.0
2025-10-25 07:00:00,1.16314,1.16355,1.16215,1.16246,0.0
2025-10-27 07:00:00,1.16308,1.16478,1.16261,1.16278,0.0
2025-10-27 15:00:00,1.16282,1.1647,1.1618,1.16457,0.0
2025-10-27 23:00:00,1.16457,1.16517,1.16324,1.16473,0.0
2025-10-28 07:00:00,1.16471,1.16637,1.16437,1.16603,0.0
2025-10-28 15:00:00,1.16603,1.16679,1.16468,1.16583,0.0
2025-10-28 23:00:00,1.16589,1.16681,1.1626,1.16521,0.0
2025-10-29 07:00:00,1.16521,1.16603,1.16373,1.16376,0.0
2025-10-29 15:00:00,1.16374,1.1649,1.1619,1.164,0.0
2025-10-29 23:00:00,1.16399,1.16651,1.15782,1.15992,0.0
2025-10-30 07:00:00,1.15997,1.16198,1.15913,1.16152,0.0
2025-10-30 15:00:00,1.16153,1.16345,1.15969,1.15979,0.0
2025-10-30 23:00:00,1.15979,1.15993,1.15474,1.15648,0.0
2025-10-31 07:00:00,1.15648,1.15774,1.15642,1.1567,0.0
2025-10-31 15:00:00,1.15668,1.15765,1.15553,1.15671,0.0
2025-10-31 23:00:00,1.15667,1.15667,1.15219,1.15248,0.0
2025-11-01 07:00:00,1.15268,1.15392,1.15252,1.1535,0.0
2025-11-03 07:00:00,1.15301,1.15384,1.15223,1.15343,0.0
2025-11-03 15:00:00,1.15341,1.15415,1.15078,1.15156,0.0
2025-11-03 23:00:00,1.15152,1.15376,1.15051,1.15192,0.0
2025-11-04 07:00:00,1.15197,1.15229,1.14983,1.1513,0.0
2025-11-04 15:00:00,1.15131,1.15333,1.14895,1.14897,0.0
2025-11-04 23:00:00,1.14901,1.14966,1.14729,1.1479,0.0
2025-11-05 07:00:00,1.14783,1.14978,1.14753,1.14884,0.0
2025-11-05 15:00:00,1.14888,1.14956,1.1476,1.14882,0.0
2025-11-05 23:00:00,1.14884,1.14932,1.14689,1.14857,0.0
2025-11-06 07:00:00,1.14863,1.15091,1.14861,1.15066,0.0
2025-11-06 15:00:00,1.15071,1.15232,1.15036,1.152,0.0
2025-11-06 23:00:00,1.152,1.15524,1.15142,1.15446,0.0
2025-11-07 07:00:00,1.15446,1.1554,1.15349,1.15383,0.0
2025-11-07 15:00:00,1.15384,1.15609,1.15295,1.15583,0.0
2025-11-07 23:00:00,1.15563,1.15912,1.15541,1.15592,0.0
2025-11-08 07:00:00,1.15602,1.15672,1.1558,1.15661,0.0
2025-11-10 07:00:00,1.15582,1.15609,1.15423,1.15549,0.0
2025-11-10 15:00:00,1.15552,1.1583,1.15521,1.15636,0.0
2025-11-10 23:00:00,1.15633,1.15776,1.15409,1.15612,0.0
2025-11-11 07:00:00,1.15613,1.15648,1.15468,1.15566,0.0
2025-11-11 15:00:00,1.15562,1.15779,1.15501,1.15718,0.0
2025-11-11 23:00:00,1.15718,1.1605,1.15694,1.15843,0.0
2025-11-12 07:00:00,1.15853,1.15892,1.15749,1.15779,0.0
2025-11-12 15:00:00,1.15779,1.15887,1.15656,1.15776,0.0
2025-11-12 23:00:00,1.15777,1.15982,1.15634,1.15867,0.0
2025-11-13 07:00:00,1.15861,1.15942,1.15793,1.15901,0.0
2025-11-13 15:00:00,1.15901,1.16347,1.15806,1.16073,0.0
2025-11-13 23:00:00,1.16082,1.16553,1.16067,1.16356,0.0
2025-11-14 07:00:00,1.16352,1.16446,1.16231,1.16383,0.0
2025-11-14 15:00:00,1.16383,1.16488,1.1609,1.16194,0.0
2025-11-14 23:00:00,1.162,1.16536,1.16068,1.16183,0.0
2025-11-15 07:00:00,1.16183,1.16239,1.16154,1.16154,0.0
2025-11-17 07:00:00,1.1621,1.1625,1.15965,1.15987,0.0
2025-11-17 15:00:00,1.15989,1.16152,1.15952,1.16013,0.0
2025-11-17 23:00:00,1.16013,1.16046,1.1582,1.15843,0.0
2025-11-18 07:00:00,1.1584,1.15959,1.1583,1.15922,0.0
2025-11-18 15:00:00,1.15922,1.16061,1.158,1.15847,0.0
2025-11-18 23:00:00,1.15844,1.16081,1.15718,1.15861,0.0
2025-11-19 07:00:00,1.15857,1.15875,1.15734,1.15861,0.0
2025-11-19 15:00:00,1.15875,1.15969,1.15661,1.15861,0.0
2025-11-19 23:00:00,1.15873,1.15905,1.15189,1.1521,0.0
2025-11-20 07:00:00,1.15212,1.15422,1.15107,1.15138,0.0
2025-11-20 15:00:00,1.15139,1.15294,1.15125,1.15148,0.0
2025-11-20 23:00:00,1.15145,1.15495,1.15078,1.15376,0.0
2025-11-21 07:00:00,1.15379,1.15387,1.15239,1.15363,0.0
2025-11-21 15:00:00,1.15363,1.1552,1.15052,1.15064,0.0
2025-11-21 23:00:00,1.15047,1.15274,1.14912,1.15139,0.0
2025-11-22 07:00:00,1.15133,1.1521,1.15095,1.15125,0.0
2025-11-24 07:00:00,1.15121,1.1519,1.15024,1.15163,0.0
2025-11-24 15:00:00,1.15166,1.15467,1.15102,1.15449,0.0
2025-11-24 23:00:00,1.15451,1.15498,1.15123,1.15276,0.0
2025-11-25 07:00:00,1.15274,1.15304,1.15174,1.15178,0.0
2025-11-25 15:00:00,1.15179,1.15413,1.1512,1.15261,0.0
2025-11-25 23:00:00,1.1526,1.15855,1.1526,1.15851,0.0
2025-11-26 07:00:00,1.15849,1.15919,1.15596,1.1591,0.0
2025-11-26 15:00:00,1.15911,1.15968,1.15669,1.15747,0.0
2025-11-26 23:00:00,1.15745,1.16006,1.15495,1.1594,0.0
2025-11-27 07:00:00,1.15937,1.16136,1.15888,1.16032,0.0
2025-11-27 15:00:00,1.16031,1.16065,1.15768,1.15865,0.0
2025-11-27 23:00:00,1.15863,1.16008,1.15818,1.15958,0.0
2025-11-28 07:00:00,1.15956,1.16023,1.15814,1.15878,0.0
2025-11-28 15:00:00,1.15878,1.15919,1.15554,1.15681,0.0
2025-11-28 23:00:00,1.1568,1.16082,1.15624,1.16032,0.0
2025-11-29 07:00:00,1.1603,1.16048,1.1598,1.15993,0.0
2025-12-01 07:00:00,1.15938,1.16157,1.15903,1.15965,0.0
2025-12-01 15:00:00,1.15966,1.16319,1.15914,1.16278,0.0
2025-12-01 23:00:00,1.16275,1.16519,1.16078,1.16087,0.0
2025-12-02 07:00:00,1.16086,1.16134,1.16039,1.16121,0.0
2025-12-02 15:00:00,1.16122,1.16165,1.15996,1.16127,0.0
2025-12-02 23:00:00,1.16125,1.16239,1.15931,1.16239,0.0
2025-12-03 07:00:00,1.16238,1.16395,1.16197,1.16379,0.0
2025-12-03 15:00:00,1.1638,1.16665,1.16365,1.16659,0.0
2025-12-03 23:00:00,1.16656,1.16781,1.16561,1.16739,0.0
2025-12-04 07:00:00,1.16738,1.16756,1.16534,1.16563,0.0
2025-12-04 15:00:00,1.16563,1.16825,1.16532,1.16805,0.0
2025-12-04 23:00:00,1.16803,1.1681,1.16509,1.16528,0.0
2025-12-05 07:00:00,1.16528,1.16552,1.16414,1.16492,0.0
2025-12-05 15:00:00,1.16492,1.16717,1.16426,1.16464,0.0
2025-12-05 23:00:00,1.1646,1.16591,1.16297,1.16435,0.0
2025-12-06 07:00:00,1.16435,1.16481,1.16398,1.16431,0.0
2025-12-08 07:00:00,1.1641,1.16557,1.16394,1.16506,0.0
2025-12-08 15:00:00,1.16505,1.16731,1.16483,1.16523,0.0
2025-12-08 23:00:00,1.16522,1.16565,1.16171,1.16398,0.0
2025-12-09 07:00:00,1.16398,1.16489,1.1634,1.16464,0.0
2025-12-09 15:00:00,1.16463,1.16575,1.16333,1.16444,0.0
2025-12-09 23:00:00,1.16442,1.16446,1.16165,1.1628,0.0
2025-12-10 07:00:00,1.16281,1.16324,1.16226,1.16265,0.0
2025-12-10 15:00:00,1.16265,1.16572,1.16254,1.16357,0.0
2025-12-10 23:00:00,1.16354,1.16818,1.16271,1.16791,0.0
2025-12-11 07:00:00,1.16789,1.17071,1.16764,1.16921,0.0
2025-12-11 15:00:00,1.16919,1.17176,1.16831,1.17141,0.0
2025-12-11 23:00:00,1.1714,1.17625,1.17099,1.17413,0.0
2025-12-12 07:00:00,1.17413,1.17463,1.17317,1.17351,0.0
2025-12-12 15:00:00,1.1735,1.17432,1.1723,1.17272,0.0
2025-12-12 23:00:00,1.17271,1.17502,1.17193,1.17408,0.0
2025-12-13 07:00:00,1.1741,1.17468,1.17386,1.17402,0.0
2025-12-15 07:00:00,1.17387,1.17453,1.17288,1.17348,0.0
2025-12-15 15:00:00,1.17346,1.17506,1.1728,1.17495,0.0
2025-12-15 23:00:00,1.17493,1.17691,1.17387,1.17496,0.0
2025-12-16 07:00:00,1.17496,1.17594,1.17474,1.1752,0.0
2025-12-16 15:00:00,1.17519,1.17637,1.17456,1.17628,0.0
2025-12-16 23:00:00,1.17625,1.18017,1.17363,1.1758,0.0
2025-12-17 07:00:00,1.17582,1.17631,1.17373,1.17391,0.0
2025-12-17 15:00:00,1.17389,1.17395,1.17046,1.171,0.0
2025-12-17 23:00:00,1.17099,1.17573,1.17096,1.17447,0.0
2025-12-18 07:00:00,1.17449,1.17466,1.17355,1.17398,0.0
2025-12-18 15:00:00,1.17396,1.17496,1.17185,1.17216,0.0
2025-12-18 23:00:00,1.17215,1.17596,1.17137,1.17248,0.0
2025-12-19 07:00:00,1.17249,1.17288,1.17186,1.17214,0.0
2025-12-19 15:00:00,1.17212,1.17224,1.1705,1.17126,0.0
2025-12-19 23:00:00,1.17126,1.17382,1.17041,1.17236,0.0
2025-12-20 07:00:00,1.17238,1.17258,1.17072,1.17091,0.0
2025-12-22 07:00:00,1.17175,1.17219,1.17069,1.17181,0.0
2025-12-22 15:00:00,1.17179,1.17391,1.17133,1.17334,0.0
2025-12-22 23:00:00,1.17332,1.17688,1.17332,1.17559,0.0
2025-12-23 07:00:00,1.17558,1.17805,1.17528,1.17767,0.0
2025-12-23 15:00:00,1.17764,1.18005,1.17684,1.17959,0.0
2025-12-23 23:00:00,1.17957,1.18021,1.17655,1.17908,0.0
2025-12-24 07:00:00,1.17908,1.18082,1.17877,1.17882,0.0
2025-12-24 15:00:00,1.17879,1.18033,1.17809,1.17933,0.0
2025-12-24 23:00:00,1.17933,1.17935,1.17849,1.17849,0.0
2025-12-25 23:00:00,1.17823,1.17907,1.17768,1.17832,0.0
2025-12-26 07:00:00,1.17828,1.17945,1.17738,1.17853,0.0
2025-12-26 15:00:00,1.17851,1.1788,1.17674,1.17774,0.0
2025-12-26 23:00:00,1.17773,1.17965,1.17623,1.17756,0.0
2025-12-27 07:00:00,1.17759,1.17817,1.1767,1.17718,0.0
2025-12-29 07:00:00,1.17695,1.17867,1.17692,1.17743,0.0
2025-12-29 15:00:00,1.17741,1.17887,1.17541,1.17672,0.0
2025-12-29 23:00:00,1.17672,1.17889,1.17506,1.17674,0.0
2025-12-30 07:00:00,1.17675,1.17768,1.17653,1.17733,0.0
2025-12-30 15:00:00,1.17731,1.17801,1.17649,1.17669,0.0
2025-12-30 23:00:00,1.17669,1.17683,1.17459,1.17462,0.0
2025-12-31 07:00:00,1.17464,1.17503,1.17397,1.17438,0.0
2025-12-31 15:00:00,1.17436,1.17479,1.1721,1.17472,0.0
2025-12-31 23:00:00,1.17472,1.17583,1.17472,1.17566,0.0
2026-01-01 23:00:00,1.17464,1.17506,1.17429,1.17442,0.0
2026-01-02 07:00:00,1.17442,1.17653,1.17424,1.17649,0.0
2026-01-02 15:00:00,1.17647,1.17652,1.17139,1.17214,0.0
2026-01-02 23:00:00,1.17215,1.17527,1.17141,1.17235,0.0
2026-01-03 07:00:00,1.17234,1.17237,1.17159,1.17204,0.0
2026-01-05 07:00:00,1.17238,1.17251,1.16724,1.16762,0.0
2026-01-05 15:00:00,1.1676,1.16956,1.16732,1.16824,0.0
2026-01-05 23:00:00,1.16824,1.17286,1.16597,1.1728,0.0
2026-01-06 07:00:00,1.17278,1.17385,1.17109,1.17352,0.0
2026-01-06 15:00:00,1.1735,1.17426,1.17056,1.17064,0.0
2026-01-06 23:00:00,1.17065,1.17176,1.16842,1.16903,0.0
2026-01-07 07:00:00,1.16902,1.17024,1.16852,1.16991,0.0
2026-01-07 15:00:00,1.16988,1.17025,1.1674,1.16886,0.0
2026-01-07 23:00:00,1.16888,1.1699,1.16791,1.16833,0.0
2026-01-08 07:00:00,1.16831,1.16844,1.16722,1.16803,0.0
2026-01-08 15:00:00,1.16801,1.16838,1.16697,1.16779,0.0
2026-01-08 23:00:00,1.16779,1.1678,1.16424,1.16499,0.0
2026-01-09 07:00:00,1.16498,1.1663,1.16463,1.16566,0.0
2026-01-09 15:00:00,1.16563,1.1657,1.16383,1.16461,0.0
2026-01-09 23:00:00,1.16462,1.1659,1.16191,1.1635,0.0
2026-01-10 07:00:00,1.16349,1.16413,1.163,1.16409,0.0
2026-01-10 15:00:00,1.16407,1.16418,1.16351,1.16367,0.0
2026-01-10 23:00:00,1.16368,1.16372,1.1634,1.16351,0.0
2026-01-11 07:00:00,1.1635,1.16363,1.16341,1.16348,0.0
2026-01-11 15:00:00,1.16346,1.16351,1.16337,1.16339,0.0
2026-01-11 23:00:00,1.1634,1.16562,1.16321,1.1637,0.0
2026-01-12 07:00:00,1.16368,1.1671,1.16226,1.16563,0.0
2026-01-12 15:00:00,1.16562,1.16956,1.16536,1.16785,0.0
2026-01-12 23:00:00,1.16787,1.16984,1.16657,1.16727,0.0
2026-01-13 07:00:00,1.16725,1.1673,1.16568,1.16593,0.0
2026-01-13 15:00:00,1.16591,1.16748,1.16543,1.16685,0.0
2026-01-13 23:00:00,1.16686,1.16757,1.16357,1.16496,0.0
2026-01-14 07:00:00,1.16494,1.16503,1.16361,1.16476,0.0
2026-01-14 15:00:00,1.16475,1.1658,1.16417,1.16467,0.0
2026-01-14 23:00:00,1.16473,1.16619,1.16361,1.16374,0.0
2026-01-15 07:00:00,1.16372,1.16476,1.16338,1.16392,0.0
2026-01-15 15:00:00,1.16391,1.16404,1.16266,1.1631,0.0
2026-01-15 23:00:00,1.16311,1.16352,1.15935,1.16138,0.0
2026-01-16 07:00:00,1.16136,1.16155,1.16023,1.16122,0.0
2026-01-16 15:00:00,1.1612,1.16231,1.16048,1.16199,0.0
2026-01-16 23:00:00,1.16201,1.16275,1.15851,1.15968,0.0
2026-01-17 07:00:00,1.15966,1.16068,1.15937,1.15944,0.0
2026-01-17 15:00:00,1.15943,1.16038,1.15937,1.15945,0.0
2026-01-17 23:00:00,1.15946,1.16061,1.15939,1.16056,0.0
2026-01-18 07:00:00,1.16053,1.16063,1.16016,1.16059,0.0
2026-01-18 15:00:00,1.16058,1.16067,1.15995,1.16027,0.0
2026-01-18 23:00:00,1.16028,1.16043,1.15654,1.15786,0.0
2026-01-19 07:00:00,1.15783,1.16368,1.15754,1.16249,0.0
2026-01-19 15:00:00,1.16248,1.16397,1.16123,1.16285,0.0
2026-01-19 23:00:00,1.16284,1.16494,1.16255,1.16435,0.0
2026-01-20 07:00:00,1.16432,1.16587,1.16324,1.1657,0.0
2026-01-20 15:00:00,1.1657,1.1739,1.16566,1.17351,0.0
2026-01-20 23:00:00,1.17351,1.1749,1.17133,1.17133,0.0
2026-01-21 07:00:00,1.17131,1.17343,1.17109,1.1719,0.0
2026-01-21 15:00:00,1.1719,1.17249,1.17019,1.17138,0.0
2026-01-21 23:00:00,1.17139,1.17433,1.16781,1.16913,0.0
2026-01-22 07:00:00,1.16911,1.16939,1.16701,1.16891,0.0
2026-01-22 15:00:00,1.16891,1.1704,1.16845,1.17033,0.0
2026-01-22 23:00:00,1.17031,1.17503,1.17005,1.17443,0.0
2026-01-23 07:00:00,1.1744,1.17596,1.17427,1.1744,0.0
2026-01-23 15:00:00,1.1744,1.17544,1.17288,1.17375,0.0
2026-01-23 23:00:00,1.17376,1.1814,1.17329,1.18126,0.0
2026-01-24 07:00:00,1.18123,1.18348,1.18108,1.18231,0.0
2026-01-24 15:00:00,1.18231,1.18245,1.18204,1.18231,0.0
2026-01-24 23:00:00,1.18231,1.1825,1.18215,1.18247,0.0
2026-01-25 07:00:00,1.18244,1.18252,1.18227,1.1824,0.0
2026-01-25 15:00:00,1.1824,1.18262,1.18169,1.18213,0.0
2026-01-25 23:00:00,1.18213,1.1865,1.18056,1.18545,0.0
2026-01-26 07:00:00,1.1854,1.18957,1.18384,1.18621,0.0
2026-01-26 15:00:00,1.18621,1.18714,1.1837,1.18565,0.0
2026-01-26 23:00:00,1.18564,1.19084,1.18356,1.18798,0.0
2026-01-27 07:00:00,1.18794,1.18992,1.18731,1.188,0.0
2026-01-27 15:00:00,1.18801,1.18969,1.1851,1.18966,0.0
2026-01-27 23:00:00,1.18964,1.19908,1.18951,1.19773,0.0
2026-01-28 07:00:00,1.19771,1.20656,1.19757,1.19972,0.0
2026-01-28 15:00:00,1.19973,1.20233,1.1963,1.19695,0.0
2026-01-28 23:00:00,1.19694,1.19834,1.18966,1.19407,0.0
2026-01-29 07:00:00,1.19402,1.19873,1.19316,1.19861,0.0
2026-01-29 15:00:00,1.19862,1.19941,1.19384,1.19478,0.0
2026-01-29 23:00:00,1.19476,1.19706,1.19073,1.19525,0.0
2026-01-30 07:00:00,1.19524,1.19744,1.18944,1.1921,0.0
2026-01-30 15:00:00,1.1921,1.1949,1.18984,1.1949,0.0
2026-01-30 23:00:00,1.1949,1.19544,1.18533,1.18686,0.0
2026-01-31 07:00:00,1.18683,1.18689,1.18503,1.18608,0.0
2026-01-31 15:00:00,1.18609,1.18614,1.18558,1.1861,0.0
2026-01-31 23:00:00,1.18609,1.18614,1.18517,1.18539,0.0
2026-02-01 07:00:00,1.18537,1.18572,1.18527,1.18546,0.0
2026-02-01 15:00:00,1.18547,1.18554,1.18505,1.18523,0.0
2026-02-01 23:00:00,1.18522,1.18739,1.18364,1.18533,0.0
2026-02-02 07:00:00,1.18534,1.18745,1.18396,1.18652,0.0
2026-02-02 15:00:00,1.18653,1.18713,1.18429,1.18653,0.0
2026-02-02 23:00:00,1.18652,1.18691,1.17758,1.17897,0.0
2026-02-03 07:00:00,1.17899,1.18149,1.17814,1.18116,0.0
2026-02-03 15:00:00,1.18115,1.18237,1.17815,1.17879,0.0
2026-02-03 23:00:00,1.17878,1.18282,1.178,1.18154,0.0
2026-02-04 07:00:00,1.18156,1.18318,1.18088,1.18271,0.0
2026-02-04 15:00:00,1.18271,1.18375,1.18063,1.18115,0.0
2026-02-04 23:00:00,1.18113,1.18272,1.17918,1.18095,0.0
2026-02-05 07:00:00,1.18093,1.18098,1.17849,1.17888,0.0
2026-02-05 15:00:00,1.17889,1.18081,1.1781,1.17936,0.0
2026-02-05 23:00:00,1.17934,1.1821,1.17837,1.17946,0.0
2026-02-06 07:00:00,1.17946,1.17948,1.17673,1.17879,0.0
2026-02-06 15:00:00,1.1788,1.18028,1.17861,1.17902,0.0
2026-02-06 23:00:00,1.179,1.18255,1.17892,1.18195,0.0
2026-02-07 07:00:00,1.18192,1.18276,1.18079,1.18085,0.0
2026-02-07 15:00:00,1.18085,1.18192,1.18073,1.18088,0.0
2026-02-07 23:00:00,1.18086,1.18202,1.18083,1.18188,0.0
2026-02-08 07:00:00,1.18186,1.18204,1.18174,1.18188,0.0
2026-02-08 15:00:00,1.18147,1.18147,1.18147,1.18147,0.0
2026-02-09 07:00:00,1.18145,1.18329,1.18098,1.18193,0.0
2026-02-09 15:00:00,1.18193,1.18716,1.18193,1.18691,0.0
2026-02-09 23:00:00,1.18713,1.19262,1.18708,1.19201,0.0
2026-02-10 07:00:00,1.19198,1.19214,1.18968,1.19111,0.0
2026-02-10 15:00:00,1.19113,1.19203,1.1901,1.1904,0.0
2026-02-10 23:00:00,1.19037,1.19271,1.18879,1.19017,0.0
2026-02-11 07:00:00,1.19015,1.19131,1.18861,1.19108,0.0
2026-02-11 15:00:00,1.1911,1.19268,1.19067,1.19099,0.0
2026-02-11 23:00:00,1.19097,1.19101,1.18387,1.18801,0.0
2026-02-12 07:00:00,1.18799,1.18845,1.18665,1.18697,0.0
2026-02-12 15:00:00,1.18698,1.18884,1.18535,1.18842,0.0
2026-02-12 23:00:00,1.18839,1.18897,1.18574,1.18702,0.0
2026-02-13 07:00:00,1.18701,1.18729,1.1863,1.18672,0.0
2026-02-13 15:00:00,1.18673,1.18678,1.18485,1.18585,0.0
2026-02-13 23:00:00,1.18582,1.18862,1.18497,1.18672,0.0
2026-02-14 07:00:00,1.18672,1.18798,1.18618,1.18627,0.0
2026-02-14 15:00:00,1.18628,1.18698,1.18607,1.18613,0.0
2026-02-14 23:00:00,1.18611,1.18713,1.18451,1.18495,0.0
2026-02-15 07:00:00,1.18494,1.18969,1.18405,1.18706,0.0
2026-02-15 15:00:00,1.18706,1.18717,1.18705,1.18715,0.0
2026-02-15 23:00:00,1.18712,1.18776,1.18553,1.18711,0.0
2026-02-16 07:00:00,1.1871,1.18794,1.186,1.18675,0.0
2026-02-16 15:00:00,1.18675,1.1871,1.18583,1.18622,0.0
2026-02-16 23:00:00,1.1862,1.18632,1.18465,1.18542,0.0
2026-02-17 07:00:00,1.18541,1.18558,1.1839,1.18418,0.0
2026-02-17 15:00:00,1.18418,1.18504,1.18257,1.18303,0.0
2026-02-17 23:00:00,1.18299,1.18531,1.18058,1.18483,0.0
2026-02-18 07:00:00,1.18483,1.1858,1.18417,1.18419,0.0
2026-02-18 15:00:00,1.18419,1.1847,1.18293,1.1835,0.0
2026-02-18 23:00:00,1.18346,1.1849,1.17836,1.1787,0.0
2026-02-19 07:00:00,1.1787,1.17958,1.17826,1.1791,0.0
2026-02-19 15:00:00,1.17911,1.18079,1.17762,1.17808,0.0
2026-02-19 23:00:00,1.17805,1.1781,1.17428,1.17636,0.0
2026-02-20 07:00:00,1.17636,1.17785,1.17545,1.17581,0.0
2026-02-20 15:00:00,1.1758,1.17692,1.17448,1.17683,0.0
2026-02-20 23:00:00,1.17681,1.18064,1.17572,1.1781,0.0
2026-02-21 07:00:00,1.17811,1.17925,1.17784,1.17835,0.0
2026-02-21 15:00:00,1.17835,1.17857,1.17831,1.17837,0.0
2026-02-21 23:00:00,1.17834,1.17853,1.17832,1.17834,0.0
2026-02-22 07:00:00,1.17835,1.1784,1.17833,1.17835,0.0
2026-02-22 15:00:00,1.17835,1.1784,1.17833,1.17837,0.0
2026-02-22 23:00:00,1.17835,1.17954,1.17752,1.17865,0.0
2026-02-23 07:00:00,1.17866,1.18375,1.178,1.18239,0.0
2026-02-23 15:00:00,1.18237,1.18345,1.17817,1.17862,0.0
2026-02-23 23:00:00,1.1786,1.18097,1.17752,1.17914,0.0
2026-02-24 07:00:00,1.17914,1.17963,1.17724,1.17755,0.0
2026-02-24 15:00:00,1.17754,1.17932,1.17685,1.17815,0.0
2026-02-24 23:00:00,1.17812,1.17904,1.17671,1.17794,0.0
2026-02-25 07:00:00,1.17794,1.17947,1.17727,1.17906,0.0
2026-02-25 15:00:00,1.17905,1.18076,1.17712,1.17747,0.0
2026-02-25 23:00:00,1.17744,1.18147,1.17738,1.18073,0.0
2026-02-26 07:00:00,1.18073,1.18288,1.18037,1.1818,0.0
2026-02-26 15:00:00,1.18178,1.18221,1.1794,1.18011,0.0
2026-02-26 23:00:00,1.18008,1.18171,1.1774,1.17976,0.0
2026-02-27 07:00:00,1.17976,1.18057,1.17899,1.18042,0.0
2026-02-27 15:00:00,1.18041,1.18221,1.17922,1.18009,0.0
2026-02-27 23:00:00,1.18006,1.18263,1.17913,1.18192,0.0
2026-02-28 07:00:00,1.18194,1.18262,1.1805,1.18059,0.0
2026-02-28 15:00:00,1.18058,1.18141,1.18052,1.1806,0.0
2026-02-28 23:00:00,1.18058,1.18169,1.18053,1.18163,0.0
2026-03-01 07:00:00,1.18164,1.18174,1.18155,1.1817,0.0
2026-03-01 15:00:00,1.18169,1.18177,1.18143,1.18147,0.0
2026-03-01 23:00:00,1.18144,1.18153,1.17502,1.17839,0.0
2026-03-02 07:00:00,1.1785,1.1797,1.17527,1.17895,0.0
2026-03-02 15:00:00,1.17894,1.17908,1.16992,1.17337,0.0
2026-03-02 23:00:00,1.17338,1.1734,1.16731,1.1712,0.0
2026-03-03 07:00:00,1.1712,1.1713,1.16785,1.16913,0.0
2026-03-03 15:00:00,1.16911,1.16933,1.15822,1.15969,0.0
2026-03-03 23:00:00,1.15967,1.16246,1.15316,1.16142,0.0
2026-03-04 07:00:00,1.16141,1.16241,1.15767,1.1609,0.0
2026-03-04 15:00:00,1.16088,1.16542,1.15883,1.16352,0.0
2026-03-04 23:00:00,1.16349,1.16497,1.16183,1.16402,0.0
2026-03-05 07:00:00,1.16403,1.16469,1.16109,1.16124,0.0
2026-03-05 15:00:00,1.16122,1.16464,1.15827,1.16112,0.0
2026-03-05 23:00:00,1.16109,1.16273,1.1561,1.1572,0.0
2026-03-06 07:00:00,1.15722,1.16213,1.15713,1.16199,0.0
2026-03-06 15:00:00,1.16197,1.16212,1.15618,1.15631,0.0
2026-03-06 23:00:00,1.15628,1.162,1.1547,1.16032,0.0
2026-03-07 07:00:00,1.16031,1.1624,1.15969,1.16173,0.0
2026-03-07 15:00:00,1.16171,1.16186,1.16169,1.16172,0.0
2026-03-07 23:00:00,1.16171,1.16199,1.16169,1.1619,0.0
2026-03-08 07:00:00,1.16191,1.16206,1.16172,1.16194,0.0
2026-03-08 15:00:00,1.16191,1.16214,1.16169,1.16172,0.0
2026-03-08 23:00:00,1.16171,1.16208,1.15514,1.15694,0.0
2026-03-09 07:00:00,1.15678,1.15805,1.15085,1.15167,0.0
2026-03-09 15:00:00,1.15164,1.15705,1.15164,1.1559,0.0
2026-03-09 23:00:00,1.15586,1.16302,1.15463,1.16109,0.0
2026-03-10 07:00:00,1.16111,1.16462,1.16083,1.16102,0.0
2026-03-10 15:00:00,1.161,1.16641,1.16079,1.16395,0.0
2026-03-10 23:00:00,1.16395,1.16684,1.161,1.16146,0.0
2026-03-11 07:00:00,1.16145,1.16325,1.16034,1.16311,0.0
2026-03-11 15:00:00,1.16309,1.16426,1.15913,1.1597,0.0
2026-03-11 23:00:00,1.15971,1.16086,1.15637,1.15735,0.0
2026-03-12 07:00:00,1.15734,1.15754,1.15329,1.15384,0.0
2026-03-12 15:00:00,1.1538,1.15647,1.1532,1.15567,0.0
2026-03-12 23:00:00,1.15567,1.15569,1.15113,1.15159,0.0
2026-03-13 07:00:00,1.15157,1.15292,1.15051,1.15095,0.0
2026-03-13 15:00:00,1.15092,1.15097,1.14347,1.14682,0.0
2026-03-13 23:00:00,1.14682,1.149,1.14206,1.14224,0.0
2026-03-14 07:00:00,1.14223,1.14722,1.14113,1.14688,0.0
2026-03-14 15:00:00,1.14685,1.1471,1.14121,1.14169,0.0
2026-03-14 23:00:00,1.14169,1.14702,1.14144,1.1455,0.0
2026-03-15 07:00:00,1.14551,1.14706,1.14497,1.14681,0.0
2026-03-15 15:00:00,1.14678,1.14707,1.14444,1.14445,0.0
2026-03-15 23:00:00,1.14445,1.1445,1.13515,1.14237,0.0
2026-03-16 07:00:00,1.14234,1.14556,1.14157,1.14513,0.0
2026-03-16 15:00:00,1.14512,1.14878,1.14146,1.14793,0.0
2026-03-16 23:00:00,1.14793,1.15237,1.14729,1.15071,0.0
2026-03-17 07:00:00,1.15074,1.15102,1.1487,1.14927,0.0
2026-03-17 15:00:00,1.14925,1.15237,1.1468,1.15084,0.0
2026-03-17 23:00:00,1.15084,1.15475,1.15052,1.15348,0.0
2026-03-18 07:00:00,1.1535,1.15443,1.15324,1.15366,0.0
2026-03-18 15:00:00,1.15362,1.1554,1.15192,1.15477,0.0
2026-03-18 23:00:00,1.15477,1.15478,1.14693,1.14696,0.0
2026-03-19 07:00:00,1.14695,1.1493,1.14499,1.1476,0.0
2026-03-19 15:00:00,1.1476,1.1488,1.14437,1.14784,0.0
2026-03-19 23:00:00,1.14785,1.16164,1.1465,1.15802,0.0
2026-03-20 07:00:00,1.158,1.15975,1.15564,1.15572,0.0
2026-03-20 15:00:00,1.1557,1.15804,1.15364,1.15713,0.0
2026-03-20 23:00:00,1.15714,1.15788,1.15257,1.15578,0.0
2026-03-21 07:00:00,1.15579,1.1617,1.15578,1.15918,0.0
2026-03-21 15:00:00,1.15915,1.15931,1.15775,1.15915,0.0
2026-03-21 23:00:00,1.15915,1.15931,1.15788,1.15868,0.0
2026-03-22 07:00:00,1.15867,1.15935,1.15834,1.15893,0.0
2026-03-22 15:00:00,1.15891,1.15951,1.15846,1.15916,0.0
2026-03-22 23:00:00,1.15916,1.15921,1.15237,1.15448,0.0
2026-03-23 07:00:00,1.15452,1.15644,1.1535,1.1548,0.0
2026-03-23 15:00:00,1.15476,1.16148,1.14832,1.15586,0.0
2026-03-23 23:00:00,1.15585,1.16393,1.15446,1.16148,0.0
2026-03-24 07:00:00,1.16146,1.16177,1.15805,1.15831,0.0
2026-03-24 15:00:00,1.15828,1.16139,1.15765,1.15898,0.0
2026-03-24 23:00:00,1.15899,1.16019,1.15595,1.15855,0.0
2026-03-25 07:00:00,1.15854,1.163,1.15824,1.16036,0.0
2026-03-25 15:00:00,1.16034,1.16169,1.15874,1.16042,0.0
2026-03-25 23:00:00,1.16046,1.16128,1.15553,1.15625,0.0
2026-03-26 07:00:00,1.15624,1.15692,1.15546,1.15688,0.0
2026-03-26 15:00:00,1.15686,1.15727,1.15235,1.15242,0.0
2026-03-26 23:00:00,1.15243,1.1555,1.15225,1.15227,0.0
2026-03-27 07:00:00,1.15225,1.15472,1.15199,1.15388,0.0
2026-03-27 15:00:00,1.15386,1.15462,1.15059,1.15087,0.0
2026-03-27 23:00:00,1.15086,1.15491,1.1502,1.1518,0.0
2026-03-28 07:00:00,1.15178,1.15542,1.15079,1.15455,0.0
2026-03-28 15:00:00,1.15454,1.15459,1.15086,1.15103,0.0
2026-03-28 23:00:00,1.15104,1.15403,1.1509,1.15393,0.0
2026-03-29 07:00:00,1.15391,1.15409,1.15279,1.15394,0.0
2026-03-29 15:00:00,1.1539,1.15428,1.15174,1.15315,0.0
2026-03-29 23:00:00,1.15316,1.15321,1.14874,1.15007,0.0
2026-03-30 07:00:00,1.15005,1.15191,1.14868,1.15162,0.0
2026-03-30 15:00:00,1.1516,1.1521,1.14842,1.14859,0.0
2026-03-30 23:00:00,1.14858,1.14886,1.14451,1.14592,0.0
2026-03-31 07:00:00,1.1459,1.14902,1.14496,1.14697,0.0
2026-03-31 15:00:00,1.14694,1.14891,1.14581,1.14886,0.0
2026-03-31 23:00:00,1.14894,1.15593,1.14886,1.15593,0.0
2026-04-01 07:00:00,1.15591,1.15785,1.15522,1.15613,0.0
2026-04-01 15:00:00,1.15612,1.16111,1.156,1.16083,0.0
2026-04-01 23:00:00,1.16084,1.1626,1.15784,1.15851,0.0
2026-04-02 07:00:00,1.15849,1.15995,1.15392,1.154,0.0
2026-04-02 15:00:00,1.15398,1.15416,1.15093,1.15182,0.0
2026-04-02 23:00:00,1.15182,1.15602,1.15181,1.15349,0.0
2026-04-03 07:00:00,1.15347,1.15456,1.1532,1.15365,0.0
2026-04-03 15:00:00,1.15364,1.15482,1.15294,1.15442,0.0
2026-04-03 23:00:00,1.15444,1.15458,1.15141,1.15147,0.0
2026-04-04 07:00:00,1.15145,1.15256,1.15138,1.15164,0.0
2026-04-04 15:00:00,1.15164,1.15225,1.15133,1.15182,0.0
2026-04-04 23:00:00,1.15182,1.15212,1.1515,1.15204,0.0
2026-04-05 07:00:00,1.15201,1.15208,1.15164,1.152,0.0
2026-04-05 15:00:00,1.152,1.15209,1.15164,1.15195,0.0
2026-04-05 23:00:00,1.15196,1.15313,1.144,1.15201,0.0
2026-04-06 07:00:00,1.15199,1.15288,1.15066,1.15246,0.0
2026-04-06 15:00:00,1.15246,1.15696,1.15226,1.15542,0.0
2026-04-06 23:00:00,1.1554,1.15702,1.15345,1.15432,0.0
2026-04-07 07:00:00,1.1543,1.15479,1.15261,1.15383,0.0
2026-04-07 15:00:00,1.15382,1.15759,1.15307,1.15611,0.0
2026-04-07 23:00:00,1.1561,1.16044,1.15564,1.15976,0.0
2026-04-08 07:00:00,1.15976,1.16939,1.15948,1.16757,0.0
2026-04-08 15:00:00,1.16757,1.17177,1.16726,1.17147,0.0
2026-04-08 23:00:00,1.17148,1.17208,1.16458,1.16627,0.0
2026-04-09 07:00:00,1.16625,1.16712,1.16511,1.16672,0.0
2026-04-09 15:00:00,1.16672,1.16892,1.16551,1.16859,0.0
2026-04-09 23:00:00,1.16859,1.17231,1.1675,1.16993,0.0
2026-04-10 07:00:00,1.16989,1.17027,1.16861,1.1692,0.0
2026-04-10 15:00:00,1.1692,1.17244,1.1678,1.17204,0.0
2026-04-10 23:00:00,1.17203,1.17393,1.17143,1.17259,0.0
2026-04-11 07:00:00,1.17258,1.17287,1.17176,1.17181,0.0
2026-04-11 15:00:00,1.17181,1.17259,1.17161,1.17253,0.0
2026-04-11 23:00:00,1.17252,1.17262,1.17205,1.17257,0.0
2026-04-12 07:00:00,1.17254,1.17267,1.1717,1.17258,0.0
2026-04-12 15:00:00,1.17258,1.1731,1.17245,1.17307,0.0
2026-04-12 23:00:00,1.17307,1.17312,1.16594,1.1688,0.0
2026-04-13 07:00:00,1.1688,1.16906,1.16652,1.16863,0.0
2026-04-13 15:00:00,1.16863,1.17003,1.16785,1.16989,0.0
2026-04-13 23:00:00,1.16987,1.17654,1.16967,1.17595,0.0
2026-04-14 07:00:00,1.17593,1.17705,1.17558,1.17679,0.0
2026-04-14 15:00:00,1.17679,1.18045,1.17583,1.18042,0.0
2026-04-14 23:00:00,1.18042,1.1811,1.17888,1.1796,0.0
2026-04-15 07:00:00,1.17956,1.18018,1.17794,1.17888,0.0
2026-04-15 15:00:00,1.17889,1.18004,1.17734,1.17892,0.0
2026-04-15 23:00:00,1.17891,1.18086,1.17848,1.17998,0.0
2026-04-16 07:00:00,1.17996,1.18243,1.17973,1.181,0.0
2026-04-16 15:00:00,1.181,1.18102,1.17725,1.17827,0.0
2026-04-16 23:00:00,1.17825,1.17876,1.17676,1.17827,0.0
2026-04-17 07:00:00,1.17827,1.17875,1.17737,1.17829,0.0
2026-04-17 15:00:00,1.1783,1.18346,1.17727,1.18336,0.0
2026-04-17 23:00:00,1.18334,1.18488,1.1763,1.17646,0.0
2026-04-18 07:00:00,1.17643,1.17969,1.17601,1.17632,0.0
2026-04-18 15:00:00,1.17633,1.17754,1.17628,1.17698,0.0
2026-04-18 23:00:00,1.17696,1.17739,1.1762,1.17727,0.0
2026-04-19 07:00:00,1.17725,1.17757,1.17629,1.17738,0.0
2026-04-19 15:00:00,1.17738,1.17754,1.17479,1.17664,0.0
2026-04-19 23:00:00,1.17662,1.17804,1.17303,1.17416,0.0
2026-04-20 07:00:00,1.1741,1.17626,1.17299,1.17593,0.0
2026-04-20 15:00:00,1.17594,1.17752,1.17482,1.17639,0.0
2026-04-20 23:00:00,1.17638,1.17901,1.17616,1.17877,0.0
2026-04-21 07:00:00,1.17874,1.1791,1.17737,1.17757,0.0
2026-04-21 15:00:00,1.17758,1.17827,1.17569,1.17591,0.0
2026-04-21 23:00:00,1.1759,1.17736,1.17161,1.17438,0.0
2026-04-22 07:00:00,1.17436,1.17516,1.17339,1.17396,0.0
2026-04-22 15:00:00,1.17397,1.17603,1.17257,1.17291,0.0
2026-04-22 23:00:00,1.17289,1.17438,1.17035,1.17066,0.0
2026-04-23 07:00:00,1.17066,1.1713,1.16935,1.17002,0.0
2026-04-23 15:00:00,1.17003,1.17122,1.16795,1.16921,0.0
2026-04-23 23:00:00,1.16919,1.1716,1.16714,1.16831,0.0
2026-04-24 07:00:00,1.16829,1.16895,1.16738,1.1679,0.0
2026-04-24 15:00:00,1.16792,1.17184,1.1677,1.17092,0.0
2026-04-24 23:00:00,1.17089,1.1723,1.16996,1.17191,0.0
2026-04-25 07:00:00,1.17187,1.1726,1.17169,1.1717,0.0
2026-04-25 15:00:00,1.17171,1.17217,1.17167,1.17211,0.0
2026-04-25 23:00:00,1.17209,1.17226,1.17168,1.17222,0.0
2026-04-26 07:00:00,1.17221,1.17232,1.17176,1.17218,0.0
2026-04-26 15:00:00,1.17219,1.17233,1.17176,1.17185,0.0
2026-04-26 23:00:00,1.17183,1.17296,1.16867,1.16981,0.0
2026-04-27 07:00:00,1.16986,1.17322,1.16901,1.17269,0.0
2026-04-27 15:00:00,1.17269,1.1755,1.17169,1.17453,0.0
2026-04-27 23:00:00,1.17451,1.17547,1.17196,1.1721,0.0
2026-04-28 07:00:00,1.17208,1.17272,1.17082,1.17123,0.0
2026-04-28 15:00:00,1.17124,1.17134,1.16785,1.16973,0.0
2026-04-28 23:00:00,1.16971,1.17178,1.16891,1.17132,0.0
2026-04-29 07:00:00,1.17132,1.17208,1.1705,1.17057,0.0
2026-04-29 15:00:00,1.17057,1.17096,1.16921,1.16992,0.0
2026-04-29 23:00:00,1.16989,1.1704,1.16636,1.16755,0.0
2026-04-30 07:00:00,1.16754,1.16892,1.1656,1.16601,0.0
2026-04-30 15:00:00,1.16603,1.17206,1.16575,1.16939,0.0
2026-04-30 23:00:00,1.16937,1.17405,1.16837,1.17323,0.0
2026-05-01 07:00:00,1.17317,1.17365,1.17246,1.1727,0.0
2026-05-01 15:00:00,1.17268,1.17686,1.17193,1.1759,0.0
2026-05-01 23:00:00,1.17576,1.17844,1.1716,1.17195,0.0
2026-05-02 07:00:00,1.17206,1.17266,1.17176,1.17199,0.0
2026-05-02 15:00:00,1.17199,1.17254,1.17185,1.17221,0.0
2026-05-02 23:00:00,1.17212,1.17254,1.17185,1.17232,0.0
2026-05-03 07:00:00,1.17232,1.17254,1.17192,1.17223,0.0
2026-05-03 15:00:00,1.17223,1.17272,1.17216,1.17269,0.0
2026-05-03 23:00:00,1.17267,1.17604,1.17168,1.17326,0.0
2026-05-04 07:00:00,1.17392,1.17511,1.17199,1.17289,0.0
2026-05-04 15:00:00,1.17288,1.17382,1.1689,1.1712,0.0
2026-05-04 23:00:00,1.17059,1.17179,1.1681,1.16915,0.0
2026-05-05 07:00:00,1.16912,1.16951,1.16775,1.16779,0.0
2026-05-05 15:00:00,1.16775,1.16975,1.16769,1.1693,0.0
2026-05-05 23:00:00,1.16928,1.17136,1.16921,1.16931,0.0
2026-05-06 07:00:00,1.16933,1.17426,1.1692,1.17389,0.0
2026-05-06 15:00:00,1.1739,1.1796,1.17251,1.17537,0.0
2026-05-06 23:00:00,1.17537,1.17621,1.17417,1.17489,0.0
2026-05-07 07:00:00,1.17489,1.17637,1.17465,1.17514,0.0
2026-05-07 15:00:00,1.17513,1.17781,1.17454,1.17748,0.0
2026-05-07 23:00:00,1.1774,1.17783,1.17242,1.17243,0.0
2026-05-08 07:00:00,1.17243,1.17357,1.17233,1.17347,0.0
2026-05-08 15:00:00,1.1735,1.17805,1.17332,1.17775,0.0
2026-05-08 23:00:00,1.17776,1.17881,1.1766,1.17842,0.0
2026-05-09 07:00:00,1.17847,1.1793,1.1782,1.17845,0.0
2026-05-09 15:00:00,1.17845,1.17925,1.17823,1.17907,0.0
2026-05-09 23:00:00,1.17871,1.17927,1.17579,1.1787,0.0
2026-05-10 07:00:00,1.17867,1.17925,1.17818,1.17866,0.0
2026-05-10 15:00:00,1.17866,1.17942,1.17813,1.17939,0.0
2026-05-10 23:00:00,1.17937,1.18088,1.17451,1.17759,0.0
2026-05-11 07:00:00,1.17621,1.17831,1.17502,1.17508,0.0
2026-05-11 15:00:00,1.17509,1.17825,1.17492,1.17721,0.0
2026-05-11 23:00:00,1.17722,1.17883,1.1771,1.17827,0.0
2026-05-12 07:00:00,1.17825,1.17883,1.1755,1.17581,0.0
2026-05-12 15:00:00,1.17582,1.17637,1.17344,1.17485,0.0
2026-05-12 23:00:00,1.17482,1.17502,1.17233,1.17409,0.0
2026-05-13 07:00:00,1.17406,1.17429,1.17323,1.17345,0.0
2026-05-13 15:00:00,1.17345,1.17373,1.16963,1.17017,0.0
2026-05-13 23:00:00,1.17014,1.17185,1.17003,1.17139,0.0
2026-05-14 07:00:00,1.17139,1.17193,1.17099,1.17147,0.0
2026-05-14 15:00:00,1.17147,1.17215,1.16969,1.16975,0.0
2026-05-14 23:00:00,1.16977,1.17007,1.16664,1.16698,0.0
2026-05-15 07:00:00,1.16692,1.16743,1.16461,1.16475,0.0
2026-05-15 15:00:00,1.16472,1.16552,1.1618,1.16286,0.0
2026-05-15 23:00:00,1.16284,1.16374,1.16174,1.16254,0.0
2026-05-16 07:00:00,1.1625,1.16259,1.16225,1.16249,0.0
2026-05-16 15:00:00,1.16249,1.16261,1.16225,1.16245,0.0
2026-05-16 23:00:00,1.16242,1.16257,1.16225,1.16244,0.0
2026-05-17 07:00:00,1.16245,1.16255,1.16225,1.16242,0.0
2026-05-17 15:00:00,1.16241,1.16257,1.16225,1.16252,0.0
2026-05-17 23:00:00,1.16249,1.1632,1.1613,1.16245,0.0
2026-05-18 07:00:00,1.16246,1.16263,1.1609,1.16209,0.0
2026-05-18 15:00:00,1.16208,1.16572,1.16171,1.16509,0.0
2026-05-18 23:00:00,1.16511,1.16607,1.16277,1.16564,0.0
2026-05-19 07:00:00,1.16559,1.16621,1.16353,1.16363,0.0
2026-05-19 15:00:00,1.16363,1.16461,1.16113,1.1619,0.0
2026-05-19 23:00:00,1.16196,1.16196,1.15926,1.16071,0.0
2026-05-20 07:00:00,1.16068,1.16135,1.15931,1.15978,0.0
2026-05-20 15:00:00,1.15981,1.16059,1.15845,1.15944,0.0
2026-05-20 23:00:00,1.1596,1.16518,1.15833,1.1626,0.0
2026-05-21 07:00:00,1.16257,1.16349,1.16166,1.16231,0.0
2026-05-21 15:00:00,1.1623,1.16361,1.15938,1.15992,0.0
2026-05-21 23:00:00,1.15998,1.16316,1.15774,1.16179,0.0
2026-05-22 07:00:00,1.16174,1.16232,1.16089,1.16151,0.0
2026-05-22 15:00:00,1.16152,1.16174,1.15929,1.16023,0.0
2026-05-22 23:00:00,1.16024,1.16202,1.15888,1.16031,0.0
2026-05-23 07:00:00,1.16028,1.16098,1.15989,1.16024,0.0
2026-05-23 15:00:00,1.16023,1.16063,1.16007,1.16046,0.0
2026-05-23 23:00:00,1.16041,1.16081,1.16004,1.16024,0.0
2026-05-24 07:00:00,1.16025,1.16117,1.15994,1.16069,0.0
2026-05-24 15:00:00,1.16067,1.16117,1.15997,1.1604,0.0
2026-05-24 23:00:00,1.16038,1.16629,1.15864,1.1616,0.0
2026-05-25 07:00:00,1.16306,1.16495,1.15907,1.16441,0.0
2026-05-25 15:00:00,1.16437,1.16531,1.16306,1.1648,0.0
2026-05-25 23:00:00,1.16482,1.16505,1.16367,1.16434,0.0
2026-05-26 07:00:00,1.16435,1.1645,1.16303,1.16314,0.0
2026-05-26 15:00:00,1.16311,1.16451,1.16241,1.16328,0.0
2026-05-26 23:00:00,1.16322,1.16334,1.16167,1.16322,0.0
2026-05-27 07:00:00,1.16318,1.16425,1.16278,1.16407,0.0
2026-05-27 15:00:00,1.16407,1.16614,1.16337,1.16478,0.0
2026-05-27 23:00:00,1.16511,1.16511,1.16226,1.16258,0.0
2026-05-28 07:00:00,1.16261,1.16316,1.15865,1.15922,0.0
2026-05-28 15:00:00,1.15919,1.16382,1.15888,1.1637,0.0
2026-05-28 23:00:00,1.16369,1.166,1.16173,1.16501,0.0
2026-05-29 07:00:00,1.16499,1.16566,1.16341,1.16392,0.0
2026-05-29 15:00:00,1.1639,1.16547,1.16256,1.16481,0.0
2026-05-29 23:00:00,1.16469,1.16857,1.16409,1.16613,0.0
2026-05-30 07:00:00,1.16608,1.16623,1.16579,1.16605,0.0
2026-05-30 15:00:00,1.16599,1.16611,1.16587,1.16597,0.0
2026-05-30 23:00:00,1.16596,1.16609,1.16584,1.16595,0.0
2026-05-31 07:00:00,1.16595,1.16611,1.16587,1.16597,0.0
2026-05-31 15:00:00,1.16595,1.16609,1.16575,1.16582,0.0
2026-05-31 23:00:00,1.1658,1.1667,1.16543,1.16593,0.0
2026-06-01 07:00:00,1.16576,1.16617,1.16417,1.16479,0.0
2026-06-01 15:00:00,1.16476,1.1665,1.16419,1.1648,0.0
2026-06-01 23:00:00,1.16478,1.16488,1.16075,1.16325,0.0
2026-06-02 07:00:00,1.16323,1.16392,1.16289,1.16389,0.0
2026-06-02 15:00:00,1.16387,1.16553,1.16364,1.16506,0.0
2026-06-02 23:00:00,1.16503,1.16524,1.16139,1.16318,0.0
2026-06-03 07:00:00,1.16317,1.16335,1.16198,1.16263,0.0
2026-06-03 15:00:00,1.16261,1.16275,1.15984,1.16004,0.0
2026-06-03 23:00:00,1.15998,1.16124,1.1595,1.15984,0.0
2026-06-04 07:00:00,1.15987,1.16124,1.15949,1.161,0.0
2026-06-04 15:00:00,1.16097,1.16451,1.15988,1.16387,0.0
2026-06-04 23:00:00,1.16394,1.16404,1.16082,1.16109,0.0
2026-06-05 07:00:00,1.16115,1.16172,1.16098,1.16168,0.0
2026-06-05 15:00:00,1.16166,1.16448,1.15902,1.15911,0.0
2026-06-05 23:00:00,1.15926,1.15985,1.15181,1.15226,0.0
2026-06-06 07:00:00,1.15213,1.15262,1.15199,1.15217,0.0
2026-06-06 15:00:00,1.15214,1.15243,1.15205,1.15218,0.0
2026-06-06 23:00:00,1.15216,1.15246,1.15203,1.15217,0.0
2026-06-07 07:00:00,1.15217,1.15246,1.15195,1.15238,0.0
2026-06-07 15:00:00,1.15236,1.15246,1.15205,1.15237,0.0
2026-06-07 23:00:00,1.15237,1.15264,1.15099,1.1521,0.0
2026-06-08 07:00:00,1.15171,1.15349,1.15087,1.15312,0.0
2026-06-08 15:00:00,1.15308,1.15445,1.15002,1.1541,0.0
2026-06-08 23:00:00,1.154,1.15548,1.1528,1.15328,0.0
2026-06-09 07:00:00,1.15327,1.15484,1.15272,1.15463,0.0
2026-06-09 15:00:00,1.15461,1.15758,1.1537,1.15746,0.0
2026-06-09 23:00:00,1.15742,1.15781,1.15286,1.15442,0.0
2026-06-10 07:00:00,1.15441,1.15519,1.15332,1.15464,0.0
2026-06-10 15:00:00,1.15461,1.15632,1.15354,1.15501,0.0
2026-06-10 23:00:00,1.15509,1.1573,1.1535,1.15361,0.0
2026-06-11 07:00:00,1.15359,1.15562,1.1526,1.15483,0.0
2026-06-11 15:00:00,1.15485,1.15552,1.1518,1.15374,0.0
2026-06-11 23:00:00,1.15386,1.1588,1.15028,1.1579,0.0
2026-06-12 07:00:00,1.15792,1.1586,1.15616,1.15714,0.0
2026-06-12 15:00:00,1.15719,1.15892,1.15568,1.15642,0.0
2026-06-12 23:00:00,1.15637,1.15833,1.15622,1.15676,0.0
2026-06-13 07:00:00,1.15675,1.15797,1.1563,1.15671,0.0
2026-06-13 15:00:00,1.15668,1.15796,1.15641,1.15698,0.0
2026-06-13 23:00:00,1.15692,1.15793,1.15647,1.15698,0.0
2026-06-14 07:00:00,1.15697,1.15788,1.15632,1.15748,0.0
2026-06-14 15:00:00,1.15746,1.1578,1.15635,1.15717,0.0
2026-06-14 23:00:00,1.15718,1.15852,1.15576,1.15582,0.0
2026-06-15 07:00:00,1.15587,1.16179,1.15587,1.16127,0.0
2026-06-15 15:00:00,1.16121,1.16222,1.15969,1.1614,0.0
2026-06-15 23:00:00,1.16147,1.16205,1.1584,1.15898,0.0
2026-06-16 07:00:00,1.15896,1.16013,1.15762,1.15792,0.0
2026-06-16 15:00:00,1.15789,1.16125,1.15746,1.16,0.0
2026-06-16 23:00:00,1.15994,1.16194,1.15875,1.16087,0.0
2026-06-17 07:00:00,1.16086,1.16169,1.16078,1.16119,0.0
2026-06-17 15:00:00,1.16119,1.16155,1.15855,1.16026,0.0
2026-06-17 23:00:00,1.16021,1.16073,1.14778,1.15021,0.0
2026-06-18 07:00:00,1.15016,1.15262,1.15005,1.15236,0.0
2026-06-18 15:00:00,1.15245,1.15297,1.14542,1.14711,0.0
2026-06-18 23:00:00,1.14707,1.14893,1.14513,1.14578,0.0
2026-06-19 07:00:00,1.14576,1.1465,1.14277,1.14281,0.0
2026-06-19 15:00:00,1.14283,1.14747,1.1418,1.14721,0.0
2026-06-19 23:00:00,1.14717,1.14812,1.1457,1.1471,0.0
2026-06-20 07:00:00,1.14738,1.14803,1.14679,1.14747,0.0
2026-06-20 15:00:00,1.14745,1.14804,1.14716,1.14755,0.0
2026-06-20 23:00:00,1.14752,1.14813,1.14708,1.14764,0.0
2026-06-21 07:00:00,1.14762,1.14804,1.14735,1.14766,0.0
2026-06-21 15:00:00,1.14765,1.14798,1.14726,1.14735,0.0
2026-06-21 23:00:00,1.14736,1.1483,1.14471,1.14687,0.0
2026-06-22 07:00:00,1.14656,1.14767,1.1453,1.14558,0.0
2026-06-22 15:00:00,1.14555,1.14633,1.1442,1.1456,0.0
2026-06-22 23:00:00,1.14562,1.14617,1.14192,1.14291,0.0
2026-06-23 07:00:00,1.14289,1.14322,1.14192,1.14205,0.0
2026-06-23 15:00:00,1.14209,1.14386,1.13839,1.13875,0.0
2026-06-23 23:00:00,1.13882,1.14,1.1376,1.13822,0.0
2026-06-24 07:00:00,1.13819,1.13848,1.13616,1.13634,0.0
2026-06-24 15:00:00,1.13631,1.13757,1.13239,1.13298,0.0
2026-06-24 23:00:00,1.13296,1.13674,1.1325,1.13586,0.0
2026-06-25 07:00:00,1.1359,1.13714,1.1348,1.13681,0.0
2026-06-25 15:00:00,1.13678,1.13728,1.13336,1.13535,0.0
2026-06-25 23:00:00,1.13544,1.13899,1.13495,1.13709,0.0
2026-06-26 07:00:00,1.13708,1.13771,1.13545,1.13767,0.0
2026-06-26 15:00:00,1.13763,1.1432,1.13716,1.14309,0.0
2026-06-26 23:00:00,1.14293,1.14331,1.13811,1.13864,0.0
2026-06-27 07:00:00,1.13855,1.13969,1.13846,1.13864,0.0
2026-06-27 15:00:00,1.13864,1.13968,1.13808,1.13885,0.0
2026-06-27 23:00:00,1.1388,1.13968,1.13834,1.13892,0.0
2026-06-28 07:00:00,1.13889,1.13958,1.13849,1.13917,0.0
2026-06-28 15:00:00,1.13917,1.13967,1.13832,1.13899,0.0
2026-06-28 23:00:00,1.13899,1.13958,1.1379,1.13951,0.0
2026-06-29 07:00:00,1.1394,1.1394,1.13812,1.13827,0.0
2026-06-29 15:00:00,1.13824,1.14174,1.13821,1.1401,0.0
2026-06-29 23:00:00,1.14014,1.14309,1.14006,1.14248,0.0
2026-06-30 07:00:00,1.14245,1.1427,1.13894,1.13901,0.0
2026-06-30 15:00:00,1.13912,1.14094,1.13827,1.13974,0.0
2026-06-30 23:00:00,1.13994,1.14347,1.13928,1.14218,0.0
2026-07-01 07:00:00,1.14215,1.14259,1.14016,1.14091,0.0
2026-07-01 15:00:00,1.14095,1.14109,1.13685,1.13713,0.0
2026-07-01 23:00:00,1.13724,1.14125,1.13609,1.13786,0.0
2026-07-02 07:00:00,1.13784,1.13886,1.13753,1.13875,0.0
2026-07-02 15:00:00,1.13873,1.1473,1.13821,1.14503,0.0
2026-07-02 23:00:00,1.14538,1.14584,1.1426,1.14342,0.0
2026-07-03 07:00:00,1.14339,1.14463,1.14209,1.14457,0.0
2026-07-03 15:00:00,1.14452,1.14621,1.14405,1.14472,0.0
2026-07-03 23:00:00,1.14479,1.14479,1.14348,1.14363,0.0
2026-07-04 07:00:00,1.1437,1.14456,1.14348,1.14371,0.0
2026-07-04 15:00:00,1.14371,1.14458,1.14326,1.14398,0.0
2026-07-04 23:00:00,1.14397,1.14456,1.14345,1.14383,0.0
2026-07-05 07:00:00,1.14381,1.14453,1.14347,1.14421,0.0
2026-07-05 15:00:00,1.14422,1.14441,1.14346,1.14418,0.0
2026-07-05 23:00:00,1.14418,1.14658,1.14241,1.14428,0.0
2026-07-06 07:00:00,1.14424,1.1444,1.14278,1.1433,0.0
2026-07-06 15:00:00,1.14331,1.14334,1.14099,1.14124,0.0
2026-07-06 23:00:00,1.14126,1.14459,1.14094,1.14412,0.0
2026-07-07 07:00:00,1.14409,1.14483,1.14358,1.14362,0.0
2026-07-07 15:00:00,1.14368,1.1442,1.14235,1.14357,0.0
2026-07-07 23:00:00,1.14351,1.14433,1.14077,1.14121,0.0
2026-07-08 07:00:00,1.14119,1.14166,1.13994,1.1415,0.0
2026-07-08 15:00:00,1.14147,1.14317,1.13915,1.13982,0.0
2026-07-08 23:00:00,1.1399,1.14303,1.13919,1.14169,0.0
2026-07-09 07:00:00,1.14167,1.14305,1.1416,1.14269,0.0
2026-07-09 15:00:00,1.1427,1.14494,1.14215,1.14241,0.0
2026-07-09 23:00:00,1.14249,1.14467,1.1424,1.14307,0.0
2026-07-10 07:00:00,1.14304,1.14605,1.14291,1.14412,0.0
2026-07-10 15:00:00,1.14414,1.14474,1.14233,1.14281,0.0
2026-07-10 23:00:00,1.14272,1.14417,1.14116,1.14156,0.0
2026-07-11 07:00:00,1.14154,1.1422,1.14061,1.14148,0.0
2026-07-11 15:00:00,1.14142,1.14237,1.14051,1.14156,0.0
2026-07-11 23:00:00,1.14153,1.1421,1.14101,1.14176,0.0
2026-07-12 07:00:00,1.14174,1.14197,1.14136,1.14173,0.0
2026-07-12 15:00:00,1.14174,1.14205,1.14136,1.142,0.0
2026-07-12 23:00:00,1.14199,1.14301,1.13998,1.14108,0.0
2026-07-13 07:00:00,1.141,1.1419,1.13858,1.14052,0.0
2026-07-13 15:00:00,1.1405,1.14457,1.13961,1.14293,0.0
2026-07-13 23:00:00,1.14283,1.14328,1.1378,1.13805,0.0
2026-07-14 07:00:00,1.13803,1.13963,1.13784,1.13905,0.0
2026-07-14 15:00:00,1.13909,1.1462,1.13844,1.14427,0.0
2026-07-14 23:00:00,1.14429,1.14582,1.14169,1.14211,0.0
2026-07-15 07:00:00,1.14212,1.14425,1.14177,1.14369,0.0
2026-07-15 15:00:00,1.14373,1.14437,1.14068,1.14295,0.0
2026-07-15 23:00:00,1.14288,1.14818,1.14243,1.14633,0.0
2026-07-16 07:00:00,1.14634,1.14747,1.14605,1.14666,0.0
2026-07-16 15:00:00,1.14664,1.1477,1.14477,1.1448,0.0
2026-07-16 23:00:00,1.14483,1.1459,1.14313,1.14431,0.0
2026-07-17 07:00:00,1.14437,1.14484,1.14348,1.14362,0.0
2026-07-17 15:00:00,1.14363,1.14522,1.14254,1.14279,0.0
2026-07-17 23:00:00,1.14279,1.14444,1.14239,1.14377,0.0
2026-07-18 07:00:00,1.14376,1.1442,1.14367,1.1438,0.0
2026-07-18 15:00:00,1.14381,1.14416,1.14367,1.14383,0.0
2026-07-18 23:00:00,1.14381,1.14416,1.14368,1.14387,0.0
2026-07-19 07:00:00,1.14385,1.14415,1.1437,1.14394,0.0
2026-07-19 15:00:00,1.14395,1.14411,1.14371,1.14379,0.0
2026-07-19 23:00:00,1.14377,1.1449,1.14089,1.14316,0.0
2026-07-20 07:00:00,1.14319,1.14455,1.14237,1.14442,0.0
2026-07-20 15:00:00,1.14445,1.14496,1.14177,1.14241,0.0
2026-07-20 23:00:00,1.14248,1.14248,1.14033,1.14146,0.0
2026-07-21 07:00:00,1.14144,1.14186,1.14093,1.14184,0.0
2026-07-21 15:00:00,1.14182,1.1429,1.14144,1.14175,0.0
2026-07-21 23:00:00,1.14173,1.14198,1.13976,1.13979,0.0
2026-07-22 07:00:00,1.13981,1.14098,1.1398,1.14086,0.0
2026-07-22 15:00:00,1.14082,1.14183,1.14011,1.1409,0.0
2026-07-22 23:00:00,1.14087,1.14218,1.14051,1.14128,0.0
2026-07-23 07:00:00,1.14126,1.14363,1.1406,1.14327,0.0
2026-07-23 15:00:00,1.14319,1.1435,1.13751,1.13858,0.0
2026-07-23 23:00:00,1.13855,1.13868,1.13645,1.13779,0.0
2026-07-24 07:00:00,1.13778,1.13878,1.13745,1.13791,0.0
2026-07-24 15:00:00,1.13786,1.14,1.13678,1.13697,0.0
2026-07-24 23:00:00,1.13687,1.13908,1.13654,1.13723,0.0
2026-07-25 07:00:00,1.13722,1.1379,1.13701,1.13758,0.0
2026-07-25 15:00:00,1.13758,1.13784,1.13727,1.13763,0.0
2026-07-25 23:00:00,1.1376,1.13782,1.13708,1.13742,0.0
2026-07-26 07:00:00,1.13742,1.13782,1.13724,1.13749,0.0
2026-07-26 15:00:00,1.13749,1.1378,1.1371,1.13724,0.0
2026-07-26 23:00:00,1.13721,1.14024,1.13636,1.13902,0.0
2026-07-27 07:00:00,1.13876,1.14143,1.13665,1.14043,0.0
2026-07-27 15:00:00,1.1404,1.14176,1.13772,1.13855,0.0
2026-07-27 23:00:00,1.13853,1.13863,1.1367,1.13681,0.0
2026-07-28 07:00:00,1.13681,1.13805,1.13671,1.13681,0.0
2026-07-28 15:00:00,1.13683,1.13741,1.13542,1.13672,0.0
2026-07-28 23:00:00,1.1367,1.14054,1.13656,1.13866,0.0
2026-07-29 07:00:00,1.13866,1.14037,1.13821,1.14009,0.0
2026-07-29 15:00:00,1.14003,1.14032,1.13753,1.13776,0.0
2026-07-29 23:00:00,1.13781,1.14705,1.13764,1.1467,0.0
2026-07-30 07:00:00,1.14677,1.14753,1.14483,1.14508,0.0
2026-07-30 15:00:00,1.14506,1.14843,1.1435,1.14756,0.0
2026-07-30 23:00:00,1.14749,1.15363,1.14705,1.15276,0.0
2026-07-31 07:00:00,1.15279,1.15321,1.15048,1.15085,0.0
2026-07-31 15:00:00,1.15082,1.1526,1.14829,1.14889,0.0
2026-07-31 23:00:00,1.14892,1.15463,1.14565,1.15304,0.0
2026-08-01 07:00:00,1.15321,1.15393,1.15251,1.15294,0.0
2026-08-01 15:00:00,1.15292,1.15404,1.15271,1.15309,0.0
2026-08-01 23:00:00,1.15304,1.15407,1.15276,1.15332,0.0
2026-08-02 07:00:00,1.15333,1.15396,1.15264,1.1535,0.0
2026-08-02 15:00:00,1.1535,1.15393,1.15264,1.15319,0.0
2026-08-02 23:00:00,1.15317,1.15587,1.15201,1.15318,0.0
2026-08-03 07:00:00,1.15451,1.15593,1.15226,1.15344,0.0
2026-08-03 15:00:00,1.15342,1.15387,1.15172,1.15288,0.0
2026-08-03 23:00:00,1.15278,1.1535,1.15018,1.15085,0.0
2026-08-04 07:00:00,1.15088,1.15147,1.1503,1.15107,0.0
2026-08-04 15:00:00,1.15106,1.15234,1.15039,1.15153,0.0
2026-08-04 23:00:00,1.15159,1.15344,1.151,1.15332,0.0
2026-08-05 07:00:00,1.15331,1.15409,1.15262,1.15354,0.0
2026-08-05 15:00:00,1.15354,1.15571,1.15311,1.15472,0.0
2026-08-05 23:00:00,1.1547,1.15597,1.15397,1.15542,0.0
2026-08-06 07:00:00,1.15539,1.15598,1.15471,1.15492,0.0
2026-08-06 15:00:00,1.15491,1.15513,1.1536,1.15406,0.0
2026-08-06 23:00:00,1.15404,1.15449,1.1515,1.15244,0.0
2026-08-07 07:00:00,1.15241,1.15264,1.15185,1.15245,0.0
2026-08-07 15:00:00,1.15243,1.15802,1.15172,1.1572,0.0
2026-08-07 23:00:00,1.15722,1.15753,1.15509,1.15596,0.0
2026-08-08 07:00:00,1.15592,1.15622,1.15574,1.15588,0.0
2026-08-08 15:00:00,1.15586,1.15627,1.1558,1.15594,0.0
2026-08-08 23:00:00,1.15592,1.15619,1.15583,1.15587,0.0
2026-08-09 07:00:00,1.15589,1.15626,1.15579,1.15601,0.0
2026-08-09 15:00:00,1.15599,1.15631,1.15302,1.15334,0.0
2026-08-09 23:00:00,1.15332,1.159,1.15261,1.15588,0.0
2026-08-10 07:00:00,1.15609,1.15668,1.15481,1.15525,0.0
2026-08-10 15:00:00,1.15523,1.15658,1.1546,1.15483,0.0
2026-08-10 23:00:00,1.15481,1.15555,1.154,1.15432,0.0
2026-08-11 07:00:00,1.1543,1.15502,1.15387,1.15419,0.0
2026-08-11 15:00:00,1.15421,1.15437,1.15314,1.15436,0.0
2026-08-11 23:00:00,1.15435,1.1549,1.15346,1.15432,0.0
2026-08-12 07:00:00,1.15429,1.15452,1.1533,1.15365,0.0
2026-08-12 15:00:00,1.15363,1.15596,1.15322,1.15573,0.0
2026-08-12 23:00:00,1.15562,1.15622,1.15197,1.15247,0.0
2026-08-13 07:00:00,1.15251,1.15315,1.15199,1.15266,0.0
2026-08-13 15:00:00,1.15261,1.1544,1.1512,1.15435,0.0
2026-08-13 23:00:00,1.15424,1.15455,1.15247,1.15291,0.0
2026-08-14 07:00:00,1.15297,1.15406,1.15267,1.15388,0.0
2026-08-14 15:00:00,1.1539,1.15781,1.15384,1.15675,0.0
2026-08-14 23:00:00,1.15667,1.15853,1.1562,1.15705,0.0
2026-08-15 07:00:00,1.15702,1.15713,1.1566,1.15708,0.0
2026-08-15 15:00:00,1.15705,1.1572,1.15659,1.15695,0.0
2026-08-15 23:00:00,1.15697,1.15722,1.15659,1.15691,0.0
2026-08-16 07:00:00,1.15689,1.15722,1.1566,1.1568,0.0
2026-08-16 15:00:00,1.15678,1.15722,1.15664,1.15678,0.0
2026-08-16 23:00:00,1.15678,1.15858,1.15123,1.15666,0.0
2026-08-17 07:00:00,1.15671,1.15884,1.15644,1.15854,0.0
2026-08-17 15:00:00,1.15852,1.16161,1.15831,1.15956,0.0
2026-08-17 23:00:00,1.15959,1.16007,1.15714,1.15801,0.0
2026-08-18 07:00:00,1.15796,1.15862,1.15702,1.15724,0.0
2026-08-18 15:00:00,1.15731,1.15798,1.15672,1.15761,0.0
2026-08-18 23:00:00,1.15772,1.15884,1.15714,1.15769,0.0
2026-08-19 07:00:00,1.15764,1.15874,1.15703,1.15867,0.0
2026-08-19 15:00:00,1.15864,1.16435,1.15847,1.16375,0.0
2026-08-19 23:00:00,1.16402,1.16796,1.16359,1.1678,0.0
2026-08-20 07:00:00,1.1678,1.16828,1.16702,1.1673,0.0
2026-08-20 15:00:00,1.16744,1.17109,1.16699,1.16896,0.0
2026-08-20 23:00:00,1.1689,1.16944,1.16699,1.16791,0.0
2026-08-21 07:00:00,1.1679,1.17009,1.16769,1.16938,0.0
2026-08-21 15:00:00,1.16936,1.17108,1.16859,1.16911,0.0
2026-08-21 23:00:00,1.16906,1.16913,1.16694,1.16764,0.0
2026-08-22 07:00:00,1.16764,1.16932,1.16735,1.16765,0.0
2026-08-22 15:00:00,1.16762,1.16933,1.16715,1.16802,0.0
2026-08-22 23:00:00,1.16795,1.16933,1.1673,1.16788,0.0
2026-08-23 07:00:00,1.16788,1.16928,1.16719,1.16852,0.0
2026-08-23 15:00:00,1.16849,1.16926,1.16717,1.16836,0.0
2026-08-23 23:00:00,1.16836,1.16917,1.16584,1.16761,0.0
2026-08-24 07:00:00,1.16763,1.16872,1.1673,1.16824,0.0
2026-08-24 15:00:00,1.16821,1.16834,1.16606,1.1669,0.0
2026-08-24 23:00:00,1.16695,1.16746,1.1655,1.16643,0.0
2026-08-25 07:00:00,1.16643,1.16721,1.16549,1.16555,0.0
2026-08-25 15:00:00,1.16552,1.16741,1.16515,1.16659,0.0
2026-08-25 23:00:00,1.16659,1.16796,1.16646,1.16747,0.0
2026-08-26 07:00:00,1.16752,1.16783,1.16607,1.16627,0.0
2026-08-26 15:00:00,1.16625,1.16771,1.16573,1.16597,0.0
2026-08-26 23:00:00,1.16592,1.16592,1.16421,1.1654,0.0
2026-08-27 07:00:00,1.16539,1.16599,1.16505,1.16558,0.0
2026-08-27 15:00:00,1.16555,1.16586,1.1637,1.16406,0.0
2026-08-27 23:00:00,1.16409,1.16597,1.16402,1.16522,0.0
2026-08-28 07:00:00,1.16519,1.16558,1.16448,1.16457,0.0
2026-08-28 15:00:00,1.16454,1.16499,1.16394,1.16497,0.0
2026-08-28 23:00:00,1.16494,1.16503,1.15781,1.15831,0.0
2026-08-29 07:00:00,1.15829,1.15888,1.15776,1.15823,0.0
2026-08-29 15:00:00,1.15821,1.15883,1.15807,1.15828,0.0
2026-08-29 23:00:00,1.15826,1.15926,1.15675,1.15836,0.0
2026-08-30 07:00:00,1.15834,1.15882,1.15809,1.15856,0.0
2026-08-30 15:00:00,1.15854,1.15998,1.15531,1.1563,0.0
2026-08-30 23:00:00,1.15631,1.16112,1.14898,1.15827,0.0
2026-08-31 07:00:00,1.15814,1.15945,1.15781,1.15912,0.0
2026-08-31 15:00:00,1.1591,1.16066,1.15847,1.15958,0.0
2026-08-31 23:00:00,1.15961,1.16206,1.15942,1.16174,0.0
2026-09-01 07:00:00,1.1617,1.16245,1.16028,1.16056,0.0
2026-09-01 15:00:00,1.16052,1.16105,1.15884,1.15928,0.0
2026-09-01 23:00:00,1.15933,1.16079,1.15853,1.1593,0.0
2026-09-02 07:00:00,1.15929,1.15966,1.1575,1.15763,0.0
2026-09-02 15:00:00,1.15761,1.15859,1.15667,1.15785,0.0
2026-09-02 23:00:00,1.15788,1.16067,1.1578,1.15884,0.0
2026-09-03 07:00:00,1.15882,1.16006,1.15841,1.15951,0.0
2026-09-03 15:00:00,1.15951,1.16298,1.15935,1.16249,0.0
2026-09-03 23:00:00,1.16259,1.16412,1.1614,1.16258,0.0
2026-09-04 07:00:00,1.1626,1.16336,1.16216,1.16264,0.0
2026-09-04 15:00:00,1.16268,1.16311,1.15848,1.16011,0.0
2026-09-04 23:00:00,1.16002,1.16248,1.15955,1.16144,0.0
2026-09-05 07:00:00,1.16142,1.16221,1.1612,1.1614,0.0
2026-09-05 15:00:00,1.16138,1.16225,1.16122,1.1616,0.0
2026-09-05 23:00:00,1.16157,1.16226,1.16126,1.16168,0.0
2026-09-06 07:00:00,1.16163,1.16226,1.16114,1.16191,0.0
2026-09-06 15:00:00,1.1619,1.1621,1.16112,1.16163,0.0
2026-09-06 23:00:00,1.16164,1.16423,1.15985,1.16138,0.0
2026-09-07 07:00:00,1.16141,1.16206,1.1607,1.16122,0.0
2026-09-07 15:00:00,1.1612,1.16354,1.16089,1.1626,0.0
2026-09-07 23:00:00,1.16261,1.16334,1.1621,1.16233,0.0
2026-09-08 07:00:00,1.1623,1.16348,1.16222,1.16252,0.0
2026-09-08 15:00:00,1.1625,1.16362,1.16085,1.16189,0.0
2026-09-08 23:00:00,1.16193,1.16345,1.16193,1.16242,0.0
2026-09-09 07:00:00,1.1624,1.16338,1.1623,1.16332,0.0
2026-09-09 15:00:00,1.16329,1.16439,1.16314,1.16436,0.0
