Date,Open,High,Low,Close,Volume
2024-09-09 07:00:00,1.10871,1.10916,1.10819,1.10834,0.0
2024-09-09 11:00:00,1.10833,1.10914,1.10742,1.10757,0.0
2024-09-09 15:00:00,1.10759,1.10763,1.10454,1.10477,0.0
2024-09-09 19:00:00,1.10476,1.10594,1.10354,1.10392,0.0
2024-09-09 23:00:00,1.10397,1.10525,1.10337,1.10488,0.0
2024-09-10 03:00:00,1.1049,1.10542,1.1033,1.10353,0.0
2024-09-10 07:00:00,1.10363,1.10425,1.10281,1.10308,0.0
2024-09-10 11:00:00,1.10307,1.10411,1.10302,1.10401,0.0
2024-09-10 15:00:00,1.104,1.105,1.10332,1.10379,0.0
2024-09-10 19:00:00,1.10377,1.10443,1.10262,1.10295,0.0
2024-09-10 23:00:00,1.10299,1.10351,1.10147,1.10267,0.0
2024-09-11 03:00:00,1.10262,1.10282,1.10176,1.10196,0.0
2024-09-11 07:00:00,1.10193,1.10243,1.1016,1.102,0.0
2024-09-11 11:00:00,1.102,1.10475,1.10179,1.10465,0.0
2024-09-11 15:00:00,1.10468,1.10523,1.10364,1.10439,0.0
2024-09-11 19:00:00,1.10438,1.10551,1.1003,1.10176,0.0
2024-09-11 23:00:00,1.10163,1.10268,1.10017,1.1016,0.0
2024-09-12 03:00:00,1.1016,1.10271,1.10098,1.10119,0.0
2024-09-12 07:00:00,1.10133,1.10179,1.10057,1.10068,0.0
2024-09-12 11:00:00,1.10069,1.10173,1.10061,1.10169,0.0
2024-09-12 15:00:00,1.10163,1.10242,1.10051,1.10156,0.0
2024-09-12 19:00:00,1.1016,1.10329,1.10073,1.10256,0.0
2024-09-12 23:00:00,1.10251,1.10484,1.10244,1.1046,0.0
2024-09-13 03:00:00,1.10462,1.1077,1.10421,1.10745,0.0
2024-09-13 07:00:00,1.10738,1.10878,1.10689,1.10871,0.0
2024-09-13 11:00:00,1.10871,1.10906,1.1079,1.10844,0.0
2024-09-13 15:00:00,1.10845,1.10945,1.10727,1.10928,0.0
2024-09-13 19:00:00,1.10929,1.1101,1.10789,1.10929,0.0
2024-09-13 23:00:00,1.10932,1.11023,1.10765,1.1084,0.0
2024-09-14 03:00:00,1.1084,1.10864,1.10713,1.10765,0.0
2024-09-16 07:00:00,1.1087,1.10929,1.10847,1.10896,0.0
2024-09-16 11:00:00,1.10895,1.11053,1.10866,1.10972,0.0
2024-09-16 15:00:00,1.10971,1.11265,1.10955,1.11229,0.0
2024-09-16 19:00:00,1.11228,1.11333,1.11157,1.11251,0.0
2024-09-16 23:00:00,1.11249,1.11379,1.11164,1.1129,0.0
2024-09-17 03:00:00,1.11291,1.11344,1.11159,1.11329,0.0
2024-09-17 07:00:00,1.11328,1.1134,1.11218,1.11231,0.0
2024-09-17 11:00:00,1.1123,1.11301,1.11216,1.11245,0.0
2024-09-17 15:00:00,1.11244,1.11467,1.11155,1.11447,0.0
2024-09-17 19:00:00,1.11446,1.11451,1.11176,1.11248,0.0
2024-09-17 23:00:00,1.11249,1.11286,1.11116,1.11195,0.0
2024-09-18 03:00:00,1.11194,1.11238,1.11108,1.11133,0.0
2024-09-18 07:00:00,1.1115,1.1129,1.11114,1.11271,0.0
2024-09-18 11:00:00,1.1127,1.11309,1.11198,1.11202,0.0
2024-09-18 15:00:00,1.11201,1.11337,1.11151,1.11297,0.0
2024-09-18 19:00:00,1.11296,1.11402,1.11177,1.11224,0.0
2024-09-18 23:00:00,1.11223,1.11402,1.11079,1.11244,0.0
2024-09-19 03:00:00,1.11245,1.11896,1.10965,1.11182,0.0
2024-09-19 07:00:00,1.11143,1.11244,1.10787,1.10817,0.0
2024-09-19 11:00:00,1.10815,1.11217,1.10683,1.11204,0.0
2024-09-19 15:00:00,1.11203,1.11695,1.112,1.11629,0.0
2024-09-19 19:00:00,1.11628,1.11792,1.11254,1.11261,0.0
2024-09-19 23:00:00,1.1126,1.11587,1.11163,1.11556,0.0
2024-09-20 03:00:00,1.11557,1.11683,1.11522,1.11617,0.0
2024-09-20 07:00:00,1.11635,1.11668,1.1157,1.11605,0.0
2024-09-20 11:00:00,1.11607,1.11697,1.11571,1.11651,0.0
2024-09-20 15:00:00,1.11652,1.11822,1.11522,1.11645,0.0
2024-09-20 19:00:00,1.11646,1.11772,1.11539,1.11744,0.0
2024-09-20 23:00:00,1.11743,1.11765,1.11359,1.11739,0.0
2024-09-21 03:00:00,1.11737,1.11747,1.11559,1.11633,0.0
2024-09-23 07:00:00,1.11624,1.11645,1.11559,1.1159,0.0
2024-09-23 11:00:00,1.11588,1.11654,1.11556,1.11637,0.0
2024-09-23 15:00:00,1.11636,1.11677,1.1083,1.10926,0.0
2024-09-23 19:00:00,1.10925,1.11262,1.1092,1.11225,0.0
2024-09-23 23:00:00,1.11226,1.11438,1.11151,1.11253,0.0
2024-09-24 03:00:00,1.11255,1.11289,1.11094,1.11114,0.0
2024-09-24 07:00:00,1.11152,1.11197,1.11041,1.11058,0.0
2024-09-24 11:00:00,1.11059,1.11181,1.11031,1.1117,0.0
2024-09-24 15:00:00,1.11172,1.11452,1.11041,1.11403,0.0
2024-09-24 19:00:00,1.11402,1.11482,1.11219,1.1141,0.0
2024-09-24 23:00:00,1.11409,1.11639,1.11323,1.11586,0.0
2024-09-25 03:00:00,1.11585,1.1181,1.11545,1.11805,0.0
2024-09-25 07:00:00,1.11795,1.11945,1.11775,1.11945,0.0
2024-09-25 11:00:00,1.11935,1.1199,1.1185,1.1196,0.0
2024-09-25 15:00:00,1.1196,1.1197,1.1182,1.1185,0.0
2024-09-25 19:00:00,1.1185,1.1208,1.1178,1.1193,0.0
2024-09-25 23:00:00,1.12054,1.12084,1.11326,1.11344,0.0
2024-09-26 03:00:00,1.11345,1.11392,1.11212,1.11327,0.0
2024-09-26 07:00:00,1.11332,1.11382,1.11274,1.11366,0.0
2024-09-26 11:00:00,1.11369,1.11458,1.11312,1.11419,0.0
2024-09-26 15:00:00,1.11417,1.11584,1.11254,1.11414,0.0
2024-09-26 19:00:00,1.11415,1.11659,1.11371,1.11512,0.0
2024-09-26 23:00:00,1.11513,1.11897,1.11254,1.11693,0.0
2024-09-27 03:00:00,1.11692,1.11845,1.1168,1.1177,0.0
2024-09-27 07:00:00,1.11772,1.11829,1.11676,1.11693,0.0
2024-09-27 11:00:00,1.11692,1.11737,1.11621,1.11647,0.0
2024-09-27 15:00:00,1.11647,1.11765,1.11245,1.11446,0.0
2024-09-27 19:00:00,1.11447,1.12021,1.11369,1.11998,0.0
2024-09-27 23:00:00,1.11995,1.12034,1.11461,1.11518,0.0
2024-09-28 03:00:00,1.11518,1.1169,1.115,1.11639,0.0
2024-09-30 07:00:00,1.1171,1.11744,1.11673,1.11709,0.0
2024-09-30 11:00:00,1.11711,1.11731,1.11559,1.11617,0.0
2024-09-30 15:00:00,1.11618,1.12094,1.11557,1.12057,0.0
2024-09-30 19:00:00,1.12059,1.12063,1.1183,1.11898,0.0
2024-09-30 23:00:00,1.11899,1.11917,1.11346,1.11486,0.0
2024-10-01 03:00:00,1.1149,1.11641,1.11133,1.11351,0.0
2024-10-01 07:00:00,1.11343,1.11432,1.11268,1.11322,0.0
2024-10-01 11:00:00,1.11323,1.11438,1.11308,1.11406,0.0
2024-10-01 15:00:00,1.11408,1.11444,1.10977,1.11031,0.0
2024-10-01 19:00:00,1.11028,1.11151,1.10699,1.10712,0.0
2024-10-01 23:00:00,1.10712,1.10872,1.10479,1.1055,0.0
2024-10-02 03:00:00,1.10544,1.10779,1.10456,1.10679,0.0
2024-10-02 07:00:00,1.10676,1.10747,1.10631,1.10657,0.0
2024-10-02 11:00:00,1.10658,1.10745,1.106,1.10631,0.0
2024-10-02 15:00:00,1.10629,1.10833,1.10538,1.10725,0.0
2024-10-02 19:00:00,1.10725,1.10779,1.10506,1.10536,0.0
2024-10-02 23:00:00,1.10537,1.10661,1.10324,1.10465,0.0
2024-10-03 03:00:00,1.10468,1.10541,1.10364,1.10451,0.0
2024-10-03 07:00:00,1.10454,1.10518,1.10369,1.10392,0.0
2024-10-03 11:00:00,1.10393,1.10412,1.10317,1.1033,0.0
2024-10-03 15:00:00,1.10331,1.10467,1.10245,1.10379,0.0
2024-10-03 19:00:00,1.10376,1.10491,1.10279,1.10322,0.0
2024-10-03 23:00:00,1.1032,1.10441,1.1008,1.10304,0.0
2024-10-04 03:00:00,1.10305,1.10367,1.10247,1.1032,0.0
2024-10-04 07:00:00,1.10327,1.10401,1.10279,1.10347,0.0
2024-10-04 11:00:00,1.10347,1.10365,1.10249,1.10278,0.0
2024-10-04 15:00:00,1.10279,1.10362,1.10207,1.10255,0.0
2024-10-04 19:00:00,1.1025,1.10373,1.09588,1.096097,0.0
2024-10-04 23:00:00,1.096083,1.09822,1.0951,1.095967,0.0
2024-10-05 03:00:00,1.095978,1.09794,1.09573,1.097555,0.0
2024-10-07 07:00:00,1.0971,1.09723,1.0964,1.097068,0.0
2024-10-07 11:00:00,1.097058,1.09781,1.09678,1.097217,0.0
2024-10-07 15:00:00,1.097208,1.0974,1.09579,1.09695,0.0
2024-10-07 19:00:00,1.09697,1.09811,1.09539,1.09769,0.0
2024-10-07 23:00:00,1.097717,1.09852,1.09692,1.0976,0.0
2024-10-08 03:00:00,1.097608,1.09873,1.09653,1.097242,0.0
2024-10-08 07:00:00,1.097233,1.09801,1.09683,1.097437,0.0
2024-10-08 11:00:00,1.097447,1.09872,1.09724,1.09834,0.0
2024-10-08 15:00:00,1.09833,1.09959,1.09782,1.09953,0.0
2024-10-08 19:00:00,1.09953,1.09975,1.09782,1.09878,0.0
2024-10-08 23:00:00,1.09876,1.09903,1.09606,1.096977,0.0
2024-10-09 03:00:00,1.096988,1.09787,1.09654,1.097787,0.0
2024-10-09 07:00:00,1.097768,1.09854,1.09713,1.097552,0.0
2024-10-09 11:00:00,1.097557,1.09792,1.09664,1.096782,0.0
2024-10-09 15:00:00,1.096788,1.09765,1.09507,1.096037,0.0
2024-10-09 19:00:00,1.096,1.09711,1.0953,1.09542,0.0
2024-10-09 23:00:00,1.095413,1.09603,1.09393,1.095098,0.0
2024-10-10 03:00:00,1.095052,1.09509,1.09358,1.093857,0.0
2024-10-10 07:00:00,1.093878,1.09469,1.09354,1.09417,0.0
2024-10-10 11:00:00,1.09414,1.09465,1.09386,1.094358,0.0
2024-10-10 15:00:00,1.094348,1.09451,1.09329,1.09374,0.0
2024-10-10 19:00:00,1.09377,1.09401,1.09267,1.0931,0.0
2024-10-10 23:00:00,1.0931,1.09578,1.0905,1.09248,0.0
2024-10-11 03:00:00,1.09249,1.09351,1.08997,1.093443,0.0
2024-10-11 07:00:00,1.093473,1.094,1.09249,1.093363,0.0
2024-10-11 11:00:00,1.093352,1.09411,1.09292,1.09397,0.0
2024-10-11 15:00:00,1.09397,1.09458,1.09319,1.09447,0.0
2024-10-11 19:00:00,1.09447,1.09542,1.09271,1.09309,0.0
2024-10-11 23:00:00,1.0931,1.09528,1.09258,1.094137,0.0
2024-10-12 03:00:00,1.094148,1.0948,1.09327,1.093328,0.0
2024-10-12 07:00:00,1.093317,1.09408,1.0932,1.09355,0.0
2024-10-14 07:00:00,1.09307,1.09325,1.09218,1.092322,0.0
2024-10-14 11:00:00,1.092337,1.09297,1.0915,1.092577,0.0
2024-10-14 15:00:00,1.092553,1.09315,1.09221,1.09284,0.0
2024-10-14 19:00:00,1.09282,1.09371,1.09088,1.09128,0.0
2024-10-14 23:00:00,1.09126,1.09277,1.09044,1.0907,0.0
2024-10-15 03:00:00,1.0907,1.09089,1.08877,1.090397,0.0
2024-10-15 07:00:00,1.090377,1.09146,1.09021,1.09091,0.0
2024-10-15 11:00:00,1.09092,1.09103,1.08954,1.08966,0.0
2024-10-15 15:00:00,1.08964,1.08991,1.08845,1.089862,0.0
2024-10-15 19:00:00,1.089873,1.09167,1.08968,1.090098,0.0
2024-10-15 23:00:00,1.09012,1.09172,1.0898,1.0899,0.0
2024-10-16 03:00:00,1.0899,1.09029,1.08815,1.088668,0.0
2024-10-16 07:00:00,1.088688,1.08959,1.08827,1.088328,0.0
2024-10-16 11:00:00,1.088313,1.08961,1.08817,1.089097,0.0
2024-10-16 15:00:00,1.089097,1.08935,1.08749,1.088227,0.0
2024-10-16 19:00:00,1.08822,1.08977,1.08774,1.08944,0.0
2024-10-16 23:00:00,1.08944,1.09019,1.08658,1.08725,0.0
2024-10-17 03:00:00,1.0873,1.08771,1.0853,1.085792,0.0
2024-10-17 07:00:00,1.085778,1.08811,1.08559,1.085897,0.0
2024-10-17 11:00:00,1.0859,1.08656,1.08509,1.08531,0.0
2024-10-17 15:00:00,1.085303,1.08587,1.08487,1.08548,0.0
2024-10-17 19:00:00,1.08546,1.08678,1.08486,1.08634,0.0
2024-10-17 23:00:00,1.08632,1.08743,1.08107,1.08367,0.0
2024-10-18 03:00:00,1.08369,1.08374,1.08206,1.08281,0.0
2024-10-18 07:00:00,1.08279,1.08354,1.0825,1.082908,0.0
2024-10-18 11:00:00,1.083,1.08401,1.0827,1.08387,0.0
2024-10-18 15:00:00,1.08388,1.08491,1.08367,1.084108,0.0
2024-10-18 19:00:00,1.08411,1.08523,1.08338,1.08483,0.0
2024-10-18 23:00:00,1.08482,1.08649,1.08462,1.085357,0.0
2024-10-19 03:00:00,1.085348,1.08687,1.08525,1.086387,0.0
2024-10-19 07:00:00,1.086372,1.08714,1.08626,1.08675,0.0
2024-10-21 07:00:00,1.08671,1.08722,1.08643,1.086832,0.0
2024-10-21 11:00:00,1.086838,1.08695,1.08634,1.08664,0.0
2024-10-21 15:00:00,1.08663,1.08667,1.08459,1.084827,0.0
2024-10-21 19:00:00,1.084823,1.08587,1.08443,1.085587,0.0
2024-10-21 23:00:00,1.085577,1.08595,1.08196,1.082018,0.0
2024-10-22 03:00:00,1.082008,1.08235,1.08108,1.081538,0.0
2024-10-22 07:00:00,1.081523,1.08223,1.08112,1.081542,0.0
2024-10-22 11:00:00,1.081543,1.08218,1.08139,1.081923,0.0
2024-10-22 15:00:00,1.081913,1.08385,1.08178,1.083677,0.0
2024-10-22 19:00:00,1.083668,1.08375,1.08139,1.081767,0.0
2024-10-22 23:00:00,1.081758,1.08221,1.08005,1.08047,0.0
2024-10-23 03:00:00,1.08045,1.08147,1.07938,1.079497,0.0
2024-10-23 07:00:00,1.079467,1.08026,1.07924,1.079648,0.0
2024-10-23 11:00:00,1.079632,1.0806,1.07919,1.080237,0.0
2024-10-23 15:00:00,1.080227,1.0807,1.07802,1.07818,0.0
2024-10-23 19:00:00,1.07817,1.07919,1.07628,1.076332,0.0
2024-10-23 23:00:00,1.07634,1.07868,1.0761,1.077888,0.0
2024-10-24 03:00:00,1.077878,1.0787,1.07669,1.07858,0.0
2024-10-24 07:00:00,1.07859,1.07874,1.07786,1.078047,0.0
2024-10-24 11:00:00,1.078057,1.07903,1.07795,1.07868,0.0
2024-10-24 15:00:00,1.078698,1.07993,1.07704,1.07958,0.0
2024-10-24 19:00:00,1.079573,1.08086,1.07917,1.07951,0.0
2024-10-24 23:00:00,1.07953,1.08117,1.07869,1.08051,0.0
2024-10-25 03:00:00,1.08052,1.08294,1.08023,1.082867,0.0
2024-10-25 07:00:00,1.08292,1.08314,1.08223,1.082393,0.0
2024-10-25 11:00:00,1.082412,1.0828,1.08199,1.08218,0.0
2024-10-25 15:00:00,1.082193,1.08277,1.08133,1.082442,0.0
2024-10-25 19:00:00,1.08239,1.08377,1.08211,1.08215,0.0
2024-10-25 23:00:00,1.08215,1.084,1.08104,1.08121,0.0
2024-10-26 03:00:00,1.081212,1.08125,1.07928,1.079557,0.0
2024-10-26 07:00:00,1.07959,1.07995,1.07924,1.07958,0.0
2024-10-28 07:00:00,1.07949,1.08021,1.07856,1.079632,0.0
2024-10-28 11:00:00,1.079607,1.08018,1.07817,1.078302,0.0
2024-10-28 15:00:00,1.078302,1.0806,1.07818,1.08042,0.0
2024-10-28 19:00:00,1.08041,1.08218,1.08006,1.08196,0.0
2024-10-28 23:00:00,1.08194,1.08281,1.08128,1.08189,0.0
2024-10-29 03:00:00,1.08188,1.08266,1.08097,1.081517,0.0
2024-10-29 07:00:00,1.081538,1.08189,1.08084,1.081773,0.0
2024-10-29 11:00:00,1.081762,1.08198,1.08058,1.080808,0.0
2024-10-29 15:00:00,1.080807,1.08166,1.08052,1.08096,0.0
2024-10-29 19:00:00,1.08097,1.08268,1.07964,1.079915,0.0
2024-10-29 23:00:00,1.079895,1.08126,1.07685,1.07977,0.0
2024-10-30 03:00:00,1.07977,1.08167,1.0792,1.081408,0.0
2024-10-30 07:00:00,1.08139,1.08223,1.08102,1.081983,0.0
2024-10-30 11:00:00,1.081973,1.08265,1.08133,1.081433,0.0
2024-10-30 15:00:00,1.081422,1.08267,1.08127,1.081923,0.0
2024-10-30 19:00:00,1.081927,1.08599,1.08182,1.082445,0.0
2024-10-30 23:00:00,1.08242,1.08672,1.08066,1.08638,0.0
2024-10-31 03:00:00,1.08637,1.08718,1.08533,1.08602,0.0
2024-10-31 07:00:00,1.08607,1.08626,1.08524,1.08583,0.0
2024-10-31 11:00:00,1.08583,1.08598,1.08437,1.085,0.0
2024-10-31 15:00:00,1.08499,1.08645,1.08448,1.085897,0.0
2024-10-31 19:00:00,1.085923,1.08759,1.08509,1.086785,0.0
2024-10-31 23:00:00,1.086847,1.08887,1.08457,1.08554,0.0
2024-11-01 03:00:00,1.08552,1.08787,1.08533,1.087737,0.0
2024-11-01 07:00:00,1.087753,1.08886,1.08767,1.08841,0.0
2024-11-01 11:00:00,1.08841,1.08891,1.08748,1.08766,0.0
2024-11-01 15:00:00,1.08763,1.08794,1.08679,1.08682,0.0
2024-11-01 19:00:00,1.0868,1.08698,1.0852,1.0868,0.0
2024-11-01 23:00:00,1.08681,1.09062,1.0847,1.08486,0.0
2024-11-02 03:00:00,1.0848,1.08547,1.08339,1.083588,0.0
2024-11-02 07:00:00,1.083592,1.08378,1.08298,1.08336,0.0
2024-11-04 07:00:00,1.08798,1.08846,1.08709,1.087292,0.0
2024-11-04 11:00:00,1.087292,1.09053,1.08694,1.090158,0.0
2024-11-04 15:00:00,1.09015,1.09034,1.08868,1.08913,0.0
2024-11-04 19:00:00,1.08915,1.09146,1.08889,1.091357,0.0
2024-11-04 23:00:00,1.091347,1.09153,1.0893,1.08993,0.0
2024-11-05 03:00:00,1.08994,1.09014,1.08773,1.08789,0.0
2024-11-05 07:00:00,1.08789,1.08858,1.0873,1.087368,0.0
2024-11-05 11:00:00,1.087378,1.08803,1.08721,1.087592,0.0
2024-11-05 15:00:00,1.08758,1.08912,1.0874,1.088878,0.0
2024-11-05 19:00:00,1.088888,1.09022,1.0884,1.089955,0.0
2024-11-05 23:00:00,1.08998,1.09126,1.08866,1.09021,0.0
2024-11-06 03:00:00,1.09023,1.0937,1.09007,1.09312,0.0
2024-11-06 07:00:00,1.09312,1.09378,1.09118,1.093408,0.0
2024-11-06 11:00:00,1.093382,1.09345,1.07179,1.074717,0.0
2024-11-06 15:00:00,1.074667,1.07953,1.07025,1.073427,0.0
2024-11-06 19:00:00,1.073408,1.0782,1.07008,1.070817,0.0
2024-11-06 23:00:00,1.070813,1.07403,1.06821,1.07384,0.0
2024-11-07 03:00:00,1.073818,1.07586,1.07253,1.073533,0.0
2024-11-07 07:00:00,1.073548,1.0739,1.0724,1.07317,0.0
2024-11-07 11:00:00,1.073157,1.07419,1.07125,1.073997,0.0
2024-11-07 15:00:00,1.073993,1.07706,1.07339,1.0752,0.0
2024-11-07 19:00:00,1.07523,1.0772,1.07455,1.0759,0.0
2024-11-07 23:00:00,1.07592,1.08256,1.07563,1.081107,0.0
2024-11-08 03:00:00,1.081117,1.08154,1.07665,1.078193,0.0
2024-11-08 07:00:00,1.0782,1.08105,1.07797,1.079563,0.0
2024-11-08 11:00:00,1.079562,1.07979,1.07766,1.07781,0.0
2024-11-08 15:00:00,1.0778,1.07869,1.07724,1.077977,0.0
2024-11-08 19:00:00,1.077967,1.07979,1.07607,1.07831,0.0
2024-11-08 23:00:00,1.07832,1.07848,1.074,1.07485,0.0
2024-11-09 03:00:00,1.07483,1.07507,1.06866,1.071368,0.0
2024-11-09 07:00:00,1.071347,1.07227,1.07101,1.07192,0.0
2024-11-11 07:00:00,1.07098,1.07175,1.07057,1.071322,0.0
2024-11-11 11:00:00,1.071318,1.07283,1.07082,1.071687,0.0
2024-11-11 15:00:00,1.071662,1.07226,1.06856,1.069003,0.0
2024-11-11 19:00:00,1.069003,1.06947,1.06553,1.066257,0.0
2024-11-11 23:00:00,1.066272,1.06651,1.06283,1.064728,0.0
2024-11-12 03:00:00,1.064747,1.06576,1.06446,1.06513,0.0
2024-11-12 07:00:00,1.06515,1.06637,1.06451,1.066318,0.0
2024-11-12 11:00:00,1.066323,1.06636,1.06376,1.06384,0.0
2024-11-12 15:00:00,1.06384,1.06462,1.06211,1.06322,0.0
2024-11-12 19:00:00,1.06321,1.06346,1.06108,1.06188,0.0
2024-11-12 23:00:00,1.0619,1.06277,1.06015,1.06092,0.0
2024-11-13 03:00:00,1.060897,1.06191,1.05946,1.06125,0.0
2024-11-13 07:00:00,1.06123,1.06273,1.06091,1.061667,0.0
2024-11-13 11:00:00,1.061673,1.06299,1.06106,1.061917,0.0
2024-11-13 15:00:00,1.061908,1.0623,1.06022,1.06031,0.0
2024-11-13 19:00:00,1.060293,1.06386,1.05929,1.063762,0.0
2024-11-13 23:00:00,1.063808,1.06577,1.05553,1.05888,0.0
2024-11-14 03:00:00,1.05889,1.05925,1.05561,1.056585,0.0
2024-11-14 07:00:00,1.056555,1.05692,1.05558,1.056588,0.0
2024-11-14 11:00:00,1.056598,1.0569,1.0545,1.05478,0.0
2024-11-14 15:00:00,1.05479,1.05551,1.05336,1.055127,0.0
2024-11-14 19:00:00,1.055147,1.05584,1.04956,1.05293,0.0
2024-11-14 23:00:00,1.0529,1.05781,1.05129,1.05749,0.0
2024-11-15 03:00:00,1.05747,1.05829,1.05432,1.054782,0.0
2024-11-15 07:00:00,1.054793,1.05502,1.05116,1.052965,0.0
2024-11-15 11:00:00,1.052975,1.05465,1.05233,1.05404,0.0
2024-11-15 15:00:00,1.05403,1.05645,1.05334,1.05568,0.0
2024-11-15 19:00:00,1.0556,1.05804,1.05521,1.05772,0.0
2024-11-15 23:00:00,1.05771,1.05936,1.05228,1.05354,0.0
2024-11-16 03:00:00,1.05354,1.05604,1.05329,1.053727,0.0
2024-11-16 07:00:00,1.053717,1.05457,1.0516,1.05414,0.0
2024-11-18 07:00:00,1.05316,1.05392,1.05291,1.053647,0.0
2024-11-18 11:00:00,1.053632,1.05512,1.05299,1.05344,0.0
2024-11-18 15:00:00,1.053418,1.05488,1.05331,1.05472,0.0
2024-11-18 19:00:00,1.05472,1.05716,1.05323,1.05424,0.0
2024-11-18 23:00:00,1.05424,1.05758,1.05343,1.05736,0.0
2024-11-19 03:00:00,1.05736,1.06076,1.0565,1.059092,0.0
2024-11-19 07:00:00,1.059098,1.06026,1.05888,1.059462,0.0
2024-11-19 11:00:00,1.059468,1.06011,1.05867,1.05968,0.0
2024-11-19 15:00:00,1.0597,1.06011,1.05742,1.057758,0.0
2024-11-19 19:00:00,1.057748,1.05885,1.05229,1.05618,0.0
2024-11-19 23:00:00,1.05621,1.06016,1.05593,1.05868,0.0
2024-11-20 03:00:00,1.05868,1.05956,1.05707,1.059375,0.0
2024-11-20 07:00:00,1.05936,1.06084,1.05882,1.060707,0.0
2024-11-20 11:00:00,1.060732,1.06104,1.05882,1.05899,0.0
2024-11-20 15:00:00,1.058978,1.0596,1.05764,1.05784,0.0
2024-11-20 19:00:00,1.05783,1.05795,1.05418,1.0554,0.0
2024-11-20 23:00:00,1.05547,1.05684,1.05154,1.052162,0.0
2024-11-21 03:00:00,1.052167,1.05429,1.05065,1.0539,0.0
2024-11-21 07:00:00,1.05394,1.05469,1.0536,1.054577,0.0
2024-11-21 11:00:00,1.05458,1.05536,1.0542,1.05533,0.0
2024-11-21 15:00:00,1.05533,1.05554,1.05292,1.053647,0.0
2024-11-21 19:00:00,1.053667,1.05436,1.05135,1.05202,0.0
2024-11-21 23:00:00,1.05202,1.05451,1.05086,1.05105,0.0
2024-11-22 03:00:00,1.051048,1.05152,1.04618,1.04845,0.0
2024-11-22 07:00:00,1.04845,1.04873,1.04674,1.046917,0.0
2024-11-22 11:00:00,1.046893,1.04786,1.0466,1.047503,0.0
2024-11-22 15:00:00,1.04748,1.04897,1.04613,1.04862,0.0
2024-11-22 19:00:00,1.04861,1.04987,1.03284,1.041678,0.0
2024-11-22 23:00:00,1.041698,1.04351,1.03946,1.04106,0.0
2024-11-23 03:00:00,1.04107,1.04258,1.03918,1.0411,0.0
2024-11-23 07:00:00,1.0411,1.04239,1.04078,1.04192,0.0
2024-11-25 07:00:00,1.04823,1.0502,1.04608,1.047963,0.0
2024-11-25 11:00:00,1.047918,1.04905,1.04732,1.0478,0.0
2024-11-25 15:00:00,1.04779,1.049,1.04495,1.04507,0.0
2024-11-25 19:00:00,1.04507,1.04976,1.04486,1.047947,0.0
2024-11-25 23:00:00,1.047963,1.05307,1.04737,1.048843,0.0
2024-11-26 03:00:00,1.04882,1.05112,1.04662,1.05056,0.0
2024-11-26 07:00:00,1.05055,1.05099,1.04424,1.044388,0.0
2024-11-26 11:00:00,1.044402,1.04805,1.04248,1.04781,0.0
2024-11-26 15:00:00,1.047808,1.0491,1.04716,1.0473,0.0
2024-11-26 19:00:00,1.04721,1.05213,1.04696,1.051337,0.0
2024-11-26 23:00:00,1.051318,1.05452,1.04781,1.047967,0.0
2024-11-27 03:00:00,1.047983,1.04867,1.04569,1.04729,0.0
2024-11-27 07:00:00,1.04729,1.04945,1.04714,1.049177,0.0
2024-11-27 11:00:00,1.049177,1.04971,1.04774,1.04829,0.0
2024-11-27 15:00:00,1.04829,1.05057,1.04741,1.04983,0.0
2024-11-27 19:00:00,1.04984,1.05408,1.04958,1.05262,0.0
2024-11-27 23:00:00,1.05263,1.05803,1.05197,1.057078,0.0
2024-11-28 03:00:00,1.057068,1.05881,1.05547,1.05626,0.0
2024-11-28 07:00:00,1.05628,1.05735,1.05591,1.056202,0.0
2024-11-28 11:00:00,1.056217,1.05632,1.0547,1.055238,0.0
2024-11-28 15:00:00,1.05529,1.05585,1.05316,1.054172,0.0
2024-11-28 19:00:00,1.054148,1.05568,1.05272,1.05,0.0
2024-11-28 23:00:00,1.06,1.05575,1.05299,1.05526,0.0
2024-11-29 03:00:00,1.05524,1.05575,1.05472,1.055683,0.0
2024-11-29 07:00:00,1.055683,1.05627,1.05454,1.056023,0.0
2024-11-29 11:00:00,1.056023,1.05764,1.05561,1.05738,0.0
2024-11-29 15:00:00,1.05737,1.05976,1.05649,1.057948,0.0
2024-11-29 19:00:00,1.057958,1.05826,1.05516,1.056223,0.0
2024-11-29 23:00:00,1.05628,1.05688,1.0545,1.05614,0.0
2024-11-30 03:00:00,1.056142,1.05805,1.05412,1.057972,0.0
2024-11-30 07:00:00,1.057967,1.0585,1.05729,1.05777,0.0
2024-12-02 07:00:00,1.05754,1.05796,1.05333,1.054407,0.0
2024-12-02 11:00:00,1.054397,1.05468,1.05196,1.052357,0.0
2024-12-02 15:00:00,1.052347,1.05376,1.05017,1.050277,0.0
2024-12-02 19:00:00,1.050262,1.05292,1.04956,1.052307,0.0
2024-12-02 23:00:00,1.052293,1.05389,1.04616,1.0469,0.0
2024-12-03 03:00:00,1.04692,1.04994,1.04602,1.049043,0.0
2024-12-03 07:00:00,1.049018,1.05164,1.04883,1.0501,0.0
2024-12-03 11:00:00,1.050063,1.05021,1.0482,1.04905,0.0
2024-12-03 15:00:00,1.049037,1.05121,1.04803,1.049813,0.0
2024-12-03 19:00:00,1.049802,1.05312,1.04969,1.052283,0.0
2024-12-03 23:00:00,1.052283,1.05295,1.04918,1.05167,0.0
2024-12-04 03:00:00,1.05168,1.05355,1.0503,1.05048,0.0
2024-12-04 07:00:00,1.0505,1.05131,1.05002,1.051003,0.0
2024-12-04 11:00:00,1.05099,1.05131,1.04875,1.049373,0.0
2024-12-04 15:00:00,1.049368,1.05295,1.04904,1.050917,0.0
2024-12-04 19:00:00,1.050903,1.05154,1.04823,1.05049,0.0
2024-12-04 23:00:00,1.05048,1.05446,1.0472,1.052957,0.0
2024-12-05 03:00:00,1.053,1.0543,1.0507,1.0514,0.0
2024-12-05 07:00:00,1.05141,1.0518,1.05045,1.051227,0.0
2024-12-05 11:00:00,1.051252,1.05237,1.05079,1.05229,0.0
2024-12-05 15:00:00,1.05229,1.05391,1.05173,1.053538,0.0
2024-12-05 19:00:00,1.053508,1.05468,1.05209,1.05362,0.0
2024-12-05 23:00:00,1.05367,1.05902,1.05236,1.05721,0.0
2024-12-06 03:00:00,1.05723,1.05891,1.05568,1.058772,0.0
2024-12-06 07:00:00,1.0588,1.05917,1.05807,1.058647,0.0
2024-12-06 11:00:00,1.058638,1.05869,1.05655,1.057603,0.0
2024-12-06 15:00:00,1.057592,1.0585,1.05671,1.05839,0.0
2024-12-06 19:00:00,1.058368,1.05946,1.0571,1.058717,0.0
2024-12-06 23:00:00,1.058708,1.06304,1.05437,1.056333,0.0
2024-12-07 03:00:00,1.056353,1.05759,1.0542,1.05544,0.0
2024-12-07 07:00:00,1.05547,1.05719,1.05536,1.0568,0.0
2024-12-09 07:00:00,1.05592,1.05706,1.05557,1.05656,0.0
2024-12-09 11:00:00,1.05659,1.05663,1.05365,1.053757,0.0
2024-12-09 15:00:00,1.053748,1.05671,1.05317,1.056437,0.0
2024-12-09 19:00:00,1.056443,1.05858,1.05563,1.05689,0.0
2024-12-09 23:00:00,1.05689,1.05933,1.05576,1.05912,0.0
2024-12-10 03:00:00,1.05913,1.05948,1.05514,1.055527,0.0
2024-12-10 07:00:00,1.055537,1.05588,1.05468,1.055432,0.0
2024-12-10 11:00:00,1.055442,1.0562,1.05449,1.055623,0.0
2024-12-10 15:00:00,1.055662,1.05685,1.05467,1.054883,0.0
2024-12-10 19:00:00,1.054893,1.0552,1.05228,1.05315,0.0
2024-12-10 23:00:00,1.05316,1.05341,1.0498,1.05039,0.0
2024-12-11 03:00:00,1.0504,1.05317,1.04995,1.05268,0.0
2024-12-11 07:00:00,1.05268,1.05323,1.05234,1.053127,0.0
2024-12-11 11:00:00,1.053138,1.05397,1.05275,1.05283,0.0
2024-12-11 15:00:00,1.05282,1.05308,1.04877,1.04901,0.0
2024-12-11 19:00:00,1.04903,1.0513,1.04869,1.0503,0.0
2024-12-11 23:00:00,1.05036,1.05379,1.04799,1.04906,0.0
2024-12-12 03:00:00,1.04907,1.05124,1.04814,1.04913,0.0
2024-12-12 07:00:00,1.0492,1.0507,1.04877,1.050553,0.0
2024-12-12 11:00:00,1.050553,1.05093,1.05006,1.050575,0.0
2024-12-12 15:00:00,1.050533,1.05313,1.0503,1.05166,0.0
2024-12-12 19:00:00,1.05161,1.05214,1.04941,1.05026,0.0
2024-12-12 23:00:00,1.05026,1.05215,1.04634,1.047303,0.0
2024-12-13 03:00:00,1.047282,1.05178,1.04715,1.04728,0.0
2024-12-13 07:00:00,1.04727,1.04759,1.04636,1.047373,0.0
2024-12-13 11:00:00,1.047357,1.04813,1.04593,1.046032,0.0
2024-12-13 15:00:00,1.046023,1.04667,1.04527,1.04595,0.0
2024-12-13 19:00:00,1.045888,1.04964,1.04557,1.048887,0.0
2024-12-13 23:00:00,1.04888,1.05246,1.04819,1.04892,0.0
2024-12-14 03:00:00,1.04891,1.05065,1.04865,1.04947,0.0
2024-12-14 07:00:00,1.049532,1.05072,1.04924,1.05031,0.0
2024-12-16 07:00:00,1.04865,1.05114,1.04838,1.050933,0.0
2024-12-16 11:00:00,1.050943,1.05234,1.05089,1.051192,0.0
2024-12-16 15:00:00,1.051203,1.05218,1.05042,1.050495,0.0
2024-12-16 19:00:00,1.05047,1.05255,1.04831,1.04908,0.0
2024-12-16 23:00:00,1.04909,1.05131,1.04734,1.05067,0.0
2024-12-17 03:00:00,1.05067,1.05231,1.04948,1.051,0.0
2024-12-17 07:00:00,1.05102,1.0519,1.05063,1.051693,0.0
2024-12-17 11:00:00,1.051702,1.0535,1.05111,1.05123,0.0
2024-12-17 15:00:00,1.05124,1.05129,1.04953,1.04977,0.0
2024-12-17 19:00:00,1.049757,1.05007,1.04789,1.049148,0.0
2024-12-17 23:00:00,1.049157,1.0512,1.0488,1.049888,0.0
2024-12-18 03:00:00,1.049907,1.05164,1.04878,1.048852,0.0
2024-12-18 07:00:00,1.048847,1.04986,1.04849,1.049457,0.0
2024-12-18 11:00:00,1.049447,1.05041,1.04924,1.04992,0.0
2024-12-18 15:00:00,1.04991,1.05131,1.04932,1.049713,0.0
2024-12-18 19:00:00,1.049683,1.05039,1.04871,1.04967,0.0
2024-12-18 23:00:00,1.04967,1.05036,1.04697,1.04734,0.0
2024-12-19 03:00:00,1.04739,1.04929,1.0373,1.03774,0.0
2024-12-19 07:00:00,1.037723,1.03809,1.03436,1.035083,0.0
2024-12-19 11:00:00,1.035062,1.03913,1.03502,1.037843,0.0
2024-12-19 15:00:00,1.037818,1.041,1.03744,1.039505,0.0
2024-12-19 19:00:00,1.039505,1.04227,1.03902,1.040353,0.0
2024-12-19 23:00:00,1.040353,1.04145,1.03765,1.037997,0.0
2024-12-20 03:00:00,1.037987,1.03849,1.03543,1.03614,0.0
2024-12-20 07:00:00,1.03615,1.03698,1.03583,1.036458,0.0
2024-12-20 11:00:00,1.036458,1.03696,1.03585,1.03619,0.0
2024-12-20 15:00:00,1.036207,1.03857,1.03426,1.038285,0.0
2024-12-20 19:00:00,1.038285,1.03989,1.03755,1.039178,0.0
2024-12-20 23:00:00,1.03918,1.04197,1.03857,1.039617,0.0
2024-12-21 03:00:00,1.039683,1.04479,1.03957,1.044482,0.0
2024-12-21 07:00:00,1.04448,1.04476,1.04216,1.04297,0.0
2024-12-23 07:00:00,1.043265,1.04416,1.04257,1.043357,0.0
2024-12-23 11:00:00,1.043378,1.04435,1.04267,1.04394,0.0
2024-12-23 15:00:00,1.04394,1.04458,1.0411,1.041265,0.0
2024-12-23 19:00:00,1.041273,1.042,1.03862,1.04,0.0
2024-12-23 23:00:00,1.04,1.04089,1.03839,1.039073,0.0
2024-12-24 03:00:00,1.03907,1.04184,1.0389,1.041157,0.0
2024-12-24 07:00:00,1.041133,1.04149,1.04009,1.040453,0.0
2024-12-24 11:00:00,1.040433,1.04092,1.03883,1.03909,0.0
2024-12-24 15:00:00,1.0391,1.03989,1.03899,1.03906,0.0
2024-12-24 19:00:00,1.03908,1.04059,1.03889,1.039477,0.0
2024-12-24 23:00:00,1.039502,1.0404,1.03887,1.039122,0.0
2024-12-26 07:00:00,1.04049,1.04086,1.0397,1.039928,0.0
2024-12-26 11:00:00,1.039913,1.04047,1.03926,1.04009,0.0
2024-12-26 15:00:00,1.04008,1.04032,1.03901,1.03977,0.0
2024-12-26 19:00:00,1.03975,1.04035,1.0391,1.04012,0.0
2024-12-26 23:00:00,1.04014,1.04155,1.03925,1.040983,0.0
2024-12-27 03:00:00,1.040887,1.04305,1.0406,1.041793,0.0
2024-12-27 07:00:00,1.041762,1.04274,1.04144,1.04218,0.0
2024-12-27 11:00:00,1.042183,1.04245,1.04063,1.041273,0.0
2024-12-27 15:00:00,1.041273,1.04253,1.04047,1.042198,0.0
2024-12-27 19:00:00,1.042188,1.04412,1.04087,1.043907,0.0
2024-12-27 23:00:00,1.043903,1.04446,1.04155,1.04218,0.0
2024-12-28 03:00:00,1.04221,1.04331,1.04141,1.042848,0.0
2024-12-28 07:00:00,1.042852,1.0431,1.04204,1.04259,0.0
2024-12-30 07:00:00,1.04304,1.04367,1.0423,1.042957,0.0
2024-12-30 11:00:00,1.042998,1.04318,1.04206,1.042468,0.0
2024-12-30 15:00:00,1.042458,1.0432,1.04208,1.04271,0.0
2024-12-30 19:00:00,1.042645,1.04527,1.04091,1.044808,0.0
2024-12-30 23:00:00,1.044817,1.04591,1.03714,1.038067,0.0
2024-12-31 03:00:00,1.038047,1.04075,1.03745,1.03965,0.0
2024-12-31 07:00:00,1.03966,1.04104,1.03946,1.040593,0.0
2024-12-31 11:00:00,1.040587,1.04155,1.03969,1.040878,0.0
2024-12-31 15:00:00,1.040868,1.04134,1.03994,1.041195,0.0
2024-12-31 19:00:00,1.0412,1.04249,1.04048,1.041063,0.0
2024-12-31 23:00:00,1.041047,1.04148,1.03909,1.03927,0.0
2025-01-02 07:00:00,1.03565,1.03599,1.03461,1.035098,0.0
2025-01-02 11:00:00,1.035098,1.03747,1.03433,1.03717,0.0
2025-01-02 15:00:00,1.03718,1.03759,1.03596,1.036302,0.0
2025-01-02 19:00:00,1.036302,1.03714,1.03134,1.03321,0.0
2025-01-02 23:00:00,1.03323,1.03348,1.0272,1.02742,0.0
2025-01-03 03:00:00,1.02743,1.02767,1.02222,1.02511,0.0
2025-01-03 07:00:00,1.02513,1.02732,1.02505,1.026792,0.0
2025-01-03 11:00:00,1.026792,1.02751,1.02656,1.02709,0.0
2025-01-03 15:00:00,1.02707,1.02853,1.02645,1.02809,0.0
2025-01-03 19:00:00,1.02808,1.03033,1.02726,1.0297,0.0
2025-01-03 23:00:00,1.02974,1.03062,1.02726,1.02893,0.0
2025-01-04 03:00:00,1.02891,1.03065,1.02833,1.03012,0.0
2025-01-04 07:00:00,1.03011,1.03124,1.02986,1.03088,0.0
2025-01-06 07:00:00,1.03055,1.03092,1.03022,1.030527,0.0
2025-01-06 11:00:00,1.030543,1.03186,1.02953,1.03164,0.0
2025-01-06 15:00:00,1.03163,1.03288,1.03075,1.032735,0.0
2025-01-06 19:00:00,1.032745,1.04333,1.03264,1.04218,0.0
2025-01-06 23:00:00,1.04217,1.04373,1.03494,1.03936,0.0
2025-01-07 03:00:00,1.03937,1.04035,1.03769,1.03879,0.0
2025-01-07 07:00:00,1.03882,1.0398,1.03783,1.038323,0.0
2025-01-07 11:00:00,1.038347,1.03934,1.0376,1.0393,0.0
2025-01-07 15:00:00,1.03927,1.04249,1.03902,1.041438,0.0
2025-01-07 19:00:00,1.041467,1.04348,1.0403,1.041348,0.0
2025-01-07 23:00:00,1.041373,1.04174,1.0355,1.03729,0.0
2025-01-08 03:00:00,1.037287,1.03818,1.03492,1.03556,0.0
2025-01-08 07:00:00,1.03551,1.03566,1.0337,1.03417,0.0
2025-01-08 11:00:00,1.03418,1.03552,1.03415,1.03479,0.0
2025-01-08 15:00:00,1.03477,1.03579,1.03282,1.03324,0.0
2025-01-08 19:00:00,1.03323,1.03402,1.02729,1.02973,0.0
2025-01-08 23:00:00,1.029777,1.03104,1.02804,1.03018,0.0
2025-01-09 03:00:00,1.03018,1.03247,1.02943,1.03091,0.0
2025-01-09 07:00:00,1.03093,1.03236,1.03076,1.031332,0.0
2025-01-09 11:00:00,1.031343,1.0322,1.03047,1.03112,0.0
2025-01-09 15:00:00,1.0311,1.0313,1.02875,1.02908,0.0
2025-01-09 19:00:00,1.029115,1.03181,1.02834,1.030117,0.0
2025-01-09 23:00:00,1.03012,1.03196,1.02945,1.02994,0.0
2025-01-10 03:00:00,1.02994,1.03028,1.02908,1.029807,0.0
2025-01-10 07:00:00,1.029822,1.03063,1.02939,1.029657,0.0
2025-01-10 11:00:00,1.029667,1.03049,1.02919,1.02985,0.0
2025-01-10 15:00:00,1.02985,1.03003,1.0281,1.02971,0.0
2025-01-10 19:00:00,1.029725,1.03123,1.02924,1.03016,0.0
2025-01-10 23:00:00,1.030195,1.03122,1.02106,1.02506,0.0
2025-01-11 03:00:00,1.02503,1.02516,1.02273,1.024557,0.0
2025-01-11 07:00:00,1.0246,1.02495,1.02366,1.02452,0.0
2025-01-13 07:00:00,1.02423,1.02474,1.0239,1.024313,0.0
2025-01-13 11:00:00,1.024328,1.02505,1.02125,1.021545,0.0
2025-01-13 15:00:00,1.021545,1.02253,1.02072,1.02154,0.0
2025-01-13 19:00:00,1.02153,1.02318,1.01768,1.01958,0.0
2025-01-13 23:00:00,1.01961,1.02212,1.01875,1.0197,0.0
2025-01-14 03:00:00,1.0197,1.02219,1.01915,1.02073,0.0
2025-01-14 07:00:00,1.02072,1.0278,1.02067,1.026388,0.0
2025-01-14 11:00:00,1.026388,1.02644,1.02381,1.02486,0.0
2025-01-14 15:00:00,1.02486,1.02666,1.02419,1.02546,0.0
2025-01-14 19:00:00,1.025445,1.02753,1.02517,1.02541,0.0
2025-01-14 23:00:00,1.02539,1.02961,1.02392,1.03,0.0
2025-01-15 03:00:00,1.029483,1.0306,1.02787,1.02976,0.0
2025-01-15 07:00:00,1.02984,1.03109,1.02963,1.03062,0.0
2025-01-15 11:00:00,1.030617,1.03066,1.0295,1.0302,0.0
2025-01-15 15:00:00,1.03018,1.03085,1.02865,1.0306,0.0
2025-01-15 19:00:00,1.03059,1.03174,1.02941,1.03012,0.0
2025-01-15 23:00:00,1.03013,1.03549,1.02932,1.03062,0.0
2025-01-16 03:00:00,1.03061,1.03082,1.02584,1.02934,0.0
2025-01-16 07:00:00,1.02933,1.02993,1.0285,1.02953,0.0
2025-01-16 11:00:00,1.02952,1.03003,1.02844,1.0289,0.0
2025-01-16 15:00:00,1.02891,1.0302,1.02808,1.02976,0.0
2025-01-16 19:00:00,1.02978,1.03003,1.02814,1.02903,0.0
2025-01-16 23:00:00,1.02902,1.03062,1.02605,1.0301,0.0
2025-01-17 03:00:00,1.03011,1.03154,1.02859,1.03019,0.0
2025-01-17 07:00:00,1.03018,1.03066,1.02952,1.03015,0.0
2025-01-17 11:00:00,1.03016,1.03099,1.0298,1.03008,0.0
2025-01-17 15:00:00,1.03006,1.03014,1.02774,1.02846,0.0
2025-01-17 19:00:00,1.02847,1.03104,1.02844,1.03047,0.0
2025-01-17 23:00:00,1.03046,1.0331,1.0265,1.02991,0.0
2025-01-18 03:00:00,1.0299,1.03007,1.02726,1.02763,0.0
2025-01-18 07:00:00,1.02762,1.0282,1.02679,1.02711,0.0
2025-01-20 07:00:00,1.02703,1.0281,1.02662,1.02806,0.0
2025-01-20 11:00:00,1.02807,1.03068,1.0278,1.03063,0.0
2025-01-20 15:00:00,1.03064,1.03192,1.02993,1.03168,0.0
2025-01-20 19:00:00,1.03169,1.03268,1.03048,1.0326,0.0
2025-01-20 23:00:00,1.03262,1.04305,1.03081,1.04006,0.0
2025-01-21 03:00:00,1.04008,1.04238,1.03532,1.04208,0.0
2025-01-21 07:00:00,1.04206,1.04348,1.04093,1.04211,0.0
2025-01-21 11:00:00,1.04212,1.04348,1.0352,1.03876,0.0
2025-01-21 15:00:00,1.03875,1.03994,1.03649,1.03736,0.0
2025-01-21 19:00:00,1.03734,1.03737,1.03417,1.03534,0.0
2025-01-21 23:00:00,1.03533,1.04109,1.03455,1.04007,0.0
2025-01-22 03:00:00,1.04006,1.04357,1.03983,1.04181,0.0
2025-01-22 07:00:00,1.0418,1.04358,1.03922,1.04059,0.0
2025-01-22 11:00:00,1.04058,1.0425,1.04055,1.04121,0.0
2025-01-22 15:00:00,1.0412,1.04218,1.03997,1.04119,0.0
2025-01-22 19:00:00,1.04117,1.04578,1.04094,1.04429,0.0
2025-01-22 23:00:00,1.04428,1.04462,1.0414,1.04201,0.0
2025-01-23 03:00:00,1.042,1.04232,1.04116,1.04203,0.0
2025-01-23 07:00:00,1.04202,1.04233,1.04052,1.0408,0.0
2025-01-23 11:00:00,1.04079,1.04164,1.03968,1.0409,0.0
2025-01-23 15:00:00,1.04089,1.04131,1.03899,1.04002,0.0
2025-01-23 19:00:00,1.04003,1.04207,1.03901,1.04033,0.0
2025-01-23 23:00:00,1.04034,1.04184,1.03868,1.03975,0.0
2025-01-24 03:00:00,1.03974,1.04384,1.03718,1.0423,0.0
2025-01-24 07:00:00,1.04228,1.04295,1.04122,1.04159,0.0
2025-01-24 11:00:00,1.04158,1.04543,1.04115,1.04462,0.0
2025-01-24 15:00:00,1.04461,1.04712,1.04432,1.04611,0.0
2025-01-24 19:00:00,1.0461,1.05155,1.04578,1.04862,0.0
2025-01-24 23:00:00,1.04861,1.0521,1.04635,1.05165,0.0
2025-01-25 03:00:00,1.05164,1.05219,1.04918,1.04954,0.0
2025-01-25 07:00:00,1.04952,1.04983,1.0488,1.04942,0.0
2025-01-27 07:00:00,1.04754,1.0476,1.04651,1.04677,0.0
2025-01-27 11:00:00,1.0468,1.04793,1.04588,1.04687,0.0
2025-01-27 15:00:00,1.04686,1.04716,1.04537,1.04572,0.0
2025-01-27 19:00:00,1.0457,1.05186,1.04542,1.05132,0.0
2025-01-27 23:00:00,1.05133,1.05336,1.04937,1.04992,0.0
2025-01-28 03:00:00,1.04991,1.0508,1.0479,1.04927,0.0
2025-01-28 07:00:00,1.04928,1.05021,1.04279,1.043778,0.0
2025-01-28 11:00:00,1.043758,1.0457,1.04243,1.042943,0.0
2025-01-28 15:00:00,1.042947,1.04447,1.04253,1.04342,0.0
2025-01-28 19:00:00,1.04344,1.04447,1.0419,1.042337,0.0
2025-01-28 23:00:00,1.042347,1.04416,1.04136,1.04242,0.0
2025-01-29 03:00:00,1.04242,1.04387,1.04222,1.043518,0.0
2025-01-29 07:00:00,1.043502,1.04359,1.04229,1.042737,0.0
2025-01-29 11:00:00,1.042737,1.04395,1.04254,1.04375,0.0
2025-01-29 15:00:00,1.04377,1.04441,1.04128,1.04156,0.0
2025-01-29 19:00:00,1.04164,1.0431,1.03945,1.04017,0.0
2025-01-29 23:00:00,1.04018,1.04275,1.03821,1.04195,0.0
2025-01-30 03:00:00,1.04196,1.04294,1.03878,1.0416,0.0
2025-01-30 07:00:00,1.0416,1.04279,1.04025,1.042467,0.0
2025-01-30 11:00:00,1.042467,1.04295,1.04185,1.04253,0.0
2025-01-30 15:00:00,1.04252,1.04281,1.04092,1.042388,0.0
2025-01-30 19:00:00,1.042407,1.04304,1.03911,1.0392,0.0
2025-01-30 23:00:00,1.039195,1.04684,1.03901,1.04313,0.0
2025-01-31 03:00:00,1.04313,1.04351,1.04091,1.04281,0.0
2025-01-31 07:00:00,1.04282,1.04328,1.03844,1.03973,0.0
2025-01-31 11:00:00,1.03968,1.04028,1.03763,1.038508,0.0
2025-01-31 15:00:00,1.038517,1.04133,1.03825,1.040417,0.0
2025-01-31 19:00:00,1.040417,1.04073,1.03651,1.037597,0.0
2025-01-31 23:00:00,1.037602,1.04014,1.03601,1.03964,0.0
2025-02-01 03:00:00,1.03966,1.04349,1.03613,1.0376,0.0
2025-02-01 07:00:00,1.037643,1.03881,1.03494,1.03612,0.0
2025-02-03 07:00:00,1.02493,1.02717,1.02325,1.024713,0.0
2025-02-03 11:00:00,1.024707,1.02679,1.02096,1.022158,0.0
2025-02-03 15:00:00,1.022147,1.02522,1.02202,1.022498,0.0
2025-02-03 19:00:00,1.022512,1.02563,1.02124,1.02524,0.0
2025-02-03 23:00:00,1.02523,1.03368,1.02423,1.031582,0.0
2025-02-04 03:00:00,1.031648,1.03221,1.02689,1.02842,0.0
2025-02-04 07:00:00,1.02849,1.03563,1.02825,1.032812,0.0
2025-02-04 11:00:00,1.032833,1.03316,1.03082,1.03144,0.0
2025-02-04 15:00:00,1.03148,1.03176,1.02717,1.031147,0.0
2025-02-04 19:00:00,1.031147,1.03498,1.03087,1.03224,0.0
2025-02-04 23:00:00,1.032233,1.03863,1.03201,1.03803,0.0
2025-02-05 03:00:00,1.03802,1.03877,1.03652,1.038187,0.0
2025-02-05 07:00:00,1.038197,1.03881,1.03706,1.037143,0.0
2025-02-05 11:00:00,1.037173,1.03871,1.03695,1.037968,0.0
2025-02-05 15:00:00,1.03798,1.04104,1.0373,1.04027,0.0
2025-02-05 19:00:00,1.04024,1.0431,1.03898,1.04148,0.0
2025-02-05 23:00:00,1.04147,1.04446,1.04013,1.04221,0.0
2025-02-06 03:00:00,1.04222,1.04252,1.04043,1.040717,0.0
2025-02-06 07:00:00,1.04071,1.04097,1.03964,1.039872,0.0
2025-02-06 11:00:00,1.039877,1.04059,1.03895,1.0392,0.0
2025-02-06 15:00:00,1.0392,1.03943,1.03777,1.03801,0.0
2025-02-06 19:00:00,1.03802,1.03812,1.03555,1.03628,0.0
2025-02-06 23:00:00,1.036232,1.03769,1.03522,1.03694,0.0
2025-02-07 03:00:00,1.03693,1.0397,1.03656,1.03849,0.0
2025-02-07 07:00:00,1.03848,1.03913,1.03789,1.03853,0.0
2025-02-07 11:00:00,1.038517,1.03914,1.03741,1.037965,0.0
2025-02-07 15:00:00,1.03801,1.03907,1.03724,1.03893,0.0
2025-02-07 19:00:00,1.03892,1.04004,1.03771,1.03826,0.0
2025-02-07 23:00:00,1.03824,1.0416,1.03266,1.035502,0.0
2025-02-08 03:00:00,1.035532,1.03627,1.03044,1.03326,0.0
2025-02-08 07:00:00,1.03326,1.03388,1.03212,1.03276,0.0
2025-02-10 07:00:00,1.0296,1.03141,1.02865,1.030978,0.0
2025-02-10 11:00:00,1.030987,1.03189,1.02983,1.031157,0.0
2025-02-10 15:00:00,1.031168,1.03259,1.03099,1.03134,0.0
2025-02-10 19:00:00,1.0313,1.0337,1.03064,1.032083,0.0
2025-02-10 23:00:00,1.032063,1.03268,1.03039,1.03149,0.0
2025-02-11 03:00:00,1.03153,1.03184,1.03043,1.030693,0.0
2025-02-11 07:00:00,1.030677,1.03136,1.02978,1.030098,0.0
2025-02-11 11:00:00,1.030083,1.03071,1.02918,1.02983,0.0
2025-02-11 15:00:00,1.029822,1.03109,1.02974,1.03034,0.0
2025-02-11 19:00:00,1.03034,1.03256,1.02997,1.03221,0.0
2025-02-11 23:00:00,1.03221,1.03438,1.03163,1.034,0.0
2025-02-12 03:00:00,1.034003,1.0382,1.03388,1.0358,0.0
2025-02-12 07:00:00,1.03581,1.03683,1.0357,1.036328,0.0
2025-02-12 11:00:00,1.036377,1.03682,1.03537,1.036185,0.0
2025-02-12 15:00:00,1.036205,1.03797,1.03547,1.0376,0.0
2025-02-12 19:00:00,1.0376,1.03862,1.03645,1.0375,0.0
2025-02-12 23:00:00,1.03751,1.03831,1.03167,1.03746,0.0
2025-02-13 03:00:00,1.0374,1.04302,1.03501,1.03914,0.0
2025-02-13 07:00:00,1.03911,1.03979,1.03797,1.039238,0.0
2025-02-13 11:00:00,1.039252,1.04223,1.03871,1.04189,0.0
2025-02-13 15:00:00,1.0419,1.04406,1.04185,1.042578,0.0
2025-02-13 19:00:00,1.042593,1.04295,1.03922,1.04031,0.0
2025-02-13 23:00:00,1.040293,1.04389,1.03753,1.04334,0.0
2025-02-14 03:00:00,1.04333,1.04458,1.03725,1.04372,0.0
2025-02-14 07:00:00,1.04371,1.04714,1.04351,1.046172,0.0
2025-02-14 11:00:00,1.046172,1.04674,1.04536,1.04591,0.0
2025-02-14 15:00:00,1.04591,1.04727,1.04468,1.046492,0.0
2025-02-14 19:00:00,1.046507,1.04882,1.04627,1.04678,0.0
2025-02-14 23:00:00,1.04674,1.05146,1.04566,1.05085,0.0
2025-02-15 03:00:00,1.05084,1.05107,1.04939,1.04992,0.0
2025-02-15 07:00:00,1.04987,1.0499,1.04867,1.04912,0.0
2025-02-17 07:00:00,1.048635,1.04957,1.04834,1.04887,0.0
2025-02-17 11:00:00,1.04888,1.05069,1.04852,1.04946,0.0
2025-02-17 15:00:00,1.04949,1.04986,1.04801,1.048237,0.0
2025-02-17 19:00:00,1.04827,1.04898,1.04707,1.04819,0.0
2025-02-17 23:00:00,1.04821,1.04854,1.04667,1.04798,0.0
2025-02-18 03:00:00,1.04798,1.04851,1.04766,1.04817,0.0
2025-02-18 07:00:00,1.04816,1.04879,1.0475,1.048507,0.0
2025-02-18 11:00:00,1.048498,1.04868,1.04618,1.04629,0.0
2025-02-18 15:00:00,1.04629,1.04699,1.0452,1.04636,0.0
2025-02-18 19:00:00,1.04635,1.04696,1.04545,1.04629,0.0
2025-02-18 23:00:00,1.0463,1.04675,1.04413,1.0467,0.0
2025-02-19 03:00:00,1.04664,1.047,1.04349,1.04452,0.0
2025-02-19 07:00:00,1.04452,1.04557,1.04374,1.044827,0.0
2025-02-19 11:00:00,1.044803,1.04526,1.04408,1.045143,0.0
2025-02-19 15:00:00,1.045152,1.04618,1.0448,1.04513,0.0
2025-02-19 19:00:00,1.04513,1.04565,1.04186,1.04247,0.0
2025-02-19 23:00:00,1.042453,1.04418,1.04213,1.04242,0.0
2025-02-20 03:00:00,1.04241,1.04329,1.04007,1.04257,0.0
2025-02-20 07:00:00,1.04254,1.04306,1.04183,1.042083,0.0
2025-02-20 11:00:00,1.042102,1.04379,1.04185,1.04313,0.0
2025-02-20 15:00:00,1.04314,1.04347,1.04234,1.04316,0.0
2025-02-20 19:00:00,1.0432,1.04468,1.04285,1.04384,0.0
2025-02-20 23:00:00,1.04385,1.04759,1.0433,1.04742,0.0
2025-02-21 03:00:00,1.04738,1.05039,1.0464,1.05014,0.0
2025-02-21 07:00:00,1.0501,1.05062,1.04934,1.050053,0.0
2025-02-21 11:00:00,1.050047,1.0505,1.04843,1.050267,0.0
2025-02-21 15:00:00,1.050288,1.05054,1.04876,1.04922,0.0
2025-02-21 19:00:00,1.04923,1.04969,1.04628,1.04691,0.0
2025-02-21 23:00:00,1.04693,1.04933,1.04523,1.045432,0.0
2025-02-22 03:00:00,1.045418,1.04683,1.0449,1.046233,0.0
2025-02-22 07:00:00,1.046202,1.04684,1.04554,1.04609,0.0
2025-02-24 07:00:00,1.04661,1.04854,1.04629,1.047397,0.0
2025-02-24 11:00:00,1.047413,1.05287,1.04714,1.05193,0.0
2025-02-24 15:00:00,1.05196,1.05211,1.04865,1.049117,0.0
2025-02-24 19:00:00,1.049148,1.0493,1.04634,1.04686,0.0
2025-02-24 23:00:00,1.04685,1.0476,1.04525,1.0469,0.0
2025-02-25 03:00:00,1.0469,1.04862,1.04653,1.047483,0.0
2025-02-25 07:00:00,1.047532,1.04799,1.04601,1.046132,0.0
2025-02-25 11:00:00,1.046148,1.04768,1.04594,1.04733,0.0
2025-02-25 15:00:00,1.04733,1.04806,1.04632,1.046442,0.0
2025-02-25 19:00:00,1.046442,1.049,1.04559,1.048952,0.0
2025-02-25 23:00:00,1.048963,1.05197,1.04879,1.04989,0.0
2025-02-26 03:00:00,1.04984,1.05187,1.04837,1.05106,0.0
2025-02-26 07:00:00,1.05106,1.05234,1.05089,1.052058,0.0
2025-02-26 11:00:00,1.052042,1.05254,1.05011,1.05045,0.0
2025-02-26 15:00:00,1.05043,1.05058,1.04868,1.049393,0.0
2025-02-26 19:00:00,1.049382,1.05121,1.04865,1.049157,0.0
2025-02-26 23:00:00,1.049148,1.05097,1.04746,1.05059,0.0
2025-02-27 03:00:00,1.05062,1.05294,1.04816,1.04914,0.0
2025-02-27 07:00:00,1.0491,1.0493,1.04783,1.048803,0.0
2025-02-27 11:00:00,1.048807,1.04885,1.04646,1.04656,0.0
2025-02-27 15:00:00,1.04658,1.04806,1.04589,1.047553,0.0
2025-02-27 19:00:00,1.04756,1.04878,1.047,1.0476,0.0
2025-02-27 23:00:00,1.04759,1.04924,1.04093,1.04142,0.0
2025-02-28 03:00:00,1.04153,1.04186,1.04001,1.0404,0.0
2025-02-28 07:00:00,1.04046,1.04088,1.03872,1.039378,0.0
2025-02-28 11:00:00,1.039413,1.04047,1.03802,1.03882,0.0
2025-02-28 15:00:00,1.03885,1.04011,1.03825,1.03963,0.0
2025-02-28 19:00:00,1.0396,1.04085,1.03922,1.03988,0.0
2025-02-28 23:00:00,1.03987,1.04205,1.0393,1.040002,0.0
2025-03-01 03:00:00,1.04,1.04119,1.03596,1.03678,0.0
2025-03-01 07:00:00,1.03679,1.03795,1.03619,1.03773,0.0
2025-03-03 07:00:00,1.040505,1.04218,1.03978,1.041233,0.0
2025-03-03 11:00:00,1.041233,1.0424,1.0402,1.041698,0.0
2025-03-03 15:00:00,1.041698,1.0421,1.04016,1.04056,0.0
2025-03-03 19:00:00,1.04056,1.04585,1.03881,1.04527,0.0
2025-03-03 23:00:00,1.04527,1.05044,1.04524,1.048472,0.0
2025-03-04 03:00:00,1.04846,1.05048,1.0472,1.047378,0.0
2025-03-04 07:00:00,1.047317,1.04933,1.0466,1.048563,0.0
2025-03-04 11:00:00,1.048552,1.04966,1.04747,1.04773,0.0
2025-03-04 15:00:00,1.04774,1.0501,1.04708,1.049292,0.0
2025-03-04 19:00:00,1.049313,1.05452,1.0486,1.054428,0.0
2025-03-04 23:00:00,1.054438,1.05603,1.04961,1.052632,0.0
2025-03-05 03:00:00,1.05263,1.06025,1.05149,1.060105,0.0
2025-03-05 07:00:00,1.060072,1.06378,1.06002,1.062377,0.0
2025-03-05 11:00:00,1.062337,1.06281,1.06016,1.06182,0.0
2025-03-05 15:00:00,1.06183,1.0677,1.06151,1.06746,0.0
2025-03-05 19:00:00,1.06744,1.07225,1.06584,1.06783,0.0
2025-03-05 23:00:00,1.0679,1.07779,1.06783,1.076542,0.0
2025-03-06 03:00:00,1.076528,1.07912,1.07608,1.07904,0.0
2025-03-06 07:00:00,1.07902,1.0797,1.07845,1.079387,0.0
2025-03-06 11:00:00,1.079417,1.08206,1.07869,1.079012,0.0
2025-03-06 15:00:00,1.078965,1.08227,1.07836,1.07993,0.0
2025-03-06 19:00:00,1.079897,1.08174,1.07799,1.07992,0.0
2025-03-06 23:00:00,1.079932,1.08548,1.07879,1.08172,0.0
2025-03-07 03:00:00,1.08173,1.08386,1.0765,1.08022,0.0
2025-03-07 07:00:00,1.08017,1.08038,1.07748,1.078747,0.0
2025-03-07 11:00:00,1.078737,1.08152,1.0781,1.080627,0.0
2025-03-07 15:00:00,1.08058,1.08412,1.08028,1.082993,0.0
2025-03-07 19:00:00,1.083013,1.08717,1.0826,1.085,0.0
2025-03-07 23:00:00,1.08491,1.08895,1.0835,1.087,0.0
2025-03-08 03:00:00,1.087013,1.08733,1.08253,1.08426,0.0
2025-03-08 07:00:00,1.08427,1.08517,1.08289,1.08333,0.0
2025-03-10 07:00:00,1.08551,1.08659,1.08441,1.08603,0.0
2025-03-10 11:00:00,1.08602,1.08717,1.083,1.0831,0.0
2025-03-10 15:00:00,1.08317,1.08452,1.08105,1.0823,0.0
2025-03-10 19:00:00,1.08228,1.08753,1.0805,1.0851,0.0
2025-03-10 23:00:00,1.08508,1.08606,1.08206,1.083712,0.0
2025-03-11 03:00:00,1.083703,1.08462,1.08173,1.08322,0.0
2025-03-11 07:00:00,1.08318,1.0844,1.08251,1.08397,0.0
2025-03-11 11:00:00,1.083957,1.08612,1.08388,1.085443,0.0
2025-03-11 15:00:00,1.08542,1.09023,1.08354,1.08908,0.0
2025-03-11 19:00:00,1.08907,1.09212,1.0881,1.09047,0.0
2025-03-11 23:00:00,1.09046,1.09311,1.08949,1.092637,0.0
2025-03-12 03:00:00,1.092723,1.09479,1.09175,1.092,0.0
2025-03-12 07:00:00,1.09201,1.09247,1.09067,1.091423,0.0
2025-03-12 11:00:00,1.091417,1.09161,1.08959,1.0897,0.0
2025-03-12 15:00:00,1.08974,1.09094,1.08872,1.090167,0.0
2025-03-12 19:00:00,1.090158,1.09269,1.08973,1.0901,0.0
2025-03-12 23:00:00,1.09009,1.09354,1.08755,1.09234,0.0
2025-03-13 03:00:00,1.09243,1.09283,1.08789,1.089033,0.0
2025-03-13 07:00:00,1.089033,1.08951,1.0883,1.088567,0.0
2025-03-13 11:00:00,1.088567,1.08976,1.08823,1.08852,0.0
2025-03-13 15:00:00,1.088492,1.08939,1.08595,1.08654,0.0
2025-03-13 19:00:00,1.08655,1.08857,1.08433,1.08564,0.0
2025-03-13 23:00:00,1.085628,1.08815,1.08221,1.085855,0.0
2025-03-14 03:00:00,1.08584,1.08788,1.08473,1.08486,0.0
2025-03-14 07:00:00,1.08485,1.08611,1.08441,1.085492,0.0
2025-03-14 11:00:00,1.085468,1.08591,1.0834,1.084563,0.0
2025-03-14 15:00:00,1.084563,1.08519,1.08303,1.08388,0.0
2025-03-14 19:00:00,1.08393,1.09132,1.08351,1.08967,0.0
2025-03-14 23:00:00,1.08968,1.09118,1.08653,1.08718,0.0
2025-03-15 03:00:00,1.087163,1.08902,1.08701,1.088322,0.0
2025-03-15 07:00:00,1.088313,1.08863,1.08737,1.0879,0.0
2025-03-17 07:00:00,1.08799,1.08861,1.08741,1.087973,0.0
2025-03-17 11:00:00,1.08798,1.08907,1.08741,1.08832,0.0
2025-03-17 15:00:00,1.08835,1.08944,1.08684,1.08765,0.0
2025-03-17 19:00:00,1.0877,1.09123,1.08702,1.09022,0.0
2025-03-17 23:00:00,1.09023,1.09303,1.08866,1.09218,0.0
2025-03-18 03:00:00,1.092162,1.09269,1.09113,1.092073,0.0
2025-03-18 07:00:00,1.092097,1.09284,1.09159,1.09183,0.0
2025-03-18 11:00:00,1.09183,1.09215,1.09061,1.0909,0.0
2025-03-18 15:00:00,1.09086,1.09371,1.09034,1.093527,0.0
2025-03-18 19:00:00,1.093507,1.0955,1.09141,1.09164,0.0
2025-03-18 23:00:00,1.0917,1.09346,1.08922,1.092675,0.0
2025-03-19 03:00:00,1.092665,1.09522,1.09234,1.094658,0.0
2025-03-19 07:00:00,1.09464,1.09497,1.09375,1.093867,0.0
2025-03-19 11:00:00,1.093878,1.09455,1.09315,1.093837,0.0
2025-03-19 15:00:00,1.093813,1.09386,1.08728,1.08924,0.0
2025-03-19 19:00:00,1.08927,1.09136,1.08912,1.0909,0.0
2025-03-19 23:00:00,1.09085,1.0918,1.08752,1.08771,0.0
2025-03-20 03:00:00,1.08774,1.09138,1.08603,1.08991,0.0
2025-03-20 07:00:00,1.08987,1.0914,1.08956,1.09118,0.0
2025-03-20 11:00:00,1.09119,1.09178,1.09031,1.09099,0.0
2025-03-20 15:00:00,1.09099,1.09109,1.08645,1.087938,0.0
2025-03-20 19:00:00,1.087938,1.08862,1.08333,1.08499,0.0
2025-03-20 23:00:00,1.084952,1.08563,1.08145,1.084725,0.0
2025-03-21 03:00:00,1.08473,1.08549,1.08389,1.08533,0.0
2025-03-21 07:00:00,1.08534,1.08596,1.08451,1.085352,0.0
2025-03-21 11:00:00,1.08536,1.08592,1.08332,1.08347,0.0
2025-03-21 15:00:00,1.08348,1.08422,1.08196,1.0839,0.0
2025-03-21 19:00:00,1.08386,1.08517,1.08237,1.08509,0.0
2025-03-21 23:00:00,1.08508,1.08618,1.07961,1.08068,0.0
2025-03-22 03:00:00,1.080628,1.08273,1.08042,1.08179,0.0
2025-03-22 07:00:00,1.081762,1.08197,1.08104,1.08144,0.0
2025-03-24 07:00:00,1.08204,1.08375,1.08169,1.08361,0.0
2025-03-24 11:00:00,1.083562,1.08405,1.08199,1.08204,0.0
2025-03-24 15:00:00,1.08205,1.08504,1.08168,1.083807,0.0
2025-03-24 19:00:00,1.083817,1.08589,1.08282,1.08326,0.0
2025-03-24 23:00:00,1.0833,1.08349,1.079,1.07943,0.0
2025-03-25 03:00:00,1.07941,1.08136,1.07813,1.08022,0.0
2025-03-25 07:00:00,1.0802,1.08071,1.07923,1.08026,0.0
2025-03-25 11:00:00,1.08024,1.0809,1.0794,1.08031,0.0
2025-03-25 15:00:00,1.08032,1.08093,1.07849,1.0787,0.0
2025-03-25 19:00:00,1.07876,1.08281,1.07767,1.0818,0.0
2025-03-25 23:00:00,1.08183,1.08306,1.07968,1.08033,0.0
2025-03-26 03:00:00,1.08031,1.08173,1.07906,1.0795,0.0
2025-03-26 07:00:00,1.07954,1.08027,1.07851,1.078893,0.0
2025-03-26 11:00:00,1.078903,1.07976,1.07777,1.07861,0.0
2025-03-26 15:00:00,1.07862,1.07918,1.07777,1.078618,0.0
2025-03-26 19:00:00,1.07864,1.08031,1.07851,1.07925,0.0
2025-03-26 23:00:00,1.07923,1.07958,1.07668,1.07808,0.0
2025-03-27 03:00:00,1.0781,1.07922,1.07435,1.075093,0.0
2025-03-27 07:00:00,1.075147,1.07609,1.07326,1.07412,0.0
2025-03-27 11:00:00,1.07414,1.07806,1.07406,1.07783,0.0
2025-03-27 15:00:00,1.07784,1.07874,1.0754,1.07648,0.0
2025-03-27 19:00:00,1.076507,1.08,1.07553,1.0787,0.0
2025-03-27 23:00:00,1.07871,1.08216,1.07761,1.07992,0.0
2025-03-28 03:00:00,1.07998,1.08092,1.0788,1.079497,0.0
2025-03-28 07:00:00,1.079483,1.08036,1.07937,1.0801,0.0
2025-03-28 11:00:00,1.08007,1.08013,1.0788,1.079198,0.0
2025-03-28 15:00:00,1.079213,1.08003,1.07814,1.07875,0.0
2025-03-28 19:00:00,1.078702,1.0797,1.07643,1.07721,0.0
2025-03-28 23:00:00,1.07717,1.08451,1.07635,1.08251,0.0
2025-03-29 03:00:00,1.082507,1.08336,1.08118,1.08256,0.0
2025-03-29 07:00:00,1.08256,1.08366,1.08238,1.08268,0.0
2025-03-31 07:00:00,1.08169,1.08299,1.08041,1.08232,0.0
2025-03-31 11:00:00,1.08234,1.08463,1.0823,1.08332,0.0
2025-03-31 15:00:00,1.08333,1.08497,1.08205,1.083175,0.0
2025-03-31 19:00:00,1.083185,1.08346,1.08052,1.08198,0.0
2025-03-31 23:00:00,1.08198,1.08219,1.07839,1.07942,0.0
2025-04-01 03:00:00,1.07944,1.08203,1.07848,1.08149,0.0
2025-04-01 07:00:00,1.081335,1.08236,1.08093,1.08177,0.0
2025-04-01 11:00:00,1.08177,1.08286,1.08166,1.08269,0.0
2025-04-01 15:00:00,1.08268,1.08304,1.07986,1.08019,0.0
2025-04-01 19:00:00,1.08013,1.08296,1.07781,1.07812,0.0
2025-04-01 23:00:00,1.07814,1.08129,1.07789,1.07994,0.0
2025-04-02 03:00:00,1.07988,1.0805,1.0785,1.07898,0.0
2025-04-02 07:00:00,1.07897,1.08088,1.07857,1.079445,0.0
2025-04-02 11:00:00,1.0795,1.08022,1.07868,1.07957,0.0
2025-04-02 15:00:00,1.07957,1.0798,1.078516,1.079447,0.0
2025-04-02 19:00:00,1.079447,1.081198,1.079098,1.080497,0.0
2025-04-02 23:00:00,1.080731,1.087548,1.080147,1.087193,0.0
2025-04-03 03:00:00,1.086957,1.086957,1.085069,1.085305,0.0
2025-04-03 07:00:00,1.085305,1.091465,1.081081,1.09075,0.0
2025-04-03 11:00:00,1.090394,1.092657,1.088376,1.091584,0.0
2025-04-03 15:00:00,1.091703,1.099384,1.090988,1.097213,0.0
2025-04-03 19:00:00,1.097695,1.11383,1.097454,1.10914,0.0
2025-04-03 23:00:00,1.10926,1.11359,1.10461,1.10546,0.0
2025-04-04 03:00:00,1.10534,1.10583,1.10193,1.10266,0.0
2025-04-04 07:00:00,1.10278,1.10742,1.10254,1.10473,0.0
2025-04-04 11:00:00,1.10497,1.11,1.104,1.10963,0.0
2025-04-04 15:00:00,1.10975,1.11099,1.10023,1.10023,0.0
2025-04-04 19:00:00,1.10023,1.10816,1.097454,1.10607,0.0
2025-04-04 23:00:00,1.10632,1.10914,1.096491,1.10181,0.0
2025-04-05 03:00:00,1.10193,1.10193,1.092896,1.094811,0.0
2025-04-05 07:00:00,1.094811,1.097213,1.093613,1.096251,0.0
2025-04-07 07:00:00,1.098539,1.10023,1.09517,1.096852,0.0
2025-04-07 11:00:00,1.097213,1.099022,1.092538,1.098901,0.0
2025-04-07 15:00:00,1.09866,1.10485,1.097333,1.099626,0.0
2025-04-07 19:00:00,1.099384,1.099626,1.093972,1.097815,0.0
2025-04-07 23:00:00,1.097815,1.097815,1.090631,1.093374,0.0
2025-04-08 03:00:00,1.093853,1.09517,1.090513,1.090631,0.0
2025-04-08 07:00:00,1.090513,1.09529,1.090513,1.094212,0.0
2025-04-08 11:00:00,1.094931,1.098298,1.094212,1.097815,0.0
2025-04-08 15:00:00,1.097695,1.099384,1.092657,1.093733,0.0
2025-04-08 19:00:00,1.093853,1.097093,1.091465,1.09505,0.0
2025-04-08 23:00:00,1.09529,1.09577,1.089562,1.093255,0.0
2025-04-09 03:00:00,1.093255,1.098056,1.093135,1.096011,0.0
2025-04-09 07:00:00,1.09589,1.10181,1.09529,1.10181,0.0
2025-04-09 11:00:00,1.10181,1.10717,1.10144,1.10717,0.0
2025-04-09 15:00:00,1.10656,1.10914,1.10023,1.10302,0.0
2025-04-09 19:00:00,1.10278,1.10963,1.10132,1.10791,0.0
2025-04-09 23:00:00,1.10668,1.1084,1.10193,1.10205,0.0
2025-04-10 03:00:00,1.10193,1.10534,1.092419,1.09541,0.0
2025-04-10 07:00:00,1.09565,1.098901,1.094571,1.098901,0.0
2025-04-10 11:00:00,1.09878,1.099143,1.096491,1.09866,0.0
2025-04-10 15:00:00,1.09866,1.10497,1.096732,1.10412,0.0
2025-04-10 19:00:00,1.10387,1.11334,1.10375,1.11025,0.0
2025-04-10 23:00:00,1.10975,1.12271,1.10975,1.1202,0.0
2025-04-11 03:00:00,1.11944,1.12435,1.11632,1.12057,0.0
2025-04-11 07:00:00,1.12082,1.13611,1.1197,1.13122,0.0
2025-04-11 11:00:00,1.12956,1.13559,1.12841,1.13263,0.0
2025-04-11 15:00:00,1.13225,1.14732,1.12524,1.14325,0.0
2025-04-11 19:00:00,1.1422,1.1422,1.1325,1.13986,0.0
2025-04-11 23:00:00,1.14012,1.14155,1.12829,1.13084,0.0
2025-04-12 03:00:00,1.13071,1.13662,1.1288,1.13662,0.0
2025-04-12 07:00:00,1.13636,1.13636,1.13379,1.13379,0.0
2025-04-14 07:00:00,1.13417,1.13727,1.13302,1.13688,0.0
2025-04-14 11:00:00,1.13688,1.14116,1.13623,1.13701,0.0
2025-04-14 15:00:00,1.13753,1.14247,1.13585,1.13934,0.0
2025-04-14 19:00:00,1.13934,1.14103,1.13392,1.13404,0.0
2025-04-14 23:00:00,1.13417,1.13843,1.13007,1.13366,0.0
2025-04-15 03:00:00,1.1343,1.13727,1.13327,1.13533,0.0
2025-04-15 07:00:00,1.1352,1.13675,1.13212,1.13302,0.0
2025-04-15 11:00:00,1.13327,1.13662,1.13186,1.13598,0.0
2025-04-15 15:00:00,1.13611,1.13792,1.13263,1.13494,0.0
2025-04-15 19:00:00,1.13494,1.13585,1.13135,1.13135,0.0
2025-04-15 23:00:00,1.13135,1.13314,1.12689,1.1279,0.0
2025-04-16 03:00:00,1.12765,1.12931,1.12701,1.12854,0.0
2025-04-16 07:00:00,1.12905,1.13225,1.12829,1.13199,0.0
2025-04-16 11:00:00,1.13212,1.13507,1.13212,1.13482,0.0
2025-04-16 15:00:00,1.13456,1.13947,1.13456,1.1374,0.0
2025-04-16 19:00:00,1.13714,1.13804,1.13469,1.1352,0.0
2025-04-16 23:00:00,1.13559,1.13908,1.13559,1.13779,0.0
2025-04-17 03:00:00,1.13766,1.14155,1.13662,1.14012,0.0
2025-04-17 07:00:00,1.14025,1.14116,1.13688,1.13701,0.0
2025-04-17 11:00:00,1.13688,1.1383,1.13611,1.13649,0.0
2025-04-17 15:00:00,1.13649,1.13889,1.13482,1.13796,0.0
2025-04-17 19:00:00,1.13784,1.13812,1.13349,1.13565,0.0
2025-04-17 23:00:00,1.13567,1.13861,1.1338,1.13513,0.0
2025-04-18 03:00:00,1.13505,1.13771,1.13407,1.13631,0.0
2025-04-18 07:00:00,1.13665,1.13894,1.1358,1.1374,0.0
2025-04-18 11:00:00,1.13735,1.13811,1.13654,1.137,0.0
2025-04-18 15:00:00,1.13691,1.13783,1.13555,1.13708,0.0
2025-04-18 19:00:00,1.13705,1.1389,1.13622,1.13829,0.0
2025-04-18 23:00:00,1.13836,1.13996,1.1371,1.13936,0.0
2025-04-19 03:00:00,1.13941,1.13992,1.13864,1.13864,0.0
2025-04-19 07:00:00,1.13935,1.13935,1.13935,1.13935,0.0
2025-04-21 07:00:00,1.14337,1.14866,1.14324,1.1465,0.0
2025-04-21 11:00:00,1.14668,1.15336,1.14646,1.15176,0.0
2025-04-21 15:00:00,1.15175,1.15651,1.15047,1.15593,0.0
2025-04-21 19:00:00,1.15583,1.15739,1.15128,1.15427,0.0
2025-04-21 23:00:00,1.15423,1.15435,1.14813,1.15095,0.0
2025-04-22 03:00:00,1.15097,1.15273,1.14933,1.15143,0.0
2025-04-22 07:00:00,1.15144,1.15257,1.14817,1.14901,0.0
2025-04-22 11:00:00,1.14907,1.15411,1.14856,1.15314,0.0
2025-04-22 15:00:00,1.15302,1.15478,1.1483,1.14993,0.0
2025-04-22 19:00:00,1.14997,1.15083,1.14614,1.14702,0.0
2025-04-22 23:00:00,1.14705,1.14925,1.14329,1.14347,0.0
2025-04-23 03:00:00,1.14342,1.14545,1.1417,1.14215,0.0
2025-04-23 07:00:00,1.14238,1.14318,1.13072,1.13962,0.0
2025-04-23 11:00:00,1.13977,1.14159,1.13705,1.13901,0.0
2025-04-23 15:00:00,1.13902,1.14157,1.13709,1.14131,0.0
2025-04-23 19:00:00,1.14129,1.14404,1.13858,1.14056,0.0
2025-04-23 23:00:00,1.14054,1.1413,1.13267,1.13387,0.0
2025-04-24 03:00:00,1.13403,1.13441,1.13104,1.13147,0.0
2025-04-24 07:00:00,1.13178,1.13471,1.13132,1.13464,0.0
2025-04-24 11:00:00,1.13437,1.13581,1.13319,1.13393,0.0
2025-04-24 15:00:00,1.13392,1.13937,1.13305,1.13807,0.0
2025-04-24 19:00:00,1.13806,1.13948,1.13586,1.13766,0.0
2025-04-24 23:00:00,1.13769,1.13877,1.1348,1.13797,0.0
2025-04-25 03:00:00,1.138,1.13984,1.13636,1.13891,0.0
2025-04-25 07:00:00,1.13893,1.13966,1.13465,1.13475,0.0
2025-04-25 11:00:00,1.13473,1.136,1.13154,1.13349,0.0
2025-04-25 15:00:00,1.13349,1.13691,1.13213,1.13509,0.0
2025-04-25 19:00:00,1.13506,1.1367,1.1334,1.13523,0.0
2025-04-25 23:00:00,1.13526,1.13893,1.13327,1.13685,0.0
2025-04-26 03:00:00,1.13689,1.13829,1.13566,1.136,0.0
2025-04-26 07:00:00,1.13586,1.13652,1.13586,1.13652,0.0
2025-04-28 07:00:00,1.13501,1.13652,1.13408,1.13618,0.0
2025-04-28 11:00:00,1.13638,1.13734,1.13431,1.13723,0.0
2025-04-28 15:00:00,1.13717,1.13812,1.13289,1.13427,0.0
2025-04-28 19:00:00,1.13435,1.13448,1.1342,1.13439,0.0
2025-04-29 11:00:00,1.13904,1.13936,1.1374,1.13782,0.0
2025-04-29 15:00:00,1.13785,1.14126,1.13759,1.13861,0.0
2025-04-29 19:00:00,1.13853,1.14151,1.13698,1.14115,0.0
2025-04-29 23:00:00,1.14106,1.14193,1.13786,1.14034,0.0
2025-04-30 03:00:00,1.14033,1.14053,1.13755,1.13835,0.0
2025-04-30 07:00:00,1.1388,1.13964,1.13766,1.13841,0.0
2025-04-30 11:00:00,1.13826,1.13869,1.13545,1.13732,0.0
2025-04-30 15:00:00,1.13731,1.14,1.1362,1.13727,0.0
2025-04-30 19:00:00,1.13718,1.13893,1.13557,1.13726,0.0
2025-04-30 23:00:00,1.13738,1.13795,1.13229,1.13556,0.0
2025-05-01 03:00:00,1.13557,1.13652,1.13169,1.13285,0.0
2025-05-01 07:00:00,1.13285,1.13351,1.13186,1.1322,0.0
2025-05-01 11:00:00,1.13218,1.13229,1.12992,1.13028,0.0
2025-05-01 15:00:00,1.13027,1.13314,1.12875,1.13207,0.0
2025-05-01 19:00:00,1.13199,1.13416,1.13079,1.13154,0.0
2025-05-01 23:00:00,1.13154,1.13281,1.12657,1.12911,0.0
2025-05-02 03:00:00,1.12909,1.12948,1.1275,1.12908,0.0
2025-05-02 07:00:00,1.12895,1.13001,1.1274,1.12827,0.0
2025-05-02 11:00:00,1.12827,1.13159,1.12783,1.13041,0.0
2025-05-02 15:00:00,1.13042,1.13382,1.13016,1.13342,0.0
2025-05-02 19:00:00,1.13312,1.13555,1.13039,1.13196,0.0
2025-05-02 23:00:00,1.13189,1.13815,1.13145,1.13194,0.0
2025-05-03 03:00:00,1.13194,1.13203,1.12897,1.12897,0.0
2025-05-03 07:00:00,1.12936,1.12936,1.12936,1.12936,0.0
2025-05-05 07:00:00,1.13061,1.13283,1.13019,1.13223,0.0
2025-05-05 11:00:00,1.13227,1.13472,1.13224,1.13375,0.0
2025-05-05 15:00:00,1.13376,1.13478,1.13112,1.13252,0.0
2025-05-05 19:00:00,1.13264,1.13636,1.1326,1.136,0.0
2025-05-05 23:00:00,1.13601,1.1365,1.12989,1.13023,0.0
2025-05-06 03:00:00,1.13023,1.13216,1.12965,1.13149,0.0
2025-05-06 07:00:00,1.1314,1.13222,1.12807,1.12862,0.0
2025-05-06 11:00:00,1.12863,1.13278,1.12798,1.13245,0.0
2025-05-06 15:00:00,1.13244,1.13497,1.13133,1.1326,0.0
2025-05-06 19:00:00,1.13272,1.13441,1.13052,1.13405,0.0
2025-05-06 23:00:00,1.13406,1.13701,1.13262,1.13491,0.0
2025-05-07 03:00:00,1.13491,1.13817,1.13488,1.13691,0.0
2025-05-07 07:00:00,1.13703,1.13787,1.13249,1.13427,0.0
2025-05-07 11:00:00,1.13407,1.13519,1.13263,1.13443,0.0
2025-05-07 15:00:00,1.13436,1.13785,1.13427,1.13603,0.0
2025-05-07 19:00:00,1.13581,1.13731,1.1347,1.13592,0.0
2025-05-07 23:00:00,1.13593,1.13713,1.13367,1.13494,0.0
2025-05-08 03:00:00,1.13491,1.13656,1.12913,1.13006,0.0
2025-05-08 07:00:00,1.13018,1.13229,1.12985,1.13102,0.0
2025-05-08 11:00:00,1.13099,1.13368,1.13081,1.13181,0.0
2025-05-08 15:00:00,1.1318,1.1319,1.12697,1.12878,0.0
2025-05-08 19:00:00,1.12881,1.13207,1.12747,1.12999,0.0
2025-05-08 23:00:00,1.12998,1.1317,1.12202,1.12269,0.0
2025-05-09 03:00:00,1.12259,1.12316,1.12116,1.12264,0.0
2025-05-09 07:00:00,1.12265,1.12336,1.12127,1.12267,0.0
2025-05-09 11:00:00,1.12268,1.12304,1.11964,1.1228,0.0
2025-05-09 15:00:00,1.12279,1.12597,1.12181,1.12564,0.0
2025-05-09 19:00:00,1.12563,1.12613,1.12421,1.12541,0.0
2025-05-09 23:00:00,1.1254,1.12933,1.1253,1.12577,0.0
2025-05-10 03:00:00,1.12584,1.12664,1.12449,1.1245,0.0
2025-05-12 07:00:00,1.12252,1.12396,1.12228,1.12383,0.0
2025-05-12 11:00:00,1.12386,1.12434,1.12224,1.12274,0.0
2025-05-12 15:00:00,1.12278,1.12361,1.10818,1.11377,0.0
2025-05-12 19:00:00,1.11376,1.11425,1.10716,1.11136,0.0
2025-05-12 23:00:00,1.11137,1.1135,1.10834,1.10845,0.0
2025-05-13 03:00:00,1.10848,1.10971,1.1065,1.10859,0.0
2025-05-13 07:00:00,1.10853,1.11069,1.1082,1.11052,0.0
2025-05-13 11:00:00,1.11044,1.11178,1.10987,1.11169,0.0
2025-05-13 15:00:00,1.1117,1.11249,1.11011,1.11132,0.0
2025-05-13 19:00:00,1.1112,1.11319,1.10967,1.11307,0.0
2025-05-13 23:00:00,1.11304,1.11834,1.11271,1.11761,0.0
2025-05-14 03:00:00,1.11762,1.11954,1.11673,1.1186,0.0
2025-05-14 07:00:00,1.1186,1.11978,1.11812,1.11921,0.0
2025-05-14 11:00:00,1.11923,1.12016,1.11823,1.11891,0.0
2025-05-14 15:00:00,1.11889,1.12526,1.118,1.12394,0.0
2025-05-14 19:00:00,1.12391,1.12663,1.12101,1.12253,0.0
2025-05-14 23:00:00,1.12254,1.12353,1.11754,1.11907,0.0
2025-05-15 03:00:00,1.11891,1.11973,1.11643,1.11754,0.0
2025-05-15 07:00:00,1.1177,1.11952,1.11685,1.11915,0.0
2025-05-15 11:00:00,1.11919,1.12019,1.11885,1.11929,0.0
2025-05-15 15:00:00,1.11929,1.12289,1.11852,1.12101,0.0
2025-05-15 19:00:00,1.121,1.12146,1.11789,1.12109,0.0
2025-05-15 23:00:00,1.12099,1.12243,1.11724,1.11803,0.0
2025-05-16 03:00:00,1.11808,1.11895,1.11702,1.11837,0.0
2025-05-16 07:00:00,1.11888,1.12087,1.11774,1.12049,0.0
2025-05-16 11:00:00,1.12051,1.12091,1.11959,1.12031,0.0
2025-05-16 15:00:00,1.12031,1.122,1.11968,1.1199,0.0
2025-05-16 19:00:00,1.11989,1.12091,1.11878,1.11972,0.0
2025-05-16 23:00:00,1.11976,1.12064,1.11307,1.11437,0.0
2025-05-17 03:00:00,1.11452,1.11652,1.11392,1.11611,0.0
2025-05-19 07:00:00,1.11904,1.11994,1.11799,1.11973,0.0
2025-05-19 11:00:00,1.11974,1.11996,1.11722,1.1184,0.0
2025-05-19 15:00:00,1.11843,1.12597,1.11759,1.12574,0.0
2025-05-19 19:00:00,1.12576,1.12889,1.12544,1.12571,0.0
2025-05-19 23:00:00,1.1257,1.12645,1.12287,1.1235,0.0
2025-05-20 03:00:00,1.12357,1.12461,1.12238,1.12368,0.0
2025-05-20 07:00:00,1.12373,1.12473,1.12177,1.12279,0.0
2025-05-20 11:00:00,1.12284,1.12514,1.12258,1.12424,0.0
2025-05-20 15:00:00,1.12419,1.12784,1.12416,1.12581,0.0
2025-05-20 19:00:00,1.12584,1.12673,1.12233,1.12344,0.0
2025-05-20 23:00:00,1.12342,1.12703,1.12246,1.12567,0.0
2025-05-21 03:00:00,1.12566,1.12869,1.12546,1.12839,0.0
2025-05-21 07:00:00,1.1283,1.13017,1.12744,1.12956,0.0
2025-05-21 11:00:00,1.12956,1.13409,1.12865,1.1329,0.0
2025-05-21 15:00:00,1.13288,1.13537,1.13119,1.13224,0.0
2025-05-21 19:00:00,1.13229,1.13624,1.13144,1.13346,0.0
2025-05-21 23:00:00,1.13348,1.13546,1.1323,1.13404,0.0
2025-05-22 03:00:00,1.13403,1.13629,1.13156,1.13295,0.0
2025-05-22 07:00:00,1.13296,1.1344,1.13105,1.13272,0.0
2025-05-22 11:00:00,1.13273,1.13454,1.13172,1.13333,0.0
2025-05-22 15:00:00,1.13332,1.13424,1.12948,1.13037,0.0
2025-05-22 19:00:00,1.13018,1.13153,1.12846,1.1295,0.0
2025-05-22 23:00:00,1.12951,1.13094,1.12656,1.12689,0.0
2025-05-23 03:00:00,1.12696,1.12862,1.12553,1.12808,0.0
2025-05-23 07:00:00,1.12807,1.13004,1.12774,1.1297,0.0
2025-05-23 11:00:00,1.12971,1.13215,1.12951,1.13176,0.0
2025-05-23 15:00:00,1.13177,1.1345,1.13079,1.1342,0.0
2025-05-23 19:00:00,1.13419,1.13767,1.12971,1.13335,0.0
2025-05-23 23:00:00,1.13336,1.13601,1.13103,1.13583,0.0
2025-05-24 03:00:00,1.1358,1.13698,1.1351,1.1351,0.0
2025-05-24 07:00:00,1.13603,1.13603,1.13603,1.13603,0.0
2025-05-26 07:00:00,1.13748,1.13982,1.13696,1.13969,0.0
2025-05-26 11:00:00,1.13969,1.14193,1.13878,1.14097,0.0
2025-05-26 15:00:00,1.14095,1.14192,1.13827,1.1384,0.0
2025-05-26 19:00:00,1.13847,1.13873,1.13687,1.13752,0.0
2025-05-26 23:00:00,1.13751,1.13861,1.1373,1.13833,0.0
2025-05-27 03:00:00,1.13836,1.13904,1.13782,1.13871,0.0
2025-05-27 07:00:00,1.13841,1.14034,1.13788,1.14002,0.0
2025-05-27 11:00:00,1.14003,1.14078,1.13774,1.13785,0.0
2025-05-27 15:00:00,1.13788,1.13933,1.13376,1.13493,0.0
2025-05-27 19:00:00,1.13487,1.13682,1.13401,1.13668,0.0
2025-05-27 23:00:00,1.13668,1.1376,1.13225,1.13314,0.0
2025-05-28 03:00:00,1.13317,1.13393,1.13243,1.13346,0.0
2025-05-28 07:00:00,1.13344,1.13455,1.13233,1.13346,0.0
2025-05-28 11:00:00,1.13344,1.13393,1.13004,1.13062,0.0
2025-05-28 15:00:00,1.13059,1.13348,1.12951,1.13322,0.0
2025-05-28 19:00:00,1.13321,1.13412,1.13072,1.13111,0.0
2025-05-28 23:00:00,1.13108,1.13251,1.12834,1.12937,0.0
2025-05-29 03:00:00,1.12939,1.13012,1.12841,1.12923,0.0
2025-05-29 07:00:00,1.12946,1.12988,1.12101,1.1236,0.0
2025-05-29 11:00:00,1.12346,1.12577,1.12229,1.12479,0.0
2025-05-29 15:00:00,1.1248,1.12831,1.12303,1.12722,0.0
2025-05-29 19:00:00,1.1272,1.13504,1.12679,1.13495,0.0
2025-05-29 23:00:00,1.13498,1.13803,1.13388,1.13714,0.0
2025-05-30 03:00:00,1.13715,1.13848,1.13598,1.13665,0.0
2025-05-30 07:00:00,1.13704,1.13853,1.13643,1.1373,0.0
2025-05-30 11:00:00,1.13725,1.13902,1.13453,1.1346,0.0
2025-05-30 15:00:00,1.13462,1.1355,1.13231,1.13237,0.0
2025-05-30 19:00:00,1.13237,1.13588,1.13231,1.13462,0.0
2025-05-30 23:00:00,1.13466,1.13589,1.13123,1.13502,0.0
2025-05-31 03:00:00,1.1351,1.13675,1.13445,1.13457,0.0
2025-06-02 07:00:00,1.13556,1.13752,1.13506,1.1369,0.0
2025-06-02 11:00:00,1.13686,1.13827,1.13541,1.13655,0.0
2025-06-02 15:00:00,1.13656,1.14371,1.13636,1.14201,0.0
2025-06-02 19:00:00,1.14203,1.14373,1.1409,1.14184,0.0
2025-06-02 23:00:00,1.14185,1.14507,1.14041,1.14189,0.0
2025-06-03 03:00:00,1.14182,1.14467,1.14157,1.14413,0.0
2025-06-03 07:00:00,1.1441,1.1455,1.14337,1.14433,0.0
2025-06-03 11:00:00,1.1443,1.14439,1.14157,1.14253,0.0
2025-06-03 15:00:00,1.14254,1.14324,1.14052,1.14132,0.0
2025-06-03 19:00:00,1.14116,1.14184,1.1377,1.1382,0.0
2025-06-03 23:00:00,1.13819,1.13954,1.13639,1.13735,0.0
2025-06-04 03:00:00,1.13736,1.13822,1.13674,1.13713,0.0
2025-06-04 07:00:00,1.13716,1.13896,1.13676,1.13826,0.0
2025-06-04 11:00:00,1.13827,1.13936,1.13645,1.13667,0.0
2025-06-04 15:00:00,1.13668,1.14043,1.13556,1.13995,0.0
2025-06-04 19:00:00,1.13993,1.14114,1.13746,1.14095,0.0
2025-06-04 23:00:00,1.14095,1.1435,1.13926,1.14344,0.0
2025-06-05 03:00:00,1.14334,1.14339,1.14094,1.1417,0.0
2025-06-05 07:00:00,1.14167,1.14297,1.14129,1.14292,0.0
2025-06-05 11:00:00,1.14293,1.14352,1.14077,1.14105,0.0
2025-06-05 15:00:00,1.14107,1.14255,1.14042,1.14118,0.0
2025-06-05 19:00:00,1.14128,1.14492,1.14092,1.14297,0.0
2025-06-05 23:00:00,1.14295,1.14955,1.14181,1.14468,0.0
2025-06-06 03:00:00,1.14479,1.14486,1.14309,1.14448,0.0
2025-06-06 07:00:00,1.14442,1.14576,1.14375,1.14501,0.0
2025-06-06 11:00:00,1.145,1.14528,1.14327,1.14398,0.0
2025-06-06 15:00:00,1.14399,1.14422,1.14125,1.14151,0.0
2025-06-06 19:00:00,1.14148,1.14299,1.13833,1.13978,0.0
2025-06-06 23:00:00,1.13968,1.14169,1.13715,1.1388,0.0
2025-06-07 03:00:00,1.13873,1.14023,1.13847,1.13911,0.0
2025-06-07 07:00:00,1.13957,1.13957,1.13957,1.13957,0.0
2025-06-09 07:00:00,1.14068,1.14116,1.13926,1.13939,0.0
2025-06-09 11:00:00,1.13941,1.14257,1.13938,1.14183,0.0
2025-06-09 15:00:00,1.14189,1.14364,1.14118,1.14282,0.0
2025-06-09 19:00:00,1.14286,1.14396,1.13943,1.14004,0.0
2025-06-09 23:00:00,1.14,1.14259,1.13864,1.14244,0.0
2025-06-10 03:00:00,1.14247,1.14313,1.1417,1.1421,0.0
2025-06-10 07:00:00,1.14219,1.14361,1.14145,1.14241,0.0
2025-06-10 11:00:00,1.14246,1.14285,1.13859,1.13996,0.0
2025-06-10 15:00:00,1.13996,1.14153,1.13728,1.14083,0.0
2025-06-10 19:00:00,1.14082,1.14408,1.14031,1.14323,0.0
2025-06-10 23:00:00,1.14322,1.1448,1.14154,1.14233,0.0
2025-06-11 03:00:00,1.14238,1.1437,1.14162,1.14248,0.0
2025-06-11 07:00:00,1.14265,1.144,1.14202,1.1421,0.0
2025-06-11 11:00:00,1.14213,1.14274,1.14061,1.14157,0.0
2025-06-11 15:00:00,1.14158,1.14389,1.14052,1.14315,0.0
2025-06-11 19:00:00,1.14305,1.14898,1.14263,1.14607,0.0
2025-06-11 23:00:00,1.1461,1.14964,1.14526,1.14901,0.0
2025-06-12 03:00:00,1.14899,1.15,1.14791,1.14876,0.0
2025-06-12 07:00:00,1.14879,1.15273,1.14825,1.15227,0.0
2025-06-12 11:00:00,1.15213,1.15295,1.15063,1.15155,0.0
2025-06-12 15:00:00,1.15153,1.15476,1.15057,1.15452,0.0
2025-06-12 19:00:00,1.15443,1.16328,1.15399,1.161,0.0
2025-06-12 23:00:00,1.16097,1.16176,1.15667,1.15746,0.0
2025-06-13 03:00:00,1.15761,1.15883,1.15633,1.15847,0.0
2025-06-13 07:00:00,1.15841,1.1615,1.15389,1.15589,0.0
2025-06-13 11:00:00,1.15587,1.15609,1.15138,1.15252,0.0
2025-06-13 15:00:00,1.15254,1.15606,1.15116,1.15288,0.0
2025-06-13 19:00:00,1.15285,1.15366,1.14887,1.15165,0.0
2025-06-13 23:00:00,1.15164,1.15701,1.15009,1.15546,0.0
2025-06-14 03:00:00,1.15545,1.15559,1.15332,1.15396,0.0
2025-06-14 07:00:00,1.15471,1.15471,1.15471,1.15471,0.0
2025-06-16 07:00:00,1.15412,1.15474,1.15272,1.15356,0.0
2025-06-16 11:00:00,1.15342,1.15449,1.15232,1.15359,0.0
2025-06-16 15:00:00,1.15363,1.1587,1.15359,1.15775,0.0
2025-06-16 19:00:00,1.15788,1.15865,1.15693,1.15841,0.0
2025-06-16 23:00:00,1.1584,1.16153,1.15781,1.15843,0.0
2025-06-17 03:00:00,1.1584,1.15854,1.15543,1.15612,0.0
2025-06-17 07:00:00,1.1563,1.15693,1.1542,1.15502,0.0
2025-06-17 11:00:00,1.15502,1.15677,1.15454,1.15613,0.0
2025-06-17 15:00:00,1.15613,1.15729,1.15451,1.15522,0.0
2025-06-17 19:00:00,1.15521,1.15831,1.15474,1.15504,0.0
2025-06-17 23:00:00,1.15508,1.15698,1.14982,1.14997,0.0
2025-06-18 03:00:00,1.1503,1.1509,1.14743,1.14803,0.0
2025-06-18 07:00:00,1.14793,1.14974,1.14743,1.14932,0.0
2025-06-18 11:00:00,1.14924,1.15084,1.14892,1.15054,0.0
2025-06-18 15:00:00,1.15054,1.1524,1.14981,1.15029,0.0
2025-06-18 19:00:00,1.15024,1.15174,1.14917,1.15071,0.0
2025-06-18 23:00:00,1.15058,1.15309,1.1484,1.15033,0.0
2025-06-19 03:00:00,1.15032,1.15301,1.14604,1.148,0.0
2025-06-19 07:00:00,1.14799,1.14891,1.14704,1.14811,0.0
2025-06-19 11:00:00,1.14813,1.14825,1.14503,1.14692,0.0
2025-06-19 15:00:00,1.14694,1.14796,1.14461,1.14767,0.0
2025-06-19 19:00:00,1.14771,1.14878,1.14674,1.14777,0.0
2025-06-19 23:00:00,1.14775,1.14849,1.14543,1.14566,0.0
2025-06-20 03:00:00,1.14565,1.15008,1.14551,1.14954,0.0
2025-06-20 07:00:00,1.14939,1.15243,1.14899,1.15229,0.0
2025-06-20 11:00:00,1.15227,1.15331,1.15108,1.15271,0.0
2025-06-20 15:00:00,1.15275,1.15302,1.15098,1.15231,0.0
2025-06-20 19:00:00,1.15226,1.15355,1.15057,1.15125,0.0
2025-06-20 23:00:00,1.15128,1.15375,1.14948,1.1536,0.0
2025-06-21 03:00:00,1.15361,1.15443,1.1513,1.15137,0.0
2025-06-21 07:00:00,1.15136,1.15233,1.15136,1.15233,0.0
2025-06-23 07:00:00,1.14901,1.15076,1.14807,1.14894,0.0
2025-06-23 11:00:00,1.14895,1.15071,1.14719,1.14907,0.0
2025-06-23 15:00:00,1.14909,1.15215,1.148,1.14817,0.0
2025-06-23 19:00:00,1.14818,1.14834,1.14533,1.14671,0.0
2025-06-23 23:00:00,1.14675,1.1558,1.14645,1.15448,0.0
2025-06-24 03:00:00,1.1545,1.1582,1.15403,1.15776,0.0
2025-06-24 07:00:00,1.15766,1.16093,1.1571,1.15993,0.0
2025-06-24 11:00:00,1.15993,1.16147,1.15864,1.16064,0.0
2025-06-24 15:00:00,1.16063,1.16228,1.15796,1.15926,0.0
2025-06-24 19:00:00,1.15921,1.16186,1.15915,1.16007,0.0
2025-06-24 23:00:00,1.16007,1.16422,1.15818,1.16241,0.0
2025-06-25 03:00:00,1.1624,1.1633,1.16073,1.16094,0.0
2025-06-25 07:00:00,1.16105,1.16271,1.16025,1.16255,0.0
2025-06-25 11:00:00,1.16254,1.16319,1.16108,1.1614,0.0
2025-06-25 15:00:00,1.16137,1.16229,1.15897,1.16099,0.0
2025-06-25 19:00:00,1.16099,1.16139,1.159,1.15929,0.0
2025-06-25 23:00:00,1.15928,1.16359,1.15901,1.16311,0.0
2025-06-26 03:00:00,1.16308,1.16656,1.16262,1.16585,0.0
2025-06-26 07:00:00,1.16586,1.1689,1.16512,1.16828,0.0
2025-06-26 11:00:00,1.16827,1.17135,1.16676,1.168,0.0
2025-06-26 15:00:00,1.16799,1.17453,1.16711,1.17288,0.0
2025-06-26 19:00:00,1.17275,1.17311,1.16896,1.17068,0.0
2025-06-26 23:00:00,1.17073,1.17404,1.16895,1.17301,0.0
2025-06-27 03:00:00,1.17293,1.17327,1.16945,1.17008,0.0
2025-06-27 07:00:00,1.1695,1.17106,1.16808,1.16916,0.0
2025-06-27 11:00:00,1.16917,1.17098,1.16843,1.16849,0.0
2025-06-27 15:00:00,1.16856,1.17275,1.16831,1.17094,0.0
2025-06-27 19:00:00,1.17093,1.17508,1.17008,1.17461,0.0
2025-06-27 23:00:00,1.17468,1.17541,1.17051,1.17225,0.0
2025-06-28 03:00:00,1.17226,1.17247,1.16877,1.17057,0.0
2025-06-28 07:00:00,1.17165,1.17165,1.17165,1.17165,0.0
2025-06-30 07:00:00,1.17311,1.17392,1.17158,1.17183,0.0
2025-06-30 11:00:00,1.17184,1.17348,1.17114,1.17305,0.0
2025-06-30 15:00:00,1.17303,1.17509,1.17135,1.17292,0.0
2025-06-30 19:00:00,1.17285,1.17331,1.1707,1.17131,0.0
2025-06-30 23:00:00,1.17135,1.17721,1.17107,1.17624,0.0
2025-07-01 03:00:00,1.17625,1.1789,1.17603,1.17867,0.0
2025-07-01 07:00:00,1.17808,1.1798,1.17707,1.17971,0.0
2025-07-01 11:00:00,1.17973,1.18089,1.17779,1.17862,0.0
2025-07-01 15:00:00,1.17863,1.18176,1.17673,1.18067,0.0
2025-07-01 19:00:00,1.18053,1.18306,1.17968,1.18034,0.0
2025-07-01 23:00:00,1.1804,1.18119,1.17613,1.17656,0.0
2025-07-02 03:00:00,1.17657,1.18076,1.1765,1.1806,0.0
2025-07-02 07:00:00,1.18055,1.18084,1.17973,1.18071,0.0
2025-07-02 11:00:00,1.18076,1.18103,1.17888,1.17969,0.0
2025-07-02 15:00:00,1.17968,1.17982,1.17697,1.17758,0.0
2025-07-02 19:00:00,1.17757,1.17886,1.17464,1.17567,0.0
2025-07-02 23:00:00,1.17566,1.17939,1.175,1.17883,0.0
2025-07-03 03:00:00,1.17885,1.18043,1.17881,1.17982,0.0
2025-07-03 07:00:00,1.17991,1.18089,1.1787,1.18061,0.0
2025-07-03 11:00:00,1.18065,1.18102,1.17873,1.17894,0.0
2025-07-03 15:00:00,1.17895,1.18107,1.17865,1.17979,0.0
2025-07-03 19:00:00,1.17979,1.18003,1.17169,1.1739,0.0
2025-07-03 23:00:00,1.17379,1.17908,1.17339,1.17518,0.0
2025-07-04 03:00:00,1.17517,1.17604,1.17443,1.17565,0.0
2025-07-04 07:00:00,1.17577,1.17719,1.17499,1.17661,0.0
2025-07-04 11:00:00,1.17669,1.17805,1.17559,1.17802,0.0
2025-07-04 15:00:00,1.17803,1.17857,1.17672,1.17745,0.0
2025-07-04 19:00:00,1.17739,1.17828,1.17638,1.17669,0.0
2025-07-04 23:00:00,1.1767,1.17877,1.17664,1.17744,0.0
2025-07-05 03:00:00,1.17748,1.17859,1.17667,1.17667,0.0
2025-07-05 07:00:00,1.17702,1.17702,1.17702,1.17702,0.0
2025-07-07 07:00:00,1.17806,1.17902,1.17751,1.17797,0.0
2025-07-07 11:00:00,1.17792,1.17806,1.17639,1.17659,0.0
2025-07-07 15:00:00,1.1766,1.17737,1.17233,1.17242,0.0
2025-07-07 19:00:00,1.17241,1.17358,1.1718,1.17225,0.0
2025-07-07 23:00:00,1.1722,1.17454,1.16875,1.16939,0.0
2025-07-08 03:00:00,1.16945,1.17237,1.16869,1.1708,0.0
2025-07-08 07:00:00,1.17079,1.17476,1.17071,1.17433,0.0
2025-07-08 11:00:00,1.17436,1.17499,1.17308,1.17414,0.0
2025-07-08 15:00:00,1.17413,1.17651,1.17319,1.17487,0.0
2025-07-08 19:00:00,1.17487,1.17504,1.17139,1.17209,0.0
2025-07-08 23:00:00,1.17206,1.1722,1.16827,1.17086,0.0
2025-07-09 03:00:00,1.17094,1.17295,1.17075,1.17248,0.0
2025-07-09 07:00:00,1.17246,1.17291,1.17171,1.17244,0.0
2025-07-09 11:00:00,1.17242,1.17256,1.17015,1.17124,0.0
2025-07-09 15:00:00,1.17123,1.17284,1.17024,1.17128,0.0
2025-07-09 19:00:00,1.17132,1.17197,1.16895,1.17153,0.0
2025-07-09 23:00:00,1.17155,1.17244,1.17006,1.1705,0.0
2025-07-10 03:00:00,1.17046,1.17235,1.17039,1.17185,0.0
2025-07-10 07:00:00,1.17167,1.17495,1.17147,1.17437,0.0
2025-07-10 11:00:00,1.17432,1.17445,1.17304,1.17349,0.0
2025-07-10 15:00:00,1.17348,1.17433,1.17261,1.17279,0.0
2025-07-10 19:00:00,1.17279,1.17342,1.17018,1.17064,0.0
2025-07-10 23:00:00,1.17066,1.17145,1.16704,1.1686,0.0
2025-07-11 03:00:00,1.16858,1.17025,1.16816,1.17005,0.0
2025-07-11 07:00:00,1.17006,1.17074,1.16647,1.16758,0.0
2025-07-11 11:00:00,1.16752,1.16861,1.16687,1.16766,0.0
2025-07-11 15:00:00,1.16766,1.16959,1.16704,1.16821,0.0
2025-07-11 19:00:00,1.16823,1.17012,1.16813,1.16884,0.0
2025-07-11 23:00:00,1.1689,1.17144,1.16752,1.16915,0.0
2025-07-12 03:00:00,1.16916,1.16963,1.16784,1.16843,0.0
2025-07-12 07:00:00,1.1688,1.1688,1.1688,1.1688,0.0
2025-07-14 07:00:00,1.16648,1.16948,1.16633,1.16936,0.0
2025-07-14 11:00:00,1.16939,1.16985,1.16728,1.16749,0.0
2025-07-14 15:00:00,1.16741,1.16889,1.16536,1.16816,0.0
2025-07-14 19:00:00,1.16822,1.16969,1.16787,1.16853,0.0
2025-07-14 23:00:00,1.16854,1.1696,1.166,1.16627,0.0
2025-07-15 03:00:00,1.16626,1.16731,1.16592,1.1665,0.0
2025-07-15 07:00:00,1.16663,1.16774,1.16606,1.16726,0.0
2025-07-15 11:00:00,1.16731,1.16803,1.16653,1.16759,0.0
2025-07-15 15:00:00,1.16761,1.16927,1.16717,1.16877,0.0
2025-07-15 19:00:00,1.1687,1.16919,1.16615,1.16782,0.0
2025-07-15 23:00:00,1.1678,1.168,1.15937,1.15958,0.0
2025-07-16 03:00:00,1.15964,1.16056,1.15925,1.16019,0.0
2025-07-16 07:00:00,1.16007,1.16142,1.15961,1.16087,0.0
2025-07-16 11:00:00,1.16082,1.16207,1.16057,1.16195,0.0
2025-07-16 15:00:00,1.16196,1.16288,1.16127,1.1625,0.0
2025-07-16 19:00:00,1.16251,1.16266,1.15935,1.15989,0.0
2025-07-16 23:00:00,1.15986,1.17227,1.15621,1.16391,0.0
2025-07-17 03:00:00,1.16393,1.16591,1.16201,1.16375,0.0
2025-07-17 07:00:00,1.16376,1.16423,1.1617,1.16233,0.0
2025-07-17 11:00:00,1.16236,1.16295,1.16128,1.1624,0.0
2025-07-17 15:00:00,1.1624,1.16278,1.15731,1.16003,0.0
2025-07-17 19:00:00,1.16013,1.16054,1.15559,1.15873,0.0
2025-07-17 23:00:00,1.15872,1.16028,1.15777,1.15863,0.0
2025-07-18 03:00:00,1.15862,1.16012,1.15794,1.15961,0.0
2025-07-18 07:00:00,1.1594,1.16285,1.15899,1.16245,0.0
2025-07-18 11:00:00,1.1625,1.16347,1.16179,1.16193,0.0
2025-07-18 15:00:00,1.16188,1.16461,1.16115,1.16355,0.0
2025-07-18 19:00:00,1.16354,1.16592,1.1632,1.16559,0.0
2025-07-18 23:00:00,1.16562,1.16731,1.16264,1.16288,0.0
2025-07-19 03:00:00,1.16285,1.16305,1.16172,1.16195,0.0
2025-07-19 07:00:00,1.16207,1.16207,1.16207,1.16207,0.0
2025-07-21 07:00:00,1.16268,1.16369,1.16184,1.1619,0.0
2025-07-21 11:00:00,1.16184,1.16309,1.16143,1.1629,0.0
2025-07-21 15:00:00,1.16291,1.16528,1.16275,1.16424,0.0
2025-07-21 19:00:00,1.16431,1.16735,1.16335,1.16653,0.0
2025-07-21 23:00:00,1.16653,1.17168,1.16575,1.17005,0.0
2025-07-22 03:00:00,1.16997,1.17014,1.16856,1.16931,0.0
2025-07-22 07:00:00,1.1693,1.16984,1.16829,1.16889,0.0
2025-07-22 11:00:00,1.16889,1.16961,1.16822,1.16883,0.0
2025-07-22 15:00:00,1.16887,1.17038,1.16818,1.16988,0.0
2025-07-22 19:00:00,1.16992,1.17091,1.16831,1.16904,0.0
2025-07-22 23:00:00,1.16904,1.1761,1.16789,1.1755,0.0
2025-07-23 03:00:00,1.17551,1.17553,1.17419,1.17539,0.0
2025-07-23 07:00:00,1.17538,1.17559,1.17335,1.17471,0.0
2025-07-23 11:00:00,1.17475,1.17486,1.17305,1.17348,0.0
2025-07-23 15:00:00,1.17351,1.17525,1.17272,1.17327,0.0
2025-07-23 19:00:00,1.17323,1.17393,1.17202,1.1725,0.0
2025-07-23 23:00:00,1.17248,1.17616,1.17108,1.17498,0.0
2025-07-24 03:00:00,1.1751,1.1775,1.17459,1.17697,0.0
2025-07-24 07:00:00,1.17663,1.17786,1.17621,1.17671,0.0
2025-07-24 11:00:00,1.1767,1.17799,1.17669,1.1774,0.0
2025-07-24 15:00:00,1.17741,1.17781,1.17551,1.1758,0.0
2025-07-24 19:00:00,1.17578,1.17593,1.17321,1.17361,0.0
2025-07-24 23:00:00,1.17363,1.17885,1.17308,1.17625,0.0
2025-07-25 03:00:00,1.1763,1.17777,1.17451,1.17465,0.0
2025-07-25 07:00:00,1.17427,1.17586,1.17419,1.17543,0.0
2025-07-25 11:00:00,1.17544,1.17584,1.17342,1.17401,0.0
2025-07-25 15:00:00,1.174,1.17608,1.17372,1.17432,0.0
2025-07-25 19:00:00,1.17431,1.17434,1.17116,1.17182,0.0
2025-07-25 23:00:00,1.1719,1.17388,1.17032,1.17288,0.0
2025-07-26 03:00:00,1.17291,1.1747,1.17287,1.17402,0.0
2025-07-26 07:00:00,1.17401,1.17409,1.17401,1.17409,0.0
2025-07-28 07:00:00,1.17551,1.17701,1.17538,1.17637,0.0
2025-07-28 11:00:00,1.17639,1.17697,1.17456,1.17472,0.0
2025-07-28 15:00:00,1.17464,1.17476,1.1671,1.1679,0.0
2025-07-28 19:00:00,1.16789,1.16844,1.1644,1.16577,0.0
2025-07-28 23:00:00,1.1658,1.16621,1.15984,1.15991,0.0
2025-07-29 03:00:00,1.15986,1.16015,1.15852,1.1588,0.0
2025-07-29 07:00:00,1.15877,1.15975,1.15844,1.15851,0.0
2025-07-29 11:00:00,1.15848,1.1599,1.15746,1.15886,0.0
2025-07-29 15:00:00,1.1588,1.15901,1.15274,1.15692,0.0
2025-07-29 19:00:00,1.15692,1.15882,1.15262,1.15262,0.0
2025-07-29 23:00:00,1.15248,1.15509,1.15187,1.15413,0.0
2025-07-30 03:00:00,1.15415,1.15612,1.15399,1.15466,0.0
2025-07-30 07:00:00,1.15458,1.15676,1.15453,1.15671,0.0
2025-07-30 11:00:00,1.15673,1.15725,1.15504,1.15511,0.0
2025-07-30 15:00:00,1.15509,1.15685,1.15402,1.15567,0.0
2025-07-30 19:00:00,1.15565,1.15578,1.14732,1.14732,0.0
2025-07-30 23:00:00,1.14732,1.14851,1.14575,1.14742,0.0
2025-07-31 03:00:00,1.14741,1.15039,1.13998,1.14046,0.0
2025-07-31 07:00:00,1.1408,1.14385,1.14014,1.14343,0.0
2025-07-31 11:00:00,1.14343,1.14385,1.14067,1.14359,0.0
2025-07-31 15:00:00,1.14353,1.14614,1.14305,1.14498,0.0
2025-07-31 19:00:00,1.14499,1.14516,1.14205,1.14288,0.0
2025-07-31 23:00:00,1.1429,1.14502,1.14053,1.14229,0.0
2025-08-01 03:00:00,1.14229,1.14335,1.1409,1.14149,0.0
2025-08-01 07:00:00,1.14146,1.14292,1.14109,1.14248,0.0
2025-08-01 11:00:00,1.14244,1.14289,1.14048,1.1419,0.0
2025-08-01 15:00:00,1.14188,1.14382,1.14049,1.14067,0.0
2025-08-01 19:00:00,1.14071,1.15589,1.13914,1.1545,0.0
2025-08-01 23:00:00,1.15454,1.15888,1.15362,1.15399,0.0
2025-08-02 03:00:00,1.15392,1.15977,1.15164,1.15839,0.0
2025-08-02 07:00:00,1.15831,1.15904,1.15831,1.15904,0.0
2025-08-04 07:00:00,1.15837,1.15905,1.15558,1.15581,0.0
2025-08-04 11:00:00,1.15578,1.15866,1.15504,1.15744,0.0
2025-08-04 15:00:00,1.15745,1.15836,1.15492,1.15578,0.0
2025-08-04 19:00:00,1.1558,1.15893,1.15549,1.15755,0.0
2025-08-04 23:00:00,1.15757,1.15892,1.15569,1.15722,0.0
2025-08-05 03:00:00,1.15721,1.15778,1.1563,1.1572,0.0
2025-08-05 07:00:00,1.15687,1.15888,1.15653,1.15725,0.0
2025-08-05 11:00:00,1.15719,1.1575,1.15536,1.15585,0.0
2025-08-05 15:00:00,1.15585,1.15631,1.15309,1.15364,0.0
2025-08-05 19:00:00,1.15369,1.15485,1.15276,1.15366,0.0
2025-08-05 23:00:00,1.15372,1.15862,1.15323,1.15826,0.0
2025-08-06 03:00:00,1.15827,1.1584,1.15658,1.15758,0.0
2025-08-06 07:00:00,1.15737,1.15855,1.15704,1.1574,0.0
2025-08-06 11:00:00,1.15737,1.15861,1.1564,1.15829,0.0
2025-08-06 15:00:00,1.15825,1.15889,1.157,1.1575,0.0
2025-08-06 19:00:00,1.15748,1.16286,1.15742,1.1624,0.0
2025-08-06 23:00:00,1.1624,1.16488,1.16174,1.16349,0.0
2025-08-07 03:00:00,1.16347,1.16687,1.16329,1.16596,0.0
2025-08-07 07:00:00,1.16593,1.16664,1.1651,1.16521,0.0
2025-08-07 11:00:00,1.16528,1.16769,1.16496,1.16712,0.0
2025-08-07 15:00:00,1.16715,1.16989,1.16678,1.16828,0.0
2025-08-07 19:00:00,1.16834,1.16851,1.16339,1.16513,0.0
2025-08-07 23:00:00,1.16514,1.16589,1.16128,1.16383,0.0
2025-08-08 03:00:00,1.16382,1.16721,1.16189,1.1665,0.0
2025-08-08 07:00:00,1.1665,1.168,1.16587,1.16728,0.0
2025-08-08 11:00:00,1.16732,1.16744,1.16549,1.16586,0.0
2025-08-08 15:00:00,1.16584,1.16649,1.16343,1.16366,0.0
2025-08-08 19:00:00,1.16373,1.1654,1.1628,1.16421,0.0
2025-08-08 23:00:00,1.16421,1.16682,1.16409,1.16564,0.0
2025-08-09 03:00:00,1.16562,1.16669,1.16363,1.16366,0.0
2025-08-09 07:00:00,1.16401,1.16401,1.16401,1.16401,0.0
2025-08-11 07:00:00,1.16475,1.16514,1.16416,1.16472,0.0
2025-08-11 11:00:00,1.16472,1.16763,1.16454,1.16722,0.0
2025-08-11 15:00:00,1.16723,1.16744,1.16439,1.16555,0.0
2025-08-11 19:00:00,1.16552,1.16588,1.16138,1.16205,0.0
2025-08-11 23:00:00,1.16206,1.16281,1.15896,1.16077,0.0
2025-08-12 03:00:00,1.16082,1.16209,1.15983,1.16159,0.0
2025-08-12 07:00:00,1.16157,1.16208,1.16074,1.16156,0.0
2025-08-12 11:00:00,1.16155,1.1628,1.1614,1.16276,0.0
2025-08-12 15:00:00,1.16274,1.16296,1.16072,1.16155,0.0
2025-08-12 19:00:00,1.16154,1.16568,1.15986,1.16399,0.0
2025-08-12 23:00:00,1.16418,1.16975,1.16169,1.1681,0.0
2025-08-13 03:00:00,1.16799,1.16807,1.16642,1.16755,0.0
2025-08-13 07:00:00,1.1676,1.16816,1.16664,1.16803,0.0
2025-08-13 11:00:00,1.16803,1.1688,1.16707,1.16847,0.0
2025-08-13 15:00:00,1.16846,1.17211,1.16764,1.17148,0.0
2025-08-13 19:00:00,1.17146,1.17311,1.16973,1.16989,0.0
2025-08-13 23:00:00,1.16988,1.17238,1.16937,1.17076,0.0
2025-08-14 03:00:00,1.17068,1.17115,1.16958,1.17061,0.0
2025-08-14 07:00:00,1.17063,1.1715,1.16988,1.17113,0.0
2025-08-14 11:00:00,1.17117,1.17163,1.16985,1.17043,0.0
2025-08-14 15:00:00,1.17043,1.17074,1.16677,1.16691,0.0
2025-08-14 19:00:00,1.1669,1.16974,1.16486,1.16628,0.0
2025-08-14 23:00:00,1.16637,1.1672,1.16304,1.1634,0.0
2025-08-15 03:00:00,1.16344,1.16512,1.16315,1.16482,0.0
2025-08-15 07:00:00,1.16481,1.16548,1.16455,1.16521,0.0
2025-08-15 11:00:00,1.16526,1.16651,1.16486,1.16633,0.0
2025-08-15 15:00:00,1.16631,1.16856,1.16615,1.16826,0.0
2025-08-15 19:00:00,1.16824,1.17005,1.16734,1.16936,0.0
2025-08-15 23:00:00,1.16938,1.1716,1.1681,1.17028,0.0
2025-08-16 03:00:00,1.1704,1.17089,1.16902,1.16902,0.0
2025-08-16 07:00:00,1.16901,1.17013,1.16901,1.17013,0.0
2025-08-18 07:00:00,1.17144,1.17149,1.16996,1.17016,0.0
2025-08-18 11:00:00,1.17012,1.17111,1.16936,1.17083,0.0
2025-08-18 15:00:00,1.17081,1.17092,1.1671,1.16816,0.0
2025-08-18 19:00:00,1.1682,1.16889,1.16667,1.16755,0.0
2025-08-18 23:00:00,1.16762,1.16847,1.16563,1.16576,0.0
2025-08-19 03:00:00,1.16577,1.16713,1.16568,1.16612,0.0
2025-08-19 07:00:00,1.16609,1.16757,1.1656,1.16579,0.0
2025-08-19 11:00:00,1.16583,1.16625,1.16385,1.16611,0.0
2025-08-19 15:00:00,1.16612,1.16852,1.1651,1.16753,0.0
2025-08-19 19:00:00,1.16754,1.16934,1.16718,1.16764,0.0
2025-08-19 23:00:00,1.16754,1.16784,1.16542,1.16562,0.0
2025-08-20 03:00:00,1.16565,1.16608,1.1642,1.16471,0.0
2025-08-20 07:00:00,1.16509,1.16552,1.16313,1.16393,0.0
2025-08-20 11:00:00,1.16386,1.16424,1.16215,1.16343,0.0
2025-08-20 15:00:00,1.16344,1.16474,1.1623,1.16386,0.0
2025-08-20 19:00:00,1.16383,1.16743,1.16348,1.16708,0.0
2025-08-20 23:00:00,1.16705,1.1672,1.1646,1.166,0.0
2025-08-21 03:00:00,1.16598,1.16728,1.16469,1.16526,0.0
2025-08-21 07:00:00,1.1653,1.16585,1.16411,1.16465,0.0
2025-08-21 11:00:00,1.16466,1.16505,1.16409,1.16458,0.0
2025-08-21 15:00:00,1.16459,1.16615,1.16249,1.16546,0.0
2025-08-21 19:00:00,1.16548,1.16632,1.16366,1.16469,0.0
2025-08-21 23:00:00,1.16468,1.16499,1.16006,1.16118,0.0
2025-08-22 03:00:00,1.16118,1.16191,1.16034,1.16063,0.0
2025-08-22 07:00:00,1.1606,1.16171,1.16022,1.1615,0.0
2025-08-22 11:00:00,1.16151,1.16163,1.15823,1.15847,0.0
2025-08-22 15:00:00,1.15848,1.16005,1.15829,1.15998,0.0
2025-08-22 19:00:00,1.15997,1.16142,1.1593,1.16088,0.0
2025-08-22 23:00:00,1.16089,1.17323,1.15974,1.1721,0.0
2025-08-23 03:00:00,1.1722,1.17432,1.17151,1.17152,0.0
2025-08-23 07:00:00,1.17152,1.17152,1.17152,1.17152,0.0
2025-08-25 07:00:00,1.17135,1.1715,1.16953,1.16978,0.0
2025-08-25 11:00:00,1.16977,1.17084,1.16931,1.17059,0.0
2025-08-25 15:00:00,1.17058,1.17215,1.1694,1.1704,0.0
2025-08-25 19:00:00,1.17039,1.17049,1.16851,1.16996,0.0
2025-08-25 23:00:00,1.16998,1.17095,1.16514,1.16552,0.0
2025-08-26 03:00:00,1.1655,1.16565,1.16029,1.16189,0.0
2025-08-26 07:00:00,1.16255,1.1661,1.16097,1.16473,0.0
2025-08-26 11:00:00,1.16478,1.16508,1.16236,1.16322,0.0
2025-08-26 15:00:00,1.16325,1.16448,1.16027,1.16181,0.0
2025-08-26 19:00:00,1.16182,1.16612,1.16174,1.16463,0.0
2025-08-26 23:00:00,1.16465,1.16648,1.1637,1.1649,0.0
2025-08-27 03:00:00,1.16492,1.1653,1.1633,1.16417,0.0
2025-08-27 07:00:00,1.16475,1.16529,1.16339,1.16367,0.0
2025-08-27 11:00:00,1.16368,1.16414,1.16122,1.16143,0.0
2025-08-27 15:00:00,1.16145,1.16247,1.1575,1.15891,0.0
2025-08-27 19:00:00,1.15891,1.15984,1.15744,1.15867,0.0
2025-08-27 23:00:00,1.15868,1.16417,1.15818,1.16385,0.0
2025-08-28 03:00:00,1.16386,1.16431,1.16279,1.16387,0.0
2025-08-28 07:00:00,1.16379,1.16495,1.16274,1.16454,0.0
2025-08-28 11:00:00,1.16455,1.16551,1.16385,1.16395,0.0
2025-08-28 15:00:00,1.16393,1.165,1.16283,1.16421,0.0
2025-08-28 19:00:00,1.16424,1.16872,1.16419,1.16699,0.0
2025-08-28 23:00:00,1.16696,1.16909,1.16583,1.1689,0.0
2025-08-29 03:00:00,1.16891,1.16978,1.16773,1.16825,0.0
2025-08-29 07:00:00,1.16816,1.1686,1.16726,1.16747,0.0
2025-08-29 11:00:00,1.16748,1.16767,1.1656,1.16648,0.0
2025-08-29 15:00:00,1.16647,1.1691,1.16608,1.16757,0.0
2025-08-29 19:00:00,1.16758,1.16832,1.16505,1.16583,0.0
2025-08-29 23:00:00,1.16588,1.1709,1.16533,1.17012,0.0
2025-08-30 03:00:00,1.17012,1.17031,1.16791,1.1683,0.0
2025-08-30 07:00:00,1.1683,1.1683,1.1683,1.1683,0.0
2025-09-01 07:00:00,1.16884,1.1699,1.16862,1.1697,0.0
2025-09-01 11:00:00,1.16972,1.17149,1.16879,1.17085,0.0
2025-09-01 15:00:00,1.17081,1.17369,1.17076,1.17352,0.0
2025-09-01 19:00:00,1.17354,1.17363,1.17062,1.1708,0.0
2025-09-01 23:00:00,1.17078,1.17166,1.16963,1.17046,0.0
2025-09-02 03:00:00,1.1705,1.17142,1.17007,1.17107,0.0
2025-09-02 07:00:00,1.17106,1.17188,1.17028,1.17051,0.0
2025-09-02 11:00:00,1.17048,1.17079,1.169,1.16932,0.0
2025-09-02 15:00:00,1.16933,1.17077,1.16338,1.16448,0.0
2025-09-02 19:00:00,1.16454,1.16535,1.16103,1.16175,0.0
2025-09-02 23:00:00,1.16176,1.16827,1.16151,1.16436,0.0
2025-09-03 03:00:00,1.16442,1.16488,1.16295,1.16416,0.0
2025-09-03 07:00:00,1.16386,1.16493,1.1629,1.16332,0.0
2025-09-03 11:00:00,1.16331,1.16359,1.16217,1.16315,0.0
2025-09-03 15:00:00,1.16314,1.16579,1.1608,1.16559,0.0
2025-09-03 19:00:00,1.16563,1.16656,1.16392,1.16473,0.0
2025-09-03 23:00:00,1.16488,1.16818,1.16385,1.16749,0.0
2025-09-04 03:00:00,1.16754,1.16775,1.16554,1.16603,0.0
2025-09-04 07:00:00,1.16613,1.16665,1.16544,1.16586,0.0
2025-09-04 11:00:00,1.16587,1.167,1.16496,1.16514,0.0
2025-09-04 15:00:00,1.16517,1.16614,1.16436,1.1657,0.0
2025-09-04 19:00:00,1.16572,1.16604,1.16295,1.16461,0.0
2025-09-04 23:00:00,1.16457,1.16564,1.16314,1.16393,0.0
2025-09-05 03:00:00,1.16395,1.16534,1.16345,1.16488,0.0
2025-09-05 07:00:00,1.16491,1.16614,1.16456,1.16599,0.0
2025-09-05 11:00:00,1.166,1.16746,1.16594,1.16669,0.0
2025-09-05 15:00:00,1.16673,1.16847,1.16658,1.16828,0.0
2025-09-05 19:00:00,1.16831,1.17526,1.16778,1.17329,0.0
2025-09-05 23:00:00,1.17352,1.17596,1.17139,1.17391,0.0
2025-09-06 03:00:00,1.17391,1.17396,1.17108,1.17108,0.0
2025-09-06 07:00:00,1.17108,1.17108,1.17108,1.17108,0.0
2025-09-08 07:00:00,1.1706,1.17158,1.17049,1.17129,0.0
2025-09-08 11:00:00,1.1713,1.17173,1.1706,1.1713,0.0
2025-09-08 15:00:00,1.17125,1.17427,1.1712,1.17313,0.0
2025-09-08 19:00:00,1.17313,1.17415,1.172,1.17377,0.0
2025-09-08 23:00:00,1.17376,1.1756,1.17346,1.17406,0.0
2025-09-09 03:00:00,1.17404,1.17658,1.17348,1.17627,0.0
2025-09-09 07:00:00,1.1763,1.17751,1.17559,1.17718,0.0
2025-09-09 11:00:00,1.17717,1.17782,1.1763,1.17725,0.0
2025-09-09 15:00:00,1.17724,1.1781,1.17436,1.17596,0.0
2025-09-09 19:00:00,1.17593,1.17731,1.17272,1.17376,0.0
2025-09-09 23:00:00,1.17376,1.17639,1.17147,1.1719,0.0
2025-09-10 03:00:00,1.17189,1.17237,1.17038,1.17085,0.0
2025-09-10 07:00:00,1.17088,1.17165,1.17,1.17014,0.0
2025-09-10 11:00:00,1.17027,1.17192,1.16945,1.17192,0.0
2025-09-10 15:00:00,1.17178,1.1722,1.1691,1.16997,0.0
2025-09-10 19:00:00,1.16993,1.1726,1.16912,1.17003,0.0
2025-09-10 23:00:00,1.17,1.17305,1.16959,1.17055,0.0
2025-09-11 03:00:00,1.17057,1.17119,1.16934,1.16951,0.0
2025-09-11 07:00:00,1.16946,1.17068,1.16937,1.16939,0.0
2025-09-11 11:00:00,1.16934,1.17026,1.1693,1.16993,0.0
2025-09-11 15:00:00,1.16994,1.16994,1.16837,1.16919,0.0
2025-09-11 19:00:00,1.16916,1.17205,1.16601,1.17149,0.0
2025-09-11 23:00:00,1.17156,1.17459,1.17139,1.17364,0.0
2025-09-12 03:00:00,1.17367,1.17395,1.17278,1.17339,0.0
2025-09-12 07:00:00,1.17339,1.17406,1.1727,1.17329,0.0
2025-09-12 11:00:00,1.17335,1.17344,1.17209,1.17256,0.0
2025-09-12 15:00:00,1.17258,1.17476,1.17156,1.17172,0.0
2025-09-12 19:00:00,1.17171,1.17351,1.17014,1.17123,0.0
2025-09-12 23:00:00,1.17121,1.17317,1.17033,1.17269,0.0
2025-09-13 03:00:00,1.17272,1.17417,1.17268,1.17328,0.0
2025-09-13 07:00:00,1.17328,1.17328,1.17328,1.17328,0.0
2025-09-15 07:00:00,1.17283,1.1731,1.17219,1.17268,0.0
2025-09-15 11:00:00,1.17269,1.17354,1.17227,1.1734,0.0
2025-09-15 15:00:00,1.17341,1.17441,1.17162,1.1737,0.0
2025-09-15 19:00:00,1.17367,1.17709,1.17362,1.17695,0.0
2025-09-15 23:00:00,1.17697,1.17744,1.17507,1.17585,0.0
2025-09-16 03:00:00,1.17582,1.17727,1.1758,1.1761,0.0
2025-09-16 07:00:00,1.1761,1.17659,1.17574,1.1762,0.0
2025-09-16 11:00:00,1.17622,1.17867,1.1758,1.17768,0.0
2025-09-16 15:00:00,1.17768,1.18036,1.17736,1.17946,0.0
2025-09-16 19:00:00,1.1795,1.18213,1.1791,1.18042,0.0
2025-09-16 23:00:00,1.18043,1.18717,1.18042,1.18647,0.0
2025-09-17 03:00:00,1.18643,1.18782,1.18582,1.1867,0.0
2025-09-17 07:00:00,1.18668,1.1873,1.18545,1.18583,0.0
2025-09-17 11:00:00,1.18581,1.18593,1.18512,1.18539,0.0
2025-09-17 15:00:00,1.18542,1.18596,1.18381,1.1848,0.0
2025-09-17 19:00:00,1.18484,1.18497,1.18327,1.18434,0.0
2025-09-17 23:00:00,1.18441,1.1859,1.18423,1.18531,0.0
2025-09-18 03:00:00,1.1853,1.19183,1.18078,1.18128,0.0
2025-09-18 07:00:00,1.18122,1.18288,1.18113,1.18251,0.0
2025-09-18 11:00:00,1.1825,1.18287,1.17937,1.1795,0.0
2025-09-18 15:00:00,1.17951,1.18387,1.17806,1.18277,0.0
2025-09-18 19:00:00,1.1828,1.18482,1.17953,1.17955,0.0
2025-09-18 23:00:00,1.17944,1.17961,1.17503,1.17869,0.0
2025-09-19 03:00:00,1.1787,1.17937,1.17812,1.17859,0.0
2025-09-19 07:00:00,1.17849,1.17906,1.17752,1.17865,0.0
2025-09-19 11:00:00,1.17866,1.17924,1.17705,1.17739,0.0
2025-09-19 15:00:00,1.17738,1.17781,1.17513,1.1761,0.0
2025-09-19 19:00:00,1.17609,1.17687,1.17288,1.1736,0.0
2025-09-19 23:00:00,1.1736,1.17677,1.17355,1.17531,0.0
2025-09-20 03:00:00,1.1753,1.1755,1.17406,1.17442,0.0
2025-09-20 07:00:00,1.17442,1.17442,1.17442,1.17442,0.0
2025-09-22 07:00:00,1.17408,1.17415,1.17261,1.17344,0.0
2025-09-22 11:00:00,1.17348,1.1741,1.17264,1.17306,0.0
2025-09-22 15:00:00,1.17303,1.17691,1.17298,1.17623,0.0
2025-09-22 19:00:00,1.17624,1.17871,1.17615,1.17831,0.0
2025-09-22 23:00:00,1.17838,1.179,1.17628,1.17881,0.0
2025-09-23 03:00:00,1.17883,1.18037,1.17859,1.18034,0.0
2025-09-23 07:00:00,1.18027,1.18074,1.1789,1.18062,0.0
2025-09-23 11:00:00,1.1806,1.18198,1.17966,1.17977,0.0
2025-09-23 15:00:00,1.1797,1.18052,1.17785,1.18027,0.0
2025-09-23 19:00:00,1.1803,1.18122,1.17845,1.17968,0.0
2025-09-23 23:00:00,1.17969,1.18092,1.17844,1.18049,0.0
2025-09-24 03:00:00,1.18048,1.18183,1.18029,1.18152,0.0
2025-09-24 07:00:00,1.18152,1.18188,1.18034,1.18038,0.0
2025-09-24 11:00:00,1.18037,1.18052,1.1795,1.18029,0.0
2025-09-24 15:00:00,1.18028,1.18047,1.17663,1.17718,0.0
2025-09-24 19:00:00,1.17725,1.17747,1.17395,1.17427,0.0
2025-09-24 23:00:00,1.17426,1.17462,1.17283,1.17326,0.0
2025-09-25 03:00:00,1.17327,1.17406,1.17318,1.17375,0.0
2025-09-25 07:00:00,1.17376,1.17483,1.17376,1.17474,0.0
2025-09-25 11:00:00,1.17474,1.17536,1.17406,1.1752,0.0
2025-09-25 15:00:00,1.17521,1.17523,1.17306,1.17423,0.0
2025-09-25 19:00:00,1.17428,1.17539,1.16879,1.16981,0.0
2025-09-25 23:00:00,1.16986,1.17101,1.16668,1.16708,0.0
2025-09-26 03:00:00,1.16704,1.1672,1.16454,1.16653,0.0
2025-09-26 07:00:00,1.16653,1.16713,1.1657,1.16712,0.0
2025-09-26 11:00:00,1.16711,1.16819,1.16656,1.16799,0.0
2025-09-26 15:00:00,1.16799,1.16878,1.16685,1.16805,0.0
2025-09-26 19:00:00,1.16804,1.16858,1.16618,1.1683,0.0
2025-09-26 23:00:00,1.16834,1.17046,1.16782,1.16928,0.0
2025-09-27 03:00:00,1.16926,1.17072,1.16909,1.17009,0.0
2025-09-27 07:00:00,1.17009,1.17009,1.17009,1.17009,0.0
2025-09-29 07:00:00,1.17042,1.17231,1.17038,1.17215,0.0
2025-09-29 11:00:00,1.17214,1.1733,1.17143,1.1727,0.0
2025-09-29 15:00:00,1.17267,1.17332,1.17081,1.17235,0.0
2025-09-29 19:00:00,1.17238,1.17513,1.17094,1.175,0.0
2025-09-29 23:00:00,1.17502,1.17544,1.17227,1.17292,0.0
2025-09-30 03:00:00,1.17292,1.17329,1.17202,1.17266,0.0
2025-09-30 07:00:00,1.17266,1.17323,1.17126,1.17208,0.0
2025-09-30 11:00:00,1.17212,1.17286,1.17123,1.17286,0.0
2025-09-30 15:00:00,1.17287,1.17611,1.17282,1.17556,0.0
2025-09-30 19:00:00,1.17556,1.17581,1.17331,1.17371,0.0
2025-09-30 23:00:00,1.17372,1.1759,1.17165,1.17566,0.0
2025-10-01 03:00:00,1.17566,1.17615,1.1733,1.1733,0.0
2025-10-01 07:00:00,1.17331,1.17425,1.17296,1.1736,0.0
2025-10-01 11:00:00,1.17361,1.17585,1.17303,1.17582,0.0
2025-10-01 15:00:00,1.17581,1.17786,1.1742,1.17492,0.0
2025-10-01 19:00:00,1.17498,1.17685,1.17159,1.1749,0.0
2025-10-01 23:00:00,1.17493,1.17629,1.17155,1.17227,0.0
2025-10-02 03:00:00,1.17229,1.17419,1.17216,1.17237,0.0
2025-10-02 07:00:00,1.17237,1.17373,1.17237,1.17299,0.0
2025-10-02 11:00:00,1.17297,1.17418,1.17237,1.17342,0.0
2025-10-02 15:00:00,1.17343,1.17567,1.17295,1.17537,0.0
2025-10-02 19:00:00,1.17536,1.17582,1.17344,1.17374,0.0
2025-10-02 23:00:00,1.17383,1.17437,1.16833,1.17147,0.0
2025-10-03 03:00:00,1.17149,1.17266,1.17123,1.17153,0.0
2025-10-03 07:00:00,1.17153,1.17288,1.17137,1.17242,0.0
2025-10-03 11:00:00,1.17243,1.17292,1.17163,1.17179,0.0
2025-10-03 15:00:00,1.1718,1.17446,1.17152,1.17402,0.0
2025-10-03 19:00:00,1.17397,1.17428,1.17281,1.17393,0.0
2025-10-03 23:00:00,1.17395,1.17586,1.17327,1.17397,0.0
2025-10-04 03:00:00,1.17397,1.17444,1.17267,1.17384,0.0
2025-10-04 07:00:00,1.17384,1.17423,1.17384,1.17423,0.0
2025-10-06 07:00:00,1.17243,1.1726,1.1711,1.17151,0.0
2025-10-06 11:00:00,1.17123,1.17307,1.17101,1.17237,0.0
2025-10-06 15:00:00,1.17243,1.17273,1.16624,1.16624,0.0
2025-10-06 19:00:00,1.16625,1.16792,1.16517,1.16752,0.0
2025-10-06 23:00:00,1.16754,1.17206,1.1673,1.17064,0.0
2025-10-07 03:00:00,1.17071,1.17178,1.17031,1.17107,0.0
2025-10-07 07:00:00,1.17105,1.17206,1.17084,1.17123,0.0
2025-10-07 11:00:00,1.17092,1.1711,1.16966,1.17069,0.0
2025-10-07 15:00:00,1.17031,1.17082,1.16702,1.16764,0.0
2025-10-07 19:00:00,1.16761,1.16826,1.1654,1.16625,0.0
2025-10-07 23:00:00,1.16621,1.16798,1.16542,1.16731,0.0
2025-10-08 03:00:00,1.16733,1.16811,1.16477,1.16502,0.0
2025-10-08 07:00:00,1.16503,1.16645,1.16489,1.16564,0.0
2025-10-08 11:00:00,1.16529,1.16529,1.1617,1.16238,0.0
2025-10-08 15:00:00,1.16238,1.1634,1.16071,1.1631,0.0
2025-10-08 19:00:00,1.1631,1.16361,1.16059,1.16261,0.0
2025-10-08 23:00:00,1.16268,1.16445,1.1603,1.16059,0.0
2025-10-09 03:00:00,1.16063,1.16282,1.15985,1.1628,0.0
2025-10-09 07:00:00,1.16278,1.16374,1.16234,1.16333,0.0
2025-10-09 11:00:00,1.16289,1.16475,1.1628,1.16448,0.0
2025-10-09 15:00:00,1.16448,1.1648,1.16065,1.1611,0.0
2025-10-09 19:00:00,1.1611,1.16272,1.1603,1.1612,0.0
2025-10-09 23:00:00,1.1612,1.16224,1.15471,1.15588,0.0
2025-10-10 03:00:00,1.15596,1.15664,1.15421,1.15595,0.0
2025-10-10 07:00:00,1.15593,1.15687,1.1559,1.15687,0.0
2025-10-10 11:00:00,1.15651,1.1574,1.15609,1.15731,0.0
2025-10-10 15:00:00,1.15728,1.15798,1.1561,1.15778,0.0
2025-10-10 19:00:00,1.15777,1.15892,1.15606,1.15609,0.0
2025-10-10 23:00:00,1.15613,1.16305,1.15593,1.16126,0.0
2025-10-11 03:00:00,1.16124,1.16255,1.15971,1.16126,0.0
2025-10-11 07:00:00,1.16128,1.16285,1.16039,1.16131,0.0
2025-10-13 07:00:00,1.15934,1.16131,1.15934,1.1605,0.0
2025-10-13 11:00:00,1.16011,1.16275,1.16,1.16208,0.0
2025-10-13 15:00:00,1.16207,1.16296,1.15976,1.15998,0.0
2025-10-13 19:00:00,1.15999,1.16048,1.15657,1.15683,0.0
2025-10-13 23:00:00,1.15683,1.15774,1.15574,1.15738,0.0
2025-10-14 03:00:00,1.15738,1.15789,1.15658,1.15662,0.0
2025-10-14 07:00:00,1.15661,1.15737,1.15636,1.15657,0.0
2025-10-14 11:00:00,1.15652,1.15818,1.1555,1.15795,0.0
2025-10-14 15:00:00,1.15787,1.15935,1.15427,1.15495,0.0
2025-10-14 19:00:00,1.15484,1.15631,1.15456,1.15521,0.0
2025-10-14 23:00:00,1.15529,1.16081,1.1548,1.16072,0.0
2025-10-15 03:00:00,1.16076,1.16147,1.16013,1.16055,0.0
2025-10-15 07:00:00,1.16055,1.16158,1.15999,1.16063,0.0
2025-10-15 11:00:00,1.16024,1.16258,1.16017,1.1622,0.0
2025-10-15 15:00:00,1.16226,1.16442,1.16169,1.16356,0.0
2025-10-15 19:00:00,1.16359,1.16453,1.16197,1.16199,0.0
2025-10-15 23:00:00,1.16203,1.16468,1.16105,1.1637,0.0
2025-10-16 03:00:00,1.16374,1.16448,1.16269,1.16445,0.0
2025-10-16 07:00:00,1.16443,1.1655,1.16417,1.16496,0.0
2025-10-16 11:00:00,1.16456,1.16752,1.16429,1.16621,0.0
2025-10-16 15:00:00,1.16621,1.16676,1.16432,1.16521,0.0
2025-10-16 19:00:00,1.16518,1.16637,1.16463,1.1654,0.0
2025-10-16 23:00:00,1.16537,1.16779,1.16489,1.16644,0.0
2025-10-17 03:00:00,1.16643,1.16941,1.16642,1.16889,0.0
2025-10-17 07:00:00,1.16888,1.17027,1.16848,1.17027,0.0
2025-10-17 11:00:00,1.16992,1.17121,1.16951,1.17088,0.0
2025-10-17 15:00:00,1.17094,1.17283,1.16943,1.17116,0.0
2025-10-17 19:00:00,1.17121,1.1716,1.16803,1.16849,0.0
2025-10-17 23:00:00,1.16853,1.16862,1.16568,1.16734,0.0
2025-10-18 03:00:00,1.16731,1.16822,1.16638,1.16706,0.0
2025-10-18 07:00:00,1.16727,1.16727,1.16489,1.16508,0.0
2025-10-20 07:00:00,1.16566,1.16645,1.1653,1.16618,0.0
2025-10-20 11:00:00,1.16581,1.16706,1.16566,1.16682,0.0
2025-10-20 15:00:00,1.16682,1.16754,1.16537,1.16624,0.0
2025-10-20 19:00:00,1.16623,1.16676,1.16444,1.16565,0.0
2025-10-20 23:00:00,1.1657,1.16644,1.16463,1.1655,0.0
2025-10-21 03:00:00,1.16551,1.1658,1.16384,1.16409,0.0
2025-10-21 07:00:00,1.1641,1.16509,1.16403,1.16469,0.0
2025-10-21 11:00:00,1.16438,1.16551,1.16327,1.16345,0.0
2025-10-21 15:00:00,1.16345,1.16371,1.16187,1.16254,0.0
2025-10-21 19:00:00,1.16243,1.16274,1.16066,1.16128,0.0
2025-10-21 23:00:00,1.16138,1.16179,1.15977,1.16151,0.0
2025-10-22 03:00:00,1.16152,1.16242,1.16,1.16006,0.0
2025-10-22 07:00:00,1.16009,1.16104,1.1599,1.16036,0.0
2025-10-22 11:00:00,1.16001,1.16108,1.15997,1.16077,0.0
2025-10-22 15:00:00,1.16068,1.16156,1.15996,1.16006,0.0
2025-10-22 19:00:00,1.16003,1.16019,1.15825,1.15825,0.0
2025-10-22 23:00:00,1.15824,1.16198,1.15769,1.16144,0.0
2025-10-23 03:00:00,1.16158,1.16222,1.16047,1.16058,0.0
2025-10-23 07:00:00,1.16059,1.16184,1.16058,1.16104,0.0
2025-10-23 11:00:00,1.16068,1.16072,1.1592,1.15923,0.0
2025-10-23 15:00:00,1.15926,1.16038,1.15907,1.16,0.0
2025-10-23 19:00:00,1.15999,1.16059,1.15854,1.1587,0.0
2025-10-23 23:00:00,1.15872,1.16225,1.15866,1.16144,0.0
2025-10-24 03:00:00,1.16171,1.16195,1.1605,1.16158,0.0
2025-10-24 07:00:00,1.16167,1.16219,1.16138,1.16169,0.0
2025-10-24 11:00:00,1.16169,1.16216,1.16074,1.16094,0.0
2025-10-24 15:00:00,1.16092,1.16274,1.16015,1.16186,0.0
2025-10-24 19:00:00,1.16187,1.16217,1.16054,1.16153,0.0
2025-10-24 23:00:00,1.16162,1.16475,1.16098,1.16256,0.0
2025-10-25 03:00:00,1.16256,1.16329,1.16216,1.16321,0.0
2025-10-25 07:00:00,1.16314,1.16355,1.16215,1.16246,0.0
2025-10-27 07:00:00,1.16308,1.16356,1.16261,1.16316,0.0
2025-10-27 11:00:00,1.16307,1.16478,1.16273,1.16278,0.0
2025-10-27 15:00:00,1.16282,1.16322,1.16204,1.16206,0.0
2025-10-27 19:00:00,1.1619,1.1647,1.1618,1.16457,0.0
2025-10-27 23:00:00,1.16457,1.16517,1.16324,1.16358,0.0
2025-10-28 03:00:00,1.16356,1.16514,1.16332,1.16473,0.0
2025-10-28 07:00:00,1.16471,1.16547,1.16437,1.16515,0.0
2025-10-28 11:00:00,1.16515,1.16637,1.16467,1.16603,0.0
2025-10-28 15:00:00,1.16603,1.16679,1.16512,1.16546,0.0
2025-10-28 19:00:00,1.16539,1.16647,1.16468,1.16583,0.0
2025-10-28 23:00:00,1.16589,1.16667,1.1626,1.16589,0.0
2025-10-29 03:00:00,1.16589,1.16681,1.16521,1.16521,0.0
2025-10-29 07:00:00,1.16521,1.16575,1.16486,1.16568,0.0
2025-10-29 11:00:00,1.16566,1.16603,1.16373,1.16376,0.0
2025-10-29 15:00:00,1.16374,1.16378,1.16254,1.16325,0.0
2025-10-29 19:00:00,1.16323,1.1649,1.1619,1.164,0.0
2025-10-29 23:00:00,1.16399,1.16644,1.16277,1.16634,0.0
2025-10-30 03:00:00,1.16633,1.16651,1.15782,1.15992,0.0
2025-10-30 07:00:00,1.15997,1.16067,1.15913,1.16027,0.0
2025-10-30 11:00:00,1.16025,1.16198,1.15976,1.16152,0.0
2025-10-30 15:00:00,1.16153,1.16345,1.16098,1.16176,0.0
2025-10-30 19:00:00,1.16196,1.16281,1.15969,1.15979,0.0
2025-10-30 23:00:00,1.15979,1.15993,1.15474,1.15643,0.0
2025-10-31 03:00:00,1.1564,1.15714,1.15598,1.15648,0.0
2025-10-31 07:00:00,1.15648,1.15735,1.15642,1.15724,0.0
2025-10-31 11:00:00,1.15725,1.15774,1.15655,1.1567,0.0
2025-10-31 15:00:00,1.15668,1.15735,1.15553,1.15647,0.0
2025-10-31 19:00:00,1.15644,1.15765,1.15585,1.15671,0.0
2025-10-31 23:00:00,1.15667,1.15667,1.15226,1.15403,0.0
2025-11-01 03:00:00,1.15409,1.15434,1.15219,1.15248,0.0
2025-11-01 07:00:00,1.15268,1.15392,1.15252,1.1535,0.0
2025-11-03 07:00:00,1.15301,1.15384,1.1526,1.15274,0.0
2025-11-03 11:00:00,1.15292,1.15343,1.15223,1.15343,0.0
2025-11-03 15:00:00,1.15341,1.15415,1.15318,1.154,0.0
2025-11-03 19:00:00,1.15392,1.15399,1.15078,1.15156,0.0
2025-11-03 23:00:00,1.15152,1.15219,1.15051,1.15118,0.0
2025-11-04 03:00:00,1.1527,1.15376,1.1517,1.15192,0.0
2025-11-04 07:00:00,1.15197,1.15229,1.15168,1.15187,0.0
2025-11-04 11:00:00,1.15157,1.15175,1.14983,1.1513,0.0
2025-11-04 15:00:00,1.15131,1.15333,1.15079,1.15272,0.0
2025-11-04 19:00:00,1.15272,1.1529,1.14895,1.14897,0.0
2025-11-04 23:00:00,1.14901,1.14966,1.14729,1.14912,0.0
2025-11-05 03:00:00,1.14915,1.14963,1.14786,1.1479,0.0
2025-11-05 07:00:00,1.14783,1.14861,1.14753,1.1485,0.0
2025-11-05 11:00:00,1.14849,1.14978,1.148,1.14884,0.0
2025-11-05 15:00:00,1.14888,1.14946,1.14834,1.14878,0.0
2025-11-05 19:00:00,1.1487,1.14956,1.1476,1.14882,0.0
2025-11-05 23:00:00,1.14884,1.14932,1.14689,1.14796,0.0
2025-11-06 03:00:00,1.14797,1.14871,1.14712,1.14857,0.0
2025-11-06 07:00:00,1.14863,1.14969,1.14861,1.14957,0.0
2025-11-06 11:00:00,1.1494,1.15091,1.1493,1.15066,0.0
2025-11-06 15:00:00,1.15071,1.15138,1.15036,1.1508,0.0
2025-11-06 19:00:00,1.15093,1.15232,1.15061,1.152,0.0
2025-11-06 23:00:00,1.152,1.1544,1.15142,1.15393,0.0
2025-11-07 03:00:00,1.15393,1.15524,1.15314,1.15446,0.0
2025-11-07 07:00:00,1.15446,1.1554,1.15427,1.15484,0.0
2025-11-07 11:00:00,1.15484,1.15484,1.15349,1.15383,0.0
2025-11-07 15:00:00,1.15384,1.15385,1.153,1.15323,0.0
2025-11-07 19:00:00,1.15324,1.15609,1.15295,1.15583,0.0
2025-11-07 23:00:00,1.15563,1.15912,1.15541,1.15719,0.0
2025-11-08 03:00:00,1.15716,1.15831,1.1556,1.15592,0.0
2025-11-08 07:00:00,1.15602,1.15672,1.1558,1.15661,0.0
2025-11-10 07:00:00,1.15582,1.156,1.15423,1.15439,0.0
2025-11-10 11:00:00,1.15439,1.15609,1.15437,1.15549,0.0
2025-11-10 15:00:00,1.15552,1.15715,1.15521,1.15678,0.0
2025-11-10 19:00:00,1.15675,1.1583,1.15541,1.15636,0.0
2025-11-10 23:00:00,1.15633,1.15776,1.15454,1.15457,0.0
2025-11-11 03:00:00,1.15457,1.15646,1.15409,1.15612,0.0
2025-11-11 07:00:00,1.15613,1.15648,1.15552,1.15571,0.0
2025-11-11 11:00:00,1.1557,1.15596,1.15468,1.15566,0.0
2025-11-11 15:00:00,1.15562,1.1565,1.15501,1.15596,0.0
2025-11-11 19:00:00,1.15607,1.15779,1.15542,1.15718,0.0
2025-11-11 23:00:00,1.15718,1.1605,1.15694,1.15949,0.0
2025-11-12 03:00:00,1.15943,1.15999,1.1584,1.15843,0.0
2025-11-12 07:00:00,1.15853,1.15892,1.15817,1.15872,0.0
2025-11-12 11:00:00,1.15868,1.15871,1.15749,1.15779,0.0
2025-11-12 15:00:00,1.15779,1.15887,1.15705,1.15827,0.0
2025-11-12 19:00:00,1.1583,1.15878,1.15656,1.15776,0.0
2025-11-12 23:00:00,1.15777,1.15952,1.15634,1.15945,0.0
2025-11-13 03:00:00,1.15935,1.15982,1.15847,1.15867,0.0
2025-11-13 07:00:00,1.15861,1.15942,1.1585,1.15922,0.0
2025-11-13 11:00:00,1.15923,1.15926,1.15793,1.15901,0.0
2025-11-13 15:00:00,1.15901,1.16121,1.15806,1.16111,0.0
2025-11-13 19:00:00,1.16108,1.16347,1.16056,1.16073,0.0
2025-11-13 23:00:00,1.16082,1.16427,1.16067,1.16389,0.0
2025-11-14 03:00:00,1.16387,1.16553,1.16352,1.16356,0.0
2025-11-14 07:00:00,1.16352,1.16393,1.16231,1.163,0.0
2025-11-14 11:00:00,1.16296,1.16446,1.1627,1.16383,0.0
2025-11-14 15:00:00,1.16383,1.16488,1.16329,1.16331,0.0
2025-11-14 19:00:00,1.16328,1.16373,1.1609,1.16194,0.0
2025-11-14 23:00:00,1.162,1.16536,1.16068,1.16128,0.0
2025-11-15 03:00:00,1.16132,1.16224,1.16078,1.16183,0.0
2025-11-15 07:00:00,1.16183,1.16239,1.16154,1.16154,0.0
2025-11-17 07:00:00,1.1621,1.1625,1.1612,1.16151,0.0
2025-11-17 11:00:00,1.16146,1.16149,1.15965,1.15987,0.0
2025-11-17 15:00:00,1.15989,1.16148,1.15954,1.16124,0.0
2025-11-17 19:00:00,1.16138,1.16152,1.15952,1.16013,0.0
2025-11-17 23:00:00,1.16013,1.16046,1.1582,1.15972,0.0
2025-11-18 03:00:00,1.15973,1.16017,1.15838,1.15843,0.0
2025-11-18 07:00:00,1.1584,1.15936,1.1583,1.15896,0.0
2025-11-18 11:00:00,1.1589,1.15959,1.15846,1.15922,0.0
2025-11-18 15:00:00,1.15922,1.16034,1.15888,1.15915,0.0
2025-11-18 19:00:00,1.15915,1.16061,1.158,1.15847,0.0
2025-11-18 23:00:00,1.15844,1.16081,1.1582,1.15823,0.0
2025-11-19 03:00:00,1.15823,1.15871,1.15718,1.15861,0.0
2025-11-19 07:00:00,1.15857,1.1587,1.15773,1.15803,0.0
2025-11-19 11:00:00,1.15802,1.15875,1.15734,1.15861,0.0
2025-11-19 15:00:00,1.15875,1.15969,1.15785,1.15804,0.0
2025-11-19 19:00:00,1.1583,1.1589,1.15661,1.15861,0.0
2025-11-19 23:00:00,1.15873,1.15905,1.15407,1.15471,0.0
2025-11-20 03:00:00,1.15467,1.15471,1.15189,1.1521,0.0
2025-11-20 07:00:00,1.15212,1.15422,1.15207,1.15395,0.0
2025-11-20 11:00:00,1.15394,1.15394,1.15107,1.15138,0.0
2025-11-20 15:00:00,1.15139,1.15236,1.15128,1.152,0.0
2025-11-20 19:00:00,1.15203,1.15294,1.15125,1.15148,0.0
2025-11-20 23:00:00,1.15145,1.15495,1.15078,1.15271,0.0
2025-11-21 03:00:00,1.15274,1.15409,1.15249,1.15376,0.0
2025-11-21 07:00:00,1.15379,1.1538,1.15239,1.15337,0.0
2025-11-21 11:00:00,1.15333,1.15387,1.1528,1.15363,0.0
2025-11-21 15:00:00,1.15363,1.15475,1.15346,1.1541,0.0
2025-11-21 19:00:00,1.15412,1.1552,1.15052,1.15064,0.0
2025-11-21 23:00:00,1.15047,1.15274,1.14977,1.15033,0.0
2025-11-22 03:00:00,1.15034,1.15176,1.14912,1.15139,0.0
2025-11-22 07:00:00,1.15133,1.1521,1.15095,1.15125,0.0
2025-11-24 07:00:00,1.15121,1.15153,1.1506,1.15074,0.0
2025-11-24 11:00:00,1.15074,1.1519,1.15024,1.15163,0.0
2025-11-24 15:00:00,1.15166,1.15281,1.15115,1.15118,0.0
2025-11-24 19:00:00,1.15112,1.15467,1.15102,1.15449,0.0
2025-11-24 23:00:00,1.15451,1.15498,1.15177,1.15288,0.0
2025-11-25 03:00:00,1.15287,1.15308,1.15123,1.15276,0.0
2025-11-25 07:00:00,1.15274,1.15283,1.15191,1.15197,0.0
2025-11-25 11:00:00,1.15197,1.15304,1.15174,1.15178,0.0
2025-11-25 15:00:00,1.15179,1.153,1.1512,1.15204,0.0
2025-11-25 19:00:00,1.15205,1.15413,1.15204,1.15261,0.0
2025-11-25 23:00:00,1.1526,1.15842,1.1526,1.15641,0.0
2025-11-26 03:00:00,1.1564,1.15855,1.15512,1.15851,0.0
2025-11-26 07:00:00,1.15849,1.15853,1.15596,1.1565,0.0
2025-11-26 11:00:00,1.1565,1.15919,1.1564,1.1591,0.0
2025-11-26 15:00:00,1.15911,1.15968,1.15768,1.15788,0.0
2025-11-26 19:00:00,1.15788,1.15806,1.15669,1.15747,0.0
2025-11-26 23:00:00,1.15745,1.15945,1.15495,1.1588,0.0
2025-11-27 03:00:00,1.15873,1.16006,1.15857,1.1594,0.0
2025-11-27 07:00:00,1.15937,1.16038,1.15888,1.1602,0.0
2025-11-27 11:00:00,1.1602,1.16136,1.16003,1.16032,0.0
2025-11-27 15:00:00,1.16031,1.16065,1.1586,1.15913,0.0
2025-11-27 19:00:00,1.15913,1.15959,1.15768,1.15865,0.0
2025-11-27 23:00:00,1.15863,1.15998,1.15818,1.15949,0.0
2025-11-28 03:00:00,1.15947,1.16008,1.15917,1.15958,0.0
2025-11-28 07:00:00,1.15956,1.1602,1.15947,1.15998,0.0
2025-11-28 11:00:00,1.15998,1.16023,1.15814,1.15878,0.0
2025-11-28 15:00:00,1.15878,1.15919,1.15789,1.15794,0.0
2025-11-28 19:00:00,1.15794,1.158,1.15554,1.15681,0.0
2025-11-28 23:00:00,1.1568,1.16082,1.15624,1.1605,0.0
2025-11-29 03:00:00,1.16044,1.16066,1.15935,1.16032,0.0
2025-11-29 07:00:00,1.1603,1.16048,1.1598,1.15993,0.0
2025-12-01 07:00:00,1.15938,1.16074,1.15932,1.16013,0.0
2025-12-01 11:00:00,1.16013,1.16157,1.15903,1.15965,0.0
2025-12-01 15:00:00,1.15966,1.1613,1.15914,1.16106,0.0
2025-12-01 19:00:00,1.16105,1.16319,1.16043,1.16278,0.0
2025-12-01 23:00:00,1.16275,1.16519,1.16232,1.16305,0.0
2025-12-02 03:00:00,1.16302,1.1634,1.16078,1.16087,0.0
2025-12-02 07:00:00,1.16086,1.16134,1.1607,1.16073,0.0
2025-12-02 11:00:00,1.16073,1.16128,1.16039,1.16121,0.0
2025-12-02 15:00:00,1.16122,1.16165,1.16048,1.16131,0.0
2025-12-02 19:00:00,1.1613,1.1616,1.15996,1.16127,0.0
2025-12-02 23:00:00,1.16125,1.1623,1.15956,1.16062,0.0
2025-12-03 03:00:00,1.16058,1.16239,1.15931,1.16239,0.0
2025-12-03 07:00:00,1.16238,1.16294,1.16197,1.16277,0.0
2025-12-03 11:00:00,1.16278,1.16395,1.16277,1.16379,0.0
2025-12-03 15:00:00,1.1638,1.16529,1.16365,1.1641,0.0
2025-12-03 19:00:00,1.16409,1.16665,1.16371,1.16659,0.0
2025-12-03 23:00:00,1.16656,1.16753,1.16561,1.1662,0.0
2025-12-04 03:00:00,1.16618,1.16781,1.16579,1.16739,0.0
2025-12-04 07:00:00,1.16738,1.16756,1.16641,1.16669,0.0
2025-12-04 11:00:00,1.16668,1.16669,1.16534,1.16563,0.0
2025-12-04 15:00:00,1.16563,1.1665,1.16532,1.16649,0.0
2025-12-04 19:00:00,1.16648,1.16825,1.1664,1.16805,0.0
2025-12-04 23:00:00,1.16803,1.1681,1.1651,1.16732,0.0
2025-12-05 03:00:00,1.1673,1.16749,1.16509,1.16528,0.0
2025-12-05 07:00:00,1.16528,1.16529,1.16414,1.1643,0.0
2025-12-05 11:00:00,1.16432,1.16552,1.16429,1.16492,0.0
2025-12-05 15:00:00,1.16492,1.16717,1.1649,1.16636,0.0
2025-12-05 19:00:00,1.16634,1.16647,1.16426,1.16464,0.0
2025-12-05 23:00:00,1.1646,1.16591,1.16431,1.16476,0.0
2025-12-06 03:00:00,1.16473,1.16491,1.16297,1.16435,0.0
2025-12-06 07:00:00,1.16435,1.16481,1.16398,1.16431,0.0
2025-12-08 07:00:00,1.1641,1.16471,1.16394,1.16401,0.0
2025-12-08 11:00:00,1.16403,1.16557,1.16401,1.16506,0.0
2025-12-08 15:00:00,1.16505,1.16731,1.16502,1.16602,0.0
2025-12-08 19:00:00,1.166,1.16629,1.16483,1.16523,0.0
2025-12-08 23:00:00,1.16522,1.16565,1.16186,1.16248,0.0
2025-12-09 03:00:00,1.16246,1.16421,1.16171,1.16398,0.0
2025-12-09 07:00:00,1.16398,1.16417,1.1634,1.16407,0.0
2025-12-09 11:00:00,1.16408,1.16489,1.16368,1.16464,0.0
2025-12-09 15:00:00,1.16463,1.16504,1.16388,1.1641,0.0
2025-12-09 19:00:00,1.16408,1.16575,1.16333,1.16444,0.0
2025-12-09 23:00:00,1.16442,1.16446,1.16165,1.16285,0.0
2025-12-10 03:00:00,1.16283,1.16404,1.1618,1.1628,0.0
2025-12-10 07:00:00,1.16281,1.16324,1.16249,1.16279,0.0
2025-12-10 11:00:00,1.1628,1.16292,1.16226,1.16265,0.0
2025-12-10 15:00:00,1.16265,1.16501,1.16254,1.16492,0.0
2025-12-10 19:00:00,1.16492,1.16572,1.16281,1.16357,0.0
2025-12-10 23:00:00,1.16354,1.16508,1.16271,1.16422,0.0
2025-12-11 03:00:00,1.1642,1.16818,1.16374,1.16791,0.0
2025-12-11 07:00:00,1.16789,1.17032,1.16764,1.17014,0.0
2025-12-11 11:00:00,1.17015,1.17071,1.1691,1.16921,0.0
2025-12-11 15:00:00,1.16919,1.17002,1.16831,1.16944,0.0
2025-12-11 19:00:00,1.16942,1.17176,1.16879,1.17141,0.0
2025-12-11 23:00:00,1.1714,1.1757,1.17099,1.1757,0.0
2025-12-12 03:00:00,1.17569,1.17625,1.17407,1.17413,0.0
2025-12-12 07:00:00,1.17413,1.17458,1.17363,1.17402,0.0
2025-12-12 11:00:00,1.17405,1.17463,1.17317,1.17351,0.0
2025-12-12 15:00:00,1.1735,1.1743,1.17318,1.17382,0.0
2025-12-12 19:00:00,1.17379,1.17432,1.1723,1.17272,0.0
2025-12-12 23:00:00,1.17271,1.1745,1.17193,1.17379,0.0
2025-12-13 03:00:00,1.17378,1.17502,1.17269,1.17408,0.0
2025-12-13 07:00:00,1.1741,1.17468,1.17386,1.17402,0.0
2025-12-15 07:00:00,1.17387,1.17407,1.17354,1.17373,0.0
2025-12-15 11:00:00,1.17372,1.17453,1.17288,1.17348,0.0
2025-12-15 15:00:00,1.17346,1.1738,1.1729,1.17293,0.0
2025-12-15 19:00:00,1.1729,1.17506,1.1728,1.17495,0.0
2025-12-15 23:00:00,1.17493,1.17691,1.17437,1.17628,0.0
2025-12-16 03:00:00,1.17628,1.1764,1.17387,1.17496,0.0
2025-12-16 07:00:00,1.17496,1.17562,1.17476,1.17543,0.0
2025-12-16 11:00:00,1.17543,1.17594,1.17474,1.1752,0.0
2025-12-16 15:00:00,1.17519,1.17542,1.17456,1.17509,0.0
2025-12-16 19:00:00,1.17503,1.17637,1.17478,1.17628,0.0
2025-12-16 23:00:00,1.17625,1.18017,1.17594,1.17707,0.0
2025-12-17 03:00:00,1.17707,1.17791,1.17363,1.1758,0.0
2025-12-17 07:00:00,1.17582,1.17631,1.17468,1.17493,0.0
2025-12-17 11:00:00,1.17493,1.17526,1.17373,1.17391,0.0
2025-12-17 15:00:00,1.17389,1.17395,1.17046,1.17132,0.0
2025-12-17 19:00:00,1.17127,1.17274,1.17068,1.171,0.0
2025-12-17 23:00:00,1.17099,1.17573,1.17096,1.17535,0.0
2025-12-18 03:00:00,1.17535,1.17559,1.17418,1.17447,0.0
2025-12-18 07:00:00,1.17449,1.17466,1.17391,1.17421,0.0
2025-12-18 11:00:00,1.17421,1.1746,1.17355,1.17398,0.0
2025-12-18 15:00:00,1.17396,1.17496,1.17332,1.17351,0.0
2025-12-18 19:00:00,1.17349,1.1737,1.17185,1.17216,0.0
2025-12-18 23:00:00,1.17215,1.17596,1.17137,1.17274,0.0
2025-12-19 03:00:00,1.17274,1.17454,1.17155,1.17248,0.0
2025-12-19 07:00:00,1.17249,1.17281,1.17205,1.17254,0.0
2025-12-19 11:00:00,1.17254,1.17288,1.17186,1.17214,0.0
2025-12-19 15:00:00,1.17212,1.17224,1.1705,1.17067,0.0
2025-12-19 19:00:00,1.17062,1.17178,1.17062,1.17126,0.0
2025-12-19 23:00:00,1.17126,1.17382,1.17041,1.17105,0.0
2025-12-20 03:00:00,1.17105,1.17276,1.17091,1.17236,0.0
2025-12-20 07:00:00,1.17238,1.17258,1.17072,1.17091,0.0
2025-12-22 07:00:00,1.17175,1.17219,1.17069,1.17102,0.0
2025-12-22 11:00:00,1.17101,1.17199,1.17101,1.17181,0.0
2025-12-22 15:00:00,1.17179,1.17307,1.17133,1.17301,0.0
2025-12-22 19:00:00,1.17299,1.17391,1.17244,1.17334,0.0
2025-12-22 23:00:00,1.17332,1.17688,1.17332,1.17646,0.0
2025-12-23 03:00:00,1.17646,1.17655,1.17486,1.17559,0.0
2025-12-23 07:00:00,1.17558,1.1766,1.17528,1.17652,0.0
2025-12-23 11:00:00,1.1765,1.17805,1.17639,1.17767,0.0
2025-12-23 15:00:00,1.17764,1.17808,1.17684,1.17802,0.0
2025-12-23 19:00:00,1.17802,1.18005,1.17767,1.17959,0.0
2025-12-23 23:00:00,1.17957,1.18021,1.17655,1.17697,0.0
2025-12-24 03:00:00,1.177,1.17914,1.17697,1.17908,0.0
2025-12-24 07:00:00,1.17908,1.17976,1.17879,1.17954,0.0
2025-12-24 11:00:00,1.17954,1.18082,1.17877,1.17882,0.0
2025-12-24 15:00:00,1.17879,1.18033,1.1787,1.17892,0.0
2025-12-24 19:00:00,1.17887,1.1801,1.17809,1.17933,0.0
2025-12-24 23:00:00,1.17933,1.17935,1.17849,1.17849,0.0
2025-12-25 23:00:00,1.17823,1.17907,1.17768,1.17829,0.0
2025-12-26 03:00:00,1.1783,1.17906,1.1779,1.17832,0.0
2025-12-26 07:00:00,1.17828,1.1792,1.17738,1.17845,0.0
2025-12-26 11:00:00,1.17843,1.17945,1.17777,1.17853,0.0
2025-12-26 15:00:00,1.17851,1.1788,1.17713,1.17729,0.0
2025-12-26 19:00:00,1.17727,1.17833,1.17674,1.17774,0.0
2025-12-26 23:00:00,1.17773,1.17965,1.17715,1.17779,0.0
2025-12-27 03:00:00,1.17779,1.17794,1.17623,1.17756,0.0
2025-12-27 07:00:00,1.17759,1.17817,1.1767,1.17718,0.0
2025-12-29 07:00:00,1.17695,1.1778,1.17692,1.17727,0.0
2025-12-29 11:00:00,1.17726,1.17867,1.17716,1.17743,0.0
2025-12-29 15:00:00,1.17741,1.17787,1.17541,1.17776,0.0
2025-12-29 19:00:00,1.17773,1.17887,1.17583,1.17672,0.0
2025-12-29 23:00:00,1.17672,1.17889,1.17571,1.17686,0.0
2025-12-30 03:00:00,1.17685,1.17686,1.17506,1.17674,0.0
2025-12-30 07:00:00,1.17675,1.17752,1.17653,1.17729,0.0
2025-12-30 11:00:00,1.17728,1.17768,1.17699,1.17733,0.0
2025-12-30 15:00:00,1.17731,1.17801,1.17671,1.17699,0.0
2025-12-30 19:00:00,1.17696,1.17788,1.17649,1.17669,0.0
2025-12-30 23:00:00,1.17669,1.17683,1.17459,1.17591,0.0
2025-12-31 03:00:00,1.17592,1.17675,1.17459,1.17462,0.0
2025-12-31 07:00:00,1.17464,1.17503,1.1744,1.17468,0.0
2025-12-31 11:00:00,1.17466,1.17491,1.17397,1.17438,0.0
2025-12-31 15:00:00,1.17436,1.1744,1.17306,1.1737,0.0
2025-12-31 19:00:00,1.17367,1.17479,1.1721,1.17472,0.0
2025-12-31 23:00:00,1.17472,1.17583,1.17472,1.17566,0.0
2026-01-01 23:00:00,1.17464,1.17491,1.17442,1.17455,0.0
2026-01-02 03:00:00,1.17457,1.17506,1.17429,1.17442,0.0
2026-01-02 07:00:00,1.17442,1.17522,1.17424,1.17503,0.0
2026-01-02 11:00:00,1.17501,1.17653,1.175,1.17649,0.0
2026-01-02 15:00:00,1.17647,1.17652,1.17325,1.17369,0.0
2026-01-02 19:00:00,1.1737,1.17378,1.17139,1.17214,0.0
2026-01-02 23:00:00,1.17215,1.17527,1.17164,1.17514,0.0
2026-01-03 03:00:00,1.17515,1.17527,1.17141,1.17235,0.0
2026-01-03 07:00:00,1.17234,1.17237,1.17159,1.17204,0.0
2026-01-05 07:00:00,1.17238,1.17251,1.16999,1.17061,0.0
2026-01-05 11:00:00,1.17058,1.17112,1.16724,1.16762,0.0
2026-01-05 15:00:00,1.1676,1.16926,1.16732,1.16857,0.0
2026-01-05 19:00:00,1.16855,1.16956,1.16747,1.16824,0.0
2026-01-05 23:00:00,1.16824,1.17038,1.16597,1.17032,0.0
2026-01-06 03:00:00,1.17034,1.17286,1.17031,1.1728,0.0
2026-01-06 07:00:00,1.17278,1.17292,1.17132,1.17149,0.0
2026-01-06 11:00:00,1.17145,1.17385,1.17109,1.17352,0.0
2026-01-06 15:00:00,1.1735,1.17426,1.17277,1.17284,0.0
2026-01-06 19:00:00,1.17283,1.17382,1.17056,1.17064,0.0
2026-01-06 23:00:00,1.17065,1.17176,1.16855,1.16911,0.0
2026-01-07 03:00:00,1.1692,1.17023,1.16842,1.16903,0.0
2026-01-07 07:00:00,1.16902,1.16936,1.16852,1.16881,0.0
2026-01-07 11:00:00,1.16878,1.17024,1.16861,1.16991,0.0
2026-01-07 15:00:00,1.16988,1.17025,1.16798,1.16842,0.0
2026-01-07 19:00:00,1.16843,1.16941,1.1674,1.16886,0.0
2026-01-07 23:00:00,1.16888,1.1699,1.16814,1.16872,0.0
2026-01-08 03:00:00,1.16876,1.16945,1.16791,1.16833,0.0
2026-01-08 07:00:00,1.16831,1.16844,1.16722,1.1677,0.0
2026-01-08 11:00:00,1.16767,1.16832,1.16725,1.16803,0.0
2026-01-08 15:00:00,1.16801,1.16838,1.16757,1.16781,0.0
2026-01-08 19:00:00,1.1678,1.16815,1.16697,1.16779,0.0
2026-01-08 23:00:00,1.16779,1.1678,1.16571,1.16664,0.0
2026-01-09 03:00:00,1.16665,1.16671,1.16424,1.16499,0.0
2026-01-09 07:00:00,1.16498,1.1663,1.16498,1.1658,0.0
2026-01-09 11:00:00,1.16577,1.1659,1.16463,1.16566,0.0
2026-01-09 15:00:00,1.16563,1.1657,1.16405,1.16494,0.0
2026-01-09 19:00:00,1.16494,1.16519,1.16383,1.16461,0.0
2026-01-09 23:00:00,1.16462,1.1659,1.16191,1.16377,0.0
2026-01-10 03:00:00,1.16379,1.16421,1.16284,1.1635,0.0
2026-01-10 07:00:00,1.16349,1.16387,1.163,1.1637,0.0
2026-01-10 11:00:00,1.16367,1.16413,1.16367,1.16409,0.0
2026-01-10 15:00:00,1.16407,1.16413,1.16353,1.164,0.0
2026-01-10 19:00:00,1.16399,1.16418,1.16351,1.16367,0.0
2026-01-10 23:00:00,1.16368,1.16372,1.16341,1.16345,0.0
2026-01-11 03:00:00,1.16345,1.1636,1.1634,1.16351,0.0
2026-01-11 07:00:00,1.1635,1.16354,1.16341,1.16347,0.0
2026-01-11 11:00:00,1.16345,1.16363,1.16343,1.16348,0.0
2026-01-11 15:00:00,1.16346,1.16351,1.16343,1.16344,0.0
2026-01-11 19:00:00,1.16344,1.16351,1.16337,1.16339,0.0
2026-01-11 23:00:00,1.1634,1.16446,1.16331,1.16427,0.0
2026-01-12 03:00:00,1.16427,1.16562,1.16321,1.1637,0.0
2026-01-12 07:00:00,1.16368,1.1642,1.16233,1.16236,0.0
2026-01-12 11:00:00,1.16231,1.1671,1.16226,1.16563,0.0
2026-01-12 15:00:00,1.16562,1.16878,1.16536,1.1686,0.0
2026-01-12 19:00:00,1.1686,1.16956,1.16764,1.16785,0.0
2026-01-12 23:00:00,1.16787,1.16984,1.16733,1.1682,0.0
2026-01-13 03:00:00,1.16819,1.16821,1.16657,1.16727,0.0
2026-01-13 07:00:00,1.16725,1.1673,1.16635,1.16676,0.0
2026-01-13 11:00:00,1.16673,1.16678,1.16568,1.16593,0.0
2026-01-13 15:00:00,1.16591,1.16676,1.16543,1.16645,0.0
2026-01-13 19:00:00,1.16645,1.16748,1.16596,1.16685,0.0
2026-01-13 23:00:00,1.16686,1.16757,1.16454,1.16506,0.0
2026-01-14 03:00:00,1.1651,1.16552,1.16357,1.16496,0.0
2026-01-14 07:00:00,1.16494,1.16503,1.16422,1.16428,0.0
2026-01-14 11:00:00,1.16424,1.16494,1.16361,1.16476,0.0
2026-01-14 15:00:00,1.16475,1.16516,1.16418,1.16461,0.0
2026-01-14 19:00:00,1.16462,1.1658,1.16417,1.16467,0.0
2026-01-14 23:00:00,1.16473,1.16614,1.16456,1.16602,0.0
2026-01-15 03:00:00,1.16601,1.16619,1.16361,1.16374,0.0
2026-01-15 07:00:00,1.16372,1.16476,1.16369,1.1646,0.0
2026-01-15 11:00:00,1.16459,1.16463,1.16338,1.16392,0.0
2026-01-15 15:00:00,1.16391,1.16395,1.16267,1.16296,0.0
2026-01-15 19:00:00,1.16296,1.16404,1.16266,1.1631,0.0
2026-01-15 23:00:00,1.16311,1.16352,1.15935,1.16022,0.0
2026-01-16 03:00:00,1.16021,1.16178,1.15993,1.16138,0.0
2026-01-16 07:00:00,1.16136,1.16155,1.16023,1.16095,0.0
2026-01-16 11:00:00,1.16093,1.16143,1.16027,1.16122,0.0
2026-01-16 15:00:00,1.1612,1.16152,1.16048,1.16117,0.0
2026-01-16 19:00:00,1.16118,1.16231,1.16084,1.16199,0.0
2026-01-16 23:00:00,1.16201,1.16275,1.15851,1.15934,0.0
2026-01-17 03:00:00,1.15936,1.16055,1.159,1.15968,0.0
2026-01-17 07:00:00,1.15966,1.16068,1.15961,1.16049,0.0
2026-01-17 11:00:00,1.16051,1.16058,1.15937,1.15944,0.0
2026-01-17 15:00:00,1.15943,1.16038,1.15937,1.15957,0.0
2026-01-17 19:00:00,1.15957,1.16006,1.15937,1.15945,0.0
2026-01-17 23:00:00,1.15946,1.16048,1.15939,1.16043,0.0
2026-01-18 03:00:00,1.16042,1.16061,1.1604,1.16056,0.0
2026-01-18 07:00:00,1.16053,1.16063,1.16016,1.16051,0.0
2026-01-18 11:00:00,1.16049,1.16063,1.16047,1.16059,0.0
2026-01-18 15:00:00,1.16058,1.16065,1.16053,1.16056,0.0
2026-01-18 19:00:00,1.16056,1.16067,1.15995,1.16027,0.0
2026-01-18 23:00:00,1.16028,1.16033,1.15813,1.15881,0.0
2026-01-19 03:00:00,1.1588,1.16043,1.15654,1.15786,0.0
2026-01-19 07:00:00,1.15783,1.16261,1.15754,1.16245,0.0
2026-01-19 11:00:00,1.16243,1.16368,1.16079,1.16249,0.0
2026-01-19 15:00:00,1.16248,1.16397,1.16237,1.16262,0.0
2026-01-19 19:00:00,1.16263,1.16294,1.16123,1.16285,0.0
2026-01-19 23:00:00,1.16284,1.16429,1.16255,1.16406,0.0
2026-01-20 03:00:00,1.16404,1.16494,1.16378,1.16435,0.0
2026-01-20 07:00:00,1.16432,1.16481,1.16388,1.16396,0.0
2026-01-20 11:00:00,1.16393,1.16587,1.16324,1.1657,0.0
2026-01-20 15:00:00,1.1657,1.16929,1.16566,1.16896,0.0
2026-01-20 19:00:00,1.16896,1.1739,1.16888,1.17351,0.0
2026-01-20 23:00:00,1.17351,1.1749,1.17172,1.17284,0.0
2026-01-21 03:00:00,1.17283,1.17436,1.17133,1.17133,0.0
2026-01-21 07:00:00,1.17131,1.1729,1.17109,1.17276,0.0
2026-01-21 11:00:00,1.17276,1.17343,1.17122,1.1719,0.0
2026-01-21 15:00:00,1.1719,1.17249,1.17092,1.17168,0.0
2026-01-21 19:00:00,1.1717,1.17195,1.17019,1.17138,0.0
2026-01-21 23:00:00,1.17139,1.17433,1.17018,1.1702,0.0
2026-01-22 03:00:00,1.17019,1.17114,1.16781,1.16913,0.0
2026-01-22 07:00:00,1.16911,1.16915,1.16701,1.16733,0.0
2026-01-22 11:00:00,1.1673,1.16939,1.1673,1.16891,0.0
2026-01-22 15:00:00,1.16891,1.16975,1.16845,1.16917,0.0
2026-01-22 19:00:00,1.16917,1.1704,1.16851,1.17033,0.0
2026-01-22 23:00:00,1.17031,1.17336,1.17005,1.17334,0.0
2026-01-23 03:00:00,1.17333,1.17503,1.17321,1.17443,0.0
2026-01-23 07:00:00,1.1744,1.17596,1.17427,1.17543,0.0
2026-01-23 11:00:00,1.17541,1.17545,1.17435,1.1744,0.0
2026-01-23 15:00:00,1.1744,1.17544,1.17357,1.17367,0.0
2026-01-23 19:00:00,1.17369,1.1745,1.17288,1.17375,0.0
2026-01-23 23:00:00,1.17376,1.17621,1.17329,1.17585,0.0
2026-01-24 03:00:00,1.17583,1.1814,1.17467,1.18126,0.0
2026-01-24 07:00:00,1.18123,1.18348,1.18108,1.18285,0.0
2026-01-24 11:00:00,1.18284,1.18287,1.18225,1.18231,0.0
2026-01-24 15:00:00,1.18231,1.18243,1.18204,1.18234,0.0
2026-01-24 19:00:00,1.18234,1.18245,1.18217,1.18231,0.0
2026-01-24 23:00:00,1.18231,1.18247,1.18215,1.18242,0.0
2026-01-25 03:00:00,1.1824,1.1825,1.18228,1.18247,0.0
2026-01-25 07:00:00,1.18244,1.18252,1.18229,1.18238,0.0
2026-01-25 11:00:00,1.18236,1.18249,1.18227,1.1824,0.0
2026-01-25 15:00:00,1.1824,1.1825,1.18215,1.18242,0.0
2026-01-25 19:00:00,1.18243,1.18262,1.18169,1.18213,0.0
2026-01-25 23:00:00,1.18213,1.18219,1.18056,1.18128,0.0
2026-01-26 03:00:00,1.18126,1.1865,1.18089,1.18545,0.0
2026-01-26 07:00:00,1.1854,1.18957,1.18384,1.18597,0.0
2026-01-26 11:00:00,1.18598,1.18771,1.18448,1.18621,0.0
2026-01-26 15:00:00,1.18621,1.18714,1.1837,1.18396,0.0
2026-01-26 19:00:00,1.18398,1.18665,1.18381,1.18565,0.0
2026-01-26 23:00:00,1.18564,1.18956,1.18356,1.18954,0.0
2026-01-27 03:00:00,1.18952,1.19084,1.18703,1.18798,0.0
2026-01-27 07:00:00,1.18794,1.18858,1.18732,1.18749,0.0
2026-01-27 11:00:00,1.18749,1.18992,1.18731,1.188,0.0
2026-01-27 15:00:00,1.18801,1.18827,1.18612,1.18642,0.0
2026-01-27 19:00:00,1.18646,1.18969,1.1851,1.18966,0.0
2026-01-27 23:00:00,1.18964,1.19713,1.18951,1.19523,0.0
2026-01-28 03:00:00,1.19521,1.19908,1.19514,1.19773,0.0
2026-01-28 07:00:00,1.19771,1.20656,1.19757,1.202,0.0
2026-01-28 11:00:00,1.20195,1.20223,1.19877,1.19972,0.0
2026-01-28 15:00:00,1.19973,1.20233,1.19725,1.19908,0.0
2026-01-28 19:00:00,1.19909,1.20034,1.1963,1.19695,0.0
2026-01-28 23:00:00,1.19694,1.19834,1.1932,1.19442,0.0
2026-01-29 03:00:00,1.19439,1.19523,1.18966,1.19407,0.0
2026-01-29 07:00:00,1.19402,1.19773,1.19316,1.19772,0.0
2026-01-29 11:00:00,1.1977,1.19873,1.1954,1.19861,0.0
2026-01-29 15:00:00,1.19862,1.19941,1.19682,1.19746,0.0
2026-01-29 19:00:00,1.19749,1.19859,1.19384,1.19478,0.0
2026-01-29 23:00:00,1.19476,1.19706,1.19073,1.19294,0.0
2026-01-30 03:00:00,1.19291,1.19634,1.19291,1.19525,0.0
2026-01-30 07:00:00,1.19524,1.19744,1.19471,1.19664,0.0
2026-01-30 11:00:00,1.19661,1.19733,1.18944,1.1921,0.0
2026-01-30 15:00:00,1.1921,1.1941,1.19144,1.1938,0.0
2026-01-30 19:00:00,1.19381,1.1949,1.18984,1.1949,0.0
2026-01-30 23:00:00,1.1949,1.19544,1.18842,1.18975,0.0
2026-01-31 03:00:00,1.18973,1.18977,1.18533,1.18686,0.0
2026-01-31 07:00:00,1.18683,1.18689,1.18503,1.18567,0.0
2026-01-31 11:00:00,1.18566,1.18614,1.18552,1.18608,0.0
2026-01-31 15:00:00,1.18609,1.18614,1.18558,1.18599,0.0
2026-01-31 19:00:00,1.18601,1.18614,1.18566,1.1861,0.0
2026-01-31 23:00:00,1.18609,1.18614,1.18517,1.18535,0.0
2026-02-01 03:00:00,1.18533,1.18552,1.18531,1.18539,0.0
2026-02-01 07:00:00,1.18537,1.18551,1.18527,1.18544,0.0
2026-02-01 11:00:00,1.18544,1.18572,1.18538,1.18546,0.0
2026-02-01 15:00:00,1.18547,1.18554,1.18543,1.18548,0.0
2026-02-01 19:00:00,1.18548,1.18554,1.18505,1.18523,0.0
2026-02-01 23:00:00,1.18522,1.18578,1.1849,1.18522,0.0
2026-02-02 03:00:00,1.18519,1.18739,1.18364,1.18533,0.0
2026-02-02 07:00:00,1.18534,1.18656,1.18396,1.18474,0.0
2026-02-02 11:00:00,1.18471,1.18745,1.18471,1.18652,0.0
2026-02-02 15:00:00,1.18653,1.18713,1.18429,1.18549,0.0
2026-02-02 19:00:00,1.18553,1.18713,1.18443,1.18653,0.0
2026-02-02 23:00:00,1.18652,1.18691,1.17899,1.17924,0.0
2026-02-03 03:00:00,1.17921,1.18126,1.17758,1.17897,0.0
2026-02-03 07:00:00,1.17899,1.1799,1.17814,1.17987,0.0
2026-02-03 11:00:00,1.17986,1.18149,1.17986,1.18116,0.0
2026-02-03 15:00:00,1.18115,1.18237,1.18051,1.18167,0.0
2026-02-03 19:00:00,1.18167,1.18188,1.17815,1.17879,0.0
2026-02-03 23:00:00,1.17878,1.18136,1.178,1.18135,0.0
2026-02-04 03:00:00,1.18133,1.18282,1.18063,1.18154,0.0
2026-02-04 07:00:00,1.18156,1.18255,1.18101,1.18156,0.0
2026-02-04 11:00:00,1.18155,1.18318,1.18088,1.18271,0.0
2026-02-04 15:00:00,1.18271,1.18364,1.18255,1.18319,0.0
2026-02-04 19:00:00,1.18319,1.18375,1.18063,1.18115,0.0
2026-02-04 23:00:00,1.18113,1.18272,1.17918,1.17967,0.0
2026-02-05 03:00:00,1.17963,1.18157,1.17923,1.18095,0.0
2026-02-05 07:00:00,1.18093,1.18098,1.1801,1.18011,0.0
2026-02-05 11:00:00,1.1801,1.18075,1.17849,1.17888,0.0
2026-02-05 15:00:00,1.17889,1.18036,1.17845,1.17986,0.0
2026-02-05 19:00:00,1.17987,1.18081,1.1781,1.17936,0.0
2026-02-05 23:00:00,1.17934,1.1821,1.17837,1.1793,0.0
2026-02-06 03:00:00,1.1793,1.18041,1.17865,1.17946,0.0
2026-02-06 07:00:00,1.17946,1.17948,1.17751,1.17773,0.0
2026-02-06 11:00:00,1.17773,1.17916,1.17673,1.17879,0.0
2026-02-06 15:00:00,1.1788,1.18028,1.17878,1.17915,0.0
2026-02-06 19:00:00,1.17915,1.18,1.17861,1.17902,0.0
2026-02-06 23:00:00,1.179,1.18255,1.17892,1.18193,0.0
2026-02-07 03:00:00,1.18189,1.18231,1.18112,1.18195,0.0
2026-02-07 07:00:00,1.18192,1.18276,1.1814,1.18209,0.0
2026-02-07 11:00:00,1.18209,1.1821,1.18079,1.18085,0.0
2026-02-07 15:00:00,1.18085,1.18186,1.18074,1.18096,0.0
2026-02-07 19:00:00,1.18095,1.18192,1.18073,1.18088,0.0
2026-02-07 23:00:00,1.18086,1.18195,1.18083,1.18185,0.0
2026-02-08 03:00:00,1.18182,1.18202,1.18179,1.18188,0.0
2026-02-08 07:00:00,1.18186,1.18204,1.18174,1.18188,0.0
2026-02-08 19:00:00,1.18147,1.18147,1.18147,1.18147,0.0
2026-02-09 07:00:00,1.18145,1.18272,1.18098,1.18268,0.0
2026-02-09 11:00:00,1.18265,1.18329,1.18167,1.18193,0.0
2026-02-09 15:00:00,1.18193,1.18597,1.18193,1.18557,0.0
2026-02-09 19:00:00,1.18559,1.18716,1.18518,1.18691,0.0
2026-02-09 23:00:00,1.18713,1.19262,1.18708,1.19117,0.0
2026-02-10 03:00:00,1.19124,1.19224,1.18933,1.19201,0.0
2026-02-10 07:00:00,1.19198,1.19214,1.19026,1.19038,0.0
2026-02-10 11:00:00,1.19038,1.19176,1.18968,1.19111,0.0
2026-02-10 15:00:00,1.19113,1.19126,1.1901,1.1907,0.0
2026-02-10 19:00:00,1.19071,1.19203,1.19011,1.1904,0.0
2026-02-10 23:00:00,1.19037,1.19271,1.18903,1.19148,0.0
2026-02-11 03:00:00,1.19145,1.1915,1.18879,1.19017,0.0
2026-02-11 07:00:00,1.19015,1.19037,1.18861,1.18881,0.0
2026-02-11 11:00:00,1.18882,1.19131,1.18875,1.19108,0.0
2026-02-11 15:00:00,1.1911,1.19255,1.19067,1.19175,0.0
2026-02-11 19:00:00,1.19177,1.19268,1.19074,1.19099,0.0
2026-02-11 23:00:00,1.19097,1.19101,1.18387,1.186,0.0
2026-02-12 03:00:00,1.18599,1.18946,1.1854,1.18801,0.0
2026-02-12 07:00:00,1.18799,1.18814,1.18691,1.18754,0.0
2026-02-12 11:00:00,1.18754,1.18845,1.18665,1.18697,0.0
2026-02-12 15:00:00,1.18698,1.1875,1.18535,1.1873,0.0
2026-02-12 19:00:00,1.18731,1.18884,1.18715,1.18842,0.0
2026-02-12 23:00:00,1.18839,1.1888,1.18679,1.18864,0.0
2026-02-13 03:00:00,1.18862,1.18897,1.18574,1.18702,0.0
2026-02-13 07:00:00,1.18701,1.18728,1.18634,1.18692,0.0
2026-02-13 11:00:00,1.18693,1.18729,1.1863,1.18672,0.0
2026-02-13 15:00:00,1.18673,1.18678,1.18485,1.18591,0.0
2026-02-13 19:00:00,1.1859,1.18664,1.18537,1.18585,0.0
2026-02-13 23:00:00,1.18582,1.18862,1.18503,1.18503,0.0
2026-02-14 03:00:00,1.18501,1.18838,1.18497,1.18672,0.0
2026-02-14 07:00:00,1.18672,1.18798,1.18649,1.18735,0.0
2026-02-14 11:00:00,1.18734,1.18735,1.18618,1.18627,0.0
2026-02-14 15:00:00,1.18628,1.18698,1.18615,1.18636,0.0
2026-02-14 19:00:00,1.18634,1.18693,1.18607,1.18613,0.0
2026-02-14 23:00:00,1.18611,1.18713,1.18461,1.18653,0.0
2026-02-15 03:00:00,1.18658,1.18696,1.18451,1.18495,0.0
2026-02-15 07:00:00,1.18494,1.18969,1.18405,1.18717,0.0
2026-02-15 11:00:00,1.18718,1.18723,1.18652,1.18706,0.0
2026-02-15 15:00:00,1.18706,1.18716,1.18705,1.18712,0.0
2026-02-15 19:00:00,1.18711,1.18717,1.18708,1.18715,0.0
2026-02-15 23:00:00,1.18712,1.1872,1.18625,1.1864,0.0
2026-02-16 03:00:00,1.18638,1.18776,1.18553,1.18711,0.0
2026-02-16 07:00:00,1.1871,1.18794,1.18634,1.18666,0.0
2026-02-16 11:00:00,1.18667,1.18692,1.186,1.18675,0.0
2026-02-16 15:00:00,1.18675,1.18703,1.18604,1.18631,0.0
2026-02-16 19:00:00,1.18629,1.1871,1.18583,1.18622,0.0
2026-02-16 23:00:00,1.1862,1.18632,1.1849,1.18546,0.0
2026-02-17 03:00:00,1.18544,1.18566,1.18465,1.18542,0.0
2026-02-17 07:00:00,1.18541,1.18558,1.18476,1.18504,0.0
2026-02-17 11:00:00,1.18506,1.18519,1.1839,1.18418,0.0
2026-02-17 15:00:00,1.18418,1.1846,1.18299,1.18328,0.0
2026-02-17 19:00:00,1.18326,1.18504,1.18257,1.18303,0.0
2026-02-17 23:00:00,1.18299,1.18358,1.18058,1.18112,0.0
2026-02-18 03:00:00,1.18108,1.18531,1.18108,1.18483,0.0
2026-02-18 07:00:00,1.18483,1.1858,1.18473,1.18515,0.0
2026-02-18 11:00:00,1.18516,1.1854,1.18417,1.18419,0.0
2026-02-18 15:00:00,1.18419,1.1847,1.18338,1.1835,0.0
2026-02-18 19:00:00,1.18348,1.18411,1.18293,1.1835,0.0
2026-02-18 23:00:00,1.18346,1.1849,1.18136,1.18225,0.0
2026-02-19 03:00:00,1.18223,1.18254,1.17836,1.1787,0.0
2026-02-19 07:00:00,1.1787,1.17905,1.17826,1.17886,0.0
2026-02-19 11:00:00,1.17887,1.17958,1.17861,1.1791,0.0
2026-02-19 15:00:00,1.17911,1.18038,1.17853,1.18018,0.0
2026-02-19 19:00:00,1.18017,1.18079,1.17762,1.17808,0.0
2026-02-19 23:00:00,1.17805,1.1781,1.17428,1.17634,0.0
2026-02-20 03:00:00,1.17633,1.17742,1.17564,1.17636,0.0
2026-02-20 07:00:00,1.17636,1.17785,1.17636,1.17689,0.0
2026-02-20 11:00:00,1.1769,1.17721,1.17545,1.17581,0.0
2026-02-20 15:00:00,1.1758,1.17622,1.17494,1.17521,0.0
2026-02-20 19:00:00,1.17519,1.17692,1.17448,1.17683,0.0
2026-02-20 23:00:00,1.17681,1.18064,1.17572,1.17863,0.0
2026-02-21 03:00:00,1.17858,1.17973,1.17671,1.1781,0.0
2026-02-21 07:00:00,1.17811,1.17925,1.17784,1.17878,0.0
2026-02-21 11:00:00,1.17877,1.17877,1.17832,1.17835,0.0
2026-02-21 15:00:00,1.17835,1.17857,1.17832,1.17843,0.0
2026-02-21 19:00:00,1.17841,1.17857,1.17831,1.17837,0.0
2026-02-21 23:00:00,1.17834,1.17853,1.17832,1.17836,0.0
2026-02-22 03:00:00,1.17835,1.1784,1.17833,1.17834,0.0
2026-02-22 07:00:00,1.17835,1.1784,1.17833,1.17834,0.0
2026-02-22 11:00:00,1.17835,1.1784,1.17833,1.17835,0.0
2026-02-22 15:00:00,1.17835,1.1784,1.17833,1.17837,0.0
2026-02-22 19:00:00,1.17835,1.1784,1.17833,1.17837,0.0
2026-02-22 23:00:00,1.17835,1.1784,1.17832,1.17835,0.0
2026-02-23 03:00:00,1.17833,1.17954,1.17752,1.17865,0.0
2026-02-23 07:00:00,1.17866,1.18375,1.178,1.18333,0.0
2026-02-23 11:00:00,1.1833,1.18354,1.18177,1.18239,0.0
2026-02-23 15:00:00,1.18237,1.18345,1.18157,1.18235,0.0
2026-02-23 19:00:00,1.18232,1.18242,1.17817,1.17862,0.0
2026-02-23 23:00:00,1.1786,1.18097,1.17752,1.17953,0.0
2026-02-24 03:00:00,1.17953,1.18073,1.17882,1.17914,0.0
2026-02-24 07:00:00,1.17914,1.17956,1.17846,1.17936,0.0
2026-02-24 11:00:00,1.17936,1.17963,1.17724,1.17755,0.0
2026-02-24 15:00:00,1.17754,1.17831,1.17685,1.17791,0.0
2026-02-24 19:00:00,1.17788,1.17932,1.17733,1.17815,0.0
2026-02-24 23:00:00,1.17812,1.17829,1.17671,1.1773,0.0
2026-02-25 03:00:00,1.17729,1.17904,1.17729,1.17794,0.0
2026-02-25 07:00:00,1.17794,1.17835,1.17727,1.1774,0.0
2026-02-25 11:00:00,1.17742,1.17947,1.17739,1.17906,0.0
2026-02-25 15:00:00,1.17905,1.18076,1.17882,1.17987,0.0
2026-02-25 19:00:00,1.17985,1.17998,1.17712,1.17747,0.0
2026-02-25 23:00:00,1.17744,1.18026,1.17738,1.18005,0.0
2026-02-26 03:00:00,1.18002,1.18147,1.17983,1.18073,0.0
2026-02-26 07:00:00,1.18073,1.18164,1.18037,1.18154,0.0
2026-02-26 11:00:00,1.18155,1.18288,1.18128,1.1818,0.0
2026-02-26 15:00:00,1.18178,1.18221,1.18093,1.1817,0.0
2026-02-26 19:00:00,1.18169,1.18172,1.1794,1.18011,0.0
2026-02-26 23:00:00,1.18008,1.18171,1.17804,1.17983,0.0
2026-02-27 03:00:00,1.17982,1.17992,1.1774,1.17976,0.0
2026-02-27 07:00:00,1.17976,1.1804,1.17955,1.18028,0.0
2026-02-27 11:00:00,1.18029,1.18057,1.17899,1.18042,0.0
2026-02-27 15:00:00,1.18041,1.18201,1.17977,1.18163,0.0
2026-02-27 19:00:00,1.1816,1.18221,1.17922,1.18009,0.0
2026-02-27 23:00:00,1.18006,1.18162,1.17913,1.18077,0.0
2026-02-28 03:00:00,1.18077,1.18263,1.18062,1.18192,0.0
2026-02-28 07:00:00,1.18194,1.18262,1.18115,1.18161,0.0
2026-02-28 11:00:00,1.18159,1.1816,1.1805,1.18059,0.0
2026-02-28 15:00:00,1.18058,1.18126,1.18052,1.18075,0.0
2026-02-28 19:00:00,1.18072,1.18141,1.18052,1.1806,0.0
2026-02-28 23:00:00,1.18058,1.18152,1.18053,1.18123,0.0
2026-03-01 03:00:00,1.18123,1.18169,1.18121,1.18163,0.0
2026-03-01 07:00:00,1.18164,1.18173,1.18155,1.18165,0.0
2026-03-01 11:00:00,1.18166,1.18174,1.1816,1.1817,0.0
2026-03-01 15:00:00,1.18169,1.18175,1.18151,1.18167,0.0
2026-03-01 19:00:00,1.18165,1.18177,1.18143,1.18147,0.0
2026-03-01 23:00:00,1.18144,1.1815,1.18103,1.18105,0.0
2026-03-02 03:00:00,1.18105,1.18153,1.17502,1.17839,0.0
2026-03-02 07:00:00,1.1785,1.1797,1.17527,1.17597,0.0
2026-03-02 11:00:00,1.17596,1.17959,1.17587,1.17895,0.0
2026-03-02 15:00:00,1.17894,1.17908,1.17058,1.17163,0.0
2026-03-02 19:00:00,1.17158,1.17468,1.16992,1.17337,0.0
2026-03-02 23:00:00,1.17338,1.1734,1.16809,1.16809,0.0
2026-03-03 03:00:00,1.16809,1.17137,1.16731,1.1712,0.0
2026-03-03 07:00:00,1.1712,1.1713,1.16785,1.16958,0.0
2026-03-03 11:00:00,1.16956,1.17068,1.16866,1.16913,0.0
2026-03-03 15:00:00,1.16911,1.16933,1.16433,1.16447,0.0
2026-03-03 19:00:00,1.16445,1.16449,1.15822,1.15969,0.0
2026-03-03 23:00:00,1.15967,1.16149,1.15316,1.1575,0.0
2026-03-04 03:00:00,1.1575,1.16246,1.15713,1.16142,0.0
2026-03-04 07:00:00,1.16141,1.16241,1.16104,1.16117,0.0
2026-03-04 11:00:00,1.16116,1.16118,1.15767,1.1609,0.0
2026-03-04 15:00:00,1.16088,1.16255,1.15883,1.16173,0.0
2026-03-04 19:00:00,1.16172,1.16542,1.15948,1.16352,0.0
2026-03-04 23:00:00,1.16349,1.16497,1.16183,1.16388,0.0
2026-03-05 03:00:00,1.16388,1.16458,1.1624,1.16402,0.0
2026-03-05 07:00:00,1.16403,1.16444,1.16302,1.1635,0.0
2026-03-05 11:00:00,1.1635,1.16469,1.16109,1.16124,0.0
2026-03-05 15:00:00,1.16122,1.16184,1.1588,1.16061,0.0
2026-03-05 19:00:00,1.16062,1.16464,1.15827,1.16112,0.0
2026-03-05 23:00:00,1.16109,1.16273,1.1569,1.15834,0.0
2026-03-06 03:00:00,1.15834,1.15963,1.1561,1.1572,0.0
2026-03-06 07:00:00,1.15722,1.16102,1.15713,1.16075,0.0
2026-03-06 11:00:00,1.16074,1.16213,1.1606,1.16199,0.0
2026-03-06 15:00:00,1.16197,1.16212,1.16033,1.16145,0.0
2026-03-06 19:00:00,1.16143,1.16148,1.15618,1.15631,0.0
2026-03-06 23:00:00,1.15628,1.15928,1.1547,1.15777,0.0
2026-03-07 03:00:00,1.15777,1.162,1.15777,1.16032,0.0
2026-03-07 07:00:00,1.16031,1.1624,1.15969,1.16224,0.0
2026-03-07 11:00:00,1.16222,1.16223,1.16169,1.16173,0.0
2026-03-07 15:00:00,1.16171,1.16186,1.16169,1.16178,0.0
2026-03-07 19:00:00,1.16176,1.16186,1.16169,1.16172,0.0
2026-03-07 23:00:00,1.16171,1.16196,1.16169,1.1619,0.0
2026-03-08 03:00:00,1.1619,1.16199,1.16179,1.1619,0.0
2026-03-08 07:00:00,1.16191,1.16198,1.16177,1.16188,0.0
2026-03-08 11:00:00,1.16187,1.16206,1.16172,1.16194,0.0
2026-03-08 15:00:00,1.16191,1.16199,1.16182,1.16186,0.0
2026-03-08 19:00:00,1.16183,1.16214,1.16169,1.16172,0.0
2026-03-08 23:00:00,1.16171,1.16186,1.16133,1.1618,0.0
2026-03-09 03:00:00,1.16181,1.16208,1.15514,1.15694,0.0
2026-03-09 07:00:00,1.15678,1.15805,1.15229,1.15241,0.0
2026-03-09 11:00:00,1.15241,1.15326,1.15085,1.15167,0.0
2026-03-09 15:00:00,1.15164,1.15705,1.15164,1.1562,0.0
2026-03-09 19:00:00,1.15613,1.15702,1.15166,1.1559,0.0
2026-03-09 23:00:00,1.15586,1.15924,1.15463,1.15922,0.0
2026-03-10 03:00:00,1.15922,1.16302,1.15763,1.16109,0.0
2026-03-10 07:00:00,1.16111,1.16462,1.16108,1.16165,0.0
2026-03-10 11:00:00,1.16164,1.16349,1.16083,1.16102,0.0
2026-03-10 15:00:00,1.161,1.16641,1.16079,1.16593,0.0
2026-03-10 19:00:00,1.16591,1.16598,1.1622,1.16395,0.0
2026-03-10 23:00:00,1.16395,1.1655,1.16237,1.16475,0.0
2026-03-11 03:00:00,1.16475,1.16684,1.161,1.16146,0.0
2026-03-11 07:00:00,1.16145,1.16171,1.16034,1.16114,0.0
2026-03-11 11:00:00,1.16115,1.16325,1.16072,1.16311,0.0
2026-03-11 15:00:00,1.16309,1.16426,1.16137,1.16167,0.0
2026-03-11 19:00:00,1.16165,1.16218,1.15913,1.1597,0.0
2026-03-11 23:00:00,1.15971,1.16086,1.15687,1.1571,0.0
2026-03-12 03:00:00,1.15709,1.15767,1.15637,1.15735,0.0
2026-03-12 07:00:00,1.15734,1.15754,1.15399,1.15429,0.0
2026-03-12 11:00:00,1.15427,1.15555,1.15329,1.15384,0.0
2026-03-12 15:00:00,1.1538,1.15528,1.1532,1.15497,0.0
2026-03-12 19:00:00,1.1549,1.15647,1.15445,1.15567,0.0
2026-03-12 23:00:00,1.15567,1.15569,1.15115,1.15207,0.0
2026-03-13 03:00:00,1.1521,1.15316,1.15113,1.15159,0.0
2026-03-13 07:00:00,1.15157,1.15229,1.15101,1.15221,0.0
2026-03-13 11:00:00,1.15219,1.15292,1.15051,1.15095,0.0
2026-03-13 15:00:00,1.15092,1.15097,1.14543,1.14577,0.0
2026-03-13 19:00:00,1.14577,1.14699,1.14347,1.14682,0.0
2026-03-13 23:00:00,1.14682,1.149,1.14358,1.1444,0.0
2026-03-14 03:00:00,1.1444,1.14493,1.14206,1.14224,0.0
2026-03-14 07:00:00,1.14223,1.14722,1.14113,1.14661,0.0
2026-03-14 11:00:00,1.1466,1.147,1.14431,1.14688,0.0
2026-03-14 15:00:00,1.14685,1.14707,1.14131,1.1423,0.0
2026-03-14 19:00:00,1.14233,1.1471,1.14121,1.14169,0.0
2026-03-14 23:00:00,1.14169,1.14668,1.14144,1.14617,0.0
2026-03-15 03:00:00,1.14618,1.14702,1.14296,1.1455,0.0
2026-03-15 07:00:00,1.14551,1.14706,1.14549,1.14692,0.0
2026-03-15 11:00:00,1.14691,1.14696,1.14497,1.14681,0.0
2026-03-15 15:00:00,1.14678,1.14707,1.14586,1.14693,0.0
2026-03-15 19:00:00,1.14691,1.14702,1.14444,1.14445,0.0
2026-03-15 23:00:00,1.14445,1.1445,1.14063,1.14123,0.0
2026-03-16 03:00:00,1.14124,1.14306,1.13515,1.14237,0.0
2026-03-16 07:00:00,1.14234,1.14352,1.14157,1.14352,0.0
2026-03-16 11:00:00,1.14351,1.14556,1.1435,1.14513,0.0
2026-03-16 15:00:00,1.14512,1.14516,1.14146,1.1425,0.0
2026-03-16 19:00:00,1.14243,1.14878,1.14243,1.14793,0.0
2026-03-16 23:00:00,1.14793,1.15016,1.14729,1.14855,0.0
2026-03-17 03:00:00,1.14856,1.15237,1.14777,1.15071,0.0
2026-03-17 07:00:00,1.15074,1.15102,1.14956,1.14992,0.0
2026-03-17 11:00:00,1.1499,1.15021,1.1487,1.14927,0.0
2026-03-17 15:00:00,1.14925,1.15002,1.1468,1.14943,0.0
2026-03-17 19:00:00,1.1494,1.15237,1.14893,1.15084,0.0
2026-03-17 23:00:00,1.15084,1.15421,1.15052,1.15251,0.0
2026-03-18 03:00:00,1.15251,1.15475,1.15203,1.15348,0.0
2026-03-18 07:00:00,1.1535,1.15443,1.15348,1.15396,0.0
2026-03-18 11:00:00,1.15394,1.15435,1.15324,1.15366,0.0
2026-03-18 15:00:00,1.15362,1.15493,1.1525,1.15257,0.0
2026-03-18 19:00:00,1.15254,1.1554,1.15192,1.15477,0.0
2026-03-18 23:00:00,1.15477,1.15478,1.14925,1.1515,0.0
2026-03-19 03:00:00,1.15147,1.15226,1.14693,1.14696,0.0
2026-03-19 07:00:00,1.14695,1.14735,1.14499,1.14641,0.0
2026-03-19 11:00:00,1.1464,1.1493,1.14638,1.1476,0.0
2026-03-19 15:00:00,1.1476,1.14763,1.14528,1.14528,0.0
2026-03-19 19:00:00,1.14525,1.1488,1.14437,1.14784,0.0
2026-03-19 23:00:00,1.14785,1.15358,1.1465,1.15049,0.0
2026-03-20 03:00:00,1.15045,1.16164,1.15024,1.15802,0.0
2026-03-20 07:00:00,1.158,1.15975,1.15754,1.15773,0.0
2026-03-20 11:00:00,1.15771,1.15806,1.15564,1.15572,0.0
2026-03-20 15:00:00,1.1557,1.15734,1.15531,1.15729,0.0
2026-03-20 19:00:00,1.15727,1.15804,1.15364,1.15713,0.0
2026-03-20 23:00:00,1.15714,1.15788,1.15257,1.15443,0.0
2026-03-21 03:00:00,1.15441,1.15707,1.15426,1.15578,0.0
2026-03-21 07:00:00,1.15579,1.1617,1.15578,1.16022,0.0
2026-03-21 11:00:00,1.16018,1.16051,1.15908,1.15918,0.0
2026-03-21 15:00:00,1.15915,1.15927,1.15775,1.15916,0.0
2026-03-21 19:00:00,1.15915,1.15931,1.15842,1.15915,0.0
2026-03-21 23:00:00,1.15915,1.15931,1.15871,1.15881,0.0
2026-03-22 03:00:00,1.15882,1.15918,1.15788,1.15868,0.0
2026-03-22 07:00:00,1.15867,1.15935,1.15836,1.15907,0.0
2026-03-22 11:00:00,1.15905,1.15922,1.15834,1.15893,0.0
2026-03-22 15:00:00,1.15891,1.15933,1.15889,1.15929,0.0
2026-03-22 19:00:00,1.15928,1.15951,1.15846,1.15916,0.0
2026-03-22 23:00:00,1.15916,1.15921,1.15719,1.15761,0.0
2026-03-23 03:00:00,1.15762,1.15767,1.15237,1.15448,0.0
2026-03-23 07:00:00,1.15452,1.15644,1.1535,1.15613,0.0
2026-03-23 11:00:00,1.15609,1.1564,1.15404,1.1548,0.0
2026-03-23 15:00:00,1.15476,1.15528,1.15217,1.15277,0.0
2026-03-23 19:00:00,1.15275,1.16148,1.14832,1.15586,0.0
2026-03-23 23:00:00,1.15585,1.16393,1.15446,1.15858,0.0
2026-03-24 03:00:00,1.15859,1.16374,1.15786,1.16148,0.0
2026-03-24 07:00:00,1.16146,1.16177,1.16069,1.1608,0.0
2026-03-24 11:00:00,1.16077,1.16082,1.15805,1.15831,0.0
2026-03-24 15:00:00,1.15828,1.16139,1.15765,1.16083,0.0
2026-03-24 19:00:00,1.16083,1.16097,1.15796,1.15898,0.0
2026-03-24 23:00:00,1.15899,1.16019,1.15693,1.1582,0.0
2026-03-25 03:00:00,1.15818,1.15928,1.15595,1.15855,0.0
2026-03-25 07:00:00,1.15854,1.16253,1.15824,1.16145,0.0
2026-03-25 11:00:00,1.16143,1.163,1.16018,1.16036,0.0
2026-03-25 15:00:00,1.16034,1.16053,1.15874,1.1597,0.0
2026-03-25 19:00:00,1.1597,1.16169,1.15921,1.16042,0.0
2026-03-25 23:00:00,1.16046,1.16128,1.15629,1.15688,0.0
2026-03-26 03:00:00,1.15692,1.15818,1.15553,1.15625,0.0
2026-03-26 07:00:00,1.15624,1.15627,1.15556,1.1562,0.0
2026-03-26 11:00:00,1.15617,1.15692,1.15546,1.15688,0.0
2026-03-26 15:00:00,1.15686,1.15727,1.15509,1.15548,0.0
2026-03-26 19:00:00,1.15549,1.15656,1.15235,1.15242,0.0
2026-03-26 23:00:00,1.15243,1.1555,1.15242,1.15407,0.0
2026-03-27 03:00:00,1.15409,1.15429,1.15225,1.15227,0.0
2026-03-27 07:00:00,1.15225,1.15472,1.15199,1.15349,0.0
2026-03-27 11:00:00,1.15346,1.15424,1.15247,1.15388,0.0
2026-03-27 15:00:00,1.15386,1.15462,1.15184,1.15185,0.0
2026-03-27 19:00:00,1.15184,1.15268,1.15059,1.15087,0.0
2026-03-27 23:00:00,1.15086,1.15491,1.1502,1.15211,0.0
2026-03-28 03:00:00,1.1521,1.15271,1.15068,1.1518,0.0
2026-03-28 07:00:00,1.15178,1.15542,1.15079,1.15427,0.0
2026-03-28 11:00:00,1.15423,1.15459,1.15307,1.15455,0.0
2026-03-28 15:00:00,1.15454,1.15459,1.15086,1.15147,0.0
2026-03-28 19:00:00,1.15148,1.1537,1.1509,1.15103,0.0
2026-03-28 23:00:00,1.15104,1.15395,1.1509,1.15377,0.0
2026-03-29 03:00:00,1.15377,1.15403,1.15259,1.15393,0.0
2026-03-29 07:00:00,1.15391,1.15409,1.15296,1.15383,0.0
2026-03-29 11:00:00,1.15381,1.15407,1.15279,1.15394,0.0
2026-03-29 15:00:00,1.1539,1.15428,1.15174,1.1536,0.0
2026-03-29 19:00:00,1.1536,1.15418,1.15278,1.15315,0.0
2026-03-29 23:00:00,1.15316,1.15321,1.1488,1.1503,0.0
2026-03-30 03:00:00,1.1503,1.15197,1.14874,1.15007,0.0
2026-03-30 07:00:00,1.15005,1.15131,1.14868,1.14913,0.0
2026-03-30 11:00:00,1.1491,1.15191,1.14908,1.15162,0.0
2026-03-30 15:00:00,1.1516,1.1521,1.14947,1.14975,0.0
2026-03-30 19:00:00,1.14975,1.15011,1.14842,1.14859,0.0
2026-03-30 23:00:00,1.14858,1.14886,1.14451,1.14543,0.0
2026-03-31 03:00:00,1.14543,1.14665,1.14471,1.14592,0.0
2026-03-31 07:00:00,1.1459,1.1468,1.14531,1.14562,0.0
2026-03-31 11:00:00,1.14558,1.14902,1.14496,1.14697,0.0
2026-03-31 15:00:00,1.14694,1.14754,1.14616,1.14711,0.0
2026-03-31 19:00:00,1.14712,1.14891,1.14581,1.14886,0.0
2026-03-31 23:00:00,1.14894,1.15394,1.14886,1.1516,0.0
2026-04-01 03:00:00,1.15161,1.15593,1.15148,1.15593,0.0
2026-04-01 07:00:00,1.15591,1.15745,1.15522,1.15745,0.0
2026-04-01 11:00:00,1.15745,1.15785,1.15558,1.15613,0.0
2026-04-01 15:00:00,1.15612,1.16006,1.156,1.15826,0.0
2026-04-01 19:00:00,1.15826,1.16111,1.15786,1.16083,0.0
2026-04-01 23:00:00,1.16084,1.1626,1.15958,1.16145,0.0
2026-04-02 03:00:00,1.16144,1.16235,1.15784,1.15851,0.0
2026-04-02 07:00:00,1.15849,1.15945,1.1584,1.15907,0.0
2026-04-02 11:00:00,1.15906,1.15995,1.15392,1.154,0.0
2026-04-02 15:00:00,1.15398,1.15416,1.15164,1.15323,0.0
2026-04-02 19:00:00,1.15324,1.15357,1.15093,1.15182,0.0
2026-04-02 23:00:00,1.15182,1.15602,1.15181,1.15451,0.0
2026-04-03 03:00:00,1.15451,1.15498,1.15336,1.15349,0.0
2026-04-03 07:00:00,1.15347,1.15434,1.15335,1.15419,0.0
2026-04-03 11:00:00,1.15416,1.15456,1.1532,1.15365,0.0
2026-04-03 15:00:00,1.15364,1.15465,1.15294,1.15433,0.0
2026-04-03 19:00:00,1.15433,1.15482,1.15408,1.15442,0.0
2026-04-03 23:00:00,1.15444,1.15458,1.15198,1.1522,0.0
2026-04-04 03:00:00,1.15219,1.15225,1.15141,1.15147,0.0
2026-04-04 07:00:00,1.15145,1.15256,1.15141,1.15208,0.0
2026-04-04 11:00:00,1.15208,1.15236,1.15138,1.15164,0.0
2026-04-04 15:00:00,1.15164,1.15211,1.1514,1.15198,0.0
2026-04-04 19:00:00,1.15198,1.15225,1.15133,1.15182,0.0
2026-04-04 23:00:00,1.15182,1.15212,1.1515,1.15162,0.0
2026-04-05 03:00:00,1.15161,1.15206,1.1516,1.15204,0.0
2026-04-05 07:00:00,1.15201,1.15208,1.15164,1.15201,0.0
2026-04-05 11:00:00,1.15199,1.15208,1.15179,1.152,0.0
2026-04-05 15:00:00,1.152,1.15208,1.15164,1.15201,0.0
2026-04-05 19:00:00,1.15201,1.15209,1.15187,1.15195,0.0
2026-04-05 23:00:00,1.15196,1.15313,1.15151,1.1525,0.0
2026-04-06 03:00:00,1.15248,1.15251,1.144,1.15201,0.0
2026-04-06 07:00:00,1.15199,1.15251,1.15066,1.15125,0.0
2026-04-06 11:00:00,1.15123,1.15288,1.15069,1.15246,0.0
2026-04-06 15:00:00,1.15246,1.15696,1.15226,1.15563,0.0
2026-04-06 19:00:00,1.15564,1.15586,1.15412,1.15542,0.0
2026-04-06 23:00:00,1.1554,1.15702,1.15368,1.15449,0.0
2026-04-07 03:00:00,1.15448,1.15523,1.15345,1.15432,0.0
2026-04-07 07:00:00,1.1543,1.15479,1.15374,1.15383,0.0
2026-04-07 11:00:00,1.15382,1.15398,1.15261,1.15383,0.0
2026-04-07 15:00:00,1.15382,1.15759,1.15307,1.15742,0.0
2026-04-07 19:00:00,1.15742,1.15751,1.15476,1.15611,0.0
2026-04-07 23:00:00,1.1561,1.15801,1.15564,1.15714,0.0
2026-04-08 03:00:00,1.15713,1.16044,1.1567,1.15976,0.0
2026-04-08 07:00:00,1.15976,1.16939,1.15948,1.16719,0.0
2026-04-08 11:00:00,1.16716,1.16883,1.16667,1.16757,0.0
2026-04-08 15:00:00,1.16757,1.17074,1.16726,1.16811,0.0
2026-04-08 19:00:00,1.16813,1.17177,1.16788,1.17147,0.0
2026-04-08 23:00:00,1.17148,1.17208,1.16775,1.16819,0.0
2026-04-09 03:00:00,1.16817,1.16852,1.16458,1.16627,0.0
2026-04-09 07:00:00,1.16625,1.16674,1.16538,1.16583,0.0
2026-04-09 11:00:00,1.16581,1.16712,1.16511,1.16672,0.0
2026-04-09 15:00:00,1.16672,1.16746,1.16551,1.16721,0.0
2026-04-09 19:00:00,1.16721,1.16892,1.16696,1.16859,0.0
2026-04-09 23:00:00,1.16859,1.1714,1.1675,1.17112,0.0
2026-04-10 03:00:00,1.1711,1.17231,1.16954,1.16993,0.0
2026-04-10 07:00:00,1.16989,1.17027,1.16861,1.16872,0.0
2026-04-10 11:00:00,1.16869,1.1697,1.16866,1.1692,0.0
2026-04-10 15:00:00,1.1692,1.16927,1.1678,1.1686,0.0
2026-04-10 19:00:00,1.16862,1.17244,1.16845,1.17204,0.0
2026-04-10 23:00:00,1.17203,1.17393,1.17143,1.17212,0.0
2026-04-11 03:00:00,1.1721,1.17359,1.17187,1.17259,0.0
2026-04-11 07:00:00,1.17258,1.17287,1.17178,1.17182,0.0
2026-04-11 11:00:00,1.17181,1.17255,1.17176,1.17181,0.0
2026-04-11 15:00:00,1.17181,1.17223,1.17177,1.1718,0.0
2026-04-11 19:00:00,1.17181,1.17259,1.17161,1.17253,0.0
2026-04-11 23:00:00,1.17252,1.1726,1.17246,1.1725,0.0
2026-04-12 03:00:00,1.17248,1.17262,1.17205,1.17257,0.0
2026-04-12 07:00:00,1.17254,1.17266,1.1717,1.17263,0.0
2026-04-12 11:00:00,1.17261,1.17267,1.17245,1.17258,0.0
2026-04-12 15:00:00,1.17258,1.17269,1.17245,1.17261,0.0
2026-04-12 19:00:00,1.17261,1.1731,1.1725,1.17307,0.0
2026-04-12 23:00:00,1.17307,1.17312,1.17202,1.17268,0.0
2026-04-13 03:00:00,1.17266,1.17293,1.16594,1.1688,0.0
2026-04-13 07:00:00,1.1688,1.16882,1.16652,1.16867,0.0
2026-04-13 11:00:00,1.16864,1.16906,1.16809,1.16863,0.0
2026-04-13 15:00:00,1.16863,1.16998,1.16785,1.16859,0.0
2026-04-13 19:00:00,1.16863,1.17003,1.16817,1.16989,0.0
2026-04-13 23:00:00,1.16987,1.17297,1.16967,1.17256,0.0
2026-04-14 03:00:00,1.17253,1.17654,1.17253,1.17595,0.0
2026-04-14 07:00:00,1.17593,1.17675,1.17558,1.1766,0.0
2026-04-14 11:00:00,1.17659,1.17705,1.1757,1.17679,0.0
2026-04-14 15:00:00,1.17679,1.17956,1.17583,1.17822,0.0
2026-04-14 19:00:00,1.17824,1.18045,1.17821,1.18042,0.0
2026-04-14 23:00:00,1.18042,1.1811,1.17888,1.17952,0.0
2026-04-15 03:00:00,1.1795,1.17999,1.17896,1.1796,0.0
2026-04-15 07:00:00,1.17956,1.18018,1.17899,1.17947,0.0
2026-04-15 11:00:00,1.17946,1.17972,1.17794,1.17888,0.0
2026-04-15 15:00:00,1.17889,1.18004,1.17838,1.17905,0.0
2026-04-15 19:00:00,1.17905,1.17916,1.17734,1.17892,0.0
2026-04-15 23:00:00,1.17891,1.18086,1.17848,1.1802,0.0
2026-04-16 03:00:00,1.18018,1.18049,1.17933,1.17998,0.0
2026-04-16 07:00:00,1.17996,1.18083,1.17983,1.18073,0.0
2026-04-16 11:00:00,1.18072,1.18243,1.17973,1.181,0.0
2026-04-16 15:00:00,1.181,1.18102,1.17776,1.17867,0.0
2026-04-16 19:00:00,1.17867,1.17887,1.17725,1.17827,0.0
2026-04-16 23:00:00,1.17825,1.17876,1.17676,1.17753,0.0
2026-04-17 03:00:00,1.17751,1.1786,1.17693,1.17827,0.0
2026-04-17 07:00:00,1.17827,1.17875,1.1778,1.17798,0.0
2026-04-17 11:00:00,1.17798,1.17853,1.17737,1.17829,0.0
2026-04-17 15:00:00,1.1783,1.17954,1.17727,1.17943,0.0
2026-04-17 19:00:00,1.17944,1.18346,1.17914,1.18336,0.0
2026-04-17 23:00:00,1.18334,1.18488,1.17935,1.17995,0.0
2026-04-18 03:00:00,1.17994,1.17997,1.1763,1.17646,0.0
2026-04-18 07:00:00,1.17643,1.17969,1.17629,1.17632,0.0
2026-04-18 11:00:00,1.17631,1.17691,1.17601,1.17632,0.0
2026-04-18 15:00:00,1.17633,1.17717,1.17628,1.17633,0.0
2026-04-18 19:00:00,1.17633,1.17754,1.1763,1.17698,0.0
2026-04-18 23:00:00,1.17696,1.17739,1.1762,1.17653,0.0
2026-04-19 03:00:00,1.17651,1.17728,1.17644,1.17727,0.0
2026-04-19 07:00:00,1.17725,1.1775,1.17629,1.17702,0.0
2026-04-19 11:00:00,1.17701,1.17757,1.17647,1.17738,0.0
2026-04-19 15:00:00,1.17738,1.17744,1.17668,1.17735,0.0
2026-04-19 19:00:00,1.17735,1.17754,1.17479,1.17664,0.0
2026-04-19 23:00:00,1.17662,1.17673,1.175,1.17555,0.0
2026-04-20 03:00:00,1.17552,1.17804,1.17303,1.17416,0.0
2026-04-20 07:00:00,1.1741,1.17569,1.17299,1.17552,0.0
2026-04-20 11:00:00,1.17552,1.17626,1.17515,1.17593,0.0
2026-04-20 15:00:00,1.17594,1.17721,1.17482,1.17618,0.0
2026-04-20 19:00:00,1.17619,1.17752,1.17561,1.17639,0.0
2026-04-20 23:00:00,1.17638,1.17895,1.17616,1.17853,0.0
2026-04-21 03:00:00,1.17849,1.17901,1.178,1.17877,0.0
2026-04-21 07:00:00,1.17874,1.1791,1.17811,1.17833,0.0
2026-04-21 11:00:00,1.17833,1.17862,1.17737,1.17757,0.0
2026-04-21 15:00:00,1.17758,1.17827,1.17571,1.17646,0.0
2026-04-21 19:00:00,1.17646,1.1768,1.17569,1.17591,0.0
2026-04-21 23:00:00,1.1759,1.17736,1.17409,1.17425,0.0
2026-04-22 03:00:00,1.17423,1.17636,1.17161,1.17438,0.0
2026-04-22 07:00:00,1.17436,1.17516,1.17339,1.17445,0.0
2026-04-22 11:00:00,1.17445,1.17484,1.17381,1.17396,0.0
2026-04-22 15:00:00,1.17397,1.17603,1.17395,1.17539,0.0
2026-04-22 19:00:00,1.17539,1.17579,1.17257,1.17291,0.0
2026-04-22 23:00:00,1.17289,1.17438,1.17106,1.17129,0.0
2026-04-23 03:00:00,1.17127,1.17172,1.17035,1.17066,0.0
2026-04-23 07:00:00,1.17066,1.1713,1.16935,1.1712,0.0
2026-04-23 11:00:00,1.1712,1.17128,1.16952,1.17002,0.0
2026-04-23 15:00:00,1.17003,1.17122,1.16962,1.1702,0.0
2026-04-23 19:00:00,1.1702,1.17024,1.16795,1.16921,0.0
2026-04-23 23:00:00,1.16919,1.1716,1.16833,1.17025,0.0
2026-04-24 03:00:00,1.17022,1.17028,1.16714,1.16831,0.0
2026-04-24 07:00:00,1.16829,1.16895,1.16794,1.16854,0.0
2026-04-24 11:00:00,1.16854,1.16889,1.16738,1.1679,0.0
2026-04-24 15:00:00,1.16792,1.16958,1.1677,1.16895,0.0
2026-04-24 19:00:00,1.16896,1.17184,1.16849,1.17092,0.0
2026-04-24 23:00:00,1.17089,1.17205,1.16996,1.17196,0.0
2026-04-25 03:00:00,1.17192,1.1723,1.17116,1.17191,0.0
2026-04-25 07:00:00,1.17187,1.1726,1.17169,1.17172,0.0
2026-04-25 11:00:00,1.17173,1.17198,1.17169,1.1717,0.0
2026-04-25 15:00:00,1.17171,1.17217,1.17167,1.17173,0.0
2026-04-25 19:00:00,1.17173,1.17216,1.1717,1.17211,0.0
2026-04-25 23:00:00,1.17209,1.17217,1.17168,1.17193,0.0
2026-04-26 03:00:00,1.1719,1.17226,1.17177,1.17222,0.0
2026-04-26 07:00:00,1.17221,1.17229,1.17176,1.17215,0.0
2026-04-26 11:00:00,1.17216,1.17232,1.17184,1.17218,0.0
2026-04-26 15:00:00,1.17219,1.17231,1.17179,1.17227,0.0
2026-04-26 19:00:00,1.17226,1.17233,1.17176,1.17185,0.0
2026-04-26 23:00:00,1.17183,1.17296,1.17146,1.17161,0.0
2026-04-27 03:00:00,1.17158,1.17209,1.16867,1.16981,0.0
2026-04-27 07:00:00,1.16986,1.17159,1.16901,1.17159,0.0
2026-04-27 11:00:00,1.17162,1.17322,1.1716,1.17269,0.0
2026-04-27 15:00:00,1.17269,1.17507,1.17169,1.17493,0.0
2026-04-27 19:00:00,1.17491,1.1755,1.17386,1.17453,0.0
2026-04-27 23:00:00,1.17451,1.17547,1.17259,1.17279,0.0
2026-04-28 03:00:00,1.17279,1.173,1.17196,1.1721,0.0
2026-04-28 07:00:00,1.17208,1.17272,1.17177,1.17192,0.0
2026-04-28 11:00:00,1.17192,1.17192,1.17082,1.17123,0.0
2026-04-28 15:00:00,1.17124,1.17134,1.16873,1.17023,0.0
2026-04-28 19:00:00,1.17021,1.17023,1.16785,1.16973,0.0
2026-04-28 23:00:00,1.16971,1.17172,1.16891,1.17109,0.0
2026-04-29 03:00:00,1.17106,1.17178,1.17069,1.17132,0.0
2026-04-29 07:00:00,1.17132,1.17208,1.17124,1.17169,0.0
2026-04-29 11:00:00,1.17169,1.17172,1.1705,1.17057,0.0
2026-04-29 15:00:00,1.17057,1.17081,1.16921,1.17009,0.0
2026-04-29 19:00:00,1.17007,1.17096,1.16952,1.16992,0.0
2026-04-29 23:00:00,1.16989,1.1704,1.16837,1.1685,0.0
2026-04-30 03:00:00,1.16849,1.16887,1.16636,1.16755,0.0
2026-04-30 07:00:00,1.16754,1.16892,1.16711,1.16794,0.0
2026-04-30 11:00:00,1.16795,1.16819,1.1656,1.16601,0.0
2026-04-30 15:00:00,1.16603,1.16971,1.16575,1.16785,0.0
2026-04-30 19:00:00,1.16786,1.17206,1.16755,1.16939,0.0
2026-04-30 23:00:00,1.16937,1.17358,1.16837,1.17262,0.0
2026-05-01 03:00:00,1.17258,1.17405,1.17235,1.17323,0.0
2026-05-01 07:00:00,1.17317,1.17357,1.17246,1.17288,0.0
2026-05-01 11:00:00,1.17282,1.17365,1.17258,1.1727,0.0
2026-05-01 15:00:00,1.17268,1.17471,1.17193,1.17438,0.0
2026-05-01 19:00:00,1.17432,1.17686,1.17315,1.1759,0.0
2026-05-01 23:00:00,1.17576,1.17844,1.17396,1.17408,0.0
2026-05-02 03:00:00,1.17388,1.17407,1.1716,1.17195,0.0
2026-05-02 07:00:00,1.17206,1.17266,1.17192,1.17198,0.0
2026-05-02 11:00:00,1.17199,1.17254,1.17176,1.17199,0.0
2026-05-02 15:00:00,1.17199,1.17254,1.17186,1.17201,0.0
2026-05-02 19:00:00,1.172,1.17254,1.17185,1.17221,0.0
2026-05-02 23:00:00,1.17212,1.17254,1.17185,1.17202,0.0
2026-05-03 03:00:00,1.172,1.17254,1.17193,1.17232,0.0
2026-05-03 07:00:00,1.17232,1.17254,1.17198,1.17213,0.0
2026-05-03 11:00:00,1.17213,1.17254,1.17192,1.17223,0.0
2026-05-03 15:00:00,1.17223,1.17254,1.17216,1.17237,0.0
2026-05-03 19:00:00,1.17236,1.17272,1.17229,1.17269,0.0
2026-05-03 23:00:00,1.17267,1.17299,1.17168,1.17206,0.0
2026-05-04 03:00:00,1.17204,1.17604,1.17175,1.17326,0.0
2026-05-04 07:00:00,1.17392,1.17511,1.17199,1.17266,0.0
2026-05-04 11:00:00,1.17268,1.17382,1.17208,1.17289,0.0
2026-05-04 15:00:00,1.17288,1.17382,1.17123,1.17197,0.0
2026-05-04 19:00:00,1.17198,1.17238,1.1689,1.1712,0.0
2026-05-04 23:00:00,1.17059,1.17179,1.16818,1.16823,0.0
2026-05-05 03:00:00,1.16826,1.17015,1.1681,1.16915,0.0
2026-05-05 07:00:00,1.16912,1.16951,1.16853,1.16867,0.0
2026-05-05 11:00:00,1.1686,1.16916,1.16775,1.16779,0.0
2026-05-05 15:00:00,1.16775,1.16963,1.16769,1.16888,0.0
2026-05-05 19:00:00,1.16872,1.16975,1.16817,1.1693,0.0
2026-05-05 23:00:00,1.16928,1.17136,1.16921,1.17008,0.0
2026-05-06 03:00:00,1.17007,1.17036,1.16926,1.16931,0.0
2026-05-06 07:00:00,1.16933,1.17251,1.1692,1.17201,0.0
2026-05-06 11:00:00,1.17205,1.17426,1.1716,1.17389,0.0
2026-05-06 15:00:00,1.1739,1.1773,1.17251,1.17643,0.0
2026-05-06 19:00:00,1.17644,1.1796,1.17522,1.17537,0.0
2026-05-06 23:00:00,1.17537,1.17621,1.17448,1.17452,0.0
2026-05-07 03:00:00,1.17455,1.17558,1.17417,1.17489,0.0
2026-05-07 07:00:00,1.17489,1.17546,1.17465,1.17489,0.0
2026-05-07 11:00:00,1.17484,1.17637,1.17472,1.17514,0.0
2026-05-07 15:00:00,1.17513,1.17741,1.17454,1.17703,0.0
2026-05-07 19:00:00,1.17705,1.17781,1.17628,1.17748,0.0
2026-05-07 23:00:00,1.1774,1.17783,1.17569,1.17598,0.0
2026-05-08 03:00:00,1.17594,1.17608,1.17242,1.17243,0.0
2026-05-08 07:00:00,1.17243,1.17355,1.17233,1.1729,0.0
2026-05-08 11:00:00,1.17287,1.17357,1.17248,1.17347,0.0
2026-05-08 15:00:00,1.1735,1.17647,1.17332,1.17625,0.0
2026-05-08 19:00:00,1.17618,1.17805,1.17591,1.17775,0.0
2026-05-08 23:00:00,1.17776,1.17871,1.1766,1.17726,0.0
2026-05-09 03:00:00,1.17724,1.17881,1.17707,1.17842,0.0
2026-05-09 07:00:00,1.17847,1.1793,1.17843,1.17845,0.0
2026-05-09 11:00:00,1.17846,1.17916,1.1782,1.17845,0.0
2026-05-09 15:00:00,1.17845,1.17923,1.17823,1.1785,0.0
2026-05-09 19:00:00,1.17849,1.17925,1.17834,1.17907,0.0
2026-05-09 23:00:00,1.17871,1.17925,1.17579,1.17847,0.0
2026-05-10 03:00:00,1.17845,1.17927,1.17801,1.1787,0.0
2026-05-10 07:00:00,1.17867,1.17925,1.17818,1.17883,0.0
2026-05-10 11:00:00,1.17883,1.17925,1.17828,1.17866,0.0
2026-05-10 15:00:00,1.17866,1.17926,1.17858,1.17922,0.0
2026-05-10 19:00:00,1.17921,1.17942,1.17813,1.17939,0.0
2026-05-10 23:00:00,1.17937,1.18088,1.17642,1.17778,0.0
2026-05-11 03:00:00,1.17776,1.17969,1.17451,1.17759,0.0
2026-05-11 07:00:00,1.17621,1.17831,1.17502,1.17698,0.0
2026-05-11 11:00:00,1.17691,1.17705,1.17507,1.17508,0.0
2026-05-11 15:00:00,1.17509,1.17825,1.17492,1.17726,0.0
2026-05-11 19:00:00,1.17732,1.17755,1.17649,1.17721,0.0
2026-05-11 23:00:00,1.17722,1.17883,1.1771,1.17731,0.0
2026-05-12 03:00:00,1.17734,1.17835,1.17723,1.17827,0.0
2026-05-12 07:00:00,1.17825,1.17883,1.1768,1.17684,0.0
2026-05-12 11:00:00,1.17683,1.17692,1.1755,1.17581,0.0
2026-05-12 15:00:00,1.17582,1.17637,1.17407,1.17464,0.0
2026-05-12 19:00:00,1.17461,1.17507,1.17344,1.17485,0.0
2026-05-12 23:00:00,1.17482,1.17502,1.17233,1.17288,0.0
2026-05-13 03:00:00,1.17294,1.17475,1.17267,1.17409,0.0
2026-05-13 07:00:00,1.17406,1.17429,1.17326,1.17381,0.0
2026-05-13 11:00:00,1.17374,1.17422,1.17323,1.17345,0.0
2026-05-13 15:00:00,1.17345,1.17373,1.17011,1.17032,0.0
2026-05-13 19:00:00,1.17024,1.17176,1.16963,1.17017,0.0
2026-05-13 23:00:00,1.17014,1.17185,1.17003,1.17087,0.0
2026-05-14 03:00:00,1.17087,1.17147,1.17041,1.17139,0.0
2026-05-14 07:00:00,1.17139,1.17193,1.17103,1.17172,0.0
2026-05-14 11:00:00,1.17173,1.17182,1.17099,1.17147,0.0
2026-05-14 15:00:00,1.17147,1.17215,1.17058,1.17114,0.0
2026-05-14 19:00:00,1.17112,1.17129,1.16969,1.16975,0.0
2026-05-14 23:00:00,1.16977,1.17007,1.16716,1.16753,0.0
2026-05-15 03:00:00,1.16742,1.16811,1.16664,1.16698,0.0
2026-05-15 07:00:00,1.16692,1.16743,1.16526,1.16561,0.0
2026-05-15 11:00:00,1.16554,1.16573,1.16461,1.16475,0.0
2026-05-15 15:00:00,1.16472,1.16506,1.16312,1.16327,0.0
2026-05-15 19:00:00,1.16322,1.16552,1.1618,1.16286,0.0
2026-05-15 23:00:00,1.16284,1.16374,1.16201,1.16296,0.0
2026-05-16 03:00:00,1.16289,1.16354,1.16174,1.16254,0.0
2026-05-16 07:00:00,1.1625,1.16259,1.16225,1.16246,0.0
2026-05-16 11:00:00,1.16247,1.16257,1.16233,1.16249,0.0
2026-05-16 15:00:00,1.16249,1.16261,1.16226,1.16254,0.0
2026-05-16 19:00:00,1.16252,1.1626,1.16225,1.16245,0.0
2026-05-16 23:00:00,1.16242,1.16256,1.16225,1.16252,0.0
2026-05-17 03:00:00,1.1625,1.16257,1.16225,1.16244,0.0
2026-05-17 07:00:00,1.16245,1.16254,1.16225,1.16235,0.0
2026-05-17 11:00:00,1.16236,1.16255,1.16225,1.16242,0.0
2026-05-17 15:00:00,1.16241,1.1625,1.16225,1.16236,0.0
2026-05-17 19:00:00,1.16233,1.16257,1.16225,1.16252,0.0
2026-05-17 23:00:00,1.16249,1.16294,1.16203,1.16244,0.0
2026-05-18 03:00:00,1.16242,1.1632,1.1613,1.16245,0.0
2026-05-18 07:00:00,1.16246,1.16259,1.1609,1.1611,0.0
2026-05-18 11:00:00,1.16106,1.16263,1.16094,1.16209,0.0
2026-05-18 15:00:00,1.16208,1.16453,1.16171,1.1642,0.0
2026-05-18 19:00:00,1.16417,1.16572,1.16271,1.16509,0.0
2026-05-18 23:00:00,1.16511,1.1656,1.16335,1.16545,0.0
2026-05-19 03:00:00,1.16541,1.16607,1.16277,1.16564,0.0
2026-05-19 07:00:00,1.16559,1.16621,1.16439,1.16445,0.0
2026-05-19 11:00:00,1.16447,1.1653,1.16353,1.16363,0.0
2026-05-19 15:00:00,1.16363,1.16461,1.16226,1.16238,0.0
2026-05-19 19:00:00,1.16235,1.16267,1.16113,1.1619,0.0
2026-05-19 23:00:00,1.16196,1.16196,1.15926,1.16077,0.0
2026-05-20 03:00:00,1.16075,1.16142,1.16028,1.16071,0.0
2026-05-20 07:00:00,1.16068,1.16135,1.16011,1.16018,0.0
2026-05-20 11:00:00,1.16028,1.16065,1.15931,1.15978,0.0
2026-05-20 15:00:00,1.15981,1.16059,1.15845,1.15914,0.0
2026-05-20 19:00:00,1.15907,1.16056,1.15871,1.15944,0.0
2026-05-20 23:00:00,1.1596,1.16518,1.15833,1.16237,0.0
2026-05-21 03:00:00,1.16243,1.16356,1.16171,1.1626,0.0
2026-05-21 07:00:00,1.16257,1.16293,1.16228,1.16291,0.0
2026-05-21 11:00:00,1.16287,1.16349,1.16166,1.16231,0.0
2026-05-21 15:00:00,1.1623,1.16361,1.15945,1.16229,0.0
2026-05-21 19:00:00,1.16226,1.1633,1.15938,1.15992,0.0
2026-05-21 23:00:00,1.15998,1.16005,1.15774,1.15961,0.0
2026-05-22 03:00:00,1.15957,1.16316,1.15932,1.16179,0.0
2026-05-22 07:00:00,1.16174,1.16232,1.16124,1.16152,0.0
2026-05-22 11:00:00,1.16149,1.16161,1.16089,1.16151,0.0
2026-05-22 15:00:00,1.16152,1.16174,1.16015,1.16077,0.0
2026-05-22 19:00:00,1.16072,1.16086,1.15929,1.16023,0.0
2026-05-22 23:00:00,1.16024,1.16178,1.15888,1.16097,0.0
2026-05-23 03:00:00,1.161,1.16202,1.15986,1.16031,0.0
2026-05-23 07:00:00,1.16028,1.16098,1.15989,1.16023,0.0
2026-05-23 11:00:00,1.16023,1.16054,1.16006,1.16024,0.0
2026-05-23 15:00:00,1.16023,1.16052,1.16012,1.16025,0.0
2026-05-23 19:00:00,1.16023,1.16063,1.16007,1.16046,0.0
2026-05-23 23:00:00,1.16041,1.16081,1.16004,1.16031,0.0
2026-05-24 03:00:00,1.16031,1.16081,1.16016,1.16024,0.0
2026-05-24 07:00:00,1.16025,1.16085,1.16011,1.1608,0.0
2026-05-24 11:00:00,1.1608,1.16117,1.15994,1.16069,0.0
2026-05-24 15:00:00,1.16067,1.16092,1.15997,1.16089,0.0
2026-05-24 19:00:00,1.16086,1.16117,1.16035,1.1604,0.0
2026-05-24 23:00:00,1.16038,1.16064,1.15999,1.16006,0.0
2026-05-25 03:00:00,1.16006,1.16629,1.15864,1.1616,0.0
2026-05-25 07:00:00,1.16306,1.16495,1.15907,1.16366,0.0
2026-05-25 11:00:00,1.1638,1.16477,1.16349,1.16441,0.0
2026-05-25 15:00:00,1.16437,1.16452,1.16306,1.16444,0.0
2026-05-25 19:00:00,1.16441,1.16531,1.16406,1.1648,0.0
2026-05-25 23:00:00,1.16482,1.16505,1.16367,1.1641,0.0
2026-05-26 03:00:00,1.16411,1.16447,1.16405,1.16434,0.0
2026-05-26 07:00:00,1.16435,1.1645,1.16343,1.16396,0.0
2026-05-26 11:00:00,1.16395,1.16397,1.16303,1.16314,0.0
2026-05-26 15:00:00,1.16311,1.1642,1.16241,1.16372,0.0
2026-05-26 19:00:00,1.1638,1.16451,1.16318,1.16328,0.0
2026-05-26 23:00:00,1.16322,1.16332,1.16167,1.16236,0.0
2026-05-27 03:00:00,1.1624,1.16334,1.16213,1.16322,0.0
2026-05-27 07:00:00,1.16318,1.16409,1.16278,1.16381,0.0
2026-05-27 11:00:00,1.16384,1.16425,1.1633,1.16407,0.0
2026-05-27 15:00:00,1.16407,1.16492,1.16375,1.16451,0.0
2026-05-27 19:00:00,1.16441,1.16614,1.16337,1.16478,0.0
2026-05-27 23:00:00,1.16511,1.16511,1.16232,1.1632,0.0
2026-05-28 03:00:00,1.16321,1.16338,1.16226,1.16258,0.0
2026-05-28 07:00:00,1.16261,1.16316,1.1616,1.16207,0.0
2026-05-28 11:00:00,1.16195,1.16217,1.15865,1.15922,0.0
2026-05-28 15:00:00,1.15919,1.16174,1.15888,1.16162,0.0
2026-05-28 19:00:00,1.16154,1.16382,1.16043,1.1637,0.0
2026-05-28 23:00:00,1.16369,1.166,1.16173,1.16568,0.0
2026-05-29 03:00:00,1.16573,1.16578,1.16447,1.16501,0.0
2026-05-29 07:00:00,1.16499,1.16555,1.16475,1.16481,0.0
2026-05-29 11:00:00,1.16481,1.16566,1.16341,1.16392,0.0
2026-05-29 15:00:00,1.1639,1.16547,1.16256,1.1627,0.0
2026-05-29 19:00:00,1.1626,1.16489,1.1626,1.16481,0.0
2026-05-29 23:00:00,1.16469,1.16857,1.16409,1.16716,0.0
2026-05-30 03:00:00,1.16708,1.16736,1.1659,1.16613,0.0
2026-05-30 07:00:00,1.16608,1.16623,1.16579,1.166,0.0
2026-05-30 11:00:00,1.166,1.1661,1.16587,1.16605,0.0
2026-05-30 15:00:00,1.16599,1.16611,1.16587,1.16605,0.0
2026-05-30 19:00:00,1.16599,1.16609,1.16588,1.16597,0.0
2026-05-30 23:00:00,1.16596,1.16609,1.16585,1.16594,0.0
2026-05-31 03:00:00,1.16595,1.16602,1.16584,1.16595,0.0
2026-05-31 07:00:00,1.16595,1.16611,1.16587,1.16597,0.0
2026-05-31 11:00:00,1.16597,1.16609,1.16588,1.16597,0.0
2026-05-31 15:00:00,1.16595,1.16609,1.16575,1.16593,0.0
2026-05-31 19:00:00,1.16591,1.16598,1.16575,1.16582,0.0
2026-05-31 23:00:00,1.1658,1.16621,1.16568,1.16598,0.0
2026-06-01 03:00:00,1.16598,1.1667,1.16543,1.16593,0.0
2026-06-01 07:00:00,1.16576,1.16617,1.16447,1.16485,0.0
2026-06-01 11:00:00,1.16483,1.16491,1.16417,1.16479,0.0
2026-06-01 15:00:00,1.16476,1.1665,1.16471,1.16573,0.0
2026-06-01 19:00:00,1.16566,1.1661,1.16419,1.1648,0.0
2026-06-01 23:00:00,1.16478,1.16488,1.16075,1.16289,0.0
2026-06-02 03:00:00,1.16293,1.16374,1.16222,1.16325,0.0
2026-06-02 07:00:00,1.16323,1.16368,1.16293,1.1631,0.0
2026-06-02 11:00:00,1.16309,1.16392,1.16289,1.16389,0.0
2026-06-02 15:00:00,1.16387,1.16528,1.16364,1.16431,0.0
2026-06-02 19:00:00,1.16428,1.16553,1.16385,1.16506,0.0
2026-06-02 23:00:00,1.16503,1.16524,1.16274,1.16292,0.0
2026-06-03 03:00:00,1.16287,1.16352,1.16139,1.16318,0.0
2026-06-03 07:00:00,1.16317,1.16335,1.16198,1.16293,0.0
2026-06-03 11:00:00,1.16291,1.16333,1.16245,1.16263,0.0
2026-06-03 15:00:00,1.16261,1.16275,1.16056,1.16095,0.0
2026-06-03 19:00:00,1.16093,1.16233,1.15984,1.16004,0.0
2026-06-03 23:00:00,1.15998,1.16124,1.1595,1.16002,0.0
2026-06-04 03:00:00,1.16006,1.16031,1.15957,1.15984,0.0
2026-06-04 07:00:00,1.15987,1.16122,1.15949,1.16066,0.0
2026-06-04 11:00:00,1.16063,1.16124,1.16027,1.161,0.0
2026-06-04 15:00:00,1.16097,1.16151,1.15988,1.16133,0.0
2026-06-04 19:00:00,1.16128,1.16451,1.16127,1.16387,0.0
2026-06-04 23:00:00,1.16394,1.16404,1.16228,1.16238,0.0
2026-06-05 03:00:00,1.16241,1.16243,1.16082,1.16109,0.0
2026-06-05 07:00:00,1.16115,1.16164,1.16098,1.16135,0.0
2026-06-05 11:00:00,1.16133,1.16172,1.161,1.16168,0.0
2026-06-05 15:00:00,1.16166,1.16401,1.16129,1.16375,0.0
2026-06-05 19:00:00,1.16373,1.16448,1.15902,1.15911,0.0
2026-06-05 23:00:00,1.15926,1.15985,1.15226,1.15326,0.0
2026-06-06 03:00:00,1.1532,1.1533,1.15181,1.15226,0.0
2026-06-06 07:00:00,1.15213,1.15262,1.15199,1.15216,0.0
2026-06-06 11:00:00,1.15214,1.15241,1.15209,1.15217,0.0
2026-06-06 15:00:00,1.15214,1.15233,1.15205,1.15216,0.0
2026-06-06 19:00:00,1.15214,1.15243,1.15205,1.15218,0.0
2026-06-06 23:00:00,1.15216,1.15246,1.15203,1.15214,0.0
2026-06-07 03:00:00,1.15217,1.15245,1.15203,1.15217,0.0
2026-06-07 07:00:00,1.15217,1.15246,1.15195,1.15225,0.0
2026-06-07 11:00:00,1.15222,1.15245,1.15205,1.15238,0.0
2026-06-07 15:00:00,1.15236,1.15246,1.15205,1.15235,0.0
2026-06-07 19:00:00,1.15233,1.15242,1.15223,1.15237,0.0
2026-06-07 23:00:00,1.15237,1.15246,1.15137,1.1522,0.0
2026-06-08 03:00:00,1.15221,1.15264,1.15099,1.1521,0.0
2026-06-08 07:00:00,1.15171,1.15334,1.15087,1.15331,0.0
2026-06-08 11:00:00,1.15329,1.15349,1.15128,1.15312,0.0
2026-06-08 15:00:00,1.15308,1.154,1.15085,1.15102,0.0
2026-06-08 19:00:00,1.15098,1.15445,1.15002,1.1541,0.0
2026-06-08 23:00:00,1.154,1.15548,1.15323,1.15402,0.0
2026-06-09 03:00:00,1.15414,1.15425,1.1528,1.15328,0.0
2026-06-09 07:00:00,1.15327,1.15413,1.15272,1.15314,0.0
2026-06-09 11:00:00,1.15307,1.15484,1.15307,1.15463,0.0
2026-06-09 15:00:00,1.15461,1.15538,1.1537,1.15509,0.0
2026-06-09 19:00:00,1.15518,1.15758,1.15503,1.15746,0.0
2026-06-09 23:00:00,1.15742,1.15781,1.15286,1.15394,0.0
2026-06-10 03:00:00,1.15385,1.15535,1.15385,1.15442,0.0
2026-06-10 07:00:00,1.15441,1.15474,1.15332,1.15427,0.0
2026-06-10 11:00:00,1.1542,1.15519,1.15358,1.15464,0.0
2026-06-10 15:00:00,1.15461,1.15589,1.15456,1.15514,0.0
2026-06-10 19:00:00,1.15512,1.15632,1.15354,1.15501,0.0
2026-06-10 23:00:00,1.15509,1.1573,1.15389,1.15533,0.0
2026-06-11 03:00:00,1.15535,1.15585,1.1535,1.15361,0.0
2026-06-11 07:00:00,1.15359,1.15434,1.1526,1.15427,0.0
2026-06-11 11:00:00,1.15424,1.15562,1.1542,1.15483,0.0
2026-06-11 15:00:00,1.15485,1.15552,1.15312,1.15329,0.0
2026-06-11 19:00:00,1.15333,1.15431,1.1518,1.15374,0.0
2026-06-11 23:00:00,1.15386,1.15404,1.15079,1.15088,0.0
2026-06-12 03:00:00,1.15094,1.1588,1.15028,1.1579,0.0
2026-06-12 07:00:00,1.15792,1.1586,1.15662,1.15683,0.0
2026-06-12 11:00:00,1.15689,1.15755,1.15616,1.15714,0.0
2026-06-12 15:00:00,1.15719,1.15847,1.15568,1.15767,0.0
2026-06-12 19:00:00,1.15761,1.15892,1.15607,1.15642,0.0
2026-06-12 23:00:00,1.15637,1.15833,1.15622,1.15752,0.0
2026-06-13 03:00:00,1.15749,1.15788,1.15662,1.15676,0.0
2026-06-13 07:00:00,1.15675,1.15786,1.1563,1.15671,0.0
2026-06-13 11:00:00,1.15669,1.15797,1.15652,1.15671,0.0
2026-06-13 15:00:00,1.15668,1.1579,1.15641,1.15671,0.0
2026-06-13 19:00:00,1.15669,1.15796,1.15652,1.15698,0.0
2026-06-13 23:00:00,1.15692,1.1579,1.15647,1.15685,0.0
2026-06-14 03:00:00,1.15685,1.15793,1.15656,1.15698,0.0
2026-06-14 07:00:00,1.15697,1.15788,1.15651,1.15739,0.0
2026-06-14 11:00:00,1.15736,1.15768,1.15632,1.15748,0.0
2026-06-14 15:00:00,1.15746,1.1578,1.15635,1.15746,0.0
2026-06-14 19:00:00,1.15744,1.15759,1.15703,1.15717,0.0
2026-06-14 23:00:00,1.15718,1.15737,1.15643,1.15658,0.0
2026-06-15 03:00:00,1.15659,1.15852,1.15576,1.15582,0.0
2026-06-15 07:00:00,1.15587,1.16179,1.15587,1.15991,0.0
2026-06-15 11:00:00,1.15994,1.16136,1.15942,1.16127,0.0
2026-06-15 15:00:00,1.16121,1.16222,1.15969,1.16015,0.0
2026-06-15 19:00:00,1.16014,1.16194,1.16001,1.1614,0.0
2026-06-15 23:00:00,1.16147,1.16205,1.15968,1.16054,0.0
2026-06-16 03:00:00,1.1605,1.16052,1.1584,1.15898,0.0
2026-06-16 07:00:00,1.15896,1.16013,1.15855,1.15928,0.0
2026-06-16 11:00:00,1.15919,1.15949,1.15762,1.15792,0.0
2026-06-16 15:00:00,1.15789,1.16066,1.15746,1.16065,0.0
2026-06-16 19:00:00,1.16063,1.16125,1.15923,1.16,0.0
2026-06-16 23:00:00,1.15994,1.16194,1.15875,1.16137,0.0
2026-06-17 03:00:00,1.1614,1.16146,1.16058,1.16087,0.0
2026-06-17 07:00:00,1.16086,1.16169,1.16078,1.16143,0.0
2026-06-17 11:00:00,1.16136,1.16165,1.16087,1.16119,0.0
2026-06-17 15:00:00,1.16119,1.16155,1.15985,1.16026,0.0
2026-06-17 19:00:00,1.16024,1.16063,1.15855,1.16026,0.0
2026-06-17 23:00:00,1.16021,1.16034,1.15841,1.15914,0.0
2026-06-18 03:00:00,1.15917,1.16073,1.14778,1.15021,0.0
2026-06-18 07:00:00,1.15016,1.15212,1.15005,1.15167,0.0
2026-06-18 11:00:00,1.15164,1.15262,1.15132,1.15236,0.0
2026-06-18 15:00:00,1.15245,1.15297,1.14825,1.14827,0.0
2026-06-18 19:00:00,1.14832,1.14853,1.14542,1.14711,0.0
2026-06-18 23:00:00,1.14707,1.14893,1.1462,1.14644,0.0
2026-06-19 03:00:00,1.14636,1.14737,1.14513,1.14578,0.0
2026-06-19 07:00:00,1.14576,1.1465,1.14556,1.14644,0.0
2026-06-19 11:00:00,1.1464,1.1464,1.14277,1.14281,0.0
2026-06-19 15:00:00,1.14283,1.14659,1.1418,1.14641,0.0
2026-06-19 19:00:00,1.14638,1.14747,1.14525,1.14721,0.0
2026-06-19 23:00:00,1.14717,1.14759,1.1457,1.14684,0.0
2026-06-20 03:00:00,1.14675,1.14812,1.14675,1.1471,0.0
2026-06-20 07:00:00,1.14738,1.14803,1.14679,1.14748,0.0
2026-06-20 11:00:00,1.14745,1.148,1.14726,1.14747,0.0
2026-06-20 15:00:00,1.14745,1.14803,1.14717,1.14745,0.0
2026-06-20 19:00:00,1.14745,1.14804,1.14716,1.14755,0.0
2026-06-20 23:00:00,1.14752,1.14811,1.14714,1.14745,0.0
2026-06-21 03:00:00,1.14745,1.14813,1.14708,1.14764,0.0
2026-06-21 07:00:00,1.14762,1.14804,1.14739,1.14753,0.0
2026-06-21 11:00:00,1.1475,1.148,1.14735,1.14766,0.0
2026-06-21 15:00:00,1.14765,1.14797,1.14734,1.14769,0.0
2026-06-21 19:00:00,1.14769,1.14798,1.14726,1.14735,0.0
2026-06-21 23:00:00,1.14736,1.14749,1.14704,1.1471,0.0
2026-06-22 03:00:00,1.1471,1.1483,1.14471,1.14687,0.0
2026-06-22 07:00:00,1.14656,1.14767,1.14576,1.14654,0.0
2026-06-22 11:00:00,1.14643,1.14734,1.1453,1.14558,0.0
2026-06-22 15:00:00,1.14555,1.14633,1.1442,1.14478,0.0
2026-06-22 19:00:00,1.14488,1.14623,1.14478,1.1456,0.0
2026-06-22 23:00:00,1.14562,1.14617,1.14254,1.14313,0.0
2026-06-23 03:00:00,1.14308,1.14335,1.14192,1.14291,0.0
2026-06-23 07:00:00,1.14289,1.14305,1.1423,1.14269,0.0
2026-06-23 11:00:00,1.14266,1.14322,1.14192,1.14205,0.0
2026-06-23 15:00:00,1.14209,1.14386,1.14049,1.1408,0.0
2026-06-23 19:00:00,1.14086,1.1413,1.13839,1.13875,0.0
2026-06-23 23:00:00,1.13882,1.14,1.1376,1.13793,0.0
2026-06-24 03:00:00,1.13794,1.13833,1.13763,1.13822,0.0
2026-06-24 07:00:00,1.13819,1.13848,1.13736,1.13768,0.0
2026-06-24 11:00:00,1.13766,1.13775,1.13616,1.13634,0.0
2026-06-24 15:00:00,1.13631,1.13757,1.13385,1.13526,0.0
2026-06-24 19:00:00,1.1353,1.1354,1.13239,1.13298,0.0
2026-06-24 23:00:00,1.13296,1.13674,1.1325,1.13591,0.0
2026-06-25 03:00:00,1.13588,1.13619,1.1349,1.13586,0.0
2026-06-25 07:00:00,1.1359,1.13628,1.1348,1.13542,0.0
2026-06-25 11:00:00,1.13539,1.13714,1.13528,1.13681,0.0
2026-06-25 15:00:00,1.13678,1.13722,1.13437,1.1368,0.0
2026-06-25 19:00:00,1.13676,1.13728,1.13336,1.13535,0.0
2026-06-25 23:00:00,1.13544,1.13899,1.13495,1.13739,0.0
2026-06-26 03:00:00,1.13743,1.13802,1.13688,1.13709,0.0
2026-06-26 07:00:00,1.13708,1.13771,1.13604,1.13657,0.0
2026-06-26 11:00:00,1.13654,1.13769,1.13545,1.13767,0.0
2026-06-26 15:00:00,1.13763,1.14076,1.13716,1.14023,0.0
2026-06-26 19:00:00,1.1402,1.1432,1.13939,1.14309,0.0
2026-06-26 23:00:00,1.14293,1.14331,1.13834,1.13902,0.0
2026-06-27 03:00:00,1.13906,1.13933,1.13811,1.13864,0.0
2026-06-27 07:00:00,1.13855,1.13955,1.13846,1.13866,0.0
2026-06-27 11:00:00,1.13864,1.13969,1.13847,1.13864,0.0
2026-06-27 15:00:00,1.13864,1.13955,1.13808,1.13862,0.0
2026-06-27 19:00:00,1.13865,1.13968,1.13835,1.13885,0.0
2026-06-27 23:00:00,1.1388,1.13967,1.13834,1.13884,0.0
2026-06-28 03:00:00,1.13883,1.13968,1.13853,1.13892,0.0
2026-06-28 07:00:00,1.13889,1.13958,1.13851,1.13899,0.0
2026-06-28 11:00:00,1.13897,1.13952,1.13849,1.13917,0.0
2026-06-28 15:00:00,1.13917,1.13967,1.13832,1.13914,0.0
2026-06-28 19:00:00,1.13915,1.13942,1.13886,1.13899,0.0
2026-06-28 23:00:00,1.13899,1.13904,1.13817,1.13867,0.0
2026-06-29 03:00:00,1.13866,1.13958,1.1379,1.13951,0.0
2026-06-29 07:00:00,1.1394,1.1394,1.13821,1.13889,0.0
2026-06-29 11:00:00,1.13888,1.13934,1.13812,1.13827,0.0
2026-06-29 15:00:00,1.13824,1.14174,1.13821,1.13963,0.0
2026-06-29 19:00:00,1.1396,1.14117,1.13948,1.1401,0.0
2026-06-29 23:00:00,1.14014,1.14309,1.14006,1.14262,0.0
2026-06-30 03:00:00,1.14269,1.14295,1.14217,1.14248,0.0
2026-06-30 07:00:00,1.14245,1.1427,1.1413,1.1417,0.0
2026-06-30 11:00:00,1.14166,1.14169,1.13894,1.13901,0.0
2026-06-30 15:00:00,1.13912,1.14094,1.13827,1.13917,0.0
2026-06-30 19:00:00,1.13923,1.14027,1.13847,1.13974,0.0
2026-06-30 23:00:00,1.13994,1.14347,1.13928,1.14149,0.0
2026-07-01 03:00:00,1.14146,1.14279,1.14136,1.14218,0.0
2026-07-01 07:00:00,1.14215,1.14259,1.14087,1.14107,0.0
2026-07-01 11:00:00,1.14105,1.14106,1.14016,1.14091,0.0
2026-07-01 15:00:00,1.14095,1.14109,1.13932,1.13955,0.0
2026-07-01 19:00:00,1.13968,1.14005,1.13685,1.13713,0.0
2026-07-01 23:00:00,1.13724,1.14125,1.13609,1.13841,0.0
2026-07-02 03:00:00,1.13836,1.13862,1.13742,1.13786,0.0
2026-07-02 07:00:00,1.13784,1.13834,1.13753,1.13772,0.0
2026-07-02 11:00:00,1.1377,1.13886,1.13764,1.13875,0.0
2026-07-02 15:00:00,1.13873,1.14219,1.13821,1.14168,0.0
2026-07-02 19:00:00,1.14182,1.1473,1.13959,1.14503,0.0
2026-07-02 23:00:00,1.14538,1.14584,1.14332,1.14382,0.0
2026-07-03 03:00:00,1.14395,1.14395,1.1426,1.14342,0.0
2026-07-03 07:00:00,1.14339,1.14364,1.14209,1.14302,0.0
2026-07-03 11:00:00,1.14293,1.14463,1.14293,1.14457,0.0
2026-07-03 15:00:00,1.14452,1.14621,1.14452,1.1453,0.0
2026-07-03 19:00:00,1.14533,1.1457,1.14405,1.14472,0.0
2026-07-03 23:00:00,1.14479,1.14479,1.1435,1.14373,0.0
2026-07-04 03:00:00,1.14369,1.14422,1.14348,1.14363,0.0
2026-07-04 07:00:00,1.1437,1.14449,1.14348,1.14371,0.0
2026-07-04 11:00:00,1.14369,1.14456,1.14356,1.14371,0.0
2026-07-04 15:00:00,1.14371,1.14454,1.14359,1.14367,0.0
2026-07-04 19:00:00,1.14368,1.14458,1.14326,1.14398,0.0
2026-07-04 23:00:00,1.14397,1.14454,1.14345,1.14392,0.0
2026-07-05 03:00:00,1.1439,1.14456,1.14358,1.14383,0.0
2026-07-05 07:00:00,1.14381,1.14453,1.14356,1.14398,0.0
2026-07-05 11:00:00,1.14397,1.14445,1.14347,1.14421,0.0
2026-07-05 15:00:00,1.14422,1.14441,1.14346,1.14423,0.0
2026-07-05 19:00:00,1.14423,1.14432,1.14414,1.14418,0.0
2026-07-05 23:00:00,1.14418,1.14423,1.14354,1.14375,0.0
2026-07-06 03:00:00,1.14373,1.14658,1.14241,1.14428,0.0
2026-07-06 07:00:00,1.14424,1.1444,1.14333,1.14391,0.0
2026-07-06 11:00:00,1.1439,1.14393,1.14278,1.1433,0.0
2026-07-06 15:00:00,1.14331,1.14334,1.14153,1.14201,0.0
2026-07-06 19:00:00,1.14195,1.14215,1.14099,1.14124,0.0
2026-07-06 23:00:00,1.14126,1.14321,1.14094,1.14301,0.0
2026-07-07 03:00:00,1.14303,1.14459,1.14303,1.14412,0.0
2026-07-07 07:00:00,1.14409,1.1448,1.14375,1.14396,0.0
2026-07-07 11:00:00,1.14402,1.14483,1.14358,1.14362,0.0
2026-07-07 15:00:00,1.14368,1.14375,1.1425,1.14287,0.0
2026-07-07 19:00:00,1.14284,1.1442,1.14235,1.14357,0.0
2026-07-07 23:00:00,1.14351,1.14433,1.14183,1.1423,0.0
2026-07-08 03:00:00,1.14224,1.14303,1.14077,1.14121,0.0
2026-07-08 07:00:00,1.14119,1.14162,1.14003,1.1409,0.0
2026-07-08 11:00:00,1.14089,1.14166,1.13994,1.1415,0.0
2026-07-08 15:00:00,1.14147,1.14317,1.14012,1.14109,0.0
2026-07-08 19:00:00,1.14112,1.14147,1.13915,1.13982,0.0
2026-07-08 23:00:00,1.1399,1.14156,1.13919,1.14142,0.0
2026-07-09 03:00:00,1.14139,1.14303,1.14137,1.14169,0.0
2026-07-09 07:00:00,1.14167,1.14303,1.1416,1.14259,0.0
2026-07-09 11:00:00,1.14255,1.14305,1.14204,1.14269,0.0
2026-07-09 15:00:00,1.1427,1.14494,1.14253,1.14257,0.0
2026-07-09 19:00:00,1.14266,1.14358,1.14215,1.14241,0.0
2026-07-09 23:00:00,1.14249,1.14467,1.1424,1.14369,0.0
2026-07-10 03:00:00,1.14371,1.1441,1.14256,1.14307,0.0
2026-07-10 07:00:00,1.14304,1.14418,1.14291,1.14418,0.0
2026-07-10 11:00:00,1.14416,1.14605,1.14384,1.14412,0.0
2026-07-10 15:00:00,1.14414,1.14474,1.14309,1.14316,0.0
2026-07-10 19:00:00,1.14322,1.14408,1.14233,1.14281,0.0
2026-07-10 23:00:00,1.14272,1.14417,1.14141,1.14324,0.0
2026-07-11 03:00:00,1.14324,1.14324,1.14116,1.14156,0.0
2026-07-11 07:00:00,1.14154,1.14219,1.14063,1.14147,0.0
2026-07-11 11:00:00,1.1411,1.1422,1.14061,1.14148,0.0
2026-07-11 15:00:00,1.14142,1.14224,1.14067,1.1414,0.0
2026-07-11 19:00:00,1.14083,1.14237,1.14051,1.14156,0.0
2026-07-11 23:00:00,1.14153,1.14192,1.14137,1.14158,0.0
2026-07-12 03:00:00,1.14155,1.1421,1.14101,1.14176,0.0
2026-07-12 07:00:00,1.14174,1.14197,1.14136,1.1416,0.0
2026-07-12 11:00:00,1.1416,1.1419,1.14138,1.14173,0.0
2026-07-12 15:00:00,1.14174,1.14193,1.14136,1.14175,0.0
2026-07-12 19:00:00,1.14175,1.14205,1.14137,1.142,0.0
2026-07-12 23:00:00,1.14199,1.14218,1.14073,1.1415,0.0
2026-07-13 03:00:00,1.14148,1.14301,1.13998,1.14108,0.0
2026-07-13 07:00:00,1.141,1.1419,1.13891,1.13963,0.0
2026-07-13 11:00:00,1.13962,1.14053,1.13858,1.14052,0.0
2026-07-13 15:00:00,1.1405,1.14457,1.13961,1.14364,0.0
2026-07-13 19:00:00,1.14372,1.14373,1.14211,1.14293,0.0
2026-07-13 23:00:00,1.14283,1.14328,1.13837,1.13884,0.0
2026-07-14 03:00:00,1.1388,1.1391,1.1378,1.13805,0.0
2026-07-14 07:00:00,1.13803,1.13894,1.13784,1.13866,0.0
2026-07-14 11:00:00,1.1387,1.13963,1.13847,1.13905,0.0
2026-07-14 15:00:00,1.13909,1.14063,1.13844,1.14003,0.0
2026-07-14 19:00:00,1.14002,1.1462,1.13903,1.14427,0.0
2026-07-14 23:00:00,1.14429,1.14582,1.14247,1.14326,0.0
2026-07-15 03:00:00,1.14323,1.14333,1.14169,1.14211,0.0
2026-07-15 07:00:00,1.14212,1.14345,1.14177,1.14344,0.0
2026-07-15 11:00:00,1.14341,1.14425,1.14326,1.14369,0.0
2026-07-15 15:00:00,1.14373,1.14437,1.14203,1.14243,0.0
2026-07-15 19:00:00,1.1424,1.14297,1.14068,1.14295,0.0
2026-07-15 23:00:00,1.14288,1.14416,1.14243,1.14413,0.0
2026-07-16 03:00:00,1.144,1.14818,1.14397,1.14633,0.0
2026-07-16 07:00:00,1.14634,1.14747,1.14618,1.14743,0.0
2026-07-16 11:00:00,1.14738,1.14745,1.14605,1.14666,0.0
2026-07-16 15:00:00,1.14664,1.1477,1.14622,1.14656,0.0
2026-07-16 19:00:00,1.14651,1.14713,1.14477,1.1448,0.0
2026-07-16 23:00:00,1.14483,1.1459,1.14346,1.14361,0.0
2026-07-17 03:00:00,1.1436,1.14446,1.14313,1.14431,0.0
2026-07-17 07:00:00,1.14437,1.14467,1.14399,1.14463,0.0
2026-07-17 11:00:00,1.14456,1.14484,1.14348,1.14362,0.0
2026-07-17 15:00:00,1.14363,1.14522,1.14359,1.14421,0.0
2026-07-17 19:00:00,1.14417,1.14431,1.14254,1.14279,0.0
2026-07-17 23:00:00,1.14279,1.14444,1.14239,1.14382,0.0
2026-07-18 03:00:00,1.14379,1.14427,1.14338,1.14377,0.0
2026-07-18 07:00:00,1.14376,1.1442,1.14373,1.14378,0.0
2026-07-18 11:00:00,1.14378,1.14415,1.14367,1.1438,0.0
2026-07-18 15:00:00,1.14381,1.14414,1.14367,1.14383,0.0
2026-07-18 19:00:00,1.14378,1.14416,1.14371,1.14383,0.0
2026-07-18 23:00:00,1.14381,1.14416,1.1437,1.14386,0.0
2026-07-19 03:00:00,1.14387,1.14416,1.14368,1.14387,0.0
2026-07-19 07:00:00,1.14385,1.14411,1.14381,1.14387,0.0
2026-07-19 11:00:00,1.14388,1.14415,1.1437,1.14394,0.0
2026-07-19 15:00:00,1.14395,1.14411,1.14377,1.14401,0.0
2026-07-19 19:00:00,1.14399,1.14407,1.14371,1.14379,0.0
2026-07-19 23:00:00,1.14377,1.14393,1.14364,1.14383,0.0
2026-07-20 03:00:00,1.1438,1.1449,1.14089,1.14316,0.0
2026-07-20 07:00:00,1.14319,1.14419,1.14237,1.14338,0.0
2026-07-20 11:00:00,1.14335,1.14455,1.14318,1.14442,0.0
2026-07-20 15:00:00,1.14445,1.14496,1.14342,1.14391,0.0
2026-07-20 19:00:00,1.14392,1.14399,1.14177,1.14241,0.0
2026-07-20 23:00:00,1.14248,1.14248,1.14033,1.14119,0.0
2026-07-21 03:00:00,1.14117,1.1419,1.14105,1.14146,0.0
2026-07-21 07:00:00,1.14144,1.14185,1.14097,1.14144,0.0
2026-07-21 11:00:00,1.14148,1.14186,1.14093,1.14184,0.0
2026-07-21 15:00:00,1.14182,1.14277,1.1416,1.14211,0.0
2026-07-21 19:00:00,1.14212,1.1429,1.14144,1.14175,0.0
2026-07-21 23:00:00,1.14173,1.14198,1.1403,1.14089,0.0
2026-07-22 03:00:00,1.14088,1.14107,1.13976,1.13979,0.0
2026-07-22 07:00:00,1.13981,1.14074,1.1398,1.14042,0.0
2026-07-22 11:00:00,1.14034,1.14098,1.13991,1.14086,0.0
2026-07-22 15:00:00,1.14082,1.14183,1.14038,1.14104,0.0
2026-07-22 19:00:00,1.14102,1.1414,1.14011,1.1409,0.0
2026-07-22 23:00:00,1.14087,1.14218,1.14051,1.14099,0.0
2026-07-23 03:00:00,1.14097,1.14134,1.14081,1.14128,0.0
2026-07-23 07:00:00,1.14126,1.14173,1.1406,1.14167,0.0
2026-07-23 11:00:00,1.14158,1.14363,1.14155,1.14327,0.0
2026-07-23 15:00:00,1.14319,1.1435,1.14081,1.14112,0.0
2026-07-23 19:00:00,1.14114,1.14157,1.13751,1.13858,0.0
2026-07-23 23:00:00,1.13855,1.13868,1.13645,1.13802,0.0
2026-07-24 03:00:00,1.13799,1.1381,1.13711,1.13779,0.0
2026-07-24 07:00:00,1.13778,1.13837,1.13745,1.13832,0.0
2026-07-24 11:00:00,1.13824,1.13878,1.13769,1.13791,0.0
2026-07-24 15:00:00,1.13786,1.14,1.13771,1.13827,0.0
2026-07-24 19:00:00,1.13825,1.1393,1.13678,1.13697,0.0
2026-07-24 23:00:00,1.13687,1.13908,1.13654,1.13788,0.0
2026-07-25 03:00:00,1.13791,1.13791,1.13675,1.13723,0.0
2026-07-25 07:00:00,1.13722,1.1379,1.13701,1.13762,0.0
2026-07-25 11:00:00,1.13763,1.13781,1.13713,1.13758,0.0
2026-07-25 15:00:00,1.13758,1.13784,1.13728,1.13766,0.0
2026-07-25 19:00:00,1.13765,1.13779,1.13727,1.13763,0.0
2026-07-25 23:00:00,1.1376,1.13782,1.1372,1.13762,0.0
2026-07-26 03:00:00,1.1376,1.1378,1.13708,1.13742,0.0
2026-07-26 07:00:00,1.13742,1.13781,1.13724,1.13751,0.0
2026-07-26 11:00:00,1.13752,1.13782,1.13724,1.13749,0.0
2026-07-26 15:00:00,1.13749,1.1378,1.13723,1.1375,0.0
2026-07-26 19:00:00,1.13748,1.13775,1.1371,1.13724,0.0
2026-07-26 23:00:00,1.13721,1.13755,1.13661,1.1368,0.0
2026-07-27 03:00:00,1.13678,1.14024,1.13636,1.13902,0.0
2026-07-27 07:00:00,1.13876,1.1413,1.13665,1.14022,0.0
2026-07-27 11:00:00,1.14021,1.14143,1.14014,1.14043,0.0
2026-07-27 15:00:00,1.1404,1.14176,1.13951,1.14031,0.0
2026-07-27 19:00:00,1.14027,1.14038,1.13772,1.13855,0.0
2026-07-27 23:00:00,1.13853,1.13863,1.13689,1.13803,0.0
2026-07-28 03:00:00,1.13801,1.13806,1.1367,1.13681,0.0
2026-07-28 07:00:00,1.13681,1.13745,1.13671,1.1374,0.0
2026-07-28 11:00:00,1.13734,1.13805,1.13681,1.13681,0.0
2026-07-28 15:00:00,1.13683,1.13741,1.1362,1.13723,0.0
2026-07-28 19:00:00,1.1372,1.13733,1.13542,1.13672,0.0
2026-07-28 23:00:00,1.1367,1.14054,1.13656,1.13962,0.0
2026-07-29 03:00:00,1.13966,1.13977,1.13855,1.13866,0.0
2026-07-29 07:00:00,1.13866,1.13934,1.13821,1.1391,0.0
2026-07-29 11:00:00,1.13905,1.14037,1.13855,1.14009,0.0
2026-07-29 15:00:00,1.14003,1.14032,1.13903,1.13959,0.0
2026-07-29 19:00:00,1.13965,1.13974,1.13753,1.13776,0.0
2026-07-29 23:00:00,1.13781,1.13991,1.13764,1.13857,0.0
2026-07-30 03:00:00,1.13856,1.14705,1.1384,1.1467,0.0
2026-07-30 07:00:00,1.14677,1.14753,1.14562,1.14583,0.0
2026-07-30 11:00:00,1.14581,1.14616,1.14483,1.14508,0.0
2026-07-30 15:00:00,1.14506,1.14563,1.1435,1.14474,0.0
2026-07-30 19:00:00,1.14482,1.14843,1.14471,1.14756,0.0
2026-07-30 23:00:00,1.14749,1.15363,1.14705,1.15273,0.0
2026-07-31 03:00:00,1.15263,1.15359,1.15141,1.15276,0.0
2026-07-31 07:00:00,1.15279,1.15321,1.15161,1.15186,0.0
2026-07-31 11:00:00,1.15188,1.15209,1.15048,1.15085,0.0
2026-07-31 15:00:00,1.15082,1.1526,1.15043,1.15258,0.0
2026-07-31 19:00:00,1.15252,1.15252,1.14829,1.14889,0.0
2026-07-31 23:00:00,1.14892,1.15187,1.14565,1.15178,0.0
2026-08-01 03:00:00,1.15173,1.15463,1.1517,1.15304,0.0
2026-08-01 07:00:00,1.15321,1.15387,1.15251,1.1529,0.0
2026-08-01 11:00:00,1.15291,1.15393,1.15267,1.15294,0.0
2026-08-01 15:00:00,1.15292,1.15401,1.15276,1.15296,0.0
2026-08-01 19:00:00,1.15294,1.15404,1.15271,1.15309,0.0
2026-08-01 23:00:00,1.15304,1.15404,1.15276,1.15305,0.0
2026-08-02 03:00:00,1.15304,1.15407,1.15278,1.15332,0.0
2026-08-02 07:00:00,1.15333,1.15396,1.15272,1.1534,0.0
2026-08-02 11:00:00,1.1534,1.15396,1.15264,1.1535,0.0
2026-08-02 15:00:00,1.1535,1.15386,1.15264,1.15355,0.0
2026-08-02 19:00:00,1.15353,1.15393,1.15299,1.15319,0.0
2026-08-02 23:00:00,1.15317,1.15332,1.15227,1.15264,0.0
2026-08-03 03:00:00,1.15262,1.15587,1.15201,1.15318,0.0
2026-08-03 07:00:00,1.15451,1.15593,1.15226,1.15421,0.0
2026-08-03 11:00:00,1.15424,1.15449,1.15272,1.15344,0.0
2026-08-03 15:00:00,1.15342,1.15387,1.15213,1.15226,0.0
2026-08-03 19:00:00,1.15228,1.15353,1.15172,1.15288,0.0
2026-08-03 23:00:00,1.15278,1.1535,1.15019,1.15079,0.0
2026-08-04 03:00:00,1.15081,1.15153,1.15018,1.15085,0.0
2026-08-04 07:00:00,1.15088,1.15147,1.15055,1.15059,0.0
2026-08-04 11:00:00,1.1506,1.15147,1.1503,1.15107,0.0
2026-08-04 15:00:00,1.15106,1.15179,1.15039,1.15079,0.0
2026-08-04 19:00:00,1.15074,1.15234,1.1504,1.15153,0.0
2026-08-04 23:00:00,1.15159,1.15307,1.151,1.15189,0.0
2026-08-05 03:00:00,1.15187,1.15344,1.15185,1.15332,0.0
2026-08-05 07:00:00,1.15331,1.15356,1.15282,1.15313,0.0
2026-08-05 11:00:00,1.15317,1.15409,1.15262,1.15354,0.0
2026-08-05 15:00:00,1.15354,1.15462,1.15311,1.15368,0.0
2026-08-05 19:00:00,1.15365,1.15571,1.1534,1.15472,0.0
2026-08-05 23:00:00,1.1547,1.15567,1.15397,1.15451,0.0
2026-08-06 03:00:00,1.15455,1.15597,1.15431,1.15542,0.0
2026-08-06 07:00:00,1.15539,1.15598,1.155,1.15567,0.0
2026-08-06 11:00:00,1.1557,1.15584,1.15471,1.15492,0.0
2026-08-06 15:00:00,1.15491,1.15513,1.15403,1.15435,0.0
2026-08-06 19:00:00,1.15433,1.1548,1.1536,1.15406,0.0
2026-08-06 23:00:00,1.15404,1.15449,1.1515,1.15209,0.0
2026-08-07 03:00:00,1.15205,1.15259,1.15174,1.15244,0.0
2026-08-07 07:00:00,1.15241,1.15264,1.15185,1.15196,0.0
2026-08-07 11:00:00,1.15194,1.15254,1.15187,1.15245,0.0
2026-08-07 15:00:00,1.15243,1.15267,1.15172,1.15243,0.0
2026-08-07 19:00:00,1.1524,1.15802,1.1523,1.1572,0.0
2026-08-07 23:00:00,1.15722,1.15753,1.15509,1.15591,0.0
2026-08-08 03:00:00,1.15593,1.15703,1.15558,1.15596,0.0
2026-08-08 07:00:00,1.15592,1.15622,1.15574,1.15586,0.0
2026-08-08 11:00:00,1.15586,1.15603,1.15578,1.15588,0.0
2026-08-08 15:00:00,1.15586,1.15627,1.15581,1.15591,0.0
2026-08-08 19:00:00,1.15589,1.15602,1.1558,1.15594,0.0
2026-08-08 23:00:00,1.15592,1.15619,1.15583,1.15589,0.0
2026-08-09 03:00:00,1.15589,1.15597,1.15584,1.15587,0.0
2026-08-09 07:00:00,1.15589,1.15626,1.15581,1.15604,0.0
2026-08-09 11:00:00,1.15604,1.15624,1.15579,1.15601,0.0
2026-08-09 15:00:00,1.15599,1.15624,1.15582,1.15605,0.0
2026-08-09 19:00:00,1.15602,1.15631,1.15302,1.15334,0.0
2026-08-09 23:00:00,1.15332,1.15717,1.15261,1.1531,0.0
2026-08-10 03:00:00,1.1531,1.159,1.15279,1.15588,0.0
2026-08-10 07:00:00,1.15609,1.15668,1.15544,1.15585,0.0
2026-08-10 11:00:00,1.15584,1.1559,1.15481,1.15525,0.0
2026-08-10 15:00:00,1.15523,1.15658,1.15504,1.15624,0.0
2026-08-10 19:00:00,1.1562,1.1564,1.1546,1.15483,0.0
2026-08-10 23:00:00,1.15481,1.15555,1.15441,1.15481,0.0
2026-08-11 03:00:00,1.15479,1.1548,1.154,1.15432,0.0
2026-08-11 07:00:00,1.1543,1.15496,1.15421,1.15465,0.0
2026-08-11 11:00:00,1.15468,1.15502,1.15387,1.15419,0.0
2026-08-11 15:00:00,1.15421,1.15432,1.15314,1.15365,0.0
2026-08-11 19:00:00,1.15362,1.15437,1.15331,1.15436,0.0
2026-08-11 23:00:00,1.15435,1.1549,1.1537,1.15395,0.0
2026-08-12 03:00:00,1.15399,1.15442,1.15346,1.15432,0.0
2026-08-12 07:00:00,1.15429,1.15452,1.15395,1.15409,0.0
2026-08-12 11:00:00,1.15412,1.15413,1.1533,1.15365,0.0
2026-08-12 15:00:00,1.15363,1.15403,1.15322,1.1537,0.0
2026-08-12 19:00:00,1.1537,1.15596,1.15335,1.15573,0.0
2026-08-12 23:00:00,1.15562,1.15622,1.15254,1.1529,0.0
2026-08-13 03:00:00,1.15288,1.15307,1.15197,1.15247,0.0
2026-08-13 07:00:00,1.15251,1.15315,1.15223,1.15287,0.0
2026-08-13 11:00:00,1.15281,1.15314,1.15199,1.15266,0.0
2026-08-13 15:00:00,1.15261,1.15288,1.1512,1.15256,0.0
2026-08-13 19:00:00,1.15252,1.1544,1.15237,1.15435,0.0
2026-08-13 23:00:00,1.15424,1.15455,1.15247,1.15291,0.0
2026-08-14 03:00:00,1.15298,1.15321,1.15258,1.15291,0.0
2026-08-14 07:00:00,1.15297,1.15388,1.15267,1.15386,0.0
2026-08-14 11:00:00,1.1538,1.15406,1.1532,1.15388,0.0
2026-08-14 15:00:00,1.1539,1.15576,1.15384,1.15557,0.0
2026-08-14 19:00:00,1.1555,1.15781,1.15513,1.15675,0.0
2026-08-14 23:00:00,1.15667,1.15853,1.1562,1.15708,0.0
2026-08-15 03:00:00,1.15709,1.15712,1.1563,1.15705,0.0
2026-08-15 07:00:00,1.15702,1.15711,1.15662,1.15708,0.0
2026-08-15 11:00:00,1.15705,1.15713,1.1566,1.15708,0.0
2026-08-15 15:00:00,1.15705,1.15713,1.15663,1.15709,0.0
2026-08-15 19:00:00,1.15705,1.1572,1.15659,1.15695,0.0
2026-08-15 23:00:00,1.15697,1.15722,1.15662,1.1568,0.0
2026-08-16 03:00:00,1.1568,1.15708,1.15659,1.15691,0.0
2026-08-16 07:00:00,1.15689,1.15714,1.1566,1.15683,0.0
2026-08-16 11:00:00,1.15682,1.15722,1.15662,1.1568,0.0
2026-08-16 15:00:00,1.15678,1.15722,1.15664,1.1568,0.0
2026-08-16 19:00:00,1.15678,1.15683,1.15672,1.15678,0.0
2026-08-16 23:00:00,1.15678,1.15831,1.15123,1.15559,0.0
2026-08-17 03:00:00,1.15559,1.15858,1.15456,1.15666,0.0
2026-08-17 07:00:00,1.15671,1.15817,1.15644,1.1579,0.0
2026-08-17 11:00:00,1.15793,1.15884,1.15782,1.15854,0.0
2026-08-17 15:00:00,1.15852,1.16161,1.15831,1.15997,0.0
2026-08-17 19:00:00,1.15991,1.16026,1.15876,1.15956,0.0
2026-08-17 23:00:00,1.15959,1.16007,1.15813,1.15884,0.0
2026-08-18 03:00:00,1.15886,1.15896,1.15714,1.15801,0.0
2026-08-18 07:00:00,1.15796,1.15854,1.15775,1.15811,0.0
2026-08-18 11:00:00,1.15811,1.15862,1.15702,1.15724,0.0
2026-08-18 15:00:00,1.15731,1.15781,1.15672,1.15768,0.0
2026-08-18 19:00:00,1.15771,1.15798,1.15722,1.15761,0.0
2026-08-18 23:00:00,1.15772,1.15884,1.15726,1.158,0.0
2026-08-19 03:00:00,1.15802,1.15813,1.15714,1.15769,0.0
2026-08-19 07:00:00,1.15764,1.15819,1.15734,1.15743,0.0
2026-08-19 11:00:00,1.15753,1.15874,1.15703,1.15867,0.0
2026-08-19 15:00:00,1.15864,1.16056,1.15847,1.15983,0.0
2026-08-19 19:00:00,1.15981,1.16435,1.15968,1.16375,0.0
2026-08-19 23:00:00,1.16402,1.16788,1.16359,1.16686,0.0
2026-08-20 03:00:00,1.16696,1.16796,1.16562,1.1678,0.0
2026-08-20 07:00:00,1.1678,1.16807,1.16723,1.16755,0.0
2026-08-20 11:00:00,1.16752,1.16828,1.16702,1.1673,0.0
2026-08-20 15:00:00,1.16744,1.16999,1.16699,1.16981,0.0
2026-08-20 19:00:00,1.16978,1.17109,1.16777,1.16896,0.0
2026-08-20 23:00:00,1.1689,1.16944,1.16699,1.16741,0.0
2026-08-21 03:00:00,1.16738,1.16801,1.16705,1.16791,0.0
2026-08-21 07:00:00,1.1679,1.169,1.16769,1.1684,0.0
2026-08-21 11:00:00,1.16839,1.17009,1.16833,1.16938,0.0
2026-08-21 15:00:00,1.16936,1.17062,1.16874,1.1705,0.0
2026-08-21 19:00:00,1.1704,1.17108,1.16859,1.16911,0.0
2026-08-21 23:00:00,1.16906,1.16913,1.16694,1.16817,0.0
2026-08-22 03:00:00,1.1682,1.16842,1.16743,1.16764,0.0
2026-08-22 07:00:00,1.16764,1.16926,1.16735,1.16764,0.0
2026-08-22 11:00:00,1.16763,1.16932,1.16742,1.16765,0.0
2026-08-22 15:00:00,1.16762,1.16933,1.16715,1.16765,0.0
2026-08-22 19:00:00,1.16763,1.16932,1.16736,1.16802,0.0
2026-08-22 23:00:00,1.16795,1.16922,1.1673,1.16788,0.0
2026-08-23 03:00:00,1.16789,1.16933,1.16743,1.16788,0.0
2026-08-23 07:00:00,1.16788,1.16928,1.16742,1.16829,0.0
2026-08-23 11:00:00,1.16828,1.16922,1.16719,1.16852,0.0
2026-08-23 15:00:00,1.16849,1.16926,1.16717,1.16865,0.0
2026-08-23 19:00:00,1.16863,1.16884,1.16821,1.16836,0.0
2026-08-23 23:00:00,1.16836,1.16841,1.16753,1.1676,0.0
2026-08-24 03:00:00,1.16761,1.16917,1.16584,1.16761,0.0
2026-08-24 07:00:00,1.16763,1.16872,1.1673,1.1685,0.0
2026-08-24 11:00:00,1.16844,1.16866,1.16752,1.16824,0.0
2026-08-24 15:00:00,1.16821,1.16834,1.16606,1.16646,0.0
2026-08-24 19:00:00,1.16648,1.16734,1.16609,1.1669,0.0
2026-08-24 23:00:00,1.16695,1.16746,1.16628,1.16654,0.0
2026-08-25 03:00:00,1.16649,1.16667,1.1655,1.16643,0.0
2026-08-25 07:00:00,1.16643,1.16721,1.16604,1.16693,0.0
2026-08-25 11:00:00,1.16691,1.16691,1.16549,1.16555,0.0
2026-08-25 15:00:00,1.16552,1.16674,1.16515,1.1667,0.0
2026-08-25 19:00:00,1.16661,1.16741,1.16587,1.16659,0.0
2026-08-25 23:00:00,1.16659,1.16753,1.16646,1.16696,0.0
2026-08-26 03:00:00,1.16703,1.16796,1.16692,1.16747,0.0
2026-08-26 07:00:00,1.16752,1.16783,1.16713,1.16728,0.0
2026-08-26 11:00:00,1.16733,1.16739,1.16607,1.16627,0.0
2026-08-26 15:00:00,1.16625,1.16771,1.166,1.16703,0.0
2026-08-26 19:00:00,1.16705,1.16745,1.16573,1.16597,0.0
2026-08-26 23:00:00,1.16592,1.16592,1.16421,1.16505,0.0
2026-08-27 03:00:00,1.1651,1.16555,1.16488,1.1654,0.0
2026-08-27 07:00:00,1.16539,1.16586,1.16505,1.16566,0.0
2026-08-27 11:00:00,1.16568,1.16599,1.16531,1.16558,0.0
2026-08-27 15:00:00,1.16555,1.16586,1.16475,1.16494,0.0
2026-08-27 19:00:00,1.16499,1.16499,1.1637,1.16406,0.0
2026-08-27 23:00:00,1.16409,1.16597,1.16402,1.16515,0.0
2026-08-28 03:00:00,1.16516,1.16544,1.16459,1.16522,0.0
2026-08-28 07:00:00,1.16519,1.16558,1.16484,1.16538,0.0
2026-08-28 11:00:00,1.16535,1.16557,1.16448,1.16457,0.0
2026-08-28 15:00:00,1.16454,1.1649,1.1642,1.16446,0.0
2026-08-28 19:00:00,1.16442,1.16499,1.16394,1.16497,0.0
2026-08-28 23:00:00,1.16494,1.16503,1.15851,1.15873,0.0
2026-08-29 03:00:00,1.15871,1.15888,1.15781,1.15831,0.0
2026-08-29 07:00:00,1.15829,1.15888,1.15776,1.15823,0.0
2026-08-29 11:00:00,1.1582,1.15882,1.15813,1.15823,0.0
2026-08-29 15:00:00,1.15821,1.1588,1.15807,1.15822,0.0
2026-08-29 19:00:00,1.1582,1.15883,1.15812,1.15828,0.0
2026-08-29 23:00:00,1.15826,1.15926,1.15675,1.15839,0.0
2026-08-30 03:00:00,1.1584,1.15882,1.15817,1.15836,0.0
2026-08-30 07:00:00,1.15834,1.15882,1.15816,1.15839,0.0
2026-08-30 11:00:00,1.15837,1.15875,1.15809,1.15856,0.0
2026-08-30 15:00:00,1.15854,1.15876,1.15809,1.1585,0.0
2026-08-30 19:00:00,1.1585,1.15998,1.15531,1.1563,0.0
2026-08-30 23:00:00,1.15631,1.16112,1.14898,1.15359,0.0
2026-08-31 03:00:00,1.15359,1.16063,1.15061,1.15827,0.0
2026-08-31 07:00:00,1.15814,1.15941,1.15781,1.15917,0.0
2026-08-31 11:00:00,1.15919,1.15945,1.15874,1.15912,0.0
2026-08-31 15:00:00,1.1591,1.16066,1.15847,1.15937,0.0
2026-08-31 19:00:00,1.15941,1.16032,1.15922,1.15958,0.0
2026-08-31 23:00:00,1.15961,1.16206,1.15942,1.16163,0.0
2026-09-01 03:00:00,1.1616,1.16184,1.16143,1.16174,0.0
2026-09-01 07:00:00,1.1617,1.16245,1.16125,1.16184,0.0
2026-09-01 11:00:00,1.16181,1.16189,1.16028,1.16056,0.0
2026-09-01 15:00:00,1.16052,1.16105,1.15888,1.15944,0.0
2026-09-01 19:00:00,1.1594,1.16012,1.15884,1.15928,0.0
2026-09-01 23:00:00,1.15933,1.16079,1.15853,1.15865,0.0
2026-09-02 03:00:00,1.15862,1.15958,1.15856,1.1593,0.0
2026-09-02 07:00:00,1.15929,1.15966,1.15837,1.15845,0.0
2026-09-02 11:00:00,1.15842,1.15844,1.1575,1.15763,0.0
2026-09-02 15:00:00,1.15761,1.15845,1.15667,1.15732,0.0
2026-09-02 19:00:00,1.15736,1.15859,1.15672,1.15785,0.0
2026-09-02 23:00:00,1.15788,1.16067,1.1578,1.15889,0.0
2026-09-03 03:00:00,1.15891,1.15902,1.15828,1.15884,0.0
2026-09-03 07:00:00,1.15882,1.1591,1.15841,1.15903,0.0
2026-09-03 11:00:00,1.15901,1.16006,1.15853,1.15951,0.0
2026-09-03 15:00:00,1.15951,1.16148,1.15935,1.16101,0.0
2026-09-03 19:00:00,1.16099,1.16298,1.15978,1.16249,0.0
2026-09-03 23:00:00,1.16259,1.16412,1.1614,1.16387,0.0
2026-09-04 03:00:00,1.16394,1.16394,1.16255,1.16258,0.0
2026-09-04 07:00:00,1.1626,1.1632,1.1623,1.16307,0.0
2026-09-04 11:00:00,1.16307,1.16336,1.16216,1.16264,0.0
2026-09-04 15:00:00,1.16268,1.16311,1.16193,1.16255,0.0
2026-09-04 19:00:00,1.16252,1.16257,1.15848,1.16011,0.0
2026-09-04 23:00:00,1.16002,1.16248,1.15955,1.16206,0.0
2026-09-05 03:00:00,1.16211,1.16211,1.16091,1.16144,0.0
2026-09-05 07:00:00,1.16142,1.16221,1.1612,1.16141,0.0
2026-09-05 11:00:00,1.16138,1.16216,1.16128,1.1614,0.0
2026-09-05 15:00:00,1.16138,1.16224,1.16122,1.16138,0.0
2026-09-05 19:00:00,1.16138,1.16225,1.16129,1.1616,0.0
2026-09-05 23:00:00,1.16157,1.16225,1.16126,1.16141,0.0
2026-09-06 03:00:00,1.16144,1.16226,1.16135,1.16168,0.0
2026-09-06 07:00:00,1.16163,1.16226,1.16114,1.16157,0.0
2026-09-06 11:00:00,1.16155,1.1622,1.16129,1.16191,0.0
2026-09-06 15:00:00,1.1619,1.1621,1.16112,1.16197,0.0
2026-09-06 19:00:00,1.16197,1.16203,1.16147,1.16163,0.0
2026-09-06 23:00:00,1.16164,1.16175,1.16069,1.16098,0.0
2026-09-07 03:00:00,1.16098,1.16423,1.15985,1.16138,0.0
2026-09-07 07:00:00,1.16141,1.16206,1.1607,1.16181,0.0
2026-09-07 11:00:00,1.16177,1.16193,1.16073,1.16122,0.0
2026-09-07 15:00:00,1.1612,1.16354,1.16089,1.16217,0.0
2026-09-07 19:00:00,1.16218,1.16286,1.16198,1.1626,0.0
2026-09-07 23:00:00,1.16261,1.16334,1.16239,1.16294,0.0
2026-09-08 03:00:00,1.16291,1.16295,1.1621,1.16233,0.0
2026-09-08 07:00:00,1.1623,1.16313,1.16222,1.16271,0.0
2026-09-08 11:00:00,1.16269,1.16348,1.16228,1.16252,0.0
2026-09-08 15:00:00,1.1625,1.16362,1.16089,1.161,0.0
2026-09-08 19:00:00,1.16108,1.16201,1.16085,1.16189,0.0
2026-09-08 23:00:00,1.16193,1.16345,1.16193,1.16231,0.0
2026-09-09 03:00:00,1.16232,1.16326,1.16219,1.16242,0.0
2026-09-09 07:00:00,1.1624,1.16325,1.1623,1.16323,0.0
2026-09-09 11:00:00,1.16319,1.16338,1.16275,1.16332,0.0
2026-09-09 15:00:00,1.16329,1.16427,1.16314,1.16424,0.0
