Date,Open,High,Low,Close,Volume
2026-08-28 07:50:00,1.35928,1.35942,1.35927,1.35928,0.0
2026-08-28 07:55:00,1.3593,1.35932,1.35903,1.35905,0.0
2026-08-28 08:00:00,1.35909,1.35943,1.35909,1.35932,0.0
2026-08-28 08:05:00,1.35935,1.35939,1.35929,1.35938,0.0
2026-08-28 08:10:00,1.35935,1.35955,1.35935,1.35947,0.0
2026-08-28 08:15:00,1.35948,1.35961,1.35948,1.35957,0.0
2026-08-28 08:20:00,1.35956,1.35961,1.35951,1.35957,0.0
2026-08-28 08:25:00,1.35954,1.35957,1.35941,1.35942,0.0
2026-08-28 08:30:00,1.35942,1.35957,1.35934,1.35953,0.0
2026-08-28 08:35:00,1.35949,1.35962,1.35949,1.35957,0.0
2026-08-28 08:40:00,1.35956,1.35958,1.35947,1.35949,0.0
2026-08-28 08:45:00,1.35949,1.35959,1.35948,1.35956,0.0
2026-08-28 08:50:00,1.35952,1.35961,1.35947,1.35957,0.0
2026-08-28 08:55:00,1.35952,1.35969,1.35952,1.35967,0.0
2026-08-28 09:00:00,1.35964,1.35972,1.35962,1.3597,0.0
2026-08-28 09:05:00,1.35967,1.35971,1.35962,1.35969,0.0
2026-08-28 09:10:00,1.35966,1.35982,1.35966,1.35979,0.0
2026-08-28 09:15:00,1.35973,1.35983,1.35969,1.35977,0.0
2026-08-28 09:20:00,1.35975,1.35975,1.35953,1.3596,0.0
2026-08-28 09:25:00,1.35956,1.35974,1.35952,1.35965,0.0
2026-08-28 09:30:00,1.35966,1.3597,1.35955,1.35964,0.0
2026-08-28 09:35:00,1.3596,1.35982,1.35955,1.35979,0.0
2026-08-28 09:40:00,1.35977,1.3598,1.35966,1.35968,0.0
2026-08-28 09:45:00,1.35968,1.35984,1.35968,1.35975,0.0
2026-08-28 09:50:00,1.35975,1.35982,1.35975,1.35975,0.0
2026-08-28 09:55:00,1.35976,1.3598,1.35966,1.35969,0.0
2026-08-28 10:00:00,1.35967,1.3598,1.35965,1.35979,0.0
2026-08-28 10:05:00,1.35976,1.35976,1.35965,1.35968,0.0
2026-08-28 10:10:00,1.35967,1.3597,1.35961,1.35965,0.0
2026-08-28 10:15:00,1.35966,1.3597,1.35948,1.3595,0.0
2026-08-28 10:20:00,1.35953,1.35953,1.35938,1.35953,0.0
2026-08-28 10:25:00,1.35949,1.35959,1.35939,1.35956,0.0
2026-08-28 10:30:00,1.3595,1.35958,1.35945,1.35957,0.0
2026-08-28 10:35:00,1.35955,1.3597,1.35953,1.35968,0.0
2026-08-28 10:40:00,1.35965,1.35965,1.35955,1.3596,0.0
2026-08-28 10:45:00,1.35957,1.35978,1.3595,1.35963,0.0
2026-08-28 10:50:00,1.35965,1.35968,1.35963,1.35966,0.0
2026-08-28 10:55:00,1.35965,1.35969,1.35954,1.35966,0.0
2026-08-28 11:00:00,1.35963,1.35969,1.35951,1.35968,0.0
2026-08-28 11:05:00,1.35962,1.35983,1.35959,1.35977,0.0
2026-08-28 11:10:00,1.35977,1.35979,1.35953,1.35953,0.0
2026-08-28 11:15:00,1.35954,1.35955,1.35944,1.3595,0.0
2026-08-28 11:20:00,1.35947,1.35959,1.35942,1.35958,0.0
2026-08-28 11:25:00,1.35956,1.35956,1.35945,1.35947,0.0
2026-08-28 11:30:00,1.35947,1.35949,1.35936,1.35946,0.0
2026-08-28 11:35:00,1.3594,1.35965,1.3594,1.35962,0.0
2026-08-28 11:40:00,1.35959,1.3597,1.35955,1.35963,0.0
2026-08-28 11:45:00,1.35961,1.35962,1.35919,1.35919,0.0
2026-08-28 11:50:00,1.35921,1.35933,1.3591,1.35911,0.0
2026-08-28 11:55:00,1.35914,1.35917,1.35906,1.35914,0.0
2026-08-28 12:00:00,1.35911,1.35913,1.35898,1.35905,0.0
2026-08-28 12:05:00,1.35903,1.35915,1.35894,1.35906,0.0
2026-08-28 12:10:00,1.35907,1.35911,1.35888,1.3589,0.0
2026-08-28 12:15:00,1.35891,1.35899,1.35884,1.35896,0.0
2026-08-28 12:20:00,1.35892,1.35925,1.35892,1.35922,0.0
2026-08-28 12:25:00,1.35914,1.35936,1.35906,1.35916,0.0
2026-08-28 12:30:00,1.35912,1.35916,1.35897,1.35898,0.0
2026-08-28 12:35:00,1.359,1.35915,1.359,1.3591,0.0
2026-08-28 12:40:00,1.35906,1.35914,1.35899,1.35904,0.0
2026-08-28 12:45:00,1.35902,1.35912,1.35894,1.35907,0.0
2026-08-28 12:50:00,1.35901,1.35931,1.35901,1.35929,0.0
2026-08-28 12:55:00,1.35925,1.3594,1.35925,1.35937,0.0
2026-08-28 13:00:00,1.35934,1.35949,1.3593,1.35942,0.0
2026-08-28 13:05:00,1.35942,1.35944,1.35934,1.35935,0.0
2026-08-28 13:10:00,1.35937,1.35942,1.35935,1.35936,0.0
2026-08-28 13:15:00,1.35936,1.35941,1.3593,1.35935,0.0
2026-08-28 13:20:00,1.35932,1.35936,1.35928,1.3593,0.0
2026-08-28 13:25:00,1.35928,1.35945,1.35917,1.35942,0.0
2026-08-28 13:30:00,1.35937,1.35942,1.35928,1.35938,0.0
2026-08-28 13:35:00,1.35936,1.35936,1.35917,1.35922,0.0
2026-08-28 13:40:00,1.35919,1.35926,1.35899,1.359,0.0
2026-08-28 13:45:00,1.359,1.35904,1.35898,1.35899,0.0
2026-08-28 13:50:00,1.359,1.35904,1.35897,1.359,0.0
2026-08-28 13:55:00,1.35899,1.35903,1.35892,1.35898,0.0
2026-08-28 14:00:00,1.35895,1.35903,1.35891,1.35898,0.0
2026-08-28 14:05:00,1.35897,1.35901,1.35886,1.3589,0.0
2026-08-28 14:10:00,1.35892,1.35898,1.35886,1.35889,0.0
2026-08-28 14:15:00,1.35888,1.359,1.35886,1.35898,0.0
2026-08-28 14:20:00,1.35894,1.35903,1.35891,1.35893,0.0
2026-08-28 14:25:00,1.35895,1.35895,1.35882,1.35886,0.0
2026-08-28 14:30:00,1.35887,1.35891,1.35881,1.35888,0.0
2026-08-28 14:35:00,1.35887,1.35892,1.35881,1.35891,0.0
2026-08-28 14:40:00,1.35888,1.35893,1.35879,1.35888,0.0
2026-08-28 14:45:00,1.35888,1.35893,1.35886,1.35886,0.0
2026-08-28 14:50:00,1.35888,1.35891,1.3588,1.35883,0.0
2026-08-28 14:55:00,1.35881,1.35892,1.35879,1.3589,0.0
2026-08-28 15:00:00,1.35887,1.35889,1.35878,1.35881,0.0
2026-08-28 15:05:00,1.35879,1.35884,1.35875,1.35883,0.0
2026-08-28 15:10:00,1.35882,1.35883,1.35873,1.35878,0.0
2026-08-28 15:15:00,1.35876,1.35892,1.35871,1.35874,0.0
2026-08-28 15:20:00,1.35876,1.35886,1.35875,1.35876,0.0
2026-08-28 15:25:00,1.35877,1.35882,1.35875,1.35875,0.0
2026-08-28 15:30:00,1.35876,1.35888,1.35876,1.35884,0.0
2026-08-28 15:35:00,1.35883,1.35884,1.35875,1.35881,0.0
2026-08-28 15:40:00,1.35878,1.35882,1.35873,1.35873,0.0
2026-08-28 15:45:00,1.35874,1.35884,1.35874,1.35882,0.0
2026-08-28 15:50:00,1.35879,1.35884,1.35875,1.35881,0.0
2026-08-28 15:55:00,1.35878,1.35915,1.35878,1.35914,0.0
2026-08-28 16:00:00,1.3591,1.35914,1.35891,1.35905,0.0
2026-08-28 16:05:00,1.35905,1.35905,1.35894,1.35897,0.0
2026-08-28 16:10:00,1.35898,1.35924,1.35896,1.35914,0.0
2026-08-28 16:15:00,1.35915,1.35919,1.35894,1.35909,0.0
2026-08-28 16:20:00,1.35906,1.3594,1.35876,1.35937,0.0
2026-08-28 16:25:00,1.35931,1.35943,1.35916,1.35938,0.0
2026-08-28 16:30:00,1.35932,1.35942,1.35899,1.35902,0.0
2026-08-28 16:35:00,1.35906,1.35929,1.35899,1.35912,0.0
2026-08-28 16:40:00,1.35909,1.35936,1.35895,1.35912,0.0
2026-08-28 16:45:00,1.3592,1.35942,1.35919,1.3592,0.0
2026-08-28 16:50:00,1.35922,1.35934,1.35915,1.35931,0.0
2026-08-28 16:55:00,1.35928,1.35943,1.35925,1.35943,0.0
2026-08-28 17:00:00,1.3594,1.35941,1.35894,1.35895,0.0
2026-08-28 17:05:00,1.35896,1.35901,1.35877,1.35881,0.0
2026-08-28 17:10:00,1.35881,1.35896,1.35872,1.35893,0.0
2026-08-28 17:15:00,1.35889,1.35897,1.35822,1.35827,0.0
2026-08-28 17:20:00,1.35836,1.3585,1.35815,1.3583,0.0
2026-08-28 17:25:00,1.35833,1.35843,1.35816,1.35817,0.0
2026-08-28 17:30:00,1.35819,1.35867,1.358,1.35865,0.0
2026-08-28 17:35:00,1.35856,1.35879,1.35856,1.35865,0.0
2026-08-28 17:40:00,1.3587,1.35886,1.35854,1.35882,0.0
2026-08-28 17:45:00,1.35876,1.35907,1.35868,1.35903,0.0
2026-08-28 17:50:00,1.35897,1.35906,1.35881,1.35886,0.0
2026-08-28 17:55:00,1.35895,1.35901,1.35879,1.35884,0.0
2026-08-28 18:00:00,1.35886,1.35912,1.35868,1.35884,0.0
2026-08-28 18:05:00,1.35889,1.35889,1.35853,1.35857,0.0
2026-08-28 18:10:00,1.35857,1.35857,1.35844,1.35849,0.0
2026-08-28 18:15:00,1.35846,1.35864,1.35845,1.35861,0.0
2026-08-28 18:20:00,1.35859,1.35868,1.35849,1.35851,0.0
2026-08-28 18:25:00,1.35856,1.35868,1.35851,1.35853,0.0
2026-08-28 18:30:00,1.35854,1.35871,1.3585,1.35866,0.0
2026-08-28 18:35:00,1.35863,1.35866,1.35849,1.3585,0.0
2026-08-28 18:40:00,1.3585,1.35865,1.3585,1.35851,0.0
2026-08-28 18:45:00,1.35852,1.35858,1.35834,1.3584,0.0
2026-08-28 18:50:00,1.35842,1.35863,1.35838,1.3586,0.0
2026-08-28 18:55:00,1.35856,1.3587,1.35855,1.35868,0.0
2026-08-28 19:00:00,1.35861,1.35876,1.35827,1.3583,0.0
2026-08-28 19:05:00,1.35835,1.35854,1.35829,1.35852,0.0
2026-08-28 19:10:00,1.3585,1.35879,1.35848,1.35877,0.0
2026-08-28 19:15:00,1.35872,1.35872,1.35851,1.35865,0.0
2026-08-28 19:20:00,1.35864,1.35864,1.35843,1.35862,0.0
2026-08-28 19:25:00,1.35858,1.3587,1.35842,1.35843,0.0
2026-08-28 19:30:00,1.35844,1.35858,1.35843,1.35857,0.0
2026-08-28 19:35:00,1.35851,1.35864,1.35847,1.35854,0.0
2026-08-28 19:40:00,1.35853,1.35854,1.3583,1.35848,0.0
2026-08-28 19:45:00,1.35841,1.35857,1.35836,1.35854,0.0
2026-08-28 19:50:00,1.35853,1.35853,1.35816,1.35821,0.0
2026-08-28 19:55:00,1.35816,1.35838,1.35814,1.35816,0.0
2026-08-28 20:00:00,1.35819,1.35823,1.358,1.35822,0.0
2026-08-28 20:05:00,1.3582,1.35844,1.35816,1.35843,0.0
2026-08-28 20:10:00,1.35839,1.3586,1.35831,1.35846,0.0
2026-08-28 20:15:00,1.35841,1.35853,1.35811,1.35849,0.0
2026-08-28 20:20:00,1.35841,1.35873,1.35838,1.35866,0.0
2026-08-28 20:25:00,1.35857,1.35877,1.35857,1.35876,0.0
2026-08-28 20:30:00,1.35873,1.35897,1.35866,1.35895,0.0
2026-08-28 20:35:00,1.35887,1.35907,1.35887,1.35902,0.0
2026-08-28 20:40:00,1.359,1.3591,1.35893,1.35894,0.0
2026-08-28 20:45:00,1.35899,1.35926,1.35895,1.35906,0.0
2026-08-28 20:50:00,1.35904,1.35904,1.35886,1.35891,0.0
2026-08-28 20:55:00,1.35888,1.35921,1.35877,1.35918,0.0
2026-08-28 21:00:00,1.35916,1.35918,1.35895,1.3591,0.0
2026-08-28 21:05:00,1.35908,1.35916,1.35882,1.35892,0.0
2026-08-28 21:10:00,1.3589,1.35894,1.35881,1.35888,0.0
2026-08-28 21:15:00,1.35884,1.35896,1.35881,1.35886,0.0
2026-08-28 21:20:00,1.35885,1.35886,1.35864,1.3588,0.0
2026-08-28 21:25:00,1.35877,1.35884,1.3586,1.35862,0.0
2026-08-28 21:30:00,1.35863,1.35869,1.35862,1.35867,0.0
2026-08-28 21:35:00,1.35863,1.35873,1.35853,1.35865,0.0
2026-08-28 21:40:00,1.3586,1.35871,1.3586,1.35862,0.0
2026-08-28 21:45:00,1.35862,1.3587,1.35851,1.35853,0.0
2026-08-28 21:50:00,1.35857,1.35864,1.35851,1.35855,0.0
2026-08-28 21:55:00,1.35851,1.35864,1.35851,1.35857,0.0
2026-08-28 22:00:00,1.35856,1.3586,1.35851,1.35858,0.0
2026-08-28 22:05:00,1.35855,1.35858,1.35842,1.35843,0.0
2026-08-28 22:10:00,1.35843,1.35844,1.35831,1.35844,0.0
2026-08-28 22:15:00,1.35841,1.35844,1.35827,1.35828,0.0
2026-08-28 22:20:00,1.3583,1.35839,1.35829,1.35837,0.0
2026-08-28 22:25:00,1.35833,1.35839,1.35813,1.35836,0.0
2026-08-28 22:30:00,1.35829,1.35829,1.3577,1.35783,0.0
2026-08-28 22:35:00,1.35771,1.35794,1.35764,1.35764,0.0
2026-08-28 22:40:00,1.35765,1.35775,1.35742,1.35746,0.0
2026-08-28 22:45:00,1.35752,1.35803,1.35752,1.35796,0.0
2026-08-28 22:50:00,1.35794,1.35809,1.35793,1.35796,0.0
2026-08-28 22:55:00,1.35797,1.35851,1.35782,1.35842,0.0
2026-08-28 23:00:00,1.35843,1.35855,1.35843,1.35848,0.0
2026-08-28 23:05:00,1.35849,1.35853,1.35807,1.35808,0.0
2026-08-28 23:10:00,1.35808,1.35833,1.35805,1.3583,0.0
2026-08-28 23:15:00,1.35828,1.35828,1.35814,1.35819,0.0
2026-08-28 23:20:00,1.35817,1.3582,1.35777,1.35779,0.0
2026-08-28 23:25:00,1.35782,1.35785,1.35764,1.35783,0.0
2026-08-28 23:30:00,1.35774,1.35811,1.35774,1.3581,0.0
2026-08-28 23:35:00,1.35808,1.35808,1.35773,1.35799,0.0
2026-08-28 23:40:00,1.35789,1.35807,1.35772,1.35796,0.0
2026-08-28 23:45:00,1.35792,1.35801,1.35751,1.35759,0.0
2026-08-28 23:50:00,1.35773,1.35799,1.35744,1.35791,0.0
2026-08-28 23:55:00,1.35772,1.35862,1.35772,1.35856,0.0
2026-08-29 00:00:00,1.35848,1.35882,1.35561,1.35587,0.0
2026-08-29 00:05:00,1.35628,1.35628,1.35417,1.35566,0.0
2026-08-29 00:10:00,1.35523,1.35612,1.35523,1.35546,0.0
2026-08-29 00:15:00,1.35547,1.35555,1.3549,1.35531,0.0
2026-08-29 00:20:00,1.35521,1.35536,1.35411,1.3542,0.0
2026-08-29 00:25:00,1.35435,1.35435,1.35302,1.35308,0.0
2026-08-29 00:30:00,1.35312,1.35463,1.35306,1.35454,0.0
2026-08-29 00:35:00,1.35432,1.35474,1.35426,1.35428,0.0
2026-08-29 00:40:00,1.35434,1.35468,1.35415,1.3543,0.0
2026-08-29 00:45:00,1.35436,1.35492,1.35436,1.35441,0.0
2026-08-29 00:50:00,1.35439,1.35543,1.35439,1.35535,0.0
2026-08-29 00:55:00,1.35518,1.35774,1.35516,1.35766,0.0
2026-08-29 01:00:00,1.3576,1.3576,1.35693,1.35698,0.0
2026-08-29 01:05:00,1.35708,1.35736,1.35619,1.3568,0.0
2026-08-29 01:10:00,1.35669,1.35683,1.35578,1.35584,0.0
2026-08-29 01:15:00,1.35594,1.35598,1.35566,1.35577,0.0
2026-08-29 01:20:00,1.35582,1.35586,1.35556,1.3557,0.0
2026-08-29 01:25:00,1.35571,1.35624,1.35571,1.35576,0.0
2026-08-29 01:30:00,1.35576,1.35634,1.35572,1.35598,0.0
2026-08-29 01:35:00,1.35599,1.35626,1.35595,1.35598,0.0
2026-08-29 01:40:00,1.35603,1.35619,1.35518,1.3557,0.0
2026-08-29 01:45:00,1.35564,1.35624,1.35564,1.35577,0.0
2026-08-29 01:50:00,1.356,1.356,1.35544,1.35574,0.0
2026-08-29 01:55:00,1.35585,1.35585,1.35543,1.35543,0.0
2026-08-29 02:00:00,1.35542,1.35543,1.35506,1.35511,0.0
2026-08-29 02:05:00,1.35518,1.35518,1.35472,1.35475,0.0
2026-08-29 02:10:00,1.35478,1.35493,1.3544,1.35444,0.0
2026-08-29 02:15:00,1.35451,1.35451,1.35364,1.3537,0.0
2026-08-29 02:20:00,1.35377,1.3538,1.35347,1.35377,0.0
2026-08-29 02:25:00,1.35375,1.35383,1.35349,1.35381,0.0
2026-08-29 02:30:00,1.35378,1.35421,1.35367,1.35397,0.0
2026-08-29 02:35:00,1.35401,1.35401,1.35382,1.35385,0.0
2026-08-29 02:40:00,1.35386,1.35386,1.35351,1.35359,0.0
2026-08-29 02:45:00,1.35357,1.35393,1.35357,1.3539,0.0
2026-08-29 02:50:00,1.35381,1.35433,1.35381,1.35428,0.0
2026-08-29 02:55:00,1.35427,1.35427,1.35367,1.35386,0.0
2026-08-29 03:00:00,1.35382,1.35395,1.35328,1.35351,0.0
2026-08-29 03:05:00,1.35345,1.35345,1.35294,1.3532,0.0
2026-08-29 03:10:00,1.35311,1.35367,1.35311,1.35366,0.0
2026-08-29 03:15:00,1.35363,1.35371,1.35336,1.35341,0.0
2026-08-29 03:20:00,1.35344,1.35365,1.35344,1.35361,0.0
2026-08-29 03:25:00,1.35359,1.35359,1.35338,1.35352,0.0
2026-08-29 03:30:00,1.35343,1.3536,1.35325,1.35326,0.0
2026-08-29 03:35:00,1.35329,1.35338,1.35307,1.35308,0.0
2026-08-29 03:40:00,1.35309,1.35311,1.35276,1.35277,0.0
2026-08-29 03:45:00,1.35278,1.35294,1.35276,1.35294,0.0
2026-08-29 03:50:00,1.3529,1.35315,1.35283,1.35313,0.0
2026-08-29 03:55:00,1.3531,1.35312,1.35298,1.35303,0.0
2026-08-29 04:00:00,1.35304,1.35333,1.35278,1.35281,0.0
2026-08-29 04:05:00,1.35284,1.35294,1.35272,1.35287,0.0
2026-08-29 04:10:00,1.35277,1.353,1.35277,1.35299,0.0
2026-08-29 04:15:00,1.35296,1.35298,1.35281,1.3529,0.0
2026-08-29 04:20:00,1.35287,1.35312,1.35276,1.35311,0.0
2026-08-29 04:25:00,1.35306,1.35317,1.35291,1.35317,0.0
2026-08-29 04:30:00,1.35315,1.35315,1.35293,1.35295,0.0
2026-08-29 04:35:00,1.353,1.35318,1.353,1.35302,0.0
2026-08-29 04:40:00,1.35303,1.35304,1.35283,1.35285,0.0
2026-08-29 04:45:00,1.35285,1.353,1.3528,1.35281,0.0
2026-08-29 04:50:00,1.35281,1.35301,1.35281,1.35299,0.0
2026-08-29 04:55:00,1.35295,1.35308,1.35287,1.35306,0.0
2026-08-29 05:00:00,1.35302,1.35338,1.35292,1.35318,0.0
2026-08-29 05:05:00,1.3532,1.35331,1.35314,1.35324,0.0
2026-08-29 05:10:00,1.35316,1.35341,1.35316,1.35324,0.0
2026-08-29 05:15:00,1.35327,1.3533,1.35311,1.35312,0.0
2026-08-29 05:20:00,1.35316,1.35353,1.35312,1.35349,0.0
2026-08-29 05:25:00,1.35347,1.35371,1.35342,1.35371,0.0
2026-08-29 05:30:00,1.35367,1.35374,1.35358,1.3537,0.0
2026-08-29 05:35:00,1.35365,1.3538,1.35365,1.35376,0.0
2026-08-29 05:40:00,1.3537,1.35388,1.3537,1.35382,0.0
2026-08-29 05:45:00,1.35378,1.35388,1.35373,1.35376,0.0
2026-08-29 05:50:00,1.35374,1.35378,1.35367,1.35374,0.0
2026-08-29 05:55:00,1.35371,1.35399,1.35367,1.35393,0.0
2026-08-29 06:00:00,1.35393,1.35397,1.35376,1.35386,0.0
2026-08-29 06:05:00,1.35383,1.35383,1.35361,1.35363,0.0
2026-08-29 06:10:00,1.35366,1.35374,1.35356,1.35366,0.0
2026-08-29 06:15:00,1.35367,1.35392,1.35366,1.35381,0.0
2026-08-29 06:20:00,1.3538,1.35381,1.3536,1.35377,0.0
2026-08-29 06:25:00,1.35373,1.35373,1.35351,1.35352,0.0
2026-08-29 06:30:00,1.35353,1.35361,1.35345,1.35346,0.0
2026-08-29 06:35:00,1.35347,1.35347,1.3532,1.35325,0.0
2026-08-29 06:40:00,1.35332,1.35332,1.35298,1.35314,0.0
2026-08-29 06:45:00,1.3531,1.35322,1.3531,1.35315,0.0
2026-08-29 06:50:00,1.35315,1.35327,1.35313,1.3532,0.0
2026-08-29 06:55:00,1.35321,1.35356,1.3532,1.35355,0.0
2026-08-29 07:00:00,1.35352,1.35377,1.35313,1.35318,0.0
2026-08-29 07:05:00,1.35322,1.35333,1.35309,1.35322,0.0
2026-08-29 07:10:00,1.3532,1.3535,1.35304,1.35313,0.0
2026-08-29 07:15:00,1.35318,1.35321,1.35311,1.35313,0.0
2026-08-29 07:20:00,1.35313,1.35325,1.35299,1.3532,0.0
2026-08-29 07:25:00,1.35316,1.35326,1.35309,1.35311,0.0
2026-08-29 07:30:00,1.35312,1.35323,1.35303,1.35304,0.0
2026-08-29 07:35:00,1.35307,1.35347,1.35284,1.35317,0.0
2026-08-29 07:40:00,1.35315,1.3532,1.35296,1.35319,0.0
2026-08-29 07:45:00,1.35316,1.35318,1.35298,1.35317,0.0
2026-08-29 07:50:00,1.35313,1.35323,1.35296,1.35321,0.0
2026-08-29 07:55:00,1.35317,1.35334,1.35278,1.35299,0.0
2026-08-29 08:00:00,1.35301,1.35404,1.35285,1.35299,0.0
2026-08-29 08:05:00,1.35323,1.35338,1.35311,1.35331,0.0
2026-08-29 08:10:00,1.35332,1.35337,1.35331,1.35332,0.0
2026-08-29 08:15:00,1.35333,1.35338,1.35323,1.35331,0.0
2026-08-29 08:20:00,1.35331,1.35356,1.35318,1.35355,0.0
2026-08-29 08:25:00,1.35348,1.35361,1.35346,1.35353,0.0
2026-08-29 08:30:00,1.35353,1.35359,1.35348,1.3535,0.0
2026-08-29 08:35:00,1.35351,1.35358,1.35349,1.35355,0.0
2026-08-29 08:40:00,1.35353,1.35357,1.35349,1.35353,0.0
2026-08-29 08:45:00,1.35349,1.35361,1.35347,1.35357,0.0
2026-08-29 08:50:00,1.35353,1.35358,1.35353,1.35357,0.0
2026-08-29 08:55:00,1.35355,1.35359,1.35353,1.35355,0.0
2026-08-29 09:00:00,1.35353,1.35474,1.35342,1.35348,0.0
2026-08-29 09:05:00,1.35358,1.35359,1.35347,1.35357,0.0
2026-08-29 09:10:00,1.35353,1.35358,1.35349,1.35349,0.0
2026-08-29 09:15:00,1.35351,1.3536,1.35349,1.3535,0.0
2026-08-29 09:20:00,1.35351,1.35356,1.3535,1.35354,0.0
2026-08-29 09:25:00,1.35351,1.35362,1.35349,1.35352,0.0
2026-08-29 09:30:00,1.35353,1.35356,1.35351,1.35351,0.0
2026-08-29 09:35:00,1.35351,1.35359,1.35349,1.35355,0.0
2026-08-29 09:40:00,1.35353,1.35357,1.35351,1.35354,0.0
2026-08-29 09:45:00,1.35351,1.35361,1.35351,1.35352,0.0
2026-08-29 09:50:00,1.35353,1.35358,1.35351,1.35357,0.0
2026-08-29 09:55:00,1.35354,1.35359,1.35353,1.35355,0.0
2026-08-29 10:00:00,1.35353,1.35388,1.35294,1.35314,0.0
2026-08-29 10:05:00,1.35359,1.35359,1.3527,1.35316,0.0
2026-08-29 10:10:00,1.35313,1.35331,1.35313,1.3533,0.0
2026-08-29 10:15:00,1.35327,1.35337,1.35325,1.35333,0.0
2026-08-29 10:20:00,1.35331,1.35336,1.35327,1.35334,0.0
2026-08-29 10:25:00,1.35332,1.35343,1.35326,1.35327,0.0
2026-08-29 10:30:00,1.35328,1.35334,1.35325,1.35332,0.0
2026-08-29 10:35:00,1.35328,1.35338,1.35328,1.35334,0.0
2026-08-29 10:40:00,1.35332,1.35336,1.35327,1.35332,0.0
2026-08-29 10:45:00,1.35329,1.35337,1.35329,1.35331,0.0
2026-08-29 10:50:00,1.35331,1.35338,1.35325,1.35334,0.0
2026-08-29 10:55:00,1.35332,1.35337,1.35325,1.3533,0.0
2026-08-29 11:00:00,1.35327,1.35335,1.35327,1.35334,0.0
2026-08-29 11:05:00,1.35331,1.35339,1.35329,1.35329,0.0
2026-08-29 11:10:00,1.35331,1.35337,1.35331,1.35331,0.0
2026-08-29 11:15:00,1.35331,1.35342,1.35329,1.35335,0.0
2026-08-29 11:20:00,1.35332,1.35336,1.35327,1.35331,0.0
2026-08-29 11:25:00,1.35329,1.35339,1.35329,1.35331,0.0
2026-08-29 11:30:00,1.35332,1.35335,1.3533,1.35334,0.0
2026-08-29 11:35:00,1.35332,1.35337,1.35325,1.35333,0.0
2026-08-29 11:40:00,1.35331,1.35342,1.35325,1.35335,0.0
2026-08-29 11:45:00,1.35334,1.35337,1.35325,1.3533,0.0
2026-08-29 11:50:00,1.35331,1.35336,1.35325,1.35332,0.0
2026-08-29 11:55:00,1.35329,1.35334,1.35325,1.35331,0.0
2026-08-29 12:00:00,1.35328,1.35336,1.35325,1.35333,0.0
2026-08-29 12:05:00,1.35331,1.35339,1.35325,1.35331,0.0
2026-08-29 12:10:00,1.35332,1.35336,1.35325,1.35329,0.0
2026-08-29 12:15:00,1.35329,1.35333,1.35325,1.3533,0.0
2026-08-29 12:20:00,1.35326,1.35333,1.35325,1.35331,0.0
2026-08-29 12:25:00,1.35328,1.35337,1.35325,1.35326,0.0
2026-08-29 12:30:00,1.35328,1.35342,1.35325,1.3533,0.0
2026-08-29 12:35:00,1.3533,1.35337,1.35325,1.35334,0.0
2026-08-29 12:40:00,1.35331,1.35336,1.35325,1.3533,0.0
2026-08-29 12:45:00,1.35329,1.35334,1.35324,1.35324,0.0
2026-08-29 12:50:00,1.35326,1.35333,1.35324,1.3533,0.0
2026-08-29 12:55:00,1.35326,1.35341,1.35323,1.35325,0.0
2026-08-29 13:00:00,1.35327,1.35336,1.35325,1.3533,0.0
2026-08-29 13:05:00,1.35328,1.35336,1.35323,1.35325,0.0
2026-08-29 13:10:00,1.35328,1.35336,1.35325,1.35329,0.0
2026-08-29 13:15:00,1.35329,1.35334,1.35325,1.35332,0.0
2026-08-29 13:20:00,1.35329,1.35347,1.3532,1.35336,0.0
2026-08-29 13:25:00,1.35335,1.35335,1.35325,1.35328,0.0
2026-08-29 13:30:00,1.35328,1.35333,1.35322,1.35327,0.0
2026-08-29 13:35:00,1.35326,1.35335,1.35325,1.35333,0.0
2026-08-29 13:40:00,1.3533,1.35337,1.35325,1.3533,0.0
2026-08-29 13:45:00,1.35329,1.35337,1.35325,1.35326,0.0
2026-08-29 13:50:00,1.35328,1.35334,1.35325,1.35331,0.0
2026-08-29 13:55:00,1.3533,1.35335,1.35325,1.3533,0.0
2026-08-29 14:00:00,1.35326,1.35332,1.35325,1.3533,0.0
2026-08-29 14:05:00,1.35328,1.35336,1.35325,1.35334,0.0
2026-08-29 14:10:00,1.3533,1.35343,1.35324,1.35331,0.0
2026-08-29 14:15:00,1.3533,1.35333,1.35325,1.3533,0.0
2026-08-29 14:20:00,1.35326,1.35335,1.35325,1.35334,0.0
2026-08-29 14:25:00,1.3533,1.35335,1.35327,1.35327,0.0
2026-08-29 14:30:00,1.35328,1.35334,1.35325,1.35329,0.0
2026-08-29 14:35:00,1.35328,1.35336,1.35325,1.35334,0.0
2026-08-29 14:40:00,1.35331,1.35336,1.35325,1.3533,0.0
2026-08-29 14:45:00,1.35328,1.35333,1.35322,1.35322,0.0
2026-08-29 14:50:00,1.35324,1.35335,1.3532,1.35331,0.0
2026-08-29 14:55:00,1.3533,1.35332,1.35322,1.35326,0.0
2026-08-29 15:00:00,1.35323,1.35342,1.35316,1.3533,0.0
2026-08-29 15:05:00,1.35329,1.35333,1.35323,1.35331,0.0
2026-08-29 15:10:00,1.35327,1.35344,1.35319,1.35333,0.0
2026-08-29 15:15:00,1.3533,1.3533,1.35322,1.35324,0.0
2026-08-29 15:20:00,1.35324,1.35335,1.35315,1.35333,0.0
2026-08-29 15:25:00,1.35329,1.35335,1.35323,1.35324,0.0
2026-08-29 15:30:00,1.35326,1.3533,1.35318,1.35327,0.0
2026-08-29 15:35:00,1.35325,1.35333,1.35322,1.35332,0.0
2026-08-29 15:40:00,1.35329,1.35336,1.35325,1.3533,0.0
2026-08-29 15:45:00,1.35328,1.35333,1.35325,1.35325,0.0
2026-08-29 15:50:00,1.35327,1.35341,1.35317,1.35334,0.0
2026-08-29 15:55:00,1.35333,1.35337,1.35325,1.35329,0.0
2026-08-29 16:00:00,1.35326,1.35337,1.35325,1.35336,0.0
2026-08-29 16:05:00,1.35333,1.35337,1.35331,1.35331,0.0
2026-08-29 16:10:00,1.35332,1.35339,1.35325,1.35335,0.0
2026-08-29 16:15:00,1.35333,1.3534,1.35331,1.35333,0.0
2026-08-29 16:20:00,1.35333,1.35338,1.35329,1.35331,0.0
2026-08-29 16:25:00,1.35331,1.35335,1.35325,1.3533,0.0
2026-08-29 16:30:00,1.35331,1.35338,1.35325,1.35335,0.0
2026-08-29 16:35:00,1.35333,1.35337,1.35331,1.35334,0.0
2026-08-29 16:40:00,1.35332,1.35344,1.35329,1.35334,0.0
2026-08-29 16:45:00,1.35334,1.35336,1.35325,1.35331,0.0
2026-08-29 16:50:00,1.35331,1.35337,1.35325,1.35334,0.0
2026-08-29 16:55:00,1.35331,1.35334,1.35325,1.35333,0.0
2026-08-29 17:00:00,1.35331,1.35337,1.35325,1.35335,0.0
2026-08-29 17:05:00,1.35331,1.35342,1.3533,1.35332,0.0
2026-08-29 17:10:00,1.35333,1.35335,1.35324,1.35331,0.0
2026-08-29 17:15:00,1.35328,1.35334,1.35325,1.35333,0.0
2026-08-29 17:20:00,1.35331,1.35334,1.35325,1.35328,0.0
2026-08-29 17:25:00,1.35328,1.35339,1.35323,1.35331,0.0
2026-08-29 17:30:00,1.35332,1.35338,1.35325,1.35334,0.0
2026-08-29 17:35:00,1.35332,1.35338,1.3533,1.35334,0.0
2026-08-29 17:40:00,1.35332,1.35332,1.35325,1.3533,0.0
2026-08-29 17:45:00,1.35328,1.35333,1.35325,1.35326,0.0
2026-08-29 17:50:00,1.35328,1.35334,1.35324,1.3533,0.0
2026-08-29 17:55:00,1.35328,1.35342,1.35322,1.35329,0.0
2026-08-29 18:00:00,1.3533,1.35337,1.35325,1.3533,0.0
2026-08-29 18:05:00,1.3533,1.35331,1.35325,1.35325,0.0
2026-08-29 18:10:00,1.35326,1.35334,1.35324,1.35331,0.0
2026-08-29 18:15:00,1.35328,1.35333,1.35325,1.35328,0.0
2026-08-29 18:20:00,1.35326,1.35341,1.35325,1.35333,0.0
2026-08-29 18:25:00,1.35333,1.35333,1.35325,1.35326,0.0
2026-08-29 18:30:00,1.35326,1.35334,1.35324,1.35331,0.0
2026-08-29 18:35:00,1.35328,1.35334,1.35325,1.35328,0.0
2026-08-29 18:40:00,1.35326,1.35332,1.35325,1.3533,0.0
2026-08-29 18:45:00,1.35327,1.35338,1.35325,1.35328,0.0
2026-08-29 18:50:00,1.35329,1.35334,1.35324,1.35331,0.0
2026-08-29 18:55:00,1.35328,1.35334,1.35325,1.35328,0.0
2026-08-29 19:00:00,1.35326,1.35332,1.35325,1.3533,0.0
2026-08-29 19:05:00,1.35327,1.35332,1.35325,1.35326,0.0
2026-08-29 19:10:00,1.35326,1.35344,1.35326,1.35341,0.0
2026-08-29 19:15:00,1.35338,1.35341,1.35333,1.35338,0.0
2026-08-29 19:20:00,1.35337,1.35343,1.35332,1.35332,0.0
2026-08-29 19:25:00,1.35335,1.35347,1.35328,1.35339,0.0
2026-08-29 19:30:00,1.35338,1.3534,1.35333,1.35337,0.0
2026-08-29 19:35:00,1.35334,1.35345,1.35333,1.3534,0.0
2026-08-29 19:40:00,1.35339,1.35343,1.35332,1.35332,0.0
2026-08-29 19:45:00,1.35335,1.35343,1.35334,1.35338,0.0
2026-08-29 19:50:00,1.35337,1.35339,1.35333,1.35337,0.0
2026-08-29 19:55:00,1.35334,1.3534,1.35333,1.35338,0.0
2026-08-29 20:00:00,1.35336,1.35346,1.35333,1.35336,0.0
2026-08-29 20:05:00,1.35337,1.35343,1.35333,1.35338,0.0
2026-08-29 20:10:00,1.35337,1.35339,1.35333,1.35337,0.0
2026-08-29 20:15:00,1.35334,1.3534,1.35333,1.35338,0.0
2026-08-29 20:20:00,1.35336,1.35342,1.35332,1.35332,0.0
2026-08-29 20:25:00,1.35335,1.35344,1.35332,1.3534,0.0
2026-08-29 20:30:00,1.35339,1.3534,1.35333,1.35337,0.0
2026-08-29 20:35:00,1.35334,1.3534,1.35333,1.35338,0.0
2026-08-29 20:40:00,1.35336,1.35342,1.35332,1.35332,0.0
2026-08-29 20:45:00,1.35335,1.35343,1.35332,1.35338,0.0
2026-08-29 20:50:00,1.35336,1.35344,1.35333,1.3534,0.0
2026-08-29 20:55:00,1.35337,1.35341,1.35333,1.35338,0.0
2026-08-29 21:00:00,1.35336,1.35341,1.35331,1.35332,0.0
2026-08-29 21:05:00,1.35334,1.35342,1.35332,1.35338,0.0
2026-08-29 21:10:00,1.35336,1.3534,1.35333,1.35337,0.0
2026-08-29 21:15:00,1.35334,1.35346,1.35333,1.35338,0.0
2026-08-29 21:20:00,1.35339,1.35342,1.35333,1.35333,0.0
2026-08-29 21:25:00,1.35335,1.35343,1.35332,1.35338,0.0
2026-08-29 21:30:00,1.35337,1.35343,1.35331,1.35335,0.0
2026-08-29 21:35:00,1.35333,1.35337,1.35329,1.35331,0.0
2026-08-29 21:40:00,1.35331,1.35344,1.35329,1.35343,0.0
2026-08-29 21:45:00,1.3534,1.3534,1.3533,1.35334,0.0
2026-08-29 21:50:00,1.35332,1.35335,1.3533,1.35333,0.0
2026-08-29 21:55:00,1.3533,1.35336,1.35328,1.3533,0.0
2026-08-29 22:00:00,1.3533,1.35335,1.3533,1.3533,0.0
2026-08-29 22:05:00,1.3533,1.35343,1.35324,1.3534,0.0
2026-08-29 22:10:00,1.35337,1.35338,1.35331,1.35334,0.0
2026-08-29 22:15:00,1.35331,1.35337,1.35329,1.3533,0.0
2026-08-29 22:20:00,1.3533,1.35335,1.3533,1.3533,0.0
2026-08-29 22:25:00,1.35331,1.35336,1.35328,1.35333,0.0
2026-08-29 22:30:00,1.3533,1.35343,1.35329,1.35342,0.0
2026-08-29 22:35:00,1.35336,1.35345,1.35331,1.35332,0.0
2026-08-29 22:40:00,1.35333,1.35335,1.3533,1.3533,0.0
2026-08-29 22:45:00,1.35331,1.35336,1.35328,1.35333,0.0
2026-08-29 22:50:00,1.3533,1.35335,1.3533,1.35333,0.0
2026-08-29 22:55:00,1.3533,1.3534,1.35329,1.35339,0.0
2026-08-29 23:00:00,1.35336,1.35337,1.35331,1.35331,0.0
2026-08-29 23:05:00,1.35331,1.35337,1.35329,1.35333,0.0
2026-08-29 23:10:00,1.3533,1.35336,1.3533,1.35333,0.0
2026-08-29 23:15:00,1.3533,1.35336,1.35328,1.3533,0.0
2026-08-29 23:20:00,1.3533,1.35344,1.35325,1.35343,0.0
2026-08-29 23:25:00,1.35341,1.35341,1.35329,1.35334,0.0
2026-08-29 23:30:00,1.35332,1.35336,1.3533,1.35333,0.0
2026-08-29 23:35:00,1.35331,1.35336,1.35328,1.3533,0.0
2026-08-29 23:40:00,1.3533,1.35335,1.35329,1.3533,0.0
2026-08-29 23:45:00,1.3533,1.35343,1.35323,1.3534,0.0
2026-08-29 23:50:00,1.35337,1.35339,1.35331,1.35333,0.0
2026-08-29 23:55:00,1.35331,1.35337,1.35329,1.3533,0.0
2026-08-30 00:00:00,1.35331,1.35335,1.35329,1.35331,0.0
2026-08-30 00:05:00,1.3533,1.35336,1.35328,1.35333,0.0
2026-08-30 00:10:00,1.3533,1.3534,1.35329,1.3534,0.0
2026-08-30 00:15:00,1.35337,1.35337,1.35329,1.3533,0.0
2026-08-30 00:20:00,1.35331,1.35336,1.35329,1.35332,0.0
2026-08-30 00:25:00,1.35331,1.35336,1.35328,1.35333,0.0
2026-08-30 00:30:00,1.35331,1.35336,1.35329,1.35333,0.0
2026-08-30 00:35:00,1.3533,1.35343,1.35329,1.35341,0.0
2026-08-30 00:40:00,1.35337,1.3534,1.35333,1.35333,0.0
2026-08-30 00:45:00,1.35333,1.35337,1.3533,1.35335,0.0
2026-08-30 00:50:00,1.35332,1.35337,1.3533,1.35333,0.0
2026-08-30 00:55:00,1.35331,1.35337,1.35329,1.3533,0.0
2026-08-30 01:00:00,1.35331,1.35351,1.35321,1.3535,0.0
2026-08-30 01:05:00,1.35347,1.35369,1.35175,1.35254,0.0
2026-08-30 01:10:00,1.35225,1.35302,1.35225,1.35292,0.0
2026-08-30 01:15:00,1.3529,1.35296,1.35289,1.35289,0.0
2026-08-30 01:20:00,1.3529,1.35296,1.35288,1.35291,0.0
2026-08-30 01:25:00,1.3529,1.35323,1.35289,1.35322,0.0
2026-08-30 01:30:00,1.35318,1.35324,1.35316,1.3532,0.0
2026-08-30 01:35:00,1.35318,1.35331,1.35317,1.35329,0.0
2026-08-30 01:40:00,1.35325,1.35331,1.35323,1.35326,0.0
2026-08-30 01:45:00,1.35325,1.35331,1.35323,1.35328,0.0
2026-08-30 01:50:00,1.35325,1.35338,1.35323,1.35337,0.0
2026-08-30 01:55:00,1.35334,1.3534,1.35333,1.35333,0.0
2026-08-30 02:00:00,1.35334,1.35433,1.35325,1.35404,0.0
2026-08-30 02:05:00,1.35402,1.35402,1.35393,1.35399,0.0
2026-08-30 02:10:00,1.35395,1.35402,1.35394,1.35398,0.0
2026-08-30 02:15:00,1.35395,1.35399,1.35388,1.35388,0.0
2026-08-30 02:20:00,1.3539,1.35396,1.35388,1.35392,0.0
2026-08-30 02:25:00,1.3539,1.35395,1.35389,1.35393,0.0
2026-08-30 02:30:00,1.3539,1.35396,1.35345,1.3536,0.0
2026-08-30 02:35:00,1.3536,1.35365,1.35359,1.35359,0.0
2026-08-30 02:40:00,1.3536,1.3537,1.35355,1.35363,0.0
2026-08-30 02:45:00,1.35362,1.35366,1.35361,1.35365,0.0
2026-08-30 02:50:00,1.35362,1.35369,1.35361,1.35364,0.0
2026-08-30 02:55:00,1.35364,1.35369,1.35363,1.35363,0.0
2026-08-30 03:00:00,1.35364,1.35476,1.3528,1.35441,0.0
2026-08-30 03:05:00,1.3544,1.35451,1.35425,1.35448,0.0
2026-08-30 03:10:00,1.35442,1.35442,1.35419,1.35426,0.0
2026-08-30 03:15:00,1.35426,1.35431,1.35425,1.35425,0.0
2026-08-30 03:20:00,1.35426,1.35432,1.35424,1.35428,0.0
2026-08-30 03:25:00,1.35426,1.3543,1.35425,1.35429,0.0
2026-08-30 03:30:00,1.35426,1.35432,1.3542,1.35426,0.0
2026-08-30 03:35:00,1.35425,1.35425,1.3541,1.35414,0.0
2026-08-30 03:40:00,1.35415,1.35421,1.35413,1.35417,0.0
2026-08-30 03:45:00,1.35415,1.35419,1.35414,1.35417,0.0
2026-08-30 03:50:00,1.35415,1.35421,1.35413,1.35414,0.0
2026-08-30 03:55:00,1.35415,1.35433,1.35369,1.35384,0.0
2026-08-30 04:00:00,1.35384,1.35387,1.35355,1.35359,0.0
2026-08-30 04:05:00,1.35363,1.35367,1.35363,1.35366,0.0
2026-08-30 04:10:00,1.35363,1.35363,1.35334,1.35335,0.0
2026-08-30 04:15:00,1.35336,1.35338,1.35331,1.35331,0.0
2026-08-30 04:20:00,1.35331,1.35344,1.35323,1.35338,0.0
2026-08-30 04:25:00,1.35333,1.35344,1.35331,1.35334,0.0
2026-08-30 04:30:00,1.35332,1.35337,1.35329,1.35331,0.0
2026-08-30 04:35:00,1.35331,1.35335,1.3533,1.35331,0.0
2026-08-30 04:40:00,1.35331,1.35337,1.35329,1.35333,0.0
2026-08-30 04:45:00,1.35331,1.35339,1.35331,1.35337,0.0
2026-08-30 04:50:00,1.3533,1.35345,1.3533,1.35338,0.0
2026-08-30 04:55:00,1.35339,1.35343,1.35338,1.35338,0.0
2026-08-30 05:00:00,1.35339,1.35459,1.35325,1.35422,0.0
2026-08-30 05:05:00,1.3542,1.35425,1.3542,1.35422,0.0
2026-08-30 05:10:00,1.3542,1.35426,1.35416,1.35417,0.0
2026-08-30 05:15:00,1.35418,1.35418,1.35406,1.3541,0.0
2026-08-30 05:20:00,1.3541,1.35416,1.35408,1.35413,0.0
2026-08-30 05:25:00,1.3541,1.35415,1.35409,1.35412,0.0
2026-08-30 05:30:00,1.3541,1.35416,1.35408,1.35409,0.0
2026-08-30 05:35:00,1.3541,1.35415,1.35405,1.3541,0.0
2026-08-30 05:40:00,1.35409,1.35409,1.35399,1.35405,0.0
2026-08-30 05:45:00,1.35402,1.35407,1.35401,1.35404,0.0
2026-08-30 05:50:00,1.35402,1.35406,1.35364,1.35375,0.0
2026-08-30 05:55:00,1.35376,1.35379,1.35353,1.3536,0.0
2026-08-30 06:00:00,1.3536,1.3537,1.35357,1.35367,0.0
2026-08-30 06:05:00,1.35364,1.35368,1.35352,1.35364,0.0
2026-08-30 06:10:00,1.35363,1.35363,1.35345,1.3535,0.0
2026-08-30 06:15:00,1.35351,1.35353,1.3534,1.35349,0.0
2026-08-30 06:20:00,1.35344,1.35355,1.35344,1.35352,0.0
2026-08-30 06:25:00,1.35349,1.35355,1.35347,1.35353,0.0
2026-08-30 06:30:00,1.35348,1.35359,1.35348,1.35352,0.0
2026-08-30 06:35:00,1.35353,1.35358,1.35351,1.35353,0.0
2026-08-30 06:40:00,1.35353,1.35359,1.35351,1.35356,0.0
2026-08-30 06:45:00,1.35353,1.35359,1.35351,1.35355,0.0
2026-08-30 06:50:00,1.35353,1.35362,1.35349,1.3535,0.0
2026-08-30 06:55:00,1.35354,1.35366,1.35343,1.35348,0.0
2026-08-30 07:00:00,1.35347,1.35347,1.35338,1.35344,0.0
2026-08-30 07:05:00,1.35341,1.35347,1.35333,1.35333,0.0
2026-08-30 07:10:00,1.35333,1.35337,1.35329,1.3533,0.0
2026-08-30 07:15:00,1.35331,1.35338,1.35329,1.35331,0.0
2026-08-30 07:20:00,1.35331,1.3534,1.35329,1.35334,0.0
2026-08-30 07:25:00,1.35332,1.35337,1.35329,1.35333,0.0
2026-08-30 07:30:00,1.35331,1.35338,1.3533,1.35336,0.0
2026-08-30 07:35:00,1.35332,1.35337,1.35329,1.35332,0.0
2026-08-30 07:40:00,1.35331,1.35339,1.3533,1.35338,0.0
2026-08-30 07:45:00,1.3533,1.35345,1.3533,1.35333,0.0
2026-08-30 07:50:00,1.35332,1.35336,1.3533,1.3533,0.0
2026-08-30 07:55:00,1.35331,1.35339,1.35328,1.35333,0.0
2026-08-30 08:00:00,1.35332,1.3543,1.35315,1.35345,0.0
2026-08-30 08:05:00,1.35351,1.35351,1.35333,1.35342,0.0
2026-08-30 08:10:00,1.35336,1.35344,1.35332,1.35332,0.0
2026-08-30 08:15:00,1.35333,1.35338,1.3533,1.35333,0.0
2026-08-30 08:20:00,1.35332,1.35336,1.35329,1.35334,0.0
2026-08-30 08:25:00,1.35331,1.35337,1.35329,1.35331,0.0
2026-08-30 08:30:00,1.35331,1.35336,1.3533,1.3533,0.0
2026-08-30 08:35:00,1.35331,1.35347,1.35329,1.35342,0.0
2026-08-30 08:40:00,1.35341,1.35345,1.35339,1.35344,0.0
2026-08-30 08:45:00,1.35341,1.35347,1.35334,1.35337,0.0
2026-08-30 08:50:00,1.35337,1.35342,1.35336,1.35336,0.0
2026-08-30 08:55:00,1.35337,1.35341,1.35333,1.35336,0.0
2026-08-30 09:00:00,1.35335,1.35348,1.35331,1.35347,0.0
2026-08-30 09:05:00,1.35344,1.3535,1.35342,1.35344,0.0
2026-08-30 09:10:00,1.35344,1.35349,1.35343,1.35343,0.0
2026-08-30 09:15:00,1.35344,1.3535,1.35342,1.35346,0.0
2026-08-30 09:20:00,1.35344,1.35349,1.35344,1.35348,0.0
2026-08-30 09:25:00,1.35345,1.35358,1.35338,1.35352,0.0
2026-08-30 09:30:00,1.35352,1.35357,1.35351,1.35351,0.0
2026-08-30 09:35:00,1.35352,1.35358,1.3535,1.35354,0.0
2026-08-30 09:40:00,1.35352,1.35356,1.35351,1.35354,0.0
2026-08-30 09:45:00,1.35352,1.35358,1.3535,1.35352,0.0
2026-08-30 09:50:00,1.35352,1.35362,1.35351,1.35357,0.0
2026-08-30 09:55:00,1.35357,1.35363,1.35355,1.3536,0.0
2026-08-30 10:00:00,1.35357,1.35362,1.35357,1.3536,0.0
2026-08-30 10:05:00,1.35357,1.35363,1.35356,1.35357,0.0
2026-08-30 10:10:00,1.35357,1.35359,1.3534,1.35345,0.0
2026-08-30 10:15:00,1.35346,1.35361,1.35342,1.35347,0.0
2026-08-30 10:20:00,1.35345,1.35349,1.35345,1.35347,0.0
2026-08-30 10:25:00,1.35345,1.35351,1.35343,1.35344,0.0
2026-08-30 10:30:00,1.35345,1.35351,1.35344,1.35344,0.0
2026-08-30 10:35:00,1.35345,1.35353,1.35345,1.35349,0.0
2026-08-30 10:40:00,1.35347,1.35358,1.35342,1.35356,0.0
2026-08-30 10:45:00,1.35353,1.35359,1.35351,1.35353,0.0
2026-08-30 10:50:00,1.35353,1.35358,1.35352,1.35353,0.0
2026-08-30 10:55:00,1.35353,1.3536,1.35352,1.35356,0.0
2026-08-30 11:00:00,1.35353,1.35359,1.35345,1.35356,0.0
2026-08-30 11:05:00,1.35354,1.35356,1.3534,1.35348,0.0
2026-08-30 11:10:00,1.35349,1.35353,1.35345,1.35346,0.0
2026-08-30 11:15:00,1.35348,1.35348,1.3534,1.35344,0.0
2026-08-30 11:20:00,1.35341,1.35348,1.35341,1.35345,0.0
2026-08-30 11:25:00,1.35343,1.35349,1.35341,1.35342,0.0
2026-08-30 11:30:00,1.35343,1.35355,1.35342,1.3535,0.0
2026-08-30 11:35:00,1.3535,1.35356,1.35348,1.35353,0.0
2026-08-30 11:40:00,1.3535,1.35356,1.3535,1.35352,0.0
2026-08-30 11:45:00,1.3535,1.35356,1.35348,1.3535,0.0
2026-08-30 11:50:00,1.3535,1.35355,1.35349,1.3535,0.0
2026-08-30 11:55:00,1.3535,1.35362,1.3535,1.35359,0.0
2026-08-30 12:00:00,1.35356,1.35362,1.35355,1.35358,0.0
2026-08-30 12:05:00,1.35356,1.35362,1.35354,1.35355,0.0
2026-08-30 12:10:00,1.35356,1.35361,1.35355,1.35358,0.0
2026-08-30 12:15:00,1.35356,1.35362,1.35354,1.35359,0.0
2026-08-30 12:20:00,1.35356,1.35367,1.35351,1.35363,0.0
2026-08-30 12:25:00,1.35361,1.35367,1.35359,1.3536,0.0
2026-08-30 12:30:00,1.35361,1.35366,1.35359,1.35361,0.0
2026-08-30 12:35:00,1.35361,1.35375,1.35338,1.35348,0.0
2026-08-30 12:40:00,1.35345,1.35351,1.35344,1.35348,0.0
2026-08-30 12:45:00,1.35346,1.35358,1.35344,1.35351,0.0
2026-08-30 12:50:00,1.35352,1.35358,1.3535,1.35354,0.0
2026-08-30 12:55:00,1.35352,1.35358,1.3535,1.35355,0.0
2026-08-30 13:00:00,1.35352,1.35358,1.35351,1.35355,0.0
2026-08-30 13:05:00,1.35352,1.35358,1.35351,1.35351,0.0
2026-08-30 13:10:00,1.35352,1.35364,1.35351,1.35359,0.0
2026-08-30 13:15:00,1.35358,1.35363,1.35356,1.35361,0.0
2026-08-30 13:20:00,1.35358,1.35364,1.35356,1.3536,0.0
2026-08-30 13:25:00,1.35358,1.35364,1.35357,1.35357,0.0
2026-08-30 13:30:00,1.35358,1.35364,1.35356,1.35359,0.0
2026-08-30 13:35:00,1.35358,1.35368,1.35356,1.35365,0.0
2026-08-30 13:40:00,1.35362,1.35368,1.3536,1.35365,0.0
2026-08-30 13:45:00,1.35362,1.35368,1.35361,1.35361,0.0
2026-08-30 13:50:00,1.35362,1.35368,1.3536,1.35364,0.0
2026-08-30 13:55:00,1.35362,1.35367,1.35361,1.35365,0.0
2026-08-30 14:00:00,1.35362,1.35371,1.35361,1.35369,0.0
2026-08-30 14:05:00,1.35366,1.35372,1.35365,1.35365,0.0
2026-08-30 14:10:00,1.35366,1.35372,1.35364,1.35367,0.0
2026-08-30 14:15:00,1.35366,1.35371,1.35364,1.35369,0.0
2026-08-30 14:20:00,1.35366,1.35372,1.35361,1.35363,0.0
2026-08-30 14:25:00,1.35363,1.35369,1.35362,1.35362,0.0
2026-08-30 14:30:00,1.35363,1.35369,1.35361,1.35365,0.0
2026-08-30 14:35:00,1.35363,1.35368,1.35362,1.35366,0.0
2026-08-30 14:40:00,1.35363,1.35369,1.35361,1.35363,0.0
2026-08-30 14:45:00,1.35363,1.35366,1.35362,1.35362,0.0
2026-08-30 14:50:00,1.35362,1.35368,1.35353,1.35364,0.0
2026-08-30 14:55:00,1.35362,1.35367,1.35361,1.35365,0.0
2026-08-30 15:00:00,1.35362,1.35368,1.3536,1.35366,0.0
2026-08-30 15:05:00,1.35362,1.35367,1.35361,1.35361,0.0
2026-08-30 15:10:00,1.35362,1.35368,1.3536,1.35364,0.0
2026-08-30 15:15:00,1.35362,1.35363,1.35345,1.3536,0.0
2026-08-30 15:20:00,1.35357,1.35363,1.35355,1.35357,0.0
2026-08-30 15:25:00,1.35357,1.35362,1.35356,1.35356,0.0
2026-08-30 15:30:00,1.35357,1.35363,1.35352,1.3536,0.0
2026-08-30 15:35:00,1.35357,1.35357,1.35351,1.35356,0.0
2026-08-30 15:40:00,1.35353,1.35364,1.35352,1.35358,0.0
2026-08-30 15:45:00,1.35358,1.35363,1.35358,1.35358,0.0
2026-08-30 15:50:00,1.35358,1.35364,1.35356,1.35361,0.0
2026-08-30 15:55:00,1.35358,1.35363,1.35358,1.35361,0.0
2026-08-30 16:00:00,1.35358,1.35367,1.35344,1.35345,0.0
2026-08-30 16:05:00,1.35345,1.35356,1.35343,1.35351,0.0
2026-08-30 16:10:00,1.35352,1.35358,1.3535,1.35354,0.0
2026-08-30 16:15:00,1.35352,1.35357,1.35352,1.35354,0.0
2026-08-30 16:20:00,1.35352,1.35358,1.3535,1.35352,0.0
2026-08-30 16:25:00,1.35352,1.35356,1.35351,1.35352,0.0
2026-08-30 16:30:00,1.35352,1.35364,1.35346,1.3536,0.0
2026-08-30 16:35:00,1.35358,1.35362,1.35358,1.3536,0.0
2026-08-30 16:40:00,1.35358,1.35364,1.35356,1.35357,0.0
2026-08-30 16:45:00,1.35358,1.35362,1.35357,1.35357,0.0
2026-08-30 16:50:00,1.35358,1.35364,1.35356,1.3536,0.0
2026-08-30 16:55:00,1.35358,1.35365,1.35357,1.35364,0.0
2026-08-30 17:00:00,1.35362,1.35368,1.3536,1.35361,0.0
2026-08-30 17:05:00,1.35362,1.35366,1.35361,1.35362,0.0
2026-08-30 17:10:00,1.35362,1.35368,1.3536,1.35365,0.0
2026-08-30 17:15:00,1.35362,1.35367,1.35362,1.35364,0.0
2026-08-30 17:20:00,1.35362,1.35372,1.35361,1.35365,0.0
2026-08-30 17:25:00,1.35366,1.3537,1.35364,1.35366,0.0
2026-08-30 17:30:00,1.35366,1.35371,1.35351,1.35358,0.0
2026-08-30 17:35:00,1.35355,1.35361,1.35355,1.35357,0.0
2026-08-30 17:40:00,1.35355,1.35359,1.35345,1.35347,0.0
2026-08-30 17:45:00,1.35348,1.35359,1.35344,1.35354,0.0
2026-08-30 17:50:00,1.35354,1.3536,1.35352,1.35357,0.0
2026-08-30 17:55:00,1.35354,1.35359,1.35353,1.35355,0.0
2026-08-30 18:00:00,1.35354,1.3536,1.35352,1.35353,0.0
2026-08-30 18:05:00,1.35354,1.35359,1.35352,1.35354,0.0
2026-08-30 18:10:00,1.35354,1.35365,1.3535,1.35362,0.0
2026-08-30 18:15:00,1.35359,1.35365,1.35358,1.35361,0.0
2026-08-30 18:20:00,1.35359,1.35365,1.35357,1.35358,0.0
2026-08-30 18:25:00,1.35359,1.35364,1.35357,1.35359,0.0
2026-08-30 18:30:00,1.35359,1.35365,1.35357,1.35362,0.0
2026-08-30 18:35:00,1.35359,1.35368,1.35358,1.35366,0.0
2026-08-30 18:40:00,1.35363,1.35369,1.35361,1.35362,0.0
2026-08-30 18:45:00,1.35363,1.35369,1.35361,1.35365,0.0
2026-08-30 18:50:00,1.35363,1.35369,1.35361,1.35366,0.0
2026-08-30 18:55:00,1.35363,1.35369,1.35362,1.35365,0.0
2026-08-30 19:00:00,1.35363,1.35373,1.35361,1.35366,0.0
2026-08-30 19:05:00,1.35367,1.35372,1.35365,1.35367,0.0
2026-08-30 19:10:00,1.35367,1.35372,1.35365,1.3537,0.0
2026-08-30 19:15:00,1.35367,1.35373,1.35365,1.35369,0.0
2026-08-30 19:20:00,1.35367,1.35369,1.35362,1.35362,0.0
2026-08-30 19:25:00,1.35363,1.35371,1.35361,1.35368,0.0
2026-08-30 19:30:00,1.35367,1.35372,1.35365,1.3537,0.0
2026-08-30 19:35:00,1.35367,1.35373,1.35365,1.35369,0.0
2026-08-30 19:40:00,1.35367,1.35372,1.35365,1.35366,0.0
2026-08-30 19:45:00,1.35367,1.35373,1.35361,1.35369,0.0
2026-08-30 19:50:00,1.35367,1.3537,1.35358,1.35368,0.0
2026-08-30 19:55:00,1.35365,1.35371,1.35363,1.35365,0.0
2026-08-30 20:00:00,1.35365,1.3537,1.35364,1.35364,0.0
2026-08-30 20:05:00,1.35365,1.35371,1.35363,1.35366,0.0
2026-08-30 20:10:00,1.35365,1.35369,1.35363,1.35368,0.0
2026-08-30 20:15:00,1.35365,1.35371,1.35363,1.35365,0.0
2026-08-30 20:20:00,1.35365,1.3537,1.35364,1.35364,0.0
2026-08-30 20:25:00,1.35365,1.35371,1.35363,1.35366,0.0
2026-08-30 20:30:00,1.35365,1.35371,1.35357,1.3537,0.0
2026-08-30 20:35:00,1.35366,1.35366,1.35355,1.35358,0.0
2026-08-30 20:40:00,1.35358,1.35363,1.35357,1.35357,0.0
2026-08-30 20:45:00,1.35358,1.35364,1.35356,1.3536,0.0
2026-08-30 20:50:00,1.35358,1.35362,1.35357,1.35361,0.0
2026-08-30 20:55:00,1.35358,1.35364,1.35356,1.35358,0.0
2026-08-30 21:00:00,1.35358,1.35363,1.35357,1.35357,0.0
2026-08-30 21:05:00,1.35358,1.35364,1.35356,1.3536,0.0
2026-08-30 21:10:00,1.35358,1.35362,1.35357,1.35361,0.0
2026-08-30 21:15:00,1.35358,1.35364,1.35356,1.35358,0.0
2026-08-30 21:20:00,1.35358,1.35363,1.35357,1.35357,0.0
2026-08-30 21:25:00,1.35358,1.35364,1.35356,1.3536,0.0
2026-08-30 21:30:00,1.35358,1.35362,1.35357,1.35361,0.0
2026-08-30 21:35:00,1.35358,1.35364,1.35356,1.35358,0.0
2026-08-30 21:40:00,1.35358,1.35393,1.35351,1.35381,0.0
2026-08-30 21:45:00,1.35381,1.35387,1.35379,1.35384,0.0
2026-08-30 21:50:00,1.35381,1.35386,1.35381,1.35384,0.0
2026-08-30 21:55:00,1.35381,1.35387,1.35379,1.35381,0.0
2026-08-30 22:00:00,1.35381,1.35386,1.35381,1.35381,0.0
2026-08-30 22:05:00,1.35381,1.35387,1.35379,1.35384,0.0
2026-08-30 22:10:00,1.35381,1.35386,1.35381,1.35384,0.0
2026-08-30 22:15:00,1.35381,1.35387,1.35379,1.35381,0.0
2026-08-30 22:20:00,1.35381,1.35385,1.35381,1.35381,0.0
2026-08-30 22:25:00,1.35381,1.35387,1.35379,1.35384,0.0
2026-08-30 22:30:00,1.35381,1.35386,1.35381,1.35384,0.0
2026-08-30 22:35:00,1.35381,1.35387,1.35379,1.35381,0.0
2026-08-30 22:40:00,1.35381,1.35385,1.3538,1.35381,0.0
2026-08-30 22:45:00,1.35381,1.35387,1.35379,1.35384,0.0
2026-08-30 22:50:00,1.35381,1.35386,1.35381,1.35384,0.0
2026-08-30 22:55:00,1.35381,1.3541,1.35378,1.35399,0.0
2026-08-30 23:00:00,1.354,1.35404,1.35399,1.354,0.0
2026-08-30 23:05:00,1.354,1.35406,1.35398,1.35403,0.0
2026-08-30 23:10:00,1.354,1.35405,1.354,1.35402,0.0
2026-08-30 23:15:00,1.354,1.35449,1.35333,1.35341,0.0
2026-08-30 23:20:00,1.35355,1.35391,1.35338,1.35379,0.0
2026-08-30 23:25:00,1.35379,1.35385,1.35377,1.35382,0.0
2026-08-30 23:30:00,1.35379,1.35385,1.35378,1.35381,0.0
2026-08-30 23:35:00,1.35379,1.35385,1.35377,1.35378,0.0
2026-08-30 23:40:00,1.35379,1.35384,1.35378,1.35379,0.0
2026-08-30 23:45:00,1.35379,1.35408,1.35365,1.35401,0.0
2026-08-30 23:50:00,1.35398,1.35404,1.35397,1.354,0.0
2026-08-30 23:55:00,1.35398,1.35404,1.35396,1.35397,0.0
2026-08-31 00:00:00,1.35398,1.35401,1.35366,1.35377,0.0
2026-08-31 00:05:00,1.35376,1.35376,1.35351,1.3536,0.0
2026-08-31 00:10:00,1.35357,1.35391,1.35354,1.35383,0.0
2026-08-31 00:15:00,1.35381,1.35387,1.35379,1.3538,0.0
2026-08-31 00:20:00,1.35381,1.35386,1.35379,1.35381,0.0
2026-08-31 00:25:00,1.35381,1.35386,1.35379,1.35384,0.0
2026-08-31 00:30:00,1.35381,1.35387,1.35379,1.35383,0.0
2026-08-31 00:35:00,1.35381,1.35406,1.35378,1.35398,0.0
2026-08-31 00:40:00,1.35399,1.35405,1.35397,1.35401,0.0
2026-08-31 00:45:00,1.35399,1.35405,1.35397,1.35402,0.0
2026-08-31 00:50:00,1.35399,1.35405,1.35398,1.35402,0.0
2026-08-31 00:55:00,1.35399,1.35405,1.35398,1.35398,0.0
2026-08-31 01:00:00,1.35399,1.35402,1.35391,1.35395,0.0
2026-08-31 01:05:00,1.35394,1.35399,1.35392,1.35397,0.0
2026-08-31 01:10:00,1.35394,1.354,1.35392,1.35396,0.0
2026-08-31 01:15:00,1.35394,1.354,1.35393,1.35393,0.0
2026-08-31 01:20:00,1.35394,1.354,1.35392,1.35395,0.0
2026-08-31 01:25:00,1.35394,1.35419,1.35391,1.35413,0.0
2026-08-31 01:30:00,1.3541,1.35416,1.35391,1.35411,0.0
2026-08-31 01:35:00,1.3541,1.3541,1.35378,1.35386,0.0
2026-08-31 01:40:00,1.35387,1.35393,1.35385,1.35388,0.0
2026-08-31 01:45:00,1.35387,1.35392,1.35385,1.3539,0.0
2026-08-31 01:50:00,1.35387,1.35413,1.3537,1.35405,0.0
2026-08-31 01:55:00,1.35405,1.3541,1.35404,1.35404,0.0
2026-08-31 02:00:00,1.35405,1.35454,1.35369,1.35439,0.0
2026-08-31 02:05:00,1.35438,1.35443,1.35436,1.35441,0.0
2026-08-31 02:10:00,1.35438,1.35444,1.35436,1.35438,0.0
2026-08-31 02:15:00,1.35438,1.35451,1.35435,1.35444,0.0
2026-08-31 02:20:00,1.35445,1.35469,1.35397,1.35407,0.0
2026-08-31 02:25:00,1.35406,1.3541,1.35404,1.35409,0.0
2026-08-31 02:30:00,1.35406,1.35412,1.35404,1.35406,0.0
2026-08-31 02:35:00,1.35406,1.35411,1.35405,1.35405,0.0
2026-08-31 02:40:00,1.35406,1.35436,1.3539,1.35432,0.0
2026-08-31 02:45:00,1.35431,1.35435,1.35429,1.35433,0.0
2026-08-31 02:50:00,1.35431,1.35437,1.35429,1.35431,0.0
2026-08-31 02:55:00,1.35431,1.35436,1.3543,1.3543,0.0
2026-08-31 03:00:00,1.35431,1.35434,1.35334,1.35391,0.0
2026-08-31 03:05:00,1.35389,1.35413,1.35387,1.35409,0.0
2026-08-31 03:10:00,1.35406,1.35412,1.35397,1.35406,0.0
2026-08-31 03:15:00,1.35405,1.35405,1.3536,1.35363,0.0
2026-08-31 03:20:00,1.35364,1.3537,1.35362,1.35366,0.0
2026-08-31 03:25:00,1.35364,1.35368,1.35351,1.35356,0.0
2026-08-31 03:30:00,1.35354,1.35388,1.35327,1.35378,0.0
2026-08-31 03:35:00,1.35378,1.35382,1.35377,1.35377,0.0
2026-08-31 03:40:00,1.35378,1.35384,1.35376,1.3538,0.0
2026-08-31 03:45:00,1.35378,1.35382,1.3534,1.35343,0.0
2026-08-31 03:50:00,1.35348,1.35348,1.35331,1.35332,0.0
2026-08-31 03:55:00,1.35333,1.35369,1.35333,1.35346,0.0
2026-08-31 04:00:00,1.35348,1.35426,1.35286,1.35342,0.0
2026-08-31 04:05:00,1.35349,1.35349,1.35334,1.35338,0.0
2026-08-31 04:10:00,1.35335,1.35343,1.35334,1.35341,0.0
2026-08-31 04:15:00,1.35339,1.35341,1.35334,1.35334,0.0
2026-08-31 04:20:00,1.35336,1.35373,1.35315,1.35346,0.0
2026-08-31 04:25:00,1.35352,1.35352,1.35334,1.35338,0.0
2026-08-31 04:30:00,1.35335,1.35345,1.35334,1.35343,0.0
2026-08-31 04:35:00,1.35341,1.35343,1.35338,1.35338,0.0
2026-08-31 04:40:00,1.35338,1.35345,1.35334,1.35341,0.0
2026-08-31 04:45:00,1.35338,1.35371,1.35329,1.35341,0.0
2026-08-31 04:50:00,1.35345,1.35552,1.34993,1.35287,0.0
2026-08-31 04:55:00,1.35263,1.35343,1.35258,1.35341,0.0
2026-08-31 05:00:00,1.35336,1.35417,1.35285,1.35357,0.0
2026-08-31 05:05:00,1.35377,1.35588,1.35306,1.35564,0.0
2026-08-31 05:10:00,1.3554,1.3554,1.35058,1.35297,0.0
2026-08-31 05:15:00,1.35252,1.35309,1.35056,1.35162,0.0
2026-08-31 05:20:00,1.35197,1.354,1.35081,1.35345,0.0
2026-08-31 05:25:00,1.35267,1.35267,1.34902,1.35149,0.0
2026-08-31 05:30:00,1.3511,1.35344,1.35095,1.35282,0.0
2026-08-31 05:35:00,1.35285,1.35298,1.35186,1.35202,0.0
2026-08-31 05:40:00,1.35228,1.35329,1.35159,1.35322,0.0
2026-08-31 05:45:00,1.35306,1.35356,1.35199,1.35285,0.0
2026-08-31 05:50:00,1.35285,1.35353,1.35175,1.35299,0.0
2026-08-31 05:55:00,1.35274,1.35355,1.35171,1.35347,0.0
2026-08-31 06:00:00,1.35329,1.354,1.35259,1.35321,0.0
2026-08-31 06:05:00,1.35324,1.35369,1.35324,1.35338,0.0
2026-08-31 06:10:00,1.35343,1.35386,1.35336,1.35381,0.0
2026-08-31 06:15:00,1.35367,1.35367,1.35338,1.35344,0.0
2026-08-31 06:20:00,1.35342,1.35369,1.35331,1.35366,0.0
2026-08-31 06:25:00,1.35362,1.35371,1.35325,1.3536,0.0
2026-08-31 06:30:00,1.35359,1.35384,1.35243,1.3526,0.0
2026-08-31 06:35:00,1.353,1.35369,1.35276,1.35341,0.0
2026-08-31 06:40:00,1.35336,1.35346,1.35334,1.35344,0.0
2026-08-31 06:45:00,1.35341,1.35347,1.35333,1.35339,0.0
2026-08-31 06:50:00,1.35336,1.35393,1.35283,1.3531,0.0
2026-08-31 06:55:00,1.35316,1.35349,1.35291,1.35338,0.0
2026-08-31 07:00:00,1.35336,1.35362,1.35311,1.35345,0.0
2026-08-31 07:05:00,1.35349,1.35356,1.3534,1.35355,0.0
2026-08-31 07:10:00,1.35352,1.35377,1.35311,1.35322,0.0
2026-08-31 07:15:00,1.35348,1.35386,1.35348,1.35353,0.0
2026-08-31 07:20:00,1.35355,1.35365,1.35339,1.3536,0.0
2026-08-31 07:25:00,1.35354,1.35365,1.35325,1.35351,0.0
2026-08-31 07:30:00,1.35344,1.35355,1.35325,1.35326,0.0
2026-08-31 07:35:00,1.35329,1.35364,1.35319,1.3536,0.0
2026-08-31 07:40:00,1.35353,1.35368,1.35353,1.35367,0.0
2026-08-31 07:45:00,1.35363,1.35382,1.35347,1.35375,0.0
2026-08-31 07:50:00,1.35363,1.35386,1.35347,1.35349,0.0
2026-08-31 07:55:00,1.35349,1.35356,1.3534,1.35352,0.0
2026-08-31 08:00:00,1.35345,1.35356,1.35285,1.35324,0.0
2026-08-31 08:05:00,1.3532,1.35328,1.35303,1.35326,0.0
2026-08-31 08:10:00,1.3532,1.35333,1.3532,1.35327,0.0
2026-08-31 08:15:00,1.35325,1.35329,1.35316,1.35317,0.0
2026-08-31 08:20:00,1.35317,1.35329,1.35317,1.35327,0.0
2026-08-31 08:25:00,1.35325,1.35333,1.35319,1.35329,0.0
2026-08-31 08:30:00,1.35323,1.35355,1.35323,1.35353,0.0
2026-08-31 08:35:00,1.3535,1.35367,1.35339,1.35366,0.0
2026-08-31 08:40:00,1.3536,1.3537,1.35354,1.35356,0.0
2026-08-31 08:45:00,1.35359,1.35366,1.35349,1.35364,0.0
2026-08-31 08:50:00,1.35359,1.35363,1.35348,1.35349,0.0
2026-08-31 08:55:00,1.35353,1.35371,1.35353,1.35367,0.0
2026-08-31 09:00:00,1.35365,1.35377,1.35364,1.35373,0.0
2026-08-31 09:05:00,1.3537,1.35377,1.35367,1.35368,0.0
2026-08-31 09:10:00,1.35368,1.35373,1.35353,1.35369,0.0
2026-08-31 09:15:00,1.35369,1.3538,1.35357,1.35378,0.0
2026-08-31 09:20:00,1.35375,1.35383,1.35373,1.35382,0.0
2026-08-31 09:25:00,1.3538,1.35382,1.35372,1.35376,0.0
2026-08-31 09:30:00,1.35376,1.35396,1.35371,1.35391,0.0
2026-08-31 09:35:00,1.35385,1.35397,1.35384,1.35394,0.0
2026-08-31 09:40:00,1.3539,1.354,1.3539,1.35392,0.0
2026-08-31 09:45:00,1.35393,1.35393,1.35378,1.35378,0.0
2026-08-31 09:50:00,1.35379,1.354,1.35378,1.35398,0.0
2026-08-31 09:55:00,1.35395,1.35409,1.35394,1.35405,0.0
2026-08-31 10:00:00,1.35403,1.35414,1.35397,1.35414,0.0
2026-08-31 10:05:00,1.35411,1.35429,1.35407,1.35417,0.0
2026-08-31 10:10:00,1.35418,1.35428,1.35411,1.35412,0.0
2026-08-31 10:15:00,1.35414,1.35424,1.35412,1.35414,0.0
2026-08-31 10:20:00,1.35417,1.35417,1.35384,1.35388,0.0
2026-08-31 10:25:00,1.35394,1.35394,1.35342,1.35344,0.0
2026-08-31 10:30:00,1.35348,1.354,1.35342,1.35394,0.0
2026-08-31 10:35:00,1.35386,1.35431,1.35386,1.35429,0.0
2026-08-31 10:40:00,1.35424,1.35437,1.35422,1.35427,0.0
2026-08-31 10:45:00,1.35424,1.35438,1.35421,1.3543,0.0
2026-08-31 10:50:00,1.3543,1.35462,1.35424,1.35455,0.0
2026-08-31 10:55:00,1.35444,1.35472,1.35444,1.35449,0.0
2026-08-31 11:00:00,1.35451,1.35458,1.3541,1.35442,0.0
2026-08-31 11:05:00,1.35439,1.35447,1.35396,1.35398,0.0
2026-08-31 11:10:00,1.35402,1.35402,1.35377,1.35379,0.0
2026-08-31 11:15:00,1.35381,1.35401,1.35381,1.35397,0.0
2026-08-31 11:20:00,1.35395,1.35418,1.35392,1.35418,0.0
2026-08-31 11:25:00,1.35416,1.35432,1.35405,1.3543,0.0
2026-08-31 11:30:00,1.35427,1.35445,1.35411,1.35414,0.0
2026-08-31 11:35:00,1.35419,1.35449,1.35418,1.35447,0.0
2026-08-31 11:40:00,1.35443,1.35469,1.35436,1.35468,0.0
2026-08-31 11:45:00,1.35463,1.35472,1.35444,1.35446,0.0
2026-08-31 11:50:00,1.3545,1.35455,1.35439,1.35448,0.0
2026-08-31 11:55:00,1.35448,1.35453,1.35434,1.3544,0.0
2026-08-31 12:00:00,1.35437,1.35441,1.35431,1.35435,0.0
2026-08-31 12:05:00,1.35433,1.35454,1.35427,1.35435,0.0
2026-08-31 12:10:00,1.35442,1.35452,1.35442,1.35444,0.0
2026-08-31 12:15:00,1.35444,1.35467,1.35425,1.35433,0.0
2026-08-31 12:20:00,1.3545,1.3545,1.35417,1.35441,0.0
2026-08-31 12:25:00,1.35435,1.35459,1.35435,1.35458,0.0
2026-08-31 12:30:00,1.35455,1.35459,1.35442,1.35444,0.0
2026-08-31 12:35:00,1.35447,1.35447,1.35424,1.3543,0.0
2026-08-31 12:40:00,1.35427,1.35439,1.35388,1.35401,0.0
2026-08-31 12:45:00,1.35397,1.35427,1.35397,1.35424,0.0
2026-08-31 12:50:00,1.35419,1.35443,1.35413,1.35439,0.0
2026-08-31 12:55:00,1.35439,1.35448,1.35437,1.35446,0.0
2026-08-31 13:00:00,1.35443,1.35462,1.35431,1.35454,0.0
2026-08-31 13:05:00,1.35454,1.35457,1.35446,1.35448,0.0
2026-08-31 13:10:00,1.3545,1.35464,1.35446,1.35459,0.0
2026-08-31 13:15:00,1.35458,1.35465,1.35456,1.35463,0.0
2026-08-31 13:20:00,1.3546,1.35475,1.35455,1.35469,0.0
2026-08-31 13:25:00,1.35468,1.35471,1.35463,1.35463,0.0
2026-08-31 13:30:00,1.35464,1.35473,1.35441,1.35442,0.0
2026-08-31 13:35:00,1.35443,1.35443,1.35422,1.35434,0.0
2026-08-31 13:40:00,1.35432,1.35446,1.35415,1.35443,0.0
2026-08-31 13:45:00,1.35437,1.35444,1.3543,1.35435,0.0
2026-08-31 13:50:00,1.35433,1.35444,1.35426,1.35437,0.0
2026-08-31 13:55:00,1.35435,1.35438,1.35429,1.35436,0.0
2026-08-31 14:00:00,1.35432,1.35458,1.35429,1.35457,0.0
2026-08-31 14:05:00,1.35453,1.35463,1.35452,1.3546,0.0
2026-08-31 14:10:00,1.35457,1.35467,1.35456,1.35461,0.0
2026-08-31 14:15:00,1.3546,1.35463,1.35455,1.35461,0.0
2026-08-31 14:20:00,1.35459,1.35459,1.35435,1.35436,0.0
2026-08-31 14:25:00,1.35437,1.3544,1.3542,1.35421,0.0
2026-08-31 14:30:00,1.35424,1.35433,1.35419,1.3542,0.0
2026-08-31 14:35:00,1.35419,1.35434,1.35419,1.35432,0.0
2026-08-31 14:40:00,1.35429,1.3544,1.35418,1.35437,0.0
2026-08-31 14:45:00,1.35431,1.35447,1.35431,1.35445,0.0
2026-08-31 14:50:00,1.35441,1.35451,1.35431,1.35449,0.0
2026-08-31 14:55:00,1.35446,1.35448,1.35435,1.35447,0.0
2026-08-31 15:00:00,1.35443,1.35453,1.35435,1.3544,0.0
2026-08-31 15:05:00,1.35439,1.35439,1.3542,1.3542,0.0
2026-08-31 15:10:00,1.35422,1.35433,1.35416,1.3543,0.0
2026-08-31 15:15:00,1.35427,1.35445,1.3542,1.35445,0.0
2026-08-31 15:20:00,1.35442,1.35446,1.35433,1.35438,0.0
2026-08-31 15:25:00,1.35438,1.35466,1.3543,1.35461,0.0
2026-08-31 15:30:00,1.35454,1.35466,1.35426,1.3543,0.0
2026-08-31 15:35:00,1.35436,1.35442,1.35428,1.35432,0.0
2026-08-31 15:40:00,1.35435,1.35455,1.35422,1.35453,0.0
2026-08-31 15:45:00,1.35449,1.35458,1.35444,1.35444,0.0
2026-08-31 15:50:00,1.35445,1.35452,1.35437,1.35451,0.0
2026-08-31 15:55:00,1.35447,1.35466,1.35435,1.35465,0.0
2026-08-31 16:00:00,1.3546,1.3547,1.35442,1.35446,0.0
2026-08-31 16:05:00,1.35448,1.35455,1.35448,1.35448,0.0
2026-08-31 16:10:00,1.35448,1.35457,1.35434,1.35453,0.0
2026-08-31 16:15:00,1.35442,1.35483,1.35442,1.3548,0.0
2026-08-31 16:20:00,1.35478,1.35503,1.35463,1.35465,0.0
2026-08-31 16:25:00,1.3547,1.35473,1.35457,1.35458,0.0
2026-08-31 16:30:00,1.35459,1.3546,1.35449,1.35456,0.0
2026-08-31 16:35:00,1.35453,1.35474,1.35453,1.35472,0.0
2026-08-31 16:40:00,1.35466,1.35482,1.35452,1.35453,0.0
2026-08-31 16:45:00,1.35457,1.35462,1.35446,1.35452,0.0
2026-08-31 16:50:00,1.35452,1.35459,1.35421,1.35424,0.0
2026-08-31 16:55:00,1.35426,1.35439,1.35388,1.35435,0.0
2026-08-31 17:00:00,1.35426,1.35449,1.35397,1.35398,0.0
2026-08-31 17:05:00,1.35402,1.35406,1.3538,1.35401,0.0
2026-08-31 17:10:00,1.35395,1.35417,1.35388,1.35394,0.0
2026-08-31 17:15:00,1.35404,1.3541,1.35378,1.35408,0.0
2026-08-31 17:20:00,1.35401,1.35474,1.35401,1.35466,0.0
2026-08-31 17:25:00,1.35455,1.35485,1.35455,1.35463,0.0
2026-08-31 17:30:00,1.35465,1.35465,1.35436,1.35441,0.0
2026-08-31 17:35:00,1.3545,1.3545,1.3543,1.35441,0.0
2026-08-31 17:40:00,1.35439,1.35458,1.35422,1.35451,0.0
2026-08-31 17:45:00,1.3544,1.35463,1.3544,1.35457,0.0
2026-08-31 17:50:00,1.35457,1.35471,1.35454,1.35459,0.0
2026-08-31 17:55:00,1.35459,1.3548,1.35458,1.35468,0.0
2026-08-31 18:00:00,1.35469,1.35558,1.35462,1.35553,0.0
2026-08-31 18:05:00,1.35546,1.35556,1.35494,1.35497,0.0
2026-08-31 18:10:00,1.35499,1.355,1.35451,1.35458,0.0
2026-08-31 18:15:00,1.3547,1.3547,1.35436,1.35462,0.0
2026-08-31 18:20:00,1.3546,1.3547,1.35445,1.35455,0.0
2026-08-31 18:25:00,1.35456,1.35471,1.35444,1.35468,0.0
2026-08-31 18:30:00,1.35467,1.35479,1.35465,1.35468,0.0
2026-08-31 18:35:00,1.35469,1.3547,1.35455,1.35463,0.0
2026-08-31 18:40:00,1.35458,1.35463,1.35428,1.3543,0.0
2026-08-31 18:45:00,1.35434,1.35443,1.35417,1.3542,0.0
2026-08-31 18:50:00,1.35424,1.35424,1.35391,1.35394,0.0
2026-08-31 18:55:00,1.35397,1.35413,1.3538,1.35409,0.0
2026-08-31 19:00:00,1.35407,1.35436,1.35402,1.35421,0.0
2026-08-31 19:05:00,1.35423,1.35435,1.35419,1.3542,0.0
2026-08-31 19:10:00,1.35421,1.35443,1.35408,1.35442,0.0
2026-08-31 19:15:00,1.35435,1.35461,1.35433,1.35448,0.0
2026-08-31 19:20:00,1.3545,1.3545,1.35436,1.35436,0.0
2026-08-31 19:25:00,1.35437,1.35448,1.35419,1.35429,0.0
2026-08-31 19:30:00,1.35422,1.35444,1.35411,1.35414,0.0
2026-08-31 19:35:00,1.35419,1.35419,1.35405,1.35415,0.0
2026-08-31 19:40:00,1.3541,1.3543,1.35404,1.35424,0.0
2026-08-31 19:45:00,1.35425,1.35439,1.35423,1.35429,0.0
2026-08-31 19:50:00,1.3543,1.35443,1.35422,1.35442,0.0
2026-08-31 19:55:00,1.35439,1.35439,1.35422,1.35425,0.0
2026-08-31 20:00:00,1.35424,1.35466,1.35422,1.35462,0.0
2026-08-31 20:05:00,1.35456,1.35466,1.35447,1.35448,0.0
2026-08-31 20:10:00,1.3545,1.3545,1.35435,1.35446,0.0
2026-08-31 20:15:00,1.35442,1.3545,1.35424,1.35426,0.0
2026-08-31 20:20:00,1.35429,1.35443,1.35429,1.35433,0.0
2026-08-31 20:25:00,1.35435,1.3545,1.35421,1.35442,0.0
2026-08-31 20:30:00,1.35439,1.35443,1.35422,1.35425,0.0
2026-08-31 20:35:00,1.35429,1.35429,1.35402,1.35403,0.0
2026-08-31 20:40:00,1.35405,1.3541,1.35386,1.35387,0.0
2026-08-31 20:45:00,1.35389,1.35394,1.35366,1.35368,0.0
2026-08-31 20:50:00,1.35366,1.35415,1.35366,1.35406,0.0
2026-08-31 20:55:00,1.35403,1.3542,1.35393,1.35415,0.0
2026-08-31 21:00:00,1.35414,1.35414,1.35386,1.35387,0.0
2026-08-31 21:05:00,1.35389,1.35389,1.35373,1.35386,0.0
2026-08-31 21:10:00,1.35382,1.35413,1.35373,1.35412,0.0
2026-08-31 21:15:00,1.35407,1.35427,1.35404,1.35425,0.0
2026-08-31 21:20:00,1.3542,1.35441,1.35419,1.3543,0.0
2026-08-31 21:25:00,1.35432,1.3545,1.35419,1.35447,0.0
2026-08-31 21:30:00,1.35439,1.35461,1.35426,1.3544,0.0
2026-08-31 21:35:00,1.35437,1.35437,1.35409,1.35411,0.0
2026-08-31 21:40:00,1.35411,1.3543,1.35406,1.35418,0.0
2026-08-31 21:45:00,1.3542,1.35432,1.35389,1.35392,0.0
2026-08-31 21:50:00,1.35395,1.3541,1.35388,1.35408,0.0
2026-08-31 21:55:00,1.35404,1.35404,1.35382,1.35385,0.0
2026-08-31 22:00:00,1.35386,1.35402,1.35386,1.35399,0.0
2026-08-31 22:05:00,1.35399,1.35409,1.35392,1.35407,0.0
2026-08-31 22:10:00,1.35403,1.35428,1.35391,1.35426,0.0
2026-08-31 22:15:00,1.35418,1.35458,1.35417,1.35452,0.0
2026-08-31 22:20:00,1.35444,1.35467,1.35419,1.35426,0.0
2026-08-31 22:25:00,1.35437,1.35465,1.3539,1.35462,0.0
2026-08-31 22:30:00,1.35454,1.35454,1.35417,1.35437,0.0
2026-08-31 22:35:00,1.35435,1.35435,1.35399,1.354,0.0
2026-08-31 22:40:00,1.35401,1.35402,1.35388,1.35398,0.0
2026-08-31 22:45:00,1.35396,1.35396,1.35362,1.35364,0.0
2026-08-31 22:50:00,1.35367,1.35384,1.35356,1.35376,0.0
2026-08-31 22:55:00,1.35377,1.35397,1.3537,1.35387,0.0
2026-08-31 23:00:00,1.35389,1.35405,1.35384,1.35394,0.0
2026-08-31 23:05:00,1.35396,1.35422,1.35396,1.35408,0.0
2026-08-31 23:10:00,1.35408,1.35441,1.35408,1.35438,0.0
2026-08-31 23:15:00,1.35436,1.35436,1.35415,1.3543,0.0
2026-08-31 23:20:00,1.35426,1.35457,1.35424,1.35429,0.0
2026-08-31 23:25:00,1.35431,1.35481,1.35431,1.35478,0.0
2026-08-31 23:30:00,1.35474,1.35483,1.35439,1.35451,0.0
2026-08-31 23:35:00,1.35448,1.35473,1.35429,1.35467,0.0
2026-08-31 23:40:00,1.35459,1.35476,1.35435,1.35441,0.0
2026-08-31 23:45:00,1.35451,1.35454,1.35424,1.35442,0.0
2026-08-31 23:50:00,1.35438,1.35441,1.35419,1.35437,0.0
2026-08-31 23:55:00,1.35429,1.35443,1.35402,1.35428,0.0
2026-09-01 00:00:00,1.3542,1.35448,1.35373,1.35389,0.0
2026-09-01 00:05:00,1.35384,1.354,1.35366,1.35368,0.0
2026-09-01 00:10:00,1.35369,1.35406,1.3536,1.35404,0.0
2026-09-01 00:15:00,1.35397,1.35424,1.35379,1.35405,0.0
2026-09-01 00:20:00,1.3541,1.35431,1.35408,1.35429,0.0
2026-09-01 00:25:00,1.35427,1.35459,1.35421,1.35429,0.0
2026-09-01 00:30:00,1.35444,1.35483,1.35411,1.35437,0.0
2026-09-01 00:35:00,1.35446,1.35458,1.35419,1.35452,0.0
2026-09-01 00:40:00,1.35445,1.35457,1.35404,1.35409,0.0
2026-09-01 00:45:00,1.35417,1.35514,1.35412,1.35477,0.0
2026-09-01 00:50:00,1.35491,1.35643,1.35441,1.35634,0.0
2026-09-01 00:55:00,1.35616,1.35652,1.35538,1.35587,0.0
2026-09-01 01:00:00,1.35581,1.35592,1.35522,1.35529,0.0
2026-09-01 01:05:00,1.35541,1.35548,1.35505,1.35545,0.0
2026-09-01 01:10:00,1.35539,1.35539,1.355,1.35527,0.0
2026-09-01 01:15:00,1.35521,1.35522,1.35479,1.35481,0.0
2026-09-01 01:20:00,1.35486,1.35487,1.35464,1.35466,0.0
2026-09-01 01:25:00,1.3547,1.35508,1.35461,1.35507,0.0
2026-09-01 01:30:00,1.35502,1.35534,1.35497,1.35515,0.0
2026-09-01 01:35:00,1.35522,1.35525,1.35501,1.35521,0.0
2026-09-01 01:40:00,1.3552,1.35521,1.35507,1.35512,0.0
2026-09-01 01:45:00,1.35511,1.35547,1.35507,1.35546,0.0
2026-09-01 01:50:00,1.35543,1.35543,1.35512,1.35526,0.0
2026-09-01 01:55:00,1.35523,1.35523,1.35487,1.35489,0.0
2026-09-01 02:00:00,1.35491,1.35518,1.35482,1.35502,0.0
2026-09-01 02:05:00,1.35507,1.35507,1.35485,1.35487,0.0
2026-09-01 02:10:00,1.35489,1.35503,1.35486,1.35501,0.0
2026-09-01 02:15:00,1.35499,1.35507,1.35496,1.35497,0.0
2026-09-01 02:20:00,1.35498,1.35523,1.35486,1.35513,0.0
2026-09-01 02:25:00,1.35518,1.35518,1.35498,1.35502,0.0
2026-09-01 02:30:00,1.35499,1.35513,1.35497,1.35509,0.0
2026-09-01 02:35:00,1.35506,1.35507,1.35478,1.3548,0.0
2026-09-01 02:40:00,1.35483,1.35489,1.35458,1.35478,0.0
2026-09-01 02:45:00,1.35479,1.35483,1.35474,1.35475,0.0
2026-09-01 02:50:00,1.35476,1.355,1.35469,1.35494,0.0
2026-09-01 02:55:00,1.35494,1.35501,1.35463,1.35484,0.0
2026-09-01 03:00:00,1.3548,1.35491,1.3548,1.35488,0.0
2026-09-01 03:05:00,1.35486,1.35486,1.35461,1.35468,0.0
2026-09-01 03:10:00,1.35468,1.35497,1.3546,1.35493,0.0
2026-09-01 03:15:00,1.35487,1.35508,1.35487,1.35506,0.0
2026-09-01 03:20:00,1.35502,1.3552,1.35502,1.35516,0.0
2026-09-01 03:25:00,1.35514,1.3552,1.355,1.3551,0.0
2026-09-01 03:30:00,1.35508,1.35508,1.35494,1.35499,0.0
2026-09-01 03:35:00,1.35498,1.35502,1.35483,1.35484,0.0
2026-09-01 03:40:00,1.35488,1.35516,1.35481,1.35514,0.0
2026-09-01 03:45:00,1.35507,1.3553,1.35507,1.35529,0.0
2026-09-01 03:50:00,1.35522,1.35538,1.35501,1.35503,0.0
2026-09-01 03:55:00,1.35507,1.35521,1.35505,1.35509,0.0
2026-09-01 04:00:00,1.3551,1.35514,1.35492,1.355,0.0
2026-09-01 04:05:00,1.35497,1.35511,1.35497,1.35508,0.0
2026-09-01 04:10:00,1.35505,1.35515,1.35505,1.35512,0.0
2026-09-01 04:15:00,1.35508,1.3552,1.35507,1.35507,0.0
2026-09-01 04:20:00,1.35507,1.35521,1.35503,1.35505,0.0
2026-09-01 04:25:00,1.35507,1.35512,1.35498,1.35503,0.0
2026-09-01 04:30:00,1.355,1.355,1.35478,1.35494,0.0
2026-09-01 04:35:00,1.3549,1.35496,1.35486,1.35488,0.0
2026-09-01 04:40:00,1.3549,1.35501,1.35463,1.35479,0.0
2026-09-01 04:45:00,1.35475,1.35486,1.35475,1.35485,0.0
2026-09-01 04:50:00,1.3548,1.35513,1.35478,1.3551,0.0
2026-09-01 04:55:00,1.35505,1.35519,1.35494,1.35495,0.0
2026-09-01 05:00:00,1.35499,1.35506,1.35479,1.35491,0.0
2026-09-01 05:05:00,1.35488,1.35492,1.35483,1.35487,0.0
2026-09-01 05:10:00,1.35484,1.35502,1.35483,1.35484,0.0
2026-09-01 05:15:00,1.35486,1.35493,1.35476,1.35485,0.0
2026-09-01 05:20:00,1.35484,1.35489,1.35476,1.35487,0.0
2026-09-01 05:25:00,1.35481,1.35503,1.35481,1.35484,0.0
2026-09-01 05:30:00,1.35485,1.355,1.3548,1.35486,0.0
2026-09-01 05:35:00,1.35488,1.35493,1.35476,1.35477,0.0
2026-09-01 05:40:00,1.35478,1.35483,1.35465,1.35471,0.0
2026-09-01 05:45:00,1.35466,1.3549,1.35466,1.35479,0.0
2026-09-01 05:50:00,1.3548,1.35517,1.3548,1.35515,0.0
2026-09-01 05:55:00,1.35511,1.35514,1.35485,1.35486,0.0
2026-09-01 06:00:00,1.35489,1.3552,1.35489,1.35507,0.0
2026-09-01 06:05:00,1.35508,1.35512,1.35496,1.35497,0.0
2026-09-01 06:10:00,1.35498,1.35498,1.35485,1.35485,0.0
2026-09-01 06:15:00,1.35485,1.35488,1.35463,1.35463,0.0
2026-09-01 06:20:00,1.35464,1.35475,1.35463,1.35472,0.0
2026-09-01 06:25:00,1.3547,1.35482,1.35466,1.35477,0.0
2026-09-01 06:30:00,1.35476,1.35489,1.35468,1.35479,0.0
2026-09-01 06:35:00,1.35481,1.35486,1.35474,1.35477,0.0
2026-09-01 06:40:00,1.35478,1.35489,1.35476,1.35487,0.0
2026-09-01 06:45:00,1.35484,1.355,1.3548,1.35498,0.0
2026-09-01 06:50:00,1.35496,1.35498,1.35487,1.35492,0.0
2026-09-01 06:55:00,1.3549,1.35492,1.35481,1.3549,0.0
2026-09-01 07:00:00,1.35484,1.35527,1.35484,1.35522,0.0
2026-09-01 07:05:00,1.35513,1.35513,1.35481,1.3549,0.0
2026-09-01 07:10:00,1.3549,1.35503,1.35485,1.35486,0.0
2026-09-01 07:15:00,1.35487,1.35499,1.35474,1.35479,0.0
2026-09-01 07:20:00,1.35478,1.35487,1.35472,1.35485,0.0
2026-09-01 07:25:00,1.35482,1.35498,1.35469,1.35481,0.0
2026-09-01 07:30:00,1.35484,1.35525,1.35484,1.35502,0.0
2026-09-01 07:35:00,1.35512,1.35527,1.35509,1.35512,0.0
2026-09-01 07:40:00,1.35512,1.35521,1.35512,1.35513,0.0
2026-09-01 07:45:00,1.35513,1.35531,1.35507,1.35522,0.0
2026-09-01 07:50:00,1.35514,1.35529,1.35514,1.3552,0.0
2026-09-01 07:55:00,1.35522,1.35539,1.35519,1.35536,0.0
2026-09-01 08:00:00,1.35533,1.35537,1.35494,1.35499,0.0
2026-09-01 08:05:00,1.35495,1.35512,1.35492,1.35511,0.0
2026-09-01 08:10:00,1.35509,1.35512,1.35498,1.35498,0.0
2026-09-01 08:15:00,1.35499,1.35505,1.35496,1.35498,0.0
2026-09-01 08:20:00,1.35497,1.35503,1.35494,1.35503,0.0
2026-09-01 08:25:00,1.355,1.355,1.35485,1.35491,0.0
2026-09-01 08:30:00,1.35487,1.35492,1.35483,1.35483,0.0
2026-09-01 08:35:00,1.35485,1.35494,1.35481,1.35486,0.0
2026-09-01 08:40:00,1.35484,1.35484,1.35465,1.35473,0.0
2026-09-01 08:45:00,1.35471,1.35475,1.35463,1.35465,0.0
2026-09-01 08:50:00,1.35465,1.35468,1.35459,1.35461,0.0
2026-09-01 08:55:00,1.35462,1.35466,1.35455,1.35462,0.0
2026-09-01 09:00:00,1.3546,1.35465,1.35452,1.35461,0.0
2026-09-01 09:05:00,1.35459,1.35459,1.35439,1.35451,0.0
2026-09-01 09:10:00,1.35446,1.35452,1.35446,1.35446,0.0
2026-09-01 09:15:00,1.35447,1.35457,1.35441,1.35454,0.0
2026-09-01 09:20:00,1.3545,1.35459,1.35444,1.3545,0.0
2026-09-01 09:25:00,1.35448,1.35462,1.35443,1.35449,0.0
2026-09-01 09:30:00,1.35451,1.35471,1.35451,1.35469,0.0
2026-09-01 09:35:00,1.35466,1.35473,1.35455,1.35458,0.0
2026-09-01 09:40:00,1.35463,1.35469,1.35454,1.35467,0.0
2026-09-01 09:45:00,1.35459,1.35476,1.35459,1.35468,0.0
2026-09-01 09:50:00,1.35468,1.35487,1.35465,1.35476,0.0
2026-09-01 09:55:00,1.35478,1.35493,1.35471,1.35486,0.0
2026-09-01 10:00:00,1.35482,1.3549,1.35472,1.35474,0.0
2026-09-01 10:05:00,1.35474,1.35545,1.35463,1.35539,0.0
2026-09-01 10:10:00,1.3553,1.35558,1.35529,1.35531,0.0
2026-09-01 10:15:00,1.35534,1.35555,1.35525,1.35554,0.0
2026-09-01 10:20:00,1.35548,1.3558,1.35548,1.35573,0.0
2026-09-01 10:25:00,1.3557,1.35597,1.35562,1.35595,0.0
2026-09-01 10:30:00,1.35591,1.35592,1.35571,1.35589,0.0
2026-09-01 10:35:00,1.35583,1.35593,1.35558,1.35569,0.0
2026-09-01 10:40:00,1.35566,1.35574,1.35554,1.35558,0.0
2026-09-01 10:45:00,1.35565,1.35565,1.35546,1.35547,0.0
2026-09-01 10:50:00,1.35548,1.35562,1.35541,1.35554,0.0
2026-09-01 10:55:00,1.35558,1.35558,1.35527,1.35532,0.0
2026-09-01 11:00:00,1.35529,1.35535,1.35523,1.35529,0.0
2026-09-01 11:05:00,1.35527,1.35527,1.35492,1.35502,0.0
2026-09-01 11:10:00,1.35499,1.35508,1.35474,1.35484,0.0
2026-09-01 11:15:00,1.35482,1.35496,1.35475,1.35479,0.0
2026-09-01 11:20:00,1.35486,1.35486,1.35451,1.35459,0.0
2026-09-01 11:25:00,1.35458,1.35458,1.3544,1.35447,0.0
2026-09-01 11:30:00,1.35445,1.35455,1.35439,1.35445,0.0
2026-09-01 11:35:00,1.35446,1.35474,1.35446,1.35461,0.0
2026-09-01 11:40:00,1.35467,1.35489,1.35454,1.35485,0.0
2026-09-01 11:45:00,1.35476,1.35497,1.35472,1.35479,0.0
2026-09-01 11:50:00,1.35478,1.35479,1.35431,1.35434,0.0
2026-09-01 11:55:00,1.3544,1.35455,1.35422,1.35454,0.0
2026-09-01 12:00:00,1.35447,1.35461,1.35439,1.3544,0.0
2026-09-01 12:05:00,1.35441,1.35452,1.35417,1.35419,0.0
2026-09-01 12:10:00,1.35423,1.35434,1.35415,1.3543,0.0
2026-09-01 12:15:00,1.35429,1.35441,1.35425,1.35439,0.0
2026-09-01 12:20:00,1.35435,1.35452,1.35434,1.35447,0.0
2026-09-01 12:25:00,1.35446,1.35464,1.35439,1.35462,0.0
2026-09-01 12:30:00,1.35458,1.35463,1.35437,1.35439,0.0
2026-09-01 12:35:00,1.35441,1.35441,1.35413,1.35416,0.0
2026-09-01 12:40:00,1.35418,1.35442,1.35414,1.35433,0.0
2026-09-01 12:45:00,1.35433,1.3544,1.35428,1.35437,0.0
2026-09-01 12:50:00,1.35432,1.35453,1.35432,1.35451,0.0
2026-09-01 12:55:00,1.35449,1.35463,1.35448,1.35461,0.0
2026-09-01 13:00:00,1.35458,1.35467,1.35426,1.35429,0.0
2026-09-01 13:05:00,1.35433,1.35454,1.35428,1.35446,0.0
2026-09-01 13:10:00,1.35447,1.35453,1.35436,1.3545,0.0
2026-09-01 13:15:00,1.35448,1.35459,1.35446,1.35456,0.0
2026-09-01 13:20:00,1.35453,1.35454,1.35415,1.35416,0.0
2026-09-01 13:25:00,1.35418,1.35438,1.35416,1.35436,0.0
2026-09-01 13:30:00,1.35434,1.3544,1.3542,1.35431,0.0
2026-09-01 13:35:00,1.35429,1.35432,1.35424,1.35428,0.0
2026-09-01 13:40:00,1.35425,1.35437,1.35424,1.35428,0.0
2026-09-01 13:45:00,1.35429,1.35443,1.35429,1.35437,0.0
2026-09-01 13:50:00,1.35438,1.35446,1.3543,1.3544,0.0
2026-09-01 13:55:00,1.35439,1.35439,1.35412,1.35424,0.0
2026-09-01 14:00:00,1.35421,1.35431,1.35406,1.35428,0.0
2026-09-01 14:05:00,1.35422,1.35431,1.35411,1.35412,0.0
2026-09-01 14:10:00,1.35415,1.35415,1.35405,1.35413,0.0
2026-09-01 14:15:00,1.35408,1.35417,1.35406,1.35408,0.0
2026-09-01 14:20:00,1.35409,1.35418,1.35406,1.35417,0.0
2026-09-01 14:25:00,1.35414,1.35416,1.35397,1.35398,0.0
2026-09-01 14:30:00,1.35398,1.354,1.35385,1.35397,0.0
2026-09-01 14:35:00,1.35394,1.35403,1.35389,1.35394,0.0
2026-09-01 14:40:00,1.35391,1.35408,1.35385,1.35404,0.0
2026-09-01 14:45:00,1.35398,1.35409,1.35398,1.35402,0.0
2026-09-01 14:50:00,1.35403,1.35422,1.35396,1.35419,0.0
2026-09-01 14:55:00,1.35416,1.3543,1.35408,1.35429,0.0
2026-09-01 15:00:00,1.35424,1.35458,1.35422,1.35455,0.0
2026-09-01 15:05:00,1.3545,1.35471,1.3545,1.35463,0.0
2026-09-01 15:10:00,1.35465,1.35476,1.35454,1.35473,0.0
2026-09-01 15:15:00,1.3547,1.3547,1.35443,1.35446,0.0
2026-09-01 15:20:00,1.35451,1.35456,1.35437,1.35449,0.0
2026-09-01 15:25:00,1.35449,1.35464,1.35446,1.35461,0.0
2026-09-01 15:30:00,1.35457,1.35474,1.35457,1.35459,0.0
2026-09-01 15:35:00,1.35462,1.35481,1.35459,1.35478,0.0
2026-09-01 15:40:00,1.35467,1.35487,1.35467,1.35486,0.0
2026-09-01 15:45:00,1.35483,1.35498,1.35464,1.35494,0.0
2026-09-01 15:50:00,1.35488,1.355,1.35472,1.35481,0.0
2026-09-01 15:55:00,1.35478,1.35491,1.35468,1.35471,0.0
2026-09-01 16:00:00,1.35475,1.35475,1.35441,1.35442,0.0
2026-09-01 16:05:00,1.35443,1.35474,1.35439,1.35461,0.0
2026-09-01 16:10:00,1.35461,1.35461,1.35445,1.35445,0.0
2026-09-01 16:15:00,1.35441,1.35459,1.35437,1.3544,0.0
2026-09-01 16:20:00,1.35444,1.35444,1.35401,1.35409,0.0
2026-09-01 16:25:00,1.35404,1.35412,1.3537,1.35374,0.0
2026-09-01 16:30:00,1.35373,1.35381,1.35357,1.35377,0.0
2026-09-01 16:35:00,1.35366,1.35399,1.35366,1.35384,0.0
2026-09-01 16:40:00,1.35381,1.35429,1.35381,1.35426,0.0
2026-09-01 16:45:00,1.35421,1.35428,1.35397,1.35403,0.0
2026-09-01 16:50:00,1.35404,1.35412,1.35398,1.35409,0.0
2026-09-01 16:55:00,1.35405,1.35419,1.35405,1.35413,0.0
2026-09-01 17:00:00,1.35412,1.35439,1.35406,1.35408,0.0
2026-09-01 17:05:00,1.35412,1.35412,1.354,1.35405,0.0
2026-09-01 17:10:00,1.35403,1.35413,1.35401,1.35408,0.0
2026-09-01 17:15:00,1.35405,1.35421,1.35397,1.35399,0.0
2026-09-01 17:20:00,1.35401,1.35445,1.35366,1.35371,0.0
2026-09-01 17:25:00,1.35378,1.35378,1.35349,1.35365,0.0
2026-09-01 17:30:00,1.35362,1.35371,1.35334,1.35341,0.0
2026-09-01 17:35:00,1.35338,1.35344,1.35325,1.3533,0.0
2026-09-01 17:40:00,1.35329,1.35336,1.35323,1.35331,0.0
2026-09-01 17:45:00,1.35331,1.35369,1.35325,1.35365,0.0
2026-09-01 17:50:00,1.35358,1.35371,1.35351,1.35356,0.0
2026-09-01 17:55:00,1.35352,1.35371,1.35348,1.35359,0.0
2026-09-01 18:00:00,1.35359,1.35365,1.35345,1.35347,0.0
2026-09-01 18:05:00,1.35346,1.3538,1.35318,1.35321,0.0
2026-09-01 18:10:00,1.35326,1.3533,1.35289,1.35326,0.0
2026-09-01 18:15:00,1.3532,1.35331,1.35314,1.35328,0.0
2026-09-01 18:20:00,1.35322,1.35365,1.35322,1.35331,0.0
2026-09-01 18:25:00,1.35335,1.35353,1.35317,1.35351,0.0
2026-09-01 18:30:00,1.35345,1.35351,1.35314,1.35318,0.0
2026-09-01 18:35:00,1.35322,1.35374,1.35316,1.3537,0.0
2026-09-01 18:40:00,1.35361,1.35395,1.35361,1.35375,0.0
2026-09-01 18:45:00,1.35383,1.35421,1.35383,1.35407,0.0
2026-09-01 18:50:00,1.35406,1.35411,1.35379,1.35394,0.0
2026-09-01 18:55:00,1.35392,1.35421,1.35379,1.35418,0.0
2026-09-01 19:00:00,1.35411,1.35417,1.35395,1.35396,0.0
2026-09-01 19:05:00,1.35401,1.35435,1.35401,1.35433,0.0
2026-09-01 19:10:00,1.35429,1.35446,1.35423,1.35444,0.0
2026-09-01 19:15:00,1.35438,1.35447,1.35421,1.35444,0.0
2026-09-01 19:20:00,1.35443,1.35459,1.35424,1.35445,0.0
2026-09-01 19:25:00,1.35438,1.35473,1.35438,1.35448,0.0
2026-09-01 19:30:00,1.3545,1.35464,1.35439,1.35463,0.0
2026-09-01 19:35:00,1.35455,1.35474,1.35455,1.35461,0.0
2026-09-01 19:40:00,1.35459,1.35488,1.35457,1.35468,0.0
2026-09-01 19:45:00,1.35471,1.35474,1.35434,1.35452,0.0
2026-09-01 19:50:00,1.35458,1.35458,1.35433,1.35437,0.0
2026-09-01 19:55:00,1.35434,1.35441,1.35416,1.35417,0.0
2026-09-01 20:00:00,1.35419,1.35419,1.35395,1.35405,0.0
2026-09-01 20:05:00,1.35405,1.35418,1.35386,1.35417,0.0
2026-09-01 20:10:00,1.35413,1.3543,1.35402,1.3543,0.0
2026-09-01 20:15:00,1.35427,1.35439,1.35408,1.3541,0.0
2026-09-01 20:20:00,1.35413,1.35437,1.35413,1.35435,0.0
2026-09-01 20:25:00,1.35432,1.35436,1.35417,1.35421,0.0
2026-09-01 20:30:00,1.35427,1.35427,1.35384,1.35392,0.0
2026-09-01 20:35:00,1.35389,1.354,1.35383,1.35395,0.0
2026-09-01 20:40:00,1.35394,1.35394,1.35361,1.35362,0.0
2026-09-01 20:45:00,1.35364,1.35366,1.35336,1.35364,0.0
2026-09-01 20:50:00,1.35358,1.35371,1.35345,1.35348,0.0
2026-09-01 20:55:00,1.35351,1.35359,1.3534,1.35354,0.0
2026-09-01 21:00:00,1.35347,1.3536,1.35316,1.35323,0.0
2026-09-01 21:05:00,1.35324,1.35341,1.35305,1.35339,0.0
2026-09-01 21:10:00,1.35332,1.3536,1.35332,1.35355,0.0
2026-09-01 21:15:00,1.35353,1.35353,1.35326,1.35347,0.0
2026-09-01 21:20:00,1.35338,1.35377,1.35338,1.35346,0.0
2026-09-01 21:25:00,1.35351,1.35375,1.35351,1.35372,0.0
2026-09-01 21:30:00,1.35369,1.35398,1.35366,1.3538,0.0
2026-09-01 21:35:00,1.35387,1.35387,1.35364,1.35365,0.0
2026-09-01 21:40:00,1.35367,1.35387,1.35366,1.35384,0.0
2026-09-01 21:45:00,1.3538,1.35386,1.35365,1.35368,0.0
2026-09-01 21:50:00,1.35371,1.35371,1.35358,1.35362,0.0
2026-09-01 21:55:00,1.35365,1.35365,1.35345,1.35355,0.0
2026-09-01 22:00:00,1.35354,1.3536,1.35338,1.35341,0.0
2026-09-01 22:05:00,1.35341,1.35347,1.35308,1.35312,0.0
2026-09-01 22:10:00,1.35317,1.35317,1.35301,1.35312,0.0
2026-09-01 22:15:00,1.35307,1.35351,1.35307,1.35346,0.0
2026-09-01 22:20:00,1.3534,1.35354,1.35314,1.3533,0.0
2026-09-01 22:25:00,1.35327,1.35362,1.35327,1.35346,0.0
2026-09-01 22:30:00,1.35354,1.35354,1.35338,1.3534,0.0
2026-09-01 22:35:00,1.35341,1.35341,1.35306,1.35317,0.0
2026-09-01 22:40:00,1.35319,1.35334,1.35303,1.35304,0.0
2026-09-01 22:45:00,1.35306,1.35351,1.35306,1.35348,0.0
2026-09-01 22:50:00,1.35342,1.35342,1.35311,1.35313,0.0
2026-09-01 22:55:00,1.35315,1.35346,1.35303,1.35305,0.0
2026-09-01 23:00:00,1.3531,1.3531,1.35269,1.35272,0.0
2026-09-01 23:05:00,1.35272,1.35297,1.35254,1.35295,0.0
2026-09-01 23:10:00,1.35287,1.35317,1.3528,1.35288,0.0
2026-09-01 23:15:00,1.35285,1.35327,1.35283,1.35325,0.0
2026-09-01 23:20:00,1.35321,1.3534,1.35313,1.35314,0.0
2026-09-01 23:25:00,1.35315,1.35338,1.35309,1.35335,0.0
2026-09-01 23:30:00,1.35324,1.35388,1.35313,1.35384,0.0
2026-09-01 23:35:00,1.35374,1.354,1.35374,1.35398,0.0
2026-09-01 23:40:00,1.35395,1.3544,1.35385,1.35416,0.0
2026-09-01 23:45:00,1.35419,1.35448,1.35372,1.35393,0.0
2026-09-01 23:50:00,1.35386,1.3541,1.35362,1.3541,0.0
2026-09-01 23:55:00,1.35408,1.35431,1.35395,1.354,0.0
2026-09-02 00:00:00,1.35414,1.3548,1.35414,1.35478,0.0
2026-09-02 00:05:00,1.35476,1.35518,1.35447,1.35517,0.0
2026-09-02 00:10:00,1.35512,1.3552,1.35493,1.35514,0.0
2026-09-02 00:15:00,1.35513,1.35517,1.35468,1.35478,0.0
2026-09-02 00:20:00,1.35476,1.35494,1.35472,1.35488,0.0
2026-09-02 00:25:00,1.35488,1.35496,1.3544,1.35444,0.0
2026-09-02 00:30:00,1.35451,1.35451,1.35415,1.35429,0.0
2026-09-02 00:35:00,1.35431,1.35443,1.35424,1.35429,0.0
2026-09-02 00:40:00,1.35433,1.35447,1.35415,1.35424,0.0
2026-09-02 00:45:00,1.35422,1.35452,1.35419,1.35424,0.0
2026-09-02 00:50:00,1.35433,1.35433,1.35369,1.354,0.0
2026-09-02 00:55:00,1.35396,1.35402,1.35377,1.35377,0.0
2026-09-02 01:00:00,1.35379,1.35421,1.3531,1.35321,0.0
2026-09-02 01:05:00,1.35341,1.35341,1.35294,1.35327,0.0
2026-09-02 01:10:00,1.35325,1.35362,1.35325,1.35333,0.0
2026-09-02 01:15:00,1.35344,1.35344,1.353,1.35327,0.0
2026-09-02 01:20:00,1.35322,1.35341,1.35283,1.35285,0.0
2026-09-02 01:25:00,1.35288,1.35288,1.35256,1.35279,0.0
2026-09-02 01:30:00,1.35269,1.35291,1.35268,1.3527,0.0
2026-09-02 01:35:00,1.35273,1.35291,1.35272,1.35277,0.0
2026-09-02 01:40:00,1.35279,1.35322,1.35267,1.35269,0.0
2026-09-02 01:45:00,1.35271,1.35292,1.35271,1.35281,0.0
2026-09-02 01:50:00,1.35278,1.35282,1.35269,1.35271,0.0
2026-09-02 01:55:00,1.35272,1.35274,1.35243,1.35267,0.0
2026-09-02 02:00:00,1.35258,1.3529,1.35258,1.35272,0.0
2026-09-02 02:05:00,1.35269,1.35272,1.35262,1.35271,0.0
2026-09-02 02:10:00,1.35268,1.3528,1.35261,1.35278,0.0
2026-09-02 02:15:00,1.35275,1.35276,1.35243,1.35244,0.0
2026-09-02 02:20:00,1.35247,1.35274,1.35216,1.35248,0.0
2026-09-02 02:25:00,1.35244,1.35259,1.35232,1.35235,0.0
2026-09-02 02:30:00,1.3524,1.3524,1.35228,1.35237,0.0
2026-09-02 02:35:00,1.35236,1.35261,1.35227,1.35256,0.0
2026-09-02 02:40:00,1.35249,1.35283,1.35223,1.35227,0.0
2026-09-02 02:45:00,1.35232,1.35232,1.35198,1.35203,0.0
2026-09-02 02:50:00,1.35212,1.35212,1.35179,1.3518,0.0
2026-09-02 02:55:00,1.35182,1.35182,1.35155,1.35156,0.0
2026-09-02 03:00:00,1.35157,1.35173,1.35141,1.35167,0.0
2026-09-02 03:05:00,1.35165,1.35171,1.35149,1.35169,0.0
2026-09-02 03:10:00,1.35159,1.35184,1.35159,1.35163,0.0
2026-09-02 03:15:00,1.35164,1.35166,1.35146,1.35149,0.0
2026-09-02 03:20:00,1.35149,1.35174,1.35144,1.3517,0.0
2026-09-02 03:25:00,1.35167,1.35183,1.35167,1.35179,0.0
2026-09-02 03:30:00,1.35167,1.35223,1.35167,1.35177,0.0
2026-09-02 03:35:00,1.35186,1.35186,1.35155,1.35165,0.0
2026-09-02 03:40:00,1.35166,1.35175,1.35133,1.35136,0.0
2026-09-02 03:45:00,1.35138,1.35152,1.35122,1.35124,0.0
2026-09-02 03:50:00,1.35126,1.35149,1.35121,1.35143,0.0
2026-09-02 03:55:00,1.35134,1.35148,1.3513,1.35131,0.0
2026-09-02 04:00:00,1.35133,1.35158,1.35133,1.35156,0.0
2026-09-02 04:05:00,1.35153,1.35153,1.35142,1.35148,0.0
2026-09-02 04:10:00,1.35146,1.35146,1.35125,1.35126,0.0
2026-09-02 04:15:00,1.35127,1.35133,1.35117,1.35131,0.0
2026-09-02 04:20:00,1.35128,1.35145,1.35128,1.35134,0.0
2026-09-02 04:25:00,1.35134,1.35137,1.35109,1.35111,0.0
2026-09-02 04:30:00,1.35112,1.35112,1.35093,1.35094,0.0
2026-09-02 04:35:00,1.35097,1.35104,1.35085,1.3509,0.0
2026-09-02 04:40:00,1.35097,1.35097,1.35063,1.35076,0.0
2026-09-02 04:45:00,1.35071,1.35114,1.35066,1.35111,0.0
2026-09-02 04:50:00,1.35102,1.35149,1.35102,1.35146,0.0
2026-09-02 04:55:00,1.3514,1.35154,1.35126,1.35134,0.0
2026-09-02 05:00:00,1.35134,1.35153,1.35126,1.35131,0.0
2026-09-02 05:05:00,1.35126,1.35159,1.35126,1.35151,0.0
2026-09-02 05:10:00,1.35146,1.35154,1.35146,1.35152,0.0
2026-09-02 05:15:00,1.3515,1.35162,1.35144,1.35148,0.0
2026-09-02 05:20:00,1.35149,1.3515,1.35137,1.35148,0.0
2026-09-02 05:25:00,1.35145,1.35145,1.35135,1.35141,0.0
2026-09-02 05:30:00,1.3514,1.3515,1.35131,1.35135,0.0
2026-09-02 05:35:00,1.35136,1.35136,1.35113,1.35114,0.0
2026-09-02 05:40:00,1.35115,1.35119,1.35108,1.35118,0.0
2026-09-02 05:45:00,1.35114,1.35117,1.35099,1.35116,0.0
2026-09-02 05:50:00,1.35112,1.35137,1.35111,1.35116,0.0
2026-09-02 05:55:00,1.35118,1.35125,1.35117,1.35118,0.0
2026-09-02 06:00:00,1.35117,1.35122,1.35104,1.35109,0.0
2026-09-02 06:05:00,1.35105,1.35128,1.35105,1.3512,0.0
2026-09-02 06:10:00,1.35119,1.3513,1.35108,1.35109,0.0
2026-09-02 06:15:00,1.3511,1.35116,1.35097,1.35115,0.0
2026-09-02 06:20:00,1.35112,1.35119,1.35111,1.35117,0.0
2026-09-02 06:25:00,1.35113,1.35124,1.35113,1.35119,0.0
2026-09-02 06:30:00,1.35117,1.3513,1.35115,1.35129,0.0
2026-09-02 06:35:00,1.35127,1.35131,1.35116,1.35122,0.0
2026-09-02 06:40:00,1.35122,1.3515,1.35122,1.35148,0.0
2026-09-02 06:45:00,1.35145,1.35168,1.35141,1.35162,0.0
2026-09-02 06:50:00,1.35151,1.3517,1.35151,1.3516,0.0
2026-09-02 06:55:00,1.35158,1.35167,1.3515,1.35163,0.0
2026-09-02 07:00:00,1.35162,1.35205,1.35147,1.35155,0.0
2026-09-02 07:05:00,1.35171,1.35191,1.35128,1.35157,0.0
2026-09-02 07:10:00,1.35156,1.35164,1.3515,1.35159,0.0
2026-09-02 07:15:00,1.3516,1.35162,1.35146,1.35151,0.0
2026-09-02 07:20:00,1.35149,1.35169,1.35144,1.35154,0.0
2026-09-02 07:25:00,1.35151,1.35172,1.35134,1.35162,0.0
2026-09-02 07:30:00,1.35163,1.35181,1.35148,1.35149,0.0
2026-09-02 07:35:00,1.35151,1.35154,1.35142,1.35151,0.0
2026-09-02 07:40:00,1.35149,1.35158,1.35135,1.35137,0.0
2026-09-02 07:45:00,1.35139,1.35147,1.35133,1.35144,0.0
2026-09-02 07:50:00,1.35138,1.35183,1.35138,1.3516,0.0
2026-09-02 07:55:00,1.35165,1.35175,1.35163,1.35172,0.0
2026-09-02 08:00:00,1.3517,1.35184,1.35165,1.35181,0.0
2026-09-02 08:05:00,1.35177,1.35183,1.35174,1.35176,0.0
2026-09-02 08:10:00,1.35176,1.35187,1.3517,1.35184,0.0
2026-09-02 08:15:00,1.35179,1.35187,1.35179,1.35184,0.0
2026-09-02 08:20:00,1.35182,1.35192,1.35176,1.3519,0.0
2026-09-02 08:25:00,1.35187,1.35193,1.35166,1.35167,0.0
2026-09-02 08:30:00,1.35168,1.35174,1.35163,1.35163,0.0
2026-09-02 08:35:00,1.35165,1.3517,1.3516,1.35164,0.0
2026-09-02 08:40:00,1.35162,1.35166,1.35152,1.35155,0.0
2026-09-02 08:45:00,1.35152,1.35158,1.3515,1.35152,0.0
2026-09-02 08:50:00,1.35152,1.3516,1.35152,1.35152,0.0
2026-09-02 08:55:00,1.35153,1.35166,1.35146,1.35164,0.0
2026-09-02 09:00:00,1.35161,1.35163,1.35148,1.35155,0.0
2026-09-02 09:05:00,1.35152,1.35155,1.35148,1.35153,0.0
2026-09-02 09:10:00,1.3515,1.35155,1.35148,1.3515,0.0
2026-09-02 09:15:00,1.35151,1.35154,1.35142,1.35149,0.0
2026-09-02 09:20:00,1.35146,1.35151,1.35144,1.35149,0.0
2026-09-02 09:25:00,1.35146,1.35153,1.35143,1.35144,0.0
2026-09-02 09:30:00,1.35145,1.35152,1.35142,1.35143,0.0
2026-09-02 09:35:00,1.35145,1.35163,1.35145,1.35159,0.0
2026-09-02 09:40:00,1.35157,1.35163,1.35157,1.35161,0.0
2026-09-02 09:45:00,1.35159,1.35171,1.35153,1.35162,0.0
2026-09-02 09:50:00,1.35162,1.35173,1.35155,1.35156,0.0
2026-09-02 09:55:00,1.35158,1.35164,1.35138,1.35157,0.0
2026-09-02 10:00:00,1.35151,1.35151,1.3513,1.35146,0.0
2026-09-02 10:05:00,1.3514,1.35152,1.351,1.35102,0.0
2026-09-02 10:10:00,1.35105,1.35113,1.35099,1.3511,0.0
2026-09-02 10:15:00,1.35106,1.3512,1.35106,1.35117,0.0
2026-09-02 10:20:00,1.35114,1.35135,1.35093,1.35134,0.0
2026-09-02 10:25:00,1.35131,1.35135,1.35093,1.35094,0.0
2026-09-02 10:30:00,1.35096,1.35105,1.35093,1.35103,0.0
2026-09-02 10:35:00,1.351,1.3512,1.351,1.35118,0.0
2026-09-02 10:40:00,1.35115,1.35122,1.35098,1.35121,0.0
2026-09-02 10:45:00,1.35117,1.35126,1.351,1.35101,0.0
2026-09-02 10:50:00,1.35103,1.35107,1.35079,1.35098,0.0
2026-09-02 10:55:00,1.35092,1.35102,1.35079,1.35085,0.0
2026-09-02 11:00:00,1.35083,1.35083,1.35069,1.35072,0.0
2026-09-02 11:05:00,1.35071,1.35071,1.35057,1.3506,0.0
2026-09-02 11:10:00,1.3506,1.35066,1.35052,1.35054,0.0
2026-09-02 11:15:00,1.35058,1.35075,1.35045,1.35072,0.0
2026-09-02 11:20:00,1.35069,1.35074,1.35064,1.35072,0.0
2026-09-02 11:25:00,1.35068,1.35086,1.35068,1.35075,0.0
2026-09-02 11:30:00,1.35077,1.35094,1.35055,1.35074,0.0
2026-09-02 11:35:00,1.35072,1.35072,1.35037,1.35042,0.0
2026-09-02 11:40:00,1.35037,1.35055,1.35037,1.35049,0.0
2026-09-02 11:45:00,1.35048,1.35053,1.35035,1.35036,0.0
2026-09-02 11:50:00,1.3504,1.35045,1.35029,1.3503,0.0
2026-09-02 11:55:00,1.35031,1.35044,1.35029,1.35042,0.0
2026-09-02 12:00:00,1.35037,1.35055,1.35009,1.35025,0.0
2026-09-02 12:05:00,1.35019,1.35035,1.35019,1.35027,0.0
2026-09-02 12:10:00,1.35029,1.35064,1.35028,1.35063,0.0
2026-09-02 12:15:00,1.35059,1.35073,1.35058,1.35071,0.0
2026-09-02 12:20:00,1.35067,1.35078,1.35035,1.35037,0.0
2026-09-02 12:25:00,1.3504,1.35068,1.3504,1.35065,0.0
2026-09-02 12:30:00,1.35062,1.35068,1.35053,1.35066,0.0
2026-09-02 12:35:00,1.35063,1.35069,1.35055,1.35065,0.0
2026-09-02 12:40:00,1.3506,1.35085,1.35058,1.35082,0.0
2026-09-02 12:45:00,1.3508,1.35082,1.35073,1.35073,0.0
2026-09-02 12:50:00,1.35075,1.35076,1.35066,1.35069,0.0
2026-09-02 12:55:00,1.35068,1.35075,1.35068,1.35073,0.0
2026-09-02 13:00:00,1.3507,1.35079,1.35069,1.35074,0.0
2026-09-02 13:05:00,1.35073,1.3508,1.3506,1.35075,0.0
2026-09-02 13:10:00,1.3507,1.35078,1.35061,1.35063,0.0
2026-09-02 13:15:00,1.35065,1.35065,1.35056,1.35063,0.0
2026-09-02 13:20:00,1.3506,1.35063,1.35046,1.35047,0.0
2026-09-02 13:25:00,1.35048,1.35052,1.35042,1.35046,0.0
2026-09-02 13:30:00,1.35046,1.35048,1.35037,1.35043,0.0
2026-09-02 13:35:00,1.35041,1.35041,1.35023,1.35032,0.0
2026-09-02 13:40:00,1.35027,1.35037,1.35018,1.35019,0.0
2026-09-02 13:45:00,1.3502,1.35032,1.3502,1.3503,0.0
2026-09-02 13:50:00,1.35027,1.35031,1.35018,1.35022,0.0
2026-09-02 13:55:00,1.35021,1.35026,1.35017,1.35024,0.0
2026-09-02 14:00:00,1.35021,1.35034,1.35017,1.35026,0.0
2026-09-02 14:05:00,1.35025,1.35026,1.35002,1.35002,0.0
2026-09-02 14:10:00,1.35003,1.35008,1.34995,1.34997,0.0
2026-09-02 14:15:00,1.34998,1.35015,1.34998,1.3501,0.0
2026-09-02 14:20:00,1.35007,1.35007,1.34988,1.34989,0.0
2026-09-02 14:25:00,1.34989,1.34996,1.34984,1.34985,0.0
2026-09-02 14:30:00,1.34987,1.34999,1.3498,1.34997,0.0
2026-09-02 14:35:00,1.34993,1.34993,1.3498,1.3499,0.0
2026-09-02 14:40:00,1.34988,1.34992,1.34976,1.3499,0.0
2026-09-02 14:45:00,1.34988,1.34992,1.34962,1.34964,0.0
2026-09-02 14:50:00,1.3497,1.34978,1.34966,1.34975,0.0
2026-09-02 14:55:00,1.34972,1.34985,1.34967,1.34971,0.0
2026-09-02 15:00:00,1.34968,1.34973,1.34955,1.34956,0.0
2026-09-02 15:05:00,1.34957,1.34968,1.34949,1.34965,0.0
2026-09-02 15:10:00,1.34961,1.34995,1.34959,1.34991,0.0
2026-09-02 15:15:00,1.34989,1.3501,1.34985,1.3501,0.0
2026-09-02 15:20:00,1.35008,1.35021,1.34995,1.35016,0.0
2026-09-02 15:25:00,1.35008,1.35024,1.34996,1.35006,0.0
2026-09-02 15:30:00,1.35007,1.35042,1.35007,1.35029,0.0
2026-09-02 15:35:00,1.35026,1.35033,1.35011,1.35014,0.0
2026-09-02 15:40:00,1.3502,1.35022,1.34998,1.35014,0.0
2026-09-02 15:45:00,1.35015,1.35031,1.35014,1.3503,0.0
2026-09-02 15:50:00,1.35028,1.35032,1.35011,1.35029,0.0
2026-09-02 15:55:00,1.35026,1.35045,1.35026,1.35045,0.0
2026-09-02 16:00:00,1.35043,1.35043,1.34993,1.35037,0.0
2026-09-02 16:05:00,1.35035,1.35051,1.35015,1.35027,0.0
2026-09-02 16:10:00,1.35029,1.3507,1.35029,1.35068,0.0
2026-09-02 16:15:00,1.35063,1.35063,1.35006,1.35011,0.0
2026-09-02 16:20:00,1.35019,1.35072,1.34994,1.35064,0.0
2026-09-02 16:25:00,1.35052,1.35084,1.35052,1.35065,0.0
2026-09-02 16:30:00,1.35067,1.35071,1.35037,1.35051,0.0
2026-09-02 16:35:00,1.35047,1.3505,1.35029,1.35035,0.0
2026-09-02 16:40:00,1.35032,1.35066,1.35026,1.35056,0.0
2026-09-02 16:45:00,1.35057,1.35065,1.34993,1.34995,0.0
2026-09-02 16:50:00,1.34999,1.35004,1.34965,1.3497,0.0
2026-09-02 16:55:00,1.34976,1.34976,1.34944,1.34947,0.0
2026-09-02 17:00:00,1.34952,1.34969,1.34938,1.34945,0.0
2026-09-02 17:05:00,1.34949,1.34955,1.34907,1.34948,0.0
2026-09-02 17:10:00,1.34942,1.35005,1.34942,1.35003,0.0
2026-09-02 17:15:00,1.35,1.35039,1.34991,1.35034,0.0
2026-09-02 17:20:00,1.35021,1.35057,1.35021,1.35042,0.0
2026-09-02 17:25:00,1.35044,1.35063,1.3504,1.35042,0.0
2026-09-02 17:30:00,1.35044,1.351,1.35023,1.35095,0.0
2026-09-02 17:35:00,1.35093,1.35124,1.35088,1.35124,0.0
2026-09-02 17:40:00,1.35122,1.35122,1.35082,1.35083,0.0
2026-09-02 17:45:00,1.35085,1.35106,1.35081,1.35104,0.0
2026-09-02 17:50:00,1.35101,1.35107,1.35091,1.35102,0.0
2026-09-02 17:55:00,1.35091,1.35113,1.35091,1.35111,0.0
2026-09-02 18:00:00,1.35106,1.35147,1.35106,1.35143,0.0
2026-09-02 18:05:00,1.35139,1.35145,1.35131,1.35138,0.0
2026-09-02 18:10:00,1.35136,1.3514,1.35104,1.35113,0.0
2026-09-02 18:15:00,1.35108,1.35132,1.35108,1.3512,0.0
2026-09-02 18:20:00,1.35121,1.35124,1.35104,1.3512,0.0
2026-09-02 18:25:00,1.35114,1.35122,1.35105,1.35107,0.0
2026-09-02 18:30:00,1.3511,1.3511,1.35092,1.35102,0.0
2026-09-02 18:35:00,1.35098,1.35117,1.35088,1.351,0.0
2026-09-02 18:40:00,1.35099,1.35135,1.35099,1.3512,0.0
2026-09-02 18:45:00,1.35125,1.35135,1.35115,1.35116,0.0
2026-09-02 18:50:00,1.35117,1.35121,1.35074,1.35112,0.0
2026-09-02 18:55:00,1.35101,1.35101,1.35015,1.35018,0.0
2026-09-02 19:00:00,1.35023,1.3504,1.35006,1.35036,0.0
2026-09-02 19:05:00,1.3503,1.35066,1.35028,1.35031,0.0
2026-09-02 19:10:00,1.35036,1.35041,1.35007,1.3501,0.0
2026-09-02 19:15:00,1.35014,1.35026,1.35006,1.35025,0.0
2026-09-02 19:20:00,1.35022,1.35023,1.35004,1.35013,0.0
2026-09-02 19:25:00,1.35009,1.35018,1.34986,1.35006,0.0
2026-09-02 19:30:00,1.34999,1.35013,1.34956,1.34964,0.0
2026-09-02 19:35:00,1.34978,1.34978,1.34949,1.34971,0.0
2026-09-02 19:40:00,1.34969,1.34969,1.34945,1.34947,0.0
2026-09-02 19:45:00,1.34947,1.34951,1.34925,1.34937,0.0
2026-09-02 19:50:00,1.34934,1.34946,1.34891,1.34928,0.0
2026-09-02 19:55:00,1.34919,1.34919,1.34862,1.34865,0.0
2026-09-02 20:00:00,1.34872,1.34878,1.34836,1.34838,0.0
2026-09-02 20:05:00,1.34842,1.34855,1.34829,1.34851,0.0
2026-09-02 20:10:00,1.34849,1.34854,1.34827,1.34829,0.0
2026-09-02 20:15:00,1.34829,1.34844,1.34822,1.34829,0.0
2026-09-02 20:20:00,1.34827,1.34828,1.34811,1.34821,0.0
2026-09-02 20:25:00,1.3482,1.34856,1.34783,1.34828,0.0
2026-09-02 20:30:00,1.34834,1.34841,1.34811,1.34835,0.0
2026-09-02 20:35:00,1.34817,1.34859,1.34814,1.34816,0.0
2026-09-02 20:40:00,1.34819,1.34822,1.34796,1.34797,0.0
2026-09-02 20:45:00,1.348,1.34803,1.34782,1.34794,0.0
2026-09-02 20:50:00,1.34792,1.34798,1.3478,1.34796,0.0
2026-09-02 20:55:00,1.34788,1.34833,1.34788,1.34827,0.0
2026-09-02 21:00:00,1.34817,1.34864,1.34817,1.34846,0.0
2026-09-02 21:05:00,1.3485,1.3486,1.34848,1.34858,0.0
2026-09-02 21:10:00,1.34855,1.34862,1.34833,1.34855,0.0
2026-09-02 21:15:00,1.34837,1.34891,1.34837,1.34852,0.0
2026-09-02 21:20:00,1.34855,1.34884,1.34847,1.34881,0.0
2026-09-02 21:25:00,1.34879,1.34889,1.34836,1.3484,0.0
2026-09-02 21:30:00,1.34846,1.34846,1.34816,1.34839,0.0
2026-09-02 21:35:00,1.34831,1.34855,1.34827,1.34849,0.0
2026-09-02 21:40:00,1.34849,1.34878,1.34824,1.34877,0.0
2026-09-02 21:45:00,1.34875,1.34909,1.34857,1.34908,0.0
2026-09-02 21:50:00,1.34902,1.34914,1.34884,1.34908,0.0
2026-09-02 21:55:00,1.34899,1.34916,1.34827,1.34832,0.0
2026-09-02 22:00:00,1.34842,1.34863,1.34842,1.34854,0.0
2026-09-02 22:05:00,1.34854,1.34894,1.34834,1.3484,0.0
2026-09-02 22:10:00,1.3485,1.3485,1.34814,1.34816,0.0
2026-09-02 22:15:00,1.34816,1.34836,1.348,1.34802,0.0
2026-09-02 22:20:00,1.34804,1.3488,1.34761,1.34863,0.0
2026-09-02 22:25:00,1.34861,1.3487,1.34819,1.34829,0.0
2026-09-02 22:30:00,1.34849,1.34849,1.34796,1.34808,0.0
2026-09-02 22:35:00,1.34807,1.34807,1.34778,1.34785,0.0
2026-09-02 22:40:00,1.34783,1.34796,1.34774,1.34775,0.0
2026-09-02 22:45:00,1.34777,1.34849,1.34769,1.34843,0.0
2026-09-02 22:50:00,1.34833,1.34833,1.34775,1.34777,0.0
2026-09-02 22:55:00,1.34779,1.34779,1.34751,1.34752,0.0
2026-09-02 23:00:00,1.34757,1.34785,1.34757,1.34784,0.0
2026-09-02 23:05:00,1.34781,1.34797,1.34769,1.34791,0.0
2026-09-02 23:10:00,1.34774,1.34809,1.34774,1.34805,0.0
2026-09-02 23:15:00,1.34799,1.3487,1.34799,1.34862,0.0
2026-09-02 23:20:00,1.34851,1.34917,1.34851,1.34912,0.0
2026-09-02 23:25:00,1.34903,1.35077,1.34903,1.35055,0.0
2026-09-02 23:30:00,1.35045,1.35045,1.34952,1.34958,0.0
2026-09-02 23:35:00,1.34969,1.34974,1.34942,1.3497,0.0
2026-09-02 23:40:00,1.34964,1.35054,1.34953,1.35049,0.0
2026-09-02 23:45:00,1.3504,1.3507,1.35014,1.35061,0.0
2026-09-02 23:50:00,1.35047,1.35095,1.34998,1.35089,0.0
2026-09-02 23:55:00,1.35075,1.35119,1.35052,1.35106,0.0
2026-09-03 00:00:00,1.3509,1.35134,1.3504,1.35085,0.0
2026-09-03 00:05:00,1.3508,1.35097,1.35049,1.3506,0.0
2026-09-03 00:10:00,1.35057,1.35062,1.35017,1.35021,0.0
2026-09-03 00:15:00,1.35028,1.35055,1.35004,1.35008,0.0
2026-09-03 00:20:00,1.35014,1.35014,1.34989,1.3501,0.0
2026-09-03 00:25:00,1.35007,1.35033,1.34995,1.35028,0.0
2026-09-03 00:30:00,1.35014,1.35042,1.35013,1.35014,0.0
2026-09-03 00:35:00,1.35015,1.35042,1.34989,1.35039,0.0
2026-09-03 00:40:00,1.35037,1.35044,1.35011,1.35037,0.0
2026-09-03 00:45:00,1.35033,1.35033,1.34981,1.35008,0.0
2026-09-03 00:50:00,1.35003,1.35068,1.34957,1.3499,0.0
2026-09-03 00:55:00,1.34995,1.35052,1.34982,1.35045,0.0
2026-09-03 01:00:00,1.35035,1.35091,1.35035,1.35089,0.0
2026-09-03 01:05:00,1.35083,1.35099,1.35064,1.35068,0.0
2026-09-03 01:10:00,1.35075,1.35075,1.35035,1.35043,0.0
2026-09-03 01:15:00,1.35047,1.35047,1.35021,1.35022,0.0
2026-09-03 01:20:00,1.35026,1.35033,1.34995,1.35016,0.0
2026-09-03 01:25:00,1.35011,1.35049,1.35011,1.35046,0.0
2026-09-03 01:30:00,1.35043,1.35073,1.35023,1.35029,0.0
2026-09-03 01:35:00,1.35033,1.35033,1.34981,1.34991,0.0
2026-09-03 01:40:00,1.34994,1.35017,1.34976,1.34978,0.0
2026-09-03 01:45:00,1.34982,1.34996,1.34953,1.34995,0.0
2026-09-03 01:50:00,1.34992,1.34992,1.3496,1.3496,0.0
2026-09-03 01:55:00,1.34961,1.35015,1.34954,1.3501,0.0
2026-09-03 02:00:00,1.35004,1.35035,1.35004,1.3503,0.0
2026-09-03 02:05:00,1.35027,1.35027,1.35002,1.35013,0.0
2026-09-03 02:10:00,1.3501,1.3502,1.34998,1.35016,0.0
2026-09-03 02:15:00,1.3501,1.35046,1.3501,1.35026,0.0
2026-09-03 02:20:00,1.35026,1.35038,1.34999,1.35005,0.0
2026-09-03 02:25:00,1.35016,1.35016,1.34977,1.34982,0.0
2026-09-03 02:30:00,1.34989,1.34989,1.34962,1.34984,0.0
2026-09-03 02:35:00,1.34982,1.34987,1.34964,1.34978,0.0
2026-09-03 02:40:00,1.34979,1.34992,1.34971,1.34989,0.0
2026-09-03 02:45:00,1.34987,1.34995,1.34977,1.34982,0.0
2026-09-03 02:50:00,1.34989,1.34989,1.34958,1.34983,0.0
2026-09-03 02:55:00,1.34977,1.34987,1.34955,1.34957,0.0
2026-09-03 03:00:00,1.34961,1.34961,1.34945,1.34948,0.0
2026-09-03 03:05:00,1.34951,1.34951,1.34925,1.34927,0.0
2026-09-03 03:10:00,1.3493,1.3493,1.34905,1.34919,0.0
2026-09-03 03:15:00,1.34914,1.34918,1.34867,1.34873,0.0
2026-09-03 03:20:00,1.34882,1.34882,1.34853,1.34872,0.0
2026-09-03 03:25:00,1.34869,1.34893,1.34867,1.34892,0.0
2026-09-03 03:30:00,1.34888,1.34907,1.34845,1.3485,0.0
2026-09-03 03:35:00,1.34862,1.34882,1.34862,1.34867,0.0
2026-09-03 03:40:00,1.34868,1.34896,1.34862,1.34894,0.0
2026-09-03 03:45:00,1.34891,1.34927,1.34871,1.34893,0.0
2026-09-03 03:50:00,1.34896,1.34898,1.34876,1.34877,0.0
2026-09-03 03:55:00,1.34878,1.34881,1.34864,1.3488,0.0
2026-09-03 04:00:00,1.34878,1.34892,1.34861,1.3489,0.0
2026-09-03 04:05:00,1.34885,1.34895,1.34867,1.34882,0.0
2026-09-03 04:10:00,1.34879,1.34879,1.34865,1.34873,0.0
2026-09-03 04:15:00,1.3487,1.34904,1.34851,1.34892,0.0
2026-09-03 04:20:00,1.34874,1.34916,1.3486,1.34864,0.0
2026-09-03 04:25:00,1.34868,1.34868,1.34856,1.34865,0.0
2026-09-03 04:30:00,1.3486,1.34879,1.3486,1.34877,0.0
2026-09-03 04:35:00,1.34876,1.34885,1.34865,1.34884,0.0
2026-09-03 04:40:00,1.34881,1.34896,1.34862,1.34865,0.0
2026-09-03 04:45:00,1.34867,1.34879,1.34867,1.34878,0.0
2026-09-03 04:50:00,1.34872,1.34886,1.34872,1.34878,0.0
2026-09-03 04:55:00,1.34879,1.34881,1.3486,1.34861,0.0
2026-09-03 05:00:00,1.34863,1.3487,1.34854,1.34856,0.0
2026-09-03 05:05:00,1.34859,1.34861,1.34845,1.34846,0.0
2026-09-03 05:10:00,1.34848,1.34854,1.34845,1.34851,0.0
2026-09-03 05:15:00,1.34849,1.34881,1.34845,1.34878,0.0
2026-09-03 05:20:00,1.34872,1.34882,1.34864,1.34879,0.0
2026-09-03 05:25:00,1.34876,1.34876,1.34854,1.34856,0.0
2026-09-03 05:30:00,1.34859,1.34862,1.34851,1.34852,0.0
2026-09-03 05:35:00,1.34854,1.34861,1.34849,1.34859,0.0
2026-09-03 05:40:00,1.34857,1.34863,1.34853,1.34858,0.0
2026-09-03 05:45:00,1.34855,1.34864,1.34836,1.34837,0.0
2026-09-03 05:50:00,1.34839,1.34853,1.34839,1.34845,0.0
2026-09-03 05:55:00,1.34847,1.34884,1.34842,1.34882,0.0
2026-09-03 06:00:00,1.34877,1.34908,1.34877,1.34905,0.0
2026-09-03 06:05:00,1.34902,1.34909,1.34899,1.34907,0.0
2026-09-03 06:10:00,1.34905,1.34908,1.34893,1.34897,0.0
2026-09-03 06:15:00,1.34899,1.34903,1.34891,1.34899,0.0
2026-09-03 06:20:00,1.34897,1.34897,1.34878,1.3489,0.0
2026-09-03 06:25:00,1.34882,1.34904,1.34882,1.34893,0.0
2026-09-03 06:30:00,1.34892,1.34892,1.34876,1.34886,0.0
2026-09-03 06:35:00,1.34881,1.34895,1.3488,1.34883,0.0
2026-09-03 06:40:00,1.34887,1.34892,1.34876,1.3489,0.0
2026-09-03 06:45:00,1.34886,1.34904,1.34884,1.34903,0.0
2026-09-03 06:50:00,1.34899,1.34899,1.34885,1.34885,0.0
2026-09-03 06:55:00,1.34886,1.3489,1.34836,1.34841,0.0
2026-09-03 07:00:00,1.34847,1.34916,1.34847,1.34877,0.0
2026-09-03 07:05:00,1.34873,1.3488,1.34867,1.34878,0.0
2026-09-03 07:10:00,1.34877,1.349,1.3486,1.34898,0.0
2026-09-03 07:15:00,1.34895,1.34896,1.34879,1.34893,0.0
2026-09-03 07:20:00,1.3489,1.34898,1.34884,1.34897,0.0
2026-09-03 07:25:00,1.34894,1.34896,1.34884,1.34894,0.0
2026-09-03 07:30:00,1.34892,1.34893,1.34862,1.34864,0.0
2026-09-03 07:35:00,1.34865,1.34868,1.34851,1.34852,0.0
2026-09-03 07:40:00,1.34852,1.34855,1.34844,1.34853,0.0
2026-09-03 07:45:00,1.34851,1.34855,1.34842,1.34849,0.0
2026-09-03 07:50:00,1.34844,1.34855,1.3484,1.34843,0.0
2026-09-03 07:55:00,1.34844,1.34863,1.34836,1.3486,0.0
2026-09-03 08:00:00,1.34857,1.34862,1.3482,1.34823,0.0
2026-09-03 08:05:00,1.34828,1.34831,1.34812,1.3483,0.0
2026-09-03 08:10:00,1.34828,1.34831,1.34822,1.34824,0.0
2026-09-03 08:15:00,1.34826,1.34836,1.34815,1.34823,0.0
2026-09-03 08:20:00,1.34821,1.34822,1.34814,1.34822,0.0
2026-09-03 08:25:00,1.34818,1.34832,1.34818,1.3483,0.0
2026-09-03 08:30:00,1.34827,1.34831,1.34824,1.34829,0.0
2026-09-03 08:35:00,1.34826,1.3485,1.34825,1.34846,0.0
2026-09-03 08:40:00,1.34844,1.34849,1.34838,1.34843,0.0
2026-09-03 08:45:00,1.3484,1.34844,1.34827,1.34828,0.0
2026-09-03 08:50:00,1.3483,1.34847,1.3483,1.34846,0.0
2026-09-03 08:55:00,1.34845,1.34847,1.34833,1.34836,0.0
2026-09-03 09:00:00,1.34834,1.34854,1.34825,1.34837,0.0
2026-09-03 09:05:00,1.34835,1.34842,1.34822,1.34823,0.0
2026-09-03 09:10:00,1.34825,1.34829,1.34816,1.34816,0.0
2026-09-03 09:15:00,1.34817,1.34822,1.34813,1.34817,0.0
2026-09-03 09:20:00,1.34815,1.34822,1.34814,1.34821,0.0
2026-09-03 09:25:00,1.34818,1.34831,1.34815,1.34816,0.0
2026-09-03 09:30:00,1.34817,1.3482,1.34813,1.34813,0.0
2026-09-03 09:35:00,1.34813,1.3482,1.34805,1.34807,0.0
2026-09-03 09:40:00,1.34807,1.34813,1.34805,1.34812,0.0
2026-09-03 09:45:00,1.3481,1.34824,1.34804,1.34813,0.0
2026-09-03 09:50:00,1.34815,1.34822,1.34811,1.34811,0.0
2026-09-03 09:55:00,1.34812,1.34836,1.34806,1.34833,0.0
2026-09-03 10:00:00,1.3483,1.34831,1.34813,1.3483,0.0
2026-09-03 10:05:00,1.34827,1.34832,1.34806,1.34808,0.0
2026-09-03 10:10:00,1.34814,1.34833,1.34814,1.34831,0.0
2026-09-03 10:15:00,1.34831,1.34838,1.34823,1.34835,0.0
2026-09-03 10:20:00,1.34832,1.34844,1.34825,1.34844,0.0
2026-09-03 10:25:00,1.3484,1.34864,1.34838,1.34862,0.0
2026-09-03 10:30:00,1.34858,1.3486,1.34847,1.34847,0.0
2026-09-03 10:35:00,1.34848,1.34854,1.34846,1.34852,0.0
2026-09-03 10:40:00,1.34847,1.34865,1.34847,1.3485,0.0
2026-09-03 10:45:00,1.34854,1.34875,1.34834,1.3487,0.0
2026-09-03 10:50:00,1.34863,1.349,1.34863,1.34889,0.0
2026-09-03 10:55:00,1.3489,1.34897,1.34878,1.34895,0.0
2026-09-03 11:00:00,1.3489,1.3489,1.34876,1.34888,0.0
2026-09-03 11:05:00,1.34886,1.34889,1.34876,1.34877,0.0
2026-09-03 11:10:00,1.34879,1.34894,1.34878,1.34888,0.0
2026-09-03 11:15:00,1.34887,1.34889,1.34876,1.34882,0.0
2026-09-03 11:20:00,1.34878,1.34894,1.34855,1.34857,0.0
2026-09-03 11:25:00,1.34859,1.34896,1.34849,1.34888,0.0
2026-09-03 11:30:00,1.34877,1.34916,1.34877,1.34903,0.0
2026-09-03 11:35:00,1.34905,1.34909,1.34891,1.34896,0.0
2026-09-03 11:40:00,1.34893,1.34904,1.34873,1.34874,0.0
2026-09-03 11:45:00,1.34876,1.34876,1.34842,1.34848,0.0
2026-09-03 11:50:00,1.34849,1.34859,1.34829,1.34841,0.0
2026-09-03 11:55:00,1.34838,1.34839,1.3481,1.34813,0.0
2026-09-03 12:00:00,1.34815,1.34841,1.34805,1.34839,0.0
2026-09-03 12:05:00,1.34834,1.3484,1.34822,1.34827,0.0
2026-09-03 12:10:00,1.34828,1.34836,1.34813,1.3482,0.0
2026-09-03 12:15:00,1.34816,1.34839,1.34816,1.34834,0.0
2026-09-03 12:20:00,1.34832,1.34864,1.34816,1.34839,0.0
2026-09-03 12:25:00,1.34843,1.34869,1.34843,1.3486,0.0
2026-09-03 12:30:00,1.34854,1.34892,1.34854,1.34887,0.0
2026-09-03 12:35:00,1.34876,1.34916,1.34876,1.34912,0.0
2026-09-03 12:40:00,1.34899,1.34924,1.34882,1.34885,0.0
2026-09-03 12:45:00,1.34887,1.34887,1.3486,1.34863,0.0
2026-09-03 12:50:00,1.34872,1.349,1.34872,1.34892,0.0
2026-09-03 12:55:00,1.3489,1.34901,1.34887,1.3489,0.0
2026-09-03 13:00:00,1.34894,1.34925,1.34884,1.34919,0.0
2026-09-03 13:05:00,1.34909,1.3495,1.34909,1.34946,0.0
2026-09-03 13:10:00,1.34941,1.3496,1.3494,1.34943,0.0
2026-09-03 13:15:00,1.34947,1.34947,1.34934,1.34942,0.0
2026-09-03 13:20:00,1.34937,1.34945,1.34934,1.34934,0.0
2026-09-03 13:25:00,1.34935,1.34959,1.34927,1.34948,0.0
2026-09-03 13:30:00,1.34951,1.34959,1.34924,1.34937,0.0
2026-09-03 13:35:00,1.34932,1.34944,1.34932,1.34939,0.0
2026-09-03 13:40:00,1.34932,1.34955,1.34932,1.34953,0.0
2026-09-03 13:45:00,1.3495,1.34951,1.34942,1.34942,0.0
2026-09-03 13:50:00,1.34944,1.34958,1.34942,1.34956,0.0
2026-09-03 13:55:00,1.34952,1.3496,1.34935,1.34937,0.0
2026-09-03 14:00:00,1.34939,1.34954,1.34932,1.34939,0.0
2026-09-03 14:05:00,1.3494,1.34949,1.34931,1.34944,0.0
2026-09-03 14:10:00,1.34938,1.34952,1.34938,1.34949,0.0
2026-09-03 14:15:00,1.34946,1.3495,1.34944,1.34949,0.0
2026-09-03 14:20:00,1.34945,1.34963,1.34939,1.34961,0.0
2026-09-03 14:25:00,1.34957,1.34965,1.34956,1.34957,0.0
2026-09-03 14:30:00,1.34959,1.34977,1.34955,1.34975,0.0
2026-09-03 14:35:00,1.34972,1.34974,1.3496,1.34973,0.0
2026-09-03 14:40:00,1.34966,1.34984,1.34964,1.3498,0.0
2026-09-03 14:45:00,1.34975,1.3498,1.34965,1.34966,0.0
2026-09-03 14:50:00,1.34966,1.34966,1.34939,1.34949,0.0
2026-09-03 14:55:00,1.34947,1.34947,1.34927,1.34935,0.0
2026-09-03 15:00:00,1.34929,1.34944,1.34918,1.34919,0.0
2026-09-03 15:05:00,1.3492,1.34924,1.34916,1.34918,0.0
2026-09-03 15:10:00,1.34917,1.34925,1.34903,1.34922,0.0
2026-09-03 15:15:00,1.34919,1.34942,1.34913,1.3494,0.0
2026-09-03 15:20:00,1.34935,1.34947,1.34912,1.34943,0.0
2026-09-03 15:25:00,1.34938,1.34969,1.34938,1.34955,0.0
2026-09-03 15:30:00,1.34957,1.34957,1.34945,1.3495,0.0
2026-09-03 15:35:00,1.34948,1.34958,1.34944,1.34956,0.0
2026-09-03 15:40:00,1.34949,1.34962,1.3494,1.34943,0.0
2026-09-03 15:45:00,1.34946,1.34946,1.34922,1.34925,0.0
2026-09-03 15:50:00,1.34927,1.34943,1.34908,1.34914,0.0
2026-09-03 15:55:00,1.34926,1.34926,1.34904,1.34918,0.0
2026-09-03 16:00:00,1.34914,1.34935,1.34864,1.34865,0.0
2026-09-03 16:05:00,1.34867,1.34918,1.34863,1.34914,0.0
2026-09-03 16:10:00,1.34911,1.34923,1.34842,1.3486,0.0
2026-09-03 16:15:00,1.34853,1.34876,1.34853,1.34874,0.0
2026-09-03 16:20:00,1.34873,1.34873,1.34845,1.34847,0.0
2026-09-03 16:25:00,1.34847,1.34861,1.34842,1.3486,0.0
2026-09-03 16:30:00,1.34858,1.34929,1.34852,1.34927,0.0
2026-09-03 16:35:00,1.34919,1.34933,1.34889,1.34891,0.0
2026-09-03 16:40:00,1.34893,1.34942,1.34893,1.3494,0.0
2026-09-03 16:45:00,1.34937,1.34958,1.34929,1.34953,0.0
2026-09-03 16:50:00,1.34944,1.34985,1.34944,1.34982,0.0
2026-09-03 16:55:00,1.34978,1.34984,1.34942,1.34952,0.0
2026-09-03 17:00:00,1.34972,1.35013,1.34909,1.3501,0.0
2026-09-03 17:05:00,1.35001,1.35018,1.34976,1.35011,0.0
2026-09-03 17:10:00,1.34999,1.35031,1.34985,1.3499,0.0
2026-09-03 17:15:00,1.34999,1.34999,1.34944,1.34977,0.0
2026-09-03 17:20:00,1.34969,1.34997,1.34944,1.34988,0.0
2026-09-03 17:25:00,1.34975,1.35009,1.34928,1.34951,0.0
2026-09-03 17:30:00,1.34946,1.34969,1.34941,1.34966,0.0
2026-09-03 17:35:00,1.34963,1.34988,1.34915,1.34963,0.0
2026-09-03 17:40:00,1.34955,1.34985,1.34948,1.34977,0.0
2026-09-03 17:45:00,1.34967,1.35024,1.34967,1.35022,0.0
2026-09-03 17:50:00,1.3502,1.35034,1.35006,1.35027,0.0
2026-09-03 17:55:00,1.35004,1.35048,1.35004,1.35021,0.0
2026-09-03 18:00:00,1.35022,1.35055,1.34977,1.3499,0.0
2026-09-03 18:05:00,1.35021,1.35066,1.35021,1.35064,0.0
2026-09-03 18:10:00,1.3506,1.35068,1.34993,1.35019,0.0
2026-09-03 18:15:00,1.35012,1.35012,1.34986,1.34992,0.0
2026-09-03 18:20:00,1.34991,1.35041,1.34984,1.34988,0.0
2026-09-03 18:25:00,1.34993,1.35003,1.34969,1.35001,0.0
2026-09-03 18:30:00,1.34999,1.35022,1.34993,1.35019,0.0
2026-09-03 18:35:00,1.35012,1.35012,1.34971,1.34985,0.0
2026-09-03 18:40:00,1.34979,1.35005,1.34978,1.34999,0.0
2026-09-03 18:45:00,1.34991,1.35026,1.34991,1.35007,0.0
2026-09-03 18:50:00,1.35015,1.35026,1.34974,1.35019,0.0
2026-09-03 18:55:00,1.34999,1.35055,1.34999,1.35008,0.0
2026-09-03 19:00:00,1.3501,1.35026,1.34982,1.34984,0.0
2026-09-03 19:05:00,1.34989,1.35033,1.34971,1.35029,0.0
2026-09-03 19:10:00,1.3502,1.35023,1.34998,1.35005,0.0
2026-09-03 19:15:00,1.35002,1.35007,1.34966,1.34993,0.0
2026-09-03 19:20:00,1.34988,1.34993,1.34958,1.34963,0.0
2026-09-03 19:25:00,1.34962,1.34969,1.34936,1.34938,0.0
2026-09-03 19:30:00,1.34939,1.34955,1.3491,1.34928,0.0
2026-09-03 19:35:00,1.34923,1.34925,1.34901,1.34904,0.0
2026-09-03 19:40:00,1.3491,1.34937,1.3491,1.34933,0.0
2026-09-03 19:45:00,1.34927,1.34967,1.34927,1.34952,0.0
2026-09-03 19:50:00,1.34952,1.34977,1.34942,1.34959,0.0
2026-09-03 19:55:00,1.34955,1.3498,1.3494,1.34977,0.0
2026-09-03 20:00:00,1.34974,1.34989,1.34972,1.34973,0.0
2026-09-03 20:05:00,1.34979,1.34988,1.34957,1.34964,0.0
2026-09-03 20:10:00,1.34975,1.34975,1.34919,1.34923,0.0
2026-09-03 20:15:00,1.34929,1.34929,1.349,1.34902,0.0
2026-09-03 20:20:00,1.34905,1.34924,1.34902,1.34922,0.0
2026-09-03 20:25:00,1.34918,1.34953,1.34918,1.3493,0.0
2026-09-03 20:30:00,1.34928,1.34928,1.34884,1.34892,0.0
2026-09-03 20:35:00,1.3489,1.34892,1.34867,1.34868,0.0
2026-09-03 20:40:00,1.3487,1.34878,1.34844,1.3487,0.0
2026-09-03 20:45:00,1.34867,1.34888,1.34862,1.34887,0.0
2026-09-03 20:50:00,1.34883,1.34902,1.3487,1.34901,0.0
2026-09-03 20:55:00,1.34895,1.34957,1.34895,1.34931,0.0
2026-09-03 21:00:00,1.34935,1.34945,1.34913,1.34934,0.0
2026-09-03 21:05:00,1.34931,1.34952,1.34922,1.34945,0.0
2026-09-03 21:10:00,1.34926,1.34975,1.34926,1.34972,0.0
2026-09-03 21:15:00,1.34971,1.34992,1.34954,1.34989,0.0
2026-09-03 21:20:00,1.34987,1.34997,1.34942,1.34944,0.0
2026-09-03 21:25:00,1.34947,1.34953,1.34902,1.34906,0.0
2026-09-03 21:30:00,1.34908,1.34939,1.34885,1.34919,0.0
2026-09-03 21:35:00,1.34909,1.34938,1.34909,1.34932,0.0
2026-09-03 21:40:00,1.34924,1.34937,1.34907,1.34908,0.0
2026-09-03 21:45:00,1.34911,1.34919,1.34887,1.34916,0.0
2026-09-03 21:50:00,1.34907,1.34944,1.34907,1.34943,0.0
2026-09-03 21:55:00,1.3494,1.34964,1.34929,1.34962,0.0
2026-09-03 22:00:00,1.34957,1.34968,1.34933,1.34959,0.0
2026-09-03 22:05:00,1.34951,1.34986,1.34951,1.34985,0.0
2026-09-03 22:10:00,1.3498,1.3498,1.34945,1.34947,0.0
2026-09-03 22:15:00,1.34947,1.34969,1.34947,1.34962,0.0
2026-09-03 22:20:00,1.34957,1.34967,1.34907,1.34909,0.0
2026-09-03 22:25:00,1.34913,1.34942,1.34891,1.34895,0.0
2026-09-03 22:30:00,1.34897,1.351,1.34824,1.35059,0.0
2026-09-03 22:35:00,1.3507,1.35107,1.34998,1.35098,0.0
2026-09-03 22:40:00,1.35086,1.35124,1.35066,1.35074,0.0
2026-09-03 22:45:00,1.35076,1.35144,1.35063,1.35135,0.0
2026-09-03 22:50:00,1.35132,1.35206,1.3513,1.35201,0.0
2026-09-03 22:55:00,1.35188,1.35213,1.35166,1.3517,0.0
2026-09-03 23:00:00,1.35181,1.35207,1.35161,1.35174,0.0
2026-09-03 23:05:00,1.35169,1.35183,1.35122,1.35177,0.0
2026-09-03 23:10:00,1.35165,1.35165,1.3511,1.35138,0.0
2026-09-03 23:15:00,1.35135,1.35158,1.35091,1.35093,0.0
2026-09-03 23:20:00,1.35099,1.35117,1.35094,1.35116,0.0
2026-09-03 23:25:00,1.35113,1.35115,1.35094,1.35105,0.0
2026-09-03 23:30:00,1.35101,1.35112,1.35066,1.35075,0.0
2026-09-03 23:35:00,1.35073,1.35082,1.35064,1.3508,0.0
2026-09-03 23:40:00,1.35077,1.35105,1.35037,1.35082,0.0
2026-09-03 23:45:00,1.35069,1.35119,1.3504,1.35045,0.0
2026-09-03 23:50:00,1.35051,1.35111,1.35036,1.35106,0.0
2026-09-03 23:55:00,1.35096,1.35162,1.35096,1.35114,0.0
2026-09-04 00:00:00,1.35136,1.35183,1.3511,1.35118,0.0
2026-09-04 00:05:00,1.35114,1.35156,1.35106,1.35116,0.0
2026-09-04 00:10:00,1.35136,1.35164,1.35097,1.3516,0.0
2026-09-04 00:15:00,1.35153,1.35155,1.35117,1.35134,0.0
2026-09-04 00:20:00,1.3513,1.35157,1.35071,1.35077,0.0
2026-09-04 00:25:00,1.35087,1.3511,1.35079,1.35108,0.0
2026-09-04 00:30:00,1.351,1.35121,1.35077,1.35079,0.0
2026-09-04 00:35:00,1.35081,1.35081,1.35041,1.35046,0.0
2026-09-04 00:40:00,1.35051,1.35052,1.35011,1.3503,0.0
2026-09-04 00:45:00,1.35024,1.35082,1.35016,1.35078,0.0
2026-09-04 00:50:00,1.35066,1.35167,1.3504,1.35162,0.0
2026-09-04 00:55:00,1.35153,1.35192,1.3515,1.35189,0.0
2026-09-04 01:00:00,1.35185,1.35257,1.35149,1.35228,0.0
2026-09-04 01:05:00,1.35228,1.35381,1.35228,1.35378,0.0
2026-09-04 01:10:00,1.35372,1.35372,1.35344,1.35352,0.0
2026-09-04 01:15:00,1.35354,1.35363,1.35336,1.35359,0.0
2026-09-04 01:20:00,1.35353,1.35399,1.35353,1.35397,0.0
2026-09-04 01:25:00,1.35391,1.35399,1.35355,1.35357,0.0
2026-09-04 01:30:00,1.35356,1.35405,1.35344,1.35367,0.0
2026-09-04 01:35:00,1.35371,1.35371,1.35309,1.3531,0.0
2026-09-04 01:40:00,1.35314,1.35335,1.35303,1.35305,0.0
2026-09-04 01:45:00,1.35306,1.35329,1.35296,1.35298,0.0
2026-09-04 01:50:00,1.35301,1.35301,1.35276,1.35279,0.0
2026-09-04 01:55:00,1.35279,1.35328,1.35279,1.35321,0.0
2026-09-04 02:00:00,1.35312,1.35346,1.35307,1.35344,0.0
2026-09-04 02:05:00,1.35338,1.35351,1.3533,1.3534,0.0
2026-09-04 02:10:00,1.35333,1.35401,1.35329,1.35397,0.0
2026-09-04 02:15:00,1.35391,1.35424,1.35391,1.35415,0.0
2026-09-04 02:20:00,1.35416,1.3543,1.3541,1.35423,0.0
2026-09-04 02:25:00,1.35415,1.35444,1.3541,1.35443,0.0
2026-09-04 02:30:00,1.35437,1.35476,1.35426,1.35447,0.0
2026-09-04 02:35:00,1.3545,1.3545,1.35426,1.35443,0.0
2026-09-04 02:40:00,1.35438,1.35446,1.35432,1.35433,0.0
2026-09-04 02:45:00,1.35432,1.35466,1.35432,1.35465,0.0
2026-09-04 02:50:00,1.35463,1.35479,1.35456,1.35478,0.0
2026-09-04 02:55:00,1.35475,1.35475,1.35452,1.35463,0.0
2026-09-04 03:00:00,1.35465,1.35465,1.35422,1.35425,0.0
2026-09-04 03:05:00,1.35428,1.35438,1.35419,1.35437,0.0
2026-09-04 03:10:00,1.35434,1.35434,1.35411,1.3543,0.0
2026-09-04 03:15:00,1.35426,1.35446,1.35426,1.35437,0.0
2026-09-04 03:20:00,1.35437,1.35464,1.35428,1.3546,0.0
2026-09-04 03:25:00,1.35458,1.35462,1.35439,1.35453,0.0
2026-09-04 03:30:00,1.35447,1.3547,1.35447,1.35461,0.0
2026-09-04 03:35:00,1.35458,1.35463,1.35443,1.35446,0.0
2026-09-04 03:40:00,1.35446,1.35453,1.35433,1.35443,0.0
2026-09-04 03:45:00,1.3544,1.35442,1.35435,1.3544,0.0
2026-09-04 03:50:00,1.35438,1.35444,1.35411,1.35428,0.0
2026-09-04 03:55:00,1.35422,1.35432,1.35402,1.35404,0.0
2026-09-04 04:00:00,1.35406,1.35414,1.35393,1.35411,0.0
2026-09-04 04:05:00,1.35408,1.35416,1.35395,1.35413,0.0
2026-09-04 04:10:00,1.35403,1.35439,1.35403,1.35429,0.0
2026-09-04 04:15:00,1.35431,1.35441,1.35423,1.35426,0.0
2026-09-04 04:20:00,1.35429,1.35429,1.35404,1.35406,0.0
2026-09-04 04:25:00,1.35408,1.35431,1.35403,1.35427,0.0
2026-09-04 04:30:00,1.35426,1.35426,1.35391,1.35398,0.0
2026-09-04 04:35:00,1.35396,1.35397,1.35386,1.3539,0.0
2026-09-04 04:40:00,1.35389,1.35397,1.35384,1.35392,0.0
2026-09-04 04:45:00,1.3539,1.35396,1.35384,1.35389,0.0
2026-09-04 04:50:00,1.35388,1.35405,1.3538,1.35403,0.0
2026-09-04 04:55:00,1.354,1.35402,1.35386,1.35386,0.0
2026-09-04 05:00:00,1.35387,1.35395,1.35385,1.35392,0.0
2026-09-04 05:05:00,1.35389,1.35394,1.3538,1.35385,0.0
2026-09-04 05:10:00,1.35387,1.35388,1.35351,1.35357,0.0
2026-09-04 05:15:00,1.35365,1.35368,1.35289,1.3529,0.0
2026-09-04 05:20:00,1.35292,1.35296,1.35255,1.35257,0.0
2026-09-04 05:25:00,1.35258,1.35258,1.35243,1.35245,0.0
2026-09-04 05:30:00,1.35244,1.35252,1.35236,1.35242,0.0
2026-09-04 05:35:00,1.35242,1.35252,1.35223,1.35248,0.0
2026-09-04 05:40:00,1.35246,1.35266,1.35246,1.35263,0.0
2026-09-04 05:45:00,1.3526,1.35284,1.3526,1.35283,0.0
2026-09-04 05:50:00,1.35279,1.35284,1.35272,1.35282,0.0
2026-09-04 05:55:00,1.35278,1.3529,1.35259,1.35278,0.0
2026-09-04 06:00:00,1.35276,1.35285,1.35247,1.35284,0.0
2026-09-04 06:05:00,1.35279,1.35294,1.35279,1.3529,0.0
2026-09-04 06:10:00,1.35288,1.35293,1.35281,1.35283,0.0
2026-09-04 06:15:00,1.35285,1.35285,1.35254,1.35256,0.0
2026-09-04 06:20:00,1.35255,1.35272,1.35255,1.3527,0.0
2026-09-04 06:25:00,1.35267,1.35267,1.35255,1.35264,0.0
2026-09-04 06:30:00,1.35258,1.35267,1.35256,1.35256,0.0
2026-09-04 06:35:00,1.35258,1.35273,1.35256,1.35269,0.0
2026-09-04 06:40:00,1.35268,1.35272,1.35263,1.35267,0.0
2026-09-04 06:45:00,1.35263,1.35274,1.35263,1.35273,0.0
2026-09-04 06:50:00,1.35269,1.35274,1.35267,1.35271,0.0
2026-09-04 06:55:00,1.35269,1.35273,1.35241,1.35243,0.0
2026-09-04 07:00:00,1.35245,1.35273,1.35241,1.35272,0.0
2026-09-04 07:05:00,1.35268,1.35285,1.35249,1.35283,0.0
2026-09-04 07:10:00,1.35278,1.35298,1.35278,1.35296,0.0
2026-09-04 07:15:00,1.35292,1.35292,1.3528,1.35281,0.0
2026-09-04 07:20:00,1.35281,1.35296,1.35281,1.35295,0.0
2026-09-04 07:25:00,1.35292,1.35294,1.35276,1.35291,0.0
2026-09-04 07:30:00,1.35287,1.35292,1.35274,1.3529,0.0
2026-09-04 07:35:00,1.35288,1.35296,1.35276,1.35285,0.0
2026-09-04 07:40:00,1.35283,1.35288,1.35276,1.35286,0.0
2026-09-04 07:45:00,1.35284,1.3529,1.35276,1.3528,0.0
2026-09-04 07:50:00,1.3528,1.3528,1.35267,1.35272,0.0
2026-09-04 07:55:00,1.35273,1.3528,1.35265,1.35268,0.0
2026-09-04 08:00:00,1.35273,1.35273,1.35236,1.35252,0.0
2026-09-04 08:05:00,1.35249,1.35254,1.35237,1.35238,0.0
2026-09-04 08:10:00,1.35239,1.35252,1.35237,1.35245,0.0
2026-09-04 08:15:00,1.35246,1.35255,1.35244,1.35251,0.0
2026-09-04 08:20:00,1.35249,1.35249,1.35236,1.35241,0.0
2026-09-04 08:25:00,1.35238,1.35243,1.35236,1.3524,0.0
2026-09-04 08:30:00,1.35239,1.35252,1.35234,1.3525,0.0
2026-09-04 08:35:00,1.35247,1.35252,1.35235,1.35245,0.0
2026-09-04 08:40:00,1.35242,1.35252,1.35241,1.35245,0.0
2026-09-04 08:45:00,1.35242,1.35248,1.35237,1.35238,0.0
2026-09-04 08:50:00,1.35239,1.35245,1.35236,1.35236,0.0
2026-09-04 08:55:00,1.35238,1.35245,1.35237,1.35241,0.0
2026-09-04 09:00:00,1.35238,1.35252,1.35228,1.35251,0.0
2026-09-04 09:05:00,1.35248,1.35265,1.35245,1.35263,0.0
2026-09-04 09:10:00,1.35259,1.35262,1.35248,1.35248,0.0
2026-09-04 09:15:00,1.3525,1.35261,1.35248,1.35258,0.0
2026-09-04 09:20:00,1.35255,1.35274,1.35255,1.35274,0.0
2026-09-04 09:25:00,1.35271,1.35276,1.35267,1.35267,0.0
2026-09-04 09:30:00,1.35269,1.35296,1.35261,1.35265,0.0
2026-09-04 09:35:00,1.35268,1.35276,1.35264,1.35271,0.0
2026-09-04 09:40:00,1.35269,1.3528,1.35262,1.35266,0.0
2026-09-04 09:45:00,1.35266,1.35284,1.35262,1.35281,0.0
2026-09-04 09:50:00,1.35275,1.35292,1.35275,1.35277,0.0
2026-09-04 09:55:00,1.3528,1.35295,1.3528,1.35289,0.0
2026-09-04 10:00:00,1.35286,1.35298,1.35283,1.35298,0.0
2026-09-04 10:05:00,1.35295,1.35314,1.35281,1.35283,0.0
2026-09-04 10:10:00,1.35286,1.35288,1.35272,1.35273,0.0
2026-09-04 10:15:00,1.35276,1.35285,1.35267,1.35275,0.0
2026-09-04 10:20:00,1.35273,1.35281,1.35263,1.3528,0.0
2026-09-04 10:25:00,1.35276,1.35276,1.35259,1.3526,0.0
2026-09-04 10:30:00,1.35263,1.35278,1.35256,1.35276,0.0
2026-09-04 10:35:00,1.35274,1.35275,1.35256,1.35258,0.0
2026-09-04 10:40:00,1.35259,1.35287,1.35257,1.35285,0.0
2026-09-04 10:45:00,1.35279,1.35313,1.35278,1.35311,0.0
2026-09-04 10:50:00,1.35307,1.35335,1.35302,1.35332,0.0
2026-09-04 10:55:00,1.35327,1.35351,1.35309,1.35333,0.0
2026-09-04 11:00:00,1.35334,1.35334,1.35302,1.35318,0.0
2026-09-04 11:05:00,1.35316,1.35317,1.35296,1.35313,0.0
2026-09-04 11:10:00,1.35308,1.3532,1.35299,1.35302,0.0
2026-09-04 11:15:00,1.35306,1.35316,1.3529,1.35315,0.0
2026-09-04 11:20:00,1.3531,1.35347,1.3531,1.35346,0.0
2026-09-04 11:25:00,1.35342,1.35342,1.35316,1.35325,0.0
2026-09-04 11:30:00,1.35321,1.35332,1.35319,1.35321,0.0
2026-09-04 11:35:00,1.35325,1.35342,1.35314,1.35327,0.0
2026-09-04 11:40:00,1.35329,1.3534,1.35323,1.35325,0.0
2026-09-04 11:45:00,1.35327,1.35336,1.35325,1.35329,0.0
2026-09-04 11:50:00,1.3533,1.35334,1.35322,1.35331,0.0
2026-09-04 11:55:00,1.3533,1.35344,1.35327,1.35343,0.0
2026-09-04 12:00:00,1.35337,1.35377,1.35337,1.35374,0.0
2026-09-04 12:05:00,1.35368,1.35378,1.35345,1.35347,0.0
2026-09-04 12:10:00,1.35352,1.35356,1.35338,1.35339,0.0
2026-09-04 12:15:00,1.35341,1.3535,1.35325,1.35328,0.0
2026-09-04 12:20:00,1.35331,1.35332,1.35309,1.3531,0.0
2026-09-04 12:25:00,1.3531,1.35312,1.35296,1.35307,0.0
2026-09-04 12:30:00,1.35302,1.35323,1.35302,1.3532,0.0
2026-09-04 12:35:00,1.35319,1.35324,1.35302,1.35322,0.0
2026-09-04 12:40:00,1.35319,1.35331,1.35318,1.3533,0.0
2026-09-04 12:45:00,1.35328,1.35328,1.35314,1.35322,0.0
2026-09-04 12:50:00,1.3532,1.35335,1.35314,1.35333,0.0
2026-09-04 12:55:00,1.3533,1.35342,1.35314,1.35316,0.0
2026-09-04 13:00:00,1.35317,1.35333,1.35313,1.35331,0.0
2026-09-04 13:05:00,1.35328,1.35329,1.35316,1.35319,0.0
2026-09-04 13:10:00,1.35321,1.35335,1.3532,1.35329,0.0
2026-09-04 13:15:00,1.35327,1.35347,1.35327,1.35346,0.0
2026-09-04 13:20:00,1.35343,1.35347,1.35336,1.35346,0.0
2026-09-04 13:25:00,1.35344,1.35344,1.3532,1.35321,0.0
2026-09-04 13:30:00,1.35323,1.35323,1.353,1.35304,0.0
2026-09-04 13:35:00,1.35302,1.3531,1.3528,1.35286,0.0
2026-09-04 13:40:00,1.35295,1.35295,1.35274,1.35278,0.0
2026-09-04 13:45:00,1.35279,1.35287,1.3527,1.35271,0.0
2026-09-04 13:50:00,1.35276,1.35302,1.35271,1.35292,0.0
2026-09-04 13:55:00,1.35293,1.35306,1.35293,1.35305,0.0
2026-09-04 14:00:00,1.35303,1.35328,1.35286,1.35325,0.0
2026-09-04 14:05:00,1.3532,1.35328,1.35307,1.35308,0.0
2026-09-04 14:10:00,1.3531,1.35321,1.35307,1.35317,0.0
2026-09-04 14:15:00,1.35315,1.35318,1.35305,1.35311,0.0
2026-09-04 14:20:00,1.35308,1.35318,1.35307,1.35307,0.0
2026-09-04 14:25:00,1.35309,1.35314,1.353,1.35311,0.0
2026-09-04 14:30:00,1.35306,1.35328,1.35301,1.35313,0.0
2026-09-04 14:35:00,1.35319,1.35325,1.35307,1.35324,0.0
2026-09-04 14:40:00,1.3532,1.35334,1.35317,1.35318,0.0
2026-09-04 14:45:00,1.35319,1.35322,1.35303,1.35305,0.0
2026-09-04 14:50:00,1.35309,1.35325,1.35309,1.35321,0.0
2026-09-04 14:55:00,1.35319,1.35328,1.35316,1.35322,0.0
2026-09-04 15:00:00,1.35319,1.35324,1.35312,1.35314,0.0
2026-09-04 15:05:00,1.35314,1.3532,1.35302,1.35319,0.0
2026-09-04 15:10:00,1.35316,1.35318,1.35306,1.35316,0.0
2026-09-04 15:15:00,1.35309,1.35333,1.35309,1.35324,0.0
2026-09-04 15:20:00,1.35324,1.35334,1.35324,1.35324,0.0
2026-09-04 15:25:00,1.35324,1.35325,1.35314,1.35317,0.0
2026-09-04 15:30:00,1.35319,1.35342,1.35319,1.35339,0.0
2026-09-04 15:35:00,1.35336,1.35348,1.35336,1.35346,0.0
2026-09-04 15:40:00,1.35338,1.35351,1.35338,1.35339,0.0
2026-09-04 15:45:00,1.35339,1.35345,1.35327,1.3534,0.0
2026-09-04 15:50:00,1.35332,1.35348,1.35328,1.35344,0.0
2026-09-04 15:55:00,1.35341,1.35361,1.35341,1.3536,0.0
2026-09-04 16:00:00,1.35355,1.3538,1.35355,1.35378,0.0
2026-09-04 16:05:00,1.35375,1.35405,1.35365,1.35402,0.0
2026-09-04 16:10:00,1.35397,1.3543,1.35388,1.35425,0.0
2026-09-04 16:15:00,1.35408,1.35441,1.35408,1.35412,0.0
2026-09-04 16:20:00,1.35414,1.35445,1.35406,1.35432,0.0
2026-09-04 16:25:00,1.35433,1.35434,1.35422,1.35423,0.0
2026-09-04 16:30:00,1.35426,1.35443,1.35406,1.35442,0.0
2026-09-04 16:35:00,1.35435,1.35444,1.35421,1.35435,0.0
2026-09-04 16:40:00,1.35435,1.35452,1.35407,1.35449,0.0
2026-09-04 16:45:00,1.35445,1.35463,1.35422,1.35446,0.0
2026-09-04 16:50:00,1.35442,1.35442,1.35422,1.35435,0.0
2026-09-04 16:55:00,1.35433,1.35435,1.35421,1.35423,0.0
2026-09-04 17:00:00,1.35421,1.3546,1.35419,1.3543,0.0
2026-09-04 17:05:00,1.35443,1.35461,1.35443,1.35457,0.0
2026-09-04 17:10:00,1.35456,1.35461,1.35423,1.35426,0.0
2026-09-04 17:15:00,1.35429,1.35433,1.35415,1.35432,0.0
2026-09-04 17:20:00,1.35429,1.35442,1.35422,1.3544,0.0
2026-09-04 17:25:00,1.35436,1.35462,1.35429,1.35459,0.0
2026-09-04 17:30:00,1.35454,1.35498,1.35454,1.35494,0.0
2026-09-04 17:35:00,1.35486,1.35486,1.35437,1.35439,0.0
2026-09-04 17:40:00,1.35443,1.35473,1.35413,1.35466,0.0
2026-09-04 17:45:00,1.35457,1.35474,1.35451,1.35454,0.0
2026-09-04 17:50:00,1.35459,1.35459,1.35386,1.35389,0.0
2026-09-04 17:55:00,1.35391,1.35391,1.35336,1.35338,0.0
2026-09-04 18:00:00,1.3534,1.35372,1.35333,1.35365,0.0
2026-09-04 18:05:00,1.35355,1.35378,1.35345,1.35349,0.0
2026-09-04 18:10:00,1.35355,1.35373,1.35342,1.3537,0.0
2026-09-04 18:15:00,1.35364,1.35368,1.3534,1.35362,0.0
2026-09-04 18:20:00,1.35352,1.35382,1.35352,1.35366,0.0
2026-09-04 18:25:00,1.35368,1.35425,1.35365,1.35421,0.0
2026-09-04 18:30:00,1.35412,1.35432,1.35327,1.35333,0.0
2026-09-04 18:35:00,1.35343,1.35343,1.35309,1.35317,0.0
2026-09-04 18:40:00,1.35318,1.35334,1.35314,1.35322,0.0
2026-09-04 18:45:00,1.35323,1.35347,1.35322,1.35332,0.0
2026-09-04 18:50:00,1.35338,1.3536,1.35324,1.35355,0.0
2026-09-04 18:55:00,1.35347,1.35359,1.35318,1.35331,0.0
2026-09-04 19:00:00,1.35336,1.35336,1.35305,1.35323,0.0
2026-09-04 19:05:00,1.35319,1.35323,1.35296,1.35297,0.0
2026-09-04 19:10:00,1.35297,1.35306,1.35278,1.35289,0.0
2026-09-04 19:15:00,1.35286,1.35303,1.35281,1.35289,0.0
2026-09-04 19:20:00,1.35293,1.35302,1.35278,1.35291,0.0
2026-09-04 19:25:00,1.35288,1.35304,1.35258,1.35261,0.0
2026-09-04 19:30:00,1.35259,1.35272,1.35236,1.35239,0.0
2026-09-04 19:35:00,1.35242,1.35276,1.35235,1.35273,0.0
2026-09-04 19:40:00,1.35267,1.35273,1.35247,1.35251,0.0
2026-09-04 19:45:00,1.35255,1.35265,1.35229,1.35263,0.0
2026-09-04 19:50:00,1.35257,1.35271,1.35227,1.35246,0.0
2026-09-04 19:55:00,1.35242,1.35288,1.35221,1.35226,0.0
2026-09-04 20:00:00,1.35234,1.3525,1.35228,1.35247,0.0
2026-09-04 20:05:00,1.35243,1.35249,1.3523,1.35246,0.0
2026-09-04 20:10:00,1.35243,1.35258,1.35239,1.35243,0.0
2026-09-04 20:15:00,1.35239,1.35278,1.35235,1.35276,0.0
2026-09-04 20:20:00,1.35273,1.35278,1.35252,1.3526,0.0
2026-09-04 20:25:00,1.35261,1.35283,1.35241,1.35262,0.0
2026-09-04 20:30:00,1.35254,1.35289,1.35254,1.35289,0.0
2026-09-04 20:35:00,1.35284,1.35292,1.3526,1.35263,0.0
2026-09-04 20:40:00,1.3527,1.35315,1.3527,1.35311,0.0
2026-09-04 20:45:00,1.35305,1.35348,1.35305,1.35345,0.0
2026-09-04 20:50:00,1.35343,1.35347,1.35331,1.35333,0.0
2026-09-04 20:55:00,1.35334,1.35343,1.35316,1.35328,0.0
2026-09-04 21:00:00,1.35325,1.35336,1.3532,1.35326,0.0
2026-09-04 21:05:00,1.35328,1.3534,1.35322,1.35335,0.0
2026-09-04 21:10:00,1.35331,1.35364,1.35331,1.35363,0.0
2026-09-04 21:15:00,1.35358,1.35373,1.35342,1.3537,0.0
2026-09-04 21:20:00,1.35366,1.35389,1.35366,1.35375,0.0
2026-09-04 21:25:00,1.35375,1.35377,1.35351,1.35371,0.0
2026-09-04 21:30:00,1.35369,1.35369,1.35349,1.35353,0.0
2026-09-04 21:35:00,1.35351,1.35359,1.35345,1.35347,0.0
2026-09-04 21:40:00,1.35348,1.35351,1.35323,1.35325,0.0
2026-09-04 21:45:00,1.35329,1.35376,1.35329,1.35351,0.0
2026-09-04 21:50:00,1.35348,1.35366,1.35334,1.35338,0.0
2026-09-04 21:55:00,1.35343,1.35358,1.35343,1.35357,0.0
2026-09-04 22:00:00,1.35352,1.35364,1.35329,1.35363,0.0
2026-09-04 22:05:00,1.35361,1.35366,1.353,1.35318,0.0
2026-09-04 22:10:00,1.35313,1.35322,1.35272,1.35276,0.0
2026-09-04 22:15:00,1.35281,1.3533,1.35281,1.353,0.0
2026-09-04 22:20:00,1.35303,1.35306,1.35296,1.35296,0.0
2026-09-04 22:25:00,1.35298,1.35316,1.35298,1.35313,0.0
2026-09-04 22:30:00,1.35302,1.35323,1.34864,1.34978,0.0
2026-09-04 22:35:00,1.34956,1.35013,1.3495,1.35005,0.0
2026-09-04 22:40:00,1.34993,1.35049,1.34947,1.3497,0.0
2026-09-04 22:45:00,1.34967,1.3498,1.34884,1.34948,0.0
2026-09-04 22:50:00,1.34888,1.35044,1.34888,1.34998,0.0
2026-09-04 22:55:00,1.35004,1.35032,1.34986,1.35025,0.0
2026-09-04 23:00:00,1.35014,1.35033,1.34989,1.34993,0.0
2026-09-04 23:05:00,1.34999,1.35007,1.34974,1.34977,0.0
2026-09-04 23:10:00,1.34981,1.35006,1.34948,1.35004,0.0
2026-09-04 23:15:00,1.34999,1.35071,1.34984,1.35064,0.0
2026-09-04 23:20:00,1.35054,1.35101,1.35054,1.35074,0.0
2026-09-04 23:25:00,1.35079,1.35153,1.35079,1.35126,0.0
2026-09-04 23:30:00,1.35127,1.35172,1.35121,1.35125,0.0
2026-09-04 23:35:00,1.3513,1.35152,1.35105,1.35118,0.0
2026-09-04 23:40:00,1.35114,1.35123,1.35091,1.35121,0.0
2026-09-04 23:45:00,1.35119,1.35252,1.35111,1.35243,0.0
2026-09-04 23:50:00,1.35238,1.3526,1.35123,1.35128,0.0
2026-09-04 23:55:00,1.35137,1.35137,1.35052,1.35056,0.0
2026-09-05 00:00:00,1.35061,1.35099,1.35038,1.35087,0.0
2026-09-05 00:05:00,1.35087,1.35139,1.35086,1.35136,0.0
2026-09-05 00:10:00,1.3513,1.35136,1.35071,1.35099,0.0
2026-09-05 00:15:00,1.35086,1.35138,1.35084,1.35128,0.0
2026-09-05 00:20:00,1.35116,1.35142,1.35116,1.35124,0.0
2026-09-05 00:25:00,1.35131,1.35144,1.35113,1.35142,0.0
2026-09-05 00:30:00,1.3514,1.35177,1.35114,1.35172,0.0
2026-09-05 00:35:00,1.35164,1.35184,1.35138,1.35175,0.0
2026-09-05 00:40:00,1.35162,1.35215,1.35162,1.35202,0.0
2026-09-05 00:45:00,1.35202,1.35238,1.35194,1.35219,0.0
2026-09-05 00:50:00,1.35205,1.35232,1.35142,1.35153,0.0
2026-09-05 00:55:00,1.35154,1.35183,1.3514,1.35141,0.0
2026-09-05 01:00:00,1.35145,1.35153,1.35106,1.35109,0.0
2026-09-05 01:05:00,1.35112,1.35175,1.35112,1.35157,0.0
2026-09-05 01:10:00,1.35165,1.35192,1.35131,1.3519,0.0
2026-09-05 01:15:00,1.35185,1.35226,1.35177,1.35217,0.0
2026-09-05 01:20:00,1.35205,1.35241,1.35205,1.35214,0.0
2026-09-05 01:25:00,1.35221,1.35231,1.35205,1.35229,0.0
2026-09-05 01:30:00,1.35224,1.35228,1.35203,1.35205,0.0
2026-09-05 01:35:00,1.35209,1.35235,1.35209,1.3523,0.0
2026-09-05 01:40:00,1.35224,1.35256,1.35218,1.35227,0.0
2026-09-05 01:45:00,1.35233,1.35246,1.35219,1.35244,0.0
2026-09-05 01:50:00,1.35234,1.35255,1.35214,1.35218,0.0
2026-09-05 01:55:00,1.35223,1.35223,1.35201,1.3522,0.0
2026-09-05 02:00:00,1.35217,1.35231,1.35207,1.35229,0.0
2026-09-05 02:05:00,1.35225,1.35238,1.35219,1.35221,0.0
2026-09-05 02:10:00,1.35221,1.35237,1.35192,1.35228,0.0
2026-09-05 02:15:00,1.35213,1.35243,1.35213,1.35229,0.0
2026-09-05 02:20:00,1.35235,1.35235,1.352,1.35205,0.0
2026-09-05 02:25:00,1.35212,1.35212,1.35186,1.35199,0.0
2026-09-05 02:30:00,1.35197,1.35225,1.35184,1.3522,0.0
2026-09-05 02:35:00,1.35211,1.35227,1.35206,1.35207,0.0
2026-09-05 02:40:00,1.35209,1.35216,1.35184,1.35186,0.0
2026-09-05 02:45:00,1.35187,1.35212,1.35187,1.3521,0.0
2026-09-05 02:50:00,1.35204,1.35217,1.35204,1.35211,0.0
2026-09-05 02:55:00,1.35211,1.35214,1.35195,1.35195,0.0
2026-09-05 03:00:00,1.35196,1.35196,1.35133,1.35138,0.0
2026-09-05 03:05:00,1.35145,1.35157,1.35131,1.35156,0.0
2026-09-05 03:10:00,1.35151,1.35163,1.35142,1.35144,0.0
2026-09-05 03:15:00,1.35151,1.35171,1.35151,1.35169,0.0
2026-09-05 03:20:00,1.35169,1.35175,1.35155,1.35159,0.0
2026-09-05 03:25:00,1.35163,1.35167,1.35146,1.35148,0.0
2026-09-05 03:30:00,1.35149,1.35164,1.35146,1.35157,0.0
2026-09-05 03:35:00,1.35157,1.35164,1.35141,1.35162,0.0
2026-09-05 03:40:00,1.35159,1.35161,1.35136,1.35142,0.0
2026-09-05 03:45:00,1.3514,1.3514,1.35122,1.35124,0.0
2026-09-05 03:50:00,1.35126,1.35141,1.35117,1.35122,0.0
2026-09-05 03:55:00,1.35129,1.35144,1.35129,1.35143,0.0
2026-09-05 04:00:00,1.3514,1.3515,1.35128,1.35141,0.0
2026-09-05 04:05:00,1.35138,1.35147,1.35128,1.35129,0.0
2026-09-05 04:10:00,1.3513,1.35144,1.35125,1.35136,0.0
2026-09-05 04:15:00,1.35137,1.35141,1.35126,1.35128,0.0
2026-09-05 04:20:00,1.35128,1.35141,1.35115,1.3514,0.0
2026-09-05 04:25:00,1.35135,1.35142,1.35124,1.35132,0.0
2026-09-05 04:30:00,1.35134,1.35137,1.35126,1.35127,0.0
2026-09-05 04:35:00,1.35129,1.35134,1.35119,1.3512,0.0
2026-09-05 04:40:00,1.35121,1.35133,1.35117,1.35129,0.0
2026-09-05 04:45:00,1.35125,1.3513,1.35116,1.35123,0.0
2026-09-05 04:50:00,1.3512,1.35125,1.35119,1.35124,0.0
2026-09-05 04:55:00,1.35121,1.35137,1.35116,1.35135,0.0
2026-09-05 05:00:00,1.3513,1.35154,1.3513,1.35152,0.0
2026-09-05 05:05:00,1.35148,1.35163,1.35148,1.35163,0.0
2026-09-05 05:10:00,1.35161,1.35164,1.35157,1.35157,0.0
2026-09-05 05:15:00,1.35158,1.35173,1.35153,1.3517,0.0
2026-09-05 05:20:00,1.35169,1.35185,1.35167,1.35182,0.0
2026-09-05 05:25:00,1.35179,1.35188,1.35177,1.35188,0.0
2026-09-05 05:30:00,1.35186,1.35207,1.35184,1.35202,0.0
2026-09-05 05:35:00,1.35195,1.35206,1.35194,1.35201,0.0
2026-09-05 05:40:00,1.35199,1.35211,1.35193,1.3521,0.0
2026-09-05 05:45:00,1.35204,1.35226,1.35199,1.35206,0.0
2026-09-05 05:50:00,1.35205,1.35211,1.35199,1.352,0.0
2026-09-05 05:55:00,1.35201,1.35209,1.35184,1.35191,0.0
2026-09-05 06:00:00,1.35189,1.35206,1.35181,1.35204,0.0
2026-09-05 06:05:00,1.35198,1.35198,1.35155,1.35158,0.0
2026-09-05 06:10:00,1.3516,1.35164,1.35151,1.35152,0.0
2026-09-05 06:15:00,1.35155,1.35166,1.35155,1.3516,0.0
2026-09-05 06:20:00,1.35159,1.35172,1.35153,1.3517,0.0
2026-09-05 06:25:00,1.35168,1.35175,1.35162,1.35172,0.0
2026-09-05 06:30:00,1.35165,1.35174,1.35155,1.35156,0.0
2026-09-05 06:35:00,1.35158,1.3516,1.35152,1.35158,0.0
2026-09-05 06:40:00,1.35155,1.35161,1.35152,1.35159,0.0
2026-09-05 06:45:00,1.35156,1.3516,1.3515,1.35153,0.0
2026-09-05 06:50:00,1.35151,1.35157,1.35141,1.35141,0.0
2026-09-05 06:55:00,1.35144,1.35183,1.35144,1.35181,0.0
2026-09-05 07:00:00,1.35177,1.3521,1.35157,1.35181,0.0
2026-09-05 07:05:00,1.35175,1.35185,1.35152,1.35164,0.0
2026-09-05 07:10:00,1.3517,1.35186,1.35164,1.35173,0.0
2026-09-05 07:15:00,1.35172,1.35181,1.35161,1.35163,0.0
2026-09-05 07:20:00,1.35164,1.35184,1.35164,1.3518,0.0
2026-09-05 07:25:00,1.35177,1.35185,1.3516,1.35163,0.0
2026-09-05 07:30:00,1.35168,1.35183,1.35155,1.35168,0.0
2026-09-05 07:35:00,1.35169,1.35172,1.35158,1.35168,0.0
2026-09-05 07:40:00,1.35166,1.35169,1.35148,1.35163,0.0
2026-09-05 07:45:00,1.35153,1.35174,1.35139,1.35144,0.0
2026-09-05 07:50:00,1.35154,1.35173,1.35154,1.35158,0.0
2026-09-05 07:55:00,1.3516,1.35174,1.35158,1.35168,0.0
2026-09-05 08:00:00,1.35166,1.35206,1.35149,1.35171,0.0
2026-09-05 08:05:00,1.35167,1.35175,1.35166,1.35172,0.0
2026-09-05 08:10:00,1.35169,1.35175,1.35166,1.35168,0.0
2026-09-05 08:15:00,1.35168,1.35175,1.35163,1.35171,0.0
2026-09-05 08:20:00,1.35169,1.35172,1.35166,1.35171,0.0
2026-09-05 08:25:00,1.35168,1.35176,1.35164,1.3517,0.0
2026-09-05 08:30:00,1.35167,1.35173,1.35164,1.35168,0.0
2026-09-05 08:35:00,1.35169,1.35175,1.35165,1.35171,0.0
2026-09-05 08:40:00,1.35169,1.35178,1.35166,1.35171,0.0
2026-09-05 08:45:00,1.35168,1.35175,1.35167,1.35168,0.0
2026-09-05 08:50:00,1.35169,1.35173,1.35168,1.35168,0.0
2026-09-05 08:55:00,1.35169,1.35173,1.35161,1.3517,0.0
2026-09-05 09:00:00,1.35167,1.35214,1.35142,1.35168,0.0
2026-09-05 09:05:00,1.35165,1.35171,1.35163,1.3517,0.0
2026-09-05 09:10:00,1.35167,1.35171,1.35164,1.35165,0.0
2026-09-05 09:15:00,1.35166,1.35173,1.35163,1.3517,0.0
2026-09-05 09:20:00,1.35167,1.35173,1.35164,1.35169,0.0
2026-09-05 09:25:00,1.35166,1.35176,1.35163,1.3517,0.0
2026-09-05 09:30:00,1.35167,1.35171,1.35164,1.35165,0.0
2026-09-05 09:35:00,1.35166,1.35173,1.35162,1.3517,0.0
2026-09-05 09:40:00,1.35168,1.35178,1.35157,1.35169,0.0
2026-09-05 09:45:00,1.35166,1.3517,1.35163,1.35169,0.0
2026-09-05 09:50:00,1.35167,1.3517,1.35163,1.35163,0.0
2026-09-05 09:55:00,1.35165,1.35178,1.35159,1.3517,0.0
2026-09-05 10:00:00,1.35168,1.35173,1.35148,1.35172,0.0
2026-09-05 10:05:00,1.35167,1.35175,1.35167,1.35168,0.0
2026-09-05 10:10:00,1.35169,1.35184,1.35166,1.35174,0.0
2026-09-05 10:15:00,1.35176,1.3518,1.35171,1.35177,0.0
2026-09-05 10:20:00,1.35174,1.35181,1.35171,1.35174,0.0
2026-09-05 10:25:00,1.35174,1.35185,1.35168,1.35177,0.0
2026-09-05 10:30:00,1.35177,1.35179,1.35173,1.35173,0.0
2026-09-05 10:35:00,1.35174,1.3518,1.35171,1.35177,0.0
2026-09-05 10:40:00,1.35174,1.35181,1.35171,1.35176,0.0
2026-09-05 10:45:00,1.35174,1.35179,1.35172,1.35173,0.0
2026-09-05 10:50:00,1.35174,1.35177,1.3517,1.35173,0.0
2026-09-05 10:55:00,1.35174,1.35181,1.35172,1.35178,0.0
2026-09-05 11:00:00,1.35176,1.35182,1.35172,1.35174,0.0
2026-09-05 11:05:00,1.35174,1.3518,1.35173,1.35173,0.0
2026-09-05 11:10:00,1.35174,1.35179,1.35173,1.35173,0.0
2026-09-05 11:15:00,1.35174,1.35181,1.3517,1.35178,0.0
2026-09-05 11:20:00,1.35175,1.35181,1.35172,1.35174,0.0
2026-09-05 11:25:00,1.35174,1.3518,1.35173,1.35174,0.0
2026-09-05 11:30:00,1.35175,1.3518,1.35173,1.35173,0.0
2026-09-05 11:35:00,1.35173,1.35179,1.35171,1.35177,0.0
2026-09-05 11:40:00,1.35174,1.35179,1.35165,1.35174,0.0
2026-09-05 11:45:00,1.35173,1.35179,1.35173,1.35173,0.0
2026-09-05 11:50:00,1.35174,1.35179,1.35172,1.35175,0.0
2026-09-05 11:55:00,1.35174,1.35181,1.35172,1.35178,0.0
2026-09-05 12:00:00,1.35176,1.35182,1.35173,1.35174,0.0
2026-09-05 12:05:00,1.35175,1.35179,1.35172,1.35177,0.0
2026-09-05 12:10:00,1.35175,1.35181,1.35173,1.35176,0.0
2026-09-05 12:15:00,1.35175,1.3518,1.35173,1.35178,0.0
2026-09-05 12:20:00,1.35174,1.35183,1.35172,1.35178,0.0
2026-09-05 12:25:00,1.35178,1.35182,1.35175,1.35175,0.0
2026-09-05 12:30:00,1.35176,1.35181,1.35173,1.35177,0.0
2026-09-05 12:35:00,1.35175,1.3518,1.35175,1.35179,0.0
2026-09-05 12:40:00,1.35176,1.35184,1.35174,1.35175,0.0
2026-09-05 12:45:00,1.35176,1.35182,1.35173,1.35175,0.0
2026-09-05 12:50:00,1.35176,1.35184,1.35175,1.3518,0.0
2026-09-05 12:55:00,1.35179,1.3518,1.35175,1.35179,0.0
2026-09-05 13:00:00,1.35176,1.35183,1.35173,1.35178,0.0
2026-09-05 13:05:00,1.35177,1.3518,1.35175,1.35175,0.0
2026-09-05 13:10:00,1.35176,1.35181,1.35173,1.35178,0.0
2026-09-05 13:15:00,1.35176,1.35181,1.35172,1.3518,0.0
2026-09-05 13:20:00,1.35178,1.35179,1.35166,1.35169,0.0
2026-09-05 13:25:00,1.35169,1.35176,1.35169,1.3517,0.0
2026-09-05 13:30:00,1.35171,1.35177,1.35168,1.35173,0.0
2026-09-05 13:35:00,1.35171,1.35175,1.3517,1.35174,0.0
2026-09-05 13:40:00,1.35171,1.35183,1.35166,1.35175,0.0
2026-09-05 13:45:00,1.35175,1.35176,1.35168,1.3517,0.0
2026-09-05 13:50:00,1.35171,1.35177,1.35168,1.35173,0.0
2026-09-05 13:55:00,1.35171,1.35176,1.3517,1.35174,0.0
2026-09-05 14:00:00,1.35171,1.35177,1.3517,1.35171,0.0
2026-09-05 14:05:00,1.35172,1.35176,1.3517,1.3517,0.0
2026-09-05 14:10:00,1.35171,1.35177,1.35168,1.35173,0.0
2026-09-05 14:15:00,1.35171,1.35176,1.3517,1.35173,0.0
2026-09-05 14:20:00,1.35171,1.35177,1.35169,1.35171,0.0
2026-09-05 14:25:00,1.35172,1.35175,1.3517,1.3517,0.0
2026-09-05 14:30:00,1.3517,1.35177,1.35169,1.35174,0.0
2026-09-05 14:35:00,1.35172,1.35177,1.35168,1.35173,0.0
2026-09-05 14:40:00,1.3517,1.35177,1.35169,1.35171,0.0
2026-09-05 14:45:00,1.35171,1.35175,1.35171,1.35171,0.0
2026-09-05 14:50:00,1.35171,1.35178,1.35169,1.35174,0.0
2026-09-05 14:55:00,1.35172,1.35177,1.35171,1.35173,0.0
2026-09-05 15:00:00,1.35171,1.35177,1.35168,1.35175,0.0
2026-09-05 15:05:00,1.35171,1.35175,1.3517,1.35171,0.0
2026-09-05 15:10:00,1.35171,1.35177,1.35168,1.35174,0.0
2026-09-05 15:15:00,1.35171,1.35177,1.3517,1.35173,0.0
2026-09-05 15:20:00,1.35171,1.35177,1.35169,1.35171,0.0
2026-09-05 15:25:00,1.35171,1.35175,1.3517,1.3517,0.0
2026-09-05 15:30:00,1.35171,1.35178,1.35169,1.35174,0.0
2026-09-05 15:35:00,1.35172,1.35176,1.3517,1.35173,0.0
2026-09-05 15:40:00,1.35171,1.35177,1.35169,1.3517,0.0
2026-09-05 15:45:00,1.35171,1.35176,1.3517,1.3517,0.0
2026-09-05 15:50:00,1.35171,1.35177,1.35169,1.35174,0.0
2026-09-05 15:55:00,1.35171,1.35177,1.3517,1.35173,0.0
2026-09-05 16:00:00,1.3517,1.35178,1.3517,1.35171,0.0
2026-09-05 16:05:00,1.35172,1.35177,1.35171,1.35172,0.0
2026-09-05 16:10:00,1.35171,1.35178,1.35169,1.35175,0.0
2026-09-05 16:15:00,1.35172,1.35178,1.35164,1.35173,0.0
2026-09-05 16:20:00,1.3517,1.35177,1.3517,1.35171,0.0
2026-09-05 16:25:00,1.35172,1.35176,1.3517,1.35172,0.0
2026-09-05 16:30:00,1.35171,1.35178,1.3517,1.35175,0.0
2026-09-05 16:35:00,1.35172,1.35178,1.3517,1.35174,0.0
2026-09-05 16:40:00,1.35171,1.35177,1.35161,1.35174,0.0
2026-09-05 16:45:00,1.3517,1.35177,1.3517,1.35172,0.0
2026-09-05 16:50:00,1.35172,1.35178,1.3517,1.35175,0.0
2026-09-05 16:55:00,1.35172,1.35178,1.3517,1.35174,0.0
2026-09-05 17:00:00,1.35171,1.35178,1.3517,1.35171,0.0
2026-09-05 17:05:00,1.35172,1.35177,1.35164,1.35172,0.0
2026-09-05 17:10:00,1.3517,1.35177,1.3517,1.35175,0.0
2026-09-05 17:15:00,1.35172,1.35178,1.3517,1.35172,0.0
2026-09-05 17:20:00,1.35171,1.35178,1.35171,1.35171,0.0
2026-09-05 17:25:00,1.35172,1.35178,1.3517,1.35172,0.0
2026-09-05 17:30:00,1.35171,1.35176,1.35162,1.35173,0.0
2026-09-05 17:35:00,1.35169,1.35178,1.35169,1.35174,0.0
2026-09-05 17:40:00,1.35172,1.35178,1.35171,1.35171,0.0
2026-09-05 17:45:00,1.35172,1.35178,1.3517,1.35172,0.0
2026-09-05 17:50:00,1.35171,1.35177,1.3517,1.35175,0.0
2026-09-05 17:55:00,1.35172,1.35178,1.35164,1.35173,0.0
2026-09-05 18:00:00,1.35169,1.35177,1.35169,1.35171,0.0
2026-09-05 18:05:00,1.35172,1.35177,1.3517,1.35172,0.0
2026-09-05 18:10:00,1.35171,1.35176,1.35169,1.35175,0.0
2026-09-05 18:15:00,1.35172,1.35178,1.35169,1.35172,0.0
2026-09-05 18:20:00,1.35171,1.35175,1.35161,1.35172,0.0
2026-09-05 18:25:00,1.35168,1.35177,1.35168,1.35172,0.0
2026-09-05 18:30:00,1.35171,1.35176,1.3517,1.35175,0.0
2026-09-05 18:35:00,1.35172,1.35177,1.35169,1.35172,0.0
2026-09-05 18:40:00,1.35171,1.3518,1.35169,1.35169,0.0
2026-09-05 18:45:00,1.35172,1.35184,1.35164,1.35175,0.0
2026-09-05 18:50:00,1.35173,1.35178,1.35172,1.35176,0.0
2026-09-05 18:55:00,1.35173,1.3518,1.35173,1.35178,0.0
2026-09-05 19:00:00,1.35176,1.35179,1.35172,1.35172,0.0
2026-09-05 19:05:00,1.35173,1.3518,1.35171,1.35175,0.0
2026-09-05 19:10:00,1.35174,1.35177,1.35166,1.35174,0.0
2026-09-05 19:15:00,1.3517,1.35179,1.3517,1.35177,0.0
2026-09-05 19:20:00,1.35174,1.35179,1.35172,1.35172,0.0
2026-09-05 19:25:00,1.35173,1.3518,1.3517,1.35175,0.0
2026-09-05 19:30:00,1.35173,1.35178,1.35172,1.35176,0.0
2026-09-05 19:35:00,1.35173,1.35179,1.35164,1.35176,0.0
2026-09-05 19:40:00,1.35173,1.35181,1.35171,1.35172,0.0
2026-09-05 19:45:00,1.35174,1.35182,1.35172,1.35178,0.0
2026-09-05 19:50:00,1.35176,1.3518,1.35173,1.35178,0.0
2026-09-05 19:55:00,1.35176,1.35181,1.35173,1.3518,0.0
2026-09-05 20:00:00,1.35177,1.35179,1.35164,1.35175,0.0
2026-09-05 20:05:00,1.3517,1.35183,1.3517,1.35179,0.0
2026-09-05 20:10:00,1.35177,1.35183,1.35173,1.35177,0.0
2026-09-05 20:15:00,1.35174,1.35182,1.35173,1.35181,0.0
2026-09-05 20:20:00,1.35178,1.3518,1.35173,1.35173,0.0
2026-09-05 20:25:00,1.35175,1.35188,1.35163,1.35176,0.0
2026-09-05 20:30:00,1.35173,1.3518,1.35172,1.35178,0.0
2026-09-05 20:35:00,1.35175,1.35182,1.35173,1.3518,0.0
2026-09-05 20:40:00,1.35176,1.3518,1.35173,1.35173,0.0
2026-09-05 20:45:00,1.35175,1.35184,1.35173,1.35179,0.0
2026-09-05 20:50:00,1.35177,1.35183,1.35168,1.35175,0.0
2026-09-05 20:55:00,1.3517,1.35187,1.3517,1.35181,0.0
2026-09-05 21:00:00,1.35181,1.35183,1.35176,1.35177,0.0
2026-09-05 21:05:00,1.35177,1.35186,1.35175,1.35182,0.0
2026-09-05 21:10:00,1.3518,1.35183,1.35177,1.35182,0.0
2026-09-05 21:15:00,1.35179,1.35188,1.35168,1.35169,0.0
2026-09-05 21:20:00,1.35171,1.35183,1.35171,1.35178,0.0
2026-09-05 21:25:00,1.35178,1.35187,1.35178,1.35183,0.0
2026-09-05 21:30:00,1.3518,1.35185,1.35179,1.35181,0.0
2026-09-05 21:35:00,1.35179,1.35185,1.35177,1.35179,0.0
2026-09-05 21:40:00,1.35179,1.35182,1.35161,1.35162,0.0
2026-09-05 21:45:00,1.35165,1.35171,1.35163,1.35168,0.0
2026-09-05 21:50:00,1.35165,1.35171,1.35164,1.35167,0.0
2026-09-05 21:55:00,1.35165,1.35171,1.35163,1.35164,0.0
2026-09-05 22:00:00,1.35165,1.3517,1.35164,1.35167,0.0
2026-09-05 22:05:00,1.35165,1.3517,1.3516,1.35165,0.0
2026-09-05 22:10:00,1.35162,1.35168,1.35161,1.35164,0.0
2026-09-05 22:15:00,1.35162,1.35168,1.3516,1.35161,0.0
2026-09-05 22:20:00,1.35162,1.35171,1.35159,1.35166,0.0
2026-09-05 22:25:00,1.35166,1.35172,1.35164,1.35169,0.0
2026-09-05 22:30:00,1.35166,1.35172,1.35161,1.35162,0.0
2026-09-05 22:35:00,1.35162,1.35168,1.3516,1.35161,0.0
2026-09-05 22:40:00,1.35162,1.35168,1.3516,1.35164,0.0
2026-09-05 22:45:00,1.35162,1.35168,1.3516,1.35165,0.0
2026-09-05 22:50:00,1.35162,1.35168,1.35161,1.35164,0.0
2026-09-05 22:55:00,1.35162,1.35167,1.35159,1.35159,0.0
2026-09-05 23:00:00,1.3516,1.35166,1.35158,1.35162,0.0
2026-09-05 23:05:00,1.3516,1.35166,1.35158,1.35163,0.0
2026-09-05 23:10:00,1.3516,1.35166,1.35159,1.35162,0.0
2026-09-05 23:15:00,1.3516,1.35166,1.35159,1.35159,0.0
2026-09-05 23:20:00,1.3516,1.35168,1.35158,1.3516,0.0
2026-09-05 23:25:00,1.3516,1.3517,1.3516,1.35168,0.0
2026-09-05 23:30:00,1.35165,1.35171,1.35163,1.35167,0.0
2026-09-05 23:35:00,1.35165,1.35171,1.35163,1.35164,0.0
2026-09-05 23:40:00,1.35165,1.35171,1.35163,1.35166,0.0
2026-09-05 23:45:00,1.35165,1.35168,1.3516,1.35165,0.0
2026-09-05 23:50:00,1.35162,1.35168,1.3516,1.35162,0.0
2026-09-05 23:55:00,1.35162,1.35167,1.35161,1.35161,0.0
2026-09-06 00:00:00,1.35162,1.35171,1.35158,1.35167,0.0
2026-09-06 00:05:00,1.35165,1.3517,1.35164,1.35168,0.0
2026-09-06 00:10:00,1.35165,1.35171,1.3516,1.35161,0.0
2026-09-06 00:15:00,1.35162,1.35171,1.35162,1.35165,0.0
2026-09-06 00:20:00,1.35166,1.35172,1.35164,1.35167,0.0
2026-09-06 00:25:00,1.35166,1.3517,1.35165,1.35169,0.0
2026-09-06 00:30:00,1.35165,1.35174,1.35165,1.35168,0.0
2026-09-06 00:35:00,1.35168,1.35171,1.35161,1.35161,0.0
2026-09-06 00:40:00,1.35163,1.35169,1.35161,1.35165,0.0
2026-09-06 00:45:00,1.35163,1.35168,1.35162,1.35166,0.0
2026-09-06 00:50:00,1.35163,1.35169,1.35161,1.35167,0.0
2026-09-06 00:55:00,1.35163,1.35168,1.35162,1.35162,0.0
2026-09-06 01:00:00,1.35163,1.35171,1.35159,1.3516,0.0
2026-09-06 01:05:00,1.35161,1.35169,1.35161,1.35168,0.0
2026-09-06 01:10:00,1.35165,1.35171,1.35163,1.35165,0.0
2026-09-06 01:15:00,1.35165,1.3517,1.35164,1.35164,0.0
2026-09-06 01:20:00,1.35165,1.35171,1.35163,1.35167,0.0
2026-09-06 01:25:00,1.35165,1.35169,1.35161,1.35165,0.0
2026-09-06 01:30:00,1.35161,1.35172,1.35161,1.35166,0.0
2026-09-06 01:35:00,1.35166,1.3517,1.35165,1.35165,0.0
2026-09-06 01:40:00,1.35166,1.35172,1.35164,1.35168,0.0
2026-09-06 01:45:00,1.35166,1.35172,1.35166,1.35171,0.0
2026-09-06 01:50:00,1.35168,1.35176,1.35157,1.35158,0.0
2026-09-06 01:55:00,1.35161,1.35181,1.35161,1.35175,0.0
2026-09-06 02:00:00,1.35176,1.35179,1.35166,1.35173,0.0
2026-09-06 02:05:00,1.35171,1.35175,1.3517,1.35173,0.0
2026-09-06 02:10:00,1.35171,1.35177,1.35169,1.3517,0.0
2026-09-06 02:15:00,1.35171,1.35175,1.35159,1.3516,0.0
2026-09-06 02:20:00,1.35163,1.35172,1.35163,1.35169,0.0
2026-09-06 02:25:00,1.35166,1.35173,1.35165,1.35171,0.0
2026-09-06 02:30:00,1.35169,1.35179,1.35163,1.35172,0.0
2026-09-06 02:35:00,1.35173,1.35177,1.35172,1.35172,0.0
2026-09-06 02:40:00,1.35173,1.3518,1.35163,1.35178,0.0
2026-09-06 02:45:00,1.35173,1.35173,1.35161,1.3517,0.0
2026-09-06 02:50:00,1.35167,1.35173,1.35165,1.35167,0.0
2026-09-06 02:55:00,1.35167,1.35176,1.35166,1.35175,0.0
2026-09-06 03:00:00,1.35173,1.35178,1.35164,1.3517,0.0
2026-09-06 03:05:00,1.35167,1.35172,1.35164,1.35169,0.0
2026-09-06 03:10:00,1.35167,1.35169,1.35161,1.35162,0.0
2026-09-06 03:15:00,1.35163,1.35171,1.3516,1.35166,0.0
2026-09-06 03:20:00,1.35166,1.35175,1.35164,1.35171,0.0
2026-09-06 03:25:00,1.35168,1.35174,1.35168,1.3517,0.0
2026-09-06 03:30:00,1.35168,1.35174,1.35166,1.35168,0.0
2026-09-06 03:35:00,1.35168,1.35169,1.35162,1.35168,0.0
2026-09-06 03:40:00,1.35167,1.35175,1.35164,1.35172,0.0
2026-09-06 03:45:00,1.35169,1.35174,1.35168,1.35172,0.0
2026-09-06 03:50:00,1.3517,1.35176,1.35168,1.35169,0.0
2026-09-06 03:55:00,1.3517,1.35175,1.35165,1.35171,0.0
2026-09-06 04:00:00,1.3517,1.3517,1.35157,1.35162,0.0
2026-09-06 04:05:00,1.35159,1.35165,1.35158,1.35161,0.0
2026-09-06 04:10:00,1.35159,1.35165,1.35157,1.35158,0.0
2026-09-06 04:15:00,1.35159,1.35169,1.35157,1.35167,0.0
2026-09-06 04:20:00,1.35164,1.35179,1.35159,1.35177,0.0
2026-09-06 04:25:00,1.35171,1.35171,1.35157,1.35167,0.0
2026-09-06 04:30:00,1.35165,1.35171,1.35163,1.35164,0.0
2026-09-06 04:35:00,1.35165,1.35171,1.35163,1.35167,0.0
2026-09-06 04:40:00,1.35165,1.35171,1.35163,1.35168,0.0
2026-09-06 04:45:00,1.35165,1.35171,1.35161,1.35166,0.0
2026-09-06 04:50:00,1.35165,1.35165,1.35155,1.35157,0.0
2026-09-06 04:55:00,1.35158,1.35164,1.35156,1.35159,0.0
2026-09-06 05:00:00,1.35158,1.35161,1.35153,1.35158,0.0
2026-09-06 05:05:00,1.35155,1.35161,1.35154,1.35158,0.0
2026-09-06 05:10:00,1.35155,1.3516,1.35154,1.35154,0.0
2026-09-06 05:15:00,1.35154,1.35159,1.35147,1.35154,0.0
2026-09-06 05:20:00,1.35153,1.35159,1.35151,1.35156,0.0
2026-09-06 05:25:00,1.35153,1.35159,1.35152,1.35156,0.0
2026-09-06 05:30:00,1.35153,1.35159,1.35152,1.35152,0.0
2026-09-06 05:35:00,1.35153,1.35159,1.35149,1.35155,0.0
2026-09-06 05:40:00,1.35153,1.35155,1.35146,1.35154,0.0
2026-09-06 05:45:00,1.35147,1.35174,1.35147,1.35173,0.0
2026-09-06 05:50:00,1.3517,1.35178,1.3517,1.35171,0.0
2026-09-06 05:55:00,1.35172,1.35178,1.3517,1.35174,0.0
2026-09-06 06:00:00,1.35172,1.3518,1.35163,1.35179,0.0
2026-09-06 06:05:00,1.35174,1.35174,1.35161,1.3517,0.0
2026-09-06 06:10:00,1.35167,1.35173,1.35166,1.35166,0.0
2026-09-06 06:15:00,1.35167,1.35173,1.35165,1.35169,0.0
2026-09-06 06:20:00,1.35167,1.35172,1.35166,1.3517,0.0
2026-09-06 06:25:00,1.35167,1.35173,1.35164,1.35168,0.0
2026-09-06 06:30:00,1.35167,1.35167,1.35157,1.35159,0.0
2026-09-06 06:35:00,1.3516,1.35166,1.35158,1.35162,0.0
2026-09-06 06:40:00,1.3516,1.35164,1.35159,1.35163,0.0
2026-09-06 06:45:00,1.3516,1.35166,1.35158,1.3516,0.0
2026-09-06 06:50:00,1.3516,1.35163,1.35159,1.35159,0.0
2026-09-06 06:55:00,1.35159,1.35167,1.35152,1.35163,0.0
2026-09-06 07:00:00,1.3516,1.35168,1.35159,1.35164,0.0
2026-09-06 07:05:00,1.35161,1.35167,1.35159,1.35161,0.0
2026-09-06 07:10:00,1.35161,1.35166,1.3516,1.3516,0.0
2026-09-06 07:15:00,1.35161,1.35167,1.35154,1.35165,0.0
2026-09-06 07:20:00,1.35161,1.35161,1.35152,1.35157,0.0
2026-09-06 07:25:00,1.35155,1.35161,1.35153,1.35155,0.0
2026-09-06 07:30:00,1.35155,1.35166,1.35154,1.35164,0.0
2026-09-06 07:35:00,1.35161,1.35167,1.35159,1.35163,0.0
2026-09-06 07:40:00,1.35161,1.35166,1.35161,1.35165,0.0
2026-09-06 07:45:00,1.35163,1.35163,1.35153,1.35156,0.0
2026-09-06 07:50:00,1.35157,1.35161,1.35156,1.35156,0.0
2026-09-06 07:55:00,1.35157,1.3517,1.35149,1.35166,0.0
2026-09-06 08:00:00,1.35164,1.35168,1.35159,1.35163,0.0
2026-09-06 08:05:00,1.3516,1.35166,1.35158,1.3516,0.0
2026-09-06 08:10:00,1.3516,1.35164,1.35152,1.35153,0.0
2026-09-06 08:15:00,1.35154,1.35171,1.35142,1.35169,0.0
2026-09-06 08:20:00,1.35165,1.3517,1.35165,1.35167,0.0
2026-09-06 08:25:00,1.35165,1.35171,1.35163,1.35164,0.0
2026-09-06 08:30:00,1.35165,1.35169,1.35164,1.35164,0.0
2026-09-06 08:35:00,1.35165,1.3517,1.35155,1.3516,0.0
2026-09-06 08:40:00,1.35158,1.35163,1.35158,1.3516,0.0
2026-09-06 08:45:00,1.35158,1.35164,1.35156,1.35157,0.0
2026-09-06 08:50:00,1.35158,1.35162,1.35157,1.35158,0.0
2026-09-06 08:55:00,1.35158,1.35164,1.35156,1.3516,0.0
2026-09-06 09:00:00,1.35158,1.35158,1.3515,1.35153,0.0
2026-09-06 09:05:00,1.35151,1.35157,1.35149,1.3515,0.0
2026-09-06 09:10:00,1.35151,1.35155,1.3515,1.35151,0.0
2026-09-06 09:15:00,1.35151,1.35157,1.35149,1.35154,0.0
2026-09-06 09:20:00,1.35151,1.35158,1.35151,1.35157,0.0
2026-09-06 09:25:00,1.35155,1.35157,1.35149,1.35151,0.0
2026-09-06 09:30:00,1.35151,1.35156,1.3515,1.35151,0.0
2026-09-06 09:35:00,1.35151,1.35157,1.35149,1.35154,0.0
2026-09-06 09:40:00,1.35151,1.35157,1.3515,1.35153,0.0
2026-09-06 09:45:00,1.35151,1.35165,1.3515,1.35163,0.0
2026-09-06 09:50:00,1.35159,1.35165,1.3515,1.35153,0.0
2026-09-06 09:55:00,1.35153,1.35166,1.35152,1.35163,0.0
2026-09-06 10:00:00,1.3516,1.35166,1.35159,1.35162,0.0
2026-09-06 10:05:00,1.3516,1.35166,1.35158,1.35159,0.0
2026-09-06 10:10:00,1.3516,1.35173,1.35153,1.35168,0.0
2026-09-06 10:15:00,1.35168,1.3517,1.35161,1.35166,0.0
2026-09-06 10:20:00,1.35163,1.35171,1.35163,1.35169,0.0
2026-09-06 10:25:00,1.35167,1.35175,1.35166,1.35168,0.0
2026-09-06 10:30:00,1.35169,1.35174,1.35167,1.35169,0.0
2026-09-06 10:35:00,1.35169,1.35174,1.35167,1.35172,0.0
2026-09-06 10:40:00,1.35169,1.35169,1.35157,1.35163,0.0
2026-09-06 10:45:00,1.35161,1.35167,1.35159,1.3516,0.0
2026-09-06 10:50:00,1.35161,1.35167,1.35159,1.35162,0.0
2026-09-06 10:55:00,1.35161,1.35167,1.35159,1.35164,0.0
2026-09-06 11:00:00,1.35161,1.35168,1.3516,1.35165,0.0
2026-09-06 11:05:00,1.35163,1.35163,1.35153,1.35156,0.0
2026-09-06 11:10:00,1.35157,1.35162,1.35154,1.35157,0.0
2026-09-06 11:15:00,1.35157,1.35162,1.35155,1.3516,0.0
2026-09-06 11:20:00,1.35157,1.35163,1.35155,1.35159,0.0
2026-09-06 11:25:00,1.35157,1.35162,1.35155,1.35156,0.0
2026-09-06 11:30:00,1.35157,1.35162,1.35148,1.35152,0.0
2026-09-06 11:35:00,1.35151,1.35156,1.35149,1.35154,0.0
2026-09-06 11:40:00,1.35151,1.35157,1.35149,1.35154,0.0
2026-09-06 11:45:00,1.35151,1.35174,1.35151,1.35172,0.0
2026-09-06 11:50:00,1.35168,1.35174,1.35166,1.3517,0.0
2026-09-06 11:55:00,1.35168,1.3517,1.35157,1.35168,0.0
2026-09-06 12:00:00,1.35165,1.35171,1.35163,1.35168,0.0
2026-09-06 12:05:00,1.35165,1.35173,1.35162,1.35163,0.0
2026-09-06 12:10:00,1.35165,1.35174,1.35165,1.35169,0.0
2026-09-06 12:15:00,1.35168,1.35172,1.35166,1.35171,0.0
2026-09-06 12:20:00,1.35168,1.35168,1.35157,1.35163,0.0
2026-09-06 12:25:00,1.3516,1.3517,1.35158,1.35164,0.0
2026-09-06 12:30:00,1.35165,1.35171,1.35163,1.35166,0.0
2026-09-06 12:35:00,1.35165,1.35174,1.35164,1.35172,0.0
2026-09-06 12:40:00,1.35169,1.35175,1.35167,1.35173,0.0
2026-09-06 12:45:00,1.35169,1.35173,1.35157,1.3516,0.0
2026-09-06 12:50:00,1.35161,1.35167,1.35159,1.35162,0.0
2026-09-06 12:55:00,1.35161,1.35165,1.3516,1.35164,0.0
2026-09-06 13:00:00,1.35161,1.35167,1.35159,1.35161,0.0
2026-09-06 13:05:00,1.35161,1.35166,1.3516,1.3516,0.0
2026-09-06 13:10:00,1.35161,1.35164,1.35152,1.35157,0.0
2026-09-06 13:15:00,1.35155,1.35165,1.35155,1.35164,0.0
2026-09-06 13:20:00,1.35161,1.35167,1.35159,1.35161,0.0
2026-09-06 13:25:00,1.35161,1.35166,1.3516,1.3516,0.0
2026-09-06 13:30:00,1.35161,1.35167,1.35159,1.35163,0.0
2026-09-06 13:35:00,1.35161,1.35165,1.35152,1.35158,0.0
2026-09-06 13:40:00,1.35155,1.35161,1.35153,1.35155,0.0
2026-09-06 13:45:00,1.35155,1.35159,1.35154,1.35154,0.0
2026-09-06 13:50:00,1.35155,1.35161,1.35153,1.35157,0.0
2026-09-06 13:55:00,1.35155,1.35159,1.35155,1.35157,0.0
2026-09-06 14:00:00,1.35155,1.3516,1.35148,1.3515,0.0
2026-09-06 14:05:00,1.3515,1.35154,1.35149,1.35149,0.0
2026-09-06 14:10:00,1.3515,1.35156,1.35148,1.35152,0.0
2026-09-06 14:15:00,1.3515,1.35155,1.3515,1.35152,0.0
2026-09-06 14:20:00,1.3515,1.3516,1.35149,1.35153,0.0
2026-09-06 14:25:00,1.35154,1.35156,1.3515,1.3515,0.0
2026-09-06 14:30:00,1.35151,1.35157,1.35149,1.35153,0.0
2026-09-06 14:35:00,1.35151,1.35156,1.35151,1.35153,0.0
2026-09-06 14:40:00,1.35151,1.35157,1.35149,1.3515,0.0
2026-09-06 14:45:00,1.35151,1.35155,1.3515,1.35151,0.0
2026-09-06 14:50:00,1.35151,1.35154,1.35144,1.35149,0.0
2026-09-06 14:55:00,1.35147,1.35152,1.35146,1.35149,0.0
2026-09-06 15:00:00,1.35147,1.35153,1.35145,1.35146,0.0
2026-09-06 15:05:00,1.35147,1.35151,1.35145,1.35147,0.0
2026-09-06 15:10:00,1.35147,1.35153,1.35145,1.35149,0.0
2026-09-06 15:15:00,1.35147,1.35152,1.35142,1.35145,0.0
2026-09-06 15:20:00,1.35143,1.35149,1.35141,1.35143,0.0
2026-09-06 15:25:00,1.35143,1.35148,1.35142,1.35143,0.0
2026-09-06 15:30:00,1.35143,1.35149,1.35141,1.35146,0.0
2026-09-06 15:35:00,1.35143,1.35149,1.35142,1.35145,0.0
2026-09-06 15:40:00,1.35143,1.35147,1.35139,1.3514,0.0
2026-09-06 15:45:00,1.35141,1.35146,1.35139,1.35141,0.0
2026-09-06 15:50:00,1.35141,1.35147,1.35139,1.35144,0.0
2026-09-06 15:55:00,1.35141,1.35146,1.3514,1.35142,0.0
2026-09-06 16:00:00,1.35141,1.35162,1.35138,1.35155,0.0
2026-09-06 16:05:00,1.35156,1.35158,1.3515,1.35152,0.0
2026-09-06 16:10:00,1.35152,1.35158,1.3515,1.35155,0.0
2026-09-06 16:15:00,1.35152,1.35158,1.35151,1.35154,0.0
2026-09-06 16:20:00,1.35152,1.35158,1.3515,1.35151,0.0
2026-09-06 16:25:00,1.35152,1.35157,1.3515,1.35154,0.0
2026-09-06 16:30:00,1.35152,1.35154,1.35146,1.35151,0.0
2026-09-06 16:35:00,1.35148,1.35154,1.35146,1.3515,0.0
2026-09-06 16:40:00,1.35148,1.35154,1.35146,1.35147,0.0
2026-09-06 16:45:00,1.35148,1.35153,1.35146,1.35148,0.0
2026-09-06 16:50:00,1.35148,1.35153,1.35146,1.35151,0.0
2026-09-06 16:55:00,1.35148,1.35154,1.35142,1.35146,0.0
2026-09-06 17:00:00,1.35144,1.3515,1.35143,1.35143,0.0
2026-09-06 17:05:00,1.35144,1.3515,1.35142,1.35145,0.0
2026-09-06 17:10:00,1.35144,1.35149,1.35142,1.35147,0.0
2026-09-06 17:15:00,1.35144,1.3515,1.35142,1.35146,0.0
2026-09-06 17:20:00,1.35144,1.35147,1.3514,1.3514,0.0
2026-09-06 17:25:00,1.35141,1.35147,1.35139,1.35142,0.0
2026-09-06 17:30:00,1.35141,1.35146,1.3514,1.35144,0.0
2026-09-06 17:35:00,1.35141,1.35147,1.35139,1.35144,0.0
2026-09-06 17:40:00,1.35141,1.35153,1.35141,1.35146,0.0
2026-09-06 17:45:00,1.35147,1.35152,1.35145,1.35148,0.0
2026-09-06 17:50:00,1.35146,1.35151,1.35145,1.35149,0.0
2026-09-06 17:55:00,1.35146,1.35152,1.35144,1.35149,0.0
2026-09-06 18:00:00,1.35146,1.35152,1.35145,1.35145,0.0
2026-09-06 18:05:00,1.35146,1.35152,1.35144,1.35148,0.0
2026-09-06 18:10:00,1.35146,1.35149,1.35142,1.35146,0.0
2026-09-06 18:15:00,1.35143,1.35149,1.35141,1.35146,0.0
2026-09-06 18:20:00,1.35143,1.35149,1.35142,1.35142,0.0
2026-09-06 18:25:00,1.35143,1.35149,1.35141,1.35145,0.0
2026-09-06 18:30:00,1.35143,1.35148,1.35142,1.35146,0.0
2026-09-06 18:35:00,1.35143,1.35149,1.35139,1.35141,0.0
2026-09-06 18:40:00,1.35141,1.35146,1.3514,1.3514,0.0
2026-09-06 18:45:00,1.35141,1.35147,1.35139,1.35142,0.0
2026-09-06 18:50:00,1.35141,1.35145,1.3514,1.35143,0.0
2026-09-06 18:55:00,1.35141,1.35147,1.35139,1.35141,0.0
2026-09-06 19:00:00,1.35141,1.35143,1.35137,1.35138,0.0
2026-09-06 19:05:00,1.35138,1.35144,1.35136,1.3514,0.0
2026-09-06 19:10:00,1.35138,1.35142,1.35138,1.35141,0.0
2026-09-06 19:15:00,1.35138,1.35144,1.35136,1.35138,0.0
2026-09-06 19:20:00,1.35138,1.35149,1.35137,1.35144,0.0
2026-09-06 19:25:00,1.35145,1.35151,1.3514,1.35144,0.0
2026-09-06 19:30:00,1.35142,1.35146,1.35141,1.35144,0.0
2026-09-06 19:35:00,1.35142,1.35148,1.3514,1.35142,0.0
2026-09-06 19:40:00,1.35142,1.35146,1.35141,1.35141,0.0
2026-09-06 19:45:00,1.35142,1.35148,1.3514,1.35144,0.0
2026-09-06 19:50:00,1.35142,1.35146,1.35139,1.35142,0.0
2026-09-06 19:55:00,1.35139,1.35146,1.35138,1.35139,0.0
2026-09-06 20:00:00,1.35139,1.35144,1.35139,1.35139,0.0
2026-09-06 20:05:00,1.35139,1.35145,1.35137,1.35142,0.0
2026-09-06 20:10:00,1.35139,1.35144,1.35139,1.35142,0.0
2026-09-06 20:15:00,1.35139,1.35145,1.35137,1.35139,0.0
2026-09-06 20:20:00,1.35139,1.35143,1.35139,1.35139,0.0
2026-09-06 20:25:00,1.35139,1.35145,1.35137,1.35142,0.0
2026-09-06 20:30:00,1.35139,1.35144,1.35139,1.35142,0.0
2026-09-06 20:35:00,1.35139,1.35145,1.35137,1.35139,0.0
2026-09-06 20:40:00,1.35139,1.35144,1.35138,1.35139,0.0
2026-09-06 20:45:00,1.35139,1.35146,1.35138,1.35142,0.0
2026-09-06 20:50:00,1.35139,1.35145,1.35139,1.35142,0.0
2026-09-06 20:55:00,1.35139,1.35145,1.35137,1.35139,0.0
2026-09-06 21:00:00,1.35139,1.35144,1.35138,1.35139,0.0
2026-09-06 21:05:00,1.35139,1.35146,1.35138,1.35142,0.0
2026-09-06 21:10:00,1.35139,1.35145,1.35139,1.35141,0.0
2026-09-06 21:15:00,1.35139,1.35145,1.35137,1.35139,0.0
2026-09-06 21:20:00,1.35139,1.35144,1.35138,1.35139,0.0
2026-09-06 21:25:00,1.35139,1.35145,1.35137,1.35142,0.0
2026-09-06 21:30:00,1.35139,1.35145,1.35139,1.35141,0.0
2026-09-06 21:35:00,1.35139,1.35145,1.35137,1.35139,0.0
2026-09-06 21:40:00,1.35139,1.35364,1.35017,1.3529,0.0
2026-09-06 21:45:00,1.3529,1.35296,1.35288,1.35293,0.0
2026-09-06 21:50:00,1.3529,1.35296,1.35289,1.35292,0.0
2026-09-06 21:55:00,1.3529,1.35296,1.35288,1.35289,0.0
2026-09-06 22:00:00,1.3529,1.35295,1.35288,1.3529,0.0
2026-09-06 22:05:00,1.3529,1.35296,1.35288,1.35293,0.0
2026-09-06 22:10:00,1.3529,1.35296,1.35289,1.35292,0.0
2026-09-06 22:15:00,1.3529,1.35296,1.35288,1.35289,0.0
2026-09-06 22:20:00,1.3529,1.35295,1.35288,1.3529,0.0
2026-09-06 22:25:00,1.3529,1.35296,1.35288,1.35293,0.0
2026-09-06 22:30:00,1.3529,1.35296,1.35288,1.35292,0.0
2026-09-06 22:35:00,1.3529,1.35296,1.35288,1.35289,0.0
2026-09-06 22:40:00,1.3529,1.35296,1.35288,1.35291,0.0
2026-09-06 22:45:00,1.3529,1.35295,1.35288,1.35293,0.0
2026-09-06 22:50:00,1.3529,1.35296,1.35288,1.35292,0.0
2026-09-06 22:55:00,1.3529,1.35296,1.35288,1.35289,0.0
2026-09-06 23:00:00,1.3529,1.35296,1.35288,1.35291,0.0
2026-09-06 23:05:00,1.3529,1.35295,1.35288,1.35293,0.0
2026-09-06 23:10:00,1.3529,1.35296,1.35288,1.35292,0.0
2026-09-06 23:15:00,1.3529,1.35366,1.35161,1.35176,0.0
2026-09-06 23:20:00,1.35204,1.3541,1.35059,1.35343,0.0
2026-09-06 23:25:00,1.35342,1.35347,1.3534,1.35345,0.0
2026-09-06 23:30:00,1.35342,1.35348,1.3534,1.35344,0.0
2026-09-06 23:35:00,1.35342,1.35347,1.35341,1.35341,0.0
2026-09-06 23:40:00,1.35342,1.35348,1.3534,1.35343,0.0
2026-09-06 23:45:00,1.35342,1.35347,1.3534,1.35345,0.0
2026-09-06 23:50:00,1.35342,1.35348,1.3534,1.35342,0.0
2026-09-06 23:55:00,1.35342,1.35347,1.35341,1.35341,0.0
2026-09-07 00:00:00,1.35342,1.35348,1.3534,1.35343,0.0
2026-09-07 00:05:00,1.35342,1.35345,1.35189,1.35194,0.0
2026-09-07 00:10:00,1.35202,1.35202,1.35175,1.35176,0.0
2026-09-07 00:15:00,1.35176,1.3518,1.35174,1.35174,0.0
2026-09-07 00:20:00,1.35175,1.35181,1.35173,1.35176,0.0
2026-09-07 00:25:00,1.35175,1.35178,1.35172,1.35176,0.0
2026-09-07 00:30:00,1.35173,1.35179,1.35171,1.35177,0.0
2026-09-07 00:35:00,1.35173,1.35179,1.35173,1.35173,0.0
2026-09-07 00:40:00,1.35173,1.3518,1.35172,1.35175,0.0
2026-09-07 00:45:00,1.35174,1.35178,1.35173,1.35176,0.0
2026-09-07 00:50:00,1.35174,1.3519,1.35146,1.35149,0.0
2026-09-07 00:55:00,1.35153,1.35156,1.35151,1.35153,0.0
2026-09-07 01:00:00,1.35152,1.35362,1.34983,1.35297,0.0
2026-09-07 01:05:00,1.35295,1.35299,1.35294,1.35298,0.0
2026-09-07 01:10:00,1.35295,1.35301,1.35293,1.35295,0.0
2026-09-07 01:15:00,1.35295,1.353,1.35294,1.35294,0.0
2026-09-07 01:20:00,1.35295,1.35301,1.35293,1.35297,0.0
2026-09-07 01:25:00,1.35295,1.35299,1.35294,1.35298,0.0
2026-09-07 01:30:00,1.35295,1.35301,1.35293,1.35295,0.0
2026-09-07 01:35:00,1.35295,1.35299,1.35294,1.35294,0.0
2026-09-07 01:40:00,1.35295,1.35301,1.3523,1.35238,0.0
2026-09-07 01:45:00,1.35251,1.35251,1.35243,1.35248,0.0
2026-09-07 01:50:00,1.35246,1.35252,1.35244,1.35245,0.0
2026-09-07 01:55:00,1.35246,1.35251,1.35155,1.35183,0.0
2026-09-07 02:00:00,1.35184,1.35186,1.35173,1.3518,0.0
2026-09-07 02:05:00,1.35177,1.35182,1.35173,1.35177,0.0
2026-09-07 02:10:00,1.35174,1.35178,1.3517,1.35172,0.0
2026-09-07 02:15:00,1.35172,1.35176,1.35172,1.35172,0.0
2026-09-07 02:20:00,1.35172,1.35178,1.3517,1.35175,0.0
2026-09-07 02:25:00,1.35172,1.35177,1.35172,1.35175,0.0
2026-09-07 02:30:00,1.35172,1.35178,1.3517,1.35172,0.0
2026-09-07 02:35:00,1.35172,1.35177,1.35171,1.35172,0.0
2026-09-07 02:40:00,1.35172,1.35386,1.35041,1.35319,0.0
2026-09-07 02:45:00,1.35316,1.35322,1.35316,1.35319,0.0
2026-09-07 02:50:00,1.35316,1.35322,1.35314,1.35316,0.0
2026-09-07 02:55:00,1.35316,1.35321,1.35315,1.35316,0.0
2026-09-07 03:00:00,1.35316,1.35319,1.35168,1.35183,0.0
2026-09-07 03:05:00,1.35184,1.35189,1.35177,1.35181,0.0
2026-09-07 03:10:00,1.35179,1.35183,1.35174,1.35175,0.0
2026-09-07 03:15:00,1.35176,1.35181,1.35175,1.35176,0.0
2026-09-07 03:20:00,1.35176,1.35182,1.35172,1.35179,0.0
2026-09-07 03:25:00,1.35176,1.3518,1.35173,1.35176,0.0
2026-09-07 03:30:00,1.35174,1.35179,1.35171,1.35172,0.0
2026-09-07 03:35:00,1.35173,1.35178,1.35172,1.35173,0.0
2026-09-07 03:40:00,1.35173,1.35179,1.35172,1.35176,0.0
2026-09-07 03:45:00,1.35174,1.3518,1.35172,1.35176,0.0
2026-09-07 03:50:00,1.35174,1.3518,1.35172,1.35173,0.0
2026-09-07 03:55:00,1.35174,1.35179,1.35172,1.35175,0.0
2026-09-07 04:00:00,1.35173,1.35182,1.35172,1.35179,0.0
2026-09-07 04:05:00,1.35176,1.35182,1.35174,1.35178,0.0
2026-09-07 04:10:00,1.35175,1.35181,1.35175,1.35179,0.0
2026-09-07 04:15:00,1.35176,1.35177,1.35097,1.35101,0.0
2026-09-07 04:20:00,1.35108,1.35274,1.35029,1.35115,0.0
2026-09-07 04:25:00,1.35147,1.35147,1.35053,1.35058,0.0
2026-09-07 04:30:00,1.35066,1.35099,1.35048,1.35092,0.0
2026-09-07 04:35:00,1.3508,1.35097,1.35048,1.35052,0.0
2026-09-07 04:40:00,1.3506,1.35134,1.35039,1.35124,0.0
2026-09-07 04:45:00,1.35108,1.35119,1.35047,1.35054,0.0
2026-09-07 04:50:00,1.35061,1.35097,1.35048,1.35092,0.0
2026-09-07 04:55:00,1.3508,1.35152,1.35049,1.35149,0.0
2026-09-07 05:00:00,1.35143,1.35181,1.35111,1.35139,0.0
2026-09-07 05:05:00,1.35143,1.35187,1.35143,1.35182,0.0
2026-09-07 05:10:00,1.35181,1.35395,1.35108,1.35147,0.0
2026-09-07 05:15:00,1.35168,1.35389,1.35106,1.35197,0.0
2026-09-07 05:20:00,1.35217,1.35323,1.35048,1.35276,0.0
2026-09-07 05:25:00,1.35212,1.35272,1.34943,1.3524,0.0
2026-09-07 05:30:00,1.35181,1.35311,1.35058,1.35146,0.0
2026-09-07 05:35:00,1.35146,1.353,1.34995,1.35134,0.0
2026-09-07 05:40:00,1.35149,1.35274,1.35142,1.35158,0.0
2026-09-07 05:45:00,1.3516,1.35203,1.35128,1.3515,0.0
2026-09-07 05:50:00,1.35188,1.35188,1.35091,1.35098,0.0
2026-09-07 05:55:00,1.35099,1.35175,1.35038,1.3508,0.0
2026-09-07 06:00:00,1.35098,1.35182,1.35064,1.35069,0.0
2026-09-07 06:05:00,1.3507,1.35166,1.3507,1.35132,0.0
2026-09-07 06:10:00,1.35125,1.35163,1.35091,1.35158,0.0
2026-09-07 06:15:00,1.35149,1.35164,1.3513,1.35142,0.0
2026-09-07 06:20:00,1.3514,1.35147,1.351,1.35138,0.0
2026-09-07 06:25:00,1.3513,1.35147,1.35088,1.35123,0.0
2026-09-07 06:30:00,1.3513,1.35189,1.3513,1.35184,0.0
2026-09-07 06:35:00,1.35178,1.35207,1.35178,1.352,0.0
2026-09-07 06:40:00,1.35198,1.35203,1.35184,1.35194,0.0
2026-09-07 06:45:00,1.35191,1.35205,1.35148,1.35168,0.0
2026-09-07 06:50:00,1.35171,1.35187,1.35139,1.35145,0.0
2026-09-07 06:55:00,1.35162,1.35195,1.35162,1.35176,0.0
2026-09-07 07:00:00,1.35179,1.3519,1.35177,1.35181,0.0
2026-09-07 07:05:00,1.3518,1.35196,1.35174,1.35182,0.0
2026-09-07 07:10:00,1.35184,1.35194,1.35141,1.35146,0.0
2026-09-07 07:15:00,1.35157,1.35188,1.35157,1.35174,0.0
2026-09-07 07:20:00,1.35175,1.35186,1.3517,1.35181,0.0
2026-09-07 07:25:00,1.35179,1.35203,1.35158,1.35193,0.0
2026-09-07 07:30:00,1.35188,1.35196,1.35179,1.35195,0.0
2026-09-07 07:35:00,1.35192,1.35212,1.35186,1.3521,0.0
2026-09-07 07:40:00,1.35205,1.35205,1.3519,1.35204,0.0
2026-09-07 07:45:00,1.35198,1.35208,1.35179,1.35189,0.0
2026-09-07 07:50:00,1.35185,1.35191,1.35179,1.3519,0.0
2026-09-07 07:55:00,1.35187,1.35191,1.35173,1.35185,0.0
2026-09-07 08:00:00,1.35178,1.35194,1.35148,1.35157,0.0
2026-09-07 08:05:00,1.35149,1.35165,1.35139,1.35142,0.0
2026-09-07 08:10:00,1.3515,1.35163,1.3515,1.35157,0.0
2026-09-07 08:15:00,1.35158,1.35164,1.35157,1.3516,0.0
2026-09-07 08:20:00,1.35157,1.35164,1.35157,1.35161,0.0
2026-09-07 08:25:00,1.35159,1.35164,1.35155,1.35157,0.0
2026-09-07 08:30:00,1.35157,1.3516,1.35152,1.35155,0.0
2026-09-07 08:35:00,1.35155,1.35157,1.35144,1.3515,0.0
2026-09-07 08:40:00,1.35148,1.35154,1.35145,1.35154,0.0
2026-09-07 08:45:00,1.35152,1.35169,1.35151,1.35158,0.0
2026-09-07 08:50:00,1.35159,1.35172,1.35159,1.35161,0.0
2026-09-07 08:55:00,1.35161,1.35166,1.35158,1.35162,0.0
2026-09-07 09:00:00,1.35159,1.35179,1.35159,1.35175,0.0
2026-09-07 09:05:00,1.35173,1.35185,1.35169,1.35183,0.0
2026-09-07 09:10:00,1.35179,1.35192,1.35172,1.35189,0.0
2026-09-07 09:15:00,1.35184,1.35192,1.35184,1.35188,0.0
2026-09-07 09:20:00,1.35185,1.35192,1.35184,1.35189,0.0
2026-09-07 09:25:00,1.35187,1.35193,1.35175,1.35191,0.0
2026-09-07 09:30:00,1.35186,1.35196,1.35179,1.35194,0.0
2026-09-07 09:35:00,1.3519,1.35204,1.3519,1.35198,0.0
2026-09-07 09:40:00,1.35194,1.35204,1.35194,1.35198,0.0
2026-09-07 09:45:00,1.35196,1.35205,1.35177,1.35177,0.0
2026-09-07 09:50:00,1.35179,1.35182,1.35164,1.35177,0.0
2026-09-07 09:55:00,1.35172,1.35194,1.3517,1.35173,0.0
2026-09-07 10:00:00,1.35176,1.3518,1.35164,1.35172,0.0
2026-09-07 10:05:00,1.35168,1.35181,1.35163,1.35163,0.0
2026-09-07 10:10:00,1.35164,1.35197,1.35157,1.35189,0.0
2026-09-07 10:15:00,1.3519,1.35217,1.35184,1.35215,0.0
2026-09-07 10:20:00,1.3521,1.3521,1.35173,1.35197,0.0
2026-09-07 10:25:00,1.35192,1.35213,1.35178,1.35211,0.0
2026-09-07 10:30:00,1.35208,1.35214,1.35198,1.35209,0.0
2026-09-07 10:35:00,1.35209,1.35213,1.35194,1.35211,0.0
2026-09-07 10:40:00,1.35207,1.35221,1.35207,1.3522,0.0
2026-09-07 10:45:00,1.35217,1.35223,1.35207,1.35219,0.0
2026-09-07 10:50:00,1.35214,1.35223,1.35202,1.35206,0.0
2026-09-07 10:55:00,1.35212,1.35212,1.35192,1.35198,0.0
2026-09-07 11:00:00,1.35194,1.35212,1.35181,1.35182,0.0
2026-09-07 11:05:00,1.35184,1.35188,1.35173,1.3518,0.0
2026-09-07 11:10:00,1.3518,1.35188,1.35159,1.35173,0.0
2026-09-07 11:15:00,1.35172,1.35172,1.3513,1.35138,0.0
2026-09-07 11:20:00,1.35134,1.35161,1.35132,1.3516,0.0
2026-09-07 11:25:00,1.35157,1.35175,1.35146,1.3517,0.0
2026-09-07 11:30:00,1.35171,1.35174,1.3515,1.3516,0.0
2026-09-07 11:35:00,1.35158,1.35158,1.35146,1.35154,0.0
2026-09-07 11:40:00,1.35151,1.35166,1.3513,1.35134,0.0
2026-09-07 11:45:00,1.35134,1.35151,1.35125,1.35128,0.0
2026-09-07 11:50:00,1.35137,1.35159,1.35137,1.35155,0.0
2026-09-07 11:55:00,1.35154,1.35154,1.35123,1.35134,0.0
2026-09-07 12:00:00,1.35133,1.35138,1.35104,1.35113,0.0
2026-09-07 12:05:00,1.35108,1.35114,1.35088,1.35089,0.0
2026-09-07 12:10:00,1.35091,1.35094,1.35079,1.35081,0.0
2026-09-07 12:15:00,1.35083,1.35084,1.35073,1.35082,0.0
2026-09-07 12:20:00,1.35079,1.35089,1.35064,1.35083,0.0
2026-09-07 12:25:00,1.35074,1.35093,1.35074,1.35087,0.0
2026-09-07 12:30:00,1.35088,1.35103,1.35083,1.35087,0.0
2026-09-07 12:35:00,1.35088,1.35101,1.35088,1.351,0.0
2026-09-07 12:40:00,1.35097,1.35097,1.35075,1.35076,0.0
2026-09-07 12:45:00,1.35078,1.35082,1.35066,1.35081,0.0
2026-09-07 12:50:00,1.35078,1.35079,1.35067,1.35071,0.0
2026-09-07 12:55:00,1.35069,1.35072,1.35061,1.3507,0.0
2026-09-07 13:00:00,1.35066,1.35095,1.35066,1.3509,0.0
2026-09-07 13:05:00,1.35081,1.35095,1.35081,1.35084,0.0
2026-09-07 13:10:00,1.35085,1.35091,1.35077,1.35082,0.0
2026-09-07 13:15:00,1.35078,1.35104,1.35078,1.35103,0.0
2026-09-07 13:20:00,1.35096,1.35128,1.35096,1.35121,0.0
2026-09-07 13:25:00,1.35121,1.35129,1.35117,1.35122,0.0
2026-09-07 13:30:00,1.35124,1.35128,1.35098,1.35112,0.0
2026-09-07 13:35:00,1.35108,1.35108,1.35091,1.351,0.0
2026-09-07 13:40:00,1.35098,1.35098,1.35079,1.3508,0.0
2026-09-07 13:45:00,1.35082,1.35092,1.35082,1.35091,0.0
2026-09-07 13:50:00,1.35089,1.35094,1.35082,1.35086,0.0
2026-09-07 13:55:00,1.35083,1.3511,1.35083,1.35109,0.0
2026-09-07 14:00:00,1.35103,1.35118,1.35102,1.35112,0.0
2026-09-07 14:05:00,1.35107,1.35116,1.35102,1.35112,0.0
2026-09-07 14:10:00,1.35107,1.35115,1.35105,1.35111,0.0
2026-09-07 14:15:00,1.35108,1.35112,1.35102,1.35105,0.0
2026-09-07 14:20:00,1.35103,1.35113,1.35093,1.35109,0.0
2026-09-07 14:25:00,1.35103,1.35111,1.35097,1.35102,0.0
2026-09-07 14:30:00,1.35102,1.35106,1.35095,1.35103,0.0
2026-09-07 14:35:00,1.351,1.35105,1.35095,1.35101,0.0
2026-09-07 14:40:00,1.35099,1.35105,1.35082,1.35102,0.0
2026-09-07 14:45:00,1.35097,1.35116,1.35095,1.35114,0.0
2026-09-07 14:50:00,1.3511,1.35124,1.35105,1.35119,0.0
2026-09-07 14:55:00,1.35116,1.35127,1.35116,1.35126,0.0
2026-09-07 15:00:00,1.35122,1.35132,1.35116,1.35129,0.0
2026-09-07 15:05:00,1.35124,1.35132,1.35117,1.35118,0.0
2026-09-07 15:10:00,1.35119,1.35126,1.35111,1.35119,0.0
2026-09-07 15:15:00,1.35117,1.35118,1.35106,1.35112,0.0
2026-09-07 15:20:00,1.3511,1.35117,1.35107,1.35114,0.0
2026-09-07 15:25:00,1.3511,1.35122,1.351,1.35118,0.0
2026-09-07 15:30:00,1.3511,1.35135,1.3511,1.35117,0.0
2026-09-07 15:35:00,1.35118,1.35143,1.35111,1.35141,0.0
2026-09-07 15:40:00,1.35139,1.35144,1.35136,1.35137,0.0
2026-09-07 15:45:00,1.35138,1.35149,1.35137,1.35148,0.0
2026-09-07 15:50:00,1.35146,1.35163,1.35141,1.35161,0.0
2026-09-07 15:55:00,1.35157,1.35193,1.35156,1.35191,0.0
2026-09-07 16:00:00,1.35185,1.35195,1.35144,1.35145,0.0
2026-09-07 16:05:00,1.35149,1.35179,1.35144,1.35176,0.0
2026-09-07 16:10:00,1.3517,1.35181,1.35168,1.35176,0.0
2026-09-07 16:15:00,1.35173,1.35205,1.35163,1.35202,0.0
2026-09-07 16:20:00,1.35194,1.35242,1.35194,1.35233,0.0
2026-09-07 16:25:00,1.35222,1.35265,1.35222,1.35248,0.0
2026-09-07 16:30:00,1.35249,1.35302,1.35249,1.35297,0.0
2026-09-07 16:35:00,1.35281,1.35324,1.3527,1.35272,0.0
2026-09-07 16:40:00,1.35274,1.35311,1.35274,1.3529,0.0
2026-09-07 16:45:00,1.35291,1.35298,1.35278,1.35279,0.0
2026-09-07 16:50:00,1.35281,1.35283,1.35276,1.3528,0.0
2026-09-07 16:55:00,1.35277,1.35281,1.35269,1.35269,0.0
2026-09-07 17:00:00,1.35269,1.35282,1.35247,1.35275,0.0
2026-09-07 17:05:00,1.35265,1.35281,1.35261,1.35273,0.0
2026-09-07 17:10:00,1.3527,1.3527,1.35223,1.35231,0.0
2026-09-07 17:15:00,1.35227,1.35253,1.35227,1.35249,0.0
2026-09-07 17:20:00,1.35248,1.35253,1.35236,1.35242,0.0
2026-09-07 17:25:00,1.35244,1.35266,1.3524,1.35251,0.0
2026-09-07 17:30:00,1.35255,1.35273,1.35247,1.35271,0.0
2026-09-07 17:35:00,1.35268,1.35276,1.35243,1.35245,0.0
2026-09-07 17:40:00,1.35248,1.35262,1.3522,1.35253,0.0
2026-09-07 17:45:00,1.35241,1.35278,1.35241,1.35265,0.0
2026-09-07 17:50:00,1.35267,1.35303,1.35266,1.35299,0.0
2026-09-07 17:55:00,1.35296,1.3534,1.35279,1.35322,0.0
2026-09-07 18:00:00,1.35313,1.35333,1.35306,1.35315,0.0
2026-09-07 18:05:00,1.35319,1.3536,1.35299,1.35356,0.0
2026-09-07 18:10:00,1.35346,1.35407,1.35346,1.35404,0.0
2026-09-07 18:15:00,1.35398,1.35419,1.35366,1.35412,0.0
2026-09-07 18:20:00,1.35399,1.35443,1.35399,1.35405,0.0
2026-09-07 18:25:00,1.35407,1.35443,1.35379,1.35412,0.0
2026-09-07 18:30:00,1.35416,1.35435,1.35405,1.35435,0.0
2026-09-07 18:35:00,1.35431,1.35447,1.35397,1.35399,0.0
2026-09-07 18:40:00,1.35401,1.35402,1.35364,1.35365,0.0
2026-09-07 18:45:00,1.35367,1.35372,1.35342,1.35347,0.0
2026-09-07 18:50:00,1.35354,1.35354,1.35325,1.35344,0.0
2026-09-07 18:55:00,1.3534,1.35359,1.35311,1.35355,0.0
2026-09-07 19:00:00,1.35349,1.35367,1.35345,1.35362,0.0
2026-09-07 19:05:00,1.35354,1.35373,1.35335,1.35347,0.0
2026-09-07 19:10:00,1.35341,1.35367,1.35341,1.35356,0.0
2026-09-07 19:15:00,1.35354,1.35382,1.35343,1.35378,0.0
2026-09-07 19:20:00,1.35371,1.35386,1.35364,1.35381,0.0
2026-09-07 19:25:00,1.35375,1.3541,1.35371,1.35408,0.0
2026-09-07 19:30:00,1.35402,1.35427,1.35393,1.35425,0.0
2026-09-07 19:35:00,1.35418,1.35432,1.35413,1.35414,0.0
2026-09-07 19:40:00,1.35415,1.35421,1.35375,1.35377,0.0
2026-09-07 19:45:00,1.35381,1.3539,1.35366,1.35387,0.0
2026-09-07 19:50:00,1.35384,1.35384,1.35344,1.35349,0.0
2026-09-07 19:55:00,1.35345,1.35366,1.35345,1.3536,0.0
2026-09-07 20:00:00,1.3536,1.3537,1.35355,1.35366,0.0
2026-09-07 20:05:00,1.35362,1.3537,1.35338,1.35349,0.0
2026-09-07 20:10:00,1.35346,1.35358,1.35345,1.35355,0.0
2026-09-07 20:15:00,1.35354,1.35381,1.35344,1.35374,0.0
2026-09-07 20:20:00,1.35364,1.35386,1.35364,1.35379,0.0
2026-09-07 20:25:00,1.35375,1.35389,1.35353,1.35356,0.0
2026-09-07 20:30:00,1.35358,1.35371,1.35358,1.35368,0.0
2026-09-07 20:35:00,1.35367,1.35367,1.35342,1.35344,0.0
2026-09-07 20:40:00,1.3535,1.35394,1.3535,1.35374,0.0
2026-09-07 20:45:00,1.35379,1.35405,1.35379,1.35401,0.0
2026-09-07 20:50:00,1.354,1.35412,1.35389,1.35412,0.0
2026-09-07 20:55:00,1.3541,1.3541,1.35369,1.35394,0.0
2026-09-07 21:00:00,1.35389,1.35393,1.35369,1.35378,0.0
2026-09-07 21:05:00,1.35376,1.35403,1.35375,1.35384,0.0
2026-09-07 21:10:00,1.35387,1.35387,1.35356,1.35358,0.0
2026-09-07 21:15:00,1.35359,1.35374,1.35358,1.35363,0.0
2026-09-07 21:20:00,1.35363,1.35373,1.35353,1.35371,0.0
2026-09-07 21:25:00,1.3537,1.35373,1.3536,1.35362,0.0
2026-09-07 21:30:00,1.35362,1.35366,1.35349,1.35354,0.0
2026-09-07 21:35:00,1.35353,1.35377,1.35346,1.35371,0.0
2026-09-07 21:40:00,1.35363,1.35376,1.3536,1.35365,0.0
2026-09-07 21:45:00,1.35367,1.35376,1.35357,1.35373,0.0
2026-09-07 21:50:00,1.3537,1.35377,1.35353,1.35355,0.0
2026-09-07 21:55:00,1.35359,1.35359,1.35331,1.35332,0.0
2026-09-07 22:00:00,1.35333,1.3534,1.35305,1.35307,0.0
2026-09-07 22:05:00,1.35309,1.35332,1.35298,1.35329,0.0
2026-09-07 22:10:00,1.35327,1.35327,1.35302,1.35311,0.0
2026-09-07 22:15:00,1.35309,1.35325,1.35297,1.35319,0.0
2026-09-07 22:20:00,1.35312,1.35347,1.35312,1.35344,0.0
2026-09-07 22:25:00,1.35342,1.35353,1.35336,1.35351,0.0
2026-09-07 22:30:00,1.35347,1.35372,1.35345,1.35371,0.0
2026-09-07 22:35:00,1.35368,1.35386,1.35355,1.35381,0.0
2026-09-07 22:40:00,1.35375,1.35385,1.35369,1.35371,0.0
2026-09-07 22:45:00,1.35373,1.35389,1.35367,1.3537,0.0
2026-09-07 22:50:00,1.35371,1.35394,1.35344,1.35363,0.0
2026-09-07 22:55:00,1.35361,1.35383,1.35354,1.35378,0.0
2026-09-07 23:00:00,1.35373,1.35397,1.3537,1.35395,0.0
2026-09-07 23:05:00,1.35391,1.35399,1.35364,1.35371,0.0
2026-09-07 23:10:00,1.35366,1.35397,1.35366,1.35394,0.0
2026-09-07 23:15:00,1.35387,1.35395,1.35358,1.3536,0.0
2026-09-07 23:20:00,1.35367,1.35392,1.35363,1.3539,0.0
2026-09-07 23:25:00,1.35388,1.35388,1.35368,1.35383,0.0
2026-09-07 23:30:00,1.35379,1.35385,1.35362,1.35382,0.0
2026-09-07 23:35:00,1.35381,1.35383,1.35364,1.35365,0.0
2026-09-07 23:40:00,1.35368,1.35384,1.35365,1.35377,0.0
2026-09-07 23:45:00,1.35376,1.35399,1.35376,1.35381,0.0
2026-09-07 23:50:00,1.35387,1.35396,1.35375,1.35395,0.0
2026-09-07 23:55:00,1.35393,1.35394,1.35374,1.35375,0.0
2026-09-08 00:00:00,1.3538,1.35392,1.35375,1.35382,0.0
2026-09-08 00:05:00,1.35381,1.35381,1.35367,1.35379,0.0
2026-09-08 00:10:00,1.35376,1.35412,1.35376,1.35408,0.0
2026-09-08 00:15:00,1.35401,1.35433,1.35401,1.35429,0.0
2026-09-08 00:20:00,1.35424,1.35436,1.35398,1.354,0.0
2026-09-08 00:25:00,1.35401,1.35419,1.35393,1.35404,0.0
2026-09-08 00:30:00,1.3541,1.3541,1.35386,1.35388,0.0
2026-09-08 00:35:00,1.35388,1.35415,1.35388,1.35414,0.0
2026-09-08 00:40:00,1.35411,1.35424,1.35393,1.35402,0.0
2026-09-08 00:45:00,1.35401,1.35405,1.35389,1.35404,0.0
2026-09-08 00:50:00,1.35401,1.35426,1.35388,1.35425,0.0
2026-09-08 00:55:00,1.35422,1.35462,1.35408,1.35457,0.0
2026-09-08 01:00:00,1.3545,1.35469,1.35438,1.35467,0.0
2026-09-08 01:05:00,1.35463,1.35468,1.35415,1.35432,0.0
2026-09-08 01:10:00,1.35423,1.35445,1.35423,1.35438,0.0
2026-09-08 01:15:00,1.35437,1.35437,1.35415,1.35416,0.0
2026-09-08 01:20:00,1.35419,1.3543,1.35416,1.35428,0.0
2026-09-08 01:25:00,1.35419,1.35446,1.35419,1.35446,0.0
2026-09-08 01:30:00,1.35443,1.35443,1.35417,1.35418,0.0
2026-09-08 01:35:00,1.3542,1.35428,1.35417,1.35426,0.0
2026-09-08 01:40:00,1.35423,1.35434,1.35415,1.35422,0.0
2026-09-08 01:45:00,1.3542,1.35425,1.35413,1.35414,0.0
2026-09-08 01:50:00,1.35414,1.35423,1.35406,1.35408,0.0
2026-09-08 01:55:00,1.35407,1.3541,1.354,1.35404,0.0
2026-09-08 02:00:00,1.35403,1.35403,1.35389,1.35393,0.0
2026-09-08 02:05:00,1.35391,1.35413,1.35383,1.35411,0.0
2026-09-08 02:10:00,1.35407,1.35424,1.35405,1.35418,0.0
2026-09-08 02:15:00,1.35412,1.35421,1.35406,1.35406,0.0
2026-09-08 02:20:00,1.35407,1.35414,1.35406,1.35409,0.0
2026-09-08 02:25:00,1.35406,1.35432,1.35402,1.35432,0.0
2026-09-08 02:30:00,1.35428,1.35447,1.35428,1.35444,0.0
2026-09-08 02:35:00,1.35438,1.35452,1.35438,1.35445,0.0
2026-09-08 02:40:00,1.35446,1.35466,1.35446,1.35462,0.0
2026-09-08 02:45:00,1.3546,1.35472,1.35454,1.35469,0.0
2026-09-08 02:50:00,1.35467,1.3548,1.35465,1.35467,0.0
2026-09-08 02:55:00,1.35469,1.35473,1.35465,1.35467,0.0
2026-09-08 03:00:00,1.35468,1.35472,1.35444,1.35452,0.0
2026-09-08 03:05:00,1.3545,1.35452,1.35444,1.35449,0.0
2026-09-08 03:10:00,1.35446,1.35451,1.35435,1.35436,0.0
2026-09-08 03:15:00,1.35441,1.35451,1.35437,1.35439,0.0
2026-09-08 03:20:00,1.35441,1.35441,1.35426,1.35433,0.0
2026-09-08 03:25:00,1.3543,1.35438,1.35426,1.35427,0.0
2026-09-08 03:30:00,1.35428,1.35436,1.35428,1.35434,0.0
2026-09-08 03:35:00,1.35431,1.35434,1.35427,1.35428,0.0
2026-09-08 03:40:00,1.35429,1.35436,1.35427,1.35433,0.0
2026-09-08 03:45:00,1.35431,1.35436,1.35423,1.35425,0.0
2026-09-08 03:50:00,1.35427,1.35427,1.35417,1.35418,0.0
2026-09-08 03:55:00,1.35419,1.35433,1.35417,1.35431,0.0
2026-09-08 04:00:00,1.3543,1.35434,1.35424,1.35431,0.0
2026-09-08 04:05:00,1.35429,1.35433,1.35421,1.35423,0.0
2026-09-08 04:10:00,1.35425,1.35425,1.35415,1.35417,0.0
2026-09-08 04:15:00,1.35418,1.35425,1.35415,1.35422,0.0
2026-09-08 04:20:00,1.35421,1.35424,1.35416,1.35422,0.0
2026-09-08 04:25:00,1.35419,1.35419,1.35406,1.35413,0.0
2026-09-08 04:30:00,1.3541,1.35419,1.35403,1.35404,0.0
2026-09-08 04:35:00,1.35409,1.35424,1.35409,1.35421,0.0
2026-09-08 04:40:00,1.3542,1.35428,1.35419,1.35426,0.0
2026-09-08 04:45:00,1.35423,1.35426,1.35415,1.35416,0.0
2026-09-08 04:50:00,1.35415,1.35419,1.35406,1.35407,0.0
2026-09-08 04:55:00,1.35409,1.35416,1.35407,1.35413,0.0
2026-09-08 05:00:00,1.35412,1.35423,1.35411,1.35421,0.0
2026-09-08 05:05:00,1.35418,1.35421,1.35406,1.35411,0.0
2026-09-08 05:10:00,1.35409,1.35416,1.35408,1.35414,0.0
2026-09-08 05:15:00,1.35411,1.35415,1.35404,1.35407,0.0
2026-09-08 05:20:00,1.35406,1.3541,1.35399,1.35404,0.0
2026-09-08 05:25:00,1.354,1.3541,1.354,1.35402,0.0
2026-09-08 05:30:00,1.35402,1.35403,1.35391,1.35393,0.0
2026-09-08 05:35:00,1.35394,1.35403,1.35389,1.354,0.0
2026-09-08 05:40:00,1.35398,1.35406,1.35396,1.35404,0.0
2026-09-08 05:45:00,1.35402,1.35406,1.35395,1.35404,0.0
2026-09-08 05:50:00,1.354,1.35405,1.35395,1.35395,0.0
2026-09-08 05:55:00,1.35397,1.35406,1.35397,1.354,0.0
2026-09-08 06:00:00,1.35399,1.35406,1.35399,1.35404,0.0
2026-09-08 06:05:00,1.35401,1.35406,1.35396,1.35399,0.0
2026-09-08 06:10:00,1.35398,1.35404,1.35398,1.35398,0.0
2026-09-08 06:15:00,1.35398,1.35413,1.35397,1.3541,0.0
2026-09-08 06:20:00,1.35408,1.35414,1.35408,1.35411,0.0
2026-09-08 06:25:00,1.35408,1.35416,1.35407,1.35409,0.0
2026-09-08 06:30:00,1.35409,1.35412,1.35406,1.35408,0.0
2026-09-08 06:35:00,1.35408,1.35415,1.35404,1.3541,0.0
2026-09-08 06:40:00,1.35409,1.35414,1.35407,1.35413,0.0
2026-09-08 06:45:00,1.3541,1.35418,1.35408,1.35412,0.0
2026-09-08 06:50:00,1.35412,1.35413,1.35408,1.35408,0.0
2026-09-08 06:55:00,1.35409,1.35416,1.35402,1.35412,0.0
2026-09-08 07:00:00,1.3541,1.35415,1.35397,1.354,0.0
2026-09-08 07:05:00,1.35404,1.35419,1.35384,1.35416,0.0
2026-09-08 07:10:00,1.35412,1.35419,1.354,1.35416,0.0
2026-09-08 07:15:00,1.35414,1.35419,1.35404,1.35415,0.0
2026-09-08 07:20:00,1.35412,1.35426,1.35411,1.35413,0.0
2026-09-08 07:25:00,1.35414,1.35425,1.35414,1.35422,0.0
2026-09-08 07:30:00,1.3542,1.35437,1.35409,1.35415,0.0
2026-09-08 07:35:00,1.35416,1.35428,1.35413,1.35418,0.0
2026-09-08 07:40:00,1.35415,1.35424,1.35415,1.35419,0.0
2026-09-08 07:45:00,1.35416,1.35426,1.35416,1.35418,0.0
2026-09-08 07:50:00,1.3542,1.35429,1.35419,1.35419,0.0
2026-09-08 07:55:00,1.35419,1.35433,1.35419,1.35428,0.0
2026-09-08 08:00:00,1.35425,1.35435,1.35415,1.3542,0.0
2026-09-08 08:05:00,1.35415,1.35427,1.35415,1.35421,0.0
2026-09-08 08:10:00,1.35418,1.3543,1.35417,1.35428,0.0
2026-09-08 08:15:00,1.35425,1.3544,1.3542,1.35437,0.0
2026-09-08 08:20:00,1.35434,1.35441,1.35419,1.3542,0.0
2026-09-08 08:25:00,1.3542,1.35441,1.3542,1.35438,0.0
2026-09-08 08:30:00,1.35433,1.35438,1.35424,1.35426,0.0
2026-09-08 08:35:00,1.35427,1.35431,1.35415,1.35417,0.0
2026-09-08 08:40:00,1.35418,1.35422,1.35415,1.35421,0.0
2026-09-08 08:45:00,1.35419,1.35425,1.35415,1.35417,0.0
2026-09-08 08:50:00,1.35418,1.35432,1.35417,1.35428,0.0
2026-09-08 08:55:00,1.35428,1.35434,1.35425,1.3543,0.0
2026-09-08 09:00:00,1.35427,1.3544,1.35422,1.35439,0.0
2026-09-08 09:05:00,1.35437,1.35453,1.35435,1.35449,0.0
2026-09-08 09:10:00,1.35443,1.35456,1.35443,1.35453,0.0
2026-09-08 09:15:00,1.35448,1.35474,1.35448,1.35472,0.0
2026-09-08 09:20:00,1.35468,1.3548,1.35467,1.35469,0.0
2026-09-08 09:25:00,1.35471,1.35475,1.35453,1.35463,0.0
2026-09-08 09:30:00,1.35464,1.3548,1.35455,1.35462,0.0
2026-09-08 09:35:00,1.35464,1.35479,1.35461,1.35476,0.0
2026-09-08 09:40:00,1.35472,1.35481,1.35466,1.35481,0.0
2026-09-08 09:45:00,1.35478,1.35494,1.35477,1.35482,0.0
2026-09-08 09:50:00,1.35485,1.35492,1.35457,1.35458,0.0
2026-09-08 09:55:00,1.35461,1.35473,1.35452,1.3547,0.0
2026-09-08 10:00:00,1.35466,1.35492,1.35465,1.35478,0.0
2026-09-08 10:05:00,1.35483,1.35483,1.35448,1.3546,0.0
2026-09-08 10:10:00,1.35456,1.35467,1.35425,1.35428,0.0
2026-09-08 10:15:00,1.35433,1.35433,1.35413,1.35427,0.0
2026-09-08 10:20:00,1.35423,1.35443,1.35423,1.35427,0.0
2026-09-08 10:25:00,1.35428,1.35455,1.35427,1.35452,0.0
2026-09-08 10:30:00,1.35448,1.35457,1.35446,1.35452,0.0
2026-09-08 10:35:00,1.3545,1.35453,1.35438,1.35447,0.0
2026-09-08 10:40:00,1.35444,1.35455,1.35435,1.35437,0.0
2026-09-08 10:45:00,1.3544,1.35442,1.35432,1.35435,0.0
2026-09-08 10:50:00,1.35435,1.35453,1.35431,1.35451,0.0
2026-09-08 10:55:00,1.35446,1.35455,1.35431,1.35434,0.0
2026-09-08 11:00:00,1.35437,1.35442,1.35424,1.35428,0.0
2026-09-08 11:05:00,1.35434,1.35448,1.35414,1.35441,0.0
2026-09-08 11:10:00,1.35431,1.35453,1.35431,1.35441,0.0
2026-09-08 11:15:00,1.3544,1.35467,1.35439,1.35466,0.0
2026-09-08 11:20:00,1.35462,1.35478,1.35438,1.35475,0.0
2026-09-08 11:25:00,1.35467,1.35499,1.35467,1.35489,0.0
2026-09-08 11:30:00,1.35492,1.35492,1.35466,1.3547,0.0
2026-09-08 11:35:00,1.35469,1.3547,1.35452,1.35469,0.0
2026-09-08 11:40:00,1.35465,1.35465,1.35442,1.35461,0.0
2026-09-08 11:45:00,1.35455,1.35467,1.35455,1.35461,0.0
2026-09-08 11:50:00,1.35462,1.35462,1.35439,1.35458,0.0
2026-09-08 11:55:00,1.35455,1.35473,1.35455,1.35471,0.0
2026-09-08 12:00:00,1.35462,1.3549,1.35462,1.35486,0.0
2026-09-08 12:05:00,1.35484,1.35484,1.35446,1.35448,0.0
2026-09-08 12:10:00,1.35452,1.35463,1.35431,1.35434,0.0
2026-09-08 12:15:00,1.35438,1.35452,1.3543,1.3545,0.0
2026-09-08 12:20:00,1.35448,1.35457,1.35434,1.35442,0.0
2026-09-08 12:25:00,1.35443,1.35457,1.35408,1.3541,0.0
2026-09-08 12:30:00,1.35412,1.35412,1.35382,1.35387,0.0
2026-09-08 12:35:00,1.35385,1.35387,1.35356,1.35361,0.0
2026-09-08 12:40:00,1.35357,1.35376,1.35357,1.35374,0.0
2026-09-08 12:45:00,1.35371,1.3538,1.35362,1.35362,0.0
2026-09-08 12:50:00,1.35362,1.35365,1.35345,1.3535,0.0
2026-09-08 12:55:00,1.35348,1.35353,1.35347,1.35352,0.0
2026-09-08 13:00:00,1.35349,1.35356,1.35342,1.35347,0.0
2026-09-08 13:05:00,1.35348,1.35364,1.35347,1.35358,0.0
2026-09-08 13:10:00,1.3536,1.35362,1.35347,1.35356,0.0
2026-09-08 13:15:00,1.35353,1.35375,1.35353,1.35373,0.0
2026-09-08 13:20:00,1.35364,1.35386,1.35364,1.35373,0.0
2026-09-08 13:25:00,1.35374,1.35385,1.35374,1.35378,0.0
2026-09-08 13:30:00,1.3538,1.35394,1.35362,1.35364,0.0
2026-09-08 13:35:00,1.35367,1.35378,1.35367,1.35378,0.0
2026-09-08 13:40:00,1.35374,1.35397,1.35374,1.35395,0.0
2026-09-08 13:45:00,1.35392,1.35403,1.35389,1.35402,0.0
2026-09-08 13:50:00,1.35399,1.35404,1.3537,1.35373,0.0
2026-09-08 13:55:00,1.35376,1.35382,1.35367,1.35382,0.0
2026-09-08 14:00:00,1.35378,1.35387,1.35373,1.35382,0.0
2026-09-08 14:05:00,1.35378,1.35388,1.35375,1.35376,0.0
2026-09-08 14:10:00,1.35377,1.35385,1.35371,1.35382,0.0
2026-09-08 14:15:00,1.35379,1.35379,1.35366,1.3537,0.0
2026-09-08 14:20:00,1.35368,1.35391,1.35357,1.35387,0.0
2026-09-08 14:25:00,1.3538,1.35388,1.35369,1.35369,0.0
2026-09-08 14:30:00,1.3537,1.35384,1.35365,1.35381,0.0
2026-09-08 14:35:00,1.35378,1.35378,1.3536,1.35366,0.0
2026-09-08 14:40:00,1.35363,1.35386,1.35362,1.35381,0.0
2026-09-08 14:45:00,1.35375,1.35392,1.35375,1.35382,0.0
2026-09-08 14:50:00,1.35384,1.35392,1.35377,1.35378,0.0
2026-09-08 14:55:00,1.35377,1.35399,1.35377,1.35399,0.0
2026-09-08 15:00:00,1.35397,1.35415,1.35397,1.35405,0.0
2026-09-08 15:05:00,1.35407,1.35412,1.354,1.35408,0.0
2026-09-08 15:10:00,1.35406,1.35414,1.35395,1.35404,0.0
2026-09-08 15:15:00,1.35401,1.35421,1.35391,1.35419,0.0
2026-09-08 15:20:00,1.35418,1.35418,1.35398,1.354,0.0
2026-09-08 15:25:00,1.35403,1.35403,1.35384,1.35385,0.0
2026-09-08 15:30:00,1.35386,1.35389,1.35371,1.35387,0.0
2026-09-08 15:35:00,1.35383,1.35402,1.35374,1.35401,0.0
2026-09-08 15:40:00,1.354,1.35415,1.35388,1.35412,0.0
2026-09-08 15:45:00,1.35408,1.35414,1.35391,1.35392,0.0
2026-09-08 15:50:00,1.35394,1.35406,1.35394,1.35397,0.0
2026-09-08 15:55:00,1.35398,1.35436,1.35396,1.35431,0.0
2026-09-08 16:00:00,1.3542,1.3549,1.3542,1.35484,0.0
2026-09-08 16:05:00,1.35477,1.35536,1.35477,1.35496,0.0
2026-09-08 16:10:00,1.35507,1.35507,1.35437,1.3544,0.0
2026-09-08 16:15:00,1.35442,1.35454,1.35419,1.35426,0.0
2026-09-08 16:20:00,1.35437,1.35437,1.35352,1.35356,0.0
2026-09-08 16:25:00,1.35367,1.3539,1.35367,1.35384,0.0
2026-09-08 16:30:00,1.35385,1.35397,1.35367,1.35393,0.0
2026-09-08 16:35:00,1.35385,1.35385,1.35355,1.35379,0.0
2026-09-08 16:40:00,1.35369,1.3542,1.35369,1.35415,0.0
2026-09-08 16:45:00,1.35409,1.35429,1.35386,1.35399,0.0
2026-09-08 16:50:00,1.35393,1.35408,1.35378,1.3538,0.0
2026-09-08 16:55:00,1.3538,1.35405,1.35369,1.35371,0.0
2026-09-08 17:00:00,1.35374,1.35395,1.35342,1.35352,0.0
2026-09-08 17:05:00,1.35372,1.3541,1.35372,1.35406,0.0
2026-09-08 17:10:00,1.35405,1.35407,1.35374,1.35399,0.0
2026-09-08 17:15:00,1.35392,1.35405,1.35378,1.35389,0.0
2026-09-08 17:20:00,1.35383,1.354,1.35347,1.3535,0.0
2026-09-08 17:25:00,1.35355,1.35356,1.35338,1.35351,0.0
2026-09-08 17:30:00,1.35349,1.35395,1.35349,1.35389,0.0
2026-09-08 17:35:00,1.35379,1.35379,1.35339,1.35342,0.0
2026-09-08 17:40:00,1.35346,1.35346,1.3527,1.35275,0.0
2026-09-08 17:45:00,1.3528,1.35318,1.3528,1.35317,0.0
2026-09-08 17:50:00,1.35313,1.35334,1.35296,1.3533,0.0
2026-09-08 17:55:00,1.35323,1.35323,1.35296,1.35313,0.0
2026-09-08 18:00:00,1.35311,1.35336,1.35307,1.35334,0.0
2026-09-08 18:05:00,1.35328,1.35353,1.35302,1.35311,0.0
2026-09-08 18:10:00,1.35328,1.35328,1.35269,1.35275,0.0
2026-09-08 18:15:00,1.35285,1.35285,1.35227,1.35252,0.0
2026-09-08 18:20:00,1.35242,1.3528,1.35242,1.35278,0.0
2026-09-08 18:25:00,1.35275,1.35307,1.3527,1.353,0.0
2026-09-08 18:30:00,1.35297,1.35329,1.35291,1.35328,0.0
2026-09-08 18:35:00,1.35325,1.35329,1.35292,1.3531,0.0
2026-09-08 18:40:00,1.35303,1.35314,1.35289,1.35291,0.0
2026-09-08 18:45:00,1.35291,1.35305,1.35261,1.3527,0.0
2026-09-08 18:50:00,1.35268,1.35281,1.3525,1.35261,0.0
2026-09-08 18:55:00,1.35257,1.35267,1.35241,1.35242,0.0
2026-09-08 19:00:00,1.35243,1.35272,1.35243,1.35255,0.0
2026-09-08 19:05:00,1.35258,1.3531,1.35251,1.35255,0.0
2026-09-08 19:10:00,1.35259,1.35259,1.35237,1.35239,0.0
2026-09-08 19:15:00,1.3524,1.3526,1.3524,1.35246,0.0
2026-09-08 19:20:00,1.35247,1.35259,1.35236,1.35257,0.0
2026-09-08 19:25:00,1.35254,1.35257,1.35245,1.35252,0.0
2026-09-08 19:30:00,1.3525,1.35271,1.35248,1.3526,0.0
2026-09-08 19:35:00,1.3526,1.35302,1.35256,1.35298,0.0
2026-09-08 19:40:00,1.35292,1.35334,1.35292,1.35302,0.0
2026-09-08 19:45:00,1.3531,1.3531,1.35272,1.35275,0.0
2026-09-08 19:50:00,1.35279,1.35298,1.35267,1.35277,0.0
2026-09-08 19:55:00,1.35287,1.35318,1.35265,1.35315,0.0
2026-09-08 20:00:00,1.35309,1.35328,1.35258,1.3526,0.0
2026-09-08 20:05:00,1.35263,1.35293,1.35254,1.3529,0.0
2026-09-08 20:10:00,1.35287,1.35305,1.35269,1.35303,0.0
2026-09-08 20:15:00,1.35296,1.35303,1.35288,1.35289,0.0
2026-09-08 20:20:00,1.35293,1.35358,1.35291,1.353,0.0
2026-09-08 20:25:00,1.35307,1.35307,1.35284,1.35295,0.0
2026-09-08 20:30:00,1.35293,1.35301,1.35256,1.35259,0.0
2026-09-08 20:35:00,1.35263,1.35263,1.35227,1.35229,0.0
2026-09-08 20:40:00,1.35231,1.35237,1.35223,1.35235,0.0
2026-09-08 20:45:00,1.35234,1.35256,1.35228,1.35255,0.0
2026-09-08 20:50:00,1.35248,1.35283,1.35248,1.35271,0.0
2026-09-08 20:55:00,1.35272,1.353,1.35264,1.35297,0.0
2026-09-08 21:00:00,1.35292,1.35301,1.35261,1.35263,0.0
2026-09-08 21:05:00,1.35265,1.35266,1.35247,1.35262,0.0
2026-09-08 21:10:00,1.35249,1.35276,1.35227,1.35228,0.0
2026-09-08 21:15:00,1.35229,1.35302,1.35229,1.35292,0.0
2026-09-08 21:20:00,1.35278,1.35335,1.35278,1.35334,0.0
2026-09-08 21:25:00,1.35331,1.35359,1.35331,1.35356,0.0
2026-09-08 21:30:00,1.35352,1.35391,1.35352,1.35387,0.0
2026-09-08 21:35:00,1.35379,1.3543,1.35374,1.35428,0.0
2026-09-08 21:40:00,1.35422,1.35426,1.3538,1.35383,0.0
2026-09-08 21:45:00,1.35385,1.35387,1.35362,1.35364,0.0
2026-09-08 21:50:00,1.35361,1.35393,1.3534,1.35342,0.0
2026-09-08 21:55:00,1.35345,1.35461,1.35342,1.3545,0.0
2026-09-08 22:00:00,1.35435,1.35472,1.35433,1.35454,0.0
2026-09-08 22:05:00,1.35452,1.35473,1.35444,1.35471,0.0
2026-09-08 22:10:00,1.35468,1.35468,1.35447,1.3546,0.0
2026-09-08 22:15:00,1.35459,1.3547,1.35404,1.35434,0.0
2026-09-08 22:20:00,1.35441,1.35481,1.35441,1.35463,0.0
2026-09-08 22:25:00,1.35466,1.35504,1.35466,1.35501,0.0
2026-09-08 22:30:00,1.35489,1.35527,1.35487,1.35516,0.0
2026-09-08 22:35:00,1.3551,1.35538,1.35507,1.35509,0.0
2026-09-08 22:40:00,1.35514,1.35522,1.35489,1.35494,0.0
2026-09-08 22:45:00,1.35497,1.35533,1.35496,1.35529,0.0
2026-09-08 22:50:00,1.35514,1.35559,1.35514,1.35533,0.0
2026-09-08 22:55:00,1.35537,1.35562,1.35527,1.35529,0.0
2026-09-08 23:00:00,1.35536,1.35551,1.3552,1.35523,0.0
2026-09-08 23:05:00,1.35527,1.35577,1.35521,1.35576,0.0
2026-09-08 23:10:00,1.35572,1.35597,1.35561,1.35591,0.0
2026-09-08 23:15:00,1.3559,1.3559,1.35555,1.35578,0.0
2026-09-08 23:20:00,1.35574,1.35612,1.35574,1.3561,0.0
2026-09-08 23:25:00,1.35608,1.35608,1.35545,1.3555,0.0
2026-09-08 23:30:00,1.35557,1.35557,1.35536,1.35548,0.0
2026-09-08 23:35:00,1.35546,1.3556,1.35512,1.35549,0.0
2026-09-08 23:40:00,1.35551,1.35556,1.35531,1.3554,0.0
2026-09-08 23:45:00,1.35539,1.35539,1.35476,1.35509,0.0
2026-09-08 23:50:00,1.35506,1.35533,1.35484,1.35526,0.0
2026-09-08 23:55:00,1.35514,1.35536,1.35512,1.35519,0.0
2026-09-09 00:00:00,1.35517,1.35533,1.35501,1.35504,0.0
2026-09-09 00:05:00,1.35507,1.35523,1.35486,1.35491,0.0
2026-09-09 00:10:00,1.35498,1.35498,1.35443,1.35448,0.0
2026-09-09 00:15:00,1.35456,1.35475,1.3543,1.35471,0.0
2026-09-09 00:20:00,1.35465,1.35506,1.35461,1.35504,0.0
2026-09-09 00:25:00,1.35496,1.35542,1.35496,1.35522,0.0
2026-09-09 00:30:00,1.35525,1.35554,1.35508,1.35551,0.0
2026-09-09 00:35:00,1.35547,1.35565,1.35547,1.35555,0.0
2026-09-09 00:40:00,1.35557,1.35558,1.35527,1.35548,0.0
2026-09-09 00:45:00,1.3554,1.35562,1.35534,1.3554,0.0
2026-09-09 00:50:00,1.35551,1.35551,1.35503,1.35505,0.0
2026-09-09 00:55:00,1.35511,1.35525,1.35485,1.35523,0.0
2026-09-09 01:00:00,1.35521,1.35522,1.35485,1.35514,0.0
2026-09-09 01:05:00,1.35508,1.3552,1.35507,1.35518,0.0
2026-09-09 01:10:00,1.35514,1.35565,1.35509,1.35517,0.0
2026-09-09 01:15:00,1.35524,1.35524,1.35489,1.355,0.0
2026-09-09 01:20:00,1.35498,1.35503,1.35468,1.35484,0.0
2026-09-09 01:25:00,1.35476,1.35494,1.35476,1.35484,0.0
2026-09-09 01:30:00,1.35482,1.35489,1.35437,1.35446,0.0
2026-09-09 01:35:00,1.35458,1.35458,1.35417,1.35417,0.0
2026-09-09 01:40:00,1.35418,1.35437,1.35418,1.35435,0.0
2026-09-09 01:45:00,1.35432,1.35432,1.35402,1.35413,0.0
2026-09-09 01:50:00,1.35411,1.35424,1.35401,1.35422,0.0
2026-09-09 01:55:00,1.35419,1.35422,1.35413,1.35421,0.0
2026-09-09 02:00:00,1.35419,1.35425,1.35395,1.35413,0.0
2026-09-09 02:05:00,1.35406,1.35419,1.35389,1.35413,0.0
2026-09-09 02:10:00,1.3541,1.3541,1.35333,1.35335,0.0
2026-09-09 02:15:00,1.35341,1.3536,1.35341,1.35346,0.0
2026-09-09 02:20:00,1.35349,1.35358,1.35332,1.35347,0.0
2026-09-09 02:25:00,1.35343,1.35353,1.35338,1.35352,0.0
2026-09-09 02:30:00,1.35347,1.35366,1.35347,1.35357,0.0
2026-09-09 02:35:00,1.35359,1.35362,1.35334,1.35336,0.0
2026-09-09 02:40:00,1.35341,1.35347,1.35316,1.35319,0.0
2026-09-09 02:45:00,1.35323,1.35326,1.35313,1.35314,0.0
2026-09-09 02:50:00,1.35315,1.35353,1.35308,1.35339,0.0
2026-09-09 02:55:00,1.3534,1.35361,1.35339,1.3536,0.0
2026-09-09 03:00:00,1.35358,1.35395,1.35357,1.3539,0.0
2026-09-09 03:05:00,1.35388,1.35394,1.35371,1.35378,0.0
2026-09-09 03:10:00,1.35379,1.35391,1.35378,1.35379,0.0
2026-09-09 03:15:00,1.35381,1.35391,1.35376,1.35389,0.0
2026-09-09 03:20:00,1.35388,1.35388,1.35367,1.35373,0.0
2026-09-09 03:25:00,1.35369,1.35384,1.35364,1.35377,0.0
2026-09-09 03:30:00,1.3537,1.35393,1.3537,1.35373,0.0
2026-09-09 03:35:00,1.35381,1.35399,1.35364,1.3538,0.0
2026-09-09 03:40:00,1.35377,1.35381,1.35365,1.35374,0.0
2026-09-09 03:45:00,1.35371,1.35386,1.3536,1.35381,0.0
2026-09-09 03:50:00,1.3538,1.35422,1.35374,1.35406,0.0
2026-09-09 03:55:00,1.35408,1.3542,1.35404,1.35418,0.0
2026-09-09 04:00:00,1.35414,1.35427,1.35412,1.35425,0.0
2026-09-09 04:05:00,1.3542,1.35434,1.35404,1.35406,0.0
2026-09-09 04:10:00,1.35409,1.35426,1.35409,1.35418,0.0
2026-09-09 04:15:00,1.35419,1.35424,1.35397,1.35399,0.0
2026-09-09 04:20:00,1.35402,1.35425,1.35402,1.35424,0.0
2026-09-09 04:25:00,1.35419,1.3545,1.35413,1.35435,0.0
2026-09-09 04:30:00,1.35436,1.35472,1.35436,1.35467,0.0
2026-09-09 04:35:00,1.35461,1.35478,1.35461,1.35476,0.0
2026-09-09 04:40:00,1.35472,1.35492,1.35472,1.3549,0.0
2026-09-09 04:45:00,1.35485,1.35527,1.35417,1.35434,0.0
2026-09-09 04:50:00,1.35463,1.35463,1.35386,1.35436,0.0
2026-09-09 04:55:00,1.3542,1.3547,1.3542,1.35441,0.0
2026-09-09 05:00:00,1.35445,1.35475,1.35445,1.35473,0.0
2026-09-09 05:05:00,1.3547,1.35475,1.35455,1.3546,0.0
2026-09-09 05:10:00,1.35459,1.35459,1.35433,1.35446,0.0
2026-09-09 05:15:00,1.35445,1.35446,1.35433,1.35434,0.0
2026-09-09 05:20:00,1.35434,1.35442,1.35425,1.35428,0.0
2026-09-09 05:25:00,1.35432,1.35432,1.35419,1.35428,0.0
2026-09-09 05:30:00,1.35427,1.35433,1.35421,1.35423,0.0
2026-09-09 05:35:00,1.35423,1.35432,1.35413,1.3542,0.0
2026-09-09 05:40:00,1.35421,1.35434,1.35419,1.35433,0.0
2026-09-09 05:45:00,1.3543,1.35438,1.35415,1.35422,0.0
2026-09-09 05:50:00,1.35418,1.3542,1.35386,1.35387,0.0
2026-09-09 05:55:00,1.35389,1.35401,1.3538,1.35396,0.0
2026-09-09 06:00:00,1.35395,1.35415,1.35394,1.35414,0.0
2026-09-09 06:05:00,1.35411,1.35425,1.35386,1.35391,0.0
2026-09-09 06:10:00,1.35389,1.35391,1.35377,1.35388,0.0
2026-09-09 06:15:00,1.35383,1.35403,1.35382,1.354,0.0
2026-09-09 06:20:00,1.35398,1.35424,1.35397,1.35412,0.0
2026-09-09 06:25:00,1.3541,1.35413,1.35393,1.35394,0.0
2026-09-09 06:30:00,1.35395,1.35409,1.35382,1.35394,0.0
2026-09-09 06:35:00,1.35399,1.35422,1.35399,1.35418,0.0
2026-09-09 06:40:00,1.35416,1.35421,1.35404,1.35412,0.0
2026-09-09 06:45:00,1.35409,1.35415,1.35396,1.35397,0.0
2026-09-09 06:50:00,1.35397,1.35415,1.35397,1.35413,0.0
2026-09-09 06:55:00,1.3541,1.35413,1.35399,1.35401,0.0
2026-09-09 07:00:00,1.35404,1.35422,1.35374,1.35385,0.0
2026-09-09 07:05:00,1.35408,1.35408,1.3536,1.35361,0.0
2026-09-09 07:10:00,1.35362,1.3538,1.35356,1.35369,0.0
2026-09-09 07:15:00,1.35367,1.35367,1.3535,1.35353,0.0
2026-09-09 07:20:00,1.35356,1.35369,1.35348,1.35363,0.0
2026-09-09 07:25:00,1.3536,1.35366,1.35352,1.35364,0.0
2026-09-09 07:30:00,1.3536,1.35364,1.35355,1.35357,0.0
2026-09-09 07:35:00,1.35358,1.35366,1.35351,1.35361,0.0
2026-09-09 07:40:00,1.35359,1.3537,1.35349,1.3536,0.0
2026-09-09 07:45:00,1.35361,1.35374,1.35359,1.3536,0.0
2026-09-09 07:50:00,1.35363,1.35371,1.35358,1.35362,0.0
2026-09-09 07:55:00,1.35363,1.35378,1.35361,1.35372,0.0
2026-09-09 08:00:00,1.35369,1.35415,1.35347,1.35414,0.0
2026-09-09 08:05:00,1.35411,1.35411,1.35402,1.35402,0.0
2026-09-09 08:10:00,1.35403,1.35413,1.35399,1.35406,0.0
2026-09-09 08:15:00,1.35407,1.35418,1.35407,1.35414,0.0
2026-09-09 08:20:00,1.35411,1.35418,1.35406,1.35417,0.0
2026-09-09 08:25:00,1.35413,1.35426,1.35411,1.35418,0.0
2026-09-09 08:30:00,1.35419,1.35425,1.35415,1.35416,0.0
2026-09-09 08:35:00,1.35417,1.3542,1.35406,1.3541,0.0
2026-09-09 08:40:00,1.35407,1.35415,1.35404,1.35408,0.0
2026-09-09 08:45:00,1.35405,1.35416,1.35404,1.35413,0.0
2026-09-09 08:50:00,1.35409,1.35421,1.35409,1.35413,0.0
2026-09-09 08:55:00,1.35414,1.35415,1.35407,1.35412,0.0
2026-09-09 09:00:00,1.35409,1.35424,1.35409,1.35415,0.0
2026-09-09 09:05:00,1.35418,1.35424,1.35404,1.35416,0.0
2026-09-09 09:10:00,1.35417,1.35424,1.35411,1.35414,0.0
2026-09-09 09:15:00,1.35414,1.35428,1.35414,1.35425,0.0
2026-09-09 09:20:00,1.35422,1.35425,1.35411,1.35413,0.0
2026-09-09 09:25:00,1.35412,1.35424,1.35412,1.35418,0.0
2026-09-09 09:30:00,1.35419,1.35424,1.35412,1.3542,0.0
2026-09-09 09:35:00,1.35419,1.35419,1.35405,1.35413,0.0
2026-09-09 09:40:00,1.3541,1.35433,1.35409,1.35432,0.0
2026-09-09 09:45:00,1.35429,1.35445,1.35424,1.35442,0.0
2026-09-09 09:50:00,1.35438,1.35443,1.35426,1.35427,0.0
2026-09-09 09:55:00,1.35428,1.35442,1.35426,1.35428,0.0
2026-09-09 10:00:00,1.35429,1.35472,1.35417,1.35471,0.0
2026-09-09 10:05:00,1.35468,1.35473,1.35459,1.3546,0.0
2026-09-09 10:10:00,1.35461,1.3547,1.35454,1.35466,0.0
2026-09-09 10:15:00,1.35465,1.35474,1.35455,1.35472,0.0
2026-09-09 10:20:00,1.35468,1.35474,1.35457,1.35463,0.0
2026-09-09 10:25:00,1.35462,1.35471,1.35452,1.35468,0.0
2026-09-09 10:30:00,1.35463,1.35469,1.35453,1.35455,0.0
2026-09-09 10:35:00,1.35457,1.35457,1.35433,1.35444,0.0
2026-09-09 10:40:00,1.35439,1.35456,1.35439,1.35452,0.0
2026-09-09 10:45:00,1.35448,1.35463,1.35448,1.35451,0.0
2026-09-09 10:50:00,1.35454,1.35472,1.35452,1.35462,0.0
2026-09-09 10:55:00,1.35464,1.35483,1.35457,1.35482,0.0
2026-09-09 11:00:00,1.35478,1.35496,1.35435,1.35437,0.0
2026-09-09 11:05:00,1.35439,1.35462,1.35437,1.35459,0.0
2026-09-09 11:10:00,1.35454,1.35465,1.35454,1.35461,0.0
2026-09-09 11:15:00,1.3546,1.35477,1.35459,1.35465,0.0
2026-09-09 11:20:00,1.35462,1.35465,1.35437,1.35439,0.0
2026-09-09 11:25:00,1.35439,1.35443,1.35435,1.35438,0.0
2026-09-09 11:30:00,1.35438,1.35438,1.35424,1.35427,0.0
2026-09-09 11:35:00,1.35426,1.35432,1.35422,1.35428,0.0
2026-09-09 11:40:00,1.35425,1.35436,1.35417,1.35432,0.0
2026-09-09 11:45:00,1.35429,1.35446,1.35429,1.35435,0.0
2026-09-09 11:50:00,1.35436,1.35445,1.35426,1.35443,0.0
2026-09-09 11:55:00,1.35437,1.35463,1.35437,1.3546,0.0
2026-09-09 12:00:00,1.35456,1.35465,1.35433,1.35435,0.0
2026-09-09 12:05:00,1.35438,1.3544,1.35424,1.35426,0.0
2026-09-09 12:10:00,1.35431,1.35452,1.35431,1.35438,0.0
2026-09-09 12:15:00,1.35445,1.35445,1.3543,1.35433,0.0
2026-09-09 12:20:00,1.3543,1.35444,1.35421,1.35422,0.0
2026-09-09 12:25:00,1.35423,1.35431,1.35417,1.35417,0.0
2026-09-09 12:30:00,1.35418,1.35435,1.35416,1.35432,0.0
2026-09-09 12:35:00,1.35428,1.35435,1.35421,1.3543,0.0
2026-09-09 12:40:00,1.35428,1.35441,1.35426,1.35439,0.0
2026-09-09 12:45:00,1.35434,1.35468,1.35434,1.35458,0.0
2026-09-09 12:50:00,1.35459,1.35467,1.35448,1.35463,0.0
2026-09-09 12:55:00,1.35461,1.35472,1.35454,1.35471,0.0
2026-09-09 13:00:00,1.35469,1.35474,1.35463,1.35471,0.0
2026-09-09 13:05:00,1.35467,1.35471,1.35452,1.35454,0.0
2026-09-09 13:10:00,1.35457,1.35474,1.35454,1.35459,0.0
2026-09-09 13:15:00,1.35462,1.35464,1.3545,1.35458,0.0
2026-09-09 13:20:00,1.35454,1.35462,1.35445,1.35446,0.0
2026-09-09 13:25:00,1.35449,1.35465,1.35449,1.35459,0.0
2026-09-09 13:30:00,1.3546,1.35468,1.35444,1.35452,0.0
2026-09-09 13:35:00,1.35449,1.35475,1.35449,1.35472,0.0
2026-09-09 13:40:00,1.3547,1.35483,1.35468,1.35472,0.0
2026-09-09 13:45:00,1.35473,1.35484,1.35473,1.35481,0.0
2026-09-09 13:50:00,1.35478,1.35489,1.35466,1.35469,0.0
2026-09-09 13:55:00,1.35475,1.35475,1.35453,1.35463,0.0
2026-09-09 14:00:00,1.35462,1.35472,1.35443,1.35468,0.0
2026-09-09 14:05:00,1.35461,1.3547,1.35461,1.35468,0.0
2026-09-09 14:10:00,1.35465,1.35474,1.35464,1.35471,0.0
2026-09-09 14:15:00,1.35468,1.35473,1.3546,1.35462,0.0
2026-09-09 14:20:00,1.35463,1.35479,1.35455,1.35474,0.0
2026-09-09 14:25:00,1.35468,1.35493,1.35468,1.35491,0.0
2026-09-09 14:30:00,1.35489,1.35498,1.35478,1.35496,0.0
2026-09-09 14:35:00,1.3549,1.3549,1.35476,1.35478,0.0
2026-09-09 14:40:00,1.35478,1.35482,1.35465,1.35478,0.0
2026-09-09 14:45:00,1.35473,1.35488,1.35472,1.35485,0.0
2026-09-09 14:50:00,1.3548,1.35489,1.35474,1.35485,0.0
2026-09-09 14:55:00,1.35481,1.35512,1.35481,1.3551,0.0
2026-09-09 15:00:00,1.35506,1.35511,1.35491,1.35493,0.0
2026-09-09 15:05:00,1.355,1.3552,1.355,1.35515,0.0
2026-09-09 15:10:00,1.35516,1.35533,1.35514,1.35521,0.0
2026-09-09 15:15:00,1.35518,1.35525,1.35507,1.35508,0.0
2026-09-09 15:20:00,1.35506,1.35532,1.35506,1.35528,0.0
2026-09-09 15:25:00,1.35522,1.35548,1.35522,1.35546,0.0
2026-09-09 15:30:00,1.35541,1.35549,1.35523,1.35531,0.0
2026-09-09 15:35:00,1.35528,1.35533,1.35513,1.35525,0.0
2026-09-09 15:40:00,1.35524,1.35525,1.35512,1.35513,0.0
2026-09-09 15:45:00,1.35515,1.35525,1.35487,1.35491,0.0
2026-09-09 15:50:00,1.35491,1.35511,1.35489,1.35509,0.0
2026-09-09 15:55:00,1.35504,1.35531,1.35504,1.35531,0.0
2026-09-09 16:00:00,1.35529,1.35568,1.35525,1.35561,0.0
2026-09-09 16:05:00,1.35552,1.35567,1.35538,1.35539,0.0
2026-09-09 16:10:00,1.3554,1.35574,1.35534,1.35573,0.0
2026-09-09 16:15:00,1.35568,1.35628,1.35563,1.35626,0.0
2026-09-09 16:20:00,1.35622,1.35627,1.35591,1.35598,0.0
2026-09-09 16:25:00,1.35599,1.35599,1.35585,1.3559,0.0
2026-09-09 16:30:00,1.35589,1.35617,1.35582,1.35615,0.0
2026-09-09 16:35:00,1.35612,1.3562,1.35606,1.35619,0.0
2026-09-09 16:40:00,1.35616,1.35617,1.35569,1.3557,0.0
2026-09-09 16:45:00,1.35572,1.35595,1.35559,1.35591,0.0
2026-09-09 16:50:00,1.3559,1.3559,1.35571,1.3558,0.0
2026-09-09 16:55:00,1.35577,1.35601,1.35565,1.35599,0.0
2026-09-09 17:00:00,1.35597,1.35612,1.35593,1.35606,0.0
2026-09-09 17:05:00,1.35606,1.35624,1.35593,1.35621,0.0
2026-09-09 17:10:00,1.35619,1.35664,1.35615,1.35662,0.0
2026-09-09 17:15:00,1.35658,1.35682,1.35658,1.35676,0.0
2026-09-09 17:20:00,1.35675,1.35675,1.35628,1.35629,0.0
2026-09-09 17:25:00,1.35632,1.35635,1.35599,1.35622,0.0
2026-09-09 17:30:00,1.3562,1.35621,1.35588,1.35592,0.0
2026-09-09 17:35:00,1.35597,1.35632,1.35582,1.35626,0.0
2026-09-09 17:40:00,1.35617,1.35637,1.35617,1.35625,0.0
2026-09-09 17:45:00,1.35628,1.35648,1.35621,1.35625,0.0
2026-09-09 17:50:00,1.3563,1.3563,1.35575,1.35579,0.0
2026-09-09 17:55:00,1.35583,1.35598,1.3557,1.35596,0.0
2026-09-09 18:00:00,1.35594,1.35595,1.35533,1.35534,0.0
2026-09-09 18:05:00,1.35537,1.35544,1.35481,1.35486,0.0
2026-09-09 18:10:00,1.35495,1.35495,1.35461,1.35493,0.0
2026-09-09 18:15:00,1.35487,1.35511,1.3547,1.35491,0.0
2026-09-09 18:20:00,1.35486,1.35509,1.35479,1.3548,0.0
2026-09-09 18:25:00,1.35482,1.35482,1.35457,1.3546,0.0
2026-09-09 18:30:00,1.35464,1.35471,1.35458,1.35471,0.0
2026-09-09 18:35:00,1.35467,1.35479,1.35448,1.3545,0.0
2026-09-09 18:40:00,1.35454,1.35463,1.35443,1.35444,0.0
2026-09-09 18:45:00,1.35446,1.35466,1.35435,1.35457,0.0
2026-09-09 18:50:00,1.35456,1.35456,1.35439,1.3544,0.0
2026-09-09 18:55:00,1.35441,1.35462,1.3543,1.35432,0.0
2026-09-09 19:00:00,1.35435,1.35444,1.35422,1.35439,0.0
2026-09-09 19:05:00,1.35433,1.35446,1.3542,1.35437,0.0
2026-09-09 19:10:00,1.35433,1.35441,1.35413,1.35415,0.0
2026-09-09 19:15:00,1.35415,1.35452,1.35415,1.3545,0.0
2026-09-09 19:20:00,1.35447,1.35467,1.35446,1.35462,0.0
2026-09-09 19:25:00,1.35455,1.35485,1.35455,1.35482,0.0
2026-09-09 19:30:00,1.35479,1.35479,1.35441,1.35445,0.0
2026-09-09 19:35:00,1.35452,1.35454,1.35405,1.35452,0.0
2026-09-09 19:40:00,1.35448,1.35458,1.35442,1.35443,0.0
2026-09-09 19:45:00,1.35445,1.35445,1.35396,1.354,0.0
2026-09-09 19:50:00,1.35406,1.35408,1.3536,1.35367,0.0
2026-09-09 19:55:00,1.3538,1.3538,1.35331,1.35332,0.0
2026-09-09 20:00:00,1.35335,1.3534,1.35309,1.35329,0.0
2026-09-09 20:05:00,1.35323,1.35356,1.35323,1.35353,0.0
2026-09-09 20:10:00,1.3535,1.35378,1.35334,1.35342,0.0
2026-09-09 20:15:00,1.35358,1.35358,1.353,1.35343,0.0
2026-09-09 20:20:00,1.35336,1.35366,1.35336,1.35359,0.0
2026-09-09 20:25:00,1.3536,1.35369,1.35346,1.35366,0.0
2026-09-09 20:30:00,1.35363,1.35374,1.35349,1.35371,0.0
2026-09-09 20:35:00,1.35363,1.35419,1.35363,1.35417,0.0
2026-09-09 20:40:00,1.35413,1.3542,1.35393,1.35394,0.0
2026-09-09 20:45:00,1.35395,1.35415,1.35383,1.35413,0.0
2026-09-09 20:50:00,1.35408,1.35422,1.35385,1.3539,0.0
2026-09-09 20:55:00,1.354,1.354,1.35353,1.35355,0.0
2026-09-09 21:00:00,1.3536,1.35376,1.35358,1.3536,0.0
2026-09-09 21:05:00,1.35363,1.35393,1.35363,1.35379,0.0
2026-09-09 21:10:00,1.35377,1.35407,1.35377,1.35393,0.0
2026-09-09 21:15:00,1.35389,1.35461,1.3537,1.35445,0.0
2026-09-09 21:20:00,1.35422,1.35526,1.35422,1.35521,0.0
2026-09-09 21:25:00,1.35511,1.35613,1.35511,1.3561,0.0
2026-09-09 21:30:00,1.35598,1.35653,1.35584,1.35644,0.0
2026-09-09 21:35:00,1.35636,1.35637,1.35604,1.35608,0.0
2026-09-09 21:40:00,1.35608,1.35623,1.3559,1.35598,0.0
2026-09-09 21:45:00,1.3561,1.35633,1.35579,1.35621,0.0
2026-09-09 21:50:00,1.35587,1.35659,1.35587,1.3559,0.0
2026-09-09 21:55:00,1.35592,1.35615,1.35573,1.35613,0.0
2026-09-09 22:00:00,1.3561,1.35649,1.35606,1.35614,0.0
2026-09-09 22:05:00,1.35616,1.35628,1.35596,1.35627,0.0
2026-09-09 22:10:00,1.35621,1.35659,1.35607,1.35621,0.0
2026-09-09 22:15:00,1.35627,1.35627,1.3559,1.35592,0.0
2026-09-09 22:20:00,1.35596,1.3561,1.35578,1.35581,0.0
2026-09-09 22:25:00,1.35585,1.35585,1.35557,1.35565,0.0
2026-09-09 22:30:00,1.35562,1.35568,1.35533,1.35551,0.0
2026-09-09 22:35:00,1.35547,1.35572,1.35543,1.35552,0.0
2026-09-09 22:40:00,1.35554,1.35564,1.35523,1.35538,0.0
2026-09-09 22:45:00,1.35536,1.35561,1.35519,1.35525,0.0
2026-09-09 22:50:00,1.35535,1.35535,1.3549,1.35498,0.0
2026-09-09 22:55:00,1.35496,1.35506,1.35481,1.35501,0.0
2026-09-09 23:00:00,1.35496,1.35558,1.35496,1.35556,0.0
2026-09-09 23:05:00,1.3555,1.35554,1.35544,1.35552,0.0
2026-09-09 23:10:00,1.35548,1.35577,1.35548,1.35576,0.0
2026-09-09 23:15:00,1.35572,1.35572,1.35516,1.35518,0.0
2026-09-09 23:20:00,1.35523,1.35529,1.35498,1.355,0.0
2026-09-09 23:25:00,1.35501,1.35535,1.35501,1.35534,0.0
2026-09-09 23:30:00,1.3553,1.35586,1.35528,1.35582,0.0
2026-09-09 23:35:00,1.35574,1.35574,1.35556,1.35556,0.0
2026-09-09 23:40:00,1.35556,1.35576,1.3552,1.35566,0.0
2026-09-09 23:45:00,1.35543,1.35615,1.35543,1.35613,0.0
2026-09-09 23:50:00,1.3561,1.35618,1.35571,1.35572,0.0
2026-09-09 23:55:00,1.35574,1.35604,1.35552,1.35556,0.0
2026-09-10 00:00:00,1.35566,1.35601,1.35566,1.35579,0.0
2026-09-10 00:05:00,1.35582,1.35612,1.35582,1.35612,0.0
2026-09-10 00:10:00,1.35608,1.35627,1.35583,1.35589,0.0
2026-09-10 00:15:00,1.35602,1.35632,1.35601,1.35611,0.0
2026-09-10 00:20:00,1.3561,1.35636,1.35597,1.35631,0.0
2026-09-10 00:25:00,1.35622,1.3563,1.35591,1.35619,0.0
2026-09-10 00:30:00,1.35619,1.35629,1.35599,1.35601,0.0
2026-09-10 00:35:00,1.35605,1.35621,1.35601,1.3562,0.0
2026-09-10 00:40:00,1.35618,1.35618,1.35599,1.35601,0.0
2026-09-10 00:45:00,1.35605,1.35613,1.35595,1.35598,0.0
2026-09-10 00:50:00,1.35598,1.35621,1.35596,1.35619,0.0
2026-09-10 00:55:00,1.35616,1.35628,1.35604,1.35623,0.0
2026-09-10 01:00:00,1.35617,1.35643,1.35516,1.35528,0.0
2026-09-10 01:05:00,1.35552,1.35552,1.35459,1.35477,0.0
2026-09-10 01:10:00,1.35475,1.35476,1.35399,1.35413,0.0
2026-09-10 01:15:00,1.35413,1.35433,1.35386,1.3539,0.0
2026-09-10 01:20:00,1.35395,1.35423,1.35355,1.3536,0.0
2026-09-10 01:25:00,1.35368,1.35443,1.35349,1.35437,0.0
2026-09-10 01:30:00,1.35421,1.35463,1.35421,1.35452,0.0
2026-09-10 01:35:00,1.35442,1.35516,1.35442,1.3551,0.0
2026-09-10 01:40:00,1.35509,1.35527,1.35494,1.35515,0.0
2026-09-10 01:45:00,1.35512,1.35516,1.3547,1.35476,0.0
2026-09-10 01:50:00,1.35487,1.35512,1.35458,1.35488,0.0
2026-09-10 01:55:00,1.35492,1.35501,1.35465,1.35467,0.0
2026-09-10 02:00:00,1.35472,1.35529,1.35468,1.35523,0.0
2026-09-10 02:05:00,1.35506,1.35547,1.35489,1.35494,0.0
2026-09-10 02:10:00,1.35504,1.35504,1.35478,1.35488,0.0
2026-09-10 02:15:00,1.35489,1.35496,1.35455,1.35456,0.0
2026-09-10 02:20:00,1.3546,1.35473,1.35459,1.35471,0.0
2026-09-10 02:25:00,1.35464,1.35493,1.35464,1.35471,0.0
2026-09-10 02:30:00,1.35475,1.35494,1.35463,1.35487,0.0
2026-09-10 02:35:00,1.35488,1.35494,1.35477,1.35478,0.0
2026-09-10 02:40:00,1.35479,1.35511,1.35475,1.35509,0.0
2026-09-10 02:45:00,1.35505,1.3554,1.35505,1.35539,0.0
2026-09-10 02:50:00,1.35535,1.35553,1.35529,1.35531,0.0
2026-09-10 02:55:00,1.35536,1.35554,1.35514,1.3552,0.0
2026-09-10 03:00:00,1.35519,1.35553,1.35518,1.35549,0.0
2026-09-10 03:05:00,1.35536,1.35582,1.35536,1.35578,0.0
2026-09-10 03:10:00,1.35577,1.35581,1.35562,1.35564,0.0
2026-09-10 03:15:00,1.3557,1.35581,1.35566,1.35579,0.0
2026-09-10 03:20:00,1.35573,1.35601,1.35573,1.35598,0.0
2026-09-10 03:25:00,1.35595,1.35606,1.35594,1.35604,0.0
2026-09-10 03:30:00,1.35602,1.35608,1.35589,1.35604,0.0
2026-09-10 03:35:00,1.35598,1.35611,1.3557,1.35572,0.0
2026-09-10 03:40:00,1.35576,1.35606,1.35566,1.35603,0.0
2026-09-10 03:45:00,1.356,1.35605,1.35582,1.35584,0.0
2026-09-10 03:50:00,1.35586,1.35591,1.35582,1.35589,0.0
2026-09-10 03:55:00,1.35586,1.35599,1.35582,1.35591,0.0
2026-09-10 04:00:00,1.35592,1.35602,1.35582,1.35599,0.0
2026-09-10 04:05:00,1.35596,1.356,1.35583,1.35586,0.0
2026-09-10 04:10:00,1.35585,1.35595,1.35577,1.35592,0.0
2026-09-10 04:15:00,1.35588,1.35595,1.35556,1.35558,0.0
2026-09-10 04:20:00,1.3556,1.35574,1.3555,1.35572,0.0
2026-09-10 04:25:00,1.35568,1.35569,1.35554,1.35555,0.0
2026-09-10 04:30:00,1.35557,1.35557,1.35532,1.35546,0.0
2026-09-10 04:35:00,1.3554,1.35552,1.35529,1.3553,0.0
2026-09-10 04:40:00,1.35529,1.35536,1.35505,1.35507,0.0
2026-09-10 04:45:00,1.3551,1.35512,1.35485,1.35489,0.0
2026-09-10 04:50:00,1.35494,1.35494,1.35466,1.35468,0.0
2026-09-10 04:55:00,1.35469,1.35477,1.35456,1.3546,0.0
2026-09-10 05:00:00,1.35459,1.3547,1.35431,1.35437,0.0
2026-09-10 05:05:00,1.35447,1.35447,1.35424,1.35441,0.0
2026-09-10 05:10:00,1.35436,1.35441,1.35422,1.35423,0.0
2026-09-10 05:15:00,1.35426,1.35448,1.35426,1.35445,0.0
2026-09-10 05:20:00,1.35443,1.35457,1.35439,1.35455,0.0
2026-09-10 05:25:00,1.35451,1.35451,1.35428,1.35428,0.0
2026-09-10 05:30:00,1.35429,1.35442,1.35428,1.35438,0.0
2026-09-10 05:35:00,1.35434,1.35441,1.35428,1.35434,0.0
2026-09-10 05:40:00,1.35429,1.35452,1.35429,1.35451,0.0
2026-09-10 05:45:00,1.35447,1.35479,1.35439,1.35478,0.0
2026-09-10 05:50:00,1.35474,1.35478,1.3545,1.35461,0.0
2026-09-10 05:55:00,1.35456,1.35465,1.35448,1.3545,0.0
2026-09-10 06:00:00,1.35452,1.35461,1.35446,1.35448,0.0
2026-09-10 06:05:00,1.35449,1.35449,1.35432,1.35433,0.0
2026-09-10 06:10:00,1.35435,1.35444,1.35435,1.35439,0.0
2026-09-10 06:15:00,1.3544,1.35444,1.35415,1.35417,0.0
2026-09-10 06:20:00,1.35419,1.35427,1.35417,1.35427,0.0
2026-09-10 06:25:00,1.35423,1.35455,1.35418,1.35448,0.0
2026-09-10 06:30:00,1.35448,1.35461,1.35446,1.35454,0.0
2026-09-10 06:35:00,1.35455,1.35469,1.35454,1.35465,0.0
2026-09-10 06:40:00,1.35463,1.35465,1.35457,1.35463,0.0
2026-09-10 06:45:00,1.3546,1.35472,1.35459,1.3547,0.0
2026-09-10 06:50:00,1.35466,1.35477,1.35466,1.35475,0.0
2026-09-10 06:55:00,1.35471,1.35483,1.35465,1.35469,0.0
2026-09-10 07:00:00,1.35467,1.35494,1.35454,1.35474,0.0
2026-09-10 07:05:00,1.35477,1.35517,1.35465,1.3551,0.0
2026-09-10 07:10:00,1.35499,1.35529,1.35499,1.35521,0.0
2026-09-10 07:15:00,1.35521,1.35521,1.35507,1.35515,0.0
2026-09-10 07:20:00,1.35508,1.35522,1.35485,1.35512,0.0
2026-09-10 07:25:00,1.35508,1.35508,1.35462,1.35498,0.0
2026-09-10 07:30:00,1.35492,1.35501,1.35485,1.35491,0.0
2026-09-10 07:35:00,1.35493,1.355,1.35474,1.35487,0.0
2026-09-10 07:40:00,1.35485,1.35489,1.35471,1.35484,0.0
2026-09-10 07:45:00,1.35482,1.35487,1.35449,1.35471,0.0
2026-09-10 07:50:00,1.35476,1.35484,1.35474,1.35475,0.0
2026-09-10 07:55:00,1.35477,1.35477,1.35459,1.35469,0.0
2026-09-10 08:00:00,1.35462,1.35492,1.35459,1.35469,0.0
2026-09-10 08:05:00,1.35472,1.35493,1.35471,1.35491,0.0
2026-09-10 08:10:00,1.35487,1.35503,1.35486,1.35496,0.0
2026-09-10 08:15:00,1.35496,1.35507,1.35492,1.35503,0.0
2026-09-10 08:20:00,1.355,1.35521,1.35499,1.35519,0.0
2026-09-10 08:25:00,1.35517,1.35523,1.35515,1.35517,0.0
2026-09-10 08:30:00,1.35517,1.35522,1.35511,1.35511,0.0
2026-09-10 08:35:00,1.35512,1.35517,1.35501,1.35506,0.0
2026-09-10 08:40:00,1.35503,1.35517,1.35498,1.35516,0.0
2026-09-10 08:45:00,1.35512,1.35522,1.35504,1.35506,0.0
2026-09-10 08:50:00,1.35511,1.35521,1.35511,1.35515,0.0
2026-09-10 08:55:00,1.35514,1.35521,1.35505,1.3552,0.0
2026-09-10 09:00:00,1.35514,1.35531,1.35514,1.3552,0.0
2026-09-10 09:05:00,1.35517,1.35522,1.35512,1.3552,0.0
2026-09-10 09:10:00,1.35517,1.35525,1.35514,1.35523,0.0
2026-09-10 09:15:00,1.35519,1.35533,1.35519,1.35531,0.0
2026-09-10 09:20:00,1.35528,1.35531,1.35516,1.35519,0.0
2026-09-10 09:25:00,1.3552,1.3553,1.35517,1.35524,0.0
2026-09-10 09:30:00,1.35525,1.35532,1.35516,1.35517,0.0
2026-09-10 09:35:00,1.35518,1.35524,1.35516,1.35521,0.0
2026-09-10 09:40:00,1.35518,1.35524,1.35511,1.35512,0.0
2026-09-10 09:45:00,1.35513,1.35525,1.35509,1.35509,0.0
2026-09-10 09:50:00,1.35511,1.35521,1.355,1.35502,0.0
2026-09-10 09:55:00,1.35505,1.35505,1.3549,1.35496,0.0
2026-09-10 10:00:00,1.35493,1.35502,1.35476,1.35481,0.0
2026-09-10 10:05:00,1.35477,1.35479,1.35459,1.35467,0.0
2026-09-10 10:10:00,1.3547,1.35493,1.35469,1.35489,0.0
2026-09-10 10:15:00,1.35488,1.35488,1.35479,1.35483,0.0
2026-09-10 10:20:00,1.3548,1.3549,1.35463,1.35464,0.0
2026-09-10 10:25:00,1.35465,1.35474,1.35463,1.3547,0.0
2026-09-10 10:30:00,1.35469,1.35472,1.35449,1.35456,0.0
2026-09-10 10:35:00,1.35454,1.35477,1.3545,1.35475,0.0
2026-09-10 10:40:00,1.35471,1.35484,1.35471,1.35473,0.0
2026-09-10 10:45:00,1.35474,1.35485,1.35467,1.35469,0.0
2026-09-10 10:50:00,1.35474,1.35497,1.35474,1.35495,0.0
2026-09-10 10:55:00,1.35492,1.35497,1.35464,1.35478,0.0
2026-09-10 11:00:00,1.35476,1.35476,1.3546,1.3547,0.0
2026-09-10 11:05:00,1.35469,1.35503,1.35466,1.35499,0.0
2026-09-10 11:10:00,1.35494,1.355,1.35474,1.35494,0.0
2026-09-10 11:15:00,1.35487,1.35519,1.35487,1.35518,0.0
2026-09-10 11:20:00,1.35515,1.35515,1.35494,1.35499,0.0
2026-09-10 11:25:00,1.35497,1.35498,1.35477,1.35477,0.0
2026-09-10 11:30:00,1.3548,1.3549,1.35469,1.35475,0.0
2026-09-10 11:35:00,1.35473,1.35493,1.35473,1.35492,0.0
2026-09-10 11:40:00,1.35489,1.35495,1.35479,1.35486,0.0
2026-09-10 11:45:00,1.35487,1.35523,1.35487,1.35519,0.0
2026-09-10 11:50:00,1.35515,1.3554,1.35515,1.35536,0.0
2026-09-10 11:55:00,1.35527,1.35575,1.35527,1.35574,0.0
2026-09-10 12:00:00,1.35566,1.35601,1.35566,1.35599,0.0
2026-09-10 12:05:00,1.35595,1.35601,1.35586,1.35587,0.0
2026-09-10 12:10:00,1.35587,1.35591,1.35559,1.35572,0.0
2026-09-10 12:15:00,1.3557,1.35571,1.35551,1.35551,0.0
2026-09-10 12:20:00,1.35548,1.3556,1.35548,1.35557,0.0
2026-09-10 12:25:00,1.35557,1.35557,1.35547,1.3555,0.0
2026-09-10 12:30:00,1.35549,1.35549,1.35527,1.35531,0.0
2026-09-10 12:35:00,1.35528,1.35558,1.35527,1.35556,0.0
2026-09-10 12:40:00,1.35548,1.35572,1.35547,1.35564,0.0
2026-09-10 12:45:00,1.35565,1.3557,1.35555,1.35566,0.0
2026-09-10 12:50:00,1.3556,1.35583,1.3556,1.35579,0.0
2026-09-10 12:55:00,1.35577,1.35583,1.35572,1.3558,0.0
2026-09-10 13:00:00,1.35569,1.35601,1.35569,1.35588,0.0
2026-09-10 13:05:00,1.35589,1.35597,1.35558,1.35558,0.0
2026-09-10 13:10:00,1.35558,1.35565,1.35552,1.35561,0.0
2026-09-10 13:15:00,1.35559,1.35561,1.35553,1.35557,0.0
2026-09-10 13:20:00,1.35555,1.35563,1.35542,1.35543,0.0
2026-09-10 13:25:00,1.35548,1.35563,1.35548,1.35561,0.0
2026-09-10 13:30:00,1.35558,1.35563,1.35552,1.35555,0.0
2026-09-10 13:35:00,1.35552,1.35561,1.35552,1.35561,0.0
2026-09-10 13:40:00,1.35559,1.35559,1.35545,1.35547,0.0
2026-09-10 13:45:00,1.35548,1.35553,1.35546,1.35548,0.0
2026-09-10 13:50:00,1.35548,1.35562,1.35548,1.35558,0.0
2026-09-10 13:55:00,1.35556,1.35565,1.35552,1.35565,0.0
2026-09-10 14:00:00,1.35562,1.3557,1.35553,1.35554,0.0
2026-09-10 14:05:00,1.35555,1.3557,1.35554,1.3556,0.0
2026-09-10 14:10:00,1.35561,1.35575,1.35553,1.35572,0.0
2026-09-10 14:15:00,1.3557,1.35573,1.35567,1.35572,0.0
2026-09-10 14:20:00,1.35569,1.35571,1.35557,1.35558,0.0
2026-09-10 14:25:00,1.35559,1.35564,1.35554,1.35555,0.0
2026-09-10 14:30:00,1.35555,1.35568,1.35547,1.35565,0.0
2026-09-10 14:35:00,1.35562,1.35568,1.35556,1.3556,0.0
2026-09-10 14:40:00,1.35559,1.3557,1.3555,1.35551,0.0
2026-09-10 14:45:00,1.35551,1.35552,1.35545,1.35547,0.0
2026-09-10 14:50:00,1.35545,1.35548,1.35532,1.35542,0.0
2026-09-10 14:55:00,1.35539,1.35539,1.35526,1.35539,0.0
2026-09-10 15:00:00,1.35536,1.35551,1.35535,1.35543,0.0
2026-09-10 15:05:00,1.35543,1.35544,1.35528,1.35528,0.0
2026-09-10 15:10:00,1.35528,1.35539,1.35526,1.35537,0.0
2026-09-10 15:15:00,1.35532,1.35554,1.35532,1.35542,0.0
2026-09-10 15:20:00,1.35542,1.35548,1.35536,1.35538,0.0
2026-09-10 15:25:00,1.3554,1.3555,1.3554,1.35541,0.0
2026-09-10 15:30:00,1.35541,1.3557,1.35541,1.35567,0.0
2026-09-10 15:35:00,1.35564,1.3557,1.35545,1.35547,0.0
2026-09-10 15:40:00,1.3555,1.3555,1.35533,1.35534,0.0
2026-09-10 15:45:00,1.35535,1.35545,1.35527,1.35535,0.0
2026-09-10 15:50:00,1.35537,1.35564,1.35534,1.35562,0.0
2026-09-10 15:55:00,1.35558,1.35587,1.35556,1.35584,0.0
2026-09-10 16:00:00,1.35577,1.35588,1.35577,1.35577,0.0
2026-09-10 16:05:00,1.35579,1.35586,1.35573,1.35584,0.0
2026-09-10 16:10:00,1.35582,1.35589,1.35551,1.35554,0.0
2026-09-10 16:15:00,1.35558,1.35569,1.35553,1.35566,0.0
2026-09-10 16:20:00,1.3556,1.35572,1.3556,1.3557,0.0
2026-09-10 16:25:00,1.35566,1.35574,1.35561,1.35565,0.0
2026-09-10 16:30:00,1.35563,1.35569,1.3554,1.35563,0.0
2026-09-10 16:35:00,1.35557,1.35579,1.35557,1.35569,0.0
2026-09-10 16:40:00,1.35569,1.35579,1.3556,1.35563,0.0
2026-09-10 16:45:00,1.35563,1.35579,1.35548,1.35566,0.0
2026-09-10 16:50:00,1.35568,1.3558,1.35551,1.35553,0.0
2026-09-10 16:55:00,1.35552,1.35582,1.35552,1.35579,0.0
2026-09-10 17:00:00,1.35576,1.35577,1.35533,1.35534,0.0
2026-09-10 17:05:00,1.35535,1.35535,1.35514,1.35515,0.0
2026-09-10 17:10:00,1.35516,1.35536,1.35516,1.35534,0.0
2026-09-10 17:15:00,1.35531,1.35557,1.35531,1.35546,0.0
2026-09-10 17:20:00,1.35548,1.35549,1.35534,1.35548,0.0
2026-09-10 17:25:00,1.35546,1.35551,1.35523,1.35525,0.0
2026-09-10 17:30:00,1.35528,1.35567,1.35523,1.35565,0.0
2026-09-10 17:35:00,1.35563,1.35566,1.35543,1.35545,0.0
2026-09-10 17:40:00,1.35547,1.35562,1.35531,1.35557,0.0
2026-09-10 17:45:00,1.3555,1.3556,1.35528,1.35534,0.0
2026-09-10 17:50:00,1.35544,1.35552,1.35522,1.35552,0.0
2026-09-10 17:55:00,1.35547,1.35573,1.35531,1.35532,0.0
2026-09-10 18:00:00,1.35536,1.35544,1.35509,1.35512,0.0
2026-09-10 18:05:00,1.35516,1.35516,1.35484,1.35496,0.0
2026-09-10 18:10:00,1.35492,1.35502,1.35483,1.35485,0.0
2026-09-10 18:15:00,1.35486,1.35512,1.35484,1.3551,0.0
2026-09-10 18:20:00,1.35505,1.35509,1.35487,1.35488,0.0
2026-09-10 18:25:00,1.3549,1.3549,1.35476,1.35485,0.0
2026-09-10 18:30:00,1.35478,1.35502,1.35477,1.35491,0.0
2026-09-10 18:35:00,1.35486,1.35532,1.35479,1.35505,0.0
2026-09-10 18:40:00,1.35509,1.35513,1.35508,1.35509,0.0
2026-09-10 18:45:00,1.35509,1.35529,1.35507,1.35515,0.0
2026-09-10 18:50:00,1.35517,1.35526,1.35505,1.35508,0.0
2026-09-10 18:55:00,1.3551,1.35565,1.35494,1.35557,0.0
2026-09-10 19:00:00,1.35545,1.35569,1.35543,1.35549,0.0
2026-09-10 19:05:00,1.35547,1.35562,1.35532,1.35539,0.0
2026-09-10 19:10:00,1.35546,1.35565,1.35532,1.35564,0.0
2026-09-10 19:15:00,1.35558,1.35573,1.35558,1.35559,0.0
2026-09-10 19:20:00,1.35561,1.35561,1.35527,1.35528,0.0
2026-09-10 19:25:00,1.35529,1.35536,1.355,1.35529,0.0
2026-09-10 19:30:00,1.35523,1.35523,1.35461,1.35472,0.0
2026-09-10 19:35:00,1.3547,1.35477,1.35455,1.35456,0.0
2026-09-10 19:40:00,1.35459,1.35461,1.35421,1.35423,0.0
2026-09-10 19:45:00,1.35427,1.35461,1.35427,1.35449,0.0
2026-09-10 19:50:00,1.35446,1.35479,1.35435,1.35478,0.0
2026-09-10 19:55:00,1.35473,1.35494,1.35473,1.35479,0.0
2026-09-10 20:00:00,1.35483,1.35519,1.35483,1.35516,0.0
2026-09-10 20:05:00,1.3551,1.35533,1.35505,1.35508,0.0
2026-09-10 20:10:00,1.35508,1.35529,1.35508,1.35522,0.0
2026-09-10 20:15:00,1.35521,1.35521,1.35469,1.35472,0.0
2026-09-10 20:20:00,1.35476,1.35476,1.3545,1.35467,0.0
2026-09-10 20:25:00,1.35464,1.35464,1.3543,1.35432,0.0
2026-09-10 20:30:00,1.35434,1.35434,1.35404,1.35409,0.0
2026-09-10 20:35:00,1.35407,1.35408,1.35377,1.35378,0.0
2026-09-10 20:40:00,1.35378,1.35404,1.35375,1.35402,0.0
2026-09-10 20:45:00,1.35398,1.35398,1.35375,1.35386,0.0
2026-09-10 20:50:00,1.35383,1.35404,1.35382,1.35384,0.0
2026-09-10 20:55:00,1.35385,1.35433,1.35376,1.35399,0.0
2026-09-10 21:00:00,1.35402,1.35402,1.35373,1.35375,0.0
2026-09-10 21:05:00,1.35378,1.35386,1.3534,1.35349,0.0
2026-09-10 21:10:00,1.35347,1.35347,1.353,1.35318,0.0
2026-09-10 21:15:00,1.35313,1.35342,1.35313,1.35327,0.0
2026-09-10 21:20:00,1.35332,1.35349,1.35319,1.35321,0.0
2026-09-10 21:25:00,1.35325,1.35368,1.35314,1.35362,0.0
2026-09-10 21:30:00,1.35352,1.35352,1.35314,1.35332,0.0
2026-09-10 21:35:00,1.35333,1.3536,1.35331,1.35357,0.0
2026-09-10 21:40:00,1.35352,1.35363,1.35318,1.35321,0.0
2026-09-10 21:45:00,1.35325,1.35348,1.35314,1.35329,0.0
2026-09-10 21:50:00,1.35317,1.3535,1.35317,1.35321,0.0
2026-09-10 21:55:00,1.35322,1.35322,1.35276,1.35278,0.0
2026-09-10 22:00:00,1.35284,1.35305,1.35248,1.35253,0.0
2026-09-10 22:05:00,1.3526,1.3526,1.3521,1.35216,0.0
2026-09-10 22:10:00,1.35228,1.35228,1.35194,1.352,0.0
2026-09-10 22:15:00,1.35202,1.35214,1.35137,1.35144,0.0
2026-09-10 22:20:00,1.35162,1.35214,1.35162,1.35213,0.0
2026-09-10 22:25:00,1.35209,1.35225,1.3519,1.35224,0.0
2026-09-10 22:30:00,1.35219,1.35283,1.35051,1.35064,0.0
2026-09-10 22:35:00,1.35088,1.35088,1.34953,1.34961,0.0
2026-09-10 22:40:00,1.34971,1.34974,1.34933,1.3497,0.0
2026-09-10 22:45:00,1.3496,1.35102,1.3496,1.35064,0.0
2026-09-10 22:50:00,1.35065,1.35111,1.35058,1.35077,0.0
2026-09-10 22:55:00,1.35079,1.35088,1.35011,1.35076,0.0
2026-09-10 23:00:00,1.35061,1.35117,1.35061,1.35096,0.0
2026-09-10 23:05:00,1.35091,1.35108,1.35035,1.3504,0.0
2026-09-10 23:10:00,1.35047,1.35047,1.35002,1.35005,0.0
2026-09-10 23:15:00,1.35009,1.35015,1.34984,1.34986,0.0
2026-09-10 23:20:00,1.34992,1.35065,1.34985,1.3506,0.0
2026-09-10 23:25:00,1.35051,1.35051,1.3498,1.35019,0.0
2026-09-10 23:30:00,1.35013,1.3508,1.34997,1.35071,0.0
2026-09-10 23:35:00,1.35055,1.3511,1.35055,1.35107,0.0
2026-09-10 23:40:00,1.351,1.35162,1.35067,1.35159,0.0
2026-09-10 23:45:00,1.35149,1.35201,1.35149,1.352,0.0
2026-09-10 23:50:00,1.35195,1.35198,1.35164,1.35189,0.0
2026-09-10 23:55:00,1.35185,1.35185,1.35148,1.35167,0.0
2026-09-11 00:00:00,1.35162,1.35194,1.35156,1.3519,0.0
2026-09-11 00:05:00,1.3518,1.35206,1.35168,1.35174,0.0
2026-09-11 00:10:00,1.35185,1.35185,1.35146,1.35148,0.0
2026-09-11 00:15:00,1.35154,1.35164,1.35135,1.35138,0.0
2026-09-11 00:20:00,1.35146,1.35191,1.35146,1.35188,0.0
2026-09-11 00:25:00,1.35184,1.35224,1.35161,1.35202,0.0
2026-09-11 00:30:00,1.35195,1.35206,1.35169,1.35203,0.0
2026-09-11 00:35:00,1.35198,1.35234,1.35198,1.35208,0.0
2026-09-11 00:40:00,1.35213,1.35239,1.352,1.35212,0.0
2026-09-11 00:45:00,1.35218,1.35252,1.35207,1.35241,0.0
2026-09-11 00:50:00,1.35242,1.35257,1.35236,1.35249,0.0
2026-09-11 00:55:00,1.3525,1.35288,1.35246,1.35279,0.0
2026-09-11 01:00:00,1.35266,1.35305,1.35266,1.35287,0.0
2026-09-11 01:05:00,1.35272,1.3532,1.35272,1.35319,0.0
2026-09-11 01:10:00,1.35316,1.35336,1.35306,1.3531,0.0
2026-09-11 01:15:00,1.35312,1.35329,1.3528,1.35323,0.0
2026-09-11 01:20:00,1.35318,1.35329,1.35296,1.35303,0.0
2026-09-11 01:25:00,1.35315,1.35315,1.35276,1.35289,0.0
2026-09-11 01:30:00,1.35287,1.35306,1.35265,1.35298,0.0
2026-09-11 01:35:00,1.35286,1.35324,1.35286,1.35318,0.0
2026-09-11 01:40:00,1.35314,1.35323,1.35309,1.35311,0.0
2026-09-11 01:45:00,1.35312,1.35328,1.35275,1.35278,0.0
2026-09-11 01:50:00,1.35282,1.35334,1.35262,1.35328,0.0
2026-09-11 01:55:00,1.35326,1.35327,1.35307,1.35308,0.0
2026-09-11 02:00:00,1.35309,1.35317,1.35294,1.35311,0.0
2026-09-11 02:05:00,1.35306,1.35306,1.35254,1.35262,0.0
2026-09-11 02:10:00,1.35259,1.35283,1.35246,1.35251,0.0
2026-09-11 02:15:00,1.35264,1.35281,1.35263,1.35273,0.0
2026-09-11 02:20:00,1.35267,1.35312,1.35267,1.35309,0.0
2026-09-11 02:25:00,1.35305,1.35321,1.35304,1.35306,0.0
2026-09-11 02:30:00,1.35309,1.35313,1.35287,1.35291,0.0
2026-09-11 02:35:00,1.35295,1.35301,1.35248,1.35251,0.0
2026-09-11 02:40:00,1.35257,1.35257,1.3523,1.35232,0.0
2026-09-11 02:45:00,1.35231,1.35252,1.35231,1.3525,0.0
2026-09-11 02:50:00,1.35249,1.35249,1.35237,1.35239,0.0
2026-09-11 02:55:00,1.3524,1.35244,1.35225,1.35239,0.0
2026-09-11 03:00:00,1.35237,1.3524,1.35208,1.35211,0.0
2026-09-11 03:05:00,1.35213,1.35238,1.35207,1.35235,0.0
2026-09-11 03:10:00,1.35227,1.35279,1.35227,1.35274,0.0
2026-09-11 03:15:00,1.35267,1.35289,1.35267,1.35273,0.0
2026-09-11 03:20:00,1.35274,1.35305,1.35269,1.35302,0.0
2026-09-11 03:25:00,1.35299,1.35306,1.35287,1.35288,0.0
2026-09-11 03:30:00,1.35289,1.35302,1.35286,1.3529,0.0
2026-09-11 03:35:00,1.35291,1.35294,1.35278,1.35279,0.0
2026-09-11 03:40:00,1.35281,1.35282,1.35254,1.3526,0.0
2026-09-11 03:45:00,1.35257,1.35258,1.35239,1.35248,0.0
2026-09-11 03:50:00,1.35246,1.35252,1.35236,1.35245,0.0
2026-09-11 03:55:00,1.35245,1.35245,1.35203,1.35207,0.0
2026-09-11 04:00:00,1.35213,1.35222,1.35186,1.352,0.0
2026-09-11 04:05:00,1.35197,1.35204,1.35179,1.35185,0.0
2026-09-11 04:10:00,1.35195,1.35195,1.35122,1.35133,0.0
2026-09-11 04:15:00,1.35131,1.35136,1.35117,1.35134,0.0
2026-09-11 04:20:00,1.3513,1.35171,1.3513,1.3517,0.0
2026-09-11 04:25:00,1.35166,1.35179,1.35137,1.35161,0.0
2026-09-11 04:30:00,1.35155,1.35161,1.35126,1.35126,0.0
2026-09-11 04:35:00,1.35126,1.35143,1.35119,1.35127,0.0
2026-09-11 04:40:00,1.35129,1.35138,1.35128,1.35136,0.0
2026-09-11 04:45:00,1.35132,1.35144,1.35111,1.35112,0.0
2026-09-11 04:50:00,1.35115,1.35157,1.35115,1.35156,0.0
2026-09-11 04:55:00,1.35153,1.35162,1.35128,1.35131,0.0
2026-09-11 05:00:00,1.35135,1.3514,1.35106,1.35112,0.0
2026-09-11 05:05:00,1.35109,1.35117,1.35106,1.35107,0.0
2026-09-11 05:10:00,1.35109,1.35126,1.35084,1.35085,0.0
2026-09-11 05:15:00,1.35086,1.35099,1.35075,1.35091,0.0
2026-09-11 05:20:00,1.35088,1.35119,1.35086,1.35118,0.0
2026-09-11 05:25:00,1.35115,1.35118,1.35104,1.35116,0.0
2026-09-11 05:30:00,1.35112,1.35118,1.35102,1.35103,0.0
2026-09-11 05:35:00,1.35105,1.35116,1.35095,1.35097,0.0
2026-09-11 05:40:00,1.35098,1.35115,1.35096,1.35111,0.0
2026-09-11 05:45:00,1.35109,1.35114,1.35097,1.35111,0.0
2026-09-11 05:50:00,1.35106,1.35115,1.35097,1.35112,0.0
2026-09-11 05:55:00,1.35106,1.35113,1.35091,1.35094,0.0
2026-09-11 06:00:00,1.35091,1.35115,1.3508,1.35088,0.0
2026-09-11 06:05:00,1.35086,1.35098,1.35082,1.3509,0.0
2026-09-11 06:10:00,1.35091,1.35096,1.35085,1.35089,0.0
2026-09-11 06:15:00,1.35087,1.3509,1.35068,1.35088,0.0
2026-09-11 06:20:00,1.35082,1.35082,1.35053,1.35058,0.0
2026-09-11 06:25:00,1.35055,1.35063,1.35049,1.3505,0.0
2026-09-11 06:30:00,1.35053,1.35089,1.35053,1.35087,0.0
2026-09-11 06:35:00,1.35085,1.35105,1.35081,1.35102,0.0
2026-09-11 06:40:00,1.351,1.35102,1.35085,1.35087,0.0
2026-09-11 06:45:00,1.3509,1.35098,1.35074,1.35095,0.0
2026-09-11 06:50:00,1.3509,1.35111,1.3509,1.35109,0.0
2026-09-11 06:55:00,1.35106,1.3512,1.35101,1.35116,0.0
2026-09-11 07:00:00,1.35113,1.35173,1.35111,1.35115,0.0
2026-09-11 07:05:00,1.35119,1.35131,1.35116,1.35117,0.0
2026-09-11 07:10:00,1.35122,1.35147,1.35083,1.35084,0.0
2026-09-11 07:15:00,1.35087,1.35101,1.35078,1.35097,0.0
2026-09-11 07:20:00,1.35091,1.35099,1.35069,1.35086,0.0
2026-09-11 07:25:00,1.35084,1.351,1.35059,1.35095,0.0
2026-09-11 07:30:00,1.35092,1.3511,1.35066,1.35093,0.0
2026-09-11 07:35:00,1.35097,1.35118,1.35092,1.35116,0.0
2026-09-11 07:40:00,1.35112,1.35132,1.35103,1.35123,0.0
2026-09-11 07:45:00,1.35117,1.35145,1.35117,1.35141,0.0
2026-09-11 07:50:00,1.35136,1.3515,1.35093,1.35095,0.0
2026-09-11 07:55:00,1.35099,1.35107,1.35091,1.35106,0.0
2026-09-11 08:00:00,1.35101,1.3513,1.35087,1.35108,0.0
2026-09-11 08:05:00,1.3511,1.35134,1.35104,1.35106,0.0
2026-09-11 08:10:00,1.3511,1.35113,1.35102,1.3511,0.0
2026-09-11 08:15:00,1.35107,1.35118,1.35107,1.35112,0.0
2026-09-11 08:20:00,1.35109,1.35128,1.35102,1.35126,0.0
2026-09-11 08:25:00,1.35124,1.35124,1.35111,1.35113,0.0
2026-09-11 08:30:00,1.35114,1.35115,1.3511,1.35111,0.0
2026-09-11 08:35:00,1.35112,1.35119,1.35109,1.35114,0.0
2026-09-11 08:40:00,1.35112,1.35124,1.35107,1.35123,0.0
2026-09-11 08:45:00,1.35121,1.35124,1.35108,1.35109,0.0
2026-09-11 08:50:00,1.35114,1.35129,1.35114,1.35121,0.0
2026-09-11 08:55:00,1.3512,1.35129,1.35116,1.35125,0.0
2026-09-11 09:00:00,1.35123,1.35142,1.35116,1.3512,0.0
2026-09-11 09:05:00,1.35124,1.35124,1.35097,1.35098,0.0
2026-09-11 09:10:00,1.35099,1.35105,1.35097,1.35103,0.0
2026-09-11 09:15:00,1.35101,1.35113,1.351,1.3511,0.0
2026-09-11 09:20:00,1.35107,1.35115,1.35098,1.35107,0.0
2026-09-11 09:25:00,1.35106,1.35106,1.35089,1.35097,0.0
2026-09-11 09:30:00,1.35094,1.35101,1.35088,1.351,0.0
2026-09-11 09:35:00,1.35096,1.35102,1.35091,1.35097,0.0
2026-09-11 09:40:00,1.35093,1.35103,1.35088,1.35097,0.0
2026-09-11 09:45:00,1.35092,1.35108,1.35091,1.35093,0.0
2026-09-11 09:50:00,1.35094,1.351,1.35089,1.35097,0.0
2026-09-11 09:55:00,1.35095,1.35098,1.35089,1.35095,0.0
2026-09-11 10:00:00,1.35091,1.35141,1.35085,1.3514,0.0
2026-09-11 10:05:00,1.35137,1.35152,1.35121,1.3515,0.0
2026-09-11 10:10:00,1.35146,1.35149,1.35118,1.3513,0.0
2026-09-11 10:15:00,1.35128,1.35135,1.35115,1.35133,0.0
2026-09-11 10:20:00,1.35129,1.35147,1.35128,1.35133,0.0
2026-09-11 10:25:00,1.35135,1.35135,1.35114,1.35129,0.0
2026-09-11 10:30:00,1.35123,1.35146,1.35123,1.35143,0.0
2026-09-11 10:35:00,1.35141,1.35151,1.35141,1.35149,0.0
2026-09-11 10:40:00,1.35146,1.35153,1.35135,1.35136,0.0
2026-09-11 10:45:00,1.35138,1.35161,1.35138,1.35145,0.0
2026-09-11 10:50:00,1.35147,1.35152,1.35138,1.35142,0.0
2026-09-11 10:55:00,1.3514,1.35148,1.35133,1.35147,0.0
2026-09-11 11:00:00,1.35141,1.35164,1.35141,1.3516,0.0
2026-09-11 11:05:00,1.35156,1.3516,1.3515,1.3515,0.0
2026-09-11 11:10:00,1.35151,1.35161,1.35147,1.35149,0.0
2026-09-11 11:15:00,1.35151,1.35163,1.35146,1.35157,0.0
2026-09-11 11:20:00,1.35152,1.35163,1.35131,1.35132,0.0
2026-09-11 11:25:00,1.35134,1.35142,1.35126,1.35141,0.0
2026-09-11 11:30:00,1.35139,1.35146,1.35122,1.35131,0.0
2026-09-11 11:35:00,1.35129,1.35143,1.35122,1.35141,0.0
2026-09-11 11:40:00,1.35139,1.35139,1.35117,1.35123,0.0
2026-09-11 11:45:00,1.35121,1.35121,1.35089,1.3509,0.0
2026-09-11 11:50:00,1.35092,1.35096,1.35078,1.35082,0.0
2026-09-11 11:55:00,1.35089,1.35089,1.35075,1.35082,0.0
2026-09-11 12:00:00,1.35079,1.35093,1.35058,1.3506,0.0
2026-09-11 12:05:00,1.35063,1.35067,1.35046,1.35052,0.0
2026-09-11 12:10:00,1.35054,1.35079,1.35054,1.35077,0.0
2026-09-11 12:15:00,1.35073,1.3508,1.35057,1.35058,0.0
2026-09-11 12:20:00,1.35057,1.35076,1.35048,1.35051,0.0
2026-09-11 12:25:00,1.35052,1.35056,1.35029,1.35036,0.0
2026-09-11 12:30:00,1.35034,1.35036,1.35017,1.35024,0.0
2026-09-11 12:35:00,1.35022,1.35029,1.35006,1.35027,0.0
2026-09-11 12:40:00,1.35018,1.35048,1.35018,1.35039,0.0
2026-09-11 12:45:00,1.3504,1.35049,1.35029,1.35047,0.0
2026-09-11 12:50:00,1.35043,1.35055,1.35042,1.35048,0.0
2026-09-11 12:55:00,1.35045,1.35049,1.35037,1.35048,0.0
2026-09-11 13:00:00,1.35047,1.35048,1.35039,1.35047,0.0
2026-09-11 13:05:00,1.35045,1.35048,1.35007,1.35011,0.0
2026-09-11 13:10:00,1.35012,1.35032,1.35012,1.35029,0.0
2026-09-11 13:15:00,1.35026,1.35035,1.3501,1.35013,0.0
2026-09-11 13:20:00,1.35017,1.35017,1.34986,1.34988,0.0
2026-09-11 13:25:00,1.3499,1.3499,1.34975,1.34984,0.0
2026-09-11 13:30:00,1.34983,1.34983,1.34959,1.34973,0.0
2026-09-11 13:35:00,1.34968,1.34977,1.34956,1.34976,0.0
2026-09-11 13:40:00,1.34972,1.34993,1.34971,1.34992,0.0
2026-09-11 13:45:00,1.34989,1.34992,1.34967,1.34975,0.0
2026-09-11 13:50:00,1.34974,1.34982,1.34968,1.34978,0.0
2026-09-11 13:55:00,1.34974,1.35012,1.34969,1.35002,0.0
2026-09-11 14:00:00,1.35004,1.35019,1.34981,1.35011,0.0
2026-09-11 14:05:00,1.35,1.35042,1.35,1.35037,0.0
2026-09-11 14:10:00,1.35037,1.35062,1.35037,1.35059,0.0
2026-09-11 14:15:00,1.35056,1.35061,1.35053,1.35061,0.0
2026-09-11 14:20:00,1.35059,1.35074,1.35048,1.35049,0.0
2026-09-11 14:25:00,1.35053,1.3506,1.35049,1.35057,0.0
2026-09-11 14:30:00,1.35053,1.35077,1.35039,1.35047,0.0
2026-09-11 14:35:00,1.35061,1.35061,1.35033,1.35044,0.0
2026-09-11 14:40:00,1.35042,1.35051,1.35038,1.35048,0.0
2026-09-11 14:45:00,1.35044,1.35054,1.3504,1.35042,0.0
2026-09-11 14:50:00,1.35044,1.35046,1.35035,1.35042,0.0
2026-09-11 14:55:00,1.3504,1.3504,1.35031,1.35035,0.0
2026-09-11 15:00:00,1.35032,1.35051,1.35024,1.35045,0.0
2026-09-11 15:05:00,1.35038,1.35059,1.35038,1.35056,0.0
2026-09-11 15:10:00,1.35055,1.35057,1.35049,1.35054,0.0
2026-09-11 15:15:00,1.3505,1.35095,1.35035,1.35092,0.0
2026-09-11 15:20:00,1.35085,1.351,1.35084,1.35096,0.0
2026-09-11 15:25:00,1.35092,1.35102,1.35073,1.35074,0.0
2026-09-11 15:30:00,1.35075,1.35102,1.35072,1.35098,0.0
2026-09-11 15:35:00,1.35093,1.35137,1.35089,1.35127,0.0
2026-09-11 15:40:00,1.35128,1.35142,1.3511,1.35115,0.0
2026-09-11 15:45:00,1.35126,1.35145,1.3512,1.35123,0.0
2026-09-11 15:50:00,1.35129,1.35133,1.35101,1.35107,0.0
2026-09-11 15:55:00,1.35116,1.35124,1.35099,1.35115,0.0
2026-09-11 16:00:00,1.35116,1.35195,1.35108,1.3515,0.0
2026-09-11 16:05:00,1.35152,1.35177,1.35128,1.35173,0.0
2026-09-11 16:10:00,1.35169,1.35218,1.3515,1.35209,0.0
2026-09-11 16:15:00,1.35184,1.35274,1.35184,1.35229,0.0
2026-09-11 16:20:00,1.35235,1.35235,1.35221,1.35227,0.0
2026-09-11 16:25:00,1.35224,1.35247,1.35212,1.3523,0.0
2026-09-11 16:30:00,1.35232,1.35257,1.35209,1.35219,0.0
2026-09-11 16:35:00,1.35239,1.35239,1.3519,1.35238,0.0
2026-09-11 16:40:00,1.35236,1.35236,1.35214,1.35216,0.0
2026-09-11 16:45:00,1.35221,1.3526,1.35221,1.35258,0.0
2026-09-11 16:50:00,1.35255,1.35255,1.35243,1.35248,0.0
2026-09-11 16:55:00,1.35243,1.35267,1.35236,1.35244,0.0
2026-09-11 17:00:00,1.35245,1.35249,1.35208,1.35216,0.0
2026-09-11 17:05:00,1.35225,1.35225,1.35188,1.35219,0.0
2026-09-11 17:10:00,1.35215,1.35239,1.35196,1.35215,0.0
2026-09-11 17:15:00,1.35223,1.35223,1.35188,1.35193,0.0
2026-09-11 17:20:00,1.35193,1.35237,1.35188,1.3523,0.0
2026-09-11 17:25:00,1.3522,1.35241,1.3522,1.35233,0.0
2026-09-11 17:30:00,1.35232,1.35232,1.35194,1.35216,0.0
2026-09-11 17:35:00,1.35212,1.35212,1.35187,1.35195,0.0
2026-09-11 17:40:00,1.35198,1.35207,1.35186,1.35187,0.0
2026-09-11 17:45:00,1.35189,1.35193,1.35144,1.35146,0.0
2026-09-11 17:50:00,1.35147,1.35181,1.35144,1.35179,0.0
2026-09-11 17:55:00,1.35172,1.35183,1.35148,1.3515,0.0
2026-09-11 18:00:00,1.35155,1.35164,1.35131,1.35133,0.0
2026-09-11 18:05:00,1.35136,1.35168,1.35127,1.35164,0.0
2026-09-11 18:10:00,1.35156,1.35156,1.35119,1.35145,0.0
2026-09-11 18:15:00,1.3514,1.3515,1.35121,1.35145,0.0
2026-09-11 18:20:00,1.35141,1.35149,1.35085,1.35093,0.0
2026-09-11 18:25:00,1.35113,1.35164,1.35102,1.35106,0.0
2026-09-11 18:30:00,1.35111,1.35116,1.3509,1.35097,0.0
2026-09-11 18:35:00,1.35109,1.35109,1.35082,1.35089,0.0
2026-09-11 18:40:00,1.35089,1.35122,1.35079,1.35108,0.0
2026-09-11 18:45:00,1.35109,1.35121,1.35097,1.35118,0.0
2026-09-11 18:50:00,1.35112,1.35112,1.35088,1.35098,0.0
2026-09-11 18:55:00,1.35099,1.35101,1.35062,1.35063,0.0
2026-09-11 19:00:00,1.35066,1.35093,1.35052,1.35057,0.0
2026-09-11 19:05:00,1.35064,1.35065,1.35025,1.35033,0.0
2026-09-11 19:10:00,1.35049,1.35049,1.34991,1.35036,0.0
2026-09-11 19:15:00,1.35033,1.35056,1.35026,1.35037,0.0
2026-09-11 19:20:00,1.35043,1.35102,1.35043,1.35096,0.0
2026-09-11 19:25:00,1.35087,1.35141,1.35087,1.35106,0.0
2026-09-11 19:30:00,1.35115,1.35115,1.35071,1.35073,0.0
2026-09-11 19:35:00,1.35077,1.35093,1.35062,1.35064,0.0
2026-09-11 19:40:00,1.35067,1.35082,1.35058,1.35079,0.0
2026-09-11 19:45:00,1.35073,1.35084,1.35066,1.3508,0.0
2026-09-11 19:50:00,1.35077,1.35095,1.35072,1.35078,0.0
2026-09-11 19:55:00,1.35081,1.35086,1.35033,1.35075,0.0
2026-09-11 20:00:00,1.35061,1.35131,1.35061,1.35129,0.0
2026-09-11 20:05:00,1.35125,1.35129,1.35086,1.35091,0.0
2026-09-11 20:10:00,1.35098,1.35098,1.35071,1.35089,0.0
2026-09-11 20:15:00,1.35081,1.35103,1.35062,1.35069,0.0
2026-09-11 20:20:00,1.35071,1.35077,1.35048,1.35049,0.0
2026-09-11 20:25:00,1.35052,1.35069,1.35052,1.35063,0.0
2026-09-11 20:30:00,1.3506,1.35061,1.35049,1.35059,0.0
2026-09-11 20:35:00,1.35058,1.35058,1.35026,1.35028,0.0
2026-09-11 20:40:00,1.35034,1.35042,1.35018,1.35026,0.0
2026-09-11 20:45:00,1.35027,1.35052,1.35027,1.35049,0.0
2026-09-11 20:50:00,1.35039,1.35062,1.35039,1.35052,0.0
2026-09-11 20:55:00,1.35053,1.35062,1.3505,1.35052,0.0
2026-09-11 21:00:00,1.35053,1.35081,1.35046,1.35077,0.0
2026-09-11 21:05:00,1.35068,1.35098,1.35068,1.35096,0.0
2026-09-11 21:10:00,1.35088,1.35105,1.35082,1.35091,0.0
2026-09-11 21:15:00,1.35084,1.35108,1.35068,1.35101,0.0
2026-09-11 21:20:00,1.35092,1.35109,1.35077,1.35083,0.0
2026-09-11 21:25:00,1.35082,1.35086,1.35063,1.35083,0.0
2026-09-11 21:30:00,1.35077,1.35079,1.35056,1.35065,0.0
2026-09-11 21:35:00,1.35066,1.35074,1.3506,1.3507,0.0
2026-09-11 21:40:00,1.3507,1.35077,1.35042,1.35046,0.0
2026-09-11 21:45:00,1.35052,1.35066,1.35046,1.35055,0.0
2026-09-11 21:50:00,1.35052,1.35076,1.35046,1.35072,0.0
2026-09-11 21:55:00,1.35063,1.35077,1.35029,1.3503,0.0
2026-09-11 22:00:00,1.35033,1.35089,1.35024,1.35087,0.0
2026-09-11 22:05:00,1.35083,1.35123,1.35083,1.35095,0.0
2026-09-11 22:10:00,1.35109,1.35113,1.35082,1.35098,0.0
2026-09-11 22:15:00,1.351,1.35135,1.351,1.35132,0.0
2026-09-11 22:20:00,1.35127,1.35141,1.35113,1.35115,0.0
2026-09-11 22:25:00,1.35118,1.35163,1.35113,1.35161,0.0
2026-09-11 22:30:00,1.35155,1.35155,1.34809,1.34986,0.0
2026-09-11 22:35:00,1.34957,1.35051,1.34957,1.35028,0.0
2026-09-11 22:40:00,1.35032,1.35095,1.35019,1.35069,0.0
2026-09-11 22:45:00,1.3507,1.35177,1.35063,1.35132,0.0
2026-09-11 22:50:00,1.35136,1.35223,1.35136,1.3522,0.0
2026-09-11 22:55:00,1.35215,1.3523,1.35183,1.35224,0.0
2026-09-11 23:00:00,1.35215,1.35283,1.35215,1.35281,0.0
2026-09-11 23:05:00,1.35275,1.35285,1.3519,1.35199,0.0
2026-09-11 23:10:00,1.35216,1.35228,1.35173,1.35204,0.0
2026-09-11 23:15:00,1.35211,1.3523,1.35141,1.3516,0.0
2026-09-11 23:20:00,1.35164,1.35202,1.35164,1.35198,0.0
2026-09-11 23:25:00,1.35188,1.35227,1.35178,1.35221,0.0
2026-09-11 23:30:00,1.35202,1.35237,1.35195,1.35197,0.0
2026-09-11 23:35:00,1.35202,1.35236,1.35194,1.35196,0.0
2026-09-11 23:40:00,1.35198,1.35256,1.35175,1.35193,0.0
2026-09-11 23:45:00,1.3519,1.35267,1.35175,1.35264,0.0
2026-09-11 23:50:00,1.35258,1.35268,1.35218,1.35258,0.0
2026-09-11 23:55:00,1.35241,1.35327,1.35241,1.35316,0.0
2026-09-12 00:00:00,1.35302,1.35337,1.35241,1.35247,0.0
2026-09-12 00:05:00,1.35243,1.35329,1.35243,1.35328,0.0
2026-09-12 00:10:00,1.35323,1.35344,1.35287,1.35289,0.0
2026-09-12 00:15:00,1.35293,1.35302,1.35272,1.35274,0.0
2026-09-12 00:20:00,1.35279,1.35303,1.35279,1.35289,0.0
2026-09-12 00:25:00,1.35293,1.35293,1.35251,1.35254,0.0
2026-09-12 00:30:00,1.35257,1.35266,1.35222,1.35257,0.0
2026-09-12 00:35:00,1.35243,1.3527,1.35243,1.35254,0.0
2026-09-12 00:40:00,1.35258,1.35259,1.3523,1.35256,0.0
2026-09-12 00:45:00,1.35253,1.35279,1.35253,1.35274,0.0
2026-09-12 00:50:00,1.35259,1.35316,1.35248,1.35253,0.0
2026-09-12 00:55:00,1.35261,1.35309,1.3526,1.35302,0.0
2026-09-12 01:00:00,1.353,1.35314,1.35272,1.35276,0.0
2026-09-12 01:05:00,1.3528,1.35298,1.35254,1.3526,0.0
2026-09-12 01:10:00,1.3527,1.3527,1.35236,1.3524,0.0
2026-09-12 01:15:00,1.35248,1.35281,1.35248,1.35267,0.0
2026-09-12 01:20:00,1.35271,1.35284,1.35245,1.3525,0.0
2026-09-12 01:25:00,1.35257,1.35257,1.35235,1.35247,0.0
2026-09-12 01:30:00,1.35245,1.35245,1.35217,1.35219,0.0
2026-09-12 01:35:00,1.35221,1.35225,1.35199,1.35213,0.0
2026-09-12 01:40:00,1.35213,1.35225,1.35197,1.35223,0.0
2026-09-12 01:45:00,1.35219,1.35219,1.35192,1.35195,0.0
2026-09-12 01:50:00,1.35192,1.35214,1.35192,1.35196,0.0
2026-09-12 01:55:00,1.35196,1.35208,1.35183,1.35185,0.0
2026-09-12 02:00:00,1.3519,1.35234,1.3519,1.35233,0.0
2026-09-12 02:05:00,1.35227,1.35243,1.35217,1.35228,0.0
2026-09-12 02:10:00,1.35227,1.35244,1.35225,1.35234,0.0
2026-09-12 02:15:00,1.35235,1.35238,1.35212,1.35235,0.0
2026-09-12 02:20:00,1.3523,1.3525,1.3523,1.35248,0.0
2026-09-12 02:25:00,1.35245,1.35254,1.35234,1.35254,0.0
2026-09-12 02:30:00,1.35253,1.35253,1.35222,1.35245,0.0
2026-09-12 02:35:00,1.35236,1.35252,1.35212,1.35219,0.0
2026-09-12 02:40:00,1.35218,1.35228,1.35203,1.35224,0.0
2026-09-12 02:45:00,1.35221,1.35247,1.35214,1.35243,0.0
2026-09-12 02:50:00,1.35241,1.35241,1.35205,1.35207,0.0
2026-09-12 02:55:00,1.35213,1.35239,1.35213,1.35237,0.0
2026-09-12 03:00:00,1.35233,1.3524,1.35195,1.35198,0.0
2026-09-12 03:05:00,1.35203,1.35203,1.35183,1.35185,0.0
2026-09-12 03:10:00,1.35187,1.35205,1.35179,1.35203,0.0
2026-09-12 03:15:00,1.352,1.35219,1.35197,1.35218,0.0
2026-09-12 03:20:00,1.35215,1.35232,1.35215,1.35229,0.0
2026-09-12 03:25:00,1.35225,1.35238,1.35225,1.35231,0.0
2026-09-12 03:30:00,1.35228,1.35245,1.35228,1.35238,0.0
2026-09-12 03:35:00,1.35238,1.35243,1.35234,1.35234,0.0
2026-09-12 03:40:00,1.35234,1.35252,1.3523,1.35241,0.0
2026-09-12 03:45:00,1.35237,1.35253,1.35234,1.35244,0.0
2026-09-12 03:50:00,1.35238,1.35269,1.35238,1.35264,0.0
2026-09-12 03:55:00,1.35257,1.35278,1.35236,1.35238,0.0
2026-09-12 04:00:00,1.35241,1.35275,1.35232,1.3527,0.0
2026-09-12 04:05:00,1.35254,1.35285,1.35254,1.3528,0.0
2026-09-12 04:10:00,1.35278,1.35278,1.35265,1.35269,0.0
2026-09-12 04:15:00,1.35267,1.35271,1.35256,1.35267,0.0
2026-09-12 04:20:00,1.35262,1.35272,1.35234,1.35258,0.0
2026-09-12 04:25:00,1.35254,1.35263,1.35246,1.35261,0.0
2026-09-12 04:30:00,1.35256,1.3526,1.3523,1.35231,0.0
2026-09-12 04:35:00,1.35234,1.35236,1.35204,1.35209,0.0
2026-09-12 04:40:00,1.35217,1.35217,1.35195,1.35214,0.0
2026-09-12 04:45:00,1.3521,1.35216,1.35204,1.35205,0.0
2026-09-12 04:50:00,1.35205,1.35232,1.35204,1.35225,0.0
2026-09-12 04:55:00,1.35226,1.35246,1.35226,1.35243,0.0
2026-09-12 05:00:00,1.35236,1.35261,1.35236,1.35252,0.0
2026-09-12 05:05:00,1.35253,1.35269,1.35233,1.35252,0.0
2026-09-12 05:10:00,1.35243,1.35272,1.35243,1.35268,0.0
2026-09-12 05:15:00,1.35263,1.35285,1.35263,1.35265,0.0
2026-09-12 05:20:00,1.35268,1.35269,1.35261,1.35268,0.0
2026-09-12 05:25:00,1.35265,1.35274,1.35265,1.35271,0.0
2026-09-12 05:30:00,1.35268,1.35269,1.35254,1.35257,0.0
2026-09-12 05:35:00,1.35258,1.35262,1.35246,1.35247,0.0
2026-09-12 05:40:00,1.35248,1.35259,1.35247,1.35259,0.0
2026-09-12 05:45:00,1.35255,1.35263,1.35252,1.35253,0.0
2026-09-12 05:50:00,1.35254,1.3526,1.35243,1.35244,0.0
2026-09-12 05:55:00,1.35249,1.35285,1.35249,1.35283,0.0
2026-09-12 06:00:00,1.35279,1.35279,1.35267,1.3527,0.0
2026-09-12 06:05:00,1.3527,1.35293,1.35266,1.35291,0.0
2026-09-12 06:10:00,1.35288,1.3529,1.35263,1.35263,0.0
2026-09-12 06:15:00,1.35265,1.35268,1.35256,1.35259,0.0
2026-09-12 06:20:00,1.35256,1.35271,1.35256,1.3527,0.0
2026-09-12 06:25:00,1.35267,1.35274,1.35263,1.35265,0.0
2026-09-12 06:30:00,1.35266,1.3527,1.35237,1.35239,0.0
2026-09-12 06:35:00,1.35244,1.35244,1.35226,1.35241,0.0
2026-09-12 06:40:00,1.35238,1.35246,1.35234,1.35244,0.0
2026-09-12 06:45:00,1.35235,1.35262,1.35235,1.35242,0.0
2026-09-12 06:50:00,1.35244,1.35274,1.35237,1.35266,0.0
2026-09-12 06:55:00,1.35267,1.35277,1.35258,1.3526,0.0
2026-09-12 07:00:00,1.3526,1.35286,1.3526,1.35285,0.0
2026-09-12 07:05:00,1.35282,1.35285,1.35258,1.35273,0.0
2026-09-12 07:10:00,1.35275,1.3528,1.35274,1.35274,0.0
2026-09-12 07:15:00,1.35275,1.3529,1.35268,1.35287,0.0
2026-09-12 07:20:00,1.35281,1.35281,1.35265,1.3527,0.0
2026-09-12 07:25:00,1.35268,1.35277,1.35267,1.35275,0.0
2026-09-12 07:30:00,1.35271,1.35274,1.35267,1.3527,0.0
2026-09-12 07:35:00,1.35271,1.35288,1.35265,1.35286,0.0
2026-09-12 07:40:00,1.35281,1.35281,1.35265,1.35278,0.0
2026-09-12 07:45:00,1.35274,1.35283,1.35267,1.35282,0.0
2026-09-12 07:50:00,1.35277,1.35277,1.35261,1.35274,0.0
2026-09-12 07:55:00,1.35271,1.35287,1.35255,1.35282,0.0
2026-09-12 08:00:00,1.35274,1.35276,1.35245,1.35272,0.0
2026-09-12 08:05:00,1.3527,1.35278,1.35263,1.35267,0.0
2026-09-12 08:10:00,1.35268,1.35275,1.35263,1.3527,0.0
2026-09-12 08:15:00,1.3527,1.35275,1.35262,1.35272,0.0
2026-09-12 08:20:00,1.3527,1.35276,1.35265,1.35272,0.0
2026-09-12 08:25:00,1.3527,1.35275,1.35263,1.35269,0.0
2026-09-12 08:30:00,1.35269,1.35273,1.35263,1.35271,0.0
2026-09-12 08:35:00,1.3527,1.35274,1.35265,1.35269,0.0
2026-09-12 08:40:00,1.35266,1.35274,1.35266,1.3527,0.0
2026-09-12 08:45:00,1.35268,1.35273,1.35263,1.35267,0.0
2026-09-12 08:50:00,1.35267,1.35274,1.35263,1.35271,0.0
2026-09-12 08:55:00,1.3527,1.35273,1.35262,1.3527,0.0
2026-09-12 09:00:00,1.35268,1.35288,1.35226,1.35268,0.0
2026-09-12 09:05:00,1.35268,1.35276,1.35265,1.35265,0.0
2026-09-12 09:10:00,1.35266,1.35273,1.35263,1.35264,0.0
2026-09-12 09:15:00,1.35265,1.35273,1.35263,1.35271,0.0
2026-09-12 09:20:00,1.35268,1.35273,1.35262,1.3527,0.0
2026-09-12 09:25:00,1.35267,1.35271,1.35263,1.35269,0.0
2026-09-12 09:30:00,1.35267,1.35274,1.35263,1.35269,0.0
2026-09-12 09:35:00,1.35268,1.35273,1.35259,1.3527,0.0
2026-09-12 09:40:00,1.35268,1.35274,1.35262,1.35264,0.0
2026-09-12 09:45:00,1.35265,1.35272,1.35263,1.35268,0.0
2026-09-12 09:50:00,1.35268,1.35274,1.35263,1.35267,0.0
2026-09-12 09:55:00,1.35264,1.35272,1.35262,1.3527,0.0
2026-09-12 10:00:00,1.35268,1.35281,1.35262,1.35279,0.0
2026-09-12 10:05:00,1.35274,1.35287,1.35265,1.35266,0.0
2026-09-12 10:10:00,1.3527,1.35284,1.35268,1.3528,0.0
2026-09-12 10:15:00,1.35278,1.35285,1.35278,1.35283,0.0
2026-09-12 10:20:00,1.3528,1.35288,1.35267,1.35268,0.0
2026-09-12 10:25:00,1.35271,1.35284,1.35271,1.35279,0.0
2026-09-12 10:30:00,1.3528,1.35285,1.35277,1.35281,0.0
2026-09-12 10:35:00,1.3528,1.35282,1.35267,1.35269,0.0
2026-09-12 10:40:00,1.3527,1.35286,1.3527,1.35278,0.0
2026-09-12 10:45:00,1.35279,1.35285,1.35278,1.35279,0.0
2026-09-12 10:50:00,1.35279,1.35287,1.35265,1.35267,0.0
2026-09-12 10:55:00,1.3527,1.35284,1.3527,1.35283,0.0
2026-09-12 11:00:00,1.3528,1.35286,1.35278,1.3528,0.0
2026-09-12 11:05:00,1.3528,1.35286,1.35265,1.35266,0.0
2026-09-12 11:10:00,1.35271,1.35285,1.35271,1.35282,0.0
2026-09-12 11:15:00,1.3528,1.35284,1.35279,1.35283,0.0
2026-09-12 11:20:00,1.3528,1.35289,1.35264,1.35266,0.0
2026-09-12 11:25:00,1.35271,1.35284,1.35271,1.35279,0.0
2026-09-12 11:30:00,1.35279,1.35285,1.35277,1.35281,0.0
2026-09-12 11:35:00,1.35279,1.35284,1.35267,1.35269,0.0
2026-09-12 11:40:00,1.3527,1.35287,1.3527,1.3528,0.0
2026-09-12 11:45:00,1.3528,1.35283,1.35279,1.35279,0.0
2026-09-12 11:50:00,1.35279,1.35286,1.35265,1.35267,0.0
2026-09-12 11:55:00,1.35269,1.35283,1.35269,1.35282,0.0
2026-09-12 12:00:00,1.35279,1.35285,1.35277,1.35279,0.0
2026-09-12 12:05:00,1.35279,1.35284,1.35265,1.35266,0.0
2026-09-12 12:10:00,1.3527,1.35285,1.3527,1.35282,0.0
2026-09-12 12:15:00,1.35279,1.35283,1.35278,1.35282,0.0
2026-09-12 12:20:00,1.35279,1.3529,1.35264,1.35266,0.0
2026-09-12 12:25:00,1.35271,1.35282,1.35271,1.35278,0.0
2026-09-12 12:30:00,1.35279,1.35286,1.35278,1.35281,0.0
2026-09-12 12:35:00,1.35279,1.35283,1.35265,1.35267,0.0
2026-09-12 12:40:00,1.35269,1.35285,1.35269,1.35278,0.0
2026-09-12 12:45:00,1.35278,1.35283,1.35278,1.35279,0.0
2026-09-12 12:50:00,1.35279,1.35285,1.35261,1.35264,0.0
2026-09-12 12:55:00,1.35266,1.35282,1.35266,1.35281,0.0
2026-09-12 13:00:00,1.35279,1.35285,1.35277,1.35279,0.0
2026-09-12 13:05:00,1.35279,1.35284,1.35265,1.35267,0.0
2026-09-12 13:10:00,1.3527,1.35284,1.3527,1.35281,0.0
2026-09-12 13:15:00,1.35278,1.35284,1.35278,1.35282,0.0
2026-09-12 13:20:00,1.3528,1.35294,1.35261,1.35263,0.0
2026-09-12 13:25:00,1.35267,1.35282,1.35267,1.35281,0.0
2026-09-12 13:30:00,1.35279,1.35285,1.35277,1.35282,0.0
2026-09-12 13:35:00,1.35279,1.35284,1.35278,1.35282,0.0
2026-09-12 13:40:00,1.3528,1.35285,1.35277,1.35278,0.0
2026-09-12 13:45:00,1.35279,1.35286,1.35277,1.3528,0.0
2026-09-12 13:50:00,1.3528,1.35285,1.35277,1.35282,0.0
2026-09-12 13:55:00,1.35279,1.35285,1.35278,1.35281,0.0
2026-09-12 14:00:00,1.35279,1.35287,1.35278,1.35279,0.0
2026-09-12 14:05:00,1.3528,1.35285,1.35278,1.35281,0.0
2026-09-12 14:10:00,1.3528,1.35287,1.35278,1.35283,0.0
2026-09-12 14:15:00,1.35279,1.35286,1.35279,1.35282,0.0
2026-09-12 14:20:00,1.35281,1.35292,1.35262,1.35264,0.0
2026-09-12 14:25:00,1.3527,1.35285,1.3527,1.35279,0.0
2026-09-12 14:30:00,1.35279,1.35284,1.35272,1.35281,0.0
2026-09-12 14:35:00,1.35278,1.35285,1.35278,1.3528,0.0
2026-09-12 14:40:00,1.35279,1.35285,1.35277,1.35278,0.0
2026-09-12 14:45:00,1.35279,1.35285,1.35277,1.3528,0.0
2026-09-12 14:50:00,1.35279,1.35285,1.35277,1.35282,0.0
2026-09-12 14:55:00,1.35279,1.35285,1.35278,1.35281,0.0
2026-09-12 15:00:00,1.35279,1.35285,1.35276,1.35278,0.0
2026-09-12 15:05:00,1.35279,1.35285,1.35265,1.35266,0.0
2026-09-12 15:10:00,1.35269,1.35283,1.35268,1.3528,0.0
2026-09-12 15:15:00,1.35277,1.35284,1.35277,1.35281,0.0
2026-09-12 15:20:00,1.35279,1.35285,1.35278,1.35278,0.0
2026-09-12 15:25:00,1.35279,1.35287,1.35277,1.35281,0.0
2026-09-12 15:30:00,1.3528,1.35285,1.35278,1.35283,0.0
2026-09-12 15:35:00,1.3528,1.35286,1.35278,1.3528,0.0
2026-09-12 15:40:00,1.3528,1.35285,1.35278,1.35279,0.0
2026-09-12 15:45:00,1.35279,1.35285,1.35277,1.3528,0.0
2026-09-12 15:50:00,1.35279,1.35285,1.35277,1.35283,0.0
2026-09-12 15:55:00,1.3528,1.35285,1.35277,1.35282,0.0
2026-09-12 16:00:00,1.35279,1.35285,1.35279,1.35279,0.0
2026-09-12 16:05:00,1.3528,1.35286,1.35278,1.35281,0.0
2026-09-12 16:10:00,1.3528,1.35284,1.35278,1.35283,0.0
2026-09-12 16:15:00,1.3528,1.35287,1.35278,1.35281,0.0
2026-09-12 16:20:00,1.3528,1.35285,1.35279,1.35279,0.0
2026-09-12 16:25:00,1.3528,1.35286,1.35278,1.35281,0.0
2026-09-12 16:30:00,1.3528,1.35284,1.35278,1.35283,0.0
2026-09-12 16:35:00,1.3528,1.35286,1.35278,1.3528,0.0
2026-09-12 16:40:00,1.3528,1.35285,1.35276,1.35279,0.0
2026-09-12 16:45:00,1.3528,1.35286,1.35278,1.35281,0.0
2026-09-12 16:50:00,1.3528,1.35284,1.35279,1.35283,0.0
2026-09-12 16:55:00,1.3528,1.35286,1.35278,1.3528,0.0
2026-09-12 17:00:00,1.3528,1.35284,1.35278,1.35278,0.0
2026-09-12 17:05:00,1.35279,1.35286,1.35277,1.35282,0.0
2026-09-12 17:10:00,1.35281,1.35284,1.35279,1.35283,0.0
2026-09-12 17:15:00,1.3528,1.35286,1.35278,1.3528,0.0
2026-09-12 17:20:00,1.3528,1.35284,1.35279,1.35279,0.0
2026-09-12 17:25:00,1.35279,1.35285,1.35277,1.35282,0.0
2026-09-12 17:30:00,1.3528,1.35283,1.35279,1.35283,0.0
2026-09-12 17:35:00,1.3528,1.35286,1.35278,1.3528,0.0
2026-09-12 17:40:00,1.3528,1.35284,1.35279,1.35279,0.0
2026-09-12 17:45:00,1.3528,1.35286,1.35278,1.35282,0.0
2026-09-12 17:50:00,1.3528,1.35284,1.35279,1.35282,0.0
2026-09-12 17:55:00,1.3528,1.35286,1.35277,1.35279,0.0
2026-09-12 18:00:00,1.3528,1.35283,1.35279,1.35279,0.0
2026-09-12 18:05:00,1.35279,1.35284,1.35276,1.35281,0.0
2026-09-12 18:10:00,1.35278,1.35283,1.35278,1.35281,0.0
2026-09-12 18:15:00,1.35278,1.35284,1.35276,1.35278,0.0
2026-09-12 18:20:00,1.35278,1.35283,1.35278,1.35279,0.0
2026-09-12 18:25:00,1.35279,1.35285,1.35277,1.35282,0.0
2026-09-12 18:30:00,1.35279,1.35284,1.35278,1.3528,0.0
2026-09-12 18:35:00,1.35278,1.35285,1.35277,1.35279,0.0
2026-09-12 18:40:00,1.35279,1.35283,1.35278,1.35279,0.0
2026-09-12 18:45:00,1.35279,1.35285,1.35277,1.35282,0.0
2026-09-12 18:50:00,1.35279,1.35284,1.35278,1.35281,0.0
2026-09-12 18:55:00,1.35279,1.35288,1.35278,1.35285,0.0
2026-09-12 19:00:00,1.35281,1.35285,1.3528,1.35283,0.0
2026-09-12 19:05:00,1.35281,1.35285,1.35277,1.35282,0.0
2026-09-12 19:10:00,1.35279,1.35286,1.35277,1.35283,0.0
2026-09-12 19:15:00,1.35281,1.35287,1.35278,1.3528,0.0
2026-09-12 19:20:00,1.3528,1.35285,1.35259,1.35261,0.0
2026-09-12 19:25:00,1.35266,1.35286,1.35264,1.35283,0.0
2026-09-12 19:30:00,1.35279,1.35286,1.35279,1.35283,0.0
2026-09-12 19:35:00,1.35281,1.35287,1.35278,1.35279,0.0
2026-09-12 19:40:00,1.3528,1.35286,1.35279,1.35281,0.0
2026-09-12 19:45:00,1.35281,1.35287,1.35279,1.35284,0.0
2026-09-12 19:50:00,1.35281,1.35287,1.3528,1.35284,0.0
2026-09-12 19:55:00,1.35282,1.35289,1.3528,1.35281,0.0
2026-09-12 20:00:00,1.35282,1.35288,1.3528,1.35281,0.0
2026-09-12 20:05:00,1.3528,1.35287,1.35279,1.35284,0.0
2026-09-12 20:10:00,1.35281,1.35287,1.3528,1.35283,0.0
2026-09-12 20:15:00,1.35281,1.35287,1.3528,1.3528,0.0
2026-09-12 20:20:00,1.35281,1.35287,1.3528,1.35283,0.0
2026-09-12 20:25:00,1.35281,1.35286,1.35278,1.35283,0.0
2026-09-12 20:30:00,1.3528,1.35287,1.35279,1.35283,0.0
2026-09-12 20:35:00,1.35281,1.35287,1.3528,1.3528,0.0
2026-09-12 20:40:00,1.35281,1.35287,1.35279,1.35283,0.0
2026-09-12 20:45:00,1.35281,1.35287,1.35279,1.35284,0.0
2026-09-12 20:50:00,1.35281,1.35287,1.3528,1.35285,0.0
2026-09-12 20:55:00,1.35282,1.35288,1.3528,1.35281,0.0
2026-09-12 21:00:00,1.35282,1.35286,1.35279,1.35282,0.0
2026-09-12 21:05:00,1.35281,1.35287,1.35279,1.35284,0.0
2026-09-12 21:10:00,1.35281,1.35287,1.3528,1.35284,0.0
2026-09-12 21:15:00,1.35281,1.35288,1.35281,1.35281,0.0
2026-09-12 21:20:00,1.35282,1.35288,1.3528,1.35283,0.0
2026-09-12 21:25:00,1.35282,1.35287,1.3528,1.35284,0.0
2026-09-12 21:30:00,1.35281,1.35287,1.3528,1.35284,0.0
2026-09-12 21:35:00,1.35281,1.35287,1.3528,1.3528,0.0
2026-09-12 21:40:00,1.35281,1.35289,1.35279,1.35283,0.0
2026-09-12 21:45:00,1.35281,1.35286,1.3528,1.35284,0.0
2026-09-12 21:50:00,1.35281,1.35287,1.35279,1.35284,0.0
2026-09-12 21:55:00,1.35281,1.35287,1.3528,1.3528,0.0
2026-09-12 22:00:00,1.35281,1.35287,1.35279,1.35283,0.0
2026-09-12 22:05:00,1.35281,1.35285,1.35278,1.35283,0.0
2026-09-12 22:10:00,1.3528,1.35285,1.35277,1.35282,0.0
2026-09-12 22:15:00,1.35279,1.35285,1.35278,1.35278,0.0
2026-09-12 22:20:00,1.35279,1.35285,1.35277,1.35281,0.0
2026-09-12 22:25:00,1.35279,1.35284,1.35278,1.35282,0.0
2026-09-12 22:30:00,1.35279,1.35285,1.35277,1.35279,0.0
2026-09-12 22:35:00,1.35279,1.35284,1.35278,1.35278,0.0
2026-09-12 22:40:00,1.35279,1.35285,1.35277,1.35281,0.0
2026-09-12 22:45:00,1.35279,1.35283,1.35278,1.35282,0.0
2026-09-12 22:50:00,1.35279,1.35285,1.35277,1.35279,0.0
2026-09-12 22:55:00,1.35279,1.35283,1.35278,1.35278,0.0
2026-09-12 23:00:00,1.35279,1.35284,1.35276,1.3528,0.0
2026-09-12 23:05:00,1.35278,1.35282,1.35277,1.35281,0.0
2026-09-12 23:10:00,1.35278,1.35286,1.35277,1.35279,0.0
2026-09-12 23:15:00,1.35279,1.35287,1.35278,1.35285,0.0
2026-09-12 23:20:00,1.35281,1.35287,1.35278,1.35282,0.0
2026-09-12 23:25:00,1.3528,1.35286,1.35278,1.35285,0.0
2026-09-12 23:30:00,1.35282,1.35287,1.35278,1.35283,0.0
2026-09-12 23:35:00,1.3528,1.35282,1.35277,1.35277,0.0
2026-09-12 23:40:00,1.35278,1.35284,1.35276,1.3528,0.0
2026-09-12 23:45:00,1.35278,1.35283,1.35278,1.35282,0.0
2026-09-12 23:50:00,1.3528,1.35286,1.35276,1.35279,0.0
2026-09-12 23:55:00,1.35279,1.35285,1.35278,1.35278,0.0
2026-09-13 00:00:00,1.35279,1.35285,1.35277,1.35281,0.0
2026-09-13 00:05:00,1.35278,1.35286,1.35276,1.35285,0.0
2026-09-13 00:10:00,1.35283,1.35286,1.35277,1.35279,0.0
2026-09-13 00:15:00,1.35279,1.35282,1.35278,1.35278,0.0
2026-09-13 00:20:00,1.35278,1.35284,1.35276,1.3528,0.0
2026-09-13 00:25:00,1.35278,1.35283,1.35277,1.35283,0.0
2026-09-13 00:30:00,1.3528,1.35284,1.35276,1.35278,0.0
2026-09-13 00:35:00,1.35278,1.35286,1.35278,1.35283,0.0
2026-09-13 00:40:00,1.35283,1.35285,1.35277,1.35281,0.0
2026-09-13 00:45:00,1.35278,1.35285,1.35278,1.35282,0.0
2026-09-13 00:50:00,1.35279,1.35289,1.35278,1.35287,0.0
2026-09-13 00:55:00,1.35282,1.35287,1.35281,1.35282,0.0
2026-09-13 01:00:00,1.35282,1.35289,1.35278,1.35284,0.0
2026-09-13 01:05:00,1.35282,1.35286,1.35278,1.35281,0.0
2026-09-13 01:10:00,1.35279,1.35286,1.35276,1.3528,0.0
2026-09-13 01:15:00,1.35281,1.35284,1.35278,1.35278,0.0
2026-09-13 01:20:00,1.35279,1.35285,1.35277,1.35282,0.0
2026-09-13 01:25:00,1.35279,1.35284,1.35278,1.35281,0.0
2026-09-13 01:30:00,1.35279,1.35284,1.35276,1.35278,0.0
2026-09-13 01:35:00,1.35278,1.35283,1.35277,1.35278,0.0
2026-09-13 01:40:00,1.35278,1.35284,1.35276,1.35281,0.0
2026-09-13 01:45:00,1.35278,1.35284,1.35277,1.3528,0.0
2026-09-13 01:50:00,1.35278,1.35284,1.35277,1.35278,0.0
2026-09-13 01:55:00,1.35278,1.35283,1.35277,1.3528,0.0
2026-09-13 02:00:00,1.35278,1.35286,1.35269,1.35283,0.0
2026-09-13 02:05:00,1.35279,1.35285,1.35278,1.3528,0.0
2026-09-13 02:10:00,1.35278,1.35285,1.35277,1.35278,0.0
2026-09-13 02:15:00,1.35279,1.35285,1.35278,1.35283,0.0
2026-09-13 02:20:00,1.35281,1.35289,1.3528,1.35287,0.0
2026-09-13 02:25:00,1.35284,1.35289,1.3528,1.35283,0.0
2026-09-13 02:30:00,1.35281,1.35287,1.35279,1.35279,0.0
2026-09-13 02:35:00,1.3528,1.35285,1.35277,1.35282,0.0
2026-09-13 02:40:00,1.35281,1.35288,1.3528,1.35286,0.0
2026-09-13 02:45:00,1.35283,1.35289,1.35281,1.35285,0.0
2026-09-13 02:50:00,1.35283,1.35289,1.35282,1.35282,0.0
2026-09-13 02:55:00,1.35283,1.35289,1.35281,1.35285,0.0
2026-09-13 03:00:00,1.35283,1.35292,1.35282,1.3529,0.0
2026-09-13 03:05:00,1.35287,1.35293,1.35285,1.35288,0.0
2026-09-13 03:10:00,1.35287,1.35291,1.35284,1.35284,0.0
2026-09-13 03:15:00,1.35285,1.35291,1.35283,1.35286,0.0
2026-09-13 03:20:00,1.35285,1.35291,1.35284,1.35288,0.0
2026-09-13 03:25:00,1.35285,1.35291,1.35281,1.35281,0.0
2026-09-13 03:30:00,1.35281,1.35285,1.35278,1.35278,0.0
2026-09-13 03:35:00,1.35279,1.35287,1.35276,1.35282,0.0
2026-09-13 03:40:00,1.3528,1.35288,1.3528,1.35286,0.0
2026-09-13 03:45:00,1.35284,1.35289,1.35279,1.35281,0.0
2026-09-13 03:50:00,1.3528,1.35284,1.35278,1.35278,0.0
2026-09-13 03:55:00,1.35278,1.35284,1.35276,1.3528,0.0
2026-09-13 04:00:00,1.35278,1.35289,1.35278,1.35287,0.0
2026-09-13 04:05:00,1.35284,1.35286,1.3528,1.35284,0.0
2026-09-13 04:10:00,1.35282,1.35286,1.35277,1.35277,0.0
2026-09-13 04:15:00,1.35279,1.35286,1.35277,1.3528,0.0
2026-09-13 04:20:00,1.35279,1.35285,1.35278,1.35283,0.0
2026-09-13 04:25:00,1.3528,1.35287,1.35278,1.35281,0.0
2026-09-13 04:30:00,1.35281,1.35288,1.3528,1.35282,0.0
2026-09-13 04:35:00,1.35282,1.35287,1.35279,1.35282,0.0
2026-09-13 04:40:00,1.35281,1.35284,1.35279,1.35283,0.0
2026-09-13 04:45:00,1.3528,1.3529,1.35274,1.35284,0.0
2026-09-13 04:50:00,1.35284,1.35285,1.35279,1.35279,0.0
2026-09-13 04:55:00,1.3528,1.35286,1.35278,1.35282,0.0
2026-09-13 05:00:00,1.3528,1.35287,1.35279,1.35286,0.0
2026-09-13 05:05:00,1.35283,1.35287,1.35279,1.35281,0.0
2026-09-13 05:10:00,1.35281,1.35285,1.35279,1.35279,0.0
2026-09-13 05:15:00,1.3528,1.35286,1.35278,1.35282,0.0
2026-09-13 05:20:00,1.3528,1.35284,1.35279,1.35283,0.0
2026-09-13 05:25:00,1.3528,1.35287,1.35278,1.3528,0.0
2026-09-13 05:30:00,1.3528,1.35285,1.35263,1.35268,0.0
2026-09-13 05:35:00,1.35269,1.35275,1.35267,1.35274,0.0
2026-09-13 05:40:00,1.35268,1.35281,1.35268,1.35279,0.0
2026-09-13 05:45:00,1.35277,1.35283,1.35275,1.35276,0.0
2026-09-13 05:50:00,1.35277,1.35281,1.35276,1.35276,0.0
2026-09-13 05:55:00,1.35277,1.35283,1.35275,1.35279,0.0
2026-09-13 06:00:00,1.35277,1.35287,1.35275,1.35287,0.0
2026-09-13 06:05:00,1.35284,1.3529,1.35282,1.35284,0.0
2026-09-13 06:10:00,1.35284,1.35288,1.35283,1.35284,0.0
2026-09-13 06:15:00,1.35284,1.3529,1.35282,1.35287,0.0
2026-09-13 06:20:00,1.35284,1.35289,1.35284,1.35287,0.0
2026-09-13 06:25:00,1.35284,1.3529,1.35282,1.35284,0.0
2026-09-13 06:30:00,1.35284,1.35285,1.3528,1.3528,0.0
2026-09-13 06:35:00,1.3528,1.35286,1.35278,1.35283,0.0
2026-09-13 06:40:00,1.3528,1.35285,1.35279,1.35282,0.0
2026-09-13 06:45:00,1.35279,1.35287,1.35277,1.35281,0.0
2026-09-13 06:50:00,1.35281,1.35286,1.3528,1.35283,0.0
2026-09-13 06:55:00,1.35282,1.35286,1.35277,1.35282,0.0
2026-09-13 07:00:00,1.3528,1.35287,1.35278,1.35285,0.0
2026-09-13 07:05:00,1.35283,1.3529,1.35282,1.35283,0.0
2026-09-13 07:10:00,1.35284,1.35289,1.35283,1.35284,0.0
2026-09-13 07:15:00,1.35284,1.3529,1.35281,1.35287,0.0
2026-09-13 07:20:00,1.35284,1.35287,1.3528,1.35283,0.0
2026-09-13 07:25:00,1.35281,1.35287,1.35279,1.3528,0.0
2026-09-13 07:30:00,1.35281,1.35286,1.3528,1.35283,0.0
2026-09-13 07:35:00,1.35281,1.35288,1.3528,1.35285,0.0
2026-09-13 07:40:00,1.35282,1.35287,1.35281,1.35285,0.0
2026-09-13 07:45:00,1.35283,1.35289,1.35281,1.35282,0.0
2026-09-13 07:50:00,1.35283,1.35287,1.35281,1.35284,0.0
2026-09-13 07:55:00,1.35282,1.35288,1.3528,1.35285,0.0
2026-09-13 08:00:00,1.35282,1.35289,1.3528,1.35287,0.0
2026-09-13 08:05:00,1.35285,1.35291,1.35283,1.35284,0.0
2026-09-13 08:10:00,1.35285,1.35288,1.3528,1.35282,0.0
2026-09-13 08:15:00,1.35282,1.35288,1.3528,1.35285,0.0
2026-09-13 08:20:00,1.35282,1.35288,1.3528,1.35284,0.0
2026-09-13 08:25:00,1.35282,1.35288,1.3528,1.35281,0.0
2026-09-13 08:30:00,1.35282,1.35287,1.3528,1.35282,0.0
2026-09-13 08:35:00,1.35282,1.35287,1.35279,1.35284,0.0
2026-09-13 08:40:00,1.35281,1.35286,1.35279,1.35282,0.0
2026-09-13 08:45:00,1.3528,1.35286,1.35279,1.35279,0.0
2026-09-13 08:50:00,1.3528,1.35286,1.35278,1.35281,0.0
2026-09-13 08:55:00,1.3528,1.35286,1.35278,1.35283,0.0
2026-09-13 09:00:00,1.3528,1.35285,1.35258,1.35268,0.0
2026-09-13 09:05:00,1.35266,1.35272,1.35264,1.35265,0.0
2026-09-13 09:10:00,1.35266,1.35279,1.3526,1.35275,0.0
2026-09-13 09:15:00,1.35274,1.3528,1.35272,1.35277,0.0
2026-09-13 09:20:00,1.35274,1.35283,1.35273,1.3528,0.0
2026-09-13 09:25:00,1.35277,1.35285,1.35277,1.35278,0.0
2026-09-13 09:30:00,1.35279,1.35285,1.35277,1.3528,0.0
2026-09-13 09:35:00,1.35279,1.35284,1.35278,1.35282,0.0
2026-09-13 09:40:00,1.35279,1.35285,1.35277,1.35282,0.0
2026-09-13 09:45:00,1.35279,1.35285,1.35278,1.35278,0.0
2026-09-13 09:50:00,1.35279,1.35285,1.35277,1.35281,0.0
2026-09-13 09:55:00,1.35279,1.35284,1.35278,1.35282,0.0
2026-09-13 10:00:00,1.35279,1.35285,1.35277,1.35282,0.0
2026-09-13 10:05:00,1.35279,1.35285,1.35278,1.35278,0.0
2026-09-13 10:10:00,1.35279,1.35285,1.35277,1.35281,0.0
2026-09-13 10:15:00,1.35279,1.35284,1.35278,1.35282,0.0
2026-09-13 10:20:00,1.35279,1.35285,1.35277,1.35279,0.0
2026-09-13 10:25:00,1.35279,1.35284,1.35278,1.35278,0.0
2026-09-13 10:30:00,1.35279,1.35297,1.35254,1.35264,0.0
2026-09-13 10:35:00,1.35262,1.35266,1.35261,1.35265,0.0
2026-09-13 10:40:00,1.35262,1.35276,1.35259,1.3527,0.0
2026-09-13 10:45:00,1.3527,1.35278,1.35268,1.35268,0.0
2026-09-13 10:50:00,1.35271,1.35279,1.35271,1.35275,0.0
2026-09-13 10:55:00,1.35273,1.3528,1.35273,1.35279,0.0
2026-09-13 11:00:00,1.35276,1.35285,1.35275,1.35284,0.0
2026-09-13 11:05:00,1.35281,1.35285,1.3528,1.3528,0.0
2026-09-13 11:10:00,1.35281,1.35286,1.35278,1.35282,0.0
2026-09-13 11:15:00,1.3528,1.35284,1.35279,1.35282,0.0
2026-09-13 11:20:00,1.3528,1.35286,1.35278,1.3528,0.0
2026-09-13 11:25:00,1.3528,1.35284,1.35279,1.35279,0.0
2026-09-13 11:30:00,1.3528,1.35287,1.35278,1.35284,0.0
2026-09-13 11:35:00,1.35282,1.35286,1.35281,1.35284,0.0
2026-09-13 11:40:00,1.35282,1.35288,1.3528,1.35281,0.0
2026-09-13 11:45:00,1.35282,1.35287,1.35281,1.35282,0.0
2026-09-13 11:50:00,1.35283,1.35289,1.35281,1.35285,0.0
2026-09-13 11:55:00,1.35283,1.35288,1.3528,1.35284,0.0
2026-09-13 12:00:00,1.35281,1.35287,1.35279,1.35281,0.0
2026-09-13 12:05:00,1.35281,1.35285,1.3528,1.35281,0.0
2026-09-13 12:10:00,1.35281,1.35287,1.35279,1.35284,0.0
2026-09-13 12:15:00,1.35281,1.35287,1.35281,1.35285,0.0
2026-09-13 12:20:00,1.35282,1.35287,1.35277,1.35279,0.0
2026-09-13 12:25:00,1.35279,1.35284,1.35278,1.35279,0.0
2026-09-13 12:30:00,1.35279,1.35285,1.35277,1.35281,0.0
2026-09-13 12:35:00,1.35278,1.35284,1.35278,1.35282,0.0
2026-09-13 12:40:00,1.35279,1.35286,1.35279,1.3528,0.0
2026-09-13 12:45:00,1.35281,1.35287,1.3528,1.35282,0.0
2026-09-13 12:50:00,1.35282,1.35288,1.35279,1.35283,0.0
2026-09-13 12:55:00,1.35281,1.35286,1.3528,1.35283,0.0
2026-09-13 13:00:00,1.35281,1.35286,1.35278,1.35279,0.0
2026-09-13 13:05:00,1.3528,1.35284,1.35278,1.3528,0.0
2026-09-13 13:10:00,1.3528,1.35288,1.35278,1.35284,0.0
2026-09-13 13:15:00,1.35282,1.35286,1.35279,1.35282,0.0
2026-09-13 13:20:00,1.3528,1.35286,1.35278,1.35279,0.0
2026-09-13 13:25:00,1.3528,1.35285,1.35279,1.3528,0.0
2026-09-13 13:30:00,1.3528,1.35286,1.35278,1.35283,0.0
2026-09-13 13:35:00,1.3528,1.35286,1.3528,1.35282,0.0
2026-09-13 13:40:00,1.3528,1.35286,1.35278,1.35279,0.0
2026-09-13 13:45:00,1.3528,1.35285,1.35279,1.35282,0.0
2026-09-13 13:50:00,1.3528,1.35286,1.35278,1.35283,0.0
2026-09-13 13:55:00,1.3528,1.35286,1.35279,1.35282,0.0
2026-09-13 14:00:00,1.3528,1.35285,1.35278,1.35278,0.0
2026-09-13 14:05:00,1.35279,1.35285,1.35278,1.35281,0.0
2026-09-13 14:10:00,1.35279,1.35285,1.35277,1.35282,0.0
2026-09-13 14:15:00,1.35279,1.35285,1.35278,1.35282,0.0
2026-09-13 14:20:00,1.35279,1.35288,1.35279,1.35281,0.0
2026-09-13 14:25:00,1.35281,1.35288,1.3528,1.35285,0.0
2026-09-13 14:30:00,1.35283,1.35289,1.35281,1.35286,0.0
2026-09-13 14:35:00,1.35283,1.35289,1.35282,1.35286,0.0
2026-09-13 14:40:00,1.35283,1.35289,1.35282,1.35282,0.0
2026-09-13 14:45:00,1.35283,1.35289,1.35281,1.35285,0.0
2026-09-13 14:50:00,1.35283,1.35289,1.35282,1.35286,0.0
2026-09-13 14:55:00,1.35283,1.3529,1.35282,1.35286,0.0
2026-09-13 15:00:00,1.35283,1.35289,1.35282,1.35282,0.0
2026-09-13 15:05:00,1.35283,1.35289,1.35281,1.35284,0.0
2026-09-13 15:10:00,1.35283,1.35289,1.35282,1.35286,0.0
2026-09-13 15:15:00,1.35283,1.3529,1.3528,1.35283,0.0
2026-09-13 15:20:00,1.35281,1.35287,1.3528,1.3528,0.0
2026-09-13 15:25:00,1.35281,1.35287,1.35279,1.35282,0.0
2026-09-13 15:30:00,1.35281,1.35286,1.35279,1.35284,0.0
2026-09-13 15:35:00,1.35281,1.35287,1.35279,1.35284,0.0
2026-09-13 15:40:00,1.35281,1.35287,1.35281,1.35281,0.0
2026-09-13 15:45:00,1.35282,1.35288,1.3528,1.35283,0.0
2026-09-13 15:50:00,1.35282,1.35287,1.3528,1.35285,0.0
2026-09-13 15:55:00,1.35282,1.35288,1.3528,1.35282,0.0
2026-09-13 16:00:00,1.35282,1.35288,1.35282,1.35282,0.0
2026-09-13 16:05:00,1.35283,1.35289,1.35281,1.35285,0.0
2026-09-13 16:10:00,1.35283,1.35288,1.35282,1.35286,0.0
2026-09-13 16:15:00,1.35283,1.35289,1.35281,1.35287,0.0
2026-09-13 16:20:00,1.35283,1.35289,1.35282,1.35282,0.0
2026-09-13 16:25:00,1.35283,1.35289,1.35281,1.35285,0.0
2026-09-13 16:30:00,1.35283,1.35287,1.35281,1.35285,0.0
2026-09-13 16:35:00,1.35283,1.35288,1.3528,1.35283,0.0
2026-09-13 16:40:00,1.35283,1.35288,1.35282,1.35282,0.0
2026-09-13 16:45:00,1.35283,1.35289,1.35281,1.35284,0.0
2026-09-13 16:50:00,1.35283,1.35286,1.35282,1.35285,0.0
2026-09-13 16:55:00,1.35283,1.35289,1.35281,1.35283,0.0
2026-09-13 17:00:00,1.35283,1.35288,1.35282,1.35282,0.0
2026-09-13 17:05:00,1.35283,1.35289,1.35281,1.35285,0.0
2026-09-13 17:10:00,1.35283,1.35287,1.35282,1.35286,0.0
2026-09-13 17:15:00,1.35283,1.35289,1.35281,1.35283,0.0
2026-09-13 17:20:00,1.35283,1.35287,1.3528,1.35281,0.0
2026-09-13 17:25:00,1.35282,1.35288,1.3528,1.35284,0.0
2026-09-13 17:30:00,1.35282,1.35286,1.35256,1.35267,0.0
2026-09-13 17:35:00,1.35265,1.35271,1.35263,1.35264,0.0
2026-09-13 17:40:00,1.35265,1.35274,1.35263,1.35269,0.0
2026-09-13 17:45:00,1.3527,1.35284,1.35265,1.3528,0.0
2026-09-13 17:50:00,1.35278,1.35283,1.35278,1.35281,0.0
2026-09-13 17:55:00,1.35278,1.35284,1.35276,1.35278,0.0
2026-09-13 18:00:00,1.35278,1.35282,1.35277,1.35278,0.0
2026-09-13 18:05:00,1.35278,1.35284,1.35276,1.35281,0.0
2026-09-13 18:10:00,1.35278,1.35283,1.35278,1.35281,0.0
2026-09-13 18:15:00,1.35278,1.35284,1.35276,1.35278,0.0
2026-09-13 18:20:00,1.35278,1.35282,1.35277,1.35278,0.0
2026-09-13 18:25:00,1.35278,1.35284,1.35276,1.35281,0.0
2026-09-13 18:30:00,1.35278,1.35283,1.35278,1.35281,0.0
2026-09-13 18:35:00,1.35278,1.35287,1.35276,1.3528,0.0
2026-09-13 18:40:00,1.35281,1.35285,1.3528,1.35281,0.0
2026-09-13 18:45:00,1.35281,1.35287,1.35279,1.35283,0.0
2026-09-13 18:50:00,1.35281,1.35286,1.3528,1.35283,0.0
2026-09-13 18:55:00,1.35281,1.35287,1.35279,1.3528,0.0
2026-09-13 19:00:00,1.35281,1.35285,1.35279,1.3528,0.0
2026-09-13 19:05:00,1.3528,1.35286,1.35278,1.35282,0.0
2026-09-13 19:10:00,1.3528,1.35285,1.35279,1.35282,0.0
2026-09-13 19:15:00,1.3528,1.35286,1.35278,1.35279,0.0
2026-09-13 19:20:00,1.3528,1.35287,1.35278,1.35282,0.0
2026-09-13 19:25:00,1.35282,1.35287,1.35279,1.35284,0.0
2026-09-13 19:30:00,1.35281,1.35287,1.3528,1.35283,0.0
2026-09-13 19:35:00,1.35281,1.35287,1.35279,1.3528,0.0
2026-09-13 19:40:00,1.35281,1.35286,1.3528,1.35283,0.0
2026-09-13 19:45:00,1.35281,1.35287,1.35279,1.35284,0.0
2026-09-13 19:50:00,1.35281,1.35287,1.3528,1.35282,0.0
2026-09-13 19:55:00,1.3528,1.35286,1.35278,1.35279,0.0
2026-09-13 20:00:00,1.3528,1.35287,1.35278,1.35282,0.0
2026-09-13 20:05:00,1.35282,1.35287,1.3528,1.35285,0.0
2026-09-13 20:10:00,1.35282,1.35288,1.3528,1.35284,0.0
2026-09-13 20:15:00,1.35282,1.35288,1.3528,1.35281,0.0
2026-09-13 20:20:00,1.35282,1.35287,1.3528,1.35282,0.0
2026-09-13 20:25:00,1.35282,1.35287,1.3528,1.35285,0.0
2026-09-13 20:30:00,1.35282,1.35288,1.3528,1.35284,0.0
2026-09-13 20:35:00,1.35282,1.35288,1.3528,1.35281,0.0
2026-09-13 20:40:00,1.35282,1.35287,1.3528,1.35282,0.0
2026-09-13 20:45:00,1.35282,1.35287,1.3528,1.35285,0.0
2026-09-13 20:50:00,1.35282,1.35288,1.3528,1.35284,0.0
2026-09-13 20:55:00,1.35282,1.35288,1.3528,1.35281,0.0
2026-09-13 21:00:00,1.35282,1.35288,1.3528,1.35283,0.0
2026-09-13 21:05:00,1.35282,1.35287,1.3528,1.35285,0.0
2026-09-13 21:10:00,1.35282,1.35288,1.3528,1.35284,0.0
2026-09-13 21:15:00,1.35282,1.35287,1.35281,1.35281,0.0
2026-09-13 21:20:00,1.35282,1.35288,1.3528,1.35283,0.0
2026-09-13 21:25:00,1.35282,1.35287,1.3528,1.35285,0.0
2026-09-13 21:30:00,1.35282,1.35288,1.3528,1.35282,0.0
2026-09-13 21:35:00,1.35282,1.35287,1.35281,1.35281,0.0
2026-09-13 21:40:00,1.35282,1.353,1.35268,1.35296,0.0
2026-09-13 21:45:00,1.35294,1.35299,1.35293,1.35297,0.0
2026-09-13 21:50:00,1.35294,1.353,1.35285,1.35286,0.0
2026-09-13 21:55:00,1.35288,1.35292,1.35283,1.35283,0.0
2026-09-13 22:00:00,1.35285,1.35288,1.35279,1.35282,0.0
2026-09-13 22:05:00,1.35281,1.353,1.3528,1.35296,0.0
2026-09-13 22:10:00,1.35293,1.35299,1.35291,1.35297,0.0
2026-09-13 22:15:00,1.35293,1.35299,1.35293,1.35293,0.0
2026-09-13 22:20:00,1.35293,1.353,1.35292,1.35295,0.0
2026-09-13 22:25:00,1.35293,1.35298,1.35292,1.35296,0.0
2026-09-13 22:30:00,1.35293,1.3531,1.35291,1.35304,0.0
2026-09-13 22:35:00,1.35304,1.35309,1.35303,1.35303,0.0
2026-09-13 22:40:00,1.35304,1.3531,1.35302,1.35306,0.0
2026-09-13 22:45:00,1.35304,1.35308,1.35303,1.35307,0.0
2026-09-13 22:50:00,1.35304,1.3531,1.35302,1.35304,0.0
2026-09-13 22:55:00,1.35304,1.35317,1.35302,1.35311,0.0
2026-09-13 23:00:00,1.35312,1.35318,1.3531,1.35314,0.0
2026-09-13 23:05:00,1.35312,1.35316,1.35311,1.35315,0.0
2026-09-13 23:10:00,1.35312,1.35318,1.3531,1.35312,0.0
2026-09-13 23:15:00,1.35312,1.35315,1.3528,1.35281,0.0
2026-09-13 23:20:00,1.35283,1.35301,1.35269,1.35297,0.0
2026-09-13 23:25:00,1.35295,1.35299,1.35295,1.35298,0.0
2026-09-13 23:30:00,1.35295,1.35301,1.35293,1.35295,0.0
2026-09-13 23:35:00,1.35295,1.35299,1.35294,1.35294,0.0
2026-09-13 23:40:00,1.35295,1.35301,1.35293,1.35297,0.0
2026-09-13 23:45:00,1.35295,1.35311,1.35295,1.35308,0.0
2026-09-13 23:50:00,1.35305,1.35311,1.35303,1.35305,0.0
2026-09-13 23:55:00,1.35305,1.35309,1.35304,1.35305,0.0
2026-09-14 00:00:00,1.35305,1.35308,1.35286,1.35301,0.0
2026-09-14 00:05:00,1.35296,1.35296,1.35272,1.3528,0.0
2026-09-14 00:10:00,1.35278,1.35298,1.35275,1.35286,0.0
2026-09-14 00:15:00,1.35286,1.3529,1.35285,1.35286,0.0
2026-09-14 00:20:00,1.35286,1.35293,1.35285,1.35289,0.0
2026-09-14 00:25:00,1.35286,1.35292,1.35286,1.35289,0.0
2026-09-14 00:30:00,1.35286,1.35292,1.35284,1.35286,0.0
2026-09-14 00:35:00,1.35286,1.35303,1.35279,1.35286,0.0
2026-09-14 00:40:00,1.35287,1.35293,1.35286,1.3529,0.0
2026-09-14 00:45:00,1.35287,1.35293,1.35287,1.3529,0.0
2026-09-14 00:50:00,1.35287,1.35293,1.35285,1.35287,0.0
2026-09-14 00:55:00,1.35287,1.35292,1.35286,1.35287,0.0
2026-09-14 01:00:00,1.35287,1.35313,1.35278,1.35289,0.0
2026-09-14 01:05:00,1.35299,1.35299,1.3528,1.35287,0.0
2026-09-14 01:10:00,1.35285,1.35291,1.35283,1.35284,0.0
2026-09-14 01:15:00,1.35285,1.3529,1.35283,1.35285,0.0
2026-09-14 01:20:00,1.35285,1.35291,1.35283,1.35288,0.0
2026-09-14 01:25:00,1.35285,1.35303,1.35278,1.35292,0.0
2026-09-14 01:30:00,1.35292,1.35298,1.3529,1.35292,0.0
2026-09-14 01:35:00,1.35292,1.35298,1.35291,1.35294,0.0
2026-09-14 01:40:00,1.35292,1.35298,1.3529,1.35295,0.0
2026-09-14 01:45:00,1.35292,1.35298,1.35291,1.35294,0.0
2026-09-14 01:50:00,1.35292,1.353,1.35281,1.35293,0.0
2026-09-14 01:55:00,1.35294,1.35299,1.35292,1.35294,0.0
2026-09-14 02:00:00,1.35294,1.35299,1.35291,1.35296,0.0
2026-09-14 02:05:00,1.35294,1.35299,1.35292,1.35296,0.0
2026-09-14 02:10:00,1.35294,1.35295,1.35287,1.35288,0.0
2026-09-14 02:15:00,1.35289,1.35298,1.35287,1.35296,0.0
2026-09-14 02:20:00,1.35294,1.353,1.35292,1.35297,0.0
2026-09-14 02:25:00,1.35294,1.353,1.35293,1.35297,0.0
2026-09-14 02:30:00,1.35294,1.353,1.35293,1.35293,0.0
2026-09-14 02:35:00,1.35294,1.353,1.35292,1.35296,0.0
2026-09-14 02:40:00,1.35294,1.35309,1.3529,1.35305,0.0
2026-09-14 02:45:00,1.35302,1.35308,1.35301,1.35305,0.0
2026-09-14 02:50:00,1.35302,1.35308,1.35301,1.35301,0.0
2026-09-14 02:55:00,1.35302,1.35308,1.353,1.35303,0.0
2026-09-14 03:00:00,1.35302,1.35304,1.35247,1.35279,0.0
2026-09-14 03:05:00,1.35276,1.35297,1.3527,1.35288,0.0
2026-09-14 03:10:00,1.35289,1.35295,1.35288,1.35288,0.0
2026-09-14 03:15:00,1.35289,1.35292,1.35284,1.35286,0.0
2026-09-14 03:20:00,1.35285,1.3529,1.35283,1.35288,0.0
2026-09-14 03:25:00,1.35285,1.35291,1.35283,1.35288,0.0
2026-09-14 03:30:00,1.35285,1.35338,1.35266,1.35319,0.0
2026-09-14 03:35:00,1.3532,1.35326,1.35318,1.35321,0.0
2026-09-14 03:40:00,1.3532,1.35325,1.35318,1.35323,0.0
2026-09-14 03:45:00,1.3532,1.35326,1.35287,1.35288,0.0
2026-09-14 03:50:00,1.35289,1.35289,1.3528,1.3528,0.0
2026-09-14 03:55:00,1.3528,1.35294,1.35277,1.35284,0.0
2026-09-14 04:00:00,1.35285,1.35285,1.35277,1.35282,0.0
2026-09-14 04:05:00,1.3528,1.35286,1.35277,1.3528,0.0
2026-09-14 04:10:00,1.35279,1.35284,1.35279,1.35279,0.0
2026-09-14 04:15:00,1.3528,1.35285,1.35277,1.3528,0.0
2026-09-14 04:20:00,1.35279,1.3534,1.35278,1.35293,0.0
2026-09-14 04:25:00,1.35301,1.35301,1.35279,1.3528,0.0
2026-09-14 04:30:00,1.3528,1.35285,1.35278,1.35278,0.0
2026-09-14 04:35:00,1.35279,1.35287,1.35277,1.35281,0.0
2026-09-14 04:40:00,1.35279,1.35285,1.35277,1.35284,0.0
2026-09-14 04:45:00,1.35282,1.35294,1.35272,1.35283,0.0
2026-09-14 04:50:00,1.35284,1.35285,1.35279,1.35284,0.0
2026-09-14 04:55:00,1.35281,1.35286,1.35278,1.35282,0.0
2026-09-14 05:00:00,1.3528,1.35285,1.3527,1.35284,0.0
2026-09-14 05:05:00,1.35281,1.35289,1.35241,1.35257,0.0
2026-09-14 05:10:00,1.35263,1.35274,1.35256,1.35256,0.0
2026-09-14 05:15:00,1.35257,1.35267,1.35242,1.35251,0.0
2026-09-14 05:20:00,1.35249,1.35278,1.35236,1.35248,0.0
2026-09-14 05:25:00,1.35245,1.35259,1.35243,1.35257,0.0
2026-09-14 05:30:00,1.35255,1.3526,1.35237,1.35241,0.0
2026-09-14 05:35:00,1.35247,1.35261,1.35239,1.35242,0.0
2026-09-14 05:40:00,1.35246,1.3525,1.35236,1.35238,0.0
2026-09-14 05:45:00,1.35237,1.35264,1.35237,1.35246,0.0
2026-09-14 05:50:00,1.35249,1.35261,1.35248,1.3526,0.0
2026-09-14 05:55:00,1.35257,1.35261,1.35248,1.35251,0.0
2026-09-14 06:00:00,1.35252,1.35263,1.35248,1.35259,0.0
2026-09-14 06:05:00,1.35256,1.35264,1.35252,1.3526,0.0
2026-09-14 06:10:00,1.35259,1.35269,1.35248,1.3525,0.0
2026-09-14 06:15:00,1.35255,1.35265,1.35247,1.35257,0.0
2026-09-14 06:20:00,1.35254,1.35263,1.35247,1.35262,0.0
2026-09-14 06:25:00,1.35259,1.35266,1.35246,1.35248,0.0
2026-09-14 06:30:00,1.35255,1.35265,1.35252,1.35252,0.0
2026-09-14 06:35:00,1.35253,1.35267,1.3525,1.35256,0.0
2026-09-14 06:40:00,1.35254,1.35263,1.35247,1.3526,0.0
2026-09-14 06:45:00,1.35257,1.35264,1.35251,1.35252,0.0
2026-09-14 06:50:00,1.35255,1.35265,1.35247,1.35252,0.0
2026-09-14 06:55:00,1.35251,1.35264,1.35242,1.35261,0.0
2026-09-14 07:00:00,1.35258,1.3527,1.35248,1.35255,0.0
2026-09-14 07:05:00,1.35257,1.35257,1.35236,1.35246,0.0
2026-09-14 07:10:00,1.35244,1.35255,1.35236,1.35238,0.0
2026-09-14 07:15:00,1.3524,1.35259,1.3524,1.35253,0.0
2026-09-14 07:20:00,1.35249,1.35261,1.35244,1.35261,0.0
2026-09-14 07:25:00,1.3526,1.35265,1.35236,1.35249,0.0
2026-09-14 07:30:00,1.35252,1.35263,1.3525,1.35258,0.0
2026-09-14 07:35:00,1.35255,1.35267,1.35255,1.35264,0.0
2026-09-14 07:40:00,1.35261,1.35268,1.35254,1.35258,0.0
2026-09-14 07:45:00,1.35258,1.35273,1.35254,1.35256,0.0
2026-09-14 07:50:00,1.35261,1.35278,1.35261,1.35272,0.0
2026-09-14 07:55:00,1.35271,1.35271,1.35252,1.3526,0.0
2026-09-14 08:00:00,1.35258,1.35272,1.35242,1.35255,0.0
2026-09-14 08:05:00,1.35255,1.35262,1.35245,1.35246,0.0
2026-09-14 08:10:00,1.35247,1.35248,1.35227,1.35235,0.0
2026-09-14 08:15:00,1.35236,1.35236,1.35197,1.35201,0.0
2026-09-14 08:20:00,1.35204,1.35213,1.35191,1.35193,0.0
2026-09-14 08:25:00,1.35196,1.35208,1.35184,1.35204,0.0
2026-09-14 08:30:00,1.35198,1.35214,1.35193,1.35209,0.0
2026-09-14 08:35:00,1.35208,1.3521,1.35198,1.35209,0.0
2026-09-14 08:40:00,1.35206,1.35215,1.35196,1.35211,0.0
2026-09-14 08:45:00,1.35203,1.35237,1.35203,1.35234,0.0
2026-09-14 08:50:00,1.3523,1.35241,1.35219,1.3522,0.0
2026-09-14 08:55:00,1.35222,1.35233,1.35221,1.35231,0.0
2026-09-14 09:00:00,1.35228,1.35238,1.35224,1.35226,0.0
2026-09-14 09:05:00,1.35228,1.35246,1.35228,1.35244,0.0
2026-09-14 09:10:00,1.35241,1.35254,1.35236,1.35248,0.0
2026-09-14 09:15:00,1.35247,1.35247,1.35208,1.35211,0.0
2026-09-14 09:20:00,1.35214,1.35218,1.35206,1.35213,0.0
2026-09-14 09:25:00,1.35209,1.35219,1.35204,1.35215,0.0
2026-09-14 09:30:00,1.3521,1.35227,1.35203,1.35226,0.0
2026-09-14 09:35:00,1.35221,1.35222,1.35201,1.35205,0.0
2026-09-14 09:40:00,1.35202,1.35224,1.35202,1.35221,0.0
2026-09-14 09:45:00,1.35213,1.35236,1.35213,1.35232,0.0
2026-09-14 09:50:00,1.35232,1.35236,1.35216,1.3523,0.0
2026-09-14 09:55:00,1.35228,1.35264,1.35219,1.35263,0.0
2026-09-14 10:00:00,1.35259,1.35264,1.35238,1.35261,0.0
2026-09-14 10:05:00,1.35259,1.35281,1.35256,1.35269,0.0
2026-09-14 10:10:00,1.35271,1.35293,1.35239,1.35255,0.0
2026-09-14 10:15:00,1.35253,1.35261,1.35243,1.35245,0.0
2026-09-14 10:20:00,1.35247,1.35247,1.35225,1.35226,0.0
2026-09-14 10:25:00,1.35228,1.35228,1.35179,1.35184,0.0
2026-09-14 10:30:00,1.35185,1.35197,1.35172,1.35181,0.0
2026-09-14 10:35:00,1.35187,1.35187,1.35171,1.35177,0.0
2026-09-14 10:40:00,1.35175,1.35175,1.35154,1.35156,0.0
2026-09-14 10:45:00,1.35162,1.35177,1.35162,1.35165,0.0
2026-09-14 10:50:00,1.35166,1.35183,1.35164,1.3518,0.0
2026-09-14 10:55:00,1.35177,1.35197,1.35168,1.35171,0.0
2026-09-14 11:00:00,1.35176,1.35191,1.35161,1.35171,0.0
2026-09-14 11:05:00,1.35173,1.35173,1.35146,1.35147,0.0
2026-09-14 11:10:00,1.3515,1.35155,1.35136,1.35141,0.0
2026-09-14 11:15:00,1.35139,1.35146,1.35135,1.35145,0.0
2026-09-14 11:20:00,1.35143,1.35161,1.35134,1.35157,0.0
2026-09-14 11:25:00,1.35152,1.35167,1.35152,1.35159,0.0
2026-09-14 11:30:00,1.35161,1.35169,1.35131,1.35134,0.0
2026-09-14 11:35:00,1.35137,1.35165,1.35134,1.35163,0.0
2026-09-14 11:40:00,1.35155,1.35188,1.35155,1.35173,0.0
2026-09-14 11:45:00,1.35177,1.35192,1.35177,1.35189,0.0
2026-09-14 11:50:00,1.35187,1.35187,1.35166,1.35172,0.0
2026-09-14 11:55:00,1.3517,1.35179,1.35166,1.35179,0.0
2026-09-14 12:00:00,1.35176,1.35177,1.35162,1.35168,0.0
2026-09-14 12:05:00,1.3517,1.35197,1.35167,1.35193,0.0
2026-09-14 12:10:00,1.35188,1.35197,1.35182,1.35192,0.0
2026-09-14 12:15:00,1.35189,1.3519,1.3517,1.35183,0.0
2026-09-14 12:20:00,1.35181,1.3519,1.35166,1.35188,0.0
2026-09-14 12:25:00,1.35184,1.35194,1.35164,1.35168,0.0
2026-09-14 12:30:00,1.35168,1.35176,1.35147,1.35151,0.0
2026-09-14 12:35:00,1.35157,1.35157,1.35142,1.35144,0.0
2026-09-14 12:40:00,1.35145,1.35145,1.35128,1.35141,0.0
2026-09-14 12:45:00,1.35137,1.35148,1.35131,1.35147,0.0
2026-09-14 12:50:00,1.35145,1.35151,1.35132,1.35148,0.0
2026-09-14 12:55:00,1.35145,1.35146,1.35126,1.35128,0.0
2026-09-14 13:00:00,1.35129,1.35138,1.35095,1.35098,0.0
2026-09-14 13:05:00,1.35099,1.35111,1.35097,1.35104,0.0
2026-09-14 13:10:00,1.35103,1.35104,1.35081,1.35093,0.0
2026-09-14 13:15:00,1.35091,1.35091,1.35073,1.35074,0.0
2026-09-14 13:20:00,1.35075,1.35081,1.3507,1.35071,0.0
2026-09-14 13:25:00,1.35072,1.35081,1.35065,1.3508,0.0
2026-09-14 13:30:00,1.35077,1.35081,1.35049,1.35054,0.0
2026-09-14 13:35:00,1.35063,1.35063,1.3504,1.35057,0.0
2026-09-14 13:40:00,1.35055,1.35055,1.35035,1.35038,0.0
2026-09-14 13:45:00,1.35039,1.35051,1.35037,1.35049,0.0
2026-09-14 13:50:00,1.35043,1.3506,1.35043,1.35057,0.0
2026-09-14 13:55:00,1.35053,1.35064,1.35049,1.3505,0.0
2026-09-14 14:00:00,1.35051,1.35072,1.35051,1.35067,0.0
2026-09-14 14:05:00,1.3506,1.35069,1.35046,1.3505,0.0
2026-09-14 14:10:00,1.35049,1.35071,1.35049,1.35068,0.0
2026-09-14 14:15:00,1.35065,1.35072,1.35057,1.35058,0.0
2026-09-14 14:20:00,1.3506,1.3506,1.35042,1.35044,0.0
2026-09-14 14:25:00,1.35044,1.35054,1.35037,1.35043,0.0
2026-09-14 14:30:00,1.35045,1.35045,1.35031,1.35039,0.0
2026-09-14 14:35:00,1.35034,1.35059,1.35033,1.35056,0.0
2026-09-14 14:40:00,1.3505,1.35061,1.35033,1.35033,0.0
2026-09-14 14:45:00,1.35033,1.35038,1.35021,1.35037,0.0
2026-09-14 14:50:00,1.35034,1.35039,1.35024,1.35026,0.0
2026-09-14 14:55:00,1.35026,1.35048,1.35025,1.35031,0.0
2026-09-14 15:00:00,1.35033,1.35043,1.35033,1.35034,0.0
2026-09-14 15:05:00,1.35036,1.35044,1.35029,1.35039,0.0
2026-09-14 15:10:00,1.35038,1.35038,1.35011,1.35015,0.0
2026-09-14 15:15:00,1.35011,1.35035,1.3501,1.35025,0.0
2026-09-14 15:20:00,1.35026,1.35033,1.35024,1.35031,0.0
2026-09-14 15:25:00,1.35029,1.35051,1.35026,1.35049,0.0
2026-09-14 15:30:00,1.35047,1.35058,1.35036,1.35057,0.0
2026-09-14 15:35:00,1.35051,1.35062,1.35048,1.35056,0.0
2026-09-14 15:40:00,1.35051,1.35055,1.35034,1.3505,0.0
2026-09-14 15:45:00,1.35043,1.3506,1.35038,1.35041,0.0
2026-09-14 15:50:00,1.35045,1.35053,1.35035,1.35052,0.0
2026-09-14 15:55:00,1.35049,1.35067,1.35044,1.3506,0.0
2026-09-14 16:00:00,1.3506,1.35061,1.35017,1.35019,0.0
2026-09-14 16:05:00,1.35023,1.35028,1.34927,1.34962,0.0
2026-09-14 16:10:00,1.34957,1.34966,1.34954,1.34956,0.0
2026-09-14 16:15:00,1.34958,1.34959,1.34888,1.34894,0.0
2026-09-14 16:20:00,1.34904,1.3492,1.34873,1.34913,0.0
2026-09-14 16:25:00,1.34903,1.34935,1.34903,1.34931,0.0
