Date,Open,High,Low,Close,Volume
2026-09-11 05:10:00,1.35109,1.35123,1.35109,1.3512,0.0
2026-09-11 05:11:00,1.35113,1.35126,1.3511,1.35125,0.0
2026-09-11 05:12:00,1.35123,1.35123,1.351,1.35103,0.0
2026-09-11 05:13:00,1.35107,1.35107,1.35088,1.35093,0.0
2026-09-11 05:14:00,1.351,1.351,1.35084,1.35085,0.0
2026-09-11 05:15:00,1.35086,1.3509,1.35075,1.35078,0.0
2026-09-11 05:16:00,1.35077,1.35099,1.35077,1.35096,0.0
2026-09-11 05:17:00,1.35091,1.35093,1.35085,1.35093,0.0
2026-09-11 05:18:00,1.3509,1.35094,1.35086,1.35086,0.0
2026-09-11 05:19:00,1.35087,1.35091,1.35087,1.35091,0.0
2026-09-11 05:20:00,1.35088,1.35108,1.35086,1.35102,0.0
2026-09-11 05:21:00,1.35091,1.35113,1.35091,1.3511,0.0
2026-09-11 05:22:00,1.35105,1.35113,1.35105,1.35113,0.0
2026-09-11 05:23:00,1.35111,1.35118,1.35107,1.35108,0.0
2026-09-11 05:24:00,1.3511,1.35119,1.35108,1.35118,0.0
2026-09-11 05:25:00,1.35115,1.35118,1.35106,1.35107,0.0
2026-09-11 05:26:00,1.3511,1.35118,1.35105,1.35117,0.0
2026-09-11 05:27:00,1.35113,1.35113,1.35104,1.35105,0.0
2026-09-11 05:28:00,1.35107,1.3511,1.35106,1.35109,0.0
2026-09-11 05:29:00,1.35105,1.35118,1.35105,1.35116,0.0
2026-09-11 05:30:00,1.35112,1.35115,1.35112,1.35115,0.0
2026-09-11 05:31:00,1.35114,1.35118,1.35114,1.35117,0.0
2026-09-11 05:32:00,1.35115,1.35117,1.35115,1.35115,0.0
2026-09-11 05:33:00,1.35115,1.35118,1.35106,1.35118,0.0
2026-09-11 05:34:00,1.35115,1.35115,1.35102,1.35103,0.0
2026-09-11 05:35:00,1.35105,1.35105,1.35097,1.35099,0.0
2026-09-11 05:36:00,1.35098,1.35116,1.35098,1.35112,0.0
2026-09-11 05:37:00,1.35108,1.35113,1.35107,1.35113,0.0
2026-09-11 05:38:00,1.35111,1.35111,1.35104,1.35105,0.0
2026-09-11 05:39:00,1.35107,1.35107,1.35095,1.35097,0.0
2026-09-11 05:40:00,1.35098,1.35108,1.35096,1.35105,0.0
2026-09-11 05:41:00,1.35099,1.35114,1.35099,1.35111,0.0
2026-09-11 05:42:00,1.35105,1.35115,1.35105,1.35115,0.0
2026-09-11 05:43:00,1.35113,1.35113,1.35108,1.35108,0.0
2026-09-11 05:44:00,1.35109,1.35111,1.35106,1.35111,0.0
2026-09-11 05:45:00,1.35109,1.35114,1.35106,1.35106,0.0
2026-09-11 05:46:00,1.35107,1.35111,1.35104,1.35111,0.0
2026-09-11 05:47:00,1.35109,1.35109,1.35105,1.35105,0.0
2026-09-11 05:48:00,1.35105,1.35105,1.35097,1.35099,0.0
2026-09-11 05:49:00,1.35099,1.35114,1.35099,1.35111,0.0
2026-09-11 05:50:00,1.35106,1.3511,1.35106,1.3511,0.0
2026-09-11 05:51:00,1.35109,1.35109,1.35104,1.35109,0.0
2026-09-11 05:52:00,1.35108,1.35108,1.35097,1.35098,0.0
2026-09-11 05:53:00,1.35101,1.35106,1.351,1.35105,0.0
2026-09-11 05:54:00,1.35101,1.35115,1.35101,1.35112,0.0
2026-09-11 05:55:00,1.35106,1.35113,1.35105,1.35113,0.0
2026-09-11 05:56:00,1.35111,1.35111,1.35104,1.35104,0.0
2026-09-11 05:57:00,1.35105,1.35109,1.35093,1.35097,0.0
2026-09-11 05:58:00,1.35103,1.35103,1.35091,1.35092,0.0
2026-09-11 05:59:00,1.35094,1.35096,1.35091,1.35094,0.0
2026-09-11 06:00:00,1.35091,1.351,1.35091,1.35099,0.0
2026-09-11 06:01:00,1.35097,1.35109,1.35095,1.35095,0.0
2026-09-11 06:02:00,1.35096,1.35115,1.3509,1.35113,0.0
2026-09-11 06:03:00,1.3511,1.3511,1.3508,1.35083,0.0
2026-09-11 06:04:00,1.35088,1.35088,1.35084,1.35088,0.0
2026-09-11 06:05:00,1.35086,1.35092,1.35082,1.35082,0.0
2026-09-11 06:06:00,1.35085,1.3509,1.35085,1.3509,0.0
2026-09-11 06:07:00,1.35086,1.35098,1.35086,1.35095,0.0
2026-09-11 06:08:00,1.35091,1.35094,1.35089,1.35094,0.0
2026-09-11 06:09:00,1.35092,1.35098,1.35089,1.3509,0.0
2026-09-11 06:10:00,1.35091,1.35096,1.35088,1.35096,0.0
2026-09-11 06:11:00,1.35093,1.35093,1.35086,1.35087,0.0
2026-09-11 06:12:00,1.35088,1.35088,1.35086,1.35086,0.0
2026-09-11 06:13:00,1.35086,1.35088,1.35086,1.35088,0.0
2026-09-11 06:14:00,1.35085,1.3509,1.35085,1.35089,0.0
2026-09-11 06:15:00,1.35087,1.35089,1.35083,1.35089,0.0
2026-09-11 06:16:00,1.35086,1.35087,1.35083,1.35083,0.0
2026-09-11 06:17:00,1.35083,1.35084,1.35079,1.35084,0.0
2026-09-11 06:18:00,1.35081,1.35086,1.3508,1.35081,0.0
2026-09-11 06:19:00,1.35081,1.3509,1.35068,1.35088,0.0
2026-09-11 06:20:00,1.35082,1.35082,1.35064,1.35066,0.0
2026-09-11 06:21:00,1.35069,1.35069,1.35066,1.35069,0.0
2026-09-11 06:22:00,1.35068,1.35068,1.3506,1.35062,0.0
2026-09-11 06:23:00,1.35066,1.35066,1.35055,1.35056,0.0
2026-09-11 06:24:00,1.35058,1.35058,1.35053,1.35058,0.0
2026-09-11 06:25:00,1.35055,1.35061,1.35053,1.35053,0.0
2026-09-11 06:26:00,1.35054,1.35058,1.35054,1.35058,0.0
2026-09-11 06:27:00,1.35055,1.35063,1.35055,1.35055,0.0
2026-09-11 06:28:00,1.35056,1.35062,1.3505,1.35061,0.0
2026-09-11 06:29:00,1.35058,1.35061,1.35049,1.3505,0.0
2026-09-11 06:30:00,1.35053,1.35061,1.35053,1.3506,0.0
2026-09-11 06:31:00,1.35056,1.35072,1.35056,1.35069,0.0
2026-09-11 06:32:00,1.35062,1.35076,1.35062,1.35074,0.0
2026-09-11 06:33:00,1.35069,1.35085,1.35069,1.35082,0.0
2026-09-11 06:34:00,1.35073,1.35089,1.35073,1.35087,0.0
2026-09-11 06:35:00,1.35085,1.35088,1.35084,1.35088,0.0
2026-09-11 06:36:00,1.35084,1.35102,1.35081,1.35097,0.0
2026-09-11 06:37:00,1.3509,1.351,1.3509,1.351,0.0
2026-09-11 06:38:00,1.35095,1.35105,1.35095,1.35103,0.0
2026-09-11 06:39:00,1.351,1.35102,1.35095,1.35102,0.0
2026-09-11 06:40:00,1.351,1.35102,1.35095,1.35096,0.0
2026-09-11 06:41:00,1.35097,1.35099,1.35096,1.35099,0.0
2026-09-11 06:42:00,1.35097,1.35098,1.35093,1.35097,0.0
2026-09-11 06:43:00,1.35095,1.35095,1.35092,1.35095,0.0
2026-09-11 06:44:00,1.35095,1.35095,1.35085,1.35087,0.0
2026-09-11 06:45:00,1.3509,1.3509,1.35082,1.35083,0.0
2026-09-11 06:46:00,1.35084,1.35084,1.35079,1.3508,0.0
2026-09-11 06:47:00,1.3508,1.35092,1.35074,1.35076,0.0
2026-09-11 06:48:00,1.35081,1.35089,1.35081,1.35089,0.0
2026-09-11 06:49:00,1.35086,1.35098,1.35086,1.35095,0.0
2026-09-11 06:50:00,1.3509,1.351,1.3509,1.35098,0.0
2026-09-11 06:51:00,1.35092,1.35104,1.35092,1.35103,0.0
2026-09-11 06:52:00,1.351,1.35103,1.35099,1.351,0.0
2026-09-11 06:53:00,1.35099,1.35107,1.35099,1.35106,0.0
2026-09-11 06:54:00,1.35101,1.35111,1.35101,1.35109,0.0
2026-09-11 06:55:00,1.35106,1.3511,1.35106,1.3511,0.0
2026-09-11 06:56:00,1.35107,1.3512,1.35101,1.35103,0.0
2026-09-11 06:57:00,1.35109,1.35117,1.35109,1.35117,0.0
2026-09-11 06:58:00,1.35114,1.35119,1.35114,1.35118,0.0
2026-09-11 06:59:00,1.35115,1.35116,1.35111,1.35116,0.0
2026-09-11 07:00:00,1.35113,1.35119,1.35113,1.35118,0.0
2026-09-11 07:01:00,1.35116,1.35154,1.35113,1.35114,0.0
2026-09-11 07:02:00,1.35113,1.35173,1.35113,1.35167,0.0
2026-09-11 07:03:00,1.35154,1.35154,1.35121,1.35125,0.0
2026-09-11 07:04:00,1.35131,1.35131,1.35111,1.35115,0.0
2026-09-11 07:05:00,1.35119,1.35126,1.35118,1.35118,0.0
2026-09-11 07:06:00,1.35119,1.35124,1.35119,1.35124,0.0
2026-09-11 07:07:00,1.3512,1.35129,1.3512,1.35127,0.0
2026-09-11 07:08:00,1.35125,1.35126,1.35119,1.35126,0.0
2026-09-11 07:09:00,1.35123,1.35131,1.35116,1.35117,0.0
2026-09-11 07:10:00,1.35122,1.35147,1.35098,1.3514,0.0
2026-09-11 07:11:00,1.35128,1.35128,1.35086,1.35091,0.0
2026-09-11 07:12:00,1.35098,1.35098,1.35084,1.35086,0.0
2026-09-11 07:13:00,1.35089,1.35094,1.35088,1.35094,0.0
2026-09-11 07:14:00,1.35093,1.35098,1.35083,1.35084,0.0
2026-09-11 07:15:00,1.35087,1.35099,1.35087,1.35098,0.0
2026-09-11 07:16:00,1.35095,1.351,1.35084,1.35085,0.0
2026-09-11 07:17:00,1.3509,1.35101,1.35086,1.351,0.0
2026-09-11 07:18:00,1.35096,1.35096,1.35086,1.35086,0.0
2026-09-11 07:19:00,1.35088,1.351,1.35078,1.35097,0.0
2026-09-11 07:20:00,1.35091,1.35098,1.35069,1.35073,0.0
2026-09-11 07:21:00,1.35081,1.35099,1.35081,1.35097,0.0
2026-09-11 07:22:00,1.35093,1.35093,1.35079,1.35081,0.0
2026-09-11 07:23:00,1.35083,1.35086,1.35075,1.35076,0.0
2026-09-11 07:24:00,1.35078,1.35086,1.35078,1.35086,0.0
2026-09-11 07:25:00,1.35084,1.35087,1.35077,1.35078,0.0
2026-09-11 07:26:00,1.3508,1.35088,1.35075,1.35087,0.0
2026-09-11 07:27:00,1.35083,1.35099,1.35059,1.35065,0.0
2026-09-11 07:28:00,1.35079,1.351,1.35079,1.35099,0.0
2026-09-11 07:29:00,1.35092,1.35095,1.35081,1.35095,0.0
2026-09-11 07:30:00,1.35092,1.35092,1.35066,1.3507,0.0
2026-09-11 07:31:00,1.35074,1.35105,1.35074,1.35099,0.0
2026-09-11 07:32:00,1.3509,1.35108,1.3509,1.35106,0.0
2026-09-11 07:33:00,1.35101,1.3511,1.35098,1.3511,0.0
2026-09-11 07:34:00,1.35108,1.35108,1.35091,1.35093,0.0
2026-09-11 07:35:00,1.35097,1.35104,1.35097,1.35104,0.0
2026-09-11 07:36:00,1.35102,1.35109,1.351,1.351,0.0
2026-09-11 07:37:00,1.35102,1.35107,1.35101,1.35107,0.0
2026-09-11 07:38:00,1.35104,1.35118,1.35092,1.35095,0.0
2026-09-11 07:39:00,1.35104,1.35117,1.35104,1.35116,0.0
2026-09-11 07:40:00,1.35112,1.35132,1.35103,1.35126,0.0
2026-09-11 07:41:00,1.35115,1.35131,1.35115,1.3513,0.0
2026-09-11 07:42:00,1.35127,1.35127,1.35119,1.3512,0.0
2026-09-11 07:43:00,1.35121,1.35121,1.35117,1.35117,0.0
2026-09-11 07:44:00,1.35117,1.35125,1.35117,1.35123,0.0
2026-09-11 07:45:00,1.35117,1.3513,1.35117,1.35128,0.0
2026-09-11 07:46:00,1.35125,1.35129,1.35124,1.35129,0.0
2026-09-11 07:47:00,1.35125,1.35134,1.35125,1.35132,0.0
2026-09-11 07:48:00,1.35128,1.35133,1.35128,1.35132,0.0
2026-09-11 07:49:00,1.35127,1.35145,1.35127,1.35141,0.0
2026-09-11 07:50:00,1.35136,1.3515,1.35125,1.35147,0.0
2026-09-11 07:51:00,1.35141,1.35141,1.35122,1.35124,0.0
2026-09-11 07:52:00,1.35127,1.35141,1.35111,1.35138,0.0
2026-09-11 07:53:00,1.35132,1.35132,1.351,1.35104,0.0
2026-09-11 07:54:00,1.35111,1.35111,1.35093,1.35095,0.0
2026-09-11 07:55:00,1.35099,1.35107,1.35094,1.35106,0.0
2026-09-11 07:56:00,1.35104,1.35104,1.35091,1.35092,0.0
2026-09-11 07:57:00,1.35094,1.35095,1.35091,1.35095,0.0
2026-09-11 07:58:00,1.35091,1.35106,1.35091,1.35102,0.0
2026-09-11 07:59:00,1.35098,1.35107,1.35093,1.35106,0.0
2026-09-11 08:00:00,1.35101,1.35108,1.35087,1.35089,0.0
2026-09-11 08:01:00,1.35096,1.35121,1.35096,1.35115,0.0
2026-09-11 08:02:00,1.35101,1.3513,1.35101,1.35127,0.0
2026-09-11 08:03:00,1.35121,1.35122,1.35111,1.35121,0.0
2026-09-11 08:04:00,1.3512,1.3512,1.35106,1.35108,0.0
2026-09-11 08:05:00,1.3511,1.35114,1.35109,1.35109,0.0
2026-09-11 08:06:00,1.3511,1.35116,1.3511,1.35115,0.0
2026-09-11 08:07:00,1.35109,1.35127,1.35109,1.35123,0.0
2026-09-11 08:08:00,1.35118,1.35134,1.35108,1.35131,0.0
2026-09-11 08:09:00,1.35124,1.35124,1.35104,1.35106,0.0
2026-09-11 08:10:00,1.3511,1.35113,1.35106,1.35113,0.0
2026-09-11 08:11:00,1.3511,1.3511,1.35106,1.35106,0.0
2026-09-11 08:12:00,1.35107,1.35107,1.35102,1.35103,0.0
2026-09-11 08:13:00,1.35104,1.35109,1.35102,1.35104,0.0
2026-09-11 08:14:00,1.35103,1.35111,1.35103,1.3511,0.0
2026-09-11 08:15:00,1.35107,1.35113,1.35107,1.35112,0.0
2026-09-11 08:16:00,1.35108,1.35118,1.35108,1.35116,0.0
2026-09-11 08:17:00,1.35113,1.35117,1.3511,1.35117,0.0
2026-09-11 08:18:00,1.35114,1.35115,1.3511,1.3511,0.0
2026-09-11 08:19:00,1.35111,1.35112,1.35107,1.35112,0.0
2026-09-11 08:20:00,1.35109,1.35121,1.35102,1.35104,0.0
2026-09-11 08:21:00,1.3511,1.35122,1.3511,1.3512,0.0
2026-09-11 08:22:00,1.35114,1.35128,1.35114,1.35126,0.0
2026-09-11 08:23:00,1.35123,1.35125,1.35123,1.35125,0.0
2026-09-11 08:24:00,1.35124,1.35126,1.3512,1.35126,0.0
2026-09-11 08:25:00,1.35124,1.35124,1.35117,1.35117,0.0
2026-09-11 08:26:00,1.35118,1.35121,1.35117,1.35121,0.0
2026-09-11 08:27:00,1.35117,1.35122,1.35117,1.35121,0.0
2026-09-11 08:28:00,1.3512,1.3512,1.35111,1.35113,0.0
2026-09-11 08:29:00,1.35115,1.35118,1.35113,1.35113,0.0
2026-09-11 08:30:00,1.35114,1.35115,1.3511,1.35115,0.0
2026-09-11 08:31:00,1.35112,1.35115,1.35111,1.35112,0.0
2026-09-11 08:32:00,1.35112,1.35113,1.3511,1.35112,0.0
2026-09-11 08:33:00,1.3511,1.35115,1.3511,1.35115,0.0
2026-09-11 08:34:00,1.35114,1.35114,1.35111,1.35111,0.0
2026-09-11 08:35:00,1.35112,1.35117,1.35111,1.35116,0.0
2026-09-11 08:36:00,1.35111,1.35119,1.35111,1.35118,0.0
2026-09-11 08:37:00,1.35116,1.35116,1.35109,1.35111,0.0
2026-09-11 08:38:00,1.35112,1.35117,1.35109,1.35109,0.0
2026-09-11 08:39:00,1.35111,1.35114,1.35109,1.35114,0.0
2026-09-11 08:40:00,1.35112,1.35116,1.35111,1.35111,0.0
2026-09-11 08:41:00,1.35111,1.35112,1.35109,1.35112,0.0
2026-09-11 08:42:00,1.3511,1.35118,1.35107,1.3511,0.0
2026-09-11 08:43:00,1.3511,1.35121,1.3511,1.35119,0.0
2026-09-11 08:44:00,1.35114,1.35124,1.35114,1.35123,0.0
2026-09-11 08:45:00,1.35121,1.35121,1.35111,1.35112,0.0
2026-09-11 08:46:00,1.35114,1.35116,1.35113,1.35116,0.0
2026-09-11 08:47:00,1.35113,1.35119,1.35112,1.35112,0.0
2026-09-11 08:48:00,1.35113,1.35116,1.35111,1.35116,0.0
2026-09-11 08:49:00,1.35113,1.35124,1.35108,1.35109,0.0
2026-09-11 08:50:00,1.35114,1.35121,1.35114,1.35121,0.0
2026-09-11 08:51:00,1.35118,1.35129,1.35116,1.35126,0.0
2026-09-11 08:52:00,1.3512,1.35127,1.35118,1.35126,0.0
2026-09-11 08:53:00,1.35124,1.35124,1.35117,1.35118,0.0
2026-09-11 08:54:00,1.35118,1.35121,1.35118,1.35121,0.0
2026-09-11 08:55:00,1.3512,1.35122,1.35119,1.35122,0.0
2026-09-11 08:56:00,1.3512,1.35129,1.35116,1.35117,0.0
2026-09-11 08:57:00,1.3512,1.35128,1.3512,1.35128,0.0
2026-09-11 08:58:00,1.35125,1.35128,1.35122,1.35122,0.0
2026-09-11 08:59:00,1.35123,1.35125,1.35118,1.35125,0.0
2026-09-11 09:00:00,1.35123,1.35124,1.35119,1.35119,0.0
2026-09-11 09:01:00,1.35119,1.35123,1.35117,1.35122,0.0
2026-09-11 09:02:00,1.35117,1.35141,1.35116,1.35135,0.0
2026-09-11 09:03:00,1.35126,1.35142,1.35124,1.35141,0.0
2026-09-11 09:04:00,1.35137,1.35137,1.35117,1.3512,0.0
2026-09-11 09:05:00,1.35124,1.35124,1.35111,1.35114,0.0
2026-09-11 09:06:00,1.35118,1.35118,1.351,1.35104,0.0
2026-09-11 09:07:00,1.35109,1.35109,1.35097,1.35098,0.0
2026-09-11 09:08:00,1.351,1.35104,1.35098,1.35104,0.0
2026-09-11 09:09:00,1.35101,1.35106,1.35098,1.35098,0.0
2026-09-11 09:10:00,1.35099,1.35103,1.35097,1.35103,0.0
2026-09-11 09:11:00,1.351,1.35104,1.35099,1.35099,0.0
2026-09-11 09:12:00,1.35099,1.351,1.35099,1.351,0.0
2026-09-11 09:13:00,1.35098,1.35105,1.35098,1.35104,0.0
2026-09-11 09:14:00,1.351,1.35104,1.351,1.35103,0.0
2026-09-11 09:15:00,1.35101,1.35104,1.35101,1.35104,0.0
2026-09-11 09:16:00,1.35102,1.35112,1.351,1.35109,0.0
2026-09-11 09:17:00,1.35104,1.35111,1.35104,1.35111,0.0
2026-09-11 09:18:00,1.35109,1.35113,1.35106,1.35106,0.0
2026-09-11 09:19:00,1.35107,1.3511,1.35107,1.3511,0.0
2026-09-11 09:20:00,1.35107,1.35115,1.35107,1.35113,0.0
2026-09-11 09:21:00,1.35109,1.35111,1.35108,1.35111,0.0
2026-09-11 09:22:00,1.35109,1.35111,1.35109,1.35111,0.0
2026-09-11 09:23:00,1.35109,1.35109,1.35104,1.35105,0.0
2026-09-11 09:24:00,1.35106,1.35107,1.35098,1.35107,0.0
2026-09-11 09:25:00,1.35106,1.35106,1.35089,1.35091,0.0
2026-09-11 09:26:00,1.35095,1.351,1.35095,1.351,0.0
2026-09-11 09:27:00,1.35098,1.35098,1.35096,1.35096,0.0
2026-09-11 09:28:00,1.35096,1.35096,1.35089,1.35091,0.0
2026-09-11 09:29:00,1.35091,1.35099,1.35091,1.35097,0.0
2026-09-11 09:30:00,1.35094,1.35095,1.35089,1.35095,0.0
2026-09-11 09:31:00,1.35093,1.35099,1.35088,1.35089,0.0
2026-09-11 09:32:00,1.35091,1.35095,1.35091,1.35095,0.0
2026-09-11 09:33:00,1.35093,1.351,1.35092,1.35098,0.0
2026-09-11 09:34:00,1.35094,1.35101,1.35094,1.351,0.0
2026-09-11 09:35:00,1.35096,1.35102,1.35096,1.35102,0.0
2026-09-11 09:36:00,1.351,1.351,1.35093,1.35094,0.0
2026-09-11 09:37:00,1.35095,1.35097,1.35091,1.35095,0.0
2026-09-11 09:38:00,1.35092,1.351,1.35092,1.35099,0.0
2026-09-11 09:39:00,1.35097,1.35097,1.35093,1.35097,0.0
2026-09-11 09:40:00,1.35093,1.35103,1.35093,1.351,0.0
2026-09-11 09:41:00,1.35096,1.351,1.35093,1.351,0.0
2026-09-11 09:42:00,1.35098,1.35098,1.35093,1.35094,0.0
2026-09-11 09:43:00,1.35094,1.35094,1.35088,1.35089,0.0
2026-09-11 09:44:00,1.35089,1.35099,1.35089,1.35097,0.0
2026-09-11 09:45:00,1.35092,1.35107,1.35092,1.35103,0.0
2026-09-11 09:46:00,1.35096,1.35108,1.35096,1.35108,0.0
2026-09-11 09:47:00,1.35105,1.35105,1.35097,1.35098,0.0
2026-09-11 09:48:00,1.35099,1.35099,1.35091,1.35093,0.0
2026-09-11 09:49:00,1.35094,1.35101,1.35093,1.35093,0.0
2026-09-11 09:50:00,1.35094,1.35098,1.35094,1.35098,0.0
2026-09-11 09:51:00,1.35095,1.351,1.35095,1.35095,0.0
2026-09-11 09:52:00,1.35096,1.35096,1.35091,1.35096,0.0
2026-09-11 09:53:00,1.35094,1.351,1.35089,1.3509,0.0
2026-09-11 09:54:00,1.35092,1.35097,1.35092,1.35097,0.0
2026-09-11 09:55:00,1.35095,1.35098,1.35094,1.35098,0.0
2026-09-11 09:56:00,1.35096,1.35098,1.35089,1.3509,0.0
2026-09-11 09:57:00,1.35092,1.35097,1.35092,1.35097,0.0
2026-09-11 09:58:00,1.35095,1.35097,1.35094,1.35094,0.0
2026-09-11 09:59:00,1.35094,1.35095,1.35091,1.35095,0.0
2026-09-11 10:00:00,1.35091,1.35114,1.35085,1.35108,0.0
2026-09-11 10:01:00,1.35099,1.35121,1.35099,1.35118,0.0
2026-09-11 10:02:00,1.35106,1.35136,1.35106,1.35131,0.0
2026-09-11 10:03:00,1.35124,1.35137,1.35124,1.35136,0.0
2026-09-11 10:04:00,1.3513,1.35141,1.35129,1.3514,0.0
2026-09-11 10:05:00,1.35137,1.35137,1.35121,1.35123,0.0
2026-09-11 10:06:00,1.35125,1.3514,1.35125,1.35136,0.0
2026-09-11 10:07:00,1.35125,1.35145,1.35125,1.35143,0.0
2026-09-11 10:08:00,1.35139,1.35147,1.35139,1.35146,0.0
2026-09-11 10:09:00,1.35139,1.35152,1.35139,1.3515,0.0
2026-09-11 10:10:00,1.35146,1.35149,1.35129,1.35134,0.0
2026-09-11 10:11:00,1.35141,1.35141,1.35126,1.35127,0.0
2026-09-11 10:12:00,1.3513,1.3513,1.35121,1.35123,0.0
2026-09-11 10:13:00,1.35124,1.35133,1.35118,1.3512,0.0
2026-09-11 10:14:00,1.35123,1.35131,1.35123,1.3513,0.0
2026-09-11 10:15:00,1.35128,1.3513,1.35126,1.3513,0.0
2026-09-11 10:16:00,1.35129,1.35129,1.35121,1.35122,0.0
2026-09-11 10:17:00,1.35123,1.35123,1.35117,1.35119,0.0
2026-09-11 10:18:00,1.35119,1.35135,1.35115,1.3513,0.0
2026-09-11 10:19:00,1.35123,1.35133,1.35123,1.35133,0.0
2026-09-11 10:20:00,1.35129,1.35147,1.35128,1.35142,0.0
2026-09-11 10:21:00,1.35136,1.35144,1.35136,1.35144,0.0
2026-09-11 10:22:00,1.35141,1.35144,1.35139,1.35139,0.0
2026-09-11 10:23:00,1.3514,1.3514,1.35135,1.3514,0.0
2026-09-11 10:24:00,1.35138,1.35138,1.35132,1.35133,0.0
2026-09-11 10:25:00,1.35135,1.35135,1.35121,1.35124,0.0
2026-09-11 10:26:00,1.35128,1.35128,1.35115,1.35117,0.0
2026-09-11 10:27:00,1.3512,1.35122,1.35117,1.35117,0.0
2026-09-11 10:28:00,1.35118,1.35121,1.35118,1.35121,0.0
2026-09-11 10:29:00,1.35118,1.35134,1.35114,1.35129,0.0
2026-09-11 10:30:00,1.35123,1.35131,1.35123,1.35131,0.0
2026-09-11 10:31:00,1.35127,1.35137,1.35127,1.35135,0.0
2026-09-11 10:32:00,1.35132,1.3514,1.35131,1.35138,0.0
2026-09-11 10:33:00,1.3513,1.35146,1.3513,1.35145,0.0
2026-09-11 10:34:00,1.35142,1.35143,1.35141,1.35143,0.0
2026-09-11 10:35:00,1.35141,1.35147,1.35141,1.35146,0.0
2026-09-11 10:36:00,1.35143,1.35147,1.35143,1.35146,0.0
2026-09-11 10:37:00,1.35144,1.35147,1.35144,1.35147,0.0
2026-09-11 10:38:00,1.35144,1.35151,1.35144,1.35149,0.0
2026-09-11 10:39:00,1.35147,1.35149,1.35146,1.35149,0.0
2026-09-11 10:40:00,1.35146,1.35153,1.35146,1.35151,0.0
2026-09-11 10:41:00,1.35149,1.3515,1.35143,1.3515,0.0
2026-09-11 10:42:00,1.35148,1.35148,1.35144,1.35144,0.0
2026-09-11 10:43:00,1.35145,1.35147,1.35136,1.35145,0.0
2026-09-11 10:44:00,1.35143,1.35145,1.35135,1.35136,0.0
2026-09-11 10:45:00,1.35138,1.35147,1.35138,1.35145,0.0
2026-09-11 10:46:00,1.35141,1.35158,1.35141,1.35154,0.0
2026-09-11 10:47:00,1.35146,1.35161,1.35146,1.35159,0.0
2026-09-11 10:48:00,1.35155,1.35156,1.35147,1.35155,0.0
2026-09-11 10:49:00,1.35153,1.35153,1.35144,1.35145,0.0
2026-09-11 10:50:00,1.35147,1.35148,1.35144,1.35148,0.0
2026-09-11 10:51:00,1.35144,1.35152,1.35144,1.3515,0.0
2026-09-11 10:52:00,1.35146,1.35149,1.3514,1.35149,0.0
2026-09-11 10:53:00,1.35146,1.35146,1.35141,1.35141,0.0
2026-09-11 10:54:00,1.35142,1.35142,1.35138,1.35142,0.0
2026-09-11 10:55:00,1.3514,1.3514,1.35137,1.35138,0.0
2026-09-11 10:56:00,1.35138,1.35141,1.35135,1.35136,0.0
2026-09-11 10:57:00,1.35136,1.35141,1.35136,1.35141,0.0
2026-09-11 10:58:00,1.35139,1.35147,1.35133,1.35134,0.0
2026-09-11 10:59:00,1.35138,1.35148,1.35138,1.35147,0.0
2026-09-11 11:00:00,1.35141,1.35161,1.35141,1.35157,0.0
2026-09-11 11:01:00,1.35151,1.35164,1.35146,1.35162,0.0
2026-09-11 11:02:00,1.35157,1.35159,1.35142,1.35144,0.0
2026-09-11 11:03:00,1.35148,1.35155,1.35148,1.35155,0.0
2026-09-11 11:04:00,1.35152,1.35162,1.35152,1.3516,0.0
2026-09-11 11:05:00,1.35156,1.35159,1.35156,1.35159,0.0
2026-09-11 11:06:00,1.35158,1.3516,1.35155,1.3516,0.0
2026-09-11 11:07:00,1.35159,1.35159,1.3515,1.35151,0.0
2026-09-11 11:08:00,1.35152,1.35153,1.3515,1.35153,0.0
2026-09-11 11:09:00,1.3515,1.35155,1.3515,1.3515,0.0
2026-09-11 11:10:00,1.35151,1.35153,1.3515,1.35153,0.0
2026-09-11 11:11:00,1.3515,1.35156,1.3515,1.35154,0.0
2026-09-11 11:12:00,1.35152,1.35155,1.3515,1.35154,0.0
2026-09-11 11:13:00,1.35149,1.35161,1.35149,1.3516,0.0
2026-09-11 11:14:00,1.35156,1.35156,1.35147,1.35149,0.0
2026-09-11 11:15:00,1.35151,1.35153,1.35146,1.35147,0.0
2026-09-11 11:16:00,1.35148,1.3516,1.35148,1.35156,0.0
2026-09-11 11:17:00,1.3515,1.35163,1.3515,1.35162,0.0
2026-09-11 11:18:00,1.35159,1.35159,1.35152,1.35152,0.0
2026-09-11 11:19:00,1.35153,1.35157,1.35152,1.35157,0.0
2026-09-11 11:20:00,1.35152,1.35163,1.35152,1.35161,0.0
2026-09-11 11:21:00,1.35158,1.35163,1.35149,1.35162,0.0
2026-09-11 11:22:00,1.35158,1.35158,1.35149,1.3515,0.0
2026-09-11 11:23:00,1.3515,1.35151,1.35133,1.35138,0.0
2026-09-11 11:24:00,1.35144,1.35144,1.35131,1.35132,0.0
2026-09-11 11:25:00,1.35134,1.35134,1.35126,1.35127,0.0
2026-09-11 11:26:00,1.35129,1.35136,1.35128,1.35134,0.0
2026-09-11 11:27:00,1.35128,1.35141,1.35128,1.35138,0.0
2026-09-11 11:28:00,1.35134,1.35141,1.35134,1.35141,0.0
2026-09-11 11:29:00,1.35138,1.35142,1.35138,1.35141,0.0
2026-09-11 11:30:00,1.35139,1.35146,1.35125,1.35144,0.0
2026-09-11 11:31:00,1.35138,1.35138,1.35122,1.35123,0.0
2026-09-11 11:32:00,1.35128,1.35134,1.35127,1.35134,0.0
2026-09-11 11:33:00,1.35132,1.35134,1.35128,1.35128,0.0
2026-09-11 11:34:00,1.35129,1.35132,1.35124,1.35131,0.0
2026-09-11 11:35:00,1.35129,1.35131,1.35122,1.35123,0.0
2026-09-11 11:36:00,1.35124,1.35135,1.35124,1.35132,0.0
2026-09-11 11:37:00,1.35127,1.35137,1.35127,1.35137,0.0
2026-09-11 11:38:00,1.35134,1.35143,1.35133,1.3514,0.0
2026-09-11 11:39:00,1.35136,1.35141,1.35135,1.35141,0.0
2026-09-11 11:40:00,1.35139,1.35139,1.35135,1.35135,0.0
2026-09-11 11:41:00,1.35135,1.35138,1.35119,1.35124,0.0
2026-09-11 11:42:00,1.35131,1.35131,1.35117,1.35118,0.0
2026-09-11 11:43:00,1.3512,1.3512,1.35117,1.3512,0.0
2026-09-11 11:44:00,1.35118,1.35124,1.35118,1.35123,0.0
2026-09-11 11:45:00,1.35121,1.35121,1.35119,1.35119,0.0
2026-09-11 11:46:00,1.35119,1.3512,1.35111,1.3512,0.0
2026-09-11 11:47:00,1.35119,1.35119,1.35101,1.35103,0.0
2026-09-11 11:48:00,1.35107,1.35107,1.35093,1.35095,0.0
2026-09-11 11:49:00,1.35099,1.35099,1.35089,1.3509,0.0
2026-09-11 11:50:00,1.35092,1.35094,1.35089,1.35094,0.0
2026-09-11 11:51:00,1.35091,1.35096,1.3509,1.3509,0.0
2026-09-11 11:52:00,1.35091,1.35092,1.35089,1.35092,0.0
2026-09-11 11:53:00,1.35089,1.35094,1.35089,1.35093,0.0
2026-09-11 11:54:00,1.35092,1.35095,1.35078,1.35082,0.0
2026-09-11 11:55:00,1.35089,1.35089,1.35075,1.35077,0.0
2026-09-11 11:56:00,1.35079,1.35081,1.35077,1.35079,0.0
2026-09-11 11:57:00,1.35078,1.35082,1.35078,1.35082,0.0
2026-09-11 11:58:00,1.3508,1.35083,1.35078,1.35078,0.0
2026-09-11 11:59:00,1.35079,1.35082,1.35079,1.35082,0.0
2026-09-11 12:00:00,1.35079,1.35092,1.35076,1.35088,0.0
2026-09-11 12:01:00,1.35082,1.35093,1.35078,1.35092,0.0
2026-09-11 12:02:00,1.35087,1.35087,1.35077,1.35078,0.0
2026-09-11 12:03:00,1.35079,1.35086,1.35062,1.35068,0.0
2026-09-11 12:04:00,1.35077,1.35077,1.35058,1.3506,0.0
2026-09-11 12:05:00,1.35063,1.35063,1.35048,1.3505,0.0
2026-09-11 12:06:00,1.35052,1.3506,1.35052,1.3506,0.0
2026-09-11 12:07:00,1.35058,1.35058,1.35054,1.35055,0.0
2026-09-11 12:08:00,1.35056,1.35056,1.35049,1.35051,0.0
2026-09-11 12:09:00,1.35052,1.35067,1.35046,1.35052,0.0
2026-09-11 12:10:00,1.35054,1.35068,1.35054,1.35067,0.0
2026-09-11 12:11:00,1.35061,1.35076,1.35061,1.35074,0.0
2026-09-11 12:12:00,1.3507,1.35073,1.35066,1.35073,0.0
2026-09-11 12:13:00,1.35071,1.35079,1.35062,1.35064,0.0
2026-09-11 12:14:00,1.35069,1.35077,1.35069,1.35077,0.0
2026-09-11 12:15:00,1.35073,1.3508,1.35073,1.35079,0.0
2026-09-11 12:16:00,1.35078,1.35078,1.35067,1.35069,0.0
2026-09-11 12:17:00,1.35072,1.35072,1.35064,1.35065,0.0
2026-09-11 12:18:00,1.35067,1.35067,1.3506,1.35061,0.0
2026-09-11 12:19:00,1.35062,1.35065,1.35057,1.35058,0.0
2026-09-11 12:20:00,1.35057,1.35076,1.35057,1.35072,0.0
2026-09-11 12:21:00,1.35066,1.35074,1.35065,1.35074,0.0
2026-09-11 12:22:00,1.35071,1.35071,1.3506,1.35062,0.0
2026-09-11 12:23:00,1.35065,1.35065,1.35048,1.35051,0.0
2026-09-11 12:24:00,1.35054,1.35057,1.35051,1.35051,0.0
2026-09-11 12:25:00,1.35052,1.35056,1.35044,1.35055,0.0
2026-09-11 12:26:00,1.35052,1.35052,1.35039,1.35041,0.0
2026-09-11 12:27:00,1.35045,1.35045,1.35031,1.35033,0.0
2026-09-11 12:28:00,1.35036,1.35036,1.35029,1.35031,0.0
2026-09-11 12:29:00,1.35032,1.35037,1.35032,1.35036,0.0
2026-09-11 12:30:00,1.35034,1.35036,1.35023,1.35027,0.0
2026-09-11 12:31:00,1.35032,1.35032,1.3502,1.35021,0.0
2026-09-11 12:32:00,1.35023,1.35023,1.35017,1.35019,0.0
2026-09-11 12:33:00,1.35019,1.35027,1.35017,1.35017,0.0
2026-09-11 12:34:00,1.3502,1.35024,1.35018,1.35024,0.0
2026-09-11 12:35:00,1.35022,1.35024,1.35018,1.35018,0.0
2026-09-11 12:36:00,1.35019,1.35023,1.35011,1.35022,0.0
2026-09-11 12:37:00,1.35019,1.35019,1.35006,1.35008,0.0
2026-09-11 12:38:00,1.3501,1.35022,1.3501,1.35019,0.0
2026-09-11 12:39:00,1.35013,1.35029,1.35013,1.35027,0.0
2026-09-11 12:40:00,1.35018,1.35041,1.35018,1.35036,0.0
2026-09-11 12:41:00,1.3503,1.35039,1.3503,1.35039,0.0
2026-09-11 12:42:00,1.35035,1.35048,1.35035,1.35045,0.0
2026-09-11 12:43:00,1.3504,1.35044,1.35038,1.35044,0.0
2026-09-11 12:44:00,1.35042,1.35042,1.35038,1.35039,0.0
2026-09-11 12:45:00,1.3504,1.3504,1.35031,1.35033,0.0
2026-09-11 12:46:00,1.35036,1.35038,1.35029,1.3503,0.0
2026-09-11 12:47:00,1.35032,1.35037,1.35032,1.35036,0.0
2026-09-11 12:48:00,1.35034,1.35044,1.35034,1.35042,0.0
2026-09-11 12:49:00,1.35035,1.35049,1.35035,1.35047,0.0
2026-09-11 12:50:00,1.35043,1.35048,1.35043,1.35048,0.0
2026-09-11 12:51:00,1.35044,1.35055,1.35044,1.35052,0.0
2026-09-11 12:52:00,1.35048,1.35055,1.35043,1.35054,0.0
2026-09-11 12:53:00,1.35051,1.35051,1.35042,1.35043,0.0
2026-09-11 12:54:00,1.35045,1.35048,1.35045,1.35048,0.0
2026-09-11 12:55:00,1.35045,1.35048,1.35045,1.35048,0.0
2026-09-11 12:56:00,1.35047,1.35047,1.35037,1.35038,0.0
2026-09-11 12:57:00,1.3504,1.35045,1.3504,1.35044,0.0
2026-09-11 12:58:00,1.3504,1.35049,1.3504,1.35047,0.0
2026-09-11 12:59:00,1.35042,1.35048,1.35042,1.35048,0.0
2026-09-11 13:00:00,1.35047,1.35047,1.3504,1.3504,0.0
2026-09-11 13:01:00,1.35042,1.35044,1.35039,1.35044,0.0
2026-09-11 13:02:00,1.35041,1.35047,1.35039,1.35039,0.0
2026-09-11 13:03:00,1.3504,1.35044,1.3504,1.35044,0.0
2026-09-11 13:04:00,1.3504,1.35048,1.3504,1.35047,0.0
2026-09-11 13:05:00,1.35045,1.35048,1.35028,1.35033,0.0
2026-09-11 13:06:00,1.35041,1.35041,1.35022,1.35025,0.0
2026-09-11 13:07:00,1.35029,1.35029,1.35012,1.35014,0.0
2026-09-11 13:08:00,1.35017,1.35017,1.35007,1.35009,0.0
2026-09-11 13:09:00,1.35011,1.35022,1.35008,1.35011,0.0
2026-09-11 13:10:00,1.35012,1.35022,1.35012,1.35022,0.0
2026-09-11 13:11:00,1.35018,1.35028,1.35018,1.35026,0.0
2026-09-11 13:12:00,1.35022,1.35026,1.35018,1.35026,0.0
2026-09-11 13:13:00,1.35023,1.35032,1.35014,1.35016,0.0
2026-09-11 13:14:00,1.35021,1.35029,1.35021,1.35029,0.0
2026-09-11 13:15:00,1.35026,1.35035,1.35026,1.35033,0.0
2026-09-11 13:16:00,1.35029,1.35032,1.35029,1.35032,0.0
2026-09-11 13:17:00,1.3503,1.3503,1.35028,1.3503,0.0
2026-09-11 13:18:00,1.35029,1.35029,1.35018,1.3502,0.0
2026-09-11 13:19:00,1.35024,1.35024,1.3501,1.35013,0.0
2026-09-11 13:20:00,1.35017,1.35017,1.35007,1.35008,0.0
2026-09-11 13:21:00,1.35009,1.35009,1.35004,1.35009,0.0
2026-09-11 13:22:00,1.35006,1.35006,1.35005,1.35005,0.0
2026-09-11 13:23:00,1.35005,1.3501,1.34989,1.34994,0.0
2026-09-11 13:24:00,1.35002,1.35002,1.34986,1.34988,0.0
2026-09-11 13:25:00,1.3499,1.3499,1.34975,1.34978,0.0
2026-09-11 13:26:00,1.34981,1.34989,1.34979,1.34981,0.0
2026-09-11 13:27:00,1.34981,1.34987,1.34981,1.34987,0.0
2026-09-11 13:28:00,1.34985,1.34986,1.34982,1.34985,0.0
2026-09-11 13:29:00,1.34983,1.34984,1.34983,1.34984,0.0
2026-09-11 13:30:00,1.34983,1.34983,1.34978,1.34983,0.0
2026-09-11 13:31:00,1.34981,1.34981,1.34977,1.34977,0.0
2026-09-11 13:32:00,1.34978,1.34978,1.34968,1.3497,0.0
2026-09-11 13:33:00,1.34973,1.34973,1.34969,1.34969,0.0
2026-09-11 13:34:00,1.34969,1.34975,1.34959,1.34973,0.0
2026-09-11 13:35:00,1.34968,1.34968,1.34956,1.34957,0.0
2026-09-11 13:36:00,1.34961,1.34964,1.34961,1.34964,0.0
2026-09-11 13:37:00,1.34962,1.34976,1.34961,1.34972,0.0
2026-09-11 13:38:00,1.34964,1.34976,1.34964,1.34975,0.0
2026-09-11 13:39:00,1.34973,1.34977,1.34973,1.34976,0.0
2026-09-11 13:40:00,1.34972,1.34977,1.34972,1.34976,0.0
2026-09-11 13:41:00,1.34975,1.34978,1.34971,1.34977,0.0
2026-09-11 13:42:00,1.34972,1.34989,1.34972,1.34985,0.0
2026-09-11 13:43:00,1.3498,1.34988,1.3498,1.34987,0.0
2026-09-11 13:44:00,1.34982,1.34993,1.34982,1.34992,0.0
2026-09-11 13:45:00,1.34989,1.34992,1.34979,1.34989,0.0
2026-09-11 13:46:00,1.34987,1.34987,1.34977,1.34978,0.0
2026-09-11 13:47:00,1.3498,1.3498,1.34967,1.34969,0.0
2026-09-11 13:48:00,1.34972,1.34976,1.34969,1.3497,0.0
2026-09-11 13:49:00,1.34969,1.34976,1.34969,1.34975,0.0
2026-09-11 13:50:00,1.34974,1.34974,1.34969,1.34974,0.0
2026-09-11 13:51:00,1.34971,1.34982,1.34968,1.34971,0.0
2026-09-11 13:52:00,1.34973,1.3498,1.34972,1.3498,0.0
2026-09-11 13:53:00,1.34978,1.34981,1.34973,1.34973,0.0
2026-09-11 13:54:00,1.34974,1.34978,1.34974,1.34978,0.0
2026-09-11 13:55:00,1.34974,1.34996,1.34969,1.3499,0.0
2026-09-11 13:56:00,1.34981,1.35001,1.34981,1.34998,0.0
2026-09-11 13:57:00,1.3499,1.35012,1.3499,1.35009,0.0
2026-09-11 13:58:00,1.35002,1.35011,1.35002,1.3501,0.0
2026-09-11 13:59:00,1.35008,1.35008,1.35,1.35002,0.0
2026-09-11 14:00:00,1.35004,1.35004,1.34996,1.34997,0.0
2026-09-11 14:01:00,1.34998,1.35001,1.34996,1.35001,0.0
2026-09-11 14:02:00,1.34998,1.35,1.34996,1.34996,0.0
2026-09-11 14:03:00,1.34996,1.34997,1.34993,1.34997,0.0
2026-09-11 14:04:00,1.34994,1.35019,1.34981,1.35011,0.0
2026-09-11 14:05:00,1.35,1.35019,1.35,1.35018,0.0
2026-09-11 14:06:00,1.35011,1.35034,1.35011,1.35029,0.0
2026-09-11 14:07:00,1.35022,1.35038,1.35022,1.35035,0.0
2026-09-11 14:08:00,1.35029,1.35042,1.35029,1.35041,0.0
2026-09-11 14:09:00,1.35037,1.35041,1.35037,1.35037,0.0
2026-09-11 14:10:00,1.35037,1.35049,1.35037,1.35046,0.0
2026-09-11 14:11:00,1.35037,1.35056,1.35037,1.35053,0.0
2026-09-11 14:12:00,1.35049,1.35056,1.35049,1.35055,0.0
2026-09-11 14:13:00,1.3505,1.35062,1.3505,1.3506,0.0
2026-09-11 14:14:00,1.35057,1.35059,1.35057,1.35059,0.0
2026-09-11 14:15:00,1.35056,1.3506,1.35056,1.35059,0.0
2026-09-11 14:16:00,1.35058,1.35058,1.35053,1.35054,0.0
2026-09-11 14:17:00,1.35054,1.35059,1.35054,1.35058,0.0
2026-09-11 14:18:00,1.35057,1.3506,1.35055,1.35055,0.0
2026-09-11 14:19:00,1.35055,1.35061,1.35055,1.35061,0.0
2026-09-11 14:20:00,1.35059,1.35065,1.35051,1.35052,0.0
2026-09-11 14:21:00,1.35055,1.35066,1.35055,1.35066,0.0
2026-09-11 14:22:00,1.35061,1.35069,1.35061,1.35067,0.0
2026-09-11 14:23:00,1.35064,1.35074,1.35051,1.35072,0.0
2026-09-11 14:24:00,1.35066,1.35066,1.35048,1.35049,0.0
2026-09-11 14:25:00,1.35053,1.35055,1.35051,1.35055,0.0
2026-09-11 14:26:00,1.35052,1.3506,1.3505,1.35052,0.0
2026-09-11 14:27:00,1.35053,1.35057,1.35051,1.35057,0.0
2026-09-11 14:28:00,1.35055,1.35056,1.35049,1.3505,0.0
2026-09-11 14:29:00,1.35051,1.35059,1.35051,1.35057,0.0
2026-09-11 14:30:00,1.35053,1.35059,1.35053,1.35059,0.0
2026-09-11 14:31:00,1.35057,1.35064,1.35057,1.35062,0.0
2026-09-11 14:32:00,1.35059,1.35062,1.35058,1.35062,0.0
2026-09-11 14:33:00,1.35059,1.35064,1.35059,1.35063,0.0
2026-09-11 14:34:00,1.35062,1.35077,1.35039,1.35047,0.0
2026-09-11 14:35:00,1.35061,1.35061,1.35033,1.35035,0.0
2026-09-11 14:36:00,1.35041,1.35041,1.35037,1.35041,0.0
2026-09-11 14:37:00,1.35039,1.35045,1.35037,1.35039,0.0
2026-09-11 14:38:00,1.35038,1.35043,1.35038,1.35042,0.0
2026-09-11 14:39:00,1.3504,1.35044,1.3504,1.35044,0.0
2026-09-11 14:40:00,1.35042,1.35046,1.35042,1.35042,0.0
2026-09-11 14:41:00,1.35042,1.35045,1.35039,1.35045,0.0
2026-09-11 14:42:00,1.35043,1.35047,1.35038,1.35038,0.0
2026-09-11 14:43:00,1.3504,1.35045,1.3504,1.35045,0.0
2026-09-11 14:44:00,1.35042,1.35051,1.35042,1.35048,0.0
2026-09-11 14:45:00,1.35044,1.35049,1.35044,1.35048,0.0
2026-09-11 14:46:00,1.35044,1.35054,1.35044,1.35053,0.0
2026-09-11 14:47:00,1.3505,1.3505,1.35048,1.3505,0.0
2026-09-11 14:48:00,1.35048,1.35049,1.35048,1.35049,0.0
2026-09-11 14:49:00,1.35048,1.35048,1.3504,1.35042,0.0
2026-09-11 14:50:00,1.35044,1.35044,1.35037,1.35038,0.0
2026-09-11 14:51:00,1.35039,1.35046,1.35036,1.35037,0.0
2026-09-11 14:52:00,1.35039,1.35045,1.35039,1.35045,0.0
2026-09-11 14:53:00,1.35042,1.35045,1.35039,1.35039,0.0
2026-09-11 14:54:00,1.3504,1.35042,1.35035,1.35042,0.0
2026-09-11 14:55:00,1.3504,1.3504,1.35035,1.35035,0.0
2026-09-11 14:56:00,1.35036,1.35037,1.35032,1.35037,0.0
2026-09-11 14:57:00,1.35034,1.35037,1.35033,1.35033,0.0
2026-09-11 14:58:00,1.35033,1.35034,1.35031,1.35034,0.0
2026-09-11 14:59:00,1.35032,1.35036,1.35031,1.35035,0.0
2026-09-11 15:00:00,1.35032,1.35035,1.35032,1.35035,0.0
2026-09-11 15:01:00,1.35033,1.35033,1.35025,1.35027,0.0
2026-09-11 15:02:00,1.3503,1.35031,1.35024,1.35024,0.0
2026-09-11 15:03:00,1.35025,1.35034,1.35025,1.35032,0.0
2026-09-11 15:04:00,1.35024,1.35051,1.35024,1.35045,0.0
2026-09-11 15:05:00,1.35038,1.35049,1.35038,1.35049,0.0
2026-09-11 15:06:00,1.35045,1.35057,1.35038,1.3504,0.0
2026-09-11 15:07:00,1.35045,1.35055,1.35045,1.35055,0.0
2026-09-11 15:08:00,1.35051,1.35059,1.35051,1.35058,0.0
2026-09-11 15:09:00,1.35056,1.35056,1.35055,1.35056,0.0
2026-09-11 15:10:00,1.35055,1.35057,1.35054,1.35057,0.0
2026-09-11 15:11:00,1.35055,1.35055,1.35053,1.35053,0.0
2026-09-11 15:12:00,1.35053,1.35053,1.35049,1.35053,0.0
2026-09-11 15:13:00,1.35049,1.35056,1.35049,1.35055,0.0
2026-09-11 15:14:00,1.35052,1.35054,1.35049,1.35054,0.0
2026-09-11 15:15:00,1.3505,1.35081,1.35035,1.35072,0.0
2026-09-11 15:16:00,1.35059,1.35082,1.35059,1.3508,0.0
2026-09-11 15:17:00,1.35074,1.35087,1.35074,1.35084,0.0
2026-09-11 15:18:00,1.35079,1.35085,1.35079,1.35085,0.0
2026-09-11 15:19:00,1.35082,1.35095,1.35082,1.35092,0.0
2026-09-11 15:20:00,1.35085,1.35098,1.35085,1.35096,0.0
2026-09-11 15:21:00,1.35092,1.35097,1.3509,1.35097,0.0
2026-09-11 15:22:00,1.35096,1.35096,1.35088,1.35088,0.0
2026-09-11 15:23:00,1.3509,1.3509,1.35084,1.35086,0.0
2026-09-11 15:24:00,1.35086,1.351,1.35086,1.35096,0.0
2026-09-11 15:25:00,1.35092,1.35102,1.35085,1.351,0.0
2026-09-11 15:26:00,1.35096,1.35096,1.35084,1.35085,0.0
2026-09-11 15:27:00,1.35087,1.35087,1.35081,1.35083,0.0
2026-09-11 15:28:00,1.35084,1.35084,1.35079,1.3508,0.0
2026-09-11 15:29:00,1.35081,1.35081,1.35073,1.35074,0.0
2026-09-11 15:30:00,1.35075,1.35085,1.35073,1.35075,0.0
2026-09-11 15:31:00,1.35072,1.35098,1.35072,1.35093,0.0
2026-09-11 15:32:00,1.35085,1.35099,1.35085,1.35098,0.0
2026-09-11 15:33:00,1.35093,1.35102,1.35093,1.35101,0.0
2026-09-11 15:34:00,1.35098,1.351,1.35093,1.35098,0.0
2026-09-11 15:35:00,1.35093,1.3512,1.35089,1.35113,0.0
2026-09-11 15:36:00,1.35104,1.35124,1.35104,1.35122,0.0
2026-09-11 15:37:00,1.35113,1.35137,1.35113,1.35133,0.0
2026-09-11 15:38:00,1.35126,1.35135,1.35126,1.35135,0.0
2026-09-11 15:39:00,1.35132,1.35132,1.35126,1.35127,0.0
2026-09-11 15:40:00,1.35128,1.35132,1.35126,1.35128,0.0
2026-09-11 15:41:00,1.35127,1.35132,1.35125,1.35132,0.0
2026-09-11 15:42:00,1.35131,1.35131,1.35122,1.35123,0.0
2026-09-11 15:43:00,1.35125,1.35127,1.35122,1.35127,0.0
2026-09-11 15:44:00,1.35124,1.35142,1.3511,1.35115,0.0
2026-09-11 15:45:00,1.35126,1.35145,1.35126,1.35143,0.0
2026-09-11 15:46:00,1.35138,1.35138,1.35126,1.35127,0.0
2026-09-11 15:47:00,1.35129,1.35135,1.35126,1.35129,0.0
2026-09-11 15:48:00,1.35125,1.35141,1.35125,1.3514,0.0
2026-09-11 15:49:00,1.35136,1.35136,1.3512,1.35123,0.0
2026-09-11 15:50:00,1.35129,1.35129,1.35115,1.35117,0.0
2026-09-11 15:51:00,1.35119,1.35133,1.35119,1.35129,0.0
2026-09-11 15:52:00,1.35123,1.35133,1.35123,1.35133,0.0
2026-09-11 15:53:00,1.3513,1.3513,1.35119,1.35122,0.0
2026-09-11 15:54:00,1.35127,1.35127,1.35101,1.35107,0.0
2026-09-11 15:55:00,1.35116,1.35116,1.35099,1.351,0.0
2026-09-11 15:56:00,1.35104,1.35114,1.35104,1.35113,0.0
2026-09-11 15:57:00,1.35106,1.35124,1.35106,1.35121,0.0
2026-09-11 15:58:00,1.35116,1.35121,1.35116,1.35121,0.0
2026-09-11 15:59:00,1.35119,1.35119,1.35114,1.35115,0.0
2026-09-11 16:00:00,1.35116,1.35148,1.35108,1.35109,0.0
2026-09-11 16:01:00,1.35112,1.35181,1.35112,1.35169,0.0
2026-09-11 16:02:00,1.35142,1.35195,1.35142,1.3519,0.0
2026-09-11 16:03:00,1.35177,1.35177,1.35148,1.35153,0.0
2026-09-11 16:04:00,1.35159,1.35159,1.35149,1.3515,0.0
2026-09-11 16:05:00,1.35152,1.35152,1.35139,1.35142,0.0
2026-09-11 16:06:00,1.35143,1.35173,1.35128,1.35164,0.0
2026-09-11 16:07:00,1.35152,1.35177,1.35152,1.35175,0.0
2026-09-11 16:08:00,1.35167,1.35174,1.35166,1.35172,0.0
2026-09-11 16:09:00,1.35168,1.35175,1.35157,1.35173,0.0
2026-09-11 16:10:00,1.35169,1.35169,1.3515,1.35153,0.0
2026-09-11 16:11:00,1.35157,1.35173,1.3515,1.35151,0.0
2026-09-11 16:12:00,1.35155,1.35184,1.35155,1.3518,0.0
2026-09-11 16:13:00,1.35168,1.35195,1.35168,1.35191,0.0
2026-09-11 16:14:00,1.35185,1.35218,1.35185,1.35209,0.0
2026-09-11 16:15:00,1.35184,1.35251,1.35184,1.35239,0.0
2026-09-11 16:16:00,1.35224,1.35256,1.35224,1.35253,0.0
2026-09-11 16:17:00,1.35243,1.35263,1.35243,1.3526,0.0
2026-09-11 16:18:00,1.35255,1.35274,1.35235,1.35269,0.0
2026-09-11 16:19:00,1.35259,1.35259,1.35225,1.35229,0.0
2026-09-11 16:20:00,1.35235,1.35235,1.35221,1.35223,0.0
2026-09-11 16:21:00,1.35226,1.35231,1.35226,1.35231,0.0
2026-09-11 16:22:00,1.35229,1.35229,1.35226,1.35226,0.0
2026-09-11 16:23:00,1.35226,1.35226,1.35221,1.35226,0.0
2026-09-11 16:24:00,1.35222,1.35228,1.35222,1.35227,0.0
2026-09-11 16:25:00,1.35224,1.35224,1.35212,1.35214,0.0
2026-09-11 16:26:00,1.35215,1.35239,1.35215,1.35233,0.0
2026-09-11 16:27:00,1.35226,1.35241,1.35226,1.35239,0.0
2026-09-11 16:28:00,1.35231,1.35247,1.35231,1.35246,0.0
2026-09-11 16:29:00,1.35242,1.35242,1.35228,1.3523,0.0
2026-09-11 16:30:00,1.35232,1.35244,1.35232,1.35242,0.0
2026-09-11 16:31:00,1.35236,1.35252,1.35236,1.35248,0.0
2026-09-11 16:32:00,1.35242,1.35252,1.35242,1.35252,0.0
2026-09-11 16:33:00,1.35249,1.3525,1.35239,1.35249,0.0
2026-09-11 16:34:00,1.35247,1.35257,1.35209,1.35219,0.0
2026-09-11 16:35:00,1.35239,1.35239,1.35201,1.35204,0.0
2026-09-11 16:36:00,1.35208,1.35211,1.3519,1.35194,0.0
2026-09-11 16:37:00,1.35194,1.35234,1.35194,1.35226,0.0
2026-09-11 16:38:00,1.35215,1.35236,1.35215,1.35234,0.0
2026-09-11 16:39:00,1.35228,1.35239,1.35228,1.35238,0.0
2026-09-11 16:40:00,1.35236,1.35236,1.35225,1.35228,0.0
2026-09-11 16:41:00,1.35232,1.35232,1.35219,1.35221,0.0
2026-09-11 16:42:00,1.35225,1.35226,1.35214,1.35215,0.0
2026-09-11 16:43:00,1.35218,1.35226,1.35218,1.35226,0.0
2026-09-11 16:44:00,1.35223,1.35231,1.35215,1.35216,0.0
2026-09-11 16:45:00,1.35221,1.35238,1.35221,1.35235,0.0
2026-09-11 16:46:00,1.35223,1.35258,1.35223,1.35251,0.0
2026-09-11 16:47:00,1.35242,1.35258,1.35242,1.35257,0.0
2026-09-11 16:48:00,1.35252,1.3526,1.35246,1.35247,0.0
2026-09-11 16:49:00,1.35251,1.35258,1.35251,1.35258,0.0
2026-09-11 16:50:00,1.35255,1.35255,1.35253,1.35255,0.0
2026-09-11 16:51:00,1.35254,1.35254,1.35248,1.35249,0.0
2026-09-11 16:52:00,1.3525,1.35252,1.35247,1.35252,0.0
2026-09-11 16:53:00,1.3525,1.3525,1.35245,1.35245,0.0
2026-09-11 16:54:00,1.35246,1.35248,1.35243,1.35248,0.0
2026-09-11 16:55:00,1.35243,1.35267,1.35236,1.3526,0.0
2026-09-11 16:56:00,1.35251,1.35267,1.35251,1.35266,0.0
2026-09-11 16:57:00,1.35261,1.35261,1.35254,1.35261,0.0
2026-09-11 16:58:00,1.3526,1.3526,1.35243,1.35245,0.0
2026-09-11 16:59:00,1.35249,1.35251,1.35243,1.35244,0.0
2026-09-11 17:00:00,1.35245,1.35248,1.35245,1.35248,0.0
2026-09-11 17:01:00,1.35246,1.35249,1.35242,1.35249,0.0
2026-09-11 17:02:00,1.35248,1.35248,1.35237,1.35238,0.0
2026-09-11 17:03:00,1.3524,1.35243,1.35231,1.35242,0.0
2026-09-11 17:04:00,1.35239,1.35239,1.35208,1.35216,0.0
2026-09-11 17:05:00,1.35225,1.35225,1.35188,1.35194,0.0
2026-09-11 17:06:00,1.35203,1.35207,1.35197,1.35197,0.0
2026-09-11 17:07:00,1.35199,1.35206,1.35199,1.35205,0.0
2026-09-11 17:08:00,1.352,1.35219,1.352,1.35215,0.0
2026-09-11 17:09:00,1.35209,1.35221,1.35203,1.35219,0.0
2026-09-11 17:10:00,1.35215,1.35229,1.35196,1.35199,0.0
2026-09-11 17:11:00,1.35204,1.35237,1.35204,1.35233,0.0
2026-09-11 17:12:00,1.35226,1.35239,1.35226,1.35239,0.0
2026-09-11 17:13:00,1.35236,1.35236,1.35225,1.35227,0.0
2026-09-11 17:14:00,1.35231,1.35231,1.3521,1.35215,0.0
2026-09-11 17:15:00,1.35223,1.35223,1.35206,1.35207,0.0
2026-09-11 17:16:00,1.3521,1.3521,1.35201,1.35204,0.0
2026-09-11 17:17:00,1.35206,1.35206,1.35199,1.352,0.0
2026-09-11 17:18:00,1.35201,1.35201,1.35188,1.3519,0.0
2026-09-11 17:19:00,1.35193,1.35199,1.35192,1.35193,0.0
2026-09-11 17:20:00,1.35193,1.35196,1.35191,1.35196,0.0
2026-09-11 17:21:00,1.35195,1.35211,1.35188,1.35189,0.0
2026-09-11 17:22:00,1.3519,1.35217,1.3519,1.35214,0.0
2026-09-11 17:23:00,1.35209,1.35217,1.35209,1.35216,0.0
2026-09-11 17:24:00,1.35212,1.35237,1.35204,1.3523,0.0
2026-09-11 17:25:00,1.3522,1.35239,1.3522,1.35238,0.0
2026-09-11 17:26:00,1.35231,1.35241,1.35231,1.3524,0.0
2026-09-11 17:27:00,1.35238,1.35238,1.3523,1.35232,0.0
2026-09-11 17:28:00,1.35233,1.35236,1.35233,1.35233,0.0
2026-09-11 17:29:00,1.35233,1.35238,1.35221,1.35233,0.0
2026-09-11 17:30:00,1.35232,1.35232,1.35206,1.35212,0.0
2026-09-11 17:31:00,1.35221,1.35221,1.35194,1.35197,0.0
2026-09-11 17:32:00,1.35202,1.35202,1.35194,1.35195,0.0
2026-09-11 17:33:00,1.35196,1.35215,1.35194,1.35209,0.0
2026-09-11 17:34:00,1.35201,1.35217,1.35201,1.35216,0.0
2026-09-11 17:35:00,1.35212,1.35212,1.35199,1.352,0.0
2026-09-11 17:36:00,1.35201,1.35201,1.3519,1.35192,0.0
2026-09-11 17:37:00,1.35194,1.35205,1.35187,1.35189,0.0
2026-09-11 17:38:00,1.35195,1.35203,1.35195,1.35203,0.0
2026-09-11 17:39:00,1.352,1.35208,1.35194,1.35195,0.0
2026-09-11 17:40:00,1.35198,1.35205,1.35198,1.35205,0.0
2026-09-11 17:41:00,1.35203,1.35207,1.35203,1.35207,0.0
2026-09-11 17:42:00,1.35205,1.35205,1.35203,1.35203,0.0
2026-09-11 17:43:00,1.35204,1.35205,1.35191,1.35195,0.0
2026-09-11 17:44:00,1.35202,1.35202,1.35186,1.35187,0.0
2026-09-11 17:45:00,1.35189,1.35193,1.35168,1.35174,0.0
2026-09-11 17:46:00,1.35184,1.35184,1.35164,1.35165,0.0
2026-09-11 17:47:00,1.35168,1.35168,1.35154,1.35157,0.0
2026-09-11 17:48:00,1.35162,1.35162,1.35153,1.35154,0.0
2026-09-11 17:49:00,1.35155,1.3516,1.35144,1.35146,0.0
2026-09-11 17:50:00,1.35147,1.35166,1.35147,1.35165,0.0
2026-09-11 17:51:00,1.35161,1.35161,1.35155,1.35161,0.0
2026-09-11 17:52:00,1.3516,1.3516,1.35152,1.35153,0.0
2026-09-11 17:53:00,1.35154,1.35175,1.35144,1.35146,0.0
2026-09-11 17:54:00,1.35154,1.35181,1.35154,1.35179,0.0
2026-09-11 17:55:00,1.35172,1.35172,1.35163,1.35163,0.0
2026-09-11 17:56:00,1.35164,1.35167,1.35159,1.35164,0.0
2026-09-11 17:57:00,1.35159,1.35175,1.35159,1.35173,0.0
2026-09-11 17:58:00,1.35169,1.35183,1.35153,1.35179,0.0
2026-09-11 17:59:00,1.35171,1.35171,1.35148,1.3515,0.0
2026-09-11 18:00:00,1.35155,1.35161,1.35155,1.35159,0.0
2026-09-11 18:01:00,1.35154,1.35164,1.35154,1.35163,0.0
2026-09-11 18:02:00,1.35161,1.35161,1.35149,1.35151,0.0
2026-09-11 18:03:00,1.35155,1.35155,1.35137,1.35141,0.0
2026-09-11 18:04:00,1.35148,1.35148,1.35131,1.35133,0.0
2026-09-11 18:05:00,1.35136,1.35141,1.35133,1.3514,0.0
2026-09-11 18:06:00,1.35133,1.35163,1.35127,1.35156,0.0
2026-09-11 18:07:00,1.35146,1.35164,1.35146,1.35163,0.0
2026-09-11 18:08:00,1.35158,1.35161,1.35153,1.35153,0.0
2026-09-11 18:09:00,1.35155,1.35168,1.35139,1.35164,0.0
2026-09-11 18:10:00,1.35156,1.35156,1.3513,1.35133,0.0
2026-09-11 18:11:00,1.35139,1.35139,1.35119,1.35122,0.0
2026-09-11 18:12:00,1.35126,1.35133,1.35121,1.35122,0.0
2026-09-11 18:13:00,1.35122,1.35144,1.35122,1.35139,0.0
2026-09-11 18:14:00,1.35132,1.35146,1.35132,1.35145,0.0
2026-09-11 18:15:00,1.3514,1.3515,1.3514,1.35149,0.0
2026-09-11 18:16:00,1.35145,1.35145,1.35126,1.35131,0.0
2026-09-11 18:17:00,1.35138,1.35141,1.35121,1.35123,0.0
2026-09-11 18:18:00,1.35129,1.35141,1.35129,1.3514,0.0
2026-09-11 18:19:00,1.35134,1.35146,1.35134,1.35145,0.0
2026-09-11 18:20:00,1.35141,1.35141,1.35119,1.35124,0.0
2026-09-11 18:21:00,1.35133,1.35133,1.35111,1.35115,0.0
2026-09-11 18:22:00,1.3512,1.3512,1.35102,1.35104,0.0
2026-09-11 18:23:00,1.35108,1.35111,1.35108,1.35111,0.0
2026-09-11 18:24:00,1.35109,1.35149,1.35085,1.35093,0.0
2026-09-11 18:25:00,1.35113,1.35164,1.35113,1.35158,0.0
2026-09-11 18:26:00,1.35145,1.35148,1.35142,1.35142,0.0
2026-09-11 18:27:00,1.35143,1.35157,1.35126,1.35153,0.0
2026-09-11 18:28:00,1.35145,1.35145,1.35117,1.35121,0.0
2026-09-11 18:29:00,1.35125,1.35125,1.35102,1.35106,0.0
2026-09-11 18:30:00,1.35111,1.35111,1.35104,1.35105,0.0
2026-09-11 18:31:00,1.35106,1.35108,1.35104,1.35106,0.0
2026-09-11 18:32:00,1.35105,1.35114,1.35105,1.35112,0.0
2026-09-11 18:33:00,1.35108,1.35113,1.35108,1.35112,0.0
2026-09-11 18:34:00,1.35111,1.35116,1.3509,1.35097,0.0
2026-09-11 18:35:00,1.35109,1.35109,1.35082,1.35084,0.0
2026-09-11 18:36:00,1.35089,1.35089,1.35082,1.35084,0.0
2026-09-11 18:37:00,1.35085,1.35096,1.35083,1.35085,0.0
2026-09-11 18:38:00,1.35087,1.35092,1.35087,1.35092,0.0
2026-09-11 18:39:00,1.3509,1.35091,1.35089,1.35089,0.0
2026-09-11 18:40:00,1.35089,1.35089,1.35083,1.35084,0.0
2026-09-11 18:41:00,1.35086,1.35098,1.35079,1.35081,0.0
2026-09-11 18:42:00,1.35084,1.35114,1.35084,1.35107,0.0
2026-09-11 18:43:00,1.35095,1.35122,1.35095,1.3512,0.0
2026-09-11 18:44:00,1.35113,1.35113,1.35108,1.35108,0.0
2026-09-11 18:45:00,1.35109,1.35109,1.35104,1.35109,0.0
2026-09-11 18:46:00,1.35107,1.35114,1.351,1.35101,0.0
2026-09-11 18:47:00,1.35105,1.35112,1.35105,1.35112,0.0
2026-09-11 18:48:00,1.35108,1.35116,1.35108,1.35114,0.0
2026-09-11 18:49:00,1.35111,1.35121,1.35097,1.35118,0.0
2026-09-11 18:50:00,1.35112,1.35112,1.35093,1.35095,0.0
2026-09-11 18:51:00,1.35098,1.35098,1.35088,1.3509,0.0
2026-09-11 18:52:00,1.35091,1.35105,1.35091,1.35102,0.0
2026-09-11 18:53:00,1.35094,1.35106,1.35094,1.35105,0.0
2026-09-11 18:54:00,1.35102,1.35102,1.35097,1.35098,0.0
2026-09-11 18:55:00,1.35099,1.35099,1.35095,1.35096,0.0
2026-09-11 18:56:00,1.35097,1.35101,1.35076,1.35082,0.0
2026-09-11 18:57:00,1.35092,1.35092,1.35071,1.35073,0.0
2026-09-11 18:58:00,1.35078,1.35088,1.35065,1.35085,0.0
2026-09-11 18:59:00,1.35079,1.35079,1.35062,1.35063,0.0
2026-09-11 19:00:00,1.35066,1.35068,1.3506,1.35062,0.0
2026-09-11 19:01:00,1.35062,1.3509,1.3506,1.35083,0.0
2026-09-11 19:02:00,1.3507,1.35093,1.3507,1.35091,0.0
2026-09-11 19:03:00,1.35085,1.35087,1.35068,1.35087,0.0
2026-09-11 19:04:00,1.35086,1.35086,1.35052,1.35057,0.0
2026-09-11 19:05:00,1.35064,1.35064,1.3504,1.35044,0.0
2026-09-11 19:06:00,1.35049,1.35054,1.35043,1.35043,0.0
2026-09-11 19:07:00,1.35046,1.35052,1.35046,1.35052,0.0
2026-09-11 19:08:00,1.35047,1.35057,1.35047,1.35056,0.0
2026-09-11 19:09:00,1.35052,1.35065,1.35025,1.35033,0.0
2026-09-11 19:10:00,1.35049,1.35049,1.35006,1.35013,0.0
2026-09-11 19:11:00,1.35024,1.35024,1.34991,1.34995,0.0
2026-09-11 19:12:00,1.35001,1.35027,1.34993,1.35001,0.0
2026-09-11 19:13:00,1.35,1.35037,1.35,1.35033,0.0
2026-09-11 19:14:00,1.35025,1.35037,1.35025,1.35036,0.0
2026-09-11 19:15:00,1.35033,1.35036,1.35032,1.35032,0.0
2026-09-11 19:16:00,1.35032,1.35036,1.35031,1.35036,0.0
2026-09-11 19:17:00,1.35031,1.35054,1.35026,1.35048,0.0
2026-09-11 19:18:00,1.3504,1.35055,1.3504,1.35054,0.0
2026-09-11 19:19:00,1.35049,1.35056,1.35034,1.35037,0.0
2026-09-11 19:20:00,1.35043,1.35065,1.35043,1.3506,0.0
2026-09-11 19:21:00,1.35048,1.35077,1.35048,1.35073,0.0
2026-09-11 19:22:00,1.35066,1.35082,1.35066,1.35079,0.0
2026-09-11 19:23:00,1.35072,1.35087,1.35072,1.35086,0.0
2026-09-11 19:24:00,1.35081,1.35102,1.35081,1.35096,0.0
2026-09-11 19:25:00,1.35087,1.3511,1.35087,1.35107,0.0
2026-09-11 19:26:00,1.35097,1.35128,1.35097,1.35121,0.0
2026-09-11 19:27:00,1.35112,1.35133,1.35112,1.3513,0.0
2026-09-11 19:28:00,1.3512,1.35141,1.3512,1.35139,0.0
2026-09-11 19:29:00,1.35131,1.35131,1.351,1.35106,0.0
2026-09-11 19:30:00,1.35115,1.35115,1.35097,1.35098,0.0
2026-09-11 19:31:00,1.351,1.351,1.35084,1.35088,0.0
2026-09-11 19:32:00,1.35093,1.35093,1.3508,1.35082,0.0
2026-09-11 19:33:00,1.35084,1.35084,1.35077,1.35078,0.0
2026-09-11 19:34:00,1.35079,1.35079,1.35071,1.35073,0.0
2026-09-11 19:35:00,1.35077,1.35077,1.35068,1.35069,0.0
2026-09-11 19:36:00,1.3507,1.35077,1.35064,1.35066,0.0
2026-09-11 19:37:00,1.35064,1.35085,1.35064,1.35082,0.0
2026-09-11 19:38:00,1.35078,1.35093,1.35066,1.35089,0.0
2026-09-11 19:39:00,1.35082,1.35082,1.35062,1.35064,0.0
2026-09-11 19:40:00,1.35067,1.35068,1.35058,1.3506,0.0
2026-09-11 19:41:00,1.3506,1.35081,1.3506,1.35077,0.0
2026-09-11 19:42:00,1.3507,1.3508,1.3507,1.35079,0.0
2026-09-11 19:43:00,1.35077,1.35077,1.35068,1.35069,0.0
2026-09-11 19:44:00,1.3507,1.35082,1.3507,1.35079,0.0
2026-09-11 19:45:00,1.35073,1.35082,1.35073,1.35082,0.0
2026-09-11 19:46:00,1.35079,1.3508,1.35076,1.35079,0.0
2026-09-11 19:47:00,1.35078,1.35078,1.35066,1.35069,0.0
2026-09-11 19:48:00,1.35069,1.35084,1.35069,1.35082,0.0
2026-09-11 19:49:00,1.35078,1.3508,1.35076,1.3508,0.0
2026-09-11 19:50:00,1.35077,1.3509,1.35072,1.35086,0.0
2026-09-11 19:51:00,1.35079,1.3509,1.35079,1.35089,0.0
2026-09-11 19:52:00,1.35084,1.35095,1.35084,1.35094,0.0
2026-09-11 19:53:00,1.35091,1.35093,1.35082,1.35093,0.0
2026-09-11 19:54:00,1.35091,1.35091,1.35075,1.35078,0.0
2026-09-11 19:55:00,1.35081,1.35081,1.35064,1.35068,0.0
2026-09-11 19:56:00,1.35073,1.35073,1.35053,1.35057,0.0
2026-09-11 19:57:00,1.3506,1.3506,1.35058,1.35058,0.0
2026-09-11 19:58:00,1.35058,1.35058,1.35051,1.35053,0.0
2026-09-11 19:59:00,1.35053,1.35086,1.35033,1.35075,0.0
2026-09-11 20:00:00,1.35061,1.35094,1.35061,1.3509,0.0
2026-09-11 20:01:00,1.35077,1.35115,1.35077,1.35108,0.0
2026-09-11 20:02:00,1.35097,1.35115,1.35097,1.35114,0.0
2026-09-11 20:03:00,1.3511,1.35127,1.35108,1.35122,0.0
2026-09-11 20:04:00,1.35111,1.35131,1.35111,1.35129,0.0
2026-09-11 20:05:00,1.35125,1.35129,1.35121,1.35129,0.0
2026-09-11 20:06:00,1.35127,1.35127,1.35117,1.35118,0.0
2026-09-11 20:07:00,1.3512,1.35127,1.35107,1.35125,0.0
2026-09-11 20:08:00,1.3512,1.3512,1.35102,1.35104,0.0
2026-09-11 20:09:00,1.35106,1.35106,1.35086,1.35091,0.0
2026-09-11 20:10:00,1.35098,1.35098,1.35082,1.35084,0.0
2026-09-11 20:11:00,1.35086,1.35086,1.35071,1.35073,0.0
2026-09-11 20:12:00,1.35076,1.35076,1.35073,1.35074,0.0
2026-09-11 20:13:00,1.35074,1.35083,1.35071,1.35072,0.0
2026-09-11 20:14:00,1.35072,1.35092,1.35072,1.35089,0.0
2026-09-11 20:15:00,1.35081,1.35095,1.35081,1.35093,0.0
2026-09-11 20:16:00,1.35091,1.35103,1.3507,1.35099,0.0
2026-09-11 20:17:00,1.35093,1.35093,1.35062,1.35065,0.0
2026-09-11 20:18:00,1.35072,1.35079,1.35069,1.35079,0.0
2026-09-11 20:19:00,1.35075,1.35078,1.35069,1.35069,0.0
2026-09-11 20:20:00,1.35071,1.35077,1.35065,1.35076,0.0
2026-09-11 20:21:00,1.35073,1.35073,1.35064,1.35065,0.0
2026-09-11 20:22:00,1.35066,1.35071,1.3506,1.3507,0.0
2026-09-11 20:23:00,1.35067,1.35067,1.35055,1.35057,0.0
2026-09-11 20:24:00,1.35061,1.35061,1.35048,1.35049,0.0
2026-09-11 20:25:00,1.35052,1.35066,1.35052,1.35063,0.0
2026-09-11 20:26:00,1.35054,1.35069,1.35054,1.35068,0.0
2026-09-11 20:27:00,1.35065,1.35069,1.35059,1.35069,0.0
2026-09-11 20:28:00,1.35066,1.35066,1.35058,1.35058,0.0
2026-09-11 20:29:00,1.3506,1.35063,1.35054,1.35063,0.0
2026-09-11 20:30:00,1.3506,1.35061,1.35055,1.35055,0.0
2026-09-11 20:31:00,1.35056,1.35057,1.35055,1.35057,0.0
2026-09-11 20:32:00,1.35055,1.35061,1.35055,1.3506,0.0
2026-09-11 20:33:00,1.35057,1.35059,1.35057,1.35057,0.0
2026-09-11 20:34:00,1.35056,1.35059,1.35049,1.35059,0.0
2026-09-11 20:35:00,1.35058,1.35058,1.35042,1.35044,0.0
2026-09-11 20:36:00,1.35047,1.35048,1.35044,1.35048,0.0
2026-09-11 20:37:00,1.35045,1.35046,1.35044,1.35044,0.0
2026-09-11 20:38:00,1.35044,1.35049,1.35031,1.35044,0.0
2026-09-11 20:39:00,1.35042,1.35046,1.35026,1.35028,0.0
2026-09-11 20:40:00,1.35034,1.35042,1.35034,1.35042,0.0
2026-09-11 20:41:00,1.3504,1.3504,1.35029,1.35032,0.0
2026-09-11 20:42:00,1.35036,1.35036,1.35018,1.35021,0.0
2026-09-11 20:43:00,1.35024,1.35033,1.35024,1.35032,0.0
2026-09-11 20:44:00,1.3503,1.35032,1.35026,1.35026,0.0
2026-09-11 20:45:00,1.35027,1.35033,1.35027,1.35033,0.0
2026-09-11 20:46:00,1.3503,1.35035,1.3503,1.35034,0.0
2026-09-11 20:47:00,1.35032,1.35036,1.35029,1.35035,0.0
2026-09-11 20:48:00,1.35029,1.35047,1.35029,1.35043,0.0
2026-09-11 20:49:00,1.35038,1.35052,1.35038,1.35049,0.0
2026-09-11 20:50:00,1.35039,1.3506,1.35039,1.35058,0.0
2026-09-11 20:51:00,1.35054,1.35057,1.35052,1.35057,0.0
2026-09-11 20:52:00,1.35054,1.35062,1.35051,1.35054,0.0
2026-09-11 20:53:00,1.35054,1.3506,1.35053,1.3506,0.0
2026-09-11 20:54:00,1.35058,1.35058,1.35051,1.35052,0.0
2026-09-11 20:55:00,1.35053,1.35057,1.3505,1.3505,0.0
2026-09-11 20:56:00,1.35052,1.35057,1.35052,1.35057,0.0
2026-09-11 20:57:00,1.35054,1.35062,1.35054,1.3506,0.0
2026-09-11 20:58:00,1.35057,1.35061,1.35052,1.35061,0.0
2026-09-11 20:59:00,1.35058,1.35058,1.35051,1.35052,0.0
2026-09-11 21:00:00,1.35053,1.35056,1.35049,1.35055,0.0
2026-09-11 21:01:00,1.3505,1.3506,1.3505,1.35059,0.0
2026-09-11 21:02:00,1.35057,1.35057,1.35051,1.35052,0.0
2026-09-11 21:03:00,1.35053,1.35072,1.35046,1.35066,0.0
2026-09-11 21:04:00,1.35054,1.35081,1.35054,1.35077,0.0
2026-09-11 21:05:00,1.35068,1.35086,1.35068,1.35084,0.0
2026-09-11 21:06:00,1.35079,1.35089,1.35079,1.35086,0.0
2026-09-11 21:07:00,1.35082,1.35088,1.35081,1.35088,0.0
2026-09-11 21:08:00,1.35086,1.35095,1.35073,1.35076,0.0
2026-09-11 21:09:00,1.35083,1.35098,1.35083,1.35096,0.0
2026-09-11 21:10:00,1.35088,1.35104,1.35088,1.35102,0.0
2026-09-11 21:11:00,1.35099,1.35105,1.35087,1.35099,0.0
2026-09-11 21:12:00,1.35098,1.35098,1.35086,1.35087,0.0
2026-09-11 21:13:00,1.35089,1.35089,1.35082,1.35083,0.0
2026-09-11 21:14:00,1.35084,1.35094,1.35083,1.35091,0.0
2026-09-11 21:15:00,1.35084,1.35095,1.35084,1.35094,0.0
2026-09-11 21:16:00,1.35091,1.35091,1.35074,1.35079,0.0
2026-09-11 21:17:00,1.35087,1.35087,1.35068,1.3507,0.0
2026-09-11 21:18:00,1.35073,1.35088,1.35073,1.35084,0.0
2026-09-11 21:19:00,1.35071,1.35108,1.35071,1.35101,0.0
2026-09-11 21:20:00,1.35092,1.35109,1.35092,1.35107,0.0
2026-09-11 21:21:00,1.35103,1.35103,1.3509,1.35091,0.0
2026-09-11 21:22:00,1.35093,1.35093,1.35078,1.35081,0.0
2026-09-11 21:23:00,1.35085,1.35086,1.35077,1.35078,0.0
2026-09-11 21:24:00,1.3508,1.35083,1.3508,1.35083,0.0
2026-09-11 21:25:00,1.35082,1.35082,1.35077,1.35078,0.0
2026-09-11 21:26:00,1.3508,1.3508,1.35073,1.35074,0.0
2026-09-11 21:27:00,1.35075,1.35077,1.35069,1.35075,0.0
2026-09-11 21:28:00,1.35071,1.35081,1.35071,1.3508,0.0
2026-09-11 21:29:00,1.35077,1.35086,1.35063,1.35083,0.0
2026-09-11 21:30:00,1.35077,1.35079,1.35056,1.35059,0.0
2026-09-11 21:31:00,1.35066,1.35077,1.35066,1.35076,0.0
2026-09-11 21:32:00,1.35072,1.35079,1.35072,1.35078,0.0
2026-09-11 21:33:00,1.35076,1.35076,1.35066,1.35068,0.0
2026-09-11 21:34:00,1.35072,1.35072,1.35064,1.35065,0.0
2026-09-11 21:35:00,1.35066,1.35069,1.35066,1.35069,0.0
2026-09-11 21:36:00,1.35068,1.35068,1.35064,1.35068,0.0
2026-09-11 21:37:00,1.35066,1.35074,1.3506,1.35061,0.0
2026-09-11 21:38:00,1.35065,1.35073,1.35065,1.35073,0.0
2026-09-11 21:39:00,1.3507,1.35071,1.3507,1.3507,0.0
2026-09-11 21:40:00,1.3507,1.3507,1.3506,1.35062,0.0
2026-09-11 21:41:00,1.35064,1.35075,1.35059,1.35064,0.0
2026-09-11 21:42:00,1.35065,1.35073,1.35065,1.35073,0.0
2026-09-11 21:43:00,1.35069,1.35077,1.35056,1.35076,0.0
2026-09-11 21:44:00,1.35073,1.35073,1.35042,1.35046,0.0
2026-09-11 21:45:00,1.35052,1.35066,1.35052,1.35064,0.0
2026-09-11 21:46:00,1.35059,1.35066,1.35059,1.35065,0.0
2026-09-11 21:47:00,1.35063,1.35065,1.3505,1.35054,0.0
2026-09-11 21:48:00,1.35061,1.35061,1.35046,1.35047,0.0
2026-09-11 21:49:00,1.35051,1.35055,1.35047,1.35055,0.0
2026-09-11 21:50:00,1.35052,1.35058,1.35046,1.35047,0.0
2026-09-11 21:51:00,1.3505,1.35054,1.35048,1.35054,0.0
2026-09-11 21:52:00,1.35052,1.35054,1.35049,1.35049,0.0
2026-09-11 21:53:00,1.3505,1.35063,1.35048,1.35059,0.0
2026-09-11 21:54:00,1.35048,1.35076,1.35048,1.35072,0.0
2026-09-11 21:55:00,1.35063,1.35077,1.35051,1.35076,0.0
2026-09-11 21:56:00,1.35071,1.35071,1.35038,1.35043,0.0
2026-09-11 21:57:00,1.35049,1.35051,1.35046,1.35051,0.0
2026-09-11 21:58:00,1.35049,1.35049,1.35033,1.35037,0.0
2026-09-11 21:59:00,1.35044,1.35044,1.35029,1.3503,0.0
2026-09-11 22:00:00,1.35033,1.35045,1.35026,1.35028,0.0
2026-09-11 22:01:00,1.35024,1.35076,1.35024,1.35066,0.0
2026-09-11 22:02:00,1.35051,1.35082,1.35051,1.35078,0.0
2026-09-11 22:03:00,1.35068,1.35089,1.35068,1.35087,0.0
2026-09-11 22:04:00,1.35083,1.35088,1.35083,1.35087,0.0
2026-09-11 22:05:00,1.35083,1.3509,1.35083,1.3509,0.0
2026-09-11 22:06:00,1.35087,1.35109,1.35083,1.35102,0.0
2026-09-11 22:07:00,1.35089,1.35114,1.35089,1.35112,0.0
2026-09-11 22:08:00,1.35105,1.35117,1.35105,1.35116,0.0
2026-09-11 22:09:00,1.35112,1.35123,1.35087,1.35095,0.0
2026-09-11 22:10:00,1.35109,1.35109,1.35082,1.35084,0.0
2026-09-11 22:11:00,1.35088,1.35094,1.35084,1.35088,0.0
2026-09-11 22:12:00,1.35084,1.35113,1.35084,1.35107,0.0
2026-09-11 22:13:00,1.35098,1.35113,1.35098,1.35112,0.0
2026-09-11 22:14:00,1.35108,1.35112,1.35096,1.35098,0.0
2026-09-11 22:15:00,1.351,1.35117,1.351,1.35114,0.0
2026-09-11 22:16:00,1.35109,1.35119,1.35109,1.35119,0.0
2026-09-11 22:17:00,1.35116,1.35116,1.35111,1.35111,0.0
2026-09-11 22:18:00,1.35112,1.35126,1.35108,1.35121,0.0
2026-09-11 22:19:00,1.35107,1.35135,1.35107,1.35132,0.0
2026-09-11 22:20:00,1.35127,1.35135,1.35127,1.35134,0.0
2026-09-11 22:21:00,1.35126,1.35141,1.35126,1.35139,0.0
2026-09-11 22:22:00,1.35136,1.35136,1.35128,1.3513,0.0
2026-09-11 22:23:00,1.35133,1.35133,1.35123,1.35125,0.0
2026-09-11 22:24:00,1.35128,1.35133,1.35113,1.35115,0.0
2026-09-11 22:25:00,1.35118,1.35139,1.35118,1.35137,0.0
2026-09-11 22:26:00,1.35133,1.35133,1.3512,1.35123,0.0
2026-09-11 22:27:00,1.35129,1.35136,1.35113,1.35115,0.0
2026-09-11 22:28:00,1.35115,1.35159,1.35115,1.35151,0.0
2026-09-11 22:29:00,1.35139,1.35163,1.35139,1.35161,0.0
2026-09-11 22:30:00,1.35155,1.35155,1.34986,1.35044,0.0
2026-09-11 22:31:00,1.35119,1.35119,1.34852,1.34898,0.0
2026-09-11 22:32:00,1.35001,1.35001,1.34809,1.34828,0.0
2026-09-11 22:33:00,1.34869,1.34954,1.34869,1.34936,0.0
2026-09-11 22:34:00,1.34896,1.35002,1.34896,1.34986,0.0
2026-09-11 22:35:00,1.34957,1.35018,1.34957,1.35011,0.0
2026-09-11 22:36:00,1.34998,1.35032,1.34998,1.35021,0.0
2026-09-11 22:37:00,1.34995,1.35047,1.34995,1.35041,0.0
2026-09-11 22:38:00,1.35032,1.35051,1.35032,1.35049,0.0
2026-09-11 22:39:00,1.35045,1.35045,1.35027,1.35028,0.0
2026-09-11 22:40:00,1.35032,1.3505,1.35027,1.35032,0.0
2026-09-11 22:41:00,1.35025,1.35088,1.35019,1.35075,0.0
2026-09-11 22:42:00,1.35058,1.35095,1.35058,1.35092,0.0
2026-09-11 22:43:00,1.35083,1.35083,1.35069,1.35071,0.0
2026-09-11 22:44:00,1.35073,1.35073,1.35068,1.35069,0.0
2026-09-11 22:45:00,1.3507,1.35107,1.35063,1.35095,0.0
2026-09-11 22:46:00,1.35072,1.35146,1.35072,1.35131,0.0
2026-09-11 22:47:00,1.35106,1.35167,1.35106,1.3516,0.0
2026-09-11 22:48:00,1.35141,1.35177,1.35141,1.35173,0.0
2026-09-11 22:49:00,1.35162,1.35162,1.35126,1.35132,0.0
2026-09-11 22:50:00,1.35136,1.35162,1.35136,1.35158,0.0
2026-09-11 22:51:00,1.35153,1.35183,1.35153,1.35175,0.0
2026-09-11 22:52:00,1.3515,1.35203,1.3515,1.35196,0.0
2026-09-11 22:53:00,1.35187,1.35213,1.35187,1.35208,0.0
2026-09-11 22:54:00,1.35196,1.35223,1.35196,1.3522,0.0
2026-09-11 22:55:00,1.35215,1.35222,1.35193,1.3522,0.0
2026-09-11 22:56:00,1.35215,1.35215,1.35183,1.35187,0.0
2026-09-11 22:57:00,1.35192,1.3521,1.35192,1.35208,0.0
2026-09-11 22:58:00,1.35205,1.35212,1.35205,1.35211,0.0
2026-09-11 22:59:00,1.35205,1.3523,1.35202,1.35224,0.0
2026-09-11 23:00:00,1.35215,1.35238,1.35215,1.35234,0.0
2026-09-11 23:01:00,1.35222,1.35261,1.35222,1.35253,0.0
2026-09-11 23:02:00,1.35243,1.35261,1.35243,1.3526,0.0
2026-09-11 23:03:00,1.35254,1.35281,1.35243,1.35273,0.0
2026-09-11 23:04:00,1.35261,1.35283,1.35261,1.35281,0.0
2026-09-11 23:05:00,1.35275,1.35285,1.35262,1.35284,0.0
2026-09-11 23:06:00,1.35282,1.35282,1.35247,1.35251,0.0
2026-09-11 23:07:00,1.35258,1.35269,1.3524,1.35267,0.0
2026-09-11 23:08:00,1.35265,1.35265,1.35217,1.35225,0.0
2026-09-11 23:09:00,1.35235,1.35235,1.3519,1.35199,0.0
2026-09-11 23:10:00,1.35216,1.35216,1.35181,1.35184,0.0
2026-09-11 23:11:00,1.3519,1.35193,1.35186,1.35192,0.0
2026-09-11 23:12:00,1.35186,1.35221,1.35173,1.35212,0.0
2026-09-11 23:13:00,1.35198,1.35225,1.35198,1.35223,0.0
2026-09-11 23:14:00,1.35216,1.35228,1.35201,1.35204,0.0
2026-09-11 23:15:00,1.35211,1.3523,1.35211,1.35228,0.0
2026-09-11 23:16:00,1.35224,1.35224,1.35201,1.35207,0.0
2026-09-11 23:17:00,1.35216,1.35216,1.35163,1.35176,0.0
2026-09-11 23:18:00,1.35195,1.35195,1.35141,1.35148,0.0
2026-09-11 23:19:00,1.3516,1.35182,1.35148,1.3516,0.0
2026-09-11 23:20:00,1.35164,1.35184,1.35164,1.35183,0.0
2026-09-11 23:21:00,1.35176,1.35189,1.35174,1.35185,0.0
2026-09-11 23:22:00,1.35179,1.35185,1.35179,1.35185,0.0
2026-09-11 23:23:00,1.35182,1.35195,1.35182,1.35192,0.0
2026-09-11 23:24:00,1.35186,1.35202,1.35186,1.35198,0.0
2026-09-11 23:25:00,1.35188,1.35208,1.35188,1.35206,0.0
2026-09-11 23:26:00,1.35202,1.35203,1.35199,1.352,0.0
2026-09-11 23:27:00,1.352,1.35204,1.35189,1.35204,0.0
2026-09-11 23:28:00,1.35203,1.3521,1.35178,1.35181,0.0
2026-09-11 23:29:00,1.3519,1.35227,1.3519,1.35221,0.0
2026-09-11 23:30:00,1.35202,1.35237,1.35202,1.35233,0.0
2026-09-11 23:31:00,1.35225,1.35225,1.35209,1.35213,0.0
2026-09-11 23:32:00,1.35218,1.3522,1.35207,1.35208,0.0
2026-09-11 23:33:00,1.35211,1.35226,1.35201,1.35223,0.0
2026-09-11 23:34:00,1.35216,1.35216,1.35195,1.35197,0.0
2026-09-11 23:35:00,1.35202,1.35226,1.35202,1.35218,0.0
2026-09-11 23:36:00,1.35202,1.35236,1.35202,1.35233,0.0
2026-09-11 23:37:00,1.35226,1.35226,1.35214,1.35216,0.0
2026-09-11 23:38:00,1.3522,1.3522,1.352,1.35205,0.0
2026-09-11 23:39:00,1.35213,1.35213,1.35194,1.35196,0.0
2026-09-11 23:40:00,1.35198,1.35219,1.35184,1.35187,0.0
2026-09-11 23:41:00,1.35183,1.35234,1.35183,1.35229,0.0
2026-09-11 23:42:00,1.3522,1.35256,1.35187,1.35245,0.0
2026-09-11 23:43:00,1.35227,1.35227,1.35175,1.3518,0.0
2026-09-11 23:44:00,1.3519,1.35193,1.35184,1.35193,0.0
2026-09-11 23:45:00,1.3519,1.35207,1.35175,1.35179,0.0
2026-09-11 23:46:00,1.35186,1.35241,1.35186,1.35228,0.0
2026-09-11 23:47:00,1.35204,1.3526,1.35204,1.35254,0.0
2026-09-11 23:48:00,1.35239,1.35267,1.35239,1.35264,0.0
2026-09-11 23:49:00,1.35258,1.35267,1.35239,1.35264,0.0
2026-09-11 23:50:00,1.35258,1.35258,1.35232,1.35234,0.0
2026-09-11 23:51:00,1.35242,1.35251,1.35242,1.35251,0.0
2026-09-11 23:52:00,1.35247,1.35247,1.35234,1.35247,0.0
2026-09-11 23:53:00,1.35244,1.35244,1.35219,1.35223,0.0
2026-09-11 23:54:00,1.35227,1.35268,1.35218,1.35258,0.0
2026-09-11 23:55:00,1.35241,1.35274,1.35241,1.35271,0.0
2026-09-11 23:56:00,1.35262,1.3528,1.35262,1.35278,0.0
2026-09-11 23:57:00,1.35274,1.35276,1.3527,1.35271,0.0
2026-09-11 23:58:00,1.35272,1.35298,1.35272,1.3529,0.0
2026-09-11 23:59:00,1.35271,1.35327,1.35271,1.35316,0.0
2026-09-12 00:00:00,1.35302,1.35337,1.35302,1.35333,0.0
2026-09-12 00:01:00,1.35325,1.35325,1.35296,1.35299,0.0
2026-09-12 00:02:00,1.35303,1.35325,1.35254,1.35268,0.0
2026-09-12 00:03:00,1.35296,1.35296,1.35241,1.35247,0.0
2026-09-12 00:04:00,1.35256,1.3529,1.35245,1.35247,0.0
2026-09-12 00:05:00,1.35243,1.35315,1.35243,1.35307,0.0
2026-09-12 00:06:00,1.35293,1.3532,1.35293,1.35317,0.0
2026-09-12 00:07:00,1.35311,1.35325,1.35311,1.35323,0.0
2026-09-12 00:08:00,1.35317,1.35327,1.35317,1.35326,0.0
2026-09-12 00:09:00,1.35323,1.35329,1.35323,1.35328,0.0
2026-09-12 00:10:00,1.35323,1.35333,1.35323,1.35332,0.0
2026-09-12 00:11:00,1.35329,1.35344,1.35307,1.35329,0.0
2026-09-12 00:12:00,1.35329,1.35329,1.35302,1.35304,0.0
2026-09-12 00:13:00,1.35306,1.35306,1.35291,1.35294,0.0
2026-09-12 00:14:00,1.35297,1.35297,1.35287,1.35289,0.0
2026-09-12 00:15:00,1.35293,1.35293,1.35276,1.35278,0.0
2026-09-12 00:16:00,1.35282,1.35298,1.35273,1.35275,0.0
2026-09-12 00:17:00,1.35279,1.35302,1.35279,1.353,0.0
2026-09-12 00:18:00,1.35294,1.35294,1.35279,1.35283,0.0
2026-09-12 00:19:00,1.35289,1.35289,1.35272,1.35274,0.0
2026-09-12 00:20:00,1.35279,1.35295,1.35279,1.35293,0.0
2026-09-12 00:21:00,1.35283,1.35302,1.35283,1.353,0.0
2026-09-12 00:22:00,1.35295,1.35299,1.35294,1.35298,0.0
2026-09-12 00:23:00,1.35293,1.35303,1.35293,1.35302,0.0
2026-09-12 00:24:00,1.353,1.353,1.35286,1.35289,0.0
2026-09-12 00:25:00,1.35293,1.35293,1.35285,1.35286,0.0
2026-09-12 00:26:00,1.35287,1.35293,1.35268,1.35274,0.0
2026-09-12 00:27:00,1.35285,1.35285,1.35259,1.35262,0.0
2026-09-12 00:28:00,1.35267,1.35267,1.35259,1.35261,0.0
2026-09-12 00:29:00,1.35265,1.35265,1.35251,1.35254,0.0
2026-09-12 00:30:00,1.35257,1.35257,1.35248,1.35249,0.0
2026-09-12 00:31:00,1.3525,1.3525,1.35234,1.35238,0.0
2026-09-12 00:32:00,1.35244,1.35244,1.35232,1.35233,0.0
2026-09-12 00:33:00,1.35235,1.35239,1.3523,1.35235,0.0
2026-09-12 00:34:00,1.35231,1.35266,1.35222,1.35257,0.0
2026-09-12 00:35:00,1.35243,1.35269,1.35243,1.35267,0.0
2026-09-12 00:36:00,1.3526,1.35267,1.35254,1.35255,0.0
2026-09-12 00:37:00,1.35257,1.35269,1.35257,1.35267,0.0
2026-09-12 00:38:00,1.35263,1.3527,1.35262,1.3527,0.0
2026-09-12 00:39:00,1.35269,1.35269,1.3525,1.35254,0.0
2026-09-12 00:40:00,1.35258,1.35258,1.35239,1.35242,0.0
2026-09-12 00:41:00,1.35245,1.35252,1.35243,1.35251,0.0
2026-09-12 00:42:00,1.35248,1.35248,1.3523,1.35234,0.0
2026-09-12 00:43:00,1.35235,1.35259,1.35235,1.35255,0.0
2026-09-12 00:44:00,1.35249,1.35256,1.35249,1.35256,0.0
2026-09-12 00:45:00,1.35253,1.3526,1.35253,1.35258,0.0
2026-09-12 00:46:00,1.35255,1.35256,1.35255,1.35256,0.0
2026-09-12 00:47:00,1.35255,1.35261,1.35255,1.3526,0.0
2026-09-12 00:48:00,1.35255,1.35264,1.35255,1.35262,0.0
2026-09-12 00:49:00,1.35258,1.35279,1.35258,1.35274,0.0
2026-09-12 00:50:00,1.35259,1.35287,1.35259,1.35284,0.0
2026-09-12 00:51:00,1.35277,1.3528,1.35265,1.35267,0.0
2026-09-12 00:52:00,1.35267,1.35293,1.35267,1.35289,0.0
2026-09-12 00:53:00,1.35283,1.35316,1.35259,1.35307,0.0
2026-09-12 00:54:00,1.35292,1.35292,1.35248,1.35253,0.0
2026-09-12 00:55:00,1.35261,1.35273,1.35261,1.3527,0.0
2026-09-12 00:56:00,1.3526,1.35302,1.3526,1.35292,0.0
2026-09-12 00:57:00,1.35275,1.35309,1.35275,1.35305,0.0
2026-09-12 00:58:00,1.35298,1.35302,1.35298,1.35301,0.0
2026-09-12 00:59:00,1.35298,1.35303,1.35298,1.35302,0.0
2026-09-12 01:00:00,1.353,1.35302,1.35297,1.35302,0.0
2026-09-12 01:01:00,1.35299,1.35311,1.35291,1.35293,0.0
2026-09-12 01:02:00,1.35299,1.35314,1.35295,1.35312,0.0
2026-09-12 01:03:00,1.35307,1.35307,1.35287,1.3529,0.0
2026-09-12 01:04:00,1.35294,1.35294,1.35272,1.35276,0.0
2026-09-12 01:05:00,1.3528,1.35289,1.3528,1.35288,0.0
2026-09-12 01:06:00,1.35286,1.35291,1.35281,1.35282,0.0
2026-09-12 01:07:00,1.35283,1.35298,1.35283,1.35296,0.0
2026-09-12 01:08:00,1.35292,1.35296,1.3527,1.35296,0.0
2026-09-12 01:09:00,1.35293,1.35293,1.35254,1.3526,0.0
2026-09-12 01:10:00,1.3527,1.3527,1.35248,1.3525,0.0
2026-09-12 01:11:00,1.35256,1.35263,1.35256,1.35263,0.0
2026-09-12 01:12:00,1.3526,1.35261,1.35255,1.3526,0.0
2026-09-12 01:13:00,1.35259,1.35259,1.35243,1.35246,0.0
2026-09-12 01:14:00,1.3525,1.35263,1.35236,1.3524,0.0
2026-09-12 01:15:00,1.35248,1.35261,1.35248,1.3526,0.0
2026-09-12 01:16:00,1.35257,1.35272,1.35249,1.35257,0.0
2026-09-12 01:17:00,1.35257,1.35277,1.35257,1.35274,0.0
2026-09-12 01:18:00,1.35268,1.35281,1.35268,1.3528,0.0
2026-09-12 01:19:00,1.35277,1.35277,1.35265,1.35267,0.0
2026-09-12 01:20:00,1.35271,1.35272,1.35258,1.3526,0.0
2026-09-12 01:21:00,1.35261,1.35282,1.35261,1.35278,0.0
2026-09-12 01:22:00,1.35273,1.35284,1.35268,1.35283,0.0
2026-09-12 01:23:00,1.35279,1.35279,1.35261,1.35264,0.0
2026-09-12 01:24:00,1.35267,1.35267,1.35245,1.3525,0.0
2026-09-12 01:25:00,1.35257,1.35257,1.35243,1.35244,0.0
2026-09-12 01:26:00,1.35245,1.35245,1.35236,1.35237,0.0
2026-09-12 01:27:00,1.35239,1.35248,1.35235,1.35239,0.0
2026-09-12 01:28:00,1.35238,1.35248,1.35238,1.35247,0.0
2026-09-12 01:29:00,1.35245,1.35247,1.35241,1.35247,0.0
2026-09-12 01:30:00,1.35245,1.35245,1.35237,1.35238,0.0
2026-09-12 01:31:00,1.35239,1.35239,1.35227,1.3523,0.0
2026-09-12 01:32:00,1.35234,1.35234,1.35227,1.35227,0.0
2026-09-12 01:33:00,1.35227,1.35227,1.35217,1.35219,0.0
2026-09-12 01:34:00,1.35221,1.35228,1.35218,1.35219,0.0
2026-09-12 01:35:00,1.35221,1.35225,1.35221,1.35225,0.0
2026-09-12 01:36:00,1.35222,1.35223,1.35211,1.35223,0.0
2026-09-12 01:37:00,1.35222,1.35222,1.35199,1.35202,0.0
2026-09-12 01:38:00,1.35206,1.35223,1.35206,1.35222,0.0
2026-09-12 01:39:00,1.35218,1.35218,1.35212,1.35213,0.0
2026-09-12 01:40:00,1.35213,1.35214,1.35208,1.35209,0.0
2026-09-12 01:41:00,1.35209,1.35216,1.35208,1.35215,0.0
2026-09-12 01:42:00,1.35212,1.35212,1.35197,1.352,0.0
2026-09-12 01:43:00,1.35201,1.35225,1.35201,1.3522,0.0
2026-09-12 01:44:00,1.35213,1.35223,1.35213,1.35223,0.0
2026-09-12 01:45:00,1.35219,1.35219,1.35213,1.35215,0.0
2026-09-12 01:46:00,1.35217,1.35217,1.35197,1.35202,0.0
2026-09-12 01:47:00,1.35209,1.35209,1.35192,1.35194,0.0
2026-09-12 01:48:00,1.35197,1.35197,1.35194,1.35194,0.0
2026-09-12 01:49:00,1.35195,1.35208,1.35192,1.35195,0.0
2026-09-12 01:50:00,1.35192,1.35214,1.35192,1.35212,0.0
2026-09-12 01:51:00,1.35206,1.35206,1.35197,1.35199,0.0
2026-09-12 01:52:00,1.352,1.35204,1.35197,1.35197,0.0
2026-09-12 01:53:00,1.35198,1.35202,1.35196,1.35202,0.0
2026-09-12 01:54:00,1.35199,1.35199,1.35196,1.35196,0.0
2026-09-12 01:55:00,1.35196,1.35199,1.35186,1.35188,0.0
2026-09-12 01:56:00,1.35188,1.35208,1.35188,1.35206,0.0
2026-09-12 01:57:00,1.35201,1.35205,1.35201,1.35205,0.0
2026-09-12 01:58:00,1.35204,1.35204,1.35192,1.35196,0.0
2026-09-12 01:59:00,1.35202,1.35202,1.35183,1.35185,0.0
2026-09-12 02:00:00,1.3519,1.35209,1.3519,1.35206,0.0
2026-09-12 02:01:00,1.35195,1.35223,1.35195,1.35218,0.0
2026-09-12 02:02:00,1.35211,1.35223,1.35211,1.35222,0.0
2026-09-12 02:03:00,1.35219,1.35233,1.35201,1.35206,0.0
2026-09-12 02:04:00,1.35217,1.35234,1.35217,1.35233,0.0
2026-09-12 02:05:00,1.35227,1.3524,1.35227,1.35237,0.0
2026-09-12 02:06:00,1.35232,1.35243,1.35222,1.35241,0.0
2026-09-12 02:07:00,1.35235,1.35235,1.35217,1.35219,0.0
2026-09-12 02:08:00,1.35223,1.35228,1.35221,1.35223,0.0
2026-09-12 02:09:00,1.35222,1.35228,1.35222,1.35228,0.0
2026-09-12 02:10:00,1.35227,1.35234,1.35225,1.35225,0.0
2026-09-12 02:11:00,1.35227,1.35233,1.35227,1.35233,0.0
2026-09-12 02:12:00,1.35229,1.35244,1.35229,1.3524,0.0
2026-09-12 02:13:00,1.35234,1.35241,1.35234,1.35241,0.0
2026-09-12 02:14:00,1.35239,1.35239,1.35233,1.35234,0.0
2026-09-12 02:15:00,1.35235,1.35237,1.35215,1.3522,0.0
2026-09-12 02:16:00,1.35229,1.35229,1.35212,1.35214,0.0
2026-09-12 02:17:00,1.35217,1.35222,1.35217,1.35221,0.0
2026-09-12 02:18:00,1.35218,1.35233,1.35218,1.3523,0.0
2026-09-12 02:19:00,1.35222,1.35238,1.35222,1.35235,0.0
2026-09-12 02:20:00,1.3523,1.35239,1.3523,1.35239,0.0
2026-09-12 02:21:00,1.35236,1.35246,1.35233,1.35236,0.0
2026-09-12 02:22:00,1.35237,1.35245,1.35237,1.35245,0.0
2026-09-12 02:23:00,1.35241,1.3525,1.35241,1.35248,0.0
2026-09-12 02:24:00,1.35245,1.35248,1.35239,1.35248,0.0
2026-09-12 02:25:00,1.35245,1.35246,1.35239,1.3524,0.0
2026-09-12 02:26:00,1.35241,1.35243,1.35238,1.35243,0.0
2026-09-12 02:27:00,1.35241,1.35251,1.35234,1.35236,0.0
2026-09-12 02:28:00,1.35239,1.35253,1.35239,1.35251,0.0
2026-09-12 02:29:00,1.35247,1.35254,1.35238,1.35254,0.0
2026-09-12 02:30:00,1.35253,1.35253,1.3523,1.35232,0.0
2026-09-12 02:31:00,1.35235,1.35235,1.35223,1.35225,0.0
2026-09-12 02:32:00,1.35228,1.35229,1.35227,1.35227,0.0
2026-09-12 02:33:00,1.35227,1.35232,1.35223,1.35227,0.0
2026-09-12 02:34:00,1.35222,1.35251,1.35222,1.35245,0.0
2026-09-12 02:35:00,1.35236,1.35252,1.35236,1.3525,0.0
2026-09-12 02:36:00,1.35246,1.35246,1.35232,1.35234,0.0
2026-09-12 02:37:00,1.35236,1.35236,1.35216,1.3522,0.0
2026-09-12 02:38:00,1.35227,1.35227,1.35212,1.35214,0.0
2026-09-12 02:39:00,1.35216,1.35219,1.35214,1.35219,0.0
2026-09-12 02:40:00,1.35218,1.35218,1.3521,1.35212,0.0
2026-09-12 02:41:00,1.35213,1.35226,1.35203,1.35205,0.0
2026-09-12 02:42:00,1.35212,1.35228,1.35212,1.35227,0.0
2026-09-12 02:43:00,1.35222,1.35226,1.35221,1.35221,0.0
2026-09-12 02:44:00,1.35222,1.35225,1.35214,1.35224,0.0
2026-09-12 02:45:00,1.35221,1.35224,1.35214,1.35214,0.0
2026-09-12 02:46:00,1.35217,1.35224,1.35217,1.35223,0.0
2026-09-12 02:47:00,1.35217,1.35245,1.35216,1.35238,0.0
2026-09-12 02:48:00,1.35227,1.35247,1.35227,1.35245,0.0
2026-09-12 02:49:00,1.3524,1.35243,1.35239,1.35243,0.0
2026-09-12 02:50:00,1.35241,1.35241,1.35229,1.35232,0.0
2026-09-12 02:51:00,1.35236,1.35236,1.35219,1.35223,0.0
2026-09-12 02:52:00,1.35228,1.35228,1.35216,1.35217,0.0
2026-09-12 02:53:00,1.35218,1.35218,1.3521,1.35212,0.0
2026-09-12 02:54:00,1.35213,1.35224,1.35205,1.35207,0.0
2026-09-12 02:55:00,1.35213,1.35221,1.35213,1.35221,0.0
2026-09-12 02:56:00,1.35217,1.35231,1.35217,1.35228,0.0
2026-09-12 02:57:00,1.35224,1.35227,1.35224,1.35227,0.0
2026-09-12 02:58:00,1.35225,1.35236,1.35224,1.35233,0.0
2026-09-12 02:59:00,1.35227,1.35239,1.35227,1.35237,0.0
2026-09-12 03:00:00,1.35233,1.3524,1.35231,1.3524,0.0
2026-09-12 03:01:00,1.35238,1.35238,1.35227,1.35228,0.0
2026-09-12 03:02:00,1.35229,1.35232,1.35212,1.35217,0.0
2026-09-12 03:03:00,1.35225,1.35225,1.35206,1.35208,0.0
2026-09-12 03:04:00,1.35211,1.35211,1.35195,1.35198,0.0
2026-09-12 03:05:00,1.35203,1.35203,1.35195,1.35195,0.0
2026-09-12 03:06:00,1.35197,1.35197,1.35192,1.35193,0.0
2026-09-12 03:07:00,1.35194,1.35203,1.35192,1.352,0.0
2026-09-12 03:08:00,1.35195,1.35203,1.35187,1.35202,0.0
2026-09-12 03:09:00,1.35198,1.35198,1.35183,1.35185,0.0
2026-09-12 03:10:00,1.35187,1.35188,1.35179,1.3518,0.0
2026-09-12 03:11:00,1.35182,1.35187,1.35182,1.35187,0.0
2026-09-12 03:12:00,1.35185,1.35199,1.3518,1.35185,0.0
2026-09-12 03:13:00,1.35187,1.35199,1.35187,1.35198,0.0
2026-09-12 03:14:00,1.35192,1.35205,1.35192,1.35203,0.0
2026-09-12 03:15:00,1.352,1.35202,1.35197,1.35202,0.0
2026-09-12 03:16:00,1.35199,1.35207,1.35197,1.35197,0.0
2026-09-12 03:17:00,1.35199,1.35207,1.35199,1.35206,0.0
2026-09-12 03:18:00,1.352,1.35219,1.352,1.35215,0.0
2026-09-12 03:19:00,1.35208,1.35219,1.35208,1.35218,0.0
2026-09-12 03:20:00,1.35215,1.35222,1.35215,1.35221,0.0
2026-09-12 03:21:00,1.35218,1.35223,1.35218,1.35222,0.0
2026-09-12 03:22:00,1.3522,1.35222,1.35217,1.35222,0.0
2026-09-12 03:23:00,1.35218,1.35232,1.35218,1.35228,0.0
2026-09-12 03:24:00,1.35223,1.35229,1.35223,1.35229,0.0
2026-09-12 03:25:00,1.35225,1.35238,1.35225,1.35235,0.0
2026-09-12 03:26:00,1.35231,1.35235,1.35226,1.35235,0.0
2026-09-12 03:27:00,1.35232,1.35232,1.35227,1.35227,0.0
2026-09-12 03:28:00,1.35228,1.35228,1.35227,1.35228,0.0
2026-09-12 03:29:00,1.35227,1.35232,1.35227,1.35231,0.0
2026-09-12 03:30:00,1.35228,1.35232,1.35228,1.35231,0.0
2026-09-12 03:31:00,1.35229,1.3524,1.35229,1.35238,0.0
2026-09-12 03:32:00,1.35229,1.35245,1.35229,1.35243,0.0
2026-09-12 03:33:00,1.3524,1.35243,1.35238,1.35243,0.0
2026-09-12 03:34:00,1.3524,1.35242,1.35238,1.35238,0.0
2026-09-12 03:35:00,1.35238,1.35239,1.35234,1.35239,0.0
2026-09-12 03:36:00,1.35236,1.35243,1.35236,1.35241,0.0
2026-09-12 03:37:00,1.35238,1.35239,1.35235,1.35239,0.0
2026-09-12 03:38:00,1.35237,1.35238,1.35236,1.35236,0.0
2026-09-12 03:39:00,1.35236,1.35238,1.35234,1.35234,0.0
2026-09-12 03:40:00,1.35234,1.35249,1.35234,1.35245,0.0
2026-09-12 03:41:00,1.35236,1.35252,1.35236,1.3525,0.0
2026-09-12 03:42:00,1.35247,1.35251,1.35234,1.35247,0.0
2026-09-12 03:43:00,1.35246,1.35246,1.3523,1.35231,0.0
2026-09-12 03:44:00,1.35235,1.35241,1.35235,1.35241,0.0
2026-09-12 03:45:00,1.35237,1.35251,1.35237,1.35248,0.0
2026-09-12 03:46:00,1.35242,1.35253,1.35237,1.35251,0.0
2026-09-12 03:47:00,1.35247,1.35247,1.35236,1.35237,0.0
2026-09-12 03:48:00,1.35238,1.35238,1.35234,1.35235,0.0
2026-09-12 03:49:00,1.35235,1.35246,1.35235,1.35244,0.0
2026-09-12 03:50:00,1.35238,1.35245,1.35238,1.35244,0.0
2026-09-12 03:51:00,1.35242,1.35244,1.35241,1.35244,0.0
2026-09-12 03:52:00,1.35242,1.35251,1.3524,1.35242,0.0
2026-09-12 03:53:00,1.35243,1.35255,1.35243,1.35253,0.0
2026-09-12 03:54:00,1.35245,1.35269,1.35245,1.35264,0.0
2026-09-12 03:55:00,1.35257,1.35267,1.35257,1.35267,0.0
2026-09-12 03:56:00,1.35262,1.35274,1.35262,1.35271,0.0
2026-09-12 03:57:00,1.35267,1.35278,1.35256,1.35275,0.0
2026-09-12 03:58:00,1.35269,1.35269,1.35246,1.3525,0.0
2026-09-12 03:59:00,1.35256,1.35256,1.35236,1.35238,0.0
2026-09-12 04:00:00,1.35241,1.35241,1.35236,1.35237,0.0
2026-09-12 04:01:00,1.35237,1.3524,1.35232,1.35232,0.0
2026-09-12 04:02:00,1.35234,1.35244,1.35234,1.35242,0.0
2026-09-12 04:03:00,1.35235,1.35263,1.35233,1.35256,0.0
2026-09-12 04:04:00,1.35247,1.35275,1.35247,1.3527,0.0
2026-09-12 04:05:00,1.35254,1.35285,1.35254,1.35282,0.0
2026-09-12 04:06:00,1.35276,1.35278,1.35271,1.35278,0.0
2026-09-12 04:07:00,1.35275,1.35281,1.3527,1.35271,0.0
2026-09-12 04:08:00,1.35273,1.35278,1.35273,1.35278,0.0
2026-09-12 04:09:00,1.35276,1.3528,1.35276,1.3528,0.0
2026-09-12 04:10:00,1.35278,1.35278,1.3527,1.35271,0.0
2026-09-12 04:11:00,1.35273,1.35273,1.35268,1.35273,0.0
2026-09-12 04:12:00,1.35271,1.35271,1.35265,1.35265,0.0
2026-09-12 04:13:00,1.35267,1.35269,1.35265,1.35269,0.0
2026-09-12 04:14:00,1.35266,1.3527,1.35266,1.35269,0.0
2026-09-12 04:15:00,1.35267,1.35271,1.35256,1.3527,0.0
2026-09-12 04:16:00,1.35266,1.35266,1.35256,1.35256,0.0
2026-09-12 04:17:00,1.35259,1.35263,1.35257,1.35263,0.0
2026-09-12 04:18:00,1.35261,1.35267,1.35256,1.35257,0.0
2026-09-12 04:19:00,1.35259,1.35269,1.35259,1.35267,0.0
2026-09-12 04:20:00,1.35262,1.35272,1.35258,1.35271,0.0
2026-09-12 04:21:00,1.35269,1.35269,1.35244,1.35248,0.0
2026-09-12 04:22:00,1.35255,1.35255,1.35234,1.35238,0.0
2026-09-12 04:23:00,1.35241,1.35259,1.35236,1.35253,0.0
2026-09-12 04:24:00,1.35246,1.35259,1.35246,1.35258,0.0
2026-09-12 04:25:00,1.35254,1.35263,1.35246,1.35248,0.0
2026-09-12 04:26:00,1.35253,1.3526,1.35253,1.3526,0.0
2026-09-12 04:27:00,1.35257,1.35258,1.35255,1.35255,0.0
2026-09-12 04:28:00,1.35255,1.35255,1.3525,1.35255,0.0
2026-09-12 04:29:00,1.35252,1.35263,1.35252,1.35261,0.0
2026-09-12 04:30:00,1.35256,1.35259,1.35256,1.35259,0.0
2026-09-12 04:31:00,1.35259,1.3526,1.35254,1.3526,0.0
2026-09-12 04:32:00,1.35259,1.35259,1.35244,1.35247,0.0
2026-09-12 04:33:00,1.35251,1.35251,1.35233,1.35237,0.0
2026-09-12 04:34:00,1.35242,1.35242,1.3523,1.35231,0.0
2026-09-12 04:35:00,1.35234,1.35236,1.35227,1.35236,0.0
2026-09-12 04:36:00,1.35233,1.35234,1.35227,1.35227,0.0
2026-09-12 04:37:00,1.35229,1.35231,1.35223,1.35231,0.0
2026-09-12 04:38:00,1.35228,1.35228,1.35221,1.35222,0.0
2026-09-12 04:39:00,1.35223,1.35223,1.35204,1.35209,0.0
2026-09-12 04:40:00,1.35217,1.35217,1.35199,1.35201,0.0
2026-09-12 04:41:00,1.35204,1.35204,1.35195,1.35196,0.0
2026-09-12 04:42:00,1.35199,1.35211,1.35199,1.35208,0.0
2026-09-12 04:43:00,1.35199,1.35215,1.35199,1.35213,0.0
2026-09-12 04:44:00,1.3521,1.35214,1.3521,1.35214,0.0
2026-09-12 04:45:00,1.3521,1.35216,1.3521,1.35215,0.0
2026-09-12 04:46:00,1.35213,1.35213,1.35205,1.35207,0.0
2026-09-12 04:47:00,1.35207,1.35214,1.35206,1.35206,0.0
2026-09-12 04:48:00,1.35207,1.35211,1.35204,1.35211,0.0
2026-09-12 04:49:00,1.35209,1.35209,1.35205,1.35205,0.0
2026-09-12 04:50:00,1.35205,1.35208,1.35205,1.35205,0.0
2026-09-12 04:51:00,1.35204,1.35214,1.35204,1.35212,0.0
2026-09-12 04:52:00,1.35207,1.35229,1.35207,1.35223,0.0
2026-09-12 04:53:00,1.35214,1.35232,1.35214,1.35231,0.0
2026-09-12 04:54:00,1.35226,1.35232,1.35225,1.35225,0.0
2026-09-12 04:55:00,1.35226,1.3523,1.35226,1.3523,0.0
2026-09-12 04:56:00,1.35227,1.35235,1.35227,1.35227,0.0
2026-09-12 04:57:00,1.35228,1.35232,1.35228,1.35232,0.0
2026-09-12 04:58:00,1.35229,1.35242,1.35226,1.35238,0.0
2026-09-12 04:59:00,1.35231,1.35246,1.35231,1.35243,0.0
2026-09-12 05:00:00,1.35236,1.35252,1.35236,1.35251,0.0
2026-09-12 05:01:00,1.35247,1.3525,1.35245,1.35245,0.0
2026-09-12 05:02:00,1.35246,1.35258,1.35246,1.35256,0.0
2026-09-12 05:03:00,1.35247,1.35261,1.35247,1.3526,0.0
2026-09-12 05:04:00,1.35257,1.35257,1.3525,1.35252,0.0
2026-09-12 05:05:00,1.35253,1.35262,1.35247,1.35248,0.0
2026-09-12 05:06:00,1.35252,1.35269,1.35242,1.35265,0.0
2026-09-12 05:07:00,1.35258,1.35258,1.35237,1.35239,0.0
2026-09-12 05:08:00,1.35243,1.35243,1.35236,1.35238,0.0
2026-09-12 05:09:00,1.35238,1.35258,1.35233,1.35252,0.0
2026-09-12 05:10:00,1.35243,1.35264,1.35243,1.35261,0.0
2026-09-12 05:11:00,1.35253,1.35269,1.35253,1.35268,0.0
2026-09-12 05:12:00,1.35264,1.35264,1.35252,1.35253,0.0
2026-09-12 05:13:00,1.35256,1.35263,1.35256,1.35262,0.0
2026-09-12 05:14:00,1.35257,1.35272,1.35257,1.35268,0.0
2026-09-12 05:15:00,1.35263,1.35271,1.35263,1.35271,0.0
2026-09-12 05:16:00,1.35266,1.35285,1.35266,1.3528,0.0
2026-09-12 05:17:00,1.35274,1.35285,1.35271,1.35284,0.0
2026-09-12 05:18:00,1.3528,1.3528,1.3527,1.35271,0.0
2026-09-12 05:19:00,1.35272,1.35272,1.35263,1.35265,0.0
2026-09-12 05:20:00,1.35268,1.35268,1.35263,1.35264,0.0
2026-09-12 05:21:00,1.35264,1.35265,1.35261,1.35262,0.0
2026-09-12 05:22:00,1.35263,1.35266,1.35263,1.35266,0.0
2026-09-12 05:23:00,1.35264,1.35269,1.35264,1.35264,0.0
2026-09-12 05:24:00,1.35265,1.35268,1.35265,1.35268,0.0
2026-09-12 05:25:00,1.35265,1.35274,1.35265,1.35271,0.0
2026-09-12 05:26:00,1.35267,1.35271,1.35266,1.35271,0.0
2026-09-12 05:27:00,1.35268,1.35273,1.35267,1.35267,0.0
2026-09-12 05:28:00,1.35268,1.3527,1.35266,1.3527,0.0
2026-09-12 05:29:00,1.35267,1.35273,1.35267,1.35271,0.0
2026-09-12 05:30:00,1.35268,1.35269,1.35268,1.35269,0.0
2026-09-12 05:31:00,1.35268,1.35269,1.35266,1.35269,0.0
2026-09-12 05:32:00,1.35268,1.35268,1.3526,1.35261,0.0
2026-09-12 05:33:00,1.35263,1.35263,1.35254,1.35256,0.0
2026-09-12 05:34:00,1.35257,1.35264,1.35257,1.35257,0.0
2026-09-12 05:35:00,1.35258,1.35262,1.35258,1.35262,0.0
2026-09-12 05:36:00,1.35259,1.35261,1.35259,1.35261,0.0
2026-09-12 05:37:00,1.35259,1.35259,1.35248,1.35251,0.0
2026-09-12 05:38:00,1.35253,1.35254,1.35252,1.35252,0.0
2026-09-12 05:39:00,1.35252,1.35252,1.35246,1.35247,0.0
2026-09-12 05:40:00,1.35248,1.35253,1.35247,1.35248,0.0
2026-09-12 05:41:00,1.35247,1.35256,1.35247,1.35254,0.0
2026-09-12 05:42:00,1.35249,1.35256,1.35249,1.35256,0.0
2026-09-12 05:43:00,1.35254,1.35259,1.35254,1.35254,0.0
2026-09-12 05:44:00,1.35255,1.35259,1.35255,1.35259,0.0
2026-09-12 05:45:00,1.35255,1.35263,1.35255,1.35261,0.0
2026-09-12 05:46:00,1.35259,1.35261,1.35257,1.35261,0.0
2026-09-12 05:47:00,1.35258,1.35262,1.35258,1.35258,0.0
2026-09-12 05:48:00,1.35259,1.35259,1.35252,1.35259,0.0
2026-09-12 05:49:00,1.35256,1.3526,1.35252,1.35253,0.0
2026-09-12 05:50:00,1.35254,1.35256,1.35254,1.35256,0.0
2026-09-12 05:51:00,1.35255,1.3526,1.35254,1.35259,0.0
2026-09-12 05:52:00,1.35254,1.35258,1.35254,1.35258,0.0
2026-09-12 05:53:00,1.35257,1.35258,1.35248,1.35257,0.0
2026-09-12 05:54:00,1.35256,1.35259,1.35243,1.35244,0.0
2026-09-12 05:55:00,1.35249,1.35263,1.35249,1.35261,0.0
2026-09-12 05:56:00,1.35253,1.35273,1.35253,1.35269,0.0
2026-09-12 05:57:00,1.35265,1.3527,1.35265,1.3527,0.0
2026-09-12 05:58:00,1.35267,1.35284,1.35264,1.35279,0.0
2026-09-12 05:59:00,1.35272,1.35285,1.35269,1.35283,0.0
2026-09-12 06:00:00,1.35279,1.35279,1.35267,1.35268,0.0
2026-09-12 06:01:00,1.3527,1.35277,1.3527,1.35275,0.0
2026-09-12 06:02:00,1.3527,1.35278,1.3527,1.35278,0.0
2026-09-12 06:03:00,1.35276,1.35276,1.35274,1.35274,0.0
2026-09-12 06:04:00,1.35274,1.35274,1.35269,1.3527,0.0
2026-09-12 06:05:00,1.3527,1.35283,1.35266,1.35279,0.0
2026-09-12 06:06:00,1.35273,1.35283,1.35273,1.35282,0.0
2026-09-12 06:07:00,1.35277,1.35292,1.35277,1.35289,0.0
2026-09-12 06:08:00,1.35285,1.35288,1.35285,1.35288,0.0
2026-09-12 06:09:00,1.35285,1.35293,1.35285,1.35291,0.0
2026-09-12 06:10:00,1.35288,1.3529,1.35284,1.3529,0.0
2026-09-12 06:11:00,1.35288,1.35288,1.35277,1.3528,0.0
2026-09-12 06:12:00,1.35285,1.35285,1.35269,1.35271,0.0
2026-09-12 06:13:00,1.35274,1.35274,1.35263,1.35265,0.0
2026-09-12 06:14:00,1.35268,1.3527,1.35263,1.35263,0.0
2026-09-12 06:15:00,1.35265,1.35268,1.35264,1.35268,0.0
2026-09-12 06:16:00,1.35266,1.35267,1.35264,1.35264,0.0
2026-09-12 06:17:00,1.35264,1.35265,1.35256,1.35264,0.0
2026-09-12 06:18:00,1.35262,1.35262,1.35258,1.35258,0.0
2026-09-12 06:19:00,1.35258,1.35259,1.35256,1.35259,0.0
2026-09-12 06:20:00,1.35256,1.35269,1.35256,1.35266,0.0
2026-09-12 06:21:00,1.3526,1.35267,1.3526,1.35266,0.0
2026-09-12 06:22:00,1.35264,1.35271,1.35264,1.3527,0.0
2026-09-12 06:23:00,1.35266,1.3527,1.35266,1.3527,0.0
2026-09-12 06:24:00,1.35269,1.3527,1.35267,1.3527,0.0
2026-09-12 06:25:00,1.35267,1.35274,1.35267,1.35267,0.0
2026-09-12 06:26:00,1.35268,1.35272,1.35267,1.35272,0.0
2026-09-12 06:27:00,1.3527,1.35271,1.35267,1.35267,0.0
2026-09-12 06:28:00,1.35268,1.35268,1.35263,1.35268,0.0
2026-09-12 06:29:00,1.35265,1.35273,1.35263,1.35265,0.0
2026-09-12 06:30:00,1.35266,1.3527,1.35264,1.3527,0.0
2026-09-12 06:31:00,1.35268,1.35268,1.35263,1.35264,0.0
2026-09-12 06:32:00,1.35264,1.35264,1.35259,1.3526,0.0
2026-09-12 06:33:00,1.35262,1.35263,1.35246,1.35262,0.0
2026-09-12 06:34:00,1.35262,1.35262,1.35237,1.35239,0.0
2026-09-12 06:35:00,1.35244,1.35244,1.35233,1.35235,0.0
2026-09-12 06:36:00,1.35237,1.3524,1.35232,1.35232,0.0
2026-09-12 06:37:00,1.35234,1.35237,1.3523,1.35237,0.0
2026-09-12 06:38:00,1.35234,1.35244,1.35226,1.35228,0.0
2026-09-12 06:39:00,1.35233,1.35241,1.35233,1.35241,0.0
2026-09-12 06:40:00,1.35238,1.35241,1.35236,1.35236,0.0
2026-09-12 06:41:00,1.35237,1.35237,1.35235,1.35237,0.0
2026-09-12 06:42:00,1.35236,1.35238,1.35234,1.35236,0.0
2026-09-12 06:43:00,1.35235,1.35239,1.35235,1.35235,0.0
2026-09-12 06:44:00,1.35235,1.35246,1.35235,1.35244,0.0
2026-09-12 06:45:00,1.35235,1.35256,1.35235,1.35252,0.0
2026-09-12 06:46:00,1.35247,1.35254,1.35247,1.35254,0.0
2026-09-12 06:47:00,1.35251,1.35259,1.35249,1.35249,0.0
2026-09-12 06:48:00,1.35251,1.35262,1.35243,1.3526,0.0
2026-09-12 06:49:00,1.35254,1.35254,1.35241,1.35242,0.0
2026-09-12 06:50:00,1.35244,1.35248,1.35237,1.35238,0.0
2026-09-12 06:51:00,1.35238,1.35264,1.35238,1.35259,0.0
2026-09-12 06:52:00,1.3525,1.35267,1.3525,1.35265,0.0
2026-09-12 06:53:00,1.3526,1.35269,1.3526,1.35269,0.0
2026-09-12 06:54:00,1.35266,1.35274,1.35265,1.35266,0.0
2026-09-12 06:55:00,1.35267,1.35274,1.35267,1.35274,0.0
2026-09-12 06:56:00,1.3527,1.35277,1.3527,1.35276,0.0
2026-09-12 06:57:00,1.35274,1.35276,1.35265,1.35274,0.0
2026-09-12 06:58:00,1.35272,1.35272,1.35265,1.35265,0.0
2026-09-12 06:59:00,1.35265,1.35265,1.35258,1.3526,0.0
2026-09-12 07:00:00,1.3526,1.35275,1.3526,1.35272,0.0
2026-09-12 07:01:00,1.35267,1.35274,1.35267,1.35273,0.0
2026-09-12 07:02:00,1.3527,1.35276,1.3527,1.35276,0.0
2026-09-12 07:03:00,1.35274,1.35282,1.35265,1.35266,0.0
2026-09-12 07:04:00,1.35269,1.35286,1.35264,1.35285,0.0
2026-09-12 07:05:00,1.35282,1.35282,1.35258,1.3526,0.0
2026-09-12 07:06:00,1.35263,1.35277,1.35261,1.35272,0.0
2026-09-12 07:07:00,1.35258,1.35285,1.35258,1.35282,0.0
2026-09-12 07:08:00,1.35278,1.35278,1.35273,1.35278,0.0
2026-09-12 07:09:00,1.35276,1.35282,1.35273,1.35273,0.0
2026-09-12 07:10:00,1.35275,1.35279,1.35275,1.35279,0.0
2026-09-12 07:11:00,1.35276,1.3528,1.35276,1.35279,0.0
2026-09-12 07:12:00,1.35277,1.35277,1.35276,1.35277,0.0
2026-09-12 07:13:00,1.35276,1.35278,1.35276,1.35278,0.0
2026-09-12 07:14:00,1.35277,1.35278,1.35274,1.35274,0.0
2026-09-12 07:15:00,1.35275,1.35277,1.35274,1.35277,0.0
2026-09-12 07:16:00,1.35274,1.35282,1.35274,1.35274,0.0
2026-09-12 07:17:00,1.35276,1.3528,1.35274,1.3528,0.0
2026-09-12 07:18:00,1.35277,1.35286,1.35272,1.35273,0.0
2026-09-12 07:19:00,1.35277,1.3529,1.35268,1.35287,0.0
2026-09-12 07:20:00,1.35281,1.35281,1.35265,1.35267,0.0
2026-09-12 07:21:00,1.3527,1.35272,1.35268,1.35272,0.0
2026-09-12 07:22:00,1.3527,1.35273,1.35267,1.35268,0.0
2026-09-12 07:23:00,1.35268,1.3527,1.35268,1.3527,0.0
2026-09-12 07:24:00,1.3527,1.3527,1.35267,1.3527,0.0
2026-09-12 07:25:00,1.35268,1.35274,1.35268,1.35272,0.0
2026-09-12 07:26:00,1.35269,1.35273,1.35269,1.35273,0.0
2026-09-12 07:27:00,1.35269,1.35273,1.35269,1.35272,0.0
2026-09-12 07:28:00,1.3527,1.35271,1.35267,1.35271,0.0
2026-09-12 07:29:00,1.35267,1.35277,1.35267,1.35275,0.0
2026-09-12 07:30:00,1.35271,1.35274,1.35269,1.35274,0.0
2026-09-12 07:31:00,1.35272,1.35273,1.3527,1.3527,0.0
2026-09-12 07:32:00,1.3527,1.35272,1.35267,1.35268,0.0
2026-09-12 07:33:00,1.35268,1.35274,1.35268,1.35274,0.0
2026-09-12 07:34:00,1.35272,1.35274,1.3527,1.3527,0.0
2026-09-12 07:35:00,1.35271,1.35274,1.35268,1.35274,0.0
2026-09-12 07:36:00,1.35272,1.35277,1.35265,1.35266,0.0
2026-09-12 07:37:00,1.35269,1.35275,1.35269,1.35275,0.0
2026-09-12 07:38:00,1.35272,1.35285,1.35266,1.35272,0.0
2026-09-12 07:39:00,1.35274,1.35288,1.35269,1.35286,0.0
2026-09-12 07:40:00,1.35281,1.35281,1.35267,1.35268,0.0
2026-09-12 07:41:00,1.35271,1.35274,1.35267,1.35274,0.0
2026-09-12 07:42:00,1.35271,1.35275,1.35265,1.35266,0.0
2026-09-12 07:43:00,1.35267,1.35276,1.35267,1.35275,0.0
2026-09-12 07:44:00,1.35271,1.35279,1.35271,1.35278,0.0
2026-09-12 07:45:00,1.35274,1.3528,1.35274,1.35279,0.0
2026-09-12 07:46:00,1.35277,1.35277,1.35267,1.35269,0.0
2026-09-12 07:47:00,1.35271,1.35277,1.35269,1.35269,0.0
2026-09-12 07:48:00,1.3527,1.35277,1.3527,1.35276,0.0
2026-09-12 07:49:00,1.35269,1.35283,1.35269,1.35282,0.0
2026-09-12 07:50:00,1.35277,1.35277,1.35263,1.35266,0.0
2026-09-12 07:51:00,1.35268,1.35277,1.35268,1.35275,0.0
2026-09-12 07:52:00,1.3527,1.35276,1.35265,1.35275,0.0
2026-09-12 07:53:00,1.35272,1.35274,1.35261,1.35263,0.0
2026-09-12 07:54:00,1.35265,1.35275,1.35265,1.35274,0.0
2026-09-12 07:55:00,1.35271,1.35275,1.35266,1.35275,0.0
2026-09-12 07:56:00,1.35273,1.35273,1.35263,1.35264,0.0
2026-09-12 07:57:00,1.35265,1.35267,1.35262,1.35267,0.0
2026-09-12 07:58:00,1.35264,1.35277,1.35256,1.35258,0.0
2026-09-12 07:59:00,1.35265,1.35287,1.35255,1.35282,0.0
2026-09-12 08:00:00,1.35274,1.35274,1.35252,1.35254,0.0
2026-09-12 08:01:00,1.35257,1.35259,1.35252,1.35259,0.0
2026-09-12 08:02:00,1.35257,1.35273,1.35245,1.35248,0.0
2026-09-12 08:03:00,1.35254,1.35276,1.35254,1.35274,0.0
2026-09-12 08:04:00,1.35268,1.35272,1.35268,1.35272,0.0
2026-09-12 08:05:00,1.3527,1.3527,1.35267,1.35267,0.0
2026-09-12 08:06:00,1.35268,1.35269,1.35263,1.35264,0.0
2026-09-12 08:07:00,1.35264,1.35278,1.35264,1.35275,0.0
2026-09-12 08:08:00,1.3527,1.35276,1.35266,1.35276,0.0
2026-09-12 08:09:00,1.35273,1.35273,1.35267,1.35267,0.0
2026-09-12 08:10:00,1.35268,1.35268,1.35263,1.35264,0.0
2026-09-12 08:11:00,1.35264,1.35275,1.35264,1.35272,0.0
2026-09-12 08:12:00,1.35268,1.35272,1.35268,1.35272,0.0
2026-09-12 08:13:00,1.3527,1.35273,1.3527,1.35272,0.0
2026-09-12 08:14:00,1.3527,1.35272,1.3527,1.3527,0.0
2026-09-12 08:15:00,1.3527,1.35272,1.35266,1.35272,0.0
2026-09-12 08:16:00,1.3527,1.35274,1.35262,1.35263,0.0
2026-09-12 08:17:00,1.35266,1.35273,1.35266,1.35273,0.0
2026-09-12 08:18:00,1.3527,1.35275,1.35269,1.35269,0.0
2026-09-12 08:19:00,1.3527,1.35272,1.35266,1.35272,0.0
2026-09-12 08:20:00,1.3527,1.35274,1.35267,1.35267,0.0
2026-09-12 08:21:00,1.35268,1.3527,1.35267,1.3527,0.0
2026-09-12 08:22:00,1.35268,1.35276,1.35265,1.35268,0.0
2026-09-12 08:23:00,1.35268,1.35274,1.35268,1.35274,0.0
2026-09-12 08:24:00,1.35272,1.35272,1.3527,1.35272,0.0
2026-09-12 08:25:00,1.3527,1.3527,1.35268,1.3527,0.0
2026-09-12 08:26:00,1.3527,1.3527,1.35263,1.35265,0.0
2026-09-12 08:27:00,1.35265,1.35275,1.35265,1.35272,0.0
2026-09-12 08:28:00,1.35268,1.35273,1.35268,1.35273,0.0
2026-09-12 08:29:00,1.3527,1.35271,1.35269,1.35269,0.0
2026-09-12 08:30:00,1.35269,1.35269,1.35263,1.35265,0.0
2026-09-12 08:31:00,1.35265,1.35273,1.35265,1.35271,0.0
2026-09-12 08:32:00,1.35267,1.3527,1.35267,1.3527,0.0
2026-09-12 08:33:00,1.35268,1.35273,1.35268,1.35272,0.0
2026-09-12 08:34:00,1.35269,1.35271,1.35269,1.35271,0.0
2026-09-12 08:35:00,1.3527,1.35271,1.35269,1.35271,0.0
2026-09-12 08:36:00,1.35269,1.35274,1.35267,1.35267,0.0
2026-09-12 08:37:00,1.35268,1.35272,1.35267,1.35272,0.0
2026-09-12 08:38:00,1.3527,1.35272,1.35267,1.35267,0.0
2026-09-12 08:39:00,1.35268,1.35269,1.35265,1.35269,0.0
2026-09-12 08:40:00,1.35266,1.35274,1.35266,1.35272,0.0
2026-09-12 08:41:00,1.35269,1.3527,1.35266,1.3527,0.0
2026-09-12 08:42:00,1.35268,1.35272,1.35268,1.35268,0.0
2026-09-12 08:43:00,1.35268,1.35269,1.35267,1.35269,0.0
2026-09-12 08:44:00,1.35268,1.3527,1.35268,1.3527,0.0
2026-09-12 08:45:00,1.35268,1.35269,1.35268,1.35268,0.0
2026-09-12 08:46:00,1.35267,1.35267,1.35263,1.35267,0.0
2026-09-12 08:47:00,1.35264,1.35273,1.35264,1.35271,0.0
2026-09-12 08:48:00,1.35267,1.35271,1.35266,1.35271,0.0
2026-09-12 08:49:00,1.35268,1.35271,1.35267,1.35267,0.0
2026-09-12 08:50:00,1.35267,1.35267,1.35263,1.35267,0.0
2026-09-12 08:51:00,1.35264,1.35273,1.35264,1.35271,0.0
2026-09-12 08:52:00,1.35267,1.35271,1.35267,1.35271,0.0
2026-09-12 08:53:00,1.35268,1.35274,1.35268,1.35273,0.0
2026-09-12 08:54:00,1.35271,1.35271,1.35269,1.35271,0.0
2026-09-12 08:55:00,1.3527,1.3527,1.35266,1.3527,0.0
2026-09-12 08:56:00,1.35268,1.35271,1.35263,1.35263,0.0
2026-09-12 08:57:00,1.35265,1.3527,1.35264,1.3527,0.0
2026-09-12 08:58:00,1.35268,1.35273,1.35262,1.35263,0.0
2026-09-12 08:59:00,1.35265,1.3527,1.35263,1.3527,0.0
2026-09-12 09:00:00,1.35268,1.35273,1.35262,1.35263,0.0
2026-09-12 09:01:00,1.35265,1.35288,1.35244,1.35282,0.0
2026-09-12 09:02:00,1.3527,1.35276,1.35226,1.35233,0.0
2026-09-12 09:03:00,1.35248,1.35283,1.35248,1.35279,0.0
2026-09-12 09:04:00,1.35271,1.35271,1.35267,1.35268,0.0
2026-09-12 09:05:00,1.35268,1.3527,1.35267,1.35268,0.0
2026-09-12 09:06:00,1.35268,1.3527,1.35268,1.3527,0.0
2026-09-12 09:07:00,1.35268,1.35276,1.35268,1.35268,0.0
2026-09-12 09:08:00,1.35269,1.35275,1.35265,1.35275,0.0
2026-09-12 09:09:00,1.35272,1.35272,1.35265,1.35265,0.0
2026-09-12 09:10:00,1.35266,1.35267,1.35263,1.35267,0.0
2026-09-12 09:11:00,1.35264,1.35273,1.35264,1.35271,0.0
2026-09-12 09:12:00,1.35267,1.3527,1.35267,1.3527,0.0
2026-09-12 09:13:00,1.35268,1.35269,1.35268,1.35268,0.0
2026-09-12 09:14:00,1.35268,1.35268,1.35263,1.35264,0.0
2026-09-12 09:15:00,1.35265,1.35269,1.35265,1.35269,0.0
2026-09-12 09:16:00,1.35267,1.35271,1.35263,1.35263,0.0
2026-09-12 09:17:00,1.35265,1.3527,1.35265,1.3527,0.0
2026-09-12 09:18:00,1.35267,1.35273,1.35267,1.35267,0.0
2026-09-12 09:19:00,1.35268,1.35271,1.35263,1.35271,0.0
2026-09-12 09:20:00,1.35268,1.35273,1.35262,1.35263,0.0
2026-09-12 09:21:00,1.35265,1.3527,1.35265,1.3527,0.0
2026-09-12 09:22:00,1.35267,1.3527,1.35267,1.35269,0.0
2026-09-12 09:23:00,1.35267,1.35267,1.35263,1.35264,0.0
2026-09-12 09:24:00,1.35264,1.35271,1.35264,1.3527,0.0
2026-09-12 09:25:00,1.35267,1.35269,1.35267,1.35269,0.0
2026-09-12 09:26:00,1.35268,1.35268,1.35263,1.35264,0.0
2026-09-12 09:27:00,1.35264,1.35269,1.35264,1.35268,0.0
2026-09-12 09:28:00,1.35267,1.35268,1.35263,1.35268,0.0
2026-09-12 09:29:00,1.35264,1.35271,1.35264,1.35269,0.0
2026-09-12 09:30:00,1.35267,1.35268,1.35263,1.35268,0.0
2026-09-12 09:31:00,1.35264,1.35274,1.35264,1.35272,0.0
2026-09-12 09:32:00,1.35267,1.3527,1.35267,1.3527,0.0
2026-09-12 09:33:00,1.35268,1.35272,1.35268,1.35271,0.0
2026-09-12 09:34:00,1.35269,1.35269,1.35267,1.35269,0.0
2026-09-12 09:35:00,1.35268,1.35269,1.35267,1.35269,0.0
2026-09-12 09:36:00,1.35268,1.35272,1.35263,1.35263,0.0
2026-09-12 09:37:00,1.35265,1.35273,1.35263,1.35273,0.0
2026-09-12 09:38:00,1.3527,1.35272,1.35259,1.3526,0.0
2026-09-12 09:39:00,1.35264,1.3527,1.35263,1.3527,0.0
2026-09-12 09:40:00,1.35268,1.35273,1.35262,1.35263,0.0
2026-09-12 09:41:00,1.35265,1.3527,1.35265,1.3527,0.0
2026-09-12 09:42:00,1.35267,1.35274,1.35267,1.35272,0.0
2026-09-12 09:43:00,1.35268,1.35272,1.35265,1.35272,0.0
2026-09-12 09:44:00,1.35269,1.35271,1.35263,1.35264,0.0
2026-09-12 09:45:00,1.35265,1.35269,1.35265,1.35269,0.0
2026-09-12 09:46:00,1.35267,1.35268,1.35263,1.35267,0.0
2026-09-12 09:47:00,1.35264,1.35272,1.35264,1.3527,0.0
2026-09-12 09:48:00,1.35267,1.35271,1.35267,1.35271,0.0
2026-09-12 09:49:00,1.35268,1.35271,1.35268,1.35268,0.0
2026-09-12 09:50:00,1.35268,1.35268,1.35263,1.35268,0.0
2026-09-12 09:51:00,1.35264,1.35274,1.35264,1.35272,0.0
2026-09-12 09:52:00,1.35267,1.35271,1.35263,1.35271,0.0
2026-09-12 09:53:00,1.35268,1.35269,1.35263,1.35264,0.0
2026-09-12 09:54:00,1.35264,1.35268,1.35263,1.35267,0.0
2026-09-12 09:55:00,1.35264,1.35269,1.35264,1.35269,0.0
2026-09-12 09:56:00,1.35267,1.3527,1.35263,1.35263,0.0
2026-09-12 09:57:00,1.35265,1.3527,1.35264,1.3527,0.0
2026-09-12 09:58:00,1.35268,1.35272,1.35262,1.35263,0.0
2026-09-12 09:59:00,1.35265,1.3527,1.35263,1.3527,0.0
2026-09-12 10:00:00,1.35268,1.35273,1.35262,1.35263,0.0
2026-09-12 10:01:00,1.35265,1.3527,1.35265,1.3527,0.0
2026-09-12 10:02:00,1.35267,1.35273,1.35267,1.35267,0.0
2026-09-12 10:03:00,1.35267,1.35273,1.35267,1.35272,0.0
2026-09-12 10:04:00,1.35267,1.35281,1.35267,1.35279,0.0
2026-09-12 10:05:00,1.35274,1.3528,1.35274,1.35279,0.0
2026-09-12 10:06:00,1.35278,1.35281,1.35278,1.35281,0.0
2026-09-12 10:07:00,1.35278,1.35283,1.35278,1.35282,0.0
2026-09-12 10:08:00,1.35279,1.35287,1.35269,1.35285,0.0
2026-09-12 10:09:00,1.35281,1.35281,1.35265,1.35266,0.0
2026-09-12 10:10:00,1.3527,1.35273,1.3527,1.35273,0.0
2026-09-12 10:11:00,1.35268,1.35284,1.35268,1.35281,0.0
2026-09-12 10:12:00,1.35276,1.35281,1.35276,1.35281,0.0
2026-09-12 10:13:00,1.35278,1.35283,1.35278,1.35282,0.0
2026-09-12 10:14:00,1.35279,1.3528,1.35278,1.3528,0.0
2026-09-12 10:15:00,1.35278,1.35281,1.35278,1.35281,0.0
2026-09-12 10:16:00,1.35279,1.35282,1.35278,1.35279,0.0
2026-09-12 10:17:00,1.35279,1.35282,1.35279,1.35282,0.0
2026-09-12 10:18:00,1.3528,1.35285,1.35279,1.35279,0.0
2026-09-12 10:19:00,1.3528,1.35283,1.35278,1.35283,0.0
2026-09-12 10:20:00,1.3528,1.35286,1.35279,1.35279,0.0
2026-09-12 10:21:00,1.3528,1.35283,1.35278,1.35283,0.0
2026-09-12 10:22:00,1.3528,1.35286,1.35279,1.35279,0.0
2026-09-12 10:23:00,1.3528,1.35288,1.35269,1.35286,0.0
2026-09-12 10:24:00,1.35281,1.35281,1.35267,1.35268,0.0
2026-09-12 10:25:00,1.35271,1.3528,1.35271,1.35279,0.0
2026-09-12 10:26:00,1.35277,1.35281,1.35277,1.35281,0.0
2026-09-12 10:27:00,1.35279,1.35283,1.35279,1.35279,0.0
2026-09-12 10:28:00,1.3528,1.35282,1.35279,1.35282,0.0
2026-09-12 10:29:00,1.3528,1.35284,1.35279,1.35279,0.0
2026-09-12 10:30:00,1.3528,1.35282,1.35277,1.35282,0.0
2026-09-12 10:31:00,1.35279,1.35285,1.35278,1.35278,0.0
2026-09-12 10:32:00,1.35279,1.35281,1.35278,1.35281,0.0
2026-09-12 10:33:00,1.35279,1.35285,1.35279,1.35279,0.0
2026-09-12 10:34:00,1.35279,1.35281,1.35279,1.35281,0.0
2026-09-12 10:35:00,1.3528,1.35282,1.3528,1.35282,0.0
2026-09-12 10:36:00,1.3528,1.35282,1.35279,1.35279,0.0
2026-09-12 10:37:00,1.35279,1.35282,1.35279,1.35282,0.0
2026-09-12 10:38:00,1.3528,1.3528,1.35275,1.35276,0.0
2026-09-12 10:39:00,1.35278,1.35278,1.35267,1.35269,0.0
2026-09-12 10:40:00,1.3527,1.35284,1.3527,1.35281,0.0
2026-09-12 10:41:00,1.35276,1.35281,1.35276,1.35281,0.0
2026-09-12 10:42:00,1.35278,1.35286,1.35278,1.35284,0.0
2026-09-12 10:43:00,1.35279,1.35282,1.35278,1.35282,0.0
2026-09-12 10:44:00,1.3528,1.35284,1.35278,1.35278,0.0
2026-09-12 10:45:00,1.35279,1.3528,1.35279,1.3528,0.0
2026-09-12 10:46:00,1.35279,1.35282,1.35278,1.35281,0.0
2026-09-12 10:47:00,1.35279,1.35283,1.35279,1.35279,0.0
2026-09-12 10:48:00,1.3528,1.35282,1.35279,1.35282,0.0
2026-09-12 10:49:00,1.3528,1.35285,1.35279,1.35279,0.0
2026-09-12 10:50:00,1.35279,1.35283,1.35278,1.35283,0.0
2026-09-12 10:51:00,1.3528,1.35287,1.35278,1.35278,0.0
2026-09-12 10:52:00,1.3528,1.35284,1.35278,1.35284,0.0
2026-09-12 10:53:00,1.35281,1.35281,1.35275,1.35277,0.0
2026-09-12 10:54:00,1.35279,1.35279,1.35265,1.35267,0.0
2026-09-12 10:55:00,1.3527,1.3528,1.3527,1.35279,0.0
2026-09-12 10:56:00,1.35276,1.35281,1.35276,1.3528,0.0
2026-09-12 10:57:00,1.35277,1.35281,1.35277,1.35281,0.0
2026-09-12 10:58:00,1.35279,1.35284,1.35278,1.35278,0.0
2026-09-12 10:59:00,1.35279,1.35283,1.35278,1.35283,0.0
2026-09-12 11:00:00,1.3528,1.35285,1.35278,1.35278,0.0
2026-09-12 11:01:00,1.35279,1.35282,1.35278,1.35282,0.0
2026-09-12 11:02:00,1.35279,1.35286,1.35279,1.35279,0.0
2026-09-12 11:03:00,1.3528,1.35282,1.35278,1.35282,0.0
2026-09-12 11:04:00,1.3528,1.35285,1.3528,1.3528,0.0
2026-09-12 11:05:00,1.3528,1.35281,1.3528,1.35281,0.0
2026-09-12 11:06:00,1.3528,1.35283,1.3528,1.35282,0.0
2026-09-12 11:07:00,1.3528,1.35283,1.3528,1.3528,0.0
2026-09-12 11:08:00,1.3528,1.35286,1.3527,1.35285,0.0
2026-09-12 11:09:00,1.35282,1.35282,1.35265,1.35266,0.0
2026-09-12 11:10:00,1.35271,1.35279,1.35271,1.35279,0.0
2026-09-12 11:11:00,1.35275,1.35285,1.35275,1.35283,0.0
2026-09-12 11:12:00,1.35279,1.35282,1.35277,1.35282,0.0
2026-09-12 11:13:00,1.35279,1.35285,1.35279,1.35279,0.0
2026-09-12 11:14:00,1.35279,1.35282,1.35279,1.35282,0.0
2026-09-12 11:15:00,1.3528,1.35284,1.3528,1.35283,0.0
2026-09-12 11:16:00,1.3528,1.35283,1.3528,1.35282,0.0
2026-09-12 11:17:00,1.3528,1.35283,1.3528,1.35283,0.0
2026-09-12 11:18:00,1.35281,1.35284,1.3528,1.3528,0.0
2026-09-12 11:19:00,1.3528,1.35283,1.35279,1.35283,0.0
2026-09-12 11:20:00,1.3528,1.35286,1.35279,1.35279,0.0
2026-09-12 11:21:00,1.3528,1.35283,1.35278,1.35283,0.0
2026-09-12 11:22:00,1.3528,1.35286,1.35279,1.35279,0.0
2026-09-12 11:23:00,1.3528,1.35289,1.35268,1.35287,0.0
2026-09-12 11:24:00,1.35281,1.35282,1.35264,1.35266,0.0
2026-09-12 11:25:00,1.35271,1.3528,1.35271,1.35279,0.0
2026-09-12 11:26:00,1.35277,1.35283,1.35277,1.35282,0.0
2026-09-12 11:27:00,1.35279,1.35282,1.35279,1.35281,0.0
2026-09-12 11:28:00,1.3528,1.35281,1.35279,1.35281,0.0
2026-09-12 11:29:00,1.35279,1.35284,1.35279,1.35279,0.0
2026-09-12 11:30:00,1.35279,1.35283,1.35279,1.35283,0.0
2026-09-12 11:31:00,1.35279,1.35285,1.35279,1.35279,0.0
2026-09-12 11:32:00,1.3528,1.35282,1.35277,1.35282,0.0
2026-09-12 11:33:00,1.35279,1.35284,1.35279,1.35279,0.0
2026-09-12 11:34:00,1.35279,1.35281,1.35278,1.35281,0.0
2026-09-12 11:35:00,1.35279,1.35284,1.35279,1.35283,0.0
2026-09-12 11:36:00,1.35279,1.35281,1.35279,1.35281,0.0
2026-09-12 11:37:00,1.3528,1.35282,1.3528,1.35282,0.0
2026-09-12 11:38:00,1.3528,1.3528,1.35275,1.3528,0.0
2026-09-12 11:39:00,1.35279,1.35279,1.35267,1.35269,0.0
2026-09-12 11:40:00,1.3527,1.35282,1.3527,1.3528,0.0
2026-09-12 11:41:00,1.35276,1.3528,1.35276,1.3528,0.0
2026-09-12 11:42:00,1.35276,1.35287,1.35276,1.35285,0.0
2026-09-12 11:43:00,1.35281,1.35283,1.35279,1.35283,0.0
2026-09-12 11:44:00,1.35281,1.35285,1.3528,1.3528,0.0
2026-09-12 11:45:00,1.3528,1.35282,1.3528,1.35282,0.0
2026-09-12 11:46:00,1.3528,1.35283,1.3528,1.35282,0.0
2026-09-12 11:47:00,1.3528,1.35282,1.3528,1.3528,0.0
2026-09-12 11:48:00,1.3528,1.35282,1.3528,1.35282,0.0
2026-09-12 11:49:00,1.3528,1.35283,1.35279,1.35279,0.0
2026-09-12 11:50:00,1.35279,1.35282,1.35278,1.35282,0.0
2026-09-12 11:51:00,1.35279,1.35286,1.35279,1.35279,0.0
2026-09-12 11:52:00,1.3528,1.35283,1.35277,1.35283,0.0
2026-09-12 11:53:00,1.3528,1.3528,1.35276,1.35277,0.0
2026-09-12 11:54:00,1.35278,1.35278,1.35265,1.35267,0.0
2026-09-12 11:55:00,1.35269,1.35283,1.35269,1.35281,0.0
2026-09-12 11:56:00,1.35277,1.3528,1.35277,1.3528,0.0
2026-09-12 11:57:00,1.35279,1.35281,1.35279,1.35281,0.0
2026-09-12 11:58:00,1.3528,1.35283,1.35279,1.35279,0.0
2026-09-12 11:59:00,1.35279,1.35282,1.35278,1.35282,0.0
2026-09-12 12:00:00,1.35279,1.35285,1.35278,1.35278,0.0
2026-09-12 12:01:00,1.35279,1.35283,1.35277,1.35283,0.0
2026-09-12 12:02:00,1.3528,1.35285,1.35278,1.35278,0.0
2026-09-12 12:03:00,1.35279,1.35282,1.35277,1.35282,0.0
2026-09-12 12:04:00,1.35279,1.35284,1.35278,1.35279,0.0
2026-09-12 12:05:00,1.35279,1.35281,1.35278,1.35281,0.0
2026-09-12 12:06:00,1.35279,1.35284,1.35278,1.35283,0.0
2026-09-12 12:07:00,1.35279,1.35282,1.35279,1.35282,0.0
2026-09-12 12:08:00,1.35281,1.35283,1.35271,1.35283,0.0
2026-09-12 12:09:00,1.35281,1.35281,1.35265,1.35266,0.0
2026-09-12 12:10:00,1.3527,1.35276,1.3527,1.35276,0.0
2026-09-12 12:11:00,1.35272,1.35283,1.35272,1.35281,0.0
2026-09-12 12:12:00,1.35277,1.3528,1.35277,1.3528,0.0
2026-09-12 12:13:00,1.35277,1.35285,1.35277,1.35283,0.0
2026-09-12 12:14:00,1.35279,1.35282,1.35278,1.35282,0.0
2026-09-12 12:15:00,1.35279,1.35283,1.35279,1.35282,0.0
2026-09-12 12:16:00,1.35279,1.3528,1.35278,1.3528,0.0
2026-09-12 12:17:00,1.35279,1.35281,1.35279,1.35281,0.0
2026-09-12 12:18:00,1.35279,1.35282,1.35278,1.35279,0.0
2026-09-12 12:19:00,1.35279,1.35282,1.35279,1.35282,0.0
2026-09-12 12:20:00,1.35279,1.35284,1.35278,1.35278,0.0
2026-09-12 12:21:00,1.35279,1.35282,1.35278,1.35282,0.0
2026-09-12 12:22:00,1.35279,1.35286,1.35278,1.35278,0.0
2026-09-12 12:23:00,1.35279,1.3529,1.35268,1.35287,0.0
2026-09-12 12:24:00,1.35281,1.35281,1.35264,1.35266,0.0
2026-09-12 12:25:00,1.35271,1.35278,1.35271,1.35278,0.0
2026-09-12 12:26:00,1.35276,1.35282,1.35275,1.3528,0.0
2026-09-12 12:27:00,1.35276,1.3528,1.35276,1.3528,0.0
2026-09-12 12:28:00,1.35278,1.3528,1.35278,1.3528,0.0
2026-09-12 12:29:00,1.35278,1.35282,1.35278,1.35278,0.0
2026-09-12 12:30:00,1.35279,1.35281,1.35278,1.35281,0.0
2026-09-12 12:31:00,1.35278,1.35286,1.35278,1.35278,0.0
2026-09-12 12:32:00,1.35279,1.35283,1.35278,1.35283,0.0
2026-09-12 12:33:00,1.3528,1.35285,1.35279,1.35279,0.0
2026-09-12 12:34:00,1.3528,1.35281,1.35278,1.35281,0.0
2026-09-12 12:35:00,1.35279,1.35283,1.35279,1.35279,0.0
2026-09-12 12:36:00,1.35279,1.3528,1.35278,1.3528,0.0
2026-09-12 12:37:00,1.35279,1.35283,1.35279,1.35282,0.0
2026-09-12 12:38:00,1.3528,1.3528,1.35272,1.3528,0.0
2026-09-12 12:39:00,1.35279,1.35279,1.35265,1.35267,0.0
2026-09-12 12:40:00,1.35269,1.35281,1.35269,1.35278,0.0
2026-09-12 12:41:00,1.35273,1.3528,1.35273,1.3528,0.0
2026-09-12 12:42:00,1.35277,1.35285,1.35275,1.35275,0.0
2026-09-12 12:43:00,1.35277,1.35282,1.35276,1.35282,0.0
2026-09-12 12:44:00,1.35279,1.35285,1.35278,1.35278,0.0
2026-09-12 12:45:00,1.35278,1.35281,1.35278,1.35281,0.0
2026-09-12 12:46:00,1.35279,1.35283,1.35278,1.35279,0.0
2026-09-12 12:47:00,1.35279,1.3528,1.35279,1.3528,0.0
2026-09-12 12:48:00,1.35279,1.35281,1.35278,1.35281,0.0
2026-09-12 12:49:00,1.35279,1.35282,1.35279,1.35279,0.0
2026-09-12 12:50:00,1.35279,1.35281,1.35278,1.35281,0.0
2026-09-12 12:51:00,1.35279,1.35285,1.35278,1.35278,0.0
2026-09-12 12:52:00,1.35279,1.35283,1.35278,1.35283,0.0
2026-09-12 12:53:00,1.3528,1.3528,1.35273,1.35275,0.0
2026-09-12 12:54:00,1.35277,1.35277,1.35261,1.35264,0.0
2026-09-12 12:55:00,1.35266,1.35281,1.35266,1.35279,0.0
2026-09-12 12:56:00,1.35274,1.35279,1.35274,1.35278,0.0
2026-09-12 12:57:00,1.35275,1.35282,1.35275,1.35282,0.0
2026-09-12 12:58:00,1.3528,1.35281,1.35279,1.35279,0.0
2026-09-12 12:59:00,1.35279,1.35281,1.35279,1.35281,0.0
2026-09-12 13:00:00,1.35279,1.35284,1.35278,1.35278,0.0
2026-09-12 13:01:00,1.35279,1.35283,1.35278,1.35283,0.0
2026-09-12 13:02:00,1.3528,1.35285,1.35278,1.35278,0.0
2026-09-12 13:03:00,1.35279,1.35282,1.35277,1.35282,0.0
2026-09-12 13:04:00,1.35279,1.35285,1.35279,1.35279,0.0
2026-09-12 13:05:00,1.35279,1.35282,1.35278,1.35282,0.0
2026-09-12 13:06:00,1.3528,1.35284,1.35278,1.35278,0.0
2026-09-12 13:07:00,1.35279,1.35281,1.35279,1.35281,0.0
2026-09-12 13:08:00,1.3528,1.35281,1.35272,1.35281,0.0
2026-09-12 13:09:00,1.3528,1.3528,1.35265,1.35267,0.0
2026-09-12 13:10:00,1.3527,1.35276,1.3527,1.35276,0.0
2026-09-12 13:11:00,1.35272,1.35282,1.35272,1.3528,0.0
2026-09-12 13:12:00,1.35277,1.3528,1.35276,1.3528,0.0
2026-09-12 13:13:00,1.35276,1.35284,1.35276,1.35282,0.0
2026-09-12 13:14:00,1.35278,1.35281,1.35277,1.35281,0.0
2026-09-12 13:15:00,1.35278,1.35284,1.35278,1.35282,0.0
2026-09-12 13:16:00,1.35279,1.3528,1.35278,1.3528,0.0
2026-09-12 13:17:00,1.35278,1.35282,1.35278,1.35281,0.0
2026-09-12 13:18:00,1.35279,1.35282,1.35278,1.35279,0.0
2026-09-12 13:19:00,1.35278,1.35282,1.35278,1.35282,0.0
2026-09-12 13:20:00,1.3528,1.35281,1.35278,1.35278,0.0
2026-09-12 13:21:00,1.35278,1.3528,1.35276,1.3528,0.0
2026-09-12 13:22:00,1.35276,1.35286,1.35276,1.35284,0.0
2026-09-12 13:23:00,1.35281,1.35294,1.35265,1.3529,0.0
2026-09-12 13:24:00,1.35283,1.35283,1.35261,1.35263,0.0
2026-09-12 13:25:00,1.35267,1.35273,1.35267,1.35272,0.0
2026-09-12 13:26:00,1.35267,1.35282,1.35267,1.3528,0.0
2026-09-12 13:27:00,1.35275,1.3528,1.35275,1.3528,0.0
2026-09-12 13:28:00,1.35278,1.35282,1.35277,1.35281,0.0
2026-09-12 13:29:00,1.35277,1.35282,1.35277,1.35281,0.0
2026-09-12 13:30:00,1.35279,1.35281,1.35278,1.35281,0.0
2026-09-12 13:31:00,1.35279,1.35284,1.35278,1.35278,0.0
2026-09-12 13:32:00,1.35279,1.35282,1.35277,1.35282,0.0
2026-09-12 13:33:00,1.35279,1.35285,1.35278,1.35278,0.0
2026-09-12 13:34:00,1.35279,1.35282,1.35277,1.35282,0.0
2026-09-12 13:35:00,1.35279,1.35284,1.35279,1.35279,0.0
2026-09-12 13:36:00,1.35279,1.35281,1.35278,1.35281,0.0
2026-09-12 13:37:00,1.35279,1.35282,1.35279,1.35281,0.0
2026-09-12 13:38:00,1.35279,1.35281,1.35278,1.35279,0.0
2026-09-12 13:39:00,1.35278,1.35282,1.35278,1.35282,0.0
2026-09-12 13:40:00,1.3528,1.35284,1.35279,1.35279,0.0
2026-09-12 13:41:00,1.3528,1.35283,1.35278,1.35283,0.0
2026-09-12 13:42:00,1.3528,1.35285,1.35278,1.35278,0.0
2026-09-12 13:43:00,1.35279,1.35282,1.35277,1.35282,0.0
2026-09-12 13:44:00,1.35279,1.35285,1.35278,1.35278,0.0
2026-09-12 13:45:00,1.35279,1.35282,1.35277,1.35282,0.0
2026-09-12 13:46:00,1.35279,1.35286,1.35277,1.35277,0.0
2026-09-12 13:47:00,1.35279,1.35282,1.35279,1.35282,0.0
2026-09-12 13:48:00,1.35281,1.35282,1.3528,1.35281,0.0
2026-09-12 13:49:00,1.3528,1.35282,1.3528,1.3528,0.0
2026-09-12 13:50:00,1.3528,1.35281,1.35278,1.35281,0.0
2026-09-12 13:51:00,1.35279,1.35284,1.35279,1.35279,0.0
2026-09-12 13:52:00,1.35279,1.35282,1.35278,1.35282,0.0
2026-09-12 13:53:00,1.35279,1.35285,1.35278,1.35278,0.0
2026-09-12 13:54:00,1.35279,1.35282,1.35277,1.35282,0.0
2026-09-12 13:55:00,1.35279,1.35285,1.35279,1.35279,0.0
2026-09-12 13:56:00,1.35279,1.35281,1.35278,1.35281,0.0
2026-09-12 13:57:00,1.35279,1.35283,1.35279,1.35282,0.0
2026-09-12 13:58:00,1.35279,1.3528,1.35279,1.3528,0.0
2026-09-12 13:59:00,1.35279,1.35281,1.35279,1.35281,0.0
2026-09-12 14:00:00,1.35279,1.35284,1.35279,1.35279,0.0
2026-09-12 14:01:00,1.35279,1.35283,1.35279,1.35283,0.0
2026-09-12 14:02:00,1.3528,1.35286,1.35278,1.35278,0.0
2026-09-12 14:03:00,1.3528,1.35283,1.35278,1.35283,0.0
2026-09-12 14:04:00,1.3528,1.35287,1.35279,1.35279,0.0
2026-09-12 14:05:00,1.3528,1.35283,1.35278,1.35283,0.0
2026-09-12 14:06:00,1.35281,1.35285,1.35279,1.35279,0.0
2026-09-12 14:07:00,1.35279,1.35281,1.35279,1.35281,0.0
2026-09-12 14:08:00,1.35279,1.35283,1.35278,1.35282,0.0
2026-09-12 14:09:00,1.35279,1.35281,1.35279,1.35281,0.0
2026-09-12 14:10:00,1.3528,1.35281,1.35278,1.35281,0.0
2026-09-12 14:11:00,1.35279,1.35287,1.35279,1.35285,0.0
2026-09-12 14:12:00,1.35281,1.35285,1.35279,1.35285,0.0
2026-09-12 14:13:00,1.35282,1.35286,1.3528,1.3528,0.0
2026-09-12 14:14:00,1.3528,1.35283,1.35278,1.35283,0.0
2026-09-12 14:15:00,1.35279,1.35286,1.35279,1.35284,0.0
2026-09-12 14:16:00,1.3528,1.35283,1.3528,1.35283,0.0
2026-09-12 14:17:00,1.3528,1.35284,1.3528,1.35283,0.0
2026-09-12 14:18:00,1.35281,1.35281,1.3528,1.35281,0.0
2026-09-12 14:19:00,1.3528,1.35282,1.3528,1.35282,0.0
2026-09-12 14:20:00,1.35281,1.35284,1.35279,1.35279,0.0
2026-09-12 14:21:00,1.3528,1.35283,1.35279,1.35283,0.0
2026-09-12 14:22:00,1.35281,1.35286,1.35279,1.35279,0.0
2026-09-12 14:23:00,1.3528,1.35292,1.35267,1.35289,0.0
2026-09-12 14:24:00,1.35283,1.35283,1.35262,1.35264,0.0
2026-09-12 14:25:00,1.3527,1.35278,1.3527,1.35278,0.0
2026-09-12 14:26:00,1.35275,1.35285,1.35275,1.35283,0.0
2026-09-12 14:27:00,1.35278,1.35281,1.35278,1.35281,0.0
2026-09-12 14:28:00,1.3528,1.35282,1.35278,1.3528,0.0
2026-09-12 14:29:00,1.35279,1.3528,1.35276,1.35279,0.0
2026-09-12 14:30:00,1.35279,1.35279,1.35272,1.35273,0.0
2026-09-12 14:31:00,1.35274,1.35282,1.35274,1.35281,0.0
2026-09-12 14:32:00,1.35278,1.35281,1.35278,1.35281,0.0
2026-09-12 14:33:00,1.35278,1.35284,1.35278,1.35278,0.0
2026-09-12 14:34:00,1.35279,1.35281,1.35277,1.35281,0.0
2026-09-12 14:35:00,1.35278,1.35285,1.35278,1.35278,0.0
2026-09-12 14:36:00,1.35279,1.35281,1.35279,1.35281,0.0
2026-09-12 14:37:00,1.35279,1.35284,1.35279,1.35283,0.0
2026-09-12 14:38:00,1.35281,1.35281,1.35279,1.35281,0.0
2026-09-12 14:39:00,1.3528,1.35281,1.35278,1.3528,0.0
2026-09-12 14:40:00,1.35279,1.35282,1.35279,1.35279,0.0
2026-09-12 14:41:00,1.35279,1.35282,1.35279,1.35282,0.0
2026-09-12 14:42:00,1.35279,1.35284,1.35278,1.35278,0.0
2026-09-12 14:43:00,1.35279,1.35282,1.35277,1.35282,0.0
2026-09-12 14:44:00,1.35279,1.35285,1.35278,1.35278,0.0
2026-09-12 14:45:00,1.35279,1.35282,1.35277,1.35282,0.0
2026-09-12 14:46:00,1.35279,1.35285,1.35278,1.35278,0.0
2026-09-12 14:47:00,1.35279,1.35281,1.35278,1.35281,0.0
2026-09-12 14:48:00,1.35279,1.35283,1.35279,1.35282,0.0
2026-09-12 14:49:00,1.35279,1.3528,1.35279,1.3528,0.0
2026-09-12 14:50:00,1.35279,1.3528,1.35278,1.3528,0.0
2026-09-12 14:51:00,1.35278,1.35283,1.35278,1.35282,0.0
2026-09-12 14:52:00,1.35279,1.35282,1.35278,1.35282,0.0
2026-09-12 14:53:00,1.35279,1.35285,1.35278,1.35278,0.0
2026-09-12 14:54:00,1.35279,1.35282,1.35277,1.35282,0.0
2026-09-12 14:55:00,1.35279,1.35285,1.35279,1.35279,0.0
2026-09-12 14:56:00,1.35279,1.35282,1.35278,1.35282,0.0
2026-09-12 14:57:00,1.35279,1.35284,1.35279,1.35283,0.0
2026-09-12 14:58:00,1.35279,1.35281,1.35279,1.35281,0.0
2026-09-12 14:59:00,1.35279,1.35282,1.35279,1.35281,0.0
2026-09-12 15:00:00,1.35279,1.35279,1.35279,1.35279,0.0
2026-09-12 15:01:00,1.35279,1.35281,1.35276,1.35279,0.0
2026-09-12 15:02:00,1.35276,1.35284,1.35276,1.35283,0.0
2026-09-12 15:03:00,1.3528,1.35282,1.35278,1.35282,0.0
2026-09-12 15:04:00,1.35279,1.35285,1.35278,1.35278,0.0
2026-09-12 15:05:00,1.35279,1.35282,1.35277,1.35282,0.0
2026-09-12 15:06:00,1.35279,1.35285,1.35279,1.35279,0.0
2026-09-12 15:07:00,1.35279,1.35282,1.35278,1.35282,0.0
2026-09-12 15:08:00,1.3528,1.3528,1.35273,1.35275,0.0
2026-09-12 15:09:00,1.35278,1.35278,1.35265,1.35266,0.0
2026-09-12 15:10:00,1.35269,1.35276,1.35269,1.35274,0.0
2026-09-12 15:11:00,1.35268,1.35279,1.35268,1.35277,0.0
2026-09-12 15:12:00,1.35274,1.35278,1.35274,1.35278,0.0
2026-09-12 15:13:00,1.35275,1.35283,1.35275,1.35281,0.0
2026-09-12 15:14:00,1.35277,1.3528,1.35276,1.3528,0.0
2026-09-12 15:15:00,1.35277,1.35284,1.35277,1.35277,0.0
2026-09-12 15:16:00,1.35278,1.35281,1.35277,1.35281,0.0
2026-09-12 15:17:00,1.35278,1.35284,1.35278,1.35282,0.0
2026-09-12 15:18:00,1.35279,1.3528,1.35279,1.3528,0.0
2026-09-12 15:19:00,1.35279,1.35282,1.35279,1.35281,0.0
2026-09-12 15:20:00,1.35279,1.35281,1.35279,1.35281,0.0
2026-09-12 15:21:00,1.35279,1.35281,1.35279,1.35281,0.0
2026-09-12 15:22:00,1.35279,1.35284,1.35278,1.35278,0.0
2026-09-12 15:23:00,1.35279,1.35282,1.35278,1.35282,0.0
2026-09-12 15:24:00,1.35279,1.35285,1.35278,1.35278,0.0
2026-09-12 15:25:00,1.35279,1.35282,1.35277,1.35282,0.0
2026-09-12 15:26:00,1.35279,1.35287,1.35278,1.35279,0.0
2026-09-12 15:27:00,1.3528,1.35283,1.35278,1.35283,0.0
2026-09-12 15:28:00,1.35281,1.35284,1.3528,1.3528,0.0
2026-09-12 15:29:00,1.3528,1.35281,1.3528,1.35281,0.0
2026-09-12 15:30:00,1.3528,1.35282,1.3528,1.35282,0.0
2026-09-12 15:31:00,1.3528,1.35283,1.35279,1.35279,0.0
2026-09-12 15:32:00,1.3528,1.35282,1.35279,1.35282,0.0
2026-09-12 15:33:00,1.3528,1.35285,1.35279,1.35279,0.0
2026-09-12 15:34:00,1.3528,1.35283,1.35278,1.35283,0.0
2026-09-12 15:35:00,1.3528,1.35286,1.35279,1.35279,0.0
2026-09-12 15:36:00,1.3528,1.35282,1.35278,1.35282,0.0
2026-09-12 15:37:00,1.3528,1.35285,1.35279,1.35279,0.0
2026-09-12 15:38:00,1.3528,1.35281,1.35279,1.35281,0.0
2026-09-12 15:39:00,1.3528,1.35283,1.3528,1.3528,0.0
2026-09-12 15:40:00,1.3528,1.35281,1.3528,1.3528,0.0
2026-09-12 15:41:00,1.3528,1.35282,1.3528,1.35282,0.0
2026-09-12 15:42:00,1.3528,1.35284,1.35279,1.35279,0.0
2026-09-12 15:43:00,1.3528,1.35282,1.35278,1.35282,0.0
2026-09-12 15:44:00,1.3528,1.35285,1.35279,1.35279,0.0
2026-09-12 15:45:00,1.35279,1.35282,1.35277,1.35282,0.0
2026-09-12 15:46:00,1.35279,1.35285,1.35278,1.35278,0.0
2026-09-12 15:47:00,1.35279,1.35282,1.35277,1.35282,0.0
2026-09-12 15:48:00,1.35279,1.35284,1.35278,1.35279,0.0
2026-09-12 15:49:00,1.35279,1.3528,1.35279,1.3528,0.0
2026-09-12 15:50:00,1.35279,1.35282,1.35279,1.35282,0.0
2026-09-12 15:51:00,1.35279,1.35284,1.35279,1.35279,0.0
2026-09-12 15:52:00,1.3528,1.35284,1.3528,1.35284,0.0
2026-09-12 15:53:00,1.35282,1.35285,1.35279,1.35279,0.0
2026-09-12 15:54:00,1.3528,1.35283,1.35277,1.35283,0.0
2026-09-12 15:55:00,1.3528,1.35285,1.35278,1.35278,0.0
2026-09-12 15:56:00,1.35279,1.35282,1.35277,1.35282,0.0
2026-09-12 15:57:00,1.35279,1.35285,1.35279,1.35279,0.0
2026-09-12 15:58:00,1.35279,1.35281,1.35279,1.35281,0.0
2026-09-12 15:59:00,1.35279,1.35283,1.35279,1.35282,0.0
2026-09-12 16:00:00,1.35279,1.35281,1.35279,1.35281,0.0
2026-09-12 16:01:00,1.35279,1.35281,1.35279,1.35281,0.0
2026-09-12 16:02:00,1.35279,1.35284,1.35279,1.35279,0.0
2026-09-12 16:03:00,1.3528,1.35283,1.35279,1.35283,0.0
2026-09-12 16:04:00,1.3528,1.35285,1.35279,1.35279,0.0
2026-09-12 16:05:00,1.3528,1.35283,1.35278,1.35283,0.0
2026-09-12 16:06:00,1.3528,1.35286,1.35279,1.35279,0.0
2026-09-12 16:07:00,1.3528,1.35282,1.35278,1.35282,0.0
2026-09-12 16:08:00,1.3528,1.35285,1.35279,1.3528,0.0
2026-09-12 16:09:00,1.3528,1.35281,1.3528,1.35281,0.0
2026-09-12 16:10:00,1.3528,1.35283,1.3528,1.35282,0.0
2026-09-12 16:11:00,1.3528,1.35282,1.3528,1.3528,0.0
2026-09-12 16:12:00,1.3528,1.35282,1.35279,1.35282,0.0
2026-09-12 16:13:00,1.3528,1.35284,1.35278,1.35278,0.0
2026-09-12 16:14:00,1.35279,1.35283,1.35278,1.35283,0.0
2026-09-12 16:15:00,1.3528,1.35286,1.35279,1.35279,0.0
2026-09-12 16:16:00,1.3528,1.35283,1.35278,1.35283,0.0
2026-09-12 16:17:00,1.3528,1.35287,1.35278,1.35278,0.0
2026-09-12 16:18:00,1.3528,1.35283,1.35279,1.35283,0.0
2026-09-12 16:19:00,1.35281,1.35284,1.3528,1.35281,0.0
2026-09-12 16:20:00,1.3528,1.35281,1.3528,1.35281,0.0
2026-09-12 16:21:00,1.3528,1.35281,1.3528,1.35281,0.0
2026-09-12 16:22:00,1.3528,1.35284,1.35279,1.35279,0.0
2026-09-12 16:23:00,1.3528,1.35283,1.35279,1.35283,0.0
2026-09-12 16:24:00,1.3528,1.35285,1.35279,1.35279,0.0
2026-09-12 16:25:00,1.3528,1.35282,1.35278,1.35282,0.0
2026-09-12 16:26:00,1.35279,1.35286,1.35279,1.35279,0.0
2026-09-12 16:27:00,1.3528,1.35282,1.35278,1.35282,0.0
2026-09-12 16:28:00,1.3528,1.35285,1.3528,1.3528,0.0
2026-09-12 16:29:00,1.3528,1.35281,1.35279,1.35281,0.0
2026-09-12 16:30:00,1.3528,1.35282,1.3528,1.35282,0.0
2026-09-12 16:31:00,1.3528,1.35282,1.35279,1.35279,0.0
2026-09-12 16:32:00,1.35279,1.35282,1.35279,1.35282,0.0
2026-09-12 16:33:00,1.3528,1.35284,1.35279,1.35279,0.0
2026-09-12 16:34:00,1.3528,1.35283,1.35278,1.35283,0.0
2026-09-12 16:35:00,1.3528,1.35286,1.35279,1.35279,0.0
2026-09-12 16:36:00,1.3528,1.35283,1.35278,1.35283,0.0
2026-09-12 16:37:00,1.3528,1.35285,1.35279,1.35279,0.0
2026-09-12 16:38:00,1.3528,1.35282,1.35279,1.35282,0.0
2026-09-12 16:39:00,1.3528,1.35284,1.3528,1.3528,0.0
2026-09-12 16:40:00,1.3528,1.35281,1.35277,1.35281,0.0
2026-09-12 16:41:00,1.3528,1.3528,1.35276,1.35277,0.0
2026-09-12 16:42:00,1.35276,1.35284,1.35276,1.35282,0.0
2026-09-12 16:43:00,1.35279,1.35284,1.35279,1.35284,0.0
2026-09-12 16:44:00,1.35281,1.35285,1.35279,1.35279,0.0
2026-09-12 16:45:00,1.3528,1.35283,1.35278,1.35283,0.0
2026-09-12 16:46:00,1.3528,1.35286,1.35279,1.35279,0.0
2026-09-12 16:47:00,1.3528,1.35282,1.35278,1.35282,0.0
2026-09-12 16:48:00,1.3528,1.35285,1.3528,1.3528,0.0
2026-09-12 16:49:00,1.3528,1.35281,1.35279,1.35281,0.0
2026-09-12 16:50:00,1.3528,1.35283,1.3528,1.35282,0.0
2026-09-12 16:51:00,1.3528,1.35281,1.3528,1.3528,0.0
2026-09-12 16:52:00,1.3528,1.35282,1.3528,1.35282,0.0
2026-09-12 16:53:00,1.3528,1.35284,1.35279,1.35279,0.0
2026-09-12 16:54:00,1.3528,1.35283,1.35279,1.35283,0.0
2026-09-12 16:55:00,1.3528,1.35286,1.35279,1.35279,0.0
2026-09-12 16:56:00,1.3528,1.35283,1.35278,1.35283,0.0
2026-09-12 16:57:00,1.3528,1.35286,1.35279,1.35279,0.0
2026-09-12 16:58:00,1.3528,1.35283,1.35279,1.35283,0.0
2026-09-12 16:59:00,1.3528,1.35285,1.3528,1.3528,0.0
2026-09-12 17:00:00,1.3528,1.35281,1.3528,1.35281,0.0
2026-09-12 17:01:00,1.3528,1.35282,1.3528,1.35282,0.0
2026-09-12 17:02:00,1.3528,1.35282,1.3528,1.3528,0.0
2026-09-12 17:03:00,1.3528,1.35282,1.35278,1.35282,0.0
2026-09-12 17:04:00,1.35279,1.35284,1.35278,1.35278,0.0
2026-09-12 17:05:00,1.35279,1.35281,1.35277,1.35281,0.0
2026-09-12 17:06:00,1.35278,1.35285,1.35277,1.35277,0.0
2026-09-12 17:07:00,1.35278,1.35282,1.35278,1.35282,0.0
2026-09-12 17:08:00,1.35279,1.35286,1.35279,1.35284,0.0
2026-09-12 17:09:00,1.35281,1.35282,1.35279,1.35282,0.0
2026-09-12 17:10:00,1.35281,1.35283,1.3528,1.35281,0.0
2026-09-12 17:11:00,1.3528,1.35281,1.3528,1.3528,0.0
2026-09-12 17:12:00,1.3528,1.35282,1.3528,1.35282,0.0
2026-09-12 17:13:00,1.3528,1.35284,1.35279,1.35279,0.0
2026-09-12 17:14:00,1.3528,1.35283,1.35279,1.35283,0.0
2026-09-12 17:15:00,1.3528,1.35286,1.35279,1.35279,0.0
2026-09-12 17:16:00,1.3528,1.35283,1.35278,1.35283,0.0
2026-09-12 17:17:00,1.3528,1.35286,1.35279,1.35279,0.0
2026-09-12 17:18:00,1.3528,1.35282,1.35278,1.35282,0.0
2026-09-12 17:19:00,1.3528,1.35285,1.3528,1.3528,0.0
2026-09-12 17:20:00,1.3528,1.35281,1.35279,1.35281,0.0
2026-09-12 17:21:00,1.3528,1.35282,1.35279,1.3528,0.0
2026-09-12 17:22:00,1.35279,1.35282,1.35279,1.35281,0.0
2026-09-12 17:23:00,1.3528,1.35282,1.3528,1.35282,0.0
2026-09-12 17:24:00,1.3528,1.35284,1.35279,1.35279,0.0
2026-09-12 17:25:00,1.35279,1.35282,1.35277,1.35282,0.0
2026-09-12 17:26:00,1.35279,1.35285,1.35278,1.35278,0.0
2026-09-12 17:27:00,1.35279,1.35282,1.35278,1.35282,0.0
2026-09-12 17:28:00,1.35279,1.35285,1.35279,1.35279,0.0
2026-09-12 17:29:00,1.3528,1.35282,1.35279,1.35282,0.0
2026-09-12 17:30:00,1.3528,1.35283,1.3528,1.3528,0.0
2026-09-12 17:31:00,1.3528,1.35281,1.35279,1.3528,0.0
2026-09-12 17:32:00,1.35279,1.35281,1.35279,1.35281,0.0
2026-09-12 17:33:00,1.3528,1.35283,1.35279,1.35279,0.0
2026-09-12 17:34:00,1.3528,1.35283,1.35279,1.35283,0.0
2026-09-12 17:35:00,1.3528,1.35284,1.35279,1.35279,0.0
2026-09-12 17:36:00,1.3528,1.35282,1.35278,1.35282,0.0
2026-09-12 17:37:00,1.35279,1.35286,1.35279,1.35279,0.0
2026-09-12 17:38:00,1.35279,1.35282,1.35278,1.35282,0.0
2026-09-12 17:39:00,1.3528,1.35285,1.3528,1.3528,0.0
2026-09-12 17:40:00,1.3528,1.35281,1.35279,1.35281,0.0
2026-09-12 17:41:00,1.3528,1.35282,1.35279,1.3528,0.0
2026-09-12 17:42:00,1.35279,1.35282,1.35279,1.35281,0.0
2026-09-12 17:43:00,1.35279,1.35282,1.35279,1.35282,0.0
2026-09-12 17:44:00,1.3528,1.35284,1.35279,1.35279,0.0
2026-09-12 17:45:00,1.3528,1.35283,1.35278,1.35283,0.0
2026-09-12 17:46:00,1.3528,1.35286,1.35278,1.35278,0.0
2026-09-12 17:47:00,1.35279,1.35283,1.35278,1.35283,0.0
2026-09-12 17:48:00,1.3528,1.35286,1.35279,1.35279,0.0
2026-09-12 17:49:00,1.3528,1.35282,1.35279,1.35282,0.0
2026-09-12 17:50:00,1.3528,1.35284,1.3528,1.3528,0.0
2026-09-12 17:51:00,1.3528,1.35281,1.35279,1.3528,0.0
2026-09-12 17:52:00,1.35279,1.35282,1.35279,1.35282,0.0
2026-09-12 17:53:00,1.3528,1.35283,1.3528,1.3528,0.0
2026-09-12 17:54:00,1.3528,1.35282,1.35279,1.35282,0.0
2026-09-12 17:55:00,1.3528,1.35284,1.35278,1.35278,0.0
2026-09-12 17:56:00,1.35279,1.35281,1.35277,1.35281,0.0
2026-09-12 17:57:00,1.35278,1.35286,1.35278,1.35278,0.0
2026-09-12 17:58:00,1.35279,1.35282,1.35278,1.35282,0.0
2026-09-12 17:59:00,1.35279,1.35285,1.35279,1.35279,0.0
2026-09-12 18:00:00,1.3528,1.35281,1.35279,1.35281,0.0
2026-09-12 18:01:00,1.3528,1.35283,1.3528,1.35282,0.0
2026-09-12 18:02:00,1.3528,1.35282,1.3528,1.3528,0.0
2026-09-12 18:03:00,1.3528,1.35282,1.3528,1.35282,0.0
2026-09-12 18:04:00,1.3528,1.35283,1.35279,1.35279,0.0
2026-09-12 18:05:00,1.35279,1.35282,1.35277,1.35282,0.0
2026-09-12 18:06:00,1.35279,1.35284,1.35277,1.35277,0.0
2026-09-12 18:07:00,1.35278,1.35281,1.35276,1.35281,0.0
2026-09-12 18:08:00,1.35278,1.35284,1.35277,1.35277,0.0
2026-09-12 18:09:00,1.35278,1.35281,1.35277,1.35281,0.0
2026-09-12 18:10:00,1.35278,1.35283,1.35278,1.35278,0.0
2026-09-12 18:11:00,1.35278,1.3528,1.35278,1.3528,0.0
2026-09-12 18:12:00,1.35278,1.35281,1.35278,1.35281,0.0
2026-09-12 18:13:00,1.35278,1.35281,1.35278,1.35278,0.0
2026-09-12 18:14:00,1.35278,1.35281,1.35278,1.35281,0.0
2026-09-12 18:15:00,1.35278,1.35283,1.35278,1.35278,0.0
2026-09-12 18:16:00,1.35278,1.35281,1.35277,1.35281,0.0
2026-09-12 18:17:00,1.35278,1.35284,1.35277,1.35277,0.0
2026-09-12 18:18:00,1.35278,1.35281,1.35276,1.35281,0.0
2026-09-12 18:19:00,1.35278,1.35284,1.35278,1.35278,0.0
2026-09-12 18:20:00,1.35278,1.3528,1.35278,1.3528,0.0
2026-09-12 18:21:00,1.35278,1.35283,1.35278,1.35282,0.0
2026-09-12 18:22:00,1.3528,1.35281,1.35279,1.3528,0.0
2026-09-12 18:23:00,1.35279,1.35282,1.35279,1.35282,0.0
2026-09-12 18:24:00,1.3528,1.35283,1.35279,1.35279,0.0
2026-09-12 18:25:00,1.35279,1.35282,1.35278,1.35282,0.0
2026-09-12 18:26:00,1.35279,1.35284,1.35277,1.35277,0.0
2026-09-12 18:27:00,1.35278,1.35281,1.35278,1.35281,0.0
2026-09-12 18:28:00,1.35278,1.35285,1.35278,1.35283,0.0
2026-09-12 18:29:00,1.3528,1.35282,1.35277,1.35282,0.0
2026-09-12 18:30:00,1.35279,1.35284,1.35278,1.35279,0.0
2026-09-12 18:31:00,1.35279,1.3528,1.35278,1.3528,0.0
2026-09-12 18:32:00,1.35279,1.35281,1.35278,1.35281,0.0
2026-09-12 18:33:00,1.35278,1.35281,1.35278,1.3528,0.0
2026-09-12 18:34:00,1.35278,1.3528,1.35278,1.3528,0.0
2026-09-12 18:35:00,1.35278,1.35283,1.35278,1.35278,0.0
2026-09-12 18:36:00,1.35278,1.35281,1.35278,1.35281,0.0
2026-09-12 18:37:00,1.35278,1.35285,1.35278,1.35278,0.0
2026-09-12 18:38:00,1.35279,1.35282,1.35277,1.35282,0.0
2026-09-12 18:39:00,1.35279,1.35284,1.35279,1.35279,0.0
2026-09-12 18:40:00,1.35279,1.35281,1.35278,1.35281,0.0
2026-09-12 18:41:00,1.35278,1.35283,1.35278,1.35282,0.0
2026-09-12 18:42:00,1.3528,1.35281,1.35279,1.3528,0.0
2026-09-12 18:43:00,1.35279,1.35281,1.35279,1.35281,0.0
2026-09-12 18:44:00,1.35279,1.35283,1.35278,1.35279,0.0
2026-09-12 18:45:00,1.35279,1.35282,1.35278,1.35282,0.0
2026-09-12 18:46:00,1.35279,1.35285,1.35278,1.35278,0.0
2026-09-12 18:47:00,1.35279,1.35282,1.35277,1.35282,0.0
2026-09-12 18:48:00,1.35279,1.35285,1.35278,1.35278,0.0
2026-09-12 18:49:00,1.35279,1.35282,1.35277,1.35282,0.0
2026-09-12 18:50:00,1.35279,1.35284,1.35278,1.35279,0.0
2026-09-12 18:51:00,1.35279,1.35281,1.35278,1.35281,0.0
2026-09-12 18:52:00,1.35279,1.35282,1.35278,1.35281,0.0
2026-09-12 18:53:00,1.35279,1.35281,1.35279,1.35279,0.0
2026-09-12 18:54:00,1.35279,1.35281,1.35278,1.35281,0.0
2026-09-12 18:55:00,1.35279,1.35283,1.35279,1.35279,0.0
2026-09-12 18:56:00,1.35279,1.35281,1.35278,1.35281,0.0
2026-09-12 18:57:00,1.35278,1.35285,1.35278,1.35278,0.0
2026-09-12 18:58:00,1.35279,1.35282,1.35278,1.35282,0.0
2026-09-12 18:59:00,1.35279,1.35288,1.35278,1.35285,0.0
2026-09-12 19:00:00,1.35281,1.35285,1.3528,1.35285,0.0
2026-09-12 19:01:00,1.35283,1.35284,1.3528,1.3528,0.0
2026-09-12 19:02:00,1.35281,1.35281,1.3528,1.35281,0.0
2026-09-12 19:03:00,1.3528,1.35283,1.3528,1.35282,0.0
2026-09-12 19:04:00,1.3528,1.35284,1.3528,1.35283,0.0
2026-09-12 19:05:00,1.35281,1.35283,1.35279,1.35283,0.0
2026-09-12 19:06:00,1.3528,1.35285,1.35279,1.35279,0.0
2026-09-12 19:07:00,1.35279,1.35283,1.35277,1.35283,0.0
2026-09-12 19:08:00,1.3528,1.35285,1.35278,1.35278,0.0
2026-09-12 19:09:00,1.35279,1.35282,1.35277,1.35282,0.0
2026-09-12 19:10:00,1.35279,1.35286,1.35277,1.35279,0.0
2026-09-12 19:11:00,1.35279,1.35282,1.35279,1.35282,0.0
2026-09-12 19:12:00,1.3528,1.35285,1.3528,1.35284,0.0
2026-09-12 19:13:00,1.3528,1.35283,1.3528,1.35283,0.0
2026-09-12 19:14:00,1.35281,1.35283,1.35281,1.35283,0.0
2026-09-12 19:15:00,1.35281,1.35284,1.3528,1.3528,0.0
2026-09-12 19:16:00,1.35281,1.35283,1.3528,1.35283,0.0
2026-09-12 19:17:00,1.35279,1.35287,1.35279,1.35285,0.0
2026-09-12 19:18:00,1.35282,1.35285,1.35278,1.35285,0.0
2026-09-12 19:19:00,1.35282,1.35286,1.3528,1.3528,0.0
2026-09-12 19:20:00,1.3528,1.35283,1.3528,1.35283,0.0
2026-09-12 19:21:00,1.3528,1.35285,1.3528,1.35284,0.0
2026-09-12 19:22:00,1.35281,1.35281,1.3528,1.35281,0.0
2026-09-12 19:23:00,1.3528,1.35282,1.35268,1.35282,0.0
2026-09-12 19:24:00,1.35281,1.35281,1.35259,1.35261,0.0
2026-09-12 19:25:00,1.35266,1.35276,1.35266,1.35273,0.0
2026-09-12 19:26:00,1.35264,1.35284,1.35264,1.35281,0.0
2026-09-12 19:27:00,1.35277,1.35282,1.35277,1.35282,0.0
2026-09-12 19:28:00,1.35279,1.35286,1.35277,1.35277,0.0
2026-09-12 19:29:00,1.35279,1.35283,1.35279,1.35283,0.0
2026-09-12 19:30:00,1.35279,1.35286,1.35279,1.35284,0.0
2026-09-12 19:31:00,1.35281,1.35282,1.3528,1.35282,0.0
2026-09-12 19:32:00,1.3528,1.35284,1.3528,1.35283,0.0
2026-09-12 19:33:00,1.3528,1.35282,1.3528,1.35282,0.0
2026-09-12 19:34:00,1.35281,1.35283,1.35281,1.35283,0.0
2026-09-12 19:35:00,1.35281,1.35286,1.3528,1.35281,0.0
2026-09-12 19:36:00,1.35281,1.35285,1.35281,1.35285,0.0
2026-09-12 19:37:00,1.35282,1.35287,1.35282,1.35282,0.0
2026-09-12 19:38:00,1.35282,1.35284,1.35278,1.35284,0.0
2026-09-12 19:39:00,1.35281,1.35286,1.35279,1.35279,0.0
2026-09-12 19:40:00,1.3528,1.35283,1.35279,1.35283,0.0
2026-09-12 19:41:00,1.3528,1.35286,1.3528,1.35284,0.0
2026-09-12 19:42:00,1.35281,1.35282,1.35281,1.35282,0.0
2026-09-12 19:43:00,1.35281,1.35284,1.35281,1.35283,0.0
2026-09-12 19:44:00,1.35281,1.35283,1.35281,1.35281,0.0
2026-09-12 19:45:00,1.35281,1.35283,1.3528,1.35283,0.0
2026-09-12 19:46:00,1.3528,1.35285,1.35279,1.35279,0.0
2026-09-12 19:47:00,1.3528,1.35283,1.35279,1.35283,0.0
2026-09-12 19:48:00,1.3528,1.35287,1.35279,1.35279,0.0
2026-09-12 19:49:00,1.3528,1.35284,1.35279,1.35284,0.0
2026-09-12 19:50:00,1.35281,1.35287,1.3528,1.3528,0.0
2026-09-12 19:51:00,1.35281,1.35283,1.3528,1.35283,0.0
2026-09-12 19:52:00,1.35281,1.35285,1.35281,1.35284,0.0
2026-09-12 19:53:00,1.35281,1.35283,1.35281,1.35283,0.0
2026-09-12 19:54:00,1.35281,1.35284,1.35281,1.35284,0.0
2026-09-12 19:55:00,1.35282,1.35286,1.35282,1.35282,0.0
2026-09-12 19:56:00,1.35283,1.35285,1.35281,1.35285,0.0
2026-09-12 19:57:00,1.35283,1.35289,1.35281,1.35281,0.0
2026-09-12 19:58:00,1.35282,1.35286,1.3528,1.35286,0.0
2026-09-12 19:59:00,1.35283,1.35288,1.35281,1.35281,0.0
2026-09-12 20:00:00,1.35282,1.35285,1.35281,1.35285,0.0
2026-09-12 20:01:00,1.35282,1.35288,1.35282,1.35286,0.0
2026-09-12 20:02:00,1.35283,1.35284,1.35281,1.35284,0.0
2026-09-12 20:03:00,1.35283,1.35283,1.35281,1.35281,0.0
2026-09-12 20:04:00,1.35281,1.35282,1.3528,1.35281,0.0
2026-09-12 20:05:00,1.3528,1.35282,1.3528,1.35282,0.0
2026-09-12 20:06:00,1.3528,1.35285,1.35279,1.35279,0.0
2026-09-12 20:07:00,1.3528,1.35284,1.35279,1.35284,0.0
2026-09-12 20:08:00,1.35281,1.35287,1.3528,1.3528,0.0
2026-09-12 20:09:00,1.35281,1.35284,1.35279,1.35284,0.0
2026-09-12 20:10:00,1.35281,1.35287,1.3528,1.3528,0.0
2026-09-12 20:11:00,1.35281,1.35283,1.3528,1.35283,0.0
2026-09-12 20:12:00,1.35281,1.35286,1.35281,1.35285,0.0
2026-09-12 20:13:00,1.35281,1.35282,1.35281,1.35282,0.0
2026-09-12 20:14:00,1.35281,1.35283,1.35281,1.35283,0.0
2026-09-12 20:15:00,1.35281,1.35285,1.35281,1.35281,0.0
2026-09-12 20:16:00,1.35281,1.35284,1.35281,1.35284,0.0
2026-09-12 20:17:00,1.35281,1.35287,1.3528,1.3528,0.0
2026-09-12 20:18:00,1.35281,1.35284,1.3528,1.35284,0.0
2026-09-12 20:19:00,1.35281,1.35287,1.3528,1.3528,0.0
2026-09-12 20:20:00,1.35281,1.35284,1.3528,1.35284,0.0
2026-09-12 20:21:00,1.35281,1.35287,1.35281,1.35281,0.0
2026-09-12 20:22:00,1.35281,1.35283,1.35281,1.35283,0.0
2026-09-12 20:23:00,1.35281,1.35285,1.35281,1.35284,0.0
2026-09-12 20:24:00,1.35281,1.35283,1.35281,1.35283,0.0
2026-09-12 20:25:00,1.35281,1.35284,1.35281,1.35284,0.0
2026-09-12 20:26:00,1.35281,1.35286,1.35281,1.35281,0.0
2026-09-12 20:27:00,1.35281,1.35285,1.35279,1.35285,0.0
2026-09-12 20:28:00,1.35282,1.35286,1.35279,1.35279,0.0
2026-09-12 20:29:00,1.3528,1.35283,1.35278,1.35283,0.0
2026-09-12 20:30:00,1.3528,1.35287,1.35279,1.35279,0.0
2026-09-12 20:31:00,1.3528,1.35283,1.35279,1.35283,0.0
2026-09-12 20:32:00,1.35281,1.35286,1.3528,1.35281,0.0
2026-09-12 20:33:00,1.35281,1.35282,1.35281,1.35282,0.0
2026-09-12 20:34:00,1.35281,1.35284,1.35281,1.35283,0.0
2026-09-12 20:35:00,1.35281,1.35284,1.35281,1.35281,0.0
2026-09-12 20:36:00,1.35281,1.35284,1.35281,1.35284,0.0
2026-09-12 20:37:00,1.35281,1.35286,1.3528,1.3528,0.0
2026-09-12 20:38:00,1.35281,1.35284,1.3528,1.35284,0.0
2026-09-12 20:39:00,1.35281,1.35287,1.3528,1.3528,0.0
2026-09-12 20:40:00,1.35281,1.35284,1.35279,1.35284,0.0
2026-09-12 20:41:00,1.35281,1.35287,1.35281,1.35281,0.0
2026-09-12 20:42:00,1.35281,1.35283,1.35281,1.35283,0.0
2026-09-12 20:43:00,1.35281,1.35285,1.35281,1.35284,0.0
2026-09-12 20:44:00,1.35281,1.35283,1.35281,1.35283,0.0
2026-09-12 20:45:00,1.35281,1.35283,1.35281,1.35283,0.0
2026-09-12 20:46:00,1.35281,1.35285,1.35281,1.35281,0.0
2026-09-12 20:47:00,1.35281,1.35284,1.35281,1.35284,0.0
2026-09-12 20:48:00,1.35281,1.35287,1.3528,1.3528,0.0
2026-09-12 20:49:00,1.35281,1.35284,1.35279,1.35284,0.0
2026-09-12 20:50:00,1.35281,1.35287,1.35281,1.35281,0.0
2026-09-12 20:51:00,1.35281,1.35284,1.3528,1.35284,0.0
2026-09-12 20:52:00,1.35281,1.35286,1.35281,1.35281,0.0
2026-09-12 20:53:00,1.35281,1.35283,1.35281,1.35283,0.0
2026-09-12 20:54:00,1.35281,1.35285,1.35281,1.35285,0.0
2026-09-12 20:55:00,1.35282,1.35285,1.35281,1.35282,0.0
2026-09-12 20:56:00,1.35282,1.35284,1.35282,1.35284,0.0
2026-09-12 20:57:00,1.35282,1.35286,1.35281,1.35281,0.0
2026-09-12 20:58:00,1.35282,1.35285,1.3528,1.35285,0.0
2026-09-12 20:59:00,1.35282,1.35288,1.35281,1.35281,0.0
2026-09-12 21:00:00,1.35282,1.35284,1.35279,1.35284,0.0
2026-09-12 21:01:00,1.35282,1.35286,1.35281,1.35281,0.0
2026-09-12 21:02:00,1.35281,1.35283,1.3528,1.35283,0.0
2026-09-12 21:03:00,1.35281,1.35285,1.35281,1.35284,0.0
2026-09-12 21:04:00,1.35281,1.35282,1.35281,1.35282,0.0
2026-09-12 21:05:00,1.35281,1.35283,1.35281,1.35283,0.0
2026-09-12 21:06:00,1.35281,1.35285,1.35281,1.35281,0.0
2026-09-12 21:07:00,1.35281,1.35284,1.35281,1.35284,0.0
2026-09-12 21:08:00,1.35281,1.35287,1.3528,1.3528,0.0
2026-09-12 21:09:00,1.35281,1.35284,1.35279,1.35284,0.0
2026-09-12 21:10:00,1.35281,1.35287,1.3528,1.3528,0.0
2026-09-12 21:11:00,1.35281,1.35284,1.3528,1.35284,0.0
2026-09-12 21:12:00,1.35281,1.35287,1.35281,1.35281,0.0
2026-09-12 21:13:00,1.35281,1.35283,1.35281,1.35283,0.0
2026-09-12 21:14:00,1.35281,1.35284,1.35281,1.35284,0.0
2026-09-12 21:15:00,1.35281,1.35284,1.35281,1.35283,0.0
2026-09-12 21:16:00,1.35281,1.35284,1.35281,1.35284,0.0
2026-09-12 21:17:00,1.35281,1.35286,1.35281,1.35281,0.0
2026-09-12 21:18:00,1.35281,1.35284,1.35281,1.35284,0.0
2026-09-12 21:19:00,1.35281,1.35288,1.35281,1.35281,0.0
2026-09-12 21:20:00,1.35282,1.35285,1.3528,1.35285,0.0
2026-09-12 21:21:00,1.35282,1.35288,1.35281,1.35281,0.0
2026-09-12 21:22:00,1.35282,1.35284,1.3528,1.35284,0.0
2026-09-12 21:23:00,1.35282,1.35286,1.35281,1.35282,0.0
2026-09-12 21:24:00,1.35282,1.35283,1.35282,1.35283,0.0
2026-09-12 21:25:00,1.35282,1.35284,1.35281,1.35284,0.0
2026-09-12 21:26:00,1.35282,1.35285,1.35281,1.35281,0.0
2026-09-12 21:27:00,1.35282,1.35284,1.35281,1.35284,0.0
2026-09-12 21:28:00,1.35281,1.35287,1.35281,1.35281,0.0
2026-09-12 21:29:00,1.35281,1.35284,1.3528,1.35284,0.0
2026-09-12 21:30:00,1.35281,1.35287,1.35281,1.35281,0.0
2026-09-12 21:31:00,1.35281,1.35284,1.3528,1.35284,0.0
2026-09-12 21:32:00,1.35281,1.35287,1.35281,1.35281,0.0
2026-09-12 21:33:00,1.35281,1.35283,1.35281,1.35283,0.0
2026-09-12 21:34:00,1.35281,1.35285,1.35281,1.35284,0.0
2026-09-12 21:35:00,1.35281,1.35283,1.35281,1.35283,0.0
2026-09-12 21:36:00,1.35281,1.35284,1.35281,1.35284,0.0
2026-09-12 21:37:00,1.35281,1.35286,1.35281,1.35281,0.0
2026-09-12 21:38:00,1.35281,1.35284,1.3528,1.35284,0.0
2026-09-12 21:39:00,1.35281,1.35287,1.3528,1.3528,0.0
2026-09-12 21:40:00,1.35281,1.35284,1.35279,1.35284,0.0
2026-09-12 21:41:00,1.35281,1.35289,1.3528,1.35281,0.0
2026-09-12 21:42:00,1.35282,1.35285,1.35281,1.35285,0.0
2026-09-12 21:43:00,1.35283,1.35286,1.35283,1.35283,0.0
2026-09-12 21:44:00,1.35283,1.35283,1.35281,1.35283,0.0
2026-09-12 21:45:00,1.35281,1.35284,1.35281,1.35284,0.0
2026-09-12 21:46:00,1.35281,1.35284,1.35281,1.35281,0.0
2026-09-12 21:47:00,1.35281,1.35284,1.35281,1.35284,0.0
2026-09-12 21:48:00,1.35281,1.35286,1.35281,1.35281,0.0
2026-09-12 21:49:00,1.35281,1.35284,1.3528,1.35284,0.0
2026-09-12 21:50:00,1.35281,1.35287,1.3528,1.3528,0.0
2026-09-12 21:51:00,1.35281,1.35284,1.35279,1.35284,0.0
2026-09-12 21:52:00,1.35281,1.35287,1.35281,1.35281,0.0
2026-09-12 21:53:00,1.35281,1.35283,1.35281,1.35283,0.0
2026-09-12 21:54:00,1.35281,1.35285,1.35281,1.35284,0.0
2026-09-12 21:55:00,1.35281,1.35283,1.35281,1.35283,0.0
2026-09-12 21:56:00,1.35281,1.35283,1.35281,1.35283,0.0
2026-09-12 21:57:00,1.35281,1.35285,1.35281,1.35281,0.0
2026-09-12 21:58:00,1.35281,1.35284,1.3528,1.35284,0.0
2026-09-12 21:59:00,1.35281,1.35287,1.3528,1.3528,0.0
2026-09-12 22:00:00,1.35281,1.35284,1.35279,1.35284,0.0
2026-09-12 22:01:00,1.35281,1.35287,1.35281,1.35281,0.0
2026-09-12 22:02:00,1.35281,1.35284,1.3528,1.35284,0.0
2026-09-12 22:03:00,1.35281,1.35286,1.35281,1.35281,0.0
2026-09-12 22:04:00,1.35281,1.35283,1.35281,1.35283,0.0
2026-09-12 22:05:00,1.35281,1.35284,1.35281,1.35284,0.0
2026-09-12 22:06:00,1.35281,1.35284,1.35281,1.35281,0.0
2026-09-12 22:07:00,1.35281,1.35284,1.35281,1.35284,0.0
2026-09-12 22:08:00,1.35281,1.35285,1.35281,1.35281,0.0
2026-09-12 22:09:00,1.35281,1.35283,1.35278,1.35283,0.0
2026-09-12 22:10:00,1.3528,1.35285,1.35278,1.35278,0.0
2026-09-12 22:11:00,1.35279,1.35282,1.35277,1.35282,0.0
2026-09-12 22:12:00,1.35279,1.35285,1.35279,1.35279,0.0
2026-09-12 22:13:00,1.35279,1.35281,1.35278,1.35281,0.0
2026-09-12 22:14:00,1.35279,1.35283,1.35279,1.35282,0.0
2026-09-12 22:15:00,1.35279,1.3528,1.35279,1.3528,0.0
2026-09-12 22:16:00,1.35279,1.35281,1.35279,1.35281,0.0
2026-09-12 22:17:00,1.35279,1.35283,1.35279,1.35279,0.0
2026-09-12 22:18:00,1.35279,1.35282,1.35279,1.35282,0.0
2026-09-12 22:19:00,1.35279,1.35285,1.35278,1.35278,0.0
2026-09-12 22:20:00,1.35279,1.35282,1.35277,1.35282,0.0
2026-09-12 22:21:00,1.35279,1.35285,1.35278,1.35278,0.0
2026-09-12 22:22:00,1.35279,1.35282,1.35277,1.35282,0.0
2026-09-12 22:23:00,1.35279,1.35284,1.35279,1.35279,0.0
2026-09-12 22:24:00,1.35279,1.35281,1.35279,1.35281,0.0
2026-09-12 22:25:00,1.35279,1.35282,1.35279,1.35281,0.0
2026-09-12 22:26:00,1.35279,1.35281,1.35279,1.35279,0.0
2026-09-12 22:27:00,1.35279,1.35281,1.35279,1.35281,0.0
2026-09-12 22:28:00,1.35279,1.35284,1.35279,1.35279,0.0
2026-09-12 22:29:00,1.35279,1.35282,1.35278,1.35282,0.0
2026-09-12 22:30:00,1.35279,1.35285,1.35278,1.35278,0.0
2026-09-12 22:31:00,1.35279,1.35282,1.35277,1.35282,0.0
2026-09-12 22:32:00,1.35279,1.35285,1.35279,1.35279,0.0
2026-09-12 22:33:00,1.35279,1.35281,1.35278,1.35281,0.0
2026-09-12 22:34:00,1.35279,1.35283,1.35279,1.35279,0.0
2026-09-12 22:35:00,1.35279,1.3528,1.35279,1.3528,0.0
2026-09-12 22:36:00,1.35279,1.35281,1.35279,1.35281,0.0
2026-09-12 22:37:00,1.35279,1.35282,1.35279,1.35279,0.0
2026-09-12 22:38:00,1.35279,1.35282,1.35279,1.35282,0.0
2026-09-12 22:39:00,1.35279,1.35284,1.35278,1.35278,0.0
2026-09-12 22:40:00,1.35279,1.35282,1.35277,1.35282,0.0
2026-09-12 22:41:00,1.35279,1.35285,1.35278,1.35278,0.0
2026-09-12 22:42:00,1.35279,1.35282,1.35277,1.35282,0.0
2026-09-12 22:43:00,1.35279,1.35284,1.35279,1.35279,0.0
2026-09-12 22:44:00,1.35279,1.35281,1.35278,1.35281,0.0
2026-09-12 22:45:00,1.35279,1.35282,1.35279,1.35281,0.0
2026-09-12 22:46:00,1.35279,1.35281,1.35279,1.35279,0.0
2026-09-12 22:47:00,1.35279,1.35281,1.35279,1.35281,0.0
2026-09-12 22:48:00,1.35279,1.35283,1.35278,1.35278,0.0
2026-09-12 22:49:00,1.35279,1.35282,1.35278,1.35282,0.0
2026-09-12 22:50:00,1.35279,1.35285,1.35278,1.35278,0.0
2026-09-12 22:51:00,1.35279,1.35282,1.35277,1.35282,0.0
2026-09-12 22:52:00,1.35279,1.35285,1.35278,1.35278,0.0
2026-09-12 22:53:00,1.35279,1.35281,1.35277,1.35281,0.0
2026-09-12 22:54:00,1.35279,1.35284,1.35279,1.35279,0.0
2026-09-12 22:55:00,1.35279,1.3528,1.35279,1.3528,0.0
2026-09-12 22:56:00,1.35279,1.35281,1.35279,1.35281,0.0
2026-09-12 22:57:00,1.35279,1.35282,1.35279,1.35279,0.0
2026-09-12 22:58:00,1.35279,1.35281,1.35279,1.35281,0.0
2026-09-12 22:59:00,1.35279,1.35283,1.35278,1.35278,0.0
2026-09-12 23:00:00,1.35279,1.35281,1.35277,1.35281,0.0
2026-09-12 23:01:00,1.35278,1.35284,1.35277,1.35277,0.0
2026-09-12 23:02:00,1.35278,1.35281,1.35276,1.35281,0.0
2026-09-12 23:03:00,1.35278,1.35284,1.35278,1.35278,0.0
2026-09-12 23:04:00,1.35278,1.3528,1.35278,1.3528,0.0
2026-09-12 23:05:00,1.35278,1.35282,1.35278,1.35281,0.0
2026-09-12 23:06:00,1.35278,1.3528,1.35278,1.3528,0.0
2026-09-12 23:07:00,1.35278,1.3528,1.35278,1.3528,0.0
2026-09-12 23:08:00,1.35278,1.35282,1.35278,1.35278,0.0
2026-09-12 23:09:00,1.35278,1.35281,1.35277,1.35281,0.0
2026-09-12 23:10:00,1.35278,1.35284,1.35277,1.35277,0.0
2026-09-12 23:11:00,1.35278,1.35281,1.35278,1.35281,0.0
2026-09-12 23:12:00,1.35278,1.35286,1.35278,1.35284,0.0
2026-09-12 23:13:00,1.35281,1.35282,1.35278,1.35282,0.0
2026-09-12 23:14:00,1.3528,1.35285,1.35279,1.35279,0.0
2026-09-12 23:15:00,1.35279,1.35281,1.35279,1.35281,0.0
2026-09-12 23:16:00,1.3528,1.35281,1.35279,1.3528,0.0
2026-09-12 23:17:00,1.35279,1.35281,1.35278,1.35279,0.0
2026-09-12 23:18:00,1.35279,1.35281,1.35278,1.35281,0.0
2026-09-12 23:19:00,1.35278,1.35287,1.35278,1.35285,0.0
2026-09-12 23:20:00,1.35281,1.35285,1.35279,1.35285,0.0
2026-09-12 23:21:00,1.35282,1.35287,1.3528,1.3528,0.0
2026-09-12 23:22:00,1.35281,1.35284,1.35278,1.35284,0.0
2026-09-12 23:23:00,1.35281,1.35286,1.35279,1.35279,0.0
2026-09-12 23:24:00,1.3528,1.35282,1.35278,1.35282,0.0
2026-09-12 23:25:00,1.3528,1.35283,1.3528,1.3528,0.0
2026-09-12 23:26:00,1.35279,1.35282,1.35278,1.35281,0.0
2026-09-12 23:27:00,1.35279,1.35284,1.35279,1.35284,0.0
2026-09-12 23:28:00,1.35281,1.35286,1.35281,1.35285,0.0
2026-09-12 23:29:00,1.35282,1.35285,1.35281,1.35285,0.0
2026-09-12 23:30:00,1.35282,1.35287,1.35282,1.35282,0.0
2026-09-12 23:31:00,1.35283,1.35284,1.35278,1.35284,0.0
2026-09-12 23:32:00,1.35281,1.35285,1.35279,1.35279,0.0
2026-09-12 23:33:00,1.3528,1.35282,1.35278,1.35282,0.0
2026-09-12 23:34:00,1.35279,1.35284,1.35279,1.35283,0.0
2026-09-12 23:35:00,1.3528,1.35281,1.35279,1.35281,0.0
2026-09-12 23:36:00,1.35279,1.35281,1.35278,1.35281,0.0
2026-09-12 23:37:00,1.35279,1.3528,1.35278,1.35279,0.0
2026-09-12 23:38:00,1.35278,1.3528,1.35278,1.3528,0.0
2026-09-12 23:39:00,1.35278,1.35282,1.35277,1.35277,0.0
2026-09-12 23:40:00,1.35278,1.35281,1.35277,1.35281,0.0
2026-09-12 23:41:00,1.35278,1.35284,1.35277,1.35277,0.0
2026-09-12 23:42:00,1.35278,1.35281,1.35276,1.35281,0.0
2026-09-12 23:43:00,1.35278,1.35284,1.35277,1.35277,0.0
2026-09-12 23:44:00,1.35278,1.3528,1.35277,1.3528,0.0
2026-09-12 23:45:00,1.35278,1.35282,1.35278,1.35278,0.0
2026-09-12 23:46:00,1.35278,1.35279,1.35278,1.35279,0.0
2026-09-12 23:47:00,1.35278,1.35282,1.35278,1.35281,0.0
2026-09-12 23:48:00,1.35278,1.35283,1.35278,1.35282,0.0
2026-09-12 23:49:00,1.3528,1.35282,1.35278,1.35282,0.0
2026-09-12 23:50:00,1.3528,1.35284,1.35278,1.35278,0.0
2026-09-12 23:51:00,1.35279,1.35282,1.35276,1.35282,0.0
2026-09-12 23:52:00,1.35279,1.35285,1.35277,1.35277,0.0
2026-09-12 23:53:00,1.35278,1.35282,1.35277,1.35282,0.0
2026-09-12 23:54:00,1.35279,1.35286,1.35277,1.35279,0.0
2026-09-12 23:55:00,1.35279,1.35283,1.35279,1.35283,0.0
2026-09-12 23:56:00,1.35281,1.35284,1.35281,1.35284,0.0
2026-09-12 23:57:00,1.35282,1.35282,1.3528,1.3528,0.0
2026-09-12 23:58:00,1.35281,1.35282,1.35279,1.35282,0.0
2026-09-12 23:59:00,1.3528,1.35285,1.35278,1.35278,0.0
2026-09-13 00:00:00,1.35279,1.35284,1.35279,1.35284,0.0
2026-09-13 00:01:00,1.35281,1.35285,1.35279,1.35279,0.0
2026-09-13 00:02:00,1.3528,1.35282,1.35277,1.35282,0.0
2026-09-13 00:03:00,1.35279,1.35284,1.35278,1.35278,0.0
2026-09-13 00:04:00,1.35279,1.35281,1.35277,1.35281,0.0
2026-09-13 00:05:00,1.35278,1.35285,1.35276,1.35278,0.0
2026-09-13 00:06:00,1.35278,1.35282,1.35278,1.35282,0.0
2026-09-13 00:07:00,1.35281,1.35284,1.35279,1.35281,0.0
2026-09-13 00:08:00,1.35279,1.35286,1.35279,1.35284,0.0
2026-09-13 00:09:00,1.35282,1.35285,1.35281,1.35285,0.0
2026-09-13 00:10:00,1.35283,1.35285,1.3528,1.3528,0.0
2026-09-13 00:11:00,1.35281,1.35283,1.3528,1.35283,0.0
2026-09-13 00:12:00,1.35279,1.35286,1.35279,1.35284,0.0
2026-09-13 00:13:00,1.35281,1.35283,1.35277,1.35283,0.0
2026-09-13 00:14:00,1.3528,1.35284,1.35279,1.35279,0.0
2026-09-13 00:15:00,1.35279,1.35281,1.35278,1.35281,0.0
2026-09-13 00:16:00,1.35279,1.35282,1.35278,1.35279,0.0
2026-09-13 00:17:00,1.35278,1.3528,1.35278,1.3528,0.0
2026-09-13 00:18:00,1.35278,1.3528,1.35278,1.3528,0.0
2026-09-13 00:19:00,1.35278,1.35282,1.35278,1.35278,0.0
2026-09-13 00:20:00,1.35278,1.35281,1.35277,1.35281,0.0
2026-09-13 00:21:00,1.35278,1.35284,1.35277,1.35277,0.0
2026-09-13 00:22:00,1.35278,1.35281,1.35276,1.35281,0.0
2026-09-13 00:23:00,1.35278,1.35284,1.35277,1.35277,0.0
2026-09-13 00:24:00,1.35278,1.3528,1.35276,1.3528,0.0
2026-09-13 00:25:00,1.35278,1.35283,1.35278,1.35278,0.0
2026-09-13 00:26:00,1.35278,1.35279,1.35278,1.35279,0.0
2026-09-13 00:27:00,1.35278,1.35281,1.35278,1.3528,0.0
2026-09-13 00:28:00,1.35278,1.35283,1.35277,1.35278,0.0
2026-09-13 00:29:00,1.35278,1.35283,1.35278,1.35283,0.0
2026-09-13 00:30:00,1.3528,1.35284,1.35279,1.35279,0.0
2026-09-13 00:31:00,1.35279,1.35282,1.35277,1.35282,0.0
2026-09-13 00:32:00,1.35279,1.35284,1.35277,1.35277,0.0
2026-09-13 00:33:00,1.35278,1.35281,1.35276,1.35281,0.0
2026-09-13 00:34:00,1.35278,1.35284,1.35278,1.35278,0.0
2026-09-13 00:35:00,1.35278,1.3528,1.35278,1.3528,0.0
2026-09-13 00:36:00,1.35278,1.35286,1.35278,1.35284,0.0
2026-09-13 00:37:00,1.35281,1.35284,1.35281,1.35284,0.0
2026-09-13 00:38:00,1.35282,1.35285,1.35282,1.35285,0.0
2026-09-13 00:39:00,1.35283,1.35285,1.35283,1.35283,0.0
2026-09-13 00:40:00,1.35283,1.35284,1.35279,1.35284,0.0
2026-09-13 00:41:00,1.35281,1.35285,1.35279,1.35279,0.0
2026-09-13 00:42:00,1.3528,1.35282,1.35277,1.35282,0.0
2026-09-13 00:43:00,1.35279,1.35285,1.35278,1.35278,0.0
2026-09-13 00:44:00,1.35279,1.35281,1.35278,1.35281,0.0
2026-09-13 00:45:00,1.35278,1.35285,1.35278,1.35284,0.0
2026-09-13 00:46:00,1.35281,1.35281,1.3528,1.35281,0.0
2026-09-13 00:47:00,1.3528,1.35283,1.3528,1.35283,0.0
2026-09-13 00:48:00,1.35282,1.35282,1.3528,1.3528,0.0
2026-09-13 00:49:00,1.3528,1.35282,1.35279,1.35282,0.0
2026-09-13 00:50:00,1.35279,1.35283,1.35278,1.35278,0.0
2026-09-13 00:51:00,1.35279,1.35282,1.35279,1.35282,0.0
2026-09-13 00:52:00,1.35278,1.35287,1.35278,1.35285,0.0
2026-09-13 00:53:00,1.35281,1.35284,1.3528,1.35284,0.0
2026-09-13 00:54:00,1.35281,1.35289,1.35281,1.35287,0.0
2026-09-13 00:55:00,1.35282,1.35285,1.35282,1.35285,0.0
2026-09-13 00:56:00,1.35283,1.35287,1.35283,1.35286,0.0
2026-09-13 00:57:00,1.35283,1.35283,1.35281,1.35283,0.0
2026-09-13 00:58:00,1.35282,1.35284,1.35282,1.35284,0.0
2026-09-13 00:59:00,1.35282,1.35284,1.35282,1.35282,0.0
2026-09-13 01:00:00,1.35282,1.35283,1.3528,1.35283,0.0
2026-09-13 01:01:00,1.35281,1.35289,1.35278,1.35279,0.0
2026-09-13 01:02:00,1.35281,1.35287,1.35281,1.35287,0.0
2026-09-13 01:03:00,1.35284,1.35288,1.35283,1.35283,0.0
2026-09-13 01:04:00,1.35283,1.35284,1.35278,1.35284,0.0
2026-09-13 01:05:00,1.35282,1.35286,1.3528,1.3528,0.0
2026-09-13 01:06:00,1.3528,1.35282,1.3528,1.35282,0.0
2026-09-13 01:07:00,1.3528,1.35283,1.3528,1.35282,0.0
2026-09-13 01:08:00,1.3528,1.35281,1.35279,1.3528,0.0
2026-09-13 01:09:00,1.35279,1.35281,1.35278,1.35281,0.0
2026-09-13 01:10:00,1.35279,1.35283,1.35278,1.35278,0.0
2026-09-13 01:11:00,1.35279,1.35281,1.35277,1.35281,0.0
2026-09-13 01:12:00,1.35278,1.35286,1.35276,1.35276,0.0
2026-09-13 01:13:00,1.35279,1.35284,1.35279,1.35284,0.0
2026-09-13 01:14:00,1.35281,1.35286,1.3528,1.3528,0.0
2026-09-13 01:15:00,1.35281,1.35283,1.35278,1.35283,0.0
2026-09-13 01:16:00,1.35281,1.35284,1.3528,1.3528,0.0
2026-09-13 01:17:00,1.3528,1.35281,1.3528,1.35281,0.0
2026-09-13 01:18:00,1.3528,1.35281,1.3528,1.35281,0.0
2026-09-13 01:19:00,1.3528,1.35282,1.35278,1.35278,0.0
2026-09-13 01:20:00,1.35279,1.35281,1.35279,1.35281,0.0
2026-09-13 01:21:00,1.35279,1.35284,1.35278,1.35278,0.0
2026-09-13 01:22:00,1.35279,1.35282,1.35277,1.35282,0.0
2026-09-13 01:23:00,1.35279,1.35285,1.35278,1.35278,0.0
2026-09-13 01:24:00,1.35279,1.35282,1.35277,1.35282,0.0
2026-09-13 01:25:00,1.35279,1.35284,1.35279,1.35279,0.0
2026-09-13 01:26:00,1.35279,1.35281,1.35278,1.35281,0.0
2026-09-13 01:27:00,1.35279,1.35283,1.35279,1.35282,0.0
2026-09-13 01:28:00,1.35279,1.35281,1.35279,1.35281,0.0
2026-09-13 01:29:00,1.35279,1.35281,1.35279,1.35281,0.0
2026-09-13 01:30:00,1.35279,1.35283,1.35278,1.35278,0.0
2026-09-13 01:31:00,1.35279,1.35281,1.35278,1.35281,0.0
2026-09-13 01:32:00,1.35279,1.35284,1.35278,1.35278,0.0
2026-09-13 01:33:00,1.35279,1.35282,1.35276,1.35282,0.0
2026-09-13 01:34:00,1.35279,1.35284,1.35278,1.35278,0.0
2026-09-13 01:35:00,1.35278,1.35281,1.35277,1.35281,0.0
2026-09-13 01:36:00,1.35278,1.35283,1.35278,1.35278,0.0
2026-09-13 01:37:00,1.35278,1.3528,1.35278,1.3528,0.0
2026-09-13 01:38:00,1.35278,1.35281,1.35278,1.35281,0.0
2026-09-13 01:39:00,1.35278,1.35281,1.35278,1.35278,0.0
2026-09-13 01:40:00,1.35278,1.35281,1.35278,1.35281,0.0
2026-09-13 01:41:00,1.35278,1.35283,1.35278,1.35278,0.0
2026-09-13 01:42:00,1.35278,1.35281,1.35277,1.35281,0.0
2026-09-13 01:43:00,1.35278,1.35284,1.35277,1.35277,0.0
2026-09-13 01:44:00,1.35278,1.35281,1.35276,1.35281,0.0
2026-09-13 01:45:00,1.35278,1.35284,1.35278,1.35278,0.0
2026-09-13 01:46:00,1.35278,1.3528,1.35277,1.3528,0.0
2026-09-13 01:47:00,1.35278,1.35282,1.35278,1.35281,0.0
2026-09-13 01:48:00,1.35278,1.35279,1.35278,1.35279,0.0
2026-09-13 01:49:00,1.35278,1.3528,1.35278,1.3528,0.0
2026-09-13 01:50:00,1.35278,1.35282,1.35278,1.35278,0.0
2026-09-13 01:51:00,1.35278,1.35281,1.35278,1.35281,0.0
2026-09-13 01:52:00,1.35278,1.35284,1.35277,1.35277,0.0
2026-09-13 01:53:00,1.35278,1.35281,1.35277,1.35281,0.0
2026-09-13 01:54:00,1.35278,1.35284,1.35278,1.35278,0.0
2026-09-13 01:55:00,1.35278,1.35281,1.35277,1.35281,0.0
2026-09-13 01:56:00,1.35278,1.35283,1.35278,1.35278,0.0
2026-09-13 01:57:00,1.35278,1.3528,1.35278,1.3528,0.0
2026-09-13 01:58:00,1.35278,1.35281,1.35278,1.3528,0.0
2026-09-13 01:59:00,1.35278,1.35281,1.35278,1.3528,0.0
2026-09-13 02:00:00,1.35278,1.35281,1.35278,1.35281,0.0
2026-09-13 02:01:00,1.35278,1.35283,1.35278,1.35278,0.0
2026-09-13 02:02:00,1.35278,1.35282,1.35273,1.35282,0.0
2026-09-13 02:03:00,1.35279,1.35286,1.35269,1.3527,0.0
2026-09-13 02:04:00,1.35275,1.35283,1.35275,1.35283,0.0
2026-09-13 02:05:00,1.35279,1.35285,1.35279,1.35283,0.0
2026-09-13 02:06:00,1.3528,1.35282,1.35278,1.35282,0.0
2026-09-13 02:07:00,1.35279,1.35283,1.35278,1.35279,0.0
2026-09-13 02:08:00,1.35279,1.35279,1.35278,1.35279,0.0
2026-09-13 02:09:00,1.35278,1.3528,1.35278,1.3528,0.0
2026-09-13 02:10:00,1.35278,1.35281,1.35278,1.35278,0.0
2026-09-13 02:11:00,1.35278,1.35281,1.35278,1.35281,0.0
2026-09-13 02:12:00,1.35278,1.35285,1.35278,1.35283,0.0
2026-09-13 02:13:00,1.3528,1.35282,1.35277,1.35282,0.0
2026-09-13 02:14:00,1.3528,1.35285,1.35278,1.35278,0.0
2026-09-13 02:15:00,1.35279,1.35281,1.35278,1.35281,0.0
2026-09-13 02:16:00,1.35278,1.35285,1.35278,1.35283,0.0
2026-09-13 02:17:00,1.35281,1.35281,1.35279,1.35281,0.0
2026-09-13 02:18:00,1.3528,1.35284,1.35278,1.3528,0.0
2026-09-13 02:19:00,1.35279,1.35284,1.35279,1.35283,0.0
2026-09-13 02:20:00,1.35281,1.35284,1.35281,1.35284,0.0
2026-09-13 02:21:00,1.35283,1.35286,1.3528,1.3528,0.0
2026-09-13 02:22:00,1.35281,1.35285,1.35281,1.35285,0.0
2026-09-13 02:23:00,1.35282,1.35289,1.35282,1.35282,0.0
2026-09-13 02:24:00,1.35283,1.35287,1.3528,1.35287,0.0
2026-09-13 02:25:00,1.35284,1.35289,1.3528,1.3528,0.0
2026-09-13 02:26:00,1.35282,1.35285,1.35281,1.35285,0.0
2026-09-13 02:27:00,1.35283,1.35286,1.35283,1.35285,0.0
2026-09-13 02:28:00,1.35283,1.35283,1.3528,1.35283,0.0
2026-09-13 02:29:00,1.35281,1.35283,1.35281,1.35283,0.0
2026-09-13 02:30:00,1.35281,1.35283,1.3528,1.3528,0.0
2026-09-13 02:31:00,1.3528,1.35283,1.3528,1.35283,0.0
2026-09-13 02:32:00,1.3528,1.35287,1.3528,1.35285,0.0
2026-09-13 02:33:00,1.35282,1.35285,1.35279,1.35285,0.0
2026-09-13 02:34:00,1.35282,1.35285,1.35279,1.35279,0.0
2026-09-13 02:35:00,1.3528,1.35282,1.35277,1.35282,0.0
2026-09-13 02:36:00,1.3528,1.35284,1.35278,1.35278,0.0
2026-09-13 02:37:00,1.35279,1.35281,1.35278,1.35281,0.0
2026-09-13 02:38:00,1.35279,1.35285,1.35278,1.35283,0.0
2026-09-13 02:39:00,1.35279,1.35282,1.35279,1.35282,0.0
2026-09-13 02:40:00,1.35281,1.35283,1.35281,1.35283,0.0
2026-09-13 02:41:00,1.35281,1.35287,1.3528,1.3528,0.0
2026-09-13 02:42:00,1.35281,1.35286,1.35281,1.35286,0.0
2026-09-13 02:43:00,1.35283,1.35288,1.35282,1.35282,0.0
2026-09-13 02:44:00,1.35283,1.35286,1.35281,1.35286,0.0
2026-09-13 02:45:00,1.35283,1.35289,1.35282,1.35282,0.0
2026-09-13 02:46:00,1.35283,1.35285,1.35281,1.35285,0.0
2026-09-13 02:47:00,1.35283,1.35288,1.35283,1.35283,0.0
2026-09-13 02:48:00,1.35283,1.35284,1.35283,1.35284,0.0
2026-09-13 02:49:00,1.35283,1.35285,1.35283,1.35285,0.0
2026-09-13 02:50:00,1.35283,1.35285,1.35283,1.35283,0.0
2026-09-13 02:51:00,1.35283,1.35285,1.35283,1.35285,0.0
2026-09-13 02:52:00,1.35283,1.35288,1.35282,1.35282,0.0
2026-09-13 02:53:00,1.35283,1.35286,1.35282,1.35286,0.0
2026-09-13 02:54:00,1.35283,1.35289,1.35282,1.35282,0.0
2026-09-13 02:55:00,1.35283,1.35286,1.35281,1.35286,0.0
2026-09-13 02:56:00,1.35283,1.35289,1.35283,1.35283,0.0
2026-09-13 02:57:00,1.35283,1.35285,1.35282,1.35285,0.0
2026-09-13 02:58:00,1.35283,1.35287,1.35283,1.35286,0.0
2026-09-13 02:59:00,1.35283,1.35285,1.35283,1.35285,0.0
2026-09-13 03:00:00,1.35283,1.35285,1.35283,1.35285,0.0
2026-09-13 03:01:00,1.35283,1.3529,1.35282,1.35283,0.0
2026-09-13 03:02:00,1.35284,1.35289,1.35284,1.35289,0.0
2026-09-13 03:03:00,1.35287,1.35292,1.35286,1.35286,0.0
2026-09-13 03:04:00,1.35287,1.3529,1.35285,1.3529,0.0
2026-09-13 03:05:00,1.35287,1.35293,1.35286,1.35286,0.0
2026-09-13 03:06:00,1.35287,1.35289,1.35285,1.35289,0.0
2026-09-13 03:07:00,1.35287,1.35292,1.35287,1.35287,0.0
2026-09-13 03:08:00,1.35287,1.35288,1.35287,1.35288,0.0
2026-09-13 03:09:00,1.35287,1.35288,1.35287,1.35288,0.0
2026-09-13 03:10:00,1.35287,1.35288,1.35285,1.35285,0.0
2026-09-13 03:11:00,1.35285,1.35288,1.35285,1.35288,0.0
2026-09-13 03:12:00,1.35285,1.3529,1.35285,1.35285,0.0
2026-09-13 03:13:00,1.35285,1.35288,1.35284,1.35288,0.0
2026-09-13 03:14:00,1.35285,1.35291,1.35284,1.35284,0.0
2026-09-13 03:15:00,1.35285,1.35288,1.35283,1.35288,0.0
2026-09-13 03:16:00,1.35285,1.35291,1.35285,1.35285,0.0
2026-09-13 03:17:00,1.35285,1.35288,1.35284,1.35288,0.0
2026-09-13 03:18:00,1.35285,1.3529,1.35285,1.35289,0.0
2026-09-13 03:19:00,1.35285,1.35286,1.35285,1.35286,0.0
2026-09-13 03:20:00,1.35285,1.35287,1.35285,1.35287,0.0
2026-09-13 03:21:00,1.35285,1.35289,1.35285,1.35285,0.0
2026-09-13 03:22:00,1.35285,1.35288,1.35285,1.35288,0.0
2026-09-13 03:23:00,1.35285,1.35291,1.35284,1.35284,0.0
2026-09-13 03:24:00,1.35285,1.35288,1.35284,1.35288,0.0
2026-09-13 03:25:00,1.35285,1.35291,1.35284,1.35284,0.0
2026-09-13 03:26:00,1.35285,1.35288,1.35281,1.35288,0.0
2026-09-13 03:27:00,1.35286,1.35289,1.35281,1.35281,0.0
2026-09-13 03:28:00,1.35283,1.35285,1.35281,1.35285,0.0
2026-09-13 03:29:00,1.35283,1.35283,1.35281,1.35281,0.0
2026-09-13 03:30:00,1.35281,1.35284,1.3528,1.35281,0.0
2026-09-13 03:31:00,1.3528,1.35284,1.3528,1.35284,0.0
2026-09-13 03:32:00,1.35282,1.35284,1.3528,1.3528,0.0
2026-09-13 03:33:00,1.3528,1.35282,1.35278,1.35282,0.0
2026-09-13 03:34:00,1.3528,1.35285,1.35278,1.35278,0.0
2026-09-13 03:35:00,1.35279,1.35282,1.35276,1.35282,0.0
2026-09-13 03:36:00,1.35279,1.35287,1.35276,1.35277,0.0
2026-09-13 03:37:00,1.35279,1.35283,1.35278,1.35283,0.0
2026-09-13 03:38:00,1.35281,1.35285,1.35279,1.35279,0.0
2026-09-13 03:39:00,1.3528,1.35282,1.3528,1.35282,0.0
2026-09-13 03:40:00,1.3528,1.35285,1.3528,1.35284,0.0
2026-09-13 03:41:00,1.35282,1.35284,1.35282,1.35284,0.0
2026-09-13 03:42:00,1.35283,1.35284,1.3528,1.35284,0.0
2026-09-13 03:43:00,1.35281,1.35288,1.35281,1.35286,0.0
2026-09-13 03:44:00,1.35283,1.35286,1.3528,1.35286,0.0
2026-09-13 03:45:00,1.35284,1.35289,1.3528,1.3528,0.0
2026-09-13 03:46:00,1.35281,1.35285,1.35281,1.35285,0.0
2026-09-13 03:47:00,1.35282,1.35287,1.35282,1.35286,0.0
2026-09-13 03:48:00,1.35283,1.35283,1.35279,1.35283,0.0
2026-09-13 03:49:00,1.35281,1.35283,1.3528,1.35281,0.0
2026-09-13 03:50:00,1.3528,1.35282,1.35279,1.3528,0.0
2026-09-13 03:51:00,1.35279,1.35283,1.35279,1.35283,0.0
2026-09-13 03:52:00,1.35281,1.35283,1.35279,1.35279,0.0
2026-09-13 03:53:00,1.35279,1.35282,1.35278,1.35282,0.0
2026-09-13 03:54:00,1.35279,1.35284,1.35278,1.35278,0.0
2026-09-13 03:55:00,1.35278,1.35281,1.35276,1.35281,0.0
2026-09-13 03:56:00,1.35278,1.35284,1.35277,1.35277,0.0
2026-09-13 03:57:00,1.35278,1.3528,1.35276,1.3528,0.0
2026-09-13 03:58:00,1.35278,1.35283,1.35278,1.35278,0.0
2026-09-13 03:59:00,1.35278,1.35281,1.35278,1.3528,0.0
2026-09-13 04:00:00,1.35278,1.35282,1.35278,1.35282,0.0
2026-09-13 04:01:00,1.3528,1.35287,1.35279,1.3528,0.0
2026-09-13 04:02:00,1.3528,1.35287,1.3528,1.35287,0.0
2026-09-13 04:03:00,1.35284,1.35289,1.35284,1.35288,0.0
2026-09-13 04:04:00,1.35286,1.35287,1.3528,1.35287,0.0
2026-09-13 04:05:00,1.35284,1.35286,1.35281,1.35281,0.0
2026-09-13 04:06:00,1.35281,1.35283,1.3528,1.35283,0.0
2026-09-13 04:07:00,1.3528,1.35286,1.3528,1.35284,0.0
2026-09-13 04:08:00,1.35282,1.35282,1.3528,1.35282,0.0
2026-09-13 04:09:00,1.3528,1.35284,1.3528,1.35284,0.0
2026-09-13 04:10:00,1.35282,1.35283,1.3528,1.3528,0.0
2026-09-13 04:11:00,1.3528,1.35284,1.3528,1.35284,0.0
2026-09-13 04:12:00,1.35282,1.35283,1.3528,1.3528,0.0
2026-09-13 04:13:00,1.3528,1.35282,1.35278,1.35282,0.0
2026-09-13 04:14:00,1.3528,1.35286,1.35277,1.35277,0.0
2026-09-13 04:15:00,1.35279,1.35284,1.35278,1.35284,0.0
2026-09-13 04:16:00,1.35281,1.35286,1.35279,1.35279,0.0
2026-09-13 04:17:00,1.3528,1.35282,1.35277,1.35282,0.0
2026-09-13 04:18:00,1.3528,1.35284,1.35279,1.35279,0.0
2026-09-13 04:19:00,1.35279,1.3528,1.35278,1.3528,0.0
2026-09-13 04:20:00,1.35279,1.35281,1.35279,1.35281,0.0
2026-09-13 04:21:00,1.35279,1.35283,1.35278,1.35279,0.0
2026-09-13 04:22:00,1.35279,1.35283,1.35279,1.35283,0.0
2026-09-13 04:23:00,1.35281,1.35285,1.35279,1.35279,0.0
2026-09-13 04:24:00,1.3528,1.35283,1.35279,1.35283,0.0
2026-09-13 04:25:00,1.3528,1.35286,1.35279,1.35279,0.0
2026-09-13 04:26:00,1.3528,1.35283,1.35278,1.35283,0.0
2026-09-13 04:27:00,1.3528,1.35287,1.3528,1.3528,0.0
2026-09-13 04:28:00,1.35281,1.35283,1.3528,1.35283,0.0
2026-09-13 04:29:00,1.35281,1.35287,1.3528,1.35281,0.0
2026-09-13 04:30:00,1.35281,1.35284,1.35281,1.35284,0.0
2026-09-13 04:31:00,1.35282,1.35285,1.35282,1.35285,0.0
2026-09-13 04:32:00,1.35283,1.35286,1.3528,1.3528,0.0
2026-09-13 04:33:00,1.35281,1.35285,1.35281,1.35285,0.0
2026-09-13 04:34:00,1.35282,1.35288,1.35282,1.35282,0.0
2026-09-13 04:35:00,1.35282,1.35286,1.35279,1.35286,0.0
2026-09-13 04:36:00,1.35283,1.35287,1.3528,1.3528,0.0
2026-09-13 04:37:00,1.35281,1.35283,1.35279,1.35283,0.0
2026-09-13 04:38:00,1.35281,1.35286,1.35281,1.35281,0.0
2026-09-13 04:39:00,1.35281,1.35282,1.35279,1.35282,0.0
2026-09-13 04:40:00,1.35281,1.35283,1.3528,1.35281,0.0
2026-09-13 04:41:00,1.3528,1.35282,1.3528,1.3528,0.0
2026-09-13 04:42:00,1.3528,1.35282,1.3528,1.35282,0.0
2026-09-13 04:43:00,1.3528,1.35284,1.35279,1.35279,0.0
2026-09-13 04:44:00,1.3528,1.35283,1.35279,1.35283,0.0
2026-09-13 04:45:00,1.3528,1.35285,1.35279,1.35279,0.0
2026-09-13 04:46:00,1.3528,1.35282,1.35277,1.35282,0.0
2026-09-13 04:47:00,1.35279,1.3529,1.35274,1.35275,0.0
2026-09-13 04:48:00,1.3528,1.35287,1.3528,1.35287,0.0
2026-09-13 04:49:00,1.35284,1.35287,1.35284,1.35284,0.0
2026-09-13 04:50:00,1.35284,1.35284,1.35281,1.35284,0.0
2026-09-13 04:51:00,1.35283,1.35283,1.3528,1.35281,0.0
2026-09-13 04:52:00,1.35281,1.35283,1.3528,1.3528,0.0
2026-09-13 04:53:00,1.3528,1.35282,1.3528,1.35282,0.0
2026-09-13 04:54:00,1.3528,1.35285,1.35279,1.35279,0.0
2026-09-13 04:55:00,1.3528,1.35283,1.35278,1.35283,0.0
2026-09-13 04:56:00,1.3528,1.35286,1.35279,1.35279,0.0
2026-09-13 04:57:00,1.3528,1.35282,1.35278,1.35282,0.0
2026-09-13 04:58:00,1.3528,1.35285,1.35279,1.35279,0.0
2026-09-13 04:59:00,1.3528,1.35282,1.35278,1.35282,0.0
2026-09-13 05:00:00,1.3528,1.35283,1.35279,1.3528,0.0
2026-09-13 05:01:00,1.35279,1.35285,1.35279,1.35283,0.0
2026-09-13 05:02:00,1.35279,1.35285,1.35279,1.35285,0.0
2026-09-13 05:03:00,1.35283,1.35287,1.35283,1.35283,0.0
2026-09-13 05:04:00,1.35283,1.35286,1.35282,1.35286,0.0
2026-09-13 05:05:00,1.35283,1.35287,1.35282,1.35282,0.0
2026-09-13 05:06:00,1.35283,1.35284,1.35279,1.35284,0.0
2026-09-13 05:07:00,1.35281,1.35287,1.3528,1.3528,0.0
2026-09-13 05:08:00,1.35281,1.35284,1.3528,1.35284,0.0
2026-09-13 05:09:00,1.35281,1.35286,1.35281,1.35281,0.0
2026-09-13 05:10:00,1.35281,1.35283,1.35281,1.35283,0.0
2026-09-13 05:11:00,1.35281,1.35284,1.35281,1.35284,0.0
2026-09-13 05:12:00,1.35281,1.35283,1.35281,1.35281,0.0
2026-09-13 05:13:00,1.35281,1.35282,1.3528,1.35282,0.0
2026-09-13 05:14:00,1.3528,1.35285,1.35279,1.35279,0.0
2026-09-13 05:15:00,1.3528,1.35283,1.35278,1.35283,0.0
2026-09-13 05:16:00,1.3528,1.35286,1.35279,1.35279,0.0
2026-09-13 05:17:00,1.3528,1.35283,1.35278,1.35283,0.0
2026-09-13 05:18:00,1.3528,1.35286,1.3528,1.3528,0.0
2026-09-13 05:19:00,1.3528,1.35282,1.35279,1.35282,0.0
2026-09-13 05:20:00,1.3528,1.35284,1.3528,1.35283,0.0
2026-09-13 05:21:00,1.3528,1.35281,1.3528,1.35281,0.0
2026-09-13 05:22:00,1.3528,1.35282,1.3528,1.35282,0.0
2026-09-13 05:23:00,1.3528,1.35284,1.3528,1.3528,0.0
2026-09-13 05:24:00,1.3528,1.35283,1.35279,1.35283,0.0
2026-09-13 05:25:00,1.3528,1.35286,1.35279,1.35279,0.0
2026-09-13 05:26:00,1.3528,1.35283,1.35278,1.35283,0.0
2026-09-13 05:27:00,1.3528,1.35286,1.35279,1.35279,0.0
2026-09-13 05:28:00,1.3528,1.35283,1.35278,1.35283,0.0
2026-09-13 05:29:00,1.3528,1.35287,1.35279,1.3528,0.0
2026-09-13 05:30:00,1.3528,1.35283,1.3528,1.35283,0.0
2026-09-13 05:31:00,1.35282,1.35285,1.35282,1.35284,0.0
2026-09-13 05:32:00,1.35282,1.35282,1.35271,1.35282,0.0
2026-09-13 05:33:00,1.35281,1.35281,1.35263,1.35266,0.0
2026-09-13 05:34:00,1.35269,1.35274,1.35268,1.35268,0.0
2026-09-13 05:35:00,1.35269,1.35272,1.35268,1.35272,0.0
2026-09-13 05:36:00,1.35269,1.35275,1.35268,1.35268,0.0
2026-09-13 05:37:00,1.35269,1.35272,1.35267,1.35272,0.0
2026-09-13 05:38:00,1.35269,1.35275,1.35269,1.35269,0.0
2026-09-13 05:39:00,1.35269,1.35275,1.35269,1.35274,0.0
2026-09-13 05:40:00,1.35268,1.35281,1.35268,1.35279,0.0
2026-09-13 05:41:00,1.35276,1.35278,1.35276,1.35278,0.0
2026-09-13 05:42:00,1.35277,1.35279,1.35277,1.35279,0.0
2026-09-13 05:43:00,1.35277,1.3528,1.35276,1.35276,0.0
2026-09-13 05:44:00,1.35277,1.35279,1.35276,1.35279,0.0
2026-09-13 05:45:00,1.35277,1.35282,1.35276,1.35276,0.0
2026-09-13 05:46:00,1.35277,1.3528,1.35275,1.3528,0.0
2026-09-13 05:47:00,1.35277,1.35283,1.35276,1.35276,0.0
2026-09-13 05:48:00,1.35277,1.35279,1.35275,1.35279,0.0
2026-09-13 05:49:00,1.35277,1.35282,1.35276,1.35276,0.0
2026-09-13 05:50:00,1.35277,1.35278,1.35276,1.35278,0.0
2026-09-13 05:51:00,1.35277,1.3528,1.35277,1.35279,0.0
2026-09-13 05:52:00,1.35277,1.35279,1.35277,1.35277,0.0
2026-09-13 05:53:00,1.35277,1.35279,1.35277,1.35279,0.0
2026-09-13 05:54:00,1.35277,1.35281,1.35276,1.35276,0.0
2026-09-13 05:55:00,1.35277,1.3528,1.35275,1.3528,0.0
2026-09-13 05:56:00,1.35277,1.35282,1.35276,1.35276,0.0
2026-09-13 05:57:00,1.35277,1.3528,1.35275,1.3528,0.0
2026-09-13 05:58:00,1.35277,1.35283,1.35276,1.35276,0.0
2026-09-13 05:59:00,1.35277,1.35279,1.35275,1.35279,0.0
2026-09-13 06:00:00,1.35277,1.35283,1.35275,1.35277,0.0
2026-09-13 06:01:00,1.35277,1.35285,1.35277,1.35283,0.0
2026-09-13 06:02:00,1.35278,1.35287,1.35278,1.35287,0.0
2026-09-13 06:03:00,1.35284,1.35287,1.35284,1.35284,0.0
2026-09-13 06:04:00,1.35284,1.35287,1.35284,1.35287,0.0
2026-09-13 06:05:00,1.35284,1.35289,1.35283,1.35283,0.0
2026-09-13 06:06:00,1.35284,1.35287,1.35282,1.35287,0.0
2026-09-13 06:07:00,1.35284,1.3529,1.35283,1.35283,0.0
2026-09-13 06:08:00,1.35284,1.35287,1.35282,1.35287,0.0
2026-09-13 06:09:00,1.35284,1.3529,1.35284,1.35284,0.0
2026-09-13 06:10:00,1.35284,1.35286,1.35283,1.35286,0.0
2026-09-13 06:11:00,1.35284,1.35288,1.35284,1.35287,0.0
2026-09-13 06:12:00,1.35284,1.35286,1.35284,1.35286,0.0
2026-09-13 06:13:00,1.35284,1.35286,1.35284,1.35286,0.0
2026-09-13 06:14:00,1.35284,1.35288,1.35284,1.35284,0.0
2026-09-13 06:15:00,1.35284,1.35287,1.35283,1.35287,0.0
2026-09-13 06:16:00,1.35284,1.3529,1.35283,1.35283,0.0
2026-09-13 06:17:00,1.35284,1.35287,1.35282,1.35287,0.0
2026-09-13 06:18:00,1.35284,1.3529,1.35283,1.35283,0.0
2026-09-13 06:19:00,1.35284,1.35287,1.35283,1.35287,0.0
2026-09-13 06:20:00,1.35284,1.35289,1.35284,1.35284,0.0
2026-09-13 06:21:00,1.35284,1.35286,1.35284,1.35286,0.0
2026-09-13 06:22:00,1.35284,1.35287,1.35284,1.35286,0.0
2026-09-13 06:23:00,1.35284,1.35287,1.35284,1.35284,0.0
2026-09-13 06:24:00,1.35284,1.35287,1.35284,1.35287,0.0
2026-09-13 06:25:00,1.35284,1.35289,1.35283,1.35283,0.0
2026-09-13 06:26:00,1.35284,1.35287,1.35283,1.35287,0.0
2026-09-13 06:27:00,1.35284,1.3529,1.35283,1.35283,0.0
2026-09-13 06:28:00,1.35284,1.35287,1.35282,1.35287,0.0
2026-09-13 06:29:00,1.35284,1.35289,1.35284,1.35284,0.0
2026-09-13 06:30:00,1.35284,1.35285,1.3528,1.35285,0.0
2026-09-13 06:31:00,1.35284,1.35284,1.3528,1.35281,0.0
2026-09-13 06:32:00,1.35281,1.35281,1.3528,1.35281,0.0
2026-09-13 06:33:00,1.3528,1.35282,1.3528,1.35282,0.0
2026-09-13 06:34:00,1.3528,1.35284,1.3528,1.3528,0.0
2026-09-13 06:35:00,1.3528,1.35283,1.35279,1.35283,0.0
2026-09-13 06:36:00,1.3528,1.35286,1.35279,1.35279,0.0
2026-09-13 06:37:00,1.3528,1.35283,1.35278,1.35283,0.0
2026-09-13 06:38:00,1.3528,1.35286,1.35279,1.35279,0.0
2026-09-13 06:39:00,1.3528,1.35283,1.35278,1.35283,0.0
2026-09-13 06:40:00,1.3528,1.35285,1.3528,1.3528,0.0
2026-09-13 06:41:00,1.3528,1.35282,1.3528,1.35282,0.0
2026-09-13 06:42:00,1.3528,1.35283,1.3528,1.35282,0.0
2026-09-13 06:43:00,1.3528,1.35281,1.3528,1.3528,0.0
2026-09-13 06:44:00,1.3528,1.35282,1.35279,1.35282,0.0
2026-09-13 06:45:00,1.35279,1.35284,1.35279,1.35279,0.0
2026-09-13 06:46:00,1.35279,1.35282,1.35278,1.35282,0.0
2026-09-13 06:47:00,1.35279,1.35287,1.35277,1.35277,0.0
2026-09-13 06:48:00,1.3528,1.35284,1.35279,1.35284,0.0
2026-09-13 06:49:00,1.35281,1.35287,1.35281,1.35281,0.0
2026-09-13 06:50:00,1.35281,1.35283,1.3528,1.35283,0.0
2026-09-13 06:51:00,1.35281,1.35286,1.35281,1.35285,0.0
2026-09-13 06:52:00,1.35281,1.35282,1.35281,1.35282,0.0
2026-09-13 06:53:00,1.35281,1.35284,1.35281,1.35284,0.0
2026-09-13 06:54:00,1.35281,1.35284,1.35281,1.35283,0.0
2026-09-13 06:55:00,1.35282,1.35283,1.3528,1.35283,0.0
2026-09-13 06:56:00,1.35281,1.35286,1.3528,1.3528,0.0
2026-09-13 06:57:00,1.35281,1.35284,1.35278,1.35284,0.0
2026-09-13 06:58:00,1.35281,1.35286,1.35279,1.35279,0.0
2026-09-13 06:59:00,1.3528,1.35282,1.35277,1.35282,0.0
2026-09-13 07:00:00,1.3528,1.35284,1.35278,1.35278,0.0
2026-09-13 07:01:00,1.35279,1.35283,1.35279,1.35282,0.0
2026-09-13 07:02:00,1.35279,1.35287,1.35279,1.35286,0.0
2026-09-13 07:03:00,1.35283,1.35285,1.35283,1.35285,0.0
2026-09-13 07:04:00,1.35283,1.35285,1.35283,1.35285,0.0
2026-09-13 07:05:00,1.35283,1.35288,1.35283,1.35283,0.0
2026-09-13 07:06:00,1.35283,1.35287,1.35283,1.35287,0.0
2026-09-13 07:07:00,1.35284,1.3529,1.35283,1.35283,0.0
2026-09-13 07:08:00,1.35284,1.35287,1.35282,1.35287,0.0
2026-09-13 07:09:00,1.35284,1.3529,1.35283,1.35283,0.0
2026-09-13 07:10:00,1.35284,1.35286,1.35283,1.35286,0.0
2026-09-13 07:11:00,1.35284,1.35289,1.35283,1.35284,0.0
2026-09-13 07:12:00,1.35284,1.35285,1.35284,1.35285,0.0
2026-09-13 07:13:00,1.35284,1.35286,1.35284,1.35286,0.0
2026-09-13 07:14:00,1.35284,1.35287,1.35284,1.35284,0.0
2026-09-13 07:15:00,1.35284,1.35287,1.35284,1.35287,0.0
2026-09-13 07:16:00,1.35284,1.35289,1.35283,1.35283,0.0
2026-09-13 07:17:00,1.35284,1.35287,1.35282,1.35287,0.0
2026-09-13 07:18:00,1.35284,1.3529,1.35283,1.35283,0.0
2026-09-13 07:19:00,1.35284,1.35287,1.35281,1.35287,0.0
2026-09-13 07:20:00,1.35284,1.35287,1.35283,1.35283,0.0
2026-09-13 07:21:00,1.35283,1.35283,1.3528,1.35283,0.0
2026-09-13 07:22:00,1.35281,1.35285,1.35281,1.35284,0.0
2026-09-13 07:23:00,1.35281,1.35283,1.35281,1.35283,0.0
2026-09-13 07:24:00,1.35281,1.35283,1.35281,1.35283,0.0
2026-09-13 07:25:00,1.35281,1.35285,1.35281,1.35281,0.0
2026-09-13 07:26:00,1.35281,1.35284,1.3528,1.35284,0.0
2026-09-13 07:27:00,1.35281,1.35287,1.3528,1.3528,0.0
2026-09-13 07:28:00,1.35281,1.35284,1.35279,1.35284,0.0
2026-09-13 07:29:00,1.35281,1.35287,1.3528,1.3528,0.0
2026-09-13 07:30:00,1.35281,1.35284,1.3528,1.35284,0.0
2026-09-13 07:31:00,1.35281,1.35286,1.35281,1.35281,0.0
2026-09-13 07:32:00,1.35281,1.35283,1.35281,1.35283,0.0
2026-09-13 07:33:00,1.35281,1.35284,1.35281,1.35284,0.0
2026-09-13 07:34:00,1.35281,1.35284,1.35281,1.35283,0.0
2026-09-13 07:35:00,1.35281,1.35284,1.35281,1.35284,0.0
2026-09-13 07:36:00,1.35282,1.35287,1.35281,1.35281,0.0
2026-09-13 07:37:00,1.35282,1.35285,1.3528,1.35285,0.0
2026-09-13 07:38:00,1.35282,1.35288,1.35281,1.35281,0.0
2026-09-13 07:39:00,1.35282,1.35285,1.3528,1.35285,0.0
2026-09-13 07:40:00,1.35282,1.35287,1.35281,1.35281,0.0
2026-09-13 07:41:00,1.35282,1.35284,1.35282,1.35284,0.0
2026-09-13 07:42:00,1.35282,1.35287,1.35282,1.35286,0.0
2026-09-13 07:43:00,1.35283,1.35285,1.35283,1.35285,0.0
2026-09-13 07:44:00,1.35283,1.35285,1.35283,1.35285,0.0
2026-09-13 07:45:00,1.35283,1.35287,1.35283,1.35283,0.0
2026-09-13 07:46:00,1.35283,1.35286,1.35282,1.35286,0.0
2026-09-13 07:47:00,1.35283,1.35289,1.35282,1.35282,0.0
2026-09-13 07:48:00,1.35283,1.35286,1.35281,1.35286,0.0
2026-09-13 07:49:00,1.35283,1.35289,1.35282,1.35282,0.0
2026-09-13 07:50:00,1.35283,1.35285,1.35281,1.35285,0.0
2026-09-13 07:51:00,1.35283,1.35287,1.35281,1.35281,0.0
2026-09-13 07:52:00,1.35282,1.35284,1.35282,1.35284,0.0
2026-09-13 07:53:00,1.35282,1.35285,1.35282,1.35284,0.0
2026-09-13 07:54:00,1.35282,1.35285,1.35282,1.35284,0.0
2026-09-13 07:55:00,1.35282,1.35285,1.35282,1.35285,0.0
2026-09-13 07:56:00,1.35282,1.35286,1.35282,1.35282,0.0
2026-09-13 07:57:00,1.35282,1.35285,1.35281,1.35285,0.0
2026-09-13 07:58:00,1.35282,1.35288,1.35281,1.35281,0.0
2026-09-13 07:59:00,1.35282,1.35285,1.3528,1.35285,0.0
2026-09-13 08:00:00,1.35282,1.35288,1.35281,1.35281,0.0
2026-09-13 08:01:00,1.35282,1.35284,1.35281,1.35284,0.0
2026-09-13 08:02:00,1.35282,1.35289,1.3528,1.35282,0.0
2026-09-13 08:03:00,1.35282,1.35287,1.35282,1.35287,0.0
2026-09-13 08:04:00,1.35285,1.35287,1.35285,1.35287,0.0
2026-09-13 08:05:00,1.35285,1.35288,1.35285,1.35285,0.0
2026-09-13 08:06:00,1.35285,1.35287,1.35284,1.35287,0.0
2026-09-13 08:07:00,1.35285,1.3529,1.35284,1.35284,0.0
2026-09-13 08:08:00,1.35285,1.35288,1.35283,1.35288,0.0
2026-09-13 08:09:00,1.35285,1.35291,1.35284,1.35284,0.0
2026-09-13 08:10:00,1.35285,1.35288,1.3528,1.35288,0.0
2026-09-13 08:11:00,1.35285,1.35287,1.3528,1.35281,0.0
2026-09-13 08:12:00,1.35282,1.35283,1.35281,1.35283,0.0
2026-09-13 08:13:00,1.35282,1.35285,1.35282,1.35284,0.0
2026-09-13 08:14:00,1.35282,1.35284,1.35282,1.35282,0.0
2026-09-13 08:15:00,1.35282,1.35284,1.35282,1.35284,0.0
2026-09-13 08:16:00,1.35282,1.35286,1.35281,1.35281,0.0
2026-09-13 08:17:00,1.35282,1.35285,1.35281,1.35285,0.0
2026-09-13 08:18:00,1.35282,1.35288,1.35281,1.35281,0.0
2026-09-13 08:19:00,1.35282,1.35285,1.3528,1.35285,0.0
2026-09-13 08:20:00,1.35282,1.35288,1.35281,1.35281,0.0
2026-09-13 08:21:00,1.35282,1.35284,1.3528,1.35284,0.0
2026-09-13 08:22:00,1.35282,1.35286,1.35282,1.35282,0.0
2026-09-13 08:23:00,1.35282,1.35283,1.35282,1.35283,0.0
2026-09-13 08:24:00,1.35282,1.35284,1.35282,1.35284,0.0
2026-09-13 08:25:00,1.35282,1.35285,1.35282,1.35282,0.0
2026-09-13 08:26:00,1.35282,1.35284,1.35282,1.35284,0.0
2026-09-13 08:27:00,1.35282,1.35287,1.35281,1.35281,0.0
2026-09-13 08:28:00,1.35282,1.35285,1.3528,1.35285,0.0
2026-09-13 08:29:00,1.35282,1.35288,1.35281,1.35281,0.0
2026-09-13 08:30:00,1.35282,1.35285,1.3528,1.35285,0.0
2026-09-13 08:31:00,1.35282,1.35287,1.35281,1.35281,0.0
2026-09-13 08:32:00,1.35282,1.35284,1.35281,1.35284,0.0
2026-09-13 08:33:00,1.35282,1.35285,1.35282,1.35284,0.0
2026-09-13 08:34:00,1.35282,1.35283,1.35282,1.35282,0.0
2026-09-13 08:35:00,1.35282,1.35284,1.35282,1.35284,0.0
2026-09-13 08:36:00,1.35282,1.35285,1.35281,1.35281,0.0
2026-09-13 08:37:00,1.35281,1.35284,1.35281,1.35284,0.0
2026-09-13 08:38:00,1.35281,1.35287,1.3528,1.3528,0.0
2026-09-13 08:39:00,1.35281,1.35284,1.35279,1.35284,0.0
2026-09-13 08:40:00,1.35281,1.35286,1.35281,1.35281,0.0
2026-09-13 08:41:00,1.35281,1.35283,1.35279,1.35283,0.0
2026-09-13 08:42:00,1.3528,1.35285,1.3528,1.3528,0.0
2026-09-13 08:43:00,1.3528,1.35281,1.3528,1.35281,0.0
2026-09-13 08:44:00,1.3528,1.35283,1.3528,1.35282,0.0
2026-09-13 08:45:00,1.3528,1.35283,1.3528,1.3528,0.0
2026-09-13 08:46:00,1.3528,1.35283,1.3528,1.35283,0.0
2026-09-13 08:47:00,1.3528,1.35285,1.35279,1.35279,0.0
2026-09-13 08:48:00,1.3528,1.35283,1.35279,1.35283,0.0
2026-09-13 08:49:00,1.3528,1.35286,1.35279,1.35279,0.0
2026-09-13 08:50:00,1.3528,1.35283,1.35278,1.35283,0.0
2026-09-13 08:51:00,1.3528,1.35286,1.3528,1.3528,0.0
2026-09-13 08:52:00,1.3528,1.35282,1.35279,1.35282,0.0
2026-09-13 08:53:00,1.3528,1.35284,1.3528,1.35283,0.0
2026-09-13 08:54:00,1.3528,1.35281,1.3528,1.35281,0.0
2026-09-13 08:55:00,1.3528,1.35282,1.3528,1.35282,0.0
2026-09-13 08:56:00,1.3528,1.35284,1.3528,1.3528,0.0
2026-09-13 08:57:00,1.3528,1.35283,1.35279,1.35283,0.0
2026-09-13 08:58:00,1.3528,1.35286,1.35279,1.35279,0.0
2026-09-13 08:59:00,1.3528,1.35283,1.35278,1.35283,0.0
2026-09-13 09:00:00,1.3528,1.35285,1.35279,1.35279,0.0
2026-09-13 09:01:00,1.3528,1.35282,1.3528,1.35282,0.0
2026-09-13 09:02:00,1.35279,1.35285,1.35271,1.35284,0.0
2026-09-13 09:03:00,1.35282,1.35282,1.35258,1.35261,0.0
2026-09-13 09:04:00,1.35266,1.35269,1.35266,1.35268,0.0
2026-09-13 09:05:00,1.35266,1.35268,1.35266,1.35266,0.0
2026-09-13 09:06:00,1.35266,1.35268,1.35266,1.35268,0.0
2026-09-13 09:07:00,1.35266,1.3527,1.35265,1.35265,0.0
2026-09-13 09:08:00,1.35266,1.35269,1.35264,1.35269,0.0
2026-09-13 09:09:00,1.35266,1.35272,1.35265,1.35265,0.0
2026-09-13 09:10:00,1.35266,1.35269,1.35264,1.35269,0.0
2026-09-13 09:11:00,1.35266,1.35277,1.3526,1.35262,0.0
2026-09-13 09:12:00,1.35267,1.35274,1.35267,1.35274,0.0
2026-09-13 09:13:00,1.35271,1.35279,1.35271,1.35278,0.0
2026-09-13 09:14:00,1.35274,1.35275,1.35274,1.35275,0.0
2026-09-13 09:15:00,1.35274,1.35276,1.35274,1.35276,0.0
2026-09-13 09:16:00,1.35274,1.35278,1.35274,1.35274,0.0
2026-09-13 09:17:00,1.35274,1.35277,1.35274,1.35277,0.0
2026-09-13 09:18:00,1.35274,1.3528,1.35273,1.35273,0.0
2026-09-13 09:19:00,1.35274,1.35277,1.35272,1.35277,0.0
2026-09-13 09:20:00,1.35274,1.3528,1.35273,1.35273,0.0
2026-09-13 09:21:00,1.35274,1.35277,1.35274,1.35277,0.0
2026-09-13 09:22:00,1.35274,1.35283,1.35274,1.35281,0.0
2026-09-13 09:23:00,1.35277,1.35279,1.35277,1.35279,0.0
2026-09-13 09:24:00,1.35277,1.35281,1.35277,1.3528,0.0
2026-09-13 09:25:00,1.35277,1.35281,1.35277,1.3528,0.0
2026-09-13 09:26:00,1.35278,1.35281,1.35278,1.35281,0.0
2026-09-13 09:27:00,1.35279,1.35284,1.35279,1.35279,0.0
2026-09-13 09:28:00,1.35279,1.35282,1.35278,1.35282,0.0
2026-09-13 09:29:00,1.35279,1.35285,1.35278,1.35278,0.0
2026-09-13 09:30:00,1.35279,1.35282,1.35277,1.35282,0.0
2026-09-13 09:31:00,1.35279,1.35285,1.35279,1.35279,0.0
2026-09-13 09:32:00,1.35279,1.35282,1.35278,1.35282,0.0
2026-09-13 09:33:00,1.35279,1.35284,1.35279,1.35283,0.0
2026-09-13 09:34:00,1.35279,1.3528,1.35279,1.3528,0.0
2026-09-13 09:35:00,1.35279,1.35282,1.35279,1.35282,0.0
2026-09-13 09:36:00,1.35279,1.35282,1.35279,1.35279,0.0
2026-09-13 09:37:00,1.35279,1.35282,1.35279,1.35282,0.0
2026-09-13 09:38:00,1.35279,1.35284,1.35278,1.35278,0.0
2026-09-13 09:39:00,1.35279,1.35282,1.35278,1.35282,0.0
2026-09-13 09:40:00,1.35279,1.35285,1.35278,1.35278,0.0
2026-09-13 09:41:00,1.35279,1.35282,1.35277,1.35282,0.0
2026-09-13 09:42:00,1.35279,1.35285,1.35279,1.35279,0.0
2026-09-13 09:43:00,1.35279,1.35281,1.35279,1.35281,0.0
2026-09-13 09:44:00,1.35279,1.35283,1.35279,1.35282,0.0
2026-09-13 09:45:00,1.35279,1.35281,1.35279,1.35281,0.0
2026-09-13 09:46:00,1.35279,1.35281,1.35279,1.35281,0.0
2026-09-13 09:47:00,1.35279,1.35283,1.35279,1.35279,0.0
2026-09-13 09:48:00,1.35279,1.35282,1.35278,1.35282,0.0
2026-09-13 09:49:00,1.35279,1.35285,1.35278,1.35278,0.0
2026-09-13 09:50:00,1.35279,1.35282,1.35277,1.35282,0.0
2026-09-13 09:51:00,1.35279,1.35285,1.35279,1.35279,0.0
2026-09-13 09:52:00,1.35279,1.35282,1.35278,1.35282,0.0
2026-09-13 09:53:00,1.35279,1.35284,1.35279,1.35279,0.0
2026-09-13 09:54:00,1.35279,1.35281,1.35279,1.35281,0.0
2026-09-13 09:55:00,1.35279,1.35282,1.35279,1.35282,0.0
2026-09-13 09:56:00,1.35279,1.35282,1.35279,1.35281,0.0
2026-09-13 09:57:00,1.35279,1.35282,1.35279,1.35282,0.0
2026-09-13 09:58:00,1.35279,1.35284,1.35279,1.35279,0.0
2026-09-13 09:59:00,1.35279,1.35282,1.35278,1.35282,0.0
2026-09-13 10:00:00,1.35279,1.35285,1.35278,1.35278,0.0
2026-09-13 10:01:00,1.35279,1.35282,1.35277,1.35282,0.0
2026-09-13 10:02:00,1.35279,1.35285,1.35279,1.35279,0.0
2026-09-13 10:03:00,1.35279,1.35281,1.35278,1.35281,0.0
2026-09-13 10:04:00,1.35279,1.35283,1.35279,1.35282,0.0
2026-09-13 10:05:00,1.35279,1.35281,1.35279,1.35281,0.0
2026-09-13 10:06:00,1.35279,1.35281,1.35279,1.35281,0.0
2026-09-13 10:07:00,1.35279,1.35283,1.35279,1.35279,0.0
2026-09-13 10:08:00,1.35279,1.35282,1.35279,1.35282,0.0
2026-09-13 10:09:00,1.35279,1.35285,1.35278,1.35278,0.0
2026-09-13 10:10:00,1.35279,1.35282,1.35277,1.35282,0.0
2026-09-13 10:11:00,1.35279,1.35285,1.35279,1.35279,0.0
2026-09-13 10:12:00,1.35279,1.35282,1.35278,1.35282,0.0
2026-09-13 10:13:00,1.35279,1.35285,1.35279,1.35279,0.0
2026-09-13 10:14:00,1.35279,1.35281,1.35279,1.35281,0.0
2026-09-13 10:15:00,1.35279,1.35282,1.35279,1.35282,0.0
2026-09-13 10:16:00,1.35279,1.35281,1.35279,1.35279,0.0
2026-09-13 10:17:00,1.35279,1.35281,1.35279,1.35281,0.0
2026-09-13 10:18:00,1.35279,1.35284,1.35278,1.35278,0.0
2026-09-13 10:19:00,1.35279,1.35282,1.35278,1.35282,0.0
2026-09-13 10:20:00,1.35279,1.35285,1.35278,1.35278,0.0
2026-09-13 10:21:00,1.35279,1.35282,1.35277,1.35282,0.0
2026-09-13 10:22:00,1.35279,1.35285,1.35278,1.35278,0.0
2026-09-13 10:23:00,1.35279,1.35281,1.35278,1.35281,0.0
2026-09-13 10:24:00,1.35279,1.35283,1.35279,1.35279,0.0
2026-09-13 10:25:00,1.35279,1.3528,1.35279,1.3528,0.0
2026-09-13 10:26:00,1.35279,1.35281,1.35279,1.35281,0.0
2026-09-13 10:27:00,1.35279,1.35282,1.35279,1.35279,0.0
2026-09-13 10:28:00,1.35279,1.35282,1.35279,1.35282,0.0
2026-09-13 10:29:00,1.35279,1.35284,1.35278,1.35278,0.0
2026-09-13 10:30:00,1.35279,1.35282,1.35277,1.35282,0.0
2026-09-13 10:31:00,1.35279,1.35285,1.35278,1.35278,0.0
2026-09-13 10:32:00,1.35279,1.35297,1.3526,1.35292,0.0
2026-09-13 10:33:00,1.35282,1.35282,1.35254,1.35257,0.0
2026-09-13 10:34:00,1.35262,1.35264,1.35262,1.35264,0.0
2026-09-13 10:35:00,1.35262,1.35266,1.35262,1.35265,0.0
2026-09-13 10:36:00,1.35262,1.35264,1.35262,1.35264,0.0
2026-09-13 10:37:00,1.35262,1.35264,1.35262,1.35264,0.0
2026-09-13 10:38:00,1.35262,1.35266,1.35262,1.35262,0.0
2026-09-13 10:39:00,1.35262,1.35265,1.35261,1.35265,0.0
2026-09-13 10:40:00,1.35262,1.35272,1.35259,1.3526,0.0
2026-09-13 10:41:00,1.35263,1.35269,1.35263,1.35269,0.0
2026-09-13 10:42:00,1.35265,1.35276,1.35265,1.35274,0.0
2026-09-13 10:43:00,1.3527,1.35272,1.35269,1.35272,0.0
2026-09-13 10:44:00,1.3527,1.35275,1.3527,1.3527,0.0
2026-09-13 10:45:00,1.3527,1.35271,1.3527,1.35271,0.0
2026-09-13 10:46:00,1.3527,1.35272,1.3527,1.35272,0.0
2026-09-13 10:47:00,1.3527,1.35273,1.3527,1.3527,0.0
2026-09-13 10:48:00,1.3527,1.35273,1.3527,1.35273,0.0
2026-09-13 10:49:00,1.3527,1.35278,1.35268,1.35268,0.0
2026-09-13 10:50:00,1.35271,1.35276,1.35271,1.35276,0.0
2026-09-13 10:51:00,1.35273,1.35279,1.35272,1.35272,0.0
2026-09-13 10:52:00,1.35273,1.35276,1.35271,1.35276,0.0
2026-09-13 10:53:00,1.35273,1.35278,1.35273,1.35273,0.0
2026-09-13 10:54:00,1.35273,1.35275,1.35273,1.35275,0.0
2026-09-13 10:55:00,1.35273,1.35278,1.35273,1.35277,0.0
2026-09-13 10:56:00,1.35275,1.35276,1.35275,1.35275,0.0
2026-09-13 10:57:00,1.35275,1.35277,1.35275,1.35277,0.0
2026-09-13 10:58:00,1.35275,1.3528,1.35274,1.35274,0.0
2026-09-13 10:59:00,1.35275,1.35279,1.35275,1.35279,0.0
2026-09-13 11:00:00,1.35276,1.35281,1.35275,1.35275,0.0
2026-09-13 11:01:00,1.35276,1.35279,1.35276,1.35279,0.0
2026-09-13 11:02:00,1.35275,1.35285,1.35275,1.35283,0.0
2026-09-13 11:03:00,1.35279,1.35281,1.35279,1.35281,0.0
2026-09-13 11:04:00,1.35278,1.35285,1.35278,1.35284,0.0
2026-09-13 11:05:00,1.35281,1.35281,1.3528,1.35281,0.0
2026-09-13 11:06:00,1.3528,1.35283,1.3528,1.35283,0.0
2026-09-13 11:07:00,1.35281,1.35283,1.35281,1.35281,0.0
2026-09-13 11:08:00,1.35281,1.35283,1.35281,1.35283,0.0
2026-09-13 11:09:00,1.35281,1.35285,1.3528,1.3528,0.0
2026-09-13 11:10:00,1.35281,1.35283,1.35278,1.35283,0.0
2026-09-13 11:11:00,1.3528,1.35286,1.35279,1.35279,0.0
2026-09-13 11:12:00,1.3528,1.35283,1.35278,1.35283,0.0
2026-09-13 11:13:00,1.3528,1.35285,1.35279,1.35279,0.0
2026-09-13 11:14:00,1.3528,1.35282,1.35279,1.35282,0.0
2026-09-13 11:15:00,1.3528,1.35284,1.3528,1.3528,0.0
2026-09-13 11:16:00,1.3528,1.35281,1.3528,1.3528,0.0
2026-09-13 11:17:00,1.3528,1.35281,1.3528,1.35281,0.0
2026-09-13 11:18:00,1.3528,1.35283,1.35279,1.35279,0.0
2026-09-13 11:19:00,1.3528,1.35282,1.35279,1.35282,0.0
2026-09-13 11:20:00,1.3528,1.35285,1.35279,1.35279,0.0
2026-09-13 11:21:00,1.3528,1.35283,1.35278,1.35283,0.0
2026-09-13 11:22:00,1.3528,1.35286,1.35279,1.35279,0.0
2026-09-13 11:23:00,1.3528,1.35282,1.35278,1.35282,0.0
2026-09-13 11:24:00,1.3528,1.35285,1.3528,1.3528,0.0
2026-09-13 11:25:00,1.3528,1.35281,1.3528,1.35281,0.0
2026-09-13 11:26:00,1.3528,1.35283,1.3528,1.35282,0.0
2026-09-13 11:27:00,1.3528,1.35282,1.3528,1.3528,0.0
2026-09-13 11:28:00,1.3528,1.35282,1.3528,1.35282,0.0
2026-09-13 11:29:00,1.3528,1.35284,1.35279,1.35279,0.0
2026-09-13 11:30:00,1.3528,1.35283,1.35278,1.35283,0.0
2026-09-13 11:31:00,1.3528,1.35286,1.35279,1.35279,0.0
2026-09-13 11:32:00,1.3528,1.35283,1.35279,1.35283,0.0
2026-09-13 11:33:00,1.35279,1.35287,1.35279,1.35285,0.0
2026-09-13 11:34:00,1.35282,1.35284,1.3528,1.35284,0.0
2026-09-13 11:35:00,1.35282,1.35286,1.35282,1.35282,0.0
2026-09-13 11:36:00,1.35282,1.35283,1.35282,1.35283,0.0
2026-09-13 11:37:00,1.35282,1.35283,1.35282,1.35283,0.0
2026-09-13 11:38:00,1.35282,1.35285,1.35281,1.35281,0.0
2026-09-13 11:39:00,1.35282,1.35284,1.35281,1.35284,0.0
2026-09-13 11:40:00,1.35282,1.35287,1.35281,1.35281,0.0
2026-09-13 11:41:00,1.35282,1.35285,1.3528,1.35285,0.0
2026-09-13 11:42:00,1.35282,1.35288,1.35281,1.35281,0.0
2026-09-13 11:43:00,1.35282,1.35284,1.3528,1.35284,0.0
2026-09-13 11:44:00,1.35282,1.35287,1.35281,1.35281,0.0
2026-09-13 11:45:00,1.35282,1.35283,1.35282,1.35283,0.0
2026-09-13 11:46:00,1.35281,1.35286,1.35281,1.35285,0.0
2026-09-13 11:47:00,1.35283,1.35285,1.35283,1.35283,0.0
2026-09-13 11:48:00,1.35283,1.35285,1.35283,1.35285,0.0
2026-09-13 11:49:00,1.35283,1.35287,1.35282,1.35282,0.0
2026-09-13 11:50:00,1.35283,1.35286,1.35282,1.35286,0.0
2026-09-13 11:51:00,1.35283,1.35288,1.35282,1.35282,0.0
2026-09-13 11:52:00,1.35283,1.35286,1.35281,1.35286,0.0
2026-09-13 11:53:00,1.35283,1.35289,1.35282,1.35282,0.0
2026-09-13 11:54:00,1.35283,1.35285,1.35281,1.35285,0.0
2026-09-13 11:55:00,1.35283,1.35288,1.35282,1.35283,0.0
2026-09-13 11:56:00,1.35283,1.35284,1.35282,1.35284,0.0
2026-09-13 11:57:00,1.35283,1.35283,1.3528,1.35283,0.0
2026-09-13 11:58:00,1.35281,1.35284,1.35281,1.35281,0.0
2026-09-13 11:59:00,1.35281,1.35284,1.35281,1.35284,0.0
2026-09-13 12:00:00,1.35281,1.35286,1.3528,1.3528,0.0
2026-09-13 12:01:00,1.35281,1.35284,1.35279,1.35284,0.0
2026-09-13 12:02:00,1.35281,1.35287,1.3528,1.3528,0.0
2026-09-13 12:03:00,1.35281,1.35284,1.35279,1.35284,0.0
2026-09-13 12:04:00,1.35281,1.35287,1.35281,1.35281,0.0
2026-09-13 12:05:00,1.35281,1.35283,1.3528,1.35283,0.0
2026-09-13 12:06:00,1.35281,1.35285,1.35281,1.35284,0.0
2026-09-13 12:07:00,1.35281,1.35283,1.35281,1.35283,0.0
2026-09-13 12:08:00,1.35281,1.35283,1.35281,1.35283,0.0
2026-09-13 12:09:00,1.35281,1.35285,1.35281,1.35281,0.0
2026-09-13 12:10:00,1.35281,1.35284,1.3528,1.35284,0.0
2026-09-13 12:11:00,1.35281,1.35287,1.3528,1.3528,0.0
2026-09-13 12:12:00,1.35281,1.35284,1.35279,1.35284,0.0
2026-09-13 12:13:00,1.35281,1.35287,1.3528,1.3528,0.0
2026-09-13 12:14:00,1.35281,1.35284,1.35281,1.35284,0.0
2026-09-13 12:15:00,1.35281,1.35287,1.35281,1.35285,0.0
2026-09-13 12:16:00,1.35282,1.35284,1.35282,1.35284,0.0
2026-09-13 12:17:00,1.35282,1.35285,1.35282,1.35285,0.0
2026-09-13 12:18:00,1.35282,1.35285,1.35282,1.35282,0.0
2026-09-13 12:19:00,1.35282,1.35285,1.35282,1.35285,0.0
2026-09-13 12:20:00,1.35282,1.35287,1.35282,1.35282,0.0
2026-09-13 12:21:00,1.35282,1.35285,1.35279,1.35285,0.0
2026-09-13 12:22:00,1.35282,1.35285,1.35279,1.35279,0.0
2026-09-13 12:23:00,1.3528,1.35282,1.35277,1.35282,0.0
2026-09-13 12:24:00,1.35279,1.35285,1.35279,1.35279,0.0
2026-09-13 12:25:00,1.35279,1.35281,1.35279,1.35281,0.0
2026-09-13 12:26:00,1.35279,1.35284,1.35279,1.35283,0.0
2026-09-13 12:27:00,1.35279,1.3528,1.35279,1.3528,0.0
2026-09-13 12:28:00,1.35279,1.35281,1.35278,1.35281,0.0
2026-09-13 12:29:00,1.35279,1.35283,1.35279,1.35279,0.0
2026-09-13 12:30:00,1.35279,1.35282,1.35278,1.35282,0.0
2026-09-13 12:31:00,1.35279,1.35284,1.35278,1.35278,0.0
2026-09-13 12:32:00,1.35278,1.35282,1.35277,1.35282,0.0
2026-09-13 12:33:00,1.35278,1.35285,1.35278,1.35278,0.0
2026-09-13 12:34:00,1.35278,1.35281,1.35277,1.35281,0.0
2026-09-13 12:35:00,1.35278,1.35284,1.35278,1.35278,0.0
2026-09-13 12:36:00,1.35278,1.3528,1.35278,1.3528,0.0
2026-09-13 12:37:00,1.35278,1.35282,1.35278,1.35281,0.0
2026-09-13 12:38:00,1.35278,1.35282,1.35278,1.35281,0.0
2026-09-13 12:39:00,1.35279,1.35282,1.35279,1.35282,0.0
2026-09-13 12:40:00,1.35279,1.35284,1.35279,1.35279,0.0
2026-09-13 12:41:00,1.35279,1.35282,1.35279,1.35282,0.0
2026-09-13 12:42:00,1.35279,1.35286,1.35279,1.35284,0.0
2026-09-13 12:43:00,1.35281,1.35283,1.35279,1.35283,0.0
2026-09-13 12:44:00,1.35281,1.35286,1.3528,1.3528,0.0
2026-09-13 12:45:00,1.35281,1.35283,1.3528,1.35283,0.0
2026-09-13 12:46:00,1.3528,1.35287,1.3528,1.35285,0.0
2026-09-13 12:47:00,1.35281,1.35283,1.35281,1.35283,0.0
2026-09-13 12:48:00,1.35282,1.35284,1.35282,1.35284,0.0
2026-09-13 12:49:00,1.35282,1.35286,1.35282,1.35282,0.0
2026-09-13 12:50:00,1.35282,1.35285,1.35282,1.35285,0.0
2026-09-13 12:51:00,1.35282,1.35288,1.35282,1.35282,0.0
2026-09-13 12:52:00,1.35282,1.35286,1.35279,1.35286,0.0
2026-09-13 12:53:00,1.35283,1.35287,1.3528,1.3528,0.0
2026-09-13 12:54:00,1.35281,1.35283,1.35279,1.35283,0.0
2026-09-13 12:55:00,1.35281,1.35286,1.35281,1.35281,0.0
2026-09-13 12:56:00,1.35281,1.35282,1.3528,1.35282,0.0
2026-09-13 12:57:00,1.35281,1.35284,1.35281,1.35283,0.0
2026-09-13 12:58:00,1.35281,1.35283,1.35281,1.35281,0.0
2026-09-13 12:59:00,1.35281,1.35283,1.35281,1.35283,0.0
2026-09-13 13:00:00,1.35281,1.35284,1.3528,1.3528,0.0
2026-09-13 13:01:00,1.35281,1.35283,1.35279,1.35283,0.0
2026-09-13 13:02:00,1.3528,1.35286,1.35279,1.35279,0.0
2026-09-13 13:03:00,1.3528,1.35283,1.35278,1.35283,0.0
2026-09-13 13:04:00,1.3528,1.35286,1.35279,1.35279,0.0
2026-09-13 13:05:00,1.3528,1.35282,1.35278,1.35282,0.0
2026-09-13 13:06:00,1.3528,1.35284,1.3528,1.3528,0.0
2026-09-13 13:07:00,1.3528,1.35281,1.3528,1.35281,0.0
2026-09-13 13:08:00,1.3528,1.35282,1.3528,1.35282,0.0
2026-09-13 13:09:00,1.3528,1.35283,1.3528,1.3528,0.0
2026-09-13 13:10:00,1.3528,1.35282,1.3528,1.35282,0.0
2026-09-13 13:11:00,1.3528,1.35287,1.35278,1.35278,0.0
2026-09-13 13:12:00,1.3528,1.35285,1.3528,1.35285,0.0
2026-09-13 13:13:00,1.35282,1.35288,1.35281,1.35281,0.0
2026-09-13 13:14:00,1.35282,1.35284,1.35278,1.35284,0.0
2026-09-13 13:15:00,1.35282,1.35286,1.3528,1.3528,0.0
2026-09-13 13:16:00,1.3528,1.35282,1.35279,1.35282,0.0
2026-09-13 13:17:00,1.3528,1.35284,1.3528,1.35283,0.0
2026-09-13 13:18:00,1.3528,1.35282,1.3528,1.35282,0.0
2026-09-13 13:19:00,1.3528,1.35282,1.3528,1.35282,0.0
2026-09-13 13:20:00,1.3528,1.35284,1.3528,1.3528,0.0
2026-09-13 13:21:00,1.3528,1.35283,1.35279,1.35283,0.0
2026-09-13 13:22:00,1.3528,1.35286,1.35279,1.35279,0.0
2026-09-13 13:23:00,1.3528,1.35283,1.35278,1.35283,0.0
2026-09-13 13:24:00,1.3528,1.35286,1.35279,1.35279,0.0
2026-09-13 13:25:00,1.3528,1.35283,1.35279,1.35283,0.0
2026-09-13 13:26:00,1.3528,1.35285,1.3528,1.3528,0.0
2026-09-13 13:27:00,1.3528,1.35282,1.3528,1.35282,0.0
2026-09-13 13:28:00,1.3528,1.35283,1.3528,1.35283,0.0
2026-09-13 13:29:00,1.3528,1.35283,1.3528,1.3528,0.0
2026-09-13 13:30:00,1.3528,1.35283,1.3528,1.35283,0.0
2026-09-13 13:31:00,1.3528,1.35285,1.35279,1.35279,0.0
2026-09-13 13:32:00,1.3528,1.35283,1.35279,1.35283,0.0
2026-09-13 13:33:00,1.3528,1.35286,1.35279,1.35279,0.0
2026-09-13 13:34:00,1.3528,1.35283,1.35278,1.35283,0.0
2026-09-13 13:35:00,1.3528,1.35286,1.3528,1.3528,0.0
2026-09-13 13:36:00,1.3528,1.35282,1.3528,1.35282,0.0
2026-09-13 13:37:00,1.3528,1.35284,1.3528,1.35283,0.0
2026-09-13 13:38:00,1.35282,1.35282,1.3528,1.3528,0.0
2026-09-13 13:39:00,1.3528,1.35282,1.3528,1.35282,0.0
2026-09-13 13:40:00,1.3528,1.35284,1.3528,1.3528,0.0
2026-09-13 13:41:00,1.3528,1.35283,1.3528,1.35283,0.0
2026-09-13 13:42:00,1.3528,1.35286,1.35279,1.35279,0.0
2026-09-13 13:43:00,1.3528,1.35283,1.35278,1.35283,0.0
2026-09-13 13:44:00,1.3528,1.35286,1.35279,1.35279,0.0
2026-09-13 13:45:00,1.3528,1.35283,1.35279,1.35283,0.0
2026-09-13 13:46:00,1.3528,1.35285,1.3528,1.3528,0.0
2026-09-13 13:47:00,1.3528,1.35282,1.3528,1.35282,0.0
2026-09-13 13:48:00,1.3528,1.35283,1.3528,1.35282,0.0
2026-09-13 13:49:00,1.3528,1.35283,1.3528,1.35282,0.0
2026-09-13 13:50:00,1.3528,1.35283,1.3528,1.35283,0.0
2026-09-13 13:51:00,1.3528,1.35285,1.3528,1.3528,0.0
2026-09-13 13:52:00,1.3528,1.35283,1.35279,1.35283,0.0
2026-09-13 13:53:00,1.3528,1.35286,1.35279,1.35279,0.0
2026-09-13 13:54:00,1.3528,1.35283,1.35278,1.35283,0.0
2026-09-13 13:55:00,1.3528,1.35286,1.3528,1.3528,0.0
2026-09-13 13:56:00,1.3528,1.35282,1.35279,1.35282,0.0
2026-09-13 13:57:00,1.3528,1.35285,1.3528,1.35284,0.0
2026-09-13 13:58:00,1.3528,1.35281,1.3528,1.35281,0.0
2026-09-13 13:59:00,1.3528,1.35282,1.3528,1.35282,0.0
2026-09-13 14:00:00,1.3528,1.35285,1.3528,1.3528,0.0
2026-09-13 14:01:00,1.3528,1.35284,1.3528,1.35284,0.0
2026-09-13 14:02:00,1.35282,1.35285,1.35279,1.35279,0.0
2026-09-13 14:03:00,1.3528,1.35282,1.35278,1.35282,0.0
2026-09-13 14:04:00,1.35279,1.35285,1.35278,1.35278,0.0
2026-09-13 14:05:00,1.35279,1.35282,1.35278,1.35282,0.0
2026-09-13 14:06:00,1.35279,1.35285,1.35279,1.35279,0.0
2026-09-13 14:07:00,1.35279,1.35281,1.35279,1.35281,0.0
2026-09-13 14:08:00,1.35279,1.35283,1.35279,1.35282,0.0
2026-09-13 14:09:00,1.35279,1.35281,1.35279,1.35281,0.0
2026-09-13 14:10:00,1.35279,1.35281,1.35279,1.35281,0.0
2026-09-13 14:11:00,1.35279,1.35284,1.35279,1.35279,0.0
2026-09-13 14:12:00,1.35279,1.35282,1.35278,1.35282,0.0
2026-09-13 14:13:00,1.35279,1.35285,1.35278,1.35278,0.0
2026-09-13 14:14:00,1.35279,1.35282,1.35277,1.35282,0.0
2026-09-13 14:15:00,1.35279,1.35285,1.35279,1.35279,0.0
2026-09-13 14:16:00,1.35279,1.35282,1.35278,1.35282,0.0
2026-09-13 14:17:00,1.35279,1.35284,1.35279,1.35283,0.0
2026-09-13 14:18:00,1.35279,1.35281,1.35279,1.35281,0.0
2026-09-13 14:19:00,1.35279,1.35282,1.35279,1.35282,0.0
2026-09-13 14:20:00,1.35279,1.35282,1.35279,1.35279,0.0
2026-09-13 14:21:00,1.35279,1.35282,1.35279,1.35282,0.0
2026-09-13 14:22:00,1.35279,1.35287,1.35279,1.35285,0.0
2026-09-13 14:23:00,1.35281,1.35285,1.3528,1.35285,0.0
2026-09-13 14:24:00,1.35281,1.35288,1.35281,1.35281,0.0
2026-09-13 14:25:00,1.35281,1.35284,1.3528,1.35284,0.0
2026-09-13 14:26:00,1.35281,1.35288,1.3528,1.35281,0.0
2026-09-13 14:27:00,1.35282,1.35285,1.35281,1.35285,0.0
2026-09-13 14:28:00,1.35283,1.35287,1.35283,1.35286,0.0
2026-09-13 14:29:00,1.35283,1.35285,1.35283,1.35285,0.0
2026-09-13 14:30:00,1.35283,1.35285,1.35283,1.35285,0.0
2026-09-13 14:31:00,1.35283,1.35287,1.35283,1.35283,0.0
2026-09-13 14:32:00,1.35283,1.35286,1.35283,1.35286,0.0
2026-09-13 14:33:00,1.35283,1.35289,1.35282,1.35282,0.0
2026-09-13 14:34:00,1.35283,1.35286,1.35281,1.35286,0.0
2026-09-13 14:35:00,1.35283,1.35289,1.35283,1.35283,0.0
2026-09-13 14:36:00,1.35283,1.35286,1.35282,1.35286,0.0
2026-09-13 14:37:00,1.35283,1.35288,1.35283,1.35287,0.0
2026-09-13 14:38:00,1.35283,1.35285,1.35283,1.35285,0.0
2026-09-13 14:39:00,1.35283,1.35286,1.35283,1.35286,0.0
2026-09-13 14:40:00,1.35283,1.35286,1.35283,1.35285,0.0
2026-09-13 14:41:00,1.35283,1.35286,1.35283,1.35286,0.0
2026-09-13 14:42:00,1.35283,1.35288,1.35283,1.35283,0.0
2026-09-13 14:43:00,1.35283,1.35286,1.35282,1.35286,0.0
2026-09-13 14:44:00,1.35283,1.35289,1.35282,1.35282,0.0
2026-09-13 14:45:00,1.35283,1.35286,1.35281,1.35286,0.0
2026-09-13 14:46:00,1.35283,1.35289,1.35283,1.35283,0.0
2026-09-13 14:47:00,1.35283,1.35285,1.35282,1.35285,0.0
2026-09-13 14:48:00,1.35283,1.35287,1.35283,1.35286,0.0
2026-09-13 14:49:00,1.35283,1.35285,1.35283,1.35285,0.0
2026-09-13 14:50:00,1.35283,1.35285,1.35283,1.35285,0.0
2026-09-13 14:51:00,1.35283,1.35286,1.35283,1.35283,0.0
2026-09-13 14:52:00,1.35283,1.35285,1.35283,1.35285,0.0
2026-09-13 14:53:00,1.35283,1.35289,1.35282,1.35282,0.0
2026-09-13 14:54:00,1.35283,1.35286,1.35282,1.35286,0.0
2026-09-13 14:55:00,1.35283,1.3529,1.35283,1.35283,0.0
2026-09-13 14:56:00,1.35283,1.35286,1.35282,1.35286,0.0
2026-09-13 14:57:00,1.35283,1.35289,1.35283,1.35283,0.0
2026-09-13 14:58:00,1.35283,1.35285,1.35283,1.35285,0.0
2026-09-13 14:59:00,1.35283,1.35286,1.35283,1.35286,0.0
2026-09-13 15:00:00,1.35283,1.35286,1.35283,1.35285,0.0
2026-09-13 15:01:00,1.35283,1.35286,1.35283,1.35286,0.0
2026-09-13 15:02:00,1.35283,1.35288,1.35283,1.35283,0.0
2026-09-13 15:03:00,1.35283,1.35286,1.35282,1.35286,0.0
2026-09-13 15:04:00,1.35283,1.35289,1.35282,1.35282,0.0
2026-09-13 15:05:00,1.35283,1.35286,1.35281,1.35286,0.0
2026-09-13 15:06:00,1.35283,1.35289,1.35283,1.35283,0.0
2026-09-13 15:07:00,1.35283,1.35286,1.35282,1.35286,0.0
2026-09-13 15:08:00,1.35283,1.35288,1.35283,1.35287,0.0
2026-09-13 15:09:00,1.35283,1.35284,1.35283,1.35284,0.0
2026-09-13 15:10:00,1.35283,1.35285,1.35283,1.35285,0.0
2026-09-13 15:11:00,1.35283,1.35287,1.35283,1.35283,0.0
2026-09-13 15:12:00,1.35283,1.35286,1.35283,1.35286,0.0
2026-09-13 15:13:00,1.35283,1.35289,1.35283,1.35283,0.0
2026-09-13 15:14:00,1.35283,1.35286,1.35282,1.35286,0.0
2026-09-13 15:15:00,1.35283,1.3529,1.35283,1.35283,0.0
2026-09-13 15:16:00,1.35283,1.35286,1.35281,1.35286,0.0
2026-09-13 15:17:00,1.35284,1.35286,1.35283,1.35283,0.0
2026-09-13 15:18:00,1.35283,1.35283,1.3528,1.35283,0.0
2026-09-13 15:19:00,1.35281,1.35284,1.35281,1.35283,0.0
2026-09-13 15:20:00,1.35281,1.35283,1.35281,1.35281,0.0
2026-09-13 15:21:00,1.35281,1.35283,1.35281,1.35283,0.0
2026-09-13 15:22:00,1.35281,1.35285,1.3528,1.3528,0.0
2026-09-13 15:23:00,1.35281,1.35284,1.3528,1.35284,0.0
2026-09-13 15:24:00,1.35281,1.35287,1.3528,1.3528,0.0
2026-09-13 15:25:00,1.35281,1.35284,1.35279,1.35284,0.0
2026-09-13 15:26:00,1.35281,1.35287,1.3528,1.3528,0.0
2026-09-13 15:27:00,1.35281,1.35283,1.3528,1.35283,0.0
2026-09-13 15:28:00,1.35281,1.35286,1.35281,1.35281,0.0
2026-09-13 15:29:00,1.35281,1.35282,1.35281,1.35282,0.0
2026-09-13 15:30:00,1.35281,1.35283,1.35281,1.35283,0.0
2026-09-13 15:31:00,1.35281,1.35284,1.35281,1.35281,0.0
2026-09-13 15:32:00,1.35281,1.35284,1.35281,1.35284,0.0
2026-09-13 15:33:00,1.35281,1.35286,1.3528,1.3528,0.0
2026-09-13 15:34:00,1.35281,1.35284,1.35279,1.35284,0.0
2026-09-13 15:35:00,1.35281,1.35287,1.3528,1.3528,0.0
2026-09-13 15:36:00,1.35281,1.35284,1.35279,1.35284,0.0
2026-09-13 15:37:00,1.35281,1.35287,1.35281,1.35281,0.0
2026-09-13 15:38:00,1.35281,1.35283,1.3528,1.35283,0.0
2026-09-13 15:39:00,1.35281,1.35285,1.35281,1.35284,0.0
2026-09-13 15:40:00,1.35281,1.35283,1.35281,1.35283,0.0
2026-09-13 15:41:00,1.35281,1.35283,1.35281,1.35283,0.0
2026-09-13 15:42:00,1.35281,1.35286,1.35281,1.35285,0.0
2026-09-13 15:43:00,1.35282,1.35285,1.35281,1.35285,0.0
2026-09-13 15:44:00,1.35282,1.35287,1.35281,1.35281,0.0
2026-09-13 15:45:00,1.35282,1.35285,1.3528,1.35285,0.0
2026-09-13 15:46:00,1.35282,1.35288,1.35281,1.35281,0.0
2026-09-13 15:47:00,1.35282,1.35284,1.3528,1.35284,0.0
2026-09-13 15:48:00,1.35282,1.35287,1.35282,1.35282,0.0
2026-09-13 15:49:00,1.35282,1.35283,1.35282,1.35283,0.0
2026-09-13 15:50:00,1.35282,1.35284,1.35282,1.35284,0.0
2026-09-13 15:51:00,1.35282,1.35284,1.35282,1.35282,0.0
2026-09-13 15:52:00,1.35282,1.35284,1.35282,1.35284,0.0
2026-09-13 15:53:00,1.35282,1.35287,1.35281,1.35281,0.0
2026-09-13 15:54:00,1.35282,1.35285,1.3528,1.35285,0.0
2026-09-13 15:55:00,1.35282,1.35288,1.35281,1.35281,0.0
2026-09-13 15:56:00,1.35282,1.35285,1.3528,1.35285,0.0
2026-09-13 15:57:00,1.35282,1.35287,1.35281,1.35281,0.0
2026-09-13 15:58:00,1.35282,1.35284,1.35281,1.35284,0.0
2026-09-13 15:59:00,1.35282,1.35286,1.35282,1.35282,0.0
2026-09-13 16:00:00,1.35282,1.35283,1.35282,1.35283,0.0
2026-09-13 16:01:00,1.35282,1.35285,1.35282,1.35285,0.0
2026-09-13 16:02:00,1.35282,1.35287,1.35282,1.35286,0.0
2026-09-13 16:03:00,1.35283,1.35286,1.35282,1.35286,0.0
2026-09-13 16:04:00,1.35283,1.35288,1.35282,1.35282,0.0
2026-09-13 16:05:00,1.35283,1.35286,1.35281,1.35286,0.0
2026-09-13 16:06:00,1.35283,1.35289,1.35282,1.35282,0.0
2026-09-13 16:07:00,1.35283,1.35286,1.35282,1.35286,0.0
2026-09-13 16:08:00,1.35283,1.35288,1.35283,1.35283,0.0
2026-09-13 16:09:00,1.35283,1.35285,1.35283,1.35285,0.0
2026-09-13 16:10:00,1.35283,1.35286,1.35283,1.35285,0.0
2026-09-13 16:11:00,1.35283,1.35286,1.35283,1.35285,0.0
2026-09-13 16:12:00,1.35283,1.35286,1.35283,1.35286,0.0
2026-09-13 16:13:00,1.35283,1.35288,1.35283,1.35283,0.0
2026-09-13 16:14:00,1.35283,1.35286,1.35282,1.35286,0.0
2026-09-13 16:15:00,1.35283,1.35289,1.35282,1.35282,0.0
2026-09-13 16:16:00,1.35283,1.35286,1.35281,1.35286,0.0
2026-09-13 16:17:00,1.35283,1.35289,1.35283,1.35283,0.0
2026-09-13 16:18:00,1.35283,1.35285,1.35282,1.35285,0.0
2026-09-13 16:19:00,1.35283,1.35288,1.35283,1.35287,0.0
2026-09-13 16:20:00,1.35283,1.35284,1.35283,1.35284,0.0
2026-09-13 16:21:00,1.35283,1.35285,1.35283,1.35285,0.0
2026-09-13 16:22:00,1.35283,1.35287,1.35283,1.35283,0.0
2026-09-13 16:23:00,1.35283,1.35286,1.35283,1.35286,0.0
2026-09-13 16:24:00,1.35283,1.35289,1.35282,1.35282,0.0
2026-09-13 16:25:00,1.35283,1.35286,1.35281,1.35286,0.0
2026-09-13 16:26:00,1.35283,1.35289,1.35282,1.35282,0.0
2026-09-13 16:27:00,1.35283,1.35286,1.35281,1.35286,0.0
2026-09-13 16:28:00,1.35283,1.35289,1.35283,1.35283,0.0
2026-09-13 16:29:00,1.35283,1.35285,1.35283,1.35285,0.0
2026-09-13 16:30:00,1.35283,1.35287,1.35283,1.35286,0.0
2026-09-13 16:31:00,1.35283,1.35285,1.35283,1.35285,0.0
2026-09-13 16:32:00,1.35283,1.35285,1.35283,1.35285,0.0
2026-09-13 16:33:00,1.35283,1.35287,1.35281,1.35281,0.0
2026-09-13 16:34:00,1.35283,1.35285,1.35281,1.35285,0.0
2026-09-13 16:35:00,1.35283,1.35288,1.35281,1.35281,0.0
2026-09-13 16:36:00,1.35283,1.35285,1.3528,1.35285,0.0
2026-09-13 16:37:00,1.35283,1.35288,1.35282,1.35282,0.0
2026-09-13 16:38:00,1.35283,1.35285,1.35281,1.35285,0.0
2026-09-13 16:39:00,1.35283,1.35287,1.35283,1.35283,0.0
2026-09-13 16:40:00,1.35283,1.35284,1.35283,1.35284,0.0
2026-09-13 16:41:00,1.35283,1.35285,1.35283,1.35285,0.0
2026-09-13 16:42:00,1.35283,1.35285,1.35282,1.35282,0.0
2026-09-13 16:43:00,1.35283,1.35285,1.35282,1.35285,0.0
2026-09-13 16:44:00,1.35283,1.35288,1.35282,1.35282,0.0
2026-09-13 16:45:00,1.35283,1.35286,1.35281,1.35286,0.0
2026-09-13 16:46:00,1.35283,1.35289,1.35282,1.35282,0.0
2026-09-13 16:47:00,1.35283,1.35285,1.35281,1.35285,0.0
2026-09-13 16:48:00,1.35283,1.35288,1.35282,1.35282,0.0
2026-09-13 16:49:00,1.35283,1.35284,1.35282,1.35284,0.0
2026-09-13 16:50:00,1.35283,1.35286,1.35283,1.35283,0.0
2026-09-13 16:51:00,1.35283,1.35284,1.35283,1.35283,0.0
2026-09-13 16:52:00,1.35283,1.35284,1.35283,1.35284,0.0
2026-09-13 16:53:00,1.35283,1.35286,1.35282,1.35282,0.0
2026-09-13 16:54:00,1.35283,1.35285,1.35282,1.35285,0.0
2026-09-13 16:55:00,1.35283,1.35288,1.35282,1.35282,0.0
2026-09-13 16:56:00,1.35283,1.35286,1.35281,1.35286,0.0
2026-09-13 16:57:00,1.35282,1.35289,1.35282,1.35282,0.0
2026-09-13 16:58:00,1.35283,1.35285,1.35281,1.35285,0.0
2026-09-13 16:59:00,1.35283,1.35288,1.35283,1.35283,0.0
2026-09-13 17:00:00,1.35283,1.35284,1.35283,1.35284,0.0
2026-09-13 17:01:00,1.35283,1.35285,1.35283,1.35285,0.0
2026-09-13 17:02:00,1.35283,1.35285,1.35283,1.35283,0.0
2026-09-13 17:03:00,1.35283,1.35285,1.35283,1.35285,0.0
2026-09-13 17:04:00,1.35283,1.35288,1.35282,1.35282,0.0
2026-09-13 17:05:00,1.35283,1.35286,1.35281,1.35286,0.0
2026-09-13 17:06:00,1.35283,1.35289,1.35282,1.35282,0.0
2026-09-13 17:07:00,1.35283,1.35286,1.35281,1.35286,0.0
2026-09-13 17:08:00,1.35283,1.35289,1.35282,1.35282,0.0
2026-09-13 17:09:00,1.35283,1.35285,1.35282,1.35285,0.0
2026-09-13 17:10:00,1.35283,1.35287,1.35283,1.35283,0.0
2026-09-13 17:11:00,1.35283,1.35284,1.35283,1.35284,0.0
2026-09-13 17:12:00,1.35283,1.35285,1.35283,1.35285,0.0
2026-09-13 17:13:00,1.35283,1.35286,1.35282,1.35282,0.0
2026-09-13 17:14:00,1.35283,1.35286,1.35282,1.35286,0.0
2026-09-13 17:15:00,1.35283,1.35288,1.35282,1.35282,0.0
2026-09-13 17:16:00,1.35283,1.35286,1.35281,1.35286,0.0
2026-09-13 17:17:00,1.35283,1.35289,1.35282,1.35282,0.0
2026-09-13 17:18:00,1.35283,1.35285,1.35281,1.35285,0.0
2026-09-13 17:19:00,1.35283,1.35288,1.35283,1.35283,0.0
2026-09-13 17:20:00,1.35283,1.35284,1.35283,1.35284,0.0
2026-09-13 17:21:00,1.35283,1.35284,1.35283,1.35284,0.0
2026-09-13 17:22:00,1.35283,1.35284,1.3528,1.3528,0.0
2026-09-13 17:23:00,1.35281,1.35284,1.35281,1.35284,0.0
2026-09-13 17:24:00,1.35282,1.35287,1.35281,1.35281,0.0
2026-09-13 17:25:00,1.35282,1.35285,1.35281,1.35285,0.0
2026-09-13 17:26:00,1.35282,1.35288,1.35281,1.35281,0.0
2026-09-13 17:27:00,1.35282,1.35285,1.3528,1.35285,0.0
2026-09-13 17:28:00,1.35282,1.35288,1.35282,1.35282,0.0
2026-09-13 17:29:00,1.35282,1.35284,1.35281,1.35284,0.0
2026-09-13 17:30:00,1.35282,1.35286,1.35282,1.35285,0.0
2026-09-13 17:31:00,1.35282,1.35283,1.35282,1.35283,0.0
2026-09-13 17:32:00,1.35282,1.35284,1.35267,1.35284,0.0
2026-09-13 17:33:00,1.35283,1.35283,1.35256,1.35259,0.0
2026-09-13 17:34:00,1.35265,1.35267,1.35264,1.35267,0.0
2026-09-13 17:35:00,1.35265,1.3527,1.35264,1.35264,0.0
2026-09-13 17:36:00,1.35265,1.35268,1.35263,1.35268,0.0
2026-09-13 17:37:00,1.35265,1.35271,1.35264,1.35264,0.0
2026-09-13 17:38:00,1.35265,1.35267,1.35263,1.35267,0.0
2026-09-13 17:39:00,1.35265,1.3527,1.35264,1.35264,0.0
2026-09-13 17:40:00,1.35265,1.35266,1.35264,1.35266,0.0
2026-09-13 17:41:00,1.35265,1.35273,1.35263,1.35271,0.0
2026-09-13 17:42:00,1.35265,1.35272,1.35265,1.35271,0.0
2026-09-13 17:43:00,1.3527,1.35272,1.3527,1.35272,0.0
2026-09-13 17:44:00,1.3527,1.35274,1.35269,1.35269,0.0
2026-09-13 17:45:00,1.3527,1.35273,1.35269,1.35273,0.0
2026-09-13 17:46:00,1.3527,1.3528,1.35265,1.35266,0.0
2026-09-13 17:47:00,1.35271,1.35277,1.35271,1.35277,0.0
2026-09-13 17:48:00,1.35274,1.35284,1.35274,1.35282,0.0
2026-09-13 17:49:00,1.35278,1.3528,1.35277,1.3528,0.0
2026-09-13 17:50:00,1.35278,1.35283,1.35278,1.35278,0.0
2026-09-13 17:51:00,1.35278,1.35279,1.35278,1.35279,0.0
2026-09-13 17:52:00,1.35278,1.3528,1.35278,1.3528,0.0
2026-09-13 17:53:00,1.35278,1.35281,1.35278,1.35278,0.0
2026-09-13 17:54:00,1.35278,1.35281,1.35278,1.35281,0.0
2026-09-13 17:55:00,1.35278,1.35283,1.35277,1.35277,0.0
2026-09-13 17:56:00,1.35278,1.35281,1.35276,1.35281,0.0
2026-09-13 17:57:00,1.35278,1.35284,1.35277,1.35277,0.0
2026-09-13 17:58:00,1.35278,1.35281,1.35276,1.35281,0.0
2026-09-13 17:59:00,1.35278,1.35284,1.35278,1.35278,0.0
2026-09-13 18:00:00,1.35278,1.3528,1.35277,1.3528,0.0
2026-09-13 18:01:00,1.35278,1.35282,1.35278,1.35281,0.0
2026-09-13 18:02:00,1.35278,1.3528,1.35278,1.3528,0.0
2026-09-13 18:03:00,1.35278,1.3528,1.35278,1.3528,0.0
2026-09-13 18:04:00,1.35278,1.35282,1.35278,1.35278,0.0
2026-09-13 18:05:00,1.35278,1.35281,1.35277,1.35281,0.0
2026-09-13 18:06:00,1.35278,1.35284,1.35277,1.35277,0.0
2026-09-13 18:07:00,1.35278,1.35281,1.35276,1.35281,0.0
2026-09-13 18:08:00,1.35278,1.35284,1.35277,1.35277,0.0
2026-09-13 18:09:00,1.35278,1.35281,1.35276,1.35281,0.0
2026-09-13 18:10:00,1.35278,1.35283,1.35278,1.35278,0.0
2026-09-13 18:11:00,1.35278,1.35279,1.35278,1.35279,0.0
2026-09-13 18:12:00,1.35278,1.35281,1.35278,1.35281,0.0
2026-09-13 18:13:00,1.35278,1.35281,1.35278,1.35278,0.0
2026-09-13 18:14:00,1.35278,1.35281,1.35278,1.35281,0.0
2026-09-13 18:15:00,1.35278,1.35283,1.35277,1.35277,0.0
2026-09-13 18:16:00,1.35278,1.35281,1.35277,1.35281,0.0
2026-09-13 18:17:00,1.35278,1.35284,1.35277,1.35277,0.0
2026-09-13 18:18:00,1.35278,1.35281,1.35276,1.35281,0.0
2026-09-13 18:19:00,1.35278,1.35284,1.35278,1.35278,0.0
2026-09-13 18:20:00,1.35278,1.3528,1.35277,1.3528,0.0
2026-09-13 18:21:00,1.35278,1.35282,1.35278,1.35281,0.0
2026-09-13 18:22:00,1.35278,1.35279,1.35278,1.35279,0.0
2026-09-13 18:23:00,1.35278,1.3528,1.35278,1.3528,0.0
2026-09-13 18:24:00,1.35278,1.35282,1.35278,1.35278,0.0
2026-09-13 18:25:00,1.35278,1.35281,1.35278,1.35281,0.0
2026-09-13 18:26:00,1.35278,1.35284,1.35277,1.35277,0.0
2026-09-13 18:27:00,1.35278,1.35281,1.35276,1.35281,0.0
2026-09-13 18:28:00,1.35278,1.35284,1.35277,1.35277,0.0
2026-09-13 18:29:00,1.35278,1.35281,1.35276,1.35281,0.0
2026-09-13 18:30:00,1.35278,1.35283,1.35278,1.35278,0.0
2026-09-13 18:31:00,1.35278,1.3528,1.35278,1.3528,0.0
2026-09-13 18:32:00,1.35278,1.35281,1.35278,1.3528,0.0
2026-09-13 18:33:00,1.35278,1.3528,1.35278,1.3528,0.0
2026-09-13 18:34:00,1.35278,1.35281,1.35278,1.35281,0.0
2026-09-13 18:35:00,1.35278,1.35283,1.35278,1.35278,0.0
2026-09-13 18:36:00,1.35278,1.35281,1.35277,1.35281,0.0
2026-09-13 18:37:00,1.35278,1.35287,1.35276,1.35278,0.0
2026-09-13 18:38:00,1.35279,1.35284,1.35279,1.35284,0.0
2026-09-13 18:39:00,1.35281,1.35287,1.3528,1.3528,0.0
2026-09-13 18:40:00,1.35281,1.35283,1.3528,1.35283,0.0
2026-09-13 18:41:00,1.35281,1.35285,1.35281,1.35281,0.0
2026-09-13 18:42:00,1.35281,1.35282,1.35281,1.35282,0.0
2026-09-13 18:43:00,1.35281,1.35283,1.35281,1.35283,0.0
2026-09-13 18:44:00,1.35281,1.35284,1.35281,1.35281,0.0
2026-09-13 18:45:00,1.35281,1.35283,1.3528,1.35283,0.0
2026-09-13 18:46:00,1.35281,1.35286,1.3528,1.3528,0.0
2026-09-13 18:47:00,1.35281,1.35284,1.35279,1.35284,0.0
2026-09-13 18:48:00,1.35281,1.35287,1.3528,1.3528,0.0
2026-09-13 18:49:00,1.35281,1.35283,1.35279,1.35283,0.0
2026-09-13 18:50:00,1.35281,1.35286,1.35281,1.35281,0.0
2026-09-13 18:51:00,1.35281,1.35282,1.3528,1.35282,0.0
2026-09-13 18:52:00,1.35281,1.35284,1.35281,1.35283,0.0
2026-09-13 18:53:00,1.35281,1.35283,1.35281,1.35281,0.0
2026-09-13 18:54:00,1.35281,1.35283,1.35281,1.35283,0.0
2026-09-13 18:55:00,1.35281,1.35285,1.3528,1.3528,0.0
2026-09-13 18:56:00,1.35281,1.35284,1.3528,1.35284,0.0
2026-09-13 18:57:00,1.35281,1.35287,1.3528,1.3528,0.0
2026-09-13 18:58:00,1.35281,1.35284,1.35279,1.35284,0.0
2026-09-13 18:59:00,1.35281,1.35287,1.3528,1.3528,0.0
2026-09-13 19:00:00,1.35281,1.35283,1.35279,1.35283,0.0
2026-09-13 19:01:00,1.35281,1.35285,1.35281,1.35281,0.0
2026-09-13 19:02:00,1.35281,1.35282,1.3528,1.35282,0.0
2026-09-13 19:03:00,1.35281,1.35282,1.3528,1.35281,0.0
2026-09-13 19:04:00,1.3528,1.35283,1.3528,1.3528,0.0
2026-09-13 19:05:00,1.3528,1.35282,1.3528,1.35282,0.0
2026-09-13 19:06:00,1.3528,1.35285,1.35279,1.35279,0.0
2026-09-13 19:07:00,1.3528,1.35283,1.35278,1.35283,0.0
2026-09-13 19:08:00,1.3528,1.35286,1.35279,1.35279,0.0
2026-09-13 19:09:00,1.3528,1.35282,1.35278,1.35282,0.0
2026-09-13 19:10:00,1.3528,1.35285,1.35279,1.35279,0.0
2026-09-13 19:11:00,1.3528,1.35282,1.35279,1.35282,0.0
2026-09-13 19:12:00,1.3528,1.35283,1.3528,1.3528,0.0
2026-09-13 19:13:00,1.3528,1.35281,1.3528,1.3528,0.0
2026-09-13 19:14:00,1.3528,1.35282,1.3528,1.35282,0.0
2026-09-13 19:15:00,1.3528,1.35284,1.35279,1.35279,0.0
2026-09-13 19:16:00,1.3528,1.35283,1.35279,1.35283,0.0
2026-09-13 19:17:00,1.3528,1.35285,1.35279,1.35279,0.0
2026-09-13 19:18:00,1.3528,1.35283,1.35278,1.35283,0.0
2026-09-13 19:19:00,1.3528,1.35286,1.35279,1.35279,0.0
2026-09-13 19:20:00,1.3528,1.35282,1.35278,1.35282,0.0
2026-09-13 19:21:00,1.3528,1.35287,1.35278,1.3528,0.0
2026-09-13 19:22:00,1.3528,1.35283,1.3528,1.35283,0.0
2026-09-13 19:23:00,1.35282,1.35284,1.35282,1.35284,0.0
2026-09-13 19:24:00,1.35282,1.35284,1.35282,1.35282,0.0
2026-09-13 19:25:00,1.35282,1.35284,1.35282,1.35284,0.0
2026-09-13 19:26:00,1.35282,1.35287,1.35281,1.35281,0.0
2026-09-13 19:27:00,1.35282,1.35285,1.3528,1.35285,0.0
2026-09-13 19:28:00,1.35282,1.35287,1.3528,1.3528,0.0
2026-09-13 19:29:00,1.35281,1.35284,1.35279,1.35284,0.0
2026-09-13 19:30:00,1.35281,1.35287,1.35281,1.35281,0.0
2026-09-13 19:31:00,1.35281,1.35283,1.3528,1.35283,0.0
2026-09-13 19:32:00,1.35281,1.35285,1.35281,1.35284,0.0
2026-09-13 19:33:00,1.35281,1.35282,1.35281,1.35282,0.0
2026-09-13 19:34:00,1.35281,1.35283,1.35281,1.35283,0.0
2026-09-13 19:35:00,1.35281,1.35285,1.35281,1.35281,0.0
2026-09-13 19:36:00,1.35281,1.35284,1.35281,1.35284,0.0
2026-09-13 19:37:00,1.35281,1.35287,1.3528,1.3528,0.0
2026-09-13 19:38:00,1.35281,1.35284,1.35279,1.35284,0.0
2026-09-13 19:39:00,1.35281,1.35287,1.3528,1.3528,0.0
2026-09-13 19:40:00,1.35281,1.35284,1.3528,1.35284,0.0
2026-09-13 19:41:00,1.35281,1.35286,1.35281,1.35281,0.0
2026-09-13 19:42:00,1.35281,1.35283,1.35281,1.35283,0.0
2026-09-13 19:43:00,1.35281,1.35284,1.35281,1.35283,0.0
2026-09-13 19:44:00,1.35281,1.35284,1.35281,1.35283,0.0
2026-09-13 19:45:00,1.35281,1.35284,1.35281,1.35284,0.0
2026-09-13 19:46:00,1.35281,1.35286,1.35281,1.35281,0.0
2026-09-13 19:47:00,1.35281,1.35284,1.3528,1.35284,0.0
2026-09-13 19:48:00,1.35281,1.35287,1.3528,1.3528,0.0
2026-09-13 19:49:00,1.35281,1.35284,1.35279,1.35284,0.0
2026-09-13 19:50:00,1.35281,1.35287,1.35281,1.35281,0.0
2026-09-13 19:51:00,1.35281,1.35283,1.3528,1.35283,0.0
2026-09-13 19:52:00,1.35281,1.35284,1.35281,1.35283,0.0
2026-09-13 19:53:00,1.35281,1.35281,1.3528,1.35281,0.0
2026-09-13 19:54:00,1.3528,1.35282,1.3528,1.35282,0.0
2026-09-13 19:55:00,1.3528,1.35283,1.3528,1.3528,0.0
2026-09-13 19:56:00,1.3528,1.35283,1.3528,1.35283,0.0
2026-09-13 19:57:00,1.3528,1.35285,1.35279,1.35279,0.0
2026-09-13 19:58:00,1.3528,1.35283,1.35278,1.35283,0.0
2026-09-13 19:59:00,1.3528,1.35286,1.35279,1.35279,0.0
2026-09-13 20:00:00,1.3528,1.35283,1.35278,1.35283,0.0
2026-09-13 20:01:00,1.3528,1.35287,1.35278,1.3528,0.0
2026-09-13 20:02:00,1.3528,1.35283,1.3528,1.35283,0.0
2026-09-13 20:03:00,1.35282,1.35285,1.35282,1.35284,0.0
2026-09-13 20:04:00,1.35282,1.35284,1.35282,1.35282,0.0
2026-09-13 20:05:00,1.35282,1.35284,1.35282,1.35284,0.0
2026-09-13 20:06:00,1.35282,1.35286,1.35281,1.35281,0.0
2026-09-13 20:07:00,1.35282,1.35285,1.35281,1.35285,0.0
2026-09-13 20:08:00,1.35282,1.35287,1.35281,1.35281,0.0
2026-09-13 20:09:00,1.35282,1.35285,1.3528,1.35285,0.0
2026-09-13 20:10:00,1.35282,1.35288,1.35281,1.35281,0.0
2026-09-13 20:11:00,1.35282,1.35284,1.3528,1.35284,0.0
2026-09-13 20:12:00,1.35282,1.35286,1.35282,1.35282,0.0
2026-09-13 20:13:00,1.35282,1.35283,1.35282,1.35283,0.0
2026-09-13 20:14:00,1.35282,1.35284,1.35282,1.35284,0.0
2026-09-13 20:15:00,1.35282,1.35285,1.35282,1.35282,0.0
2026-09-13 20:16:00,1.35282,1.35284,1.35282,1.35284,0.0
2026-09-13 20:17:00,1.35282,1.35287,1.35281,1.35281,0.0
2026-09-13 20:18:00,1.35282,1.35285,1.3528,1.35285,0.0
2026-09-13 20:19:00,1.35282,1.35288,1.35281,1.35281,0.0
2026-09-13 20:20:00,1.35282,1.35284,1.3528,1.35284,0.0
2026-09-13 20:21:00,1.35282,1.35287,1.35281,1.35281,0.0
2026-09-13 20:22:00,1.35282,1.35284,1.35281,1.35284,0.0
2026-09-13 20:23:00,1.35282,1.35285,1.35282,1.35282,0.0
2026-09-13 20:24:00,1.35282,1.35283,1.35282,1.35282,0.0
2026-09-13 20:25:00,1.35282,1.35284,1.35282,1.35284,0.0
2026-09-13 20:26:00,1.35282,1.35286,1.35281,1.35281,0.0
2026-09-13 20:27:00,1.35282,1.35284,1.35281,1.35284,0.0
2026-09-13 20:28:00,1.35282,1.35287,1.35281,1.35281,0.0
2026-09-13 20:29:00,1.35282,1.35285,1.3528,1.35285,0.0
2026-09-13 20:30:00,1.35282,1.35288,1.35281,1.35281,0.0
2026-09-13 20:31:00,1.35282,1.35284,1.3528,1.35284,0.0
2026-09-13 20:32:00,1.35282,1.35287,1.35282,1.35282,0.0
2026-09-13 20:33:00,1.35282,1.35283,1.35282,1.35283,0.0
2026-09-13 20:34:00,1.35282,1.35284,1.35282,1.35284,0.0
2026-09-13 20:35:00,1.35282,1.35284,1.35282,1.35282,0.0
2026-09-13 20:36:00,1.35282,1.35284,1.35282,1.35284,0.0
2026-09-13 20:37:00,1.35282,1.35286,1.35281,1.35281,0.0
2026-09-13 20:38:00,1.35282,1.35285,1.3528,1.35285,0.0
2026-09-13 20:39:00,1.35282,1.35288,1.35281,1.35281,0.0
2026-09-13 20:40:00,1.35282,1.35285,1.3528,1.35285,0.0
2026-09-13 20:41:00,1.35282,1.35287,1.35281,1.35281,0.0
2026-09-13 20:42:00,1.35282,1.35284,1.35281,1.35284,0.0
2026-09-13 20:43:00,1.35282,1.35286,1.35282,1.35282,0.0
2026-09-13 20:44:00,1.35282,1.35283,1.35282,1.35282,0.0
2026-09-13 20:45:00,1.35282,1.35283,1.35282,1.35283,0.0
2026-09-13 20:46:00,1.35282,1.35285,1.35281,1.35281,0.0
2026-09-13 20:47:00,1.35282,1.35284,1.35281,1.35284,0.0
2026-09-13 20:48:00,1.35282,1.35287,1.35281,1.35281,0.0
2026-09-13 20:49:00,1.35282,1.35285,1.3528,1.35285,0.0
2026-09-13 20:50:00,1.35282,1.35288,1.35281,1.35281,0.0
2026-09-13 20:51:00,1.35282,1.35284,1.3528,1.35284,0.0
2026-09-13 20:52:00,1.35282,1.35287,1.35282,1.35282,0.0
2026-09-13 20:53:00,1.35282,1.35283,1.35282,1.35283,0.0
2026-09-13 20:54:00,1.35282,1.35285,1.35282,1.35284,0.0
2026-09-13 20:55:00,1.35282,1.35284,1.35282,1.35282,0.0
2026-09-13 20:56:00,1.35282,1.35284,1.35282,1.35284,0.0
2026-09-13 20:57:00,1.35282,1.35286,1.35281,1.35281,0.0
2026-09-13 20:58:00,1.35282,1.35285,1.3528,1.35285,0.0
2026-09-13 20:59:00,1.35282,1.35288,1.35281,1.35281,0.0
2026-09-13 21:00:00,1.35282,1.35285,1.3528,1.35285,0.0
2026-09-13 21:01:00,1.35282,1.35288,1.35281,1.35281,0.0
2026-09-13 21:02:00,1.35282,1.35284,1.3528,1.35284,0.0
2026-09-13 21:03:00,1.35282,1.35286,1.35282,1.35282,0.0
2026-09-13 21:04:00,1.35282,1.35283,1.35282,1.35283,0.0
2026-09-13 21:05:00,1.35282,1.35284,1.35282,1.35284,0.0
2026-09-13 21:06:00,1.35282,1.35285,1.35281,1.35281,0.0
2026-09-13 21:07:00,1.35282,1.35284,1.35281,1.35284,0.0
2026-09-13 21:08:00,1.35282,1.35287,1.35281,1.35281,0.0
2026-09-13 21:09:00,1.35282,1.35285,1.3528,1.35285,0.0
2026-09-13 21:10:00,1.35282,1.35288,1.35281,1.35281,0.0
2026-09-13 21:11:00,1.35282,1.35284,1.3528,1.35284,0.0
2026-09-13 21:12:00,1.35282,1.35287,1.35281,1.35281,0.0
2026-09-13 21:13:00,1.35282,1.35283,1.35281,1.35283,0.0
2026-09-13 21:14:00,1.35282,1.35285,1.35282,1.35284,0.0
2026-09-13 21:15:00,1.35282,1.35284,1.35282,1.35282,0.0
2026-09-13 21:16:00,1.35282,1.35284,1.35282,1.35284,0.0
2026-09-13 21:17:00,1.35282,1.35286,1.35281,1.35281,0.0
2026-09-13 21:18:00,1.35282,1.35285,1.35281,1.35285,0.0
2026-09-13 21:19:00,1.35282,1.35287,1.35281,1.35281,0.0
2026-09-13 21:20:00,1.35282,1.35285,1.3528,1.35285,0.0
2026-09-13 21:21:00,1.35282,1.35288,1.35281,1.35281,0.0
2026-09-13 21:22:00,1.35282,1.35284,1.3528,1.35284,0.0
2026-09-13 21:23:00,1.35282,1.35286,1.35282,1.35282,0.0
2026-09-13 21:24:00,1.35282,1.35283,1.35282,1.35283,0.0
2026-09-13 21:25:00,1.35282,1.35284,1.35282,1.35284,0.0
2026-09-13 21:26:00,1.35282,1.35285,1.35282,1.35282,0.0
2026-09-13 21:27:00,1.35282,1.35284,1.35282,1.35284,0.0
2026-09-13 21:28:00,1.35282,1.35287,1.35281,1.35281,0.0
2026-09-13 21:29:00,1.35282,1.35285,1.3528,1.35285,0.0
2026-09-13 21:30:00,1.35282,1.35288,1.35281,1.35281,0.0
2026-09-13 21:31:00,1.35282,1.35284,1.3528,1.35284,0.0
2026-09-13 21:32:00,1.35282,1.35287,1.35281,1.35281,0.0
2026-09-13 21:33:00,1.35282,1.35284,1.35281,1.35284,0.0
2026-09-13 21:34:00,1.35282,1.35285,1.35282,1.35282,0.0
2026-09-13 21:35:00,1.35282,1.35283,1.35282,1.35282,0.0
2026-09-13 21:36:00,1.35282,1.35284,1.35282,1.35284,0.0
2026-09-13 21:37:00,1.35282,1.35286,1.35281,1.35281,0.0
2026-09-13 21:38:00,1.35282,1.35284,1.35281,1.35284,0.0
2026-09-13 21:39:00,1.35282,1.35287,1.35281,1.35281,0.0
2026-09-13 21:40:00,1.35282,1.35285,1.3528,1.35285,0.0
2026-09-13 21:41:00,1.35282,1.353,1.35268,1.35273,0.0
2026-09-13 21:42:00,1.35284,1.353,1.35284,1.35299,0.0
2026-09-13 21:43:00,1.35294,1.35299,1.35294,1.35294,0.0
2026-09-13 21:44:00,1.35294,1.35296,1.35294,1.35296,0.0
2026-09-13 21:45:00,1.35294,1.35297,1.35294,1.35297,0.0
2026-09-13 21:46:00,1.35294,1.35297,1.35294,1.35294,0.0
2026-09-13 21:47:00,1.35294,1.35297,1.35294,1.35297,0.0
2026-09-13 21:48:00,1.35294,1.35299,1.35294,1.35294,0.0
2026-09-13 21:49:00,1.35294,1.35297,1.35293,1.35297,0.0
2026-09-13 21:50:00,1.35294,1.353,1.35293,1.35293,0.0
2026-09-13 21:51:00,1.35294,1.35297,1.35292,1.35297,0.0
2026-09-13 21:52:00,1.35294,1.353,1.35294,1.35294,0.0
2026-09-13 21:53:00,1.35294,1.35299,1.35287,1.35298,0.0
2026-09-13 21:54:00,1.35295,1.35295,1.35285,1.35286,0.0
2026-09-13 21:55:00,1.35288,1.3529,1.35288,1.3529,0.0
2026-09-13 21:56:00,1.35288,1.3529,1.35288,1.3529,0.0
2026-09-13 21:57:00,1.35288,1.35292,1.35288,1.35288,0.0
2026-09-13 21:58:00,1.35288,1.35291,1.35284,1.35291,0.0
2026-09-13 21:59:00,1.35289,1.3529,1.35283,1.35283,0.0
2026-09-13 22:00:00,1.35285,1.35288,1.3528,1.35288,0.0
2026-09-13 22:01:00,1.35285,1.35287,1.35281,1.35281,0.0
2026-09-13 22:02:00,1.35282,1.35283,1.35279,1.35283,0.0
2026-09-13 22:03:00,1.35281,1.35286,1.35281,1.35281,0.0
2026-09-13 22:04:00,1.35281,1.35282,1.3528,1.35282,0.0
2026-09-13 22:05:00,1.35281,1.35284,1.35281,1.35283,0.0
2026-09-13 22:06:00,1.35281,1.35296,1.3528,1.35281,0.0
2026-09-13 22:07:00,1.35281,1.353,1.35281,1.35299,0.0
2026-09-13 22:08:00,1.35293,1.35298,1.35293,1.35293,0.0
2026-09-13 22:09:00,1.35293,1.35296,1.35292,1.35296,0.0
2026-09-13 22:10:00,1.35293,1.35299,1.35292,1.35292,0.0
2026-09-13 22:11:00,1.35293,1.35296,1.35291,1.35296,0.0
2026-09-13 22:12:00,1.35293,1.35299,1.35293,1.35293,0.0
2026-09-13 22:13:00,1.35293,1.35296,1.35292,1.35296,0.0
2026-09-13 22:14:00,1.35293,1.35298,1.35293,1.35297,0.0
2026-09-13 22:15:00,1.35293,1.35294,1.35293,1.35294,0.0
2026-09-13 22:16:00,1.35293,1.35295,1.35293,1.35295,0.0
2026-09-13 22:17:00,1.35293,1.35297,1.35293,1.35293,0.0
2026-09-13 22:18:00,1.35293,1.35296,1.35293,1.35296,0.0
2026-09-13 22:19:00,1.35293,1.35299,1.35293,1.35293,0.0
2026-09-13 22:20:00,1.35293,1.35296,1.35292,1.35296,0.0
2026-09-13 22:21:00,1.35293,1.353,1.35293,1.35293,0.0
2026-09-13 22:22:00,1.35293,1.35296,1.35292,1.35296,0.0
2026-09-13 22:23:00,1.35293,1.35299,1.35293,1.35293,0.0
2026-09-13 22:24:00,1.35293,1.35295,1.35293,1.35295,0.0
2026-09-13 22:25:00,1.35293,1.35297,1.35293,1.35296,0.0
2026-09-13 22:26:00,1.35293,1.35295,1.35293,1.35295,0.0
2026-09-13 22:27:00,1.35293,1.35296,1.35293,1.35296,0.0
2026-09-13 22:28:00,1.35293,1.35298,1.35293,1.35293,0.0
2026-09-13 22:29:00,1.35293,1.35296,1.35292,1.35296,0.0
2026-09-13 22:30:00,1.35293,1.35299,1.35292,1.35292,0.0
2026-09-13 22:31:00,1.35293,1.35302,1.35293,1.353,0.0
2026-09-13 22:32:00,1.35291,1.3531,1.35291,1.35308,0.0
2026-09-13 22:33:00,1.35304,1.35306,1.35302,1.35306,0.0
2026-09-13 22:34:00,1.35304,1.35308,1.35304,1.35304,0.0
2026-09-13 22:35:00,1.35304,1.35305,1.35304,1.35305,0.0
2026-09-13 22:36:00,1.35304,1.35306,1.35304,1.35306,0.0
2026-09-13 22:37:00,1.35304,1.35307,1.35304,1.35304,0.0
2026-09-13 22:38:00,1.35304,1.35306,1.35304,1.35306,0.0
2026-09-13 22:39:00,1.35304,1.35309,1.35303,1.35303,0.0
2026-09-13 22:40:00,1.35304,1.35307,1.35302,1.35307,0.0
2026-09-13 22:41:00,1.35304,1.3531,1.35303,1.35303,0.0
2026-09-13 22:42:00,1.35304,1.35307,1.35302,1.35307,0.0
2026-09-13 22:43:00,1.35304,1.35309,1.35303,1.35303,0.0
2026-09-13 22:44:00,1.35304,1.35306,1.35303,1.35306,0.0
2026-09-13 22:45:00,1.35304,1.35307,1.35304,1.35306,0.0
2026-09-13 22:46:00,1.35304,1.35305,1.35304,1.35304,0.0
2026-09-13 22:47:00,1.35304,1.35306,1.35304,1.35306,0.0
2026-09-13 22:48:00,1.35304,1.35308,1.35303,1.35303,0.0
2026-09-13 22:49:00,1.35304,1.35307,1.35303,1.35307,0.0
2026-09-13 22:50:00,1.35304,1.35309,1.35303,1.35303,0.0
2026-09-13 22:51:00,1.35304,1.35307,1.35302,1.35307,0.0
2026-09-13 22:52:00,1.35304,1.3531,1.35303,1.35303,0.0
2026-09-13 22:53:00,1.35304,1.35306,1.35302,1.35306,0.0
2026-09-13 22:54:00,1.35304,1.35309,1.35304,1.35304,0.0
2026-09-13 22:55:00,1.35304,1.35305,1.35304,1.35305,0.0
2026-09-13 22:56:00,1.35304,1.35315,1.35302,1.35312,0.0
2026-09-13 22:57:00,1.35304,1.35316,1.35304,1.35315,0.0
2026-09-13 22:58:00,1.35312,1.35314,1.35312,1.35314,0.0
2026-09-13 22:59:00,1.35312,1.35317,1.35311,1.35311,0.0
2026-09-13 23:00:00,1.35312,1.35315,1.3531,1.35315,0.0
2026-09-13 23:01:00,1.35312,1.35318,1.35311,1.35311,0.0
2026-09-13 23:02:00,1.35312,1.35315,1.3531,1.35315,0.0
2026-09-13 23:03:00,1.35312,1.35318,1.35312,1.35312,0.0
2026-09-13 23:04:00,1.35312,1.35314,1.35311,1.35314,0.0
2026-09-13 23:05:00,1.35312,1.35316,1.35312,1.35315,0.0
2026-09-13 23:06:00,1.35312,1.35313,1.35312,1.35313,0.0
2026-09-13 23:07:00,1.35312,1.35314,1.35312,1.35314,0.0
2026-09-13 23:08:00,1.35312,1.35316,1.35312,1.35312,0.0
2026-09-13 23:09:00,1.35312,1.35315,1.35311,1.35315,0.0
2026-09-13 23:10:00,1.35312,1.35318,1.35311,1.35311,0.0
2026-09-13 23:11:00,1.35312,1.35315,1.3531,1.35315,0.0
2026-09-13 23:12:00,1.35312,1.35318,1.35311,1.35311,0.0
2026-09-13 23:13:00,1.35312,1.35315,1.3531,1.35315,0.0
2026-09-13 23:14:00,1.35312,1.35317,1.35312,1.35312,0.0
2026-09-13 23:15:00,1.35312,1.35314,1.35312,1.35314,0.0
2026-09-13 23:16:00,1.35312,1.35315,1.35312,1.35314,0.0
2026-09-13 23:17:00,1.35312,1.35312,1.35291,1.35312,0.0
2026-09-13 23:18:00,1.3531,1.3531,1.3528,1.35284,0.0
2026-09-13 23:19:00,1.35289,1.35289,1.3528,1.35281,0.0
2026-09-13 23:20:00,1.35283,1.35285,1.35281,1.35285,0.0
2026-09-13 23:21:00,1.35283,1.35301,1.35269,1.35274,0.0
2026-09-13 23:22:00,1.35285,1.353,1.35285,1.35299,0.0
2026-09-13 23:23:00,1.35295,1.35301,1.35294,1.35294,0.0
2026-09-13 23:24:00,1.35295,1.35297,1.35294,1.35297,0.0
2026-09-13 23:25:00,1.35295,1.35299,1.35295,1.35295,0.0
2026-09-13 23:26:00,1.35295,1.35296,1.35295,1.35296,0.0
2026-09-13 23:27:00,1.35295,1.35297,1.35295,1.35297,0.0
2026-09-13 23:28:00,1.35295,1.35298,1.35295,1.35295,0.0
2026-09-13 23:29:00,1.35295,1.35298,1.35295,1.35298,0.0
2026-09-13 23:30:00,1.35295,1.353,1.35294,1.35294,0.0
2026-09-13 23:31:00,1.35295,1.35298,1.35293,1.35298,0.0
2026-09-13 23:32:00,1.35295,1.35301,1.35294,1.35294,0.0
2026-09-13 23:33:00,1.35295,1.35298,1.35293,1.35298,0.0
2026-09-13 23:34:00,1.35295,1.353,1.35295,1.35295,0.0
2026-09-13 23:35:00,1.35295,1.35297,1.35295,1.35297,0.0
2026-09-13 23:36:00,1.35295,1.35298,1.35295,1.35297,0.0
2026-09-13 23:37:00,1.35295,1.35297,1.35295,1.35295,0.0
2026-09-13 23:38:00,1.35295,1.35297,1.35295,1.35297,0.0
2026-09-13 23:39:00,1.35295,1.35299,1.35294,1.35294,0.0
2026-09-13 23:40:00,1.35295,1.35298,1.35294,1.35298,0.0
2026-09-13 23:41:00,1.35295,1.35301,1.35294,1.35294,0.0
2026-09-13 23:42:00,1.35295,1.35298,1.35293,1.35298,0.0
2026-09-13 23:43:00,1.35295,1.35301,1.35294,1.35294,0.0
2026-09-13 23:44:00,1.35295,1.35297,1.35294,1.35297,0.0
2026-09-13 23:45:00,1.35295,1.353,1.35295,1.35295,0.0
2026-09-13 23:46:00,1.35295,1.35306,1.35295,1.35302,0.0
2026-09-13 23:47:00,1.35295,1.35311,1.35295,1.35309,0.0
2026-09-13 23:48:00,1.35305,1.35308,1.35305,1.35305,0.0
2026-09-13 23:49:00,1.35305,1.35308,1.35305,1.35308,0.0
2026-09-13 23:50:00,1.35305,1.3531,1.35304,1.35304,0.0
2026-09-13 23:51:00,1.35305,1.35308,1.35303,1.35308,0.0
2026-09-13 23:52:00,1.35305,1.35311,1.35304,1.35304,0.0
2026-09-13 23:53:00,1.35305,1.35308,1.35303,1.35308,0.0
2026-09-13 23:54:00,1.35305,1.35311,1.35305,1.35305,0.0
2026-09-13 23:55:00,1.35305,1.35307,1.35304,1.35307,0.0
2026-09-13 23:56:00,1.35305,1.35309,1.35305,1.35308,0.0
2026-09-13 23:57:00,1.35305,1.35307,1.35305,1.35307,0.0
2026-09-13 23:58:00,1.35305,1.35307,1.35305,1.35307,0.0
2026-09-13 23:59:00,1.35305,1.35309,1.35305,1.35305,0.0
2026-09-14 00:00:00,1.35305,1.35308,1.35304,1.35308,0.0
2026-09-14 00:01:00,1.35305,1.35305,1.35301,1.35302,0.0
2026-09-14 00:02:00,1.35303,1.35303,1.35291,1.35293,0.0
2026-09-14 00:03:00,1.35295,1.35301,1.35294,1.35294,0.0
2026-09-14 00:04:00,1.35295,1.35303,1.35286,1.35301,0.0
2026-09-14 00:05:00,1.35296,1.35296,1.35283,1.35285,0.0
2026-09-14 00:06:00,1.35288,1.35292,1.35278,1.35291,0.0
2026-09-14 00:07:00,1.35288,1.35288,1.35272,1.35274,0.0
2026-09-14 00:08:00,1.35278,1.35281,1.35278,1.35278,0.0
2026-09-14 00:09:00,1.35278,1.3528,1.35278,1.3528,0.0
2026-09-14 00:10:00,1.35278,1.35283,1.35277,1.35277,0.0
2026-09-14 00:11:00,1.35278,1.3529,1.35278,1.35287,0.0
2026-09-14 00:12:00,1.35275,1.35298,1.35275,1.35295,0.0
2026-09-14 00:13:00,1.3529,1.3529,1.35283,1.35285,0.0
2026-09-14 00:14:00,1.35286,1.35292,1.35286,1.35286,0.0
2026-09-14 00:15:00,1.35286,1.35288,1.35285,1.35288,0.0
2026-09-14 00:16:00,1.35286,1.3529,1.35286,1.35289,0.0
2026-09-14 00:17:00,1.35286,1.35288,1.35286,1.35288,0.0
2026-09-14 00:18:00,1.35286,1.35288,1.35286,1.35288,0.0
2026-09-14 00:19:00,1.35286,1.3529,1.35286,1.35286,0.0
2026-09-14 00:20:00,1.35286,1.35289,1.35286,1.35289,0.0
2026-09-14 00:21:00,1.35286,1.35292,1.35285,1.35285,0.0
2026-09-14 00:22:00,1.35286,1.35289,1.35285,1.35289,0.0
2026-09-14 00:23:00,1.35286,1.35293,1.35286,1.35286,0.0
2026-09-14 00:24:00,1.35286,1.35289,1.35285,1.35289,0.0
2026-09-14 00:25:00,1.35286,1.35292,1.35286,1.35286,0.0
2026-09-14 00:26:00,1.35286,1.35288,1.35286,1.35288,0.0
2026-09-14 00:27:00,1.35286,1.35289,1.35286,1.35289,0.0
2026-09-14 00:28:00,1.35286,1.35289,1.35286,1.35288,0.0
2026-09-14 00:29:00,1.35286,1.35289,1.35286,1.35289,0.0
2026-09-14 00:30:00,1.35286,1.35291,1.35286,1.35286,0.0
2026-09-14 00:31:00,1.35286,1.35289,1.35285,1.35289,0.0
2026-09-14 00:32:00,1.35286,1.35292,1.35285,1.35285,0.0
2026-09-14 00:33:00,1.35286,1.35289,1.35284,1.35289,0.0
2026-09-14 00:34:00,1.35286,1.35292,1.35286,1.35286,0.0
2026-09-14 00:35:00,1.35286,1.35289,1.35285,1.35289,0.0
2026-09-14 00:36:00,1.35286,1.35302,1.35279,1.35297,0.0
2026-09-14 00:37:00,1.35287,1.35303,1.35287,1.35302,0.0
2026-09-14 00:38:00,1.35298,1.35298,1.35289,1.3529,0.0
2026-09-14 00:39:00,1.35291,1.35291,1.35285,1.35286,0.0
2026-09-14 00:40:00,1.35287,1.3529,1.35287,1.3529,0.0
2026-09-14 00:41:00,1.35287,1.35293,1.35286,1.35286,0.0
2026-09-14 00:42:00,1.35287,1.3529,1.35286,1.3529,0.0
2026-09-14 00:43:00,1.35287,1.35293,1.35286,1.35286,0.0
2026-09-14 00:44:00,1.35287,1.3529,1.35286,1.3529,0.0
2026-09-14 00:45:00,1.35287,1.35293,1.35287,1.35287,0.0
2026-09-14 00:46:00,1.35287,1.35289,1.35287,1.35289,0.0
2026-09-14 00:47:00,1.35287,1.35291,1.35287,1.3529,0.0
2026-09-14 00:48:00,1.35287,1.35289,1.35287,1.35289,0.0
2026-09-14 00:49:00,1.35287,1.3529,1.35287,1.3529,0.0
2026-09-14 00:50:00,1.35287,1.35292,1.35287,1.35287,0.0
2026-09-14 00:51:00,1.35287,1.3529,1.35286,1.3529,0.0
2026-09-14 00:52:00,1.35287,1.35293,1.35286,1.35286,0.0
2026-09-14 00:53:00,1.35287,1.3529,1.35285,1.3529,0.0
2026-09-14 00:54:00,1.35287,1.35293,1.35287,1.35287,0.0
2026-09-14 00:55:00,1.35287,1.3529,1.35286,1.3529,0.0
2026-09-14 00:56:00,1.35287,1.35292,1.35287,1.35291,0.0
2026-09-14 00:57:00,1.35287,1.35289,1.35287,1.35289,0.0
2026-09-14 00:58:00,1.35287,1.3529,1.35287,1.3529,0.0
2026-09-14 00:59:00,1.35287,1.3529,1.35287,1.35287,0.0
2026-09-14 01:00:00,1.35287,1.3529,1.35287,1.3529,0.0
2026-09-14 01:01:00,1.35287,1.35304,1.35278,1.35287,0.0
2026-09-14 01:02:00,1.35289,1.35306,1.35289,1.35305,0.0
2026-09-14 01:03:00,1.35297,1.35313,1.35297,1.35311,0.0
2026-09-14 01:04:00,1.35306,1.35311,1.35283,1.35289,0.0
2026-09-14 01:05:00,1.35299,1.35299,1.3528,1.35281,0.0
2026-09-14 01:06:00,1.35285,1.35287,1.35284,1.35287,0.0
2026-09-14 01:07:00,1.35285,1.35288,1.35285,1.35285,0.0
2026-09-14 01:08:00,1.35285,1.35286,1.35285,1.35285,0.0
2026-09-14 01:09:00,1.35285,1.35287,1.35285,1.35287,0.0
2026-09-14 01:10:00,1.35285,1.35289,1.35284,1.35284,0.0
2026-09-14 01:11:00,1.35285,1.35288,1.35284,1.35288,0.0
2026-09-14 01:12:00,1.35285,1.3529,1.35284,1.35284,0.0
2026-09-14 01:13:00,1.35285,1.35288,1.35283,1.35288,0.0
2026-09-14 01:14:00,1.35285,1.35291,1.35284,1.35284,0.0
2026-09-14 01:15:00,1.35285,1.35287,1.35283,1.35287,0.0
2026-09-14 01:16:00,1.35285,1.3529,1.35285,1.35285,0.0
2026-09-14 01:17:00,1.35285,1.35286,1.35285,1.35286,0.0
2026-09-14 01:18:00,1.35285,1.35287,1.35285,1.35287,0.0
2026-09-14 01:19:00,1.35285,1.35287,1.35285,1.35285,0.0
2026-09-14 01:20:00,1.35285,1.35287,1.35285,1.35287,0.0
2026-09-14 01:21:00,1.35285,1.3529,1.35284,1.35284,0.0
2026-09-14 01:22:00,1.35285,1.35288,1.35283,1.35288,0.0
2026-09-14 01:23:00,1.35285,1.35291,1.35284,1.35284,0.0
2026-09-14 01:24:00,1.35285,1.35288,1.35283,1.35288,0.0
2026-09-14 01:25:00,1.35285,1.3529,1.35284,1.35284,0.0
2026-09-14 01:26:00,1.35285,1.35287,1.35284,1.35287,0.0
2026-09-14 01:27:00,1.35285,1.35301,1.35278,1.35285,0.0
2026-09-14 01:28:00,1.35285,1.35303,1.35285,1.35301,0.0
2026-09-14 01:29:00,1.35297,1.35297,1.35291,1.35292,0.0
2026-09-14 01:30:00,1.35292,1.35296,1.35292,1.35292,0.0
2026-09-14 01:31:00,1.35292,1.35295,1.35292,1.35295,0.0
2026-09-14 01:32:00,1.35292,1.35298,1.35291,1.35291,0.0
2026-09-14 01:33:00,1.35292,1.35295,1.3529,1.35295,0.0
2026-09-14 01:34:00,1.35292,1.35298,1.35292,1.35292,0.0
2026-09-14 01:35:00,1.35292,1.35295,1.35291,1.35295,0.0
2026-09-14 01:36:00,1.35292,1.35298,1.35292,1.35292,0.0
2026-09-14 01:37:00,1.35292,1.35294,1.35292,1.35294,0.0
2026-09-14 01:38:00,1.35292,1.35295,1.35292,1.35295,0.0
2026-09-14 01:39:00,1.35292,1.35295,1.35292,1.35294,0.0
2026-09-14 01:40:00,1.35292,1.35295,1.35292,1.35295,0.0
2026-09-14 01:41:00,1.35292,1.35297,1.35292,1.35292,0.0
2026-09-14 01:42:00,1.35292,1.35295,1.35291,1.35295,0.0
2026-09-14 01:43:00,1.35292,1.35298,1.35291,1.35291,0.0
2026-09-14 01:44:00,1.35292,1.35295,1.3529,1.35295,0.0
2026-09-14 01:45:00,1.35292,1.35298,1.35292,1.35292,0.0
2026-09-14 01:46:00,1.35292,1.35295,1.35291,1.35295,0.0
2026-09-14 01:47:00,1.35292,1.35297,1.35292,1.35296,0.0
2026-09-14 01:48:00,1.35292,1.35293,1.35292,1.35293,0.0
2026-09-14 01:49:00,1.35292,1.35294,1.35292,1.35294,0.0
2026-09-14 01:50:00,1.35292,1.35292,1.3529,1.35292,0.0
2026-09-14 01:51:00,1.35292,1.35292,1.35285,1.35287,0.0
2026-09-14 01:52:00,1.35287,1.35299,1.35281,1.35283,0.0
2026-09-14 01:53:00,1.35288,1.35297,1.35288,1.35297,0.0
2026-09-14 01:54:00,1.35294,1.353,1.35293,1.35293,0.0
2026-09-14 01:55:00,1.35294,1.35296,1.35292,1.35296,0.0
2026-09-14 01:56:00,1.35294,1.35299,1.35293,1.35293,0.0
2026-09-14 01:57:00,1.35294,1.35295,1.35293,1.35295,0.0
2026-09-14 01:58:00,1.35294,1.35297,1.35294,1.35294,0.0
2026-09-14 01:59:00,1.35294,1.35295,1.35294,1.35294,0.0
2026-09-14 02:00:00,1.35294,1.35296,1.35294,1.35296,0.0
2026-09-14 02:01:00,1.35294,1.35298,1.35293,1.35293,0.0
2026-09-14 02:02:00,1.35294,1.35296,1.35292,1.35296,0.0
2026-09-14 02:03:00,1.35294,1.35299,1.35292,1.35292,0.0
2026-09-14 02:04:00,1.35294,1.35296,1.35291,1.35296,0.0
2026-09-14 02:05:00,1.35294,1.35299,1.35293,1.35293,0.0
2026-09-14 02:06:00,1.35294,1.35296,1.35292,1.35296,0.0
2026-09-14 02:07:00,1.35294,1.35298,1.35294,1.35294,0.0
2026-09-14 02:08:00,1.35294,1.35295,1.35294,1.35295,0.0
2026-09-14 02:09:00,1.35294,1.35296,1.35294,1.35296,0.0
2026-09-14 02:10:00,1.35294,1.35294,1.35292,1.35292,0.0
2026-09-14 02:11:00,1.35293,1.35293,1.35287,1.35288,0.0
2026-09-14 02:12:00,1.35289,1.35294,1.35288,1.35288,0.0
2026-09-14 02:13:00,1.35289,1.35292,1.35287,1.35292,0.0
2026-09-14 02:14:00,1.35289,1.35295,1.35288,1.35288,0.0
2026-09-14 02:15:00,1.35289,1.35292,1.35287,1.35292,0.0
2026-09-14 02:16:00,1.35289,1.35294,1.35288,1.35288,0.0
2026-09-14 02:17:00,1.35289,1.35294,1.35289,1.35293,0.0
2026-09-14 02:18:00,1.35288,1.35298,1.35288,1.35297,0.0
2026-09-14 02:19:00,1.35294,1.35296,1.35294,1.35296,0.0
2026-09-14 02:20:00,1.35294,1.35296,1.35294,1.35296,0.0
2026-09-14 02:21:00,1.35294,1.35298,1.35294,1.35294,0.0
2026-09-14 02:22:00,1.35294,1.35297,1.35293,1.35297,0.0
2026-09-14 02:23:00,1.35294,1.353,1.35293,1.35293,0.0
2026-09-14 02:24:00,1.35294,1.35297,1.35292,1.35297,0.0
2026-09-14 02:25:00,1.35294,1.353,1.35294,1.35294,0.0
2026-09-14 02:26:00,1.35294,1.35297,1.35293,1.35297,0.0
2026-09-14 02:27:00,1.35294,1.35299,1.35294,1.35294,0.0
2026-09-14 02:28:00,1.35294,1.35296,1.35294,1.35296,0.0
2026-09-14 02:29:00,1.35294,1.35297,1.35294,1.35297,0.0
2026-09-14 02:30:00,1.35294,1.35297,1.35294,1.35294,0.0
2026-09-14 02:31:00,1.35294,1.35297,1.35294,1.35297,0.0
2026-09-14 02:32:00,1.35294,1.35299,1.35294,1.35294,0.0
2026-09-14 02:33:00,1.35294,1.35297,1.35293,1.35297,0.0
2026-09-14 02:34:00,1.35294,1.353,1.35293,1.35293,0.0
2026-09-14 02:35:00,1.35294,1.35297,1.35292,1.35297,0.0
2026-09-14 02:36:00,1.35294,1.353,1.35294,1.35294,0.0
2026-09-14 02:37:00,1.35294,1.35296,1.35293,1.35296,0.0
2026-09-14 02:38:00,1.35294,1.35298,1.35294,1.35297,0.0
2026-09-14 02:39:00,1.35294,1.35296,1.35294,1.35296,0.0
2026-09-14 02:40:00,1.35294,1.35296,1.35294,1.35296,0.0
2026-09-14 02:41:00,1.35294,1.35308,1.3529,1.35294,0.0
2026-09-14 02:42:00,1.35296,1.35309,1.35296,1.35308,0.0
2026-09-14 02:43:00,1.35305,1.35308,1.35301,1.35301,0.0
2026-09-14 02:44:00,1.35302,1.35305,1.353,1.35305,0.0
2026-09-14 02:45:00,1.35302,1.35308,1.35302,1.35302,0.0
2026-09-14 02:46:00,1.35302,1.35305,1.35301,1.35305,0.0
2026-09-14 02:47:00,1.35302,1.35308,1.35302,1.35302,0.0
2026-09-14 02:48:00,1.35302,1.35304,1.35302,1.35304,0.0
2026-09-14 02:49:00,1.35302,1.35305,1.35302,1.35305,0.0
2026-09-14 02:50:00,1.35302,1.35305,1.35302,1.35304,0.0
2026-09-14 02:51:00,1.35302,1.35305,1.35302,1.35305,0.0
2026-09-14 02:52:00,1.35302,1.35307,1.35302,1.35302,0.0
2026-09-14 02:53:00,1.35302,1.35305,1.35301,1.35305,0.0
2026-09-14 02:54:00,1.35302,1.35308,1.35301,1.35301,0.0
2026-09-14 02:55:00,1.35302,1.35305,1.353,1.35305,0.0
2026-09-14 02:56:00,1.35302,1.35308,1.35302,1.35302,0.0
2026-09-14 02:57:00,1.35302,1.35305,1.35301,1.35305,0.0
2026-09-14 02:58:00,1.35302,1.35307,1.35302,1.35306,0.0
2026-09-14 02:59:00,1.35302,1.35303,1.35302,1.35303,0.0
2026-09-14 03:00:00,1.35302,1.35304,1.35302,1.35304,0.0
2026-09-14 03:01:00,1.35302,1.35302,1.35268,1.35302,0.0
2026-09-14 03:02:00,1.35298,1.35298,1.35247,1.35254,0.0
2026-09-14 03:03:00,1.35263,1.35281,1.35263,1.35279,0.0
2026-09-14 03:04:00,1.35276,1.35279,1.35274,1.35279,0.0
2026-09-14 03:05:00,1.35276,1.35287,1.3527,1.35272,0.0
2026-09-14 03:06:00,1.35277,1.35284,1.35277,1.35284,0.0
2026-09-14 03:07:00,1.35281,1.35297,1.35271,1.35274,0.0
2026-09-14 03:08:00,1.35282,1.35296,1.35282,1.35295,0.0
2026-09-14 03:09:00,1.35291,1.35292,1.35287,1.35288,0.0
2026-09-14 03:10:00,1.35289,1.35291,1.35289,1.35289,0.0
2026-09-14 03:11:00,1.35289,1.35291,1.35289,1.35291,0.0
2026-09-14 03:12:00,1.35289,1.35293,1.35288,1.35288,0.0
2026-09-14 03:13:00,1.35289,1.35292,1.35288,1.35292,0.0
2026-09-14 03:14:00,1.35289,1.35295,1.35288,1.35288,0.0
2026-09-14 03:15:00,1.35289,1.35292,1.35287,1.35292,0.0
2026-09-14 03:16:00,1.35289,1.35292,1.35288,1.35288,0.0
2026-09-14 03:17:00,1.35288,1.35289,1.35284,1.35289,0.0
2026-09-14 03:18:00,1.35286,1.3529,1.35285,1.35285,0.0
2026-09-14 03:19:00,1.35285,1.35286,1.35285,1.35286,0.0
2026-09-14 03:20:00,1.35285,1.35287,1.35285,1.35287,0.0
2026-09-14 03:21:00,1.35285,1.35288,1.35285,1.35285,0.0
2026-09-14 03:22:00,1.35285,1.35287,1.35285,1.35287,0.0
2026-09-14 03:23:00,1.35285,1.3529,1.35284,1.35284,0.0
2026-09-14 03:24:00,1.35285,1.35288,1.35283,1.35288,0.0
2026-09-14 03:25:00,1.35285,1.35291,1.35284,1.35284,0.0
2026-09-14 03:26:00,1.35285,1.35288,1.35283,1.35288,0.0
2026-09-14 03:27:00,1.35285,1.3529,1.35285,1.35285,0.0
2026-09-14 03:28:00,1.35285,1.35287,1.35284,1.35287,0.0
2026-09-14 03:29:00,1.35285,1.35289,1.35285,1.35288,0.0
2026-09-14 03:30:00,1.35285,1.35286,1.35285,1.35286,0.0
2026-09-14 03:31:00,1.35285,1.35287,1.35285,1.35287,0.0
2026-09-14 03:32:00,1.35285,1.35324,1.35266,1.35272,0.0
2026-09-14 03:33:00,1.3529,1.35338,1.3529,1.35333,0.0
2026-09-14 03:34:00,1.3532,1.35326,1.35319,1.35319,0.0
2026-09-14 03:35:00,1.3532,1.35323,1.35318,1.35323,0.0
2026-09-14 03:36:00,1.3532,1.35326,1.35319,1.35319,0.0
2026-09-14 03:37:00,1.3532,1.35322,1.35318,1.35322,0.0
2026-09-14 03:38:00,1.3532,1.35325,1.3532,1.3532,0.0
2026-09-14 03:39:00,1.3532,1.35321,1.3532,1.35321,0.0
2026-09-14 03:40:00,1.3532,1.35323,1.3532,1.35322,0.0
2026-09-14 03:41:00,1.3532,1.35323,1.3532,1.3532,0.0
2026-09-14 03:42:00,1.3532,1.35322,1.3532,1.35322,0.0
2026-09-14 03:43:00,1.3532,1.35325,1.35319,1.35319,0.0
2026-09-14 03:44:00,1.3532,1.35323,1.35318,1.35323,0.0
2026-09-14 03:45:00,1.3532,1.35326,1.35319,1.35319,0.0
2026-09-14 03:46:00,1.3532,1.35323,1.35318,1.35323,0.0
2026-09-14 03:47:00,1.3532,1.3532,1.35301,1.35307,0.0
2026-09-14 03:48:00,1.35316,1.35316,1.35287,1.35291,0.0
2026-09-14 03:49:00,1.35296,1.35296,1.35287,1.35288,0.0
2026-09-14 03:50:00,1.35289,1.35289,1.35285,1.35286,0.0
2026-09-14 03:51:00,1.35286,1.35286,1.35283,1.35286,0.0
2026-09-14 03:52:00,1.35284,1.35286,1.35284,1.35284,0.0
2026-09-14 03:53:00,1.35284,1.35285,1.3528,1.35285,0.0
2026-09-14 03:54:00,1.35282,1.35285,1.3528,1.3528,0.0
2026-09-14 03:55:00,1.3528,1.35283,1.35277,1.35283,0.0
2026-09-14 03:56:00,1.3528,1.35285,1.35278,1.35278,0.0
2026-09-14 03:57:00,1.35279,1.35287,1.35278,1.35285,0.0
2026-09-14 03:58:00,1.35277,1.35294,1.35277,1.35292,0.0
2026-09-14 03:59:00,1.35289,1.35289,1.35282,1.35284,0.0
2026-09-14 04:00:00,1.35285,1.35285,1.35281,1.35282,0.0
2026-09-14 04:01:00,1.35282,1.35282,1.3528,1.3528,0.0
2026-09-14 04:02:00,1.35281,1.35282,1.3528,1.35282,0.0
2026-09-14 04:03:00,1.3528,1.35284,1.35278,1.35278,0.0
2026-09-14 04:04:00,1.35279,1.35282,1.35277,1.35282,0.0
2026-09-14 04:05:00,1.3528,1.35285,1.35278,1.35278,0.0
2026-09-14 04:06:00,1.35279,1.35282,1.35277,1.35282,0.0
2026-09-14 04:07:00,1.35279,1.35286,1.35277,1.35277,0.0
2026-09-14 04:08:00,1.35279,1.35282,1.35278,1.35282,0.0
2026-09-14 04:09:00,1.3528,1.35284,1.35279,1.3528,0.0
2026-09-14 04:10:00,1.35279,1.35281,1.35279,1.35281,0.0
2026-09-14 04:11:00,1.3528,1.35284,1.3528,1.35283,0.0
2026-09-14 04:12:00,1.3528,1.35284,1.3528,1.35283,0.0
2026-09-14 04:13:00,1.35282,1.35283,1.3528,1.35283,0.0
2026-09-14 04:14:00,1.3528,1.35284,1.35279,1.35279,0.0
2026-09-14 04:15:00,1.3528,1.35282,1.35278,1.35282,0.0
2026-09-14 04:16:00,1.35279,1.35285,1.35278,1.35278,0.0
2026-09-14 04:17:00,1.35279,1.35282,1.35277,1.35282,0.0
2026-09-14 04:18:00,1.35279,1.35284,1.35279,1.35279,0.0
2026-09-14 04:19:00,1.35279,1.3528,1.35278,1.3528,0.0
2026-09-14 04:20:00,1.35279,1.35285,1.35278,1.35283,0.0
2026-09-14 04:21:00,1.35279,1.35291,1.35279,1.35288,0.0
2026-09-14 04:22:00,1.35282,1.35325,1.35282,1.35313,0.0
2026-09-14 04:23:00,1.35285,1.3534,1.35285,1.35334,0.0
2026-09-14 04:24:00,1.3532,1.3532,1.35287,1.35293,0.0
2026-09-14 04:25:00,1.35301,1.35301,1.35292,1.35292,0.0
2026-09-14 04:26:00,1.35293,1.35293,1.35281,1.35284,0.0
2026-09-14 04:27:00,1.35287,1.35287,1.35281,1.35282,0.0
2026-09-14 04:28:00,1.35283,1.35284,1.35279,1.35284,0.0
2026-09-14 04:29:00,1.35281,1.35284,1.3528,1.3528,0.0
2026-09-14 04:30:00,1.3528,1.35281,1.35279,1.35281,0.0
2026-09-14 04:31:00,1.3528,1.35282,1.35279,1.35282,0.0
2026-09-14 04:32:00,1.35279,1.35282,1.35279,1.35279,0.0
2026-09-14 04:33:00,1.35279,1.35281,1.35278,1.35281,0.0
2026-09-14 04:34:00,1.35279,1.35285,1.35278,1.35278,0.0
2026-09-14 04:35:00,1.35279,1.35283,1.35278,1.35283,0.0
2026-09-14 04:36:00,1.3528,1.35287,1.35277,1.35277,0.0
2026-09-14 04:37:00,1.3528,1.35284,1.35278,1.35284,0.0
2026-09-14 04:38:00,1.35281,1.35285,1.3528,1.3528,0.0
2026-09-14 04:39:00,1.3528,1.35281,1.35279,1.35281,0.0
2026-09-14 04:40:00,1.35279,1.35283,1.35279,1.35282,0.0
2026-09-14 04:41:00,1.35279,1.35281,1.35278,1.35281,0.0
2026-09-14 04:42:00,1.35279,1.35281,1.35279,1.35281,0.0
2026-09-14 04:43:00,1.35279,1.35285,1.35277,1.35277,0.0
2026-09-14 04:44:00,1.35279,1.35284,1.35279,1.35284,0.0
2026-09-14 04:45:00,1.35282,1.35287,1.35278,1.35278,0.0
2026-09-14 04:46:00,1.3528,1.35285,1.35278,1.35285,0.0
2026-09-14 04:47:00,1.35282,1.35294,1.35272,1.35275,0.0
2026-09-14 04:48:00,1.35282,1.35292,1.35282,1.35292,0.0
2026-09-14 04:49:00,1.35289,1.35289,1.35283,1.35283,0.0
2026-09-14 04:50:00,1.35284,1.35284,1.3528,1.35281,0.0
2026-09-14 04:51:00,1.35282,1.35283,1.3528,1.35282,0.0
2026-09-14 04:52:00,1.3528,1.35282,1.3528,1.3528,0.0
2026-09-14 04:53:00,1.3528,1.35282,1.3528,1.35282,0.0
2026-09-14 04:54:00,1.35279,1.35285,1.35279,1.35284,0.0
2026-09-14 04:55:00,1.35281,1.35283,1.35278,1.35283,0.0
2026-09-14 04:56:00,1.3528,1.35286,1.35279,1.35279,0.0
2026-09-14 04:57:00,1.3528,1.35283,1.35278,1.35283,0.0
2026-09-14 04:58:00,1.3528,1.35286,1.35279,1.35279,0.0
2026-09-14 04:59:00,1.3528,1.35282,1.35279,1.35282,0.0
2026-09-14 05:00:00,1.3528,1.35281,1.35277,1.35281,0.0
2026-09-14 05:01:00,1.3528,1.3528,1.3527,1.35271,0.0
2026-09-14 05:02:00,1.35273,1.35282,1.35273,1.35282,0.0
2026-09-14 05:03:00,1.35279,1.35285,1.35279,1.35283,0.0
2026-09-14 05:04:00,1.3528,1.35284,1.3528,1.35284,0.0
2026-09-14 05:05:00,1.35281,1.35281,1.3526,1.35267,0.0
2026-09-14 05:06:00,1.35276,1.35276,1.35241,1.35247,0.0
2026-09-14 05:07:00,1.35251,1.35281,1.35251,1.35277,0.0
2026-09-14 05:08:00,1.35271,1.35289,1.3526,1.35285,0.0
2026-09-14 05:09:00,1.35277,1.35277,1.35255,1.35257,0.0
2026-09-14 05:10:00,1.35263,1.35274,1.35263,1.35273,0.0
2026-09-14 05:11:00,1.35271,1.35271,1.35261,1.35262,0.0
2026-09-14 05:12:00,1.35264,1.35269,1.35263,1.35268,0.0
2026-09-14 05:13:00,1.35266,1.35266,1.35258,1.3526,0.0
2026-09-14 05:14:00,1.35262,1.35263,1.35256,1.35256,0.0
2026-09-14 05:15:00,1.35257,1.35266,1.35248,1.35264,0.0
2026-09-14 05:16:00,1.3526,1.35262,1.35242,1.35244,0.0
2026-09-14 05:17:00,1.35251,1.35267,1.35245,1.35264,0.0
2026-09-14 05:18:00,1.35258,1.35258,1.35243,1.35244,0.0
2026-09-14 05:19:00,1.35247,1.35251,1.35247,1.35251,0.0
2026-09-14 05:20:00,1.35249,1.35258,1.35246,1.35249,0.0
2026-09-14 05:21:00,1.35249,1.35271,1.35249,1.35265,0.0
2026-09-14 05:22:00,1.35254,1.35278,1.35248,1.35276,0.0
2026-09-14 05:23:00,1.35271,1.35271,1.35236,1.3524,0.0
2026-09-14 05:24:00,1.35246,1.35248,1.35245,1.35248,0.0
2026-09-14 05:25:00,1.35245,1.35251,1.35245,1.3525,0.0
2026-09-14 05:26:00,1.35247,1.35254,1.35245,1.35252,0.0
2026-09-14 05:27:00,1.35243,1.35259,1.35243,1.35257,0.0
2026-09-14 05:28:00,1.35255,1.35255,1.35252,1.35255,0.0
2026-09-14 05:29:00,1.35252,1.35258,1.35249,1.35257,0.0
2026-09-14 05:30:00,1.35255,1.35255,1.35237,1.3524,0.0
2026-09-14 05:31:00,1.35243,1.35256,1.35243,1.35255,0.0
2026-09-14 05:32:00,1.35252,1.35257,1.35252,1.35252,0.0
2026-09-14 05:33:00,1.35252,1.35258,1.35246,1.35258,0.0
2026-09-14 05:34:00,1.35257,1.3526,1.35239,1.35241,0.0
2026-09-14 05:35:00,1.35247,1.35261,1.35247,1.3526,0.0
2026-09-14 05:36:00,1.35256,1.3526,1.35251,1.35251,0.0
2026-09-14 05:37:00,1.35253,1.35258,1.35249,1.35258,0.0
2026-09-14 05:38:00,1.35255,1.35255,1.35248,1.35249,0.0
2026-09-14 05:39:00,1.3525,1.3525,1.35239,1.35242,0.0
2026-09-14 05:40:00,1.35246,1.35246,1.35237,1.35238,0.0
2026-09-14 05:41:00,1.3524,1.35241,1.35239,1.35241,0.0
2026-09-14 05:42:00,1.3524,1.35247,1.35239,1.35245,0.0
2026-09-14 05:43:00,1.3524,1.35247,1.3524,1.35246,0.0
2026-09-14 05:44:00,1.35244,1.3525,1.35236,1.35238,0.0
2026-09-14 05:45:00,1.35237,1.35256,1.35237,1.35254,0.0
2026-09-14 05:46:00,1.35249,1.35249,1.35243,1.35245,0.0
2026-09-14 05:47:00,1.35244,1.35262,1.35241,1.35257,0.0
2026-09-14 05:48:00,1.3525,1.35264,1.35247,1.35262,0.0
2026-09-14 05:49:00,1.35257,1.35257,1.35245,1.35246,0.0
2026-09-14 05:50:00,1.35249,1.35255,1.35248,1.35254,0.0
2026-09-14 05:51:00,1.35249,1.3526,1.35249,1.35259,0.0
2026-09-14 05:52:00,1.35255,1.35257,1.35254,1.35257,0.0
2026-09-14 05:53:00,1.35256,1.35259,1.3525,1.35251,0.0
2026-09-14 05:54:00,1.35252,1.35261,1.35252,1.3526,0.0
2026-09-14 05:55:00,1.35257,1.35258,1.35248,1.3525,0.0
2026-09-14 05:56:00,1.3525,1.35261,1.3525,1.3526,0.0
2026-09-14 05:57:00,1.35258,1.35258,1.3525,1.35252,0.0
2026-09-14 05:58:00,1.35253,1.35258,1.35253,1.35257,0.0
2026-09-14 05:59:00,1.35255,1.35255,1.3525,1.35251,0.0
2026-09-14 06:00:00,1.35252,1.35263,1.35248,1.35259,0.0
2026-09-14 06:01:00,1.35253,1.35261,1.35253,1.35261,0.0
2026-09-14 06:02:00,1.35258,1.35261,1.35254,1.35255,0.0
2026-09-14 06:03:00,1.35255,1.35259,1.35255,1.35259,0.0
2026-09-14 06:04:00,1.35258,1.35259,1.35256,1.35259,0.0
2026-09-14 06:05:00,1.35256,1.35258,1.35255,1.35255,0.0
2026-09-14 06:06:00,1.35255,1.35257,1.35252,1.35257,0.0
2026-09-14 06:07:00,1.35253,1.35264,1.35253,1.35261,0.0
2026-09-14 06:08:00,1.35257,1.35261,1.35257,1.35261,0.0
2026-09-14 06:09:00,1.35258,1.35261,1.35258,1.3526,0.0
2026-09-14 06:10:00,1.35259,1.35259,1.3525,1.35252,0.0
2026-09-14 06:11:00,1.35253,1.35263,1.35253,1.35262,0.0
2026-09-14 06:12:00,1.35259,1.35265,1.35254,1.35255,0.0
2026-09-14 06:13:00,1.35256,1.35269,1.35256,1.35268,0.0
2026-09-14 06:14:00,1.35265,1.35265,1.35248,1.3525,0.0
2026-09-14 06:15:00,1.35255,1.35263,1.35253,1.35262,0.0
2026-09-14 06:16:00,1.3526,1.35265,1.35247,1.35249,0.0
2026-09-14 06:17:00,1.35255,1.35264,1.35254,1.35264,0.0
2026-09-14 06:18:00,1.35261,1.35261,1.35254,1.35254,0.0
2026-09-14 06:19:00,1.35255,1.35257,1.35253,1.35257,0.0
2026-09-14 06:20:00,1.35254,1.35263,1.35252,1.3526,0.0
2026-09-14 06:21:00,1.35255,1.3526,1.35255,1.3526,0.0
2026-09-14 06:22:00,1.35258,1.35258,1.35254,1.35258,0.0
2026-09-14 06:23:00,1.35257,1.35261,1.35247,1.35248,0.0
2026-09-14 06:24:00,1.35251,1.35263,1.35251,1.35262,0.0
2026-09-14 06:25:00,1.35259,1.35259,1.35254,1.35254,0.0
2026-09-14 06:26:00,1.35255,1.35256,1.35248,1.3525,0.0
2026-09-14 06:27:00,1.3525,1.3526,1.3525,1.35259,0.0
2026-09-14 06:28:00,1.35257,1.35257,1.35252,1.35257,0.0
2026-09-14 06:29:00,1.35254,1.35266,1.35246,1.35248,0.0
2026-09-14 06:30:00,1.35255,1.35265,1.35254,1.35264,0.0
2026-09-14 06:31:00,1.35261,1.35261,1.35252,1.35253,0.0
2026-09-14 06:32:00,1.35255,1.35257,1.35255,1.35257,0.0
2026-09-14 06:33:00,1.35256,1.35256,1.35252,1.35253,0.0
2026-09-14 06:34:00,1.35254,1.35257,1.35252,1.35252,0.0
2026-09-14 06:35:00,1.35253,1.35263,1.35253,1.35261,0.0
2026-09-14 06:36:00,1.35252,1.35267,1.35252,1.35265,0.0
2026-09-14 06:37:00,1.35261,1.35261,1.3525,1.35253,0.0
2026-09-14 06:38:00,1.35255,1.3526,1.35254,1.35254,0.0
2026-09-14 06:39:00,1.35254,1.35256,1.3525,1.35256,0.0
2026-09-14 06:40:00,1.35254,1.35263,1.35247,1.35249,0.0
2026-09-14 06:41:00,1.35253,1.35261,1.35253,1.3526,0.0
2026-09-14 06:42:00,1.35258,1.35261,1.35258,1.35261,0.0
2026-09-14 06:43:00,1.3526,1.3526,1.35254,1.35255,0.0
2026-09-14 06:44:00,1.35256,1.35261,1.35256,1.3526,0.0
2026-09-14 06:45:00,1.35257,1.35261,1.35257,1.3526,0.0
2026-09-14 06:46:00,1.35259,1.3526,1.35255,1.3526,0.0
2026-09-14 06:47:00,1.35257,1.35261,1.35255,1.35255,0.0
2026-09-14 06:48:00,1.35256,1.35258,1.35252,1.35258,0.0
2026-09-14 06:49:00,1.35255,1.35264,1.35251,1.35252,0.0
2026-09-14 06:50:00,1.35255,1.35265,1.35249,1.35263,0.0
2026-09-14 06:51:00,1.35259,1.35259,1.35247,1.35248,0.0
2026-09-14 06:52:00,1.3525,1.3525,1.35248,1.3525,0.0
2026-09-14 06:53:00,1.35249,1.35253,1.35247,1.35249,0.0
2026-09-14 06:54:00,1.35247,1.35252,1.35247,1.35252,0.0
2026-09-14 06:55:00,1.35251,1.35251,1.35247,1.35251,0.0
2026-09-14 06:56:00,1.35249,1.35259,1.35242,1.35243,0.0
2026-09-14 06:57:00,1.35248,1.35258,1.35248,1.35258,0.0
2026-09-14 06:58:00,1.35253,1.35264,1.35253,1.35261,0.0
2026-09-14 06:59:00,1.35256,1.35261,1.35254,1.35261,0.0
2026-09-14 07:00:00,1.35258,1.35268,1.35251,1.35253,0.0
2026-09-14 07:01:00,1.35257,1.3527,1.35251,1.35268,0.0
2026-09-14 07:02:00,1.35263,1.35264,1.35248,1.3525,0.0
2026-09-14 07:03:00,1.35252,1.35263,1.35252,1.35262,0.0
2026-09-14 07:04:00,1.3526,1.3526,1.35254,1.35255,0.0
2026-09-14 07:05:00,1.35257,1.35257,1.3525,1.35251,0.0
2026-09-14 07:06:00,1.35253,1.35254,1.35247,1.35254,0.0
2026-09-14 07:07:00,1.35252,1.35252,1.35245,1.35246,0.0
2026-09-14 07:08:00,1.35246,1.35246,1.35236,1.35238,0.0
2026-09-14 07:09:00,1.35238,1.35247,1.35238,1.35246,0.0
2026-09-14 07:10:00,1.35244,1.35244,1.35237,1.35239,0.0
2026-09-14 07:11:00,1.3524,1.35249,1.35236,1.3524,0.0
2026-09-14 07:12:00,1.3524,1.35247,1.3524,1.35247,0.0
2026-09-14 07:13:00,1.35244,1.35244,1.35237,1.35238,0.0
2026-09-14 07:14:00,1.3524,1.35255,1.35237,1.35238,0.0
2026-09-14 07:15:00,1.3524,1.35259,1.3524,1.35257,0.0
2026-09-14 07:16:00,1.35252,1.35254,1.35252,1.35254,0.0
2026-09-14 07:17:00,1.35252,1.35252,1.35245,1.35247,0.0
2026-09-14 07:18:00,1.35248,1.35256,1.35248,1.35248,0.0
2026-09-14 07:19:00,1.35249,1.35253,1.35249,1.35253,0.0
2026-09-14 07:20:00,1.35249,1.35256,1.35249,1.35255,0.0
2026-09-14 07:21:00,1.35253,1.35253,1.35248,1.35249,0.0
2026-09-14 07:22:00,1.3525,1.35261,1.3525,1.35258,0.0
2026-09-14 07:23:00,1.35253,1.3526,1.35253,1.35259,0.0
2026-09-14 07:24:00,1.35257,1.35261,1.35244,1.35261,0.0
2026-09-14 07:25:00,1.3526,1.3526,1.35236,1.35238,0.0
2026-09-14 07:26:00,1.35244,1.35256,1.35244,1.35256,0.0
2026-09-14 07:27:00,1.35253,1.35255,1.35245,1.35245,0.0
2026-09-14 07:28:00,1.35248,1.35253,1.35248,1.35253,0.0
2026-09-14 07:29:00,1.35249,1.35265,1.35241,1.35249,0.0
2026-09-14 07:30:00,1.35252,1.35263,1.35252,1.35262,0.0
2026-09-14 07:31:00,1.35259,1.35259,1.35258,1.35259,0.0
2026-09-14 07:32:00,1.35259,1.35259,1.3525,1.35252,0.0
2026-09-14 07:33:00,1.35253,1.35258,1.35253,1.35257,0.0
2026-09-14 07:34:00,1.35254,1.3526,1.35254,1.35258,0.0
2026-09-14 07:35:00,1.35255,1.3526,1.35255,1.3526,0.0
2026-09-14 07:36:00,1.35258,1.35267,1.35255,1.35256,0.0
2026-09-14 07:37:00,1.35259,1.35266,1.35259,1.35266,0.0
2026-09-14 07:38:00,1.35263,1.35267,1.35261,1.35261,0.0
2026-09-14 07:39:00,1.35262,1.35264,1.35259,1.35264,0.0
2026-09-14 07:40:00,1.35261,1.35268,1.35259,1.35259,0.0
2026-09-14 07:41:00,1.35261,1.35268,1.35255,1.35267,0.0
2026-09-14 07:42:00,1.35263,1.35264,1.35254,1.35255,0.0
2026-09-14 07:43:00,1.35256,1.35261,1.35256,1.35261,0.0
2026-09-14 07:44:00,1.3526,1.3526,1.35258,1.35258,0.0
2026-09-14 07:45:00,1.35258,1.35266,1.35254,1.35255,0.0
2026-09-14 07:46:00,1.35257,1.35266,1.35257,1.35266,0.0
2026-09-14 07:47:00,1.35262,1.35272,1.35262,1.3527,0.0
2026-09-14 07:48:00,1.35266,1.35273,1.35258,1.35272,0.0
2026-09-14 07:49:00,1.35268,1.35271,1.35255,1.35256,0.0
2026-09-14 07:50:00,1.35261,1.35271,1.35261,1.3527,0.0
2026-09-14 07:51:00,1.35264,1.35278,1.35264,1.35276,0.0
2026-09-14 07:52:00,1.35273,1.35273,1.35267,1.35268,0.0
2026-09-14 07:53:00,1.35268,1.35275,1.35268,1.35273,0.0
2026-09-14 07:54:00,1.35269,1.35272,1.35261,1.35272,0.0
2026-09-14 07:55:00,1.35271,1.35271,1.35252,1.35255,0.0
2026-09-14 07:56:00,1.35259,1.35261,1.35259,1.35261,0.0
2026-09-14 07:57:00,1.3526,1.3526,1.35253,1.35255,0.0
2026-09-14 07:58:00,1.35257,1.35263,1.35252,1.35253,0.0
2026-09-14 07:59:00,1.35255,1.3526,1.35253,1.3526,0.0
2026-09-14 08:00:00,1.35258,1.35272,1.35242,1.35246,0.0
2026-09-14 08:01:00,1.35257,1.35272,1.35257,1.35271,0.0
2026-09-14 08:02:00,1.35266,1.35266,1.35263,1.35263,0.0
2026-09-14 08:03:00,1.35263,1.35263,1.35256,1.35257,0.0
2026-09-14 08:04:00,1.35259,1.35259,1.35254,1.35255,0.0
2026-09-14 08:05:00,1.35255,1.35262,1.35254,1.35255,0.0
2026-09-14 08:06:00,1.35255,1.35261,1.35255,1.35261,0.0
2026-09-14 08:07:00,1.35259,1.35259,1.35254,1.35254,0.0
2026-09-14 08:08:00,1.35255,1.35258,1.35247,1.35258,0.0
2026-09-14 08:09:00,1.35254,1.35254,1.35245,1.35246,0.0
2026-09-14 08:10:00,1.35247,1.35248,1.35229,1.35234,0.0
2026-09-14 08:11:00,1.35241,1.35241,1.35227,1.35228,0.0
2026-09-14 08:12:00,1.35232,1.35238,1.35232,1.35238,0.0
2026-09-14 08:13:00,1.35235,1.35241,1.35235,1.35241,0.0
2026-09-14 08:14:00,1.35239,1.35239,1.35234,1.35235,0.0
2026-09-14 08:15:00,1.35236,1.35236,1.3523,1.35231,0.0
2026-09-14 08:16:00,1.35233,1.35233,1.35228,1.35228,0.0
2026-09-14 08:17:00,1.35229,1.35229,1.35218,1.35221,0.0
2026-09-14 08:18:00,1.35225,1.35225,1.35211,1.35213,0.0
2026-09-14 08:19:00,1.35216,1.35216,1.35197,1.35201,0.0
2026-09-14 08:20:00,1.35204,1.35213,1.35204,1.35211,0.0
2026-09-14 08:21:00,1.35208,1.3521,1.35206,1.3521,0.0
2026-09-14 08:22:00,1.35207,1.35208,1.35206,1.35208,0.0
2026-09-14 08:23:00,1.35207,1.35207,1.35196,1.35198,0.0
2026-09-14 08:24:00,1.35201,1.35201,1.35191,1.35193,0.0
2026-09-14 08:25:00,1.35196,1.35196,1.35184,1.35186,0.0
2026-09-14 08:26:00,1.35189,1.35195,1.35189,1.35194,0.0
2026-09-14 08:27:00,1.35189,1.35197,1.35189,1.35196,0.0
2026-09-14 08:28:00,1.35194,1.35195,1.3519,1.35195,0.0
2026-09-14 08:29:00,1.35191,1.35208,1.35191,1.35204,0.0
2026-09-14 08:30:00,1.35198,1.35205,1.35198,1.35205,0.0
2026-09-14 08:31:00,1.35202,1.35214,1.35193,1.35195,0.0
2026-09-14 08:32:00,1.35202,1.35212,1.35202,1.35211,0.0
2026-09-14 08:33:00,1.35209,1.35212,1.35201,1.35202,0.0
2026-09-14 08:34:00,1.35204,1.3521,1.35204,1.35209,0.0
2026-09-14 08:35:00,1.35208,1.3521,1.35208,1.3521,0.0
2026-09-14 08:36:00,1.35208,1.35209,1.35206,1.35206,0.0
2026-09-14 08:37:00,1.35207,1.35208,1.35205,1.35208,0.0
2026-09-14 08:38:00,1.35205,1.3521,1.35205,1.35209,0.0
2026-09-14 08:39:00,1.35207,1.3521,1.35198,1.35209,0.0
2026-09-14 08:40:00,1.35206,1.35206,1.35197,1.35198,0.0
2026-09-14 08:41:00,1.352,1.35203,1.35196,1.35203,0.0
2026-09-14 08:42:00,1.35201,1.35206,1.35196,1.35197,0.0
2026-09-14 08:43:00,1.35198,1.35203,1.35198,1.35203,0.0
2026-09-14 08:44:00,1.352,1.35215,1.352,1.35211,0.0
2026-09-14 08:45:00,1.35203,1.35221,1.35203,1.35218,0.0
2026-09-14 08:46:00,1.35212,1.35224,1.35212,1.35223,0.0
2026-09-14 08:47:00,1.35218,1.35233,1.35218,1.3523,0.0
2026-09-14 08:48:00,1.35225,1.35231,1.35225,1.35231,0.0
2026-09-14 08:49:00,1.35228,1.35237,1.35228,1.35234,0.0
2026-09-14 08:50:00,1.3523,1.35236,1.3523,1.35235,0.0
2026-09-14 08:51:00,1.3523,1.35241,1.3523,1.3524,0.0
2026-09-14 08:52:00,1.35237,1.35237,1.35227,1.35229,0.0
2026-09-14 08:53:00,1.35231,1.35231,1.35227,1.35228,0.0
2026-09-14 08:54:00,1.35228,1.35228,1.35219,1.3522,0.0
2026-09-14 08:55:00,1.35222,1.35224,1.35221,1.35224,0.0
2026-09-14 08:56:00,1.35221,1.35225,1.35221,1.35224,0.0
2026-09-14 08:57:00,1.35222,1.35227,1.35221,1.35226,0.0
2026-09-14 08:58:00,1.35221,1.35233,1.35221,1.35231,0.0
2026-09-14 08:59:00,1.35227,1.35231,1.35225,1.35231,0.0
2026-09-14 09:00:00,1.35228,1.35235,1.35224,1.35225,0.0
2026-09-14 09:01:00,1.35227,1.35233,1.35227,1.35233,0.0
2026-09-14 09:02:00,1.35228,1.35238,1.35228,1.35237,0.0
2026-09-14 09:03:00,1.35234,1.35236,1.35227,1.35236,0.0
2026-09-14 09:04:00,1.35233,1.35233,1.35225,1.35226,0.0
2026-09-14 09:05:00,1.35228,1.35232,1.35228,1.35231,0.0
2026-09-14 09:06:00,1.35229,1.35232,1.35229,1.35232,0.0
2026-09-14 09:07:00,1.3523,1.35238,1.35228,1.3523,0.0
2026-09-14 09:08:00,1.35231,1.3524,1.35231,1.35239,0.0
2026-09-14 09:09:00,1.35233,1.35246,1.35233,1.35244,0.0
2026-09-14 09:10:00,1.35241,1.35243,1.35239,1.35243,0.0
2026-09-14 09:11:00,1.35239,1.35254,1.35236,1.3525,0.0
2026-09-14 09:12:00,1.35243,1.35252,1.35243,1.35252,0.0
2026-09-14 09:13:00,1.35248,1.35252,1.35248,1.35251,0.0
2026-09-14 09:14:00,1.35248,1.35252,1.35237,1.35248,0.0
2026-09-14 09:15:00,1.35247,1.35247,1.35232,1.35234,0.0
2026-09-14 09:16:00,1.35237,1.35237,1.35227,1.35228,0.0
2026-09-14 09:17:00,1.35229,1.35231,1.35224,1.35231,0.0
2026-09-14 09:18:00,1.35229,1.35229,1.35219,1.35221,0.0
2026-09-14 09:19:00,1.35222,1.35222,1.35208,1.35211,0.0
2026-09-14 09:20:00,1.35214,1.35218,1.35213,1.35213,0.0
2026-09-14 09:21:00,1.35213,1.35216,1.35206,1.35215,0.0
2026-09-14 09:22:00,1.35212,1.35214,1.35206,1.35206,0.0
2026-09-14 09:23:00,1.35208,1.3521,1.35208,1.3521,0.0
2026-09-14 09:24:00,1.35208,1.35214,1.35208,1.35213,0.0
2026-09-14 09:25:00,1.35209,1.35212,1.35209,1.35212,0.0
2026-09-14 09:26:00,1.3521,1.35213,1.3521,1.35213,0.0
2026-09-14 09:27:00,1.35211,1.35211,1.3521,1.3521,0.0
2026-09-14 09:28:00,1.3521,1.3521,1.35205,1.3521,0.0
2026-09-14 09:29:00,1.35207,1.35219,1.35204,1.35215,0.0
2026-09-14 09:30:00,1.3521,1.35216,1.3521,1.35216,0.0
2026-09-14 09:31:00,1.35213,1.35219,1.35213,1.35218,0.0
2026-09-14 09:32:00,1.35216,1.35216,1.35205,1.35207,0.0
2026-09-14 09:33:00,1.35208,1.35226,1.35203,1.35221,0.0
2026-09-14 09:34:00,1.35212,1.35227,1.35212,1.35226,0.0
2026-09-14 09:35:00,1.35221,1.35222,1.35219,1.35221,0.0
2026-09-14 09:36:00,1.3522,1.3522,1.35212,1.35214,0.0
2026-09-14 09:37:00,1.35218,1.35218,1.35204,1.35206,0.0
2026-09-14 09:38:00,1.3521,1.3521,1.35201,1.35202,0.0
2026-09-14 09:39:00,1.35203,1.35205,1.35203,1.35205,0.0
2026-09-14 09:40:00,1.35202,1.35214,1.35202,1.3521,0.0
2026-09-14 09:41:00,1.35206,1.35211,1.35206,1.35211,0.0
2026-09-14 09:42:00,1.35208,1.35218,1.35208,1.35216,0.0
2026-09-14 09:43:00,1.35212,1.35214,1.35212,1.35214,0.0
2026-09-14 09:44:00,1.35212,1.35224,1.3521,1.35221,0.0
2026-09-14 09:45:00,1.35213,1.35223,1.35213,1.35222,0.0
2026-09-14 09:46:00,1.3522,1.35233,1.3522,1.35229,0.0
2026-09-14 09:47:00,1.3522,1.35236,1.3522,1.35234,0.0
2026-09-14 09:48:00,1.35231,1.35235,1.35231,1.35235,0.0
2026-09-14 09:49:00,1.35232,1.35234,1.35231,1.35232,0.0
2026-09-14 09:50:00,1.35232,1.35232,1.35221,1.35223,0.0
2026-09-14 09:51:00,1.35226,1.35236,1.35216,1.35218,0.0
2026-09-14 09:52:00,1.35225,1.35234,1.35225,1.35234,0.0
2026-09-14 09:53:00,1.3523,1.35234,1.35228,1.35228,0.0
2026-09-14 09:54:00,1.35229,1.3523,1.35228,1.3523,0.0
2026-09-14 09:55:00,1.35228,1.35231,1.35225,1.35231,0.0
2026-09-14 09:56:00,1.3523,1.35236,1.35219,1.3522,0.0
2026-09-14 09:57:00,1.35223,1.35251,1.35223,1.35246,0.0
2026-09-14 09:58:00,1.35232,1.35264,1.35232,1.35259,0.0
2026-09-14 09:59:00,1.35252,1.35263,1.35252,1.35263,0.0
2026-09-14 10:00:00,1.35259,1.35261,1.35259,1.35261,0.0
2026-09-14 10:01:00,1.35259,1.35259,1.35246,1.3525,0.0
2026-09-14 10:02:00,1.35255,1.35264,1.35238,1.35241,0.0
2026-09-14 10:03:00,1.3525,1.35263,1.3525,1.35262,0.0
2026-09-14 10:04:00,1.35258,1.35261,1.35258,1.35261,0.0
2026-09-14 10:05:00,1.35259,1.35259,1.35256,1.35257,0.0
2026-09-14 10:06:00,1.35257,1.3527,1.35256,1.35266,0.0
2026-09-14 10:07:00,1.35256,1.35274,1.35256,1.35272,0.0
2026-09-14 10:08:00,1.35268,1.35272,1.35268,1.35272,0.0
2026-09-14 10:09:00,1.35269,1.35281,1.35265,1.35269,0.0
2026-09-14 10:10:00,1.35271,1.35293,1.35258,1.35288,0.0
2026-09-14 10:11:00,1.35279,1.35279,1.35252,1.35254,0.0
2026-09-14 10:12:00,1.35258,1.35258,1.35243,1.35246,0.0
2026-09-14 10:13:00,1.35249,1.35258,1.35239,1.35241,0.0
2026-09-14 10:14:00,1.35246,1.35256,1.35246,1.35255,0.0
2026-09-14 10:15:00,1.35253,1.35261,1.35253,1.35259,0.0
2026-09-14 10:16:00,1.35255,1.35259,1.35252,1.35259,0.0
2026-09-14 10:17:00,1.35257,1.35257,1.35247,1.35249,0.0
2026-09-14 10:18:00,1.3525,1.35254,1.3525,1.35253,0.0
2026-09-14 10:19:00,1.35251,1.35251,1.35243,1.35245,0.0
2026-09-14 10:20:00,1.35247,1.35247,1.35243,1.35243,0.0
2026-09-14 10:21:00,1.35244,1.35245,1.35234,1.35244,0.0
2026-09-14 10:22:00,1.35241,1.35243,1.35234,1.35235,0.0
2026-09-14 10:23:00,1.35237,1.35244,1.35227,1.35242,0.0
2026-09-14 10:24:00,1.35238,1.35238,1.35225,1.35226,0.0
2026-09-14 10:25:00,1.35228,1.35228,1.35221,1.35222,0.0
2026-09-14 10:26:00,1.35223,1.35224,1.35206,1.35224,0.0
2026-09-14 10:27:00,1.35223,1.35223,1.3519,1.35195,0.0
2026-09-14 10:28:00,1.35202,1.35202,1.35179,1.35183,0.0
2026-09-14 10:29:00,1.35187,1.35187,1.35184,1.35184,0.0
2026-09-14 10:30:00,1.35185,1.35185,1.35177,1.35179,0.0
2026-09-14 10:31:00,1.3518,1.35181,1.35179,1.35179,0.0
2026-09-14 10:32:00,1.35179,1.35188,1.35172,1.35174,0.0
2026-09-14 10:33:00,1.35172,1.35197,1.35172,1.35195,0.0
2026-09-14 10:34:00,1.3519,1.35192,1.35177,1.35181,0.0
2026-09-14 10:35:00,1.35187,1.35187,1.35173,1.35175,0.0
2026-09-14 10:36:00,1.35178,1.35181,1.35177,1.35181,0.0
2026-09-14 10:37:00,1.3518,1.3518,1.35173,1.35175,0.0
2026-09-14 10:38:00,1.35176,1.35178,1.35172,1.35172,0.0
2026-09-14 10:39:00,1.35173,1.35177,1.35171,1.35177,0.0
2026-09-14 10:40:00,1.35175,1.35175,1.35171,1.35171,0.0
2026-09-14 10:41:00,1.35171,1.35171,1.35164,1.35166,0.0
2026-09-14 10:42:00,1.35166,1.35172,1.35166,1.35171,0.0
2026-09-14 10:43:00,1.35169,1.35171,1.35159,1.35162,0.0
2026-09-14 10:44:00,1.35167,1.35175,1.35154,1.35156,0.0
2026-09-14 10:45:00,1.35162,1.35175,1.35162,1.35174,0.0
2026-09-14 10:46:00,1.3517,1.35177,1.3517,1.35176,0.0
2026-09-14 10:47:00,1.35174,1.35175,1.35168,1.35175,0.0
2026-09-14 10:48:00,1.35174,1.35174,1.35163,1.35165,0.0
2026-09-14 10:49:00,1.35166,1.35171,1.35165,1.35165,0.0
2026-09-14 10:50:00,1.35166,1.35169,1.35166,1.35169,0.0
2026-09-14 10:51:00,1.35165,1.35175,1.35165,1.35173,0.0
2026-09-14 10:52:00,1.35171,1.35172,1.35168,1.35172,0.0
2026-09-14 10:53:00,1.35169,1.35183,1.35164,1.35178,0.0
2026-09-14 10:54:00,1.35172,1.35181,1.35172,1.3518,0.0
2026-09-14 10:55:00,1.35177,1.35196,1.35173,1.3519,0.0
2026-09-14 10:56:00,1.3518,1.35197,1.3518,1.35195,0.0
2026-09-14 10:57:00,1.35192,1.35197,1.35192,1.35197,0.0
2026-09-14 10:58:00,1.35195,1.35195,1.35179,1.35184,0.0
2026-09-14 10:59:00,1.3519,1.3519,1.35168,1.35171,0.0
2026-09-14 11:00:00,1.35176,1.35187,1.35161,1.35164,0.0
2026-09-14 11:01:00,1.35173,1.35186,1.35173,1.35185,0.0
2026-09-14 11:02:00,1.35181,1.35188,1.35181,1.35181,0.0
2026-09-14 11:03:00,1.35182,1.35191,1.35172,1.35189,0.0
2026-09-14 11:04:00,1.35184,1.35184,1.3517,1.35171,0.0
2026-09-14 11:05:00,1.35173,1.35173,1.35164,1.35165,0.0
2026-09-14 11:06:00,1.35167,1.35168,1.35165,1.35168,0.0
2026-09-14 11:07:00,1.35167,1.35167,1.3516,1.35161,0.0
2026-09-14 11:08:00,1.35162,1.35162,1.35151,1.35154,0.0
2026-09-14 11:09:00,1.35159,1.35159,1.35146,1.35147,0.0
2026-09-14 11:10:00,1.3515,1.35152,1.35146,1.35152,0.0
2026-09-14 11:11:00,1.35149,1.35154,1.35146,1.35146,0.0
2026-09-14 11:12:00,1.35148,1.35155,1.35139,1.35154,0.0
2026-09-14 11:13:00,1.35149,1.35149,1.35139,1.3514,0.0
2026-09-14 11:14:00,1.35141,1.35141,1.35136,1.35141,0.0
2026-09-14 11:15:00,1.35139,1.3514,1.35137,1.35137,0.0
2026-09-14 11:16:00,1.35137,1.35137,1.35135,1.35137,0.0
2026-09-14 11:17:00,1.35136,1.3514,1.35135,1.35139,0.0
2026-09-14 11:18:00,1.35136,1.35146,1.35136,1.35143,0.0
2026-09-14 11:19:00,1.35139,1.35145,1.35138,1.35145,0.0
2026-09-14 11:20:00,1.35143,1.35143,1.35137,1.35137,0.0
2026-09-14 11:21:00,1.35138,1.35145,1.35135,1.35143,0.0
2026-09-14 11:22:00,1.35134,1.35156,1.35134,1.35153,0.0
2026-09-14 11:23:00,1.35148,1.35153,1.35148,1.35153,0.0
2026-09-14 11:24:00,1.3515,1.35161,1.35147,1.35157,0.0
2026-09-14 11:25:00,1.35152,1.3516,1.35152,1.35159,0.0
2026-09-14 11:26:00,1.35156,1.35163,1.35156,1.35162,0.0
2026-09-14 11:27:00,1.3516,1.35166,1.35159,1.3516,0.0
2026-09-14 11:28:00,1.3516,1.35167,1.3516,1.35167,0.0
2026-09-14 11:29:00,1.35165,1.35165,1.35159,1.35159,0.0
2026-09-14 11:30:00,1.35161,1.35164,1.35159,1.35163,0.0
2026-09-14 11:31:00,1.35158,1.35168,1.35158,1.35167,0.0
2026-09-14 11:32:00,1.35163,1.35169,1.35147,1.35152,0.0
2026-09-14 11:33:00,1.3516,1.3516,1.35143,1.35145,0.0
2026-09-14 11:34:00,1.35147,1.35147,1.35131,1.35134,0.0
2026-09-14 11:35:00,1.35137,1.3515,1.35134,1.35146,0.0
2026-09-14 11:36:00,1.3514,1.35156,1.3514,1.35153,0.0
2026-09-14 11:37:00,1.35146,1.35161,1.35146,1.3516,0.0
2026-09-14 11:38:00,1.35156,1.3516,1.35153,1.35154,0.0
2026-09-14 11:39:00,1.35155,1.35165,1.35155,1.35163,0.0
2026-09-14 11:40:00,1.35155,1.35173,1.35155,1.3517,0.0
2026-09-14 11:41:00,1.35166,1.35172,1.35166,1.35172,0.0
2026-09-14 11:42:00,1.35167,1.35184,1.35167,1.3518,0.0
2026-09-14 11:43:00,1.35174,1.35181,1.35174,1.35181,0.0
2026-09-14 11:44:00,1.35178,1.35188,1.35171,1.35173,0.0
2026-09-14 11:45:00,1.35177,1.35187,1.35177,1.35186,0.0
2026-09-14 11:46:00,1.35182,1.35192,1.35182,1.35191,0.0
2026-09-14 11:47:00,1.35188,1.35189,1.35188,1.35189,0.0
2026-09-14 11:48:00,1.35188,1.3519,1.35186,1.3519,0.0
2026-09-14 11:49:00,1.35186,1.3519,1.35183,1.35189,0.0
2026-09-14 11:50:00,1.35187,1.35187,1.3517,1.35174,0.0
2026-09-14 11:51:00,1.3518,1.3518,1.35166,1.35167,0.0
2026-09-14 11:52:00,1.35171,1.35174,1.35169,1.35174,0.0
2026-09-14 11:53:00,1.35171,1.35176,1.3517,1.3517,0.0
2026-09-14 11:54:00,1.35171,1.35172,1.35166,1.35172,0.0
2026-09-14 11:55:00,1.3517,1.35173,1.35166,1.35167,0.0
2026-09-14 11:56:00,1.35168,1.35171,1.35168,1.3517,0.0
2026-09-14 11:57:00,1.35168,1.35178,1.35168,1.35176,0.0
2026-09-14 11:58:00,1.35171,1.35179,1.35171,1.35178,0.0
2026-09-14 11:59:00,1.35175,1.35179,1.35175,1.35179,0.0
2026-09-14 12:00:00,1.35176,1.35176,1.35171,1.35172,0.0
2026-09-14 12:01:00,1.35173,1.35173,1.35163,1.35165,0.0
2026-09-14 12:02:00,1.35166,1.35176,1.35162,1.35166,0.0
2026-09-14 12:03:00,1.35167,1.35173,1.35167,1.35173,0.0
2026-09-14 12:04:00,1.35171,1.35177,1.35167,1.35168,0.0
2026-09-14 12:05:00,1.3517,1.35174,1.35168,1.35174,0.0
2026-09-14 12:06:00,1.35172,1.35176,1.35167,1.35168,0.0
2026-09-14 12:07:00,1.35169,1.35184,1.35169,1.3518,0.0
2026-09-14 12:08:00,1.35172,1.35189,1.35172,1.35188,0.0
2026-09-14 12:09:00,1.35182,1.35197,1.35182,1.35193,0.0
2026-09-14 12:10:00,1.35188,1.35197,1.35188,1.35197,0.0
2026-09-14 12:11:00,1.35194,1.35195,1.35192,1.35192,0.0
2026-09-14 12:12:00,1.35192,1.35193,1.35187,1.35193,0.0
2026-09-14 12:13:00,1.3519,1.35194,1.35188,1.35188,0.0
2026-09-14 12:14:00,1.35189,1.35192,1.35182,1.35192,0.0
2026-09-14 12:15:00,1.35189,1.3519,1.35183,1.35183,0.0
2026-09-14 12:16:00,1.35184,1.35189,1.35179,1.35188,0.0
2026-09-14 12:17:00,1.35186,1.35186,1.35175,1.35177,0.0
2026-09-14 12:18:00,1.35179,1.35182,1.35172,1.35173,0.0
2026-09-14 12:19:00,1.35175,1.35183,1.3517,1.35183,0.0
2026-09-14 12:20:00,1.35181,1.35181,1.35166,1.35167,0.0
2026-09-14 12:21:00,1.3517,1.35176,1.3517,1.35176,0.0
2026-09-14 12:22:00,1.35172,1.35185,1.3517,1.35181,0.0
2026-09-14 12:23:00,1.35176,1.35183,1.35176,1.35183,0.0
2026-09-14 12:24:00,1.35179,1.3519,1.35179,1.35188,0.0
2026-09-14 12:25:00,1.35184,1.35194,1.35172,1.35191,0.0
2026-09-14 12:26:00,1.35185,1.35185,1.35168,1.3517,0.0
2026-09-14 12:27:00,1.35173,1.35173,1.35164,1.35166,0.0
2026-09-14 12:28:00,1.35168,1.3517,1.35168,1.3517,0.0
2026-09-14 12:29:00,1.35168,1.35171,1.35168,1.35168,0.0
2026-09-14 12:30:00,1.35168,1.35171,1.35168,1.35171,0.0
2026-09-14 12:31:00,1.35168,1.35173,1.35168,1.35168,0.0
2026-09-14 12:32:00,1.35169,1.35176,1.35159,1.35174,0.0
2026-09-14 12:33:00,1.3517,1.3517,1.35157,1.35158,0.0
2026-09-14 12:34:00,1.3516,1.35163,1.35147,1.35151,0.0
2026-09-14 12:35:00,1.35157,1.35157,1.35146,1.35147,0.0
2026-09-14 12:36:00,1.35149,1.35151,1.35146,1.35149,0.0
2026-09-14 12:37:00,1.35147,1.35153,1.35147,1.35153,0.0
2026-09-14 12:38:00,1.35151,1.35151,1.35147,1.35148,0.0
2026-09-14 12:39:00,1.35149,1.35149,1.35142,1.35144,0.0
2026-09-14 12:40:00,1.35145,1.35145,1.3514,1.3514,0.0
2026-09-14 12:41:00,1.35141,1.35141,1.35133,1.35135,0.0
2026-09-14 12:42:00,1.35136,1.35136,1.35134,1.35134,0.0
2026-09-14 12:43:00,1.35134,1.35135,1.35128,1.3513,0.0
2026-09-14 12:44:00,1.35129,1.35143,1.35129,1.35141,0.0
2026-09-14 12:45:00,1.35137,1.3514,1.35132,1.3514,0.0
2026-09-14 12:46:00,1.35137,1.35142,1.35131,1.35132,0.0
2026-09-14 12:47:00,1.35134,1.35142,1.35134,1.35141,0.0
2026-09-14 12:48:00,1.35138,1.35148,1.35138,1.35146,0.0
2026-09-14 12:49:00,1.35141,1.35148,1.35141,1.35147,0.0
2026-09-14 12:50:00,1.35145,1.35148,1.35143,1.35148,0.0
2026-09-14 12:51:00,1.35146,1.35146,1.35141,1.35141,0.0
2026-09-14 12:52:00,1.35142,1.35143,1.35137,1.35143,0.0
2026-09-14 12:53:00,1.3514,1.35151,1.35132,1.35134,0.0
2026-09-14 12:54:00,1.3514,1.35148,1.3514,1.35148,0.0
2026-09-14 12:55:00,1.35145,1.35146,1.35144,1.35145,0.0
2026-09-14 12:56:00,1.35144,1.35144,1.35135,1.35137,0.0
2026-09-14 12:57:00,1.35138,1.35141,1.35138,1.35141,0.0
2026-09-14 12:58:00,1.35139,1.35139,1.35131,1.35133,0.0
2026-09-14 12:59:00,1.35135,1.35135,1.35126,1.35128,0.0
2026-09-14 13:00:00,1.35129,1.3513,1.35128,1.35128,0.0
2026-09-14 13:01:00,1.35128,1.35138,1.35106,1.35113,0.0
2026-09-14 13:02:00,1.35127,1.35127,1.35102,1.35103,0.0
2026-09-14 13:03:00,1.35106,1.35106,1.35095,1.35097,0.0
2026-09-14 13:04:00,1.351,1.35104,1.35098,1.35098,0.0
2026-09-14 13:05:00,1.35099,1.35102,1.35099,1.35102,0.0
2026-09-14 13:06:00,1.35097,1.35111,1.35097,1.35109,0.0
2026-09-14 13:07:00,1.35104,1.35108,1.35104,1.35108,0.0
2026-09-14 13:08:00,1.35106,1.35106,1.35104,1.35106,0.0
2026-09-14 13:09:00,1.35105,1.35105,1.35104,1.35104,0.0
2026-09-14 13:10:00,1.35103,1.35104,1.351,1.35104,0.0
2026-09-14 13:11:00,1.35101,1.35102,1.35101,1.35102,0.0
2026-09-14 13:12:00,1.35102,1.35102,1.35092,1.35095,0.0
2026-09-14 13:13:00,1.35098,1.35098,1.35093,1.35093,0.0
2026-09-14 13:14:00,1.35093,1.35098,1.35081,1.35093,0.0
2026-09-14 13:15:00,1.35091,1.35091,1.35079,1.3508,0.0
2026-09-14 13:16:00,1.35082,1.35082,1.35075,1.35077,0.0
2026-09-14 13:17:00,1.35077,1.35084,1.35077,1.35084,0.0
2026-09-14 13:18:00,1.35082,1.35082,1.35076,1.35077,0.0
2026-09-14 13:19:00,1.35079,1.35079,1.35073,1.35074,0.0
2026-09-14 13:20:00,1.35075,1.35078,1.35075,1.35075,0.0
2026-09-14 13:21:00,1.35075,1.35077,1.35073,1.35077,0.0
2026-09-14 13:22:00,1.35074,1.35081,1.35073,1.35073,0.0
2026-09-14 13:23:00,1.35074,1.35078,1.3507,1.35078,0.0
2026-09-14 13:24:00,1.35076,1.35076,1.35071,1.35071,0.0
2026-09-14 13:25:00,1.35072,1.35072,1.35065,1.35067,0.0
2026-09-14 13:26:00,1.35069,1.35072,1.35066,1.35066,0.0
2026-09-14 13:27:00,1.35067,1.35075,1.35067,1.35073,0.0
2026-09-14 13:28:00,1.35067,1.3508,1.35067,1.35079,0.0
2026-09-14 13:29:00,1.35075,1.35081,1.35075,1.3508,0.0
2026-09-14 13:30:00,1.35077,1.35081,1.35077,1.35081,0.0
2026-09-14 13:31:00,1.35078,1.3508,1.35072,1.3508,0.0
2026-09-14 13:32:00,1.35077,1.35077,1.35062,1.35065,0.0
2026-09-14 13:33:00,1.35067,1.35068,1.35066,1.35066,0.0
2026-09-14 13:34:00,1.35066,1.35072,1.35049,1.35054,0.0
2026-09-14 13:35:00,1.35063,1.35063,1.35048,1.35049,0.0
2026-09-14 13:36:00,1.3505,1.3505,1.3504,1.35042,0.0
2026-09-14 13:37:00,1.35044,1.35053,1.35043,1.35051,0.0
2026-09-14 13:38:00,1.35046,1.35055,1.35046,1.35053,0.0
2026-09-14 13:39:00,1.35049,1.35057,1.35049,1.35057,0.0
2026-09-14 13:40:00,1.35055,1.35055,1.35046,1.35047,0.0
2026-09-14 13:41:00,1.35048,1.35054,1.35039,1.35053,0.0
2026-09-14 13:42:00,1.3505,1.3505,1.35035,1.35036,0.0
2026-09-14 13:43:00,1.35039,1.35041,1.35037,1.35041,0.0
2026-09-14 13:44:00,1.35038,1.35048,1.35035,1.35038,0.0
2026-09-14 13:45:00,1.35039,1.35045,1.35039,1.35045,0.0
2026-09-14 13:46:00,1.35042,1.3505,1.35042,1.35048,0.0
2026-09-14 13:47:00,1.35044,1.35048,1.35038,1.35047,0.0
2026-09-14 13:48:00,1.35045,1.35047,1.35037,1.35038,0.0
2026-09-14 13:49:00,1.35039,1.35051,1.35039,1.35049,0.0
2026-09-14 13:50:00,1.35043,1.35051,1.35043,1.35051,0.0
2026-09-14 13:51:00,1.35049,1.35052,1.35043,1.35044,0.0
2026-09-14 13:52:00,1.35046,1.35051,1.35046,1.35051,0.0
2026-09-14 13:53:00,1.35048,1.3506,1.35044,1.35048,0.0
2026-09-14 13:54:00,1.3505,1.35057,1.3505,1.35057,0.0
2026-09-14 13:55:00,1.35053,1.35064,1.35053,1.35061,0.0
2026-09-14 13:56:00,1.35057,1.35061,1.35056,1.35061,0.0
2026-09-14 13:57:00,1.35059,1.35059,1.35057,1.35057,0.0
2026-09-14 13:58:00,1.35057,1.35057,1.35051,1.35053,0.0
2026-09-14 13:59:00,1.35055,1.35058,1.35049,1.3505,0.0
2026-09-14 14:00:00,1.35051,1.35062,1.35051,1.3506,0.0
2026-09-14 14:01:00,1.35056,1.35061,1.35056,1.35061,0.0
2026-09-14 14:02:00,1.35059,1.35061,1.35055,1.35055,0.0
2026-09-14 14:03:00,1.35056,1.35059,1.35056,1.35059,0.0
2026-09-14 14:04:00,1.35056,1.35072,1.35051,1.35067,0.0
2026-09-14 14:05:00,1.3506,1.35069,1.3506,1.35069,0.0
2026-09-14 14:06:00,1.35066,1.35066,1.35065,1.35066,0.0
2026-09-14 14:07:00,1.35065,1.35067,1.35049,1.35054,0.0
2026-09-14 14:08:00,1.35061,1.35061,1.35046,1.35048,0.0
2026-09-14 14:09:00,1.3505,1.35054,1.35049,1.3505,0.0
2026-09-14 14:10:00,1.35049,1.35063,1.35049,1.3506,0.0
2026-09-14 14:11:00,1.35051,1.3507,1.35051,1.35067,0.0
2026-09-14 14:12:00,1.35062,1.35069,1.35062,1.35069,0.0
2026-09-14 14:13:00,1.35066,1.35071,1.35065,1.35065,0.0
2026-09-14 14:14:00,1.35066,1.35068,1.35064,1.35068,0.0
2026-09-14 14:15:00,1.35065,1.35072,1.35065,1.35065,0.0
2026-09-14 14:16:00,1.35066,1.35069,1.35063,1.35069,0.0
2026-09-14 14:17:00,1.35066,1.35071,1.35064,1.35064,0.0
2026-09-14 14:18:00,1.35065,1.3507,1.3506,1.35069,0.0
2026-09-14 14:19:00,1.35066,1.35066,1.35057,1.35058,0.0
2026-09-14 14:20:00,1.3506,1.3506,1.35053,1.35054,0.0
2026-09-14 14:21:00,1.35054,1.35055,1.3505,1.35055,0.0
2026-09-14 14:22:00,1.35053,1.35053,1.35048,1.35048,0.0
2026-09-14 14:23:00,1.35049,1.35049,1.35042,1.35044,0.0
2026-09-14 14:24:00,1.35045,1.35047,1.35044,1.35044,0.0
2026-09-14 14:25:00,1.35044,1.35044,1.35038,1.35044,0.0
2026-09-14 14:26:00,1.3504,1.35054,1.35037,1.3505,0.0
2026-09-14 14:27:00,1.35044,1.35051,1.35044,1.35051,0.0
2026-09-14 14:28:00,1.35048,1.35049,1.35048,1.35049,0.0
2026-09-14 14:29:00,1.35048,1.35048,1.35042,1.35043,0.0
2026-09-14 14:30:00,1.35045,1.35045,1.35038,1.3504,0.0
2026-09-14 14:31:00,1.35041,1.35041,1.35035,1.35035,0.0
2026-09-14 14:32:00,1.35036,1.35036,1.35031,1.35036,0.0
2026-09-14 14:33:00,1.35032,1.35041,1.35032,1.35039,0.0
2026-09-14 14:34:00,1.35036,1.35039,1.35035,1.35039,0.0
2026-09-14 14:35:00,1.35034,1.35055,1.35033,1.3505,0.0
2026-09-14 14:36:00,1.35043,1.35053,1.35043,1.35053,0.0
2026-09-14 14:37:00,1.35049,1.3505,1.35048,1.35048,0.0
2026-09-14 14:38:00,1.35048,1.35049,1.35044,1.35045,0.0
2026-09-14 14:39:00,1.35045,1.35059,1.35045,1.35056,0.0
2026-09-14 14:40:00,1.3505,1.35059,1.3505,1.35058,0.0
2026-09-14 14:41:00,1.35056,1.35061,1.35045,1.3506,0.0
2026-09-14 14:42:00,1.35058,1.35058,1.35038,1.3504,0.0
2026-09-14 14:43:00,1.35043,1.35043,1.35033,1.35035,0.0
2026-09-14 14:44:00,1.35037,1.35037,1.35033,1.35033,0.0
2026-09-14 14:45:00,1.35033,1.35033,1.35022,1.35025,0.0
2026-09-14 14:46:00,1.35027,1.3503,1.35024,1.35024,0.0
2026-09-14 14:47:00,1.35024,1.35027,1.35024,1.35027,0.0
2026-09-14 14:48:00,1.35024,1.35038,1.35021,1.35034,0.0
2026-09-14 14:49:00,1.35027,1.35038,1.35027,1.35037,0.0
2026-09-14 14:50:00,1.35034,1.35037,1.35034,1.35037,0.0
2026-09-14 14:51:00,1.35035,1.35039,1.35033,1.35033,0.0
2026-09-14 14:52:00,1.35034,1.35039,1.35034,1.35039,0.0
2026-09-14 14:53:00,1.35036,1.35036,1.35033,1.35033,0.0
2026-09-14 14:54:00,1.35033,1.35033,1.35024,1.35026,0.0
2026-09-14 14:55:00,1.35026,1.35046,1.35025,1.35041,0.0
2026-09-14 14:56:00,1.35034,1.35044,1.35034,1.35044,0.0
2026-09-14 14:57:00,1.3504,1.35048,1.3504,1.35047,0.0
2026-09-14 14:58:00,1.35044,1.35044,1.35032,1.35035,0.0
2026-09-14 14:59:00,1.35039,1.3504,1.35029,1.35031,0.0
2026-09-14 15:00:00,1.35033,1.35039,1.35033,1.35038,0.0
2026-09-14 15:01:00,1.35037,1.35039,1.35036,1.35039,0.0
2026-09-14 15:02:00,1.35037,1.35041,1.35034,1.35034,0.0
2026-09-14 15:03:00,1.35035,1.35039,1.35035,1.35039,0.0
2026-09-14 15:04:00,1.35036,1.35043,1.35034,1.35034,0.0
2026-09-14 15:05:00,1.35036,1.35042,1.35032,1.35042,0.0
2026-09-14 15:06:00,1.35038,1.35044,1.35029,1.3503,0.0
2026-09-14 15:07:00,1.35035,1.3504,1.35035,1.3504,0.0
2026-09-14 15:08:00,1.35038,1.35042,1.35038,1.35041,0.0
2026-09-14 15:09:00,1.35039,1.35039,1.35036,1.35039,0.0
2026-09-14 15:10:00,1.35038,1.35038,1.35023,1.35028,0.0
2026-09-14 15:11:00,1.35036,1.35036,1.35013,1.35016,0.0
2026-09-14 15:12:00,1.3502,1.3502,1.35013,1.35015,0.0
2026-09-14 15:13:00,1.35016,1.35017,1.35013,1.35013,0.0
2026-09-14 15:14:00,1.35014,1.35015,1.35011,1.35015,0.0
2026-09-14 15:15:00,1.35011,1.35028,1.3501,1.35023,0.0
2026-09-14 15:16:00,1.35018,1.35025,1.35018,1.35025,0.0
2026-09-14 15:17:00,1.35022,1.35035,1.35021,1.35031,0.0
2026-09-14 15:18:00,1.35026,1.35032,1.35025,1.35032,0.0
2026-09-14 15:19:00,1.3503,1.3503,1.35024,1.35025,0.0
2026-09-14 15:20:00,1.35026,1.35028,1.35024,1.35024,0.0
2026-09-14 15:21:00,1.35025,1.3503,1.35025,1.3503,0.0
2026-09-14 15:22:00,1.35027,1.35031,1.35027,1.3503,0.0
2026-09-14 15:23:00,1.35029,1.3503,1.35026,1.3503,0.0
2026-09-14 15:24:00,1.35026,1.35033,1.35026,1.35031,0.0
2026-09-14 15:25:00,1.35029,1.3503,1.35026,1.3503,0.0
2026-09-14 15:26:00,1.35026,1.3504,1.35026,1.35037,0.0
2026-09-14 15:27:00,1.35032,1.35037,1.35032,1.35037,0.0
2026-09-14 15:28:00,1.35033,1.35051,1.35032,1.35046,0.0
2026-09-14 15:29:00,1.35039,1.35049,1.35039,1.35049,0.0
2026-09-14 15:30:00,1.35047,1.35047,1.3504,1.35041,0.0
2026-09-14 15:31:00,1.35042,1.35045,1.35038,1.35039,0.0
2026-09-14 15:32:00,1.3504,1.35044,1.3504,1.35044,0.0
2026-09-14 15:33:00,1.35042,1.35057,1.35036,1.35042,0.0
2026-09-14 15:34:00,1.35045,1.35058,1.35045,1.35057,0.0
2026-09-14 15:35:00,1.35051,1.35062,1.35051,1.35061,0.0
2026-09-14 15:36:00,1.35058,1.35058,1.35049,1.35052,0.0
2026-09-14 15:37:00,1.35055,1.35055,1.35049,1.35049,0.0
2026-09-14 15:38:00,1.3505,1.35051,1.35048,1.35051,0.0
2026-09-14 15:39:00,1.35049,1.35058,1.35049,1.35056,0.0
2026-09-14 15:40:00,1.35051,1.35055,1.35051,1.35055,0.0
2026-09-14 15:41:00,1.35054,1.35054,1.35042,1.35054,0.0
2026-09-14 15:42:00,1.35053,1.35053,1.35035,1.35037,0.0
2026-09-14 15:43:00,1.3504,1.35041,1.35037,1.35041,0.0
2026-09-14 15:44:00,1.35038,1.35055,1.35034,1.3505,0.0
2026-09-14 15:45:00,1.35043,1.35053,1.35043,1.35053,0.0
2026-09-14 15:46:00,1.35049,1.3506,1.35046,1.35049,0.0
2026-09-14 15:47:00,1.35051,1.35056,1.35051,1.35056,0.0
2026-09-14 15:48:00,1.35053,1.35054,1.35049,1.35054,0.0
2026-09-14 15:49:00,1.35053,1.35053,1.35038,1.35041,0.0
2026-09-14 15:50:00,1.35045,1.35045,1.35035,1.35036,0.0
2026-09-14 15:51:00,1.35038,1.35042,1.35037,1.35037,0.0
2026-09-14 15:52:00,1.35037,1.35048,1.35037,1.35046,0.0
2026-09-14 15:53:00,1.35039,1.35053,1.35039,1.35051,0.0
2026-09-14 15:54:00,1.35048,1.35052,1.35048,1.35052,0.0
2026-09-14 15:55:00,1.35049,1.3506,1.35044,1.35049,0.0
2026-09-14 15:56:00,1.35051,1.35057,1.35051,1.35057,0.0
2026-09-14 15:57:00,1.35054,1.35067,1.35054,1.35064,0.0
2026-09-14 15:58:00,1.35059,1.35063,1.35059,1.35063,0.0
2026-09-14 15:59:00,1.35061,1.35064,1.3506,1.3506,0.0
2026-09-14 16:00:00,1.3506,1.35061,1.35058,1.35061,0.0
2026-09-14 16:01:00,1.3506,1.3506,1.35052,1.3506,0.0
2026-09-14 16:02:00,1.35059,1.35059,1.35043,1.35045,0.0
2026-09-14 16:03:00,1.35049,1.3505,1.35024,1.35031,0.0
2026-09-14 16:04:00,1.35042,1.35042,1.35017,1.35019,0.0
2026-09-14 16:05:00,1.35023,1.35028,1.35004,1.3501,0.0
2026-09-14 16:06:00,1.35019,1.35019,1.34992,1.34997,0.0
2026-09-14 16:07:00,1.35002,1.35027,1.34944,1.34959,0.0
2026-09-14 16:08:00,1.34992,1.34992,1.34927,1.34934,0.0
2026-09-14 16:09:00,1.34948,1.34964,1.34948,1.34962,0.0
2026-09-14 16:10:00,1.34957,1.34966,1.34957,1.34965,0.0
2026-09-14 16:11:00,1.34962,1.34964,1.34961,1.34964,0.0
2026-09-14 16:12:00,1.34963,1.34964,1.34958,1.34959,0.0
2026-09-14 16:13:00,1.34959,1.34966,1.34959,1.34965,0.0
2026-09-14 16:14:00,1.34962,1.34962,1.34954,1.34956,0.0
2026-09-14 16:15:00,1.34958,1.34958,1.3495,1.34952,0.0
2026-09-14 16:16:00,1.34953,1.34959,1.34928,1.34935,0.0
2026-09-14 16:17:00,1.34947,1.34947,1.34925,1.34927,0.0
2026-09-14 16:18:00,1.3493,1.34949,1.34904,1.3493,0.0
2026-09-14 16:19:00,1.34931,1.34931,1.34888,1.34894,0.0
2026-09-14 16:20:00,1.34904,1.34904,1.34873,1.34877,0.0
2026-09-14 16:21:00,1.34883,1.34883,1.34873,1.34875,0.0
2026-09-14 16:22:00,1.34877,1.34884,1.34874,1.34874,0.0
2026-09-14 16:23:00,1.34876,1.349,1.34876,1.34894,0.0
2026-09-14 16:24:00,1.34879,1.3492,1.34879,1.34913,0.0
2026-09-14 16:25:00,1.34903,1.34922,1.34903,1.34921,0.0
2026-09-14 16:26:00,1.34914,1.34929,1.34914,1.34925,0.0
2026-09-14 16:27:00,1.34919,1.34926,1.34919,1.34926,0.0
2026-09-14 16:28:00,1.34922,1.34935,1.34922,1.34933,0.0
2026-09-14 16:29:00,1.34928,1.34931,1.34927,1.34931,0.0
