Date,Open,High,Low,Close,Volume
2024-09-14 03:00:00,1.3131,1.3135,1.3118,1.31245,0.0
2024-09-16 07:00:00,1.3133,1.3144,1.31305,1.3141,0.0
2024-09-16 11:00:00,1.314,1.31635,1.3138,1.31535,0.0
2024-09-16 15:00:00,1.31535,1.31935,1.31525,1.3188,0.0
2024-09-16 19:00:00,1.3188,1.3209,1.3182,1.3198,0.0
2024-09-16 23:00:00,1.3199,1.3215,1.31915,1.3207,0.0
2024-09-17 03:00:00,1.3207,1.3219,1.3197,1.3217,0.0
2024-09-17 07:00:00,1.3216,1.3219,1.32,1.3202,0.0
2024-09-17 11:00:00,1.32025,1.3212,1.3201,1.3203,0.0
2024-09-17 15:00:00,1.3203,1.323,1.3199,1.32295,0.0
2024-09-17 19:00:00,1.3228,1.32295,1.3199,1.32095,0.0
2024-09-17 23:00:00,1.32115,1.3213,1.3152,1.3158,0.0
2024-09-18 03:00:00,1.31585,1.31695,1.3146,1.31605,0.0
2024-09-18 07:00:00,1.3161,1.3171,1.3155,1.31675,0.0
2024-09-18 11:00:00,1.3169,1.31725,1.31585,1.31585,0.0
2024-09-18 15:00:00,1.31585,1.3212,1.3155,1.32065,0.0
2024-09-18 19:00:00,1.3205,1.3228,1.32045,1.32175,0.0
2024-09-18 23:00:00,1.32185,1.32545,1.3195,1.32105,0.0
2024-09-19 03:00:00,1.32105,1.3298,1.3175,1.3212,0.0
2024-09-19 07:00:00,1.32135,1.3218,1.3169,1.31725,0.0
2024-09-19 11:00:00,1.3171,1.3214,1.31535,1.32105,0.0
2024-09-19 15:00:00,1.3209,1.3265,1.3209,1.3264,0.0
2024-09-19 19:00:00,1.32635,1.33145,1.324,1.3241,0.0
2024-09-19 23:00:00,1.3239,1.32895,1.322,1.3282,0.0
2024-09-20 03:00:00,1.3283,1.32895,1.32735,1.32835,0.0
2024-09-20 07:00:00,1.3284,1.3287,1.3272,1.32775,0.0
2024-09-20 11:00:00,1.32775,1.3302,1.3274,1.3293,0.0
2024-09-20 15:00:00,1.32925,1.33405,1.3287,1.33005,0.0
2024-09-20 19:00:00,1.3302,1.3323,1.3281,1.3319,0.0
2024-09-20 23:00:00,1.3321,1.3331,1.3268,1.3326,0.0
2024-09-21 03:00:00,1.33265,1.33265,1.3306,1.332,0.0
2024-09-23 07:00:00,1.3318,1.332,1.33085,1.33115,0.0
2024-09-23 11:00:00,1.331,1.33205,1.33075,1.3316,0.0
2024-09-23 15:00:00,1.33165,1.3321,1.3249,1.32705,0.0
2024-09-23 19:00:00,1.32715,1.3329,1.32715,1.3328,0.0
2024-09-23 23:00:00,1.33275,1.33595,1.33135,1.3343,0.0
2024-09-24 03:00:00,1.3344,1.33545,1.3338,1.3347,0.0
2024-09-24 07:00:00,1.3347,1.33545,1.33415,1.3345,0.0
2024-09-24 11:00:00,1.33445,1.33585,1.334,1.33585,0.0
2024-09-24 15:00:00,1.3359,1.3382,1.3331,1.3377,0.0
2024-09-24 19:00:00,1.3377,1.339,1.33585,1.3387,0.0
2024-09-24 23:00:00,1.3387,1.3399,1.3367,1.33905,0.0
2024-09-25 03:00:00,1.33905,1.3416,1.3388,1.34135,0.0
2024-09-25 07:00:00,1.34125,1.343,1.3411,1.34235,0.0
2024-09-25 11:00:00,1.3424,1.3425,1.34105,1.3418,0.0
2024-09-25 15:00:00,1.3417,1.34185,1.33745,1.33795,0.0
2024-09-25 19:00:00,1.33795,1.3396,1.3364,1.33955,0.0
2024-09-25 23:00:00,1.3396,1.3413,1.3327,1.33335,0.0
2024-09-26 03:00:00,1.3333,1.3333,1.33125,1.3324,0.0
2024-09-26 07:00:00,1.332,1.3329,1.3312,1.33275,0.0
2024-09-26 11:00:00,1.3329,1.3343,1.3321,1.33395,0.0
2024-09-26 15:00:00,1.33395,1.3358,1.33345,1.33515,0.0
2024-09-26 19:00:00,1.33515,1.339,1.3349,1.33725,0.0
2024-09-26 23:00:00,1.3373,1.34345,1.33515,1.341,0.0
2024-09-27 03:00:00,1.3409,1.34255,1.3409,1.34155,0.0
2024-09-27 07:00:00,1.34155,1.342,1.3397,1.33985,0.0
2024-09-27 11:00:00,1.33985,1.34015,1.338,1.3386,0.0
2024-09-27 15:00:00,1.3386,1.33965,1.336,1.3374,0.0
2024-09-27 19:00:00,1.33745,1.34265,1.337,1.3424,0.0
2024-09-27 23:00:00,1.34245,1.3428,1.338,1.33835,0.0
2024-09-28 03:00:00,1.33835,1.33885,1.337,1.33745,0.0
2024-09-30 07:00:00,1.33805,1.33845,1.33795,1.3383,0.0
2024-09-30 11:00:00,1.3383,1.339,1.3373,1.33885,0.0
2024-09-30 15:00:00,1.3389,1.3423,1.3375,1.3418,0.0
2024-09-30 19:00:00,1.3418,1.3418,1.33815,1.3386,0.0
2024-09-30 23:00:00,1.3387,1.3417,1.33605,1.3402,0.0
2024-10-01 03:00:00,1.3403,1.3409,1.335,1.3375,0.0
2024-10-01 07:00:00,1.33745,1.3383,1.3366,1.33755,0.0
2024-10-01 11:00:00,1.33755,1.339,1.3369,1.338,0.0
2024-10-01 15:00:00,1.338,1.33855,1.33265,1.3331,0.0
2024-10-01 19:00:00,1.3331,1.33385,1.33115,1.33185,0.0
2024-10-01 23:00:00,1.3318,1.33275,1.3246,1.32555,0.0
2024-10-02 03:00:00,1.3255,1.3291,1.3237,1.3286,0.0
2024-10-02 07:00:00,1.3286,1.3289,1.3272,1.3277,0.0
2024-10-02 11:00:00,1.32775,1.3296,1.32675,1.32695,0.0
2024-10-02 15:00:00,1.3268,1.3306,1.326,1.32955,0.0
2024-10-02 19:00:00,1.3298,1.3298,1.3274,1.3274,0.0
2024-10-02 23:00:00,1.32745,1.32835,1.3246,1.3271,0.0
2024-10-03 03:00:00,1.3272,1.3276,1.3258,1.32675,0.0
2024-10-03 07:00:00,1.32675,1.3274,1.3254,1.32615,0.0
2024-10-03 11:00:00,1.3262,1.3264,1.32435,1.3245,0.0
2024-10-03 15:00:00,1.32445,1.3247,1.3106,1.31165,0.0
2024-10-03 19:00:00,1.31165,1.3129,1.3093,1.31145,0.0
2024-10-03 23:00:00,1.3114,1.3132,1.30925,1.3126,0.0
2024-10-04 03:00:00,1.3127,1.3132,1.3112,1.3125,0.0
2024-10-04 07:00:00,1.31245,1.3134,1.3119,1.31315,0.0
2024-10-04 11:00:00,1.3131,1.31355,1.3123,1.31275,0.0
2024-10-04 15:00:00,1.3129,1.31665,1.3127,1.31565,0.0
2024-10-04 19:00:00,1.31565,1.3175,1.3075,1.3078,0.0
2024-10-04 23:00:00,1.30795,1.31195,1.30695,1.3116,0.0
2024-10-05 03:00:00,1.31155,1.313,1.3114,1.31215,0.0
2024-10-07 07:00:00,1.3121,1.3125,1.3111,1.3124,0.0
2024-10-07 11:00:00,1.3123,1.3135,1.3119,1.31285,0.0
2024-10-07 15:00:00,1.31295,1.3131,1.3099,1.31125,0.0
2024-10-07 19:00:00,1.31125,1.3117,1.30585,1.30815,0.0
2024-10-07 23:00:00,1.3083,1.3095,1.3066,1.30795,0.0
2024-10-08 03:00:00,1.30795,1.30965,1.30695,1.3082,0.0
2024-10-08 07:00:00,1.3083,1.3089,1.3077,1.30845,0.0
2024-10-08 11:00:00,1.30845,1.3104,1.30845,1.30925,0.0
2024-10-08 15:00:00,1.3093,1.3104,1.3064,1.31005,0.0
2024-10-08 19:00:00,1.3102,1.3108,1.3086,1.3106,0.0
2024-10-08 23:00:00,1.3105,1.3114,1.3081,1.3092,0.0
2024-10-09 03:00:00,1.30925,1.3101,1.3076,1.3099,0.0
2024-10-09 07:00:00,1.31,1.31065,1.3092,1.30935,0.0
2024-10-09 11:00:00,1.3093,1.3104,1.3083,1.3085,0.0
2024-10-09 15:00:00,1.30855,1.3102,1.3056,1.30835,0.0
2024-10-09 19:00:00,1.3083,1.3096,1.3068,1.3084,0.0
2024-10-09 23:00:00,1.3085,1.3089,1.3066,1.3079,0.0
2024-10-10 03:00:00,1.3079,1.3079,1.3062,1.3065,0.0
2024-10-10 07:00:00,1.30645,1.3076,1.306,1.3065,0.0
2024-10-10 11:00:00,1.3066,1.3078,1.3065,1.3075,0.0
2024-10-10 15:00:00,1.30755,1.3089,1.3068,1.3082,0.0
2024-10-10 19:00:00,1.30835,1.3094,1.3066,1.30665,0.0
2024-10-10 23:00:00,1.3068,1.3089,1.30255,1.3052,0.0
2024-10-11 03:00:00,1.30525,1.306,1.3022,1.30555,0.0
2024-10-11 07:00:00,1.3056,1.3066,1.3049,1.30615,0.0
2024-10-11 11:00:00,1.3062,1.3067,1.3052,1.30545,0.0
2024-10-11 15:00:00,1.3054,1.30755,1.3041,1.30745,0.0
2024-10-11 19:00:00,1.3075,1.30815,1.3051,1.3061,0.0
2024-10-11 23:00:00,1.3061,1.30835,1.3055,1.3069,0.0
2024-10-12 03:00:00,1.30695,1.3079,1.3064,1.30645,0.0
2024-10-12 07:00:00,1.3065,1.30715,1.3063,1.30675,0.0
2024-10-14 07:00:00,1.3068,1.3068,1.30465,1.3049,0.0
2024-10-14 11:00:00,1.3048,1.3063,1.3041,1.30605,0.0
2024-10-14 15:00:00,1.30595,1.3072,1.3056,1.3061,0.0
2024-10-14 19:00:00,1.3062,1.30685,1.3037,1.3039,0.0
2024-10-14 23:00:00,1.3038,1.306,1.303,1.30495,0.0
2024-10-15 03:00:00,1.3049,1.3062,1.3042,1.30555,0.0
2024-10-15 07:00:00,1.30555,1.3068,1.3053,1.30675,0.0
2024-10-15 11:00:00,1.30675,1.307,1.30535,1.30545,0.0
2024-10-15 15:00:00,1.30545,1.3074,1.3035,1.30735,0.0
2024-10-15 19:00:00,1.30735,1.3097,1.3068,1.3076,0.0
2024-10-15 23:00:00,1.3077,1.31035,1.30745,1.3082,0.0
2024-10-16 03:00:00,1.3083,1.30855,1.306,1.3067,0.0
2024-10-16 07:00:00,1.30675,1.3078,1.30635,1.3065,0.0
2024-10-16 11:00:00,1.3064,1.3078,1.306,1.30705,0.0
2024-10-16 15:00:00,1.307,1.3077,1.2982,1.30005,0.0
2024-10-16 19:00:00,1.3001,1.30325,1.2992,1.30315,0.0
2024-10-16 23:00:00,1.303,1.3037,1.2996,1.3,0.0
2024-10-17 03:00:00,1.29995,1.30055,1.2977,1.29825,0.0
2024-10-17 07:00:00,1.2982,1.3003,1.2982,1.2992,0.0
2024-10-17 11:00:00,1.2991,1.30015,1.298,1.29875,0.0
2024-10-17 15:00:00,1.2987,1.2993,1.29735,1.29855,0.0
2024-10-17 19:00:00,1.2983,1.3018,1.2975,1.30155,0.0
2024-10-17 23:00:00,1.30155,1.3023,1.298,1.3006,0.0
2024-10-18 03:00:00,1.30075,1.3016,1.2999,1.30135,0.0
2024-10-18 07:00:00,1.30125,1.3017,1.30055,1.30145,0.0
2024-10-18 11:00:00,1.30145,1.30265,1.3011,1.3021,0.0
2024-10-18 15:00:00,1.302,1.3072,1.302,1.30525,0.0
2024-10-18 19:00:00,1.30525,1.30535,1.30335,1.30455,0.0
2024-10-18 23:00:00,1.30455,1.3067,1.302,1.30215,0.0
2024-10-19 03:00:00,1.3021,1.3046,1.302,1.30435,0.0
2024-10-19 07:00:00,1.3043,1.30515,1.3041,1.3051,0.0
2024-10-21 07:00:00,1.305,1.3058,1.3047,1.3052,0.0
2024-10-21 11:00:00,1.30525,1.3053,1.3043,1.305,0.0
2024-10-21 15:00:00,1.30505,1.3051,1.302,1.30205,0.0
2024-10-21 19:00:00,1.3022,1.3034,1.3012,1.3019,0.0
2024-10-21 23:00:00,1.3018,1.3034,1.29795,1.29795,0.0
2024-10-22 03:00:00,1.29795,1.2992,1.2977,1.29825,0.0
2024-10-22 07:00:00,1.2984,1.29885,1.298,1.2982,0.0
2024-10-22 11:00:00,1.2983,1.29955,1.298,1.29945,0.0
2024-10-22 15:00:00,1.29955,1.30155,1.2994,1.30085,0.0
2024-10-22 19:00:00,1.30095,1.3011,1.29665,1.29795,0.0
2024-10-22 23:00:00,1.29795,1.2985,1.29445,1.29675,0.0
2024-10-23 03:00:00,1.2969,1.29845,1.2966,1.2983,0.0
2024-10-23 07:00:00,1.2984,1.299,1.29695,1.2981,0.0
2024-10-23 11:00:00,1.298,1.2992,1.2971,1.29855,0.0
2024-10-23 15:00:00,1.2986,1.2995,1.2963,1.2965,0.0
2024-10-23 19:00:00,1.2963,1.2989,1.295,1.29515,0.0
2024-10-23 23:00:00,1.2951,1.2961,1.29355,1.29435,0.0
2024-10-24 03:00:00,1.2944,1.29485,1.29075,1.29325,0.0
2024-10-24 07:00:00,1.2933,1.2933,1.2909,1.29155,0.0
2024-10-24 11:00:00,1.2916,1.2929,1.2912,1.29255,0.0
2024-10-24 15:00:00,1.29255,1.2969,1.29245,1.29625,0.0
2024-10-24 19:00:00,1.2963,1.2982,1.2948,1.2973,0.0
2024-10-24 23:00:00,1.29735,1.2988,1.2954,1.2964,0.0
2024-10-25 03:00:00,1.29635,1.2978,1.2948,1.29755,0.0
2024-10-25 07:00:00,1.29755,1.2978,1.29655,1.29715,0.0
2024-10-25 11:00:00,1.2973,1.2974,1.2961,1.2963,0.0
2024-10-25 15:00:00,1.2963,1.2976,1.2956,1.29695,0.0
2024-10-25 19:00:00,1.29695,1.29925,1.2969,1.2987,0.0
2024-10-25 23:00:00,1.29865,1.2999,1.2976,1.29765,0.0
2024-10-26 03:00:00,1.2977,1.29805,1.29585,1.29595,0.0
2024-10-26 07:00:00,1.29595,1.2963,1.29585,1.29615,0.0
2024-10-28 07:00:00,1.2967,1.2967,1.29565,1.2958,0.0
2024-10-28 11:00:00,1.29575,1.2964,1.2942,1.2943,0.0
2024-10-28 15:00:00,1.2942,1.2972,1.294,1.2969,0.0
2024-10-28 19:00:00,1.2969,1.2995,1.296,1.29935,0.0
2024-10-28 23:00:00,1.299,1.3001,1.29775,1.298,0.0
2024-10-29 03:00:00,1.29805,1.29885,1.29685,1.29745,0.0
2024-10-29 07:00:00,1.2973,1.29805,1.2965,1.29735,0.0
2024-10-29 11:00:00,1.29745,1.2978,1.29585,1.2961,0.0
2024-10-29 15:00:00,1.29605,1.29745,1.29585,1.2971,0.0
2024-10-29 19:00:00,1.29715,1.2993,1.29695,1.2987,0.0
2024-10-29 23:00:00,1.2986,1.3007,1.2967,1.3005,0.0
2024-10-30 03:00:00,1.30045,1.3012,1.2989,1.30065,0.0
2024-10-30 07:00:00,1.3005,1.3018,1.3005,1.30115,0.0
2024-10-30 11:00:00,1.30115,1.302,1.29965,1.2999,0.0
2024-10-30 15:00:00,1.29985,1.3014,1.2996,1.30085,0.0
2024-10-30 19:00:00,1.3011,1.3027,1.2962,1.29715,0.0
2024-10-30 23:00:00,1.2971,1.3043,1.2937,1.3011,0.0
2024-10-31 03:00:00,1.30115,1.30185,1.2967,1.2971,0.0
2024-10-31 07:00:00,1.297,1.2971,1.2955,1.2957,0.0
2024-10-31 11:00:00,1.2959,1.296,1.29435,1.295,0.0
2024-10-31 15:00:00,1.29495,1.29995,1.2946,1.2995,0.0
2024-10-31 19:00:00,1.29965,1.2999,1.29585,1.29785,0.0
2024-10-31 23:00:00,1.29785,1.29975,1.2845,1.2856,0.0
2024-11-01 03:00:00,1.28555,1.28945,1.2855,1.2892,0.0
2024-11-01 07:00:00,1.28925,1.29035,1.2892,1.2897,0.0
2024-11-01 11:00:00,1.2896,1.29025,1.28885,1.2899,0.0
2024-11-01 15:00:00,1.2898,1.29025,1.28845,1.28985,0.0
2024-11-01 19:00:00,1.2896,1.2923,1.28885,1.292,0.0
2024-11-01 23:00:00,1.29205,1.29805,1.29165,1.29595,0.0
2024-11-02 03:00:00,1.2959,1.2963,1.292,1.29205,0.0
2024-11-02 07:00:00,1.29205,1.2924,1.2916,1.2924,0.0
2024-11-04 07:00:00,1.2972,1.2973,1.29505,1.2952,0.0
2024-11-04 11:00:00,1.29525,1.2999,1.29515,1.29935,0.0
2024-11-04 15:00:00,1.29935,1.29975,1.2969,1.2969,0.0
2024-11-04 19:00:00,1.2971,1.2983,1.29455,1.29775,0.0
2024-11-04 23:00:00,1.2976,1.2994,1.2959,1.298,0.0
2024-11-05 03:00:00,1.2981,1.2982,1.2934,1.2954,0.0
2024-11-05 07:00:00,1.2954,1.2961,1.29495,1.29545,0.0
2024-11-05 11:00:00,1.2954,1.2962,1.2948,1.29535,0.0
2024-11-05 15:00:00,1.2953,1.2982,1.2953,1.2977,0.0
2024-11-05 19:00:00,1.2978,1.2995,1.2971,1.29915,0.0
2024-11-05 23:00:00,1.2992,1.30215,1.2979,1.3001,0.0
2024-11-06 03:00:00,1.3001,1.30375,1.3001,1.30215,0.0
2024-11-06 07:00:00,1.302,1.3049,1.3016,1.3043,0.0
2024-11-06 11:00:00,1.3043,1.3044,1.2864,1.28895,0.0
2024-11-06 15:00:00,1.2889,1.2927,1.28465,1.28665,0.0
2024-11-06 19:00:00,1.2866,1.29235,1.2851,1.28565,0.0
2024-11-06 23:00:00,1.2856,1.289,1.2835,1.289,0.0
2024-11-07 03:00:00,1.2891,1.2919,1.28705,1.2891,0.0
2024-11-07 07:00:00,1.2891,1.2898,1.2875,1.28825,0.0
2024-11-07 11:00:00,1.2883,1.2924,1.2876,1.2922,0.0
2024-11-07 15:00:00,1.29225,1.2948,1.2915,1.29315,0.0
2024-11-07 19:00:00,1.29305,1.294,1.29,1.29045,0.0
2024-11-07 23:00:00,1.2904,1.30095,1.29,1.29965,0.0
2024-11-08 03:00:00,1.2995,1.3001,1.2948,1.2965,0.0
2024-11-08 07:00:00,1.2965,1.2992,1.2961,1.2983,0.0
2024-11-08 11:00:00,1.29835,1.2984,1.2963,1.29645,0.0
2024-11-08 15:00:00,1.29645,1.29745,1.2961,1.2964,0.0
2024-11-08 19:00:00,1.29645,1.29765,1.29355,1.2968,0.0
2024-11-08 23:00:00,1.2969,1.2969,1.29225,1.29385,0.0
2024-11-09 03:00:00,1.29385,1.2945,1.2884,1.2912,0.0
2024-11-09 07:00:00,1.29125,1.2925,1.29095,1.2923,0.0
2024-11-11 07:00:00,1.29155,1.29175,1.2905,1.29165,0.0
2024-11-11 11:00:00,1.2915,1.29265,1.29095,1.2914,0.0
2024-11-11 15:00:00,1.2914,1.2923,1.2891,1.2895,0.0
2024-11-11 19:00:00,1.2894,1.2907,1.2877,1.2886,0.0
2024-11-11 23:00:00,1.2887,1.2891,1.2856,1.2869,0.0
2024-11-12 03:00:00,1.28695,1.2878,1.2858,1.2862,0.0
2024-11-12 07:00:00,1.2862,1.2873,1.2862,1.2873,0.0
2024-11-12 11:00:00,1.28745,1.28745,1.2841,1.2842,0.0
2024-11-12 15:00:00,1.28415,1.2847,1.2801,1.2815,0.0
2024-11-12 19:00:00,1.2814,1.28315,1.2792,1.2821,0.0
2024-11-12 23:00:00,1.2822,1.283,1.2757,1.27635,0.0
2024-11-13 03:00:00,1.2763,1.2765,1.2719,1.27365,0.0
2024-11-13 07:00:00,1.2738,1.27545,1.27355,1.2736,0.0
2024-11-13 11:00:00,1.2737,1.2755,1.27315,1.27445,0.0
2024-11-13 15:00:00,1.2744,1.2748,1.2729,1.2736,0.0
2024-11-13 19:00:00,1.2736,1.27555,1.273,1.2754,0.0
2024-11-13 23:00:00,1.2755,1.2769,1.2687,1.2724,0.0
2024-11-14 03:00:00,1.2725,1.2727,1.27,1.2705,0.0
2024-11-14 07:00:00,1.2705,1.27175,1.27,1.2707,0.0
2024-11-14 11:00:00,1.27075,1.27105,1.2683,1.2684,0.0
2024-11-14 15:00:00,1.26835,1.2696,1.2673,1.2686,0.0
2024-11-14 19:00:00,1.2687,1.2694,1.263,1.2659,0.0
2024-11-14 23:00:00,1.2658,1.2712,1.2646,1.2709,0.0
2024-11-15 03:00:00,1.2708,1.27205,1.2683,1.26875,0.0
2024-11-15 07:00:00,1.2689,1.2689,1.2647,1.26675,0.0
2024-11-15 11:00:00,1.2666,1.2683,1.2656,1.26755,0.0
2024-11-15 15:00:00,1.26755,1.2691,1.2666,1.26665,0.0
2024-11-15 19:00:00,1.2666,1.2697,1.2649,1.269,0.0
2024-11-15 23:00:00,1.26895,1.26925,1.2614,1.2629,0.0
2024-11-16 03:00:00,1.2629,1.2643,1.26115,1.2612,0.0
2024-11-16 07:00:00,1.2612,1.2622,1.2597,1.262,0.0
2024-11-18 07:00:00,1.2629,1.263,1.261,1.26195,0.0
2024-11-18 11:00:00,1.2618,1.2643,1.26155,1.2625,0.0
2024-11-18 15:00:00,1.2626,1.2641,1.26195,1.26265,0.0
2024-11-18 19:00:00,1.2628,1.2637,1.26135,1.26185,0.0
2024-11-18 23:00:00,1.262,1.2644,1.2616,1.264,0.0
2024-11-19 03:00:00,1.26395,1.2687,1.2639,1.2672,0.0
2024-11-19 07:00:00,1.2673,1.2682,1.2672,1.26785,0.0
2024-11-19 11:00:00,1.2679,1.2689,1.2666,1.26845,0.0
2024-11-19 15:00:00,1.26855,1.26895,1.26635,1.2674,0.0
2024-11-19 19:00:00,1.2671,1.2679,1.26135,1.2636,0.0
2024-11-19 23:00:00,1.2635,1.2671,1.2628,1.2665,0.0
2024-11-20 03:00:00,1.2664,1.2683,1.2662,1.26765,0.0
2024-11-20 07:00:00,1.26765,1.2694,1.2675,1.26935,0.0
2024-11-20 11:00:00,1.2694,1.2696,1.26805,1.26815,0.0
2024-11-20 15:00:00,1.2681,1.2715,1.2679,1.2697,0.0
2024-11-20 19:00:00,1.2696,1.2696,1.2649,1.2663,0.0
2024-11-20 23:00:00,1.2664,1.26755,1.26385,1.26535,0.0
2024-11-21 03:00:00,1.2654,1.2662,1.2631,1.2648,0.0
2024-11-21 07:00:00,1.2647,1.26575,1.2643,1.26555,0.0
2024-11-21 11:00:00,1.26555,1.266,1.26505,1.2659,0.0
2024-11-21 15:00:00,1.2659,1.266,1.2637,1.2648,0.0
2024-11-21 19:00:00,1.2649,1.2651,1.2623,1.2638,0.0
2024-11-21 23:00:00,1.2639,1.2658,1.2617,1.2618,0.0
2024-11-22 03:00:00,1.2618,1.2622,1.2576,1.26015,0.0
2024-11-22 07:00:00,1.2601,1.26055,1.2584,1.25855,0.0
2024-11-22 11:00:00,1.2585,1.2595,1.2581,1.25845,0.0
2024-11-22 15:00:00,1.2584,1.2588,1.2551,1.2573,0.0
2024-11-22 19:00:00,1.25725,1.2582,1.2487,1.2513,0.0
2024-11-22 23:00:00,1.2513,1.2538,1.2502,1.25255,0.0
2024-11-23 03:00:00,1.2527,1.2536,1.2507,1.25255,0.0
2024-11-23 07:00:00,1.25255,1.2535,1.2523,1.25305,0.0
2024-11-25 07:00:00,1.25945,1.25975,1.2575,1.25935,0.0
2024-11-25 11:00:00,1.25935,1.2607,1.25875,1.2593,0.0
2024-11-25 15:00:00,1.2593,1.26055,1.2571,1.2571,0.0
2024-11-25 19:00:00,1.25715,1.25835,1.2548,1.2565,0.0
2024-11-25 23:00:00,1.2565,1.2614,1.25475,1.2551,0.0
2024-11-26 03:00:00,1.2553,1.2578,1.2542,1.2574,0.0
2024-11-26 07:00:00,1.25745,1.2578,1.253,1.2532,0.0
2024-11-26 11:00:00,1.25325,1.255,1.25075,1.255,0.0
2024-11-26 15:00:00,1.2549,1.2563,1.2542,1.2545,0.0
2024-11-26 19:00:00,1.2544,1.2593,1.2538,1.2585,0.0
2024-11-26 23:00:00,1.2584,1.26165,1.2555,1.2563,0.0
2024-11-27 03:00:00,1.2563,1.2567,1.25245,1.2546,0.0
2024-11-27 07:00:00,1.2546,1.25745,1.2545,1.25735,0.0
2024-11-27 11:00:00,1.25735,1.258,1.2569,1.2572,0.0
2024-11-27 15:00:00,1.2572,1.2598,1.2567,1.2592,0.0
2024-11-27 19:00:00,1.2591,1.262,1.259,1.2612,0.0
2024-11-27 23:00:00,1.26105,1.2688,1.2607,1.2677,0.0
2024-11-28 03:00:00,1.2677,1.26945,1.2665,1.2672,0.0
2024-11-28 07:00:00,1.2673,1.26835,1.26695,1.26775,0.0
2024-11-28 11:00:00,1.2678,1.2679,1.26615,1.2663,0.0
2024-11-28 15:00:00,1.2664,1.267,1.2645,1.2652,0.0
2024-11-28 19:00:00,1.2649,1.26745,1.2645,1.26655,0.0
2024-11-28 23:00:00,1.2667,1.26835,1.266,1.2683,0.0
2024-11-29 03:00:00,1.2682,1.2691,1.26765,1.2689,0.0
2024-11-29 07:00:00,1.269,1.26965,1.26835,1.2696,0.0
2024-11-29 11:00:00,1.26955,1.27155,1.26935,1.27125,0.0
2024-11-29 15:00:00,1.27135,1.275,1.27055,1.2723,0.0
2024-11-29 19:00:00,1.27235,1.2726,1.2683,1.2698,0.0
2024-11-29 23:00:00,1.2699,1.2715,1.2672,1.27085,0.0
2024-11-30 03:00:00,1.271,1.274,1.26915,1.27395,0.0
2024-11-30 07:00:00,1.27395,1.2746,1.2734,1.27375,0.0
2024-12-02 07:00:00,1.2729,1.27365,1.2696,1.2702,0.0
2024-12-02 11:00:00,1.2702,1.2706,1.2681,1.2689,0.0
2024-12-02 15:00:00,1.2689,1.2709,1.268,1.26835,0.0
2024-12-02 19:00:00,1.2681,1.2723,1.2679,1.2711,0.0
2024-12-02 23:00:00,1.2712,1.2713,1.2617,1.2628,0.0
2024-12-03 03:00:00,1.2628,1.2655,1.26175,1.265,0.0
2024-12-03 07:00:00,1.26495,1.26705,1.2647,1.26585,0.0
2024-12-03 11:00:00,1.2659,1.266,1.2639,1.26465,0.0
2024-12-03 15:00:00,1.2646,1.2673,1.2639,1.2663,0.0
2024-12-03 19:00:00,1.2662,1.26975,1.266,1.2663,0.0
2024-12-03 23:00:00,1.2663,1.26735,1.2637,1.2662,0.0
2024-12-04 03:00:00,1.2662,1.27,1.2651,1.26685,0.0
2024-12-04 07:00:00,1.2668,1.26775,1.26655,1.2674,0.0
2024-12-04 11:00:00,1.26745,1.2679,1.2652,1.2656,0.0
2024-12-04 15:00:00,1.26555,1.2702,1.2652,1.26815,0.0
2024-12-04 19:00:00,1.2681,1.2696,1.263,1.2681,0.0
2024-12-04 23:00:00,1.2679,1.2712,1.2661,1.27075,0.0
2024-12-05 03:00:00,1.2708,1.27215,1.2687,1.27005,0.0
2024-12-05 07:00:00,1.27005,1.27085,1.2694,1.2701,0.0
2024-12-05 11:00:00,1.27015,1.271,1.2693,1.27085,0.0
2024-12-05 15:00:00,1.27095,1.2732,1.27015,1.273,0.0
2024-12-05 19:00:00,1.2729,1.27405,1.2714,1.2731,0.0
2024-12-05 23:00:00,1.2732,1.2771,1.2714,1.2756,0.0
2024-12-06 03:00:00,1.2757,1.2763,1.2732,1.27585,0.0
2024-12-06 07:00:00,1.27575,1.2763,1.275,1.276,0.0
2024-12-06 11:00:00,1.27605,1.27605,1.274,1.2751,0.0
2024-12-06 15:00:00,1.275,1.27655,1.2741,1.2764,0.0
2024-12-06 19:00:00,1.2765,1.2774,1.27495,1.2771,0.0
2024-12-06 23:00:00,1.2771,1.2811,1.27285,1.2744,0.0
2024-12-07 03:00:00,1.2744,1.27555,1.2721,1.27365,0.0
2024-12-07 07:00:00,1.2736,1.2744,1.2734,1.27415,0.0
2024-12-09 07:00:00,1.2737,1.27525,1.2737,1.27485,0.0
2024-12-09 11:00:00,1.2749,1.2749,1.2723,1.27235,0.0
2024-12-09 15:00:00,1.2723,1.2763,1.2717,1.27625,0.0
2024-12-09 19:00:00,1.27625,1.2784,1.2755,1.27655,0.0
2024-12-09 23:00:00,1.2765,1.2799,1.2752,1.27955,0.0
2024-12-10 03:00:00,1.27955,1.2799,1.2748,1.2753,0.0
2024-12-10 07:00:00,1.27535,1.2757,1.27435,1.27485,0.0
2024-12-10 11:00:00,1.2749,1.27535,1.2736,1.27475,0.0
2024-12-10 15:00:00,1.27475,1.2763,1.274,1.27405,0.0
2024-12-10 19:00:00,1.2741,1.2766,1.2737,1.2759,0.0
2024-12-10 23:00:00,1.2759,1.2763,1.2724,1.2738,0.0
2024-12-11 03:00:00,1.27385,1.2778,1.2736,1.27735,0.0
2024-12-11 07:00:00,1.27735,1.278,1.27675,1.27795,0.0
2024-12-11 11:00:00,1.278,1.2782,1.2771,1.27735,0.0
2024-12-11 15:00:00,1.2773,1.2775,1.27315,1.27335,0.0
2024-12-11 19:00:00,1.2733,1.2757,1.2713,1.2736,0.0
2024-12-11 23:00:00,1.2736,1.2782,1.2733,1.27445,0.0
2024-12-12 03:00:00,1.2744,1.27665,1.2733,1.2745,0.0
2024-12-12 07:00:00,1.2746,1.2766,1.2742,1.27655,0.0
2024-12-12 11:00:00,1.27655,1.27715,1.2761,1.2765,0.0
2024-12-12 15:00:00,1.2765,1.2788,1.2761,1.2763,0.0
2024-12-12 19:00:00,1.2763,1.2769,1.2736,1.27405,0.0
2024-12-12 23:00:00,1.27405,1.2744,1.2671,1.26895,0.0
2024-12-13 03:00:00,1.2689,1.27195,1.267,1.26705,0.0
2024-12-13 07:00:00,1.26705,1.26835,1.26665,1.26775,0.0
2024-12-13 11:00:00,1.2677,1.2679,1.266,1.2661,0.0
2024-12-13 15:00:00,1.2661,1.2666,1.2619,1.26265,0.0
2024-12-13 19:00:00,1.2626,1.26545,1.26205,1.2645,0.0
2024-12-13 23:00:00,1.2645,1.2668,1.26085,1.2614,0.0
2024-12-14 03:00:00,1.26145,1.2635,1.2612,1.26155,0.0
2024-12-14 07:00:00,1.2617,1.2624,1.26135,1.262,0.0
2024-12-16 07:00:00,1.2616,1.2628,1.2611,1.2627,0.0
2024-12-16 11:00:00,1.26265,1.2639,1.26265,1.2633,0.0
2024-12-16 15:00:00,1.26325,1.26415,1.2631,1.2633,0.0
2024-12-16 19:00:00,1.2631,1.2671,1.263,1.26485,0.0
2024-12-16 23:00:00,1.2648,1.26925,1.2639,1.2691,0.0
2024-12-17 03:00:00,1.2691,1.2699,1.2677,1.2684,0.0
2024-12-17 07:00:00,1.2685,1.2692,1.2679,1.269,0.0
2024-12-17 11:00:00,1.269,1.26985,1.2682,1.2683,0.0
2024-12-17 15:00:00,1.2683,1.2707,1.2666,1.26985,0.0
2024-12-17 19:00:00,1.27,1.27065,1.2671,1.2699,0.0
2024-12-17 23:00:00,1.2699,1.2716,1.2684,1.27115,0.0
2024-12-18 03:00:00,1.27105,1.2729,1.2702,1.27105,0.0
2024-12-18 07:00:00,1.27105,1.27185,1.2703,1.27105,0.0
2024-12-18 11:00:00,1.271,1.27135,1.2696,1.2696,0.0
2024-12-18 15:00:00,1.2697,1.2716,1.2685,1.2693,0.0
2024-12-18 19:00:00,1.26915,1.2723,1.2679,1.2707,0.0
2024-12-18 23:00:00,1.2706,1.2721,1.2685,1.26925,0.0
2024-12-19 03:00:00,1.26925,1.2719,1.25925,1.25945,0.0
2024-12-19 07:00:00,1.2595,1.2601,1.25625,1.2566,0.0
2024-12-19 11:00:00,1.2567,1.2597,1.2567,1.2588,0.0
2024-12-19 15:00:00,1.2588,1.2615,1.2582,1.2614,0.0
2024-12-19 19:00:00,1.2614,1.2668,1.2605,1.26305,0.0
2024-12-19 23:00:00,1.2631,1.2631,1.25455,1.25505,0.0
2024-12-20 03:00:00,1.255,1.25635,1.2504,1.2505,0.0
2024-12-20 07:00:00,1.25045,1.2512,1.24955,1.24975,0.0
2024-12-20 11:00:00,1.2498,1.2502,1.2475,1.248,0.0
2024-12-20 15:00:00,1.2481,1.25115,1.2477,1.2503,0.0
2024-12-20 19:00:00,1.2504,1.2521,1.2492,1.25065,0.0
2024-12-20 23:00:00,1.2506,1.2561,1.2503,1.25405,0.0
2024-12-21 03:00:00,1.25405,1.2614,1.2538,1.25995,0.0
2024-12-21 07:00:00,1.25985,1.26035,1.2565,1.25695,0.0
2024-12-23 07:00:00,1.2566,1.25745,1.25605,1.25705,0.0
2024-12-23 11:00:00,1.25705,1.2588,1.25705,1.2578,0.0
2024-12-23 15:00:00,1.25785,1.25845,1.2555,1.25585,0.0
2024-12-23 19:00:00,1.2559,1.2584,1.2529,1.25325,0.0
2024-12-23 23:00:00,1.25325,1.25385,1.25125,1.25185,0.0
2024-12-24 03:00:00,1.2518,1.25365,1.251,1.2535,0.0
2024-12-24 07:00:00,1.2535,1.25405,1.2529,1.25325,0.0
2024-12-24 11:00:00,1.2533,1.2542,1.2525,1.25315,0.0
2024-12-24 15:00:00,1.2532,1.25405,1.2531,1.2532,0.0
2024-12-24 19:00:00,1.25325,1.25455,1.2527,1.25325,0.0
2024-12-24 23:00:00,1.2534,1.2561,1.25315,1.2551,0.0
2024-12-26 07:00:00,1.25585,1.25585,1.2538,1.2543,0.0
2024-12-26 11:00:00,1.25435,1.2549,1.2538,1.25465,0.0
2024-12-26 15:00:00,1.2546,1.25485,1.2522,1.253,0.0
2024-12-26 19:00:00,1.2531,1.25355,1.2524,1.253,0.0
2024-12-26 23:00:00,1.253,1.2532,1.25015,1.2511,0.0
2024-12-27 03:00:00,1.25105,1.25365,1.25095,1.25255,0.0
2024-12-27 07:00:00,1.2525,1.25325,1.2523,1.2528,0.0
2024-12-27 11:00:00,1.25285,1.2531,1.2519,1.2526,0.0
2024-12-27 15:00:00,1.2526,1.25325,1.25185,1.253,0.0
2024-12-27 19:00:00,1.253,1.25565,1.25055,1.2552,0.0
2024-12-27 23:00:00,1.2553,1.2593,1.2549,1.2577,0.0
2024-12-28 03:00:00,1.2577,1.25915,1.2555,1.2581,0.0
2024-12-28 07:00:00,1.25815,1.2582,1.2573,1.25775,0.0
2024-12-30 07:00:00,1.2578,1.2588,1.2564,1.2579,0.0
2024-12-30 11:00:00,1.2578,1.2584,1.2572,1.258,0.0
2024-12-30 15:00:00,1.258,1.25895,1.25715,1.258,0.0
2024-12-30 19:00:00,1.2578,1.26075,1.25615,1.2599,0.0
2024-12-30 23:00:00,1.2598,1.2607,1.25065,1.25125,0.0
2024-12-31 03:00:00,1.2513,1.2559,1.2508,1.2544,0.0
2024-12-31 07:00:00,1.2542,1.25575,1.25355,1.25485,0.0
2024-12-31 11:00:00,1.25485,1.25605,1.2538,1.25515,0.0
2024-12-31 15:00:00,1.25515,1.25665,1.2542,1.2562,0.0
2024-12-31 19:00:00,1.2562,1.25695,1.2532,1.254,0.0
2024-12-31 23:00:00,1.25395,1.25495,1.253,1.25315,0.0
2025-01-02 03:00:00,1.2517,1.2521,1.2517,1.252,0.0
2025-01-02 07:00:00,1.2516,1.2519,1.2508,1.2519,0.0
2025-01-02 11:00:00,1.2521,1.2537,1.251,1.2537,0.0
2025-01-02 15:00:00,1.2538,1.254,1.2521,1.2521,0.0
2025-01-02 19:00:00,1.2521,1.2524,1.2435,1.2454,0.0
2025-01-02 23:00:00,1.2454,1.2458,1.237,1.2375,0.0
2025-01-03 03:00:00,1.2376,1.238,1.2353,1.2369,0.0
2025-01-03 07:00:00,1.2369,1.2386,1.2369,1.238,0.0
2025-01-03 11:00:00,1.2379,1.2397,1.2378,1.2395,0.0
2025-01-03 15:00:00,1.2394,1.2407,1.2386,1.24,0.0
2025-01-03 19:00:00,1.2399,1.2416,1.2386,1.2407,0.0
2025-01-03 23:00:00,1.2407,1.2417,1.2388,1.2405,0.0
2025-01-04 03:00:00,1.2404,1.2434,1.2403,1.2428,0.0
2025-01-04 07:00:00,1.2428,1.2435,1.242,1.2423,0.0
2025-01-06 07:00:00,1.2422,1.2434,1.2414,1.2424,0.0
2025-01-06 11:00:00,1.2425,1.2443,1.2418,1.2436,0.0
2025-01-06 15:00:00,1.2435,1.2456,1.2432,1.2452,0.0
2025-01-06 19:00:00,1.2452,1.2548,1.2452,1.2544,0.0
2025-01-06 23:00:00,1.2545,1.2551,1.2469,1.2508,0.0
2025-01-07 03:00:00,1.2508,1.2535,1.2502,1.2513,0.0
2025-01-07 07:00:00,1.2512,1.2524,1.251,1.251,0.0
2025-01-07 11:00:00,1.251,1.2533,1.2504,1.2533,0.0
2025-01-07 15:00:00,1.2534,1.2563,1.2529,1.2552,0.0
2025-01-07 19:00:00,1.2552,1.2576,1.2532,1.254,0.0
2025-01-07 23:00:00,1.254,1.2548,1.248,1.2497,0.0
2025-01-08 03:00:00,1.2498,1.2507,1.2483,1.2491,0.0
2025-01-08 07:00:00,1.249,1.249,1.2473,1.2476,0.0
2025-01-08 11:00:00,1.2477,1.2489,1.2475,1.2479,0.0
2025-01-08 15:00:00,1.2479,1.2494,1.2464,1.2468,0.0
2025-01-08 19:00:00,1.2468,1.2471,1.2325,1.2373,0.0
2025-01-08 23:00:00,1.2374,1.2374,1.2321,1.2344,0.0
2025-01-09 03:00:00,1.2343,1.2378,1.2334,1.2357,0.0
2025-01-09 07:00:00,1.2357,1.2367,1.2351,1.2359,0.0
2025-01-09 11:00:00,1.2359,1.2365,1.2344,1.2345,0.0
2025-01-09 15:00:00,1.2344,1.2345,1.2252,1.2259,0.0
2025-01-09 19:00:00,1.226,1.2304,1.2239,1.2289,0.0
2025-01-09 23:00:00,1.229,1.2323,1.2271,1.2303,0.0
2025-01-10 03:00:00,1.2304,1.2314,1.2287,1.2309,0.0
2025-01-10 07:00:00,1.2309,1.2316,1.2298,1.2298,0.0
2025-01-10 11:00:00,1.23,1.2309,1.2294,1.2301,0.0
2025-01-10 15:00:00,1.23,1.2304,1.2267,1.2291,0.0
2025-01-10 19:00:00,1.2291,1.2309,1.2284,1.2303,0.0
2025-01-10 23:00:00,1.2304,1.2322,1.2193,1.223,0.0
2025-01-11 03:00:00,1.223,1.2231,1.2195,1.221,0.0
2025-01-11 07:00:00,1.2211,1.2215,1.2202,1.2208,0.0
2025-01-13 07:00:00,1.2208,1.221,1.22,1.2205,0.0
2025-01-13 11:00:00,1.2203,1.2208,1.2138,1.2143,0.0
2025-01-13 15:00:00,1.2144,1.2161,1.2123,1.2138,0.0
2025-01-13 19:00:00,1.2138,1.2172,1.2102,1.211,0.0
2025-01-13 23:00:00,1.2109,1.216,1.21,1.2151,0.0
2025-01-14 03:00:00,1.2152,1.2184,1.2142,1.2167,0.0
2025-01-14 07:00:00,1.2167,1.225,1.2166,1.2231,0.0
2025-01-14 11:00:00,1.2231,1.2232,1.2192,1.2209,0.0
2025-01-14 15:00:00,1.2208,1.2229,1.2197,1.2211,0.0
2025-01-14 19:00:00,1.2209,1.2247,1.2171,1.2177,0.0
2025-01-14 23:00:00,1.2176,1.2203,1.214,1.2201,0.0
2025-01-15 03:00:00,1.2199,1.2213,1.2169,1.2199,0.0
2025-01-15 07:00:00,1.22,1.2217,1.2195,1.2211,0.0
2025-01-15 11:00:00,1.2211,1.2211,1.2193,1.2203,0.0
2025-01-15 15:00:00,1.2203,1.2241,1.2161,1.2234,0.0
2025-01-15 19:00:00,1.2235,1.224,1.2201,1.2225,0.0
2025-01-15 23:00:00,1.2224,1.2306,1.2201,1.2258,0.0
2025-01-16 03:00:00,1.2258,1.226,1.2194,1.2231,0.0
2025-01-16 07:00:00,1.2231,1.2245,1.2229,1.2243,0.0
2025-01-16 11:00:00,1.2243,1.2248,1.222,1.2226,0.0
2025-01-16 15:00:00,1.2226,1.2232,1.2201,1.2219,0.0
2025-01-16 19:00:00,1.222,1.2224,1.219,1.221,0.0
2025-01-16 23:00:00,1.221,1.2239,1.2176,1.2235,0.0
2025-01-17 03:00:00,1.2234,1.226,1.2218,1.2236,0.0
2025-01-17 07:00:00,1.2235,1.2245,1.2228,1.2235,0.0
2025-01-17 11:00:00,1.2235,1.2245,1.2229,1.2234,0.0
2025-01-17 15:00:00,1.2233,1.2235,1.2161,1.2175,0.0
2025-01-17 19:00:00,1.2175,1.2217,1.2175,1.2197,0.0
2025-01-17 23:00:00,1.2196,1.2228,1.2161,1.2198,0.0
2025-01-18 03:00:00,1.2197,1.2199,1.2165,1.2168,0.0
2025-01-18 07:00:00,1.2168,1.2175,1.2165,1.2168,0.0
2025-01-20 07:00:00,1.2178,1.218,1.2161,1.2175,0.0
2025-01-20 11:00:00,1.2176,1.2205,1.2175,1.2205,0.0
2025-01-20 15:00:00,1.2205,1.2222,1.2201,1.2216,0.0
2025-01-20 19:00:00,1.2216,1.222,1.2166,1.2206,0.0
2025-01-20 23:00:00,1.2207,1.2327,1.2184,1.2293,0.0
2025-01-21 03:00:00,1.2292,1.2339,1.2256,1.2336,0.0
2025-01-21 07:00:00,1.2336,1.2344,1.2319,1.2332,0.0
2025-01-21 11:00:00,1.2332,1.2346,1.2249,1.2295,0.0
2025-01-21 15:00:00,1.2296,1.2309,1.2255,1.2268,0.0
2025-01-21 19:00:00,1.2267,1.227,1.223,1.2236,0.0
2025-01-21 23:00:00,1.2237,1.2313,1.2233,1.23,0.0
2025-01-22 03:00:00,1.23,1.234,1.2297,1.2327,0.0
2025-01-22 07:00:00,1.2327,1.2361,1.2323,1.2338,0.0
2025-01-22 11:00:00,1.2338,1.2354,1.2329,1.2332,0.0
2025-01-22 15:00:00,1.2332,1.2349,1.2312,1.2319,0.0
2025-01-22 19:00:00,1.2319,1.2377,1.2317,1.2357,0.0
2025-01-22 23:00:00,1.2356,1.2369,1.2313,1.2319,0.0
2025-01-23 03:00:00,1.2318,1.2332,1.2308,1.2326,0.0
2025-01-23 07:00:00,1.2325,1.233,1.2308,1.2314,0.0
2025-01-23 11:00:00,1.2314,1.2324,1.2302,1.2315,0.0
2025-01-23 15:00:00,1.2315,1.2321,1.2295,1.2305,0.0
2025-01-23 19:00:00,1.2304,1.2331,1.2294,1.2309,0.0
2025-01-23 23:00:00,1.2308,1.2336,1.23,1.2323,0.0
2025-01-24 03:00:00,1.2323,1.2376,1.23,1.2359,0.0
2025-01-24 07:00:00,1.2359,1.2365,1.2346,1.2354,0.0
2025-01-24 11:00:00,1.2354,1.2405,1.2349,1.2393,0.0
2025-01-24 15:00:00,1.2393,1.2418,1.2377,1.2387,0.0
2025-01-24 19:00:00,1.2386,1.2448,1.2384,1.2415,0.0
2025-01-24 23:00:00,1.2414,1.2485,1.2401,1.2483,0.0
2025-01-25 03:00:00,1.2483,1.2502,1.2479,1.2483,0.0
2025-01-25 07:00:00,1.2483,1.249,1.2478,1.2481,0.0
2025-01-27 07:00:00,1.2472,1.2475,1.2457,1.2458,0.0
2025-01-27 11:00:00,1.2458,1.2466,1.2443,1.2456,0.0
2025-01-27 15:00:00,1.2456,1.246,1.2429,1.2429,0.0
2025-01-27 19:00:00,1.243,1.2515,1.2426,1.2497,0.0
2025-01-27 23:00:00,1.2497,1.2523,1.247,1.2474,0.0
2025-01-28 03:00:00,1.2474,1.2491,1.2468,1.249,0.0
2025-01-28 07:00:00,1.249,1.25,1.2437,1.2451,0.0
2025-01-28 11:00:00,1.2452,1.2466,1.2439,1.2441,0.0
2025-01-28 15:00:00,1.2441,1.2453,1.2426,1.2437,0.0
2025-01-28 19:00:00,1.2438,1.2456,1.2426,1.2426,0.0
2025-01-28 23:00:00,1.2427,1.2447,1.2415,1.2432,0.0
2025-01-29 03:00:00,1.2432,1.2445,1.2422,1.2443,0.0
2025-01-29 07:00:00,1.2443,1.2445,1.2437,1.2441,0.0
2025-01-29 11:00:00,1.2441,1.2451,1.2435,1.2448,0.0
2025-01-29 15:00:00,1.2449,1.2464,1.2446,1.2449,0.0
2025-01-29 19:00:00,1.245,1.2458,1.2411,1.242,0.0
2025-01-29 23:00:00,1.242,1.2446,1.2393,1.2434,0.0
2025-01-30 03:00:00,1.2434,1.2458,1.2413,1.2445,0.0
2025-01-30 07:00:00,1.2443,1.2459,1.2433,1.2455,0.0
2025-01-30 11:00:00,1.2455,1.246,1.2445,1.2452,0.0
2025-01-30 15:00:00,1.2452,1.2455,1.2432,1.2452,0.0
2025-01-30 19:00:00,1.2454,1.2462,1.2425,1.2428,0.0
2025-01-30 23:00:00,1.243,1.2476,1.2424,1.2467,0.0
2025-01-31 03:00:00,1.2466,1.2472,1.2436,1.2459,0.0
2025-01-31 07:00:00,1.246,1.2464,1.2407,1.2423,0.0
2025-01-31 11:00:00,1.2422,1.2432,1.2408,1.2417,0.0
2025-01-31 15:00:00,1.2418,1.244,1.2415,1.2436,0.0
2025-01-31 19:00:00,1.2434,1.2439,1.2401,1.241,0.0
2025-01-31 23:00:00,1.2411,1.2432,1.2388,1.2426,0.0
2025-02-01 03:00:00,1.2425,1.2472,1.2386,1.2401,0.0
2025-02-01 07:00:00,1.24,1.2412,1.2387,1.2392,0.0
2025-02-03 07:00:00,1.2291,1.2325,1.2283,1.2291,0.0
2025-02-03 11:00:00,1.2289,1.2313,1.225,1.2263,0.0
2025-02-03 15:00:00,1.2262,1.23,1.2249,1.2284,0.0
2025-02-03 19:00:00,1.2283,1.2323,1.2273,1.2319,0.0
2025-02-03 23:00:00,1.2319,1.2434,1.2317,1.2412,0.0
2025-02-04 03:00:00,1.2412,1.2436,1.2382,1.2395,0.0
2025-02-04 07:00:00,1.2396,1.2455,1.2393,1.2434,0.0
2025-02-04 11:00:00,1.2434,1.2438,1.241,1.2415,0.0
2025-02-04 15:00:00,1.2414,1.2421,1.238,1.2415,0.0
2025-02-04 19:00:00,1.2415,1.2437,1.2403,1.2405,0.0
2025-02-04 23:00:00,1.2405,1.2486,1.2396,1.2477,0.0
2025-02-05 03:00:00,1.2476,1.2493,1.2471,1.2482,0.0
2025-02-05 07:00:00,1.2483,1.2491,1.2475,1.2475,0.0
2025-02-05 11:00:00,1.2477,1.249,1.2469,1.2475,0.0
2025-02-05 15:00:00,1.2474,1.2506,1.2464,1.2502,0.0
2025-02-05 19:00:00,1.25,1.255,1.249,1.2532,0.0
2025-02-05 23:00:00,1.2531,1.2545,1.2502,1.2517,0.0
2025-02-06 03:00:00,1.2518,1.2523,1.2503,1.2506,0.0
2025-02-06 07:00:00,1.2504,1.2508,1.2498,1.2502,0.0
2025-02-06 11:00:00,1.2501,1.251,1.249,1.2494,0.0
2025-02-06 15:00:00,1.2495,1.2497,1.2471,1.2473,0.0
2025-02-06 19:00:00,1.2475,1.2475,1.2407,1.2424,0.0
2025-02-06 23:00:00,1.2423,1.2429,1.2361,1.2414,0.0
2025-02-07 03:00:00,1.2414,1.2456,1.2414,1.2437,0.0
2025-02-07 07:00:00,1.2436,1.2441,1.2431,1.2435,0.0
2025-02-07 11:00:00,1.2434,1.2443,1.2422,1.2428,0.0
2025-02-07 15:00:00,1.2428,1.2446,1.242,1.2441,0.0
2025-02-07 19:00:00,1.2441,1.2468,1.2439,1.2454,0.0
2025-02-07 23:00:00,1.2453,1.2492,1.2394,1.2424,0.0
2025-02-08 03:00:00,1.2424,1.2426,1.2377,1.2414,0.0
2025-02-08 07:00:00,1.2413,1.2417,1.2399,1.2401,0.0
2025-02-10 07:00:00,1.2378,1.24,1.2374,1.2389,0.0
2025-02-10 11:00:00,1.239,1.2401,1.238,1.2396,0.0
2025-02-10 15:00:00,1.2397,1.2415,1.2395,1.2405,0.0
2025-02-10 19:00:00,1.2405,1.2422,1.2391,1.2403,0.0
2025-02-10 23:00:00,1.2403,1.2403,1.2372,1.2389,0.0
2025-02-11 03:00:00,1.2389,1.2394,1.2365,1.2367,0.0
2025-02-11 07:00:00,1.2367,1.2372,1.2355,1.2359,0.0
2025-02-11 11:00:00,1.236,1.2365,1.2346,1.2354,0.0
2025-02-11 15:00:00,1.2354,1.2367,1.2339,1.234,0.0
2025-02-11 19:00:00,1.234,1.2378,1.2332,1.2367,0.0
2025-02-11 23:00:00,1.2367,1.2417,1.2359,1.2405,0.0
2025-02-12 03:00:00,1.2405,1.2454,1.2405,1.2439,0.0
2025-02-12 07:00:00,1.2439,1.2452,1.2437,1.2452,0.0
2025-02-12 11:00:00,1.2452,1.2458,1.2438,1.2451,0.0
2025-02-12 15:00:00,1.245,1.2461,1.2441,1.2458,0.0
2025-02-12 19:00:00,1.2456,1.2465,1.2435,1.2456,0.0
2025-02-12 23:00:00,1.2456,1.2459,1.2378,1.2435,0.0
2025-02-13 03:00:00,1.2434,1.2483,1.2403,1.2447,0.0
2025-02-13 07:00:00,1.2446,1.2455,1.2435,1.2451,0.0
2025-02-13 11:00:00,1.245,1.248,1.2443,1.2477,0.0
2025-02-13 15:00:00,1.2477,1.2517,1.2476,1.251,0.0
2025-02-13 19:00:00,1.251,1.251,1.2471,1.2475,0.0
2025-02-13 23:00:00,1.2475,1.2525,1.2452,1.2523,0.0
2025-02-14 03:00:00,1.2523,1.2544,1.2478,1.2537,0.0
2025-02-14 07:00:00,1.2537,1.2571,1.2535,1.2565,0.0
2025-02-14 11:00:00,1.2565,1.2572,1.2555,1.2558,0.0
2025-02-14 15:00:00,1.2559,1.2576,1.255,1.2563,0.0
2025-02-14 19:00:00,1.2563,1.2596,1.2563,1.2582,0.0
2025-02-14 23:00:00,1.2582,1.263,1.2572,1.2618,0.0
2025-02-15 03:00:00,1.2617,1.2622,1.2593,1.2595,0.0
2025-02-15 07:00:00,1.2595,1.2595,1.2584,1.2588,0.0
2025-02-17 07:00:00,1.259,1.2592,1.2578,1.2584,0.0
2025-02-17 11:00:00,1.2584,1.2601,1.2579,1.2592,0.0
2025-02-17 15:00:00,1.2593,1.2599,1.2584,1.2596,0.0
2025-02-17 19:00:00,1.2595,1.2607,1.2584,1.2602,0.0
2025-02-17 23:00:00,1.2603,1.2608,1.2586,1.2607,0.0
2025-02-18 03:00:00,1.2605,1.2635,1.2603,1.2627,0.0
2025-02-18 07:00:00,1.2627,1.263,1.2616,1.262,0.0
2025-02-18 11:00:00,1.2621,1.2622,1.26,1.2603,0.0
2025-02-18 15:00:00,1.2603,1.2622,1.2593,1.2614,0.0
2025-02-18 19:00:00,1.2614,1.2623,1.2592,1.2601,0.0
2025-02-18 23:00:00,1.2601,1.262,1.2583,1.2616,0.0
2025-02-19 03:00:00,1.2615,1.2619,1.2593,1.2598,0.0
2025-02-19 07:00:00,1.2597,1.2641,1.2594,1.2624,0.0
2025-02-19 11:00:00,1.2624,1.2628,1.2607,1.2616,0.0
2025-02-19 15:00:00,1.2617,1.2636,1.2611,1.2618,0.0
2025-02-19 19:00:00,1.2619,1.263,1.2575,1.2584,0.0
2025-02-19 23:00:00,1.2584,1.2607,1.2578,1.259,0.0
2025-02-20 03:00:00,1.259,1.2591,1.2563,1.2584,0.0
2025-02-20 07:00:00,1.2584,1.259,1.2579,1.2584,0.0
2025-02-20 11:00:00,1.2583,1.2595,1.258,1.2592,0.0
2025-02-20 15:00:00,1.2593,1.2603,1.2589,1.2596,0.0
2025-02-20 19:00:00,1.2595,1.262,1.2595,1.2609,0.0
2025-02-20 23:00:00,1.2609,1.2643,1.2598,1.2641,0.0
2025-02-21 03:00:00,1.2641,1.267,1.2632,1.267,0.0
2025-02-21 07:00:00,1.267,1.2675,1.2663,1.267,0.0
2025-02-21 11:00:00,1.2669,1.2674,1.2654,1.267,0.0
2025-02-21 15:00:00,1.267,1.2679,1.2657,1.2669,0.0
2025-02-21 19:00:00,1.2668,1.2671,1.2642,1.2645,0.0
2025-02-21 23:00:00,1.2645,1.2668,1.263,1.2638,0.0
2025-02-22 03:00:00,1.2639,1.265,1.2625,1.2632,0.0
2025-02-22 07:00:00,1.263,1.2637,1.2627,1.2634,0.0
2025-02-24 07:00:00,1.2638,1.2659,1.2635,1.2649,0.0
2025-02-24 11:00:00,1.2649,1.2691,1.2644,1.2681,0.0
2025-02-24 15:00:00,1.2681,1.2683,1.2638,1.2645,0.0
2025-02-24 19:00:00,1.2645,1.2658,1.2626,1.2639,0.0
2025-02-24 23:00:00,1.2639,1.2651,1.2612,1.262,0.0
2025-02-25 03:00:00,1.262,1.2651,1.2618,1.2632,0.0
2025-02-25 07:00:00,1.2633,1.2637,1.2616,1.2618,0.0
2025-02-25 11:00:00,1.2617,1.2637,1.2617,1.2632,0.0
2025-02-25 15:00:00,1.2633,1.2639,1.2611,1.2613,0.0
2025-02-25 19:00:00,1.2613,1.2654,1.2606,1.2654,0.0
2025-02-25 23:00:00,1.2653,1.2678,1.2647,1.2655,0.0
2025-02-26 03:00:00,1.2654,1.2675,1.2641,1.2669,0.0
2025-02-26 07:00:00,1.267,1.2678,1.266,1.2672,0.0
2025-02-26 11:00:00,1.2672,1.2678,1.2649,1.2649,0.0
2025-02-26 15:00:00,1.2649,1.2657,1.2635,1.2648,0.0
2025-02-26 19:00:00,1.2647,1.2664,1.264,1.2649,0.0
2025-02-26 23:00:00,1.2649,1.2699,1.2641,1.2695,0.0
2025-02-27 03:00:00,1.2695,1.2716,1.2673,1.2685,0.0
2025-02-27 07:00:00,1.2684,1.2685,1.267,1.2681,0.0
2025-02-27 11:00:00,1.2681,1.2681,1.2656,1.2657,0.0
2025-02-27 15:00:00,1.2657,1.2672,1.265,1.2666,0.0
2025-02-27 19:00:00,1.2667,1.2689,1.2664,1.2673,0.0
2025-02-27 23:00:00,1.2674,1.2689,1.2622,1.2628,0.0
2025-02-28 03:00:00,1.2628,1.2635,1.2605,1.2609,0.0
2025-02-28 07:00:00,1.2608,1.2613,1.2597,1.2597,0.0
2025-02-28 11:00:00,1.2597,1.2611,1.2582,1.2585,0.0
2025-02-28 15:00:00,1.2585,1.2596,1.2573,1.2588,0.0
2025-02-28 19:00:00,1.2588,1.2607,1.2584,1.2595,0.0
2025-02-28 23:00:00,1.2596,1.2622,1.2583,1.2593,0.0
2025-03-01 03:00:00,1.2592,1.2605,1.2559,1.2572,0.0
2025-03-01 07:00:00,1.2571,1.2584,1.2569,1.2577,0.0
2025-03-03 07:00:00,1.2585,1.2609,1.2582,1.2603,0.0
2025-03-03 11:00:00,1.2602,1.2614,1.2594,1.2603,0.0
2025-03-03 15:00:00,1.2603,1.2608,1.2591,1.2601,0.0
2025-03-03 19:00:00,1.2601,1.2663,1.2582,1.2661,0.0
2025-03-03 23:00:00,1.266,1.2715,1.266,1.2699,0.0
2025-03-04 03:00:00,1.27,1.2724,1.2687,1.2691,0.0
2025-03-04 07:00:00,1.2691,1.271,1.268,1.2702,0.0
2025-03-04 11:00:00,1.2702,1.2708,1.2685,1.2687,0.0
2025-03-04 15:00:00,1.2688,1.2709,1.2679,1.2704,0.0
2025-03-04 19:00:00,1.2704,1.2742,1.2693,1.274,0.0
2025-03-04 23:00:00,1.2742,1.2754,1.27,1.2716,0.0
2025-03-05 03:00:00,1.2716,1.2789,1.2704,1.2788,0.0
2025-03-05 07:00:00,1.2788,1.28,1.2784,1.2796,0.0
2025-03-05 11:00:00,1.2795,1.2795,1.2768,1.2787,0.0
2025-03-05 15:00:00,1.2788,1.2821,1.2786,1.2821,0.0
2025-03-05 19:00:00,1.2821,1.2855,1.2816,1.2824,0.0
2025-03-05 23:00:00,1.2824,1.2873,1.2805,1.2868,0.0
2025-03-06 03:00:00,1.2867,1.2898,1.2856,1.2897,0.0
2025-03-06 07:00:00,1.2897,1.2901,1.2887,1.289,0.0
2025-03-06 11:00:00,1.2889,1.2909,1.2886,1.2886,0.0
2025-03-06 15:00:00,1.2887,1.2924,1.2883,1.2908,0.0
2025-03-06 19:00:00,1.2908,1.2915,1.2866,1.288,0.0
2025-03-06 23:00:00,1.288,1.2919,1.2876,1.2891,0.0
2025-03-07 03:00:00,1.2891,1.2912,1.2877,1.2894,0.0
2025-03-07 07:00:00,1.2894,1.2896,1.287,1.2883,0.0
2025-03-07 11:00:00,1.2883,1.2893,1.2876,1.2888,0.0
2025-03-07 15:00:00,1.2887,1.2912,1.288,1.2904,0.0
2025-03-07 19:00:00,1.2906,1.2945,1.2902,1.2919,0.0
2025-03-07 23:00:00,1.292,1.294,1.2901,1.2923,0.0
2025-03-08 03:00:00,1.2923,1.293,1.2895,1.2921,0.0
2025-03-08 07:00:00,1.292,1.2929,1.2919,1.2922,0.0
2025-03-10 07:00:00,1.2919,1.2939,1.2919,1.2932,0.0
2025-03-10 11:00:00,1.2933,1.2946,1.291,1.2911,0.0
2025-03-10 15:00:00,1.2912,1.2923,1.2889,1.2896,0.0
2025-03-10 19:00:00,1.2897,1.2934,1.2874,1.2923,0.0
2025-03-10 23:00:00,1.2922,1.2946,1.2899,1.2905,0.0
2025-03-11 03:00:00,1.2905,1.291,1.2862,1.2877,0.0
2025-03-11 07:00:00,1.2877,1.2885,1.2864,1.2875,0.0
2025-03-11 11:00:00,1.2876,1.2895,1.2874,1.289,0.0
2025-03-11 15:00:00,1.2891,1.2918,1.2873,1.2909,0.0
2025-03-11 19:00:00,1.291,1.2942,1.2906,1.2925,0.0
2025-03-11 23:00:00,1.2923,1.2957,1.2918,1.2946,0.0
2025-03-12 03:00:00,1.2946,1.2966,1.2934,1.2952,0.0
2025-03-12 07:00:00,1.2952,1.2956,1.2942,1.2944,0.0
2025-03-12 11:00:00,1.2944,1.2946,1.2922,1.2923,0.0
2025-03-12 15:00:00,1.2923,1.2933,1.2914,1.2929,0.0
2025-03-12 19:00:00,1.2927,1.2961,1.2924,1.2944,0.0
2025-03-12 23:00:00,1.2944,1.2989,1.2925,1.2969,0.0
2025-03-13 03:00:00,1.2968,1.2982,1.2963,1.2967,0.0
2025-03-13 07:00:00,1.2969,1.2971,1.2957,1.2965,0.0
2025-03-13 11:00:00,1.2964,1.2974,1.2958,1.2958,0.0
2025-03-13 15:00:00,1.2958,1.2963,1.2942,1.2952,0.0
2025-03-13 19:00:00,1.2954,1.2967,1.2929,1.2933,0.0
2025-03-13 23:00:00,1.2932,1.2967,1.2921,1.2944,0.0
2025-03-14 03:00:00,1.2944,1.2959,1.2937,1.2944,0.0
2025-03-14 07:00:00,1.2944,1.2958,1.2942,1.2957,0.0
2025-03-14 11:00:00,1.2956,1.2959,1.2936,1.2944,0.0
2025-03-14 15:00:00,1.2944,1.295,1.2918,1.2925,0.0
2025-03-14 19:00:00,1.2925,1.2954,1.292,1.2939,0.0
2025-03-14 23:00:00,1.294,1.2953,1.2911,1.2915,0.0
2025-03-15 03:00:00,1.2915,1.2937,1.2912,1.2936,0.0
2025-03-15 07:00:00,1.2935,1.2941,1.2931,1.2935,0.0
2025-03-17 07:00:00,1.2932,1.2936,1.2925,1.2927,0.0
2025-03-17 11:00:00,1.2927,1.2944,1.2927,1.2936,0.0
2025-03-17 15:00:00,1.2937,1.2945,1.2928,1.2936,0.0
2025-03-17 19:00:00,1.2935,1.2978,1.2931,1.2971,0.0
2025-03-17 23:00:00,1.2971,1.2995,1.2959,1.2985,0.0
2025-03-18 03:00:00,1.2984,1.2999,1.2982,1.2992,0.0
2025-03-18 07:00:00,1.2991,1.2999,1.2984,1.2984,0.0
2025-03-18 11:00:00,1.2984,1.2988,1.2971,1.2974,0.0
2025-03-18 15:00:00,1.2974,1.2989,1.2968,1.2987,0.0
2025-03-18 19:00:00,1.2986,1.3005,1.2965,1.2965,0.0
2025-03-18 23:00:00,1.2965,1.2992,1.2952,1.2984,0.0
2025-03-19 03:00:00,1.2984,1.301,1.2977,1.3006,0.0
2025-03-19 07:00:00,1.3005,1.3007,1.2998,1.3001,0.0
2025-03-19 11:00:00,1.3,1.3003,1.2989,1.2995,0.0
2025-03-19 15:00:00,1.2994,1.2994,1.2958,1.2971,0.0
2025-03-19 19:00:00,1.2971,1.2982,1.2957,1.2977,0.0
2025-03-19 23:00:00,1.2977,1.2982,1.2955,1.2967,0.0
2025-03-20 03:00:00,1.2967,1.3011,1.2956,1.2997,0.0
2025-03-20 07:00:00,1.2998,1.3011,1.2987,1.3011,0.0
2025-03-20 11:00:00,1.301,1.3015,1.2999,1.3007,0.0
2025-03-20 15:00:00,1.3007,1.3009,1.2963,1.2971,0.0
2025-03-20 19:00:00,1.2972,1.298,1.2936,1.2955,0.0
2025-03-20 23:00:00,1.2955,1.298,1.2936,1.2973,0.0
2025-03-21 03:00:00,1.2974,1.2974,1.2957,1.2967,0.0
2025-03-21 07:00:00,1.2966,1.2973,1.2962,1.2965,0.0
2025-03-21 11:00:00,1.2965,1.2971,1.2945,1.2946,0.0
2025-03-21 15:00:00,1.2946,1.2948,1.2925,1.2935,0.0
2025-03-21 19:00:00,1.2935,1.2948,1.2923,1.2946,0.0
2025-03-21 23:00:00,1.2946,1.2956,1.2894,1.2894,0.0
2025-03-22 03:00:00,1.2894,1.2929,1.2888,1.2919,0.0
2025-03-22 07:00:00,1.2918,1.2921,1.2912,1.2919,0.0
2025-03-24 07:00:00,1.2906,1.2927,1.2906,1.2925,0.0
2025-03-24 11:00:00,1.2925,1.2935,1.2913,1.2913,0.0
2025-03-24 15:00:00,1.2913,1.2952,1.2911,1.2948,0.0
2025-03-24 19:00:00,1.2948,1.2975,1.294,1.2944,0.0
2025-03-24 23:00:00,1.2944,1.295,1.2908,1.2912,0.0
2025-03-25 03:00:00,1.2912,1.293,1.2896,1.2921,0.0
2025-03-25 07:00:00,1.2921,1.2927,1.2917,1.2923,0.0
2025-03-25 11:00:00,1.2923,1.2925,1.2912,1.2925,0.0
2025-03-25 15:00:00,1.2925,1.2929,1.2903,1.2906,0.0
2025-03-25 19:00:00,1.2906,1.2958,1.2902,1.2942,0.0
2025-03-25 23:00:00,1.2943,1.2961,1.2933,1.2948,0.0
2025-03-26 03:00:00,1.2948,1.2967,1.294,1.2948,0.0
2025-03-26 07:00:00,1.2946,1.295,1.2941,1.2946,0.0
2025-03-26 11:00:00,1.2945,1.2946,1.2927,1.2935,0.0
2025-03-26 15:00:00,1.2937,1.2944,1.2903,1.2912,0.0
2025-03-26 19:00:00,1.2912,1.2914,1.2887,1.2897,0.0
2025-03-26 23:00:00,1.2897,1.291,1.2874,1.2886,0.0
2025-03-27 03:00:00,1.2887,1.2902,1.288,1.2889,0.0
2025-03-27 07:00:00,1.2887,1.2893,1.2871,1.2878,0.0
2025-03-27 11:00:00,1.2877,1.2917,1.2877,1.2911,0.0
2025-03-27 15:00:00,1.2912,1.2929,1.2903,1.2912,0.0
2025-03-27 19:00:00,1.291,1.2942,1.2902,1.2931,0.0
2025-03-27 23:00:00,1.2931,1.2992,1.2923,1.2963,0.0
2025-03-28 03:00:00,1.2963,1.2973,1.2946,1.2949,0.0
2025-03-28 07:00:00,1.295,1.2959,1.2944,1.2952,0.0
2025-03-28 11:00:00,1.295,1.2954,1.2941,1.2945,0.0
2025-03-28 15:00:00,1.2946,1.2969,1.2937,1.295,0.0
2025-03-28 19:00:00,1.295,1.296,1.2923,1.2929,0.0
2025-03-28 23:00:00,1.2929,1.2968,1.2924,1.2942,0.0
2025-03-29 03:00:00,1.2942,1.295,1.2929,1.2946,0.0
2025-03-29 07:00:00,1.2945,1.2948,1.2938,1.2939,0.0
2025-03-31 07:00:00,1.2931,1.2941,1.2923,1.2938,0.0
2025-03-31 11:00:00,1.2938,1.2972,1.2937,1.2958,0.0
2025-03-31 15:00:00,1.2958,1.2973,1.2949,1.2957,0.0
2025-03-31 19:00:00,1.2957,1.2962,1.2918,1.2952,0.0
2025-03-31 23:00:00,1.2952,1.2959,1.289,1.2891,0.0
2025-04-01 03:00:00,1.2892,1.2925,1.2887,1.2919,0.0
2025-04-01 07:00:00,1.2918,1.2922,1.2914,1.292,0.0
2025-04-01 11:00:00,1.2919,1.2936,1.2918,1.2934,0.0
2025-04-01 15:00:00,1.2934,1.2941,1.2902,1.2909,0.0
2025-04-01 19:00:00,1.2908,1.2939,1.289,1.2891,0.0
2025-04-01 23:00:00,1.2891,1.2929,1.288,1.2921,0.0
2025-04-02 03:00:00,1.292,1.2933,1.2908,1.2921,0.0
2025-04-02 07:00:00,1.2921,1.2933,1.2918,1.2922,0.0
2025-04-02 11:00:00,1.2921,1.2931,1.2906,1.2922,0.0
2025-04-02 15:00:00,1.2921,1.2922,1.2901,1.2913,0.0
2025-04-02 19:00:00,1.2912,1.295,1.291,1.2948,0.0
2025-04-02 23:00:00,1.2949,1.2979,1.2934,1.2974,0.0
2025-04-03 03:00:00,1.2973,1.2987,1.2963,1.2982,0.0
2025-04-03 07:00:00,1.2981,1.3053,1.2955,1.3045,0.0
2025-04-03 11:00:00,1.3045,1.3078,1.3026,1.3069,0.0
2025-04-03 15:00:00,1.307,1.314,1.3056,1.3137,0.0
2025-04-03 19:00:00,1.3138,1.3207,1.3132,1.3175,0.0
2025-04-03 23:00:00,1.3176,1.3196,1.3106,1.311,0.0
2025-04-04 03:00:00,1.3111,1.3122,1.308,1.3082,0.0
2025-04-04 07:00:00,1.3081,1.3108,1.308,1.3089,0.0
2025-04-04 11:00:00,1.3089,1.311,1.3081,1.3103,0.0
2025-04-04 15:00:00,1.3104,1.3114,1.3005,1.3007,0.0
2025-04-04 19:00:00,1.3008,1.3032,1.2963,1.3021,0.0
2025-04-04 23:00:00,1.3022,1.305,1.2908,1.2927,0.0
2025-04-05 03:00:00,1.2926,1.2929,1.2857,1.2873,0.0
2025-04-05 07:00:00,1.2874,1.2902,1.2854,1.2901,0.0
2025-04-07 07:00:00,1.2879,1.2933,1.2878,1.291,0.0
2025-04-07 11:00:00,1.291,1.2916,1.285,1.2903,0.0
2025-04-07 15:00:00,1.2902,1.2934,1.2866,1.2871,0.0
2025-04-07 19:00:00,1.2872,1.2877,1.2804,1.2837,0.0
2025-04-07 23:00:00,1.2838,1.2847,1.271,1.273,0.0
2025-04-08 03:00:00,1.2731,1.2779,1.2708,1.2725,0.0
2025-04-08 07:00:00,1.2723,1.2765,1.2721,1.2752,0.0
2025-04-08 11:00:00,1.2752,1.2792,1.2751,1.2786,0.0
2025-04-08 15:00:00,1.2786,1.2797,1.2746,1.2753,0.0
2025-04-08 19:00:00,1.2753,1.2796,1.2725,1.2776,0.0
2025-04-08 23:00:00,1.2776,1.2794,1.2744,1.2773,0.0
2025-04-09 03:00:00,1.2772,1.2814,1.2755,1.2765,0.0
2025-04-09 07:00:00,1.2765,1.2816,1.2762,1.2815,0.0
2025-04-09 11:00:00,1.2816,1.2857,1.2813,1.2855,0.0
2025-04-09 15:00:00,1.2855,1.2864,1.2787,1.2826,0.0
2025-04-09 19:00:00,1.2825,1.2838,1.2771,1.2803,0.0
2025-04-09 23:00:00,1.2805,1.2815,1.2752,1.2765,0.0
2025-04-10 03:00:00,1.2767,1.2838,1.2744,1.2821,0.0
2025-04-10 07:00:00,1.2824,1.2847,1.281,1.2845,0.0
2025-04-10 11:00:00,1.2845,1.2861,1.2822,1.2859,0.0
2025-04-10 15:00:00,1.2859,1.2881,1.2845,1.2869,0.0
2025-04-10 19:00:00,1.287,1.2957,1.2861,1.2925,0.0
2025-04-10 23:00:00,1.2925,1.2979,1.2893,1.2955,0.0
2025-04-11 03:00:00,1.2954,1.2996,1.2932,1.2969,0.0
2025-04-11 07:00:00,1.2973,1.3047,1.2967,1.3017,0.0
2025-04-11 11:00:00,1.3017,1.3047,1.2995,1.3022,0.0
2025-04-11 15:00:00,1.3022,1.3134,1.2985,1.3109,0.0
2025-04-11 19:00:00,1.3108,1.3145,1.3057,1.3123,0.0
2025-04-11 23:00:00,1.3123,1.3135,1.303,1.3051,0.0
2025-04-12 03:00:00,1.3052,1.3102,1.3044,1.3088,0.0
2025-04-12 07:00:00,1.30885,1.30885,1.30885,1.30885,0.0
2025-04-14 07:00:00,1.30837,1.31072,1.30755,1.30969,0.0
2025-04-14 11:00:00,1.30989,1.31287,1.30971,1.31038,0.0
2025-04-14 15:00:00,1.31105,1.31872,1.30984,1.31742,0.0
2025-04-14 19:00:00,1.31747,1.32008,1.3143,1.31465,0.0
2025-04-14 23:00:00,1.31435,1.31923,1.31242,1.31678,0.0
2025-04-15 03:00:00,1.31747,1.31996,1.31721,1.31898,0.0
2025-04-15 07:00:00,1.31914,1.3197,1.31659,1.31723,0.0
2025-04-15 11:00:00,1.3177,1.32181,1.31702,1.32132,0.0
2025-04-15 15:00:00,1.32137,1.32371,1.31872,1.32305,0.0
2025-04-15 19:00:00,1.32286,1.32494,1.32198,1.32216,0.0
2025-04-15 23:00:00,1.32237,1.32447,1.32074,1.32134,0.0
2025-04-16 03:00:00,1.32113,1.32345,1.32079,1.32326,0.0
2025-04-16 07:00:00,1.32273,1.32542,1.3224,1.32477,0.0
2025-04-16 11:00:00,1.32473,1.32665,1.3245,1.32644,0.0
2025-04-16 15:00:00,1.32628,1.32904,1.32598,1.32904,0.0
2025-04-16 19:00:00,1.32892,1.3292,1.32536,1.32605,0.0
2025-04-16 23:00:00,1.32626,1.32716,1.3227,1.32345,0.0
2025-04-17 03:00:00,1.32336,1.32484,1.32153,1.3241,0.0
2025-04-17 07:00:00,1.32405,1.32533,1.32123,1.32123,0.0
2025-04-17 11:00:00,1.32109,1.32298,1.32055,1.32102,0.0
2025-04-17 15:00:00,1.32102,1.32473,1.32046,1.32396,0.0
2025-04-17 19:00:00,1.32431,1.32482,1.32223,1.32482,0.0
2025-04-17 23:00:00,1.32522,1.32725,1.32326,1.32587,0.0
2025-04-18 03:00:00,1.32589,1.32732,1.32475,1.32674,0.0
2025-04-18 07:00:00,1.32575,1.32837,1.32528,1.32811,0.0
2025-04-18 11:00:00,1.32823,1.3285,1.32647,1.32684,0.0
2025-04-18 15:00:00,1.32698,1.32813,1.32614,1.32726,0.0
2025-04-18 19:00:00,1.32732,1.32814,1.32684,1.32781,0.0
2025-04-18 23:00:00,1.3277,1.32862,1.32719,1.32848,0.0
2025-04-19 03:00:00,1.32848,1.32989,1.32807,1.32935,0.0
2025-04-19 07:00:00,1.32968,1.33048,1.32968,1.33048,0.0
2025-04-21 07:00:00,1.33046,1.33554,1.33034,1.33461,0.0
2025-04-21 11:00:00,1.33481,1.33863,1.33449,1.33835,0.0
2025-04-21 15:00:00,1.33847,1.34158,1.33733,1.34153,0.0
2025-04-21 19:00:00,1.34151,1.34217,1.33815,1.3403,0.0
2025-04-21 23:00:00,1.34039,1.34084,1.33763,1.33794,0.0
2025-04-22 03:00:00,1.33772,1.33849,1.33654,1.33813,0.0
2025-04-22 07:00:00,1.33727,1.33853,1.33627,1.33708,0.0
2025-04-22 11:00:00,1.3372,1.34102,1.3372,1.34034,0.0
2025-04-22 15:00:00,1.34039,1.34235,1.33701,1.33878,0.0
2025-04-22 19:00:00,1.33869,1.33906,1.33565,1.33736,0.0
2025-04-22 23:00:00,1.3372,1.33899,1.33458,1.33458,0.0
2025-04-23 03:00:00,1.33449,1.33531,1.33276,1.33316,0.0
2025-04-23 07:00:00,1.3333,1.3338,1.32356,1.33048,0.0
2025-04-23 11:00:00,1.33097,1.33172,1.3288,1.33055,0.0
2025-04-23 15:00:00,1.33051,1.33282,1.32894,1.33209,0.0
2025-04-23 19:00:00,1.332,1.33396,1.3292,1.33049,0.0
2025-04-23 23:00:00,1.33062,1.33182,1.32515,1.32593,0.0
2025-04-24 03:00:00,1.32621,1.32774,1.32507,1.32545,0.0
2025-04-24 07:00:00,1.32661,1.32792,1.32478,1.32784,0.0
2025-04-24 11:00:00,1.32806,1.32864,1.32659,1.32703,0.0
2025-04-24 15:00:00,1.32714,1.33099,1.32656,1.3303,0.0
2025-04-24 19:00:00,1.33019,1.33213,1.32988,1.33023,0.0
2025-04-24 23:00:00,1.33032,1.33308,1.32926,1.33289,0.0
2025-04-25 03:00:00,1.33303,1.33492,1.33158,1.33397,0.0
2025-04-25 07:00:00,1.33422,1.33442,1.33076,1.33076,0.0
2025-04-25 11:00:00,1.33055,1.33154,1.32816,1.32882,0.0
2025-04-25 15:00:00,1.32878,1.33142,1.32755,1.33023,0.0
2025-04-25 19:00:00,1.33048,1.33248,1.32904,1.33229,0.0
2025-04-25 23:00:00,1.33237,1.33319,1.33007,1.33197,0.0
2025-04-26 03:00:00,1.33209,1.33328,1.33083,1.33122,0.0
2025-04-26 07:00:00,1.33143,1.33159,1.33143,1.3315,0.0
2025-04-28 07:00:00,1.33007,1.33049,1.32901,1.32989,0.0
2025-04-28 11:00:00,1.33021,1.33158,1.32811,1.33158,0.0
2025-04-28 15:00:00,1.33165,1.33337,1.3291,1.33296,0.0
2025-04-28 19:00:00,1.3331,1.33547,1.3331,1.33431,0.0
2025-04-28 23:00:00,1.33438,1.34169,1.33421,1.34131,0.0
2025-04-29 03:00:00,1.34126,1.34441,1.34122,1.34441,0.0
2025-04-29 07:00:00,1.34385,1.34439,1.34262,1.34268,0.0
2025-04-29 11:00:00,1.34264,1.34423,1.33951,1.33958,0.0
2025-04-29 15:00:00,1.33982,1.34255,1.33982,1.34109,0.0
2025-04-29 19:00:00,1.34106,1.34133,1.33813,1.34106,0.0
2025-04-29 23:00:00,1.34093,1.34192,1.33894,1.34055,0.0
2025-04-30 03:00:00,1.34077,1.34109,1.33941,1.34082,0.0
2025-04-30 07:00:00,1.34048,1.3414,1.33984,1.34028,0.0
2025-04-30 11:00:00,1.34028,1.34104,1.3382,1.33899,0.0
2025-04-30 15:00:00,1.33892,1.34052,1.33631,1.33676,0.0
2025-04-30 19:00:00,1.33684,1.33722,1.33463,1.33527,0.0
2025-04-30 23:00:00,1.33515,1.33574,1.33088,1.33453,0.0
2025-05-01 03:00:00,1.33465,1.33574,1.332,1.33287,0.0
2025-05-01 07:00:00,1.33221,1.33319,1.33179,1.33184,0.0
2025-05-01 11:00:00,1.33177,1.33179,1.32933,1.32933,0.0
2025-05-01 15:00:00,1.32929,1.33317,1.3276,1.3325,0.0
2025-05-01 19:00:00,1.33257,1.33438,1.33117,1.33149,0.0
2025-05-01 23:00:00,1.33133,1.33253,1.32637,1.32813,0.0
2025-05-02 03:00:00,1.32792,1.32864,1.32605,1.32777,0.0
2025-05-02 07:00:00,1.32783,1.32894,1.32698,1.32795,0.0
2025-05-02 11:00:00,1.32788,1.33113,1.3276,1.3308,0.0
2025-05-02 15:00:00,1.33051,1.33202,1.32844,1.32919,0.0
2025-05-02 19:00:00,1.32912,1.33143,1.32725,1.32885,0.0
2025-05-02 23:00:00,1.32913,1.33292,1.32772,1.32837,0.0
2025-05-03 03:00:00,1.32811,1.32931,1.32638,1.32651,0.0
2025-05-03 07:00:00,1.3267,1.3267,1.32593,1.32647,0.0
2025-05-05 07:00:00,1.32656,1.32762,1.32622,1.32719,0.0
2025-05-05 11:00:00,1.32728,1.33007,1.32728,1.32958,0.0
2025-05-05 15:00:00,1.32952,1.33069,1.32763,1.32793,0.0
2025-05-05 19:00:00,1.32844,1.33355,1.32832,1.33317,0.0
2025-05-05 23:00:00,1.33328,1.3336,1.32712,1.3274,0.0
2025-05-06 03:00:00,1.32733,1.32989,1.32732,1.32959,0.0
2025-05-06 07:00:00,1.3292,1.33012,1.32679,1.32693,0.0
2025-05-06 11:00:00,1.32684,1.33053,1.32621,1.33034,0.0
2025-05-06 15:00:00,1.33032,1.33333,1.32866,1.33161,0.0
2025-05-06 19:00:00,1.33145,1.34025,1.33087,1.33985,0.0
2025-05-06 23:00:00,1.33942,1.33969,1.33524,1.33593,0.0
2025-05-07 03:00:00,1.33601,1.33869,1.33574,1.33686,0.0
2025-05-07 07:00:00,1.33747,1.33871,1.33349,1.33515,0.0
2025-05-07 11:00:00,1.33538,1.33609,1.33367,1.33435,0.0
2025-05-07 15:00:00,1.33429,1.33672,1.33385,1.33385,0.0
2025-05-07 19:00:00,1.3339,1.33677,1.33234,1.33661,0.0
2025-05-07 23:00:00,1.33667,1.33767,1.33337,1.33513,0.0
2025-05-08 03:00:00,1.33495,1.33517,1.32823,1.32927,0.0
2025-05-08 07:00:00,1.32995,1.33051,1.32866,1.32986,0.0
2025-05-08 11:00:00,1.32959,1.33567,1.32959,1.33333,0.0
2025-05-08 15:00:00,1.33328,1.33328,1.32644,1.32656,0.0
2025-05-08 19:00:00,1.3267,1.33417,1.32586,1.33237,0.0
2025-05-08 23:00:00,1.33284,1.33447,1.32631,1.32659,0.0
2025-05-09 03:00:00,1.32628,1.32688,1.3237,1.32473,0.0
2025-05-09 07:00:00,1.326,1.326,1.32212,1.32403,0.0
2025-05-09 11:00:00,1.32401,1.32419,1.32128,1.3238,0.0
2025-05-09 15:00:00,1.32378,1.32709,1.32245,1.32709,0.0
2025-05-09 19:00:00,1.32696,1.32869,1.32628,1.32846,0.0
2025-05-09 23:00:00,1.32852,1.33227,1.3285,1.33058,0.0
2025-05-10 03:00:00,1.33065,1.33177,1.32975,1.33053,0.0
2025-05-10 07:00:00,1.33039,1.33039,1.32866,1.32866,0.0
2025-05-12 07:00:00,1.32874,1.32952,1.32762,1.32896,0.0
2025-05-12 11:00:00,1.32929,1.32936,1.3277,1.32866,0.0
2025-05-12 15:00:00,1.3286,1.32993,1.31631,1.3195,0.0
2025-05-12 19:00:00,1.3194,1.32045,1.31427,1.31963,0.0
2025-05-12 23:00:00,1.31952,1.32153,1.3178,1.3178,0.0
2025-05-13 03:00:00,1.31784,1.31846,1.31634,1.31751,0.0
2025-05-13 07:00:00,1.31782,1.31858,1.3169,1.31797,0.0
2025-05-13 11:00:00,1.31775,1.32001,1.31759,1.32001,0.0
2025-05-13 15:00:00,1.32004,1.32165,1.31909,1.32118,0.0
2025-05-13 19:00:00,1.32121,1.32435,1.32045,1.32417,0.0
2025-05-13 23:00:00,1.32406,1.32949,1.3223,1.32935,0.0
2025-05-14 03:00:00,1.32947,1.33142,1.32889,1.33046,0.0
2025-05-14 07:00:00,1.33039,1.33152,1.32998,1.33143,0.0
2025-05-14 11:00:00,1.3314,1.33197,1.32996,1.33041,0.0
2025-05-14 15:00:00,1.33039,1.33574,1.3292,1.33476,0.0
2025-05-14 19:00:00,1.33469,1.33592,1.33175,1.33259,0.0
2025-05-14 23:00:00,1.33213,1.33282,1.32718,1.32848,0.0
2025-05-15 03:00:00,1.32836,1.32883,1.32549,1.32614,0.0
2025-05-15 07:00:00,1.32679,1.32776,1.32594,1.32744,0.0
2025-05-15 11:00:00,1.3276,1.3286,1.32739,1.32749,0.0
2025-05-15 15:00:00,1.32733,1.33048,1.32638,1.32908,0.0
2025-05-15 19:00:00,1.32874,1.33074,1.32684,1.33074,0.0
2025-05-15 23:00:00,1.33108,1.33191,1.32656,1.32892,0.0
2025-05-16 03:00:00,1.32904,1.33094,1.3288,1.33034,0.0
2025-05-16 07:00:00,1.32988,1.33172,1.32947,1.33143,0.0
2025-05-16 11:00:00,1.33136,1.33193,1.3308,1.33193,0.0
2025-05-16 15:00:00,1.3317,1.33321,1.33032,1.33055,0.0
2025-05-16 19:00:00,1.33032,1.33088,1.32749,1.32825,0.0
2025-05-16 23:00:00,1.3282,1.32995,1.32514,1.32679,0.0
2025-05-17 03:00:00,1.32714,1.32857,1.32682,1.32806,0.0
2025-05-17 07:00:00,1.32843,1.32843,1.32843,1.32843,0.0
2025-05-19 07:00:00,1.32996,1.33136,1.32963,1.3312,0.0
2025-05-19 11:00:00,1.33127,1.33127,1.32938,1.32991,0.0
2025-05-19 15:00:00,1.33007,1.33718,1.32943,1.33679,0.0
2025-05-19 19:00:00,1.33634,1.34041,1.33634,1.33717,0.0
2025-05-19 23:00:00,1.33708,1.33756,1.3347,1.33549,0.0
2025-05-20 03:00:00,1.3357,1.33649,1.33458,1.33617,0.0
2025-05-20 07:00:00,1.33627,1.3364,1.33445,1.33561,0.0
2025-05-20 11:00:00,1.33604,1.33738,1.33501,1.33636,0.0
2025-05-20 15:00:00,1.33668,1.33951,1.33668,1.33745,0.0
2025-05-20 19:00:00,1.33736,1.3384,1.3338,1.3341,0.0
2025-05-20 23:00:00,1.33372,1.33735,1.33365,1.33713,0.0
2025-05-21 03:00:00,1.33729,1.33942,1.33706,1.33932,0.0
2025-05-21 07:00:00,1.33878,1.34111,1.3384,1.3409,0.0
2025-05-21 11:00:00,1.34111,1.34358,1.34002,1.34308,0.0
2025-05-21 15:00:00,1.34315,1.34658,1.33937,1.33993,0.0
2025-05-21 19:00:00,1.34002,1.34378,1.33906,1.34225,0.0
2025-05-21 23:00:00,1.34284,1.34506,1.34172,1.34472,0.0
2025-05-22 03:00:00,1.34472,1.3453,1.34138,1.34203,0.0
2025-05-22 07:00:00,1.34311,1.34389,1.3405,1.34248,0.0
2025-05-22 11:00:00,1.34257,1.34401,1.3419,1.34293,0.0
2025-05-22 15:00:00,1.34295,1.34394,1.34037,1.34037,0.0
2025-05-22 19:00:00,1.3403,1.34262,1.33923,1.3412,0.0
2025-05-22 23:00:00,1.34196,1.34358,1.34088,1.34185,0.0
2025-05-23 03:00:00,1.34169,1.34297,1.34052,1.34192,0.0
2025-05-23 07:00:00,1.34259,1.34349,1.34144,1.34322,0.0
2025-05-23 11:00:00,1.34318,1.34548,1.343,1.34517,0.0
2025-05-23 15:00:00,1.34519,1.34905,1.34436,1.34891,0.0
2025-05-23 19:00:00,1.34878,1.35323,1.34776,1.35192,0.0
2025-05-23 23:00:00,1.35205,1.35221,1.34818,1.35212,0.0
2025-05-24 03:00:00,1.35214,1.35388,1.35214,1.35377,0.0
2025-05-24 07:00:00,1.35377,1.35377,1.35347,1.35373,0.0
2025-05-26 07:00:00,1.35353,1.35612,1.35338,1.35604,0.0
2025-05-26 11:00:00,1.35606,1.35923,1.35545,1.35829,0.0
2025-05-26 15:00:00,1.35842,1.35929,1.35591,1.35652,0.0
2025-05-26 19:00:00,1.35645,1.3568,1.35523,1.35567,0.0
2025-05-26 23:00:00,1.35555,1.35678,1.35542,1.3565,0.0
2025-05-27 03:00:00,1.35654,1.35658,1.35584,1.3565,0.0
2025-05-27 07:00:00,1.35641,1.35838,1.35604,1.35829,0.0
2025-05-27 11:00:00,1.35829,1.35873,1.35558,1.35567,0.0
2025-05-27 15:00:00,1.35564,1.35735,1.35236,1.3538,0.0
2025-05-27 19:00:00,1.35382,1.3563,1.35345,1.35613,0.0
2025-05-27 23:00:00,1.35617,1.35652,1.35017,1.35073,0.0
2025-05-28 03:00:00,1.35084,1.35153,1.35033,1.35086,0.0
2025-05-28 07:00:00,1.35093,1.35221,1.35055,1.35157,0.0
2025-05-28 11:00:00,1.35153,1.3517,1.34718,1.34731,0.0
2025-05-28 15:00:00,1.3472,1.35104,1.34646,1.35097,0.0
2025-05-28 19:00:00,1.35117,1.3519,1.34673,1.34693,0.0
2025-05-28 23:00:00,1.34693,1.34887,1.34512,1.34747,0.0
2025-05-29 03:00:00,1.34749,1.34793,1.34629,1.34715,0.0
2025-05-29 07:00:00,1.34666,1.34715,1.3419,1.34289,0.0
2025-05-29 11:00:00,1.34266,1.34465,1.34205,1.344,0.0
2025-05-29 15:00:00,1.34407,1.34747,1.34277,1.34622,0.0
2025-05-29 19:00:00,1.3462,1.35046,1.34588,1.35029,0.0
2025-05-29 23:00:00,1.35058,1.35066,1.3478,1.34944,0.0
2025-05-30 03:00:00,1.34938,1.35044,1.34878,1.3492,0.0
2025-05-30 07:00:00,1.34884,1.35099,1.34884,1.34967,0.0
2025-05-30 11:00:00,1.34993,1.35111,1.34691,1.3472,0.0
2025-05-30 15:00:00,1.34702,1.3484,1.34566,1.34671,0.0
2025-05-30 19:00:00,1.34669,1.34978,1.34647,1.34931,0.0
2025-05-30 23:00:00,1.34947,1.34947,1.34512,1.34602,0.0
2025-05-31 03:00:00,1.3462,1.34771,1.34542,1.34542,0.0
2025-05-31 07:00:00,1.34548,1.34548,1.34548,1.34548,0.0
2025-06-02 07:00:00,1.34642,1.34911,1.34637,1.34885,0.0
2025-06-02 11:00:00,1.34893,1.35046,1.34751,1.349,0.0
2025-06-02 15:00:00,1.34904,1.35567,1.34904,1.35426,0.0
2025-06-02 19:00:00,1.35441,1.35549,1.35287,1.35422,0.0
2025-06-02 23:00:00,1.35441,1.35595,1.35195,1.35228,0.0
2025-06-03 03:00:00,1.35217,1.35501,1.35179,1.35463,0.0
2025-06-03 07:00:00,1.35419,1.3559,1.35399,1.35485,0.0
2025-06-03 11:00:00,1.35479,1.35479,1.35157,1.35234,0.0
2025-06-03 15:00:00,1.35248,1.35369,1.35062,1.3517,0.0
2025-06-03 19:00:00,1.35135,1.35261,1.34944,1.35035,0.0
2025-06-03 23:00:00,1.35042,1.35331,1.34991,1.35188,0.0
2025-06-04 03:00:00,1.35188,1.35294,1.35148,1.35186,0.0
2025-06-04 07:00:00,1.35183,1.35336,1.35146,1.35259,0.0
2025-06-04 11:00:00,1.35259,1.35439,1.35115,1.35124,0.0
2025-06-04 15:00:00,1.35131,1.35461,1.35024,1.35428,0.0
2025-06-04 19:00:00,1.35397,1.3543,1.35141,1.35417,0.0
2025-06-04 23:00:00,1.35441,1.35796,1.3534,1.35718,0.0
2025-06-05 03:00:00,1.35717,1.3574,1.35463,1.35544,0.0
2025-06-05 07:00:00,1.35544,1.35593,1.35481,1.3558,0.0
2025-06-05 11:00:00,1.3561,1.35654,1.35413,1.35468,0.0
2025-06-05 15:00:00,1.35477,1.35726,1.35439,1.35669,0.0
2025-06-05 19:00:00,1.35685,1.35943,1.35615,1.35772,0.0
2025-06-05 23:00:00,1.35772,1.36156,1.3572,1.35868,0.0
2025-06-06 03:00:00,1.3587,1.35892,1.35678,1.35717,0.0
2025-06-06 07:00:00,1.35849,1.35853,1.35691,1.35796,0.0
2025-06-06 11:00:00,1.35788,1.35838,1.35658,1.35757,0.0
2025-06-06 15:00:00,1.35748,1.35748,1.35358,1.35391,0.0
2025-06-06 19:00:00,1.35389,1.35623,1.35237,1.35378,0.0
2025-06-06 23:00:00,1.35373,1.35479,1.35084,1.35197,0.0
2025-06-07 03:00:00,1.35195,1.35344,1.3517,1.35274,0.0
2025-06-07 07:00:00,1.35285,1.35285,1.35253,1.35253,0.0
2025-06-09 07:00:00,1.35373,1.354,1.35292,1.35316,0.0
2025-06-09 11:00:00,1.35338,1.35643,1.35338,1.35547,0.0
2025-06-09 15:00:00,1.35553,1.35774,1.35494,1.35737,0.0
2025-06-09 19:00:00,1.35742,1.35799,1.35344,1.35388,0.0
2025-06-09 23:00:00,1.35375,1.35636,1.35259,1.35586,0.0
2025-06-10 03:00:00,1.35591,1.35659,1.35494,1.35518,0.0
2025-06-10 07:00:00,1.3554,1.35647,1.35492,1.35549,0.0
2025-06-10 11:00:00,1.35551,1.35608,1.35206,1.35389,0.0
2025-06-10 15:00:00,1.35384,1.35448,1.3458,1.34885,0.0
2025-06-10 19:00:00,1.34847,1.35124,1.34804,1.35084,0.0
2025-06-10 23:00:00,1.3508,1.35371,1.34996,1.34996,0.0
2025-06-11 03:00:00,1.34991,1.35088,1.34905,1.35,0.0
2025-06-11 07:00:00,1.34996,1.35102,1.34918,1.3492,0.0
2025-06-11 11:00:00,1.34918,1.3496,1.34755,1.34833,0.0
2025-06-11 15:00:00,1.34842,1.34962,1.34649,1.34949,0.0
2025-06-11 19:00:00,1.34951,1.35498,1.34865,1.35208,0.0
2025-06-11 23:00:00,1.3521,1.35575,1.35026,1.35505,0.0
2025-06-12 03:00:00,1.35485,1.35658,1.35366,1.35474,0.0
2025-06-12 07:00:00,1.35593,1.35895,1.35459,1.3586,0.0
2025-06-12 11:00:00,1.35825,1.35932,1.35687,1.35834,0.0
2025-06-12 15:00:00,1.35807,1.35901,1.35247,1.35663,0.0
2025-06-12 19:00:00,1.35672,1.36192,1.35617,1.36127,0.0
2025-06-12 23:00:00,1.36147,1.36216,1.35827,1.35905,0.0
2025-06-13 03:00:00,1.3591,1.36177,1.35851,1.36136,0.0
2025-06-13 07:00:00,1.36236,1.36312,1.35601,1.357,0.0
2025-06-13 11:00:00,1.3567,1.35713,1.35305,1.35364,0.0
2025-06-13 15:00:00,1.35338,1.35705,1.35239,1.35601,0.0
2025-06-13 19:00:00,1.35613,1.35632,1.35245,1.3534,0.0
2025-06-13 23:00:00,1.35355,1.36025,1.35201,1.35949,0.0
2025-06-14 03:00:00,1.35912,1.35916,1.35584,1.3563,0.0
2025-06-14 07:00:00,1.35685,1.35726,1.35685,1.35726,0.0
2025-06-16 07:00:00,1.35579,1.35588,1.35424,1.35511,0.0
2025-06-16 11:00:00,1.35492,1.35584,1.35356,1.35477,0.0
2025-06-16 15:00:00,1.35485,1.35923,1.35485,1.35774,0.0
2025-06-16 19:00:00,1.35803,1.35906,1.3575,1.35846,0.0
2025-06-16 23:00:00,1.35871,1.3621,1.35849,1.36078,0.0
2025-06-17 03:00:00,1.36097,1.36112,1.35733,1.35785,0.0
2025-06-17 07:00:00,1.35853,1.35929,1.35588,1.35674,0.0
2025-06-17 11:00:00,1.35685,1.35794,1.35599,1.35731,0.0
2025-06-17 15:00:00,1.35748,1.35796,1.35496,1.35496,0.0
2025-06-17 19:00:00,1.35512,1.35731,1.35422,1.35488,0.0
2025-06-17 23:00:00,1.35481,1.35652,1.3468,1.3468,0.0
2025-06-18 03:00:00,1.34731,1.34738,1.34156,1.34288,0.0
2025-06-18 07:00:00,1.34347,1.34389,1.34225,1.34318,0.0
2025-06-18 11:00:00,1.34324,1.34477,1.34282,1.34436,0.0
2025-06-18 15:00:00,1.3443,1.3476,1.34389,1.34535,0.0
2025-06-18 19:00:00,1.34539,1.3468,1.34392,1.34495,0.0
2025-06-18 23:00:00,1.34472,1.34751,1.34369,1.34571,0.0
2025-06-19 03:00:00,1.34577,1.34722,1.34021,1.34214,0.0
2025-06-19 07:00:00,1.34463,1.34463,1.3409,1.3416,0.0
2025-06-19 11:00:00,1.34156,1.34156,1.3388,1.34108,0.0
2025-06-19 15:00:00,1.34099,1.3428,1.33838,1.3428,0.0
2025-06-19 19:00:00,1.34279,1.34485,1.34093,1.34412,0.0
2025-06-19 23:00:00,1.34412,1.34445,1.34203,1.34257,0.0
2025-06-20 03:00:00,1.34248,1.34706,1.34248,1.34677,0.0
2025-06-20 07:00:00,1.34599,1.34905,1.34577,1.34885,0.0
2025-06-20 11:00:00,1.3488,1.34998,1.34778,1.3496,0.0
2025-06-20 15:00:00,1.34964,1.35006,1.34637,1.34915,0.0
2025-06-20 19:00:00,1.34915,1.351,1.34876,1.35007,0.0
2025-06-20 23:00:00,1.35033,1.3506,1.34551,1.3472,0.0
2025-06-21 03:00:00,1.34706,1.3476,1.34421,1.34488,0.0
2025-06-21 07:00:00,1.34481,1.34545,1.3428,1.3428,0.0
2025-06-23 07:00:00,1.34282,1.3441,1.34126,1.34207,0.0
2025-06-23 11:00:00,1.34235,1.34376,1.3405,1.341,0.0
2025-06-23 15:00:00,1.34117,1.34485,1.34117,1.34156,0.0
2025-06-23 19:00:00,1.34158,1.34158,1.3372,1.33917,0.0
2025-06-23 23:00:00,1.33923,1.35038,1.33881,1.34929,0.0
2025-06-24 03:00:00,1.3492,1.35302,1.3492,1.35245,0.0
2025-06-24 07:00:00,1.3513,1.35547,1.3513,1.35494,0.0
2025-06-24 11:00:00,1.35461,1.35728,1.35367,1.35658,0.0
2025-06-24 15:00:00,1.35632,1.36036,1.35608,1.36008,0.0
2025-06-24 19:00:00,1.36012,1.3626,1.35977,1.36016,0.0
2025-06-24 23:00:00,1.36054,1.36478,1.35932,1.36262,0.0
2025-06-25 03:00:00,1.36249,1.3639,1.36136,1.36156,0.0
2025-06-25 07:00:00,1.36097,1.36281,1.36075,1.3618,0.0
2025-06-25 11:00:00,1.36177,1.36288,1.36116,1.36156,0.0
2025-06-25 15:00:00,1.3616,1.36338,1.36077,1.36218,0.0
2025-06-25 19:00:00,1.36208,1.36208,1.35921,1.35971,0.0
2025-06-25 23:00:00,1.35969,1.36433,1.35951,1.36414,0.0
2025-06-26 03:00:00,1.36411,1.36711,1.36374,1.36647,0.0
2025-06-26 07:00:00,1.36696,1.36954,1.36577,1.369,0.0
2025-06-26 11:00:00,1.36902,1.37217,1.36786,1.37001,0.0
2025-06-26 15:00:00,1.36999,1.3765,1.36977,1.3751,0.0
2025-06-26 19:00:00,1.37487,1.37533,1.37005,1.37186,0.0
2025-06-26 23:00:00,1.37231,1.37703,1.37101,1.37557,0.0
2025-06-27 03:00:00,1.37555,1.37627,1.37236,1.37278,0.0
2025-06-27 07:00:00,1.37287,1.37415,1.37178,1.37312,0.0
2025-06-27 11:00:00,1.37297,1.37497,1.3724,1.3724,0.0
2025-06-27 15:00:00,1.37276,1.37504,1.37216,1.37436,0.0
2025-06-27 19:00:00,1.37451,1.3751,1.37223,1.37419,0.0
2025-06-27 23:00:00,1.37429,1.37432,1.37045,1.3708,0.0
2025-06-28 03:00:00,1.37067,1.37236,1.36851,1.37236,0.0
2025-06-28 07:00:00,1.37229,1.37229,1.37115,1.37115,0.0
2025-06-30 07:00:00,1.3724,1.37287,1.37088,1.37131,0.0
2025-06-30 11:00:00,1.37131,1.37304,1.37122,1.37304,0.0
2025-06-30 15:00:00,1.37304,1.37406,1.36945,1.37007,0.0
2025-06-30 19:00:00,1.36996,1.37118,1.36855,1.36938,0.0
2025-06-30 23:00:00,1.36951,1.37234,1.3676,1.37142,0.0
2025-07-01 03:00:00,1.37152,1.37366,1.37069,1.37344,0.0
2025-07-01 07:00:00,1.37306,1.37421,1.37217,1.37421,0.0
2025-07-01 11:00:00,1.37415,1.37499,1.37259,1.37402,0.0
2025-07-01 15:00:00,1.3741,1.3783,1.37355,1.37764,0.0
2025-07-01 19:00:00,1.37724,1.37887,1.37415,1.37419,0.0
2025-07-01 23:00:00,1.374,1.37417,1.3705,1.37238,0.0
2025-07-02 03:00:00,1.37266,1.37512,1.37225,1.37476,0.0
2025-07-02 07:00:00,1.37459,1.37521,1.37417,1.37489,0.0
2025-07-02 11:00:00,1.37476,1.37529,1.37336,1.37448,0.0
2025-07-02 15:00:00,1.37444,1.37457,1.36953,1.36984,0.0
2025-07-02 19:00:00,1.37009,1.37137,1.35901,1.3608,0.0
2025-07-02 23:00:00,1.36045,1.36325,1.35656,1.36305,0.0
2025-07-03 03:00:00,1.36323,1.36435,1.36277,1.36351,0.0
2025-07-03 07:00:00,1.3637,1.36677,1.36338,1.3647,0.0
2025-07-03 11:00:00,1.36472,1.36536,1.36251,1.36288,0.0
2025-07-03 15:00:00,1.36299,1.36754,1.36268,1.36668,0.0
2025-07-03 19:00:00,1.36647,1.36683,1.35888,1.36167,0.0
2025-07-03 23:00:00,1.36186,1.36717,1.3616,1.36521,0.0
2025-07-04 03:00:00,1.36506,1.36552,1.364,1.36552,0.0
2025-07-04 07:00:00,1.36586,1.36681,1.36476,1.36631,0.0
2025-07-04 11:00:00,1.36636,1.36748,1.36467,1.36732,0.0
2025-07-04 15:00:00,1.36758,1.36818,1.36578,1.36642,0.0
2025-07-04 19:00:00,1.36647,1.36647,1.3634,1.36359,0.0
2025-07-04 23:00:00,1.36375,1.36539,1.36375,1.36465,0.0
2025-07-05 03:00:00,1.36487,1.36586,1.36442,1.36442,0.0
2025-07-05 07:00:00,1.36478,1.36485,1.36478,1.36485,0.0
2025-07-07 07:00:00,1.36537,1.36582,1.36463,1.36485,0.0
2025-07-07 11:00:00,1.36463,1.36472,1.36167,1.36179,0.0
2025-07-07 15:00:00,1.36179,1.36268,1.35798,1.35798,0.0
2025-07-07 19:00:00,1.35809,1.36218,1.35761,1.36175,0.0
2025-07-07 23:00:00,1.36179,1.36476,1.35953,1.35964,0.0
2025-07-08 03:00:00,1.35964,1.36166,1.35908,1.36019,0.0
2025-07-08 07:00:00,1.36049,1.36374,1.36001,1.3629,0.0
2025-07-08 11:00:00,1.36305,1.36413,1.36197,1.36323,0.0
2025-07-08 15:00:00,1.36314,1.36463,1.36119,1.3613,0.0
2025-07-08 19:00:00,1.36132,1.36143,1.35641,1.35788,0.0
2025-07-08 23:00:00,1.35787,1.35822,1.3527,1.35787,0.0
2025-07-09 03:00:00,1.35798,1.35977,1.35781,1.35927,0.0
2025-07-09 07:00:00,1.35894,1.35953,1.35755,1.35871,0.0
2025-07-09 11:00:00,1.35868,1.35932,1.35658,1.35862,0.0
2025-07-09 15:00:00,1.35862,1.36066,1.35801,1.36003,0.0
2025-07-09 19:00:00,1.36023,1.36121,1.35761,1.3609,0.0
2025-07-09 23:00:00,1.36086,1.36182,1.35801,1.3584,0.0
2025-07-10 03:00:00,1.35842,1.36016,1.35814,1.3586,0.0
2025-07-10 07:00:00,1.35842,1.36136,1.35842,1.3611,0.0
2025-07-10 11:00:00,1.36088,1.36123,1.36008,1.36056,0.0
2025-07-10 15:00:00,1.36056,1.36195,1.36032,1.36069,0.0
2025-07-10 19:00:00,1.36071,1.36164,1.35579,1.3561,0.0
2025-07-10 23:00:00,1.3561,1.35733,1.35344,1.35647,0.0
2025-07-11 03:00:00,1.35637,1.35842,1.35621,1.35799,0.0
2025-07-11 07:00:00,1.35772,1.35864,1.35476,1.3556,0.0
2025-07-11 11:00:00,1.35545,1.35689,1.35501,1.35573,0.0
2025-07-11 15:00:00,1.35569,1.35643,1.353,1.35336,0.0
2025-07-11 19:00:00,1.3536,1.35531,1.34976,1.35049,0.0
2025-07-11 23:00:00,1.35058,1.35183,1.34834,1.35079,0.0
2025-07-12 03:00:00,1.35069,1.35172,1.34851,1.34922,0.0
2025-07-12 07:00:00,1.34905,1.34905,1.34877,1.34877,0.0
2025-07-14 07:00:00,1.34847,1.35046,1.34842,1.34993,0.0
2025-07-14 11:00:00,1.35002,1.35018,1.34729,1.34764,0.0
2025-07-14 15:00:00,1.34733,1.34898,1.34532,1.34762,0.0
2025-07-14 19:00:00,1.34744,1.3494,1.34713,1.34776,0.0
2025-07-14 23:00:00,1.34782,1.34842,1.34289,1.34358,0.0
2025-07-15 03:00:00,1.34369,1.34412,1.34253,1.34264,0.0
2025-07-15 07:00:00,1.3434,1.34403,1.34216,1.34345,0.0
2025-07-15 11:00:00,1.34347,1.34387,1.34271,1.3432,0.0
2025-07-15 15:00:00,1.3432,1.34532,1.34293,1.3447,0.0
2025-07-15 19:00:00,1.3447,1.34662,1.34335,1.3449,0.0
2025-07-15 23:00:00,1.34483,1.34483,1.33808,1.33854,0.0
2025-07-16 03:00:00,1.33863,1.33933,1.33799,1.3384,0.0
2025-07-16 07:00:00,1.33854,1.33993,1.33829,1.33948,0.0
2025-07-16 11:00:00,1.33924,1.34007,1.33844,1.33967,0.0
2025-07-16 15:00:00,1.33969,1.34167,1.33903,1.33921,0.0
2025-07-16 19:00:00,1.33912,1.34122,1.33838,1.33951,0.0
2025-07-16 23:00:00,1.33946,1.34814,1.3367,1.34225,0.0
2025-07-17 03:00:00,1.34237,1.34405,1.34057,1.34207,0.0
2025-07-17 07:00:00,1.34284,1.34284,1.33964,1.33998,0.0
2025-07-17 11:00:00,1.34018,1.34054,1.33851,1.3396,0.0
2025-07-17 15:00:00,1.33958,1.34097,1.33756,1.34097,0.0
2025-07-17 19:00:00,1.34127,1.34127,1.33856,1.34037,0.0
2025-07-17 23:00:00,1.34045,1.34208,1.33944,1.34011,0.0
2025-07-18 03:00:00,1.34012,1.34208,1.33998,1.34171,0.0
2025-07-18 07:00:00,1.34217,1.34383,1.34106,1.3432,0.0
2025-07-18 11:00:00,1.34322,1.34401,1.34239,1.34248,0.0
2025-07-18 15:00:00,1.34241,1.34428,1.34113,1.34372,0.0
2025-07-18 19:00:00,1.34371,1.34727,1.34371,1.34579,0.0
2025-07-18 23:00:00,1.34595,1.34738,1.34183,1.34194,0.0
2025-07-19 03:00:00,1.34181,1.34221,1.3407,1.3412,0.0
2025-07-19 07:00:00,1.34194,1.34223,1.3404,1.3404,0.0
2025-07-21 07:00:00,1.34135,1.34196,1.34041,1.34043,0.0
2025-07-21 11:00:00,1.34028,1.34198,1.34028,1.34194,0.0
2025-07-21 15:00:00,1.34187,1.34651,1.34187,1.34517,0.0
2025-07-21 19:00:00,1.34512,1.34838,1.34463,1.34802,0.0
2025-07-21 23:00:00,1.34784,1.35104,1.34675,1.34955,0.0
2025-07-22 03:00:00,1.34964,1.34964,1.34838,1.3494,0.0
2025-07-22 07:00:00,1.34878,1.34933,1.34804,1.34838,0.0
2025-07-22 11:00:00,1.34844,1.3488,1.34753,1.34778,0.0
2025-07-22 15:00:00,1.34769,1.34909,1.34642,1.349,0.0
2025-07-22 19:00:00,1.34924,1.34998,1.34758,1.34816,0.0
2025-07-22 23:00:00,1.34856,1.35327,1.3474,1.35305,0.0
2025-07-23 03:00:00,1.35311,1.35349,1.35201,1.35349,0.0
2025-07-23 07:00:00,1.3525,1.35347,1.35183,1.35276,0.0
2025-07-23 11:00:00,1.35276,1.35355,1.35181,1.35272,0.0
2025-07-23 15:00:00,1.35278,1.35487,1.35172,1.35417,0.0
2025-07-23 19:00:00,1.35446,1.35487,1.35325,1.35439,0.0
2025-07-23 23:00:00,1.35463,1.35755,1.35247,1.35612,0.0
2025-07-24 03:00:00,1.3565,1.35844,1.35593,1.35807,0.0
2025-07-24 07:00:00,1.35807,1.3587,1.35718,1.3574,0.0
2025-07-24 11:00:00,1.35752,1.35882,1.35752,1.35801,0.0
2025-07-24 15:00:00,1.35799,1.35823,1.35437,1.35439,0.0
2025-07-24 19:00:00,1.35437,1.35538,1.35333,1.35367,0.0
2025-07-24 23:00:00,1.35356,1.35617,1.3506,1.35095,0.0
2025-07-25 03:00:00,1.35113,1.35281,1.3504,1.35077,0.0
2025-07-25 07:00:00,1.35071,1.35126,1.34938,1.35077,0.0
2025-07-25 11:00:00,1.35097,1.3513,1.3488,1.34913,0.0
2025-07-25 15:00:00,1.34924,1.35048,1.34613,1.34631,0.0
2025-07-25 19:00:00,1.34629,1.34646,1.34253,1.34345,0.0
2025-07-25 23:00:00,1.34336,1.34428,1.34169,1.34207,0.0
2025-07-26 03:00:00,1.34226,1.3438,1.34203,1.34374,0.0
2025-07-26 07:00:00,1.34385,1.34385,1.34345,1.34345,0.0
2025-07-28 07:00:00,1.34347,1.34492,1.34338,1.34436,0.0
2025-07-28 11:00:00,1.34461,1.34532,1.34306,1.34369,0.0
2025-07-28 15:00:00,1.34347,1.34369,1.34072,1.34217,0.0
2025-07-28 19:00:00,1.34198,1.34374,1.34064,1.34369,0.0
2025-07-28 23:00:00,1.34389,1.34389,1.33772,1.33797,0.0
2025-07-29 03:00:00,1.33788,1.33803,1.33517,1.33556,0.0
2025-07-29 07:00:00,1.3357,1.33658,1.3346,1.33463,0.0
2025-07-29 11:00:00,1.33461,1.33581,1.3338,1.33492,0.0
2025-07-29 15:00:00,1.33494,1.33535,1.33166,1.33429,0.0
2025-07-29 19:00:00,1.33456,1.3362,1.33179,1.33179,0.0
2025-07-29 23:00:00,1.33161,1.33476,1.33088,1.33403,0.0
2025-07-30 03:00:00,1.33376,1.33629,1.33365,1.3351,0.0
2025-07-30 07:00:00,1.33486,1.33661,1.33472,1.33661,0.0
2025-07-30 11:00:00,1.33681,1.3369,1.33504,1.33506,0.0
2025-07-30 15:00:00,1.33504,1.33693,1.33426,1.33693,0.0
2025-07-30 19:00:00,1.33676,1.33844,1.33083,1.33083,0.0
2025-07-30 23:00:00,1.33101,1.33124,1.32709,1.32811,0.0
2025-07-31 03:00:00,1.32843,1.33099,1.32305,1.32406,0.0
2025-07-31 07:00:00,1.32326,1.32593,1.32269,1.32514,0.0
2025-07-31 11:00:00,1.32517,1.32688,1.32435,1.32688,0.0
2025-07-31 15:00:00,1.32693,1.3282,1.32406,1.32505,0.0
2025-07-31 19:00:00,1.32507,1.32507,1.32093,1.3217,0.0
2025-07-31 23:00:00,1.32165,1.32384,1.31884,1.32238,0.0
2025-08-01 03:00:00,1.32224,1.32273,1.32003,1.32078,0.0
2025-08-01 07:00:00,1.32086,1.32233,1.31997,1.32106,0.0
2025-08-01 11:00:00,1.32104,1.32135,1.31903,1.31994,0.0
2025-08-01 15:00:00,1.31977,1.3213,1.31615,1.31615,0.0
2025-08-01 19:00:00,1.31619,1.32973,1.3142,1.32825,0.0
2025-08-01 23:00:00,1.3291,1.33049,1.32429,1.32478,0.0
2025-08-02 03:00:00,1.32461,1.32912,1.32165,1.32799,0.0
2025-08-02 07:00:00,1.32739,1.32739,1.32739,1.32739,0.0
2025-08-04 07:00:00,1.32799,1.32935,1.32596,1.32615,0.0
2025-08-04 11:00:00,1.32605,1.32899,1.32549,1.3279,0.0
2025-08-04 15:00:00,1.32772,1.32904,1.32644,1.32781,0.0
2025-08-04 19:00:00,1.32788,1.33138,1.32718,1.32977,0.0
2025-08-04 23:00:00,1.32984,1.33305,1.32799,1.3286,0.0
2025-08-05 03:00:00,1.32843,1.32892,1.32721,1.32848,0.0
2025-08-05 07:00:00,1.32846,1.33034,1.32823,1.32991,0.0
2025-08-05 11:00:00,1.32991,1.32995,1.32762,1.32862,0.0
2025-08-05 15:00:00,1.32857,1.32954,1.32637,1.32788,0.0
2025-08-05 19:00:00,1.3279,1.32942,1.3267,1.32822,0.0
2025-08-05 23:00:00,1.32832,1.33163,1.32702,1.33094,0.0
2025-08-06 03:00:00,1.33101,1.33152,1.32901,1.32966,0.0
2025-08-06 07:00:00,1.32913,1.33058,1.32913,1.33016,0.0
2025-08-06 11:00:00,1.33005,1.33145,1.32958,1.33122,0.0
2025-08-06 15:00:00,1.33108,1.3312,1.32836,1.32843,0.0
2025-08-06 19:00:00,1.32843,1.33303,1.32843,1.33175,0.0
2025-08-06 23:00:00,1.3322,1.33627,1.33142,1.33476,0.0
2025-08-07 03:00:00,1.3349,1.33681,1.33488,1.33565,0.0
2025-08-07 07:00:00,1.33567,1.33608,1.33477,1.33483,0.0
2025-08-07 11:00:00,1.33476,1.33695,1.33472,1.33681,0.0
2025-08-07 15:00:00,1.33701,1.33799,1.33643,1.33706,0.0
2025-08-07 19:00:00,1.33715,1.34362,1.33659,1.34223,0.0
2025-08-07 23:00:00,1.3423,1.34335,1.33923,1.34304,0.0
2025-08-08 03:00:00,1.34295,1.3449,1.34046,1.34456,0.0
2025-08-08 07:00:00,1.34306,1.3453,1.34306,1.34479,0.0
2025-08-08 11:00:00,1.34488,1.34508,1.34349,1.34363,0.0
2025-08-08 15:00:00,1.3436,1.34508,1.34255,1.34345,0.0
2025-08-08 19:00:00,1.34362,1.34528,1.3419,1.34235,0.0
2025-08-08 23:00:00,1.34255,1.34553,1.34255,1.34477,0.0
2025-08-09 03:00:00,1.34474,1.34582,1.34443,1.34524,0.0
2025-08-09 07:00:00,1.34501,1.34501,1.34452,1.34452,0.0
2025-08-11 07:00:00,1.34445,1.34477,1.34378,1.34427,0.0
2025-08-11 11:00:00,1.34434,1.34684,1.34416,1.34666,0.0
2025-08-11 15:00:00,1.34658,1.34758,1.3449,1.34655,0.0
2025-08-11 19:00:00,1.34649,1.3468,1.34138,1.34232,0.0
2025-08-11 23:00:00,1.34235,1.3427,1.34016,1.34244,0.0
2025-08-12 03:00:00,1.34243,1.34365,1.34183,1.34309,0.0
2025-08-12 07:00:00,1.34266,1.34376,1.34235,1.34308,0.0
2025-08-12 11:00:00,1.34311,1.34394,1.34271,1.34394,0.0
2025-08-12 15:00:00,1.34401,1.34704,1.34217,1.34698,0.0
2025-08-12 19:00:00,1.34718,1.35086,1.34474,1.34858,0.0
2025-08-12 23:00:00,1.34856,1.35236,1.34653,1.35164,0.0
2025-08-13 03:00:00,1.35152,1.35152,1.34893,1.35007,0.0
2025-08-13 07:00:00,1.34982,1.35144,1.34973,1.35029,0.0
2025-08-13 11:00:00,1.35051,1.35079,1.34938,1.35053,0.0
2025-08-13 15:00:00,1.35053,1.3563,1.35002,1.3558,0.0
2025-08-13 19:00:00,1.35569,1.35801,1.35569,1.35612,0.0
2025-08-13 23:00:00,1.35613,1.35853,1.35579,1.3574,0.0
2025-08-14 03:00:00,1.35739,1.35812,1.35643,1.35757,0.0
2025-08-14 07:00:00,1.35728,1.35866,1.35693,1.35862,0.0
2025-08-14 11:00:00,1.35879,1.35916,1.35717,1.35764,0.0
2025-08-14 15:00:00,1.35753,1.35916,1.35652,1.35728,0.0
2025-08-14 19:00:00,1.35724,1.35945,1.3547,1.35522,0.0
2025-08-14 23:00:00,1.35523,1.35567,1.35225,1.35237,0.0
2025-08-15 03:00:00,1.35259,1.35399,1.35258,1.35302,0.0
2025-08-15 07:00:00,1.35373,1.35384,1.35252,1.35349,0.0
2025-08-15 11:00:00,1.35336,1.35512,1.35316,1.35487,0.0
2025-08-15 15:00:00,1.35476,1.35604,1.35441,1.35488,0.0
2025-08-15 19:00:00,1.35481,1.35676,1.35466,1.35623,0.0
2025-08-15 23:00:00,1.35645,1.35733,1.35549,1.35579,0.0
2025-08-16 03:00:00,1.35575,1.35593,1.35509,1.35542,0.0
2025-08-16 07:00:00,1.35544,1.35544,1.35454,1.35454,0.0
2025-08-18 07:00:00,1.35621,1.35626,1.35536,1.35536,0.0
2025-08-18 11:00:00,1.35527,1.35656,1.35498,1.35636,0.0
2025-08-18 15:00:00,1.3563,1.35647,1.35331,1.35477,0.0
2025-08-18 19:00:00,1.3545,1.35505,1.35371,1.35441,0.0
2025-08-18 23:00:00,1.35448,1.35463,1.35091,1.35091,0.0
2025-08-19 03:00:00,1.3511,1.35157,1.35029,1.35029,0.0
2025-08-19 07:00:00,1.35281,1.35281,1.35018,1.35022,0.0
2025-08-19 11:00:00,1.35024,1.35068,1.3488,1.35057,0.0
2025-08-19 15:00:00,1.35062,1.35236,1.3498,1.35206,0.0
2025-08-19 19:00:00,1.35199,1.35311,1.35051,1.3511,0.0
2025-08-19 23:00:00,1.35102,1.35161,1.34869,1.34911,0.0
2025-08-20 03:00:00,1.34896,1.3496,1.34782,1.34933,0.0
2025-08-20 07:00:00,1.34931,1.34987,1.34756,1.34813,0.0
2025-08-20 11:00:00,1.34833,1.34834,1.34626,1.34755,0.0
2025-08-20 15:00:00,1.34755,1.35088,1.34725,1.35026,0.0
2025-08-20 19:00:00,1.35022,1.35057,1.34731,1.34896,0.0
2025-08-20 23:00:00,1.34889,1.34915,1.34488,1.34608,0.0
2025-08-21 03:00:00,1.34611,1.34707,1.34497,1.34561,0.0
2025-08-21 07:00:00,1.34506,1.34655,1.34504,1.34561,0.0
2025-08-21 11:00:00,1.3458,1.34633,1.34475,1.34513,0.0
2025-08-21 15:00:00,1.34521,1.34695,1.34353,1.3466,0.0
2025-08-21 19:00:00,1.3466,1.3482,1.34432,1.34485,0.0
2025-08-21 23:00:00,1.34481,1.34571,1.34061,1.34198,0.0
2025-08-22 03:00:00,1.34192,1.34262,1.34118,1.34127,0.0
2025-08-22 07:00:00,1.34131,1.34201,1.34084,1.34201,0.0
2025-08-22 11:00:00,1.34199,1.34219,1.3393,1.33935,0.0
2025-08-22 15:00:00,1.3393,1.34135,1.33905,1.34135,0.0
2025-08-22 19:00:00,1.34131,1.34196,1.3407,1.34144,0.0
2025-08-22 23:00:00,1.34117,1.3543,1.34117,1.35252,0.0
2025-08-23 03:00:00,1.35259,1.35437,1.35166,1.35267,0.0
2025-08-23 07:00:00,1.35197,1.35211,1.35197,1.35211,0.0
2025-08-25 07:00:00,1.35175,1.35175,1.3496,1.3498,0.0
2025-08-25 11:00:00,1.34998,1.3515,1.34909,1.35124,0.0
2025-08-25 15:00:00,1.35119,1.35274,1.35007,1.35037,0.0
2025-08-25 19:00:00,1.35033,1.3521,1.34844,1.35058,0.0
2025-08-25 23:00:00,1.35058,1.35128,1.34853,1.3488,0.0
2025-08-26 03:00:00,1.34885,1.34893,1.34479,1.34539,0.0
2025-08-26 07:00:00,1.34725,1.34898,1.3449,1.34811,0.0
2025-08-26 11:00:00,1.34802,1.34829,1.34512,1.34561,0.0
2025-08-26 15:00:00,1.34562,1.34689,1.34354,1.34633,0.0
2025-08-26 19:00:00,1.34626,1.34929,1.3462,1.34793,0.0
2025-08-26 23:00:00,1.34795,1.34922,1.34724,1.34782,0.0
2025-08-27 03:00:00,1.34773,1.3486,1.34691,1.34785,0.0
2025-08-27 07:00:00,1.34882,1.34882,1.34698,1.3472,0.0
2025-08-27 11:00:00,1.34733,1.34753,1.3445,1.34486,0.0
2025-08-27 15:00:00,1.34494,1.34662,1.34326,1.34457,0.0
2025-08-27 19:00:00,1.34452,1.34494,1.34199,1.34414,0.0
2025-08-27 23:00:00,1.34414,1.34975,1.34363,1.34964,0.0
2025-08-28 03:00:00,1.34966,1.3502,1.34909,1.35004,0.0
2025-08-28 07:00:00,1.3502,1.35057,1.34905,1.35029,0.0
2025-08-28 11:00:00,1.35055,1.35188,1.35013,1.35046,0.0
2025-08-28 15:00:00,1.3504,1.35128,1.34844,1.35,0.0
2025-08-28 19:00:00,1.35006,1.35261,1.34995,1.35035,0.0
2025-08-28 23:00:00,1.35009,1.35269,1.34909,1.35214,0.0
2025-08-29 03:00:00,1.35236,1.35307,1.35077,1.35133,0.0
2025-08-29 07:00:00,1.35166,1.3517,1.3504,1.35091,0.0
2025-08-29 11:00:00,1.35091,1.35119,1.34951,1.35035,0.0
2025-08-29 15:00:00,1.35035,1.35038,1.34711,1.34776,0.0
2025-08-29 19:00:00,1.34784,1.34791,1.34485,1.34602,0.0
2025-08-29 23:00:00,1.34618,1.35146,1.34479,1.35082,0.0
2025-08-30 03:00:00,1.35064,1.3517,1.35006,1.35015,0.0
2025-08-30 07:00:00,1.35017,1.35017,1.34986,1.34986,0.0
2025-09-01 07:00:00,1.35031,1.35197,1.3502,1.35192,0.0
2025-09-01 11:00:00,1.35197,1.35291,1.35066,1.35186,0.0
2025-09-01 15:00:00,1.35188,1.35406,1.35153,1.3536,0.0
2025-09-01 19:00:00,1.35366,1.35371,1.35239,1.35331,0.0
2025-09-01 23:00:00,1.35331,1.35498,1.35314,1.35419,0.0
2025-09-02 03:00:00,1.35422,1.35503,1.35408,1.35466,0.0
2025-09-02 07:00:00,1.35455,1.35498,1.35353,1.3538,0.0
2025-09-02 11:00:00,1.35358,1.35419,1.35232,1.3528,0.0
2025-09-02 15:00:00,1.35278,1.35338,1.33763,1.34138,0.0
2025-09-02 19:00:00,1.34135,1.3416,1.33421,1.33531,0.0
2025-09-02 23:00:00,1.3347,1.34181,1.33453,1.33921,0.0
2025-09-03 03:00:00,1.3391,1.33975,1.33756,1.33955,0.0
2025-09-03 07:00:00,1.3396,1.3407,1.3374,1.33761,0.0
2025-09-03 11:00:00,1.33772,1.33772,1.33611,1.33701,0.0
2025-09-03 15:00:00,1.33699,1.34079,1.33365,1.34079,0.0
2025-09-03 19:00:00,1.34122,1.34275,1.33964,1.3425,0.0
2025-09-03 23:00:00,1.34237,1.34537,1.34118,1.34503,0.0
2025-09-04 03:00:00,1.34523,1.34582,1.34358,1.34447,0.0
2025-09-04 07:00:00,1.34432,1.34457,1.34367,1.3443,0.0
2025-09-04 11:00:00,1.34419,1.34488,1.34253,1.34279,0.0
2025-09-04 15:00:00,1.34275,1.34557,1.34165,1.34542,0.0
2025-09-04 19:00:00,1.34532,1.34589,1.34248,1.34416,0.0
2025-09-04 23:00:00,1.34428,1.34465,1.34178,1.34214,0.0
2025-09-05 03:00:00,1.34217,1.34378,1.34208,1.34353,0.0
2025-09-05 07:00:00,1.34237,1.34497,1.34225,1.34497,0.0
2025-09-05 11:00:00,1.34517,1.34573,1.34472,1.34508,0.0
2025-09-05 15:00:00,1.34506,1.34724,1.34497,1.34709,0.0
2025-09-05 19:00:00,1.34693,1.35281,1.34579,1.35203,0.0
2025-09-05 23:00:00,1.35225,1.35538,1.3506,1.35261,0.0
2025-09-06 03:00:00,1.35263,1.35263,1.35015,1.35082,0.0
2025-09-06 07:00:00,1.35066,1.35066,1.35022,1.35022,0.0
2025-09-08 07:00:00,1.34896,1.34964,1.34845,1.34964,0.0
2025-09-08 11:00:00,1.34989,1.3506,1.34876,1.34969,0.0
2025-09-08 15:00:00,1.34969,1.35259,1.34967,1.35117,0.0
2025-09-08 19:00:00,1.35108,1.35481,1.35033,1.35432,0.0
2025-09-08 23:00:00,1.3543,1.35551,1.35303,1.35373,0.0
2025-09-09 03:00:00,1.35373,1.35549,1.3528,1.35465,0.0
2025-09-09 07:00:00,1.35538,1.35619,1.35439,1.35591,0.0
2025-09-09 11:00:00,1.35575,1.35755,1.35536,1.35748,0.0
2025-09-09 15:00:00,1.35746,1.3582,1.35591,1.35735,0.0
2025-09-09 19:00:00,1.35735,1.35901,1.35466,1.35549,0.0
2025-09-09 23:00:00,1.35534,1.357,1.35237,1.35351,0.0
2025-09-10 03:00:00,1.3536,1.35389,1.35188,1.35269,0.0
2025-09-10 07:00:00,1.35272,1.35313,1.35172,1.35223,0.0
2025-09-10 11:00:00,1.35254,1.35419,1.35161,1.35417,0.0
2025-09-10 15:00:00,1.35419,1.35439,1.35179,1.35278,0.0
2025-09-10 19:00:00,1.3528,1.35516,1.35254,1.35318,0.0
2025-09-10 23:00:00,1.35291,1.35604,1.35278,1.35362,0.0
2025-09-11 03:00:00,1.35356,1.35413,1.35221,1.35294,0.0
2025-09-11 07:00:00,1.35276,1.35397,1.35256,1.35283,0.0
2025-09-11 11:00:00,1.35274,1.35344,1.35234,1.35274,0.0
2025-09-11 15:00:00,1.35261,1.35263,1.35053,1.35152,0.0
2025-09-11 19:00:00,1.35161,1.35466,1.34976,1.35433,0.0
2025-09-11 23:00:00,1.35488,1.35794,1.35406,1.35777,0.0
2025-09-12 03:00:00,1.35783,1.35831,1.35698,1.35735,0.0
2025-09-12 07:00:00,1.35788,1.35809,1.3567,1.35733,0.0
2025-09-12 11:00:00,1.35735,1.35735,1.35534,1.35564,0.0
2025-09-12 15:00:00,1.35566,1.35746,1.3532,1.35344,0.0
2025-09-12 19:00:00,1.35355,1.35623,1.35272,1.35444,0.0
2025-09-12 23:00:00,1.35444,1.35685,1.35391,1.35595,0.0
2025-09-13 03:00:00,1.35612,1.35707,1.35571,1.35624,0.0
2025-09-13 07:00:00,1.35658,1.35658,1.35474,1.35474,0.0
2025-09-15 07:00:00,1.35573,1.35588,1.35498,1.35564,0.0
2025-09-15 11:00:00,1.35556,1.35713,1.35534,1.3567,0.0
2025-09-15 15:00:00,1.3568,1.35984,1.35542,1.35814,0.0
2025-09-15 19:00:00,1.3582,1.36192,1.35798,1.36149,0.0
2025-09-15 23:00:00,1.36151,1.36162,1.35857,1.35992,0.0
2025-09-16 03:00:00,1.36001,1.36117,1.35967,1.35988,0.0
2025-09-16 07:00:00,1.36023,1.36054,1.35975,1.36021,0.0
2025-09-16 11:00:00,1.36034,1.36247,1.35995,1.36162,0.0
2025-09-16 15:00:00,1.36167,1.36437,1.36154,1.36271,0.0
2025-09-16 19:00:00,1.36277,1.36495,1.36255,1.36414,0.0
2025-09-16 23:00:00,1.36424,1.36704,1.36394,1.3658,0.0
2025-09-17 03:00:00,1.36605,1.36677,1.36444,1.36463,0.0
2025-09-17 07:00:00,1.36735,1.36735,1.36452,1.36455,0.0
2025-09-17 11:00:00,1.36463,1.36485,1.36405,1.36426,0.0
2025-09-17 15:00:00,1.36435,1.36528,1.36316,1.36407,0.0
2025-09-17 19:00:00,1.36426,1.36565,1.36403,1.36539,0.0
2025-09-17 23:00:00,1.36541,1.36698,1.36495,1.36655,0.0
2025-09-18 03:00:00,1.36642,1.37248,1.36201,1.36279,0.0
2025-09-18 07:00:00,1.36409,1.36416,1.36221,1.36271,0.0
2025-09-18 11:00:00,1.36307,1.36308,1.36058,1.36071,0.0
2025-09-18 15:00:00,1.36069,1.3648,1.3587,1.36403,0.0
2025-09-18 19:00:00,1.3642,1.36556,1.35955,1.35955,0.0
2025-09-18 23:00:00,1.35945,1.35958,1.35355,1.35534,0.0
2025-09-19 03:00:00,1.35527,1.35626,1.35459,1.35538,0.0
2025-09-19 07:00:00,1.35573,1.3558,1.3541,1.3549,0.0
2025-09-19 11:00:00,1.35496,1.35593,1.3532,1.35446,0.0
2025-09-19 15:00:00,1.35448,1.35516,1.34834,1.35002,0.0
2025-09-19 19:00:00,1.34975,1.35108,1.34647,1.34686,0.0
2025-09-19 23:00:00,1.34709,1.34982,1.34689,1.34834,0.0
2025-09-20 03:00:00,1.34838,1.34853,1.3468,1.3474,0.0
2025-09-20 07:00:00,1.3474,1.3474,1.34668,1.34668,0.0
2025-09-22 07:00:00,1.34722,1.34724,1.34584,1.34673,0.0
2025-09-22 11:00:00,1.34731,1.34745,1.34542,1.34609,0.0
2025-09-22 15:00:00,1.34613,1.35031,1.34602,1.34962,0.0
2025-09-22 19:00:00,1.34978,1.35157,1.34909,1.35095,0.0
2025-09-22 23:00:00,1.35062,1.35197,1.34929,1.35086,0.0
2025-09-23 03:00:00,1.35088,1.35201,1.35077,1.35163,0.0
2025-09-23 07:00:00,1.35104,1.35206,1.35,1.35206,0.0
2025-09-23 11:00:00,1.35219,1.35265,1.35044,1.3508,0.0
2025-09-23 15:00:00,1.35051,1.3527,1.34878,1.35038,0.0
2025-09-23 19:00:00,1.35068,1.35292,1.3498,1.35256,0.0
2025-09-23 23:00:00,1.35327,1.3536,1.35079,1.3521,0.0
2025-09-24 03:00:00,1.35221,1.35278,1.3515,1.35263,0.0
2025-09-24 07:00:00,1.35241,1.35283,1.35148,1.35148,0.0
2025-09-24 11:00:00,1.35148,1.35164,1.35066,1.35095,0.0
2025-09-24 15:00:00,1.351,1.35122,1.34747,1.34847,0.0
2025-09-24 19:00:00,1.34849,1.34874,1.34387,1.34461,0.0
2025-09-24 23:00:00,1.3447,1.34579,1.34282,1.34436,0.0
2025-09-25 03:00:00,1.34441,1.34561,1.34439,1.34477,0.0
2025-09-25 07:00:00,1.34532,1.34575,1.34461,1.34575,0.0
2025-09-25 11:00:00,1.34579,1.34647,1.34499,1.34633,0.0
2025-09-25 15:00:00,1.34626,1.34673,1.3436,1.34533,0.0
2025-09-25 19:00:00,1.34535,1.346,1.33751,1.33846,0.0
2025-09-25 23:00:00,1.33806,1.33935,1.33369,1.33396,0.0
2025-09-26 03:00:00,1.33396,1.33472,1.33253,1.33437,0.0
2025-09-26 07:00:00,1.33442,1.33465,1.33317,1.33456,0.0
2025-09-26 11:00:00,1.33463,1.33559,1.33403,1.33547,0.0
2025-09-26 15:00:00,1.33543,1.33702,1.33461,1.33651,0.0
2025-09-26 19:00:00,1.33656,1.33756,1.33424,1.33754,0.0
2025-09-26 23:00:00,1.33797,1.34124,1.33761,1.33985,0.0
2025-09-27 03:00:00,1.34002,1.34111,1.33991,1.34012,0.0
2025-09-27 07:00:00,1.3402,1.34041,1.33999,1.33999,0.0
2025-09-29 07:00:00,1.34048,1.34252,1.34048,1.34243,0.0
2025-09-29 11:00:00,1.34232,1.34419,1.34171,1.34385,0.0
2025-09-29 15:00:00,1.34372,1.34497,1.34326,1.34367,0.0
2025-09-29 19:00:00,1.34371,1.34566,1.34262,1.34523,0.0
2025-09-29 23:00:00,1.34521,1.34521,1.34185,1.34313,0.0
2025-09-30 03:00:00,1.34326,1.34391,1.3425,1.34306,0.0
2025-09-30 07:00:00,1.34235,1.34382,1.34203,1.34253,0.0
2025-09-30 11:00:00,1.34282,1.34387,1.34212,1.34387,0.0
2025-09-30 15:00:00,1.34414,1.34523,1.34297,1.34459,0.0
2025-09-30 19:00:00,1.3445,1.34504,1.34257,1.34427,0.0
2025-09-30 23:00:00,1.34441,1.34671,1.34162,1.34595,0.0
2025-10-01 03:00:00,1.34602,1.34631,1.34403,1.34463,0.0
2025-10-01 07:00:00,1.34584,1.34584,1.34367,1.34412,0.0
2025-10-01 11:00:00,1.34425,1.34635,1.34356,1.34635,0.0
2025-10-01 15:00:00,1.34706,1.34802,1.3455,1.34678,0.0
2025-10-01 19:00:00,1.34682,1.35221,1.34597,1.35126,0.0
2025-10-01 23:00:00,1.35142,1.35272,1.34664,1.34744,0.0
2025-10-02 03:00:00,1.34751,1.34895,1.347,1.34778,0.0
2025-10-02 07:00:00,1.34905,1.34915,1.347,1.347,0.0
2025-10-02 11:00:00,1.34696,1.34878,1.34682,1.3476,0.0
2025-10-02 15:00:00,1.34785,1.35104,1.34698,1.35057,0.0
2025-10-02 19:00:00,1.35042,1.35082,1.34651,1.34651,0.0
2025-10-02 23:00:00,1.34673,1.34686,1.34021,1.34396,0.0
2025-10-03 03:00:00,1.34405,1.34517,1.34365,1.34409,0.0
2025-10-03 07:00:00,1.34288,1.3451,1.34277,1.34456,0.0
2025-10-03 11:00:00,1.34465,1.34497,1.3434,1.3436,0.0
2025-10-03 15:00:00,1.34356,1.34664,1.34308,1.34584,0.0
2025-10-03 19:00:00,1.34588,1.34593,1.34389,1.34593,0.0
2025-10-03 23:00:00,1.34577,1.34849,1.34524,1.3478,0.0
2025-10-04 03:00:00,1.34755,1.34864,1.34642,1.34818,0.0
2025-10-04 07:00:00,1.34809,1.34816,1.34759,1.34816,0.0
2025-10-06 07:00:00,1.34414,1.3443,1.34224,1.34333,0.0
2025-10-06 11:00:00,1.34331,1.34588,1.34289,1.34519,0.0
2025-10-06 15:00:00,1.34533,1.34642,1.34331,1.34456,0.0
2025-10-06 19:00:00,1.34448,1.34448,1.34172,1.34244,0.0
2025-10-06 23:00:00,1.34237,1.3484,1.34237,1.34744,0.0
2025-10-07 03:00:00,1.34767,1.34904,1.34669,1.34824,0.0
2025-10-07 07:00:00,1.34818,1.34874,1.34776,1.34847,0.0
2025-10-07 11:00:00,1.34842,1.34844,1.34736,1.34767,0.0
2025-10-07 15:00:00,1.34753,1.34809,1.34335,1.34353,0.0
2025-10-07 19:00:00,1.34372,1.3445,1.33935,1.34032,0.0
2025-10-07 23:00:00,1.3402,1.34535,1.33951,1.34421,0.0
2025-10-08 03:00:00,1.34414,1.34519,1.34171,1.34214,0.0
2025-10-08 07:00:00,1.3421,1.34331,1.34194,1.34207,0.0
2025-10-08 11:00:00,1.3421,1.3421,1.33915,1.33998,0.0
2025-10-08 15:00:00,1.34002,1.34172,1.33851,1.34165,0.0
2025-10-08 19:00:00,1.34172,1.34271,1.3402,1.34057,0.0
2025-10-08 23:00:00,1.34081,1.34382,1.33883,1.33917,0.0
2025-10-09 03:00:00,1.3389,1.34009,1.33722,1.34009,0.0
2025-10-09 07:00:00,1.34002,1.34081,1.33921,1.34014,0.0
2025-10-09 11:00:00,1.34005,1.34192,1.34005,1.34153,0.0
2025-10-09 15:00:00,1.34158,1.34171,1.33517,1.33529,0.0
2025-10-09 19:00:00,1.33545,1.33901,1.33442,1.33761,0.0
2025-10-09 23:00:00,1.33774,1.33926,1.32927,1.3309,0.0
2025-10-10 03:00:00,1.3311,1.33149,1.32809,1.3297,0.0
2025-10-10 07:00:00,1.3298,1.33101,1.32936,1.33035,0.0
2025-10-10 11:00:00,1.33037,1.33142,1.3297,1.33124,0.0
2025-10-10 15:00:00,1.33127,1.33147,1.32809,1.33026,0.0
2025-10-10 19:00:00,1.33025,1.33126,1.32668,1.32733,0.0
2025-10-10 23:00:00,1.32765,1.33599,1.32702,1.33388,0.0
2025-10-11 03:00:00,1.33465,1.3357,1.33321,1.33518,0.0
2025-10-11 07:00:00,1.33497,1.33586,1.33378,1.3351,0.0
2025-10-13 07:00:00,1.33403,1.33476,1.33362,1.33365,0.0
2025-10-13 11:00:00,1.33372,1.33633,1.33367,1.33542,0.0
2025-10-13 15:00:00,1.33545,1.33659,1.33307,1.33369,0.0
2025-10-13 19:00:00,1.33349,1.33515,1.33161,1.33307,0.0
2025-10-13 23:00:00,1.33316,1.33404,1.33211,1.33294,0.0
2025-10-14 03:00:00,1.33305,1.33404,1.3326,1.33307,0.0
2025-10-14 07:00:00,1.33314,1.3339,1.33269,1.33324,0.0
2025-10-14 11:00:00,1.33332,1.33499,1.33273,1.33463,0.0
2025-10-14 15:00:00,1.33444,1.33527,1.3255,1.32579,0.0
2025-10-14 19:00:00,1.32554,1.32843,1.32554,1.32691,0.0
2025-10-14 23:00:00,1.32691,1.33191,1.32496,1.33191,0.0
2025-10-15 03:00:00,1.33211,1.33324,1.33081,1.33269,0.0
2025-10-15 07:00:00,1.33273,1.33273,1.33145,1.33225,0.0
2025-10-15 11:00:00,1.33211,1.33538,1.33211,1.33524,0.0
2025-10-15 15:00:00,1.33524,1.33731,1.33451,1.33526,0.0
2025-10-15 19:00:00,1.3351,1.33663,1.33374,1.33524,0.0
2025-10-15 23:00:00,1.33526,1.34014,1.33364,1.33942,0.0
2025-10-16 03:00:00,1.33917,1.33946,1.33726,1.33946,0.0
2025-10-16 07:00:00,1.33944,1.34077,1.33924,1.34036,0.0
2025-10-16 11:00:00,1.34018,1.34421,1.34012,1.34225,0.0
2025-10-16 15:00:00,1.34201,1.3427,1.34064,1.34262,0.0
2025-10-16 19:00:00,1.34243,1.34475,1.34225,1.34403,0.0
2025-10-16 23:00:00,1.34374,1.34542,1.34149,1.34228,0.0
2025-10-17 03:00:00,1.34275,1.34481,1.34167,1.34351,0.0
2025-10-17 07:00:00,1.34336,1.34475,1.34304,1.34447,0.0
2025-10-17 11:00:00,1.34447,1.34523,1.34318,1.34486,0.0
2025-10-17 15:00:00,1.34501,1.34715,1.34255,1.34327,0.0
2025-10-17 19:00:00,1.34371,1.34438,1.34136,1.34351,0.0
2025-10-17 23:00:00,1.3434,1.34351,1.33921,1.3421,0.0
2025-10-18 03:00:00,1.34203,1.34391,1.34115,1.34372,0.0
2025-10-18 07:00:00,1.34382,1.34382,1.34177,1.34177,0.0
2025-10-20 07:00:00,1.34278,1.34308,1.34252,1.34255,0.0
2025-10-20 11:00:00,1.34266,1.34432,1.34225,1.34401,0.0
2025-10-20 15:00:00,1.34405,1.34432,1.34064,1.34172,0.0
2025-10-20 19:00:00,1.34158,1.34389,1.34012,1.3412,0.0
2025-10-20 23:00:00,1.34145,1.34298,1.34027,1.34207,0.0
2025-10-21 03:00:00,1.3421,1.34235,1.34009,1.3407,0.0
2025-10-21 07:00:00,1.34066,1.34262,1.34036,1.34052,0.0
2025-10-21 11:00:00,1.34045,1.34162,1.33903,1.33933,0.0
2025-10-21 15:00:00,1.3393,1.33975,1.33733,1.33937,0.0
2025-10-21 19:00:00,1.33901,1.33941,1.33692,1.33851,0.0
2025-10-21 23:00:00,1.33867,1.33941,1.33633,1.33892,0.0
2025-10-22 03:00:00,1.33921,1.3396,1.33656,1.3372,0.0
2025-10-22 07:00:00,1.33704,1.33765,1.33647,1.33656,0.0
2025-10-22 11:00:00,1.33676,1.33801,1.33647,1.33747,0.0
2025-10-22 15:00:00,1.33754,1.33876,1.33209,1.33232,0.0
2025-10-22 19:00:00,1.33202,1.33326,1.33071,1.33285,0.0
2025-10-22 23:00:00,1.33371,1.33742,1.33117,1.33711,0.0
2025-10-23 03:00:00,1.33724,1.33758,1.33542,1.33574,0.0
2025-10-23 07:00:00,1.33563,1.33627,1.33504,1.33511,0.0
2025-10-23 11:00:00,1.33504,1.3351,1.33332,1.33337,0.0
2025-10-23 15:00:00,1.33335,1.33572,1.33301,1.33515,0.0
2025-10-23 19:00:00,1.33518,1.33559,1.33348,1.33362,0.0
2025-10-23 23:00:00,1.33371,1.33502,1.33119,1.33214,0.0
2025-10-24 03:00:00,1.33246,1.33269,1.33087,1.33248,0.0
2025-10-24 07:00:00,1.33236,1.33308,1.33214,1.33275,0.0
2025-10-24 11:00:00,1.33262,1.33324,1.33189,1.33259,0.0
2025-10-24 15:00:00,1.33253,1.33337,1.33129,1.33161,0.0
2025-10-24 19:00:00,1.33158,1.33269,1.33014,1.33062,0.0
2025-10-24 23:00:00,1.33126,1.33595,1.32926,1.32968,0.0
2025-10-25 03:00:00,1.32972,1.33122,1.3289,1.33122,0.0
2025-10-25 07:00:00,1.33138,1.33179,1.33051,1.33051,0.0
2025-10-27 07:00:00,1.33186,1.33186,1.33186,1.33186,0.0
2025-10-27 11:00:00,1.33237,1.33358,1.33189,1.33218,0.0
2025-10-27 15:00:00,1.33225,1.33339,1.33115,1.33166,0.0
2025-10-27 19:00:00,1.3314,1.33529,1.33115,1.33506,0.0
2025-10-27 23:00:00,1.3347,1.33524,1.33197,1.33294,0.0
2025-10-28 03:00:00,1.33298,1.3339,1.33248,1.33355,0.0
2025-10-28 07:00:00,1.33365,1.33447,1.33333,1.33413,0.0
2025-10-28 11:00:00,1.33399,1.33588,1.33381,1.33565,0.0
2025-10-28 15:00:00,1.33565,1.33701,1.33324,1.33356,0.0
2025-10-28 19:00:00,1.3336,1.33365,1.33018,1.33083,0.0
2025-10-28 23:00:00,1.33092,1.33129,1.32487,1.3277,0.0
2025-10-29 03:00:00,1.32772,1.32908,1.32709,1.32733,0.0
2025-10-29 07:00:00,1.3273,1.32793,1.327,1.32774,0.0
2025-10-29 11:00:00,1.32779,1.32807,1.32515,1.32526,0.0
2025-10-29 15:00:00,1.32535,1.32552,1.32233,1.32287,0.0
2025-10-29 19:00:00,1.32287,1.32287,1.31994,1.32189,0.0
2025-10-29 23:00:00,1.32191,1.32445,1.31964,1.32424,0.0
2025-10-30 03:00:00,1.32414,1.32433,1.31479,1.31945,0.0
2025-10-30 07:00:00,1.31942,1.32008,1.31817,1.31949,0.0
2025-10-30 11:00:00,1.31945,1.32099,1.31883,1.32027,0.0
2025-10-30 15:00:00,1.32027,1.32184,1.31931,1.31975,0.0
2025-10-30 19:00:00,1.31985,1.32107,1.31752,1.31792,0.0
2025-10-30 23:00:00,1.31785,1.31846,1.31201,1.3147,0.0
2025-10-31 03:00:00,1.31484,1.31603,1.31384,1.31458,0.0
2025-10-31 07:00:00,1.31446,1.31603,1.31432,1.31588,0.0
2025-10-31 11:00:00,1.31598,1.31647,1.3151,1.3152,0.0
2025-10-31 15:00:00,1.31517,1.31577,1.31259,1.31465,0.0
2025-10-31 19:00:00,1.31432,1.31484,1.31173,1.31294,0.0
2025-10-31 23:00:00,1.3128,1.31385,1.30983,1.31382,0.0
2025-11-01 03:00:00,1.31403,1.31447,1.31235,1.31363,0.0
2025-11-01 07:00:00,1.31387,1.31541,1.31385,1.31455,0.0
2025-11-03 07:00:00,1.31326,1.31399,1.31277,1.31399,0.0
2025-11-03 11:00:00,1.31363,1.31423,1.31306,1.31399,0.0
2025-11-03 15:00:00,1.31404,1.31494,1.31351,1.31384,0.0
2025-11-03 19:00:00,1.31363,1.31394,1.31187,1.31284,0.0
2025-11-03 23:00:00,1.3128,1.31467,1.3111,1.31467,0.0
2025-11-04 03:00:00,1.3147,1.31624,1.31365,1.3138,0.0
2025-11-04 07:00:00,1.31392,1.31442,1.31351,1.31351,0.0
2025-11-04 11:00:00,1.31315,1.31335,1.31187,1.31282,0.0
2025-11-04 15:00:00,1.31282,1.31389,1.31177,1.31215,0.0
2025-11-04 19:00:00,1.31204,1.31204,1.30579,1.30588,0.0
2025-11-04 23:00:00,1.30603,1.30685,1.30346,1.30461,0.0
2025-11-05 03:00:00,1.30482,1.30521,1.30144,1.30152,0.0
2025-11-05 07:00:00,1.30137,1.30314,1.30112,1.30217,0.0
2025-11-05 11:00:00,1.30213,1.30242,1.30112,1.30205,0.0
2025-11-05 15:00:00,1.30219,1.3031,1.30203,1.30278,0.0
2025-11-05 19:00:00,1.30283,1.30516,1.30125,1.30354,0.0
2025-11-05 23:00:00,1.30383,1.30465,1.30147,1.30419,0.0
2025-11-06 03:00:00,1.30417,1.30494,1.30324,1.30456,0.0
2025-11-06 07:00:00,1.30477,1.30548,1.30465,1.30528,0.0
2025-11-06 11:00:00,1.30518,1.30651,1.30513,1.30639,0.0
2025-11-06 15:00:00,1.3064,1.30717,1.30538,1.30634,0.0
2025-11-06 19:00:00,1.3063,1.30955,1.30601,1.30923,0.0
2025-11-06 23:00:00,1.307,1.31244,1.30623,1.31026,0.0
2025-11-07 03:00:00,1.31022,1.31427,1.30979,1.31327,0.0
2025-11-07 07:00:00,1.31346,1.3142,1.31294,1.31403,0.0
2025-11-07 11:00:00,1.31397,1.31416,1.31158,1.31192,0.0
2025-11-07 15:00:00,1.31187,1.31254,1.31139,1.31254,0.0
2025-11-07 19:00:00,1.31247,1.31266,1.3096,1.31216,0.0
2025-11-07 23:00:00,1.31199,1.31737,1.31103,1.3152,0.0
2025-11-08 03:00:00,1.31532,1.31751,1.31532,1.31582,0.0
2025-11-08 07:00:00,1.31581,1.31679,1.31544,1.31647,0.0
2025-11-10 07:00:00,1.31545,1.3161,1.31412,1.31462,0.0
2025-11-10 11:00:00,1.31418,1.31551,1.31382,1.3147,0.0
2025-11-10 15:00:00,1.31473,1.31667,1.31406,1.31595,0.0
2025-11-10 19:00:00,1.31577,1.31836,1.31527,1.31773,0.0
2025-11-10 23:00:00,1.31773,1.31912,1.31484,1.31484,0.0
2025-11-11 03:00:00,1.31486,1.31851,1.31486,1.31815,0.0
2025-11-11 07:00:00,1.31803,1.31848,1.31726,1.3173,0.0
2025-11-11 11:00:00,1.31728,1.31752,1.31586,1.31695,0.0
2025-11-11 15:00:00,1.31688,1.31723,1.31222,1.31251,0.0
2025-11-11 19:00:00,1.31277,1.31522,1.31179,1.31496,0.0
2025-11-11 23:00:00,1.31487,1.31844,1.31397,1.31764,0.0
2025-11-12 03:00:00,1.31737,1.31792,1.31659,1.31669,0.0
2025-11-12 07:00:00,1.31673,1.31707,1.31482,1.31532,0.0
2025-11-12 11:00:00,1.31529,1.3153,1.31359,1.31413,0.0
2025-11-12 15:00:00,1.31406,1.31491,1.31292,1.31447,0.0
2025-11-12 19:00:00,1.31473,1.31553,1.31115,1.31365,0.0
2025-11-12 23:00:00,1.31382,1.31382,1.30858,1.31315,0.0
2025-11-13 03:00:00,1.31325,1.31444,1.31287,1.31287,0.0
2025-11-13 07:00:00,1.3129,1.31346,1.31247,1.31282,0.0
2025-11-13 11:00:00,1.31285,1.31285,1.31115,1.31263,0.0
2025-11-13 15:00:00,1.31265,1.31441,1.3105,1.31434,0.0
2025-11-13 19:00:00,1.31416,1.31693,1.3132,1.3147,0.0
2025-11-13 23:00:00,1.31486,1.31989,1.31482,1.31989,0.0
2025-11-14 03:00:00,1.31985,1.32148,1.31916,1.31916,0.0
2025-11-14 07:00:00,1.319,1.32004,1.31375,1.31518,0.0
2025-11-14 11:00:00,1.31534,1.31619,1.31363,1.31454,0.0
2025-11-14 15:00:00,1.31458,1.31584,1.31275,1.31496,0.0
2025-11-14 19:00:00,1.31446,1.31903,1.31099,1.31397,0.0
2025-11-14 23:00:00,1.31396,1.31797,1.31261,1.3137,0.0
2025-11-15 03:00:00,1.31408,1.31673,1.31406,1.31667,0.0
2025-11-15 07:00:00,1.3166,1.31749,1.31633,1.31747,0.0
2025-11-17 07:00:00,1.31544,1.31607,1.31526,1.31607,0.0
2025-11-17 11:00:00,1.31593,1.31652,1.31427,1.31454,0.0
2025-11-17 15:00:00,1.31456,1.31759,1.31375,1.31752,0.0
2025-11-17 19:00:00,1.31754,1.3181,1.31524,1.31794,0.0
2025-11-17 23:00:00,1.31778,1.3193,1.31624,1.31782,0.0
2025-11-18 03:00:00,1.31777,1.31799,1.31461,1.31461,0.0
2025-11-18 07:00:00,1.31458,1.31657,1.31458,1.31548,0.0
2025-11-18 11:00:00,1.31548,1.31556,1.31454,1.31487,0.0
2025-11-18 15:00:00,1.31492,1.31647,1.3146,1.3152,0.0
2025-11-18 19:00:00,1.31506,1.31763,1.31385,1.31404,0.0
2025-11-18 23:00:00,1.31382,1.31716,1.31356,1.31447,0.0
2025-11-19 03:00:00,1.31451,1.31572,1.3137,1.31553,0.0
2025-11-19 07:00:00,1.31556,1.3157,1.31435,1.31479,0.0
2025-11-19 11:00:00,1.31475,1.31492,1.31297,1.31396,0.0
2025-11-19 15:00:00,1.31403,1.31539,1.31335,1.31429,0.0
2025-11-19 19:00:00,1.31463,1.31475,1.30977,1.31259,0.0
2025-11-19 23:00:00,1.31299,1.31299,1.30726,1.30798,0.0
2025-11-20 03:00:00,1.30801,1.30854,1.30451,1.30451,0.0
2025-11-20 07:00:00,1.3047,1.3063,1.30453,1.30603,0.0
2025-11-20 11:00:00,1.30596,1.30596,1.30395,1.30468,0.0
2025-11-20 15:00:00,1.30467,1.30697,1.30455,1.30695,0.0
2025-11-20 19:00:00,1.30705,1.30849,1.30611,1.30664,0.0
2025-11-20 23:00:00,1.30654,1.31234,1.30572,1.30941,0.0
2025-11-21 03:00:00,1.30945,1.31031,1.30666,1.30876,0.0
2025-11-21 07:00:00,1.30864,1.30868,1.30685,1.30851,0.0
2025-11-21 11:00:00,1.30832,1.30885,1.30757,1.30875,0.0
2025-11-21 15:00:00,1.30873,1.30972,1.30729,1.30825,0.0
2025-11-21 19:00:00,1.30787,1.31027,1.30438,1.30461,0.0
2025-11-21 23:00:00,1.30473,1.30964,1.304,1.30851,0.0
2025-11-22 03:00:00,1.30846,1.31098,1.30751,1.31029,0.0
2025-11-22 07:00:00,1.31031,1.31084,1.30991,1.30991,0.0
2025-11-24 07:00:00,1.3097,1.30976,1.3097,1.30975,0.0
2025-11-24 11:00:00,1.30964,1.31026,1.30861,1.30984,0.0
2025-11-24 15:00:00,1.30983,1.31108,1.30905,1.30911,0.0
2025-11-24 19:00:00,1.30926,1.31101,1.30893,1.30921,0.0
2025-11-24 23:00:00,1.30911,1.31175,1.30815,1.30976,0.0
2025-11-25 03:00:00,1.30983,1.31158,1.30863,1.31104,0.0
2025-11-25 07:00:00,1.31101,1.31117,1.31026,1.31056,0.0
2025-11-25 11:00:00,1.31055,1.31162,1.30996,1.31008,0.0
2025-11-25 15:00:00,1.31007,1.31298,1.30952,1.3118,0.0
2025-11-25 19:00:00,1.31182,1.31415,1.31097,1.3111,0.0
2025-11-25 23:00:00,1.31109,1.31955,1.31099,1.31776,0.0
2025-11-26 03:00:00,1.31774,1.32142,1.31704,1.32133,0.0
2025-11-26 07:00:00,1.32131,1.32152,1.31556,1.31585,0.0
2025-11-26 11:00:00,1.31585,1.31974,1.31584,1.31966,0.0
2025-11-26 15:00:00,1.31967,1.3199,1.31679,1.31768,0.0
2025-11-26 19:00:00,1.3177,1.3192,1.31507,1.3179,0.0
2025-11-26 23:00:00,1.3179,1.32336,1.31302,1.32265,0.0
2025-11-27 03:00:00,1.32262,1.32372,1.32175,1.32353,0.0
2025-11-27 07:00:00,1.3235,1.32482,1.32323,1.32449,0.0
2025-11-27 11:00:00,1.32448,1.32627,1.32442,1.32569,0.0
2025-11-27 15:00:00,1.32569,1.32697,1.32306,1.32379,0.0
2025-11-27 19:00:00,1.32381,1.32444,1.321,1.32313,0.0
2025-11-27 23:00:00,1.32312,1.32513,1.3226,1.32506,0.0
2025-11-28 03:00:00,1.32501,1.32553,1.32305,1.32378,0.0
2025-11-28 07:00:00,1.32376,1.32418,1.32338,1.32407,0.0
2025-11-28 11:00:00,1.32406,1.32449,1.32287,1.32408,0.0
2025-11-28 15:00:00,1.32409,1.32429,1.32117,1.32126,0.0
2025-11-28 19:00:00,1.32126,1.32288,1.32023,1.3205,0.0
2025-11-28 23:00:00,1.32049,1.32514,1.3202,1.32493,0.0
2025-11-29 03:00:00,1.32489,1.32498,1.32278,1.32448,0.0
2025-11-29 07:00:00,1.32445,1.32478,1.32337,1.32349,0.0
2025-12-01 07:00:00,1.32271,1.32483,1.32261,1.32393,0.0
2025-12-01 11:00:00,1.32393,1.32463,1.32227,1.32303,0.0
2025-12-01 15:00:00,1.32304,1.32344,1.3211,1.3223,0.0
2025-12-01 19:00:00,1.3223,1.32369,1.32064,1.32325,0.0
2025-12-01 23:00:00,1.32322,1.32746,1.32321,1.32534,0.0
2025-12-02 03:00:00,1.32531,1.32537,1.32091,1.32111,0.0
2025-12-02 07:00:00,1.32109,1.32188,1.32083,1.32091,0.0
2025-12-02 11:00:00,1.32091,1.32184,1.32032,1.32177,0.0
2025-12-02 15:00:00,1.32178,1.3222,1.32079,1.32158,0.0
2025-12-02 19:00:00,1.32158,1.32206,1.31821,1.32006,0.0
2025-12-02 23:00:00,1.32006,1.32132,1.31864,1.32022,0.0
2025-12-03 03:00:00,1.32018,1.32121,1.31793,1.32121,0.0
2025-12-03 07:00:00,1.32119,1.32216,1.32003,1.32191,0.0
2025-12-03 11:00:00,1.32191,1.32326,1.3219,1.32292,0.0
2025-12-03 15:00:00,1.32293,1.32528,1.32277,1.32424,0.0
2025-12-03 19:00:00,1.32424,1.32953,1.32384,1.32941,0.0
2025-12-03 23:00:00,1.32937,1.33312,1.32933,1.33293,0.0
2025-12-04 03:00:00,1.33288,1.33549,1.33288,1.33519,0.0
2025-12-04 07:00:00,1.33517,1.33546,1.33427,1.33482,0.0
2025-12-04 11:00:00,1.33482,1.33485,1.33276,1.33319,0.0
2025-12-04 15:00:00,1.3332,1.33406,1.33299,1.33376,0.0
2025-12-04 19:00:00,1.33374,1.3363,1.33349,1.33607,0.0
2025-12-04 23:00:00,1.33606,1.33835,1.33226,1.33734,0.0
2025-12-05 03:00:00,1.3373,1.33744,1.33369,1.33406,0.0
2025-12-05 07:00:00,1.33406,1.33407,1.33212,1.33219,0.0
2025-12-05 11:00:00,1.33223,1.33344,1.33218,1.33274,0.0
2025-12-05 15:00:00,1.33274,1.33613,1.33273,1.33539,0.0
2025-12-05 19:00:00,1.33537,1.33593,1.33292,1.33396,0.0
2025-12-05 23:00:00,1.3339,1.33593,1.33385,1.33419,0.0
2025-12-06 03:00:00,1.33415,1.33438,1.33167,1.33344,0.0
2025-12-06 07:00:00,1.33344,1.33375,1.33267,1.33329,0.0
2025-12-08 07:00:00,1.3327,1.33312,1.33237,1.3325,0.0
2025-12-08 11:00:00,1.33253,1.33428,1.33232,1.33371,0.0
2025-12-08 15:00:00,1.33371,1.3346,1.33252,1.33273,0.0
2025-12-08 19:00:00,1.3327,1.33327,1.33162,1.33213,0.0
2025-12-08 23:00:00,1.33214,1.33386,1.33073,1.33124,0.0
2025-12-09 03:00:00,1.33123,1.33305,1.33094,1.33267,0.0
2025-12-09 07:00:00,1.33267,1.33289,1.33188,1.33262,0.0
2025-12-09 11:00:00,1.33265,1.33349,1.33198,1.33289,0.0
2025-12-09 15:00:00,1.33289,1.33375,1.33247,1.33294,0.0
2025-12-09 19:00:00,1.33291,1.3355,1.33256,1.33291,0.0
2025-12-09 23:00:00,1.33286,1.33299,1.32897,1.32961,0.0
2025-12-10 03:00:00,1.32958,1.33192,1.32931,1.33017,0.0
2025-12-10 07:00:00,1.33018,1.33065,1.32971,1.33029,0.0
2025-12-10 11:00:00,1.3303,1.33055,1.32971,1.3303,0.0
2025-12-10 15:00:00,1.33031,1.33264,1.3303,1.33251,0.0
2025-12-10 19:00:00,1.33249,1.33271,1.33015,1.33111,0.0
2025-12-10 23:00:00,1.33109,1.33363,1.33032,1.33207,0.0
2025-12-11 03:00:00,1.33205,1.33671,1.33163,1.33641,0.0
2025-12-11 07:00:00,1.33641,1.33916,1.3361,1.33884,0.0
2025-12-11 11:00:00,1.33883,1.33924,1.33669,1.3368,0.0
2025-12-11 15:00:00,1.33679,1.33793,1.33595,1.3371,0.0
2025-12-11 19:00:00,1.33707,1.33874,1.33559,1.3387,0.0
2025-12-11 23:00:00,1.3387,1.3435,1.33788,1.34346,0.0
2025-12-12 03:00:00,1.34345,1.34369,1.33899,1.33903,0.0
2025-12-12 07:00:00,1.33903,1.3396,1.33838,1.33921,0.0
2025-12-12 11:00:00,1.33925,1.34001,1.33895,1.33912,0.0
2025-12-12 15:00:00,1.3391,1.3399,1.33778,1.33862,0.0
2025-12-12 19:00:00,1.33861,1.33881,1.33676,1.33759,0.0
2025-12-12 23:00:00,1.33759,1.33832,1.33535,1.33547,0.0
2025-12-13 03:00:00,1.33543,1.33766,1.33438,1.3366,0.0
2025-12-13 07:00:00,1.33663,1.33751,1.33644,1.33717,0.0
2025-12-15 07:00:00,1.33781,1.33807,1.33625,1.33674,0.0
2025-12-15 11:00:00,1.33675,1.33747,1.33564,1.33574,0.0
2025-12-15 15:00:00,1.33573,1.33704,1.33547,1.3364,0.0
2025-12-15 19:00:00,1.33637,1.33895,1.33621,1.3385,0.0
2025-12-15 23:00:00,1.33848,1.34012,1.33832,1.33932,0.0
2025-12-16 03:00:00,1.33931,1.33942,1.336,1.33725,0.0
2025-12-16 07:00:00,1.33726,1.33812,1.33702,1.33796,0.0
2025-12-16 11:00:00,1.33798,1.33835,1.33616,1.33659,0.0
2025-12-16 15:00:00,1.33658,1.33778,1.33565,1.3375,0.0
2025-12-16 19:00:00,1.33745,1.34329,1.33745,1.34308,0.0
2025-12-16 23:00:00,1.34305,1.34523,1.34064,1.34128,0.0
2025-12-17 03:00:00,1.34127,1.34369,1.34039,1.34262,0.0
2025-12-17 07:00:00,1.34264,1.34356,1.34206,1.34248,0.0
2025-12-17 11:00:00,1.34249,1.3426,1.34069,1.341,0.0
2025-12-17 15:00:00,1.34098,1.34101,1.3314,1.33219,0.0
2025-12-17 19:00:00,1.33212,1.33367,1.33116,1.33287,0.0
2025-12-17 23:00:00,1.33287,1.33917,1.33266,1.33898,0.0
2025-12-18 03:00:00,1.33895,1.34038,1.33734,1.33768,0.0
2025-12-18 07:00:00,1.3377,1.33844,1.33724,1.33739,0.0
2025-12-18 11:00:00,1.33739,1.33785,1.33623,1.33652,0.0
2025-12-18 15:00:00,1.3365,1.33752,1.33616,1.33683,0.0
2025-12-18 19:00:00,1.33681,1.33728,1.33422,1.3356,0.0
2025-12-18 23:00:00,1.33541,1.34436,1.33541,1.3394,0.0
2025-12-19 03:00:00,1.3394,1.34048,1.33711,1.33854,0.0
2025-12-19 07:00:00,1.33855,1.339,1.33773,1.33844,0.0
2025-12-19 11:00:00,1.33843,1.33865,1.33753,1.33779,0.0
2025-12-19 15:00:00,1.33777,1.33847,1.3364,1.33656,0.0
2025-12-19 19:00:00,1.33651,1.33863,1.33651,1.33736,0.0
2025-12-19 23:00:00,1.33735,1.33868,1.33578,1.33617,0.0
2025-12-20 03:00:00,1.33617,1.33913,1.33615,1.33902,0.0
2025-12-20 07:00:00,1.33904,1.3394,1.3373,1.33761,0.0
2025-12-22 07:00:00,1.33837,1.33859,1.33755,1.33781,0.0
2025-12-22 11:00:00,1.33782,1.34002,1.3378,1.33937,0.0
2025-12-22 15:00:00,1.33935,1.3419,1.33919,1.34146,0.0
2025-12-22 19:00:00,1.34144,1.34428,1.341,1.3437,0.0
2025-12-22 23:00:00,1.34366,1.34581,1.34277,1.34548,0.0
2025-12-23 03:00:00,1.34548,1.34784,1.34472,1.34586,0.0
2025-12-23 07:00:00,1.34583,1.34696,1.34546,1.3469,0.0
2025-12-23 11:00:00,1.3469,1.34894,1.34682,1.34893,0.0
2025-12-23 15:00:00,1.34891,1.35023,1.34806,1.35003,0.0
2025-12-23 19:00:00,1.35,1.35192,1.34958,1.35045,0.0
2025-12-23 23:00:00,1.35045,1.35114,1.34749,1.3479,0.0
2025-12-24 03:00:00,1.34792,1.34975,1.34717,1.34965,0.0
2025-12-24 07:00:00,1.34965,1.35244,1.34952,1.35133,0.0
2025-12-24 11:00:00,1.35133,1.35345,1.35077,1.35168,0.0
2025-12-24 15:00:00,1.35167,1.35239,1.35101,1.35113,0.0
2025-12-24 19:00:00,1.35107,1.35275,1.35036,1.35146,0.0
2025-12-24 23:00:00,1.35146,1.35149,1.35019,1.35023,0.0
2025-12-25 23:00:00,1.35232,1.3528,1.34976,1.35071,0.0
2025-12-26 03:00:00,1.35075,1.35347,1.3496,1.35207,0.0
2025-12-26 07:00:00,1.35207,1.35293,1.35017,1.35083,0.0
2025-12-26 11:00:00,1.35081,1.35227,1.35052,1.35066,0.0
2025-12-26 15:00:00,1.35063,1.35077,1.34814,1.34829,0.0
2025-12-26 19:00:00,1.34827,1.34978,1.34782,1.34941,0.0
2025-12-26 23:00:00,1.3494,1.35266,1.34896,1.35075,0.0
2025-12-27 03:00:00,1.35075,1.35075,1.34827,1.34975,0.0
2025-12-27 07:00:00,1.3498,1.35065,1.34925,1.3499,0.0
2025-12-29 07:00:00,1.34919,1.35021,1.34906,1.34965,0.0
2025-12-29 11:00:00,1.34965,1.35121,1.34965,1.35076,0.0
2025-12-29 15:00:00,1.35074,1.35078,1.34832,1.34862,0.0
2025-12-29 19:00:00,1.34861,1.35096,1.3473,1.34919,0.0
2025-12-29 23:00:00,1.34921,1.35122,1.34697,1.34988,0.0
2025-12-30 03:00:00,1.34989,1.35077,1.34832,1.35069,0.0
2025-12-30 07:00:00,1.3507,1.35154,1.35023,1.35094,0.0
2025-12-30 11:00:00,1.35092,1.35122,1.34987,1.3506,0.0
2025-12-30 15:00:00,1.35057,1.35216,1.35002,1.35062,0.0
2025-12-30 19:00:00,1.35059,1.35301,1.35039,1.3505,0.0
2025-12-30 23:00:00,1.3505,1.35074,1.3451,1.34725,0.0
2025-12-31 03:00:00,1.34727,1.34844,1.34621,1.34648,0.0
2025-12-31 07:00:00,1.34651,1.3472,1.3462,1.34667,0.0
2025-12-31 11:00:00,1.34665,1.34676,1.34591,1.34648,0.0
2025-12-31 15:00:00,1.34645,1.34651,1.34527,1.34579,0.0
2025-12-31 19:00:00,1.34577,1.34662,1.34263,1.34542,0.0
2025-12-31 23:00:00,1.34541,1.34683,1.34478,1.34669,0.0
2026-01-01 23:00:00,1.34754,1.34798,1.3471,1.34783,0.0
2026-01-02 03:00:00,1.34778,1.34825,1.3424,1.34584,0.0
2026-01-02 07:00:00,1.3458,1.34754,1.34482,1.34736,0.0
2026-01-02 11:00:00,1.34734,1.34914,1.34717,1.34871,0.0
2026-01-02 15:00:00,1.34868,1.34875,1.34568,1.34658,0.0
2026-01-02 19:00:00,1.34659,1.34682,1.34347,1.34394,0.0
2026-01-02 23:00:00,1.34395,1.35017,1.34376,1.34992,0.0
2026-01-03 03:00:00,1.3499,1.34991,1.34455,1.34552,0.0
2026-01-03 07:00:00,1.34552,1.3467,1.34507,1.34596,0.0
2026-01-05 07:00:00,1.34553,1.346,1.34354,1.3439,0.0
2026-01-05 11:00:00,1.34387,1.34487,1.34143,1.34172,0.0
2026-01-05 15:00:00,1.34171,1.34376,1.34144,1.34226,0.0
2026-01-05 19:00:00,1.34222,1.34706,1.34202,1.34601,0.0
2026-01-05 23:00:00,1.34601,1.35031,1.34263,1.35018,0.0
2026-01-06 03:00:00,1.3502,1.35459,1.35017,1.3544,0.0
2026-01-06 07:00:00,1.35438,1.35506,1.35327,1.3533,0.0
2026-01-06 11:00:00,1.35326,1.35625,1.35288,1.35588,0.0
2026-01-06 15:00:00,1.35584,1.3568,1.35461,1.35487,0.0
2026-01-06 19:00:00,1.35484,1.35664,1.35181,1.352,0.0
2026-01-06 23:00:00,1.35202,1.35357,1.34959,1.35011,0.0
2026-01-07 03:00:00,1.35022,1.35122,1.34918,1.35002,0.0
2026-01-07 07:00:00,1.35003,1.35059,1.34962,1.35003,0.0
2026-01-07 11:00:00,1.34999,1.35171,1.34991,1.35153,0.0
2026-01-07 15:00:00,1.35151,1.35173,1.34922,1.34944,0.0
2026-01-07 19:00:00,1.34946,1.35053,1.34858,1.34999,0.0
2026-01-07 23:00:00,1.35,1.35023,1.34748,1.34759,0.0
2026-01-08 03:00:00,1.34763,1.34848,1.34622,1.34662,0.0
2026-01-08 07:00:00,1.34659,1.34677,1.34561,1.34584,0.0
2026-01-08 11:00:00,1.3458,1.34658,1.34512,1.34638,0.0
2026-01-08 15:00:00,1.34636,1.34641,1.34476,1.34476,0.0
2026-01-08 19:00:00,1.34477,1.34513,1.34327,1.34463,0.0
2026-01-08 23:00:00,1.34462,1.34474,1.34172,1.344,0.0
2026-01-09 03:00:00,1.34404,1.3443,1.34201,1.34298,0.0
2026-01-09 07:00:00,1.34298,1.34452,1.34298,1.34361,0.0
2026-01-09 11:00:00,1.34359,1.34376,1.34248,1.34373,0.0
2026-01-09 15:00:00,1.3437,1.34381,1.34154,1.34273,0.0
2026-01-09 19:00:00,1.34272,1.34344,1.34037,1.34129,0.0
2026-01-09 23:00:00,1.3413,1.34483,1.3394,1.34141,0.0
2026-01-10 03:00:00,1.34144,1.34204,1.33998,1.34072,0.0
2026-01-10 07:00:00,1.34071,1.34122,1.33982,1.3407,0.0
2026-01-10 11:00:00,1.34067,1.34073,1.33986,1.33991,0.0
2026-01-10 15:00:00,1.33989,1.34052,1.33986,1.33999,0.0
2026-01-10 19:00:00,1.33999,1.34073,1.33984,1.34064,0.0
2026-01-10 23:00:00,1.34065,1.34074,1.34064,1.34068,0.0
2026-01-11 03:00:00,1.34068,1.34116,1.3406,1.34087,0.0
2026-01-11 07:00:00,1.34086,1.34108,1.34072,1.34083,0.0
2026-01-11 11:00:00,1.3408,1.34086,1.34016,1.34058,0.0
2026-01-11 15:00:00,1.34056,1.34065,1.34052,1.3406,0.0
2026-01-11 19:00:00,1.34059,1.34075,1.34053,1.34068,0.0
2026-01-11 23:00:00,1.34069,1.34082,1.34003,1.34014,0.0
2026-01-12 03:00:00,1.34015,1.34099,1.3396,1.3403,0.0
2026-01-12 07:00:00,1.34028,1.3409,1.33922,1.33939,0.0
2026-01-12 11:00:00,1.33935,1.34405,1.33918,1.34217,0.0
2026-01-12 15:00:00,1.34216,1.34474,1.34166,1.34441,0.0
2026-01-12 19:00:00,1.34441,1.3474,1.34441,1.34591,0.0
2026-01-12 23:00:00,1.34593,1.34886,1.3459,1.34759,0.0
2026-01-13 03:00:00,1.34759,1.34764,1.34571,1.34667,0.0
2026-01-13 07:00:00,1.34665,1.34703,1.34621,1.34663,0.0
2026-01-13 11:00:00,1.3466,1.34787,1.34626,1.34708,0.0
2026-01-13 15:00:00,1.34706,1.34776,1.34632,1.3468,0.0
2026-01-13 19:00:00,1.34681,1.34852,1.34636,1.34711,0.0
2026-01-13 23:00:00,1.34713,1.3493,1.34364,1.34382,0.0
2026-01-14 03:00:00,1.34391,1.34483,1.34253,1.34357,0.0
2026-01-14 07:00:00,1.34355,1.34374,1.34214,1.34265,0.0
2026-01-14 11:00:00,1.34262,1.34483,1.34198,1.34455,0.0
2026-01-14 15:00:00,1.34453,1.34494,1.34349,1.3439,0.0
2026-01-14 19:00:00,1.3439,1.34585,1.34368,1.3449,0.0
2026-01-14 23:00:00,1.34496,1.3466,1.34402,1.34557,0.0
2026-01-15 03:00:00,1.34557,1.3457,1.34253,1.34313,0.0
2026-01-15 07:00:00,1.3431,1.34466,1.34308,1.34413,0.0
2026-01-15 11:00:00,1.34411,1.34415,1.34262,1.34274,0.0
2026-01-15 15:00:00,1.34271,1.34427,1.34235,1.3434,0.0
2026-01-15 19:00:00,1.34341,1.34461,1.34174,1.34183,0.0
2026-01-15 23:00:00,1.34184,1.34208,1.33632,1.33853,0.0
2026-01-16 03:00:00,1.33854,1.33936,1.33808,1.33854,0.0
2026-01-16 07:00:00,1.33851,1.33864,1.33737,1.33816,0.0
2026-01-16 11:00:00,1.33812,1.33907,1.3372,1.33906,0.0
2026-01-16 15:00:00,1.33904,1.33921,1.33777,1.33898,0.0
2026-01-16 19:00:00,1.33899,1.34125,1.33899,1.34077,0.0
2026-01-16 23:00:00,1.34079,1.34092,1.33677,1.33775,0.0
2026-01-17 03:00:00,1.33777,1.33901,1.33734,1.33816,0.0
2026-01-17 07:00:00,1.33813,1.33896,1.33601,1.3378,0.0
2026-01-17 11:00:00,1.33793,1.33793,1.33424,1.33441,0.0
2026-01-17 15:00:00,1.3344,1.33816,1.33422,1.33805,0.0
2026-01-17 19:00:00,1.33805,1.33826,1.3379,1.33805,0.0
2026-01-17 23:00:00,1.33806,1.33825,1.3358,1.33773,0.0
2026-01-18 03:00:00,1.33772,1.33816,1.33771,1.33802,0.0
2026-01-18 07:00:00,1.33799,1.33816,1.3367,1.33793,0.0
2026-01-18 11:00:00,1.3379,1.33817,1.33786,1.33789,0.0
2026-01-18 15:00:00,1.33788,1.33818,1.33787,1.33811,0.0
2026-01-18 19:00:00,1.33812,1.33818,1.33791,1.33805,0.0
2026-01-18 23:00:00,1.33806,1.33841,1.33382,1.33509,0.0
2026-01-19 03:00:00,1.33509,1.33864,1.33259,1.33546,0.0
2026-01-19 07:00:00,1.33546,1.34043,1.33419,1.34031,0.0
2026-01-19 11:00:00,1.34029,1.34081,1.33801,1.33892,0.0
2026-01-19 15:00:00,1.33891,1.34095,1.33843,1.33888,0.0
2026-01-19 19:00:00,1.33889,1.34139,1.33886,1.34087,0.0
2026-01-19 23:00:00,1.34085,1.34283,1.34057,1.34218,0.0
2026-01-20 03:00:00,1.34218,1.34348,1.34211,1.34265,0.0
2026-01-20 07:00:00,1.34262,1.34291,1.34169,1.34191,0.0
2026-01-20 11:00:00,1.34188,1.34398,1.34104,1.34358,0.0
2026-01-20 15:00:00,1.34357,1.34808,1.34261,1.34751,0.0
2026-01-20 19:00:00,1.34753,1.34909,1.34603,1.34635,0.0
2026-01-20 23:00:00,1.34637,1.34774,1.34413,1.34595,0.0
2026-01-21 03:00:00,1.34592,1.34753,1.34281,1.34281,0.0
2026-01-21 07:00:00,1.34276,1.34494,1.34244,1.34405,0.0
2026-01-21 11:00:00,1.34404,1.34566,1.34336,1.344,0.0
2026-01-21 15:00:00,1.34399,1.34469,1.34329,1.34432,0.0
2026-01-21 19:00:00,1.34432,1.34471,1.34025,1.34097,0.0
2026-01-21 23:00:00,1.34095,1.34566,1.34024,1.34283,0.0
2026-01-22 03:00:00,1.34281,1.3441,1.34107,1.34253,0.0
2026-01-22 07:00:00,1.3425,1.34331,1.34129,1.34188,0.0
2026-01-22 11:00:00,1.34186,1.3435,1.34181,1.34325,0.0
2026-01-22 15:00:00,1.34324,1.34395,1.34211,1.34338,0.0
2026-01-22 19:00:00,1.34337,1.34528,1.34092,1.34228,0.0
2026-01-22 23:00:00,1.34225,1.34834,1.3414,1.34779,0.0
2026-01-23 03:00:00,1.34777,1.35025,1.34769,1.34911,0.0
2026-01-23 07:00:00,1.34909,1.3508,1.3487,1.35,0.0
2026-01-23 11:00:00,1.34997,1.35038,1.34894,1.34908,0.0
2026-01-23 15:00:00,1.34908,1.35043,1.34837,1.34935,0.0
2026-01-23 19:00:00,1.34935,1.35369,1.3484,1.35168,0.0
2026-01-23 23:00:00,1.35173,1.35691,1.35167,1.35642,0.0
2026-01-24 03:00:00,1.35639,1.36276,1.35608,1.3625,0.0
2026-01-24 07:00:00,1.36251,1.3649,1.35869,1.36454,0.0
2026-01-24 11:00:00,1.36458,1.36487,1.36312,1.36481,0.0
2026-01-24 15:00:00,1.36481,1.36487,1.36452,1.36479,0.0
2026-01-24 19:00:00,1.3648,1.36487,1.36428,1.36479,0.0
2026-01-24 23:00:00,1.3648,1.36487,1.36419,1.36433,0.0
2026-01-25 03:00:00,1.36431,1.36442,1.36191,1.36284,0.0
2026-01-25 07:00:00,1.36281,1.36367,1.36106,1.36346,0.0
2026-01-25 11:00:00,1.36344,1.36436,1.36328,1.36423,0.0
2026-01-25 15:00:00,1.36423,1.36445,1.36408,1.36438,0.0
2026-01-25 19:00:00,1.36439,1.36472,1.36043,1.36248,0.0
2026-01-25 23:00:00,1.36248,1.36436,1.35945,1.36432,0.0
2026-01-26 03:00:00,1.3643,1.36557,1.36112,1.36472,0.0
2026-01-26 07:00:00,1.36469,1.36901,1.36354,1.36642,0.0
2026-01-26 11:00:00,1.36644,1.368,1.36434,1.36599,0.0
2026-01-26 15:00:00,1.36599,1.36766,1.36454,1.36462,0.0
2026-01-26 19:00:00,1.36466,1.36767,1.36442,1.36671,0.0
2026-01-26 23:00:00,1.3667,1.37114,1.36442,1.37087,0.0
2026-01-27 03:00:00,1.37085,1.37132,1.36753,1.36823,0.0
2026-01-27 07:00:00,1.3682,1.36862,1.36748,1.36761,0.0
2026-01-27 11:00:00,1.3676,1.37008,1.36707,1.36835,0.0
2026-01-27 15:00:00,1.36835,1.36905,1.36705,1.36738,0.0
2026-01-27 19:00:00,1.36741,1.37117,1.36641,1.37117,0.0
2026-01-27 23:00:00,1.37114,1.37904,1.37096,1.37512,0.0
2026-01-28 03:00:00,1.3751,1.37908,1.3751,1.3784,0.0
2026-01-28 07:00:00,1.37838,1.38621,1.37787,1.38261,0.0
2026-01-28 11:00:00,1.38259,1.38292,1.37918,1.37991,0.0
2026-01-28 15:00:00,1.37991,1.38312,1.37896,1.37998,0.0
2026-01-28 19:00:00,1.37997,1.3809,1.37702,1.37712,0.0
2026-01-28 23:00:00,1.37711,1.37997,1.37527,1.37882,0.0
2026-01-29 03:00:00,1.3788,1.37959,1.37561,1.37948,0.0
2026-01-29 07:00:00,1.37946,1.38298,1.37883,1.38241,0.0
2026-01-29 11:00:00,1.38238,1.38334,1.37944,1.38321,0.0
2026-01-29 15:00:00,1.38322,1.3846,1.3826,1.38316,0.0
2026-01-29 19:00:00,1.38321,1.38464,1.37821,1.37937,0.0
2026-01-29 23:00:00,1.37937,1.38348,1.37452,1.37644,0.0
2026-01-30 03:00:00,1.37642,1.38067,1.37636,1.37954,0.0
2026-01-30 07:00:00,1.37954,1.3814,1.37904,1.3807,0.0
2026-01-30 11:00:00,1.38067,1.38145,1.37317,1.37547,0.0
2026-01-30 15:00:00,1.37548,1.37847,1.37424,1.37715,0.0
2026-01-30 19:00:00,1.37713,1.37798,1.3724,1.37782,0.0
2026-01-30 23:00:00,1.37785,1.37878,1.37167,1.37219,0.0
2026-01-31 03:00:00,1.37216,1.37277,1.36803,1.36976,0.0
2026-01-31 07:00:00,1.36972,1.37317,1.36792,1.36892,0.0
2026-01-31 11:00:00,1.36892,1.36895,1.36836,1.3684,0.0
2026-01-31 15:00:00,1.3684,1.37151,1.36837,1.36845,0.0
2026-01-31 19:00:00,1.36845,1.36878,1.36836,1.36842,0.0
2026-01-31 23:00:00,1.36841,1.36915,1.36836,1.3689,0.0
2026-02-01 03:00:00,1.36887,1.37003,1.36885,1.3693,0.0
2026-02-01 07:00:00,1.36927,1.37055,1.36926,1.36949,0.0
2026-02-01 11:00:00,1.36948,1.36954,1.36875,1.36895,0.0
2026-02-01 15:00:00,1.36895,1.36919,1.36876,1.36912,0.0
2026-02-01 19:00:00,1.36913,1.37046,1.36875,1.37041,0.0
2026-02-01 23:00:00,1.3704,1.37137,1.36859,1.36893,0.0
2026-02-02 03:00:00,1.3689,1.37229,1.36832,1.3704,0.0
2026-02-02 07:00:00,1.37035,1.37162,1.36615,1.36772,0.0
2026-02-02 11:00:00,1.36767,1.37047,1.36767,1.36845,0.0
2026-02-02 15:00:00,1.36845,1.36868,1.36625,1.36814,0.0
2026-02-02 19:00:00,1.36816,1.37142,1.36797,1.37007,0.0
2026-02-02 23:00:00,1.37006,1.37058,1.36267,1.36287,0.0
2026-02-03 03:00:00,1.36284,1.36629,1.36263,1.36611,0.0
2026-02-03 07:00:00,1.36615,1.3673,1.36548,1.36728,0.0
2026-02-03 11:00:00,1.36727,1.36886,1.36717,1.36865,0.0
2026-02-03 15:00:00,1.36865,1.37058,1.36839,1.36986,0.0
2026-02-03 19:00:00,1.36986,1.36991,1.36502,1.36533,0.0
2026-02-03 23:00:00,1.36531,1.37034,1.36527,1.37033,0.0
2026-02-04 03:00:00,1.37031,1.37067,1.36741,1.36889,0.0
2026-02-04 07:00:00,1.3689,1.37025,1.36846,1.3697,0.0
2026-02-04 11:00:00,1.36969,1.37123,1.36925,1.37044,0.0
2026-02-04 15:00:00,1.37045,1.37213,1.37037,1.37164,0.0
2026-02-04 19:00:00,1.37165,1.37322,1.3697,1.37094,0.0
2026-02-04 23:00:00,1.37093,1.37259,1.36647,1.36647,0.0
2026-02-05 03:00:00,1.36645,1.36732,1.36433,1.3663,0.0
2026-02-05 07:00:00,1.36626,1.36738,1.36439,1.3644,0.0
2026-02-05 11:00:00,1.36438,1.3654,1.36212,1.36245,0.0
2026-02-05 15:00:00,1.36246,1.3629,1.36064,1.36211,0.0
2026-02-05 19:00:00,1.36213,1.36326,1.35578,1.36133,0.0
2026-02-05 23:00:00,1.36107,1.36133,1.35235,1.35277,0.0
2026-02-06 03:00:00,1.35273,1.35572,1.35203,1.35493,0.0
2026-02-06 07:00:00,1.35494,1.35527,1.35212,1.35213,0.0
2026-02-06 11:00:00,1.35213,1.35501,1.35104,1.35469,0.0
2026-02-06 15:00:00,1.3547,1.35784,1.35467,1.35674,0.0
2026-02-06 19:00:00,1.35672,1.35918,1.35601,1.35851,0.0
2026-02-06 23:00:00,1.35849,1.36154,1.35817,1.36146,0.0
2026-02-07 03:00:00,1.36144,1.36242,1.36016,1.36161,0.0
2026-02-07 07:00:00,1.36157,1.36221,1.35962,1.36106,0.0
2026-02-07 11:00:00,1.36106,1.36138,1.361,1.36131,0.0
2026-02-07 15:00:00,1.36132,1.36137,1.36098,1.36104,0.0
2026-02-07 19:00:00,1.36103,1.36118,1.36098,1.36102,0.0
2026-02-07 23:00:00,1.361,1.36133,1.36098,1.36129,0.0
2026-02-08 03:00:00,1.36126,1.3614,1.36123,1.36134,0.0
2026-02-08 07:00:00,1.36132,1.36138,1.36125,1.36132,0.0
2026-02-08 19:00:00,1.3609,1.3609,1.3609,1.3609,0.0
2026-02-09 07:00:00,1.35983,1.3611,1.35878,1.36082,0.0
2026-02-09 11:00:00,1.3611,1.36199,1.35921,1.35993,0.0
2026-02-09 15:00:00,1.35995,1.36281,1.35905,1.36051,0.0
2026-02-09 19:00:00,1.36045,1.36429,1.35875,1.36405,0.0
2026-02-09 23:00:00,1.36396,1.36866,1.36256,1.36803,0.0
2026-02-10 03:00:00,1.36791,1.37018,1.36633,1.36962,0.0
2026-02-10 07:00:00,1.36957,1.37003,1.36825,1.36827,0.0
2026-02-10 11:00:00,1.36827,1.36966,1.36728,1.36854,0.0
2026-02-10 15:00:00,1.36856,1.36863,1.36681,1.36709,0.0
2026-02-10 19:00:00,1.36711,1.36848,1.36586,1.36637,0.0
2026-02-10 23:00:00,1.36635,1.36948,1.36544,1.36758,0.0
2026-02-11 03:00:00,1.36757,1.36761,1.3642,1.36562,0.0
2026-02-11 07:00:00,1.36559,1.36582,1.36313,1.3633,0.0
2026-02-11 11:00:00,1.36331,1.36676,1.36324,1.36646,0.0
2026-02-11 15:00:00,1.36648,1.3678,1.36581,1.36736,0.0
2026-02-11 19:00:00,1.36739,1.37135,1.36699,1.36921,0.0
2026-02-11 23:00:00,1.36919,1.36925,1.36156,1.36339,0.0
2026-02-12 03:00:00,1.36335,1.36672,1.36301,1.36332,0.0
2026-02-12 07:00:00,1.36329,1.36379,1.36188,1.36232,0.0
2026-02-12 11:00:00,1.36233,1.36418,1.36165,1.36317,0.0
2026-02-12 15:00:00,1.36318,1.36351,1.3606,1.3632,0.0
2026-02-12 19:00:00,1.36323,1.36534,1.36267,1.36501,0.0
2026-02-12 23:00:00,1.36499,1.36717,1.36232,1.3655,0.0
2026-02-13 03:00:00,1.36548,1.36557,1.36051,1.36244,0.0
2026-02-13 07:00:00,1.36243,1.36281,1.3616,1.36187,0.0
2026-02-13 11:00:00,1.36187,1.36236,1.36119,1.36153,0.0
2026-02-13 15:00:00,1.36154,1.36172,1.35919,1.36145,0.0
2026-02-13 19:00:00,1.36146,1.36293,1.36024,1.3603,0.0
2026-02-13 23:00:00,1.36027,1.36458,1.36007,1.36148,0.0
2026-02-14 03:00:00,1.36148,1.36619,1.36097,1.36436,0.0
2026-02-14 07:00:00,1.36436,1.36629,1.36384,1.36533,0.0
2026-02-14 11:00:00,1.36532,1.36586,1.36472,1.36557,0.0
2026-02-14 15:00:00,1.36558,1.36564,1.3647,1.36478,0.0
2026-02-14 19:00:00,1.36477,1.3652,1.36461,1.36475,0.0
2026-02-14 23:00:00,1.36472,1.36532,1.36219,1.36476,0.0
2026-02-15 03:00:00,1.36473,1.36599,1.36363,1.36498,0.0
2026-02-15 07:00:00,1.36506,1.36722,1.36068,1.3647,0.0
2026-02-15 11:00:00,1.36471,1.36525,1.36471,1.36519,0.0
2026-02-15 15:00:00,1.36519,1.36531,1.36516,1.36524,0.0
2026-02-15 19:00:00,1.36523,1.3653,1.36457,1.36462,0.0
2026-02-15 23:00:00,1.36459,1.36517,1.36387,1.36466,0.0
2026-02-16 03:00:00,1.36463,1.36554,1.36367,1.36443,0.0
2026-02-16 07:00:00,1.36445,1.36529,1.36381,1.36462,0.0
2026-02-16 11:00:00,1.36464,1.36479,1.3637,1.36418,0.0
2026-02-16 15:00:00,1.36419,1.36502,1.36348,1.36439,0.0
2026-02-16 19:00:00,1.36438,1.3661,1.36418,1.36448,0.0
2026-02-16 23:00:00,1.36444,1.36512,1.36292,1.36331,0.0
2026-02-17 03:00:00,1.36327,1.36347,1.36262,1.36325,0.0
2026-02-17 07:00:00,1.36323,1.36343,1.36233,1.36273,0.0
2026-02-17 11:00:00,1.36275,1.36294,1.36067,1.36123,0.0
2026-02-17 15:00:00,1.36124,1.36151,1.35541,1.35612,0.0
2026-02-17 19:00:00,1.35611,1.36054,1.356,1.3565,0.0
2026-02-17 23:00:00,1.35647,1.3571,1.34954,1.35037,0.0
2026-02-18 03:00:00,1.35033,1.35622,1.35033,1.35622,0.0
2026-02-18 07:00:00,1.35622,1.35737,1.35547,1.35634,0.0
2026-02-18 11:00:00,1.35635,1.35666,1.35527,1.35539,0.0
2026-02-18 15:00:00,1.35538,1.35712,1.35506,1.3562,0.0
2026-02-18 19:00:00,1.35619,1.35825,1.35577,1.35732,0.0
2026-02-18 23:00:00,1.35726,1.35817,1.35347,1.35461,0.0
2026-02-19 03:00:00,1.35459,1.35552,1.34978,1.35002,0.0
2026-02-19 07:00:00,1.35001,1.35055,1.34926,1.34953,0.0
2026-02-19 11:00:00,1.34953,1.34984,1.34879,1.34911,0.0
2026-02-19 15:00:00,1.34912,1.35121,1.34807,1.35113,0.0
2026-02-19 19:00:00,1.35111,1.35164,1.34657,1.34676,0.0
2026-02-19 23:00:00,1.34675,1.3476,1.34363,1.34554,0.0
2026-02-20 03:00:00,1.34553,1.34659,1.34391,1.34511,0.0
2026-02-20 07:00:00,1.3451,1.34737,1.3451,1.34604,0.0
2026-02-20 11:00:00,1.34604,1.34636,1.34362,1.34437,0.0
2026-02-20 15:00:00,1.34436,1.34662,1.34382,1.3447,0.0
2026-02-20 19:00:00,1.34468,1.34822,1.34382,1.34722,0.0
2026-02-20 23:00:00,1.3472,1.35175,1.34669,1.35002,0.0
2026-02-21 03:00:00,1.34998,1.35135,1.34768,1.3486,0.0
2026-02-21 07:00:00,1.3486,1.34973,1.34766,1.3481,0.0
2026-02-21 11:00:00,1.34812,1.3483,1.34793,1.34799,0.0
2026-02-21 15:00:00,1.34799,1.3482,1.34791,1.34799,0.0
2026-02-21 19:00:00,1.34797,1.34807,1.34789,1.34802,0.0
2026-02-21 23:00:00,1.34799,1.34805,1.34775,1.34801,0.0
2026-02-22 03:00:00,1.34799,1.34905,1.34797,1.34899,0.0
2026-02-22 07:00:00,1.34899,1.34927,1.34898,1.34919,0.0
2026-02-22 11:00:00,1.34921,1.34926,1.34863,1.34865,0.0
2026-02-22 15:00:00,1.34864,1.3487,1.34852,1.34861,0.0
2026-02-22 19:00:00,1.34859,1.34864,1.34852,1.34857,0.0
2026-02-22 23:00:00,1.34854,1.3486,1.34822,1.34839,0.0
2026-02-23 03:00:00,1.34837,1.35011,1.34636,1.34853,0.0
2026-02-23 07:00:00,1.34853,1.35346,1.34784,1.35326,0.0
2026-02-23 11:00:00,1.35323,1.35325,1.35112,1.35178,0.0
2026-02-23 15:00:00,1.35177,1.35353,1.35126,1.3526,0.0
2026-02-23 19:00:00,1.35258,1.3527,1.34873,1.34914,0.0
2026-02-23 23:00:00,1.34913,1.35245,1.34763,1.34965,0.0
2026-02-24 03:00:00,1.34966,1.35144,1.34857,1.3489,0.0
2026-02-24 07:00:00,1.34891,1.34998,1.34886,1.34959,0.0
2026-02-24 11:00:00,1.3496,1.3501,1.3479,1.34884,0.0
2026-02-24 15:00:00,1.34884,1.34921,1.3474,1.34785,0.0
2026-02-24 19:00:00,1.34782,1.35052,1.34704,1.34872,0.0
2026-02-24 23:00:00,1.34869,1.35236,1.34788,1.35152,0.0
2026-02-25 03:00:00,1.35151,1.35361,1.35006,1.3502,0.0
2026-02-25 07:00:00,1.3502,1.35087,1.34879,1.34957,0.0
2026-02-25 11:00:00,1.34958,1.35215,1.34917,1.35133,0.0
2026-02-25 15:00:00,1.35132,1.35285,1.35119,1.35281,0.0
2026-02-25 19:00:00,1.35278,1.35322,1.34919,1.35045,0.0
2026-02-25 23:00:00,1.35041,1.3535,1.35041,1.35331,0.0
2026-02-26 03:00:00,1.35328,1.35649,1.35328,1.35516,0.0
2026-02-26 07:00:00,1.35516,1.35613,1.35499,1.35581,0.0
2026-02-26 11:00:00,1.35582,1.35747,1.3554,1.35571,0.0
2026-02-26 15:00:00,1.3557,1.35621,1.35458,1.35488,0.0
2026-02-26 19:00:00,1.35486,1.35489,1.352,1.35309,0.0
2026-02-26 23:00:00,1.35307,1.35566,1.34952,1.3513,0.0
2026-02-27 03:00:00,1.35127,1.35155,1.3447,1.34881,0.0
2026-02-27 07:00:00,1.34881,1.34937,1.34799,1.34909,0.0
2026-02-27 11:00:00,1.34911,1.34961,1.34766,1.34922,0.0
2026-02-27 15:00:00,1.34921,1.35013,1.34627,1.34896,0.0
2026-02-27 19:00:00,1.34893,1.3512,1.3465,1.34671,0.0
2026-02-27 23:00:00,1.34666,1.34783,1.34403,1.34457,0.0
2026-02-28 03:00:00,1.34457,1.34845,1.34439,1.34802,0.0
2026-02-28 07:00:00,1.34804,1.34909,1.34717,1.34832,0.0
2026-02-28 11:00:00,1.34835,1.34899,1.34831,1.34886,0.0
2026-02-28 15:00:00,1.34885,1.34891,1.34859,1.34883,0.0
2026-02-28 19:00:00,1.34881,1.34895,1.34835,1.34864,0.0
2026-02-28 23:00:00,1.34862,1.34868,1.34823,1.34848,0.0
2026-03-01 03:00:00,1.34847,1.34857,1.34731,1.34796,0.0
2026-03-01 07:00:00,1.34797,1.34822,1.3468,1.34803,0.0
2026-03-01 11:00:00,1.34803,1.34854,1.34801,1.34846,0.0
2026-03-01 15:00:00,1.34845,1.34898,1.34841,1.3485,0.0
2026-03-01 19:00:00,1.34848,1.34855,1.34782,1.34786,0.0
2026-03-01 23:00:00,1.34783,1.34789,1.34688,1.34779,0.0
2026-03-02 03:00:00,1.34778,1.34889,1.34196,1.34425,0.0
2026-03-02 07:00:00,1.34423,1.34643,1.33982,1.34063,0.0
2026-03-02 11:00:00,1.34061,1.34558,1.34025,1.34484,0.0
2026-03-02 15:00:00,1.34483,1.34511,1.33485,1.33599,0.0
2026-03-02 19:00:00,1.33593,1.34261,1.33153,1.34126,0.0
2026-03-02 23:00:00,1.34126,1.34242,1.33645,1.33718,0.0
2026-03-03 03:00:00,1.33717,1.34319,1.33604,1.34292,0.0
2026-03-03 07:00:00,1.34292,1.34294,1.33862,1.34096,0.0
2026-03-03 11:00:00,1.34094,1.34244,1.33928,1.34,0.0
2026-03-03 15:00:00,1.33998,1.34026,1.33346,1.33362,0.0
2026-03-03 19:00:00,1.33359,1.33364,1.32622,1.32936,0.0
2026-03-03 23:00:00,1.32934,1.33293,1.32538,1.32959,0.0
2026-03-04 03:00:00,1.32957,1.33658,1.32957,1.33581,0.0
2026-03-04 07:00:00,1.3358,1.33703,1.33486,1.33523,0.0
2026-03-04 11:00:00,1.33522,1.33524,1.33055,1.33392,0.0
2026-03-04 15:00:00,1.33391,1.33758,1.33055,1.33615,0.0
2026-03-04 19:00:00,1.33613,1.34038,1.33346,1.33773,0.0
2026-03-04 23:00:00,1.33773,1.33881,1.33506,1.33651,0.0
2026-03-05 03:00:00,1.33651,1.33756,1.33475,1.33756,0.0
2026-03-05 07:00:00,1.33756,1.33809,1.33666,1.3369,0.0
2026-03-05 11:00:00,1.3369,1.33865,1.33383,1.33398,0.0
2026-03-05 15:00:00,1.33397,1.33566,1.33074,1.33411,0.0
2026-03-05 19:00:00,1.33409,1.33757,1.3316,1.33596,0.0
2026-03-05 23:00:00,1.33595,1.33771,1.33088,1.33225,0.0
2026-03-06 03:00:00,1.33225,1.33392,1.33001,1.33192,0.0
2026-03-06 07:00:00,1.33194,1.33648,1.33191,1.33568,0.0
2026-03-06 11:00:00,1.33567,1.33728,1.33561,1.3371,0.0
2026-03-06 15:00:00,1.33708,1.33721,1.33536,1.3369,0.0
2026-03-06 19:00:00,1.33686,1.33781,1.33187,1.33198,0.0
2026-03-06 23:00:00,1.33195,1.33815,1.33109,1.33586,0.0
2026-03-07 03:00:00,1.33586,1.34079,1.33586,1.33891,0.0
2026-03-07 07:00:00,1.33891,1.34137,1.338,1.34095,0.0
2026-03-07 11:00:00,1.34097,1.34177,1.34094,1.34173,0.0
2026-03-07 15:00:00,1.34171,1.34177,1.34123,1.34167,0.0
2026-03-07 19:00:00,1.34163,1.34177,1.34124,1.34173,0.0
2026-03-07 23:00:00,1.34171,1.34177,1.34085,1.341,0.0
2026-03-08 03:00:00,1.34101,1.34111,1.33937,1.34056,0.0
2026-03-08 07:00:00,1.34057,1.3407,1.33846,1.34054,0.0
2026-03-08 11:00:00,1.34053,1.34127,1.34052,1.34117,0.0
2026-03-08 15:00:00,1.34115,1.34123,1.34078,1.34083,0.0
2026-03-08 19:00:00,1.3408,1.34128,1.34079,1.34119,0.0
2026-03-08 23:00:00,1.34117,1.34141,1.34115,1.34135,0.0
2026-03-09 03:00:00,1.34135,1.34164,1.3338,1.33544,0.0
2026-03-09 07:00:00,1.3352,1.33751,1.33029,1.33044,0.0
2026-03-09 11:00:00,1.33045,1.33192,1.32842,1.32955,0.0
2026-03-09 15:00:00,1.32952,1.33482,1.32952,1.33442,0.0
2026-03-09 19:00:00,1.33435,1.33614,1.33043,1.33463,0.0
2026-03-09 23:00:00,1.3346,1.33975,1.3346,1.33955,0.0
2026-03-10 03:00:00,1.33954,1.34428,1.33826,1.34312,0.0
2026-03-10 07:00:00,1.34311,1.34538,1.34168,1.34239,0.0
2026-03-10 11:00:00,1.34238,1.34441,1.34145,1.34168,0.0
2026-03-10 15:00:00,1.34166,1.34797,1.3415,1.34764,0.0
2026-03-10 19:00:00,1.34761,1.34817,1.344,1.34453,0.0
2026-03-10 23:00:00,1.34451,1.34731,1.3432,1.34577,0.0
2026-03-11 03:00:00,1.34578,1.34815,1.34142,1.34181,0.0
2026-03-11 07:00:00,1.34188,1.3425,1.34104,1.3419,0.0
2026-03-11 11:00:00,1.34191,1.34531,1.34157,1.3453,0.0
2026-03-11 15:00:00,1.34528,1.34581,1.34305,1.3434,0.0
2026-03-11 19:00:00,1.34337,1.34478,1.34042,1.34307,0.0
2026-03-11 23:00:00,1.34309,1.34374,1.33944,1.34031,0.0
2026-03-12 03:00:00,1.3403,1.34219,1.33959,1.34178,0.0
2026-03-12 07:00:00,1.34179,1.34187,1.33763,1.33816,0.0
2026-03-12 11:00:00,1.33815,1.33962,1.3366,1.33713,0.0
2026-03-12 15:00:00,1.3371,1.33911,1.33596,1.33891,0.0
2026-03-12 19:00:00,1.33879,1.34098,1.33724,1.33977,0.0
2026-03-12 23:00:00,1.33976,1.3398,1.33398,1.33505,0.0
2026-03-13 03:00:00,1.33506,1.33621,1.33373,1.33482,0.0
2026-03-13 07:00:00,1.3348,1.33544,1.33344,1.33527,0.0
2026-03-13 11:00:00,1.33526,1.33692,1.33406,1.33466,0.0
2026-03-13 15:00:00,1.33464,1.33468,1.32757,1.32794,0.0
2026-03-13 19:00:00,1.32793,1.32821,1.32468,1.32558,0.0
2026-03-13 23:00:00,1.32558,1.32895,1.32323,1.32389,0.0
2026-03-14 03:00:00,1.32389,1.3252,1.32255,1.32276,0.0
2026-03-14 07:00:00,1.32277,1.32677,1.32066,1.32144,0.0
2026-03-14 11:00:00,1.32148,1.32377,1.32144,1.32374,0.0
2026-03-14 15:00:00,1.32371,1.32377,1.32223,1.32247,0.0
2026-03-14 19:00:00,1.32246,1.32347,1.32229,1.32232,0.0
2026-03-14 23:00:00,1.32232,1.33707,1.32225,1.33017,0.0
2026-03-15 03:00:00,1.33018,1.33022,1.32307,1.32396,0.0
2026-03-15 07:00:00,1.32397,1.32414,1.32316,1.32359,0.0
2026-03-15 11:00:00,1.32357,1.32402,1.32314,1.3234,0.0
2026-03-15 15:00:00,1.32337,1.32417,1.32321,1.32396,0.0
2026-03-15 19:00:00,1.32394,1.32402,1.32356,1.32383,0.0
2026-03-15 23:00:00,1.32382,1.32869,1.32231,1.3246,0.0
2026-03-16 03:00:00,1.32461,1.32628,1.31438,1.324,0.0
2026-03-16 07:00:00,1.32401,1.32477,1.32244,1.32471,0.0
2026-03-16 11:00:00,1.3247,1.32654,1.32469,1.32619,0.0
2026-03-16 15:00:00,1.32617,1.32622,1.32318,1.3243,0.0
2026-03-16 19:00:00,1.32423,1.32832,1.32371,1.32795,0.0
2026-03-16 23:00:00,1.32794,1.3317,1.32776,1.33008,0.0
2026-03-17 03:00:00,1.3301,1.33377,1.32891,1.33256,0.0
2026-03-17 07:00:00,1.33258,1.33286,1.33085,1.33137,0.0
2026-03-17 11:00:00,1.33135,1.33138,1.32964,1.33028,0.0
2026-03-17 15:00:00,1.33025,1.33155,1.32746,1.33053,0.0
2026-03-17 19:00:00,1.33049,1.33407,1.33003,1.33186,0.0
2026-03-17 23:00:00,1.33187,1.33601,1.33144,1.3343,0.0
2026-03-18 03:00:00,1.3343,1.33645,1.33363,1.33525,0.0
2026-03-18 07:00:00,1.33526,1.33619,1.33523,1.33583,0.0
2026-03-18 11:00:00,1.33581,1.33632,1.33508,1.33585,0.0
2026-03-18 15:00:00,1.33579,1.3375,1.3349,1.33533,0.0
2026-03-18 19:00:00,1.3353,1.33701,1.33429,1.33607,0.0
2026-03-18 23:00:00,1.33608,1.33625,1.33048,1.33213,0.0
2026-03-19 03:00:00,1.33213,1.33483,1.3274,1.32765,0.0
2026-03-19 07:00:00,1.32766,1.32787,1.32523,1.3265,0.0
2026-03-19 11:00:00,1.32648,1.3297,1.32646,1.32834,0.0
2026-03-19 15:00:00,1.32834,1.32837,1.32525,1.32633,0.0
2026-03-19 19:00:00,1.32629,1.32912,1.32459,1.3291,0.0
2026-03-19 23:00:00,1.32909,1.33863,1.32806,1.335,0.0
2026-03-20 03:00:00,1.33497,1.347,1.33477,1.34287,0.0
2026-03-20 07:00:00,1.34284,1.34417,1.34171,1.34252,0.0
2026-03-20 11:00:00,1.3425,1.34292,1.34031,1.34046,0.0
2026-03-20 15:00:00,1.34044,1.34289,1.33985,1.34265,0.0
2026-03-20 19:00:00,1.34262,1.3436,1.33649,1.33948,0.0
2026-03-20 23:00:00,1.33949,1.34073,1.33019,1.33042,0.0
2026-03-21 03:00:00,1.3304,1.3351,1.33029,1.33338,0.0
2026-03-21 07:00:00,1.33339,1.33557,1.33299,1.33361,0.0
2026-03-21 11:00:00,1.33359,1.33447,1.33359,1.33444,0.0
2026-03-21 15:00:00,1.33441,1.33549,1.33413,1.33436,0.0
2026-03-21 19:00:00,1.33434,1.33452,1.33415,1.33441,0.0
2026-03-21 23:00:00,1.33441,1.33447,1.33394,1.33405,0.0
2026-03-22 03:00:00,1.33406,1.33421,1.3325,1.33347,0.0
2026-03-22 07:00:00,1.33346,1.33398,1.33247,1.33365,0.0
2026-03-22 11:00:00,1.33362,1.3343,1.33361,1.33401,0.0
2026-03-22 15:00:00,1.33398,1.33429,1.33388,1.33407,0.0
2026-03-22 19:00:00,1.33405,1.3343,1.3339,1.33417,0.0
2026-03-22 23:00:00,1.33418,1.33435,1.33414,1.33418,0.0
2026-03-23 03:00:00,1.33419,1.3351,1.32986,1.33167,0.0
2026-03-23 07:00:00,1.33174,1.33354,1.33034,1.3333,0.0
2026-03-23 11:00:00,1.33326,1.33418,1.33104,1.33156,0.0
2026-03-23 15:00:00,1.33151,1.33268,1.32825,1.32888,0.0
2026-03-23 19:00:00,1.32884,1.34391,1.32579,1.33562,0.0
2026-03-23 23:00:00,1.33562,1.34757,1.33398,1.33859,0.0
2026-03-24 03:00:00,1.3386,1.34576,1.33806,1.34328,0.0
2026-03-24 07:00:00,1.34322,1.34416,1.3424,1.34252,0.0
2026-03-24 11:00:00,1.34249,1.34259,1.33871,1.33978,0.0
2026-03-24 15:00:00,1.33974,1.34401,1.3386,1.34315,0.0
2026-03-24 19:00:00,1.34317,1.34317,1.33845,1.3397,0.0
2026-03-24 23:00:00,1.33971,1.34166,1.33688,1.33828,0.0
2026-03-25 03:00:00,1.33826,1.33957,1.33545,1.33824,0.0
2026-03-25 07:00:00,1.33823,1.34285,1.33809,1.34161,0.0
2026-03-25 11:00:00,1.34159,1.3435,1.3398,1.33988,0.0
2026-03-25 15:00:00,1.33986,1.33999,1.33706,1.33894,0.0
2026-03-25 19:00:00,1.33892,1.34248,1.33892,1.34133,0.0
2026-03-25 23:00:00,1.34137,1.34259,1.33593,1.33719,0.0
2026-03-26 03:00:00,1.33719,1.33906,1.33591,1.33658,0.0
2026-03-26 07:00:00,1.33657,1.33709,1.33584,1.33635,0.0
2026-03-26 11:00:00,1.33632,1.33677,1.33504,1.33652,0.0
2026-03-26 15:00:00,1.33649,1.33679,1.33483,1.33518,0.0
2026-03-26 19:00:00,1.33519,1.33611,1.33259,1.33272,0.0
2026-03-26 23:00:00,1.33271,1.33776,1.33231,1.33499,0.0
2026-03-27 03:00:00,1.33502,1.33525,1.33139,1.33142,0.0
2026-03-27 07:00:00,1.3314,1.33471,1.33107,1.33351,0.0
2026-03-27 11:00:00,1.33348,1.33458,1.33235,1.33405,0.0
2026-03-27 15:00:00,1.33402,1.33471,1.3313,1.33132,0.0
2026-03-27 19:00:00,1.33132,1.33201,1.3285,1.32852,0.0
2026-03-27 23:00:00,1.32851,1.33333,1.32724,1.32923,0.0
2026-03-28 03:00:00,1.3292,1.32969,1.32604,1.32723,0.0
2026-03-28 07:00:00,1.32721,1.32767,1.32573,1.32626,0.0
2026-03-28 11:00:00,1.32622,1.32673,1.32622,1.32653,0.0
2026-03-28 15:00:00,1.32651,1.32671,1.32606,1.32615,0.0
2026-03-28 19:00:00,1.32615,1.32664,1.32592,1.3265,0.0
2026-03-28 23:00:00,1.32651,1.33624,1.32604,1.32852,0.0
2026-03-29 03:00:00,1.32853,1.32859,1.32686,1.32711,0.0
2026-03-29 07:00:00,1.32712,1.32763,1.32666,1.32693,0.0
2026-03-29 11:00:00,1.3269,1.32696,1.32621,1.32649,0.0
2026-03-29 15:00:00,1.32647,1.33114,1.32564,1.32709,0.0
2026-03-29 19:00:00,1.32709,1.3279,1.32659,1.32749,0.0
2026-03-29 23:00:00,1.3275,1.33463,1.32736,1.33415,0.0
2026-03-30 03:00:00,1.33415,1.33487,1.3235,1.32643,0.0
2026-03-30 07:00:00,1.32654,1.32954,1.32318,1.32373,0.0
2026-03-30 11:00:00,1.32368,1.32722,1.32341,1.32722,0.0
2026-03-30 15:00:00,1.32719,1.32813,1.32423,1.32459,0.0
2026-03-30 19:00:00,1.3246,1.32553,1.32275,1.32319,0.0
2026-03-30 23:00:00,1.32319,1.32362,1.31758,1.31919,0.0
2026-03-31 03:00:00,1.31917,1.31945,1.3177,1.31843,0.0
2026-03-31 07:00:00,1.31841,1.31903,1.31697,1.31714,0.0
2026-03-31 11:00:00,1.3171,1.32234,1.31613,1.32001,0.0
2026-03-31 15:00:00,1.31998,1.32117,1.31928,1.32069,0.0
2026-03-31 19:00:00,1.32069,1.32325,1.31931,1.32317,0.0
2026-03-31 23:00:00,1.32324,1.32636,1.31809,1.31839,0.0
2026-04-01 03:00:00,1.3184,1.32465,1.31764,1.32362,0.0
2026-04-01 07:00:00,1.3236,1.32441,1.32236,1.3244,0.0
2026-04-01 11:00:00,1.32439,1.32541,1.32205,1.32341,0.0
2026-04-01 15:00:00,1.3234,1.32906,1.32331,1.32665,0.0
2026-04-01 19:00:00,1.32665,1.33251,1.3263,1.33224,0.0
2026-04-01 23:00:00,1.33225,1.33361,1.32939,1.33305,0.0
2026-04-02 03:00:00,1.33305,1.33453,1.32942,1.33013,0.0
2026-04-02 07:00:00,1.33011,1.33109,1.32974,1.3303,0.0
2026-04-02 11:00:00,1.3303,1.33142,1.32329,1.32347,0.0
2026-04-02 15:00:00,1.32343,1.32385,1.32026,1.32169,0.0
2026-04-02 19:00:00,1.32169,1.32178,1.31825,1.32022,0.0
2026-04-02 23:00:00,1.32022,1.32497,1.32019,1.32381,0.0
2026-04-03 03:00:00,1.32383,1.32429,1.32223,1.32238,0.0
2026-04-03 07:00:00,1.32236,1.32316,1.32202,1.32305,0.0
2026-04-03 11:00:00,1.32302,1.32383,1.3222,1.3229,0.0
2026-04-03 15:00:00,1.32287,1.3243,1.32219,1.32393,0.0
2026-04-03 19:00:00,1.32394,1.324,1.32305,1.32362,0.0
2026-04-03 23:00:00,1.32363,1.32377,1.31953,1.31994,0.0
2026-04-04 03:00:00,1.31996,1.32023,1.31896,1.31937,0.0
2026-04-04 07:00:00,1.31935,1.3205,1.31907,1.31992,0.0
2026-04-04 11:00:00,1.31992,1.32052,1.31915,1.31944,0.0
2026-04-04 15:00:00,1.31944,1.32003,1.31912,1.31973,0.0
2026-04-04 19:00:00,1.31973,1.32028,1.31916,1.31984,0.0
2026-04-04 23:00:00,1.31985,1.32097,1.3192,1.31946,0.0
2026-04-05 03:00:00,1.31944,1.32187,1.31929,1.32064,0.0
2026-04-05 07:00:00,1.32061,1.32153,1.31935,1.31968,0.0
2026-04-05 11:00:00,1.31965,1.32022,1.31963,1.32017,0.0
2026-04-05 15:00:00,1.32016,1.32022,1.31948,1.32015,0.0
2026-04-05 19:00:00,1.32016,1.32024,1.31984,1.32017,0.0
2026-04-05 23:00:00,1.32018,1.321,1.31926,1.3206,0.0
2026-04-06 03:00:00,1.32058,1.32107,1.31381,1.31911,0.0
2026-04-06 07:00:00,1.31909,1.31987,1.31805,1.31974,0.0
2026-04-06 11:00:00,1.31972,1.32184,1.31918,1.32129,0.0
2026-04-06 15:00:00,1.32129,1.32578,1.321,1.325,0.0
2026-04-06 19:00:00,1.32501,1.32556,1.32338,1.32465,0.0
2026-04-06 23:00:00,1.32464,1.32677,1.32253,1.32346,0.0
2026-04-07 03:00:00,1.32344,1.32436,1.32186,1.32374,0.0
2026-04-07 07:00:00,1.32371,1.32423,1.32304,1.3232,0.0
2026-04-07 11:00:00,1.32319,1.32347,1.32126,1.32331,0.0
2026-04-07 15:00:00,1.3233,1.32837,1.32204,1.32837,0.0
2026-04-07 19:00:00,1.32836,1.32837,1.32382,1.32515,0.0
2026-04-07 23:00:00,1.32513,1.32628,1.32369,1.325,0.0
2026-04-08 03:00:00,1.32499,1.32998,1.32483,1.3294,0.0
2026-04-08 07:00:00,1.32937,1.34071,1.32862,1.3389,0.0
2026-04-08 11:00:00,1.33888,1.34171,1.33882,1.34161,0.0
2026-04-08 15:00:00,1.3416,1.3445,1.34121,1.34268,0.0
2026-04-08 19:00:00,1.34271,1.34844,1.34225,1.34757,0.0
2026-04-08 23:00:00,1.34754,1.34811,1.34199,1.34247,0.0
2026-04-09 03:00:00,1.34246,1.3428,1.33835,1.33956,0.0
2026-04-09 07:00:00,1.33952,1.34037,1.33866,1.3392,0.0
2026-04-09 11:00:00,1.33917,1.34063,1.33817,1.34003,0.0
2026-04-09 15:00:00,1.34003,1.34073,1.3383,1.34052,0.0
2026-04-09 19:00:00,1.34049,1.34301,1.33978,1.34166,0.0
2026-04-09 23:00:00,1.34166,1.34553,1.34036,1.34448,0.0
2026-04-10 03:00:00,1.34447,1.3458,1.34301,1.34369,0.0
2026-04-10 07:00:00,1.34367,1.34379,1.34216,1.34246,0.0
2026-04-10 11:00:00,1.34244,1.34318,1.34205,1.34219,0.0
2026-04-10 15:00:00,1.34219,1.34289,1.34097,1.34205,0.0
2026-04-10 19:00:00,1.34208,1.34616,1.34185,1.34581,0.0
2026-04-10 23:00:00,1.3458,1.34802,1.34485,1.34567,0.0
2026-04-11 03:00:00,1.34565,1.3472,1.34528,1.34624,0.0
2026-04-11 07:00:00,1.34621,1.34634,1.34492,1.34529,0.0
2026-04-11 11:00:00,1.34525,1.34605,1.34517,1.3453,0.0
2026-04-11 15:00:00,1.3453,1.34579,1.3452,1.3453,0.0
2026-04-11 19:00:00,1.34532,1.34608,1.34519,1.34599,0.0
2026-04-11 23:00:00,1.34599,1.34611,1.34568,1.34577,0.0
2026-04-12 03:00:00,1.34575,1.34602,1.34546,1.3457,0.0
2026-04-12 07:00:00,1.34567,1.34603,1.3456,1.34589,0.0
2026-04-12 11:00:00,1.34588,1.34601,1.34555,1.34561,0.0
2026-04-12 15:00:00,1.34561,1.34588,1.34552,1.34562,0.0
2026-04-12 19:00:00,1.34563,1.34577,1.3453,1.34532,0.0
2026-04-12 23:00:00,1.34532,1.34606,1.3453,1.34576,0.0
2026-04-13 03:00:00,1.34574,1.34646,1.33745,1.3414,0.0
2026-04-13 07:00:00,1.34149,1.34193,1.33821,1.34004,0.0
2026-04-13 11:00:00,1.33997,1.34094,1.33982,1.3405,0.0
2026-04-13 15:00:00,1.34051,1.34339,1.34026,1.34274,0.0
2026-04-13 19:00:00,1.34278,1.34423,1.34165,1.34372,0.0
2026-04-13 23:00:00,1.3437,1.34801,1.3435,1.34746,0.0
2026-04-14 03:00:00,1.34743,1.35091,1.34741,1.35066,0.0
2026-04-14 07:00:00,1.3507,1.35164,1.34979,1.35135,0.0
2026-04-14 11:00:00,1.35132,1.35221,1.35036,1.35202,0.0
2026-04-14 15:00:00,1.35202,1.35406,1.35115,1.35369,0.0
2026-04-14 19:00:00,1.35372,1.35879,1.35351,1.35861,0.0
2026-04-14 23:00:00,1.35861,1.35892,1.35583,1.35679,0.0
2026-04-15 03:00:00,1.35677,1.35731,1.35597,1.35669,0.0
2026-04-15 07:00:00,1.35665,1.35785,1.35618,1.35736,0.0
2026-04-15 11:00:00,1.35735,1.35777,1.35578,1.35673,0.0
2026-04-15 15:00:00,1.35674,1.35776,1.35563,1.35643,0.0
2026-04-15 19:00:00,1.35646,1.35677,1.35447,1.35552,0.0
2026-04-15 23:00:00,1.35552,1.35784,1.35539,1.35731,0.0
2026-04-16 03:00:00,1.35728,1.35765,1.35598,1.35617,0.0
2026-04-16 07:00:00,1.35613,1.35747,1.35594,1.35742,0.0
2026-04-16 11:00:00,1.35741,1.35948,1.35619,1.35769,0.0
2026-04-16 15:00:00,1.35769,1.35824,1.35489,1.3551,0.0
2026-04-16 19:00:00,1.3551,1.35533,1.35316,1.35478,0.0
2026-04-16 23:00:00,1.35476,1.35555,1.3518,1.35284,0.0
2026-04-17 03:00:00,1.3528,1.35362,1.35224,1.35272,0.0
2026-04-17 07:00:00,1.35269,1.35363,1.352,1.35213,0.0
2026-04-17 11:00:00,1.35213,1.35271,1.35146,1.35228,0.0
2026-04-17 15:00:00,1.35228,1.35328,1.35049,1.35312,0.0
2026-04-17 19:00:00,1.35313,1.35823,1.35209,1.35815,0.0
2026-04-17 23:00:00,1.35813,1.35983,1.35468,1.35543,0.0
2026-04-18 03:00:00,1.35541,1.35544,1.35135,1.35189,0.0
2026-04-18 07:00:00,1.35183,1.35323,1.35128,1.35182,0.0
2026-04-18 11:00:00,1.35181,1.35226,1.35146,1.35182,0.0
2026-04-18 15:00:00,1.35183,1.35212,1.35179,1.3518,0.0
2026-04-18 19:00:00,1.35181,1.35238,1.35174,1.35215,0.0
2026-04-18 23:00:00,1.35214,1.35331,1.35145,1.35197,0.0
2026-04-19 03:00:00,1.35194,1.35371,1.35191,1.35261,0.0
2026-04-19 07:00:00,1.3524,1.35442,1.3517,1.35205,0.0
2026-04-19 11:00:00,1.35204,1.35248,1.35193,1.35238,0.0
2026-04-19 15:00:00,1.35239,1.35253,1.35208,1.35221,0.0
2026-04-19 19:00:00,1.35221,1.35245,1.3522,1.35228,0.0
2026-04-19 23:00:00,1.35227,1.35283,1.35033,1.35238,0.0
2026-04-20 03:00:00,1.35235,1.35299,1.34763,1.34916,0.0
2026-04-20 07:00:00,1.34911,1.35017,1.34764,1.34959,0.0
2026-04-20 11:00:00,1.34958,1.35082,1.34901,1.35054,0.0
2026-04-20 15:00:00,1.35055,1.35177,1.34827,1.34981,0.0
2026-04-20 19:00:00,1.34982,1.35273,1.34975,1.35151,0.0
2026-04-20 23:00:00,1.3515,1.35438,1.35132,1.35372,0.0
2026-04-21 03:00:00,1.35368,1.35426,1.35306,1.35344,0.0
2026-04-21 07:00:00,1.35345,1.35387,1.35231,1.35248,0.0
2026-04-21 11:00:00,1.35248,1.35292,1.35146,1.35152,0.0
2026-04-21 15:00:00,1.35153,1.35282,1.34844,1.35037,0.0
2026-04-21 19:00:00,1.35037,1.35231,1.34967,1.35149,0.0
2026-04-21 23:00:00,1.35148,1.35397,1.34979,1.34989,0.0
2026-04-22 03:00:00,1.34987,1.35221,1.34724,1.3509,0.0
2026-04-22 07:00:00,1.35089,1.35205,1.34983,1.35109,0.0
2026-04-22 11:00:00,1.35108,1.35147,1.35039,1.35075,0.0
2026-04-22 15:00:00,1.35076,1.3532,1.35074,1.3529,0.0
2026-04-22 19:00:00,1.35292,1.35356,1.34928,1.34958,0.0
2026-04-22 23:00:00,1.34956,1.3524,1.34929,1.35048,0.0
2026-04-23 03:00:00,1.35045,1.35162,1.34989,1.35035,0.0
2026-04-23 07:00:00,1.35032,1.35096,1.34811,1.35088,0.0
2026-04-23 11:00:00,1.35088,1.35096,1.34826,1.34904,0.0
2026-04-23 15:00:00,1.34905,1.35071,1.34826,1.35059,0.0
2026-04-23 19:00:00,1.35056,1.35123,1.34847,1.34883,0.0
2026-04-23 23:00:00,1.34881,1.3519,1.34806,1.34919,0.0
2026-04-24 03:00:00,1.34914,1.34927,1.34512,1.34667,0.0
2026-04-24 07:00:00,1.34666,1.34749,1.34625,1.34684,0.0
2026-04-24 11:00:00,1.34684,1.34726,1.34541,1.34627,0.0
2026-04-24 15:00:00,1.34629,1.34835,1.34604,1.34757,0.0
2026-04-24 19:00:00,1.34759,1.35031,1.34754,1.35017,0.0
2026-04-24 23:00:00,1.35015,1.35222,1.34872,1.35216,0.0
2026-04-25 03:00:00,1.35213,1.3538,1.35169,1.35313,0.0
2026-04-25 07:00:00,1.35318,1.35397,1.35153,1.35323,0.0
2026-04-25 11:00:00,1.35324,1.35333,1.3532,1.35323,0.0
2026-04-25 15:00:00,1.35324,1.35334,1.35314,1.35328,0.0
2026-04-25 19:00:00,1.35326,1.35333,1.35301,1.35323,0.0
2026-04-25 23:00:00,1.35321,1.35328,1.35298,1.35323,0.0
2026-04-26 03:00:00,1.3532,1.35331,1.35189,1.35296,0.0
2026-04-26 07:00:00,1.35294,1.35328,1.35237,1.35321,0.0
2026-04-26 11:00:00,1.35322,1.35328,1.35304,1.35318,0.0
2026-04-26 15:00:00,1.35319,1.35331,1.35306,1.35322,0.0
2026-04-26 19:00:00,1.35322,1.35332,1.35208,1.35259,0.0
2026-04-26 23:00:00,1.35256,1.35305,1.3495,1.35103,0.0
2026-04-27 03:00:00,1.35103,1.35401,1.34887,1.35128,0.0
2026-04-27 07:00:00,1.3513,1.35227,1.35062,1.35212,0.0
2026-04-27 11:00:00,1.35214,1.35482,1.35212,1.35409,0.0
2026-04-27 15:00:00,1.3541,1.35574,1.3525,1.35547,0.0
2026-04-27 19:00:00,1.35546,1.35762,1.35488,1.35538,0.0
2026-04-27 23:00:00,1.35538,1.35636,1.35416,1.35451,0.0
2026-04-28 03:00:00,1.3545,1.35454,1.35312,1.35336,0.0
2026-04-28 07:00:00,1.35333,1.35414,1.35322,1.35335,0.0
2026-04-28 11:00:00,1.35334,1.35362,1.35216,1.35303,0.0
2026-04-28 15:00:00,1.35303,1.35315,1.35033,1.35056,0.0
2026-04-28 19:00:00,1.35054,1.35055,1.34648,1.34938,0.0
2026-04-28 23:00:00,1.34936,1.35163,1.34813,1.35151,0.0
2026-04-29 03:00:00,1.35148,1.35228,1.35085,1.35182,0.0
2026-04-29 07:00:00,1.35182,1.35282,1.35125,1.35262,0.0
2026-04-29 11:00:00,1.35262,1.35263,1.35105,1.3513,0.0
2026-04-29 15:00:00,1.35131,1.35137,1.3494,1.35002,0.0
2026-04-29 19:00:00,1.35001,1.35135,1.34979,1.3501,0.0
2026-04-29 23:00:00,1.35007,1.35073,1.34733,1.3481,0.0
2026-04-30 03:00:00,1.34807,1.34914,1.34611,1.34759,0.0
2026-04-30 07:00:00,1.34758,1.34951,1.34719,1.3485,0.0
2026-04-30 11:00:00,1.3485,1.34857,1.34561,1.34612,0.0
2026-04-30 15:00:00,1.34615,1.34995,1.34539,1.34851,0.0
2026-04-30 19:00:00,1.34851,1.35361,1.34824,1.35148,0.0
2026-04-30 23:00:00,1.35146,1.35936,1.35064,1.35782,0.0
2026-05-01 03:00:00,1.35777,1.36114,1.35774,1.36044,0.0
2026-05-01 07:00:00,1.36039,1.36085,1.35967,1.36052,0.0
2026-05-01 11:00:00,1.36039,1.36118,1.35963,1.35969,0.0
2026-05-01 15:00:00,1.35971,1.36202,1.35872,1.36071,0.0
2026-05-01 19:00:00,1.36075,1.36421,1.35927,1.36306,0.0
2026-05-01 23:00:00,1.36303,1.36575,1.36012,1.36023,0.0
2026-05-02 03:00:00,1.35994,1.36021,1.35683,1.35746,0.0
2026-05-02 07:00:00,1.35756,1.35835,1.35708,1.35741,0.0
2026-05-02 11:00:00,1.35744,1.3577,1.35727,1.35739,0.0
2026-05-02 15:00:00,1.35748,1.35773,1.3573,1.35743,0.0
2026-05-02 19:00:00,1.35741,1.35778,1.35734,1.35762,0.0
2026-05-02 23:00:00,1.35755,1.35855,1.35744,1.35752,0.0
2026-05-03 03:00:00,1.35749,1.35927,1.3565,1.35826,0.0
2026-05-03 07:00:00,1.35911,1.35925,1.35749,1.35755,0.0
2026-05-03 11:00:00,1.35756,1.35792,1.35744,1.3577,0.0
2026-05-03 15:00:00,1.35771,1.35789,1.35762,1.35778,0.0
2026-05-03 19:00:00,1.35776,1.359,1.35768,1.35897,0.0
2026-05-03 23:00:00,1.35894,1.3594,1.35703,1.35765,0.0
2026-05-04 03:00:00,1.35763,1.36043,1.35676,1.35882,0.0
2026-05-04 07:00:00,1.35869,1.36043,1.35758,1.35863,0.0
2026-05-04 11:00:00,1.35867,1.36007,1.35779,1.35874,0.0
2026-05-04 15:00:00,1.35872,1.36002,1.35592,1.35614,0.0
2026-05-04 19:00:00,1.35611,1.35663,1.3524,1.35604,0.0
2026-05-04 23:00:00,1.35534,1.35683,1.35135,1.3521,0.0
2026-05-05 03:00:00,1.35194,1.35413,1.35194,1.35314,0.0
2026-05-05 07:00:00,1.35313,1.35406,1.35233,1.35251,0.0
2026-05-05 11:00:00,1.35243,1.35316,1.35154,1.35159,0.0
2026-05-05 15:00:00,1.3515,1.35494,1.35146,1.35435,0.0
2026-05-05 19:00:00,1.35397,1.35501,1.35312,1.35433,0.0
2026-05-05 23:00:00,1.3543,1.35779,1.35415,1.35563,0.0
2026-05-06 03:00:00,1.35567,1.35594,1.35386,1.35386,0.0
2026-05-06 07:00:00,1.35386,1.35795,1.35381,1.35752,0.0
2026-05-06 11:00:00,1.35752,1.35952,1.35634,1.35924,0.0
2026-05-06 15:00:00,1.35929,1.36368,1.35825,1.36267,0.0
2026-05-06 19:00:00,1.36267,1.3644,1.36089,1.3612,0.0
2026-05-06 23:00:00,1.36116,1.36179,1.35829,1.35829,0.0
2026-05-07 03:00:00,1.35824,1.35994,1.35812,1.35938,0.0
2026-05-07 07:00:00,1.35934,1.36006,1.35907,1.35926,0.0
2026-05-07 11:00:00,1.35921,1.36084,1.35913,1.35982,0.0
2026-05-07 15:00:00,1.3598,1.36245,1.35923,1.36204,0.0
2026-05-07 19:00:00,1.36203,1.36296,1.36106,1.36251,0.0
2026-05-07 23:00:00,1.36236,1.36316,1.35912,1.35942,0.0
2026-05-08 03:00:00,1.35939,1.35947,1.35509,1.35509,0.0
2026-05-08 07:00:00,1.35509,1.35704,1.35465,1.35523,0.0
2026-05-08 11:00:00,1.3552,1.35684,1.35498,1.35658,0.0
2026-05-08 15:00:00,1.35658,1.36132,1.35655,1.36124,0.0
2026-05-08 19:00:00,1.36118,1.36239,1.36013,1.36163,0.0
2026-05-08 23:00:00,1.36197,1.36299,1.36067,1.36198,0.0
2026-05-09 03:00:00,1.36196,1.3638,1.36169,1.36294,0.0
2026-05-09 07:00:00,1.36298,1.36349,1.36256,1.36302,0.0
2026-05-09 11:00:00,1.36303,1.36321,1.363,1.36302,0.0
2026-05-09 15:00:00,1.36303,1.36322,1.363,1.36306,0.0
2026-05-09 19:00:00,1.36305,1.36322,1.36276,1.36302,0.0
2026-05-09 23:00:00,1.36299,1.36325,1.36264,1.36301,0.0
2026-05-10 03:00:00,1.36298,1.3632,1.36285,1.363,0.0
2026-05-10 07:00:00,1.36297,1.36321,1.36287,1.36302,0.0
2026-05-10 11:00:00,1.36303,1.36326,1.36278,1.36298,0.0
2026-05-10 15:00:00,1.36299,1.36328,1.36286,1.36316,0.0
2026-05-10 19:00:00,1.36314,1.36341,1.3628,1.36338,0.0
2026-05-10 23:00:00,1.36336,1.36362,1.36283,1.36347,0.0
2026-05-11 03:00:00,1.36345,1.36379,1.35511,1.35648,0.0
2026-05-11 07:00:00,1.35669,1.36015,1.35531,1.35979,0.0
2026-05-11 11:00:00,1.35966,1.35999,1.35803,1.35804,0.0
2026-05-11 15:00:00,1.35806,1.36143,1.35805,1.36092,0.0
2026-05-11 19:00:00,1.36099,1.36149,1.35866,1.36102,0.0
2026-05-11 23:00:00,1.36099,1.36524,1.36083,1.36411,0.0
2026-05-12 03:00:00,1.36408,1.36454,1.36081,1.36105,0.0
2026-05-12 07:00:00,1.36104,1.36149,1.35954,1.35958,0.0
2026-05-12 11:00:00,1.35962,1.35967,1.35801,1.3586,0.0
2026-05-12 15:00:00,1.35861,1.35864,1.35027,1.353,0.0
2026-05-12 19:00:00,1.35292,1.35523,1.35156,1.35399,0.0
2026-05-12 23:00:00,1.35394,1.35402,1.35031,1.35182,0.0
2026-05-13 03:00:00,1.35184,1.35451,1.35162,1.35411,0.0
2026-05-13 07:00:00,1.35406,1.35431,1.35306,1.35363,0.0
2026-05-13 11:00:00,1.35357,1.35454,1.35292,1.35343,0.0
2026-05-13 15:00:00,1.35343,1.35504,1.35206,1.3525,0.0
2026-05-13 19:00:00,1.35249,1.35256,1.34879,1.34894,0.0
2026-05-13 23:00:00,1.34888,1.35281,1.34869,1.35149,0.0
2026-05-14 03:00:00,1.35143,1.35272,1.35108,1.35243,0.0
2026-05-14 07:00:00,1.35242,1.35326,1.35211,1.35297,0.0
2026-05-14 11:00:00,1.35298,1.35324,1.35214,1.35288,0.0
2026-05-14 15:00:00,1.35288,1.35323,1.35048,1.35191,0.0
2026-05-14 19:00:00,1.35183,1.35208,1.35018,1.3509,0.0
2026-05-14 23:00:00,1.35091,1.35122,1.34335,1.34409,0.0
2026-05-15 03:00:00,1.34389,1.34457,1.33951,1.34016,0.0
2026-05-15 07:00:00,1.34007,1.34168,1.33769,1.33808,0.0
2026-05-15 11:00:00,1.33798,1.33818,1.33636,1.33642,0.0
2026-05-15 15:00:00,1.33641,1.33775,1.33367,1.3345,0.0
2026-05-15 19:00:00,1.33446,1.33919,1.3329,1.33569,0.0
2026-05-15 23:00:00,1.33565,1.33622,1.33165,1.33301,0.0
2026-05-16 03:00:00,1.33291,1.3338,1.33157,1.33248,0.0
2026-05-16 07:00:00,1.33243,1.33341,1.33237,1.33267,0.0
2026-05-16 11:00:00,1.33269,1.33277,1.3326,1.33268,0.0
2026-05-16 15:00:00,1.33268,1.33277,1.3326,1.33273,0.0
2026-05-16 19:00:00,1.33271,1.33277,1.33263,1.3327,0.0
2026-05-16 23:00:00,1.33267,1.333,1.3326,1.33272,0.0
2026-05-17 03:00:00,1.3327,1.33311,1.33255,1.33266,0.0
2026-05-17 07:00:00,1.33267,1.33316,1.33249,1.33267,0.0
2026-05-17 11:00:00,1.33268,1.33276,1.33264,1.33268,0.0
2026-05-17 15:00:00,1.33266,1.33274,1.33258,1.33263,0.0
2026-05-17 19:00:00,1.33261,1.33276,1.33259,1.3327,0.0
2026-05-17 23:00:00,1.33267,1.3332,1.3321,1.33288,0.0
2026-05-18 03:00:00,1.33285,1.3334,1.3316,1.33255,0.0
2026-05-18 07:00:00,1.33258,1.33275,1.33055,1.33081,0.0
2026-05-18 11:00:00,1.33076,1.33195,1.33039,1.33153,0.0
2026-05-18 15:00:00,1.33149,1.33847,1.33134,1.33798,0.0
2026-05-18 19:00:00,1.338,1.34025,1.33482,1.33957,0.0
2026-05-18 23:00:00,1.33965,1.34477,1.33802,1.34332,0.0
2026-05-19 03:00:00,1.34329,1.3439,1.34015,1.34344,0.0
2026-05-19 07:00:00,1.34346,1.34378,1.34201,1.34201,0.0
2026-05-19 11:00:00,1.34202,1.34246,1.34064,1.34066,0.0
2026-05-19 15:00:00,1.34068,1.34178,1.33903,1.33937,0.0
2026-05-19 19:00:00,1.33934,1.34185,1.33877,1.34095,0.0
2026-05-19 23:00:00,1.34092,1.34092,1.33801,1.33989,0.0
2026-05-20 03:00:00,1.33978,1.34117,1.33953,1.33954,0.0
2026-05-20 07:00:00,1.33954,1.34043,1.33892,1.33896,0.0
2026-05-20 11:00:00,1.33903,1.34061,1.33786,1.33911,0.0
2026-05-20 15:00:00,1.33912,1.34066,1.33765,1.3384,0.0
2026-05-20 19:00:00,1.33837,1.34081,1.33811,1.33983,0.0
2026-05-20 23:00:00,1.34,1.34658,1.33839,1.34394,0.0
2026-05-21 03:00:00,1.344,1.34492,1.34333,1.3435,0.0
2026-05-21 07:00:00,1.34346,1.34427,1.34297,1.34381,0.0
2026-05-21 11:00:00,1.34378,1.3445,1.34214,1.34319,0.0
2026-05-21 15:00:00,1.34321,1.34556,1.3416,1.34367,0.0
2026-05-21 19:00:00,1.34364,1.3446,1.34129,1.34173,0.0
2026-05-21 23:00:00,1.34191,1.34201,1.33941,1.34072,0.0
2026-05-22 03:00:00,1.34074,1.34491,1.34061,1.34293,0.0
2026-05-22 07:00:00,1.34295,1.34362,1.34251,1.34267,0.0
2026-05-22 11:00:00,1.34267,1.34319,1.34237,1.34309,0.0
2026-05-22 15:00:00,1.34309,1.34371,1.34141,1.34262,0.0
2026-05-22 19:00:00,1.34267,1.3434,1.34178,1.34335,0.0
2026-05-22 23:00:00,1.34322,1.34613,1.34198,1.34443,0.0
2026-05-23 03:00:00,1.34436,1.34537,1.34306,1.34309,0.0
2026-05-23 07:00:00,1.34311,1.34419,1.34305,1.34308,0.0
2026-05-23 11:00:00,1.34309,1.34374,1.3429,1.34311,0.0
2026-05-23 15:00:00,1.34309,1.34362,1.34285,1.34312,0.0
2026-05-23 19:00:00,1.34309,1.34367,1.34282,1.34356,0.0
2026-05-23 23:00:00,1.34347,1.34438,1.34322,1.34326,0.0
2026-05-24 03:00:00,1.34326,1.34421,1.34299,1.34313,0.0
2026-05-24 07:00:00,1.34313,1.34415,1.34282,1.34357,0.0
2026-05-24 11:00:00,1.34357,1.34447,1.3428,1.34399,0.0
2026-05-24 15:00:00,1.34397,1.34441,1.34371,1.34438,0.0
2026-05-24 19:00:00,1.34435,1.34494,1.34333,1.34341,0.0
2026-05-24 23:00:00,1.34339,1.3434,1.34286,1.34315,0.0
2026-05-25 03:00:00,1.34315,1.34793,1.34259,1.34513,0.0
2026-05-25 07:00:00,1.34528,1.34889,1.34402,1.34786,0.0
2026-05-25 11:00:00,1.34795,1.34919,1.34747,1.34854,0.0
2026-05-25 15:00:00,1.3485,1.34938,1.34716,1.34935,0.0
2026-05-25 19:00:00,1.34925,1.35064,1.34878,1.35009,0.0
2026-05-25 23:00:00,1.35011,1.35055,1.34923,1.35048,0.0
2026-05-26 03:00:00,1.35043,1.35095,1.35035,1.35074,0.0
2026-05-26 07:00:00,1.35071,1.35085,1.3489,1.3495,0.0
2026-05-26 11:00:00,1.34951,1.34956,1.34821,1.34828,0.0
2026-05-26 15:00:00,1.34825,1.34851,1.3463,1.34776,0.0
2026-05-26 19:00:00,1.34769,1.34899,1.34671,1.34679,0.0
2026-05-26 23:00:00,1.34673,1.34706,1.34337,1.34416,0.0
2026-05-27 03:00:00,1.34415,1.34536,1.34377,1.34474,0.0
2026-05-27 07:00:00,1.3447,1.34593,1.34447,1.34554,0.0
2026-05-27 11:00:00,1.34555,1.34582,1.34468,1.34541,0.0
2026-05-27 15:00:00,1.34539,1.34568,1.34408,1.34475,0.0
2026-05-27 19:00:00,1.34466,1.34568,1.34311,1.34428,0.0
2026-05-27 23:00:00,1.34451,1.34557,1.34169,1.34308,0.0
2026-05-28 03:00:00,1.34309,1.34333,1.34179,1.34272,0.0
2026-05-28 07:00:00,1.34276,1.34309,1.34101,1.34135,0.0
2026-05-28 11:00:00,1.34125,1.34145,1.33683,1.33773,0.0
2026-05-28 15:00:00,1.33774,1.34115,1.33758,1.34022,0.0
2026-05-28 19:00:00,1.34018,1.34251,1.33879,1.34196,0.0
2026-05-28 23:00:00,1.34199,1.34495,1.33944,1.34469,0.0
2026-05-29 03:00:00,1.34463,1.34483,1.34369,1.3444,0.0
2026-05-29 07:00:00,1.34436,1.34485,1.34396,1.34401,0.0
2026-05-29 11:00:00,1.34402,1.34501,1.34313,1.34381,0.0
2026-05-29 15:00:00,1.34379,1.34445,1.34087,1.34111,0.0
2026-05-29 19:00:00,1.34101,1.34334,1.34091,1.34326,0.0
2026-05-29 23:00:00,1.34308,1.34856,1.34286,1.34659,0.0
2026-05-30 03:00:00,1.34665,1.34707,1.34551,1.34567,0.0
2026-05-30 07:00:00,1.34561,1.34582,1.34492,1.34571,0.0
2026-05-30 11:00:00,1.34572,1.34579,1.34558,1.34575,0.0
2026-05-30 15:00:00,1.34573,1.34579,1.34568,1.34575,0.0
2026-05-30 19:00:00,1.34572,1.3458,1.34561,1.34574,0.0
2026-05-30 23:00:00,1.34571,1.34617,1.34553,1.34572,0.0
2026-05-31 03:00:00,1.34572,1.3464,1.34532,1.34572,0.0
2026-05-31 07:00:00,1.34572,1.34638,1.34524,1.34573,0.0
2026-05-31 11:00:00,1.34571,1.34583,1.34553,1.34574,0.0
2026-05-31 15:00:00,1.34571,1.34579,1.34553,1.34567,0.0
2026-05-31 19:00:00,1.34564,1.34572,1.34539,1.34544,0.0
2026-05-31 23:00:00,1.34542,1.34637,1.34536,1.34567,0.0
2026-06-01 03:00:00,1.34567,1.34695,1.34512,1.34578,0.0
2026-06-01 07:00:00,1.34575,1.3464,1.34455,1.34518,0.0
2026-06-01 11:00:00,1.34515,1.3459,1.3449,1.34567,0.0
2026-06-01 15:00:00,1.34562,1.3476,1.34562,1.34706,0.0
2026-06-01 19:00:00,1.34703,1.34758,1.34549,1.34653,0.0
2026-06-01 23:00:00,1.34651,1.34651,1.34086,1.34596,0.0
2026-06-02 03:00:00,1.34599,1.34689,1.34541,1.34552,0.0
2026-06-02 07:00:00,1.34553,1.34637,1.34535,1.34536,0.0
2026-06-02 11:00:00,1.34537,1.34649,1.34515,1.34646,0.0
2026-06-02 15:00:00,1.34643,1.34815,1.34617,1.34631,0.0
2026-06-02 19:00:00,1.34626,1.34775,1.34617,1.34729,0.0
2026-06-02 23:00:00,1.34726,1.34811,1.34646,1.34657,0.0
2026-06-03 03:00:00,1.34661,1.34724,1.34546,1.34643,0.0
2026-06-03 07:00:00,1.34645,1.34704,1.34512,1.34658,0.0
2026-06-03 11:00:00,1.34652,1.34717,1.34591,1.34613,0.0
2026-06-03 15:00:00,1.3461,1.34639,1.34369,1.34447,0.0
2026-06-03 19:00:00,1.34445,1.34599,1.34289,1.34328,0.0
2026-06-03 23:00:00,1.34324,1.34392,1.34163,1.34236,0.0
2026-06-04 03:00:00,1.34234,1.34277,1.34129,1.34173,0.0
2026-06-04 07:00:00,1.34176,1.3433,1.34124,1.34249,0.0
2026-06-04 11:00:00,1.34236,1.34312,1.34175,1.34309,0.0
2026-06-04 15:00:00,1.34305,1.34358,1.3412,1.3431,0.0
2026-06-04 19:00:00,1.34316,1.34622,1.34302,1.34576,0.0
2026-06-04 23:00:00,1.34581,1.34581,1.34303,1.34357,0.0
2026-06-05 03:00:00,1.34359,1.34371,1.34209,1.34241,0.0
2026-06-05 07:00:00,1.34242,1.34307,1.34189,1.34236,0.0
2026-06-05 11:00:00,1.34234,1.34316,1.34169,1.34301,0.0
2026-06-05 15:00:00,1.34304,1.34577,1.34243,1.34559,0.0
2026-06-05 19:00:00,1.34556,1.34838,1.34092,1.34103,0.0
2026-06-05 23:00:00,1.34122,1.34217,1.33416,1.33556,0.0
2026-06-06 03:00:00,1.3355,1.33579,1.33313,1.33401,0.0
2026-06-06 07:00:00,1.33388,1.33674,1.3331,1.33405,0.0
2026-06-06 11:00:00,1.33404,1.33412,1.33397,1.33407,0.0
2026-06-06 15:00:00,1.33404,1.33423,1.33396,1.33409,0.0
2026-06-06 19:00:00,1.33407,1.33426,1.33397,1.33406,0.0
2026-06-06 23:00:00,1.33404,1.33486,1.33355,1.33403,0.0
2026-06-07 03:00:00,1.33404,1.3352,1.33337,1.33404,0.0
2026-06-07 07:00:00,1.33404,1.33502,1.33362,1.3341,0.0
2026-06-07 11:00:00,1.33407,1.33428,1.33389,1.33423,0.0
2026-06-07 15:00:00,1.3342,1.33427,1.33403,1.33416,0.0
2026-06-07 19:00:00,1.33414,1.33549,1.33392,1.33503,0.0
2026-06-07 23:00:00,1.33503,1.3357,1.33337,1.335,0.0
2026-06-08 03:00:00,1.33501,1.33604,1.33229,1.3338,0.0
2026-06-08 07:00:00,1.33358,1.33485,1.33162,1.33484,0.0
2026-06-08 11:00:00,1.3348,1.33508,1.33205,1.33393,0.0
2026-06-08 15:00:00,1.3339,1.33486,1.33214,1.3323,0.0
2026-06-08 19:00:00,1.33227,1.33702,1.33056,1.33471,0.0
2026-06-08 23:00:00,1.33473,1.33651,1.33359,1.33444,0.0
2026-06-09 03:00:00,1.33445,1.33523,1.33387,1.33387,0.0
2026-06-09 07:00:00,1.33389,1.33474,1.33319,1.33363,0.0
2026-06-09 11:00:00,1.33356,1.33627,1.33356,1.33598,0.0
2026-06-09 15:00:00,1.336,1.33828,1.33561,1.33806,0.0
2026-06-09 19:00:00,1.33813,1.3408,1.33794,1.34028,0.0
2026-06-09 23:00:00,1.34029,1.34093,1.33592,1.337,0.0
2026-06-10 03:00:00,1.33689,1.33908,1.33689,1.33789,0.0
2026-06-10 07:00:00,1.33788,1.33822,1.33687,1.33798,0.0
2026-06-10 11:00:00,1.33787,1.33903,1.33735,1.33823,0.0
2026-06-10 15:00:00,1.3382,1.33978,1.338,1.33862,0.0
2026-06-10 19:00:00,1.33867,1.34077,1.33773,1.33911,0.0
2026-06-10 23:00:00,1.33918,1.34232,1.33754,1.33883,0.0
2026-06-11 03:00:00,1.33888,1.33962,1.33674,1.33684,0.0
2026-06-11 07:00:00,1.33681,1.33769,1.33503,1.33707,0.0
2026-06-11 11:00:00,1.33703,1.33917,1.33702,1.33839,0.0
2026-06-11 15:00:00,1.33842,1.33914,1.33618,1.33649,0.0
2026-06-11 19:00:00,1.33647,1.33692,1.33417,1.33573,0.0
2026-06-11 23:00:00,1.33586,1.33612,1.33266,1.33325,0.0
2026-06-12 03:00:00,1.33331,1.34318,1.33269,1.34165,0.0
2026-06-12 07:00:00,1.34163,1.34263,1.34064,1.34068,0.0
2026-06-12 11:00:00,1.34072,1.34182,1.34006,1.34114,0.0
2026-06-12 15:00:00,1.34125,1.34187,1.33846,1.3413,0.0
2026-06-12 19:00:00,1.3413,1.34259,1.33906,1.33946,0.0
2026-06-12 23:00:00,1.33943,1.34236,1.33915,1.34147,0.0
2026-06-13 03:00:00,1.34151,1.34212,1.34023,1.34049,0.0
2026-06-13 07:00:00,1.34051,1.34088,1.34043,1.34052,0.0
2026-06-13 11:00:00,1.34049,1.34062,1.34039,1.3405,0.0
2026-06-13 15:00:00,1.34047,1.34061,1.34043,1.34052,0.0
2026-06-13 19:00:00,1.34049,1.34067,1.34037,1.34065,0.0
2026-06-13 23:00:00,1.34061,1.34098,1.34039,1.34053,0.0
2026-06-14 03:00:00,1.34053,1.34086,1.34041,1.34066,0.0
2026-06-14 07:00:00,1.34065,1.34093,1.34047,1.34065,0.0
2026-06-14 11:00:00,1.34062,1.34078,1.34045,1.34072,0.0
2026-06-14 15:00:00,1.3407,1.34078,1.34054,1.34072,0.0
2026-06-14 19:00:00,1.3407,1.34081,1.3395,1.3402,0.0
2026-06-14 23:00:00,1.34021,1.34075,1.33932,1.33978,0.0
2026-06-15 03:00:00,1.33979,1.34248,1.3387,1.33991,0.0
2026-06-15 07:00:00,1.34004,1.34614,1.33994,1.3445,0.0
2026-06-15 11:00:00,1.34453,1.34512,1.34329,1.34504,0.0
2026-06-15 15:00:00,1.34499,1.346,1.34183,1.34236,0.0
2026-06-15 19:00:00,1.34234,1.34341,1.34177,1.34289,0.0
2026-06-15 23:00:00,1.34292,1.34442,1.34247,1.34306,0.0
2026-06-16 03:00:00,1.34303,1.34309,1.3406,1.34128,0.0
2026-06-16 07:00:00,1.34127,1.34183,1.3408,1.34139,0.0
2026-06-16 11:00:00,1.34132,1.34178,1.33921,1.33969,0.0
2026-06-16 15:00:00,1.33966,1.34239,1.33905,1.34238,0.0
2026-06-16 19:00:00,1.34236,1.34316,1.34079,1.34153,0.0
2026-06-16 23:00:00,1.34155,1.34423,1.34039,1.34308,0.0
2026-06-17 03:00:00,1.34308,1.34328,1.34224,1.34268,0.0
2026-06-17 07:00:00,1.34266,1.34344,1.34234,1.34298,0.0
2026-06-17 11:00:00,1.34287,1.34343,1.3425,1.34306,0.0
2026-06-17 15:00:00,1.34307,1.34346,1.34086,1.3417,0.0
2026-06-17 19:00:00,1.34166,1.34194,1.34005,1.34161,0.0
2026-06-17 23:00:00,1.34156,1.34183,1.33892,1.33953,0.0
2026-06-18 03:00:00,1.33955,1.34184,1.32624,1.32961,0.0
2026-06-18 07:00:00,1.32957,1.33181,1.3285,1.33069,0.0
2026-06-18 11:00:00,1.33066,1.332,1.33066,1.33151,0.0
2026-06-18 15:00:00,1.33156,1.33264,1.32424,1.32428,0.0
2026-06-18 19:00:00,1.32435,1.32531,1.32048,1.32374,0.0
2026-06-18 23:00:00,1.32364,1.3255,1.32121,1.32196,0.0
2026-06-19 03:00:00,1.32183,1.32307,1.31942,1.3205,0.0
2026-06-19 07:00:00,1.32047,1.3216,1.31995,1.32115,0.0
2026-06-19 11:00:00,1.3211,1.3211,1.31686,1.31688,0.0
2026-06-19 15:00:00,1.3169,1.32328,1.31637,1.32326,0.0
2026-06-19 19:00:00,1.32325,1.32414,1.32237,1.32379,0.0
2026-06-19 23:00:00,1.32376,1.32382,1.32142,1.3228,0.0
2026-06-20 03:00:00,1.32269,1.32388,1.32254,1.32368,0.0
2026-06-20 07:00:00,1.32354,1.32354,1.32279,1.32319,0.0
2026-06-20 11:00:00,1.32316,1.32328,1.32312,1.32319,0.0
2026-06-20 15:00:00,1.32317,1.32333,1.32312,1.3232,0.0
2026-06-20 19:00:00,1.32318,1.32331,1.32309,1.32312,0.0
2026-06-20 23:00:00,1.32313,1.32345,1.32307,1.32315,0.0
2026-06-21 03:00:00,1.32315,1.32335,1.3231,1.32314,0.0
2026-06-21 07:00:00,1.32312,1.32333,1.32299,1.32317,0.0
2026-06-21 11:00:00,1.32314,1.32333,1.32307,1.32323,0.0
2026-06-21 15:00:00,1.32321,1.32338,1.32313,1.32322,0.0
2026-06-21 19:00:00,1.32322,1.32436,1.32257,1.32401,0.0
2026-06-21 23:00:00,1.32402,1.32458,1.32248,1.32399,0.0
2026-06-22 03:00:00,1.32399,1.32405,1.31697,1.31969,0.0
2026-06-22 07:00:00,1.31983,1.32211,1.31899,1.32209,0.0
2026-06-22 11:00:00,1.32198,1.32339,1.32037,1.32071,0.0
2026-06-22 15:00:00,1.32069,1.32208,1.31836,1.32045,0.0
2026-06-22 19:00:00,1.3205,1.32726,1.3205,1.32594,0.0
2026-06-22 23:00:00,1.32604,1.3267,1.32387,1.3246,0.0
2026-06-23 03:00:00,1.32455,1.32517,1.3241,1.32509,0.0
2026-06-23 07:00:00,1.32505,1.32611,1.324,1.32447,0.0
2026-06-23 11:00:00,1.32446,1.32497,1.3235,1.32361,0.0
2026-06-23 15:00:00,1.32364,1.32491,1.32132,1.32199,0.0
2026-06-23 19:00:00,1.32203,1.32314,1.32038,1.32095,0.0
2026-06-23 23:00:00,1.32102,1.32216,1.31856,1.31868,0.0
2026-06-24 03:00:00,1.31871,1.32036,1.31822,1.32034,0.0
2026-06-24 07:00:00,1.3203,1.32057,1.31945,1.31992,0.0
2026-06-24 11:00:00,1.31989,1.32039,1.31881,1.31933,0.0
2026-06-24 15:00:00,1.31931,1.32095,1.31733,1.31931,0.0
2026-06-24 19:00:00,1.31933,1.3195,1.31428,1.31504,0.0
2026-06-24 23:00:00,1.315,1.31791,1.31416,1.31695,0.0
2026-06-25 03:00:00,1.31696,1.31732,1.31546,1.31703,0.0
2026-06-25 07:00:00,1.31696,1.31735,1.31586,1.31646,0.0
2026-06-25 11:00:00,1.31642,1.31857,1.31628,1.31825,0.0
2026-06-25 15:00:00,1.31824,1.31965,1.31672,1.31904,0.0
2026-06-25 19:00:00,1.319,1.3197,1.31478,1.3176,0.0
2026-06-25 23:00:00,1.31765,1.32192,1.31735,1.32054,0.0
2026-06-26 03:00:00,1.32055,1.32064,1.31907,1.31909,0.0
2026-06-26 07:00:00,1.31911,1.32036,1.31855,1.31934,0.0
2026-06-26 11:00:00,1.31927,1.32018,1.31807,1.32007,0.0
2026-06-26 15:00:00,1.32009,1.32223,1.31917,1.32183,0.0
2026-06-26 19:00:00,1.32181,1.32282,1.32017,1.32161,0.0
2026-06-26 23:00:00,1.32155,1.32315,1.31991,1.32061,0.0
2026-06-27 03:00:00,1.32061,1.32103,1.31917,1.31979,0.0
2026-06-27 07:00:00,1.31973,1.32043,1.31933,1.31951,0.0
2026-06-27 11:00:00,1.31948,1.3198,1.31937,1.31949,0.0
2026-06-27 15:00:00,1.31948,1.31993,1.31932,1.31954,0.0
2026-06-27 19:00:00,1.3195,1.31989,1.31928,1.31968,0.0
2026-06-27 23:00:00,1.31964,1.32009,1.31931,1.31983,0.0
2026-06-28 03:00:00,1.31982,1.32009,1.31932,1.31979,0.0
2026-06-28 07:00:00,1.31976,1.32051,1.31936,1.31969,0.0
2026-06-28 11:00:00,1.31966,1.32013,1.31949,1.32003,0.0
2026-06-28 15:00:00,1.32,1.32012,1.31929,1.32004,0.0
2026-06-28 19:00:00,1.32004,1.32019,1.31999,1.32012,0.0
2026-06-28 23:00:00,1.32012,1.32018,1.3194,1.3195,0.0
2026-06-29 03:00:00,1.31949,1.32182,1.31924,1.32074,0.0
2026-06-29 07:00:00,1.32075,1.32088,1.31914,1.32006,0.0
2026-06-29 11:00:00,1.32003,1.32103,1.31962,1.31997,0.0
2026-06-29 15:00:00,1.31994,1.32287,1.31989,1.32071,0.0
2026-06-29 19:00:00,1.32066,1.32399,1.32066,1.32305,0.0
2026-06-29 23:00:00,1.32295,1.32587,1.32287,1.32546,0.0
2026-06-30 03:00:00,1.32549,1.32627,1.32513,1.32599,0.0
2026-06-30 07:00:00,1.32596,1.32629,1.32408,1.32445,0.0
2026-06-30 11:00:00,1.32441,1.32485,1.32291,1.32296,0.0
2026-06-30 15:00:00,1.32303,1.32473,1.32228,1.32311,0.0
2026-06-30 19:00:00,1.32311,1.32401,1.32117,1.32184,0.0
2026-06-30 23:00:00,1.32195,1.32772,1.32153,1.32502,0.0
2026-07-01 03:00:00,1.32503,1.32663,1.32503,1.32608,0.0
2026-07-01 07:00:00,1.32603,1.32641,1.32444,1.32465,0.0
2026-07-01 11:00:00,1.32462,1.32464,1.32319,1.32428,0.0
2026-07-01 15:00:00,1.32428,1.32527,1.32293,1.32461,0.0
2026-07-01 19:00:00,1.32465,1.3258,1.32349,1.32395,0.0
2026-07-01 23:00:00,1.32399,1.32934,1.32199,1.32847,0.0
2026-07-02 03:00:00,1.3284,1.32852,1.32698,1.32761,0.0
2026-07-02 07:00:00,1.32758,1.32847,1.3269,1.32794,0.0
2026-07-02 11:00:00,1.3279,1.32949,1.32776,1.32896,0.0
2026-07-02 15:00:00,1.32892,1.33638,1.32871,1.3355,0.0
2026-07-02 19:00:00,1.33558,1.33801,1.32989,1.33665,0.0
2026-07-02 23:00:00,1.33675,1.33833,1.33501,1.33545,0.0
2026-07-03 03:00:00,1.33553,1.33553,1.33381,1.33475,0.0
2026-07-03 07:00:00,1.33472,1.33527,1.33348,1.3347,0.0
2026-07-03 11:00:00,1.33457,1.33665,1.33457,1.33649,0.0
2026-07-03 15:00:00,1.33649,1.33803,1.33579,1.33613,0.0
2026-07-03 19:00:00,1.33613,1.33634,1.33502,1.33562,0.0
2026-07-03 23:00:00,1.33564,1.33585,1.3347,1.33555,0.0
2026-07-04 03:00:00,1.33551,1.33587,1.3347,1.33493,0.0
2026-07-04 07:00:00,1.33493,1.33565,1.33481,1.33505,0.0
2026-07-04 11:00:00,1.33503,1.33522,1.33493,1.33502,0.0
2026-07-04 15:00:00,1.33502,1.33535,1.33492,1.33501,0.0
2026-07-04 19:00:00,1.33502,1.33546,1.33497,1.3352,0.0
2026-07-04 23:00:00,1.33518,1.33565,1.33504,1.33524,0.0
2026-07-05 03:00:00,1.33522,1.33554,1.3348,1.33513,0.0
2026-07-05 07:00:00,1.3351,1.33554,1.33498,1.33509,0.0
2026-07-05 11:00:00,1.33507,1.33544,1.33505,1.33536,0.0
2026-07-05 15:00:00,1.33536,1.33543,1.33505,1.33532,0.0
2026-07-05 19:00:00,1.33533,1.33638,1.33459,1.33607,0.0
2026-07-05 23:00:00,1.33607,1.33642,1.3343,1.33504,0.0
2026-07-06 03:00:00,1.33502,1.33776,1.33332,1.33469,0.0
2026-07-06 07:00:00,1.33483,1.33567,1.33419,1.33532,0.0
2026-07-06 11:00:00,1.33529,1.33553,1.33396,1.33433,0.0
2026-07-06 15:00:00,1.33434,1.33506,1.33292,1.33379,0.0
2026-07-06 19:00:00,1.33372,1.3352,1.33317,1.33402,0.0
2026-07-06 23:00:00,1.33407,1.33767,1.33407,1.33754,0.0
2026-07-07 03:00:00,1.33757,1.33975,1.33745,1.33899,0.0
2026-07-07 07:00:00,1.33896,1.34011,1.33817,1.33894,0.0
2026-07-07 11:00:00,1.33896,1.34027,1.33888,1.33897,0.0
2026-07-07 15:00:00,1.339,1.33941,1.3375,1.33932,0.0
2026-07-07 19:00:00,1.33926,1.33956,1.33702,1.3383,0.0
2026-07-07 23:00:00,1.33832,1.33909,1.33623,1.33712,0.0
2026-07-08 03:00:00,1.33707,1.33764,1.33493,1.33592,0.0
2026-07-08 07:00:00,1.33584,1.33609,1.33441,1.33542,0.0
2026-07-08 11:00:00,1.3354,1.33594,1.33431,1.33535,0.0
2026-07-08 15:00:00,1.33535,1.33705,1.33378,1.33385,0.0
2026-07-08 19:00:00,1.33398,1.33566,1.33239,1.33433,0.0
2026-07-08 23:00:00,1.33444,1.33859,1.33409,1.33852,0.0
2026-07-09 03:00:00,1.33844,1.34102,1.33844,1.33896,0.0
2026-07-09 07:00:00,1.3389,1.34039,1.3382,1.33977,0.0
2026-07-09 11:00:00,1.33972,1.34006,1.33872,1.33993,0.0
2026-07-09 15:00:00,1.33991,1.343,1.33987,1.34112,0.0
2026-07-09 19:00:00,1.3412,1.34162,1.33826,1.33855,0.0
2026-07-09 23:00:00,1.3386,1.34125,1.33843,1.34103,0.0
2026-07-10 03:00:00,1.34105,1.34205,1.34053,1.34092,0.0
2026-07-10 07:00:00,1.34089,1.34246,1.34016,1.34246,0.0
2026-07-10 11:00:00,1.34244,1.34517,1.34199,1.343,0.0
2026-07-10 15:00:00,1.34293,1.34358,1.34102,1.34115,0.0
2026-07-10 19:00:00,1.34116,1.34371,1.34098,1.34198,0.0
2026-07-10 23:00:00,1.34185,1.3424,1.33951,1.34152,0.0
2026-07-11 03:00:00,1.34143,1.34143,1.33932,1.34021,0.0
2026-07-11 07:00:00,1.34013,1.34055,1.33934,1.3399,0.0
2026-07-11 11:00:00,1.33984,1.34027,1.33931,1.3402,0.0
2026-07-11 15:00:00,1.34021,1.34039,1.33944,1.33974,0.0
2026-07-11 19:00:00,1.33967,1.34045,1.33922,1.34003,0.0
2026-07-11 23:00:00,1.34001,1.3403,1.33999,1.34011,0.0
2026-07-12 03:00:00,1.34013,1.34026,1.33914,1.34025,0.0
2026-07-12 07:00:00,1.34022,1.34035,1.34019,1.3403,0.0
2026-07-12 11:00:00,1.34027,1.34035,1.3402,1.34024,0.0
2026-07-12 15:00:00,1.34025,1.34034,1.34019,1.34022,0.0
2026-07-12 19:00:00,1.34023,1.34032,1.34014,1.34017,0.0
2026-07-12 23:00:00,1.34016,1.34076,1.3391,1.3404,0.0
2026-07-13 03:00:00,1.34037,1.34108,1.33876,1.33965,0.0
2026-07-13 07:00:00,1.3396,1.3396,1.33704,1.33772,0.0
2026-07-13 11:00:00,1.3377,1.33854,1.33686,1.33851,0.0
2026-07-13 15:00:00,1.33847,1.34122,1.33754,1.3396,0.0
2026-07-13 19:00:00,1.3397,1.34023,1.33823,1.3397,0.0
2026-07-13 23:00:00,1.33958,1.34011,1.33583,1.33632,0.0
2026-07-14 03:00:00,1.33624,1.33665,1.33428,1.33464,0.0
2026-07-14 07:00:00,1.33458,1.33588,1.33408,1.33541,0.0
2026-07-14 11:00:00,1.33545,1.33638,1.33515,1.33595,0.0
2026-07-14 15:00:00,1.33589,1.33765,1.33513,1.33741,0.0
2026-07-14 19:00:00,1.33744,1.34382,1.33669,1.34049,0.0
2026-07-14 23:00:00,1.3405,1.34226,1.33755,1.33907,0.0
2026-07-15 03:00:00,1.33903,1.33923,1.33688,1.33916,0.0
2026-07-15 07:00:00,1.33914,1.34043,1.33784,1.34042,0.0
2026-07-15 11:00:00,1.34039,1.34099,1.3399,1.34032,0.0
2026-07-15 15:00:00,1.34033,1.34203,1.33917,1.3396,0.0
2026-07-15 19:00:00,1.33953,1.34306,1.33806,1.34301,0.0
2026-07-15 23:00:00,1.34289,1.3528,1.34225,1.35236,0.0
2026-07-16 03:00:00,1.35233,1.35583,1.35232,1.35393,0.0
2026-07-16 07:00:00,1.35385,1.3546,1.3521,1.35344,0.0
2026-07-16 11:00:00,1.35339,1.3538,1.35206,1.35328,0.0
2026-07-16 15:00:00,1.35329,1.35429,1.35192,1.35216,0.0
2026-07-16 19:00:00,1.35214,1.35217,1.34949,1.34987,0.0
2026-07-16 23:00:00,1.34985,1.35178,1.34659,1.34677,0.0
2026-07-17 03:00:00,1.34677,1.34803,1.34601,1.34802,0.0
2026-07-17 07:00:00,1.34799,1.34845,1.34702,1.34771,0.0
2026-07-17 11:00:00,1.34763,1.34808,1.34573,1.34589,0.0
2026-07-17 15:00:00,1.34592,1.34804,1.34427,1.34439,0.0
2026-07-17 19:00:00,1.34434,1.34469,1.34245,1.34302,0.0
2026-07-17 23:00:00,1.34307,1.34557,1.34293,1.34554,0.0
2026-07-18 03:00:00,1.34551,1.34602,1.34515,1.34523,0.0
2026-07-18 07:00:00,1.34528,1.34544,1.34469,1.34523,0.0
2026-07-18 11:00:00,1.34524,1.3453,1.34515,1.34521,0.0
2026-07-18 15:00:00,1.34522,1.34533,1.34506,1.34525,0.0
2026-07-18 19:00:00,1.34525,1.34534,1.34504,1.34528,0.0
2026-07-18 23:00:00,1.34526,1.3454,1.34501,1.34521,0.0
2026-07-19 03:00:00,1.34518,1.34542,1.34492,1.34507,0.0
2026-07-19 07:00:00,1.34505,1.34527,1.34481,1.34521,0.0
2026-07-19 11:00:00,1.34521,1.34533,1.34511,1.34518,0.0
2026-07-19 15:00:00,1.34519,1.34528,1.34512,1.34522,0.0
2026-07-19 19:00:00,1.34522,1.34529,1.34497,1.34517,0.0
2026-07-19 23:00:00,1.34515,1.3455,1.34485,1.34521,0.0
2026-07-20 03:00:00,1.34518,1.34646,1.34358,1.34514,0.0
2026-07-20 07:00:00,1.34512,1.34559,1.34401,1.34508,0.0
2026-07-20 11:00:00,1.34505,1.34681,1.3449,1.34669,0.0
2026-07-20 15:00:00,1.34667,1.34804,1.34567,1.34695,0.0
2026-07-20 19:00:00,1.34695,1.34765,1.34487,1.3455,0.0
2026-07-20 23:00:00,1.34549,1.34596,1.34153,1.34198,0.0
2026-07-21 03:00:00,1.34193,1.34397,1.34171,1.34313,0.0
2026-07-21 07:00:00,1.34312,1.34356,1.34223,1.34336,0.0
2026-07-21 11:00:00,1.34334,1.3441,1.34302,1.34396,0.0
2026-07-21 15:00:00,1.34399,1.34562,1.34286,1.34313,0.0
2026-07-21 19:00:00,1.34311,1.34351,1.33837,1.33914,0.0
2026-07-21 23:00:00,1.33908,1.33991,1.336,1.33842,0.0
2026-07-22 03:00:00,1.33839,1.33875,1.33736,1.3374,0.0
2026-07-22 07:00:00,1.33746,1.33874,1.33684,1.33856,0.0
2026-07-22 11:00:00,1.33843,1.33892,1.33795,1.33841,0.0
2026-07-22 15:00:00,1.33836,1.33949,1.33701,1.33751,0.0
2026-07-22 19:00:00,1.33747,1.33751,1.33553,1.33605,0.0
2026-07-22 23:00:00,1.33596,1.33907,1.33596,1.33737,0.0
2026-07-23 03:00:00,1.33733,1.33773,1.33689,1.33761,0.0
2026-07-23 07:00:00,1.3376,1.33819,1.3368,1.33811,0.0
2026-07-23 11:00:00,1.33799,1.33937,1.33799,1.33867,0.0
2026-07-23 15:00:00,1.33861,1.33906,1.33626,1.3369,0.0
2026-07-23 19:00:00,1.33692,1.33772,1.33356,1.33441,0.0
2026-07-23 23:00:00,1.33434,1.33456,1.33003,1.33246,0.0
2026-07-24 03:00:00,1.33244,1.3325,1.33122,1.3315,0.0
2026-07-24 07:00:00,1.3315,1.33233,1.33088,1.33221,0.0
2026-07-24 11:00:00,1.33205,1.33266,1.33071,1.331,0.0
2026-07-24 15:00:00,1.33095,1.33442,1.33092,1.33202,0.0
2026-07-24 19:00:00,1.33211,1.33289,1.33073,1.33099,0.0
2026-07-24 23:00:00,1.33099,1.3349,1.33065,1.33343,0.0
2026-07-25 03:00:00,1.33341,1.33341,1.33161,1.33245,0.0
2026-07-25 07:00:00,1.33231,1.33257,1.33177,1.33238,0.0
2026-07-25 11:00:00,1.33239,1.33248,1.33213,1.33237,0.0
2026-07-25 15:00:00,1.33237,1.33245,1.3322,1.33239,0.0
2026-07-25 19:00:00,1.33238,1.33246,1.33218,1.3323,0.0
2026-07-25 23:00:00,1.33227,1.33248,1.33211,1.33229,0.0
2026-07-26 03:00:00,1.33226,1.33254,1.33214,1.33237,0.0
2026-07-26 07:00:00,1.33234,1.33253,1.33225,1.33228,0.0
2026-07-26 11:00:00,1.33229,1.33249,1.33219,1.3323,0.0
2026-07-26 15:00:00,1.3323,1.33239,1.33216,1.33222,0.0
2026-07-26 19:00:00,1.33221,1.33236,1.33214,1.33226,0.0
2026-07-26 23:00:00,1.33223,1.33248,1.33192,1.33223,0.0
2026-07-27 03:00:00,1.3322,1.33429,1.33166,1.33313,0.0
2026-07-27 07:00:00,1.33316,1.33623,1.33237,1.3352,0.0
2026-07-27 11:00:00,1.33517,1.33638,1.33504,1.33528,0.0
2026-07-27 15:00:00,1.33527,1.33609,1.33306,1.33401,0.0
2026-07-27 19:00:00,1.33399,1.33416,1.33051,1.33177,0.0
2026-07-27 23:00:00,1.33171,1.33225,1.33004,1.33052,0.0
2026-07-28 03:00:00,1.33048,1.33048,1.32844,1.32889,0.0
2026-07-28 07:00:00,1.32886,1.33066,1.32864,1.32932,0.0
2026-07-28 11:00:00,1.32926,1.33049,1.32903,1.32942,0.0
2026-07-28 15:00:00,1.32938,1.33062,1.32848,1.33021,0.0
2026-07-28 19:00:00,1.33017,1.33037,1.32733,1.32984,0.0
2026-07-28 23:00:00,1.3298,1.33107,1.32871,1.3302,0.0
2026-07-29 03:00:00,1.33022,1.33053,1.32864,1.32906,0.0
2026-07-29 07:00:00,1.329,1.32963,1.32807,1.32928,0.0
2026-07-29 11:00:00,1.3293,1.33012,1.3282,1.32977,0.0
2026-07-29 15:00:00,1.32971,1.33092,1.32952,1.33062,0.0
2026-07-29 19:00:00,1.3307,1.3307,1.32795,1.3282,0.0
2026-07-29 23:00:00,1.32819,1.33074,1.32807,1.32892,0.0
2026-07-30 03:00:00,1.3289,1.33872,1.32864,1.33686,0.0
2026-07-30 07:00:00,1.33682,1.33763,1.33438,1.33556,0.0
2026-07-30 11:00:00,1.3355,1.33599,1.33422,1.33441,0.0
2026-07-30 15:00:00,1.33442,1.33631,1.33332,1.33551,0.0
2026-07-30 19:00:00,1.33554,1.34059,1.33548,1.33742,0.0
2026-07-30 23:00:00,1.33735,1.34702,1.33688,1.34624,0.0
2026-07-31 03:00:00,1.34611,1.34769,1.34556,1.34637,0.0
2026-07-31 07:00:00,1.34645,1.34714,1.3454,1.34592,0.0
2026-07-31 11:00:00,1.34595,1.34626,1.34427,1.34458,0.0
2026-07-31 15:00:00,1.34455,1.34638,1.34358,1.34636,0.0
2026-07-31 19:00:00,1.3463,1.34682,1.34158,1.34223,0.0
2026-07-31 23:00:00,1.34235,1.34722,1.34011,1.34661,0.0
2026-08-01 03:00:00,1.34658,1.34944,1.34637,1.34804,0.0
2026-08-01 07:00:00,1.34816,1.34854,1.34628,1.34776,0.0
2026-08-01 11:00:00,1.34777,1.34814,1.34754,1.34794,0.0
2026-08-01 15:00:00,1.3479,1.34807,1.34766,1.34782,0.0
2026-08-01 19:00:00,1.3478,1.34793,1.3477,1.34787,0.0
2026-08-01 23:00:00,1.34784,1.3481,1.34731,1.34781,0.0
2026-08-02 03:00:00,1.34779,1.34809,1.34718,1.34787,0.0
2026-08-02 07:00:00,1.34787,1.34828,1.34727,1.34791,0.0
2026-08-02 11:00:00,1.34792,1.34818,1.34784,1.34813,0.0
2026-08-02 15:00:00,1.34813,1.3482,1.34789,1.34812,0.0
2026-08-02 19:00:00,1.3481,1.34822,1.34809,1.34818,0.0
2026-08-02 23:00:00,1.34815,1.34861,1.34738,1.34792,0.0
2026-08-03 03:00:00,1.3479,1.34959,1.34693,1.34808,0.0
2026-08-03 07:00:00,1.34828,1.35065,1.34807,1.34876,0.0
2026-08-03 11:00:00,1.34877,1.34896,1.34647,1.34722,0.0
2026-08-03 15:00:00,1.3472,1.34778,1.34533,1.34548,0.0
2026-08-03 19:00:00,1.34553,1.34722,1.34486,1.34643,0.0
2026-08-03 23:00:00,1.34632,1.34667,1.34248,1.3428,0.0
2026-08-04 03:00:00,1.34279,1.34349,1.34183,1.34339,0.0
2026-08-04 07:00:00,1.34334,1.34343,1.34244,1.34256,0.0
2026-08-04 11:00:00,1.34254,1.34326,1.34208,1.34264,0.0
2026-08-04 15:00:00,1.34266,1.34426,1.34198,1.34418,0.0
2026-08-04 19:00:00,1.34415,1.34548,1.34364,1.34432,0.0
2026-08-04 23:00:00,1.34439,1.34566,1.34382,1.34471,0.0
2026-08-05 03:00:00,1.34468,1.34548,1.34396,1.34542,0.0
2026-08-05 07:00:00,1.34536,1.34562,1.34456,1.34506,0.0
2026-08-05 11:00:00,1.34511,1.34604,1.34447,1.34547,0.0
2026-08-05 15:00:00,1.34546,1.34702,1.34515,1.34597,0.0
2026-08-05 19:00:00,1.34589,1.34845,1.34553,1.34718,0.0
2026-08-05 23:00:00,1.34715,1.34864,1.34575,1.34601,0.0
2026-08-06 03:00:00,1.34603,1.34733,1.34561,1.34688,0.0
2026-08-06 07:00:00,1.34685,1.34714,1.34638,1.34662,0.0
2026-08-06 11:00:00,1.34668,1.34731,1.34586,1.34604,0.0
2026-08-06 15:00:00,1.34603,1.34662,1.3455,1.34637,0.0
2026-08-06 19:00:00,1.34632,1.34718,1.34528,1.347,0.0
2026-08-06 23:00:00,1.34697,1.34795,1.34497,1.34555,0.0
2026-08-07 03:00:00,1.34555,1.34595,1.34486,1.34541,0.0
2026-08-07 07:00:00,1.34535,1.3458,1.34431,1.34502,0.0
2026-08-07 11:00:00,1.34499,1.34562,1.3449,1.34541,0.0
2026-08-07 15:00:00,1.34544,1.34585,1.34443,1.34457,0.0
2026-08-07 19:00:00,1.34453,1.35093,1.34347,1.34991,0.0
2026-08-07 23:00:00,1.34978,1.35093,1.34824,1.3496,0.0
2026-08-08 03:00:00,1.34964,1.35037,1.34895,1.34936,0.0
2026-08-08 07:00:00,1.34932,1.34974,1.34772,1.34916,0.0
2026-08-08 11:00:00,1.34917,1.35022,1.34668,1.34834,0.0
2026-08-08 15:00:00,1.34844,1.34978,1.34559,1.3492,0.0
2026-08-08 19:00:00,1.34917,1.34931,1.34895,1.3492,0.0
2026-08-08 23:00:00,1.34918,1.3506,1.34519,1.3492,0.0
2026-08-09 03:00:00,1.34916,1.34924,1.34898,1.34916,0.0
2026-08-09 07:00:00,1.34917,1.34924,1.3491,1.34916,0.0
2026-08-09 11:00:00,1.34917,1.34923,1.34913,1.34916,0.0
2026-08-09 15:00:00,1.34915,1.34923,1.34913,1.3492,0.0
2026-08-09 19:00:00,1.34917,1.34972,1.34769,1.34786,0.0
2026-08-09 23:00:00,1.34783,1.34954,1.34526,1.34713,0.0
2026-08-10 03:00:00,1.3471,1.35015,1.34698,1.34964,0.0
2026-08-10 07:00:00,1.3496,1.35008,1.34878,1.34912,0.0
2026-08-10 11:00:00,1.34912,1.34917,1.34834,1.34891,0.0
2026-08-10 15:00:00,1.34895,1.35051,1.34876,1.35034,0.0
2026-08-10 19:00:00,1.35029,1.35071,1.34902,1.34971,0.0
2026-08-10 23:00:00,1.34969,1.35312,1.34951,1.3515,0.0
2026-08-11 03:00:00,1.3515,1.3515,1.35051,1.35078,0.0
2026-08-11 07:00:00,1.35074,1.3515,1.35048,1.35117,0.0
2026-08-11 11:00:00,1.35118,1.35155,1.35037,1.35111,0.0
2026-08-11 15:00:00,1.3511,1.35156,1.34954,1.35043,0.0
2026-08-11 19:00:00,1.3504,1.35057,1.34928,1.35006,0.0
2026-08-11 23:00:00,1.35005,1.35144,1.3497,1.35067,0.0
2026-08-12 03:00:00,1.35064,1.35095,1.34969,1.35084,0.0
2026-08-12 07:00:00,1.3508,1.35117,1.35031,1.35088,0.0
2026-08-12 11:00:00,1.35086,1.35094,1.3502,1.35076,0.0
2026-08-12 15:00:00,1.35074,1.35133,1.35027,1.35103,0.0
2026-08-12 19:00:00,1.35099,1.35402,1.35095,1.35348,0.0
2026-08-12 23:00:00,1.35341,1.35399,1.34953,1.34979,0.0
2026-08-13 03:00:00,1.34976,1.35026,1.34881,1.34956,0.0
2026-08-13 07:00:00,1.34952,1.35008,1.34913,1.34972,0.0
2026-08-13 11:00:00,1.34966,1.34999,1.34866,1.34961,0.0
2026-08-13 15:00:00,1.34956,1.34976,1.3475,1.34805,0.0
2026-08-13 19:00:00,1.34799,1.35089,1.3476,1.35084,0.0
2026-08-13 23:00:00,1.3507,1.35126,1.34831,1.34862,0.0
2026-08-14 03:00:00,1.34864,1.34894,1.34802,1.3487,0.0
2026-08-14 07:00:00,1.34871,1.3498,1.34834,1.34979,0.0
2026-08-14 11:00:00,1.34976,1.34999,1.34891,1.34971,0.0
2026-08-14 15:00:00,1.34972,1.35265,1.34972,1.35232,0.0
2026-08-14 19:00:00,1.3522,1.35507,1.35199,1.35396,0.0
2026-08-14 23:00:00,1.35385,1.35613,1.35353,1.3539,0.0
2026-08-15 03:00:00,1.35391,1.35394,1.3528,1.35341,0.0
2026-08-15 07:00:00,1.35337,1.35422,1.3524,1.35332,0.0
2026-08-15 11:00:00,1.35334,1.35342,1.35316,1.35337,0.0
2026-08-15 15:00:00,1.35334,1.35345,1.35314,1.35337,0.0
2026-08-15 19:00:00,1.35333,1.35342,1.35305,1.35329,0.0
2026-08-15 23:00:00,1.35327,1.35364,1.35303,1.35312,0.0
2026-08-16 03:00:00,1.35313,1.35377,1.35305,1.35334,0.0
2026-08-16 07:00:00,1.3533,1.35377,1.35293,1.35326,0.0
2026-08-16 11:00:00,1.35324,1.35333,1.35295,1.35314,0.0
2026-08-16 15:00:00,1.35311,1.3533,1.35305,1.35316,0.0
2026-08-16 19:00:00,1.35313,1.35324,1.353,1.35308,0.0
2026-08-16 23:00:00,1.35305,1.35373,1.35291,1.35312,0.0
2026-08-17 03:00:00,1.35312,1.35442,1.35096,1.35358,0.0
2026-08-17 07:00:00,1.35362,1.35563,1.35308,1.35535,0.0
2026-08-17 11:00:00,1.35535,1.35569,1.3547,1.35524,0.0
2026-08-17 15:00:00,1.35521,1.3572,1.35501,1.35538,0.0
2026-08-17 19:00:00,1.35535,1.35652,1.35514,1.35588,0.0
2026-08-17 23:00:00,1.35573,1.35685,1.35509,1.35584,0.0
2026-08-18 03:00:00,1.35588,1.35606,1.35359,1.35407,0.0
2026-08-18 07:00:00,1.35416,1.35543,1.35416,1.35488,0.0
2026-08-18 11:00:00,1.35487,1.35537,1.35314,1.35369,0.0
2026-08-18 15:00:00,1.35367,1.35393,1.35201,1.35328,0.0
2026-08-18 19:00:00,1.35331,1.35341,1.35201,1.35337,0.0
2026-08-18 23:00:00,1.35336,1.35507,1.35312,1.35409,0.0
2026-08-19 03:00:00,1.35411,1.35413,1.35288,1.35324,0.0
2026-08-19 07:00:00,1.35321,1.35424,1.35287,1.35304,0.0
2026-08-19 11:00:00,1.35311,1.35435,1.35237,1.35425,0.0
2026-08-19 15:00:00,1.35422,1.35665,1.35397,1.35542,0.0
2026-08-19 19:00:00,1.3554,1.3602,1.35468,1.35986,0.0
2026-08-19 23:00:00,1.36007,1.36294,1.35953,1.36106,0.0
2026-08-20 03:00:00,1.36111,1.36149,1.3588,1.36071,0.0
2026-08-20 07:00:00,1.3607,1.36149,1.35981,1.36007,0.0
2026-08-20 11:00:00,1.36003,1.36163,1.35949,1.36074,0.0
2026-08-20 15:00:00,1.36083,1.36377,1.36001,1.36352,0.0
2026-08-20 19:00:00,1.36344,1.36584,1.36214,1.36443,0.0
2026-08-20 23:00:00,1.36437,1.36525,1.36246,1.3633,0.0
2026-08-21 03:00:00,1.36324,1.36331,1.36206,1.3631,0.0
2026-08-21 07:00:00,1.3631,1.36467,1.36274,1.36386,0.0
2026-08-21 11:00:00,1.36385,1.36552,1.3637,1.36436,0.0
2026-08-21 15:00:00,1.36433,1.36638,1.36364,1.36627,0.0
2026-08-21 19:00:00,1.36601,1.36752,1.36362,1.36439,0.0
2026-08-21 23:00:00,1.36431,1.36472,1.36188,1.36427,0.0
2026-08-22 03:00:00,1.36421,1.36536,1.364,1.36453,0.0
2026-08-22 07:00:00,1.36448,1.3646,1.36398,1.36456,0.0
2026-08-22 11:00:00,1.36455,1.3646,1.36426,1.3644,0.0
2026-08-22 15:00:00,1.3644,1.3646,1.36428,1.3644,0.0
2026-08-22 19:00:00,1.36439,1.36468,1.36424,1.36437,0.0
2026-08-22 23:00:00,1.3644,1.36454,1.3639,1.36441,0.0
2026-08-23 03:00:00,1.36442,1.36478,1.36379,1.36443,0.0
2026-08-23 07:00:00,1.36444,1.3648,1.36361,1.36431,0.0
2026-08-23 11:00:00,1.36429,1.3645,1.36408,1.36418,0.0
2026-08-23 15:00:00,1.36415,1.36453,1.36392,1.36415,0.0
2026-08-23 19:00:00,1.36413,1.36425,1.36408,1.36412,0.0
2026-08-23 23:00:00,1.36412,1.36457,1.36384,1.3641,0.0
2026-08-24 03:00:00,1.36411,1.3654,1.36171,1.36352,0.0
2026-08-24 07:00:00,1.36357,1.36554,1.36327,1.36544,0.0
2026-08-24 11:00:00,1.36533,1.36559,1.36406,1.3647,0.0
2026-08-24 15:00:00,1.36467,1.36493,1.36239,1.36245,0.0
2026-08-24 19:00:00,1.36256,1.36463,1.36221,1.36434,0.0
2026-08-24 23:00:00,1.36434,1.36495,1.36281,1.36346,0.0
2026-08-25 03:00:00,1.36337,1.3637,1.36246,1.36313,0.0
2026-08-25 07:00:00,1.3631,1.36407,1.36298,1.364,0.0
2026-08-25 11:00:00,1.36396,1.36403,1.36242,1.36258,0.0
2026-08-25 15:00:00,1.36259,1.36447,1.36225,1.36418,0.0
2026-08-25 19:00:00,1.36411,1.36493,1.36266,1.36358,0.0
2026-08-25 23:00:00,1.3635,1.36524,1.363,1.36325,0.0
2026-08-26 03:00:00,1.36333,1.36553,1.36333,1.3649,0.0
2026-08-26 07:00:00,1.36494,1.36523,1.36397,1.36457,0.0
2026-08-26 11:00:00,1.3646,1.36472,1.36323,1.36336,0.0
2026-08-26 15:00:00,1.36334,1.36407,1.36253,1.3628,0.0
2026-08-26 19:00:00,1.36275,1.36354,1.36078,1.36112,0.0
2026-08-26 23:00:00,1.36105,1.36106,1.35849,1.35916,0.0
2026-08-27 03:00:00,1.35911,1.35986,1.35892,1.35983,0.0
2026-08-27 07:00:00,1.35976,1.36005,1.35906,1.35927,0.0
2026-08-27 11:00:00,1.35925,1.35951,1.35867,1.35879,0.0
2026-08-27 15:00:00,1.35876,1.35966,1.35796,1.35831,0.0
2026-08-27 19:00:00,1.3583,1.35841,1.35715,1.35746,0.0
2026-08-27 23:00:00,1.35747,1.36025,1.35737,1.35922,0.0
2026-08-28 03:00:00,1.35927,1.35969,1.35834,1.35927,0.0
2026-08-28 07:00:00,1.35928,1.36013,1.35895,1.35966,0.0
2026-08-28 11:00:00,1.35963,1.35983,1.35879,1.3589,0.0
2026-08-28 15:00:00,1.35887,1.35943,1.358,1.35868,0.0
2026-08-28 19:00:00,1.35861,1.35926,1.35742,1.35842,0.0
2026-08-28 23:00:00,1.35843,1.35882,1.35302,1.35386,0.0
2026-08-29 03:00:00,1.35382,1.35399,1.35272,1.35355,0.0
2026-08-29 07:00:00,1.35352,1.35474,1.3527,1.3533,0.0
2026-08-29 11:00:00,1.35327,1.35347,1.3532,1.35326,0.0
2026-08-29 15:00:00,1.35323,1.35344,1.35315,1.35328,0.0
2026-08-29 19:00:00,1.35326,1.35347,1.35324,1.35339,0.0
2026-08-29 23:00:00,1.35336,1.35433,1.35175,1.35363,0.0
2026-08-30 03:00:00,1.35364,1.35476,1.3528,1.35348,0.0
2026-08-30 07:00:00,1.35347,1.3543,1.35315,1.35356,0.0
2026-08-30 11:00:00,1.35353,1.35375,1.35338,1.35365,0.0
2026-08-30 15:00:00,1.35362,1.35372,1.35343,1.35365,0.0
2026-08-30 19:00:00,1.35363,1.3541,1.35351,1.35399,0.0
2026-08-30 23:00:00,1.354,1.35469,1.35333,1.3543,0.0
2026-08-31 03:00:00,1.35431,1.35588,1.34902,1.35338,0.0
2026-08-31 07:00:00,1.35336,1.35472,1.35285,1.35449,0.0
2026-08-31 11:00:00,1.35451,1.35475,1.35377,1.35447,0.0
2026-08-31 15:00:00,1.35443,1.35558,1.35378,1.35409,0.0
2026-08-31 19:00:00,1.35407,1.35467,1.35356,1.35387,0.0
2026-08-31 23:00:00,1.35389,1.35652,1.3536,1.35484,0.0
2026-09-01 03:00:00,1.3548,1.35538,1.3546,1.3549,0.0
2026-09-01 07:00:00,1.35484,1.35597,1.35439,1.35532,0.0
2026-09-01 11:00:00,1.35529,1.35535,1.35385,1.35429,0.0
2026-09-01 15:00:00,1.35424,1.355,1.35289,1.35418,0.0
2026-09-01 19:00:00,1.35411,1.35488,1.35301,1.35305,0.0
2026-09-01 23:00:00,1.3531,1.3552,1.35155,1.35156,0.0
2026-09-02 03:00:00,1.35157,1.35223,1.35063,1.35163,0.0
2026-09-02 07:00:00,1.35162,1.35205,1.35079,1.35085,0.0
2026-09-02 11:00:00,1.35083,1.35094,1.34962,1.34971,0.0
2026-09-02 15:00:00,1.34968,1.35147,1.34907,1.35018,0.0
2026-09-02 19:00:00,1.35023,1.35066,1.34751,1.34752,0.0
2026-09-02 23:00:00,1.34757,1.35134,1.34757,1.34957,0.0
2026-09-03 03:00:00,1.34961,1.34961,1.34836,1.34841,0.0
2026-09-03 07:00:00,1.34847,1.34916,1.34804,1.34895,0.0
2026-09-03 11:00:00,1.3489,1.34984,1.34805,1.34935,0.0
2026-09-03 15:00:00,1.34929,1.35068,1.34842,1.35008,0.0
2026-09-03 19:00:00,1.3501,1.35213,1.34824,1.3517,0.0
2026-09-03 23:00:00,1.35181,1.35479,1.35011,1.35463,0.0
2026-09-04 03:00:00,1.35465,1.3547,1.35223,1.35243,0.0
2026-09-04 07:00:00,1.35245,1.35351,1.35228,1.35333,0.0
2026-09-04 11:00:00,1.35334,1.35378,1.3527,1.35322,0.0
2026-09-04 15:00:00,1.35319,1.35498,1.35302,1.35331,0.0
2026-09-04 19:00:00,1.35336,1.35389,1.34864,1.35025,0.0
2026-09-04 23:00:00,1.35014,1.3526,1.34948,1.35195,0.0
2026-09-05 03:00:00,1.35196,1.35226,1.35115,1.35181,0.0
2026-09-05 07:00:00,1.35177,1.35214,1.35139,1.35178,0.0
2026-09-05 11:00:00,1.35176,1.35184,1.35165,1.35173,0.0
2026-09-05 15:00:00,1.35171,1.35184,1.35161,1.35178,0.0
2026-09-05 19:00:00,1.35176,1.35188,1.35159,1.35159,0.0
2026-09-05 23:00:00,1.3516,1.35181,1.35157,1.35175,0.0
2026-09-06 03:00:00,1.35173,1.3518,1.35146,1.35163,0.0
2026-09-06 07:00:00,1.3516,1.35175,1.35142,1.35164,0.0
2026-09-06 11:00:00,1.35161,1.35175,1.35144,1.35149,0.0
2026-09-06 15:00:00,1.35147,1.35162,1.35138,1.35141,0.0
2026-09-06 19:00:00,1.35141,1.35364,1.35017,1.35289,0.0
2026-09-06 23:00:00,1.3529,1.3541,1.34983,1.35316,0.0
2026-09-07 03:00:00,1.35316,1.35395,1.34943,1.35176,0.0
2026-09-07 07:00:00,1.35179,1.35223,1.35139,1.35198,0.0
2026-09-07 11:00:00,1.35194,1.35212,1.35061,1.35126,0.0
2026-09-07 15:00:00,1.35122,1.35447,1.351,1.35355,0.0
2026-09-07 19:00:00,1.35349,1.35432,1.35297,1.35378,0.0
2026-09-07 23:00:00,1.35373,1.3548,1.35358,1.35467,0.0
2026-09-08 03:00:00,1.35468,1.35472,1.35389,1.35412,0.0
2026-09-08 07:00:00,1.3541,1.35494,1.35384,1.35434,0.0
2026-09-08 11:00:00,1.35437,1.35499,1.35342,1.35399,0.0
2026-09-08 15:00:00,1.35397,1.35536,1.35227,1.35242,0.0
2026-09-08 19:00:00,1.35243,1.35562,1.35223,1.35529,0.0
2026-09-08 23:00:00,1.35536,1.35612,1.35308,1.3536,0.0
2026-09-09 03:00:00,1.35358,1.35527,1.35357,1.35401,0.0
2026-09-09 07:00:00,1.35404,1.35483,1.35347,1.35482,0.0
2026-09-09 11:00:00,1.35478,1.35512,1.35416,1.3551,0.0
2026-09-09 15:00:00,1.35506,1.35682,1.3543,1.35432,0.0
2026-09-09 19:00:00,1.35435,1.35659,1.353,1.35501,0.0
2026-09-09 23:00:00,1.35496,1.35643,1.35349,1.3552,0.0
2026-09-10 03:00:00,1.35519,1.35611,1.35415,1.35469,0.0
2026-09-10 07:00:00,1.35467,1.35533,1.35449,1.35478,0.0
2026-09-10 11:00:00,1.35476,1.35601,1.3546,1.35539,0.0
2026-09-10 15:00:00,1.35536,1.35589,1.35476,1.35557,0.0
2026-09-10 19:00:00,1.35545,1.35573,1.34933,1.35076,0.0
2026-09-10 23:00:00,1.35061,1.35336,1.3498,1.35239,0.0
2026-09-11 03:00:00,1.35237,1.35306,1.35049,1.35116,0.0
2026-09-11 07:00:00,1.35113,1.35173,1.35059,1.35147,0.0
2026-09-11 11:00:00,1.35141,1.35164,1.34956,1.35035,0.0
2026-09-11 15:00:00,1.35032,1.35274,1.35024,1.35063,0.0
2026-09-11 19:00:00,1.35066,1.3523,1.34809,1.35224,0.0
2026-09-11 23:00:00,1.35215,1.35344,1.35141,1.35237,0.0
2026-09-12 03:00:00,1.35233,1.35293,1.35179,1.3526,0.0
2026-09-12 07:00:00,1.3526,1.3529,1.35226,1.35283,0.0
2026-09-12 11:00:00,1.3528,1.35294,1.35261,1.35281,0.0
2026-09-12 15:00:00,1.35279,1.35288,1.35265,1.35285,0.0
2026-09-12 19:00:00,1.35281,1.35289,1.35259,1.35278,0.0
2026-09-12 23:00:00,1.35279,1.35289,1.35269,1.35285,0.0
2026-09-13 03:00:00,1.35283,1.35293,1.35263,1.35282,0.0
2026-09-13 07:00:00,1.3528,1.35297,1.35254,1.35279,0.0
2026-09-13 11:00:00,1.35276,1.3529,1.35275,1.35286,0.0
2026-09-13 15:00:00,1.35283,1.3529,1.35256,1.3528,0.0
2026-09-13 19:00:00,1.35281,1.35317,1.35268,1.35311,0.0
2026-09-13 23:00:00,1.35312,1.35318,1.35269,1.35303,0.0
2026-09-14 03:00:00,1.35302,1.3534,1.35236,1.35261,0.0
2026-09-14 07:00:00,1.35258,1.35293,1.35154,1.35171,0.0
2026-09-14 11:00:00,1.35176,1.35197,1.35021,1.35031,0.0
2026-09-14 15:00:00,1.35033,1.35067,1.34873,1.34926,0.0
