Date,Open,High,Low,Close,Volume
2026-07-24 14:30:00,1.33125,1.3313,1.3309,1.33097,0.0
2026-07-24 14:45:00,1.33095,1.33103,1.33071,1.331,0.0
2026-07-24 15:00:00,1.33095,1.33129,1.33092,1.33123,0.0
2026-07-24 15:15:00,1.33123,1.33149,1.33119,1.33147,0.0
2026-07-24 15:30:00,1.33145,1.33169,1.33142,1.3315,0.0
2026-07-24 15:45:00,1.33154,1.33156,1.33101,1.33103,0.0
2026-07-24 16:00:00,1.33105,1.33129,1.33092,1.33111,0.0
2026-07-24 16:15:00,1.33104,1.33221,1.33104,1.33201,0.0
2026-07-24 16:30:00,1.33204,1.33247,1.33197,1.33242,0.0
2026-07-24 16:45:00,1.33233,1.33248,1.33199,1.33241,0.0
2026-07-24 17:00:00,1.33228,1.3339,1.33228,1.33385,0.0
2026-07-24 17:15:00,1.33378,1.33421,1.33316,1.3342,0.0
2026-07-24 17:30:00,1.33418,1.33442,1.33319,1.33322,0.0
2026-07-24 17:45:00,1.33323,1.33385,1.3331,1.33363,0.0
2026-07-24 18:00:00,1.33366,1.33366,1.33308,1.33354,0.0
2026-07-24 18:15:00,1.33355,1.33359,1.33276,1.33312,0.0
2026-07-24 18:30:00,1.3331,1.33324,1.33269,1.33272,0.0
2026-07-24 18:45:00,1.33273,1.33292,1.33197,1.33202,0.0
2026-07-24 19:00:00,1.33211,1.3323,1.3318,1.33183,0.0
2026-07-24 19:15:00,1.33187,1.33198,1.33135,1.33181,0.0
2026-07-24 19:30:00,1.33174,1.33221,1.33174,1.33198,0.0
2026-07-24 19:45:00,1.33195,1.33201,1.33148,1.33186,0.0
2026-07-24 20:00:00,1.33183,1.33191,1.33136,1.33163,0.0
2026-07-24 20:15:00,1.33164,1.33287,1.3316,1.33285,0.0
2026-07-24 20:30:00,1.33281,1.33289,1.33246,1.33256,0.0
2026-07-24 20:45:00,1.33254,1.3327,1.33186,1.33264,0.0
2026-07-24 21:00:00,1.33256,1.33275,1.33207,1.33274,0.0
2026-07-24 21:15:00,1.33273,1.33281,1.33248,1.33261,0.0
2026-07-24 21:30:00,1.33261,1.33261,1.33207,1.33217,0.0
2026-07-24 21:45:00,1.33223,1.33237,1.33116,1.33224,0.0
2026-07-24 22:00:00,1.33192,1.33259,1.33186,1.33247,0.0
2026-07-24 22:15:00,1.33249,1.33249,1.33161,1.33163,0.0
2026-07-24 22:30:00,1.33167,1.33177,1.33074,1.33077,0.0
2026-07-24 22:45:00,1.33079,1.33126,1.33073,1.33099,0.0
2026-07-24 23:00:00,1.33099,1.33145,1.33065,1.3314,0.0
2026-07-24 23:15:00,1.33132,1.3318,1.33113,1.33172,0.0
2026-07-24 23:30:00,1.33161,1.33205,1.33132,1.33196,0.0
2026-07-24 23:45:00,1.33196,1.33266,1.33184,1.33263,0.0
2026-07-25 00:00:00,1.3326,1.33287,1.33204,1.33247,0.0
2026-07-25 00:15:00,1.33249,1.33313,1.33225,1.33277,0.0
2026-07-25 00:30:00,1.33282,1.33296,1.33245,1.33265,0.0
2026-07-25 00:45:00,1.33263,1.33324,1.33239,1.33281,0.0
2026-07-25 01:00:00,1.33291,1.33449,1.33243,1.334,0.0
2026-07-25 01:15:00,1.33404,1.3349,1.33396,1.33425,0.0
2026-07-25 01:30:00,1.33418,1.33457,1.33395,1.33406,0.0
2026-07-25 01:45:00,1.3341,1.33437,1.33395,1.33411,0.0
2026-07-25 02:00:00,1.33414,1.33447,1.33397,1.33444,0.0
2026-07-25 02:15:00,1.33442,1.33454,1.33404,1.33406,0.0
2026-07-25 02:30:00,1.33409,1.33419,1.33365,1.33366,0.0
2026-07-25 02:45:00,1.33368,1.33372,1.33314,1.33343,0.0
2026-07-25 03:00:00,1.33341,1.33341,1.33241,1.33253,0.0
2026-07-25 03:15:00,1.33244,1.33264,1.33223,1.33262,0.0
2026-07-25 03:30:00,1.33259,1.33277,1.33218,1.3322,0.0
2026-07-25 03:45:00,1.33227,1.33261,1.33217,1.33258,0.0
2026-07-25 04:00:00,1.33256,1.33289,1.33246,1.33285,0.0
2026-07-25 04:15:00,1.33283,1.33294,1.33262,1.33271,0.0
2026-07-25 04:30:00,1.3327,1.33275,1.33241,1.33258,0.0
2026-07-25 04:45:00,1.33254,1.33282,1.3325,1.33266,0.0
2026-07-25 05:00:00,1.33265,1.33276,1.33256,1.33268,0.0
2026-07-25 05:15:00,1.33264,1.33269,1.33229,1.3323,0.0
2026-07-25 05:30:00,1.3323,1.33268,1.3323,1.33243,0.0
2026-07-25 05:45:00,1.33245,1.3325,1.33217,1.33228,0.0
2026-07-25 06:00:00,1.33227,1.3323,1.33205,1.33213,0.0
2026-07-25 06:15:00,1.3321,1.33214,1.332,1.33206,0.0
2026-07-25 06:30:00,1.33205,1.33205,1.33161,1.33165,0.0
2026-07-25 06:45:00,1.33176,1.33252,1.33176,1.33245,0.0
2026-07-25 07:00:00,1.33231,1.33257,1.33189,1.33217,0.0
2026-07-25 07:15:00,1.33213,1.3322,1.33184,1.33188,0.0
2026-07-25 07:30:00,1.33194,1.33237,1.33177,1.33215,0.0
2026-07-25 07:45:00,1.33211,1.33217,1.33177,1.3318,0.0
2026-07-25 08:00:00,1.33187,1.33243,1.33187,1.33218,0.0
2026-07-25 08:15:00,1.33214,1.33219,1.33204,1.33214,0.0
2026-07-25 08:30:00,1.33212,1.33217,1.33202,1.33203,0.0
2026-07-25 08:45:00,1.33207,1.33215,1.33197,1.33203,0.0
2026-07-25 09:00:00,1.33203,1.33245,1.33198,1.33205,0.0
2026-07-25 09:15:00,1.33203,1.33209,1.332,1.33204,0.0
2026-07-25 09:30:00,1.33202,1.33208,1.33201,1.33202,0.0
2026-07-25 09:45:00,1.33202,1.33209,1.332,1.33202,0.0
2026-07-25 10:00:00,1.33203,1.33233,1.332,1.33232,0.0
2026-07-25 10:15:00,1.33228,1.33243,1.33228,1.33239,0.0
2026-07-25 10:30:00,1.33236,1.33245,1.33236,1.3324,0.0
2026-07-25 10:45:00,1.33239,1.33245,1.33236,1.33238,0.0
2026-07-25 11:00:00,1.33239,1.33245,1.33236,1.33241,0.0
2026-07-25 11:15:00,1.33239,1.33245,1.33236,1.33242,0.0
2026-07-25 11:30:00,1.33239,1.33244,1.33227,1.33238,0.0
2026-07-25 11:45:00,1.33235,1.33248,1.33225,1.33236,0.0
2026-07-25 12:00:00,1.33238,1.33245,1.33236,1.3324,0.0
2026-07-25 12:15:00,1.33237,1.33244,1.33236,1.33242,0.0
2026-07-25 12:30:00,1.33239,1.33245,1.33223,1.33238,0.0
2026-07-25 12:45:00,1.33237,1.33244,1.33236,1.33236,0.0
2026-07-25 13:00:00,1.33237,1.33245,1.33236,1.33241,0.0
2026-07-25 13:15:00,1.33239,1.33244,1.33213,1.33233,0.0
2026-07-25 13:30:00,1.3323,1.33244,1.3323,1.33239,0.0
2026-07-25 13:45:00,1.33237,1.33244,1.33236,1.33239,0.0
2026-07-25 14:00:00,1.33239,1.33245,1.33235,1.33237,0.0
2026-07-25 14:15:00,1.33237,1.33245,1.33237,1.33242,0.0
2026-07-25 14:30:00,1.33239,1.33244,1.33236,1.3324,0.0
2026-07-25 14:45:00,1.33238,1.33244,1.33237,1.33237,0.0
2026-07-25 15:00:00,1.33237,1.33245,1.33227,1.33239,0.0
2026-07-25 15:15:00,1.33239,1.33245,1.33236,1.33241,0.0
2026-07-25 15:30:00,1.33238,1.33245,1.33225,1.33242,0.0
2026-07-25 15:45:00,1.33239,1.33244,1.33235,1.33238,0.0
2026-07-25 16:00:00,1.33239,1.33245,1.33237,1.33239,0.0
2026-07-25 16:15:00,1.33239,1.33243,1.33225,1.3324,0.0
2026-07-25 16:30:00,1.33238,1.33245,1.33226,1.33236,0.0
2026-07-25 16:45:00,1.33233,1.33244,1.33233,1.3324,0.0
2026-07-25 17:00:00,1.33239,1.33245,1.33236,1.33237,0.0
2026-07-25 17:15:00,1.33238,1.33244,1.33236,1.33241,0.0
2026-07-25 17:30:00,1.33239,1.33245,1.33237,1.33241,0.0
2026-07-25 17:45:00,1.33238,1.33245,1.33236,1.3324,0.0
2026-07-25 18:00:00,1.33238,1.33244,1.33235,1.33238,0.0
2026-07-25 18:15:00,1.33238,1.33245,1.3322,1.33241,0.0
2026-07-25 18:30:00,1.33238,1.33245,1.33236,1.33241,0.0
2026-07-25 18:45:00,1.33238,1.33244,1.33236,1.33239,0.0
2026-07-25 19:00:00,1.33238,1.33246,1.33225,1.33241,0.0
2026-07-25 19:15:00,1.33237,1.33245,1.33236,1.33242,0.0
2026-07-25 19:30:00,1.33239,1.33245,1.33236,1.33242,0.0
2026-07-25 19:45:00,1.33239,1.33244,1.33236,1.33241,0.0
2026-07-25 20:00:00,1.33239,1.33243,1.33229,1.33231,0.0
2026-07-25 20:15:00,1.33231,1.33237,1.33218,1.33223,0.0
2026-07-25 20:30:00,1.33223,1.3324,1.33222,1.33238,0.0
2026-07-25 20:45:00,1.33235,1.33242,1.33233,1.33238,0.0
2026-07-25 21:00:00,1.33236,1.33244,1.33223,1.33234,0.0
2026-07-25 21:15:00,1.33235,1.33242,1.33233,1.33235,0.0
2026-07-25 21:30:00,1.33236,1.33242,1.33221,1.33223,0.0
2026-07-25 21:45:00,1.33224,1.3323,1.33223,1.33227,0.0
2026-07-25 22:00:00,1.33224,1.33231,1.33223,1.33225,0.0
2026-07-25 22:15:00,1.33226,1.33232,1.33224,1.33225,0.0
2026-07-25 22:30:00,1.33226,1.33232,1.33224,1.33228,0.0
2026-07-25 22:45:00,1.33226,1.33233,1.33225,1.3323,0.0
2026-07-25 23:00:00,1.33227,1.33233,1.33225,1.33229,0.0
2026-07-25 23:15:00,1.33227,1.33233,1.33218,1.33219,0.0
2026-07-25 23:30:00,1.3322,1.33235,1.33218,1.33231,0.0
2026-07-25 23:45:00,1.33229,1.33235,1.33216,1.33223,0.0
2026-07-26 00:00:00,1.3322,1.33247,1.33217,1.33238,0.0
2026-07-26 00:15:00,1.33239,1.33246,1.33237,1.3324,0.0
2026-07-26 00:30:00,1.33241,1.33246,1.33223,1.33231,0.0
2026-07-26 00:45:00,1.33229,1.33239,1.33227,1.33237,0.0
2026-07-26 01:00:00,1.33234,1.33242,1.33227,1.33237,0.0
2026-07-26 01:15:00,1.33236,1.33248,1.3322,1.33225,0.0
2026-07-26 01:30:00,1.33226,1.33232,1.33224,1.33226,0.0
2026-07-26 01:45:00,1.33226,1.33232,1.33224,1.3323,0.0
2026-07-26 02:00:00,1.33227,1.33248,1.33211,1.33243,0.0
2026-07-26 02:15:00,1.33241,1.33245,1.33237,1.33238,0.0
2026-07-26 02:30:00,1.33239,1.33245,1.3323,1.33233,0.0
2026-07-26 02:45:00,1.33232,1.33232,1.33223,1.33229,0.0
2026-07-26 03:00:00,1.33226,1.33244,1.33214,1.33228,0.0
2026-07-26 03:15:00,1.33226,1.33232,1.33224,1.33225,0.0
2026-07-26 03:30:00,1.33226,1.33232,1.33224,1.33226,0.0
2026-07-26 03:45:00,1.33227,1.33233,1.33216,1.33223,0.0
2026-07-26 04:00:00,1.3322,1.3324,1.3322,1.33236,0.0
2026-07-26 04:15:00,1.33234,1.33239,1.33221,1.33223,0.0
2026-07-26 04:30:00,1.33223,1.33229,1.33222,1.33223,0.0
2026-07-26 04:45:00,1.33223,1.33231,1.33222,1.33227,0.0
2026-07-26 05:00:00,1.33225,1.33242,1.33223,1.33239,0.0
2026-07-26 05:15:00,1.33236,1.33241,1.33233,1.33235,0.0
2026-07-26 05:30:00,1.33235,1.33244,1.33234,1.33237,0.0
2026-07-26 05:45:00,1.33238,1.33249,1.33236,1.33245,0.0
2026-07-26 06:00:00,1.33243,1.33254,1.33227,1.33242,0.0
2026-07-26 06:15:00,1.33239,1.33245,1.33237,1.3324,0.0
2026-07-26 06:30:00,1.33239,1.33243,1.33227,1.33229,0.0
2026-07-26 06:45:00,1.3323,1.33241,1.33229,1.33237,0.0
2026-07-26 07:00:00,1.33234,1.33249,1.3323,1.33247,0.0
2026-07-26 07:15:00,1.33244,1.3325,1.3323,1.33235,0.0
2026-07-26 07:30:00,1.33233,1.33248,1.3323,1.33238,0.0
2026-07-26 07:45:00,1.3324,1.33249,1.3323,1.33241,0.0
2026-07-26 08:00:00,1.33241,1.33253,1.33229,1.3324,0.0
2026-07-26 08:15:00,1.33237,1.33245,1.33235,1.33241,0.0
2026-07-26 08:30:00,1.33239,1.33243,1.33235,1.33237,0.0
2026-07-26 08:45:00,1.33237,1.33243,1.33235,1.33237,0.0
2026-07-26 09:00:00,1.33237,1.33249,1.33237,1.33246,0.0
2026-07-26 09:15:00,1.33244,1.3325,1.33225,1.33231,0.0
2026-07-26 09:30:00,1.33229,1.33234,1.33227,1.33228,0.0
2026-07-26 09:45:00,1.33229,1.33235,1.33227,1.33228,0.0
2026-07-26 10:00:00,1.33229,1.33243,1.33227,1.33241,0.0
2026-07-26 10:15:00,1.33239,1.33243,1.33235,1.3324,0.0
2026-07-26 10:30:00,1.33237,1.33243,1.33234,1.33236,0.0
2026-07-26 10:45:00,1.33236,1.33242,1.33225,1.33228,0.0
2026-07-26 11:00:00,1.33229,1.33231,1.33219,1.33223,0.0
2026-07-26 11:15:00,1.33221,1.33227,1.33219,1.33224,0.0
2026-07-26 11:30:00,1.33221,1.33229,1.33219,1.33223,0.0
2026-07-26 11:45:00,1.33223,1.3323,1.33221,1.33223,0.0
2026-07-26 12:00:00,1.33224,1.3323,1.33222,1.33226,0.0
2026-07-26 12:15:00,1.33224,1.33231,1.33223,1.33228,0.0
2026-07-26 12:30:00,1.33225,1.33243,1.33224,1.3324,0.0
2026-07-26 12:45:00,1.33238,1.33248,1.33229,1.33243,0.0
2026-07-26 13:00:00,1.33244,1.33249,1.33238,1.3324,0.0
2026-07-26 13:15:00,1.3324,1.33248,1.33238,1.33245,0.0
2026-07-26 13:30:00,1.33243,1.33249,1.33237,1.33245,0.0
2026-07-26 13:45:00,1.33244,1.33249,1.3324,1.33241,0.0
2026-07-26 14:00:00,1.33242,1.33245,1.33237,1.33239,0.0
2026-07-26 14:15:00,1.33239,1.33244,1.33221,1.33226,0.0
2026-07-26 14:30:00,1.33224,1.33237,1.33222,1.33233,0.0
2026-07-26 14:45:00,1.33231,1.33236,1.33229,1.3323,0.0
2026-07-26 15:00:00,1.3323,1.33236,1.33223,1.33226,0.0
2026-07-26 15:15:00,1.33226,1.33233,1.33225,1.33229,0.0
2026-07-26 15:30:00,1.33227,1.33233,1.33225,1.3323,0.0
2026-07-26 15:45:00,1.33227,1.33233,1.33225,1.33227,0.0
2026-07-26 16:00:00,1.33227,1.33239,1.33221,1.33223,0.0
2026-07-26 16:15:00,1.33223,1.33232,1.33221,1.3323,0.0
2026-07-26 16:30:00,1.33223,1.33236,1.33223,1.33233,0.0
2026-07-26 16:45:00,1.3323,1.33236,1.33228,1.33232,0.0
2026-07-26 17:00:00,1.3323,1.33236,1.33228,1.33229,0.0
2026-07-26 17:15:00,1.3323,1.33236,1.33228,1.33233,0.0
2026-07-26 17:30:00,1.3323,1.33236,1.33224,1.33229,0.0
2026-07-26 17:45:00,1.33226,1.33232,1.33216,1.33218,0.0
2026-07-26 18:00:00,1.33218,1.33226,1.33216,1.33219,0.0
2026-07-26 18:15:00,1.3322,1.33226,1.33218,1.33222,0.0
2026-07-26 18:30:00,1.3322,1.33227,1.33218,1.33224,0.0
2026-07-26 18:45:00,1.33221,1.33227,1.33219,1.33222,0.0
2026-07-26 19:00:00,1.33221,1.33228,1.3322,1.33222,0.0
2026-07-26 19:15:00,1.33222,1.33228,1.33216,1.33218,0.0
2026-07-26 19:30:00,1.33218,1.33233,1.33217,1.3323,0.0
2026-07-26 19:45:00,1.33227,1.33233,1.3322,1.33224,0.0
2026-07-26 20:00:00,1.33222,1.33228,1.3322,1.33222,0.0
2026-07-26 20:15:00,1.33222,1.33236,1.33214,1.3323,0.0
2026-07-26 20:30:00,1.3323,1.33236,1.33228,1.33232,0.0
2026-07-26 20:45:00,1.3323,1.33236,1.33228,1.33232,0.0
2026-07-26 21:00:00,1.3323,1.33236,1.33228,1.33229,0.0
2026-07-26 21:15:00,1.3323,1.33236,1.33228,1.33229,0.0
2026-07-26 21:30:00,1.3323,1.33236,1.3322,1.33225,0.0
2026-07-26 21:45:00,1.33223,1.33229,1.33221,1.33226,0.0
2026-07-26 22:00:00,1.33223,1.33229,1.33221,1.33223,0.0
2026-07-26 22:15:00,1.33223,1.33229,1.33221,1.33222,0.0
2026-07-26 22:30:00,1.33223,1.33229,1.33221,1.33225,0.0
2026-07-26 22:45:00,1.33223,1.33229,1.33221,1.33226,0.0
2026-07-26 23:00:00,1.33223,1.33229,1.33221,1.33223,0.0
2026-07-26 23:15:00,1.33223,1.33248,1.3322,1.33224,0.0
2026-07-26 23:30:00,1.33225,1.33238,1.33218,1.33234,0.0
2026-07-26 23:45:00,1.33232,1.33238,1.3323,1.33235,0.0
2026-07-27 00:00:00,1.33232,1.33241,1.33216,1.33234,0.0
2026-07-27 00:15:00,1.33233,1.33239,1.33231,1.33232,0.0
2026-07-27 00:30:00,1.33233,1.33239,1.33231,1.33233,0.0
2026-07-27 00:45:00,1.33233,1.33238,1.332,1.33212,0.0
2026-07-27 01:00:00,1.33209,1.33212,1.33202,1.33208,0.0
2026-07-27 01:15:00,1.33206,1.33212,1.33204,1.33205,0.0
2026-07-27 01:30:00,1.33206,1.33227,1.33192,1.3322,0.0
2026-07-27 01:45:00,1.3322,1.33226,1.33218,1.33223,0.0
2026-07-27 02:00:00,1.3322,1.33235,1.33204,1.33214,0.0
2026-07-27 02:15:00,1.33212,1.33218,1.33211,1.33212,0.0
2026-07-27 02:30:00,1.33212,1.33218,1.33207,1.33209,0.0
2026-07-27 02:45:00,1.33209,1.33223,1.33207,1.33223,0.0
2026-07-27 03:00:00,1.3322,1.3325,1.33218,1.33246,0.0
2026-07-27 03:15:00,1.33243,1.33248,1.33238,1.33239,0.0
2026-07-27 03:30:00,1.3324,1.33246,1.33237,1.33237,0.0
2026-07-27 03:45:00,1.33239,1.33246,1.33237,1.33243,0.0
2026-07-27 04:00:00,1.33241,1.33246,1.33236,1.33241,0.0
2026-07-27 04:15:00,1.33238,1.33247,1.3323,1.33241,0.0
2026-07-27 04:30:00,1.33239,1.33245,1.33236,1.33238,0.0
2026-07-27 04:45:00,1.33239,1.33246,1.33237,1.33243,0.0
2026-07-27 05:00:00,1.33241,1.33387,1.33191,1.33327,0.0
2026-07-27 05:15:00,1.33308,1.33322,1.33166,1.33314,0.0
2026-07-27 05:30:00,1.33298,1.33408,1.33234,1.33295,0.0
2026-07-27 05:45:00,1.33289,1.33351,1.33198,1.33282,0.0
2026-07-27 06:00:00,1.3327,1.33323,1.3325,1.33286,0.0
2026-07-27 06:15:00,1.33245,1.3333,1.33222,1.33249,0.0
2026-07-27 06:30:00,1.33253,1.33388,1.33253,1.33363,0.0
2026-07-27 06:45:00,1.33357,1.33429,1.33297,1.33313,0.0
2026-07-27 07:00:00,1.33316,1.33373,1.33237,1.33353,0.0
2026-07-27 07:15:00,1.33338,1.33389,1.33267,1.33365,0.0
2026-07-27 07:30:00,1.3336,1.33369,1.333,1.33331,0.0
2026-07-27 07:45:00,1.33332,1.33415,1.33329,1.33346,0.0
2026-07-27 08:00:00,1.33362,1.33572,1.33362,1.33467,0.0
2026-07-27 08:15:00,1.33472,1.3349,1.33433,1.33458,0.0
2026-07-27 08:30:00,1.33452,1.33474,1.3344,1.33441,0.0
2026-07-27 08:45:00,1.33444,1.33469,1.33425,1.33426,0.0
2026-07-27 09:00:00,1.33427,1.33459,1.33427,1.33439,0.0
2026-07-27 09:15:00,1.33439,1.33456,1.33428,1.33443,0.0
2026-07-27 09:30:00,1.3344,1.33488,1.3344,1.33487,0.0
2026-07-27 09:45:00,1.33484,1.33522,1.33473,1.33519,0.0
2026-07-27 10:00:00,1.33513,1.33572,1.33497,1.33569,0.0
2026-07-27 10:15:00,1.3356,1.33599,1.3356,1.33597,0.0
2026-07-27 10:30:00,1.33592,1.33623,1.33574,1.33579,0.0
2026-07-27 10:45:00,1.33576,1.3358,1.3351,1.3352,0.0
2026-07-27 11:00:00,1.33517,1.33565,1.33508,1.33561,0.0
2026-07-27 11:15:00,1.3356,1.33569,1.33538,1.33543,0.0
2026-07-27 11:30:00,1.33539,1.33579,1.33519,1.33563,0.0
2026-07-27 11:45:00,1.33561,1.33633,1.33551,1.33623,0.0
2026-07-27 12:00:00,1.33609,1.33638,1.33597,1.33598,0.0
2026-07-27 12:15:00,1.336,1.33605,1.33568,1.33603,0.0
2026-07-27 12:30:00,1.336,1.33605,1.33564,1.33571,0.0
2026-07-27 12:45:00,1.33571,1.33577,1.33551,1.33552,0.0
2026-07-27 13:00:00,1.33555,1.33565,1.33535,1.3354,0.0
2026-07-27 13:15:00,1.33542,1.33549,1.33529,1.33546,0.0
2026-07-27 13:30:00,1.33542,1.33542,1.33506,1.33521,0.0
2026-07-27 13:45:00,1.33519,1.33531,1.33511,1.33519,0.0
2026-07-27 14:00:00,1.3352,1.33547,1.33517,1.33528,0.0
2026-07-27 14:15:00,1.3353,1.33549,1.33506,1.3351,0.0
2026-07-27 14:30:00,1.33507,1.33547,1.33504,1.33545,0.0
2026-07-27 14:45:00,1.33539,1.33539,1.33507,1.33528,0.0
2026-07-27 15:00:00,1.33527,1.33558,1.33501,1.33555,0.0
2026-07-27 15:15:00,1.3355,1.33559,1.33529,1.33541,0.0
2026-07-27 15:30:00,1.33538,1.33549,1.33526,1.33532,0.0
2026-07-27 15:45:00,1.33529,1.3356,1.33523,1.33538,0.0
2026-07-27 16:00:00,1.33539,1.33591,1.3352,1.33567,0.0
2026-07-27 16:15:00,1.3357,1.33585,1.33518,1.33584,0.0
2026-07-27 16:30:00,1.33579,1.33609,1.33551,1.33578,0.0
2026-07-27 16:45:00,1.33578,1.33593,1.33486,1.33509,0.0
2026-07-27 17:00:00,1.33507,1.33544,1.3339,1.33423,0.0
2026-07-27 17:15:00,1.3343,1.33492,1.33387,1.3349,0.0
2026-07-27 17:30:00,1.33485,1.3349,1.33416,1.33425,0.0
2026-07-27 17:45:00,1.33442,1.33442,1.33375,1.33382,0.0
2026-07-27 18:00:00,1.33393,1.33393,1.33333,1.33346,0.0
2026-07-27 18:15:00,1.33347,1.33352,1.33306,1.33341,0.0
2026-07-27 18:30:00,1.33336,1.33392,1.33328,1.33375,0.0
2026-07-27 18:45:00,1.3338,1.33404,1.33345,1.33401,0.0
2026-07-27 19:00:00,1.33399,1.33416,1.33335,1.33336,0.0
2026-07-27 19:15:00,1.33338,1.33344,1.33321,1.33339,0.0
2026-07-27 19:30:00,1.33337,1.33356,1.33301,1.33348,0.0
2026-07-27 19:45:00,1.33348,1.33349,1.33299,1.33321,0.0
2026-07-27 20:00:00,1.33325,1.33367,1.33282,1.33285,0.0
2026-07-27 20:15:00,1.33287,1.33333,1.33284,1.33299,0.0
2026-07-27 20:30:00,1.33301,1.33324,1.33278,1.33324,0.0
2026-07-27 20:45:00,1.33321,1.33321,1.33179,1.33184,0.0
2026-07-27 21:00:00,1.33191,1.33214,1.33101,1.33103,0.0
2026-07-27 21:15:00,1.3311,1.33186,1.3311,1.33171,0.0
2026-07-27 21:30:00,1.33162,1.33195,1.33124,1.33178,0.0
2026-07-27 21:45:00,1.33175,1.33175,1.33124,1.33141,0.0
2026-07-27 22:00:00,1.33133,1.33182,1.33099,1.33101,0.0
2026-07-27 22:15:00,1.33105,1.33149,1.33083,1.33147,0.0
2026-07-27 22:30:00,1.33142,1.33142,1.33051,1.33085,0.0
2026-07-27 22:45:00,1.33068,1.33179,1.33068,1.33177,0.0
2026-07-27 23:00:00,1.33171,1.33171,1.33094,1.33162,0.0
2026-07-27 23:15:00,1.33157,1.33166,1.33124,1.33131,0.0
2026-07-27 23:30:00,1.33131,1.33225,1.3312,1.33156,0.0
2026-07-27 23:45:00,1.33162,1.33185,1.33094,1.33097,0.0
2026-07-28 00:00:00,1.33099,1.33167,1.33059,1.33164,0.0
2026-07-28 00:15:00,1.33157,1.33172,1.33094,1.33101,0.0
2026-07-28 00:30:00,1.33101,1.33126,1.3306,1.33069,0.0
2026-07-28 00:45:00,1.33073,1.33093,1.33011,1.33027,0.0
2026-07-28 01:00:00,1.3302,1.33061,1.33006,1.33008,0.0
2026-07-28 01:15:00,1.33008,1.33069,1.33008,1.33049,0.0
2026-07-28 01:30:00,1.33052,1.33059,1.3303,1.33057,0.0
2026-07-28 01:45:00,1.33055,1.33062,1.33004,1.33041,0.0
2026-07-28 02:00:00,1.3305,1.3305,1.33005,1.33015,0.0
2026-07-28 02:15:00,1.33021,1.33133,1.33009,1.33109,0.0
2026-07-28 02:30:00,1.33111,1.33111,1.33069,1.33071,0.0
2026-07-28 02:45:00,1.33074,1.33074,1.33025,1.33052,0.0
2026-07-28 03:00:00,1.33048,1.33048,1.32876,1.32936,0.0
2026-07-28 03:15:00,1.32933,1.32933,1.32857,1.32865,0.0
2026-07-28 03:30:00,1.32861,1.32899,1.32844,1.32857,0.0
2026-07-28 03:45:00,1.32858,1.32915,1.32851,1.32905,0.0
2026-07-28 04:00:00,1.32903,1.32934,1.32894,1.32917,0.0
2026-07-28 04:15:00,1.32914,1.3292,1.32885,1.32894,0.0
2026-07-28 04:30:00,1.32895,1.32932,1.32887,1.32911,0.0
2026-07-28 04:45:00,1.32913,1.32918,1.32876,1.32878,0.0
2026-07-28 05:00:00,1.32881,1.32931,1.32873,1.32898,0.0
2026-07-28 05:15:00,1.32895,1.32931,1.32887,1.3293,0.0
2026-07-28 05:30:00,1.32927,1.32967,1.32927,1.3295,0.0
2026-07-28 05:45:00,1.32952,1.32958,1.32922,1.32923,0.0
2026-07-28 06:00:00,1.32925,1.32936,1.32903,1.32918,0.0
2026-07-28 06:15:00,1.32914,1.32923,1.32893,1.3291,0.0
2026-07-28 06:30:00,1.32909,1.32912,1.32866,1.32877,0.0
2026-07-28 06:45:00,1.32876,1.3289,1.3286,1.32889,0.0
2026-07-28 07:00:00,1.32886,1.33066,1.32881,1.32977,0.0
2026-07-28 07:15:00,1.3297,1.33002,1.3294,1.32977,0.0
2026-07-28 07:30:00,1.3297,1.32986,1.32926,1.32954,0.0
2026-07-28 07:45:00,1.3295,1.32957,1.3293,1.32938,0.0
2026-07-28 08:00:00,1.32939,1.32944,1.32876,1.32892,0.0
2026-07-28 08:15:00,1.32885,1.32907,1.32885,1.32904,0.0
2026-07-28 08:30:00,1.32901,1.32905,1.32888,1.32889,0.0
2026-07-28 08:45:00,1.3289,1.32896,1.32885,1.32886,0.0
2026-07-28 09:00:00,1.32887,1.32904,1.32876,1.32892,0.0
2026-07-28 09:15:00,1.3289,1.32897,1.32885,1.32892,0.0
2026-07-28 09:30:00,1.32889,1.32907,1.32886,1.32901,0.0
2026-07-28 09:45:00,1.329,1.32906,1.32871,1.329,0.0
2026-07-28 10:00:00,1.32894,1.32901,1.32864,1.32885,0.0
2026-07-28 10:15:00,1.32883,1.32935,1.32878,1.32932,0.0
2026-07-28 10:30:00,1.3293,1.3294,1.32916,1.32919,0.0
2026-07-28 10:45:00,1.32923,1.32936,1.32885,1.32932,0.0
2026-07-28 11:00:00,1.32926,1.3298,1.32926,1.32949,0.0
2026-07-28 11:15:00,1.32948,1.32951,1.32924,1.32948,0.0
2026-07-28 11:30:00,1.32944,1.32959,1.32926,1.32927,0.0
2026-07-28 11:45:00,1.32928,1.32942,1.32903,1.32925,0.0
2026-07-28 12:00:00,1.32921,1.32965,1.32915,1.32955,0.0
2026-07-28 12:15:00,1.32956,1.32963,1.32929,1.32931,0.0
2026-07-28 12:30:00,1.32931,1.32946,1.32926,1.32945,0.0
2026-07-28 12:45:00,1.32941,1.33003,1.3294,1.32987,0.0
2026-07-28 13:00:00,1.32988,1.32993,1.32957,1.32977,0.0
2026-07-28 13:15:00,1.32973,1.33015,1.32973,1.33012,0.0
2026-07-28 13:30:00,1.33009,1.33049,1.33006,1.33013,0.0
2026-07-28 13:45:00,1.33011,1.33012,1.32975,1.32976,0.0
2026-07-28 14:00:00,1.32979,1.32988,1.32933,1.32934,0.0
2026-07-28 14:15:00,1.32936,1.32959,1.32931,1.3294,0.0
2026-07-28 14:30:00,1.32933,1.32953,1.32933,1.32942,0.0
2026-07-28 14:45:00,1.3294,1.32968,1.32933,1.32942,0.0
2026-07-28 15:00:00,1.32938,1.32955,1.32892,1.329,0.0
2026-07-28 15:15:00,1.32898,1.32898,1.32868,1.32888,0.0
2026-07-28 15:30:00,1.32878,1.32912,1.32848,1.32899,0.0
2026-07-28 15:45:00,1.32891,1.329,1.32866,1.32875,0.0
2026-07-28 16:00:00,1.32878,1.32905,1.32867,1.32902,0.0
2026-07-28 16:15:00,1.32898,1.32954,1.32897,1.3295,0.0
2026-07-28 16:30:00,1.32939,1.32978,1.32926,1.32963,0.0
2026-07-28 16:45:00,1.3296,1.33019,1.3293,1.33015,0.0
2026-07-28 17:00:00,1.33008,1.33019,1.3295,1.32997,0.0
2026-07-28 17:15:00,1.33002,1.33048,1.33002,1.33035,0.0
2026-07-28 17:30:00,1.33036,1.33062,1.32982,1.32987,0.0
2026-07-28 17:45:00,1.32994,1.32997,1.32926,1.3293,0.0
2026-07-28 18:00:00,1.32936,1.33025,1.32927,1.33,0.0
2026-07-28 18:15:00,1.32991,1.33058,1.32989,1.33003,0.0
2026-07-28 18:30:00,1.33,1.33018,1.32968,1.32995,0.0
2026-07-28 18:45:00,1.32985,1.33035,1.32985,1.33021,0.0
2026-07-28 19:00:00,1.33017,1.33037,1.32933,1.32934,0.0
2026-07-28 19:15:00,1.32939,1.3296,1.32922,1.32938,0.0
2026-07-28 19:30:00,1.32933,1.32942,1.32898,1.32907,0.0
2026-07-28 19:45:00,1.32927,1.32927,1.32808,1.32812,0.0
2026-07-28 20:00:00,1.3281,1.3281,1.32737,1.32763,0.0
2026-07-28 20:15:00,1.32757,1.32804,1.32733,1.32782,0.0
2026-07-28 20:30:00,1.32781,1.32823,1.32776,1.32786,0.0
2026-07-28 20:45:00,1.32784,1.32814,1.32754,1.32807,0.0
2026-07-28 21:00:00,1.32805,1.32813,1.32751,1.32752,0.0
2026-07-28 21:15:00,1.32757,1.32827,1.32757,1.32807,0.0
2026-07-28 21:30:00,1.32808,1.32832,1.32805,1.32827,0.0
2026-07-28 21:45:00,1.32826,1.32826,1.32753,1.32801,0.0
2026-07-28 22:00:00,1.32797,1.32866,1.32791,1.32862,0.0
2026-07-28 22:15:00,1.32855,1.32885,1.32846,1.32859,0.0
2026-07-28 22:30:00,1.32855,1.32943,1.32837,1.32939,0.0
2026-07-28 22:45:00,1.32931,1.32988,1.32931,1.32984,0.0
2026-07-28 23:00:00,1.3298,1.33028,1.32959,1.32962,0.0
2026-07-28 23:15:00,1.32966,1.33007,1.32952,1.32977,0.0
2026-07-28 23:30:00,1.32976,1.32988,1.32952,1.32969,0.0
2026-07-28 23:45:00,1.3297,1.3303,1.32962,1.33005,0.0
2026-07-29 00:00:00,1.32996,1.33021,1.32964,1.3297,0.0
2026-07-29 00:15:00,1.32981,1.32981,1.3292,1.32937,0.0
2026-07-29 00:30:00,1.32946,1.32982,1.32919,1.32944,0.0
2026-07-29 00:45:00,1.32941,1.32951,1.32871,1.32914,0.0
2026-07-29 01:00:00,1.32905,1.33046,1.32896,1.33041,0.0
2026-07-29 01:15:00,1.33029,1.33076,1.33015,1.33047,0.0
2026-07-29 01:30:00,1.33048,1.33093,1.33039,1.33089,0.0
2026-07-29 01:45:00,1.33083,1.33107,1.33057,1.33079,0.0
2026-07-29 02:00:00,1.33069,1.33104,1.33069,1.33073,0.0
2026-07-29 02:15:00,1.33074,1.3309,1.33055,1.33086,0.0
2026-07-29 02:30:00,1.33083,1.33106,1.33045,1.33065,0.0
2026-07-29 02:45:00,1.33065,1.33067,1.33011,1.3302,0.0
2026-07-29 03:00:00,1.33022,1.33048,1.32986,1.33005,0.0
2026-07-29 03:15:00,1.33002,1.33053,1.32988,1.33,0.0
2026-07-29 03:30:00,1.33,1.33005,1.32961,1.32962,0.0
2026-07-29 03:45:00,1.32964,1.32964,1.32915,1.32917,0.0
2026-07-29 04:00:00,1.32919,1.3294,1.32896,1.32915,0.0
2026-07-29 04:15:00,1.32912,1.32921,1.32869,1.32881,0.0
2026-07-29 04:30:00,1.32878,1.32912,1.32876,1.32894,0.0
2026-07-29 04:45:00,1.32899,1.32912,1.32883,1.32892,0.0
2026-07-29 05:00:00,1.32894,1.32931,1.3289,1.32925,0.0
2026-07-29 05:15:00,1.3292,1.32956,1.32906,1.32918,0.0
2026-07-29 05:30:00,1.32916,1.32926,1.32908,1.32915,0.0
2026-07-29 05:45:00,1.32916,1.32958,1.32878,1.32881,0.0
2026-07-29 06:00:00,1.32886,1.32909,1.32875,1.32907,0.0
2026-07-29 06:15:00,1.32903,1.32916,1.32874,1.32877,0.0
2026-07-29 06:30:00,1.32876,1.3289,1.32866,1.32886,0.0
2026-07-29 06:45:00,1.32882,1.3291,1.32864,1.32906,0.0
2026-07-29 07:00:00,1.329,1.32963,1.32878,1.32921,0.0
2026-07-29 07:15:00,1.32912,1.32956,1.32904,1.32918,0.0
2026-07-29 07:30:00,1.32921,1.32928,1.32912,1.32915,0.0
2026-07-29 07:45:00,1.32916,1.32928,1.32889,1.32891,0.0
2026-07-29 08:00:00,1.32895,1.32916,1.32889,1.32898,0.0
2026-07-29 08:15:00,1.32908,1.32908,1.32839,1.32855,0.0
2026-07-29 08:30:00,1.32853,1.32862,1.32837,1.32848,0.0
2026-07-29 08:45:00,1.32846,1.32856,1.32837,1.32846,0.0
2026-07-29 09:00:00,1.32848,1.32856,1.32807,1.32834,0.0
2026-07-29 09:15:00,1.32828,1.32854,1.32828,1.32851,0.0
2026-07-29 09:30:00,1.32848,1.32855,1.32834,1.32835,0.0
2026-07-29 09:45:00,1.32837,1.32874,1.32837,1.32867,0.0
2026-07-29 10:00:00,1.32863,1.32881,1.32832,1.32858,0.0
2026-07-29 10:15:00,1.32855,1.3292,1.32853,1.32911,0.0
2026-07-29 10:30:00,1.32907,1.32925,1.32903,1.32918,0.0
2026-07-29 10:45:00,1.32915,1.32943,1.32894,1.32928,0.0
2026-07-29 11:00:00,1.3293,1.3294,1.32882,1.32883,0.0
2026-07-29 11:15:00,1.32883,1.32927,1.32878,1.32896,0.0
2026-07-29 11:30:00,1.32897,1.32897,1.3282,1.32835,0.0
2026-07-29 11:45:00,1.32832,1.3289,1.32829,1.32886,0.0
2026-07-29 12:00:00,1.32882,1.32937,1.32882,1.32935,0.0
2026-07-29 12:15:00,1.32932,1.32978,1.32927,1.32947,0.0
2026-07-29 12:30:00,1.32949,1.32979,1.32942,1.3296,0.0
2026-07-29 12:45:00,1.32958,1.32963,1.32935,1.32952,0.0
2026-07-29 13:00:00,1.32952,1.32971,1.32942,1.32964,0.0
2026-07-29 13:15:00,1.32964,1.32987,1.32956,1.32978,0.0
2026-07-29 13:30:00,1.32975,1.32984,1.32966,1.32978,0.0
2026-07-29 13:45:00,1.32976,1.32995,1.32945,1.32946,0.0
2026-07-29 14:00:00,1.32949,1.32993,1.32945,1.32991,0.0
2026-07-29 14:15:00,1.32989,1.33002,1.32981,1.32986,0.0
2026-07-29 14:30:00,1.32993,1.33012,1.32966,1.33004,0.0
2026-07-29 14:45:00,1.33004,1.33011,1.32959,1.32977,0.0
2026-07-29 15:00:00,1.32971,1.33012,1.32971,1.33009,0.0
2026-07-29 15:15:00,1.33004,1.33016,1.32986,1.32987,0.0
2026-07-29 15:30:00,1.32987,1.33002,1.3297,1.33001,0.0
2026-07-29 15:45:00,1.32997,1.33023,1.32985,1.32993,0.0
2026-07-29 16:00:00,1.32996,1.33037,1.32979,1.33013,0.0
2026-07-29 16:15:00,1.33006,1.33043,1.32954,1.32958,0.0
2026-07-29 16:30:00,1.32957,1.33,1.32957,1.32997,0.0
2026-07-29 16:45:00,1.32994,1.33,1.32952,1.32978,0.0
2026-07-29 17:00:00,1.32975,1.33011,1.32958,1.32961,0.0
2026-07-29 17:15:00,1.32968,1.33037,1.32963,1.33013,0.0
2026-07-29 17:30:00,1.33014,1.33076,1.33005,1.33057,0.0
2026-07-29 17:45:00,1.33051,1.33051,1.33004,1.3302,0.0
2026-07-29 18:00:00,1.33014,1.33049,1.32989,1.3299,0.0
2026-07-29 18:15:00,1.32993,1.3304,1.32967,1.33026,0.0
2026-07-29 18:30:00,1.3302,1.33051,1.32993,1.3305,0.0
2026-07-29 18:45:00,1.33044,1.33092,1.33043,1.33062,0.0
2026-07-29 19:00:00,1.3307,1.3307,1.33028,1.33042,0.0
2026-07-29 19:15:00,1.33038,1.33057,1.33025,1.33042,0.0
2026-07-29 19:30:00,1.33043,1.33043,1.32963,1.32968,0.0
2026-07-29 19:45:00,1.32965,1.33032,1.32965,1.32977,0.0
2026-07-29 20:00:00,1.32982,1.32982,1.32919,1.3292,0.0
2026-07-29 20:15:00,1.32921,1.32942,1.32899,1.32908,0.0
2026-07-29 20:30:00,1.3291,1.32933,1.32896,1.32919,0.0
2026-07-29 20:45:00,1.3291,1.32947,1.32889,1.32904,0.0
2026-07-29 21:00:00,1.32901,1.3295,1.329,1.32949,0.0
2026-07-29 21:15:00,1.32948,1.32968,1.32924,1.32959,0.0
2026-07-29 21:30:00,1.32947,1.32982,1.32926,1.32928,0.0
2026-07-29 21:45:00,1.3293,1.32953,1.32908,1.32911,0.0
2026-07-29 22:00:00,1.32912,1.32937,1.32864,1.32878,0.0
2026-07-29 22:15:00,1.32877,1.32877,1.32795,1.32852,0.0
2026-07-29 22:30:00,1.32852,1.32884,1.32818,1.32865,0.0
2026-07-29 22:45:00,1.32868,1.32889,1.32813,1.3282,0.0
2026-07-29 23:00:00,1.32819,1.32864,1.32808,1.32817,0.0
2026-07-29 23:15:00,1.32817,1.32891,1.32817,1.32886,0.0
2026-07-29 23:30:00,1.32886,1.32915,1.3283,1.32874,0.0
2026-07-29 23:45:00,1.32866,1.32945,1.32866,1.32943,0.0
2026-07-30 00:00:00,1.32939,1.32967,1.32911,1.32925,0.0
2026-07-30 00:15:00,1.32928,1.32989,1.32882,1.32984,0.0
2026-07-30 00:30:00,1.32978,1.33074,1.32973,1.32979,0.0
2026-07-30 00:45:00,1.32988,1.32988,1.3283,1.32909,0.0
2026-07-30 01:00:00,1.32903,1.32921,1.32844,1.32899,0.0
2026-07-30 01:15:00,1.32905,1.32929,1.32828,1.32831,0.0
2026-07-30 01:30:00,1.32839,1.329,1.32839,1.32875,0.0
2026-07-30 01:45:00,1.3287,1.32901,1.32859,1.32863,0.0
2026-07-30 02:00:00,1.32863,1.32878,1.32816,1.32819,0.0
2026-07-30 02:15:00,1.32822,1.32861,1.32807,1.32857,0.0
2026-07-30 02:30:00,1.32858,1.32861,1.3281,1.32826,0.0
2026-07-30 02:45:00,1.32827,1.32892,1.32826,1.32892,0.0
2026-07-30 03:00:00,1.3289,1.32963,1.32864,1.32961,0.0
2026-07-30 03:15:00,1.32956,1.33004,1.32941,1.3298,0.0
2026-07-30 03:30:00,1.32985,1.33054,1.32966,1.33049,0.0
2026-07-30 03:45:00,1.33043,1.33067,1.33003,1.33018,0.0
2026-07-30 04:00:00,1.33012,1.33495,1.32928,1.33361,0.0
2026-07-30 04:15:00,1.33341,1.33396,1.3325,1.33296,0.0
2026-07-30 04:30:00,1.33286,1.33454,1.33142,1.33437,0.0
2026-07-30 04:45:00,1.33415,1.33648,1.33415,1.33643,0.0
2026-07-30 05:00:00,1.33632,1.33679,1.33564,1.33669,0.0
2026-07-30 05:15:00,1.33641,1.33872,1.33586,1.33591,0.0
2026-07-30 05:30:00,1.33598,1.33625,1.33493,1.33594,0.0
2026-07-30 05:45:00,1.3359,1.3359,1.33485,1.33492,0.0
2026-07-30 06:00:00,1.33503,1.33503,1.33433,1.3349,0.0
2026-07-30 06:15:00,1.33481,1.335,1.33456,1.33473,0.0
2026-07-30 06:30:00,1.33474,1.33627,1.3346,1.33624,0.0
2026-07-30 06:45:00,1.3362,1.33688,1.33606,1.33686,0.0
2026-07-30 07:00:00,1.33682,1.33702,1.33438,1.3362,0.0
2026-07-30 07:15:00,1.33634,1.3367,1.33604,1.33668,0.0
2026-07-30 07:30:00,1.33662,1.3367,1.33634,1.33657,0.0
2026-07-30 07:45:00,1.33652,1.33677,1.33609,1.33612,0.0
2026-07-30 08:00:00,1.33618,1.3371,1.33618,1.33691,0.0
2026-07-30 08:15:00,1.33689,1.33692,1.3367,1.33675,0.0
2026-07-30 08:30:00,1.33672,1.33693,1.33672,1.33686,0.0
2026-07-30 08:45:00,1.33683,1.33699,1.33674,1.33698,0.0
2026-07-30 09:00:00,1.33695,1.33763,1.33692,1.33718,0.0
2026-07-30 09:15:00,1.33717,1.33717,1.33662,1.33668,0.0
2026-07-30 09:30:00,1.33665,1.33681,1.33654,1.33663,0.0
2026-07-30 09:45:00,1.33666,1.33693,1.33647,1.33677,0.0
2026-07-30 10:00:00,1.33676,1.33691,1.33628,1.33667,0.0
2026-07-30 10:15:00,1.33664,1.33667,1.33538,1.33544,0.0
2026-07-30 10:30:00,1.33551,1.3357,1.33535,1.33549,0.0
2026-07-30 10:45:00,1.33548,1.33561,1.3354,1.33556,0.0
2026-07-30 11:00:00,1.3355,1.33599,1.3355,1.33573,0.0
2026-07-30 11:15:00,1.33575,1.33583,1.33532,1.33545,0.0
2026-07-30 11:30:00,1.3354,1.33592,1.33536,1.33569,0.0
2026-07-30 11:45:00,1.33565,1.33568,1.33524,1.33525,0.0
2026-07-30 12:00:00,1.33526,1.33561,1.33518,1.33536,0.0
2026-07-30 12:15:00,1.33536,1.33536,1.3349,1.33495,0.0
2026-07-30 12:30:00,1.33492,1.3352,1.33492,1.33512,0.0
2026-07-30 12:45:00,1.3351,1.33531,1.33495,1.33497,0.0
2026-07-30 13:00:00,1.33501,1.33503,1.33446,1.33447,0.0
2026-07-30 13:15:00,1.3345,1.33457,1.33422,1.33444,0.0
2026-07-30 13:30:00,1.33445,1.33482,1.33442,1.33478,0.0
2026-07-30 13:45:00,1.33476,1.33481,1.33463,1.33464,0.0
2026-07-30 14:00:00,1.33466,1.33485,1.33451,1.33474,0.0
2026-07-30 14:15:00,1.33475,1.3349,1.33475,1.33485,0.0
2026-07-30 14:30:00,1.33483,1.33502,1.33458,1.33461,0.0
2026-07-30 14:45:00,1.33464,1.33477,1.3344,1.33441,0.0
2026-07-30 15:00:00,1.33442,1.33485,1.3344,1.33482,0.0
2026-07-30 15:15:00,1.33481,1.33558,1.33469,1.33557,0.0
2026-07-30 15:30:00,1.33552,1.33561,1.33527,1.33538,0.0
2026-07-30 15:45:00,1.33535,1.33558,1.33483,1.33485,0.0
2026-07-30 16:00:00,1.33487,1.33515,1.33367,1.33372,0.0
2026-07-30 16:15:00,1.33379,1.33389,1.33351,1.33374,0.0
2026-07-30 16:30:00,1.33373,1.33401,1.33332,1.33388,0.0
2026-07-30 16:45:00,1.33391,1.33447,1.33375,1.33437,0.0
2026-07-30 17:00:00,1.33435,1.33505,1.33421,1.33461,0.0
2026-07-30 17:15:00,1.33465,1.33498,1.3341,1.33416,0.0
2026-07-30 17:30:00,1.33426,1.33431,1.33381,1.3343,0.0
2026-07-30 17:45:00,1.33424,1.33435,1.33378,1.3338,0.0
2026-07-30 18:00:00,1.33382,1.33507,1.33382,1.33505,0.0
2026-07-30 18:15:00,1.33502,1.33572,1.33486,1.33566,0.0
2026-07-30 18:30:00,1.33555,1.33618,1.33527,1.33588,0.0
2026-07-30 18:45:00,1.33582,1.33631,1.33549,1.33551,0.0
2026-07-30 19:00:00,1.33554,1.33704,1.33548,1.337,0.0
2026-07-30 19:15:00,1.33694,1.33763,1.33694,1.33756,0.0
2026-07-30 19:30:00,1.33756,1.33807,1.33721,1.33799,0.0
2026-07-30 19:45:00,1.3379,1.33842,1.33762,1.33804,0.0
2026-07-30 20:00:00,1.33811,1.33859,1.33764,1.33844,0.0
2026-07-30 20:15:00,1.33822,1.3395,1.33777,1.33811,0.0
2026-07-30 20:30:00,1.33813,1.34007,1.33813,1.34005,0.0
2026-07-30 20:45:00,1.34,1.34059,1.33917,1.33921,0.0
2026-07-30 21:00:00,1.33926,1.33984,1.33826,1.33837,0.0
2026-07-30 21:15:00,1.33848,1.33848,1.33749,1.33756,0.0
2026-07-30 21:30:00,1.3376,1.33793,1.33733,1.33737,0.0
2026-07-30 21:45:00,1.33742,1.33871,1.33735,1.33869,0.0
2026-07-30 22:00:00,1.3386,1.33946,1.33857,1.3394,0.0
2026-07-30 22:15:00,1.33929,1.33947,1.33829,1.33912,0.0
2026-07-30 22:30:00,1.33917,1.33937,1.33758,1.33773,0.0
2026-07-30 22:45:00,1.33798,1.33883,1.33693,1.33742,0.0
2026-07-30 23:00:00,1.33735,1.33783,1.33697,1.33738,0.0
2026-07-30 23:15:00,1.33757,1.3377,1.33688,1.33707,0.0
2026-07-30 23:30:00,1.33717,1.34156,1.33705,1.34137,0.0
2026-07-30 23:45:00,1.34103,1.34248,1.34037,1.34239,0.0
2026-07-31 00:00:00,1.34215,1.34466,1.34208,1.34411,0.0
2026-07-31 00:15:00,1.34412,1.34447,1.34307,1.34313,0.0
2026-07-31 00:30:00,1.34321,1.34354,1.34252,1.34295,0.0
2026-07-31 00:45:00,1.34283,1.34334,1.34269,1.34278,0.0
2026-07-31 01:00:00,1.34297,1.34349,1.34226,1.34264,0.0
2026-07-31 01:15:00,1.34245,1.34421,1.34242,1.34408,0.0
2026-07-31 01:30:00,1.34404,1.34558,1.34396,1.34551,0.0
2026-07-31 01:45:00,1.3454,1.34621,1.34507,1.34604,0.0
2026-07-31 02:00:00,1.34608,1.34671,1.34593,1.34633,0.0
2026-07-31 02:15:00,1.34636,1.347,1.34624,1.34671,0.0
2026-07-31 02:30:00,1.34666,1.34702,1.34629,1.34636,0.0
2026-07-31 02:45:00,1.34645,1.34645,1.34578,1.34624,0.0
2026-07-31 03:00:00,1.34611,1.34687,1.34604,1.34641,0.0
2026-07-31 03:15:00,1.34633,1.34633,1.34582,1.34589,0.0
2026-07-31 03:30:00,1.34588,1.3468,1.34556,1.34603,0.0
2026-07-31 03:45:00,1.34638,1.34738,1.34638,1.34716,0.0
2026-07-31 04:00:00,1.34713,1.34742,1.34677,1.34711,0.0
2026-07-31 04:15:00,1.34712,1.34736,1.34667,1.34692,0.0
2026-07-31 04:30:00,1.34685,1.34725,1.34683,1.34701,0.0
2026-07-31 04:45:00,1.34696,1.34751,1.34696,1.34747,0.0
2026-07-31 05:00:00,1.34739,1.34769,1.347,1.34715,0.0
2026-07-31 05:15:00,1.34712,1.34762,1.34693,1.34726,0.0
2026-07-31 05:30:00,1.3473,1.3473,1.34709,1.34727,0.0
2026-07-31 05:45:00,1.34724,1.34736,1.34677,1.34715,0.0
2026-07-31 06:00:00,1.34708,1.34725,1.34663,1.34715,0.0
2026-07-31 06:15:00,1.34712,1.34715,1.34653,1.34662,0.0
2026-07-31 06:30:00,1.34663,1.34688,1.34651,1.34674,0.0
2026-07-31 06:45:00,1.34674,1.3469,1.34633,1.34637,0.0
2026-07-31 07:00:00,1.34645,1.34706,1.34577,1.34642,0.0
2026-07-31 07:15:00,1.34647,1.34655,1.34618,1.34627,0.0
2026-07-31 07:30:00,1.34629,1.34645,1.34621,1.34635,0.0
2026-07-31 07:45:00,1.34632,1.34645,1.34618,1.34637,0.0
2026-07-31 08:00:00,1.34633,1.3469,1.34618,1.34662,0.0
2026-07-31 08:15:00,1.3466,1.34678,1.34651,1.34661,0.0
2026-07-31 08:30:00,1.34659,1.34714,1.34654,1.34677,0.0
2026-07-31 08:45:00,1.34679,1.34694,1.34666,1.34666,0.0
2026-07-31 09:00:00,1.34668,1.34684,1.34631,1.34633,0.0
2026-07-31 09:15:00,1.34634,1.34657,1.3461,1.34627,0.0
2026-07-31 09:30:00,1.3463,1.34631,1.34602,1.34613,0.0
2026-07-31 09:45:00,1.34609,1.34635,1.34606,1.34617,0.0
2026-07-31 10:00:00,1.34616,1.34629,1.34578,1.34614,0.0
2026-07-31 10:15:00,1.34613,1.34649,1.3459,1.34618,0.0
2026-07-31 10:30:00,1.34619,1.34628,1.34542,1.34549,0.0
2026-07-31 10:45:00,1.34549,1.3461,1.3454,1.34592,0.0
2026-07-31 11:00:00,1.34595,1.34626,1.34573,1.34576,0.0
2026-07-31 11:15:00,1.3458,1.34583,1.34541,1.34582,0.0
2026-07-31 11:30:00,1.34579,1.34596,1.34521,1.34523,0.0
2026-07-31 11:45:00,1.34526,1.34526,1.34485,1.34515,0.0
2026-07-31 12:00:00,1.34513,1.34597,1.34506,1.34595,0.0
2026-07-31 12:15:00,1.34592,1.34599,1.34543,1.34559,0.0
2026-07-31 12:30:00,1.34555,1.34575,1.34515,1.3453,0.0
2026-07-31 12:45:00,1.34532,1.34532,1.34499,1.34504,0.0
2026-07-31 13:00:00,1.34505,1.34542,1.34465,1.3448,0.0
2026-07-31 13:15:00,1.34477,1.34487,1.34454,1.34482,0.0
2026-07-31 13:30:00,1.34478,1.34491,1.34459,1.34474,0.0
2026-07-31 13:45:00,1.34466,1.34518,1.34466,1.34515,0.0
2026-07-31 14:00:00,1.3451,1.34529,1.34494,1.34498,0.0
2026-07-31 14:15:00,1.34498,1.34512,1.34485,1.34495,0.0
2026-07-31 14:30:00,1.34499,1.34499,1.34452,1.34463,0.0
2026-07-31 14:45:00,1.34459,1.3446,1.34427,1.34458,0.0
2026-07-31 15:00:00,1.34455,1.34497,1.3445,1.34475,0.0
2026-07-31 15:15:00,1.34476,1.34485,1.34434,1.34445,0.0
2026-07-31 15:30:00,1.34443,1.34463,1.34427,1.34458,0.0
2026-07-31 15:45:00,1.3445,1.3445,1.34412,1.34441,0.0
2026-07-31 16:00:00,1.34437,1.34551,1.34429,1.34503,0.0
2026-07-31 16:15:00,1.34517,1.34613,1.34517,1.34604,0.0
2026-07-31 16:30:00,1.34603,1.34603,1.34466,1.34475,0.0
2026-07-31 16:45:00,1.34476,1.34619,1.34461,1.34521,0.0
2026-07-31 17:00:00,1.34527,1.34554,1.34509,1.34552,0.0
2026-07-31 17:15:00,1.34548,1.34554,1.34453,1.34516,0.0
2026-07-31 17:30:00,1.34506,1.34523,1.34464,1.34513,0.0
2026-07-31 17:45:00,1.34507,1.34622,1.34495,1.34522,0.0
2026-07-31 18:00:00,1.34526,1.34526,1.34403,1.34406,0.0
2026-07-31 18:15:00,1.34414,1.34463,1.34369,1.34408,0.0
2026-07-31 18:30:00,1.34404,1.34457,1.34358,1.34454,0.0
2026-07-31 18:45:00,1.34446,1.34638,1.34432,1.34636,0.0
2026-07-31 19:00:00,1.3463,1.34682,1.34579,1.34587,0.0
2026-07-31 19:15:00,1.34589,1.34622,1.34559,1.34564,0.0
2026-07-31 19:30:00,1.3457,1.3457,1.34495,1.34506,0.0
2026-07-31 19:45:00,1.34504,1.34536,1.34453,1.34492,0.0
2026-07-31 20:00:00,1.34494,1.34513,1.34448,1.34487,0.0
2026-07-31 20:15:00,1.34485,1.34487,1.34438,1.34486,0.0
2026-07-31 20:30:00,1.34483,1.345,1.3445,1.34478,0.0
2026-07-31 20:45:00,1.34479,1.34487,1.34445,1.34447,0.0
2026-07-31 21:00:00,1.34449,1.34451,1.34371,1.34415,0.0
2026-07-31 21:15:00,1.34416,1.34419,1.34338,1.34355,0.0
2026-07-31 21:30:00,1.34357,1.34376,1.34237,1.34241,0.0
2026-07-31 21:45:00,1.34246,1.34246,1.34187,1.34202,0.0
2026-07-31 22:00:00,1.34197,1.34231,1.34158,1.34191,0.0
2026-07-31 22:15:00,1.34192,1.34219,1.34188,1.34193,0.0
2026-07-31 22:30:00,1.34193,1.34217,1.34165,1.34207,0.0
2026-07-31 22:45:00,1.34199,1.34277,1.34199,1.34223,0.0
2026-07-31 23:00:00,1.34235,1.34237,1.34149,1.3416,0.0
2026-07-31 23:15:00,1.34159,1.34315,1.34111,1.34297,0.0
2026-07-31 23:30:00,1.34298,1.34309,1.34011,1.34036,0.0
2026-07-31 23:45:00,1.34048,1.34205,1.34048,1.34097,0.0
2026-08-01 00:00:00,1.34119,1.34154,1.34035,1.3415,0.0
2026-08-01 00:15:00,1.3414,1.3423,1.3414,1.34225,0.0
2026-08-01 00:30:00,1.34218,1.34446,1.34218,1.34417,0.0
2026-08-01 00:45:00,1.34426,1.34608,1.34426,1.34575,0.0
2026-08-01 01:00:00,1.34563,1.34664,1.34541,1.34597,0.0
2026-08-01 01:15:00,1.34586,1.34666,1.34573,1.34617,0.0
2026-08-01 01:30:00,1.34629,1.34684,1.34588,1.34667,0.0
2026-08-01 01:45:00,1.34669,1.34722,1.34651,1.34658,0.0
2026-08-01 02:00:00,1.34662,1.3469,1.34636,1.34686,0.0
2026-08-01 02:15:00,1.34674,1.347,1.34622,1.34631,0.0
2026-08-01 02:30:00,1.34636,1.3467,1.34618,1.34642,0.0
2026-08-01 02:45:00,1.34642,1.3468,1.34639,1.34661,0.0
2026-08-01 03:00:00,1.34658,1.34721,1.34637,1.34717,0.0
2026-08-01 03:15:00,1.34704,1.34775,1.34691,1.34771,0.0
2026-08-01 03:30:00,1.34765,1.34848,1.34765,1.34843,0.0
2026-08-01 03:45:00,1.34836,1.34874,1.34762,1.34855,0.0
2026-08-01 04:00:00,1.34858,1.34882,1.34775,1.34807,0.0
2026-08-01 04:15:00,1.34797,1.348,1.34751,1.3478,0.0
2026-08-01 04:30:00,1.34783,1.34795,1.34764,1.34784,0.0
2026-08-01 04:45:00,1.34785,1.3483,1.34755,1.34829,0.0
2026-08-01 05:00:00,1.34828,1.34858,1.34818,1.34849,0.0
2026-08-01 05:15:00,1.34846,1.34846,1.34815,1.34833,0.0
2026-08-01 05:30:00,1.34829,1.34846,1.34791,1.34836,0.0
2026-08-01 05:45:00,1.34823,1.34864,1.34785,1.34788,0.0
2026-08-01 06:00:00,1.34794,1.34794,1.34733,1.3476,0.0
2026-08-01 06:15:00,1.34753,1.34878,1.3474,1.34832,0.0
2026-08-01 06:30:00,1.34839,1.34913,1.34837,1.34907,0.0
2026-08-01 06:45:00,1.349,1.34944,1.34798,1.34804,0.0
2026-08-01 07:00:00,1.34816,1.34838,1.34671,1.34821,0.0
2026-08-01 07:15:00,1.34818,1.34837,1.34795,1.34821,0.0
2026-08-01 07:30:00,1.34818,1.34838,1.34802,1.34825,0.0
2026-08-01 07:45:00,1.34823,1.34833,1.34813,1.34818,0.0
2026-08-01 08:00:00,1.34819,1.34842,1.34633,1.34821,0.0
2026-08-01 08:15:00,1.34818,1.34841,1.34802,1.34825,0.0
2026-08-01 08:30:00,1.34818,1.34835,1.34816,1.34831,0.0
2026-08-01 08:45:00,1.3483,1.34836,1.34814,1.34826,0.0
2026-08-01 09:00:00,1.34828,1.34836,1.34628,1.34818,0.0
2026-08-01 09:15:00,1.3482,1.34841,1.34809,1.34831,0.0
2026-08-01 09:30:00,1.34828,1.34836,1.34814,1.34831,0.0
2026-08-01 09:45:00,1.34831,1.34836,1.34824,1.34827,0.0
2026-08-01 10:00:00,1.34829,1.34854,1.34773,1.34777,0.0
2026-08-01 10:15:00,1.34778,1.348,1.34773,1.34781,0.0
2026-08-01 10:30:00,1.34778,1.34802,1.34774,1.34778,0.0
2026-08-01 10:45:00,1.34777,1.348,1.34761,1.34776,0.0
2026-08-01 11:00:00,1.34777,1.34802,1.34764,1.34774,0.0
2026-08-01 11:15:00,1.34775,1.348,1.34775,1.34779,0.0
2026-08-01 11:30:00,1.34776,1.34804,1.34774,1.34782,0.0
2026-08-01 11:45:00,1.3478,1.348,1.34766,1.34779,0.0
2026-08-01 12:00:00,1.34777,1.34814,1.34754,1.34784,0.0
2026-08-01 12:15:00,1.34788,1.34813,1.34774,1.34796,0.0
2026-08-01 12:30:00,1.34792,1.34804,1.34775,1.34778,0.0
2026-08-01 12:45:00,1.34778,1.348,1.34774,1.34793,0.0
2026-08-01 13:00:00,1.34789,1.348,1.34771,1.3478,0.0
2026-08-01 13:15:00,1.34786,1.348,1.34778,1.34796,0.0
2026-08-01 13:30:00,1.34793,1.34803,1.34775,1.34786,0.0
2026-08-01 13:45:00,1.34786,1.34802,1.34777,1.34797,0.0
2026-08-01 14:00:00,1.34793,1.34805,1.34782,1.34784,0.0
2026-08-01 14:15:00,1.34788,1.348,1.34776,1.34787,0.0
2026-08-01 14:30:00,1.34785,1.34798,1.34774,1.34778,0.0
2026-08-01 14:45:00,1.34778,1.34795,1.34774,1.34794,0.0
2026-08-01 15:00:00,1.3479,1.34799,1.34772,1.34776,0.0
2026-08-01 15:15:00,1.34785,1.34805,1.34774,1.34799,0.0
2026-08-01 15:30:00,1.34797,1.34801,1.34782,1.34791,0.0
2026-08-01 15:45:00,1.34786,1.34807,1.34778,1.34796,0.0
2026-08-01 16:00:00,1.34794,1.34795,1.34776,1.34779,0.0
2026-08-01 16:15:00,1.34781,1.34794,1.34769,1.34787,0.0
2026-08-01 16:30:00,1.34785,1.34804,1.34772,1.34786,0.0
2026-08-01 16:45:00,1.34789,1.34795,1.34775,1.34787,0.0
2026-08-01 17:00:00,1.34785,1.34798,1.34776,1.34786,0.0
2026-08-01 17:15:00,1.34788,1.34795,1.3478,1.34785,0.0
2026-08-01 17:30:00,1.34784,1.34804,1.34777,1.34791,0.0
2026-08-01 17:45:00,1.34788,1.34798,1.34778,1.34788,0.0
2026-08-01 18:00:00,1.34786,1.34807,1.34775,1.34776,0.0
2026-08-01 18:15:00,1.34777,1.34795,1.34766,1.3478,0.0
2026-08-01 18:30:00,1.3478,1.34786,1.34776,1.3478,0.0
2026-08-01 18:45:00,1.34777,1.34792,1.34771,1.34782,0.0
2026-08-01 19:00:00,1.3478,1.34785,1.34776,1.34782,0.0
2026-08-01 19:15:00,1.34782,1.34786,1.34777,1.34779,0.0
2026-08-01 19:30:00,1.34779,1.34791,1.34778,1.34783,0.0
2026-08-01 19:45:00,1.34781,1.34786,1.34776,1.34782,0.0
2026-08-01 20:00:00,1.3478,1.3479,1.34774,1.34782,0.0
2026-08-01 20:15:00,1.34779,1.34791,1.34772,1.3478,0.0
2026-08-01 20:30:00,1.34782,1.34785,1.34775,1.34778,0.0
2026-08-01 20:45:00,1.34776,1.34786,1.34774,1.34783,0.0
2026-08-01 21:00:00,1.3478,1.3479,1.34775,1.3478,0.0
2026-08-01 21:15:00,1.34778,1.34786,1.34776,1.34781,0.0
2026-08-01 21:30:00,1.34778,1.34793,1.34771,1.34781,0.0
2026-08-01 21:45:00,1.34783,1.34793,1.34773,1.34779,0.0
2026-08-01 22:00:00,1.34776,1.34785,1.34774,1.34775,0.0
2026-08-01 22:15:00,1.34776,1.34785,1.34775,1.34777,0.0
2026-08-01 22:30:00,1.34778,1.34786,1.34772,1.34776,0.0
2026-08-01 22:45:00,1.34776,1.34788,1.3477,1.34787,0.0
2026-08-01 23:00:00,1.34784,1.34785,1.34772,1.34779,0.0
2026-08-01 23:15:00,1.34778,1.34791,1.34771,1.34778,0.0
2026-08-01 23:30:00,1.34779,1.34785,1.34773,1.34782,0.0
2026-08-01 23:45:00,1.34778,1.34789,1.34774,1.34781,0.0
2026-08-02 00:00:00,1.34778,1.3479,1.34769,1.34787,0.0
2026-08-02 00:15:00,1.34784,1.34788,1.34776,1.34777,0.0
2026-08-02 00:30:00,1.34778,1.34792,1.34775,1.34785,0.0
2026-08-02 00:45:00,1.34785,1.34791,1.34783,1.34788,0.0
2026-08-02 01:00:00,1.34785,1.34804,1.34781,1.348,0.0
2026-08-02 01:15:00,1.34798,1.34805,1.34796,1.34804,0.0
2026-08-02 01:30:00,1.34801,1.34808,1.34799,1.34801,0.0
2026-08-02 01:45:00,1.34801,1.3481,1.34791,1.34797,0.0
2026-08-02 02:00:00,1.34795,1.34795,1.34731,1.34763,0.0
2026-08-02 02:15:00,1.34761,1.3478,1.3476,1.34774,0.0
2026-08-02 02:30:00,1.34774,1.34796,1.34772,1.34794,0.0
2026-08-02 02:45:00,1.3479,1.34793,1.34776,1.34781,0.0
2026-08-02 03:00:00,1.34779,1.34805,1.34718,1.3478,0.0
2026-08-02 03:15:00,1.34777,1.34783,1.34775,1.34775,0.0
2026-08-02 03:30:00,1.34776,1.3479,1.34774,1.34783,0.0
2026-08-02 03:45:00,1.34784,1.34793,1.34782,1.3479,0.0
2026-08-02 04:00:00,1.34784,1.34809,1.34729,1.3475,0.0
2026-08-02 04:15:00,1.34747,1.34792,1.3474,1.34787,0.0
2026-08-02 04:30:00,1.34786,1.34792,1.34784,1.34785,0.0
2026-08-02 04:45:00,1.34786,1.34798,1.34778,1.34784,0.0
2026-08-02 05:00:00,1.34781,1.34785,1.3474,1.34783,0.0
2026-08-02 05:15:00,1.34776,1.34789,1.34776,1.3478,0.0
2026-08-02 05:30:00,1.34778,1.34791,1.34774,1.34781,0.0
2026-08-02 05:45:00,1.34782,1.34801,1.34764,1.34786,0.0
2026-08-02 06:00:00,1.34786,1.34794,1.34727,1.34775,0.0
2026-08-02 06:15:00,1.34772,1.34779,1.3477,1.34777,0.0
2026-08-02 06:30:00,1.34771,1.34787,1.34771,1.3478,0.0
2026-08-02 06:45:00,1.3478,1.34793,1.34778,1.34787,0.0
2026-08-02 07:00:00,1.34787,1.34818,1.34727,1.34747,0.0
2026-08-02 07:15:00,1.34745,1.34765,1.34731,1.34761,0.0
2026-08-02 07:30:00,1.34759,1.34792,1.34758,1.34771,0.0
2026-08-02 07:45:00,1.34776,1.348,1.34776,1.34788,0.0
2026-08-02 08:00:00,1.34789,1.34828,1.34727,1.3478,0.0
2026-08-02 08:15:00,1.34778,1.34784,1.34776,1.3478,0.0
2026-08-02 08:30:00,1.34778,1.34801,1.34777,1.34796,0.0
2026-08-02 08:45:00,1.34796,1.34802,1.34794,1.34795,0.0
2026-08-02 09:00:00,1.34796,1.34802,1.34733,1.34757,0.0
2026-08-02 09:15:00,1.34755,1.34791,1.34753,1.34785,0.0
2026-08-02 09:30:00,1.34782,1.34788,1.3478,1.34784,0.0
2026-08-02 09:45:00,1.34782,1.34795,1.34775,1.34788,0.0
2026-08-02 10:00:00,1.34789,1.34799,1.34775,1.34781,0.0
2026-08-02 10:15:00,1.34779,1.34792,1.34779,1.34789,0.0
2026-08-02 10:30:00,1.34786,1.34798,1.34784,1.34793,0.0
2026-08-02 10:45:00,1.34792,1.34798,1.3479,1.34791,0.0
2026-08-02 11:00:00,1.34792,1.34807,1.34791,1.34805,0.0
2026-08-02 11:15:00,1.34801,1.34809,1.348,1.34807,0.0
2026-08-02 11:30:00,1.34804,1.34812,1.34802,1.34808,0.0
2026-08-02 11:45:00,1.34806,1.34813,1.34804,1.34807,0.0
2026-08-02 12:00:00,1.34808,1.34814,1.34806,1.34808,0.0
2026-08-02 12:15:00,1.34808,1.34815,1.34807,1.34812,0.0
2026-08-02 12:30:00,1.34809,1.34816,1.34784,1.34797,0.0
2026-08-02 12:45:00,1.34795,1.34807,1.34791,1.34801,0.0
2026-08-02 13:00:00,1.34801,1.3481,1.34799,1.34804,0.0
2026-08-02 13:15:00,1.34804,1.3481,1.34802,1.34806,0.0
2026-08-02 13:30:00,1.34804,1.34812,1.34802,1.34809,0.0
2026-08-02 13:45:00,1.34806,1.34812,1.34804,1.34806,0.0
2026-08-02 14:00:00,1.34806,1.34817,1.34806,1.3481,0.0
2026-08-02 14:15:00,1.34811,1.34816,1.34808,1.34813,0.0
2026-08-02 14:30:00,1.34811,1.34817,1.34809,1.34814,0.0
2026-08-02 14:45:00,1.34811,1.34818,1.3481,1.34813,0.0
2026-08-02 15:00:00,1.34813,1.34819,1.34811,1.34812,0.0
2026-08-02 15:15:00,1.34813,1.34819,1.34811,1.34816,0.0
2026-08-02 15:30:00,1.34813,1.3482,1.34811,1.34817,0.0
2026-08-02 15:45:00,1.34814,1.3482,1.34812,1.34815,0.0
2026-08-02 16:00:00,1.34814,1.34816,1.34789,1.34799,0.0
2026-08-02 16:15:00,1.348,1.34803,1.34789,1.34795,0.0
2026-08-02 16:30:00,1.34792,1.34803,1.34792,1.348,0.0
2026-08-02 16:45:00,1.34797,1.34806,1.34793,1.34802,0.0
2026-08-02 17:00:00,1.348,1.34806,1.34798,1.34799,0.0
2026-08-02 17:15:00,1.348,1.34809,1.34799,1.34807,0.0
2026-08-02 17:30:00,1.34803,1.34809,1.34801,1.34808,0.0
2026-08-02 17:45:00,1.34805,1.34813,1.34804,1.34809,0.0
2026-08-02 18:00:00,1.34807,1.34813,1.34805,1.34808,0.0
2026-08-02 18:15:00,1.34809,1.34815,1.34807,1.34809,0.0
2026-08-02 18:30:00,1.34809,1.34816,1.34807,1.34813,0.0
2026-08-02 18:45:00,1.3481,1.34816,1.34808,1.34812,0.0
2026-08-02 19:00:00,1.3481,1.34817,1.34809,1.34811,0.0
2026-08-02 19:15:00,1.34811,1.34817,1.34809,1.34811,0.0
2026-08-02 19:30:00,1.34811,1.34817,1.34809,1.34813,0.0
2026-08-02 19:45:00,1.34811,1.34818,1.34809,1.34815,0.0
2026-08-02 20:00:00,1.34812,1.34818,1.3481,1.34812,0.0
2026-08-02 20:15:00,1.34812,1.34818,1.3481,1.34811,0.0
2026-08-02 20:30:00,1.34812,1.34819,1.3481,1.34815,0.0
2026-08-02 20:45:00,1.34813,1.34819,1.34811,1.34816,0.0
2026-08-02 21:00:00,1.34813,1.34819,1.34811,1.34815,0.0
2026-08-02 21:15:00,1.34813,1.34819,1.34811,1.34812,0.0
2026-08-02 21:30:00,1.34813,1.34821,1.34811,1.34818,0.0
2026-08-02 21:45:00,1.34815,1.34821,1.34813,1.34819,0.0
2026-08-02 22:00:00,1.34815,1.34822,1.34813,1.34817,0.0
2026-08-02 22:15:00,1.34815,1.34822,1.34814,1.34814,0.0
2026-08-02 22:30:00,1.34815,1.34822,1.34813,1.34818,0.0
2026-08-02 22:45:00,1.34815,1.34822,1.34814,1.34818,0.0
2026-08-02 23:00:00,1.34815,1.34822,1.34813,1.34817,0.0
2026-08-02 23:15:00,1.34815,1.34819,1.34773,1.34786,0.0
2026-08-02 23:30:00,1.34787,1.34793,1.34785,1.34787,0.0
2026-08-02 23:45:00,1.34787,1.34793,1.34785,1.3479,0.0
2026-08-03 00:00:00,1.34787,1.34804,1.34771,1.34775,0.0
2026-08-03 00:15:00,1.34773,1.34779,1.34771,1.34772,0.0
2026-08-03 00:30:00,1.34773,1.34779,1.34771,1.34773,0.0
2026-08-03 00:45:00,1.34773,1.34818,1.34743,1.34805,0.0
2026-08-03 01:00:00,1.34803,1.34823,1.34793,1.3482,0.0
2026-08-03 01:15:00,1.34817,1.34823,1.34815,1.34817,0.0
2026-08-03 01:30:00,1.34817,1.34823,1.34815,1.34816,0.0
2026-08-03 01:45:00,1.34817,1.34823,1.34815,1.34819,0.0
2026-08-03 02:00:00,1.34817,1.34861,1.34738,1.34777,0.0
2026-08-03 02:15:00,1.34774,1.3478,1.34772,1.34774,0.0
2026-08-03 02:30:00,1.34774,1.3479,1.34772,1.34783,0.0
2026-08-03 02:45:00,1.34784,1.34795,1.3478,1.34792,0.0
2026-08-03 03:00:00,1.3479,1.34798,1.34771,1.34777,0.0
2026-08-03 03:15:00,1.34775,1.34781,1.34772,1.34776,0.0
2026-08-03 03:30:00,1.34775,1.34781,1.34773,1.34774,0.0
2026-08-03 03:45:00,1.34775,1.34781,1.3477,1.34775,0.0
2026-08-03 04:00:00,1.34773,1.34793,1.34725,1.34792,0.0
2026-08-03 04:15:00,1.34787,1.3479,1.34773,1.34788,0.0
2026-08-03 04:30:00,1.34786,1.34795,1.34777,1.34784,0.0
2026-08-03 04:45:00,1.34785,1.34789,1.34775,1.34781,0.0
2026-08-03 05:00:00,1.34779,1.34858,1.34738,1.34855,0.0
2026-08-03 05:15:00,1.34849,1.34925,1.34757,1.34798,0.0
2026-08-03 05:30:00,1.34802,1.34929,1.347,1.34804,0.0
2026-08-03 05:45:00,1.3481,1.34887,1.34693,1.34846,0.0
2026-08-03 06:00:00,1.34832,1.34923,1.34785,1.34836,0.0
2026-08-03 06:15:00,1.34848,1.34905,1.34795,1.34882,0.0
2026-08-03 06:30:00,1.34876,1.34915,1.34811,1.34908,0.0
2026-08-03 06:45:00,1.34895,1.34959,1.34765,1.34808,0.0
2026-08-03 07:00:00,1.34828,1.34958,1.34807,1.3492,0.0
2026-08-03 07:15:00,1.34912,1.34912,1.34825,1.34898,0.0
2026-08-03 07:30:00,1.34888,1.34956,1.34869,1.34928,0.0
2026-08-03 07:45:00,1.34919,1.34945,1.34867,1.34888,0.0
2026-08-03 08:00:00,1.34896,1.3506,1.34896,1.35058,0.0
2026-08-03 08:15:00,1.35051,1.35065,1.34969,1.34998,0.0
2026-08-03 08:30:00,1.34984,1.35013,1.3496,1.34963,0.0
2026-08-03 08:45:00,1.34964,1.34998,1.34943,1.34967,0.0
2026-08-03 09:00:00,1.34967,1.34968,1.34911,1.34925,0.0
2026-08-03 09:15:00,1.3492,1.34931,1.34901,1.34918,0.0
2026-08-03 09:30:00,1.34915,1.34935,1.34887,1.34889,0.0
2026-08-03 09:45:00,1.34892,1.34934,1.34892,1.3491,0.0
2026-08-03 10:00:00,1.34913,1.34917,1.3484,1.34841,0.0
2026-08-03 10:15:00,1.34842,1.34942,1.3484,1.34932,0.0
2026-08-03 10:30:00,1.34902,1.35014,1.34902,1.34997,0.0
2026-08-03 10:45:00,1.34998,1.35022,1.34862,1.34876,0.0
2026-08-03 11:00:00,1.34877,1.34896,1.34769,1.34771,0.0
2026-08-03 11:15:00,1.34775,1.34775,1.3472,1.34752,0.0
2026-08-03 11:30:00,1.34749,1.34749,1.34702,1.34742,0.0
2026-08-03 11:45:00,1.3474,1.34742,1.34711,1.34731,0.0
2026-08-03 12:00:00,1.34733,1.34762,1.34713,1.34715,0.0
2026-08-03 12:15:00,1.34717,1.34742,1.34698,1.34719,0.0
2026-08-03 12:30:00,1.34716,1.34754,1.34716,1.34738,0.0
2026-08-03 12:45:00,1.34736,1.34736,1.34691,1.34707,0.0
2026-08-03 13:00:00,1.34703,1.3471,1.34669,1.34686,0.0
2026-08-03 13:15:00,1.3468,1.34691,1.3466,1.34684,0.0
2026-08-03 13:30:00,1.34682,1.34683,1.34647,1.34658,0.0
2026-08-03 13:45:00,1.34655,1.3468,1.34653,1.34676,0.0
2026-08-03 14:00:00,1.34669,1.34696,1.34667,1.3469,0.0
2026-08-03 14:15:00,1.34684,1.34698,1.34677,1.3469,0.0
2026-08-03 14:30:00,1.34686,1.3472,1.34676,1.34713,0.0
2026-08-03 14:45:00,1.34708,1.34738,1.347,1.34722,0.0
2026-08-03 15:00:00,1.3472,1.34749,1.34701,1.3472,0.0
2026-08-03 15:15:00,1.34714,1.34727,1.34706,1.34722,0.0
2026-08-03 15:30:00,1.3472,1.34755,1.34713,1.34754,0.0
2026-08-03 15:45:00,1.34747,1.34775,1.34735,1.34753,0.0
2026-08-03 16:00:00,1.34757,1.34778,1.34731,1.34756,0.0
2026-08-03 16:15:00,1.34758,1.34772,1.34696,1.34714,0.0
2026-08-03 16:30:00,1.34705,1.3472,1.34594,1.34609,0.0
2026-08-03 16:45:00,1.34605,1.34629,1.34577,1.34615,0.0
2026-08-03 17:00:00,1.34621,1.34649,1.3459,1.34646,0.0
2026-08-03 17:15:00,1.34642,1.34692,1.34533,1.34645,0.0
2026-08-03 17:30:00,1.34643,1.34709,1.34638,1.34652,0.0
2026-08-03 17:45:00,1.34644,1.34663,1.34589,1.34617,0.0
2026-08-03 18:00:00,1.3461,1.34625,1.34555,1.34618,0.0
2026-08-03 18:15:00,1.34615,1.3462,1.34565,1.34588,0.0
2026-08-03 18:30:00,1.34585,1.34623,1.34566,1.34597,0.0
2026-08-03 18:45:00,1.34593,1.34599,1.34544,1.34548,0.0
2026-08-03 19:00:00,1.34553,1.34577,1.34501,1.34569,0.0
2026-08-03 19:15:00,1.34567,1.34567,1.34499,1.34546,0.0
2026-08-03 19:30:00,1.34535,1.34566,1.34519,1.34564,0.0
2026-08-03 19:45:00,1.34557,1.34603,1.34508,1.34518,0.0
2026-08-03 20:00:00,1.34538,1.34538,1.34486,1.34533,0.0
2026-08-03 20:15:00,1.34528,1.34576,1.34492,1.34574,0.0
2026-08-03 20:30:00,1.3457,1.34619,1.34557,1.34598,0.0
2026-08-03 20:45:00,1.34596,1.34617,1.34562,1.34604,0.0
2026-08-03 21:00:00,1.346,1.34652,1.34598,1.34641,0.0
2026-08-03 21:15:00,1.34643,1.34647,1.34561,1.34589,0.0
2026-08-03 21:30:00,1.34587,1.34635,1.34579,1.34631,0.0
2026-08-03 21:45:00,1.34623,1.34675,1.34623,1.34674,0.0
2026-08-03 22:00:00,1.34669,1.34704,1.34663,1.34665,0.0
2026-08-03 22:15:00,1.34667,1.34673,1.34629,1.3463,0.0
2026-08-03 22:30:00,1.34632,1.34722,1.34615,1.34618,0.0
2026-08-03 22:45:00,1.34623,1.34646,1.34576,1.34643,0.0
2026-08-03 23:00:00,1.34632,1.34667,1.34618,1.34629,0.0
2026-08-03 23:15:00,1.34645,1.34645,1.34588,1.34635,0.0
2026-08-03 23:30:00,1.34629,1.34655,1.34551,1.34583,0.0
2026-08-03 23:45:00,1.34581,1.34589,1.34486,1.34522,0.0
2026-08-04 00:00:00,1.34513,1.34557,1.34459,1.34508,0.0
2026-08-04 00:15:00,1.34496,1.34542,1.34457,1.3453,0.0
2026-08-04 00:30:00,1.34526,1.34543,1.3443,1.34436,0.0
2026-08-04 00:45:00,1.34448,1.3449,1.34385,1.34406,0.0
2026-08-04 01:00:00,1.34404,1.34404,1.3426,1.34268,0.0
2026-08-04 01:15:00,1.34265,1.34291,1.3425,1.34252,0.0
2026-08-04 01:30:00,1.34255,1.343,1.34248,1.3427,0.0
2026-08-04 01:45:00,1.34274,1.34345,1.34266,1.34344,0.0
2026-08-04 02:00:00,1.34341,1.34365,1.34311,1.34321,0.0
2026-08-04 02:15:00,1.34331,1.34331,1.34272,1.34281,0.0
2026-08-04 02:30:00,1.34283,1.34306,1.34267,1.34291,0.0
2026-08-04 02:45:00,1.34293,1.34293,1.34257,1.3428,0.0
2026-08-04 03:00:00,1.34279,1.34279,1.34238,1.34271,0.0
2026-08-04 03:15:00,1.34268,1.34268,1.34228,1.34247,0.0
2026-08-04 03:30:00,1.34245,1.34259,1.34225,1.34226,0.0
2026-08-04 03:45:00,1.34229,1.34254,1.34194,1.34197,0.0
2026-08-04 04:00:00,1.34196,1.34228,1.34183,1.34219,0.0
2026-08-04 04:15:00,1.34216,1.34271,1.34207,1.34261,0.0
2026-08-04 04:30:00,1.34261,1.34296,1.34253,1.34291,0.0
2026-08-04 04:45:00,1.34284,1.34344,1.34282,1.34309,0.0
2026-08-04 05:00:00,1.3431,1.34349,1.34309,1.34328,0.0
2026-08-04 05:15:00,1.34328,1.34348,1.34327,1.34345,0.0
2026-08-04 05:30:00,1.34342,1.34342,1.34313,1.34314,0.0
2026-08-04 05:45:00,1.34318,1.34341,1.34311,1.34312,0.0
2026-08-04 06:00:00,1.34314,1.34333,1.34304,1.34311,0.0
2026-08-04 06:15:00,1.34309,1.34317,1.34286,1.34297,0.0
2026-08-04 06:30:00,1.34294,1.34319,1.3429,1.34311,0.0
2026-08-04 06:45:00,1.34312,1.34342,1.34295,1.34339,0.0
2026-08-04 07:00:00,1.34334,1.34343,1.3428,1.34319,0.0
2026-08-04 07:15:00,1.34316,1.34316,1.34282,1.34304,0.0
2026-08-04 07:30:00,1.34301,1.34304,1.34291,1.34303,0.0
2026-08-04 07:45:00,1.34301,1.34307,1.34287,1.34299,0.0
2026-08-04 08:00:00,1.34294,1.34341,1.34287,1.3429,0.0
2026-08-04 08:15:00,1.34295,1.34306,1.3428,1.34292,0.0
2026-08-04 08:30:00,1.34289,1.34302,1.34282,1.343,0.0
2026-08-04 08:45:00,1.34298,1.3431,1.34296,1.34298,0.0
2026-08-04 09:00:00,1.34299,1.3432,1.34289,1.34305,0.0
2026-08-04 09:15:00,1.34303,1.34316,1.34295,1.34301,0.0
2026-08-04 09:30:00,1.34298,1.34301,1.34264,1.34268,0.0
2026-08-04 09:45:00,1.34266,1.34283,1.34253,1.34269,0.0
2026-08-04 10:00:00,1.34271,1.34327,1.3427,1.34284,0.0
2026-08-04 10:15:00,1.34288,1.34304,1.34273,1.34295,0.0
2026-08-04 10:30:00,1.34289,1.34325,1.34277,1.34309,0.0
2026-08-04 10:45:00,1.3431,1.34315,1.34244,1.34256,0.0
2026-08-04 11:00:00,1.34254,1.3427,1.34208,1.3425,0.0
2026-08-04 11:15:00,1.34246,1.34272,1.34238,1.34267,0.0
2026-08-04 11:30:00,1.34265,1.34307,1.34255,1.34298,0.0
2026-08-04 11:45:00,1.34298,1.34315,1.3427,1.34288,0.0
2026-08-04 12:00:00,1.34288,1.34322,1.34259,1.34319,0.0
2026-08-04 12:15:00,1.34314,1.3432,1.34264,1.34266,0.0
2026-08-04 12:30:00,1.34267,1.34304,1.34267,1.34297,0.0
2026-08-04 12:45:00,1.34293,1.34326,1.3428,1.34282,0.0
2026-08-04 13:00:00,1.34285,1.34311,1.3427,1.34282,0.0
2026-08-04 13:15:00,1.34283,1.34314,1.34273,1.34313,0.0
2026-08-04 13:30:00,1.34308,1.34323,1.34255,1.34262,0.0
2026-08-04 13:45:00,1.34259,1.34282,1.34255,1.34267,0.0
2026-08-04 14:00:00,1.34266,1.34271,1.34244,1.34247,0.0
2026-08-04 14:15:00,1.34248,1.34265,1.34244,1.34259,0.0
2026-08-04 14:30:00,1.34258,1.34263,1.34239,1.34261,0.0
2026-08-04 14:45:00,1.34257,1.3427,1.34237,1.34264,0.0
2026-08-04 15:00:00,1.34266,1.34266,1.34225,1.34226,0.0
2026-08-04 15:15:00,1.34227,1.34255,1.34216,1.34253,0.0
2026-08-04 15:30:00,1.3425,1.34266,1.34202,1.34224,0.0
2026-08-04 15:45:00,1.34219,1.34261,1.34198,1.34253,0.0
2026-08-04 16:00:00,1.34254,1.34266,1.34234,1.34263,0.0
2026-08-04 16:15:00,1.34259,1.34324,1.34259,1.34293,0.0
2026-08-04 16:30:00,1.34297,1.34322,1.34277,1.34293,0.0
2026-08-04 16:45:00,1.34289,1.34299,1.34269,1.34286,0.0
2026-08-04 17:00:00,1.34288,1.34343,1.34286,1.34324,0.0
2026-08-04 17:15:00,1.34325,1.34399,1.34311,1.34346,0.0
2026-08-04 17:30:00,1.34348,1.34378,1.3434,1.34348,0.0
2026-08-04 17:45:00,1.34355,1.34384,1.34331,1.34378,0.0
2026-08-04 18:00:00,1.34377,1.34389,1.34338,1.34338,0.0
2026-08-04 18:15:00,1.34339,1.34395,1.3433,1.34387,0.0
2026-08-04 18:30:00,1.34375,1.34409,1.34341,1.34409,0.0
2026-08-04 18:45:00,1.34406,1.34426,1.34367,1.34418,0.0
2026-08-04 19:00:00,1.34415,1.34428,1.34364,1.34398,0.0
2026-08-04 19:15:00,1.34393,1.34432,1.34392,1.34428,0.0
2026-08-04 19:30:00,1.34422,1.34428,1.34394,1.34402,0.0
2026-08-04 19:45:00,1.34401,1.34424,1.34385,1.34413,0.0
2026-08-04 20:00:00,1.3441,1.3444,1.34404,1.34438,0.0
2026-08-04 20:15:00,1.34436,1.34436,1.34398,1.34408,0.0
2026-08-04 20:30:00,1.34408,1.34431,1.34379,1.34422,0.0
2026-08-04 20:45:00,1.34404,1.34486,1.34404,1.34447,0.0
2026-08-04 21:00:00,1.34444,1.34446,1.34411,1.34444,0.0
2026-08-04 21:15:00,1.34438,1.34499,1.34438,1.34475,0.0
2026-08-04 21:30:00,1.34485,1.34542,1.34485,1.34511,0.0
2026-08-04 21:45:00,1.34511,1.34548,1.34454,1.34496,0.0
2026-08-04 22:00:00,1.34492,1.34492,1.34452,1.34471,0.0
2026-08-04 22:15:00,1.34472,1.34486,1.34445,1.34462,0.0
2026-08-04 22:30:00,1.34463,1.3454,1.34447,1.34537,0.0
2026-08-04 22:45:00,1.34535,1.34535,1.34427,1.34432,0.0
2026-08-04 23:00:00,1.34439,1.34439,1.34382,1.34419,0.0
2026-08-04 23:15:00,1.34415,1.34503,1.34387,1.34445,0.0
2026-08-04 23:30:00,1.34445,1.34507,1.34437,1.34485,0.0
2026-08-04 23:45:00,1.34488,1.34536,1.34454,1.34467,0.0
2026-08-05 00:00:00,1.34463,1.34554,1.34455,1.34525,0.0
2026-08-05 00:15:00,1.34523,1.34554,1.34504,1.3453,0.0
2026-08-05 00:30:00,1.34528,1.34535,1.34477,1.34508,0.0
2026-08-05 00:45:00,1.34513,1.34526,1.34438,1.34469,0.0
2026-08-05 01:00:00,1.34452,1.34485,1.34446,1.34449,0.0
2026-08-05 01:15:00,1.34455,1.34461,1.34423,1.34452,0.0
2026-08-05 01:30:00,1.34452,1.3451,1.34439,1.34496,0.0
2026-08-05 01:45:00,1.3449,1.34555,1.3449,1.34554,0.0
2026-08-05 02:00:00,1.34551,1.34566,1.34485,1.34564,0.0
2026-08-05 02:15:00,1.34557,1.34557,1.34506,1.34531,0.0
2026-08-05 02:30:00,1.3453,1.3453,1.34464,1.34469,0.0
2026-08-05 02:45:00,1.34481,1.34509,1.34457,1.34471,0.0
2026-08-05 03:00:00,1.34468,1.3449,1.34448,1.34454,0.0
2026-08-05 03:15:00,1.3445,1.34472,1.34428,1.3443,0.0
2026-08-05 03:30:00,1.34432,1.34458,1.34418,1.34455,0.0
2026-08-05 03:45:00,1.34451,1.34458,1.34439,1.34453,0.0
2026-08-05 04:00:00,1.34452,1.34452,1.34412,1.34421,0.0
2026-08-05 04:15:00,1.34419,1.34432,1.3441,1.34422,0.0
2026-08-05 04:30:00,1.34421,1.34436,1.34396,1.34432,0.0
2026-08-05 04:45:00,1.34427,1.34532,1.34427,1.34512,0.0
2026-08-05 05:00:00,1.34514,1.34541,1.34508,1.34516,0.0
2026-08-05 05:15:00,1.34522,1.34522,1.34494,1.34512,0.0
2026-08-05 05:30:00,1.34509,1.34519,1.34492,1.3451,0.0
2026-08-05 05:45:00,1.34511,1.34515,1.34491,1.34512,0.0
2026-08-05 06:00:00,1.34508,1.34531,1.34504,1.34519,0.0
2026-08-05 06:15:00,1.3452,1.34548,1.34517,1.34543,0.0
2026-08-05 06:30:00,1.34541,1.34541,1.34506,1.34512,0.0
2026-08-05 06:45:00,1.34513,1.34544,1.34508,1.34542,0.0
2026-08-05 07:00:00,1.34536,1.34537,1.34456,1.34479,0.0
2026-08-05 07:15:00,1.34475,1.34551,1.34475,1.34497,0.0
2026-08-05 07:30:00,1.34495,1.34499,1.34474,1.34483,0.0
2026-08-05 07:45:00,1.34483,1.34533,1.34475,1.34496,0.0
2026-08-05 08:00:00,1.34499,1.34531,1.34483,1.34512,0.0
2026-08-05 08:15:00,1.3451,1.34514,1.34503,1.34511,0.0
2026-08-05 08:30:00,1.34508,1.34532,1.34507,1.34527,0.0
2026-08-05 08:45:00,1.34526,1.34526,1.34498,1.34516,0.0
2026-08-05 09:00:00,1.34511,1.34524,1.34486,1.34511,0.0
2026-08-05 09:15:00,1.3451,1.34511,1.34493,1.34504,0.0
2026-08-05 09:30:00,1.34501,1.34501,1.34477,1.34478,0.0
2026-08-05 09:45:00,1.34478,1.34513,1.34478,1.3451,0.0
2026-08-05 10:00:00,1.34506,1.3453,1.34504,1.34515,0.0
2026-08-05 10:15:00,1.34512,1.34556,1.34512,1.34555,0.0
2026-08-05 10:30:00,1.34552,1.34562,1.34533,1.34537,0.0
2026-08-05 10:45:00,1.34543,1.34543,1.34492,1.34506,0.0
2026-08-05 11:00:00,1.34511,1.34513,1.34483,1.34492,0.0
2026-08-05 11:15:00,1.34494,1.34503,1.34453,1.34459,0.0
2026-08-05 11:30:00,1.34454,1.3447,1.34447,1.34455,0.0
2026-08-05 11:45:00,1.34451,1.34468,1.3445,1.3446,0.0
2026-08-05 12:00:00,1.34461,1.345,1.34447,1.34488,0.0
2026-08-05 12:15:00,1.34483,1.34535,1.34479,1.34532,0.0
2026-08-05 12:30:00,1.3453,1.34578,1.34515,1.34575,0.0
2026-08-05 12:45:00,1.34572,1.34585,1.34542,1.34545,0.0
2026-08-05 13:00:00,1.34549,1.34602,1.34534,1.34591,0.0
2026-08-05 13:15:00,1.34593,1.34601,1.34564,1.34572,0.0
2026-08-05 13:30:00,1.3457,1.34571,1.34553,1.34561,0.0
2026-08-05 13:45:00,1.34558,1.34574,1.34553,1.34564,0.0
2026-08-05 14:00:00,1.34564,1.34591,1.34558,1.34573,0.0
2026-08-05 14:15:00,1.34578,1.34604,1.34578,1.34591,0.0
2026-08-05 14:30:00,1.3459,1.34601,1.34567,1.34582,0.0
2026-08-05 14:45:00,1.34578,1.34581,1.34541,1.34547,0.0
2026-08-05 15:00:00,1.34546,1.34549,1.34515,1.34537,0.0
2026-08-05 15:15:00,1.34533,1.34565,1.34533,1.34552,0.0
2026-08-05 15:30:00,1.34554,1.34569,1.34544,1.34565,0.0
2026-08-05 15:45:00,1.34561,1.3459,1.34546,1.34572,0.0
2026-08-05 16:00:00,1.3457,1.3459,1.34559,1.34584,0.0
2026-08-05 16:15:00,1.34584,1.34593,1.34526,1.34531,0.0
2026-08-05 16:30:00,1.34531,1.34625,1.34519,1.34624,0.0
2026-08-05 16:45:00,1.34621,1.34677,1.34607,1.34665,0.0
2026-08-05 17:00:00,1.34666,1.34684,1.34573,1.34598,0.0
2026-08-05 17:15:00,1.34593,1.34619,1.34586,1.34589,0.0
2026-08-05 17:30:00,1.3459,1.34635,1.34584,1.34611,0.0
2026-08-05 17:45:00,1.3461,1.34682,1.34599,1.34679,0.0
2026-08-05 18:00:00,1.34671,1.34702,1.34624,1.34642,0.0
2026-08-05 18:15:00,1.3464,1.3468,1.34623,1.34667,0.0
2026-08-05 18:30:00,1.34668,1.34695,1.34579,1.34588,0.0
2026-08-05 18:45:00,1.34586,1.34601,1.34539,1.34597,0.0
2026-08-05 19:00:00,1.34589,1.34615,1.34553,1.34611,0.0
2026-08-05 19:15:00,1.3461,1.34644,1.3459,1.34641,0.0
2026-08-05 19:30:00,1.34636,1.34672,1.34624,1.34662,0.0
2026-08-05 19:45:00,1.34664,1.34672,1.34649,1.34666,0.0
2026-08-05 20:00:00,1.34658,1.34703,1.34644,1.34645,0.0
2026-08-05 20:15:00,1.34648,1.34696,1.34647,1.34648,0.0
2026-08-05 20:30:00,1.34651,1.34664,1.34636,1.34663,0.0
2026-08-05 20:45:00,1.34658,1.34681,1.34634,1.34678,0.0
2026-08-05 21:00:00,1.34675,1.3476,1.34675,1.34759,0.0
2026-08-05 21:15:00,1.34755,1.348,1.34735,1.34798,0.0
2026-08-05 21:30:00,1.34792,1.34827,1.34745,1.34799,0.0
2026-08-05 21:45:00,1.34804,1.34818,1.34773,1.34816,0.0
2026-08-05 22:00:00,1.3481,1.34814,1.34749,1.34757,0.0
2026-08-05 22:15:00,1.34755,1.34831,1.34751,1.34823,0.0
2026-08-05 22:30:00,1.34819,1.34845,1.34764,1.34767,0.0
2026-08-05 22:45:00,1.34773,1.34773,1.34691,1.34718,0.0
2026-08-05 23:00:00,1.34715,1.34731,1.34681,1.3471,0.0
2026-08-05 23:15:00,1.34708,1.34746,1.3466,1.34742,0.0
2026-08-05 23:30:00,1.34736,1.34763,1.34673,1.34689,0.0
2026-08-05 23:45:00,1.34692,1.34692,1.34604,1.34636,0.0
2026-08-06 00:00:00,1.34639,1.34816,1.34624,1.34769,0.0
2026-08-06 00:15:00,1.34772,1.34864,1.34762,1.34813,0.0
2026-08-06 00:30:00,1.34818,1.34832,1.3476,1.34785,0.0
2026-08-06 00:45:00,1.34782,1.3479,1.34707,1.34789,0.0
2026-08-06 01:00:00,1.34783,1.34824,1.34712,1.34716,0.0
2026-08-06 01:15:00,1.34723,1.34723,1.34667,1.34688,0.0
2026-08-06 01:30:00,1.34685,1.34693,1.34645,1.34678,0.0
2026-08-06 01:45:00,1.34678,1.34698,1.34575,1.34623,0.0
2026-08-06 02:00:00,1.34623,1.34664,1.34603,1.34642,0.0
2026-08-06 02:15:00,1.34639,1.34683,1.34639,1.34655,0.0
2026-08-06 02:30:00,1.34655,1.34657,1.34622,1.34631,0.0
2026-08-06 02:45:00,1.34628,1.34638,1.346,1.34601,0.0
2026-08-06 03:00:00,1.34603,1.34611,1.34561,1.34589,0.0
2026-08-06 03:15:00,1.34587,1.34648,1.34576,1.34646,0.0
2026-08-06 03:30:00,1.3464,1.34695,1.34638,1.34689,0.0
2026-08-06 03:45:00,1.34682,1.34709,1.34677,1.34708,0.0
2026-08-06 04:00:00,1.34706,1.34725,1.34692,1.34709,0.0
2026-08-06 04:15:00,1.34708,1.34732,1.3468,1.34729,0.0
2026-08-06 04:30:00,1.34726,1.34733,1.3468,1.3468,0.0
2026-08-06 04:45:00,1.34681,1.34705,1.34663,1.34698,0.0
2026-08-06 05:00:00,1.34698,1.34705,1.34664,1.34672,0.0
2026-08-06 05:15:00,1.34669,1.34678,1.3464,1.34643,0.0
2026-08-06 05:30:00,1.34646,1.3466,1.34638,1.34654,0.0
2026-08-06 05:45:00,1.34654,1.34661,1.34636,1.34643,0.0
2026-08-06 06:00:00,1.34645,1.34673,1.34642,1.34644,0.0
2026-08-06 06:15:00,1.34646,1.34654,1.34618,1.3465,0.0
2026-08-06 06:30:00,1.34647,1.34673,1.34647,1.34657,0.0
2026-08-06 06:45:00,1.34657,1.34689,1.34653,1.34688,0.0
2026-08-06 07:00:00,1.34685,1.34688,1.34647,1.34663,0.0
2026-08-06 07:15:00,1.34663,1.34707,1.34638,1.34664,0.0
2026-08-06 07:30:00,1.3466,1.34672,1.34638,1.34662,0.0
2026-08-06 07:45:00,1.34661,1.34677,1.34647,1.34651,0.0
2026-08-06 08:00:00,1.34651,1.34671,1.34643,1.34663,0.0
2026-08-06 08:15:00,1.34658,1.34681,1.34658,1.34676,0.0
2026-08-06 08:30:00,1.34672,1.3468,1.34664,1.34671,0.0
2026-08-06 08:45:00,1.34669,1.34681,1.3466,1.34662,0.0
2026-08-06 09:00:00,1.34667,1.34692,1.3466,1.34691,0.0
2026-08-06 09:15:00,1.34688,1.34695,1.34673,1.34681,0.0
2026-08-06 09:30:00,1.34679,1.34693,1.34673,1.34684,0.0
2026-08-06 09:45:00,1.34681,1.34714,1.34681,1.34687,0.0
2026-08-06 10:00:00,1.34689,1.34698,1.34666,1.34667,0.0
2026-08-06 10:15:00,1.34668,1.34701,1.34662,1.34679,0.0
2026-08-06 10:30:00,1.34686,1.34701,1.34664,1.34681,0.0
2026-08-06 10:45:00,1.34682,1.34709,1.3466,1.34662,0.0
2026-08-06 11:00:00,1.34668,1.34684,1.34639,1.34664,0.0
2026-08-06 11:15:00,1.34656,1.34709,1.34656,1.34683,0.0
2026-08-06 11:30:00,1.34688,1.3471,1.34677,1.34706,0.0
2026-08-06 11:45:00,1.34704,1.34704,1.34682,1.34683,0.0
2026-08-06 12:00:00,1.34684,1.34731,1.34682,1.34703,0.0
2026-08-06 12:15:00,1.347,1.34721,1.34686,1.34698,0.0
2026-08-06 12:30:00,1.34692,1.34708,1.34685,1.34705,0.0
2026-08-06 12:45:00,1.34702,1.34712,1.34675,1.34681,0.0
2026-08-06 13:00:00,1.34678,1.34684,1.34651,1.34651,0.0
2026-08-06 13:15:00,1.34652,1.34652,1.34606,1.34617,0.0
2026-08-06 13:30:00,1.34612,1.34634,1.346,1.34612,0.0
2026-08-06 13:45:00,1.34609,1.34609,1.34586,1.34592,0.0
2026-08-06 14:00:00,1.34592,1.34624,1.34592,1.34622,0.0
2026-08-06 14:15:00,1.34618,1.34621,1.34597,1.34603,0.0
2026-08-06 14:30:00,1.34604,1.34613,1.34586,1.34599,0.0
2026-08-06 14:45:00,1.34595,1.34608,1.34586,1.34604,0.0
2026-08-06 15:00:00,1.34603,1.34605,1.34566,1.34566,0.0
2026-08-06 15:15:00,1.34567,1.34574,1.34554,1.34567,0.0
2026-08-06 15:30:00,1.34564,1.34606,1.34557,1.34604,0.0
2026-08-06 15:45:00,1.34601,1.34638,1.34596,1.3463,0.0
2026-08-06 16:00:00,1.34629,1.34654,1.34613,1.34617,0.0
2026-08-06 16:15:00,1.34616,1.34622,1.34595,1.34611,0.0
2026-08-06 16:30:00,1.34606,1.34609,1.34553,1.34567,0.0
2026-08-06 16:45:00,1.34557,1.34607,1.3455,1.34588,0.0
2026-08-06 17:00:00,1.34586,1.34613,1.34568,1.34611,0.0
2026-08-06 17:15:00,1.34608,1.34631,1.34599,1.34604,0.0
2026-08-06 17:30:00,1.34608,1.34611,1.3457,1.3459,0.0
2026-08-06 17:45:00,1.34587,1.34615,1.34559,1.34614,0.0
2026-08-06 18:00:00,1.3461,1.34644,1.34591,1.34643,0.0
2026-08-06 18:15:00,1.34642,1.34649,1.34626,1.34632,0.0
2026-08-06 18:30:00,1.34632,1.34662,1.34602,1.34654,0.0
2026-08-06 18:45:00,1.34652,1.34652,1.34628,1.34637,0.0
2026-08-06 19:00:00,1.34632,1.3466,1.34615,1.34648,0.0
2026-08-06 19:15:00,1.34641,1.34657,1.34626,1.34637,0.0
2026-08-06 19:30:00,1.34637,1.3464,1.34533,1.34543,0.0
2026-08-06 19:45:00,1.34542,1.34572,1.34528,1.34567,0.0
2026-08-06 20:00:00,1.34565,1.34575,1.34553,1.34558,0.0
2026-08-06 20:15:00,1.34564,1.34613,1.34544,1.34606,0.0
2026-08-06 20:30:00,1.34598,1.34615,1.34588,1.34596,0.0
2026-08-06 20:45:00,1.34592,1.34624,1.34592,1.34622,0.0
2026-08-06 21:00:00,1.34619,1.34658,1.34607,1.34641,0.0
2026-08-06 21:15:00,1.34643,1.34662,1.34633,1.34652,0.0
2026-08-06 21:30:00,1.34653,1.34658,1.34599,1.34603,0.0
2026-08-06 21:45:00,1.34602,1.34677,1.34577,1.34676,0.0
2026-08-06 22:00:00,1.34671,1.34693,1.34633,1.34638,0.0
2026-08-06 22:15:00,1.34645,1.34706,1.34633,1.34702,0.0
2026-08-06 22:30:00,1.34697,1.34718,1.34682,1.34717,0.0
2026-08-06 22:45:00,1.34714,1.34714,1.34658,1.347,0.0
2026-08-06 23:00:00,1.34697,1.34711,1.34657,1.34659,0.0
2026-08-06 23:15:00,1.34662,1.34713,1.34653,1.34706,0.0
2026-08-06 23:30:00,1.347,1.3476,1.34685,1.34744,0.0
2026-08-06 23:45:00,1.34744,1.34795,1.34717,1.34781,0.0
2026-08-07 00:00:00,1.34781,1.3479,1.34664,1.34667,0.0
2026-08-07 00:15:00,1.3467,1.34718,1.34664,1.34691,0.0
2026-08-07 00:30:00,1.34692,1.3472,1.34652,1.34714,0.0
2026-08-07 00:45:00,1.34704,1.34725,1.34638,1.3466,0.0
2026-08-07 01:00:00,1.34659,1.34662,1.34585,1.34605,0.0
2026-08-07 01:15:00,1.34599,1.34599,1.34512,1.34536,0.0
2026-08-07 01:30:00,1.34542,1.34548,1.345,1.34536,0.0
2026-08-07 01:45:00,1.34528,1.34584,1.34521,1.3456,0.0
2026-08-07 02:00:00,1.34557,1.34584,1.3452,1.34543,0.0
2026-08-07 02:15:00,1.34552,1.34569,1.34497,1.3455,0.0
2026-08-07 02:30:00,1.34548,1.34564,1.34517,1.34518,0.0
2026-08-07 02:45:00,1.34521,1.3457,1.34513,1.34555,0.0
2026-08-07 03:00:00,1.34555,1.34593,1.34555,1.34564,0.0
2026-08-07 03:15:00,1.34566,1.34568,1.34521,1.34551,0.0
2026-08-07 03:30:00,1.34549,1.34568,1.34524,1.34541,0.0
2026-08-07 03:45:00,1.34539,1.34571,1.34531,1.34567,0.0
2026-08-07 04:00:00,1.34563,1.34595,1.34563,1.34587,0.0
2026-08-07 04:15:00,1.34585,1.34588,1.34551,1.34558,0.0
2026-08-07 04:30:00,1.34556,1.34566,1.34531,1.34532,0.0
2026-08-07 04:45:00,1.34537,1.34574,1.34532,1.34572,0.0
2026-08-07 05:00:00,1.34568,1.34594,1.34562,1.34564,0.0
2026-08-07 05:15:00,1.34566,1.34578,1.34503,1.34518,0.0
2026-08-07 05:30:00,1.34515,1.34532,1.34497,1.34502,0.0
2026-08-07 05:45:00,1.345,1.34566,1.3449,1.3454,0.0
2026-08-07 06:00:00,1.34543,1.34558,1.34526,1.34531,0.0
2026-08-07 06:15:00,1.34529,1.34529,1.34486,1.34492,0.0
2026-08-07 06:30:00,1.34489,1.34508,1.34486,1.34505,0.0
2026-08-07 06:45:00,1.34502,1.34545,1.34502,1.34541,0.0
2026-08-07 07:00:00,1.34535,1.3458,1.34526,1.34549,0.0
2026-08-07 07:15:00,1.34549,1.34578,1.34473,1.34555,0.0
2026-08-07 07:30:00,1.34551,1.34566,1.34472,1.34476,0.0
2026-08-07 07:45:00,1.34483,1.34553,1.34431,1.34452,0.0
2026-08-07 08:00:00,1.34503,1.34575,1.34503,1.34517,0.0
2026-08-07 08:15:00,1.3451,1.34526,1.3451,1.34523,0.0
2026-08-07 08:30:00,1.3452,1.34526,1.34512,1.34516,0.0
2026-08-07 08:45:00,1.34516,1.34525,1.34512,1.34516,0.0
2026-08-07 09:00:00,1.34518,1.34536,1.34517,1.3453,0.0
2026-08-07 09:15:00,1.3453,1.34545,1.3453,1.34543,0.0
2026-08-07 09:30:00,1.34541,1.34546,1.34529,1.34543,0.0
2026-08-07 09:45:00,1.34541,1.34557,1.34539,1.3455,0.0
2026-08-07 10:00:00,1.34547,1.34558,1.34518,1.34519,0.0
2026-08-07 10:15:00,1.34519,1.34522,1.34508,1.34521,0.0
2026-08-07 10:30:00,1.34518,1.34529,1.34503,1.3451,0.0
2026-08-07 10:45:00,1.34508,1.34521,1.34481,1.34502,0.0
2026-08-07 11:00:00,1.34499,1.34532,1.3449,1.3453,0.0
2026-08-07 11:15:00,1.34526,1.34531,1.34514,1.3453,0.0
2026-08-07 11:30:00,1.34528,1.34556,1.34506,1.34554,0.0
2026-08-07 11:45:00,1.34547,1.34562,1.34526,1.34541,0.0
2026-08-07 12:00:00,1.34539,1.34545,1.34525,1.34534,0.0
2026-08-07 12:15:00,1.34534,1.34543,1.34514,1.34538,0.0
2026-08-07 12:30:00,1.34536,1.34541,1.34517,1.34523,0.0
2026-08-07 12:45:00,1.3452,1.34546,1.34508,1.3452,0.0
2026-08-07 13:00:00,1.3452,1.34535,1.34506,1.34522,0.0
2026-08-07 13:15:00,1.34518,1.34523,1.34508,1.34511,0.0
2026-08-07 13:30:00,1.34512,1.34526,1.34506,1.34508,0.0
2026-08-07 13:45:00,1.3451,1.34528,1.34505,1.34526,0.0
2026-08-07 14:00:00,1.34524,1.34541,1.34524,1.34527,0.0
2026-08-07 14:15:00,1.34528,1.34545,1.34523,1.34541,0.0
2026-08-07 14:30:00,1.34538,1.34553,1.34533,1.34538,0.0
2026-08-07 14:45:00,1.34534,1.34551,1.34532,1.34541,0.0
2026-08-07 15:00:00,1.34544,1.34564,1.34532,1.34562,0.0
2026-08-07 15:15:00,1.34559,1.34561,1.34527,1.3453,0.0
2026-08-07 15:30:00,1.34529,1.34545,1.34517,1.34531,0.0
2026-08-07 15:45:00,1.34529,1.34544,1.34517,1.34532,0.0
2026-08-07 16:00:00,1.3453,1.34557,1.34517,1.34543,0.0
2026-08-07 16:15:00,1.34546,1.34585,1.34527,1.34554,0.0
2026-08-07 16:30:00,1.34556,1.34561,1.34521,1.34538,0.0
2026-08-07 16:45:00,1.34536,1.34567,1.34521,1.34541,0.0
2026-08-07 17:00:00,1.34543,1.34545,1.34488,1.34524,0.0
2026-08-07 17:15:00,1.34521,1.34542,1.34486,1.34496,0.0
2026-08-07 17:30:00,1.34494,1.34504,1.34465,1.34484,0.0
2026-08-07 17:45:00,1.3448,1.34505,1.34457,1.34491,0.0
2026-08-07 18:00:00,1.3449,1.34499,1.3445,1.34457,0.0
2026-08-07 18:15:00,1.34456,1.34479,1.34449,1.34459,0.0
2026-08-07 18:30:00,1.34458,1.34488,1.34443,1.34486,0.0
2026-08-07 18:45:00,1.34485,1.34508,1.34443,1.34457,0.0
2026-08-07 19:00:00,1.34453,1.34465,1.3441,1.34463,0.0
2026-08-07 19:15:00,1.34458,1.34463,1.34448,1.34453,0.0
2026-08-07 19:30:00,1.34452,1.34458,1.34392,1.34402,0.0
2026-08-07 19:45:00,1.34406,1.34435,1.344,1.34432,0.0
2026-08-07 20:00:00,1.34429,1.3443,1.34382,1.34387,0.0
2026-08-07 20:15:00,1.34396,1.344,1.34368,1.3437,0.0
2026-08-07 20:30:00,1.34375,1.34388,1.34356,1.3436,0.0
2026-08-07 20:45:00,1.34366,1.34392,1.34347,1.34391,0.0
2026-08-07 21:00:00,1.34388,1.34434,1.34378,1.34429,0.0
2026-08-07 21:15:00,1.34428,1.34443,1.34401,1.34405,0.0
2026-08-07 21:30:00,1.34406,1.34475,1.3439,1.34473,0.0
2026-08-07 21:45:00,1.34467,1.34493,1.34464,1.34492,0.0
2026-08-07 22:00:00,1.34485,1.34519,1.34479,1.34491,0.0
2026-08-07 22:15:00,1.34497,1.34503,1.34472,1.34484,0.0
2026-08-07 22:30:00,1.34487,1.35016,1.3443,1.35007,0.0
2026-08-07 22:45:00,1.34992,1.35093,1.34966,1.34991,0.0
2026-08-07 23:00:00,1.34978,1.3502,1.34942,1.35007,0.0
2026-08-07 23:15:00,1.34989,1.35084,1.34925,1.35046,0.0
2026-08-07 23:30:00,1.35052,1.35093,1.34942,1.3506,0.0
2026-08-07 23:45:00,1.35065,1.35065,1.34883,1.34887,0.0
2026-08-08 00:00:00,1.34893,1.34939,1.34847,1.34922,0.0
2026-08-08 00:15:00,1.34917,1.35016,1.34917,1.34967,0.0
2026-08-08 00:30:00,1.34975,1.34976,1.34907,1.34911,0.0
2026-08-08 00:45:00,1.34915,1.34917,1.34824,1.34888,0.0
2026-08-08 01:00:00,1.34884,1.34927,1.34837,1.3492,0.0
2026-08-08 01:15:00,1.34898,1.35002,1.34898,1.3496,0.0
2026-08-08 01:30:00,1.34964,1.34998,1.34916,1.34984,0.0
2026-08-08 01:45:00,1.34981,1.34996,1.34923,1.34972,0.0
2026-08-08 02:00:00,1.34973,1.35003,1.34935,1.34996,0.0
2026-08-08 02:15:00,1.34984,1.35027,1.34961,1.34993,0.0
2026-08-08 02:30:00,1.34995,1.35007,1.34971,1.34991,0.0
2026-08-08 02:45:00,1.34996,1.35044,1.34958,1.3496,0.0
2026-08-08 03:00:00,1.34964,1.3498,1.34941,1.34965,0.0
2026-08-08 03:15:00,1.34961,1.34984,1.34944,1.34981,0.0
2026-08-08 03:30:00,1.34979,1.34987,1.3494,1.3498,0.0
2026-08-08 03:45:00,1.3498,1.34987,1.34955,1.3496,0.0
2026-08-08 04:00:00,1.3496,1.34966,1.34912,1.34948,0.0
2026-08-08 04:15:00,1.34957,1.34957,1.34929,1.34951,0.0
2026-08-08 04:30:00,1.34949,1.34991,1.34945,1.34988,0.0
2026-08-08 04:45:00,1.34984,1.35006,1.3498,1.34991,0.0
2026-08-08 05:00:00,1.34991,1.35015,1.34987,1.34993,0.0
2026-08-08 05:15:00,1.34994,1.35037,1.34977,1.35031,0.0
2026-08-08 05:30:00,1.35029,1.35035,1.34996,1.35007,0.0
2026-08-08 05:45:00,1.35006,1.35012,1.34966,1.34981,0.0
2026-08-08 06:00:00,1.34978,1.34984,1.34939,1.34946,0.0
2026-08-08 06:15:00,1.34944,1.34946,1.3491,1.34915,0.0
2026-08-08 06:30:00,1.34912,1.34916,1.34895,1.34906,0.0
2026-08-08 06:45:00,1.34907,1.34938,1.349,1.34936,0.0
2026-08-08 07:00:00,1.34932,1.34939,1.34849,1.34898,0.0
2026-08-08 07:15:00,1.34899,1.3491,1.34891,1.34901,0.0
2026-08-08 07:30:00,1.34899,1.34911,1.34885,1.34903,0.0
2026-08-08 07:45:00,1.34902,1.34908,1.34893,1.34901,0.0
2026-08-08 08:00:00,1.34902,1.34922,1.34814,1.34904,0.0
2026-08-08 08:15:00,1.34902,1.34908,1.349,1.34905,0.0
2026-08-08 08:30:00,1.34901,1.34908,1.349,1.34903,0.0
2026-08-08 08:45:00,1.34902,1.34908,1.349,1.34901,0.0
2026-08-08 09:00:00,1.34902,1.34974,1.34772,1.349,0.0
2026-08-08 09:15:00,1.34899,1.34905,1.34898,1.34903,0.0
2026-08-08 09:30:00,1.34901,1.34906,1.34897,1.34901,0.0
2026-08-08 09:45:00,1.34899,1.34906,1.34897,1.34903,0.0
2026-08-08 10:00:00,1.349,1.34923,1.34897,1.34921,0.0
2026-08-08 10:15:00,1.34918,1.34923,1.34915,1.3492,0.0
2026-08-08 10:30:00,1.34917,1.34923,1.34915,1.3492,0.0
2026-08-08 10:45:00,1.34918,1.34923,1.34915,1.34916,0.0
2026-08-08 11:00:00,1.34917,1.35022,1.34749,1.349,0.0
2026-08-08 11:15:00,1.34882,1.34933,1.348,1.34832,0.0
2026-08-08 11:30:00,1.34839,1.34953,1.34806,1.34919,0.0
2026-08-08 11:45:00,1.34897,1.34914,1.34811,1.34832,0.0
2026-08-08 12:00:00,1.3485,1.34932,1.348,1.34901,0.0
2026-08-08 12:15:00,1.34881,1.34934,1.34799,1.34834,0.0
2026-08-08 12:30:00,1.34841,1.34934,1.34775,1.34919,0.0
2026-08-08 12:45:00,1.34896,1.34922,1.34804,1.34833,0.0
2026-08-08 13:00:00,1.3485,1.34935,1.34668,1.34814,0.0
2026-08-08 13:15:00,1.34785,1.34943,1.34704,1.34834,0.0
2026-08-08 13:30:00,1.34844,1.34935,1.34803,1.3492,0.0
2026-08-08 13:45:00,1.34897,1.34924,1.34799,1.34834,0.0
2026-08-08 14:00:00,1.34846,1.34933,1.34799,1.34901,0.0
2026-08-08 14:15:00,1.3488,1.34932,1.348,1.34834,0.0
2026-08-08 14:30:00,1.34846,1.34931,1.34811,1.34917,0.0
2026-08-08 14:45:00,1.34897,1.34934,1.348,1.34834,0.0
2026-08-08 15:00:00,1.34844,1.34935,1.34801,1.34899,0.0
2026-08-08 15:15:00,1.3488,1.34909,1.34641,1.34717,0.0
2026-08-08 15:30:00,1.34746,1.34925,1.34704,1.34913,0.0
2026-08-08 15:45:00,1.34896,1.34934,1.34801,1.34833,0.0
2026-08-08 16:00:00,1.34842,1.34935,1.34799,1.349,0.0
2026-08-08 16:15:00,1.34881,1.34932,1.348,1.34823,0.0
2026-08-08 16:30:00,1.3485,1.34923,1.34825,1.34914,0.0
2026-08-08 16:45:00,1.349,1.34934,1.34799,1.34833,0.0
2026-08-08 17:00:00,1.3484,1.34978,1.34704,1.34825,0.0
2026-08-08 17:15:00,1.34795,1.34944,1.34559,1.34921,0.0
2026-08-08 17:30:00,1.34917,1.34924,1.34916,1.3492,0.0
2026-08-08 17:45:00,1.34917,1.34923,1.34915,1.3492,0.0
2026-08-08 18:00:00,1.34917,1.34923,1.34915,1.34919,0.0
2026-08-08 18:15:00,1.34917,1.34924,1.34915,1.34916,0.0
2026-08-08 18:30:00,1.34917,1.34923,1.34915,1.34919,0.0
2026-08-08 18:45:00,1.34918,1.34923,1.34915,1.3492,0.0
2026-08-08 19:00:00,1.34917,1.34924,1.34915,1.34918,0.0
2026-08-08 19:15:00,1.34917,1.34923,1.34915,1.34916,0.0
2026-08-08 19:30:00,1.34917,1.34923,1.34915,1.3492,0.0
2026-08-08 19:45:00,1.34917,1.34924,1.34915,1.3492,0.0
2026-08-08 20:00:00,1.34917,1.34923,1.34914,1.34918,0.0
2026-08-08 20:15:00,1.34917,1.34923,1.34915,1.34916,0.0
2026-08-08 20:30:00,1.34917,1.34923,1.34915,1.34917,0.0
2026-08-08 20:45:00,1.34917,1.34923,1.34915,1.3492,0.0
2026-08-08 21:00:00,1.34917,1.34924,1.34915,1.34919,0.0
2026-08-08 21:15:00,1.34918,1.34923,1.34915,1.34917,0.0
2026-08-08 21:30:00,1.34918,1.34931,1.34895,1.3492,0.0
2026-08-08 21:45:00,1.34917,1.34923,1.34915,1.3492,0.0
2026-08-08 22:00:00,1.34917,1.34923,1.34915,1.3492,0.0
2026-08-08 22:15:00,1.34918,1.34924,1.34916,1.34916,0.0
2026-08-08 22:30:00,1.34917,1.34924,1.34915,1.34917,0.0
2026-08-08 22:45:00,1.34917,1.34923,1.34915,1.3492,0.0
2026-08-08 23:00:00,1.34918,1.34923,1.34915,1.34919,0.0
2026-08-08 23:15:00,1.34917,1.34929,1.34896,1.34916,0.0
2026-08-08 23:30:00,1.34917,1.34923,1.34915,1.34916,0.0
2026-08-08 23:45:00,1.34917,1.34924,1.34915,1.3492,0.0
2026-08-09 00:00:00,1.34918,1.34925,1.34915,1.34921,0.0
2026-08-09 00:15:00,1.34919,1.34923,1.34915,1.34917,0.0
2026-08-09 00:30:00,1.34917,1.34924,1.34916,1.34917,0.0
2026-08-09 00:45:00,1.34918,1.34923,1.34915,1.34919,0.0
2026-08-09 01:00:00,1.34917,1.3506,1.34584,1.3492,0.0
2026-08-09 01:15:00,1.34917,1.34924,1.34916,1.3492,0.0
2026-08-09 01:30:00,1.34919,1.34924,1.34915,1.34916,0.0
2026-08-09 01:45:00,1.34917,1.34922,1.34519,1.34841,0.0
2026-08-09 02:00:00,1.34789,1.34923,1.34789,1.34921,0.0
2026-08-09 02:15:00,1.34918,1.34924,1.34915,1.34918,0.0
2026-08-09 02:30:00,1.34917,1.34923,1.34898,1.3492,0.0
2026-08-09 02:45:00,1.34916,1.34923,1.34749,1.3492,0.0
2026-08-09 03:00:00,1.34916,1.34923,1.34911,1.3492,0.0
2026-08-09 03:15:00,1.34917,1.34923,1.34915,1.34918,0.0
2026-08-09 03:30:00,1.34917,1.34924,1.34915,1.34916,0.0
2026-08-09 03:45:00,1.34917,1.34924,1.34915,1.34922,0.0
2026-08-09 04:00:00,1.34918,1.34923,1.34911,1.3492,0.0
2026-08-09 04:15:00,1.34917,1.34924,1.34898,1.34919,0.0
2026-08-09 04:30:00,1.34916,1.34923,1.34915,1.34917,0.0
2026-08-09 04:45:00,1.34917,1.34923,1.34915,1.34917,0.0
2026-08-09 05:00:00,1.34917,1.34923,1.34911,1.3492,0.0
2026-08-09 05:15:00,1.34917,1.34923,1.34915,1.3492,0.0
2026-08-09 05:30:00,1.34917,1.34924,1.34915,1.34917,0.0
2026-08-09 05:45:00,1.34917,1.34923,1.34915,1.34916,0.0
2026-08-09 06:00:00,1.34917,1.34923,1.349,1.34919,0.0
2026-08-09 06:15:00,1.34917,1.34923,1.34915,1.3492,0.0
2026-08-09 06:30:00,1.34917,1.34923,1.34915,1.34917,0.0
2026-08-09 06:45:00,1.34917,1.34923,1.34915,1.34916,0.0
2026-08-09 07:00:00,1.34917,1.34923,1.34911,1.34919,0.0
2026-08-09 07:15:00,1.34917,1.34924,1.34915,1.3492,0.0
2026-08-09 07:30:00,1.34917,1.34924,1.34915,1.34917,0.0
2026-08-09 07:45:00,1.34917,1.34924,1.34915,1.34917,0.0
2026-08-09 08:00:00,1.34918,1.34923,1.34911,1.3492,0.0
2026-08-09 08:15:00,1.34917,1.34923,1.34915,1.3492,0.0
2026-08-09 08:30:00,1.34917,1.34924,1.34915,1.34918,0.0
2026-08-09 08:45:00,1.34917,1.34923,1.34915,1.34917,0.0
2026-08-09 09:00:00,1.34917,1.34924,1.3491,1.34917,0.0
2026-08-09 09:15:00,1.34917,1.34922,1.34913,1.34919,0.0
2026-08-09 09:30:00,1.34916,1.34923,1.34915,1.34919,0.0
2026-08-09 09:45:00,1.34917,1.34923,1.34915,1.34916,0.0
2026-08-09 10:00:00,1.34916,1.34923,1.34915,1.34917,0.0
2026-08-09 10:15:00,1.34917,1.34923,1.34915,1.3492,0.0
2026-08-09 10:30:00,1.34917,1.34923,1.34915,1.34919,0.0
2026-08-09 10:45:00,1.34917,1.34923,1.34915,1.34916,0.0
2026-08-09 11:00:00,1.34917,1.34922,1.34913,1.34915,0.0
2026-08-09 11:15:00,1.34916,1.34922,1.34914,1.34918,0.0
2026-08-09 11:30:00,1.34916,1.34922,1.34914,1.34918,0.0
2026-08-09 11:45:00,1.34916,1.34922,1.34914,1.34918,0.0
2026-08-09 12:00:00,1.34916,1.34922,1.34914,1.34915,0.0
2026-08-09 12:15:00,1.34916,1.34923,1.34915,1.34919,0.0
2026-08-09 12:30:00,1.34917,1.34923,1.34914,1.34918,0.0
2026-08-09 12:45:00,1.34915,1.34922,1.34913,1.34916,0.0
2026-08-09 13:00:00,1.34915,1.34922,1.34914,1.34915,0.0
2026-08-09 13:15:00,1.34916,1.34922,1.34914,1.34918,0.0
2026-08-09 13:30:00,1.34916,1.34921,1.34913,1.34918,0.0
2026-08-09 13:45:00,1.34915,1.34922,1.34914,1.34917,0.0
2026-08-09 14:00:00,1.34916,1.34922,1.34914,1.34915,0.0
2026-08-09 14:15:00,1.34916,1.34922,1.34913,1.34918,0.0
2026-08-09 14:30:00,1.34915,1.34921,1.34913,1.34918,0.0
2026-08-09 14:45:00,1.34915,1.34921,1.34913,1.34916,0.0
2026-08-09 15:00:00,1.34915,1.34921,1.34913,1.34914,0.0
2026-08-09 15:15:00,1.34915,1.34921,1.34913,1.34915,0.0
2026-08-09 15:30:00,1.34915,1.34921,1.34913,1.34918,0.0
2026-08-09 15:45:00,1.34915,1.34921,1.34913,1.34917,0.0
2026-08-09 16:00:00,1.34915,1.34923,1.34914,1.34915,0.0
2026-08-09 16:15:00,1.34916,1.34922,1.34913,1.34915,0.0
2026-08-09 16:30:00,1.34915,1.34922,1.34914,1.34919,0.0
2026-08-09 16:45:00,1.34916,1.34922,1.34913,1.34918,0.0
2026-08-09 17:00:00,1.34915,1.34922,1.34914,1.34916,0.0
2026-08-09 17:15:00,1.34916,1.34922,1.34914,1.34916,0.0
2026-08-09 17:30:00,1.34916,1.34922,1.34914,1.34917,0.0
2026-08-09 17:45:00,1.34915,1.34922,1.34914,1.34918,0.0
2026-08-09 18:00:00,1.34916,1.34922,1.34914,1.34916,0.0
2026-08-09 18:15:00,1.34916,1.34922,1.34914,1.34915,0.0
2026-08-09 18:30:00,1.34916,1.34923,1.34914,1.34919,0.0
2026-08-09 18:45:00,1.34917,1.34923,1.34915,1.3492,0.0
2026-08-09 19:00:00,1.34917,1.34923,1.34914,1.34918,0.0
2026-08-09 19:15:00,1.34916,1.34922,1.34914,1.34914,0.0
2026-08-09 19:30:00,1.34915,1.34921,1.34913,1.34917,0.0
2026-08-09 19:45:00,1.34915,1.34921,1.34913,1.34918,0.0
2026-08-09 20:00:00,1.34915,1.34921,1.34913,1.34916,0.0
2026-08-09 20:15:00,1.34915,1.34921,1.34913,1.34914,0.0
2026-08-09 20:30:00,1.34915,1.34923,1.34913,1.34917,0.0
2026-08-09 20:45:00,1.34917,1.34923,1.34915,1.3492,0.0
2026-08-09 21:00:00,1.34917,1.34923,1.34915,1.34918,0.0
2026-08-09 21:15:00,1.34917,1.34923,1.34915,1.34916,0.0
2026-08-09 21:30:00,1.34917,1.34972,1.34842,1.34866,0.0
2026-08-09 21:45:00,1.34866,1.34902,1.34852,1.34899,0.0
2026-08-09 22:00:00,1.34896,1.34902,1.34829,1.34852,0.0
2026-08-09 22:15:00,1.3485,1.34856,1.34848,1.34849,0.0
2026-08-09 22:30:00,1.3485,1.34853,1.34796,1.34812,0.0
2026-08-09 22:45:00,1.34813,1.34827,1.34769,1.34786,0.0
2026-08-09 23:00:00,1.34783,1.34789,1.34781,1.34786,0.0
2026-08-09 23:15:00,1.34783,1.34954,1.34757,1.3486,0.0
2026-08-09 23:30:00,1.3486,1.34866,1.34858,1.3486,0.0
2026-08-09 23:45:00,1.3486,1.34863,1.34802,1.34823,0.0
2026-08-10 00:00:00,1.34821,1.34949,1.34577,1.34671,0.0
2026-08-10 00:15:00,1.34668,1.3473,1.34555,1.34594,0.0
2026-08-10 00:30:00,1.34592,1.34613,1.3459,1.34606,0.0
2026-08-10 00:45:00,1.34607,1.34613,1.34526,1.34555,0.0
2026-08-10 01:00:00,1.34553,1.34907,1.34532,1.34904,0.0
2026-08-10 01:15:00,1.34901,1.34939,1.34833,1.34855,0.0
2026-08-10 01:30:00,1.34854,1.3486,1.34852,1.34853,0.0
2026-08-10 01:45:00,1.34854,1.34879,1.34798,1.34818,0.0
2026-08-10 02:00:00,1.34816,1.34907,1.34642,1.34699,0.0
2026-08-10 02:15:00,1.34695,1.34755,1.34654,1.34749,0.0
2026-08-10 02:30:00,1.34735,1.34741,1.34706,1.34709,0.0
2026-08-10 02:45:00,1.3471,1.34716,1.34708,1.34713,0.0
2026-08-10 03:00:00,1.3471,1.34956,1.3471,1.34877,0.0
2026-08-10 03:15:00,1.34874,1.34907,1.34856,1.34904,0.0
2026-08-10 03:30:00,1.34901,1.34911,1.34831,1.34853,0.0
2026-08-10 03:45:00,1.34854,1.34887,1.34813,1.34834,0.0
2026-08-10 04:00:00,1.34834,1.34849,1.34748,1.34831,0.0
2026-08-10 04:15:00,1.3482,1.34853,1.34711,1.34751,0.0
2026-08-10 04:30:00,1.34757,1.34878,1.34747,1.34814,0.0
2026-08-10 04:45:00,1.34802,1.34839,1.34698,1.34736,0.0
2026-08-10 05:00:00,1.34774,1.34964,1.34739,1.34913,0.0
2026-08-10 05:15:00,1.34905,1.34944,1.34826,1.34889,0.0
2026-08-10 05:30:00,1.34886,1.34963,1.34818,1.34943,0.0
2026-08-10 05:45:00,1.34912,1.34987,1.34873,1.34925,0.0
2026-08-10 06:00:00,1.34914,1.3498,1.34914,1.34955,0.0
2026-08-10 06:15:00,1.34958,1.35015,1.34945,1.34969,0.0
2026-08-10 06:30:00,1.34973,1.35002,1.34963,1.34972,0.0
2026-08-10 06:45:00,1.3497,1.35008,1.34948,1.34964,0.0
2026-08-10 07:00:00,1.3496,1.35008,1.34924,1.34975,0.0
2026-08-10 07:15:00,1.34973,1.34981,1.34953,1.34975,0.0
2026-08-10 07:30:00,1.3497,1.35,1.34916,1.34935,0.0
2026-08-10 07:45:00,1.34927,1.34951,1.34912,1.34914,0.0
2026-08-10 08:00:00,1.3492,1.34945,1.34886,1.34911,0.0
2026-08-10 08:15:00,1.34907,1.34914,1.34878,1.34882,0.0
2026-08-10 08:30:00,1.34886,1.34909,1.34885,1.34905,0.0
2026-08-10 08:45:00,1.34903,1.34913,1.34891,1.34896,0.0
2026-08-10 09:00:00,1.34893,1.34927,1.34891,1.34912,0.0
2026-08-10 09:15:00,1.34912,1.3493,1.34912,1.34927,0.0
2026-08-10 09:30:00,1.34924,1.34925,1.34884,1.3491,0.0
2026-08-10 09:45:00,1.34906,1.34929,1.349,1.34901,0.0
2026-08-10 10:00:00,1.34903,1.3494,1.34891,1.34934,0.0
2026-08-10 10:15:00,1.34925,1.3494,1.34894,1.34909,0.0
2026-08-10 10:30:00,1.34906,1.34911,1.34887,1.34892,0.0
2026-08-10 10:45:00,1.34889,1.3493,1.34884,1.34912,0.0
2026-08-10 11:00:00,1.34912,1.34917,1.34847,1.34852,0.0
2026-08-10 11:15:00,1.34861,1.34893,1.34861,1.34892,0.0
2026-08-10 11:30:00,1.34887,1.34895,1.34849,1.34871,0.0
2026-08-10 11:45:00,1.34868,1.34896,1.34868,1.34874,0.0
2026-08-10 12:00:00,1.34876,1.34899,1.34876,1.34878,0.0
2026-08-10 12:15:00,1.34879,1.34891,1.3487,1.34881,0.0
2026-08-10 12:30:00,1.34877,1.34899,1.34866,1.34879,0.0
2026-08-10 12:45:00,1.34875,1.34875,1.3486,1.34862,0.0
2026-08-10 13:00:00,1.34864,1.34869,1.3484,1.34846,0.0
2026-08-10 13:15:00,1.34848,1.34871,1.34838,1.34852,0.0
2026-08-10 13:30:00,1.34842,1.3486,1.34834,1.34844,0.0
2026-08-10 13:45:00,1.34841,1.34867,1.34834,1.34857,0.0
2026-08-10 14:00:00,1.34856,1.34867,1.34835,1.34853,0.0
2026-08-10 14:15:00,1.34845,1.34867,1.34845,1.34861,0.0
2026-08-10 14:30:00,1.3486,1.3487,1.34847,1.34862,0.0
2026-08-10 14:45:00,1.34857,1.34905,1.34857,1.34891,0.0
2026-08-10 15:00:00,1.34895,1.34916,1.34882,1.34889,0.0
2026-08-10 15:15:00,1.3489,1.34896,1.34876,1.34886,0.0
2026-08-10 15:30:00,1.3488,1.34916,1.34876,1.34903,0.0
2026-08-10 15:45:00,1.34901,1.34936,1.3489,1.34931,0.0
2026-08-10 16:00:00,1.34929,1.34973,1.34924,1.3495,0.0
2026-08-10 16:15:00,1.34955,1.34975,1.34927,1.34955,0.0
2026-08-10 16:30:00,1.34948,1.34962,1.34929,1.34931,0.0
2026-08-10 16:45:00,1.34934,1.3495,1.34922,1.34946,0.0
2026-08-10 17:00:00,1.34943,1.34975,1.34924,1.34956,0.0
2026-08-10 17:15:00,1.34957,1.34961,1.34924,1.34925,0.0
2026-08-10 17:30:00,1.34928,1.34991,1.34922,1.34978,0.0
2026-08-10 17:45:00,1.34978,1.35008,1.34946,1.34959,0.0
2026-08-10 18:00:00,1.34956,1.35038,1.34947,1.35033,0.0
2026-08-10 18:15:00,1.35023,1.35051,1.35015,1.35022,0.0
2026-08-10 18:30:00,1.35023,1.35042,1.35011,1.35027,0.0
2026-08-10 18:45:00,1.35026,1.35037,1.34995,1.35034,0.0
2026-08-10 19:00:00,1.35029,1.35058,1.35027,1.35055,0.0
2026-08-10 19:15:00,1.35049,1.35071,1.35033,1.35048,0.0
2026-08-10 19:30:00,1.35049,1.35055,1.34956,1.34965,0.0
2026-08-10 19:45:00,1.34967,1.34996,1.34959,1.34963,0.0
2026-08-10 20:00:00,1.3497,1.34976,1.34931,1.34971,0.0
2026-08-10 20:15:00,1.3497,1.34996,1.34954,1.34975,0.0
2026-08-10 20:30:00,1.34976,1.35007,1.34956,1.34999,0.0
2026-08-10 20:45:00,1.34991,1.3502,1.34991,1.35008,0.0
2026-08-10 21:00:00,1.35005,1.35026,1.3497,1.34974,0.0
2026-08-10 21:15:00,1.3498,1.35009,1.34965,1.34996,0.0
2026-08-10 21:30:00,1.34995,1.35034,1.34976,1.35014,0.0
2026-08-10 21:45:00,1.35017,1.35017,1.3498,1.34999,0.0
2026-08-10 22:00:00,1.34993,1.35038,1.34978,1.34983,0.0
2026-08-10 22:15:00,1.34986,1.34993,1.34933,1.34953,0.0
2026-08-10 22:30:00,1.34948,1.34957,1.34902,1.34953,0.0
2026-08-10 22:45:00,1.34947,1.34972,1.34922,1.34971,0.0
2026-08-10 23:00:00,1.34969,1.35028,1.34951,1.35025,0.0
2026-08-10 23:15:00,1.35021,1.35068,1.35014,1.35053,0.0
2026-08-10 23:30:00,1.35051,1.35077,1.35022,1.35031,0.0
2026-08-10 23:45:00,1.35034,1.35062,1.34995,1.35061,0.0
2026-08-11 00:00:00,1.35057,1.3518,1.35049,1.35168,0.0
2026-08-11 00:15:00,1.35149,1.35186,1.35127,1.35175,0.0
2026-08-11 00:30:00,1.35169,1.35256,1.35161,1.3525,0.0
2026-08-11 00:45:00,1.35241,1.35312,1.35175,1.35205,0.0
2026-08-11 01:00:00,1.35202,1.35217,1.35152,1.35212,0.0
2026-08-11 01:15:00,1.35204,1.35273,1.35184,1.35187,0.0
2026-08-11 01:30:00,1.35191,1.35266,1.35191,1.35261,0.0
2026-08-11 01:45:00,1.35255,1.35274,1.35214,1.35254,0.0
2026-08-11 02:00:00,1.3525,1.35267,1.35232,1.35244,0.0
2026-08-11 02:15:00,1.3525,1.3525,1.3519,1.35226,0.0
2026-08-11 02:30:00,1.35222,1.35251,1.35173,1.35186,0.0
2026-08-11 02:45:00,1.35183,1.35198,1.35141,1.3515,0.0
2026-08-11 03:00:00,1.3515,1.3515,1.35103,1.35108,0.0
2026-08-11 03:15:00,1.35108,1.35119,1.35075,1.35104,0.0
2026-08-11 03:30:00,1.35102,1.35113,1.35095,1.35096,0.0
2026-08-11 03:45:00,1.35098,1.35103,1.35056,1.35066,0.0
2026-08-11 04:00:00,1.35066,1.35086,1.35064,1.35085,0.0
2026-08-11 04:15:00,1.35083,1.35091,1.35075,1.35087,0.0
2026-08-11 04:30:00,1.35085,1.35119,1.35077,1.35117,0.0
2026-08-11 04:45:00,1.35114,1.3512,1.35075,1.35093,0.0
2026-08-11 05:00:00,1.35094,1.351,1.35066,1.35068,0.0
2026-08-11 05:15:00,1.35068,1.35101,1.35068,1.3508,0.0
2026-08-11 05:30:00,1.35078,1.35087,1.35051,1.35084,0.0
2026-08-11 05:45:00,1.35084,1.35089,1.35071,1.35077,0.0
2026-08-11 06:00:00,1.3508,1.35106,1.3508,1.351,0.0
2026-08-11 06:15:00,1.35097,1.35099,1.35066,1.35068,0.0
2026-08-11 06:30:00,1.3507,1.35085,1.35062,1.35084,0.0
2026-08-11 06:45:00,1.3508,1.35085,1.3506,1.35078,0.0
2026-08-11 07:00:00,1.35074,1.35084,1.35051,1.35073,0.0
2026-08-11 07:15:00,1.35072,1.3511,1.35056,1.35108,0.0
2026-08-11 07:30:00,1.35103,1.35103,1.35048,1.35076,0.0
2026-08-11 07:45:00,1.35075,1.35078,1.35058,1.35063,0.0
2026-08-11 08:00:00,1.35066,1.35087,1.35066,1.35081,0.0
2026-08-11 08:15:00,1.35079,1.35083,1.35068,1.35073,0.0
2026-08-11 08:30:00,1.35071,1.35087,1.35067,1.35081,0.0
2026-08-11 08:45:00,1.35079,1.35094,1.35079,1.35093,0.0
2026-08-11 09:00:00,1.35092,1.35099,1.35079,1.35088,0.0
2026-08-11 09:15:00,1.35086,1.35089,1.35077,1.35078,0.0
2026-08-11 09:30:00,1.35079,1.35086,1.35069,1.35077,0.0
2026-08-11 09:45:00,1.35075,1.35118,1.35071,1.35115,0.0
2026-08-11 10:00:00,1.3511,1.35131,1.3511,1.35118,0.0
2026-08-11 10:15:00,1.3512,1.35132,1.35116,1.35131,0.0
2026-08-11 10:30:00,1.35127,1.3515,1.35122,1.35147,0.0
2026-08-11 10:45:00,1.35145,1.3515,1.35117,1.35117,0.0
2026-08-11 11:00:00,1.35118,1.35121,1.35066,1.35095,0.0
2026-08-11 11:15:00,1.35103,1.35143,1.35103,1.3513,0.0
2026-08-11 11:30:00,1.35125,1.35155,1.35109,1.35123,0.0
2026-08-11 11:45:00,1.35119,1.35144,1.35108,1.35118,0.0
2026-08-11 12:00:00,1.3512,1.3512,1.35092,1.35101,0.0
2026-08-11 12:15:00,1.35095,1.35111,1.35062,1.35084,0.0
2026-08-11 12:30:00,1.35083,1.35084,1.35062,1.3508,0.0
2026-08-11 12:45:00,1.35077,1.35082,1.35037,1.35048,0.0
2026-08-11 13:00:00,1.35045,1.35092,1.35043,1.35089,0.0
2026-08-11 13:15:00,1.35084,1.35123,1.35084,1.35122,0.0
2026-08-11 13:30:00,1.35118,1.35132,1.35112,1.35117,0.0
2026-08-11 13:45:00,1.35115,1.35115,1.35094,1.35103,0.0
2026-08-11 14:00:00,1.35105,1.35122,1.351,1.35109,0.0
2026-08-11 14:15:00,1.35113,1.3513,1.35107,1.35127,0.0
2026-08-11 14:30:00,1.35121,1.35134,1.35084,1.35094,0.0
2026-08-11 14:45:00,1.35091,1.35116,1.35072,1.35111,0.0
2026-08-11 15:00:00,1.3511,1.35117,1.35086,1.35088,0.0
2026-08-11 15:15:00,1.35088,1.35098,1.35075,1.35085,0.0
2026-08-11 15:30:00,1.35083,1.35142,1.3508,1.35141,0.0
2026-08-11 15:45:00,1.35138,1.35144,1.35106,1.35126,0.0
2026-08-11 16:00:00,1.35122,1.35156,1.35121,1.35149,0.0
2026-08-11 16:15:00,1.35147,1.35147,1.3504,1.35074,0.0
2026-08-11 16:30:00,1.35071,1.35088,1.35024,1.35072,0.0
2026-08-11 16:45:00,1.35075,1.35075,1.35027,1.35049,0.0
2026-08-11 17:00:00,1.35045,1.35086,1.35038,1.35063,0.0
2026-08-11 17:15:00,1.35061,1.35063,1.34991,1.3501,0.0
2026-08-11 17:30:00,1.35012,1.35029,1.34956,1.34957,0.0
2026-08-11 17:45:00,1.34957,1.34997,1.34957,1.3497,0.0
2026-08-11 18:00:00,1.34975,1.35002,1.34954,1.34979,0.0
2026-08-11 18:15:00,1.34982,1.35021,1.34982,1.35006,0.0
2026-08-11 18:30:00,1.35011,1.35088,1.35011,1.35084,0.0
2026-08-11 18:45:00,1.35083,1.35083,1.35022,1.35043,0.0
2026-08-11 19:00:00,1.3504,1.35051,1.35005,1.35009,0.0
2026-08-11 19:15:00,1.35015,1.35017,1.34993,1.35007,0.0
2026-08-11 19:30:00,1.35001,1.35027,1.34996,1.35024,0.0
2026-08-11 19:45:00,1.35018,1.35054,1.35018,1.35049,0.0
2026-08-11 20:00:00,1.35046,1.35049,1.3501,1.3502,0.0
2026-08-11 20:15:00,1.35024,1.35024,1.34974,1.35023,0.0
2026-08-11 20:30:00,1.3502,1.35032,1.34998,1.35021,0.0
2026-08-11 20:45:00,1.35023,1.35023,1.34973,1.3498,0.0
2026-08-11 21:00:00,1.34976,1.35057,1.34974,1.35013,0.0
2026-08-11 21:15:00,1.35007,1.35018,1.34981,1.35017,0.0
2026-08-11 21:30:00,1.35015,1.35018,1.34981,1.34985,0.0
2026-08-11 21:45:00,1.34987,1.34987,1.34937,1.34949,0.0
2026-08-11 22:00:00,1.34948,1.35004,1.34928,1.34965,0.0
2026-08-11 22:15:00,1.34971,1.35006,1.34938,1.34964,0.0
2026-08-11 22:30:00,1.34964,1.35031,1.34961,1.34972,0.0
2026-08-11 22:45:00,1.34974,1.35011,1.34973,1.35006,0.0
2026-08-11 23:00:00,1.35005,1.35037,1.34993,1.35005,0.0
2026-08-11 23:15:00,1.35017,1.3502,1.34986,1.3501,0.0
2026-08-11 23:30:00,1.35011,1.35045,1.3497,1.35039,0.0
2026-08-11 23:45:00,1.35031,1.35062,1.35028,1.3503,0.0
2026-08-12 00:00:00,1.35033,1.35033,1.34995,1.35015,0.0
2026-08-12 00:15:00,1.35011,1.35061,1.35006,1.35033,0.0
2026-08-12 00:30:00,1.3504,1.3509,1.35022,1.35086,0.0
2026-08-12 00:45:00,1.3508,1.35101,1.35055,1.35076,0.0
2026-08-12 01:00:00,1.35076,1.35099,1.35041,1.35045,0.0
2026-08-12 01:15:00,1.35049,1.351,1.35026,1.35094,0.0
2026-08-12 01:30:00,1.35094,1.35126,1.3504,1.35042,0.0
2026-08-12 01:45:00,1.35047,1.3513,1.35047,1.35124,0.0
2026-08-12 02:00:00,1.35112,1.35144,1.3508,1.35083,0.0
2026-08-12 02:15:00,1.35085,1.35085,1.35057,1.35074,0.0
2026-08-12 02:30:00,1.35072,1.35074,1.35046,1.35051,0.0
2026-08-12 02:45:00,1.35051,1.35075,1.35042,1.35067,0.0
2026-08-12 03:00:00,1.35064,1.35064,1.34987,1.34993,0.0
2026-08-12 03:15:00,1.3499,1.35013,1.34973,1.3498,0.0
2026-08-12 03:30:00,1.3498,1.35028,1.34976,1.35026,0.0
2026-08-12 03:45:00,1.35023,1.35045,1.35013,1.35027,0.0
2026-08-12 04:00:00,1.35023,1.35025,1.3499,1.34995,0.0
2026-08-12 04:15:00,1.34992,1.35003,1.34969,1.34985,0.0
2026-08-12 04:30:00,1.34982,1.35031,1.34973,1.35027,0.0
2026-08-12 04:45:00,1.3502,1.35041,1.35011,1.35023,0.0
2026-08-12 05:00:00,1.35027,1.35055,1.35027,1.35053,0.0
2026-08-12 05:15:00,1.35045,1.35064,1.35029,1.35061,0.0
2026-08-12 05:30:00,1.35058,1.35072,1.35053,1.35058,0.0
2026-08-12 05:45:00,1.35059,1.3509,1.35056,1.35076,0.0
2026-08-12 06:00:00,1.35078,1.35095,1.35073,1.35078,0.0
2026-08-12 06:15:00,1.35076,1.35077,1.35053,1.35055,0.0
2026-08-12 06:30:00,1.35058,1.35058,1.3504,1.35047,0.0
2026-08-12 06:45:00,1.35046,1.35087,1.35045,1.35084,0.0
2026-08-12 07:00:00,1.3508,1.35088,1.35031,1.35051,0.0
2026-08-12 07:15:00,1.35053,1.3506,1.35042,1.35057,0.0
2026-08-12 07:30:00,1.35054,1.35064,1.35052,1.3506,0.0
2026-08-12 07:45:00,1.35057,1.35079,1.35049,1.35074,0.0
2026-08-12 08:00:00,1.35067,1.35102,1.35067,1.35101,0.0
2026-08-12 08:15:00,1.35097,1.35106,1.35096,1.35104,0.0
2026-08-12 08:30:00,1.351,1.35112,1.35089,1.35098,0.0
2026-08-12 08:45:00,1.35096,1.35109,1.35089,1.35095,0.0
2026-08-12 09:00:00,1.35099,1.35115,1.35093,1.35106,0.0
2026-08-12 09:15:00,1.35107,1.35107,1.35089,1.35104,0.0
2026-08-12 09:30:00,1.35101,1.35101,1.3508,1.35093,0.0
2026-08-12 09:45:00,1.35091,1.351,1.35079,1.35087,0.0
2026-08-12 10:00:00,1.35091,1.35114,1.35083,1.35107,0.0
2026-08-12 10:15:00,1.35107,1.35117,1.35099,1.35113,0.0
2026-08-12 10:30:00,1.35111,1.35115,1.35091,1.351,0.0
2026-08-12 10:45:00,1.35098,1.35103,1.35069,1.35088,0.0
2026-08-12 11:00:00,1.35086,1.35086,1.35032,1.35033,0.0
2026-08-12 11:15:00,1.35036,1.35056,1.35027,1.35049,0.0
2026-08-12 11:30:00,1.35047,1.35065,1.3504,1.35062,0.0
2026-08-12 11:45:00,1.35059,1.35094,1.35055,1.3506,0.0
2026-08-12 12:00:00,1.35059,1.35064,1.35042,1.35046,0.0
2026-08-12 12:15:00,1.35047,1.3505,1.3502,1.35049,0.0
2026-08-12 12:30:00,1.35046,1.35076,1.35046,1.35072,0.0
2026-08-12 12:45:00,1.35069,1.35078,1.35062,1.35063,0.0
2026-08-12 13:00:00,1.35063,1.35085,1.35058,1.35076,0.0
2026-08-12 13:15:00,1.35078,1.35083,1.35066,1.35079,0.0
2026-08-12 13:30:00,1.35077,1.35084,1.35058,1.35061,0.0
2026-08-12 13:45:00,1.35063,1.3507,1.35051,1.35054,0.0
2026-08-12 14:00:00,1.35053,1.35069,1.35048,1.35048,0.0
2026-08-12 14:15:00,1.3505,1.35057,1.35037,1.35048,0.0
2026-08-12 14:30:00,1.35048,1.35074,1.35047,1.35073,0.0
2026-08-12 14:45:00,1.3507,1.3508,1.3506,1.35076,0.0
2026-08-12 15:00:00,1.35074,1.35074,1.35051,1.35058,0.0
2026-08-12 15:15:00,1.3506,1.35066,1.35027,1.35039,0.0
2026-08-12 15:30:00,1.35034,1.35055,1.35034,1.35046,0.0
2026-08-12 15:45:00,1.35047,1.35065,1.35038,1.35057,0.0
2026-08-12 16:00:00,1.35054,1.3507,1.35051,1.35065,0.0
2026-08-12 16:15:00,1.35064,1.35069,1.35047,1.35048,0.0
2026-08-12 16:30:00,1.35048,1.35075,1.35031,1.35074,0.0
2026-08-12 16:45:00,1.3507,1.35082,1.35048,1.3508,0.0
2026-08-12 17:00:00,1.35073,1.35115,1.35073,1.35109,0.0
2026-08-12 17:15:00,1.3511,1.35121,1.35094,1.35109,0.0
2026-08-12 17:30:00,1.35106,1.3511,1.35088,1.35089,0.0
2026-08-12 17:45:00,1.35089,1.35107,1.35071,1.35073,0.0
2026-08-12 18:00:00,1.35074,1.35095,1.35069,1.35093,0.0
2026-08-12 18:15:00,1.35089,1.35119,1.35082,1.35088,0.0
2026-08-12 18:30:00,1.35096,1.35119,1.35085,1.35117,0.0
2026-08-12 18:45:00,1.35114,1.35133,1.35099,1.35103,0.0
2026-08-12 19:00:00,1.35099,1.35195,1.35095,1.35193,0.0
2026-08-12 19:15:00,1.35189,1.35274,1.35177,1.35178,0.0
2026-08-12 19:30:00,1.35182,1.35199,1.35155,1.35159,0.0
2026-08-12 19:45:00,1.35158,1.3517,1.35113,1.35132,0.0
2026-08-12 20:00:00,1.35129,1.35208,1.35124,1.35204,0.0
2026-08-12 20:15:00,1.35202,1.35221,1.35195,1.35212,0.0
2026-08-12 20:30:00,1.35209,1.35219,1.35197,1.35215,0.0
2026-08-12 20:45:00,1.35208,1.35227,1.35155,1.35167,0.0
2026-08-12 21:00:00,1.35174,1.35192,1.3515,1.35178,0.0
2026-08-12 21:15:00,1.35176,1.352,1.35166,1.35195,0.0
2026-08-12 21:30:00,1.35188,1.35226,1.35188,1.35217,0.0
2026-08-12 21:45:00,1.35218,1.35288,1.35214,1.35287,0.0
2026-08-12 22:00:00,1.35285,1.35285,1.35236,1.3526,0.0
2026-08-12 22:15:00,1.35253,1.35274,1.35199,1.35238,0.0
2026-08-12 22:30:00,1.35227,1.35395,1.35111,1.3539,0.0
2026-08-12 22:45:00,1.35383,1.35402,1.35287,1.35348,0.0
2026-08-12 23:00:00,1.35341,1.35399,1.35277,1.35286,0.0
2026-08-12 23:15:00,1.35303,1.35325,1.35247,1.3529,0.0
2026-08-12 23:30:00,1.35282,1.35325,1.35202,1.35211,0.0
2026-08-12 23:45:00,1.35223,1.35272,1.35179,1.35263,0.0
2026-08-13 00:00:00,1.35258,1.35302,1.35214,1.35223,0.0
2026-08-13 00:15:00,1.35219,1.35252,1.35178,1.35182,0.0
2026-08-13 00:30:00,1.35189,1.35189,1.3513,1.35143,0.0
2026-08-13 00:45:00,1.35148,1.35153,1.35053,1.3509,0.0
2026-08-13 01:00:00,1.35091,1.35099,1.35024,1.35098,0.0
2026-08-13 01:15:00,1.35094,1.35095,1.35068,1.35076,0.0
2026-08-13 01:30:00,1.35084,1.35087,1.35051,1.3506,0.0
2026-08-13 01:45:00,1.35058,1.3511,1.35035,1.35101,0.0
2026-08-13 02:00:00,1.35097,1.35117,1.3504,1.35088,0.0
2026-08-13 02:15:00,1.35074,1.35102,1.35036,1.35042,0.0
2026-08-13 02:30:00,1.3504,1.3504,1.35002,1.35013,0.0
2026-08-13 02:45:00,1.35013,1.35017,1.34953,1.34979,0.0
2026-08-13 03:00:00,1.34976,1.35026,1.34976,1.3499,0.0
2026-08-13 03:15:00,1.34988,1.34988,1.34954,1.34962,0.0
2026-08-13 03:30:00,1.34959,1.34978,1.34941,1.34943,0.0
2026-08-13 03:45:00,1.34947,1.34947,1.34925,1.34937,0.0
2026-08-13 04:00:00,1.34936,1.34962,1.34904,1.34962,0.0
2026-08-13 04:15:00,1.3496,1.34975,1.3494,1.34959,0.0
2026-08-13 04:30:00,1.34963,1.34963,1.34916,1.34918,0.0
2026-08-13 04:45:00,1.34918,1.34921,1.34884,1.34885,0.0
2026-08-13 05:00:00,1.34886,1.34909,1.34881,1.34908,0.0
2026-08-13 05:15:00,1.34905,1.34942,1.34902,1.34921,0.0
2026-08-13 05:30:00,1.34918,1.34919,1.34898,1.3491,0.0
2026-08-13 05:45:00,1.34907,1.34925,1.34893,1.34918,0.0
2026-08-13 06:00:00,1.34909,1.34942,1.34905,1.3491,0.0
2026-08-13 06:15:00,1.34909,1.3492,1.34903,1.34918,0.0
2026-08-13 06:30:00,1.34915,1.34939,1.34907,1.34934,0.0
2026-08-13 06:45:00,1.34932,1.34961,1.34932,1.34956,0.0
2026-08-13 07:00:00,1.34952,1.34978,1.34936,1.34953,0.0
2026-08-13 07:15:00,1.34952,1.34973,1.34913,1.3497,0.0
2026-08-13 07:30:00,1.3496,1.3496,1.34915,1.34951,0.0
2026-08-13 07:45:00,1.34949,1.3497,1.34935,1.34937,0.0
2026-08-13 08:00:00,1.34944,1.34977,1.34916,1.34932,0.0
2026-08-13 08:15:00,1.34927,1.34941,1.34927,1.34937,0.0
2026-08-13 08:30:00,1.34932,1.34953,1.34932,1.3495,0.0
2026-08-13 08:45:00,1.34948,1.34965,1.34942,1.34957,0.0
2026-08-13 09:00:00,1.34959,1.34974,1.34959,1.34962,0.0
2026-08-13 09:15:00,1.34963,1.3498,1.34963,1.34975,0.0
2026-08-13 09:30:00,1.34973,1.34979,1.34959,1.34968,0.0
2026-08-13 09:45:00,1.34966,1.3498,1.34956,1.34979,0.0
2026-08-13 10:00:00,1.34977,1.35001,1.34969,1.34982,0.0
2026-08-13 10:15:00,1.34983,1.35003,1.34975,1.3499,0.0
2026-08-13 10:30:00,1.34988,1.35008,1.34982,1.34996,0.0
2026-08-13 10:45:00,1.34993,1.34998,1.34952,1.34972,0.0
2026-08-13 11:00:00,1.34966,1.34986,1.34962,1.34973,0.0
2026-08-13 11:15:00,1.34974,1.34993,1.34966,1.34976,0.0
2026-08-13 11:30:00,1.34978,1.34999,1.34957,1.3496,0.0
2026-08-13 11:45:00,1.34965,1.34965,1.34916,1.34926,0.0
2026-08-13 12:00:00,1.34921,1.34931,1.34907,1.34907,0.0
2026-08-13 12:15:00,1.34909,1.34914,1.34891,1.34892,0.0
2026-08-13 12:30:00,1.34893,1.34895,1.34871,1.34878,0.0
2026-08-13 12:45:00,1.34874,1.34894,1.34874,1.34891,0.0
2026-08-13 13:00:00,1.3489,1.34915,1.34866,1.34892,0.0
2026-08-13 13:15:00,1.34887,1.34896,1.34873,1.34891,0.0
2026-08-13 13:30:00,1.34886,1.34915,1.34886,1.34914,0.0
2026-08-13 13:45:00,1.34911,1.34921,1.349,1.34905,0.0
2026-08-13 14:00:00,1.34905,1.34906,1.34876,1.34879,0.0
2026-08-13 14:15:00,1.3488,1.34889,1.34868,1.34877,0.0
2026-08-13 14:30:00,1.3488,1.34898,1.3488,1.34897,0.0
2026-08-13 14:45:00,1.34895,1.34962,1.34874,1.34961,0.0
2026-08-13 15:00:00,1.34956,1.34966,1.34944,1.34954,0.0
2026-08-13 15:15:00,1.3495,1.34976,1.3495,1.34967,0.0
2026-08-13 15:30:00,1.34968,1.34972,1.34929,1.34931,0.0
2026-08-13 15:45:00,1.34934,1.34965,1.34918,1.34963,0.0
2026-08-13 16:00:00,1.3496,1.34973,1.349,1.34901,0.0
2026-08-13 16:15:00,1.34904,1.34937,1.34871,1.34872,0.0
2026-08-13 16:30:00,1.34874,1.34891,1.3475,1.34794,0.0
2026-08-13 16:45:00,1.34789,1.3484,1.34788,1.34813,0.0
2026-08-13 17:00:00,1.34812,1.3484,1.3476,1.34761,0.0
2026-08-13 17:15:00,1.34764,1.34848,1.34762,1.34844,0.0
2026-08-13 17:30:00,1.34839,1.34864,1.34807,1.34853,0.0
2026-08-13 17:45:00,1.34853,1.34882,1.34831,1.34841,0.0
2026-08-13 18:00:00,1.34837,1.34843,1.34793,1.34808,0.0
2026-08-13 18:15:00,1.3481,1.34813,1.34781,1.34793,0.0
2026-08-13 18:30:00,1.34795,1.34837,1.34794,1.34828,0.0
2026-08-13 18:45:00,1.34828,1.34828,1.34785,1.34805,0.0
2026-08-13 19:00:00,1.34799,1.34818,1.3476,1.34815,0.0
2026-08-13 19:15:00,1.34813,1.34878,1.34811,1.34859,0.0
2026-08-13 19:30:00,1.34866,1.34903,1.34863,1.34883,0.0
2026-08-13 19:45:00,1.34882,1.34908,1.34867,1.34907,0.0
2026-08-13 20:00:00,1.34902,1.34959,1.34902,1.34947,0.0
2026-08-13 20:15:00,1.34948,1.34991,1.34948,1.34985,0.0
2026-08-13 20:30:00,1.34982,1.35011,1.3498,1.34982,0.0
2026-08-13 20:45:00,1.34986,1.34986,1.34898,1.34904,0.0
2026-08-13 21:00:00,1.34901,1.34942,1.34876,1.3494,0.0
2026-08-13 21:15:00,1.34934,1.34947,1.34924,1.34943,0.0
2026-08-13 21:30:00,1.34944,1.34966,1.34935,1.34958,0.0
2026-08-13 21:45:00,1.34953,1.34975,1.34915,1.34934,0.0
2026-08-13 22:00:00,1.3493,1.3493,1.34904,1.34909,0.0
2026-08-13 22:15:00,1.34909,1.34924,1.34878,1.34879,0.0
2026-08-13 22:30:00,1.34881,1.34972,1.34842,1.34958,0.0
2026-08-13 22:45:00,1.3496,1.35089,1.3496,1.35084,0.0
2026-08-13 23:00:00,1.3507,1.35097,1.35033,1.35035,0.0
2026-08-13 23:15:00,1.35035,1.35092,1.35024,1.35025,0.0
2026-08-13 23:30:00,1.35025,1.35033,1.34978,1.3501,0.0
2026-08-13 23:45:00,1.35002,1.35017,1.34974,1.34998,0.0
2026-08-14 00:00:00,1.34996,1.35064,1.3499,1.35062,0.0
2026-08-14 00:15:00,1.35055,1.35126,1.3503,1.35069,0.0
2026-08-14 00:30:00,1.35067,1.35067,1.35009,1.35037,0.0
2026-08-14 00:45:00,1.35037,1.35095,1.34995,1.35094,0.0
2026-08-14 01:00:00,1.35091,1.35091,1.35025,1.35044,0.0
2026-08-14 01:15:00,1.35044,1.35044,1.34974,1.34985,0.0
2026-08-14 01:30:00,1.35005,1.35005,1.3496,1.34962,0.0
2026-08-14 01:45:00,1.34966,1.34978,1.34945,1.34962,0.0
2026-08-14 02:00:00,1.34964,1.34964,1.34885,1.34889,0.0
2026-08-14 02:15:00,1.34893,1.34907,1.34831,1.34857,0.0
2026-08-14 02:30:00,1.34859,1.34862,1.34833,1.34848,0.0
2026-08-14 02:45:00,1.34843,1.34877,1.34843,1.34862,0.0
2026-08-14 03:00:00,1.34864,1.34894,1.34819,1.34833,0.0
2026-08-14 03:15:00,1.34832,1.34843,1.34814,1.3482,0.0
2026-08-14 03:30:00,1.34822,1.34841,1.34802,1.34839,0.0
2026-08-14 03:45:00,1.34836,1.34853,1.34823,1.34833,0.0
2026-08-14 04:00:00,1.34833,1.34867,1.34803,1.34865,0.0
2026-08-14 04:15:00,1.34859,1.34869,1.34836,1.3485,0.0
2026-08-14 04:30:00,1.34842,1.34872,1.34836,1.34871,0.0
2026-08-14 04:45:00,1.34868,1.34874,1.34845,1.34848,0.0
2026-08-14 05:00:00,1.34847,1.34865,1.34838,1.34856,0.0
2026-08-14 05:15:00,1.34854,1.3488,1.34844,1.34877,0.0
2026-08-14 05:30:00,1.34874,1.3489,1.34856,1.34862,0.0
2026-08-14 05:45:00,1.34861,1.34876,1.34843,1.34868,0.0
2026-08-14 06:00:00,1.34869,1.34883,1.34847,1.34849,0.0
2026-08-14 06:15:00,1.34851,1.34873,1.34849,1.3487,0.0
2026-08-14 06:30:00,1.34867,1.34869,1.34853,1.34858,0.0
2026-08-14 06:45:00,1.34857,1.3488,1.34853,1.3487,0.0
2026-08-14 07:00:00,1.34871,1.34875,1.34834,1.34837,0.0
2026-08-14 07:15:00,1.34842,1.34876,1.3484,1.34874,0.0
2026-08-14 07:30:00,1.34872,1.34907,1.34866,1.34889,0.0
2026-08-14 07:45:00,1.34887,1.34896,1.34854,1.34854,0.0
2026-08-14 08:00:00,1.34856,1.3488,1.34853,1.34854,0.0
2026-08-14 08:15:00,1.34856,1.34887,1.34856,1.34875,0.0
2026-08-14 08:30:00,1.34872,1.34883,1.34865,1.3488,0.0
2026-08-14 08:45:00,1.34877,1.34888,1.34874,1.34887,0.0
2026-08-14 09:00:00,1.34885,1.34906,1.34882,1.34903,0.0
2026-08-14 09:15:00,1.34898,1.34902,1.34882,1.34887,0.0
2026-08-14 09:30:00,1.34884,1.34901,1.3488,1.34897,0.0
2026-08-14 09:45:00,1.34894,1.34914,1.34894,1.34903,0.0
2026-08-14 10:00:00,1.34903,1.34933,1.34896,1.34918,0.0
2026-08-14 10:15:00,1.34915,1.34949,1.34911,1.34948,0.0
2026-08-14 10:30:00,1.34945,1.34959,1.34943,1.3495,0.0
2026-08-14 10:45:00,1.34948,1.3498,1.34938,1.34979,0.0
2026-08-14 11:00:00,1.34976,1.34981,1.34928,1.34929,0.0
2026-08-14 11:15:00,1.34931,1.34936,1.34898,1.34919,0.0
2026-08-14 11:30:00,1.34915,1.34956,1.34903,1.34939,0.0
2026-08-14 11:45:00,1.34935,1.3495,1.34905,1.34907,0.0
2026-08-14 12:00:00,1.3491,1.34922,1.34896,1.34916,0.0
2026-08-14 12:15:00,1.34916,1.34936,1.34909,1.34927,0.0
2026-08-14 12:30:00,1.34929,1.34942,1.34915,1.3494,0.0
2026-08-14 12:45:00,1.34936,1.34943,1.34891,1.34892,0.0
2026-08-14 13:00:00,1.34892,1.34927,1.34891,1.34913,0.0
2026-08-14 13:15:00,1.34917,1.34971,1.34917,1.34966,0.0
2026-08-14 13:30:00,1.3496,1.34975,1.34951,1.34963,0.0
2026-08-14 13:45:00,1.34961,1.34963,1.34937,1.34957,0.0
2026-08-14 14:00:00,1.34954,1.34981,1.34947,1.34972,0.0
2026-08-14 14:15:00,1.34973,1.34978,1.34953,1.34954,0.0
2026-08-14 14:30:00,1.34956,1.34999,1.34953,1.34972,0.0
2026-08-14 14:45:00,1.3497,1.34982,1.34956,1.34971,0.0
2026-08-14 15:00:00,1.34972,1.34992,1.34972,1.3498,0.0
2026-08-14 15:15:00,1.34982,1.35005,1.34979,1.35,0.0
2026-08-14 15:30:00,1.34993,1.35009,1.34983,1.34995,0.0
2026-08-14 15:45:00,1.34997,1.35004,1.34984,1.34998,0.0
2026-08-14 16:00:00,1.34991,1.35029,1.34991,1.3501,0.0
2026-08-14 16:15:00,1.35012,1.35023,1.34986,1.3499,0.0
2026-08-14 16:30:00,1.34994,1.35039,1.34994,1.35016,0.0
2026-08-14 16:45:00,1.35014,1.3504,1.35013,1.35038,0.0
2026-08-14 17:00:00,1.35032,1.35086,1.35032,1.35067,0.0
2026-08-14 17:15:00,1.35071,1.35071,1.35037,1.35049,0.0
2026-08-14 17:30:00,1.35044,1.351,1.35039,1.35087,0.0
2026-08-14 17:45:00,1.35089,1.35134,1.35087,1.35122,0.0
2026-08-14 18:00:00,1.35111,1.35204,1.35108,1.35181,0.0
2026-08-14 18:15:00,1.35179,1.35229,1.35159,1.35224,0.0
2026-08-14 18:30:00,1.35217,1.35265,1.35205,1.35232,0.0
2026-08-14 18:45:00,1.35234,1.35235,1.35189,1.35232,0.0
2026-08-14 19:00:00,1.3522,1.35257,1.3521,1.35224,0.0
2026-08-14 19:15:00,1.35222,1.35233,1.35207,1.35218,0.0
2026-08-14 19:30:00,1.35223,1.35239,1.35199,1.35215,0.0
2026-08-14 19:45:00,1.35216,1.35244,1.35214,1.35241,0.0
2026-08-14 20:00:00,1.35233,1.35286,1.35233,1.35283,0.0
2026-08-14 20:15:00,1.35281,1.35281,1.35265,1.35272,0.0
2026-08-14 20:30:00,1.35269,1.35291,1.35264,1.35267,0.0
2026-08-14 20:45:00,1.35273,1.35296,1.35273,1.35277,0.0
2026-08-14 21:00:00,1.35275,1.35306,1.35265,1.35302,0.0
2026-08-14 21:15:00,1.353,1.35371,1.35294,1.35348,0.0
2026-08-14 21:30:00,1.35351,1.35426,1.35345,1.35416,0.0
2026-08-14 21:45:00,1.35416,1.3542,1.35353,1.35354,0.0
2026-08-14 22:00:00,1.35355,1.35399,1.35343,1.3536,0.0
2026-08-14 22:15:00,1.35357,1.35444,1.35356,1.35407,0.0
2026-08-14 22:30:00,1.35409,1.35507,1.35375,1.35375,0.0
2026-08-14 22:45:00,1.35376,1.35415,1.35358,1.35396,0.0
2026-08-14 23:00:00,1.35385,1.35406,1.35353,1.35386,0.0
2026-08-14 23:15:00,1.35381,1.3545,1.35358,1.35443,0.0
2026-08-14 23:30:00,1.35444,1.35567,1.35424,1.3556,0.0
2026-08-14 23:45:00,1.35554,1.35613,1.35512,1.35537,0.0
2026-08-15 00:00:00,1.35538,1.35566,1.35516,1.35532,0.0
2026-08-15 00:15:00,1.35549,1.35603,1.35503,1.35602,0.0
2026-08-15 00:30:00,1.35598,1.35604,1.35495,1.35517,0.0
2026-08-15 00:45:00,1.35512,1.35523,1.35459,1.35477,0.0
2026-08-15 01:00:00,1.35479,1.35541,1.35479,1.35503,0.0
2026-08-15 01:15:00,1.35501,1.35501,1.35408,1.35481,0.0
2026-08-15 01:30:00,1.35472,1.35545,1.35472,1.35494,0.0
2026-08-15 01:45:00,1.35501,1.35576,1.35496,1.35549,0.0
2026-08-15 02:00:00,1.35551,1.35563,1.35501,1.35515,0.0
2026-08-15 02:15:00,1.35514,1.35544,1.35493,1.35498,0.0
2026-08-15 02:30:00,1.35496,1.35539,1.35475,1.35479,0.0
2026-08-15 02:45:00,1.35482,1.35482,1.35389,1.3539,0.0
2026-08-15 03:00:00,1.35391,1.35394,1.35318,1.35323,0.0
2026-08-15 03:15:00,1.35321,1.35333,1.3528,1.35292,0.0
2026-08-15 03:30:00,1.35282,1.35326,1.35282,1.353,0.0
2026-08-15 03:45:00,1.35303,1.35328,1.35289,1.35321,0.0
2026-08-15 04:00:00,1.35322,1.35339,1.35304,1.35306,0.0
2026-08-15 04:15:00,1.35309,1.35352,1.353,1.35349,0.0
2026-08-15 04:30:00,1.35346,1.35352,1.35329,1.35349,0.0
2026-08-15 04:45:00,1.35348,1.35361,1.35333,1.35341,0.0
2026-08-15 05:00:00,1.35343,1.35359,1.35327,1.35358,0.0
2026-08-15 05:15:00,1.35356,1.35373,1.35349,1.3537,0.0
2026-08-15 05:30:00,1.35367,1.35371,1.35334,1.35352,0.0
2026-08-15 05:45:00,1.35351,1.3536,1.35338,1.35338,0.0
2026-08-15 06:00:00,1.3534,1.35368,1.35339,1.3535,0.0
2026-08-15 06:15:00,1.35351,1.35369,1.35347,1.35367,0.0
2026-08-15 06:30:00,1.35363,1.35371,1.35338,1.35341,0.0
2026-08-15 06:45:00,1.3534,1.35349,1.35333,1.35341,0.0
2026-08-15 07:00:00,1.35337,1.35422,1.35281,1.35298,0.0
2026-08-15 07:15:00,1.35299,1.35308,1.35291,1.35298,0.0
2026-08-15 07:30:00,1.35299,1.35334,1.35267,1.35299,0.0
2026-08-15 07:45:00,1.35291,1.35309,1.3527,1.35273,0.0
2026-08-15 08:00:00,1.35277,1.35345,1.3526,1.35297,0.0
2026-08-15 08:15:00,1.35298,1.35308,1.35288,1.35302,0.0
2026-08-15 08:30:00,1.35301,1.35307,1.35283,1.35287,0.0
2026-08-15 08:45:00,1.35287,1.35308,1.35281,1.35303,0.0
2026-08-15 09:00:00,1.35302,1.35336,1.3524,1.35298,0.0
2026-08-15 09:15:00,1.35298,1.35304,1.35285,1.35298,0.0
2026-08-15 09:30:00,1.35296,1.35303,1.35285,1.35287,0.0
2026-08-15 09:45:00,1.35288,1.35311,1.3526,1.35297,0.0
2026-08-15 10:00:00,1.35293,1.35337,1.35269,1.35331,0.0
2026-08-15 10:15:00,1.35332,1.3534,1.35329,1.35333,0.0
2026-08-15 10:30:00,1.35331,1.35339,1.35329,1.35336,0.0
2026-08-15 10:45:00,1.35333,1.3534,1.3533,1.35332,0.0
2026-08-15 11:00:00,1.35334,1.35342,1.35333,1.35335,0.0
2026-08-15 11:15:00,1.35336,1.35342,1.35331,1.35337,0.0
2026-08-15 11:30:00,1.35335,1.35342,1.35316,1.35337,0.0
2026-08-15 11:45:00,1.35333,1.35342,1.35333,1.35337,0.0
2026-08-15 12:00:00,1.35336,1.35342,1.35331,1.35334,0.0
2026-08-15 12:15:00,1.35335,1.35342,1.35334,1.35338,0.0
2026-08-15 12:30:00,1.35336,1.35342,1.35329,1.35339,0.0
2026-08-15 12:45:00,1.35336,1.35342,1.35331,1.35337,0.0
2026-08-15 13:00:00,1.35336,1.35342,1.35334,1.35334,0.0
2026-08-15 13:15:00,1.35335,1.35342,1.35318,1.35339,0.0
2026-08-15 13:30:00,1.35336,1.35342,1.35333,1.35338,0.0
2026-08-15 13:45:00,1.35335,1.35342,1.35332,1.35338,0.0
2026-08-15 14:00:00,1.35336,1.35342,1.35331,1.35334,0.0
2026-08-15 14:15:00,1.35335,1.35342,1.35333,1.35334,0.0
2026-08-15 14:30:00,1.35335,1.35339,1.35329,1.35338,0.0
2026-08-15 14:45:00,1.35336,1.35341,1.35329,1.35337,0.0
2026-08-15 15:00:00,1.35334,1.35341,1.35314,1.35335,0.0
2026-08-15 15:15:00,1.35335,1.3534,1.35331,1.35334,0.0
2026-08-15 15:30:00,1.35334,1.3534,1.35331,1.35337,0.0
2026-08-15 15:45:00,1.35335,1.35342,1.35331,1.35338,0.0
2026-08-15 16:00:00,1.35335,1.3534,1.35331,1.35333,0.0
2026-08-15 16:15:00,1.35334,1.35341,1.3533,1.35333,0.0
2026-08-15 16:30:00,1.35334,1.35342,1.35322,1.35334,0.0
2026-08-15 16:45:00,1.35329,1.35341,1.35329,1.35338,0.0
2026-08-15 17:00:00,1.35336,1.3534,1.35329,1.35334,0.0
2026-08-15 17:15:00,1.35333,1.35342,1.3533,1.35338,0.0
2026-08-15 17:30:00,1.35334,1.35342,1.35332,1.35337,0.0
2026-08-15 17:45:00,1.35336,1.35339,1.35327,1.35336,0.0
2026-08-15 18:00:00,1.35332,1.35341,1.35331,1.35335,0.0
2026-08-15 18:15:00,1.35334,1.35345,1.35322,1.35337,0.0
2026-08-15 18:30:00,1.35334,1.35341,1.35331,1.35339,0.0
2026-08-15 18:45:00,1.35335,1.35338,1.35329,1.35337,0.0
2026-08-15 19:00:00,1.35333,1.35342,1.3533,1.35334,0.0
2026-08-15 19:15:00,1.35331,1.3534,1.3533,1.35334,0.0
2026-08-15 19:30:00,1.35334,1.35338,1.35327,1.35335,0.0
2026-08-15 19:45:00,1.35331,1.35337,1.35327,1.35334,0.0
2026-08-15 20:00:00,1.35331,1.35337,1.35322,1.35331,0.0
2026-08-15 20:15:00,1.35329,1.35337,1.35327,1.35334,0.0
2026-08-15 20:30:00,1.3533,1.35338,1.35327,1.35334,0.0
2026-08-15 20:45:00,1.35331,1.35335,1.35322,1.35332,0.0
2026-08-15 21:00:00,1.3533,1.3534,1.35323,1.35333,0.0
2026-08-15 21:15:00,1.35331,1.35336,1.35326,1.35328,0.0
2026-08-15 21:30:00,1.35329,1.3534,1.35313,1.35314,0.0
2026-08-15 21:45:00,1.35315,1.35333,1.35305,1.35329,0.0
2026-08-15 22:00:00,1.35327,1.35334,1.35325,1.35331,0.0
2026-08-15 22:15:00,1.35328,1.35334,1.35326,1.35329,0.0
2026-08-15 22:30:00,1.35329,1.35337,1.35327,1.35328,0.0
2026-08-15 22:45:00,1.35329,1.35335,1.35327,1.35329,0.0
2026-08-15 23:00:00,1.35327,1.35334,1.35325,1.35331,0.0
2026-08-15 23:15:00,1.35328,1.35335,1.35304,1.35321,0.0
2026-08-15 23:30:00,1.35318,1.35324,1.35316,1.35317,0.0
2026-08-15 23:45:00,1.35318,1.35324,1.35316,1.3532,0.0
2026-08-16 00:00:00,1.35318,1.35324,1.35316,1.35322,0.0
2026-08-16 00:15:00,1.35319,1.35325,1.35317,1.3532,0.0
2026-08-16 00:30:00,1.35319,1.35332,1.35317,1.35323,0.0
2026-08-16 00:45:00,1.35324,1.35331,1.35322,1.35328,0.0
2026-08-16 01:00:00,1.35324,1.35326,1.35303,1.35309,0.0
2026-08-16 01:15:00,1.35306,1.35315,1.35304,1.35311,0.0
2026-08-16 01:30:00,1.35309,1.35315,1.35307,1.35308,0.0
2026-08-16 01:45:00,1.35309,1.35317,1.35307,1.35311,0.0
2026-08-16 02:00:00,1.35311,1.35364,1.35304,1.35346,0.0
2026-08-16 02:15:00,1.35343,1.35347,1.35334,1.35339,0.0
2026-08-16 02:30:00,1.35337,1.35343,1.35316,1.35322,0.0
2026-08-16 02:45:00,1.35321,1.35321,1.35309,1.35312,0.0
2026-08-16 03:00:00,1.35313,1.35364,1.35312,1.35344,0.0
2026-08-16 03:15:00,1.35342,1.35348,1.35332,1.35337,0.0
2026-08-16 03:30:00,1.35334,1.35339,1.35328,1.35329,0.0
2026-08-16 03:45:00,1.35329,1.35337,1.35328,1.35329,0.0
2026-08-16 04:00:00,1.3533,1.35375,1.35305,1.35345,0.0
2026-08-16 04:15:00,1.35344,1.35344,1.35308,1.35324,0.0
2026-08-16 04:30:00,1.35322,1.3533,1.35319,1.35326,0.0
2026-08-16 04:45:00,1.35324,1.35336,1.35324,1.35334,0.0
2026-08-16 05:00:00,1.3533,1.35377,1.35328,1.35362,0.0
2026-08-16 05:15:00,1.35361,1.35361,1.35339,1.35348,0.0
2026-08-16 05:30:00,1.35345,1.35347,1.35331,1.35334,0.0
2026-08-16 05:45:00,1.35333,1.35339,1.35331,1.35332,0.0
2026-08-16 06:00:00,1.35333,1.35369,1.35313,1.35335,0.0
2026-08-16 06:15:00,1.35332,1.35338,1.35328,1.35335,0.0
2026-08-16 06:30:00,1.35333,1.35336,1.35328,1.35331,0.0
2026-08-16 06:45:00,1.3533,1.35336,1.35327,1.35334,0.0
2026-08-16 07:00:00,1.3533,1.35377,1.35296,1.35361,0.0
2026-08-16 07:15:00,1.35361,1.35364,1.35349,1.35356,0.0
2026-08-16 07:30:00,1.35353,1.35359,1.35323,1.35333,0.0
2026-08-16 07:45:00,1.35331,1.35331,1.35313,1.35325,0.0
2026-08-16 08:00:00,1.35325,1.35373,1.35293,1.35344,0.0
2026-08-16 08:15:00,1.35345,1.3535,1.35343,1.35347,0.0
2026-08-16 08:30:00,1.35345,1.35351,1.35338,1.35342,0.0
2026-08-16 08:45:00,1.3534,1.35346,1.35338,1.35339,0.0
2026-08-16 09:00:00,1.3534,1.35377,1.35303,1.35365,0.0
2026-08-16 09:15:00,1.35366,1.3537,1.35318,1.35326,0.0
2026-08-16 09:30:00,1.35324,1.3533,1.35321,1.35326,0.0
2026-08-16 09:45:00,1.35324,1.35329,1.35321,1.35323,0.0
2026-08-16 10:00:00,1.35323,1.35333,1.35319,1.35326,0.0
2026-08-16 10:15:00,1.35327,1.35332,1.35324,1.35327,0.0
2026-08-16 10:30:00,1.35326,1.35332,1.35322,1.35327,0.0
2026-08-16 10:45:00,1.35324,1.35331,1.35323,1.35326,0.0
2026-08-16 11:00:00,1.35324,1.35327,1.35303,1.35306,0.0
2026-08-16 11:15:00,1.35306,1.35324,1.35295,1.3532,0.0
2026-08-16 11:30:00,1.35317,1.35324,1.35316,1.35321,0.0
2026-08-16 11:45:00,1.35318,1.35324,1.35316,1.35319,0.0
2026-08-16 12:00:00,1.35318,1.35325,1.35317,1.35319,0.0
2026-08-16 12:15:00,1.3532,1.35326,1.35318,1.3532,0.0
2026-08-16 12:30:00,1.3532,1.35333,1.35316,1.35324,0.0
2026-08-16 12:45:00,1.35321,1.35321,1.35307,1.35313,0.0
2026-08-16 13:00:00,1.35312,1.35319,1.3531,1.35312,0.0
2026-08-16 13:15:00,1.35313,1.35319,1.35311,1.35317,0.0
2026-08-16 13:30:00,1.35313,1.35321,1.35312,1.35317,0.0
2026-08-16 13:45:00,1.35315,1.35321,1.35313,1.35317,0.0
2026-08-16 14:00:00,1.35315,1.35322,1.35314,1.35315,0.0
2026-08-16 14:15:00,1.35316,1.35322,1.35303,1.35305,0.0
2026-08-16 14:30:00,1.35305,1.35311,1.35303,1.35308,0.0
2026-08-16 14:45:00,1.35305,1.35317,1.35303,1.35314,0.0
2026-08-16 15:00:00,1.35311,1.35317,1.35309,1.35311,0.0
2026-08-16 15:15:00,1.35311,1.35319,1.3531,1.35313,0.0
2026-08-16 15:30:00,1.35313,1.3532,1.35311,1.35318,0.0
2026-08-16 15:45:00,1.35316,1.35322,1.35314,1.35319,0.0
2026-08-16 16:00:00,1.35316,1.35325,1.35307,1.35312,0.0
2026-08-16 16:15:00,1.3531,1.3533,1.35305,1.35323,0.0
2026-08-16 16:30:00,1.35324,1.35329,1.35321,1.35325,0.0
2026-08-16 16:45:00,1.35323,1.35329,1.3532,1.35325,0.0
2026-08-16 17:00:00,1.35322,1.35329,1.35321,1.35324,0.0
2026-08-16 17:15:00,1.35322,1.35329,1.3532,1.35321,0.0
2026-08-16 17:30:00,1.35322,1.35329,1.35313,1.35318,0.0
2026-08-16 17:45:00,1.35316,1.35318,1.35305,1.35311,0.0
2026-08-16 18:00:00,1.35308,1.35317,1.35306,1.35312,0.0
2026-08-16 18:15:00,1.35311,1.35317,1.35309,1.3531,0.0
2026-08-16 18:30:00,1.35311,1.35319,1.35309,1.35313,0.0
2026-08-16 18:45:00,1.35313,1.35319,1.35311,1.35316,0.0
2026-08-16 19:00:00,1.35313,1.3532,1.35311,1.35316,0.0
2026-08-16 19:15:00,1.35314,1.3532,1.35307,1.35311,0.0
2026-08-16 19:30:00,1.35311,1.35317,1.35309,1.35311,0.0
2026-08-16 19:45:00,1.35311,1.35319,1.3531,1.35318,0.0
2026-08-16 20:00:00,1.35315,1.35321,1.35313,1.35318,0.0
2026-08-16 20:15:00,1.35315,1.35321,1.35314,1.35315,0.0
2026-08-16 20:30:00,1.35315,1.35321,1.35313,1.35315,0.0
2026-08-16 20:45:00,1.35315,1.35321,1.35313,1.35318,0.0
2026-08-16 21:00:00,1.35315,1.35321,1.35313,1.35318,0.0
2026-08-16 21:15:00,1.35315,1.35321,1.35313,1.35315,0.0
2026-08-16 21:30:00,1.35315,1.35324,1.353,1.35305,0.0
2026-08-16 21:45:00,1.35305,1.35311,1.35303,1.35307,0.0
2026-08-16 22:00:00,1.35305,1.35311,1.35303,1.35308,0.0
2026-08-16 22:15:00,1.35305,1.35311,1.35303,1.35307,0.0
2026-08-16 22:30:00,1.35305,1.35311,1.35303,1.35304,0.0
2026-08-16 22:45:00,1.35305,1.35311,1.35303,1.35308,0.0
2026-08-16 23:00:00,1.35305,1.35311,1.35303,1.35308,0.0
2026-08-16 23:15:00,1.35305,1.35338,1.35291,1.3532,0.0
2026-08-16 23:30:00,1.35319,1.35325,1.35317,1.35318,0.0
2026-08-16 23:45:00,1.35319,1.35325,1.35317,1.35321,0.0
2026-08-17 00:00:00,1.35319,1.35341,1.35299,1.35339,0.0
2026-08-17 00:15:00,1.35336,1.35345,1.35333,1.35336,0.0
2026-08-17 00:30:00,1.35335,1.35341,1.35333,1.35334,0.0
2026-08-17 00:45:00,1.35335,1.35349,1.35316,1.35324,0.0
2026-08-17 01:00:00,1.3532,1.35326,1.35314,1.35325,0.0
2026-08-17 01:15:00,1.35322,1.35343,1.35311,1.35318,0.0
2026-08-17 01:30:00,1.35316,1.35322,1.35314,1.35315,0.0
2026-08-17 01:45:00,1.35316,1.35325,1.35292,1.35319,0.0
2026-08-17 02:00:00,1.35319,1.35373,1.35317,1.3536,0.0
2026-08-17 02:15:00,1.35357,1.35362,1.35329,1.35341,0.0
2026-08-17 02:30:00,1.35339,1.35345,1.35307,1.35312,0.0
2026-08-17 02:45:00,1.35312,1.35318,1.3531,1.35312,0.0
2026-08-17 03:00:00,1.35312,1.35371,1.35295,1.35339,0.0
2026-08-17 03:15:00,1.35337,1.35343,1.35332,1.3534,0.0
2026-08-17 03:30:00,1.35337,1.35343,1.3532,1.35335,0.0
2026-08-17 03:45:00,1.35336,1.35344,1.3533,1.35334,0.0
2026-08-17 04:00:00,1.35336,1.35362,1.35323,1.35331,0.0
2026-08-17 04:15:00,1.35329,1.35337,1.35327,1.35333,0.0
2026-08-17 04:30:00,1.3533,1.35356,1.35318,1.35355,0.0
2026-08-17 04:45:00,1.35352,1.35367,1.35347,1.3536,0.0
2026-08-17 05:00:00,1.35361,1.3537,1.35297,1.35353,0.0
2026-08-17 05:15:00,1.35352,1.35426,1.35212,1.35273,0.0
2026-08-17 05:30:00,1.35269,1.35375,1.35184,1.35365,0.0
2026-08-17 05:45:00,1.35346,1.35437,1.35101,1.35225,0.0
2026-08-17 06:00:00,1.35281,1.35442,1.35096,1.35394,0.0
2026-08-17 06:15:00,1.3539,1.35395,1.35351,1.35372,0.0
2026-08-17 06:30:00,1.35368,1.35417,1.35339,1.35353,0.0
2026-08-17 06:45:00,1.35348,1.35411,1.35338,1.35358,0.0
2026-08-17 07:00:00,1.35362,1.35427,1.35347,1.35415,0.0
2026-08-17 07:15:00,1.35408,1.35417,1.35373,1.35394,0.0
2026-08-17 07:30:00,1.35389,1.35403,1.35358,1.35391,0.0
2026-08-17 07:45:00,1.35387,1.35393,1.3532,1.35321,0.0
2026-08-17 08:00:00,1.35324,1.35345,1.35308,1.35324,0.0
2026-08-17 08:15:00,1.3532,1.35377,1.3532,1.35375,0.0
2026-08-17 08:30:00,1.35371,1.35408,1.35367,1.354,0.0
2026-08-17 08:45:00,1.35398,1.3544,1.35392,1.35435,0.0
2026-08-17 09:00:00,1.35429,1.35457,1.35429,1.35446,0.0
2026-08-17 09:15:00,1.35447,1.35447,1.35433,1.35444,0.0
2026-08-17 09:30:00,1.35441,1.35459,1.35432,1.35456,0.0
2026-08-17 09:45:00,1.35453,1.35478,1.3545,1.35468,0.0
2026-08-17 10:00:00,1.35465,1.35523,1.35461,1.35518,0.0
2026-08-17 10:15:00,1.35513,1.3554,1.35513,1.3553,0.0
2026-08-17 10:30:00,1.35529,1.35563,1.35528,1.3554,0.0
2026-08-17 10:45:00,1.35537,1.35548,1.35524,1.35535,0.0
2026-08-17 11:00:00,1.35535,1.3556,1.35518,1.3552,0.0
2026-08-17 11:15:00,1.35527,1.35561,1.3552,1.35551,0.0
2026-08-17 11:30:00,1.3555,1.3555,1.35507,1.35536,0.0
2026-08-17 11:45:00,1.35531,1.35561,1.35531,1.35554,0.0
2026-08-17 12:00:00,1.35549,1.35565,1.35517,1.3552,0.0
2026-08-17 12:15:00,1.35527,1.35557,1.35527,1.35555,0.0
2026-08-17 12:30:00,1.3555,1.35565,1.35498,1.35524,0.0
2026-08-17 12:45:00,1.35528,1.35528,1.35498,1.35499,0.0
2026-08-17 13:00:00,1.355,1.35503,1.35485,1.35496,0.0
2026-08-17 13:15:00,1.35491,1.35513,1.35484,1.35494,0.0
2026-08-17 13:30:00,1.35495,1.35503,1.3547,1.35484,0.0
2026-08-17 13:45:00,1.35481,1.35516,1.35476,1.35515,0.0
2026-08-17 14:00:00,1.35508,1.35567,1.35508,1.35565,0.0
2026-08-17 14:15:00,1.35563,1.35569,1.35536,1.35557,0.0
2026-08-17 14:30:00,1.35555,1.35555,1.35538,1.35548,0.0
2026-08-17 14:45:00,1.35549,1.35558,1.35514,1.35524,0.0
2026-08-17 15:00:00,1.35521,1.35528,1.35505,1.35506,0.0
2026-08-17 15:15:00,1.35507,1.35554,1.35501,1.35552,0.0
2026-08-17 15:30:00,1.35548,1.35552,1.35531,1.35539,0.0
2026-08-17 15:45:00,1.3554,1.35585,1.35529,1.35533,0.0
2026-08-17 16:00:00,1.35533,1.35569,1.35512,1.35522,0.0
2026-08-17 16:15:00,1.35518,1.35559,1.35516,1.35552,0.0
2026-08-17 16:30:00,1.35543,1.35558,1.35516,1.3553,0.0
2026-08-17 16:45:00,1.35523,1.35599,1.35523,1.35588,0.0
2026-08-17 17:00:00,1.3559,1.35598,1.35558,1.35584,0.0
2026-08-17 17:15:00,1.35586,1.35648,1.35579,1.35641,0.0
2026-08-17 17:30:00,1.35634,1.3572,1.35634,1.35707,0.0
2026-08-17 17:45:00,1.35706,1.35706,1.35621,1.3564,0.0
2026-08-17 18:00:00,1.35637,1.3565,1.35604,1.35648,0.0
2026-08-17 18:15:00,1.35645,1.35708,1.35645,1.35702,0.0
2026-08-17 18:30:00,1.35694,1.35716,1.35621,1.35623,0.0
2026-08-17 18:45:00,1.35626,1.35626,1.35503,1.35538,0.0
2026-08-17 19:00:00,1.35535,1.35576,1.35517,1.35566,0.0
2026-08-17 19:15:00,1.35564,1.35585,1.35541,1.35581,0.0
2026-08-17 19:30:00,1.35575,1.35624,1.35573,1.35622,0.0
2026-08-17 19:45:00,1.35617,1.35621,1.35584,1.35591,0.0
2026-08-17 20:00:00,1.35592,1.3561,1.35546,1.35609,0.0
2026-08-17 20:15:00,1.35604,1.35614,1.35578,1.35605,0.0
2026-08-17 20:30:00,1.35592,1.35652,1.35588,1.35595,0.0
2026-08-17 20:45:00,1.35595,1.35601,1.35549,1.35552,0.0
2026-08-17 21:00:00,1.35555,1.3561,1.35552,1.3557,0.0
2026-08-17 21:15:00,1.35579,1.35587,1.35514,1.35583,0.0
2026-08-17 21:30:00,1.35584,1.35589,1.35544,1.35546,0.0
2026-08-17 21:45:00,1.35549,1.35571,1.35526,1.35571,0.0
2026-08-17 22:00:00,1.35568,1.35625,1.3556,1.35599,0.0
2026-08-17 22:15:00,1.35603,1.35626,1.35536,1.3557,0.0
2026-08-17 22:30:00,1.35566,1.35591,1.35549,1.35583,0.0
2026-08-17 22:45:00,1.35573,1.35595,1.35547,1.35588,0.0
2026-08-17 23:00:00,1.35573,1.35666,1.35573,1.35627,0.0
2026-08-17 23:15:00,1.35634,1.3566,1.35608,1.35615,0.0
2026-08-17 23:30:00,1.35617,1.35664,1.35576,1.3558,0.0
2026-08-17 23:45:00,1.35585,1.35599,1.35522,1.35595,0.0
2026-08-18 00:00:00,1.35586,1.35652,1.35586,1.35646,0.0
2026-08-18 00:15:00,1.35636,1.35685,1.35597,1.356,0.0
2026-08-18 00:30:00,1.35604,1.35615,1.35558,1.35578,0.0
2026-08-18 00:45:00,1.35578,1.3559,1.35509,1.3553,0.0
2026-08-18 01:00:00,1.35525,1.35547,1.35514,1.35536,0.0
2026-08-18 01:15:00,1.35537,1.35564,1.35518,1.3556,0.0
2026-08-18 01:30:00,1.3555,1.35579,1.35535,1.35537,0.0
2026-08-18 01:45:00,1.35539,1.35621,1.35513,1.35619,0.0
2026-08-18 02:00:00,1.35615,1.35623,1.35577,1.35596,0.0
2026-08-18 02:15:00,1.35592,1.35633,1.35592,1.35621,0.0
2026-08-18 02:30:00,1.35619,1.35647,1.35612,1.35627,0.0
2026-08-18 02:45:00,1.3563,1.3563,1.35582,1.35584,0.0
2026-08-18 03:00:00,1.35588,1.35606,1.35577,1.35586,0.0
2026-08-18 03:15:00,1.35583,1.35584,1.35523,1.35538,0.0
2026-08-18 03:30:00,1.35528,1.35558,1.35444,1.35469,0.0
2026-08-18 03:45:00,1.35466,1.3549,1.35446,1.35448,0.0
2026-08-18 04:00:00,1.35451,1.35453,1.35422,1.35446,0.0
2026-08-18 04:15:00,1.35441,1.35455,1.35388,1.3539,0.0
2026-08-18 04:30:00,1.3539,1.35404,1.35373,1.35376,0.0
2026-08-18 04:45:00,1.35377,1.35389,1.35366,1.3538,0.0
2026-08-18 05:00:00,1.35377,1.35404,1.35359,1.35399,0.0
2026-08-18 05:15:00,1.3539,1.35435,1.3539,1.3543,0.0
2026-08-18 05:30:00,1.35427,1.35445,1.35413,1.35442,0.0
2026-08-18 05:45:00,1.3544,1.35448,1.35417,1.35433,0.0
2026-08-18 06:00:00,1.3543,1.35468,1.35415,1.35416,0.0
2026-08-18 06:15:00,1.35417,1.35455,1.35415,1.35443,0.0
2026-08-18 06:30:00,1.3544,1.35443,1.3543,1.35435,0.0
2026-08-18 06:45:00,1.35432,1.35439,1.35403,1.35407,0.0
2026-08-18 07:00:00,1.35416,1.35488,1.35416,1.35456,0.0
2026-08-18 07:15:00,1.35463,1.35507,1.35442,1.35452,0.0
2026-08-18 07:30:00,1.35449,1.35454,1.35435,1.35437,0.0
2026-08-18 07:45:00,1.35437,1.35452,1.35417,1.35425,0.0
2026-08-18 08:00:00,1.35423,1.35454,1.35417,1.35445,0.0
2026-08-18 08:15:00,1.3544,1.35454,1.35435,1.35453,0.0
2026-08-18 08:30:00,1.35451,1.35455,1.35422,1.35445,0.0
2026-08-18 08:45:00,1.35442,1.35447,1.35433,1.35439,0.0
2026-08-18 09:00:00,1.35439,1.35465,1.35436,1.35462,0.0
2026-08-18 09:15:00,1.35458,1.35475,1.35454,1.35474,0.0
2026-08-18 09:30:00,1.35471,1.3551,1.35471,1.35508,0.0
2026-08-18 09:45:00,1.35503,1.35523,1.35498,1.35506,0.0
2026-08-18 10:00:00,1.35505,1.35543,1.35503,1.35504,0.0
2026-08-18 10:15:00,1.35509,1.35526,1.35485,1.35488,0.0
2026-08-18 10:30:00,1.35487,1.35498,1.35454,1.35494,0.0
2026-08-18 10:45:00,1.35491,1.35497,1.35471,1.35488,0.0
2026-08-18 11:00:00,1.35487,1.35537,1.35487,1.35533,0.0
2026-08-18 11:15:00,1.35529,1.35536,1.35468,1.3549,0.0
2026-08-18 11:30:00,1.35486,1.35524,1.35486,1.35492,0.0
2026-08-18 11:45:00,1.35495,1.35495,1.35462,1.35464,0.0
2026-08-18 12:00:00,1.35466,1.3547,1.35441,1.35442,0.0
2026-08-18 12:15:00,1.35443,1.35447,1.35418,1.35422,0.0
2026-08-18 12:30:00,1.35421,1.3543,1.35397,1.35428,0.0
2026-08-18 12:45:00,1.35425,1.35463,1.35416,1.35459,0.0
2026-08-18 13:00:00,1.35457,1.35461,1.35421,1.35421,0.0
2026-08-18 13:15:00,1.35423,1.35424,1.35376,1.35385,0.0
2026-08-18 13:30:00,1.3538,1.35383,1.35358,1.35365,0.0
2026-08-18 13:45:00,1.35363,1.35367,1.35344,1.35364,0.0
2026-08-18 14:00:00,1.35361,1.35361,1.35314,1.35315,0.0
2026-08-18 14:15:00,1.35317,1.35384,1.35314,1.35363,0.0
2026-08-18 14:30:00,1.35364,1.35371,1.35338,1.35368,0.0
2026-08-18 14:45:00,1.35365,1.35383,1.35353,1.35369,0.0
2026-08-18 15:00:00,1.35367,1.35367,1.35336,1.35339,0.0
2026-08-18 15:15:00,1.35339,1.35387,1.35338,1.35385,0.0
2026-08-18 15:30:00,1.35381,1.35386,1.3536,1.35371,0.0
2026-08-18 15:45:00,1.35366,1.35393,1.35366,1.35381,0.0
2026-08-18 16:00:00,1.3538,1.35389,1.35225,1.35295,0.0
2026-08-18 16:15:00,1.35295,1.35326,1.35254,1.35309,0.0
2026-08-18 16:30:00,1.35315,1.35329,1.35263,1.35285,0.0
2026-08-18 16:45:00,1.35284,1.35286,1.35221,1.35258,0.0
2026-08-18 17:00:00,1.35253,1.35289,1.35219,1.35222,0.0
2026-08-18 17:15:00,1.35226,1.35271,1.35201,1.35263,0.0
2026-08-18 17:30:00,1.35263,1.3531,1.35245,1.35292,0.0
2026-08-18 17:45:00,1.35294,1.35316,1.3527,1.35306,0.0
2026-08-18 18:00:00,1.35302,1.35302,1.35243,1.35272,0.0
2026-08-18 18:15:00,1.3527,1.35282,1.35241,1.35278,0.0
2026-08-18 18:30:00,1.35273,1.35302,1.3527,1.353,0.0
2026-08-18 18:45:00,1.35297,1.35344,1.35287,1.35328,0.0
2026-08-18 19:00:00,1.35331,1.35331,1.35285,1.35296,0.0
2026-08-18 19:15:00,1.35293,1.35329,1.35267,1.35327,0.0
2026-08-18 19:30:00,1.35324,1.35334,1.35278,1.3528,0.0
2026-08-18 19:45:00,1.35284,1.35338,1.35284,1.35324,0.0
2026-08-18 20:00:00,1.35324,1.35327,1.35267,1.35273,0.0
2026-08-18 20:15:00,1.35271,1.35291,1.3525,1.35287,0.0
2026-08-18 20:30:00,1.35282,1.35309,1.35276,1.35278,0.0
2026-08-18 20:45:00,1.35279,1.35312,1.35256,1.35269,0.0
2026-08-18 21:00:00,1.35257,1.35281,1.35225,1.35254,0.0
2026-08-18 21:15:00,1.35251,1.35251,1.35212,1.35215,0.0
2026-08-18 21:30:00,1.35221,1.35237,1.35201,1.35235,0.0
2026-08-18 21:45:00,1.35232,1.3528,1.35219,1.35279,0.0
2026-08-18 22:00:00,1.35275,1.35287,1.35245,1.35267,0.0
2026-08-18 22:15:00,1.35257,1.3532,1.35257,1.35274,0.0
2026-08-18 22:30:00,1.35277,1.35286,1.35241,1.35255,0.0
2026-08-18 22:45:00,1.35268,1.35341,1.35268,1.35337,0.0
2026-08-18 23:00:00,1.35336,1.35385,1.3532,1.35374,0.0
2026-08-18 23:15:00,1.3537,1.35387,1.35327,1.35346,0.0
2026-08-18 23:30:00,1.35343,1.35434,1.35313,1.35399,0.0
2026-08-18 23:45:00,1.35403,1.3541,1.35312,1.35404,0.0
2026-08-19 00:00:00,1.35392,1.35452,1.35392,1.35432,0.0
2026-08-19 00:15:00,1.35428,1.35489,1.35417,1.35438,0.0
2026-08-19 00:30:00,1.35445,1.35467,1.35402,1.35465,0.0
2026-08-19 00:45:00,1.35461,1.35507,1.35439,1.35457,0.0
2026-08-19 01:00:00,1.35454,1.35485,1.35379,1.35395,0.0
2026-08-19 01:15:00,1.35394,1.35424,1.35367,1.35394,0.0
2026-08-19 01:30:00,1.35383,1.35408,1.35373,1.3539,0.0
2026-08-19 01:45:00,1.35391,1.35435,1.35379,1.35432,0.0
2026-08-19 02:00:00,1.35428,1.35455,1.35412,1.35438,0.0
2026-08-19 02:15:00,1.35441,1.3548,1.35422,1.35425,0.0
2026-08-19 02:30:00,1.3543,1.3545,1.35411,1.35448,0.0
2026-08-19 02:45:00,1.35447,1.35455,1.35408,1.35409,0.0
2026-08-19 03:00:00,1.35411,1.35413,1.35344,1.35345,0.0
2026-08-19 03:15:00,1.35344,1.35377,1.35344,1.35354,0.0
2026-08-19 03:30:00,1.3535,1.35364,1.35327,1.35348,0.0
2026-08-19 03:45:00,1.35348,1.35359,1.35344,1.35345,0.0
2026-08-19 04:00:00,1.35346,1.35355,1.35325,1.35353,0.0
2026-08-19 04:15:00,1.35349,1.35385,1.35349,1.35382,0.0
2026-08-19 04:30:00,1.35379,1.35379,1.35338,1.35341,0.0
2026-08-19 04:45:00,1.3534,1.35346,1.35325,1.35343,0.0
2026-08-19 05:00:00,1.35338,1.35365,1.35326,1.35363,0.0
2026-08-19 05:15:00,1.35358,1.35371,1.35347,1.35362,0.0
2026-08-19 05:30:00,1.35359,1.35395,1.35355,1.35393,0.0
2026-08-19 05:45:00,1.35391,1.35391,1.35327,1.35329,0.0
2026-08-19 06:00:00,1.35332,1.35333,1.35288,1.3531,0.0
2026-08-19 06:15:00,1.35307,1.3531,1.35289,1.35298,0.0
2026-08-19 06:30:00,1.35295,1.35323,1.35292,1.35319,0.0
2026-08-19 06:45:00,1.35317,1.35326,1.35311,1.35324,0.0
2026-08-19 07:00:00,1.35321,1.35367,1.35299,1.35363,0.0
2026-08-19 07:15:00,1.35358,1.35371,1.35323,1.35343,0.0
2026-08-19 07:30:00,1.35334,1.35357,1.35316,1.35319,0.0
2026-08-19 07:45:00,1.35324,1.35342,1.35287,1.35293,0.0
2026-08-19 08:00:00,1.35309,1.35358,1.35309,1.35317,0.0
2026-08-19 08:15:00,1.3532,1.35327,1.35316,1.3532,0.0
2026-08-19 08:30:00,1.35317,1.3533,1.35312,1.35321,0.0
2026-08-19 08:45:00,1.35318,1.35346,1.35317,1.35338,0.0
2026-08-19 09:00:00,1.3534,1.35368,1.35335,1.35356,0.0
2026-08-19 09:15:00,1.35356,1.35358,1.35336,1.3534,0.0
2026-08-19 09:30:00,1.35346,1.35346,1.35322,1.35326,0.0
2026-08-19 09:45:00,1.35322,1.35361,1.35322,1.35359,0.0
2026-08-19 10:00:00,1.35354,1.3542,1.35351,1.35417,0.0
2026-08-19 10:15:00,1.35412,1.35424,1.35384,1.35389,0.0
2026-08-19 10:30:00,1.35388,1.35389,1.35342,1.35353,0.0
2026-08-19 10:45:00,1.35362,1.35362,1.35299,1.35304,0.0
2026-08-19 11:00:00,1.35311,1.35311,1.35272,1.35273,0.0
2026-08-19 11:15:00,1.35276,1.35279,1.35237,1.35278,0.0
2026-08-19 11:30:00,1.35274,1.35298,1.35274,1.35291,0.0
2026-08-19 11:45:00,1.35288,1.35315,1.35273,1.35311,0.0
2026-08-19 12:00:00,1.3531,1.35354,1.35297,1.3535,0.0
2026-08-19 12:15:00,1.35345,1.35419,1.353,1.35363,0.0
2026-08-19 12:30:00,1.35363,1.35408,1.35352,1.35408,0.0
2026-08-19 12:45:00,1.35403,1.35435,1.35375,1.3539,0.0
2026-08-19 13:00:00,1.35388,1.35419,1.35378,1.35389,0.0
2026-08-19 13:15:00,1.3539,1.35412,1.35384,1.35411,0.0
2026-08-19 13:30:00,1.35408,1.35412,1.35377,1.35385,0.0
2026-08-19 13:45:00,1.35379,1.35398,1.35376,1.35383,0.0
2026-08-19 14:00:00,1.35381,1.35397,1.35367,1.35393,0.0
2026-08-19 14:15:00,1.35388,1.35401,1.3538,1.35389,0.0
2026-08-19 14:30:00,1.35388,1.35408,1.35366,1.35375,0.0
2026-08-19 14:45:00,1.35368,1.35428,1.35368,1.35425,0.0
2026-08-19 15:00:00,1.35422,1.3543,1.35397,1.35412,0.0
2026-08-19 15:15:00,1.35406,1.35435,1.35406,1.35408,0.0
2026-08-19 15:30:00,1.35412,1.35439,1.35412,1.35439,0.0
2026-08-19 15:45:00,1.35437,1.35449,1.35425,1.35446,0.0
2026-08-19 16:00:00,1.35443,1.35483,1.35422,1.3545,0.0
2026-08-19 16:15:00,1.35448,1.35571,1.35437,1.3553,0.0
2026-08-19 16:30:00,1.35532,1.35544,1.35496,1.35499,0.0
2026-08-19 16:45:00,1.35503,1.35531,1.35493,1.35514,0.0
2026-08-19 17:00:00,1.3551,1.35545,1.35492,1.35502,0.0
2026-08-19 17:15:00,1.355,1.35518,1.35448,1.35497,0.0
2026-08-19 17:30:00,1.35499,1.35544,1.35495,1.35527,0.0
2026-08-19 17:45:00,1.35531,1.35561,1.35516,1.35559,0.0
2026-08-19 18:00:00,1.35557,1.35648,1.35548,1.35647,0.0
2026-08-19 18:15:00,1.35644,1.35665,1.35555,1.35556,0.0
2026-08-19 18:30:00,1.35559,1.35614,1.35538,1.35609,0.0
2026-08-19 18:45:00,1.35601,1.35622,1.35534,1.35542,0.0
2026-08-19 19:00:00,1.3554,1.35567,1.35507,1.35538,0.0
2026-08-19 19:15:00,1.35529,1.35575,1.35523,1.35533,0.0
2026-08-19 19:30:00,1.35541,1.35567,1.35527,1.35547,0.0
2026-08-19 19:45:00,1.35542,1.35601,1.35535,1.35592,0.0
2026-08-19 20:00:00,1.35589,1.35607,1.35558,1.35601,0.0
2026-08-19 20:15:00,1.35586,1.35632,1.35586,1.35619,0.0
2026-08-19 20:30:00,1.35611,1.35644,1.35611,1.35637,0.0
2026-08-19 20:45:00,1.35637,1.35646,1.35553,1.35555,0.0
2026-08-19 21:00:00,1.35557,1.35606,1.35527,1.35551,0.0
2026-08-19 21:15:00,1.35546,1.35564,1.35545,1.35552,0.0
2026-08-19 21:30:00,1.35556,1.35566,1.35468,1.35473,0.0
2026-08-19 21:45:00,1.35484,1.35551,1.35484,1.3554,0.0
2026-08-19 22:00:00,1.35537,1.35579,1.35525,1.35577,0.0
2026-08-19 22:15:00,1.35573,1.35639,1.35567,1.35621,0.0
2026-08-19 22:30:00,1.35619,1.35849,1.35589,1.35828,0.0
2026-08-19 22:45:00,1.35804,1.3602,1.35804,1.35986,0.0
2026-08-19 23:00:00,1.36007,1.36152,1.35953,1.36144,0.0
2026-08-19 23:15:00,1.36122,1.36219,1.36122,1.36185,0.0
2026-08-19 23:30:00,1.3616,1.36241,1.36129,1.36198,0.0
2026-08-19 23:45:00,1.36185,1.36227,1.36104,1.36214,0.0
2026-08-20 00:00:00,1.3621,1.36249,1.36143,1.36244,0.0
2026-08-20 00:15:00,1.36235,1.36235,1.36143,1.3622,0.0
2026-08-20 00:30:00,1.36211,1.36294,1.36207,1.36265,0.0
2026-08-20 00:45:00,1.36259,1.36276,1.36083,1.36085,0.0
2026-08-20 01:00:00,1.36088,1.36136,1.3606,1.36132,0.0
2026-08-20 01:15:00,1.36123,1.36161,1.36029,1.36054,0.0
2026-08-20 01:30:00,1.36043,1.36117,1.36043,1.36095,0.0
2026-08-20 01:45:00,1.36089,1.36101,1.36023,1.3605,0.0
2026-08-20 02:00:00,1.36039,1.36114,1.36039,1.36113,0.0
2026-08-20 02:15:00,1.36109,1.36128,1.36071,1.36091,0.0
2026-08-20 02:30:00,1.36106,1.36121,1.36075,1.361,0.0
2026-08-20 02:45:00,1.36097,1.36162,1.36085,1.36106,0.0
2026-08-20 03:00:00,1.36111,1.36149,1.36023,1.36037,0.0
2026-08-20 03:15:00,1.36036,1.36036,1.35964,1.35967,0.0
2026-08-20 03:30:00,1.35967,1.35998,1.35936,1.35982,0.0
2026-08-20 03:45:00,1.35979,1.3598,1.3591,1.35911,0.0
2026-08-20 04:00:00,1.35914,1.36029,1.3588,1.36028,0.0
2026-08-20 04:15:00,1.36024,1.36024,1.35907,1.35917,0.0
2026-08-20 04:30:00,1.35914,1.36074,1.35899,1.36072,0.0
2026-08-20 04:45:00,1.3607,1.36097,1.36056,1.36081,0.0
2026-08-20 05:00:00,1.36082,1.36109,1.36034,1.36072,0.0
2026-08-20 05:15:00,1.36076,1.36117,1.36071,1.36115,0.0
2026-08-20 05:30:00,1.36111,1.3612,1.36041,1.3607,0.0
2026-08-20 05:45:00,1.36069,1.36108,1.3605,1.36081,0.0
2026-08-20 06:00:00,1.36082,1.361,1.3604,1.36041,0.0
2026-08-20 06:15:00,1.36044,1.36047,1.36027,1.36033,0.0
2026-08-20 06:30:00,1.3603,1.36074,1.3602,1.36071,0.0
2026-08-20 06:45:00,1.36068,1.36076,1.3606,1.36071,0.0
2026-08-20 07:00:00,1.3607,1.36084,1.36038,1.36046,0.0
2026-08-20 07:15:00,1.36051,1.36149,1.36011,1.36104,0.0
2026-08-20 07:30:00,1.36101,1.36109,1.36061,1.36092,0.0
2026-08-20 07:45:00,1.36089,1.36101,1.36039,1.36071,0.0
2026-08-20 08:00:00,1.36077,1.36105,1.36047,1.36068,0.0
2026-08-20 08:15:00,1.36072,1.36086,1.36069,1.36077,0.0
2026-08-20 08:30:00,1.36075,1.36093,1.3606,1.36062,0.0
2026-08-20 08:45:00,1.36063,1.36072,1.36047,1.36052,0.0
2026-08-20 09:00:00,1.36051,1.36069,1.36022,1.36045,0.0
2026-08-20 09:15:00,1.36041,1.36045,1.36017,1.36026,0.0
2026-08-20 09:30:00,1.36021,1.36027,1.36005,1.36013,0.0
2026-08-20 09:45:00,1.3601,1.36016,1.35993,1.35994,0.0
2026-08-20 10:00:00,1.35995,1.36072,1.35992,1.36027,0.0
2026-08-20 10:15:00,1.36021,1.36058,1.36001,1.36008,0.0
2026-08-20 10:30:00,1.36007,1.36049,1.36006,1.36008,0.0
2026-08-20 10:45:00,1.36008,1.36014,1.35981,1.36007,0.0
2026-08-20 11:00:00,1.36003,1.36003,1.35949,1.35978,0.0
2026-08-20 11:15:00,1.35973,1.36064,1.35973,1.3606,0.0
2026-08-20 11:30:00,1.36052,1.36077,1.36038,1.36066,0.0
2026-08-20 11:45:00,1.36069,1.36069,1.36034,1.36056,0.0
2026-08-20 12:00:00,1.36057,1.36142,1.36055,1.3609,0.0
2026-08-20 12:15:00,1.36088,1.36094,1.36025,1.36053,0.0
2026-08-20 12:30:00,1.3605,1.36073,1.36032,1.36058,0.0
2026-08-20 12:45:00,1.36062,1.36062,1.36035,1.36058,0.0
2026-08-20 13:00:00,1.36053,1.36108,1.36043,1.36102,0.0
2026-08-20 13:15:00,1.36094,1.3614,1.36073,1.36122,0.0
2026-08-20 13:30:00,1.36123,1.36124,1.36103,1.36122,0.0
2026-08-20 13:45:00,1.36116,1.36147,1.36116,1.36144,0.0
2026-08-20 14:00:00,1.36141,1.36163,1.36117,1.36161,0.0
2026-08-20 14:15:00,1.36158,1.36162,1.36121,1.36132,0.0
2026-08-20 14:30:00,1.3613,1.36133,1.36107,1.36118,0.0
2026-08-20 14:45:00,1.36116,1.36116,1.36069,1.36074,0.0
2026-08-20 15:00:00,1.36083,1.361,1.36063,1.36075,0.0
2026-08-20 15:15:00,1.36076,1.36084,1.36054,1.36055,0.0
2026-08-20 15:30:00,1.36057,1.36068,1.36017,1.36027,0.0
2026-08-20 15:45:00,1.36026,1.36062,1.36001,1.3606,0.0
2026-08-20 16:00:00,1.36055,1.36119,1.3603,1.36113,0.0
2026-08-20 16:15:00,1.36101,1.36125,1.36062,1.36083,0.0
2026-08-20 16:30:00,1.36078,1.36098,1.3606,1.36089,0.0
2026-08-20 16:45:00,1.36089,1.36162,1.36089,1.3616,0.0
2026-08-20 17:00:00,1.3615,1.36201,1.36091,1.36135,0.0
2026-08-20 17:15:00,1.36126,1.36151,1.36116,1.36118,0.0
2026-08-20 17:30:00,1.3612,1.36314,1.36114,1.36304,0.0
2026-08-20 17:45:00,1.36301,1.36301,1.36209,1.36257,0.0
2026-08-20 18:00:00,1.36256,1.36297,1.36234,1.3629,0.0
2026-08-20 18:15:00,1.36288,1.36362,1.36288,1.36338,0.0
2026-08-20 18:30:00,1.36337,1.36355,1.36299,1.36338,0.0
2026-08-20 18:45:00,1.36341,1.36377,1.36318,1.36352,0.0
2026-08-20 19:00:00,1.36344,1.36413,1.36322,1.36411,0.0
2026-08-20 19:15:00,1.36405,1.36448,1.36394,1.36434,0.0
2026-08-20 19:30:00,1.36427,1.3646,1.36401,1.36447,0.0
2026-08-20 19:45:00,1.36442,1.36471,1.36426,1.36463,0.0
2026-08-20 20:00:00,1.36455,1.36584,1.36429,1.36583,0.0
2026-08-20 20:15:00,1.36577,1.36577,1.36502,1.36538,0.0
2026-08-20 20:30:00,1.36542,1.36566,1.36489,1.36491,0.0
2026-08-20 20:45:00,1.36493,1.36493,1.36406,1.36429,0.0
2026-08-20 21:00:00,1.36418,1.36455,1.36321,1.3634,0.0
2026-08-20 21:15:00,1.36335,1.36404,1.36335,1.36366,0.0
2026-08-20 21:30:00,1.36373,1.36424,1.36342,1.36345,0.0
2026-08-20 21:45:00,1.36348,1.36352,1.3631,1.36345,0.0
2026-08-20 22:00:00,1.36343,1.36343,1.36214,1.36319,0.0
2026-08-20 22:15:00,1.36316,1.36424,1.36313,1.36358,0.0
2026-08-20 22:30:00,1.36354,1.36386,1.36275,1.36371,0.0
2026-08-20 22:45:00,1.36351,1.36446,1.36351,1.36443,0.0
2026-08-20 23:00:00,1.36437,1.36525,1.36437,1.3645,0.0
2026-08-20 23:15:00,1.36454,1.36485,1.36385,1.36412,0.0
2026-08-20 23:30:00,1.36407,1.36441,1.36358,1.36393,0.0
2026-08-20 23:45:00,1.36387,1.36396,1.36336,1.36347,0.0
2026-08-21 00:00:00,1.36352,1.36402,1.36286,1.36301,0.0
2026-08-21 00:15:00,1.36298,1.36362,1.36279,1.36343,0.0
2026-08-21 00:30:00,1.36346,1.36366,1.36316,1.36337,0.0
2026-08-21 00:45:00,1.36332,1.36355,1.36314,1.36329,0.0
2026-08-21 01:00:00,1.36323,1.36467,1.3631,1.36363,0.0
2026-08-21 01:15:00,1.36351,1.364,1.36278,1.36388,0.0
2026-08-21 01:30:00,1.36363,1.36431,1.36286,1.36291,0.0
2026-08-21 01:45:00,1.363,1.36379,1.36287,1.36377,0.0
2026-08-21 02:00:00,1.36373,1.36379,1.3632,1.36323,0.0
2026-08-21 02:15:00,1.36327,1.36329,1.36281,1.36285,0.0
2026-08-21 02:30:00,1.36291,1.36291,1.36246,1.36266,0.0
2026-08-21 02:45:00,1.36267,1.36331,1.36266,1.3633,0.0
2026-08-21 03:00:00,1.36324,1.36324,1.36253,1.36261,0.0
2026-08-21 03:15:00,1.36259,1.36268,1.3624,1.36262,0.0
2026-08-21 03:30:00,1.36254,1.36275,1.36236,1.36248,0.0
2026-08-21 03:45:00,1.36242,1.36282,1.36242,1.36278,0.0
2026-08-21 04:00:00,1.36272,1.36287,1.36225,1.36226,0.0
2026-08-21 04:15:00,1.36227,1.36244,1.36206,1.36236,0.0
2026-08-21 04:30:00,1.36232,1.36258,1.36232,1.36251,0.0
2026-08-21 04:45:00,1.3625,1.36281,1.36232,1.36275,0.0
2026-08-21 05:00:00,1.36275,1.36302,1.3626,1.36299,0.0
2026-08-21 05:15:00,1.36293,1.36304,1.36287,1.36301,0.0
2026-08-21 05:30:00,1.36298,1.36304,1.36273,1.36278,0.0
2026-08-21 05:45:00,1.36279,1.36311,1.36275,1.36292,0.0
2026-08-21 06:00:00,1.36292,1.36305,1.36284,1.36299,0.0
2026-08-21 06:15:00,1.36297,1.36306,1.36271,1.36284,0.0
2026-08-21 06:30:00,1.3628,1.36319,1.3628,1.36317,0.0
2026-08-21 06:45:00,1.3631,1.36331,1.3631,1.3631,0.0
2026-08-21 07:00:00,1.3631,1.36321,1.36274,1.36286,0.0
2026-08-21 07:15:00,1.36287,1.36318,1.36282,1.36315,0.0
2026-08-21 07:30:00,1.36313,1.3632,1.36296,1.36308,0.0
2026-08-21 07:45:00,1.36305,1.36325,1.36299,1.36322,0.0
2026-08-21 08:00:00,1.36318,1.36353,1.36318,1.36346,0.0
2026-08-21 08:15:00,1.36343,1.36362,1.36322,1.3636,0.0
2026-08-21 08:30:00,1.36359,1.36359,1.36338,1.36352,0.0
2026-08-21 08:45:00,1.36349,1.36374,1.36344,1.36359,0.0
2026-08-21 09:00:00,1.36359,1.36399,1.36359,1.36383,0.0
2026-08-21 09:15:00,1.36386,1.36416,1.36386,1.36409,0.0
2026-08-21 09:30:00,1.36407,1.36414,1.36384,1.36406,0.0
2026-08-21 09:45:00,1.36403,1.36439,1.36399,1.36436,0.0
2026-08-21 10:00:00,1.3643,1.36455,1.36397,1.36449,0.0
2026-08-21 10:15:00,1.36441,1.36467,1.36413,1.36417,0.0
2026-08-21 10:30:00,1.36423,1.36441,1.36387,1.36391,0.0
2026-08-21 10:45:00,1.36387,1.36409,1.36381,1.36386,0.0
2026-08-21 11:00:00,1.36385,1.36414,1.3637,1.36411,0.0
2026-08-21 11:15:00,1.36407,1.36462,1.36396,1.36457,0.0
2026-08-21 11:30:00,1.36447,1.36496,1.36446,1.36454,0.0
2026-08-21 11:45:00,1.36451,1.36461,1.36426,1.36442,0.0
2026-08-21 12:00:00,1.36442,1.36455,1.36405,1.36443,0.0
2026-08-21 12:15:00,1.36447,1.36506,1.36441,1.36487,0.0
2026-08-21 12:30:00,1.36488,1.36519,1.3648,1.36492,0.0
2026-08-21 12:45:00,1.36492,1.36552,1.36485,1.36496,0.0
2026-08-21 13:00:00,1.36499,1.36513,1.36474,1.36511,0.0
2026-08-21 13:15:00,1.36509,1.36513,1.36473,1.36474,0.0
2026-08-21 13:30:00,1.36475,1.36477,1.36435,1.36448,0.0
2026-08-21 13:45:00,1.36445,1.36464,1.36439,1.3646,0.0
2026-08-21 14:00:00,1.36457,1.36466,1.36437,1.36448,0.0
2026-08-21 14:15:00,1.36444,1.36454,1.36419,1.36422,0.0
2026-08-21 14:30:00,1.36421,1.36425,1.36403,1.36423,0.0
2026-08-21 14:45:00,1.36418,1.36439,1.36414,1.36436,0.0
2026-08-21 15:00:00,1.36433,1.36441,1.36414,1.36429,0.0
2026-08-21 15:15:00,1.36429,1.36442,1.36422,1.36423,0.0
2026-08-21 15:30:00,1.36423,1.36482,1.36411,1.36471,0.0
2026-08-21 15:45:00,1.36463,1.36531,1.36462,1.36529,0.0
2026-08-21 16:00:00,1.36524,1.36533,1.36437,1.36449,0.0
2026-08-21 16:15:00,1.36447,1.36481,1.36413,1.36458,0.0
2026-08-21 16:30:00,1.36452,1.36506,1.36444,1.36462,0.0
2026-08-21 16:45:00,1.36458,1.365,1.36439,1.36499,0.0
2026-08-21 17:00:00,1.36493,1.36521,1.36441,1.36485,0.0
2026-08-21 17:15:00,1.36481,1.36539,1.36476,1.36494,0.0
2026-08-21 17:30:00,1.36486,1.36538,1.36471,1.36484,0.0
2026-08-21 17:45:00,1.36506,1.36506,1.3639,1.36396,0.0
2026-08-21 18:00:00,1.36398,1.36433,1.36364,1.36411,0.0
2026-08-21 18:15:00,1.36406,1.36472,1.36387,1.36468,0.0
2026-08-21 18:30:00,1.36463,1.36574,1.36463,1.36567,0.0
2026-08-21 18:45:00,1.36555,1.36638,1.36542,1.36627,0.0
2026-08-21 19:00:00,1.36601,1.36752,1.36601,1.36736,0.0
2026-08-21 19:15:00,1.36732,1.36732,1.36599,1.36601,0.0
2026-08-21 19:30:00,1.36607,1.36636,1.36591,1.36595,0.0
2026-08-21 19:45:00,1.36598,1.36606,1.3656,1.36563,0.0
2026-08-21 20:00:00,1.36569,1.3661,1.36525,1.36569,0.0
2026-08-21 20:15:00,1.36573,1.36659,1.36571,1.36657,0.0
2026-08-21 20:30:00,1.36654,1.36658,1.3661,1.36612,0.0
2026-08-21 20:45:00,1.36614,1.36618,1.36459,1.36463,0.0
2026-08-21 21:00:00,1.36468,1.36548,1.36465,1.36546,0.0
2026-08-21 21:15:00,1.36542,1.36636,1.36528,1.36613,0.0
2026-08-21 21:30:00,1.36614,1.36623,1.36539,1.36541,0.0
2026-08-21 21:45:00,1.36548,1.36575,1.36515,1.36574,0.0
2026-08-21 22:00:00,1.36572,1.36611,1.36542,1.36557,0.0
2026-08-21 22:15:00,1.36552,1.36582,1.36531,1.36558,0.0
2026-08-21 22:30:00,1.36554,1.36554,1.36362,1.36459,0.0
2026-08-21 22:45:00,1.36452,1.36467,1.36401,1.36439,0.0
2026-08-21 23:00:00,1.36431,1.36457,1.3637,1.36378,0.0
2026-08-21 23:15:00,1.36373,1.3639,1.36351,1.36366,0.0
2026-08-21 23:30:00,1.36361,1.36397,1.3634,1.36393,0.0
2026-08-21 23:45:00,1.36387,1.36472,1.36377,1.36444,0.0
2026-08-22 00:00:00,1.36442,1.36454,1.36372,1.364,0.0
2026-08-22 00:15:00,1.36397,1.36424,1.36347,1.3635,0.0
2026-08-22 00:30:00,1.36353,1.36353,1.36188,1.36258,0.0
2026-08-22 00:45:00,1.36253,1.36316,1.36218,1.36249,0.0
2026-08-22 01:00:00,1.36248,1.36294,1.36231,1.36276,0.0
2026-08-22 01:15:00,1.36274,1.36309,1.36247,1.36307,0.0
2026-08-22 01:30:00,1.36302,1.36385,1.36302,1.36372,0.0
2026-08-22 01:45:00,1.36364,1.36423,1.36357,1.36418,0.0
2026-08-22 02:00:00,1.36411,1.36438,1.36365,1.36413,0.0
2026-08-22 02:15:00,1.36409,1.3645,1.36336,1.36416,0.0
2026-08-22 02:30:00,1.36413,1.36446,1.36409,1.36417,0.0
2026-08-22 02:45:00,1.36419,1.36431,1.36399,1.36427,0.0
2026-08-22 03:00:00,1.36421,1.3643,1.364,1.36402,0.0
2026-08-22 03:15:00,1.36403,1.36454,1.36403,1.36451,0.0
2026-08-22 03:30:00,1.36438,1.36493,1.36438,1.3647,0.0
2026-08-22 03:45:00,1.3647,1.36498,1.36448,1.36496,0.0
2026-08-22 04:00:00,1.36492,1.36536,1.3648,1.36513,0.0
2026-08-22 04:15:00,1.36515,1.36533,1.36486,1.36531,0.0
2026-08-22 04:30:00,1.36525,1.36525,1.36508,1.36516,0.0
2026-08-22 04:45:00,1.36516,1.36522,1.36493,1.36512,0.0
2026-08-22 05:00:00,1.36507,1.36528,1.36478,1.36495,0.0
2026-08-22 05:15:00,1.36494,1.36496,1.36472,1.36478,0.0
2026-08-22 05:30:00,1.36475,1.36493,1.36459,1.36473,0.0
2026-08-22 05:45:00,1.3647,1.36508,1.36461,1.3647,0.0
2026-08-22 06:00:00,1.36467,1.3649,1.36461,1.36473,0.0
2026-08-22 06:15:00,1.36474,1.36482,1.36463,1.36474,0.0
2026-08-22 06:30:00,1.36472,1.36472,1.36414,1.3644,0.0
2026-08-22 06:45:00,1.36437,1.36455,1.36429,1.36453,0.0
2026-08-22 07:00:00,1.36448,1.36453,1.36409,1.36427,0.0
2026-08-22 07:15:00,1.36426,1.36437,1.36416,1.36428,0.0
2026-08-22 07:30:00,1.36426,1.36441,1.36398,1.36432,0.0
2026-08-22 07:45:00,1.36427,1.36433,1.36411,1.36418,0.0
2026-08-22 08:00:00,1.36421,1.36436,1.36411,1.36425,0.0
2026-08-22 08:15:00,1.36427,1.36436,1.36418,1.36429,0.0
2026-08-22 08:30:00,1.36427,1.36437,1.36406,1.3642,0.0
2026-08-22 08:45:00,1.3642,1.36432,1.36416,1.3642,0.0
2026-08-22 09:00:00,1.36418,1.36435,1.36398,1.36427,0.0
2026-08-22 09:15:00,1.36424,1.36434,1.36416,1.36421,0.0
2026-08-22 09:30:00,1.36419,1.36429,1.36417,1.36422,0.0
2026-08-22 09:45:00,1.36419,1.36425,1.36417,1.3642,0.0
2026-08-22 10:00:00,1.36419,1.36458,1.36416,1.3645,0.0
2026-08-22 10:15:00,1.36451,1.36459,1.36442,1.36454,0.0
2026-08-22 10:30:00,1.36452,1.36459,1.36449,1.36457,0.0
2026-08-22 10:45:00,1.36454,1.3646,1.36442,1.36456,0.0
2026-08-22 11:00:00,1.36455,1.36459,1.3645,1.36452,0.0
2026-08-22 11:15:00,1.36453,1.36457,1.36444,1.36455,0.0
2026-08-22 11:30:00,1.36452,1.36458,1.36435,1.36452,0.0
2026-08-22 11:45:00,1.36449,1.36459,1.36449,1.36455,0.0
2026-08-22 12:00:00,1.36453,1.3646,1.36443,1.36453,0.0
2026-08-22 12:15:00,1.36453,1.36459,1.3645,1.36456,0.0
2026-08-22 12:30:00,1.36452,1.36458,1.36441,1.36455,0.0
2026-08-22 12:45:00,1.36452,1.36454,1.36426,1.36437,0.0
2026-08-22 13:00:00,1.36437,1.3645,1.36434,1.36447,0.0
2026-08-22 13:15:00,1.36444,1.36448,1.36431,1.36437,0.0
2026-08-22 13:30:00,1.36438,1.36448,1.36432,1.36446,0.0
2026-08-22 13:45:00,1.36444,1.3645,1.36429,1.36441,0.0
2026-08-22 14:00:00,1.36438,1.3645,1.36429,1.36441,0.0
2026-08-22 14:15:00,1.3644,1.36454,1.36435,1.36447,0.0
2026-08-22 14:30:00,1.36448,1.36453,1.36431,1.36448,0.0
2026-08-22 14:45:00,1.36446,1.36452,1.36432,1.3644,0.0
2026-08-22 15:00:00,1.3644,1.36452,1.36434,1.36445,0.0
2026-08-22 15:15:00,1.36443,1.36452,1.36431,1.36435,0.0
2026-08-22 15:30:00,1.36441,1.36451,1.36437,1.36445,0.0
2026-08-22 15:45:00,1.36443,1.3645,1.36431,1.36444,0.0
2026-08-22 16:00:00,1.3644,1.36459,1.36437,1.36453,0.0
2026-08-22 16:15:00,1.36451,1.36455,1.36438,1.36445,0.0
2026-08-22 16:30:00,1.36447,1.36458,1.36434,1.36451,0.0
2026-08-22 16:45:00,1.36448,1.36459,1.36439,1.3645,0.0
2026-08-22 17:00:00,1.36446,1.36459,1.36433,1.36456,0.0
2026-08-22 17:15:00,1.36453,1.36457,1.36439,1.36446,0.0
2026-08-22 17:30:00,1.36448,1.3646,1.36436,1.36453,0.0
2026-08-22 17:45:00,1.36451,1.36452,1.36432,1.36443,0.0
2026-08-22 18:00:00,1.36438,1.36453,1.36436,1.36451,0.0
2026-08-22 18:15:00,1.36448,1.36452,1.36428,1.36432,0.0
2026-08-22 18:30:00,1.36437,1.36451,1.36428,1.36447,0.0
2026-08-22 18:45:00,1.36445,1.36457,1.36431,1.3644,0.0
2026-08-22 19:00:00,1.36439,1.36454,1.36425,1.36451,0.0
2026-08-22 19:15:00,1.36444,1.3645,1.36424,1.36438,0.0
2026-08-22 19:30:00,1.3644,1.36462,1.36424,1.36455,0.0
2026-08-22 19:45:00,1.36455,1.36462,1.36453,1.36457,0.0
2026-08-22 20:00:00,1.36455,1.3646,1.36439,1.36457,0.0
2026-08-22 20:15:00,1.36454,1.36461,1.36439,1.3645,0.0
2026-08-22 20:30:00,1.36448,1.3646,1.36448,1.36453,0.0
2026-08-22 20:45:00,1.36454,1.36461,1.36441,1.36456,0.0
2026-08-22 21:00:00,1.36453,1.3646,1.36451,1.36456,0.0
2026-08-22 21:15:00,1.36453,1.36459,1.36437,1.36455,0.0
2026-08-22 21:30:00,1.36453,1.36468,1.36431,1.36433,0.0
2026-08-22 21:45:00,1.36438,1.36451,1.36437,1.36448,0.0
2026-08-22 22:00:00,1.36445,1.36459,1.36437,1.36445,0.0
2026-08-22 22:15:00,1.36442,1.36455,1.36436,1.36453,0.0
2026-08-22 22:30:00,1.3645,1.36453,1.36435,1.36444,0.0
2026-08-22 22:45:00,1.36445,1.36458,1.36435,1.36437,0.0
2026-08-22 23:00:00,1.3644,1.36446,1.36438,1.36442,0.0
2026-08-22 23:15:00,1.3644,1.3645,1.36426,1.36433,0.0
2026-08-22 23:30:00,1.36431,1.36437,1.36429,1.3643,0.0
2026-08-22 23:45:00,1.36431,1.36441,1.36422,1.36435,0.0
2026-08-23 00:00:00,1.36435,1.36454,1.36433,1.36435,0.0
2026-08-23 00:15:00,1.36438,1.36444,1.36436,1.3644,0.0
2026-08-23 00:30:00,1.36438,1.36452,1.36431,1.36434,0.0
2026-08-23 00:45:00,1.36435,1.36441,1.36433,1.36434,0.0
2026-08-23 01:00:00,1.36435,1.36443,1.36424,1.36431,0.0
2026-08-23 01:15:00,1.36428,1.36435,1.3642,1.36422,0.0
2026-08-23 01:30:00,1.36423,1.36429,1.36421,1.36423,0.0
2026-08-23 01:45:00,1.36423,1.36429,1.36416,1.36417,0.0
2026-08-23 02:00:00,1.36418,1.36442,1.36398,1.3641,0.0
2026-08-23 02:15:00,1.36408,1.36414,1.36404,1.36409,0.0
2026-08-23 02:30:00,1.36406,1.36436,1.3639,1.36421,0.0
2026-08-23 02:45:00,1.36424,1.36448,1.36416,1.36441,0.0
2026-08-23 03:00:00,1.36442,1.36448,1.36388,1.36407,0.0
2026-08-23 03:15:00,1.36405,1.36421,1.36403,1.36416,0.0
2026-08-23 03:30:00,1.36401,1.36439,1.36401,1.36428,0.0
2026-08-23 03:45:00,1.36427,1.36446,1.36423,1.36445,0.0
2026-08-23 04:00:00,1.36441,1.36441,1.36381,1.36397,0.0
2026-08-23 04:15:00,1.36397,1.36414,1.36384,1.36412,0.0
2026-08-23 04:30:00,1.36409,1.36437,1.36393,1.36434,0.0
2026-08-23 04:45:00,1.36425,1.36453,1.36425,1.36446,0.0
2026-08-23 05:00:00,1.36447,1.36478,1.36403,1.36417,0.0
2026-08-23 05:15:00,1.36417,1.3642,1.36412,1.36417,0.0
2026-08-23 05:30:00,1.36414,1.3642,1.36409,1.36413,0.0
2026-08-23 05:45:00,1.36411,1.36417,1.36409,1.3641,0.0
2026-08-23 06:00:00,1.36411,1.36457,1.36379,1.36449,0.0
2026-08-23 06:15:00,1.36449,1.36462,1.36446,1.36459,0.0
2026-08-23 06:30:00,1.36456,1.36461,1.36442,1.36457,0.0
2026-08-23 06:45:00,1.36455,1.36461,1.36439,1.36443,0.0
2026-08-23 07:00:00,1.36444,1.36446,1.36385,1.36422,0.0
2026-08-23 07:15:00,1.36422,1.36426,1.36416,1.3642,0.0
2026-08-23 07:30:00,1.36418,1.36441,1.36415,1.36438,0.0
2026-08-23 07:45:00,1.36435,1.36454,1.36434,1.36449,0.0
2026-08-23 08:00:00,1.36449,1.3648,1.36403,1.36413,0.0
2026-08-23 08:15:00,1.36413,1.3642,1.36411,1.36415,0.0
2026-08-23 08:30:00,1.36413,1.3642,1.36409,1.36414,0.0
2026-08-23 08:45:00,1.36411,1.36417,1.36409,1.36411,0.0
2026-08-23 09:00:00,1.36411,1.36413,1.36361,1.36375,0.0
2026-08-23 09:15:00,1.36376,1.36405,1.36368,1.36401,0.0
2026-08-23 09:30:00,1.36398,1.36404,1.36396,1.36402,0.0
2026-08-23 09:45:00,1.36398,1.36405,1.36397,1.364,0.0
2026-08-23 10:00:00,1.36399,1.36459,1.3639,1.36444,0.0
2026-08-23 10:15:00,1.36445,1.36455,1.36431,1.36439,0.0
2026-08-23 10:30:00,1.36436,1.36442,1.36426,1.36432,0.0
2026-08-23 10:45:00,1.36429,1.36435,1.36427,1.36431,0.0
2026-08-23 11:00:00,1.36429,1.36439,1.36422,1.36425,0.0
2026-08-23 11:15:00,1.36426,1.36432,1.36424,1.36426,0.0
2026-08-23 11:30:00,1.36426,1.36428,1.36418,1.36423,0.0
2026-08-23 11:45:00,1.3642,1.36427,1.36414,1.36419,0.0
2026-08-23 12:00:00,1.36416,1.36423,1.36414,1.36416,0.0
2026-08-23 12:15:00,1.36416,1.36422,1.36411,1.36413,0.0
2026-08-23 12:30:00,1.36413,1.3645,1.36408,1.36443,0.0
2026-08-23 12:45:00,1.36441,1.36441,1.36426,1.36432,0.0
2026-08-23 13:00:00,1.3643,1.36436,1.36422,1.36424,0.0
2026-08-23 13:15:00,1.36424,1.3643,1.36422,1.36423,0.0
2026-08-23 13:30:00,1.36424,1.36428,1.36416,1.36421,0.0
2026-08-23 13:45:00,1.36419,1.36425,1.36417,1.36422,0.0
2026-08-23 14:00:00,1.36419,1.36425,1.36413,1.36415,0.0
2026-08-23 14:15:00,1.36415,1.36428,1.36413,1.36418,0.0
2026-08-23 14:30:00,1.36419,1.36425,1.36417,1.36421,0.0
2026-08-23 14:45:00,1.36419,1.36425,1.36413,1.36418,0.0
2026-08-23 15:00:00,1.36415,1.36421,1.36413,1.36416,0.0
2026-08-23 15:15:00,1.36415,1.36418,1.3641,1.36411,0.0
2026-08-23 15:30:00,1.36412,1.36418,1.36408,1.36412,0.0
2026-08-23 15:45:00,1.3641,1.36415,1.36407,1.36413,0.0
2026-08-23 16:00:00,1.3641,1.36453,1.36404,1.36437,0.0
2026-08-23 16:15:00,1.36436,1.36442,1.36434,1.36435,0.0
2026-08-23 16:30:00,1.36436,1.36439,1.36426,1.36432,0.0
2026-08-23 16:45:00,1.36428,1.36435,1.3642,1.36426,0.0
2026-08-23 17:00:00,1.36423,1.36429,1.36421,1.36425,0.0
2026-08-23 17:15:00,1.36423,1.36429,1.36416,1.36417,0.0
2026-08-23 17:30:00,1.36418,1.36432,1.36416,1.36426,0.0
2026-08-23 17:45:00,1.36426,1.3643,1.36405,1.36428,0.0
2026-08-23 18:00:00,1.36423,1.36426,1.36392,1.36418,0.0
2026-08-23 18:15:00,1.36416,1.36422,1.36414,1.36415,0.0
2026-08-23 18:30:00,1.36416,1.36422,1.36411,1.36412,0.0
2026-08-23 18:45:00,1.36413,1.36419,1.36411,1.36415,0.0
2026-08-23 19:00:00,1.36413,1.36417,1.36408,1.36413,0.0
2026-08-23 19:15:00,1.3641,1.36425,1.36408,1.36415,0.0
2026-08-23 19:30:00,1.36415,1.36421,1.36413,1.36415,0.0
2026-08-23 19:45:00,1.36415,1.3642,1.3641,1.36414,0.0
2026-08-23 20:00:00,1.36412,1.36418,1.3641,1.36415,0.0
2026-08-23 20:15:00,1.36412,1.36418,1.3641,1.36414,0.0
2026-08-23 20:30:00,1.36412,1.36418,1.3641,1.36411,0.0
2026-08-23 20:45:00,1.36412,1.36418,1.3641,1.36415,0.0
2026-08-23 21:00:00,1.36412,1.36418,1.3641,1.36415,0.0
2026-08-23 21:15:00,1.36412,1.36418,1.3641,1.36413,0.0
2026-08-23 21:30:00,1.36412,1.36418,1.3641,1.36411,0.0
2026-08-23 21:45:00,1.36412,1.36418,1.3641,1.36414,0.0
2026-08-23 22:00:00,1.36412,1.36418,1.3641,1.36415,0.0
2026-08-23 22:15:00,1.36412,1.36418,1.3641,1.36413,0.0
2026-08-23 22:30:00,1.36412,1.36418,1.3641,1.36411,0.0
2026-08-23 22:45:00,1.36412,1.36418,1.3641,1.36412,0.0
2026-08-23 23:00:00,1.36412,1.36418,1.3641,1.36415,0.0
2026-08-23 23:15:00,1.36412,1.36418,1.36409,1.36413,0.0
2026-08-23 23:30:00,1.36411,1.36418,1.36403,1.36411,0.0
2026-08-23 23:45:00,1.36409,1.36422,1.36392,1.36414,0.0
2026-08-24 00:00:00,1.36414,1.36454,1.36386,1.36444,0.0
2026-08-24 00:15:00,1.36441,1.36453,1.36439,1.36449,0.0
2026-08-24 00:30:00,1.36447,1.36455,1.36447,1.36448,0.0
2026-08-24 00:45:00,1.36448,1.36455,1.36446,1.36448,0.0
2026-08-24 01:00:00,1.36448,1.36451,1.36437,1.36443,0.0
2026-08-24 01:15:00,1.36441,1.36447,1.36439,1.36444,0.0
2026-08-24 01:30:00,1.36441,1.36448,1.36439,1.36445,0.0
2026-08-24 01:45:00,1.36445,1.36451,1.36443,1.36444,0.0
2026-08-24 02:00:00,1.36445,1.36457,1.36384,1.36442,0.0
2026-08-24 02:15:00,1.3644,1.36446,1.36438,1.36443,0.0
2026-08-24 02:30:00,1.3644,1.36446,1.36431,1.36436,0.0
2026-08-24 02:45:00,1.36434,1.36436,1.36407,1.3641,0.0
2026-08-24 03:00:00,1.36411,1.36448,1.36408,1.36444,0.0
2026-08-24 03:15:00,1.36442,1.36466,1.36381,1.36388,0.0
2026-08-24 03:30:00,1.36385,1.36422,1.36366,1.36418,0.0
2026-08-24 03:45:00,1.36416,1.36435,1.36413,1.36418,0.0
2026-08-24 04:00:00,1.36419,1.36446,1.36403,1.36441,0.0
2026-08-24 04:15:00,1.36437,1.36449,1.36434,1.36444,0.0
2026-08-24 04:30:00,1.3644,1.3645,1.36424,1.36442,0.0
2026-08-24 04:45:00,1.36441,1.36454,1.36433,1.36453,0.0
2026-08-24 05:00:00,1.36449,1.3654,1.36322,1.36337,0.0
2026-08-24 05:15:00,1.36363,1.36385,1.36227,1.36244,0.0
2026-08-24 05:30:00,1.3627,1.36475,1.36171,1.36246,0.0
2026-08-24 05:45:00,1.36253,1.36374,1.36232,1.36263,0.0
2026-08-24 06:00:00,1.36283,1.36526,1.36193,1.3621,0.0
2026-08-24 06:15:00,1.36247,1.36455,1.36247,1.36322,0.0
2026-08-24 06:30:00,1.36335,1.36435,1.36214,1.3628,0.0
2026-08-24 06:45:00,1.36289,1.3639,1.36191,1.36352,0.0
2026-08-24 07:00:00,1.36357,1.36409,1.36336,1.3636,0.0
2026-08-24 07:15:00,1.36357,1.36384,1.36327,1.3637,0.0
2026-08-24 07:30:00,1.36368,1.36493,1.36336,1.3638,0.0
2026-08-24 07:45:00,1.36383,1.36388,1.36345,1.36348,0.0
2026-08-24 08:00:00,1.36352,1.36463,1.36336,1.36461,0.0
2026-08-24 08:15:00,1.36458,1.36458,1.36444,1.36454,0.0
2026-08-24 08:30:00,1.36452,1.36463,1.3644,1.36459,0.0
2026-08-24 08:45:00,1.36453,1.36453,1.36433,1.36434,0.0
2026-08-24 09:00:00,1.36434,1.36446,1.36431,1.36439,0.0
2026-08-24 09:15:00,1.3644,1.36465,1.36435,1.36461,0.0
2026-08-24 09:30:00,1.36459,1.3647,1.36449,1.36464,0.0
2026-08-24 09:45:00,1.3646,1.36537,1.3646,1.36536,0.0
2026-08-24 10:00:00,1.36532,1.36554,1.36529,1.36551,0.0
2026-08-24 10:15:00,1.36548,1.36552,1.36511,1.36523,0.0
2026-08-24 10:30:00,1.36519,1.36521,1.36498,1.36506,0.0
2026-08-24 10:45:00,1.36507,1.36549,1.36497,1.36544,0.0
2026-08-24 11:00:00,1.36533,1.36559,1.36487,1.36488,0.0
2026-08-24 11:15:00,1.3649,1.3649,1.36437,1.36441,0.0
2026-08-24 11:30:00,1.36443,1.36443,1.3642,1.36441,0.0
2026-08-24 11:45:00,1.36437,1.36486,1.36431,1.36482,0.0
2026-08-24 12:00:00,1.3648,1.36507,1.36467,1.36502,0.0
2026-08-24 12:15:00,1.36496,1.36522,1.36496,1.36502,0.0
2026-08-24 12:30:00,1.36503,1.36508,1.36464,1.36471,0.0
2026-08-24 12:45:00,1.36466,1.36504,1.36466,1.36501,0.0
2026-08-24 13:00:00,1.36498,1.36506,1.36459,1.36476,0.0
2026-08-24 13:15:00,1.3647,1.36497,1.3647,1.36481,0.0
2026-08-24 13:30:00,1.36483,1.36484,1.36459,1.36461,0.0
2026-08-24 13:45:00,1.36463,1.36467,1.36439,1.36465,0.0
2026-08-24 14:00:00,1.36461,1.36463,1.36406,1.36442,0.0
2026-08-24 14:15:00,1.36444,1.36473,1.36422,1.36467,0.0
2026-08-24 14:30:00,1.36459,1.36473,1.36446,1.3646,0.0
2026-08-24 14:45:00,1.36456,1.36472,1.36444,1.3647,0.0
2026-08-24 15:00:00,1.36467,1.36483,1.36448,1.36451,0.0
2026-08-24 15:15:00,1.36449,1.36472,1.36432,1.3645,0.0
2026-08-24 15:30:00,1.36446,1.3645,1.36396,1.36397,0.0
2026-08-24 15:45:00,1.36399,1.36447,1.36396,1.36446,0.0
2026-08-24 16:00:00,1.36442,1.36451,1.36423,1.36429,0.0
2026-08-24 16:15:00,1.36428,1.36439,1.36394,1.364,0.0
2026-08-24 16:30:00,1.36401,1.36425,1.36396,1.3642,0.0
2026-08-24 16:45:00,1.36417,1.36464,1.36381,1.3644,0.0
2026-08-24 17:00:00,1.36438,1.36487,1.36405,1.36441,0.0
2026-08-24 17:15:00,1.36443,1.36461,1.36407,1.36446,0.0
2026-08-24 17:30:00,1.36446,1.36493,1.36367,1.36375,0.0
2026-08-24 17:45:00,1.36386,1.36388,1.36323,1.3636,0.0
2026-08-24 18:00:00,1.36366,1.36378,1.36314,1.36322,0.0
2026-08-24 18:15:00,1.36326,1.36335,1.36256,1.36283,0.0
2026-08-24 18:30:00,1.36281,1.36328,1.36267,1.3632,0.0
2026-08-24 18:45:00,1.36321,1.36348,1.36239,1.36245,0.0
2026-08-24 19:00:00,1.36256,1.36291,1.36221,1.36277,0.0
2026-08-24 19:15:00,1.36274,1.36299,1.36269,1.3629,0.0
2026-08-24 19:30:00,1.36283,1.36315,1.36268,1.36291,0.0
2026-08-24 19:45:00,1.36284,1.36343,1.36284,1.36326,0.0
2026-08-24 20:00:00,1.36326,1.36348,1.36318,1.36335,0.0
2026-08-24 20:15:00,1.36332,1.36356,1.3632,1.36338,0.0
2026-08-24 20:30:00,1.3634,1.36343,1.36269,1.36271,0.0
2026-08-24 20:45:00,1.36275,1.36294,1.3625,1.36268,0.0
2026-08-24 21:00:00,1.36271,1.36287,1.36228,1.36286,0.0
2026-08-24 21:15:00,1.36283,1.36313,1.36258,1.363,0.0
2026-08-24 21:30:00,1.36301,1.36396,1.36273,1.36356,0.0
2026-08-24 21:45:00,1.36357,1.36405,1.36327,1.36385,0.0
2026-08-24 22:00:00,1.36387,1.36389,1.36336,1.36357,0.0
2026-08-24 22:15:00,1.36357,1.36438,1.36337,1.36436,0.0
2026-08-24 22:30:00,1.36431,1.36462,1.36374,1.36412,0.0
2026-08-24 22:45:00,1.3642,1.36463,1.36375,1.36434,0.0
2026-08-24 23:00:00,1.36434,1.36473,1.36422,1.36461,0.0
2026-08-24 23:15:00,1.36461,1.36495,1.36437,1.36442,0.0
2026-08-24 23:30:00,1.3645,1.36476,1.36417,1.3645,0.0
2026-08-24 23:45:00,1.36456,1.3646,1.36385,1.36387,0.0
2026-08-25 00:00:00,1.36393,1.36413,1.36372,1.36407,0.0
2026-08-25 00:15:00,1.36398,1.36429,1.36351,1.36426,0.0
2026-08-25 00:30:00,1.36422,1.36429,1.36381,1.36402,0.0
2026-08-25 00:45:00,1.36395,1.36425,1.36338,1.36353,0.0
2026-08-25 01:00:00,1.36349,1.36403,1.3634,1.36395,0.0
2026-08-25 01:15:00,1.36391,1.36431,1.36368,1.36426,0.0
2026-08-25 01:30:00,1.36412,1.36442,1.3636,1.36363,0.0
2026-08-25 01:45:00,1.36362,1.36364,1.36295,1.36296,0.0
2026-08-25 02:00:00,1.36298,1.36352,1.36281,1.36337,0.0
2026-08-25 02:15:00,1.36336,1.36362,1.36322,1.36356,0.0
2026-08-25 02:30:00,1.36353,1.36379,1.36333,1.36341,0.0
2026-08-25 02:45:00,1.36343,1.36352,1.36305,1.36346,0.0
2026-08-25 03:00:00,1.36337,1.3637,1.36305,1.36335,0.0
2026-08-25 03:15:00,1.36333,1.36357,1.36277,1.36284,0.0
2026-08-25 03:30:00,1.36275,1.36312,1.36275,1.36278,0.0
2026-08-25 03:45:00,1.36279,1.36293,1.36247,1.36291,0.0
2026-08-25 04:00:00,1.36288,1.36295,1.36252,1.3628,0.0
2026-08-25 04:15:00,1.36274,1.36349,1.36274,1.36349,0.0
2026-08-25 04:30:00,1.36346,1.36349,1.36297,1.36318,0.0
2026-08-25 04:45:00,1.36317,1.36321,1.36284,1.36307,0.0
2026-08-25 05:00:00,1.36299,1.36316,1.36277,1.36291,0.0
2026-08-25 05:15:00,1.36288,1.36293,1.3626,1.36271,0.0
2026-08-25 05:30:00,1.36268,1.36292,1.36246,1.36287,0.0
2026-08-25 05:45:00,1.36285,1.36307,1.36281,1.36287,0.0
2026-08-25 06:00:00,1.36288,1.36314,1.36274,1.36305,0.0
2026-08-25 06:15:00,1.36307,1.36315,1.36301,1.36304,0.0
2026-08-25 06:30:00,1.36302,1.36309,1.36292,1.36299,0.0
2026-08-25 06:45:00,1.36297,1.36316,1.36287,1.36313,0.0
2026-08-25 07:00:00,1.3631,1.36362,1.36308,1.36319,0.0
2026-08-25 07:15:00,1.36323,1.36366,1.36312,1.36339,0.0
2026-08-25 07:30:00,1.36339,1.36352,1.36298,1.36332,0.0
2026-08-25 07:45:00,1.36321,1.36365,1.36321,1.36356,0.0
2026-08-25 08:00:00,1.36354,1.36361,1.36319,1.36321,0.0
2026-08-25 08:15:00,1.36325,1.36338,1.36325,1.36329,0.0
2026-08-25 08:30:00,1.36329,1.36342,1.36319,1.3634,0.0
2026-08-25 08:45:00,1.36335,1.36347,1.36335,1.36339,0.0
2026-08-25 09:00:00,1.3634,1.36353,1.36338,1.36348,0.0
2026-08-25 09:15:00,1.36348,1.3636,1.36346,1.36352,0.0
2026-08-25 09:30:00,1.36348,1.36351,1.36339,1.36344,0.0
2026-08-25 09:45:00,1.36341,1.36385,1.36335,1.36382,0.0
2026-08-25 10:00:00,1.3638,1.36404,1.36364,1.364,0.0
2026-08-25 10:15:00,1.36396,1.36406,1.36375,1.36388,0.0
2026-08-25 10:30:00,1.36385,1.36407,1.36385,1.364,0.0
2026-08-25 10:45:00,1.36397,1.36402,1.36362,1.364,0.0
2026-08-25 11:00:00,1.36396,1.36399,1.36366,1.36384,0.0
2026-08-25 11:15:00,1.36386,1.36403,1.36338,1.36369,0.0
2026-08-25 11:30:00,1.36362,1.36381,1.36349,1.3637,0.0
2026-08-25 11:45:00,1.36373,1.36373,1.36314,1.36322,0.0
2026-08-25 12:00:00,1.36319,1.36349,1.36304,1.36338,0.0
2026-08-25 12:15:00,1.3634,1.3636,1.36333,1.36356,0.0
2026-08-25 12:30:00,1.36351,1.3636,1.36323,1.36357,0.0
2026-08-25 12:45:00,1.36355,1.36355,1.36303,1.36308,0.0
2026-08-25 13:00:00,1.36304,1.36336,1.36301,1.36315,0.0
2026-08-25 13:15:00,1.36317,1.36329,1.36295,1.36296,0.0
2026-08-25 13:30:00,1.36298,1.36311,1.36286,1.36311,0.0
2026-08-25 13:45:00,1.36309,1.36309,1.36282,1.3629,0.0
2026-08-25 14:00:00,1.36293,1.36294,1.36253,1.36254,0.0
2026-08-25 14:15:00,1.36254,1.36263,1.36242,1.36255,0.0
2026-08-25 14:30:00,1.36255,1.36277,1.36247,1.36273,0.0
2026-08-25 14:45:00,1.36272,1.36275,1.36255,1.36258,0.0
2026-08-25 15:00:00,1.36259,1.36288,1.36255,1.36266,0.0
2026-08-25 15:15:00,1.36268,1.36279,1.36266,1.36277,0.0
2026-08-25 15:30:00,1.36274,1.36282,1.36247,1.36249,0.0
2026-08-25 15:45:00,1.36248,1.36249,1.36225,1.36227,0.0
2026-08-25 16:00:00,1.36227,1.36266,1.36225,1.36264,0.0
2026-08-25 16:15:00,1.36261,1.36272,1.36238,1.36269,0.0
2026-08-25 16:30:00,1.36265,1.36286,1.36234,1.36262,0.0
2026-08-25 16:45:00,1.36259,1.36273,1.3623,1.36268,0.0
2026-08-25 17:00:00,1.36253,1.3641,1.36253,1.36406,0.0
2026-08-25 17:15:00,1.36404,1.36447,1.36392,1.36394,0.0
2026-08-25 17:30:00,1.36395,1.36407,1.3637,1.36379,0.0
2026-08-25 17:45:00,1.3638,1.36403,1.36373,1.36387,0.0
2026-08-25 18:00:00,1.36383,1.36402,1.36295,1.3632,0.0
2026-08-25 18:15:00,1.36316,1.36401,1.36305,1.36357,0.0
2026-08-25 18:30:00,1.3636,1.36375,1.36333,1.36368,0.0
2026-08-25 18:45:00,1.36358,1.3642,1.36358,1.36418,0.0
2026-08-25 19:00:00,1.36411,1.36493,1.3641,1.36491,0.0
2026-08-25 19:15:00,1.36488,1.36488,1.36413,1.36419,0.0
2026-08-25 19:30:00,1.36418,1.36487,1.36415,1.36424,0.0
2026-08-25 19:45:00,1.36426,1.36463,1.36416,1.36446,0.0
2026-08-25 20:00:00,1.36448,1.36448,1.36372,1.36379,0.0
2026-08-25 20:15:00,1.36392,1.36392,1.36351,1.36355,0.0
2026-08-25 20:30:00,1.36358,1.36397,1.36344,1.36387,0.0
2026-08-25 20:45:00,1.36388,1.36388,1.36316,1.36341,0.0
2026-08-25 21:00:00,1.36341,1.36341,1.36303,1.36319,0.0
2026-08-25 21:15:00,1.36315,1.36331,1.36284,1.36289,0.0
2026-08-25 21:30:00,1.3629,1.36326,1.3629,1.36294,0.0
2026-08-25 21:45:00,1.36296,1.36375,1.36272,1.36332,0.0
2026-08-25 22:00:00,1.36332,1.36373,1.36316,1.36333,0.0
2026-08-25 22:15:00,1.36321,1.36363,1.36308,1.36338,0.0
2026-08-25 22:30:00,1.36337,1.36342,1.36266,1.36304,0.0
2026-08-25 22:45:00,1.36301,1.36363,1.36299,1.36358,0.0
2026-08-25 23:00:00,1.3635,1.36524,1.36349,1.3648,0.0
2026-08-25 23:15:00,1.36501,1.36501,1.3643,1.36447,0.0
2026-08-25 23:30:00,1.36445,1.36476,1.36411,1.36421,0.0
2026-08-25 23:45:00,1.36423,1.36427,1.36395,1.36414,0.0
2026-08-26 00:00:00,1.36417,1.36439,1.36353,1.36423,0.0
2026-08-26 00:15:00,1.36421,1.36431,1.36307,1.3634,0.0
2026-08-26 00:30:00,1.3633,1.36368,1.36322,1.36332,0.0
2026-08-26 00:45:00,1.36333,1.36431,1.36305,1.36344,0.0
2026-08-26 01:00:00,1.3634,1.36357,1.36301,1.36339,0.0
2026-08-26 01:15:00,1.36337,1.36359,1.363,1.36355,0.0
2026-08-26 01:30:00,1.36352,1.36392,1.36327,1.36329,0.0
2026-08-26 01:45:00,1.36333,1.36395,1.36322,1.36391,0.0
2026-08-26 02:00:00,1.36386,1.36411,1.36366,1.36369,0.0
2026-08-26 02:15:00,1.36368,1.36372,1.36327,1.36361,0.0
2026-08-26 02:30:00,1.36358,1.364,1.36343,1.36368,0.0
2026-08-26 02:45:00,1.36368,1.36372,1.36323,1.36325,0.0
2026-08-26 03:00:00,1.36333,1.36366,1.36333,1.36361,0.0
2026-08-26 03:15:00,1.36359,1.36395,1.36356,1.36394,0.0
2026-08-26 03:30:00,1.36391,1.36424,1.36373,1.36399,0.0
2026-08-26 03:45:00,1.36401,1.36447,1.36398,1.36445,0.0
2026-08-26 04:00:00,1.36441,1.36468,1.3642,1.36456,0.0
2026-08-26 04:15:00,1.36457,1.36466,1.36436,1.36448,0.0
2026-08-26 04:30:00,1.3645,1.36455,1.36435,1.36446,0.0
2026-08-26 04:45:00,1.36443,1.36462,1.36429,1.3646,0.0
2026-08-26 05:00:00,1.36456,1.36483,1.36446,1.36481,0.0
2026-08-26 05:15:00,1.36478,1.36514,1.36477,1.36492,0.0
2026-08-26 05:30:00,1.36489,1.36489,1.36438,1.36461,0.0
2026-08-26 05:45:00,1.36458,1.3654,1.36456,1.36536,0.0
2026-08-26 06:00:00,1.36532,1.36553,1.36504,1.36542,0.0
2026-08-26 06:15:00,1.36542,1.36542,1.36513,1.36516,0.0
2026-08-26 06:30:00,1.36518,1.3653,1.36491,1.36501,0.0
2026-08-26 06:45:00,1.36498,1.36506,1.36486,1.3649,0.0
2026-08-26 07:00:00,1.36494,1.36513,1.36397,1.36504,0.0
2026-08-26 07:15:00,1.36505,1.36509,1.36496,1.36498,0.0
2026-08-26 07:30:00,1.36499,1.36523,1.36462,1.36486,0.0
2026-08-26 07:45:00,1.36481,1.3649,1.36437,1.36471,0.0
2026-08-26 08:00:00,1.36466,1.36492,1.36462,1.36469,0.0
2026-08-26 08:15:00,1.36471,1.36496,1.36471,1.36486,0.0
2026-08-26 08:30:00,1.36487,1.36497,1.36485,1.36493,0.0
2026-08-26 08:45:00,1.36487,1.36506,1.36487,1.36501,0.0
2026-08-26 09:00:00,1.36498,1.36504,1.36479,1.36488,0.0
2026-08-26 09:15:00,1.36489,1.36498,1.36472,1.36476,0.0
2026-08-26 09:30:00,1.36477,1.36481,1.36455,1.3646,0.0
2026-08-26 09:45:00,1.36457,1.36473,1.36452,1.3647,0.0
2026-08-26 10:00:00,1.36468,1.36479,1.36449,1.36472,0.0
2026-08-26 10:15:00,1.36473,1.36491,1.36465,1.36469,0.0
2026-08-26 10:30:00,1.36467,1.36485,1.36446,1.36473,0.0
2026-08-26 10:45:00,1.36469,1.36493,1.36455,1.36457,0.0
2026-08-26 11:00:00,1.3646,1.3647,1.36441,1.36441,0.0
2026-08-26 11:15:00,1.36443,1.3647,1.36442,1.3645,0.0
2026-08-26 11:30:00,1.3645,1.36462,1.36439,1.36451,0.0
2026-08-26 11:45:00,1.36449,1.36472,1.36444,1.36453,0.0
2026-08-26 12:00:00,1.36451,1.36468,1.36449,1.36455,0.0
2026-08-26 12:15:00,1.36456,1.36466,1.36425,1.36426,0.0
2026-08-26 12:30:00,1.36427,1.36441,1.3642,1.3644,0.0
2026-08-26 12:45:00,1.36435,1.36445,1.364,1.36405,0.0
2026-08-26 13:00:00,1.36401,1.36419,1.36385,1.36385,0.0
2026-08-26 13:15:00,1.36386,1.3641,1.36386,1.36389,0.0
2026-08-26 13:30:00,1.36392,1.36399,1.36364,1.3639,0.0
2026-08-26 13:45:00,1.36388,1.36393,1.36367,1.36372,0.0
2026-08-26 14:00:00,1.36368,1.36375,1.36356,1.36358,0.0
2026-08-26 14:15:00,1.36358,1.3637,1.3634,1.3636,0.0
2026-08-26 14:30:00,1.36361,1.36373,1.36338,1.36345,0.0
2026-08-26 14:45:00,1.3634,1.36346,1.36323,1.36336,0.0
2026-08-26 15:00:00,1.36334,1.36338,1.3631,1.36311,0.0
2026-08-26 15:15:00,1.36312,1.36345,1.36308,1.36329,0.0
2026-08-26 15:30:00,1.36329,1.3637,1.36327,1.36358,0.0
2026-08-26 15:45:00,1.36359,1.36362,1.36336,1.36351,0.0
2026-08-26 16:00:00,1.36348,1.36356,1.36299,1.36301,0.0
2026-08-26 16:15:00,1.36303,1.36318,1.36295,1.36311,0.0
2026-08-26 16:30:00,1.36311,1.3632,1.36258,1.3627,0.0
2026-08-26 16:45:00,1.36273,1.36336,1.36253,1.36334,0.0
2026-08-26 17:00:00,1.36327,1.3639,1.36327,1.36371,0.0
2026-08-26 17:15:00,1.36375,1.36407,1.36353,1.36362,0.0
2026-08-26 17:30:00,1.36358,1.36377,1.36348,1.36357,0.0
2026-08-26 17:45:00,1.36357,1.36357,1.36307,1.36309,0.0
2026-08-26 18:00:00,1.36309,1.36371,1.36298,1.3637,0.0
2026-08-26 18:15:00,1.36365,1.36366,1.3634,1.3634,0.0
2026-08-26 18:30:00,1.36341,1.36347,1.36303,1.36305,0.0
2026-08-26 18:45:00,1.3631,1.36325,1.36271,1.3628,0.0
2026-08-26 19:00:00,1.36275,1.36294,1.36236,1.36257,0.0
2026-08-26 19:15:00,1.36253,1.36265,1.3624,1.36258,0.0
2026-08-26 19:30:00,1.36255,1.36279,1.36254,1.36266,0.0
2026-08-26 19:45:00,1.36268,1.36301,1.36267,1.36276,0.0
2026-08-26 20:00:00,1.36277,1.36277,1.36237,1.36239,0.0
2026-08-26 20:15:00,1.36241,1.36241,1.36179,1.36181,0.0
2026-08-26 20:30:00,1.36183,1.36225,1.3618,1.36205,0.0
2026-08-26 20:45:00,1.3621,1.36225,1.36193,1.36194,0.0
2026-08-26 21:00:00,1.36195,1.36256,1.36195,1.36255,0.0
2026-08-26 21:15:00,1.36251,1.36258,1.36214,1.36252,0.0
2026-08-26 21:30:00,1.36248,1.36278,1.36243,1.3626,0.0
2026-08-26 21:45:00,1.36256,1.36301,1.36248,1.363,0.0
2026-08-26 22:00:00,1.36297,1.36329,1.36274,1.36319,0.0
2026-08-26 22:15:00,1.36314,1.36354,1.3629,1.36293,0.0
2026-08-26 22:30:00,1.36296,1.36296,1.36129,1.36156,0.0
2026-08-26 22:45:00,1.36151,1.36163,1.36078,1.36112,0.0
2026-08-26 23:00:00,1.36105,1.36105,1.36024,1.36075,0.0
2026-08-26 23:15:00,1.36066,1.36106,1.3604,1.36061,0.0
2026-08-26 23:30:00,1.36051,1.36074,1.36025,1.36033,0.0
2026-08-26 23:45:00,1.36034,1.36072,1.36025,1.36035,0.0
2026-08-27 00:00:00,1.36036,1.36036,1.35969,1.35988,0.0
2026-08-27 00:15:00,1.35986,1.35999,1.35861,1.359,0.0
2026-08-27 00:30:00,1.35895,1.35958,1.35851,1.35956,0.0
2026-08-27 00:45:00,1.35952,1.35959,1.35849,1.359,0.0
2026-08-27 01:00:00,1.35895,1.35957,1.35881,1.35931,0.0
2026-08-27 01:15:00,1.3593,1.3593,1.35868,1.35913,0.0
2026-08-27 01:30:00,1.3591,1.35989,1.35895,1.35986,0.0
2026-08-27 01:45:00,1.35985,1.35985,1.35901,1.3594,0.0
2026-08-27 02:00:00,1.3594,1.35969,1.35923,1.35954,0.0
2026-08-27 02:15:00,1.35955,1.35972,1.35947,1.35953,0.0
2026-08-27 02:30:00,1.3595,1.3595,1.35888,1.35909,0.0
2026-08-27 02:45:00,1.35908,1.35946,1.3589,1.35916,0.0
2026-08-27 03:00:00,1.35911,1.35938,1.35892,1.35893,0.0
2026-08-27 03:15:00,1.35896,1.35952,1.35896,1.35939,0.0
2026-08-27 03:30:00,1.35931,1.35962,1.35931,1.35936,0.0
2026-08-27 03:45:00,1.35939,1.35947,1.35923,1.35943,0.0
2026-08-27 04:00:00,1.35939,1.3596,1.35918,1.35958,0.0
2026-08-27 04:15:00,1.35955,1.35963,1.35929,1.35938,0.0
2026-08-27 04:30:00,1.35935,1.35937,1.35905,1.35912,0.0
2026-08-27 04:45:00,1.3591,1.35931,1.35905,1.3591,0.0
2026-08-27 05:00:00,1.35911,1.35931,1.35905,1.35916,0.0
2026-08-27 05:15:00,1.35917,1.35936,1.35903,1.35931,0.0
2026-08-27 05:30:00,1.35929,1.35938,1.35916,1.35931,0.0
2026-08-27 05:45:00,1.35929,1.3594,1.35915,1.3593,0.0
2026-08-27 06:00:00,1.35932,1.35953,1.35932,1.35939,0.0
2026-08-27 06:15:00,1.35939,1.35943,1.35928,1.35939,0.0
2026-08-27 06:30:00,1.35937,1.35965,1.35936,1.35959,0.0
2026-08-27 06:45:00,1.35956,1.35986,1.35945,1.35983,0.0
2026-08-27 07:00:00,1.35976,1.36005,1.35928,1.3594,0.0
2026-08-27 07:15:00,1.35934,1.35952,1.35929,1.35943,0.0
2026-08-27 07:30:00,1.35942,1.35961,1.35932,1.35943,0.0
2026-08-27 07:45:00,1.35947,1.35951,1.35918,1.35948,0.0
2026-08-27 08:00:00,1.35942,1.3598,1.35942,1.35948,0.0
2026-08-27 08:15:00,1.35945,1.35966,1.35942,1.35952,0.0
2026-08-27 08:30:00,1.35953,1.3597,1.35953,1.35964,0.0
2026-08-27 08:45:00,1.35961,1.35971,1.35949,1.3595,0.0
2026-08-27 09:00:00,1.35952,1.35975,1.35949,1.35972,0.0
2026-08-27 09:15:00,1.35967,1.35982,1.35966,1.35969,0.0
2026-08-27 09:30:00,1.3597,1.35978,1.35956,1.35974,0.0
2026-08-27 09:45:00,1.35971,1.35979,1.35956,1.35967,0.0
2026-08-27 10:00:00,1.35965,1.35969,1.35929,1.3593,0.0
2026-08-27 10:15:00,1.3593,1.35958,1.35923,1.35955,0.0
2026-08-27 10:30:00,1.35949,1.35964,1.35924,1.3593,0.0
2026-08-27 10:45:00,1.35928,1.35933,1.35906,1.35927,0.0
2026-08-27 11:00:00,1.35925,1.35933,1.35905,1.35914,0.0
2026-08-27 11:15:00,1.35911,1.35951,1.35906,1.35925,0.0
2026-08-27 11:30:00,1.35921,1.3594,1.35899,1.35901,0.0
2026-08-27 11:45:00,1.35901,1.35934,1.35899,1.3593,0.0
2026-08-27 12:00:00,1.35927,1.35949,1.35923,1.35934,0.0
2026-08-27 12:15:00,1.35935,1.35937,1.35901,1.35902,0.0
2026-08-27 12:30:00,1.35903,1.35918,1.35888,1.35911,0.0
2026-08-27 12:45:00,1.35907,1.35931,1.35903,1.35918,0.0
2026-08-27 13:00:00,1.35915,1.35929,1.35913,1.35927,0.0
2026-08-27 13:15:00,1.35923,1.3593,1.35905,1.35906,0.0
2026-08-27 13:30:00,1.35907,1.35908,1.35884,1.35895,0.0
2026-08-27 13:45:00,1.35893,1.35907,1.35873,1.35881,0.0
2026-08-27 14:00:00,1.35878,1.35912,1.35867,1.35909,0.0
2026-08-27 14:15:00,1.35907,1.3591,1.35881,1.35905,0.0
2026-08-27 14:30:00,1.35906,1.3591,1.35873,1.35877,0.0
2026-08-27 14:45:00,1.35876,1.35885,1.3587,1.35879,0.0
2026-08-27 15:00:00,1.35876,1.35889,1.35866,1.35886,0.0
2026-08-27 15:15:00,1.35884,1.35911,1.35856,1.35907,0.0
2026-08-27 15:30:00,1.35901,1.35915,1.35881,1.35901,0.0
2026-08-27 15:45:00,1.35899,1.35902,1.35864,1.35889,0.0
2026-08-27 16:00:00,1.35886,1.35897,1.35871,1.35895,0.0
2026-08-27 16:15:00,1.35891,1.35913,1.35884,1.359,0.0
2026-08-27 16:30:00,1.35902,1.35912,1.35869,1.35897,0.0
2026-08-27 16:45:00,1.35892,1.35907,1.35863,1.35894,0.0
2026-08-27 17:00:00,1.35888,1.35966,1.35887,1.35962,0.0
2026-08-27 17:15:00,1.35959,1.35962,1.35882,1.35894,0.0
2026-08-27 17:30:00,1.35891,1.3592,1.35866,1.359,0.0
2026-08-27 17:45:00,1.35893,1.35929,1.35872,1.35879,0.0
2026-08-27 18:00:00,1.35874,1.35947,1.35874,1.3592,0.0
2026-08-27 18:15:00,1.35929,1.35929,1.35865,1.35868,0.0
2026-08-27 18:30:00,1.35867,1.35868,1.35796,1.35853,0.0
2026-08-27 18:45:00,1.3585,1.35861,1.35819,1.35831,0.0
2026-08-27 19:00:00,1.3583,1.3583,1.35732,1.3579,0.0
2026-08-27 19:15:00,1.35786,1.35812,1.35768,1.35807,0.0
2026-08-27 19:30:00,1.35806,1.35806,1.35718,1.35771,0.0
2026-08-27 19:45:00,1.35769,1.35814,1.35755,1.35768,0.0
2026-08-27 20:00:00,1.35774,1.35787,1.35722,1.35773,0.0
2026-08-27 20:15:00,1.35776,1.35825,1.35764,1.35807,0.0
2026-08-27 20:30:00,1.35806,1.35819,1.35748,1.35772,0.0
2026-08-27 20:45:00,1.35766,1.35797,1.35755,1.3577,0.0
2026-08-27 21:00:00,1.35773,1.35783,1.35742,1.35781,0.0
2026-08-27 21:15:00,1.35772,1.3583,1.35772,1.35822,0.0
2026-08-27 21:30:00,1.35821,1.35821,1.35735,1.35737,0.0
2026-08-27 21:45:00,1.35745,1.35807,1.35715,1.35792,0.0
2026-08-27 22:00:00,1.35794,1.35825,1.35777,1.35811,0.0
2026-08-27 22:15:00,1.35807,1.35841,1.35784,1.35838,0.0
2026-08-27 22:30:00,1.35831,1.35831,1.35764,1.35797,0.0
2026-08-27 22:45:00,1.35794,1.35798,1.35744,1.35746,0.0
2026-08-27 23:00:00,1.35747,1.35903,1.35737,1.35899,0.0
2026-08-27 23:15:00,1.35895,1.36025,1.35873,1.36006,0.0
2026-08-27 23:30:00,1.36014,1.36014,1.35935,1.35937,0.0
2026-08-27 23:45:00,1.3594,1.35955,1.35899,1.35943,0.0
2026-08-28 00:00:00,1.35942,1.35971,1.35897,1.35901,0.0
2026-08-28 00:15:00,1.35907,1.35924,1.35837,1.35845,0.0
2026-08-28 00:30:00,1.35842,1.35914,1.35823,1.35875,0.0
2026-08-28 00:45:00,1.35872,1.35894,1.35804,1.3583,0.0
2026-08-28 01:00:00,1.35829,1.35888,1.35821,1.35887,0.0
2026-08-28 01:15:00,1.35882,1.35886,1.35862,1.3588,0.0
2026-08-28 01:30:00,1.35877,1.35912,1.35875,1.35906,0.0
2026-08-28 01:45:00,1.35907,1.35993,1.35898,1.35991,0.0
2026-08-28 02:00:00,1.35988,1.35993,1.35944,1.35971,0.0
2026-08-28 02:15:00,1.35969,1.35995,1.35942,1.35993,0.0
2026-08-28 02:30:00,1.35983,1.36016,1.35977,1.35984,0.0
2026-08-28 02:45:00,1.35982,1.35987,1.35921,1.35922,0.0
2026-08-28 03:00:00,1.35927,1.35969,1.35926,1.3593,0.0
2026-08-28 03:15:00,1.35932,1.35933,1.35918,1.35927,0.0
2026-08-28 03:30:00,1.35924,1.35931,1.35906,1.35908,0.0
2026-08-28 03:45:00,1.35909,1.35914,1.35882,1.35884,0.0
2026-08-28 04:00:00,1.35888,1.359,1.35864,1.35877,0.0
2026-08-28 04:15:00,1.35872,1.35881,1.35842,1.3585,0.0
2026-08-28 04:30:00,1.35847,1.3586,1.35834,1.35856,0.0
2026-08-28 04:45:00,1.35853,1.35898,1.35853,1.35895,0.0
2026-08-28 05:00:00,1.35895,1.35907,1.35882,1.35883,0.0
2026-08-28 05:15:00,1.35884,1.35898,1.35871,1.35873,0.0
2026-08-28 05:30:00,1.35875,1.35883,1.35865,1.35878,0.0
2026-08-28 05:45:00,1.35876,1.35892,1.35847,1.35891,0.0
2026-08-28 06:00:00,1.35889,1.3593,1.35882,1.35924,0.0
2026-08-28 06:15:00,1.35925,1.3593,1.35905,1.3591,0.0
2026-08-28 06:30:00,1.35908,1.35931,1.35902,1.35929,0.0
2026-08-28 06:45:00,1.35926,1.35936,1.35914,1.35927,0.0
2026-08-28 07:00:00,1.35928,1.35931,1.35895,1.35902,0.0
2026-08-28 07:15:00,1.35904,1.35967,1.35901,1.35956,0.0
2026-08-28 07:30:00,1.35956,1.36013,1.35939,1.36001,0.0
2026-08-28 07:45:00,1.35983,1.35983,1.35903,1.35905,0.0
2026-08-28 08:00:00,1.35909,1.35955,1.35909,1.35947,0.0
2026-08-28 08:15:00,1.35948,1.35961,1.35941,1.35942,0.0
2026-08-28 08:30:00,1.35942,1.35962,1.35934,1.35949,0.0
2026-08-28 08:45:00,1.35949,1.35969,1.35947,1.35967,0.0
2026-08-28 09:00:00,1.35964,1.35982,1.35962,1.35979,0.0
2026-08-28 09:15:00,1.35973,1.35983,1.35952,1.35965,0.0
2026-08-28 09:30:00,1.35966,1.35982,1.35955,1.35968,0.0
2026-08-28 09:45:00,1.35968,1.35984,1.35966,1.35969,0.0
2026-08-28 10:00:00,1.35967,1.3598,1.35961,1.35965,0.0
2026-08-28 10:15:00,1.35966,1.3597,1.35938,1.35956,0.0
2026-08-28 10:30:00,1.3595,1.3597,1.35945,1.3596,0.0
2026-08-28 10:45:00,1.35957,1.35978,1.3595,1.35966,0.0
2026-08-28 11:00:00,1.35963,1.35983,1.35951,1.35953,0.0
2026-08-28 11:15:00,1.35954,1.35959,1.35942,1.35947,0.0
2026-08-28 11:30:00,1.35947,1.3597,1.35936,1.35963,0.0
2026-08-28 11:45:00,1.35961,1.35962,1.35906,1.35914,0.0
2026-08-28 12:00:00,1.35911,1.35915,1.35888,1.3589,0.0
2026-08-28 12:15:00,1.35891,1.35936,1.35884,1.35916,0.0
2026-08-28 12:30:00,1.35912,1.35916,1.35897,1.35904,0.0
2026-08-28 12:45:00,1.35902,1.3594,1.35894,1.35937,0.0
2026-08-28 13:00:00,1.35934,1.35949,1.3593,1.35936,0.0
2026-08-28 13:15:00,1.35936,1.35945,1.35917,1.35942,0.0
2026-08-28 13:30:00,1.35937,1.35942,1.35899,1.359,0.0
2026-08-28 13:45:00,1.359,1.35904,1.35892,1.35898,0.0
2026-08-28 14:00:00,1.35895,1.35903,1.35886,1.35889,0.0
2026-08-28 14:15:00,1.35888,1.35903,1.35882,1.35886,0.0
2026-08-28 14:30:00,1.35887,1.35893,1.35879,1.35888,0.0
2026-08-28 14:45:00,1.35888,1.35893,1.35879,1.3589,0.0
2026-08-28 15:00:00,1.35887,1.35889,1.35873,1.35878,0.0
2026-08-28 15:15:00,1.35876,1.35892,1.35871,1.35875,0.0
2026-08-28 15:30:00,1.35876,1.35888,1.35873,1.35873,0.0
2026-08-28 15:45:00,1.35874,1.35915,1.35874,1.35914,0.0
2026-08-28 16:00:00,1.3591,1.35924,1.35891,1.35914,0.0
2026-08-28 16:15:00,1.35915,1.35943,1.35876,1.35938,0.0
2026-08-28 16:30:00,1.35932,1.35942,1.35895,1.35912,0.0
2026-08-28 16:45:00,1.3592,1.35943,1.35915,1.35943,0.0
2026-08-28 17:00:00,1.3594,1.35941,1.35872,1.35893,0.0
2026-08-28 17:15:00,1.35889,1.35897,1.35815,1.35817,0.0
2026-08-28 17:30:00,1.35819,1.35886,1.358,1.35882,0.0
2026-08-28 17:45:00,1.35876,1.35907,1.35868,1.35884,0.0
2026-08-28 18:00:00,1.35886,1.35912,1.35844,1.35849,0.0
2026-08-28 18:15:00,1.35846,1.35868,1.35845,1.35853,0.0
2026-08-28 18:30:00,1.35854,1.35871,1.35849,1.35851,0.0
2026-08-28 18:45:00,1.35852,1.3587,1.35834,1.35868,0.0
2026-08-28 19:00:00,1.35861,1.35879,1.35827,1.35877,0.0
2026-08-28 19:15:00,1.35872,1.35872,1.35842,1.35843,0.0
2026-08-28 19:30:00,1.35844,1.35864,1.3583,1.35848,0.0
2026-08-28 19:45:00,1.35841,1.35857,1.35814,1.35816,0.0
2026-08-28 20:00:00,1.35819,1.3586,1.358,1.35846,0.0
2026-08-28 20:15:00,1.35841,1.35877,1.35811,1.35876,0.0
2026-08-28 20:30:00,1.35873,1.3591,1.35866,1.35894,0.0
2026-08-28 20:45:00,1.35899,1.35926,1.35877,1.35918,0.0
2026-08-28 21:00:00,1.35916,1.35918,1.35881,1.35888,0.0
2026-08-28 21:15:00,1.35884,1.35896,1.3586,1.35862,0.0
2026-08-28 21:30:00,1.35863,1.35873,1.35853,1.35862,0.0
2026-08-28 21:45:00,1.35862,1.3587,1.35851,1.35857,0.0
2026-08-28 22:00:00,1.35856,1.3586,1.35831,1.35844,0.0
2026-08-28 22:15:00,1.35841,1.35844,1.35813,1.35836,0.0
2026-08-28 22:30:00,1.35829,1.35829,1.35742,1.35746,0.0
2026-08-28 22:45:00,1.35752,1.35851,1.35752,1.35842,0.0
2026-08-28 23:00:00,1.35843,1.35855,1.35805,1.3583,0.0
2026-08-28 23:15:00,1.35828,1.35828,1.35764,1.35783,0.0
2026-08-28 23:30:00,1.35774,1.35811,1.35772,1.35796,0.0
2026-08-28 23:45:00,1.35792,1.35862,1.35744,1.35856,0.0
2026-08-29 00:00:00,1.35848,1.35882,1.35417,1.35546,0.0
2026-08-29 00:15:00,1.35547,1.35555,1.35302,1.35308,0.0
2026-08-29 00:30:00,1.35312,1.35474,1.35306,1.3543,0.0
2026-08-29 00:45:00,1.35436,1.35774,1.35436,1.35766,0.0
2026-08-29 01:00:00,1.3576,1.3576,1.35578,1.35584,0.0
2026-08-29 01:15:00,1.35594,1.35624,1.35556,1.35576,0.0
2026-08-29 01:30:00,1.35576,1.35634,1.35518,1.3557,0.0
2026-08-29 01:45:00,1.35564,1.35624,1.35543,1.35543,0.0
2026-08-29 02:00:00,1.35542,1.35543,1.3544,1.35444,0.0
2026-08-29 02:15:00,1.35451,1.35451,1.35347,1.35381,0.0
2026-08-29 02:30:00,1.35378,1.35421,1.35351,1.35359,0.0
2026-08-29 02:45:00,1.35357,1.35433,1.35357,1.35386,0.0
2026-08-29 03:00:00,1.35382,1.35395,1.35294,1.35366,0.0
2026-08-29 03:15:00,1.35363,1.35371,1.35336,1.35352,0.0
2026-08-29 03:30:00,1.35343,1.3536,1.35276,1.35277,0.0
2026-08-29 03:45:00,1.35278,1.35315,1.35276,1.35303,0.0
2026-08-29 04:00:00,1.35304,1.35333,1.35272,1.35299,0.0
2026-08-29 04:15:00,1.35296,1.35317,1.35276,1.35317,0.0
2026-08-29 04:30:00,1.35315,1.35318,1.35283,1.35285,0.0
2026-08-29 04:45:00,1.35285,1.35308,1.3528,1.35306,0.0
2026-08-29 05:00:00,1.35302,1.35341,1.35292,1.35324,0.0
2026-08-29 05:15:00,1.35327,1.35371,1.35311,1.35371,0.0
2026-08-29 05:30:00,1.35367,1.35388,1.35358,1.35382,0.0
2026-08-29 05:45:00,1.35378,1.35399,1.35367,1.35393,0.0
2026-08-29 06:00:00,1.35393,1.35397,1.35356,1.35366,0.0
2026-08-29 06:15:00,1.35367,1.35392,1.35351,1.35352,0.0
2026-08-29 06:30:00,1.35353,1.35361,1.35298,1.35314,0.0
2026-08-29 06:45:00,1.3531,1.35356,1.3531,1.35355,0.0
2026-08-29 07:00:00,1.35352,1.35377,1.35304,1.35313,0.0
2026-08-29 07:15:00,1.35318,1.35326,1.35299,1.35311,0.0
2026-08-29 07:30:00,1.35312,1.35347,1.35284,1.35319,0.0
2026-08-29 07:45:00,1.35316,1.35334,1.35278,1.35299,0.0
2026-08-29 08:00:00,1.35301,1.35404,1.35285,1.35332,0.0
2026-08-29 08:15:00,1.35333,1.35361,1.35318,1.35353,0.0
2026-08-29 08:30:00,1.35353,1.35359,1.35348,1.35353,0.0
2026-08-29 08:45:00,1.35349,1.35361,1.35347,1.35355,0.0
2026-08-29 09:00:00,1.35353,1.35474,1.35342,1.35349,0.0
2026-08-29 09:15:00,1.35351,1.35362,1.35349,1.35352,0.0
2026-08-29 09:30:00,1.35353,1.35359,1.35349,1.35354,0.0
2026-08-29 09:45:00,1.35351,1.35361,1.35351,1.35355,0.0
2026-08-29 10:00:00,1.35353,1.35388,1.3527,1.3533,0.0
2026-08-29 10:15:00,1.35327,1.35343,1.35325,1.35327,0.0
2026-08-29 10:30:00,1.35328,1.35338,1.35325,1.35332,0.0
2026-08-29 10:45:00,1.35329,1.35338,1.35325,1.3533,0.0
2026-08-29 11:00:00,1.35327,1.35339,1.35327,1.35331,0.0
2026-08-29 11:15:00,1.35331,1.35342,1.35327,1.35331,0.0
2026-08-29 11:30:00,1.35332,1.35342,1.35325,1.35335,0.0
2026-08-29 11:45:00,1.35334,1.35337,1.35325,1.35331,0.0
2026-08-29 12:00:00,1.35328,1.35339,1.35325,1.35329,0.0
2026-08-29 12:15:00,1.35329,1.35337,1.35325,1.35326,0.0
2026-08-29 12:30:00,1.35328,1.35342,1.35325,1.3533,0.0
2026-08-29 12:45:00,1.35329,1.35341,1.35323,1.35325,0.0
2026-08-29 13:00:00,1.35327,1.35336,1.35323,1.35329,0.0
2026-08-29 13:15:00,1.35329,1.35347,1.3532,1.35328,0.0
2026-08-29 13:30:00,1.35328,1.35337,1.35322,1.3533,0.0
2026-08-29 13:45:00,1.35329,1.35337,1.35325,1.3533,0.0
2026-08-29 14:00:00,1.35326,1.35343,1.35324,1.35331,0.0
2026-08-29 14:15:00,1.3533,1.35335,1.35325,1.35327,0.0
2026-08-29 14:30:00,1.35328,1.35336,1.35325,1.3533,0.0
2026-08-29 14:45:00,1.35328,1.35335,1.3532,1.35326,0.0
2026-08-29 15:00:00,1.35323,1.35344,1.35316,1.35333,0.0
2026-08-29 15:15:00,1.3533,1.35335,1.35315,1.35324,0.0
2026-08-29 15:30:00,1.35326,1.35336,1.35318,1.3533,0.0
2026-08-29 15:45:00,1.35328,1.35341,1.35317,1.35329,0.0
2026-08-29 16:00:00,1.35326,1.35339,1.35325,1.35335,0.0
2026-08-29 16:15:00,1.35333,1.3534,1.35325,1.3533,0.0
2026-08-29 16:30:00,1.35331,1.35344,1.35325,1.35334,0.0
2026-08-29 16:45:00,1.35334,1.35337,1.35325,1.35333,0.0
2026-08-29 17:00:00,1.35331,1.35342,1.35324,1.35331,0.0
2026-08-29 17:15:00,1.35328,1.35339,1.35323,1.35331,0.0
2026-08-29 17:30:00,1.35332,1.35338,1.35325,1.3533,0.0
2026-08-29 17:45:00,1.35328,1.35342,1.35322,1.35329,0.0
2026-08-29 18:00:00,1.3533,1.35337,1.35324,1.35331,0.0
2026-08-29 18:15:00,1.35328,1.35341,1.35325,1.35326,0.0
2026-08-29 18:30:00,1.35326,1.35334,1.35324,1.3533,0.0
2026-08-29 18:45:00,1.35327,1.35338,1.35324,1.35328,0.0
2026-08-29 19:00:00,1.35326,1.35344,1.35325,1.35341,0.0
2026-08-29 19:15:00,1.35338,1.35347,1.35328,1.35339,0.0
2026-08-29 19:30:00,1.35338,1.35345,1.35332,1.35332,0.0
2026-08-29 19:45:00,1.35335,1.35343,1.35333,1.35338,0.0
2026-08-29 20:00:00,1.35336,1.35346,1.35333,1.35337,0.0
2026-08-29 20:15:00,1.35334,1.35344,1.35332,1.3534,0.0
2026-08-29 20:30:00,1.35339,1.35342,1.35332,1.35332,0.0
2026-08-29 20:45:00,1.35335,1.35344,1.35332,1.35338,0.0
2026-08-29 21:00:00,1.35336,1.35342,1.35331,1.35337,0.0
2026-08-29 21:15:00,1.35334,1.35346,1.35332,1.35338,0.0
2026-08-29 21:30:00,1.35337,1.35344,1.35329,1.35343,0.0
2026-08-29 21:45:00,1.3534,1.3534,1.35328,1.3533,0.0
2026-08-29 22:00:00,1.3533,1.35343,1.35324,1.35334,0.0
2026-08-29 22:15:00,1.35331,1.35337,1.35328,1.35333,0.0
2026-08-29 22:30:00,1.3533,1.35345,1.35329,1.3533,0.0
2026-08-29 22:45:00,1.35331,1.3534,1.35328,1.35339,0.0
2026-08-29 23:00:00,1.35336,1.35337,1.35329,1.35333,0.0
2026-08-29 23:15:00,1.3533,1.35344,1.35325,1.35334,0.0
2026-08-29 23:30:00,1.35332,1.35336,1.35328,1.3533,0.0
2026-08-29 23:45:00,1.3533,1.35343,1.35323,1.3533,0.0
2026-08-30 00:00:00,1.35331,1.3534,1.35328,1.3534,0.0
2026-08-30 00:15:00,1.35337,1.35337,1.35328,1.35333,0.0
2026-08-30 00:30:00,1.35331,1.35343,1.35329,1.35333,0.0
2026-08-30 00:45:00,1.35333,1.35337,1.35329,1.3533,0.0
2026-08-30 01:00:00,1.35331,1.35369,1.35175,1.35292,0.0
2026-08-30 01:15:00,1.3529,1.35323,1.35288,1.35322,0.0
2026-08-30 01:30:00,1.35318,1.35331,1.35316,1.35326,0.0
2026-08-30 01:45:00,1.35325,1.3534,1.35323,1.35333,0.0
2026-08-30 02:00:00,1.35334,1.35433,1.35325,1.35398,0.0
2026-08-30 02:15:00,1.35395,1.35399,1.35388,1.35393,0.0
2026-08-30 02:30:00,1.3539,1.35396,1.35345,1.35363,0.0
2026-08-30 02:45:00,1.35362,1.35369,1.35361,1.35363,0.0
2026-08-30 03:00:00,1.35364,1.35476,1.3528,1.35426,0.0
2026-08-30 03:15:00,1.35426,1.35432,1.35424,1.35429,0.0
2026-08-30 03:30:00,1.35426,1.35432,1.3541,1.35417,0.0
2026-08-30 03:45:00,1.35415,1.35433,1.35369,1.35384,0.0
2026-08-30 04:00:00,1.35384,1.35387,1.35334,1.35335,0.0
2026-08-30 04:15:00,1.35336,1.35344,1.35323,1.35334,0.0
2026-08-30 04:30:00,1.35332,1.35337,1.35329,1.35333,0.0
2026-08-30 04:45:00,1.35331,1.35345,1.3533,1.35338,0.0
2026-08-30 05:00:00,1.35339,1.35459,1.35325,1.35417,0.0
2026-08-30 05:15:00,1.35418,1.35418,1.35406,1.35412,0.0
2026-08-30 05:30:00,1.3541,1.35416,1.35399,1.35405,0.0
2026-08-30 05:45:00,1.35402,1.35407,1.35353,1.3536,0.0
2026-08-30 06:00:00,1.3536,1.3537,1.35345,1.3535,0.0
2026-08-30 06:15:00,1.35351,1.35355,1.3534,1.35353,0.0
2026-08-30 06:30:00,1.35348,1.35359,1.35348,1.35356,0.0
2026-08-30 06:45:00,1.35353,1.35366,1.35343,1.35348,0.0
2026-08-30 07:00:00,1.35347,1.35347,1.35329,1.3533,0.0
2026-08-30 07:15:00,1.35331,1.3534,1.35329,1.35333,0.0
2026-08-30 07:30:00,1.35331,1.35339,1.35329,1.35338,0.0
2026-08-30 07:45:00,1.3533,1.35345,1.35328,1.35333,0.0
2026-08-30 08:00:00,1.35332,1.3543,1.35315,1.35332,0.0
2026-08-30 08:15:00,1.35333,1.35338,1.35329,1.35331,0.0
2026-08-30 08:30:00,1.35331,1.35347,1.35329,1.35344,0.0
2026-08-30 08:45:00,1.35341,1.35347,1.35333,1.35336,0.0
2026-08-30 09:00:00,1.35335,1.3535,1.35331,1.35343,0.0
2026-08-30 09:15:00,1.35344,1.35358,1.35338,1.35352,0.0
2026-08-30 09:30:00,1.35352,1.35358,1.3535,1.35354,0.0
2026-08-30 09:45:00,1.35352,1.35363,1.3535,1.3536,0.0
2026-08-30 10:00:00,1.35357,1.35363,1.3534,1.35345,0.0
2026-08-30 10:15:00,1.35346,1.35361,1.35342,1.35344,0.0
2026-08-30 10:30:00,1.35345,1.35358,1.35342,1.35356,0.0
2026-08-30 10:45:00,1.35353,1.3536,1.35351,1.35356,0.0
2026-08-30 11:00:00,1.35353,1.35359,1.3534,1.35346,0.0
2026-08-30 11:15:00,1.35348,1.35349,1.3534,1.35342,0.0
2026-08-30 11:30:00,1.35343,1.35356,1.35342,1.35352,0.0
2026-08-30 11:45:00,1.3535,1.35362,1.35348,1.35359,0.0
2026-08-30 12:00:00,1.35356,1.35362,1.35354,1.35358,0.0
2026-08-30 12:15:00,1.35356,1.35367,1.35351,1.3536,0.0
2026-08-30 12:30:00,1.35361,1.35375,1.35338,1.35348,0.0
2026-08-30 12:45:00,1.35346,1.35358,1.35344,1.35355,0.0
2026-08-30 13:00:00,1.35352,1.35364,1.35351,1.35359,0.0
2026-08-30 13:15:00,1.35358,1.35364,1.35356,1.35357,0.0
2026-08-30 13:30:00,1.35358,1.35368,1.35356,1.35365,0.0
2026-08-30 13:45:00,1.35362,1.35368,1.3536,1.35365,0.0
2026-08-30 14:00:00,1.35362,1.35372,1.35361,1.35367,0.0
2026-08-30 14:15:00,1.35366,1.35372,1.35361,1.35362,0.0
2026-08-30 14:30:00,1.35363,1.35369,1.35361,1.35363,0.0
2026-08-30 14:45:00,1.35363,1.35368,1.35353,1.35365,0.0
2026-08-30 15:00:00,1.35362,1.35368,1.3536,1.35364,0.0
2026-08-30 15:15:00,1.35362,1.35363,1.35345,1.35356,0.0
2026-08-30 15:30:00,1.35357,1.35364,1.35351,1.35358,0.0
2026-08-30 15:45:00,1.35358,1.35364,1.35356,1.35361,0.0
2026-08-30 16:00:00,1.35358,1.35367,1.35343,1.35354,0.0
2026-08-30 16:15:00,1.35352,1.35358,1.3535,1.35352,0.0
2026-08-30 16:30:00,1.35352,1.35364,1.35346,1.35357,0.0
2026-08-30 16:45:00,1.35358,1.35365,1.35356,1.35364,0.0
2026-08-30 17:00:00,1.35362,1.35368,1.3536,1.35365,0.0
2026-08-30 17:15:00,1.35362,1.35372,1.35361,1.35366,0.0
2026-08-30 17:30:00,1.35366,1.35371,1.35345,1.35347,0.0
2026-08-30 17:45:00,1.35348,1.3536,1.35344,1.35355,0.0
2026-08-30 18:00:00,1.35354,1.35365,1.3535,1.35362,0.0
2026-08-30 18:15:00,1.35359,1.35365,1.35357,1.35359,0.0
2026-08-30 18:30:00,1.35359,1.35369,1.35357,1.35362,0.0
2026-08-30 18:45:00,1.35363,1.35369,1.35361,1.35365,0.0
2026-08-30 19:00:00,1.35363,1.35373,1.35361,1.3537,0.0
2026-08-30 19:15:00,1.35367,1.35373,1.35361,1.35368,0.0
2026-08-30 19:30:00,1.35367,1.35373,1.35365,1.35366,0.0
2026-08-30 19:45:00,1.35367,1.35373,1.35358,1.35365,0.0
2026-08-30 20:00:00,1.35365,1.35371,1.35363,1.35368,0.0
2026-08-30 20:15:00,1.35365,1.35371,1.35363,1.35366,0.0
2026-08-30 20:30:00,1.35365,1.35371,1.35355,1.35357,0.0
2026-08-30 20:45:00,1.35358,1.35364,1.35356,1.35358,0.0
2026-08-30 21:00:00,1.35358,1.35364,1.35356,1.35361,0.0
2026-08-30 21:15:00,1.35358,1.35364,1.35356,1.3536,0.0
2026-08-30 21:30:00,1.35358,1.35393,1.35351,1.35381,0.0
2026-08-30 21:45:00,1.35381,1.35387,1.35379,1.35381,0.0
2026-08-30 22:00:00,1.35381,1.35387,1.35379,1.35384,0.0
2026-08-30 22:15:00,1.35381,1.35387,1.35379,1.35384,0.0
2026-08-30 22:30:00,1.35381,1.35387,1.35379,1.35381,0.0
2026-08-30 22:45:00,1.35381,1.3541,1.35378,1.35399,0.0
2026-08-30 23:00:00,1.354,1.35406,1.35398,1.35402,0.0
2026-08-30 23:15:00,1.354,1.35449,1.35333,1.35382,0.0
2026-08-30 23:30:00,1.35379,1.35385,1.35377,1.35379,0.0
2026-08-30 23:45:00,1.35379,1.35408,1.35365,1.35397,0.0
2026-08-31 00:00:00,1.35398,1.35401,1.35351,1.35383,0.0
2026-08-31 00:15:00,1.35381,1.35387,1.35379,1.35384,0.0
2026-08-31 00:30:00,1.35381,1.35406,1.35378,1.35401,0.0
2026-08-31 00:45:00,1.35399,1.35405,1.35397,1.35398,0.0
2026-08-31 01:00:00,1.35399,1.35402,1.35391,1.35396,0.0
2026-08-31 01:15:00,1.35394,1.35419,1.35391,1.35413,0.0
2026-08-31 01:30:00,1.3541,1.35416,1.35378,1.35388,0.0
2026-08-31 01:45:00,1.35387,1.35413,1.3537,1.35404,0.0
2026-08-31 02:00:00,1.35405,1.35454,1.35369,1.35438,0.0
2026-08-31 02:15:00,1.35438,1.35469,1.35397,1.35409,0.0
2026-08-31 02:30:00,1.35406,1.35436,1.3539,1.35432,0.0
2026-08-31 02:45:00,1.35431,1.35437,1.35429,1.3543,0.0
2026-08-31 03:00:00,1.35431,1.35434,1.35334,1.35406,0.0
2026-08-31 03:15:00,1.35405,1.35405,1.35351,1.35356,0.0
2026-08-31 03:30:00,1.35354,1.35388,1.35327,1.3538,0.0
2026-08-31 03:45:00,1.35378,1.35382,1.35331,1.35346,0.0
2026-08-31 04:00:00,1.35348,1.35426,1.35286,1.35341,0.0
2026-08-31 04:15:00,1.35339,1.35373,1.35315,1.35338,0.0
2026-08-31 04:30:00,1.35335,1.35345,1.35334,1.35341,0.0
2026-08-31 04:45:00,1.35338,1.35552,1.34993,1.35341,0.0
2026-08-31 05:00:00,1.35336,1.35588,1.35058,1.35297,0.0
2026-08-31 05:15:00,1.35252,1.354,1.34902,1.35149,0.0
2026-08-31 05:30:00,1.3511,1.35344,1.35095,1.35322,0.0
2026-08-31 05:45:00,1.35306,1.35356,1.35171,1.35347,0.0
2026-08-31 06:00:00,1.35329,1.354,1.35259,1.35381,0.0
2026-08-31 06:15:00,1.35367,1.35371,1.35325,1.3536,0.0
2026-08-31 06:30:00,1.35359,1.35384,1.35243,1.35344,0.0
2026-08-31 06:45:00,1.35341,1.35393,1.35283,1.35338,0.0
2026-08-31 07:00:00,1.35336,1.35377,1.35311,1.35322,0.0
2026-08-31 07:15:00,1.35348,1.35386,1.35325,1.35351,0.0
2026-08-31 07:30:00,1.35344,1.35368,1.35319,1.35367,0.0
2026-08-31 07:45:00,1.35363,1.35386,1.3534,1.35352,0.0
2026-08-31 08:00:00,1.35345,1.35356,1.35285,1.35327,0.0
2026-08-31 08:15:00,1.35325,1.35333,1.35316,1.35329,0.0
2026-08-31 08:30:00,1.35323,1.3537,1.35323,1.35356,0.0
2026-08-31 08:45:00,1.35359,1.35371,1.35348,1.35367,0.0
2026-08-31 09:00:00,1.35365,1.35377,1.35353,1.35369,0.0
2026-08-31 09:15:00,1.35369,1.35383,1.35357,1.35376,0.0
2026-08-31 09:30:00,1.35376,1.354,1.35371,1.35392,0.0
2026-08-31 09:45:00,1.35393,1.35409,1.35378,1.35405,0.0
2026-08-31 10:00:00,1.35403,1.35429,1.35397,1.35412,0.0
2026-08-31 10:15:00,1.35414,1.35424,1.35342,1.35344,0.0
2026-08-31 10:30:00,1.35348,1.35437,1.35342,1.35427,0.0
2026-08-31 10:45:00,1.35424,1.35472,1.35421,1.35449,0.0
2026-08-31 11:00:00,1.35451,1.35458,1.35377,1.35379,0.0
2026-08-31 11:15:00,1.35381,1.35432,1.35381,1.3543,0.0
2026-08-31 11:30:00,1.35427,1.35469,1.35411,1.35468,0.0
2026-08-31 11:45:00,1.35463,1.35472,1.35434,1.3544,0.0
2026-08-31 12:00:00,1.35437,1.35454,1.35427,1.35444,0.0
2026-08-31 12:15:00,1.35444,1.35467,1.35417,1.35458,0.0
2026-08-31 12:30:00,1.35455,1.35459,1.35388,1.35401,0.0
2026-08-31 12:45:00,1.35397,1.35448,1.35397,1.35446,0.0
2026-08-31 13:00:00,1.35443,1.35464,1.35431,1.35459,0.0
2026-08-31 13:15:00,1.35458,1.35475,1.35455,1.35463,0.0
2026-08-31 13:30:00,1.35464,1.35473,1.35415,1.35443,0.0
2026-08-31 13:45:00,1.35437,1.35444,1.35426,1.35436,0.0
2026-08-31 14:00:00,1.35432,1.35467,1.35429,1.35461,0.0
2026-08-31 14:15:00,1.3546,1.35463,1.3542,1.35421,0.0
2026-08-31 14:30:00,1.35424,1.3544,1.35418,1.35437,0.0
2026-08-31 14:45:00,1.35431,1.35451,1.35431,1.35447,0.0
2026-08-31 15:00:00,1.35443,1.35453,1.35416,1.3543,0.0
2026-08-31 15:15:00,1.35427,1.35466,1.3542,1.35461,0.0
2026-08-31 15:30:00,1.35454,1.35466,1.35422,1.35453,0.0
2026-08-31 15:45:00,1.35449,1.35466,1.35435,1.35465,0.0
2026-08-31 16:00:00,1.3546,1.3547,1.35434,1.35453,0.0
2026-08-31 16:15:00,1.35442,1.35503,1.35442,1.35458,0.0
2026-08-31 16:30:00,1.35459,1.35482,1.35449,1.35453,0.0
2026-08-31 16:45:00,1.35457,1.35462,1.35388,1.35435,0.0
2026-08-31 17:00:00,1.35426,1.35449,1.3538,1.35394,0.0
2026-08-31 17:15:00,1.35404,1.35485,1.35378,1.35463,0.0
2026-08-31 17:30:00,1.35465,1.35465,1.35422,1.35451,0.0
2026-08-31 17:45:00,1.3544,1.3548,1.3544,1.35468,0.0
2026-08-31 18:00:00,1.35469,1.35558,1.35451,1.35458,0.0
2026-08-31 18:15:00,1.3547,1.35471,1.35436,1.35468,0.0
2026-08-31 18:30:00,1.35467,1.35479,1.35428,1.3543,0.0
2026-08-31 18:45:00,1.35434,1.35443,1.3538,1.35409,0.0
2026-08-31 19:00:00,1.35407,1.35443,1.35402,1.35442,0.0
2026-08-31 19:15:00,1.35435,1.35461,1.35419,1.35429,0.0
2026-08-31 19:30:00,1.35422,1.35444,1.35404,1.35424,0.0
2026-08-31 19:45:00,1.35425,1.35443,1.35422,1.35425,0.0
2026-08-31 20:00:00,1.35424,1.35466,1.35422,1.35446,0.0
2026-08-31 20:15:00,1.35442,1.3545,1.35421,1.35442,0.0
2026-08-31 20:30:00,1.35439,1.35443,1.35386,1.35387,0.0
2026-08-31 20:45:00,1.35389,1.3542,1.35366,1.35415,0.0
2026-08-31 21:00:00,1.35414,1.35414,1.35373,1.35412,0.0
2026-08-31 21:15:00,1.35407,1.3545,1.35404,1.35447,0.0
2026-08-31 21:30:00,1.35439,1.35461,1.35406,1.35418,0.0
2026-08-31 21:45:00,1.3542,1.35432,1.35382,1.35385,0.0
2026-08-31 22:00:00,1.35386,1.35428,1.35386,1.35426,0.0
2026-08-31 22:15:00,1.35418,1.35467,1.3539,1.35462,0.0
2026-08-31 22:30:00,1.35454,1.35454,1.35388,1.35398,0.0
2026-08-31 22:45:00,1.35396,1.35397,1.35356,1.35387,0.0
2026-08-31 23:00:00,1.35389,1.35441,1.35384,1.35438,0.0
2026-08-31 23:15:00,1.35436,1.35481,1.35415,1.35478,0.0
2026-08-31 23:30:00,1.35474,1.35483,1.35429,1.35441,0.0
2026-08-31 23:45:00,1.35451,1.35454,1.35402,1.35428,0.0
2026-09-01 00:00:00,1.3542,1.35448,1.3536,1.35404,0.0
2026-09-01 00:15:00,1.35397,1.35459,1.35379,1.35429,0.0
2026-09-01 00:30:00,1.35444,1.35483,1.35404,1.35409,0.0
2026-09-01 00:45:00,1.35417,1.35652,1.35412,1.35587,0.0
2026-09-01 01:00:00,1.35581,1.35592,1.355,1.35527,0.0
2026-09-01 01:15:00,1.35521,1.35522,1.35461,1.35507,0.0
2026-09-01 01:30:00,1.35502,1.35534,1.35497,1.35512,0.0
2026-09-01 01:45:00,1.35511,1.35547,1.35487,1.35489,0.0
2026-09-01 02:00:00,1.35491,1.35518,1.35482,1.35501,0.0
2026-09-01 02:15:00,1.35499,1.35523,1.35486,1.35502,0.0
2026-09-01 02:30:00,1.35499,1.35513,1.35458,1.35478,0.0
2026-09-01 02:45:00,1.35479,1.35501,1.35463,1.35484,0.0
2026-09-01 03:00:00,1.3548,1.35497,1.3546,1.35493,0.0
2026-09-01 03:15:00,1.35487,1.3552,1.35487,1.3551,0.0
2026-09-01 03:30:00,1.35508,1.35516,1.35481,1.35514,0.0
2026-09-01 03:45:00,1.35507,1.35538,1.35501,1.35509,0.0
2026-09-01 04:00:00,1.3551,1.35515,1.35492,1.35512,0.0
2026-09-01 04:15:00,1.35508,1.35521,1.35498,1.35503,0.0
2026-09-01 04:30:00,1.355,1.35501,1.35463,1.35479,0.0
2026-09-01 04:45:00,1.35475,1.35519,1.35475,1.35495,0.0
2026-09-01 05:00:00,1.35499,1.35506,1.35479,1.35484,0.0
2026-09-01 05:15:00,1.35486,1.35503,1.35476,1.35484,0.0
2026-09-01 05:30:00,1.35485,1.355,1.35465,1.35471,0.0
2026-09-01 05:45:00,1.35466,1.35517,1.35466,1.35486,0.0
2026-09-01 06:00:00,1.35489,1.3552,1.35485,1.35485,0.0
2026-09-01 06:15:00,1.35485,1.35488,1.35463,1.35477,0.0
2026-09-01 06:30:00,1.35476,1.35489,1.35468,1.35487,0.0
2026-09-01 06:45:00,1.35484,1.355,1.3548,1.3549,0.0
2026-09-01 07:00:00,1.35484,1.35527,1.35481,1.35486,0.0
2026-09-01 07:15:00,1.35487,1.35499,1.35469,1.35481,0.0
2026-09-01 07:30:00,1.35484,1.35527,1.35484,1.35513,0.0
2026-09-01 07:45:00,1.35513,1.35539,1.35507,1.35536,0.0
2026-09-01 08:00:00,1.35533,1.35537,1.35492,1.35498,0.0
2026-09-01 08:15:00,1.35499,1.35505,1.35485,1.35491,0.0
2026-09-01 08:30:00,1.35487,1.35494,1.35465,1.35473,0.0
2026-09-01 08:45:00,1.35471,1.35475,1.35455,1.35462,0.0
2026-09-01 09:00:00,1.3546,1.35465,1.35439,1.35446,0.0
2026-09-01 09:15:00,1.35447,1.35462,1.35441,1.35449,0.0
2026-09-01 09:30:00,1.35451,1.35473,1.35451,1.35467,0.0
2026-09-01 09:45:00,1.35459,1.35493,1.35459,1.35486,0.0
2026-09-01 10:00:00,1.35482,1.35558,1.35463,1.35531,0.0
2026-09-01 10:15:00,1.35534,1.35597,1.35525,1.35595,0.0
2026-09-01 10:30:00,1.35591,1.35593,1.35554,1.35558,0.0
2026-09-01 10:45:00,1.35565,1.35565,1.35527,1.35532,0.0
2026-09-01 11:00:00,1.35529,1.35535,1.35474,1.35484,0.0
2026-09-01 11:15:00,1.35482,1.35496,1.3544,1.35447,0.0
2026-09-01 11:30:00,1.35445,1.35489,1.35439,1.35485,0.0
2026-09-01 11:45:00,1.35476,1.35497,1.35422,1.35454,0.0
2026-09-01 12:00:00,1.35447,1.35461,1.35415,1.3543,0.0
2026-09-01 12:15:00,1.35429,1.35464,1.35425,1.35462,0.0
2026-09-01 12:30:00,1.35458,1.35463,1.35413,1.35433,0.0
2026-09-01 12:45:00,1.35433,1.35463,1.35428,1.35461,0.0
2026-09-01 13:00:00,1.35458,1.35467,1.35426,1.3545,0.0
2026-09-01 13:15:00,1.35448,1.35459,1.35415,1.35436,0.0
2026-09-01 13:30:00,1.35434,1.3544,1.3542,1.35428,0.0
2026-09-01 13:45:00,1.35429,1.35446,1.35412,1.35424,0.0
2026-09-01 14:00:00,1.35421,1.35431,1.35405,1.35413,0.0
2026-09-01 14:15:00,1.35408,1.35418,1.35397,1.35398,0.0
2026-09-01 14:30:00,1.35398,1.35408,1.35385,1.35404,0.0
2026-09-01 14:45:00,1.35398,1.3543,1.35396,1.35429,0.0
2026-09-01 15:00:00,1.35424,1.35476,1.35422,1.35473,0.0
2026-09-01 15:15:00,1.3547,1.3547,1.35437,1.35461,0.0
2026-09-01 15:30:00,1.35457,1.35487,1.35457,1.35486,0.0
2026-09-01 15:45:00,1.35483,1.355,1.35464,1.35471,0.0
2026-09-01 16:00:00,1.35475,1.35475,1.35439,1.35445,0.0
2026-09-01 16:15:00,1.35441,1.35459,1.3537,1.35374,0.0
2026-09-01 16:30:00,1.35373,1.35429,1.35357,1.35426,0.0
2026-09-01 16:45:00,1.35421,1.35428,1.35397,1.35413,0.0
2026-09-01 17:00:00,1.35412,1.35439,1.354,1.35408,0.0
2026-09-01 17:15:00,1.35405,1.35445,1.35349,1.35365,0.0
2026-09-01 17:30:00,1.35362,1.35371,1.35323,1.35331,0.0
2026-09-01 17:45:00,1.35331,1.35371,1.35325,1.35359,0.0
2026-09-01 18:00:00,1.35359,1.3538,1.35289,1.35326,0.0
2026-09-01 18:15:00,1.3532,1.35365,1.35314,1.35351,0.0
2026-09-01 18:30:00,1.35345,1.35395,1.35314,1.35375,0.0
2026-09-01 18:45:00,1.35383,1.35421,1.35379,1.35418,0.0
2026-09-01 19:00:00,1.35411,1.35446,1.35395,1.35444,0.0
2026-09-01 19:15:00,1.35438,1.35473,1.35421,1.35448,0.0
2026-09-01 19:30:00,1.3545,1.35488,1.35439,1.35468,0.0
2026-09-01 19:45:00,1.35471,1.35474,1.35416,1.35417,0.0
2026-09-01 20:00:00,1.35419,1.3543,1.35386,1.3543,0.0
2026-09-01 20:15:00,1.35427,1.35439,1.35408,1.35421,0.0
2026-09-01 20:30:00,1.35427,1.35427,1.35361,1.35362,0.0
2026-09-01 20:45:00,1.35364,1.35371,1.35336,1.35354,0.0
2026-09-01 21:00:00,1.35347,1.3536,1.35305,1.35355,0.0
2026-09-01 21:15:00,1.35353,1.35377,1.35326,1.35372,0.0
2026-09-01 21:30:00,1.35369,1.35398,1.35364,1.35384,0.0
2026-09-01 21:45:00,1.3538,1.35386,1.35345,1.35355,0.0
2026-09-01 22:00:00,1.35354,1.3536,1.35301,1.35312,0.0
2026-09-01 22:15:00,1.35307,1.35362,1.35307,1.35346,0.0
2026-09-01 22:30:00,1.35354,1.35354,1.35303,1.35304,0.0
2026-09-01 22:45:00,1.35306,1.35351,1.35303,1.35305,0.0
2026-09-01 23:00:00,1.3531,1.35317,1.35254,1.35288,0.0
2026-09-01 23:15:00,1.35285,1.3534,1.35283,1.35335,0.0
2026-09-01 23:30:00,1.35324,1.3544,1.35313,1.35416,0.0
2026-09-01 23:45:00,1.35419,1.35448,1.35362,1.354,0.0
2026-09-02 00:00:00,1.35414,1.3552,1.35414,1.35514,0.0
2026-09-02 00:15:00,1.35513,1.35517,1.3544,1.35444,0.0
2026-09-02 00:30:00,1.35451,1.35451,1.35415,1.35424,0.0
2026-09-02 00:45:00,1.35422,1.35452,1.35369,1.35377,0.0
2026-09-02 01:00:00,1.35379,1.35421,1.35294,1.35333,0.0
2026-09-02 01:15:00,1.35344,1.35344,1.35256,1.35279,0.0
2026-09-02 01:30:00,1.35269,1.35322,1.35267,1.35269,0.0
2026-09-02 01:45:00,1.35271,1.35292,1.35243,1.35267,0.0
2026-09-02 02:00:00,1.35258,1.3529,1.35258,1.35278,0.0
2026-09-02 02:15:00,1.35275,1.35276,1.35216,1.35235,0.0
2026-09-02 02:30:00,1.3524,1.35283,1.35223,1.35227,0.0
2026-09-02 02:45:00,1.35232,1.35232,1.35155,1.35156,0.0
2026-09-02 03:00:00,1.35157,1.35184,1.35141,1.35163,0.0
2026-09-02 03:15:00,1.35164,1.35183,1.35144,1.35179,0.0
2026-09-02 03:30:00,1.35167,1.35223,1.35133,1.35136,0.0
2026-09-02 03:45:00,1.35138,1.35152,1.35121,1.35131,0.0
2026-09-02 04:00:00,1.35133,1.35158,1.35125,1.35126,0.0
2026-09-02 04:15:00,1.35127,1.35145,1.35109,1.35111,0.0
2026-09-02 04:30:00,1.35112,1.35112,1.35063,1.35076,0.0
2026-09-02 04:45:00,1.35071,1.35154,1.35066,1.35134,0.0
2026-09-02 05:00:00,1.35134,1.35159,1.35126,1.35152,0.0
2026-09-02 05:15:00,1.3515,1.35162,1.35135,1.35141,0.0
2026-09-02 05:30:00,1.3514,1.3515,1.35108,1.35118,0.0
2026-09-02 05:45:00,1.35114,1.35137,1.35099,1.35118,0.0
2026-09-02 06:00:00,1.35117,1.3513,1.35104,1.35109,0.0
2026-09-02 06:15:00,1.3511,1.35124,1.35097,1.35119,0.0
2026-09-02 06:30:00,1.35117,1.3515,1.35115,1.35148,0.0
2026-09-02 06:45:00,1.35145,1.3517,1.35141,1.35163,0.0
2026-09-02 07:00:00,1.35162,1.35205,1.35128,1.35159,0.0
2026-09-02 07:15:00,1.3516,1.35172,1.35134,1.35162,0.0
2026-09-02 07:30:00,1.35163,1.35181,1.35135,1.35137,0.0
2026-09-02 07:45:00,1.35139,1.35183,1.35133,1.35172,0.0
2026-09-02 08:00:00,1.3517,1.35187,1.35165,1.35184,0.0
2026-09-02 08:15:00,1.35179,1.35193,1.35166,1.35167,0.0
2026-09-02 08:30:00,1.35168,1.35174,1.35152,1.35155,0.0
2026-09-02 08:45:00,1.35152,1.35166,1.35146,1.35164,0.0
2026-09-02 09:00:00,1.35161,1.35163,1.35148,1.3515,0.0
2026-09-02 09:15:00,1.35151,1.35154,1.35142,1.35144,0.0
2026-09-02 09:30:00,1.35145,1.35163,1.35142,1.35161,0.0
2026-09-02 09:45:00,1.35159,1.35173,1.35138,1.35157,0.0
2026-09-02 10:00:00,1.35151,1.35152,1.35099,1.3511,0.0
2026-09-02 10:15:00,1.35106,1.35135,1.35093,1.35094,0.0
2026-09-02 10:30:00,1.35096,1.35122,1.35093,1.35121,0.0
2026-09-02 10:45:00,1.35117,1.35126,1.35079,1.35085,0.0
2026-09-02 11:00:00,1.35083,1.35083,1.35052,1.35054,0.0
2026-09-02 11:15:00,1.35058,1.35086,1.35045,1.35075,0.0
2026-09-02 11:30:00,1.35077,1.35094,1.35037,1.35049,0.0
2026-09-02 11:45:00,1.35048,1.35053,1.35029,1.35042,0.0
2026-09-02 12:00:00,1.35037,1.35064,1.35009,1.35063,0.0
2026-09-02 12:15:00,1.35059,1.35078,1.35035,1.35065,0.0
2026-09-02 12:30:00,1.35062,1.35085,1.35053,1.35082,0.0
2026-09-02 12:45:00,1.3508,1.35082,1.35066,1.35073,0.0
2026-09-02 13:00:00,1.3507,1.3508,1.3506,1.35063,0.0
2026-09-02 13:15:00,1.35065,1.35065,1.35042,1.35046,0.0
2026-09-02 13:30:00,1.35046,1.35048,1.35018,1.35019,0.0
2026-09-02 13:45:00,1.3502,1.35032,1.35017,1.35024,0.0
2026-09-02 14:00:00,1.35021,1.35034,1.34995,1.34997,0.0
2026-09-02 14:15:00,1.34998,1.35015,1.34984,1.34985,0.0
2026-09-02 14:30:00,1.34987,1.34999,1.34976,1.3499,0.0
2026-09-02 14:45:00,1.34988,1.34992,1.34962,1.34971,0.0
2026-09-02 15:00:00,1.34968,1.34995,1.34949,1.34991,0.0
2026-09-02 15:15:00,1.34989,1.35024,1.34985,1.35006,0.0
2026-09-02 15:30:00,1.35007,1.35042,1.34998,1.35014,0.0
2026-09-02 15:45:00,1.35015,1.35045,1.35011,1.35045,0.0
2026-09-02 16:00:00,1.35043,1.3507,1.34993,1.35068,0.0
2026-09-02 16:15:00,1.35063,1.35084,1.34994,1.35065,0.0
2026-09-02 16:30:00,1.35067,1.35071,1.35026,1.35056,0.0
2026-09-02 16:45:00,1.35057,1.35065,1.34944,1.34947,0.0
2026-09-02 17:00:00,1.34952,1.35005,1.34907,1.35003,0.0
2026-09-02 17:15:00,1.35,1.35063,1.34991,1.35042,0.0
2026-09-02 17:30:00,1.35044,1.35124,1.35023,1.35083,0.0
2026-09-02 17:45:00,1.35085,1.35113,1.35081,1.35111,0.0
2026-09-02 18:00:00,1.35106,1.35147,1.35104,1.35113,0.0
2026-09-02 18:15:00,1.35108,1.35132,1.35104,1.35107,0.0
2026-09-02 18:30:00,1.3511,1.35135,1.35088,1.3512,0.0
2026-09-02 18:45:00,1.35125,1.35135,1.35015,1.35018,0.0
2026-09-02 19:00:00,1.35023,1.35066,1.35006,1.3501,0.0
2026-09-02 19:15:00,1.35014,1.35026,1.34986,1.35006,0.0
2026-09-02 19:30:00,1.34999,1.35013,1.34945,1.34947,0.0
2026-09-02 19:45:00,1.34947,1.34951,1.34862,1.34865,0.0
2026-09-02 20:00:00,1.34872,1.34878,1.34827,1.34829,0.0
2026-09-02 20:15:00,1.34829,1.34856,1.34783,1.34828,0.0
2026-09-02 20:30:00,1.34834,1.34859,1.34796,1.34797,0.0
2026-09-02 20:45:00,1.348,1.34833,1.3478,1.34827,0.0
2026-09-02 21:00:00,1.34817,1.34864,1.34817,1.34855,0.0
2026-09-02 21:15:00,1.34837,1.34891,1.34836,1.3484,0.0
2026-09-02 21:30:00,1.34846,1.34878,1.34816,1.34877,0.0
2026-09-02 21:45:00,1.34875,1.34916,1.34827,1.34832,0.0
2026-09-02 22:00:00,1.34842,1.34894,1.34814,1.34816,0.0
2026-09-02 22:15:00,1.34816,1.3488,1.34761,1.34829,0.0
2026-09-02 22:30:00,1.34849,1.34849,1.34774,1.34775,0.0
2026-09-02 22:45:00,1.34777,1.34849,1.34751,1.34752,0.0
2026-09-02 23:00:00,1.34757,1.34809,1.34757,1.34805,0.0
2026-09-02 23:15:00,1.34799,1.35077,1.34799,1.35055,0.0
2026-09-02 23:30:00,1.35045,1.35054,1.34942,1.35049,0.0
2026-09-02 23:45:00,1.3504,1.35119,1.34998,1.35106,0.0
2026-09-03 00:00:00,1.3509,1.35134,1.35017,1.35021,0.0
2026-09-03 00:15:00,1.35028,1.35055,1.34989,1.35028,0.0
2026-09-03 00:30:00,1.35014,1.35044,1.34989,1.35037,0.0
2026-09-03 00:45:00,1.35033,1.35068,1.34957,1.35045,0.0
2026-09-03 01:00:00,1.35035,1.35099,1.35035,1.35043,0.0
2026-09-03 01:15:00,1.35047,1.35049,1.34995,1.35046,0.0
2026-09-03 01:30:00,1.35043,1.35073,1.34976,1.34978,0.0
2026-09-03 01:45:00,1.34982,1.35015,1.34953,1.3501,0.0
2026-09-03 02:00:00,1.35004,1.35035,1.34998,1.35016,0.0
2026-09-03 02:15:00,1.3501,1.35046,1.34977,1.34982,0.0
2026-09-03 02:30:00,1.34989,1.34992,1.34962,1.34989,0.0
2026-09-03 02:45:00,1.34987,1.34995,1.34955,1.34957,0.0
2026-09-03 03:00:00,1.34961,1.34961,1.34905,1.34919,0.0
2026-09-03 03:15:00,1.34914,1.34918,1.34853,1.34892,0.0
2026-09-03 03:30:00,1.34888,1.34907,1.34845,1.34894,0.0
2026-09-03 03:45:00,1.34891,1.34927,1.34864,1.3488,0.0
2026-09-03 04:00:00,1.34878,1.34895,1.34861,1.34873,0.0
2026-09-03 04:15:00,1.3487,1.34916,1.34851,1.34865,0.0
2026-09-03 04:30:00,1.3486,1.34896,1.3486,1.34865,0.0
2026-09-03 04:45:00,1.34867,1.34886,1.3486,1.34861,0.0
2026-09-03 05:00:00,1.34863,1.3487,1.34845,1.34851,0.0
2026-09-03 05:15:00,1.34849,1.34882,1.34845,1.34856,0.0
2026-09-03 05:30:00,1.34859,1.34863,1.34849,1.34858,0.0
2026-09-03 05:45:00,1.34855,1.34884,1.34836,1.34882,0.0
2026-09-03 06:00:00,1.34877,1.34909,1.34877,1.34897,0.0
2026-09-03 06:15:00,1.34899,1.34904,1.34878,1.34893,0.0
2026-09-03 06:30:00,1.34892,1.34895,1.34876,1.3489,0.0
2026-09-03 06:45:00,1.34886,1.34904,1.34836,1.34841,0.0
2026-09-03 07:00:00,1.34847,1.34916,1.34847,1.34898,0.0
2026-09-03 07:15:00,1.34895,1.34898,1.34879,1.34894,0.0
2026-09-03 07:30:00,1.34892,1.34893,1.34844,1.34853,0.0
2026-09-03 07:45:00,1.34851,1.34863,1.34836,1.3486,0.0
2026-09-03 08:00:00,1.34857,1.34862,1.34812,1.34824,0.0
2026-09-03 08:15:00,1.34826,1.34836,1.34814,1.3483,0.0
2026-09-03 08:30:00,1.34827,1.3485,1.34824,1.34843,0.0
2026-09-03 08:45:00,1.3484,1.34847,1.34827,1.34836,0.0
2026-09-03 09:00:00,1.34834,1.34854,1.34816,1.34816,0.0
2026-09-03 09:15:00,1.34817,1.34831,1.34813,1.34816,0.0
2026-09-03 09:30:00,1.34817,1.3482,1.34805,1.34812,0.0
2026-09-03 09:45:00,1.3481,1.34836,1.34804,1.34833,0.0
2026-09-03 10:00:00,1.3483,1.34833,1.34806,1.34831,0.0
2026-09-03 10:15:00,1.34831,1.34864,1.34823,1.34862,0.0
2026-09-03 10:30:00,1.34858,1.34865,1.34846,1.3485,0.0
2026-09-03 10:45:00,1.34854,1.349,1.34834,1.34895,0.0
2026-09-03 11:00:00,1.3489,1.34894,1.34876,1.34888,0.0
2026-09-03 11:15:00,1.34887,1.34896,1.34849,1.34888,0.0
2026-09-03 11:30:00,1.34877,1.34916,1.34873,1.34874,0.0
2026-09-03 11:45:00,1.34876,1.34876,1.3481,1.34813,0.0
2026-09-03 12:00:00,1.34815,1.34841,1.34805,1.3482,0.0
2026-09-03 12:15:00,1.34816,1.34869,1.34816,1.3486,0.0
2026-09-03 12:30:00,1.34854,1.34924,1.34854,1.34885,0.0
2026-09-03 12:45:00,1.34887,1.34901,1.3486,1.3489,0.0
2026-09-03 13:00:00,1.34894,1.3496,1.34884,1.34943,0.0
2026-09-03 13:15:00,1.34947,1.34959,1.34927,1.34948,0.0
2026-09-03 13:30:00,1.34951,1.34959,1.34924,1.34953,0.0
2026-09-03 13:45:00,1.3495,1.3496,1.34935,1.34937,0.0
2026-09-03 14:00:00,1.34939,1.34954,1.34931,1.34949,0.0
2026-09-03 14:15:00,1.34946,1.34965,1.34939,1.34957,0.0
2026-09-03 14:30:00,1.34959,1.34984,1.34955,1.3498,0.0
2026-09-03 14:45:00,1.34975,1.3498,1.34927,1.34935,0.0
2026-09-03 15:00:00,1.34929,1.34944,1.34903,1.34922,0.0
2026-09-03 15:15:00,1.34919,1.34969,1.34912,1.34955,0.0
2026-09-03 15:30:00,1.34957,1.34962,1.3494,1.34943,0.0
2026-09-03 15:45:00,1.34946,1.34946,1.34904,1.34918,0.0
2026-09-03 16:00:00,1.34914,1.34935,1.34842,1.3486,0.0
2026-09-03 16:15:00,1.34853,1.34876,1.34842,1.3486,0.0
2026-09-03 16:30:00,1.34858,1.34942,1.34852,1.3494,0.0
2026-09-03 16:45:00,1.34937,1.34985,1.34929,1.34952,0.0
2026-09-03 17:00:00,1.34972,1.35031,1.34909,1.3499,0.0
2026-09-03 17:15:00,1.34999,1.35009,1.34928,1.34951,0.0
2026-09-03 17:30:00,1.34946,1.34988,1.34915,1.34977,0.0
2026-09-03 17:45:00,1.34967,1.35048,1.34967,1.35021,0.0
2026-09-03 18:00:00,1.35022,1.35068,1.34977,1.35019,0.0
2026-09-03 18:15:00,1.35012,1.35041,1.34969,1.35001,0.0
2026-09-03 18:30:00,1.34999,1.35022,1.34971,1.34999,0.0
2026-09-03 18:45:00,1.34991,1.35055,1.34974,1.35008,0.0
2026-09-03 19:00:00,1.3501,1.35033,1.34971,1.35005,0.0
2026-09-03 19:15:00,1.35002,1.35007,1.34936,1.34938,0.0
2026-09-03 19:30:00,1.34939,1.34955,1.34901,1.34933,0.0
2026-09-03 19:45:00,1.34927,1.3498,1.34927,1.34977,0.0
2026-09-03 20:00:00,1.34974,1.34989,1.34919,1.34923,0.0
2026-09-03 20:15:00,1.34929,1.34953,1.349,1.3493,0.0
2026-09-03 20:30:00,1.34928,1.34928,1.34844,1.3487,0.0
2026-09-03 20:45:00,1.34867,1.34957,1.34862,1.34931,0.0
2026-09-03 21:00:00,1.34935,1.34975,1.34913,1.34972,0.0
2026-09-03 21:15:00,1.34971,1.34997,1.34902,1.34906,0.0
2026-09-03 21:30:00,1.34908,1.34939,1.34885,1.34908,0.0
2026-09-03 21:45:00,1.34911,1.34964,1.34887,1.34962,0.0
2026-09-03 22:00:00,1.34957,1.34986,1.34933,1.34947,0.0
2026-09-03 22:15:00,1.34947,1.34969,1.34891,1.34895,0.0
2026-09-03 22:30:00,1.34897,1.35124,1.34824,1.35074,0.0
2026-09-03 22:45:00,1.35076,1.35213,1.35063,1.3517,0.0
2026-09-03 23:00:00,1.35181,1.35207,1.3511,1.35138,0.0
2026-09-03 23:15:00,1.35135,1.35158,1.35091,1.35105,0.0
2026-09-03 23:30:00,1.35101,1.35112,1.35037,1.35082,0.0
2026-09-03 23:45:00,1.35069,1.35162,1.35036,1.35114,0.0
2026-09-04 00:00:00,1.35136,1.35183,1.35097,1.3516,0.0
2026-09-04 00:15:00,1.35153,1.35157,1.35071,1.35108,0.0
2026-09-04 00:30:00,1.351,1.35121,1.35011,1.3503,0.0
2026-09-04 00:45:00,1.35024,1.35192,1.35016,1.35189,0.0
2026-09-04 01:00:00,1.35185,1.35381,1.35149,1.35352,0.0
2026-09-04 01:15:00,1.35354,1.35399,1.35336,1.35357,0.0
2026-09-04 01:30:00,1.35356,1.35405,1.35303,1.35305,0.0
2026-09-04 01:45:00,1.35306,1.35329,1.35276,1.35321,0.0
2026-09-04 02:00:00,1.35312,1.35401,1.35307,1.35397,0.0
2026-09-04 02:15:00,1.35391,1.35444,1.35391,1.35443,0.0
2026-09-04 02:30:00,1.35437,1.35476,1.35426,1.35433,0.0
2026-09-04 02:45:00,1.35432,1.35479,1.35432,1.35463,0.0
2026-09-04 03:00:00,1.35465,1.35465,1.35411,1.3543,0.0
2026-09-04 03:15:00,1.35426,1.35464,1.35426,1.35453,0.0
2026-09-04 03:30:00,1.35447,1.3547,1.35433,1.35443,0.0
2026-09-04 03:45:00,1.3544,1.35444,1.35402,1.35404,0.0
2026-09-04 04:00:00,1.35406,1.35439,1.35393,1.35429,0.0
2026-09-04 04:15:00,1.35431,1.35441,1.35403,1.35427,0.0
2026-09-04 04:30:00,1.35426,1.35426,1.35384,1.35392,0.0
2026-09-04 04:45:00,1.3539,1.35405,1.3538,1.35386,0.0
2026-09-04 05:00:00,1.35387,1.35395,1.35351,1.35357,0.0
2026-09-04 05:15:00,1.35365,1.35368,1.35243,1.35245,0.0
2026-09-04 05:30:00,1.35244,1.35266,1.35223,1.35263,0.0
2026-09-04 05:45:00,1.3526,1.3529,1.35259,1.35278,0.0
2026-09-04 06:00:00,1.35276,1.35294,1.35247,1.35283,0.0
2026-09-04 06:15:00,1.35285,1.35285,1.35254,1.35264,0.0
2026-09-04 06:30:00,1.35258,1.35273,1.35256,1.35267,0.0
2026-09-04 06:45:00,1.35263,1.35274,1.35241,1.35243,0.0
2026-09-04 07:00:00,1.35245,1.35298,1.35241,1.35296,0.0
2026-09-04 07:15:00,1.35292,1.35296,1.35276,1.35291,0.0
2026-09-04 07:30:00,1.35287,1.35296,1.35274,1.35286,0.0
2026-09-04 07:45:00,1.35284,1.3529,1.35265,1.35268,0.0
2026-09-04 08:00:00,1.35273,1.35273,1.35236,1.35245,0.0
2026-09-04 08:15:00,1.35246,1.35255,1.35236,1.3524,0.0
2026-09-04 08:30:00,1.35239,1.35252,1.35234,1.35245,0.0
2026-09-04 08:45:00,1.35242,1.35248,1.35236,1.35241,0.0
2026-09-04 09:00:00,1.35238,1.35265,1.35228,1.35248,0.0
2026-09-04 09:15:00,1.3525,1.35276,1.35248,1.35267,0.0
2026-09-04 09:30:00,1.35269,1.35296,1.35261,1.35266,0.0
2026-09-04 09:45:00,1.35266,1.35295,1.35262,1.35289,0.0
2026-09-04 10:00:00,1.35286,1.35314,1.35272,1.35273,0.0
2026-09-04 10:15:00,1.35276,1.35285,1.35259,1.3526,0.0
2026-09-04 10:30:00,1.35263,1.35287,1.35256,1.35285,0.0
2026-09-04 10:45:00,1.35279,1.35351,1.35278,1.35333,0.0
2026-09-04 11:00:00,1.35334,1.35334,1.35296,1.35302,0.0
2026-09-04 11:15:00,1.35306,1.35347,1.3529,1.35325,0.0
2026-09-04 11:30:00,1.35321,1.35342,1.35314,1.35325,0.0
2026-09-04 11:45:00,1.35327,1.35344,1.35322,1.35343,0.0
2026-09-04 12:00:00,1.35337,1.35378,1.35337,1.35339,0.0
2026-09-04 12:15:00,1.35341,1.3535,1.35296,1.35307,0.0
2026-09-04 12:30:00,1.35302,1.35331,1.35302,1.3533,0.0
2026-09-04 12:45:00,1.35328,1.35342,1.35314,1.35316,0.0
2026-09-04 13:00:00,1.35317,1.35335,1.35313,1.35329,0.0
2026-09-04 13:15:00,1.35327,1.35347,1.3532,1.35321,0.0
2026-09-04 13:30:00,1.35323,1.35323,1.35274,1.35278,0.0
2026-09-04 13:45:00,1.35279,1.35306,1.3527,1.35305,0.0
2026-09-04 14:00:00,1.35303,1.35328,1.35286,1.35317,0.0
2026-09-04 14:15:00,1.35315,1.35318,1.353,1.35311,0.0
2026-09-04 14:30:00,1.35306,1.35334,1.35301,1.35318,0.0
2026-09-04 14:45:00,1.35319,1.35328,1.35303,1.35322,0.0
2026-09-04 15:00:00,1.35319,1.35324,1.35302,1.35316,0.0
2026-09-04 15:15:00,1.35309,1.35334,1.35309,1.35317,0.0
2026-09-04 15:30:00,1.35319,1.35351,1.35319,1.35339,0.0
2026-09-04 15:45:00,1.35339,1.35361,1.35327,1.3536,0.0
2026-09-04 16:00:00,1.35355,1.3543,1.35355,1.35425,0.0
2026-09-04 16:15:00,1.35408,1.35445,1.35406,1.35423,0.0
2026-09-04 16:30:00,1.35426,1.35452,1.35406,1.35449,0.0
2026-09-04 16:45:00,1.35445,1.35463,1.35421,1.35423,0.0
2026-09-04 17:00:00,1.35421,1.35461,1.35419,1.35426,0.0
2026-09-04 17:15:00,1.35429,1.35462,1.35415,1.35459,0.0
2026-09-04 17:30:00,1.35454,1.35498,1.35413,1.35466,0.0
2026-09-04 17:45:00,1.35457,1.35474,1.35336,1.35338,0.0
2026-09-04 18:00:00,1.3534,1.35378,1.35333,1.3537,0.0
2026-09-04 18:15:00,1.35364,1.35425,1.3534,1.35421,0.0
2026-09-04 18:30:00,1.35412,1.35432,1.35309,1.35322,0.0
2026-09-04 18:45:00,1.35323,1.3536,1.35318,1.35331,0.0
2026-09-04 19:00:00,1.35336,1.35336,1.35278,1.35289,0.0
2026-09-04 19:15:00,1.35286,1.35304,1.35258,1.35261,0.0
2026-09-04 19:30:00,1.35259,1.35276,1.35235,1.35251,0.0
2026-09-04 19:45:00,1.35255,1.35288,1.35221,1.35226,0.0
2026-09-04 20:00:00,1.35234,1.35258,1.35228,1.35243,0.0
2026-09-04 20:15:00,1.35239,1.35283,1.35235,1.35262,0.0
2026-09-04 20:30:00,1.35254,1.35315,1.35254,1.35311,0.0
2026-09-04 20:45:00,1.35305,1.35348,1.35305,1.35328,0.0
2026-09-04 21:00:00,1.35325,1.35364,1.3532,1.35363,0.0
2026-09-04 21:15:00,1.35358,1.35389,1.35342,1.35371,0.0
2026-09-04 21:30:00,1.35369,1.35369,1.35323,1.35325,0.0
2026-09-04 21:45:00,1.35329,1.35376,1.35329,1.35357,0.0
2026-09-04 22:00:00,1.35352,1.35366,1.35272,1.35276,0.0
2026-09-04 22:15:00,1.35281,1.3533,1.35281,1.35313,0.0
2026-09-04 22:30:00,1.35302,1.35323,1.34864,1.3497,0.0
2026-09-04 22:45:00,1.34967,1.35044,1.34884,1.35025,0.0
2026-09-04 23:00:00,1.35014,1.35033,1.34948,1.35004,0.0
2026-09-04 23:15:00,1.34999,1.35153,1.34984,1.35126,0.0
2026-09-04 23:30:00,1.35127,1.35172,1.35091,1.35121,0.0
2026-09-04 23:45:00,1.35119,1.3526,1.35052,1.35056,0.0
2026-09-05 00:00:00,1.35061,1.35139,1.35038,1.35099,0.0
2026-09-05 00:15:00,1.35086,1.35144,1.35084,1.35142,0.0
2026-09-05 00:30:00,1.3514,1.35215,1.35114,1.35202,0.0
2026-09-05 00:45:00,1.35202,1.35238,1.3514,1.35141,0.0
2026-09-05 01:00:00,1.35145,1.35192,1.35106,1.3519,0.0
2026-09-05 01:15:00,1.35185,1.35241,1.35177,1.35229,0.0
2026-09-05 01:30:00,1.35224,1.35256,1.35203,1.35227,0.0
2026-09-05 01:45:00,1.35233,1.35255,1.35201,1.3522,0.0
2026-09-05 02:00:00,1.35217,1.35238,1.35192,1.35228,0.0
2026-09-05 02:15:00,1.35213,1.35243,1.35186,1.35199,0.0
2026-09-05 02:30:00,1.35197,1.35227,1.35184,1.35186,0.0
2026-09-05 02:45:00,1.35187,1.35217,1.35187,1.35195,0.0
2026-09-05 03:00:00,1.35196,1.35196,1.35131,1.35144,0.0
2026-09-05 03:15:00,1.35151,1.35175,1.35146,1.35148,0.0
2026-09-05 03:30:00,1.35149,1.35164,1.35136,1.35142,0.0
2026-09-05 03:45:00,1.3514,1.35144,1.35117,1.35143,0.0
2026-09-05 04:00:00,1.3514,1.3515,1.35125,1.35136,0.0
2026-09-05 04:15:00,1.35137,1.35142,1.35115,1.35132,0.0
2026-09-05 04:30:00,1.35134,1.35137,1.35117,1.35129,0.0
2026-09-05 04:45:00,1.35125,1.35137,1.35116,1.35135,0.0
2026-09-05 05:00:00,1.3513,1.35164,1.3513,1.35157,0.0
2026-09-05 05:15:00,1.35158,1.35188,1.35153,1.35188,0.0
2026-09-05 05:30:00,1.35186,1.35211,1.35184,1.3521,0.0
2026-09-05 05:45:00,1.35204,1.35226,1.35184,1.35191,0.0
2026-09-05 06:00:00,1.35189,1.35206,1.35151,1.35152,0.0
2026-09-05 06:15:00,1.35155,1.35175,1.35153,1.35172,0.0
2026-09-05 06:30:00,1.35165,1.35174,1.35152,1.35159,0.0
2026-09-05 06:45:00,1.35156,1.35183,1.35141,1.35181,0.0
2026-09-05 07:00:00,1.35177,1.3521,1.35152,1.35173,0.0
2026-09-05 07:15:00,1.35172,1.35185,1.3516,1.35163,0.0
2026-09-05 07:30:00,1.35168,1.35183,1.35148,1.35163,0.0
2026-09-05 07:45:00,1.35153,1.35174,1.35139,1.35168,0.0
2026-09-05 08:00:00,1.35166,1.35206,1.35149,1.35168,0.0
2026-09-05 08:15:00,1.35168,1.35176,1.35163,1.3517,0.0
2026-09-05 08:30:00,1.35167,1.35178,1.35164,1.35171,0.0
2026-09-05 08:45:00,1.35168,1.35175,1.35161,1.3517,0.0
2026-09-05 09:00:00,1.35167,1.35214,1.35142,1.35165,0.0
2026-09-05 09:15:00,1.35166,1.35176,1.35163,1.3517,0.0
2026-09-05 09:30:00,1.35167,1.35178,1.35157,1.35169,0.0
2026-09-05 09:45:00,1.35166,1.35178,1.35159,1.3517,0.0
2026-09-05 10:00:00,1.35168,1.35184,1.35148,1.35174,0.0
2026-09-05 10:15:00,1.35176,1.35185,1.35168,1.35177,0.0
2026-09-05 10:30:00,1.35177,1.35181,1.35171,1.35176,0.0
2026-09-05 10:45:00,1.35174,1.35181,1.3517,1.35178,0.0
2026-09-05 11:00:00,1.35176,1.35182,1.35172,1.35173,0.0
2026-09-05 11:15:00,1.35174,1.35181,1.3517,1.35174,0.0
2026-09-05 11:30:00,1.35175,1.3518,1.35165,1.35174,0.0
2026-09-05 11:45:00,1.35173,1.35181,1.35172,1.35178,0.0
2026-09-05 12:00:00,1.35176,1.35182,1.35172,1.35176,0.0
2026-09-05 12:15:00,1.35175,1.35183,1.35172,1.35175,0.0
2026-09-05 12:30:00,1.35176,1.35184,1.35173,1.35175,0.0
2026-09-05 12:45:00,1.35176,1.35184,1.35173,1.35179,0.0
2026-09-05 13:00:00,1.35176,1.35183,1.35173,1.35178,0.0
2026-09-05 13:15:00,1.35176,1.35181,1.35166,1.3517,0.0
2026-09-05 13:30:00,1.35171,1.35183,1.35166,1.35175,0.0
2026-09-05 13:45:00,1.35175,1.35177,1.35168,1.35174,0.0
2026-09-05 14:00:00,1.35171,1.35177,1.35168,1.35173,0.0
2026-09-05 14:15:00,1.35171,1.35177,1.35169,1.3517,0.0
2026-09-05 14:30:00,1.3517,1.35177,1.35168,1.35171,0.0
2026-09-05 14:45:00,1.35171,1.35178,1.35169,1.35173,0.0
2026-09-05 15:00:00,1.35171,1.35177,1.35168,1.35174,0.0
2026-09-05 15:15:00,1.35171,1.35177,1.35169,1.3517,0.0
2026-09-05 15:30:00,1.35171,1.35178,1.35169,1.3517,0.0
2026-09-05 15:45:00,1.35171,1.35177,1.35169,1.35173,0.0
2026-09-05 16:00:00,1.3517,1.35178,1.35169,1.35175,0.0
2026-09-05 16:15:00,1.35172,1.35178,1.35164,1.35172,0.0
2026-09-05 16:30:00,1.35171,1.35178,1.35161,1.35174,0.0
2026-09-05 16:45:00,1.3517,1.35178,1.3517,1.35174,0.0
2026-09-05 17:00:00,1.35171,1.35178,1.35164,1.35175,0.0
2026-09-05 17:15:00,1.35172,1.35178,1.3517,1.35172,0.0
2026-09-05 17:30:00,1.35171,1.35178,1.35162,1.35171,0.0
2026-09-05 17:45:00,1.35172,1.35178,1.35164,1.35173,0.0
2026-09-05 18:00:00,1.35169,1.35177,1.35169,1.35175,0.0
2026-09-05 18:15:00,1.35172,1.35178,1.35161,1.35172,0.0
2026-09-05 18:30:00,1.35171,1.3518,1.35169,1.35169,0.0
2026-09-05 18:45:00,1.35172,1.35184,1.35164,1.35178,0.0
2026-09-05 19:00:00,1.35176,1.3518,1.35166,1.35174,0.0
2026-09-05 19:15:00,1.3517,1.3518,1.3517,1.35175,0.0
2026-09-05 19:30:00,1.35173,1.35181,1.35164,1.35172,0.0
2026-09-05 19:45:00,1.35174,1.35182,1.35172,1.3518,0.0
2026-09-05 20:00:00,1.35177,1.35183,1.35164,1.35177,0.0
2026-09-05 20:15:00,1.35174,1.35188,1.35163,1.35176,0.0
2026-09-05 20:30:00,1.35173,1.35182,1.35172,1.35173,0.0
2026-09-05 20:45:00,1.35175,1.35187,1.35168,1.35181,0.0
2026-09-05 21:00:00,1.35181,1.35186,1.35175,1.35182,0.0
2026-09-05 21:15:00,1.35179,1.35188,1.35168,1.35183,0.0
2026-09-05 21:30:00,1.3518,1.35185,1.35161,1.35162,0.0
2026-09-05 21:45:00,1.35165,1.35171,1.35163,1.35164,0.0
2026-09-05 22:00:00,1.35165,1.3517,1.3516,1.35164,0.0
2026-09-05 22:15:00,1.35162,1.35172,1.35159,1.35169,0.0
2026-09-05 22:30:00,1.35166,1.35172,1.3516,1.35164,0.0
2026-09-05 22:45:00,1.35162,1.35168,1.35159,1.35159,0.0
2026-09-05 23:00:00,1.3516,1.35166,1.35158,1.35162,0.0
2026-09-05 23:15:00,1.3516,1.3517,1.35158,1.35168,0.0
2026-09-05 23:30:00,1.35165,1.35171,1.35163,1.35166,0.0
2026-09-05 23:45:00,1.35165,1.35168,1.3516,1.35161,0.0
2026-09-06 00:00:00,1.35162,1.35171,1.35158,1.35161,0.0
2026-09-06 00:15:00,1.35162,1.35172,1.35162,1.35169,0.0
2026-09-06 00:30:00,1.35165,1.35174,1.35161,1.35165,0.0
2026-09-06 00:45:00,1.35163,1.35169,1.35161,1.35162,0.0
2026-09-06 01:00:00,1.35163,1.35171,1.35159,1.35165,0.0
2026-09-06 01:15:00,1.35165,1.35171,1.35161,1.35165,0.0
2026-09-06 01:30:00,1.35161,1.35172,1.35161,1.35168,0.0
2026-09-06 01:45:00,1.35166,1.35181,1.35157,1.35175,0.0
2026-09-06 02:00:00,1.35176,1.35179,1.35166,1.3517,0.0
2026-09-06 02:15:00,1.35171,1.35175,1.35159,1.35171,0.0
2026-09-06 02:30:00,1.35169,1.3518,1.35163,1.35178,0.0
2026-09-06 02:45:00,1.35173,1.35176,1.35161,1.35175,0.0
2026-09-06 03:00:00,1.35173,1.35178,1.35161,1.35162,0.0
2026-09-06 03:15:00,1.35163,1.35175,1.3516,1.3517,0.0
2026-09-06 03:30:00,1.35168,1.35175,1.35162,1.35172,0.0
2026-09-06 03:45:00,1.35169,1.35176,1.35165,1.35171,0.0
2026-09-06 04:00:00,1.3517,1.3517,1.35157,1.35158,0.0
2026-09-06 04:15:00,1.35159,1.35179,1.35157,1.35167,0.0
2026-09-06 04:30:00,1.35165,1.35171,1.35163,1.35168,0.0
2026-09-06 04:45:00,1.35165,1.35171,1.35155,1.35159,0.0
2026-09-06 05:00:00,1.35158,1.35161,1.35153,1.35154,0.0
2026-09-06 05:15:00,1.35154,1.35159,1.35147,1.35156,0.0
2026-09-06 05:30:00,1.35153,1.35159,1.35146,1.35154,0.0
2026-09-06 05:45:00,1.35147,1.35178,1.35147,1.35174,0.0
2026-09-06 06:00:00,1.35172,1.3518,1.35161,1.35166,0.0
2026-09-06 06:15:00,1.35167,1.35173,1.35164,1.35168,0.0
2026-09-06 06:30:00,1.35167,1.35167,1.35157,1.35163,0.0
2026-09-06 06:45:00,1.3516,1.35167,1.35152,1.35163,0.0
2026-09-06 07:00:00,1.3516,1.35168,1.35159,1.3516,0.0
2026-09-06 07:15:00,1.35161,1.35167,1.35152,1.35155,0.0
2026-09-06 07:30:00,1.35155,1.35167,1.35154,1.35165,0.0
2026-09-06 07:45:00,1.35163,1.3517,1.35149,1.35166,0.0
2026-09-06 08:00:00,1.35164,1.35168,1.35152,1.35153,0.0
2026-09-06 08:15:00,1.35154,1.35171,1.35142,1.35164,0.0
2026-09-06 08:30:00,1.35165,1.3517,1.35155,1.3516,0.0
2026-09-06 08:45:00,1.35158,1.35164,1.35156,1.3516,0.0
2026-09-06 09:00:00,1.35158,1.35158,1.35149,1.35151,0.0
2026-09-06 09:15:00,1.35151,1.35158,1.35149,1.35151,0.0
2026-09-06 09:30:00,1.35151,1.35157,1.35149,1.35153,0.0
2026-09-06 09:45:00,1.35151,1.35166,1.3515,1.35163,0.0
2026-09-06 10:00:00,1.3516,1.35173,1.35153,1.35168,0.0
2026-09-06 10:15:00,1.35168,1.35175,1.35161,1.35168,0.0
2026-09-06 10:30:00,1.35169,1.35174,1.35157,1.35163,0.0
2026-09-06 10:45:00,1.35161,1.35167,1.35159,1.35164,0.0
2026-09-06 11:00:00,1.35161,1.35168,1.35153,1.35157,0.0
2026-09-06 11:15:00,1.35157,1.35163,1.35155,1.35156,0.0
2026-09-06 11:30:00,1.35157,1.35162,1.35148,1.35154,0.0
2026-09-06 11:45:00,1.35151,1.35174,1.35151,1.35168,0.0
2026-09-06 12:00:00,1.35165,1.35174,1.35162,1.35169,0.0
2026-09-06 12:15:00,1.35168,1.35172,1.35157,1.35164,0.0
2026-09-06 12:30:00,1.35165,1.35175,1.35163,1.35173,0.0
2026-09-06 12:45:00,1.35169,1.35173,1.35157,1.35164,0.0
2026-09-06 13:00:00,1.35161,1.35167,1.35152,1.35157,0.0
2026-09-06 13:15:00,1.35155,1.35167,1.35155,1.3516,0.0
2026-09-06 13:30:00,1.35161,1.35167,1.35152,1.35155,0.0
2026-09-06 13:45:00,1.35155,1.35161,1.35153,1.35157,0.0
2026-09-06 14:00:00,1.35155,1.3516,1.35148,1.35152,0.0
2026-09-06 14:15:00,1.3515,1.3516,1.35149,1.3515,0.0
2026-09-06 14:30:00,1.35151,1.35157,1.35149,1.3515,0.0
2026-09-06 14:45:00,1.35151,1.35155,1.35144,1.35149,0.0
2026-09-06 15:00:00,1.35147,1.35153,1.35145,1.35149,0.0
2026-09-06 15:15:00,1.35147,1.35152,1.35141,1.35143,0.0
2026-09-06 15:30:00,1.35143,1.35149,1.35139,1.3514,0.0
2026-09-06 15:45:00,1.35141,1.35147,1.35139,1.35142,0.0
2026-09-06 16:00:00,1.35141,1.35162,1.35138,1.35155,0.0
2026-09-06 16:15:00,1.35152,1.35158,1.3515,1.35154,0.0
2026-09-06 16:30:00,1.35152,1.35154,1.35146,1.35147,0.0
2026-09-06 16:45:00,1.35148,1.35154,1.35142,1.35146,0.0
2026-09-06 17:00:00,1.35144,1.3515,1.35142,1.35147,0.0
2026-09-06 17:15:00,1.35144,1.3515,1.35139,1.35142,0.0
2026-09-06 17:30:00,1.35141,1.35153,1.35139,1.35146,0.0
2026-09-06 17:45:00,1.35147,1.35152,1.35144,1.35149,0.0
2026-09-06 18:00:00,1.35146,1.35152,1.35142,1.35146,0.0
2026-09-06 18:15:00,1.35143,1.35149,1.35141,1.35145,0.0
2026-09-06 18:30:00,1.35143,1.35149,1.35139,1.3514,0.0
2026-09-06 18:45:00,1.35141,1.35147,1.35139,1.35141,0.0
2026-09-06 19:00:00,1.35141,1.35144,1.35136,1.35141,0.0
2026-09-06 19:15:00,1.35138,1.35151,1.35136,1.35144,0.0
2026-09-06 19:30:00,1.35142,1.35148,1.3514,1.35141,0.0
2026-09-06 19:45:00,1.35142,1.35148,1.35138,1.35139,0.0
2026-09-06 20:00:00,1.35139,1.35145,1.35137,1.35142,0.0
2026-09-06 20:15:00,1.35139,1.35145,1.35137,1.35142,0.0
2026-09-06 20:30:00,1.35139,1.35145,1.35137,1.35139,0.0
2026-09-06 20:45:00,1.35139,1.35146,1.35137,1.35139,0.0
2026-09-06 21:00:00,1.35139,1.35146,1.35138,1.35141,0.0
2026-09-06 21:15:00,1.35139,1.35145,1.35137,1.35142,0.0
2026-09-06 21:30:00,1.35139,1.35364,1.35017,1.3529,0.0
2026-09-06 21:45:00,1.3529,1.35296,1.35288,1.35289,0.0
2026-09-06 22:00:00,1.3529,1.35296,1.35288,1.35292,0.0
2026-09-06 22:15:00,1.3529,1.35296,1.35288,1.35293,0.0
2026-09-06 22:30:00,1.3529,1.35296,1.35288,1.35291,0.0
2026-09-06 22:45:00,1.3529,1.35296,1.35288,1.35289,0.0
2026-09-06 23:00:00,1.3529,1.35296,1.35288,1.35292,0.0
2026-09-06 23:15:00,1.3529,1.3541,1.35059,1.35345,0.0
2026-09-06 23:30:00,1.35342,1.35348,1.3534,1.35343,0.0
2026-09-06 23:45:00,1.35342,1.35348,1.3534,1.35341,0.0
2026-09-07 00:00:00,1.35342,1.35348,1.35175,1.35176,0.0
2026-09-07 00:15:00,1.35176,1.35181,1.35172,1.35176,0.0
2026-09-07 00:30:00,1.35173,1.3518,1.35171,1.35175,0.0
2026-09-07 00:45:00,1.35174,1.3519,1.35146,1.35153,0.0
2026-09-07 01:00:00,1.35152,1.35362,1.34983,1.35295,0.0
2026-09-07 01:15:00,1.35295,1.35301,1.35293,1.35298,0.0
2026-09-07 01:30:00,1.35295,1.35301,1.3523,1.35238,0.0
2026-09-07 01:45:00,1.35251,1.35252,1.35155,1.35183,0.0
2026-09-07 02:00:00,1.35184,1.35186,1.3517,1.35172,0.0
2026-09-07 02:15:00,1.35172,1.35178,1.3517,1.35175,0.0
2026-09-07 02:30:00,1.35172,1.35386,1.35041,1.35319,0.0
2026-09-07 02:45:00,1.35316,1.35322,1.35314,1.35316,0.0
2026-09-07 03:00:00,1.35316,1.35319,1.35168,1.35175,0.0
2026-09-07 03:15:00,1.35176,1.35182,1.35172,1.35176,0.0
2026-09-07 03:30:00,1.35174,1.35179,1.35171,1.35176,0.0
2026-09-07 03:45:00,1.35174,1.3518,1.35172,1.35175,0.0
2026-09-07 04:00:00,1.35173,1.35182,1.35172,1.35179,0.0
2026-09-07 04:15:00,1.35176,1.35274,1.35029,1.35058,0.0
2026-09-07 04:30:00,1.35066,1.35134,1.35039,1.35124,0.0
2026-09-07 04:45:00,1.35108,1.35152,1.35047,1.35149,0.0
2026-09-07 05:00:00,1.35143,1.35395,1.35108,1.35147,0.0
2026-09-07 05:15:00,1.35168,1.35389,1.34943,1.3524,0.0
2026-09-07 05:30:00,1.35181,1.35311,1.34995,1.35158,0.0
2026-09-07 05:45:00,1.3516,1.35203,1.35038,1.3508,0.0
2026-09-07 06:00:00,1.35098,1.35182,1.35064,1.35158,0.0
2026-09-07 06:15:00,1.35149,1.35164,1.35088,1.35123,0.0
2026-09-07 06:30:00,1.3513,1.35207,1.3513,1.35194,0.0
2026-09-07 06:45:00,1.35191,1.35205,1.35139,1.35176,0.0
2026-09-07 07:00:00,1.35179,1.35196,1.35141,1.35146,0.0
2026-09-07 07:15:00,1.35157,1.35203,1.35157,1.35193,0.0
2026-09-07 07:30:00,1.35188,1.35212,1.35179,1.35204,0.0
2026-09-07 07:45:00,1.35198,1.35208,1.35173,1.35185,0.0
2026-09-07 08:00:00,1.35178,1.35194,1.35139,1.35157,0.0
2026-09-07 08:15:00,1.35158,1.35164,1.35155,1.35157,0.0
2026-09-07 08:30:00,1.35157,1.3516,1.35144,1.35154,0.0
2026-09-07 08:45:00,1.35152,1.35172,1.35151,1.35162,0.0
2026-09-07 09:00:00,1.35159,1.35192,1.35159,1.35189,0.0
2026-09-07 09:15:00,1.35184,1.35193,1.35175,1.35191,0.0
2026-09-07 09:30:00,1.35186,1.35204,1.35179,1.35198,0.0
2026-09-07 09:45:00,1.35196,1.35205,1.35164,1.35173,0.0
2026-09-07 10:00:00,1.35176,1.35197,1.35157,1.35189,0.0
2026-09-07 10:15:00,1.3519,1.35217,1.35173,1.35211,0.0
2026-09-07 10:30:00,1.35208,1.35221,1.35194,1.3522,0.0
2026-09-07 10:45:00,1.35217,1.35223,1.35192,1.35198,0.0
2026-09-07 11:00:00,1.35194,1.35212,1.35159,1.35173,0.0
2026-09-07 11:15:00,1.35172,1.35175,1.3513,1.3517,0.0
2026-09-07 11:30:00,1.35171,1.35174,1.3513,1.35134,0.0
2026-09-07 11:45:00,1.35134,1.35159,1.35123,1.35134,0.0
2026-09-07 12:00:00,1.35133,1.35138,1.35079,1.35081,0.0
2026-09-07 12:15:00,1.35083,1.35093,1.35064,1.35087,0.0
2026-09-07 12:30:00,1.35088,1.35103,1.35075,1.35076,0.0
2026-09-07 12:45:00,1.35078,1.35082,1.35061,1.3507,0.0
2026-09-07 13:00:00,1.35066,1.35095,1.35066,1.35082,0.0
2026-09-07 13:15:00,1.35078,1.35129,1.35078,1.35122,0.0
2026-09-07 13:30:00,1.35124,1.35128,1.35079,1.3508,0.0
2026-09-07 13:45:00,1.35082,1.3511,1.35082,1.35109,0.0
2026-09-07 14:00:00,1.35103,1.35118,1.35102,1.35111,0.0
2026-09-07 14:15:00,1.35108,1.35113,1.35093,1.35102,0.0
2026-09-07 14:30:00,1.35102,1.35106,1.35082,1.35102,0.0
2026-09-07 14:45:00,1.35097,1.35127,1.35095,1.35126,0.0
2026-09-07 15:00:00,1.35122,1.35132,1.35111,1.35119,0.0
2026-09-07 15:15:00,1.35117,1.35122,1.351,1.35118,0.0
2026-09-07 15:30:00,1.3511,1.35144,1.3511,1.35137,0.0
2026-09-07 15:45:00,1.35138,1.35193,1.35137,1.35191,0.0
2026-09-07 16:00:00,1.35185,1.35195,1.35144,1.35176,0.0
2026-09-07 16:15:00,1.35173,1.35265,1.35163,1.35248,0.0
2026-09-07 16:30:00,1.35249,1.35324,1.35249,1.3529,0.0
2026-09-07 16:45:00,1.35291,1.35298,1.35269,1.35269,0.0
2026-09-07 17:00:00,1.35269,1.35282,1.35223,1.35231,0.0
2026-09-07 17:15:00,1.35227,1.35266,1.35227,1.35251,0.0
2026-09-07 17:30:00,1.35255,1.35276,1.3522,1.35253,0.0
2026-09-07 17:45:00,1.35241,1.3534,1.35241,1.35322,0.0
2026-09-07 18:00:00,1.35313,1.35407,1.35299,1.35404,0.0
2026-09-07 18:15:00,1.35398,1.35443,1.35366,1.35412,0.0
2026-09-07 18:30:00,1.35416,1.35447,1.35364,1.35365,0.0
2026-09-07 18:45:00,1.35367,1.35372,1.35311,1.35355,0.0
2026-09-07 19:00:00,1.35349,1.35373,1.35335,1.35356,0.0
2026-09-07 19:15:00,1.35354,1.3541,1.35343,1.35408,0.0
2026-09-07 19:30:00,1.35402,1.35432,1.35375,1.35377,0.0
2026-09-07 19:45:00,1.35381,1.3539,1.35344,1.3536,0.0
2026-09-07 20:00:00,1.3536,1.3537,1.35338,1.35355,0.0
2026-09-07 20:15:00,1.35354,1.35389,1.35344,1.35356,0.0
2026-09-07 20:30:00,1.35358,1.35394,1.35342,1.35374,0.0
2026-09-07 20:45:00,1.35379,1.35412,1.35369,1.35394,0.0
2026-09-07 21:00:00,1.35389,1.35403,1.35356,1.35358,0.0
2026-09-07 21:15:00,1.35359,1.35374,1.35353,1.35362,0.0
2026-09-07 21:30:00,1.35362,1.35377,1.35346,1.35365,0.0
2026-09-07 21:45:00,1.35367,1.35377,1.35331,1.35332,0.0
2026-09-07 22:00:00,1.35333,1.3534,1.35298,1.35311,0.0
2026-09-07 22:15:00,1.35309,1.35353,1.35297,1.35351,0.0
2026-09-07 22:30:00,1.35347,1.35386,1.35345,1.35371,0.0
2026-09-07 22:45:00,1.35373,1.35394,1.35344,1.35378,0.0
2026-09-07 23:00:00,1.35373,1.35399,1.35364,1.35394,0.0
2026-09-07 23:15:00,1.35387,1.35395,1.35358,1.35383,0.0
2026-09-07 23:30:00,1.35379,1.35385,1.35362,1.35377,0.0
2026-09-07 23:45:00,1.35376,1.35399,1.35374,1.35375,0.0
2026-09-08 00:00:00,1.3538,1.35412,1.35367,1.35408,0.0
2026-09-08 00:15:00,1.35401,1.35436,1.35393,1.35404,0.0
2026-09-08 00:30:00,1.3541,1.35424,1.35386,1.35402,0.0
2026-09-08 00:45:00,1.35401,1.35462,1.35388,1.35457,0.0
2026-09-08 01:00:00,1.3545,1.35469,1.35415,1.35438,0.0
2026-09-08 01:15:00,1.35437,1.35446,1.35415,1.35446,0.0
2026-09-08 01:30:00,1.35443,1.35443,1.35415,1.35422,0.0
2026-09-08 01:45:00,1.3542,1.35425,1.354,1.35404,0.0
2026-09-08 02:00:00,1.35403,1.35424,1.35383,1.35418,0.0
2026-09-08 02:15:00,1.35412,1.35432,1.35402,1.35432,0.0
2026-09-08 02:30:00,1.35428,1.35466,1.35428,1.35462,0.0
2026-09-08 02:45:00,1.3546,1.3548,1.35454,1.35467,0.0
2026-09-08 03:00:00,1.35468,1.35472,1.35435,1.35436,0.0
2026-09-08 03:15:00,1.35441,1.35451,1.35426,1.35427,0.0
2026-09-08 03:30:00,1.35428,1.35436,1.35427,1.35433,0.0
2026-09-08 03:45:00,1.35431,1.35436,1.35417,1.35431,0.0
2026-09-08 04:00:00,1.3543,1.35434,1.35415,1.35417,0.0
2026-09-08 04:15:00,1.35418,1.35425,1.35406,1.35413,0.0
2026-09-08 04:30:00,1.3541,1.35428,1.35403,1.35426,0.0
2026-09-08 04:45:00,1.35423,1.35426,1.35406,1.35413,0.0
2026-09-08 05:00:00,1.35412,1.35423,1.35406,1.35414,0.0
2026-09-08 05:15:00,1.35411,1.35415,1.35399,1.35402,0.0
2026-09-08 05:30:00,1.35402,1.35406,1.35389,1.35404,0.0
2026-09-08 05:45:00,1.35402,1.35406,1.35395,1.354,0.0
2026-09-08 06:00:00,1.35399,1.35406,1.35396,1.35398,0.0
2026-09-08 06:15:00,1.35398,1.35416,1.35397,1.35409,0.0
2026-09-08 06:30:00,1.35409,1.35415,1.35404,1.35413,0.0
2026-09-08 06:45:00,1.3541,1.35418,1.35402,1.35412,0.0
2026-09-08 07:00:00,1.3541,1.35419,1.35384,1.35416,0.0
2026-09-08 07:15:00,1.35414,1.35426,1.35404,1.35422,0.0
2026-09-08 07:30:00,1.3542,1.35437,1.35409,1.35419,0.0
2026-09-08 07:45:00,1.35416,1.35433,1.35416,1.35428,0.0
2026-09-08 08:00:00,1.35425,1.35435,1.35415,1.35428,0.0
2026-09-08 08:15:00,1.35425,1.35441,1.35419,1.35438,0.0
2026-09-08 08:30:00,1.35433,1.35438,1.35415,1.35421,0.0
2026-09-08 08:45:00,1.35419,1.35434,1.35415,1.3543,0.0
2026-09-08 09:00:00,1.35427,1.35456,1.35422,1.35453,0.0
2026-09-08 09:15:00,1.35448,1.3548,1.35448,1.35463,0.0
2026-09-08 09:30:00,1.35464,1.35481,1.35455,1.35481,0.0
2026-09-08 09:45:00,1.35478,1.35494,1.35452,1.3547,0.0
2026-09-08 10:00:00,1.35466,1.35492,1.35425,1.35428,0.0
2026-09-08 10:15:00,1.35433,1.35455,1.35413,1.35452,0.0
2026-09-08 10:30:00,1.35448,1.35457,1.35435,1.35437,0.0
2026-09-08 10:45:00,1.3544,1.35455,1.35431,1.35434,0.0
2026-09-08 11:00:00,1.35437,1.35453,1.35414,1.35441,0.0
2026-09-08 11:15:00,1.3544,1.35499,1.35438,1.35489,0.0
2026-09-08 11:30:00,1.35492,1.35492,1.35442,1.35461,0.0
2026-09-08 11:45:00,1.35455,1.35473,1.35439,1.35471,0.0
2026-09-08 12:00:00,1.35462,1.3549,1.35431,1.35434,0.0
2026-09-08 12:15:00,1.35438,1.35457,1.35408,1.3541,0.0
2026-09-08 12:30:00,1.35412,1.35412,1.35356,1.35374,0.0
2026-09-08 12:45:00,1.35371,1.3538,1.35345,1.35352,0.0
2026-09-08 13:00:00,1.35349,1.35364,1.35342,1.35356,0.0
2026-09-08 13:15:00,1.35353,1.35386,1.35353,1.35378,0.0
2026-09-08 13:30:00,1.3538,1.35397,1.35362,1.35395,0.0
2026-09-08 13:45:00,1.35392,1.35404,1.35367,1.35382,0.0
2026-09-08 14:00:00,1.35378,1.35388,1.35371,1.35382,0.0
2026-09-08 14:15:00,1.35379,1.35391,1.35357,1.35369,0.0
2026-09-08 14:30:00,1.3537,1.35386,1.3536,1.35381,0.0
2026-09-08 14:45:00,1.35375,1.35399,1.35375,1.35399,0.0
2026-09-08 15:00:00,1.35397,1.35415,1.35395,1.35404,0.0
2026-09-08 15:15:00,1.35401,1.35421,1.35384,1.35385,0.0
2026-09-08 15:30:00,1.35386,1.35415,1.35371,1.35412,0.0
2026-09-08 15:45:00,1.35408,1.35436,1.35391,1.35431,0.0
2026-09-08 16:00:00,1.3542,1.35536,1.3542,1.3544,0.0
2026-09-08 16:15:00,1.35442,1.35454,1.35352,1.35384,0.0
2026-09-08 16:30:00,1.35385,1.3542,1.35355,1.35415,0.0
2026-09-08 16:45:00,1.35409,1.35429,1.35369,1.35371,0.0
2026-09-08 17:00:00,1.35374,1.3541,1.35342,1.35399,0.0
2026-09-08 17:15:00,1.35392,1.35405,1.35338,1.35351,0.0
2026-09-08 17:30:00,1.35349,1.35395,1.3527,1.35275,0.0
2026-09-08 17:45:00,1.3528,1.35334,1.3528,1.35313,0.0
2026-09-08 18:00:00,1.35311,1.35353,1.35269,1.35275,0.0
2026-09-08 18:15:00,1.35285,1.35307,1.35227,1.353,0.0
2026-09-08 18:30:00,1.35297,1.35329,1.35289,1.35291,0.0
2026-09-08 18:45:00,1.35291,1.35305,1.35241,1.35242,0.0
2026-09-08 19:00:00,1.35243,1.3531,1.35237,1.35239,0.0
2026-09-08 19:15:00,1.3524,1.3526,1.35236,1.35252,0.0
2026-09-08 19:30:00,1.3525,1.35334,1.35248,1.35302,0.0
2026-09-08 19:45:00,1.3531,1.35318,1.35265,1.35315,0.0
2026-09-08 20:00:00,1.35309,1.35328,1.35254,1.35303,0.0
2026-09-08 20:15:00,1.35296,1.35358,1.35284,1.35295,0.0
2026-09-08 20:30:00,1.35293,1.35301,1.35223,1.35235,0.0
2026-09-08 20:45:00,1.35234,1.353,1.35228,1.35297,0.0
2026-09-08 21:00:00,1.35292,1.35301,1.35227,1.35228,0.0
2026-09-08 21:15:00,1.35229,1.35359,1.35229,1.35356,0.0
2026-09-08 21:30:00,1.35352,1.3543,1.35352,1.35383,0.0
2026-09-08 21:45:00,1.35385,1.35461,1.3534,1.3545,0.0
2026-09-08 22:00:00,1.35435,1.35473,1.35433,1.3546,0.0
2026-09-08 22:15:00,1.35459,1.35504,1.35404,1.35501,0.0
2026-09-08 22:30:00,1.35489,1.35538,1.35487,1.35494,0.0
2026-09-08 22:45:00,1.35497,1.35562,1.35496,1.35529,0.0
2026-09-08 23:00:00,1.35536,1.35597,1.3552,1.35591,0.0
2026-09-08 23:15:00,1.3559,1.35612,1.35545,1.3555,0.0
2026-09-08 23:30:00,1.35557,1.3556,1.35512,1.3554,0.0
2026-09-08 23:45:00,1.35539,1.35539,1.35476,1.35519,0.0
2026-09-09 00:00:00,1.35517,1.35533,1.35443,1.35448,0.0
2026-09-09 00:15:00,1.35456,1.35542,1.3543,1.35522,0.0
2026-09-09 00:30:00,1.35525,1.35565,1.35508,1.35548,0.0
2026-09-09 00:45:00,1.3554,1.35562,1.35485,1.35523,0.0
2026-09-09 01:00:00,1.35521,1.35565,1.35485,1.35517,0.0
2026-09-09 01:15:00,1.35524,1.35524,1.35468,1.35484,0.0
2026-09-09 01:30:00,1.35482,1.35489,1.35417,1.35435,0.0
2026-09-09 01:45:00,1.35432,1.35432,1.35401,1.35421,0.0
2026-09-09 02:00:00,1.35419,1.35425,1.35333,1.35335,0.0
2026-09-09 02:15:00,1.35341,1.3536,1.35332,1.35352,0.0
2026-09-09 02:30:00,1.35347,1.35366,1.35316,1.35319,0.0
2026-09-09 02:45:00,1.35323,1.35361,1.35308,1.3536,0.0
2026-09-09 03:00:00,1.35358,1.35395,1.35357,1.35379,0.0
2026-09-09 03:15:00,1.35381,1.35391,1.35364,1.35377,0.0
2026-09-09 03:30:00,1.3537,1.35399,1.35364,1.35374,0.0
2026-09-09 03:45:00,1.35371,1.35422,1.3536,1.35418,0.0
2026-09-09 04:00:00,1.35414,1.35434,1.35404,1.35418,0.0
2026-09-09 04:15:00,1.35419,1.3545,1.35397,1.35435,0.0
2026-09-09 04:30:00,1.35436,1.35492,1.35436,1.3549,0.0
2026-09-09 04:45:00,1.35485,1.35527,1.35386,1.35441,0.0
2026-09-09 05:00:00,1.35445,1.35475,1.35433,1.35446,0.0
2026-09-09 05:15:00,1.35445,1.35446,1.35419,1.35428,0.0
2026-09-09 05:30:00,1.35427,1.35434,1.35413,1.35433,0.0
2026-09-09 05:45:00,1.3543,1.35438,1.3538,1.35396,0.0
2026-09-09 06:00:00,1.35395,1.35425,1.35377,1.35388,0.0
2026-09-09 06:15:00,1.35383,1.35424,1.35382,1.35394,0.0
2026-09-09 06:30:00,1.35395,1.35422,1.35382,1.35412,0.0
2026-09-09 06:45:00,1.35409,1.35415,1.35396,1.35401,0.0
2026-09-09 07:00:00,1.35404,1.35422,1.35356,1.35369,0.0
2026-09-09 07:15:00,1.35367,1.35369,1.35348,1.35364,0.0
2026-09-09 07:30:00,1.3536,1.3537,1.35349,1.3536,0.0
2026-09-09 07:45:00,1.35361,1.35378,1.35358,1.35372,0.0
2026-09-09 08:00:00,1.35369,1.35415,1.35347,1.35406,0.0
2026-09-09 08:15:00,1.35407,1.35426,1.35406,1.35418,0.0
2026-09-09 08:30:00,1.35419,1.35425,1.35404,1.35408,0.0
2026-09-09 08:45:00,1.35405,1.35421,1.35404,1.35412,0.0
2026-09-09 09:00:00,1.35409,1.35424,1.35404,1.35414,0.0
2026-09-09 09:15:00,1.35414,1.35428,1.35411,1.35418,0.0
2026-09-09 09:30:00,1.35419,1.35433,1.35405,1.35432,0.0
2026-09-09 09:45:00,1.35429,1.35445,1.35424,1.35428,0.0
2026-09-09 10:00:00,1.35429,1.35473,1.35417,1.35466,0.0
2026-09-09 10:15:00,1.35465,1.35474,1.35452,1.35468,0.0
2026-09-09 10:30:00,1.35463,1.35469,1.35433,1.35452,0.0
2026-09-09 10:45:00,1.35448,1.35483,1.35448,1.35482,0.0
2026-09-09 11:00:00,1.35478,1.35496,1.35435,1.35461,0.0
2026-09-09 11:15:00,1.3546,1.35477,1.35435,1.35438,0.0
2026-09-09 11:30:00,1.35438,1.35438,1.35417,1.35432,0.0
2026-09-09 11:45:00,1.35429,1.35463,1.35426,1.3546,0.0
2026-09-09 12:00:00,1.35456,1.35465,1.35424,1.35438,0.0
2026-09-09 12:15:00,1.35445,1.35445,1.35417,1.35417,0.0
2026-09-09 12:30:00,1.35418,1.35441,1.35416,1.35439,0.0
2026-09-09 12:45:00,1.35434,1.35472,1.35434,1.35471,0.0
2026-09-09 13:00:00,1.35469,1.35474,1.35452,1.35459,0.0
2026-09-09 13:15:00,1.35462,1.35465,1.35445,1.35459,0.0
2026-09-09 13:30:00,1.3546,1.35483,1.35444,1.35472,0.0
2026-09-09 13:45:00,1.35473,1.35489,1.35453,1.35463,0.0
2026-09-09 14:00:00,1.35462,1.35474,1.35443,1.35471,0.0
2026-09-09 14:15:00,1.35468,1.35493,1.35455,1.35491,0.0
2026-09-09 14:30:00,1.35489,1.35498,1.35465,1.35478,0.0
2026-09-09 14:45:00,1.35473,1.35512,1.35472,1.3551,0.0
2026-09-09 15:00:00,1.35506,1.35533,1.35491,1.35521,0.0
2026-09-09 15:15:00,1.35518,1.35548,1.35506,1.35546,0.0
2026-09-09 15:30:00,1.35541,1.35549,1.35512,1.35513,0.0
2026-09-09 15:45:00,1.35515,1.35531,1.35487,1.35531,0.0
2026-09-09 16:00:00,1.35529,1.35574,1.35525,1.35573,0.0
2026-09-09 16:15:00,1.35568,1.35628,1.35563,1.3559,0.0
2026-09-09 16:30:00,1.35589,1.3562,1.35569,1.3557,0.0
2026-09-09 16:45:00,1.35572,1.35601,1.35559,1.35599,0.0
2026-09-09 17:00:00,1.35597,1.35664,1.35593,1.35662,0.0
2026-09-09 17:15:00,1.35658,1.35682,1.35599,1.35622,0.0
2026-09-09 17:30:00,1.3562,1.35637,1.35582,1.35625,0.0
2026-09-09 17:45:00,1.35628,1.35648,1.3557,1.35596,0.0
2026-09-09 18:00:00,1.35594,1.35595,1.35461,1.35493,0.0
2026-09-09 18:15:00,1.35487,1.35511,1.35457,1.3546,0.0
2026-09-09 18:30:00,1.35464,1.35479,1.35443,1.35444,0.0
2026-09-09 18:45:00,1.35446,1.35466,1.3543,1.35432,0.0
2026-09-09 19:00:00,1.35435,1.35446,1.35413,1.35415,0.0
2026-09-09 19:15:00,1.35415,1.35485,1.35415,1.35482,0.0
2026-09-09 19:30:00,1.35479,1.35479,1.35405,1.35443,0.0
2026-09-09 19:45:00,1.35445,1.35445,1.35331,1.35332,0.0
2026-09-09 20:00:00,1.35335,1.35378,1.35309,1.35342,0.0
2026-09-09 20:15:00,1.35358,1.35369,1.353,1.35366,0.0
2026-09-09 20:30:00,1.35363,1.3542,1.35349,1.35394,0.0
2026-09-09 20:45:00,1.35395,1.35422,1.35353,1.35355,0.0
2026-09-09 21:00:00,1.3536,1.35407,1.35358,1.35393,0.0
2026-09-09 21:15:00,1.35389,1.35613,1.3537,1.3561,0.0
2026-09-09 21:30:00,1.35598,1.35653,1.35584,1.35598,0.0
2026-09-09 21:45:00,1.3561,1.35659,1.35573,1.35613,0.0
2026-09-09 22:00:00,1.3561,1.35659,1.35596,1.35621,0.0
2026-09-09 22:15:00,1.35627,1.35627,1.35557,1.35565,0.0
2026-09-09 22:30:00,1.35562,1.35572,1.35523,1.35538,0.0
2026-09-09 22:45:00,1.35536,1.35561,1.35481,1.35501,0.0
2026-09-09 23:00:00,1.35496,1.35577,1.35496,1.35576,0.0
2026-09-09 23:15:00,1.35572,1.35572,1.35498,1.35534,0.0
2026-09-09 23:30:00,1.3553,1.35586,1.3552,1.35566,0.0
2026-09-09 23:45:00,1.35543,1.35618,1.35543,1.35556,0.0
2026-09-10 00:00:00,1.35566,1.35627,1.35566,1.35589,0.0
2026-09-10 00:15:00,1.35602,1.35636,1.35591,1.35619,0.0
2026-09-10 00:30:00,1.35619,1.35629,1.35599,1.35601,0.0
2026-09-10 00:45:00,1.35605,1.35628,1.35595,1.35623,0.0
2026-09-10 01:00:00,1.35617,1.35643,1.35399,1.35413,0.0
2026-09-10 01:15:00,1.35413,1.35443,1.35349,1.35437,0.0
2026-09-10 01:30:00,1.35421,1.35527,1.35421,1.35515,0.0
2026-09-10 01:45:00,1.35512,1.35516,1.35458,1.35467,0.0
2026-09-10 02:00:00,1.35472,1.35547,1.35468,1.35488,0.0
2026-09-10 02:15:00,1.35489,1.35496,1.35455,1.35471,0.0
2026-09-10 02:30:00,1.35475,1.35511,1.35463,1.35509,0.0
2026-09-10 02:45:00,1.35505,1.35554,1.35505,1.3552,0.0
2026-09-10 03:00:00,1.35519,1.35582,1.35518,1.35564,0.0
2026-09-10 03:15:00,1.3557,1.35606,1.35566,1.35604,0.0
2026-09-10 03:30:00,1.35602,1.35611,1.35566,1.35603,0.0
2026-09-10 03:45:00,1.356,1.35605,1.35582,1.35591,0.0
2026-09-10 04:00:00,1.35592,1.35602,1.35577,1.35592,0.0
2026-09-10 04:15:00,1.35588,1.35595,1.3555,1.35555,0.0
2026-09-10 04:30:00,1.35557,1.35557,1.35505,1.35507,0.0
2026-09-10 04:45:00,1.3551,1.35512,1.35456,1.3546,0.0
2026-09-10 05:00:00,1.35459,1.3547,1.35422,1.35423,0.0
2026-09-10 05:15:00,1.35426,1.35457,1.35426,1.35428,0.0
2026-09-10 05:30:00,1.35429,1.35452,1.35428,1.35451,0.0
2026-09-10 05:45:00,1.35447,1.35479,1.35439,1.3545,0.0
2026-09-10 06:00:00,1.35452,1.35461,1.35432,1.35439,0.0
2026-09-10 06:15:00,1.3544,1.35455,1.35415,1.35448,0.0
2026-09-10 06:30:00,1.35448,1.35469,1.35446,1.35463,0.0
2026-09-10 06:45:00,1.3546,1.35483,1.35459,1.35469,0.0
2026-09-10 07:00:00,1.35467,1.35529,1.35454,1.35521,0.0
2026-09-10 07:15:00,1.35521,1.35522,1.35462,1.35498,0.0
2026-09-10 07:30:00,1.35492,1.35501,1.35471,1.35484,0.0
2026-09-10 07:45:00,1.35482,1.35487,1.35449,1.35469,0.0
2026-09-10 08:00:00,1.35462,1.35503,1.35459,1.35496,0.0
2026-09-10 08:15:00,1.35496,1.35523,1.35492,1.35517,0.0
2026-09-10 08:30:00,1.35517,1.35522,1.35498,1.35516,0.0
2026-09-10 08:45:00,1.35512,1.35522,1.35504,1.3552,0.0
2026-09-10 09:00:00,1.35514,1.35531,1.35512,1.35523,0.0
2026-09-10 09:15:00,1.35519,1.35533,1.35516,1.35524,0.0
2026-09-10 09:30:00,1.35525,1.35532,1.35511,1.35512,0.0
2026-09-10 09:45:00,1.35513,1.35525,1.3549,1.35496,0.0
2026-09-10 10:00:00,1.35493,1.35502,1.35459,1.35489,0.0
2026-09-10 10:15:00,1.35488,1.3549,1.35463,1.3547,0.0
2026-09-10 10:30:00,1.35469,1.35484,1.35449,1.35473,0.0
2026-09-10 10:45:00,1.35474,1.35497,1.35464,1.35478,0.0
2026-09-10 11:00:00,1.35476,1.35503,1.3546,1.35494,0.0
2026-09-10 11:15:00,1.35487,1.35519,1.35477,1.35477,0.0
2026-09-10 11:30:00,1.3548,1.35495,1.35469,1.35486,0.0
2026-09-10 11:45:00,1.35487,1.35575,1.35487,1.35574,0.0
2026-09-10 12:00:00,1.35566,1.35601,1.35559,1.35572,0.0
2026-09-10 12:15:00,1.3557,1.35571,1.35547,1.3555,0.0
2026-09-10 12:30:00,1.35549,1.35572,1.35527,1.35564,0.0
2026-09-10 12:45:00,1.35565,1.35583,1.35555,1.3558,0.0
2026-09-10 13:00:00,1.35569,1.35601,1.35552,1.35561,0.0
2026-09-10 13:15:00,1.35559,1.35563,1.35542,1.35561,0.0
2026-09-10 13:30:00,1.35558,1.35563,1.35545,1.35547,0.0
2026-09-10 13:45:00,1.35548,1.35565,1.35546,1.35565,0.0
2026-09-10 14:00:00,1.35562,1.35575,1.35553,1.35572,0.0
2026-09-10 14:15:00,1.3557,1.35573,1.35554,1.35555,0.0
2026-09-10 14:30:00,1.35555,1.3557,1.35547,1.35551,0.0
2026-09-10 14:45:00,1.35551,1.35552,1.35526,1.35539,0.0
2026-09-10 15:00:00,1.35536,1.35551,1.35526,1.35537,0.0
2026-09-10 15:15:00,1.35532,1.35554,1.35532,1.35541,0.0
2026-09-10 15:30:00,1.35541,1.3557,1.35533,1.35534,0.0
2026-09-10 15:45:00,1.35535,1.35587,1.35527,1.35584,0.0
2026-09-10 16:00:00,1.35577,1.35589,1.35551,1.35554,0.0
2026-09-10 16:15:00,1.35558,1.35574,1.35553,1.35565,0.0
2026-09-10 16:30:00,1.35563,1.35579,1.3554,1.35563,0.0
2026-09-10 16:45:00,1.35563,1.35582,1.35548,1.35579,0.0
2026-09-10 17:00:00,1.35576,1.35577,1.35514,1.35534,0.0
2026-09-10 17:15:00,1.35531,1.35557,1.35523,1.35525,0.0
2026-09-10 17:30:00,1.35528,1.35567,1.35523,1.35557,0.0
2026-09-10 17:45:00,1.3555,1.35573,1.35522,1.35532,0.0
2026-09-10 18:00:00,1.35536,1.35544,1.35483,1.35485,0.0
2026-09-10 18:15:00,1.35486,1.35512,1.35476,1.35485,0.0
2026-09-10 18:30:00,1.35478,1.35532,1.35477,1.35509,0.0
2026-09-10 18:45:00,1.35509,1.35565,1.35494,1.35557,0.0
2026-09-10 19:00:00,1.35545,1.35569,1.35532,1.35564,0.0
2026-09-10 19:15:00,1.35558,1.35573,1.355,1.35529,0.0
2026-09-10 19:30:00,1.35523,1.35523,1.35421,1.35423,0.0
2026-09-10 19:45:00,1.35427,1.35494,1.35427,1.35479,0.0
2026-09-10 20:00:00,1.35483,1.35533,1.35483,1.35522,0.0
2026-09-10 20:15:00,1.35521,1.35521,1.3543,1.35432,0.0
2026-09-10 20:30:00,1.35434,1.35434,1.35375,1.35402,0.0
2026-09-10 20:45:00,1.35398,1.35433,1.35375,1.35399,0.0
2026-09-10 21:00:00,1.35402,1.35402,1.353,1.35318,0.0
2026-09-10 21:15:00,1.35313,1.35368,1.35313,1.35362,0.0
2026-09-10 21:30:00,1.35352,1.35363,1.35314,1.35321,0.0
2026-09-10 21:45:00,1.35325,1.3535,1.35276,1.35278,0.0
2026-09-10 22:00:00,1.35284,1.35305,1.35194,1.352,0.0
2026-09-10 22:15:00,1.35202,1.35225,1.35137,1.35224,0.0
2026-09-10 22:30:00,1.35219,1.35283,1.34933,1.3497,0.0
2026-09-10 22:45:00,1.3496,1.35111,1.3496,1.35076,0.0
2026-09-10 23:00:00,1.35061,1.35117,1.35002,1.35005,0.0
2026-09-10 23:15:00,1.35009,1.35065,1.3498,1.35019,0.0
2026-09-10 23:30:00,1.35013,1.35162,1.34997,1.35159,0.0
2026-09-10 23:45:00,1.35149,1.35201,1.35148,1.35167,0.0
2026-09-11 00:00:00,1.35162,1.35206,1.35146,1.35148,0.0
2026-09-11 00:15:00,1.35154,1.35224,1.35135,1.35202,0.0
2026-09-11 00:30:00,1.35195,1.35239,1.35169,1.35212,0.0
2026-09-11 00:45:00,1.35218,1.35288,1.35207,1.35279,0.0
2026-09-11 01:00:00,1.35266,1.35336,1.35266,1.3531,0.0
2026-09-11 01:15:00,1.35312,1.35329,1.35276,1.35289,0.0
2026-09-11 01:30:00,1.35287,1.35324,1.35265,1.35311,0.0
2026-09-11 01:45:00,1.35312,1.35334,1.35262,1.35308,0.0
2026-09-11 02:00:00,1.35309,1.35317,1.35246,1.35251,0.0
2026-09-11 02:15:00,1.35264,1.35321,1.35263,1.35306,0.0
2026-09-11 02:30:00,1.35309,1.35313,1.3523,1.35232,0.0
2026-09-11 02:45:00,1.35231,1.35252,1.35225,1.35239,0.0
2026-09-11 03:00:00,1.35237,1.35279,1.35207,1.35274,0.0
2026-09-11 03:15:00,1.35267,1.35306,1.35267,1.35288,0.0
2026-09-11 03:30:00,1.35289,1.35302,1.35254,1.3526,0.0
2026-09-11 03:45:00,1.35257,1.35258,1.35203,1.35207,0.0
2026-09-11 04:00:00,1.35213,1.35222,1.35122,1.35133,0.0
2026-09-11 04:15:00,1.35131,1.35179,1.35117,1.35161,0.0
2026-09-11 04:30:00,1.35155,1.35161,1.35119,1.35136,0.0
2026-09-11 04:45:00,1.35132,1.35162,1.35111,1.35131,0.0
2026-09-11 05:00:00,1.35135,1.3514,1.35084,1.35085,0.0
2026-09-11 05:15:00,1.35086,1.35119,1.35075,1.35116,0.0
2026-09-11 05:30:00,1.35112,1.35118,1.35095,1.35111,0.0
2026-09-11 05:45:00,1.35109,1.35115,1.35091,1.35094,0.0
2026-09-11 06:00:00,1.35091,1.35115,1.3508,1.35089,0.0
2026-09-11 06:15:00,1.35087,1.3509,1.35049,1.3505,0.0
2026-09-11 06:30:00,1.35053,1.35105,1.35053,1.35087,0.0
2026-09-11 06:45:00,1.3509,1.3512,1.35074,1.35116,0.0
2026-09-11 07:00:00,1.35113,1.35173,1.35083,1.35084,0.0
2026-09-11 07:15:00,1.35087,1.35101,1.35059,1.35095,0.0
2026-09-11 07:30:00,1.35092,1.35132,1.35066,1.35123,0.0
2026-09-11 07:45:00,1.35117,1.3515,1.35091,1.35106,0.0
2026-09-11 08:00:00,1.35101,1.35134,1.35087,1.3511,0.0
2026-09-11 08:15:00,1.35107,1.35128,1.35102,1.35113,0.0
2026-09-11 08:30:00,1.35114,1.35124,1.35107,1.35123,0.0
2026-09-11 08:45:00,1.35121,1.35129,1.35108,1.35125,0.0
2026-09-11 09:00:00,1.35123,1.35142,1.35097,1.35103,0.0
2026-09-11 09:15:00,1.35101,1.35115,1.35089,1.35097,0.0
2026-09-11 09:30:00,1.35094,1.35103,1.35088,1.35097,0.0
2026-09-11 09:45:00,1.35092,1.35108,1.35089,1.35095,0.0
2026-09-11 10:00:00,1.35091,1.35152,1.35085,1.3513,0.0
2026-09-11 10:15:00,1.35128,1.35147,1.35114,1.35129,0.0
2026-09-11 10:30:00,1.35123,1.35153,1.35123,1.35136,0.0
2026-09-11 10:45:00,1.35138,1.35161,1.35133,1.35147,0.0
2026-09-11 11:00:00,1.35141,1.35164,1.35141,1.35149,0.0
2026-09-11 11:15:00,1.35151,1.35163,1.35126,1.35141,0.0
2026-09-11 11:30:00,1.35139,1.35146,1.35117,1.35123,0.0
2026-09-11 11:45:00,1.35121,1.35121,1.35075,1.35082,0.0
2026-09-11 12:00:00,1.35079,1.35093,1.35046,1.35077,0.0
2026-09-11 12:15:00,1.35073,1.3508,1.35029,1.35036,0.0
2026-09-11 12:30:00,1.35034,1.35048,1.35006,1.35039,0.0
2026-09-11 12:45:00,1.3504,1.35055,1.35029,1.35048,0.0
2026-09-11 13:00:00,1.35047,1.35048,1.35007,1.35029,0.0
2026-09-11 13:15:00,1.35026,1.35035,1.34975,1.34984,0.0
2026-09-11 13:30:00,1.34983,1.34993,1.34956,1.34992,0.0
2026-09-11 13:45:00,1.34989,1.35012,1.34967,1.35002,0.0
2026-09-11 14:00:00,1.35004,1.35062,1.34981,1.35059,0.0
2026-09-11 14:15:00,1.35056,1.35074,1.35048,1.35057,0.0
2026-09-11 14:30:00,1.35053,1.35077,1.35033,1.35048,0.0
2026-09-11 14:45:00,1.35044,1.35054,1.35031,1.35035,0.0
2026-09-11 15:00:00,1.35032,1.35059,1.35024,1.35054,0.0
2026-09-11 15:15:00,1.3505,1.35102,1.35035,1.35074,0.0
2026-09-11 15:30:00,1.35075,1.35142,1.35072,1.35115,0.0
2026-09-11 15:45:00,1.35126,1.35145,1.35099,1.35115,0.0
2026-09-11 16:00:00,1.35116,1.35218,1.35108,1.35209,0.0
2026-09-11 16:15:00,1.35184,1.35274,1.35184,1.3523,0.0
2026-09-11 16:30:00,1.35232,1.35257,1.3519,1.35216,0.0
2026-09-11 16:45:00,1.35221,1.35267,1.35221,1.35244,0.0
2026-09-11 17:00:00,1.35245,1.35249,1.35188,1.35215,0.0
2026-09-11 17:15:00,1.35223,1.35241,1.35188,1.35233,0.0
2026-09-11 17:30:00,1.35232,1.35232,1.35186,1.35187,0.0
2026-09-11 17:45:00,1.35189,1.35193,1.35144,1.3515,0.0
2026-09-11 18:00:00,1.35155,1.35168,1.35119,1.35145,0.0
2026-09-11 18:15:00,1.3514,1.35164,1.35085,1.35106,0.0
2026-09-11 18:30:00,1.35111,1.35122,1.35079,1.35108,0.0
2026-09-11 18:45:00,1.35109,1.35121,1.35062,1.35063,0.0
2026-09-11 19:00:00,1.35066,1.35093,1.34991,1.35036,0.0
2026-09-11 19:15:00,1.35033,1.35141,1.35026,1.35106,0.0
2026-09-11 19:30:00,1.35115,1.35115,1.35058,1.35079,0.0
2026-09-11 19:45:00,1.35073,1.35095,1.35033,1.35075,0.0
2026-09-11 20:00:00,1.35061,1.35131,1.35061,1.35089,0.0
2026-09-11 20:15:00,1.35081,1.35103,1.35048,1.35063,0.0
2026-09-11 20:30:00,1.3506,1.35061,1.35018,1.35026,0.0
2026-09-11 20:45:00,1.35027,1.35062,1.35027,1.35052,0.0
2026-09-11 21:00:00,1.35053,1.35105,1.35046,1.35091,0.0
2026-09-11 21:15:00,1.35084,1.35109,1.35063,1.35083,0.0
2026-09-11 21:30:00,1.35077,1.35079,1.35042,1.35046,0.0
2026-09-11 21:45:00,1.35052,1.35077,1.35029,1.3503,0.0
2026-09-11 22:00:00,1.35033,1.35123,1.35024,1.35098,0.0
2026-09-11 22:15:00,1.351,1.35163,1.351,1.35161,0.0
2026-09-11 22:30:00,1.35155,1.35155,1.34809,1.35069,0.0
2026-09-11 22:45:00,1.3507,1.3523,1.35063,1.35224,0.0
2026-09-11 23:00:00,1.35215,1.35285,1.35173,1.35204,0.0
2026-09-11 23:15:00,1.35211,1.3523,1.35141,1.35221,0.0
2026-09-11 23:30:00,1.35202,1.35256,1.35175,1.35193,0.0
2026-09-11 23:45:00,1.3519,1.35327,1.35175,1.35316,0.0
2026-09-12 00:00:00,1.35302,1.35344,1.35241,1.35289,0.0
2026-09-12 00:15:00,1.35293,1.35303,1.35251,1.35254,0.0
2026-09-12 00:30:00,1.35257,1.3527,1.35222,1.35256,0.0
2026-09-12 00:45:00,1.35253,1.35316,1.35248,1.35302,0.0
2026-09-12 01:00:00,1.353,1.35314,1.35236,1.3524,0.0
2026-09-12 01:15:00,1.35248,1.35284,1.35235,1.35247,0.0
2026-09-12 01:30:00,1.35245,1.35245,1.35197,1.35223,0.0
2026-09-12 01:45:00,1.35219,1.35219,1.35183,1.35185,0.0
2026-09-12 02:00:00,1.3519,1.35244,1.3519,1.35234,0.0
2026-09-12 02:15:00,1.35235,1.35254,1.35212,1.35254,0.0
2026-09-12 02:30:00,1.35253,1.35253,1.35203,1.35224,0.0
2026-09-12 02:45:00,1.35221,1.35247,1.35205,1.35237,0.0
2026-09-12 03:00:00,1.35233,1.3524,1.35179,1.35203,0.0
2026-09-12 03:15:00,1.352,1.35238,1.35197,1.35231,0.0
2026-09-12 03:30:00,1.35228,1.35252,1.35228,1.35241,0.0
2026-09-12 03:45:00,1.35237,1.35278,1.35234,1.35238,0.0
2026-09-12 04:00:00,1.35241,1.35285,1.35232,1.35269,0.0
2026-09-12 04:15:00,1.35267,1.35272,1.35234,1.35261,0.0
2026-09-12 04:30:00,1.35256,1.3526,1.35195,1.35214,0.0
2026-09-12 04:45:00,1.3521,1.35246,1.35204,1.35243,0.0
2026-09-12 05:00:00,1.35236,1.35272,1.35233,1.35268,0.0
2026-09-12 05:15:00,1.35263,1.35285,1.35261,1.35271,0.0
2026-09-12 05:30:00,1.35268,1.35269,1.35246,1.35259,0.0
2026-09-12 05:45:00,1.35255,1.35285,1.35243,1.35283,0.0
2026-09-12 06:00:00,1.35279,1.35293,1.35263,1.35263,0.0
2026-09-12 06:15:00,1.35265,1.35274,1.35256,1.35265,0.0
2026-09-12 06:30:00,1.35266,1.3527,1.35226,1.35244,0.0
2026-09-12 06:45:00,1.35235,1.35277,1.35235,1.3526,0.0
2026-09-12 07:00:00,1.3526,1.35286,1.35258,1.35274,0.0
2026-09-12 07:15:00,1.35275,1.3529,1.35265,1.35275,0.0
2026-09-12 07:30:00,1.35271,1.35288,1.35265,1.35278,0.0
2026-09-12 07:45:00,1.35274,1.35287,1.35255,1.35282,0.0
2026-09-12 08:00:00,1.35274,1.35278,1.35245,1.3527,0.0
2026-09-12 08:15:00,1.3527,1.35276,1.35262,1.35269,0.0
2026-09-12 08:30:00,1.35269,1.35274,1.35263,1.3527,0.0
2026-09-12 08:45:00,1.35268,1.35274,1.35262,1.3527,0.0
2026-09-12 09:00:00,1.35268,1.35288,1.35226,1.35264,0.0
2026-09-12 09:15:00,1.35265,1.35273,1.35262,1.35269,0.0
2026-09-12 09:30:00,1.35267,1.35274,1.35259,1.35264,0.0
2026-09-12 09:45:00,1.35265,1.35274,1.35262,1.3527,0.0
2026-09-12 10:00:00,1.35268,1.35287,1.35262,1.3528,0.0
2026-09-12 10:15:00,1.35278,1.35288,1.35267,1.35279,0.0
2026-09-12 10:30:00,1.3528,1.35286,1.35267,1.35278,0.0
2026-09-12 10:45:00,1.35279,1.35287,1.35265,1.35283,0.0
2026-09-12 11:00:00,1.3528,1.35286,1.35265,1.35282,0.0
2026-09-12 11:15:00,1.3528,1.35289,1.35264,1.35279,0.0
2026-09-12 11:30:00,1.35279,1.35287,1.35267,1.3528,0.0
2026-09-12 11:45:00,1.3528,1.35286,1.35265,1.35282,0.0
2026-09-12 12:00:00,1.35279,1.35285,1.35265,1.35282,0.0
2026-09-12 12:15:00,1.35279,1.3529,1.35264,1.35278,0.0
2026-09-12 12:30:00,1.35279,1.35286,1.35265,1.35278,0.0
2026-09-12 12:45:00,1.35278,1.35285,1.35261,1.35281,0.0
2026-09-12 13:00:00,1.35279,1.35285,1.35265,1.35281,0.0
2026-09-12 13:15:00,1.35278,1.35294,1.35261,1.35281,0.0
2026-09-12 13:30:00,1.35279,1.35285,1.35277,1.35278,0.0
2026-09-12 13:45:00,1.35279,1.35286,1.35277,1.35281,0.0
2026-09-12 14:00:00,1.35279,1.35287,1.35278,1.35283,0.0
2026-09-12 14:15:00,1.35279,1.35292,1.35262,1.35279,0.0
2026-09-12 14:30:00,1.35279,1.35285,1.35272,1.35278,0.0
2026-09-12 14:45:00,1.35279,1.35285,1.35277,1.35281,0.0
2026-09-12 15:00:00,1.35279,1.35285,1.35265,1.3528,0.0
2026-09-12 15:15:00,1.35277,1.35287,1.35277,1.35281,0.0
2026-09-12 15:30:00,1.3528,1.35286,1.35278,1.35279,0.0
2026-09-12 15:45:00,1.35279,1.35285,1.35277,1.35282,0.0
2026-09-12 16:00:00,1.35279,1.35286,1.35278,1.35283,0.0
2026-09-12 16:15:00,1.3528,1.35287,1.35278,1.35281,0.0
2026-09-12 16:30:00,1.3528,1.35286,1.35276,1.35279,0.0
2026-09-12 16:45:00,1.3528,1.35286,1.35278,1.3528,0.0
2026-09-12 17:00:00,1.3528,1.35286,1.35277,1.35283,0.0
2026-09-12 17:15:00,1.3528,1.35286,1.35277,1.35282,0.0
2026-09-12 17:30:00,1.3528,1.35286,1.35278,1.35279,0.0
2026-09-12 17:45:00,1.3528,1.35286,1.35277,1.35279,0.0
2026-09-12 18:00:00,1.3528,1.35284,1.35276,1.35281,0.0
2026-09-12 18:15:00,1.35278,1.35285,1.35276,1.35282,0.0
2026-09-12 18:30:00,1.35279,1.35285,1.35277,1.35279,0.0
2026-09-12 18:45:00,1.35279,1.35288,1.35277,1.35285,0.0
2026-09-12 19:00:00,1.35281,1.35286,1.35277,1.35283,0.0
2026-09-12 19:15:00,1.35281,1.35287,1.35259,1.35283,0.0
2026-09-12 19:30:00,1.35279,1.35287,1.35278,1.35281,0.0
2026-09-12 19:45:00,1.35281,1.35289,1.35279,1.35281,0.0
2026-09-12 20:00:00,1.35282,1.35288,1.35279,1.35283,0.0
2026-09-12 20:15:00,1.35281,1.35287,1.35278,1.35283,0.0
2026-09-12 20:30:00,1.3528,1.35287,1.35279,1.35283,0.0
2026-09-12 20:45:00,1.35281,1.35288,1.35279,1.35281,0.0
2026-09-12 21:00:00,1.35282,1.35287,1.35279,1.35284,0.0
2026-09-12 21:15:00,1.35281,1.35288,1.3528,1.35284,0.0
2026-09-12 21:30:00,1.35281,1.35289,1.35279,1.35283,0.0
2026-09-12 21:45:00,1.35281,1.35287,1.35279,1.3528,0.0
2026-09-12 22:00:00,1.35281,1.35287,1.35277,1.35282,0.0
2026-09-12 22:15:00,1.35279,1.35285,1.35277,1.35282,0.0
2026-09-12 22:30:00,1.35279,1.35285,1.35277,1.35281,0.0
2026-09-12 22:45:00,1.35279,1.35285,1.35277,1.35278,0.0
2026-09-12 23:00:00,1.35279,1.35286,1.35276,1.35279,0.0
2026-09-12 23:15:00,1.35279,1.35287,1.35278,1.35285,0.0
2026-09-12 23:30:00,1.35282,1.35287,1.35276,1.3528,0.0
2026-09-12 23:45:00,1.35278,1.35286,1.35276,1.35278,0.0
2026-09-13 00:00:00,1.35279,1.35286,1.35276,1.35279,0.0
2026-09-13 00:15:00,1.35279,1.35284,1.35276,1.35283,0.0
2026-09-13 00:30:00,1.3528,1.35286,1.35276,1.35281,0.0
2026-09-13 00:45:00,1.35278,1.35289,1.35278,1.35282,0.0
2026-09-13 01:00:00,1.35282,1.35289,1.35276,1.3528,0.0
2026-09-13 01:15:00,1.35281,1.35285,1.35277,1.35281,0.0
2026-09-13 01:30:00,1.35279,1.35284,1.35276,1.35281,0.0
2026-09-13 01:45:00,1.35278,1.35284,1.35277,1.3528,0.0
2026-09-13 02:00:00,1.35278,1.35286,1.35269,1.35278,0.0
2026-09-13 02:15:00,1.35279,1.35289,1.35278,1.35283,0.0
2026-09-13 02:30:00,1.35281,1.35288,1.35277,1.35286,0.0
2026-09-13 02:45:00,1.35283,1.35289,1.35281,1.35285,0.0
2026-09-13 03:00:00,1.35283,1.35293,1.35282,1.35284,0.0
2026-09-13 03:15:00,1.35285,1.35291,1.35281,1.35281,0.0
2026-09-13 03:30:00,1.35281,1.35288,1.35276,1.35286,0.0
2026-09-13 03:45:00,1.35284,1.35289,1.35276,1.3528,0.0
2026-09-13 04:00:00,1.35278,1.35289,1.35277,1.35277,0.0
2026-09-13 04:15:00,1.35279,1.35287,1.35277,1.35281,0.0
2026-09-13 04:30:00,1.35281,1.35288,1.35279,1.35283,0.0
2026-09-13 04:45:00,1.3528,1.3529,1.35274,1.35282,0.0
2026-09-13 05:00:00,1.3528,1.35287,1.35279,1.35279,0.0
2026-09-13 05:15:00,1.3528,1.35287,1.35278,1.3528,0.0
2026-09-13 05:30:00,1.3528,1.35285,1.35263,1.35279,0.0
2026-09-13 05:45:00,1.35277,1.35283,1.35275,1.35279,0.0
2026-09-13 06:00:00,1.35277,1.3529,1.35275,1.35284,0.0
2026-09-13 06:15:00,1.35284,1.3529,1.35282,1.35284,0.0
2026-09-13 06:30:00,1.35284,1.35286,1.35278,1.35282,0.0
2026-09-13 06:45:00,1.35279,1.35287,1.35277,1.35282,0.0
2026-09-13 07:00:00,1.3528,1.3529,1.35278,1.35284,0.0
2026-09-13 07:15:00,1.35284,1.3529,1.35279,1.3528,0.0
2026-09-13 07:30:00,1.35281,1.35288,1.3528,1.35285,0.0
2026-09-13 07:45:00,1.35283,1.35289,1.3528,1.35285,0.0
2026-09-13 08:00:00,1.35282,1.35291,1.3528,1.35282,0.0
2026-09-13 08:15:00,1.35282,1.35288,1.3528,1.35281,0.0
2026-09-13 08:30:00,1.35282,1.35287,1.35279,1.35282,0.0
2026-09-13 08:45:00,1.3528,1.35286,1.35278,1.35283,0.0
2026-09-13 09:00:00,1.3528,1.35285,1.35258,1.35275,0.0
2026-09-13 09:15:00,1.35274,1.35285,1.35272,1.35278,0.0
2026-09-13 09:30:00,1.35279,1.35285,1.35277,1.35282,0.0
2026-09-13 09:45:00,1.35279,1.35285,1.35277,1.35282,0.0
2026-09-13 10:00:00,1.35279,1.35285,1.35277,1.35281,0.0
2026-09-13 10:15:00,1.35279,1.35285,1.35277,1.35278,0.0
2026-09-13 10:30:00,1.35279,1.35297,1.35254,1.3527,0.0
2026-09-13 10:45:00,1.3527,1.3528,1.35268,1.35279,0.0
2026-09-13 11:00:00,1.35276,1.35286,1.35275,1.35282,0.0
2026-09-13 11:15:00,1.3528,1.35286,1.35278,1.35279,0.0
2026-09-13 11:30:00,1.3528,1.35288,1.35278,1.35281,0.0
2026-09-13 11:45:00,1.35282,1.35289,1.3528,1.35284,0.0
2026-09-13 12:00:00,1.35281,1.35287,1.35279,1.35284,0.0
2026-09-13 12:15:00,1.35281,1.35287,1.35277,1.35279,0.0
2026-09-13 12:30:00,1.35279,1.35286,1.35277,1.3528,0.0
2026-09-13 12:45:00,1.35281,1.35288,1.35279,1.35283,0.0
2026-09-13 13:00:00,1.35281,1.35288,1.35278,1.35284,0.0
2026-09-13 13:15:00,1.35282,1.35286,1.35278,1.3528,0.0
2026-09-13 13:30:00,1.3528,1.35286,1.35278,1.35279,0.0
2026-09-13 13:45:00,1.3528,1.35286,1.35278,1.35282,0.0
2026-09-13 14:00:00,1.3528,1.35285,1.35277,1.35282,0.0
2026-09-13 14:15:00,1.35279,1.35288,1.35278,1.35285,0.0
2026-09-13 14:30:00,1.35283,1.35289,1.35281,1.35282,0.0
2026-09-13 14:45:00,1.35283,1.3529,1.35281,1.35286,0.0
2026-09-13 15:00:00,1.35283,1.35289,1.35281,1.35286,0.0
2026-09-13 15:15:00,1.35283,1.3529,1.35279,1.35282,0.0
2026-09-13 15:30:00,1.35281,1.35287,1.35279,1.35281,0.0
2026-09-13 15:45:00,1.35282,1.35288,1.3528,1.35282,0.0
2026-09-13 16:00:00,1.35282,1.35289,1.35281,1.35286,0.0
2026-09-13 16:15:00,1.35283,1.35289,1.35281,1.35285,0.0
2026-09-13 16:30:00,1.35283,1.35288,1.3528,1.35282,0.0
2026-09-13 16:45:00,1.35283,1.35289,1.35281,1.35283,0.0
2026-09-13 17:00:00,1.35283,1.35289,1.35281,1.35286,0.0
2026-09-13 17:15:00,1.35283,1.35289,1.3528,1.35284,0.0
2026-09-13 17:30:00,1.35282,1.35286,1.35256,1.35269,0.0
2026-09-13 17:45:00,1.3527,1.35284,1.35265,1.35278,0.0
2026-09-13 18:00:00,1.35278,1.35284,1.35276,1.35281,0.0
2026-09-13 18:15:00,1.35278,1.35284,1.35276,1.35281,0.0
2026-09-13 18:30:00,1.35278,1.35287,1.35276,1.35281,0.0
2026-09-13 18:45:00,1.35281,1.35287,1.35279,1.3528,0.0
2026-09-13 19:00:00,1.35281,1.35286,1.35278,1.35282,0.0
2026-09-13 19:15:00,1.3528,1.35287,1.35278,1.35284,0.0
2026-09-13 19:30:00,1.35281,1.35287,1.35279,1.35283,0.0
2026-09-13 19:45:00,1.35281,1.35287,1.35278,1.35279,0.0
2026-09-13 20:00:00,1.3528,1.35288,1.35278,1.35284,0.0
2026-09-13 20:15:00,1.35282,1.35288,1.3528,1.35285,0.0
2026-09-13 20:30:00,1.35282,1.35288,1.3528,1.35282,0.0
2026-09-13 20:45:00,1.35282,1.35288,1.3528,1.35281,0.0
2026-09-13 21:00:00,1.35282,1.35288,1.3528,1.35284,0.0
2026-09-13 21:15:00,1.35282,1.35288,1.3528,1.35285,0.0
2026-09-13 21:30:00,1.35282,1.353,1.35268,1.35296,0.0
2026-09-13 21:45:00,1.35294,1.353,1.35283,1.35283,0.0
2026-09-13 22:00:00,1.35285,1.353,1.35279,1.35297,0.0
2026-09-13 22:15:00,1.35293,1.353,1.35292,1.35296,0.0
2026-09-13 22:30:00,1.35293,1.3531,1.35291,1.35306,0.0
2026-09-13 22:45:00,1.35304,1.35317,1.35302,1.35311,0.0
2026-09-13 23:00:00,1.35312,1.35318,1.3531,1.35312,0.0
2026-09-13 23:15:00,1.35312,1.35315,1.35269,1.35298,0.0
2026-09-13 23:30:00,1.35295,1.35301,1.35293,1.35297,0.0
2026-09-13 23:45:00,1.35295,1.35311,1.35295,1.35305,0.0
2026-09-14 00:00:00,1.35305,1.35308,1.35272,1.35286,0.0
2026-09-14 00:15:00,1.35286,1.35293,1.35285,1.35289,0.0
2026-09-14 00:30:00,1.35286,1.35303,1.35279,1.3529,0.0
2026-09-14 00:45:00,1.35287,1.35293,1.35285,1.35287,0.0
2026-09-14 01:00:00,1.35287,1.35313,1.35278,1.35284,0.0
2026-09-14 01:15:00,1.35285,1.35303,1.35278,1.35292,0.0
2026-09-14 01:30:00,1.35292,1.35298,1.3529,1.35295,0.0
2026-09-14 01:45:00,1.35292,1.353,1.35281,1.35294,0.0
2026-09-14 02:00:00,1.35294,1.35299,1.35287,1.35288,0.0
2026-09-14 02:15:00,1.35289,1.353,1.35287,1.35297,0.0
2026-09-14 02:30:00,1.35294,1.35309,1.3529,1.35305,0.0
2026-09-14 02:45:00,1.35302,1.35308,1.353,1.35303,0.0
2026-09-14 03:00:00,1.35302,1.35304,1.35247,1.35288,0.0
2026-09-14 03:15:00,1.35289,1.35292,1.35283,1.35288,0.0
2026-09-14 03:30:00,1.35285,1.35338,1.35266,1.35323,0.0
2026-09-14 03:45:00,1.3532,1.35326,1.35277,1.35284,0.0
2026-09-14 04:00:00,1.35285,1.35286,1.35277,1.35279,0.0
2026-09-14 04:15:00,1.3528,1.3534,1.35277,1.3528,0.0
2026-09-14 04:30:00,1.3528,1.35287,1.35277,1.35284,0.0
2026-09-14 04:45:00,1.35282,1.35294,1.35272,1.35282,0.0
2026-09-14 05:00:00,1.3528,1.35289,1.35241,1.35256,0.0
2026-09-14 05:15:00,1.35257,1.35278,1.35236,1.35257,0.0
2026-09-14 05:30:00,1.35255,1.35261,1.35236,1.35238,0.0
2026-09-14 05:45:00,1.35237,1.35264,1.35237,1.35251,0.0
2026-09-14 06:00:00,1.35252,1.35269,1.35248,1.3525,0.0
2026-09-14 06:15:00,1.35255,1.35266,1.35246,1.35248,0.0
2026-09-14 06:30:00,1.35255,1.35267,1.35247,1.3526,0.0
2026-09-14 06:45:00,1.35257,1.35265,1.35242,1.35261,0.0
2026-09-14 07:00:00,1.35258,1.3527,1.35236,1.35238,0.0
2026-09-14 07:15:00,1.3524,1.35265,1.35236,1.35249,0.0
2026-09-14 07:30:00,1.35252,1.35268,1.3525,1.35258,0.0
2026-09-14 07:45:00,1.35258,1.35278,1.35252,1.3526,0.0
2026-09-14 08:00:00,1.35258,1.35272,1.35227,1.35235,0.0
2026-09-14 08:15:00,1.35236,1.35236,1.35184,1.35204,0.0
2026-09-14 08:30:00,1.35198,1.35215,1.35193,1.35211,0.0
2026-09-14 08:45:00,1.35203,1.35241,1.35203,1.35231,0.0
2026-09-14 09:00:00,1.35228,1.35254,1.35224,1.35248,0.0
2026-09-14 09:15:00,1.35247,1.35247,1.35204,1.35215,0.0
2026-09-14 09:30:00,1.3521,1.35227,1.35201,1.35221,0.0
2026-09-14 09:45:00,1.35213,1.35264,1.35213,1.35263,0.0
2026-09-14 10:00:00,1.35259,1.35293,1.35238,1.35255,0.0
2026-09-14 10:15:00,1.35253,1.35261,1.35179,1.35184,0.0
2026-09-14 10:30:00,1.35185,1.35197,1.35154,1.35156,0.0
2026-09-14 10:45:00,1.35162,1.35197,1.35162,1.35171,0.0
2026-09-14 11:00:00,1.35176,1.35191,1.35136,1.35141,0.0
2026-09-14 11:15:00,1.35139,1.35167,1.35134,1.35159,0.0
2026-09-14 11:30:00,1.35161,1.35188,1.35131,1.35173,0.0
2026-09-14 11:45:00,1.35177,1.35192,1.35166,1.35179,0.0
2026-09-14 12:00:00,1.35176,1.35197,1.35162,1.35192,0.0
2026-09-14 12:15:00,1.35189,1.35194,1.35164,1.35168,0.0
2026-09-14 12:30:00,1.35168,1.35176,1.35128,1.35141,0.0
2026-09-14 12:45:00,1.35137,1.35151,1.35126,1.35128,0.0
2026-09-14 13:00:00,1.35129,1.35138,1.35081,1.35093,0.0
2026-09-14 13:15:00,1.35091,1.35091,1.35065,1.3508,0.0
2026-09-14 13:30:00,1.35077,1.35081,1.35035,1.35038,0.0
2026-09-14 13:45:00,1.35039,1.35064,1.35037,1.3505,0.0
2026-09-14 14:00:00,1.35051,1.35072,1.35046,1.35068,0.0
2026-09-14 14:15:00,1.35065,1.35072,1.35037,1.35043,0.0
2026-09-14 14:30:00,1.35045,1.35061,1.35031,1.35033,0.0
2026-09-14 14:45:00,1.35033,1.35048,1.35021,1.35031,0.0
2026-09-14 15:00:00,1.35033,1.35044,1.35011,1.35015,0.0
2026-09-14 15:15:00,1.35011,1.35051,1.3501,1.35049,0.0
2026-09-14 15:30:00,1.35047,1.35062,1.35034,1.3505,0.0
2026-09-14 15:45:00,1.35043,1.35067,1.35035,1.3506,0.0
2026-09-14 16:00:00,1.3506,1.35061,1.34927,1.34956,0.0
2026-09-14 16:15:00,1.34958,1.34959,1.34873,1.34931,0.0
