Date,Open,High,Low,Close,Volume
2019-01-02,1792.711758332889,1798.0060615944176,1791.2220225080425,1797.1596040833206,199267
2019-01-03,1792.3296118059122,1798.8155456996712,1773.310970102125,1779.6454008776036,148225
2019-01-04,1776.988032266095,1804.4796623557727,1776.188443260037,1803.5891783851139,241905
2019-01-07,1803.491598997498,1816.5421217772964,1800.0050137875155,1810.9214069309369,245512
2019-01-08,1805.2156193277135,1839.1002562667557,1797.7517074170999,1835.159359337794,145993
2019-01-09,1833.9627687498005,1846.1988573902925,1833.5552808070286,1845.7035784684492,226866
2019-01-10,1850.8032224507167,1878.3335226896295,1844.0375516843255,1863.8889586362257,204670
2019-01-11,1863.9766495044214,1864.0973456747497,1860.7313458475153,1860.8117267317023,146479
2019-01-14,1855.8683637183674,1871.4400532871223,1855.5566781501605,1870.7613024286181,193908
2019-01-15,1871.4008210268291,1912.0952501923202,1870.473075374699,1906.9944295975495,141578
2019-01-16,1904.392000623587,1909.0460161488134,1888.6770987062084,1891.1635092560366,220948
2019-01-17,1886.4539270896469,1913.634939044067,1876.5721129925637,1906.9154752478073,218705
2019-01-18,1911.5118630336347,1933.2051404790043,1910.447957746189,1930.5350371340733,241625
2019-01-21,1931.6029200100415,1937.098228644223,1930.2886117733647,1936.519333132609,94317
2019-01-22,1944.5498441744753,1958.8924554628784,1933.6156134001253,1946.5970093259784,201358
2019-01-23,1942.4297971058718,1970.8925697291447,1938.0531896440177,1963.4917041153367,100180
2019-01-24,1972.3073030535427,1974.9608299932343,1949.8169136136328,1954.0203172603074,220823
2019-01-25,1956.3997277021072,1967.4713783617283,1951.164606091441,1959.2363864750105,177083
2019-01-28,1959.8702616361375,1967.3658439798392,1942.1217458681674,1948.5954837345514,162645
2019-01-29,1946.7462411328686,1947.716510441975,1941.5482757145771,1941.8939118208364,176619
2019-01-30,1939.5532850427983,1940.2331804249275,1936.4367588482028,1936.7408125528812,236088
2019-01-31,1936.7622660980398,1945.462514933574,1929.1092552094613,1935.6092270123129,176788
2019-02-01,1937.9357954434156,1939.6135781858904,1935.9170140124602,1936.7704039310154,240923
2019-02-04,1936.4098587517049,1941.0124915122115,1936.0433017628707,1940.3591090830184,210074
2019-02-05,1944.9774033263643,1945.3873493102985,1928.1964243974828,1928.6413772533767,246055
2019-02-06,1928.9838031806914,1946.0376995697088,1927.4439484949091,1945.2825586251954,229822
2019-02-07,1942.5197608116857,1958.744313766311,1938.5044393282908,1954.8263931301103,92025
2019-02-08,1957.193098384096,1964.7545697146027,1952.7604949888519,1960.6421014974565,147986
2019-02-11,1957.3836030897435,1960.1133303755075,1955.59932671973,1957.769130342088,144059
2019-02-12,1956.7480012181836,1957.1579605347247,1956.7164604702102,1957.0556670632855,135393
2019-02-13,1955.386128399116,1965.583406015965,1952.054859193722,1961.5248588760928,171056
2019-02-14,1958.460027356189,1968.1779044102705,1955.6242274804986,1964.833088135335,224438
2019-02-15,1964.3182542108557,1964.4400038237677,1951.206924378506,1951.3082583014846,108281
2019-02-18,1954.356247632078,1958.2417707010372,1952.8072371193475,1957.2361709430002,121615
2019-02-19,1956.9131486030738,1982.2721938109025,1955.368695263003,1980.6325618029616,132370
2019-02-20,1978.0184410449847,1978.4771021254128,1962.7437225950378,1963.2477858506145,228768
2019-02-21,1965.7017407433202,1974.1457893688537,1961.7780817124456,1971.561257977411,96487
2019-02-22,1970.5411342207467,1974.8972174423084,1969.3382520206574,1974.6467275621992,200200
2019-02-25,1974.8141432606676,1976.820051594218,1971.4753578683158,1973.5950278008263,112123
2019-02-26,1971.0389685780285,1987.6066065546675,1968.3543697699056,1985.5733522048467,223932
2019-02-27,1985.7152362515897,1987.2062962275177,1972.6066452074833,1975.3436195515233,235863
2019-02-28,1973.7885115719948,1977.029716114979,1973.3483980412962,1976.7686631443771,188310
2019-03-01,1977.992319362981,1993.5699437356402,1972.8455610923718,1989.6871071055225,191383
2019-03-04,1988.992967473847,1989.7688173392805,1987.3757754076166,1988.080247379136,98048
2019-03-05,1989.0885154741948,1989.1745322391305,1984.6001872486697,1984.6292313094962,220085
2019-03-06,1986.1853970802877,1987.0267361033648,1984.747588837916,1985.7693152669146,201508
2019-03-07,1983.7431348914204,1986.8683825195712,1978.2029199873166,1982.1428608637584,90094
2019-03-08,1984.1173064777645,1997.167533597378,1980.9528056030285,1996.3687011755594,164352
2019-03-11,1998.1634690303765,2000.376178434261,1986.2454284126527,1987.8368325891304,161038
2019-03-12,1994.4054912435843,1995.742021198001,1994.2630738940227,1995.3311133730413,111234
2019-03-13,1990.6464587280632,1994.3604474461229,1975.271994383106,1981.4628241028054,249185
2019-03-14,1987.8891034984244,2004.2503535887233,1972.8125489901188,1989.4487584721549,97355
2019-03-15,1991.3626938517048,1991.8366291381708,1987.9286896497888,1988.3483874510514,191756
2019-03-18,1993.2701255074526,1995.2221931946694,1958.8475938335357,1960.9762894932992,124700
2019-03-19,1963.9018171551634,1966.7081993827137,1959.5410008142198,1960.911827753638,220503
2019-03-20,1962.5446261200873,1962.727706508717,1948.9858801254943,1949.2618107762296,101318
2019-03-21,1945.6941286295973,1946.3022037447295,1943.49096400762,1944.0752714122325,140327
2019-03-22,1944.146549697129,1963.7070791596766,1940.3673921697114,1961.8726520176044,103062
2019-03-25,1966.5032319088846,1970.7164559311268,1944.5545452344818,1947.9311583474866,125618
2019-03-26,1947.881758756206,1955.5689352773584,1929.4669057978074,1932.9632797181457,223403
2019-03-27,1928.371855450484,1954.6481589153473,1924.010326389241,1951.9892475496054,217788
2019-03-28,1944.9651505416477,1953.852584884765,1944.1572174942205,1953.5665216040263,241604
2019-03-29,1955.3213759905086,1975.4143106003294,1951.5937100673307,1973.660203311312,120373
2019-04-01,1978.1624108330038,1984.3800666570821,1974.5563571582347,1977.9730760075531,249115
2019-04-02,1976.8473552864596,1980.036851568716,1958.3804298684745,1967.4729969372804,217183
2019-04-03,1970.059758464907,1972.2972368304033,1962.845598013063,1966.7366981999478,175098
2019-04-04,1967.558807281301,1980.4067403477397,1967.233912998961,1980.135478145013,169149
2019-04-05,1985.1986508770976,1992.8005918429562,1984.2623302339316,1991.4939660183002,176223
2019-04-08,1997.1108653203282,1998.0173592416622,1990.8090222768087,1991.5086085639712,209931
2019-04-09,1993.6400234227542,1993.698086633362,1991.9725799225055,1992.0921877038886,90125
2019-04-10,1994.25869974287,1996.9258920190987,1987.6747240816999,1990.8626274070546,237481
2019-04-11,1994.391044337866,1997.2443462319893,1982.6534464102385,1984.0787642137304,100152
2019-04-12,1982.4405104273385,2006.3372684908522,1979.9618662750786,2001.9552974077262,100466
2019-04-15,2002.6536682535982,2007.5421653392536,1997.292186858291,2002.020034233063,210970
2019-04-16,2005.688262120262,2006.1937529691234,1991.8486972252429,1992.2427219834008,161263
2019-04-17,1986.286849797354,1990.9979715211762,1983.5656391079096,1987.4039913115603,177052
2019-04-18,1987.7129784802353,1998.676666350769,1985.2955603233315,1995.3737065366954,148759
2019-04-19,1992.4036627522592,2007.4276745598613,1987.6538218167557,2002.1822351464602,176336
2019-04-22,2000.9072923579668,2004.0310587536478,1997.6548162879692,2000.7866136054197,202507
2019-04-23,2000.734043105181,2000.9191384714265,1993.9558489287015,1994.187506471932,208061
2019-04-24,1993.900556020613,1994.72430248842,1993.1923428034486,1994.4699268310364,203161
2019-04-25,1992.9509448706815,1993.3456555108135,1975.2491979419829,1975.7414946846395,218249
2019-04-26,1975.2072041226227,1976.2460023393464,1958.0504385664915,1961.7925517885717,210073
2019-04-29,1961.626387558806,1972.7067372459649,1955.918467473775,1970.6368729235753,200737
2019-04-30,1971.2535694740318,1974.6970641536925,1964.07008153057,1965.3809214439234,212782
2019-05-01,1967.020499328988,1980.1399190821046,1965.1632658535007,1969.3956556863793,81839
2019-05-02,1969.1080998816835,1986.0942364862221,1967.1450354880856,1980.8138943547349,234719
2019-05-03,1986.8402257568823,1989.2066569457957,1985.5280662414486,1986.9293813525085,172463
2019-05-06,1984.1527463279788,1987.4393113117137,1983.7342911140347,1987.114462177941,160962
2019-05-07,1984.424295388571,2009.3666563984427,1984.1630104560595,2009.0924817820328,222037
2019-05-08,2005.1438991070524,2017.9149283100794,2004.1394343858044,2016.6065610850885,136030
2019-05-09,2017.5201217714364,2019.195793020235,2010.427923509198,2012.6164409952867,219334
2019-05-10,2014.0525160463815,2022.963115270503,2012.7549651051188,2021.4550544302406,136066
2019-05-13,2022.2071539085996,2027.28638344613,2019.67078689457,2026.22899553864,241312
2019-05-14,2032.0677802911841,2037.0665893845992,2011.7345037484438,2015.0690908378597,242635
2019-05-15,2014.183378501344,2019.7801931440054,2007.5766539048398,2016.0174343966682,168297
2019-05-16,2015.1236769266511,2015.8821844161607,2013.2899546501758,2013.7607037717412,227282
2019-05-17,2011.2448653586268,2012.2916116171468,1987.26217462829,1990.0191904658882,168776
2019-05-20,1989.957910110505,1993.3316321574248,1983.7028445262033,1987.890885430263,163844
2019-05-21,1987.2189728766225,1987.4178169703735,1984.735437513485,1984.9839630695,84201
2019-05-22,1980.1732849567397,1982.4447950749739,1979.4655767454967,1981.4075036440622,143488
2019-05-23,1976.7169338419035,1979.84840193712,1966.230096138344,1968.006081228764,167169
2019-05-24,1968.4786035308728,1970.1871863412405,1961.0975064589786,1965.1371218198758,101723
2019-05-27,1960.7885465726054,1965.4919833245426,1960.3140883059484,1964.8101133838613,175862
2019-05-28,1967.8306843780858,1968.4614876258008,1964.5092739358079,1965.9334556679153,141440
2019-05-29,1966.9357133212181,1973.6392089261271,1950.2525254539567,1954.5839936301404,236046
2019-05-30,1952.9261226739638,1961.3792709462532,1951.0863096390715,1960.3962936731295,113434
2019-05-31,1957.8748410846533,1957.9719885378659,1948.4203789950138,1948.8957701400004,230432
2019-06-03,1941.9910008379281,1948.6061154645793,1939.9379366211567,1946.6601474066556,220143
2019-06-04,1944.821243410753,1961.3754784600667,1942.650490245642,1959.420706535757,90615
2019-06-05,1955.0005352026203,1956.3632519421808,1948.9041330043563,1952.7819847051635,205174
2019-06-06,1946.0600698546566,1949.9414795579214,1937.6913858385926,1947.4703135716316,104118
2019-06-07,1947.3307202821431,1960.0192344278641,1946.2605235178962,1959.279727014823,147964
2019-06-10,1963.3898605703648,1966.3745982786377,1944.6987462482816,1955.5117283428249,145012
2019-06-11,1954.4715831791732,1960.5649440219215,1949.6580330703382,1952.6320788398673,101983
2019-06-12,1952.3556042627865,1956.1662839905073,1951.8413202321337,1954.786415422427,212589
2019-06-13,1955.6119166993835,1965.2623508780039,1954.8943688978832,1963.675141848923,203712
2019-06-14,1967.0378641382954,1967.9634420442057,1943.2814636491503,1944.236279089472,108258
2019-06-17,1945.1837869778074,1947.0797810907184,1933.4626279757895,1937.6183231406105,147498
2019-06-18,1938.9677609296969,1944.44646900277,1924.673244972309,1928.4294781533754,211585
2019-06-19,1926.8539445379743,1927.8312782872051,1917.173147097756,1918.333062434035,203655
2019-06-20,1918.0744118730215,1921.78936423085,1906.171154997024,1910.3322891011587,180780
2019-06-21,1912.2751268913637,1913.6828737366473,1899.636781411667,1903.095788976337,176132
2019-06-24,1901.7762971061052,1906.2348963760414,1900.1930412261834,1905.64355254198,229177
2019-06-25,1904.2913268215175,1906.4802764463884,1892.2860337461104,1898.6923160089398,182430
2019-06-26,1899.6888039587836,1899.8728613036972,1899.4986051230842,1899.6476185771,138203
2019-06-27,1898.1218861452444,1904.5518961815408,1896.8878622956142,1902.9455848314303,158203
2019-06-28,1903.6657499428193,1904.8873976712664,1895.555219312312,1897.2530891983072,148404
2019-07-01,1896.463556676252,1902.9739363990973,1893.3807559572872,1898.3998093063112,106410
2019-07-02,1897.6008901862574,1916.2164068834973,1894.201117533226,1911.1397359016407,90236
2019-07-03,1905.6207551303173,1915.1711644474087,1905.2972443405458,1913.9509563106594,236163
2019-07-04,1913.095162241955,1915.833775962722,1905.9847547402567,1908.9534051004332,168065
2019-07-05,1908.1519528823794,1913.3013934775295,1903.9655064486265,1908.3878197304937,247836
2019-07-08,1908.006131909038,1913.4713743867503,1898.3792388216643,1900.2524715920526,211682
2019-07-09,1897.9205388277546,1903.8780479397485,1896.8542810439499,1902.360506922065,207378
2019-07-10,1898.0703615142309,1915.6026768234854,1896.3775538612708,1910.3354544183599,167253
2019-07-11,1912.2992997475371,1916.089849644784,1897.5465244940433,1901.3501406245184,163873
2019-07-12,1901.5947091782648,1902.2253868809987,1898.6819342904805,1899.084437756527,168647
2019-07-15,1901.0713844750246,1911.955033894414,1899.8355158460115,1910.772597097002,210992
2019-07-16,1909.983896115001,1910.6994236796822,1904.6286219902793,1905.6108037311908,235596
2019-07-17,1903.7412239731907,1910.8368055984818,1900.6525739980423,1907.3440086615738,129767
2019-07-18,1904.3483147864001,1907.1907969855138,1893.323243012158,1896.593580407222,210337
2019-07-19,1892.965810792701,1893.4594274302747,1887.2442128661442,1888.5601678453634,223588
2019-07-22,1892.7217504393948,1893.0124662238645,1882.8395850561537,1883.587107382516,133430
2019-07-23,1882.1034965469557,1908.3788166588542,1878.9891958819387,1902.2667969273914,166675
2019-07-24,1903.9490691811145,1903.9616987086229,1898.997921575877,1899.0152516933474,240608
2019-07-25,1900.5450271835236,1902.0503576728186,1893.080375927149,1894.9911723950945,171472
2019-07-26,1892.9102152086225,1894.2732545964038,1889.45148870964,1889.9190252900808,203215
2019-07-29,1884.3630685701007,1889.2469999068342,1883.843216061988,1888.461763760245,91929
2019-07-30,1885.0921091164128,1895.0147809381438,1885.0490097613795,1894.9561882168941,131182
2019-07-31,1896.7865308036933,1897.08789759094,1896.3880864575685,1896.8430889209249,92226
2019-08-01,1897.0387573750465,1917.9699323941832,1894.521025371619,1915.708628444896,115929
2019-08-02,1916.7990947596045,1921.5105556849464,1915.7549981188915,1917.6094415201467,113785
2019-08-05,1918.9254322073152,1930.312447022801,1917.5881621522917,1929.547493401241,194863
2019-08-06,1928.1181573275783,1935.106352830809,1927.16218939847,1931.847882667898,102096
2019-08-07,1931.9676683198422,1936.7616054014657,1931.6029370000522,1936.6228032143151,166180
2019-08-08,1934.6298938709572,1935.7371211013058,1923.7309323295253,1925.4415182646871,85923
2019-08-09,1921.60482168354,1925.514674447244,1919.8878401920888,1924.464476470962,181814
2019-08-12,1924.7840652249176,1925.7886126708777,1923.0744958420682,1923.9352661322507,188241
2019-08-13,1927.1833089803335,1934.4928907572958,1918.191103283777,1921.603555742666,101976
2019-08-14,1921.089282407894,1921.4158539532743,1902.3127335495485,1902.6178484495874,106663
2019-08-15,1904.382412779864,1909.3560323289005,1904.3547137272537,1909.321337819627,210180
2019-08-16,1910.5567422430966,1912.0003799679962,1904.7048509328865,1906.216555184143,224139
2019-08-19,1908.8483161093334,1909.4481759945843,1899.035805340539,1902.0041385788604,226368
2019-08-20,1903.9927377271517,1904.2179543773352,1899.699943997504,1899.9797619177573,185692
2019-08-21,1896.7689657594503,1899.4935086023643,1894.602879979474,1898.2265830023748,151370
2019-08-22,1896.807645891811,1903.2499927257943,1894.9807535601878,1901.3191617605992,202968
2019-08-23,1906.0503343053383,1906.104680677468,1891.4382987089446,1891.6541309154613,131791
2019-08-26,1895.921752489972,1901.309352584954,1880.9746082447336,1883.8343568892606,174697
2019-08-27,1887.552942484387,1888.630186846213,1885.641675352542,1886.2597689730203,245733
2019-08-28,1888.603395930615,1895.4671859642588,1881.9870585942747,1887.4888811481026,117850
2019-08-29,1886.9480049516255,1887.6554891767946,1882.271772023463,1884.6336126958738,245729
2019-08-30,1883.9674880699135,1888.7263336800638,1875.3530725369915,1879.99376403314,203440
2019-09-02,1885.782357453558,1887.593152315922,1871.1216697643729,1873.7204150740924,101204
2019-09-03,1870.9643234764183,1874.2726287105856,1869.1363059438688,1873.2845490027594,225589
2019-09-04,1874.6183425209565,1885.250991445669,1870.649653505836,1882.13343922454,171899
2019-09-05,1883.251671725393,1884.7125658373577,1873.386135416122,1874.1693741330228,227794
2019-09-06,1874.4262422349511,1889.4406430869092,1869.616385213599,1887.878728784658,154267
2019-09-09,1890.7925376115174,1898.591763033143,1886.4000413916733,1895.0457424015194,134613
2019-09-10,1897.3859210823025,1899.3873593621995,1889.207249342858,1891.0370737144315,127634
2019-09-11,1888.6148954910414,1899.8419878720695,1887.747919723678,1897.927313928349,209520
2019-09-12,1901.4046747250625,1907.1780217381643,1876.4909167125616,1885.723276830029,168221
2019-09-13,1888.0470411036658,1888.116345320351,1872.3447151365895,1872.3949132620846,122649
2019-09-16,1874.8783911974642,1877.0684731840283,1859.1543767533321,1861.6248567771133,193580
2019-09-17,1864.2450032039535,1866.9989423307366,1857.0866290857828,1858.3622587303462,97414
2019-09-18,1857.335260386001,1859.7524723826118,1853.7461668816152,1855.830972406802,142320
2019-09-19,1854.7117759537414,1858.1553301612937,1848.6559610103766,1851.8156129551148,144193
2019-09-20,1848.795375800506,1854.9954051718237,1847.0480112046077,1852.720986039098,132277
2019-09-23,1852.7412361047097,1855.0001334111203,1829.8945164693596,1831.693948377163,173833
2019-09-24,1833.9441924529453,1838.8455269270514,1831.203192398766,1836.727564727984,226766
2019-09-25,1838.3412585823307,1840.0898582909747,1821.8730431585966,1823.1545978903919,112727
2019-09-26,1822.2634427916917,1824.1386487761695,1814.20799771958,1817.8812314657207,191837
2019-09-27,1815.3754533827498,1815.860440720348,1813.0338908415079,1814.1695756400238,107465
2019-09-30,1819.355832326324,1823.3740251180013,1796.301788449983,1802.5767690903276,131918
2019-10-01,1801.3774545853835,1803.3452058649332,1786.0821621429066,1789.1264522117249,244170
2019-10-02,1790.4721854541026,1790.7394801587982,1777.8619809636111,1778.7452434730296,106551
2019-10-03,1783.04224911922,1783.6264504965545,1777.7252390686099,1778.6151741625558,82453
2019-10-04,1778.410295193648,1787.9031358151453,1775.6588901208295,1785.6860402167324,145407
2019-10-07,1783.0979488686294,1796.2690480730316,1780.324769523729,1793.0325195963892,195856
2019-10-08,1790.2318424340667,1793.3956311577572,1776.8634346682497,1780.525317644432,239653
2019-10-09,1783.1609750322555,1786.4021981131696,1768.2171665379035,1769.359192256779,194634
2019-10-10,1773.9441589368116,1778.8165865583494,1755.3668246606594,1757.6720498356497,221213
2019-10-11,1752.4370966425715,1773.537958667731,1742.1514602542034,1763.7574556549919,160301
2019-10-14,1762.4088407561364,1769.9355571951598,1728.5296526435086,1735.048381872104,115707
2019-10-15,1735.6386192818034,1753.7059059465614,1735.526085013712,1753.3445272486056,166389
2019-10-16,1745.278186784443,1754.461288796573,1738.481979320523,1745.1523485111559,183030
2019-10-17,1754.6775085790684,1763.1371548142463,1723.8403818761365,1730.7546591848802,128208
2019-10-18,1731.5809186874646,1739.8424298596372,1726.114252543074,1736.542148159881,80885
2019-10-21,1732.90414098754,1762.953377313877,1730.4317397176783,1752.3823754676391,182306
2019-10-22,1757.4075538735603,1764.8346675640464,1755.9022557198552,1757.9819747690583,234215
2019-10-23,1755.6331534550939,1775.0020008260685,1755.24545732785,1774.1101990530233,194884
2019-10-24,1778.2012779793445,1778.925914338867,1772.5908338087183,1776.1884034639506,240156
2019-10-25,1776.0653789967362,1801.7660607180783,1770.7077689771113,1796.3055873666613,231511
2019-10-28,1799.3492912099607,1814.9495186764407,1799.1655263165887,1814.7010366709187,116803
2019-10-29,1817.0221654329425,1819.671279371865,1808.9929045265753,1813.4476353118082,194772
2019-10-30,1806.562771663226,1839.0476202247517,1801.1901878131084,1832.0137862364095,138245
2019-10-31,1836.456048993117,1837.876626596611,1833.6021852160213,1834.1710079690886,193680
2019-11-01,1839.015107318401,1841.9502309963948,1831.742639449959,1835.2879106462285,131190
2019-11-04,1835.3007590164998,1836.7661208300333,1822.282549377956,1823.4270065742824,84888
2019-11-05,1823.042566436109,1824.069043873888,1817.892162666537,1820.0073891558707,111635
2019-11-06,1822.9665422073083,1833.654366776485,1814.4333325693062,1827.9212054498462,91779
2019-11-07,1826.7037218362173,1828.3839284840003,1814.03056681335,1814.7490878452245,196185
2019-11-08,1813.3941482974947,1826.7775838891168,1810.4852531229483,1820.536380415555,222738
2019-11-11,1821.6011703857587,1830.410826145075,1814.8476521473394,1823.0765089329764,144057
2019-11-12,1822.0459762018463,1826.052783495516,1820.1827165258721,1825.255670348733,144406
2019-11-13,1829.5458801699904,1832.0987087748547,1804.6142156955827,1808.0739931300143,80854
2019-11-14,1807.5019528711432,1808.8233010323136,1805.5872567029908,1807.2336478777409,220929
2019-11-15,1803.6567001057015,1812.6352915802825,1803.067303871277,1811.9213228585497,117332
2019-11-18,1811.4572640034635,1812.244287802368,1806.1480614471227,1806.3931149763253,103513
2019-11-19,1803.5945593710783,1808.297573126128,1800.9986094046167,1807.0470776887628,192364
2019-11-20,1805.5625800606908,1806.5025032739013,1788.0385928886867,1789.859361920827,84214
2019-11-21,1785.876753408247,1795.9876898966168,1785.081421289682,1794.8085251374441,199287
2019-11-22,1796.7718662877714,1798.31395481422,1787.4382672440984,1790.054200767717,135813
2019-11-25,1793.4272984557895,1798.3979870729831,1791.6813937452114,1796.6280441800127,82813
2019-11-26,1794.6472242164932,1795.4794067963649,1781.6629367911858,1782.004187947876,247855
2019-11-27,1784.766799207726,1792.7014091197063,1782.7003083983914,1788.9546900528885,173495
2019-11-28,1794.3737458349522,1794.4908472310683,1786.7329743391676,1786.9231198439068,130967
2019-11-29,1789.9715574433574,1804.1986651468294,1778.133764106741,1794.61639195187,188586
2019-12-02,1793.5311675062107,1793.5918405006726,1785.8209290922948,1785.8533566036106,154257
2019-12-03,1785.9178283967071,1787.4390995190226,1775.6594041115986,1780.037371326954,188275
2019-12-04,1779.2167654300997,1798.937828264831,1778.223802591284,1797.592720433669,219640
2019-12-05,1799.2027889215954,1799.8053915259009,1790.4400956432678,1791.4452516480658,190743
2019-12-06,1793.2991953782525,1796.3207573618156,1782.8635271877874,1785.6699597662544,189795
2019-12-09,1787.911583948019,1789.407286301082,1782.528574363504,1783.440231931641,212643
2019-12-10,1786.4316873348787,1786.4652557901375,1775.0561257521483,1775.1139210511853,213815
2019-12-11,1778.9279660858715,1785.902443426029,1776.0130186949357,1784.396948961021,136987
2019-12-12,1782.2457509776195,1802.4052401862482,1780.8630456988728,1800.0506022038212,175740
2019-12-13,1801.040622558011,1802.0339042394958,1792.150002487672,1793.624034407055,224668
2019-12-16,1791.7833940196383,1793.1566795070667,1780.7366666996056,1781.2420581045296,167774
2019-12-17,1780.2277227759992,1792.2977872217214,1776.3391243841104,1789.5937841511002,155073
2019-12-18,1786.752251854642,1799.2635978191995,1785.937747881617,1797.5294909073857,181264
2019-12-19,1797.6455146273343,1805.307269394224,1796.3744425699756,1803.438755448643,90282
2019-12-20,1801.9728043239254,1811.9394957601596,1801.4774832852238,1811.7829883698305,246721
2019-12-23,1809.200282095407,1812.626507867014,1802.767623621211,1804.240030022444,190737
2019-12-24,1803.7941589540028,1810.6387455409579,1801.4148198146186,1802.773897895856,85817
2019-12-25,1802.3268986818132,1803.5498905803727,1791.0938453412705,1792.4828322489673,138254
2019-12-26,1789.3839933026115,1789.4224769613372,1782.1479447652127,1782.3161361337684,176727
2019-12-27,1782.0817980362945,1791.2378468598001,1781.5558095110941,1790.498550917678,187976
2019-12-30,1789.7243518845937,1790.4540618269236,1782.7393688396469,1784.7581235278255,246243
2019-12-31,1788.103171853391,1806.342621938599,1787.0320128064777,1804.2956535640735,143452
2020-01-01,1801.8531274663158,1806.3989203034428,1800.3689980497181,1804.9357604842055,154274
2020-01-02,1804.9467737023438,1805.1088347755099,1798.9062731633412,1799.397478161913,164640
2020-01-03,1800.2457635156534,1808.0713761823356,1799.3038393243569,1806.9741247815564,193662
2020-01-06,1808.4670437348443,1826.9863743503406,1806.5400450966924,1825.2276040539607,174411
2020-01-07,1824.5364248220724,1832.9370320639568,1822.6486758681888,1830.3200592773142,178886
2020-01-08,1829.7095140939964,1830.0438565533518,1818.357501479896,1818.935394273267,200370
2020-01-09,1824.2502952983702,1828.3516021466057,1818.8492689288323,1822.5934986019338,225116
2020-01-10,1822.9000439431948,1837.1725352342385,1817.9742239162294,1835.1494293907658,130372
2020-01-13,1835.467606081171,1839.0948075383692,1828.2383435321144,1830.0249675400796,207030
2020-01-14,1824.5787144068993,1827.619800464751,1821.6872174152188,1823.0880232290997,193861
2020-01-15,1822.2509938368462,1833.8207202857463,1821.3329720411634,1832.0186568608133,181823
2020-01-16,1833.9386389953638,1836.364643420773,1831.187269580344,1833.2548431246003,119607
2020-01-17,1828.7626082040663,1829.8472044170005,1824.5641815646788,1825.1325238179465,197899
2020-01-20,1823.4247146129376,1823.8292580649313,1821.2237166254824,1821.6326149687534,214478
2020-01-21,1825.0371849232297,1829.644544191442,1804.0076463701034,1813.4737706295869,133289
2020-01-22,1813.4325081155146,1820.2602132225459,1811.0146383243718,1816.5116884980232,119325
2020-01-23,1818.9490521031435,1829.7535989771116,1812.3647817247454,1817.7319869745986,144108
2020-01-24,1823.1327117264218,1834.924151252055,1817.4541247359264,1830.9940467528688,92215
2020-01-27,1829.2771002324967,1837.8686050484937,1826.1056182312498,1837.1972627469208,221376
2020-01-28,1841.3226358916609,1843.4398273259033,1819.4702195685625,1823.0581438043823,86525
2020-01-29,1825.2254980982138,1830.2473004274077,1820.4963974709071,1826.685195074067,122582
2020-01-30,1827.2707142225124,1839.5775072948777,1821.6587652982766,1834.774128487146,181759
2020-01-31,1835.0680636372842,1841.3074315734455,1831.994073888575,1838.3638673785576,107763
2020-02-03,1840.4660174736548,1846.9192305367337,1839.596827472386,1846.1826839487492,134923
2020-02-04,1842.9392322433503,1844.3348795631057,1834.5976554511874,1842.1041148152215,96860
2020-02-05,1843.2295679080116,1844.4173012103956,1832.3897656830031,1833.8138974046556,177676
2020-02-06,1837.6153002202357,1849.8867676691798,1833.6364571270478,1842.2323424492342,105097
2020-02-07,1841.8669472099064,1841.9102388346464,1832.5424460312363,1832.5545546981004,132823
2020-02-10,1826.5939620625288,1826.81122609649,1809.2485790294506,1809.4101402137271,98936
2020-02-11,1808.1433878154828,1821.1103716455868,1807.532971600088,1819.6447563855627,154718
2020-02-12,1822.57086045261,1822.958760929429,1811.4029881346473,1812.686248009651,185982
2020-02-13,1813.3824422924185,1817.1018922761925,1808.1223980483742,1810.3620562504586,227928
2020-02-14,1804.5816458475697,1810.3340435197333,1791.9321905421723,1797.3719793129328,194070
2020-02-17,1797.429324301969,1797.561879256555,1783.600401999853,1783.7653153538133,237001
2020-02-18,1782.1832154926656,1789.4980826020796,1766.0237235102202,1770.848237542511,120885
2020-02-19,1762.5217406730183,1767.3159680267775,1762.0274214465678,1766.5949265902439,87327
2020-02-20,1763.6362932090474,1771.0025059444451,1763.6306688829936,1770.9960081045476,141301
2020-02-21,1767.7187150422617,1769.379453370197,1737.649679678159,1743.0868929192088,241194
2020-02-24,1747.9639254088881,1752.534927287446,1746.7700821979472,1751.8836607453054,176598
2020-02-25,1758.0327372523377,1762.333593929371,1736.49179385574,1738.2492286218041,165826
2020-02-26,1734.6599321589879,1737.7890068224829,1724.291808940508,1725.9848185769306,150694
2020-02-27,1726.3341150476945,1743.6980831547214,1724.0954527771905,1734.791631877569,205735
2020-02-28,1728.2766109308686,1735.9391308992897,1725.3764601088283,1733.7768730678522,128791
2020-03-02,1729.4094675279084,1731.9035642370416,1712.063936662725,1712.9390525253223,238019
2020-03-03,1715.3425807374522,1737.7403222323333,1712.9762695786383,1736.5629547684698,227229
2020-03-04,1740.2052009886452,1741.3108113166927,1725.014390033664,1725.9619561916988,112025
2020-03-05,1719.059647021423,1742.446703207895,1703.5543663422818,1729.4037185670263,128426
2020-03-06,1731.8587715902904,1732.3792409827772,1731.5945572781088,1732.2967655089894,144954
2020-03-09,1730.9775980246172,1756.0017619268299,1729.7897241375242,1752.8388628844975,199529
2020-03-10,1751.1808361251321,1753.972759055107,1739.3608959684334,1746.2976037135581,230814
2020-03-11,1743.9042525568457,1762.8993659356465,1741.990165581758,1759.55253792997,190510
2020-03-12,1755.5132374591185,1765.3655950601806,1743.207659005256,1749.7806654612803,168291
2020-03-13,1742.1104080607768,1770.3267734285046,1739.6449523658086,1765.514827898328,147287
2020-03-16,1769.0219319218488,1769.896688586485,1753.415921102231,1755.0422127481704,232568
2020-03-17,1748.4988538405964,1758.8207895616597,1745.0637049569334,1750.188134034143,94634
2020-03-18,1753.6517996902294,1780.7103067037929,1746.754807750067,1775.1028589022528,222458
2020-03-19,1775.891161891044,1780.6625817163147,1775.239685913463,1779.3666875457386,89167
2020-03-20,1774.8118398711856,1781.2641883233111,1771.2886872069907,1780.6614386239073,249748
2020-03-23,1781.6093326295286,1816.962440695882,1779.4640170226937,1806.518889450029,115290
2020-03-24,1810.860431401966,1812.2146655046947,1809.4890637547062,1810.4140458970448,192334
2020-03-25,1811.773028194833,1814.6050124377584,1799.4939728187774,1800.8207426377255,83740
2020-03-26,1804.9173013282868,1811.229880342111,1803.3985793179415,1808.8027929573275,91393
2020-03-27,1809.0941111146235,1813.2182427346079,1794.0680068491833,1795.1721893367016,227975
2020-03-30,1793.2750952437468,1822.951513190075,1789.0732039296902,1809.9466355050859,233450
2020-03-31,1811.63761060386,1831.2496809607667,1804.642545662472,1825.4570085461048,118673
2020-04-01,1821.4037262737752,1823.4193149947012,1816.4589528492568,1818.4061048470996,111464
2020-04-02,1814.0883035255129,1814.2102742815973,1810.2017572591267,1810.5775785192675,117184
2020-04-03,1808.564361112972,1816.1191166251874,1805.2900620677983,1812.7715086665007,106645
2020-04-06,1815.4846859443232,1815.69333036242,1812.0762381005059,1812.9344418693422,81995
2020-04-07,1812.5472376953253,1812.9816459590993,1800.88374124478,1801.3487253896037,142725
2020-04-08,1802.7863172647355,1814.9546282382512,1797.3328074722458,1809.2792900607667,125674
2020-04-09,1803.804844439171,1803.98478741377,1780.8589489900849,1781.2339550830725,115180
2020-04-10,1779.572819863308,1783.853867332064,1772.1856524184882,1775.4766933564451,135134
2020-04-13,1777.984554384383,1778.766538106725,1768.416126650059,1770.571030380726,103712
2020-04-14,1775.9537336008232,1776.7798373480653,1766.1570569127673,1767.1697449880348,114377
2020-04-15,1768.8705126917248,1770.636226108943,1768.853780294434,1770.5851725684515,188487
2020-04-16,1770.4084308889526,1770.9445100115602,1757.343261240069,1758.3617662570728,203659
2020-04-17,1759.4188916070505,1772.2729867695355,1753.030103598737,1764.9769790148314,234701
2020-04-20,1762.3785449389106,1763.8734686208095,1760.1502832376866,1763.1198340740116,131211
2020-04-21,1763.8696913560668,1769.0365552494816,1753.1639655708016,1755.6750779056451,124817
2020-04-22,1752.1417452428589,1759.0524823053424,1731.0988812458477,1737.8944620638213,144662
2020-04-23,1742.9301415410737,1743.7998871357465,1721.2231360707856,1722.3401078332029,143585
2020-04-24,1722.037748236812,1731.7083217580312,1718.3439877934097,1727.2444801208528,111838
2020-04-27,1732.5725862481625,1733.6647091528494,1711.3871979878006,1712.1485590503587,189011
2020-04-28,1713.5026699071962,1716.9275047211,1708.9914941039642,1713.135556725159,117258
2020-04-29,1709.1062910152214,1738.841601417852,1693.2246213780036,1728.776897846242,130994
2020-04-30,1729.6886633863364,1758.1979495481069,1726.3180179839967,1742.6752870079345,188435
2020-05-01,1738.5232111944379,1764.5366929851468,1738.0207009979845,1763.9122582550656,163851
2020-05-04,1767.370245819236,1770.7221570382567,1752.986635640458,1759.3703288836946,123357
2020-05-05,1764.5559612194932,1765.7286728698682,1739.7794581664984,1741.6715634766017,235166
2020-05-06,1745.0045051138711,1758.4681750095951,1743.5321644218952,1757.1502531113426,95309
2020-05-07,1751.0374132363245,1762.0916775084122,1749.8076106597775,1761.6106093891224,99892
2020-05-08,1756.4715331571558,1777.363758940432,1756.1614005874555,1777.237438941735,147903
2020-05-11,1779.2281401323326,1784.3879357078406,1772.6259033947995,1777.3988057573067,170908
2020-05-12,1777.3360625093399,1798.0821565130695,1774.1412740557778,1794.2821545876993,197350
2020-05-13,1792.5844021295852,1807.6794372233876,1790.8851438565448,1806.5435454132494,116225
2020-05-14,1800.5494391668212,1821.1611638642903,1798.9465769331118,1817.2240131155477,200992
2020-05-15,1818.757999881434,1828.0982289696321,1814.8358016119982,1824.6117540376158,211462
2020-05-18,1819.2178628533911,1834.3768862911868,1814.2168674437519,1830.4536768927671,89834
2020-05-19,1822.9365734820828,1841.2595138155884,1819.9583649424096,1833.9419109861683,115390
2020-05-20,1838.3499405704565,1844.201556030192,1831.3260713796283,1837.3090691085083,217726
2020-05-21,1839.2536087158378,1854.2340305502726,1836.9601739000639,1852.6347769995934,217832
2020-05-22,1861.6474636261498,1873.037790696207,1838.9093491485542,1843.5849501745727,233328
2020-05-25,1837.9029911484126,1896.1898019429595,1825.755256432912,1875.2674304460716,148492
2020-05-26,1885.6072029402703,1891.166735664177,1862.6120048384262,1873.292076640792,117013
2020-05-27,1875.5797664469083,1890.4322564853812,1873.6101913217253,1889.7642683784964,238235
2020-05-28,1889.4154019753223,1896.1754346051528,1880.0383324087559,1888.2065550145358,184912
2020-05-29,1898.0668505195754,1904.0099337041197,1880.672869765038,1884.4897713322832,141694
2020-06-01,1879.9869696275769,1928.5489209762904,1871.8444470905347,1911.8412300530722,169780
2020-06-02,1909.2081996983156,1911.244554379929,1903.6387491084229,1907.3174768431295,163813
2020-06-03,1907.7890087097826,1926.516830463544,1874.3088806585342,1887.6428554543916,117776
2020-06-04,1880.5674380205173,1881.0526211725269,1876.16542982704,1876.878967714068,98138
2020-06-05,1875.7543494605939,1875.8676871461485,1872.6549840032558,1872.736587806167,247432
2020-06-08,1866.7535907560264,1903.0793482070324,1863.334304215366,1899.938045677093,127130
2020-06-09,1898.6511662296894,1906.9483834305317,1893.7805636063954,1902.4276764972262,239866
2020-06-10,1903.1552495696467,1915.1096043496564,1902.6822170309024,1914.368813576287,150640
2020-06-11,1905.5422961069835,1907.770377824507,1897.8483754414651,1898.9012900455648,153915
2020-06-12,1898.648298161688,1908.094342007536,1896.674757182961,1904.3939010425695,231778
2020-06-15,1893.8612353346841,1914.8121038662243,1893.1965400674437,1914.2829016470935,184905
2020-06-16,1919.8830223124344,1938.6761580196617,1919.6253190869795,1938.526146950957,179697
2020-06-17,1941.1814431215257,1947.5474528899308,1923.0319053005192,1929.0874551175248,94942
2020-06-18,1929.8951442421974,1950.6650896478266,1915.6390468907848,1937.110073381714,217636
2020-06-19,1944.7701467378465,1945.061759330936,1939.938853952288,1940.7453601340135,140469
2020-06-22,1937.5737437412238,1952.244584361867,1921.4698480338568,1928.3194206612523,225078
2020-06-23,1935.6790869511415,1936.0103033238104,1927.476741265138,1928.1123246849086,216424
2020-06-24,1933.320164728083,1934.945097931773,1922.316145133954,1924.9424541240116,95321
2020-06-25,1928.3936685442757,1934.37697544719,1887.5859249494151,1894.139395429444,188073
2020-06-26,1895.574105914702,1908.0615183332652,1890.492385388473,1902.6843574525303,133529
2020-06-29,1901.446137690823,1912.4559560192927,1899.9727601613827,1910.1379825494698,180865
2020-06-30,1906.3995474096828,1909.6612908648194,1902.047267095398,1903.8046722810266,221478
2020-07-01,1905.0611666069253,1911.981932790588,1878.7970425886538,1884.7508517988226,218808
2020-07-02,1887.3852416922223,1908.1079668241512,1885.712559290462,1904.960615029864,208471
2020-07-03,1903.0241992541253,1913.367209309915,1898.0799569397268,1908.5312200819933,109074
2020-07-06,1910.53452192415,1920.7130005255603,1910.479114846309,1920.6832832815035,175884
2020-07-07,1919.6052043064844,1939.0071682669902,1916.2062967391685,1935.2994730560415,161312
2020-07-08,1929.4930950552018,1932.933905594239,1927.7614570117528,1929.3824448736318,148652
2020-07-09,1929.8170658324966,1944.1609185066334,1926.5778910669055,1938.405536786304,180297
2020-07-10,1931.883244609319,1937.0736158843488,1929.794584778039,1935.6560701551043,164804
2020-07-13,1936.7751493682451,1941.3466378952814,1931.9948287398693,1934.873084449295,213540
2020-07-14,1933.2858088026178,1934.3519919960015,1932.3285821939812,1933.972712525204,82528
2020-07-15,1935.6533294714654,1937.617765690694,1932.1777252356767,1933.961941376695,234428
2020-07-16,1934.6403440463696,1948.7499058241574,1932.8088762234722,1944.9137720827403,101865
2020-07-17,1943.7566248777152,1948.8467412432974,1942.9839852331304,1946.1965754437867,157574
2020-07-20,1942.671276139958,1949.615218773106,1940.1079052557066,1944.675158450617,140500
2020-07-21,1942.7889952080814,1944.500037666113,1936.9515368966747,1941.6071237088552,139386
2020-07-22,1942.189123212183,1951.8243677339026,1928.4931387726965,1945.4765093791095,103820
2020-07-23,1946.9723834890463,1949.7177944333791,1931.599997097795,1936.5868150658239,176197
2020-07-24,1938.3538975314414,1939.5509105341232,1930.7911043755207,1932.1604585345683,119155
2020-07-27,1930.543111554194,1935.4459157289602,1929.0759064251413,1931.6540768109053,180776
2020-07-28,1937.2929271110966,1944.1663177044654,1916.2289498284815,1925.8516157993006,217106
2020-07-29,1924.716760199286,1928.544700039679,1923.2110502879184,1924.9015186388924,80005
2020-07-30,1921.3217847849346,1923.1448010320235,1914.9276983834297,1919.048872684257,210588
2020-07-31,1918.4327444857286,1940.698048326661,1917.783274096193,1939.5812251503464,229697
2020-08-03,1935.8108622449179,1955.4480291658303,1935.7351792472834,1955.4230945384002,204247
2020-08-04,1953.6766244812586,1969.7919272031545,1950.5159877711508,1960.6290892370678,215229
2020-08-05,1965.6651520517933,1969.1230739655732,1957.7204126183944,1960.028243395008,176283
2020-08-06,1956.4272459625454,1987.142996485725,1954.606443742814,1981.7619826562652,138813
2020-08-07,1984.020491911939,1987.0390284054818,1983.44499017907,1985.9779206650728,236702
2020-08-10,1985.5109775775763,1991.8330724127463,1978.35368361532,1984.8632306391999,185328
2020-08-11,1985.8582380601824,1990.3306336812468,1982.7438418326353,1989.336794134338,119052
2020-08-12,1993.6047040248754,2003.4045246616354,1980.2187780553909,1993.6255483604382,196690
2020-08-13,1988.2649129914532,2022.2393949321672,1983.613462203877,2013.704500518676,185478
2020-08-14,2017.5020619158058,2020.9527115508417,2011.860511162419,2013.472584504666,224614
2020-08-17,2008.2945424080042,2040.8196275168398,2005.6832775730747,2038.4468743422315,151534
2020-08-18,2039.3228074092176,2042.7043989301208,2023.5481642294149,2026.7663112507423,120385
2020-08-19,2026.633956382912,2038.497515167937,2021.2612471069701,2034.8528383673354,240134
2020-08-20,2033.3651774589514,2041.1851893725297,2017.1070981628156,2021.8282593369631,236815
2020-08-21,2019.9329872816638,2047.548597690646,2019.3953080655056,2046.0516015057065,138392
2020-08-24,2048.244755628489,2050.7293662199177,2041.5608696970025,2042.018696298322,108192
2020-08-25,2041.3912367722653,2042.565561939356,2039.4038112489702,2041.347831038063,120500
2020-08-26,2037.6098796799395,2052.1158934423715,2036.5458598198475,2051.519145883399,118081
2020-08-27,2047.0821092266137,2071.239512651902,2042.7211225997487,2065.325802803225,210561
2020-08-28,2066.8398134810195,2071.168658468485,2049.1429713872817,2053.757468942509,184939
2020-08-31,2055.8916074745857,2063.8477705719106,2039.6138842726416,2050.530195495773,217743
2020-09-01,2052.1767206702643,2056.219262396121,2033.671438101,2038.062642844894,91490
2020-09-02,2036.702164908333,2039.808821058968,2036.1201301733518,2039.1836192937628,202195
2020-09-03,2035.6468909197342,2041.1045185706012,2030.1638702890803,2038.3583817882322,141333
2020-09-04,2035.395763414853,2040.280434554642,2032.5517785346055,2035.5150021150055,213180
2020-09-07,2032.1453564495878,2032.5727817714387,2028.0513711283324,2029.2058920690974,184031
2020-09-08,2030.1259278186112,2032.4860542946092,2022.1324463249675,2026.0751807529005,112637
2020-09-09,2027.9158223245927,2028.8027573566442,2018.8810870307468,2020.024607054958,211689
2020-09-10,2020.3939735504864,2028.0805690566945,2016.5045097051657,2024.3002868229871,182838
2020-09-11,2023.9032031718161,2036.9688728139822,2023.5634951198526,2036.5768587246796,226091
2020-09-14,2039.1465637757258,2047.5612010219252,2015.1307542896748,2018.8369594456865,171312
2020-09-15,2018.372129137044,2020.2575555898825,2015.4490176906556,2017.8550820449336,235943
2020-09-16,2016.4821445837317,2017.142813609556,2013.1918227956496,2013.5535894706197,234619
2020-09-17,2016.0908755918101,2020.3392225254734,2010.8770876464116,2018.1479046617042,220809
2020-09-18,2018.065478849782,2018.5239705062654,2008.3235227498533,2008.8067969179883,147557
2020-09-21,2011.63053778125,2012.4034985552703,2006.5475562010495,2007.417969550509,229918
2020-09-22,2006.0343676338994,2006.075736864963,1998.4686457328535,1998.4974615868598,121768
2020-09-23,2002.0443860960695,2005.7650626810425,1999.9305481458462,2004.943048355954,243926
2020-09-24,2008.213735799277,2009.2220862994982,2003.252500185396,2005.8475075523047,132260
2020-09-25,2003.2817524360325,2007.40744982043,2001.9006316435245,2004.2633992176397,133890
2020-09-28,1998.2767610854341,2008.8640882308716,1997.681109505866,2007.8775717599294,167055
2020-09-29,2007.2099030647296,2012.0989212140448,1998.1055501904466,2005.7922202666118,112349
2020-09-30,2009.2838464639228,2011.0474122550177,1991.2909560448804,1992.841771022742,247151
2020-10-01,1993.7189881646493,1998.131250514758,1992.922691382223,1997.814190021707,158322
2020-10-02,1996.246455137001,2001.6712989015643,1995.347007667092,2000.5586020570975,198650
2020-10-05,1999.634730951765,2005.8772019792143,1991.8657582630324,1999.260024489118,231475
2020-10-06,2000.1495869314022,2007.5636743032842,2000.0437720051095,2007.5215415981017,202410
2020-10-07,2005.8500990661255,2019.6987785158735,2002.629762406116,2017.3077718735294,101773
2020-10-08,2020.996089624608,2029.6385137925765,2001.9514987535672,2007.63433509889,159358
2020-10-09,2006.7110158975815,2009.151638337886,1998.538358145374,2001.3634806445912,192353
2020-10-12,2006.4991886859455,2014.2321055354473,2005.9729940854374,2013.7518012746373,147432
2020-10-13,2011.8870151285957,2028.093695642946,2009.4555887201768,2025.1822742844388,212799
2020-10-14,2023.1351331256992,2026.399562328379,2014.7789113672027,2018.210588481821,238352
2020-10-15,2017.5502284820236,2019.6040640462504,2005.9540043276988,2008.6805169328884,163139
2020-10-16,2006.6996108723613,2011.1333511369662,2001.6980537124205,2003.5594457836298,156584
2020-10-19,2003.6456483373142,2007.4790992967355,1996.243354045381,1999.5690253032697,193480
2020-10-20,2005.221966004375,2005.6636367073784,1985.9830541653612,1986.900829072562,101331
2020-10-21,1978.0135351954234,1992.053020263207,1970.9619236511694,1987.1643119463652,178955
2020-10-22,1985.7707888700004,1987.1062154043932,1974.7264102549705,1976.9901983084358,212604
2020-10-23,1980.35385555123,1982.9963641097338,1961.0973468500729,1967.4200660035299,115353
2020-10-26,1971.1790965764944,1975.9706562559813,1970.5778568074147,1975.262040229571,114305
2020-10-27,1973.9815916550554,1977.8171840780433,1966.401133182547,1969.8657090706067,156934
2020-10-28,1971.3266413342578,1972.4423944882362,1968.4580097482565,1969.2676744316275,146321
2020-10-29,1968.3060221223632,1981.5395502197025,1956.363780650164,1974.2246863151067,183801
2020-10-30,1976.9465169007788,1982.362846022579,1975.1115394308852,1980.6482138493686,184050
2020-11-02,1981.661916990424,1984.3061114948437,1976.3111053921214,1977.979725103441,209261
2020-11-03,1979.2911136303142,1982.5171591259425,1977.1525164855902,1978.4282521883983,221431
2020-11-04,1975.8261274485255,1979.0086006152378,1967.5024046326344,1970.388351925447,193167
2020-11-05,1973.150359103633,1988.8877301069847,1970.1878492064504,1987.8496336032604,81156
2020-11-06,1993.1497947534556,1996.2302011986988,1992.2694411835091,1994.3792220772323,223897
2020-11-09,1995.4447665062264,2007.7130098249245,1976.1652949068348,1983.0536398662334,190852
2020-11-10,1982.705228653495,1987.1440518570037,1976.766583825653,1983.0973624844105,186033
2020-11-11,1986.4528763912558,1992.9622392117035,1984.7878286920823,1992.0472061120313,103158
2020-11-12,1992.9093649422773,1998.9699921569463,1990.829621908376,1997.4927048723484,86019
2020-11-13,1994.7678363973896,2018.164240721147,1988.1931508057512,2014.9054130736483,187308
2020-11-16,2014.8450859839115,2026.8747283180649,2014.6594317232236,2026.4043648028844,112843
2020-11-17,2026.56272809336,2027.4586245133373,2018.702606743813,2022.034574085952,182829
2020-11-18,2024.8270695500632,2033.966647176411,2018.9493502690361,2021.234250706291,249058
2020-11-19,2020.7904356086076,2022.385879299037,2005.4271116700636,2008.4391418980847,167795
2020-11-20,2008.6412550271036,2015.7988833722818,2003.8499516606546,2010.6271143273482,225934
2020-11-23,2011.929074447723,2014.12987821403,2009.4265819059244,2011.843310977673,152479
2020-11-24,2010.4140171189829,2040.406830133823,2001.5453375794723,2033.600856106333,100176
2020-11-25,2033.3426635087192,2035.7478508974123,2029.9319901617816,2034.5621611656675,171950
2020-11-26,2037.8636055628178,2038.2190391196877,2017.2829888600907,2017.528380465626,186867
2020-11-27,2011.388755416628,2015.7357013967012,2008.771773921632,2011.6778588765733,242707
2020-11-30,2015.46127783729,2016.3938988536445,2011.9734052132098,2012.5835099040096,175503
2020-12-01,2010.4839866195173,2011.344698281777,1998.4092742185144,2000.896102258377,139874
2020-12-02,2003.2008620786137,2003.3262587102975,1993.8356772650343,1993.9569330757895,110832
2020-12-03,1993.2974504450306,1995.3940430750085,1987.5110373463517,1991.0422800221472,160130
2020-12-04,1988.771666357256,1994.1131758793374,1988.3397378382817,1993.7661185200693,155254
2020-12-07,1992.7748333974473,1993.2939131582932,1990.2839691573383,1992.4491003332723,105049
2020-12-08,1993.7248101382092,1998.9494502835298,1981.611010527584,1983.890807047078,105195
2020-12-09,1984.3059315918547,1993.7981860946754,1979.8491700011132,1992.2123601756723,146050
2020-12-10,1994.1106519752423,1996.2468993244988,1985.4309309928572,1986.7499538616353,191409
2020-12-11,1986.075751137485,1986.272516399651,1982.133218849626,1982.2274973414865,88795
2020-12-14,1981.5345073639855,1981.6069821389567,1971.132207498663,1971.2899498342172,196463
2020-12-15,1969.499153557619,1972.2047310110145,1963.9846640148355,1965.0936671391676,234619
2020-12-16,1964.515215027835,1971.897038649992,1963.2784766929258,1970.2184081560818,176728
2020-12-17,1966.36737593574,1966.4783811739833,1957.399228806875,1957.471448445241,138702
2020-12-18,1956.4363425995516,1958.1525804352477,1954.950583742637,1956.9157325218964,124860
2020-12-21,1956.8159025964494,1966.970246408832,1951.055897116035,1962.5354076131673,239399
2020-12-22,1965.2292364352916,1969.1095966388166,1958.6903273010025,1959.5766216654738,92412
2020-12-23,1961.8679341259915,1965.2643521232694,1960.6030331121196,1961.4577409026247,102969
2020-12-24,1959.9988001911595,1962.5810753091914,1945.2967383365117,1951.0012168429,138573
2020-12-25,1951.7337830999184,1971.7127707619002,1950.4262703366994,1966.0716305191477,192447
2020-12-28,1970.309247981367,1980.9182758467148,1960.6717073097184,1978.6558051419038,230233
2020-12-29,1975.7322957597555,1981.3988666794432,1975.0927892528923,1981.1519899391697,182435
2020-12-30,1977.9122039801807,1979.1826833848766,1962.2716006688572,1962.6789508032148,141352
2020-12-31,1962.4554392243633,1963.323742484357,1950.9618651158219,1952.5214814061449,192400
2021-01-01,1953.4772258387911,1962.8642758735778,1952.5132102932691,1961.1113336008468,111645
2021-01-04,1959.5949635530037,1976.8421771493076,1959.0471993346914,1976.1245048044118,215167
2021-01-05,1980.4207186731676,1985.8186135197845,1973.7193342011672,1978.4706818618463,188647
2021-01-06,1982.9662408891127,1989.8066749781933,1982.440585368117,1989.2409886103615,92684
2021-01-07,1987.9001680645724,1989.0549825951762,1983.3337092869588,1984.0424770886093,179871
2021-01-08,1981.5046350539967,1983.7525824243903,1980.8978537821945,1982.37165040114,205680
2021-01-11,1981.8905709359253,1982.854596828274,1981.08263466777,1982.3832512368192,147124
2021-01-12,1976.8589791784686,1988.3094435680991,1974.5148823314075,1985.7397968164478,84431
2021-01-13,1987.2284946394655,1988.5412241547804,1969.4008547762512,1973.5981132262805,221250
2021-01-14,1971.015098287056,1981.7167270788154,1970.546491697133,1981.0256853272035,131242
2021-01-15,1984.319800211841,1993.0353831984244,1983.8086535719187,1991.5072656378873,95763
2021-01-18,1988.587805199413,1989.6108394661464,1980.834461439042,1982.0369974925857,224048
2021-01-19,1985.365519702675,1985.4499913160673,1970.83046103779,1970.9234450547729,227108
2021-01-20,1971.1408287114423,1975.0702334364535,1970.0919569103994,1973.6887303887327,176960
2021-01-21,1968.6642071080146,1970.9910198152731,1961.9994463434348,1968.4726845046387,184970
2021-01-22,1966.2490564921407,1969.4149138786693,1946.8789801968444,1949.8066054035594,238263
2021-01-25,1950.5155330445434,1959.6068941655938,1946.2358870993803,1956.1144911711106,233494
2021-01-26,1960.749514145266,1961.7851662192902,1955.3086663624601,1957.3334980372854,226541
2021-01-27,1958.734136029465,1960.1126804416256,1950.7558073878024,1953.6032353618912,97610
2021-01-28,1950.8718033017299,1974.4402804045887,1944.7308891975447,1970.3468374346312,151952
2021-01-29,1966.8443809352577,1971.6094147507874,1966.7111785234067,1971.483049577829,174554
2021-02-01,1970.1836253622785,1970.2818438980335,1965.3872460878238,1965.4678696468166,127861
2021-02-02,1967.4106104716564,1971.2261284463582,1963.3561224543182,1966.2646845676713,198777
2021-02-03,1970.9808901985843,1973.9763995870044,1952.458169371616,1958.086051699205,114631
2021-02-04,1960.6300317777038,1960.7548029974823,1951.7286998625782,1952.1216685291106,137324
2021-02-05,1953.0814582920755,1955.2227876142977,1952.831498715604,1955.140139018214,87189
2021-02-08,1951.477216844146,1953.670157080987,1949.1678253539314,1950.8075624985756,110983
2021-02-09,1954.4037416100548,1958.5454939624692,1945.6867054783406,1947.241693187372,201774
2021-02-10,1950.234427412438,1964.3026236054654,1949.1330118479002,1960.2426070473666,149693
2021-02-11,1961.304285241766,1968.35211148551,1960.7395341834315,1967.222909731433,217027
2021-02-12,1968.3051852740775,1978.010192871749,1966.4791659358903,1973.9008824504972,114471
2021-02-15,1977.516869014479,1978.9814709782888,1976.795036688929,1978.2264317142522,88108
2021-02-16,1980.5648268951697,1982.9021973251663,1979.8345483167875,1982.059455606118,119685
2021-02-17,1976.7467641150627,1994.9937355306952,1976.0290429943118,1994.566099825822,163584
2021-02-18,1996.4366433596736,1998.4586829362058,1992.7654175138355,1994.4117524346468,195583
2021-02-19,1992.2903498525395,2011.1615079853912,1991.2551213501495,2010.2384833970816,221231
2021-02-22,2014.575145182254,2015.4071848791418,1999.6942469951657,2001.7828099315464,199723
2021-02-23,2001.2657248253352,2005.09875441936,1997.3201266187032,1999.4402329899528,188708
2021-02-24,1997.2274688339667,2002.1440941646017,1982.634008911446,1986.1504019069985,101323
2021-02-25,1986.4233936587282,1994.4758256899859,1975.3865746981141,1983.1274782280918,150824
2021-02-26,1986.2864995202865,1987.7781988922097,1986.1294741106105,1987.5236849305772,212818
2021-03-01,1985.2237313632436,2002.2452875419108,1984.888908452703,2000.956629296943,241398
2021-03-02,2001.0000817886173,2002.769956155356,1992.8558542227586,1994.4351485633304,108918
2021-03-03,1995.3742925898432,1998.4032548671285,1985.1261176981889,1994.490467102828,151865
2021-03-04,1994.748075360911,1997.9443403588089,1986.070543991697,1991.5329960216768,88259
2021-03-05,1991.3243438574802,1995.779698221603,1981.2046425592498,1984.9846001971237,133095
2021-03-08,1983.4229725945013,1985.9770953126522,1970.1562209326958,1972.8168827077784,211546
2021-03-09,1966.678981094875,1979.65442287882,1962.080003171659,1973.5085360793278,164530
2021-03-10,1973.2330541985416,1977.085757165494,1950.71485099096,1953.3403350273347,246831
2021-03-11,1949.3803184066837,1957.338897324258,1948.32690727591,1954.4146266810646,138959
2021-03-12,1955.9861366232262,1956.3636154031467,1953.7738409207868,1954.6433078599678,190061
2021-03-15,1961.15087405558,1962.0178243414978,1945.1009230650152,1947.6470211101828,146657
2021-03-16,1945.4195648720445,1945.8620090855213,1939.469227015072,1939.7730459215406,246482
2021-03-17,1941.1689770884814,1943.0117369277673,1927.0033000004903,1928.4259818489465,164487
2021-03-18,1928.8653786324342,1945.3226933430242,1922.2304442294326,1942.8623979029385,193247
2021-03-19,1944.9373142536642,1945.4421933035778,1932.3124912459568,1932.434883942662,93173
2021-03-22,1934.1825542116874,1948.0442890781076,1932.4275001655237,1944.4770634041472,83827
2021-03-23,1944.3236101830967,1952.0638049737022,1943.7655239246074,1950.0380157577413,182596
2021-03-24,1952.0158769916743,1956.071533833517,1937.8314893884394,1946.8163027728992,240225
2021-03-25,1944.1677178854277,1950.4098449061398,1932.1902068834224,1936.2226336684269,179030
2021-03-26,1942.391413513109,1950.2760314615837,1940.322860687376,1947.836124689948,160493
2021-03-29,1947.2398726218,1976.8266869492534,1945.2316302631702,1970.4413409873603,200964
2021-03-30,1974.5483145060837,1982.0927920949728,1955.7009922148072,1958.2108683475371,221252
2021-03-31,1956.9921020848599,1961.0002641164185,1947.2093704025178,1954.4097539461814,121296
2021-04-01,1953.7088864000125,1968.5008230885874,1945.5146238121024,1966.2205295937194,128341
2021-04-02,1962.4290080547466,1973.6799034736048,1960.5359140702676,1969.7407741075474,86962
2021-04-05,1964.3919007482227,1997.177264739926,1958.7081544615323,1991.7403502101345,176619
2021-04-06,1990.8610627872615,1993.4329435147804,1982.3563233534828,1985.1320364913227,200334
2021-04-07,1977.409506425215,1999.1816054013082,1974.962557226689,1991.472400227851,198504
2021-04-08,1984.8546713914707,1988.3251931785144,1972.1901106800578,1975.3211285291736,142718
2021-04-09,1974.1417171970131,2003.3013665021845,1973.1822174015126,2000.2507035080628,211752
2021-04-12,2002.1660390023198,2002.414575483563,1991.4312313250891,1991.5064197388851,181589
2021-04-13,1992.4904402485108,1993.6330004314839,1961.2322692575206,1963.2523645520837,128436
2021-04-14,1965.2000900584594,1969.0824170953088,1959.3728814403153,1961.581847786334,126033
2021-04-15,1959.006504285608,1964.2206371154975,1952.2926598840118,1959.5555922472897,121462
2021-04-16,1963.2822188415107,1990.5510144733996,1959.4589183537414,1988.3017229904021,139238
2021-04-19,1986.2535035370513,1992.6167453769606,1978.3307466883198,1983.2711906420238,145426
2021-04-20,1982.1011556369963,1983.0988579727018,1982.037860800014,1983.0814309430195,124704
2021-04-21,1991.823656627617,1993.7094910774729,1989.7845167435203,1991.425030972115,179359
2021-04-22,1992.3126262519218,2016.4614784012413,1988.2005172464883,2010.7089443066236,163752
2021-04-23,2010.8268338279765,2019.7332741584034,2004.6924098209624,2009.8912314758902,186757
2021-04-26,2007.4264117884118,2032.5199683089068,1998.9985912651216,2023.3048423239632,190122
2021-04-27,2026.7907665019159,2034.5342367101878,2015.7053295353535,2030.2302677487783,103779
2021-04-28,2026.4573478449229,2028.16273947588,2023.5246217872805,2026.8732482438677,120016
2021-04-29,2029.1200251083958,2030.0288561995565,2026.4852653720998,2027.7189952638855,121346
2021-04-30,2028.133525626398,2028.5819189001093,2026.8794619985445,2028.0121196315317,133733
2021-05-03,2032.2061159267716,2035.4127849297508,2017.6220606757395,2019.6764895081756,221974
2021-05-04,2021.8710332523149,2034.4566233390706,2018.094370221267,2029.4830751914606,158610
2021-05-05,2033.996057424664,2038.295375371548,2014.5975366348775,2018.2363273721903,150133
2021-05-06,2017.0901093947298,2029.645815370615,2015.7210201651203,2028.9655144914955,198391
2021-05-07,2032.5269391807353,2039.0755714331183,2031.7616468895017,2038.1986312812342,145436
2021-05-10,2037.8107032768617,2038.6635476029908,2035.0438727277365,2037.3647385908803,142753
2021-05-11,2038.8355024293946,2041.9333155609238,2023.3865309177186,2030.5086953991213,215422
2021-05-12,2024.9973681930642,2029.7594387269662,2024.256108957847,2028.2801180532815,90580
2021-05-13,2025.3263441394695,2034.6078945026522,2023.494074619754,2032.1174184339002,89701
2021-05-14,2030.1955367319931,2039.944971890401,2029.5683568860707,2038.1589721180183,168213
2021-05-17,2039.6518267707784,2041.6643692003338,2038.3371697297591,2040.6904749944474,119082
2021-05-18,2039.5791668410855,2052.3959551503335,2037.9447038177761,2050.2794924118953,157215
2021-05-19,2052.830528070835,2054.867825269814,2041.778596068387,2043.7037560178537,111065
2021-05-20,2043.7257907506619,2050.439842152895,2042.983182979126,2046.7921531261118,249486
2021-05-21,2049.7542222983047,2050.953026216881,2022.4261050578677,2025.5306651872995,166087
2021-05-24,2021.3284187026902,2039.6439130592823,2017.3586696237944,2036.059647693079,178624
2021-05-25,2030.6510127912975,2038.5286334127804,2030.2912371471905,2038.332305310306,159147
2021-05-26,2039.0748655987145,2039.3375010719706,2032.2184264621578,2032.4445942415703,87851
2021-05-27,2032.4803482470058,2051.492562510745,2029.0814557979518,2048.8071838506758,112796
2021-05-28,2054.4247862913035,2068.4331452121955,2043.189159418054,2059.398853226621,189454
2021-05-31,2065.4876625218567,2065.490343223839,2009.2400170635128,2009.2430134746953,235815
2021-06-01,2006.2841822321898,2016.690868482031,1997.015662922992,2009.9318056031498,94084
2021-06-02,2011.4116434851449,2014.1933920655442,1982.2159512807002,1985.00839910352,113681
2021-06-03,1985.228502880502,2007.4284387271246,1983.6750147749503,2003.3109336461885,143319
2021-06-04,2014.0136793484935,2063.8732664852582,2008.314515693532,2050.4284550426237,127643
2021-06-07,2049.672407058362,2053.7893562642294,2038.2475249675904,2040.4059028211777,85965
2021-06-08,2059.8688846142577,2060.5736279116986,2040.8767884516565,2041.9792894565876,241976
2021-06-09,2040.0973393889,2041.4942768663839,2033.5556972818865,2036.9946411360502,182140
2021-06-10,2038.3909211036091,2046.5385827761136,2030.996178112072,2043.873252039031,130042
2021-06-11,2041.148338388693,2069.2029683702076,2034.9496329075996,2056.394026118814,109374
2021-06-14,2058.3616219007113,2102.3556820883487,2051.5931840328462,2082.797179928855,157808
2021-06-15,2088.7425719339662,2097.412218068502,2056.2555807722174,2061.000755731447,240526
2021-06-16,2062.4785687306176,2095.4198877985923,2058.552786130373,2092.4074731975966,204863
2021-06-17,2089.4628515953646,2094.842930869857,2071.417232609911,2074.585358540086,112875
2021-06-18,2079.3219361467463,2099.900462668944,2063.491912020981,2079.9627713923314,151425
2021-06-21,2089.804039013202,2102.03284038908,2088.767338874346,2101.5404241560514,244577
2021-06-22,2103.3831623658357,2120.580068243292,2097.6288134411648,2113.592991095622,249108
2021-06-23,2116.287990312039,2119.0814041322,2092.9413312506126,2096.412829060664,235347
2021-06-24,2087.97300699789,2101.3777376895346,2079.467415192606,2083.23379980616,164208
2021-06-25,2091.0140811221936,2102.427459243214,2066.9305698703856,2074.3242317189547,168059
2021-06-28,2068.719572045405,2075.2972288792266,2067.4905436319887,2073.3759418237396,121194
2021-06-29,2079.347659464584,2096.6331523806925,2078.6629454923577,2096.177501133874,158909
2021-06-30,2098.1461017499655,2110.8751339631294,2061.1685619956265,2070.6120719630203,205221
2021-07-01,2062.9114734331033,2095.1400049755057,2051.789873803565,2080.3769466515832,146141
2021-07-02,2078.490649034682,2092.5407277728614,2078.4770295216763,2092.5040460730643,236670
2021-07-05,2090.785168839207,2106.557513593735,2086.565207492533,2103.069736651043,207331
2021-07-06,2107.1023350201176,2116.742634562032,2103.725110463682,2112.0603106142426,115594
2021-07-07,2117.330646751732,2141.282999321549,2114.5737352110864,2140.0989947968687,111949
2021-07-08,2134.2196970338127,2152.0084721924995,2131.361382034035,2149.6527093553136,170120
2021-07-09,2140.9098871198066,2167.7012490230054,2139.7919310900947,2166.7957250248865,140264
2021-07-12,2166.9207004393083,2181.966219868516,2155.384540645255,2177.483999441658,231400
2021-07-13,2170.4408217367327,2222.060315050652,2164.3713714849314,2211.8225019475426,89977
2021-07-14,2214.6038200313965,2219.223555999911,2174.8836021152647,2175.7606601636053,209085
2021-07-15,2166.7797374382208,2201.8782015817123,2166.4426444951196,2201.240042317527,152646
2021-07-16,2198.6355608495937,2199.531480819688,2194.1509027191346,2196.214569393993,222874
2021-07-19,2200.46240097192,2209.886769727234,2187.0273940139214,2190.9844785308137,112529
2021-07-20,2196.3046902644214,2197.628526785708,2167.0337092709906,2171.412493486147,134966
2021-07-21,2187.9544128597945,2188.1221528564574,2128.4964271647636,2128.570642308566,236323
2021-07-22,2128.3202657503875,2129.6451389641034,2115.749843363962,2119.0171377111783,102638
2021-07-23,2121.231267700163,2125.7246480339722,2092.462530618338,2101.8417190850255,156592
2021-07-26,2110.512938339431,2131.0655032904897,2092.4087330697894,2114.2359720090662,243220
2021-07-27,2104.66248749009,2116.1882567225925,2065.669697087775,2074.2493159313694,117881
2021-07-28,2074.8474045524094,2112.2512411401367,2074.6662256664276,2112.185322600567,193390
2021-07-29,2112.973407266701,2127.260592112334,2110.251954012378,2119.190677029025,126518
2021-07-30,2120.1541886223526,2131.850003349883,2098.4154555020264,2112.7562777462367,189792
2021-08-02,2104.9612107108833,2110.211009428462,2083.6121810271693,2093.9832805525457,110300
2021-08-03,2094.7945056208036,2101.5627432550095,2064.257215116273,2074.1563205309303,149197
2021-08-04,2075.384441004842,2080.290457037396,2043.190501914717,2048.275579527784,95130
2021-08-05,2051.1920642523655,2053.0952222879487,2032.5697580252431,2036.9275987528952,121323
2021-08-06,2027.2933210290962,2043.477855961411,2021.2909267645841,2037.0623065637346,89056
2021-08-09,2044.3912615460092,2061.20733746965,2017.2329358258833,2033.4080751085146,96371
2021-08-10,2027.0020958173307,2029.2063155865721,1998.5170588366789,2004.5327329772688,201803
2021-08-11,2005.474669535912,2005.7367402742843,1998.508909223291,1999.1185396588148,100064
2021-08-12,2012.7364343755416,2014.7034458936532,1979.1993058728676,1980.3032240281734,97831
2021-08-13,1984.0764273510472,1986.1086115444994,1981.133385400065,1983.5807389211998,181657
2021-08-16,1987.6520632946235,2025.1424749000264,1985.293432705626,2022.9316921558247,223077
2021-08-17,2023.915606074877,2043.3961255709905,2021.244376127479,2035.7110442770795,153484
2021-08-18,2033.4807345988938,2033.887884898518,2029.2552045799794,2029.4129059774489,244510
2021-08-19,2020.7949005905225,2024.7667087866673,1995.7920951950416,1998.8406756233753,238954
2021-08-20,2008.4887789442926,2012.7547171757385,1969.6200059370237,1970.7040795117828,235438
2021-08-23,1968.9964150474298,1976.4857506299588,1926.0108896416882,1937.6833262255436,96988
2021-08-24,1939.807825628086,1966.2376151975104,1924.3348237228222,1951.0387218930068,110019
2021-08-25,1957.2167470840207,1960.0703100719704,1935.4660233935103,1937.1901023947405,220554
2021-08-26,1944.4176044251615,1948.0622801795628,1934.6882171849427,1938.3028996169605,214804
2021-08-27,1942.360073109276,1946.3662036815408,1920.159805411817,1926.7716674761136,223903
2021-08-30,1923.7490531825006,1929.7659495360508,1921.7929791641661,1928.287892117499,181555
2021-08-31,1933.8082604573383,1952.1970297473222,1930.6334841617797,1949.880381078055,242313
2021-09-01,1948.1701900111407,1951.3598006084164,1934.4856414840674,1939.5183467376478,240778
2021-09-02,1937.0617298663929,1940.9448545674156,1930.3552954583474,1933.3850489758786,97748
2021-09-03,1936.3667639803828,1936.5386188617915,1917.7885038072056,1918.0273437011417,129841
2021-09-06,1922.1096480639565,1939.1535279300788,1920.4801242754877,1934.4479482115485,174183
2021-09-07,1921.2897377368758,1938.3469306573174,1908.1254945700775,1914.185437079061,182897
2021-09-08,1917.2897993637505,1931.0402251716341,1874.8137293360803,1889.3612143966352,105194
2021-09-09,1901.2014336047077,1909.1332310032487,1855.660943003849,1859.7178061246245,184746
2021-09-10,1855.2112102432532,1856.436578686909,1826.6149674298651,1830.677627101635,246693
2021-09-13,1822.4212653284326,1846.7386144554985,1817.3305221982732,1840.8675491944991,112243
2021-09-14,1836.473063166551,1899.1332097587906,1834.806798606939,1898.1546263498515,237032
2021-09-15,1889.5903387649944,1899.9739517025573,1864.814758819248,1874.5142291486407,182041
2021-09-16,1888.855991006856,1909.4023651129914,1878.1181558634842,1896.2973376932935,133350
2021-09-17,1895.7472815852918,1914.3933255826528,1875.7820260101223,1902.666164922253,203283
2021-09-20,1900.3375726393272,1912.6656642308194,1857.6548501883058,1872.498708025922,138801
2021-09-21,1869.4939485870325,1876.6921648052908,1851.1779399693323,1864.8724841563767,217160
2021-09-22,1875.2609642442424,1899.7550183525755,1833.758820992562,1858.3018077639815,189226
2021-09-23,1857.3476752749568,1859.5883772796635,1838.5301070422051,1840.4351945942235,225487
2021-09-24,1843.4859258055176,1894.2701296273433,1842.317948670131,1891.2738155969364,154416
2021-09-27,1877.4706486572836,1887.4730584445822,1834.3265360479968,1840.124046925411,84519
2021-09-28,1836.755885065499,1856.2070024817444,1830.087902334102,1850.2613333664813,137267
2021-09-29,1864.7881089878051,1868.146128148634,1858.171695561175,1859.3819897774993,208951
2021-09-30,1858.800773203172,1861.3929231723434,1841.617897123368,1843.5932166290884,83405
2021-10-01,1847.6090198579989,1849.1905043341383,1843.135440146902,1847.3579634545174,135150
2021-10-04,1856.5389963616688,1889.8890770439393,1841.8571693545273,1869.8361258570303,171776
2021-10-05,1866.931052767279,1875.5609028858344,1864.8558745366156,1873.6728191478567,210125
2021-10-06,1867.630802721362,1885.8711448093861,1865.6734648464821,1884.0138077815136,188987
2021-10-07,1881.0086562173146,1923.8654039609944,1866.8769567419242,1900.8014524132354,105712
2021-10-08,1901.0047781054782,1901.7411500725784,1851.1068162768208,1851.9415239857997,81038
2021-10-11,1854.8731625598964,1887.5213747912032,1845.6068810274912,1882.7884509357307,143944
2021-10-12,1881.8109279462574,1936.9499509169061,1878.2800710231945,1934.248034232912,138644
2021-10-13,1934.7923615460527,1959.5392489704448,1933.084179186766,1957.297602795861,149057
2021-10-14,1968.0292810906797,1987.1603853892318,1960.2832058101856,1982.7266529046367,196163
2021-10-15,1985.726595729847,1999.3537952136462,1927.089052593111,1943.6358157433351,198230
2021-10-18,1940.8917250899829,1958.903904816929,1915.1554061203844,1940.4151042660797,151780
2021-10-19,1927.1867979471108,1935.457056820981,1917.2824953675497,1920.0395954570051,184684
2021-10-20,1925.4460278995646,1930.7707131135112,1897.8852044231126,1906.066491865021,133166
2021-10-21,1905.790145268801,1938.379207825367,1894.2938360516325,1927.5884767322787,218335
2021-10-22,1933.6751844574462,1934.3042832209649,1908.898814576927,1909.9699176343388,128522
2021-10-25,1897.8649113958204,1919.9013782313284,1885.1984887923975,1907.1364197239088,81027
2021-10-26,1907.295059450769,1908.7300370324047,1866.7423632650382,1869.9434658643881,115590
2021-10-27,1870.4314422950124,1875.1357743785072,1863.3767521370585,1866.858979860015,128351
2021-10-28,1867.4653020137166,1870.0109391492729,1865.5333207126898,1868.4620876121912,119967
2021-10-29,1871.0666012796446,1874.3135568015755,1853.9851013298228,1855.6962236120833,205106
2021-11-01,1855.772206912765,1858.9098323340238,1837.9268101562666,1842.8336628235288,130502
2021-11-02,1836.3445250393545,1883.1570400574558,1828.1417577926725,1875.6642577837995,120716
2021-11-03,1876.1024225967435,1879.5666326097996,1852.6399259470911,1854.3404828219716,191884
2021-11-04,1855.1861878333016,1856.1982356307483,1835.8154540983114,1836.6634238974284,223430
2021-11-05,1838.0093046666234,1846.7251515369617,1813.5002991928127,1823.7279205901825,149519
2021-11-08,1831.5052659525127,1843.1232795006317,1829.1285974028908,1840.561273279128,132782
2021-11-09,1840.3130046785714,1870.4257912641824,1840.2566722726176,1870.2717930987717,200831
2021-11-10,1875.2577186214573,1879.577157612941,1873.0608340919632,1875.7344945966543,193388
2021-11-11,1877.2395271996904,1882.0718912234665,1850.4906043974618,1862.3156043393196,173314
2021-11-12,1865.1749541663494,1875.512668870404,1840.483578590228,1853.741286028345,89388
2021-11-15,1849.7939396872273,1877.6143097844683,1848.6280194730286,1875.838218747764,249025
2021-11-16,1874.841068424502,1876.5931126857588,1850.9623096443697,1857.4077236679523,235751
2021-11-17,1854.8060867585923,1896.8971640175296,1852.803053339716,1888.858258380578,227971
2021-11-18,1893.828408772869,1938.0476280436624,1854.2633197159403,1919.9507551245458,99114
2021-11-19,1921.7127658414872,1926.54538012599,1906.3017408470091,1921.515772263519,152190
2021-11-22,1917.8216127615,1938.444306983688,1915.3687878288463,1935.6769824696012,149903
2021-11-23,1939.4415073567345,1955.3403750142481,1935.4029269662374,1952.3096329022017,231091
2021-11-24,1951.9538700264957,1998.0959695069055,1938.8495826613134,1986.2878466152124,146177
2021-11-25,1998.3660942301897,2009.1673060655467,1955.5390268733734,1963.0133171376945,193762
2021-11-26,1970.7040886480129,1987.9117365114719,1969.5320411072166,1987.3537376138477,131585
2021-11-29,1999.929878620379,2016.1360123271265,1969.4076392607046,1979.69834536248,225237
2021-11-30,1979.3339580816603,1981.567902218424,1959.941598084469,1962.0113516457739,171130
2021-12-01,1966.540577745821,1971.111754142137,1957.62009592041,1964.3522461335979,129955
2021-12-02,1969.2861927246786,1970.1498238295064,1957.7807638835548,1959.5337479541513,169183
2021-12-03,1967.324382313096,1967.9261026788993,1936.176746323097,1936.7550191164166,168532
2021-12-06,1952.4879222969937,1956.1971311158497,1896.0398502562462,1899.0202920778436,215014
2021-12-07,1900.6504283222591,1905.4074654786457,1875.360545352095,1878.395423116999,108574
2021-12-08,1870.0646892126244,1916.120651728155,1865.419227510558,1909.5177860473266,245255
2021-12-09,1908.140979632171,1957.638439567872,1904.4338416646187,1954.3336772330488,94729
2021-12-10,1952.8788600324458,1973.5099215181917,1950.0591227245613,1969.7366065038343,216124
2021-12-13,1978.4428483837548,2002.4345992627848,1964.7675562342515,1998.2226993933546,90614
2021-12-14,1985.6015333223188,1988.3537373902097,1974.296745178196,1984.67318915365,202972
2021-12-15,1991.3597342425378,2007.984991189394,1973.9251643760877,1982.7308028155196,165406
2021-12-16,1985.6471545093777,2009.244781240177,1967.4997749157758,1989.8941602867924,113629
2021-12-17,1994.3999741308762,2002.5457921513948,1959.0497941838432,1963.0983643459856,173477
2021-12-20,1963.3977996989229,1964.5961958693063,1934.9070092716504,1937.1596207371706,116079
2021-12-21,1938.867940884292,1943.2246270625635,1937.8057285798764,1939.4570045989572,246261
2021-12-22,1950.5825430590328,1959.6371990425694,1909.9059695031954,1932.1455897690141,82114
2021-12-23,1940.162220425981,1943.2790861098708,1904.080223636704,1908.6015917937336,85930
2021-12-24,1906.1010160156382,1935.1328008548683,1887.4257590427487,1917.3538281592314,95802
2021-12-27,1922.4718753290888,1929.770642307945,1909.295524530405,1911.1892200638295,198417
2021-12-28,1905.7365910419664,1938.8704297317943,1901.1507175439958,1936.6842011004424,213083
2021-12-29,1947.7224578900398,1949.4393745087891,1935.8469304605699,1936.5673397766855,155533
2021-12-30,1939.3790559217384,1962.7998033058054,1896.1188320085694,1929.2652904184297,89668
2021-12-31,1938.233559949697,1946.7455242295268,1914.738401897864,1932.3214974500454,229554
2022-01-03,1939.5895300940251,1941.9589396099382,1923.78324599224,1928.3418869661025,125810
2022-01-04,1929.7287737157176,1932.7339071509668,1910.1567742071875,1912.4852123228184,127585
2022-01-05,1907.751900288393,1912.1846018927674,1896.3638588359788,1903.4489469409918,145171
2022-01-06,1907.7869081845627,1921.422887044832,1904.8713515892857,1918.451573879576,111944
2022-01-07,1910.9001774190092,1937.3850797797222,1902.2937915517434,1931.2211665973207,106722
2022-01-10,1933.5584842557487,1956.442705071011,1932.2891781627416,1954.5584811278868,173198
2022-01-11,1948.7387071567052,1952.1106742155043,1920.54465211914,1924.7663357613435,137736
2022-01-12,1925.1270519019786,1929.5369367689282,1912.270050752029,1917.788507124219,171780
2022-01-13,1919.9145760094575,1920.1934177776204,1910.0015660732101,1910.3070210454894,122878
2022-01-14,1915.35812205704,1919.5678657749734,1911.1140289723692,1913.7126440620605,238373
2022-01-17,1915.7543572232587,1941.7855286352192,1899.1267701533204,1904.850054150246,149560
2022-01-18,1902.1829620961093,1904.7897799505836,1891.9027641111531,1895.736356372428,111249
2022-01-19,1894.744140370724,1912.6108901615878,1881.3180206391953,1908.910191693031,110349
2022-01-20,1921.9692171205966,1928.761795295899,1906.4478640857335,1911.742278783749,140104
2022-01-21,1912.3334557309186,1916.4261370076133,1884.0372560466046,1894.8193614892925,84354
2022-01-24,1896.0230417837709,1915.9044565633296,1894.2008341386656,1914.677278363449,221793
2022-01-25,1919.0615551254846,1930.8909666572436,1917.7944336829707,1928.9265089930834,234474
2022-01-26,1929.5820374702876,1929.5898767474841,1921.9696317752157,1921.9779131941004,203982
2022-01-27,1923.876048568263,1933.0721001857517,1923.7843233625715,1932.6796436572354,206259
2022-01-28,1930.1992223642542,1930.2510949703271,1923.2178017798597,1923.2624505000742,107607
2022-01-31,1920.8560015882665,1938.3987370240425,1920.7255902961788,1938.0820771852495,210925
2022-02-01,1938.0273130920016,1945.1712248522447,1922.8207988394752,1935.168680115095,212046
2022-02-02,1937.9871253840952,1946.9692573498562,1920.8876105790494,1923.851307675927,123302
2022-02-03,1918.7753664042173,1929.7439733050176,1912.0295087784357,1918.6076875350714,193139
2022-02-04,1922.3242493580735,1930.8073129901236,1896.5337471231614,1906.7815207745632,239734
2022-02-07,1906.3088533043958,1910.965800391149,1905.265108747442,1909.8276642373964,165067
2022-02-08,1919.6819424101845,1928.630748124853,1898.062649775688,1912.6872226435723,221651
2022-02-09,1913.5272943616264,1921.230678590228,1910.1459723021699,1913.2923127644297,245336
2022-02-10,1908.4676540403432,1908.5480426492634,1904.6633150085854,1904.868290204058,149427
2022-02-11,1907.9523226822027,1911.7487235450958,1845.353507793113,1850.3761282781015,116551
2022-02-14,1852.205645698359,1852.7643007455874,1851.4065652194417,1851.6945612152688,129203
2022-02-15,1848.3455664506816,1851.9350688495697,1821.649788837691,1824.3689963704678,169090
2022-02-16,1828.4682318056186,1831.1494170231585,1826.0674472379796,1827.4756666289454,214814
2022-02-17,1817.8018864137782,1850.5250131638288,1814.2414703546183,1843.9038625943833,204082
2022-02-18,1836.000071020007,1849.652135936844,1831.5369550822554,1847.9525239720026,83541
2022-02-21,1857.2602994847152,1857.7638284290113,1841.7588849031886,1842.713057250443,199724
2022-02-22,1840.0369750796604,1850.2327599625582,1833.9739024976548,1840.640777830592,177309
2022-02-23,1840.1152493376396,1843.4840380787048,1835.5761626613805,1839.151427483796,87010
2022-02-24,1836.6469887111023,1837.2223378016017,1832.71410671165,1833.0561458535267,227537
2022-02-25,1834.0287301749852,1843.588224831535,1815.8005161158385,1827.0598337874792,139018
2022-02-28,1829.6150344481364,1830.7003366440385,1816.850233419364,1817.5067417114794,235112
2022-03-01,1815.5640755521404,1831.0313856381044,1810.5979169378973,1828.9019072677304,187316
2022-03-02,1829.9534744433568,1839.81581132597,1825.100588954417,1828.7444679989837,237163
2022-03-03,1831.7562087928532,1838.7017871822038,1830.3566384100307,1837.7913095188371,237442
2022-03-04,1838.1826054201738,1838.97239937737,1834.1804203968543,1835.426994613985,152889
2022-03-07,1833.0234164847902,1840.9247781150243,1831.8505036829063,1836.1889312508229,186467
2022-03-08,1829.0923755117935,1837.900374952471,1826.143849693478,1833.914220762364,82668
2022-03-09,1832.104769505179,1843.9348275501807,1827.9484255105158,1839.5822322182985,208355
2022-03-10,1830.9104989275313,1850.0560268371682,1829.583674756082,1849.3108671069183,139446
2022-03-11,1844.9185296416542,1855.3646384520966,1840.983160905722,1851.9249780814462,149855
2022-03-14,1853.8491316712314,1855.216316461835,1842.2749479226247,1843.9875078457883,125956
2022-03-15,1844.7521080440943,1849.6979826919573,1829.4799632735583,1835.8292400224132,209689
2022-03-16,1837.595922424604,1852.244997652655,1837.5699542161103,1852.2284877779468,178331
2022-03-17,1846.8933129254344,1859.810222064576,1838.8085910496634,1849.4474057130305,153562
2022-03-18,1849.1881732219042,1850.4231445251855,1843.182274785087,1846.8766258178493,203255
2022-03-21,1848.0078397307022,1860.3308419319585,1844.681015012729,1858.2527099901126,158423
2022-03-22,1859.768070417277,1867.3260446919,1858.968192752708,1866.3402803468543,246589
2022-03-23,1867.8900559659749,1873.4101093986774,1867.0222578594517,1870.3270664060233,196435
2022-03-24,1872.972783732142,1874.2362121444423,1861.8442501062652,1867.3405540660185,134262
2022-03-25,1863.3009415114777,1885.103780733083,1863.060064969144,1884.9189331195817,204561
2022-03-28,1890.0197369776135,1890.4126985221708,1887.6954666122929,1887.949248283131,141687
2022-03-29,1886.642938922854,1893.0462516743191,1882.7821947722719,1892.0814819353966,224225
2022-03-30,1891.8965804409308,1892.5056976588467,1889.623104276311,1890.788008627902,94696
2022-03-31,1892.3515008791185,1894.4928459460552,1877.7005517999883,1880.0928990427706,149968
2022-04-01,1880.0786185606346,1887.635543105995,1863.663073158721,1868.8544801483265,221609
2022-04-04,1874.9358266083307,1876.2391072491525,1871.9409554800006,1872.5166470057247,129604
2022-04-05,1866.3819907410066,1878.2574353094424,1863.849449288241,1876.0147905691645,164772
2022-04-06,1872.6087081189178,1880.0982140591605,1869.4450942581134,1874.1105510926302,193197
2022-04-07,1872.4337186157093,1873.7764973671567,1862.5740376073618,1863.985738605775,119638
2022-04-08,1865.7706052479277,1866.9319963347793,1849.2722140467035,1852.5282185734725,106211
2022-04-11,1852.956534741355,1854.4738684235829,1848.2374690332801,1850.1002901674901,165465
2022-04-12,1852.363334221756,1853.8543488174075,1838.4365495403415,1839.3258394097948,246250
2022-04-13,1836.2384756098245,1849.8103347636775,1835.422191090737,1847.3780382705934,162409
2022-04-14,1844.361833900092,1859.2211998775808,1843.1744991744915,1858.0292987886662,158524
2022-04-15,1858.101596214752,1891.0324601060177,1849.0581276700266,1887.975518925138,218948
2022-04-18,1892.787404843707,1898.0995034686039,1892.0982537406555,1896.947093726291,197252
2022-04-19,1900.5032572909936,1901.5104686467052,1888.4322482725847,1890.2332771627011,119024
2022-04-20,1893.1228573745443,1897.2868277184605,1880.042743742752,1880.9903529000235,109660
2022-04-21,1881.955339984998,1885.2011598015854,1839.98742159134,1845.175029515632,166169
2022-04-22,1843.2800472517097,1845.8393037503963,1831.4525244867682,1837.484670505994,234384
2022-04-25,1835.2872458817178,1837.3130627680857,1828.0512493633305,1835.058695362748,155635
2022-04-26,1832.5419872006173,1858.1507284553873,1825.647093029516,1847.791554487034,115389
2022-04-27,1850.7895315792562,1855.9314950857272,1850.677329998514,1855.837285523418,97058
2022-04-28,1858.5149379538102,1867.0888980717477,1845.8544628857424,1863.8247450916815,126783
2022-04-29,1864.1999070803322,1873.4967274900246,1856.1542457141522,1867.0286279863028,103463
2022-05-02,1869.7407014606238,1876.8411936911575,1869.579580088547,1876.5891431262583,242196
2022-05-03,1879.041646133562,1898.4789420917773,1872.3206678369418,1894.794815425103,120928
2022-05-04,1899.7382045752754,1903.651503159649,1875.4644313622055,1881.6154039792636,130713
2022-05-05,1885.7830204080683,1886.7939845161081,1874.4270626885896,1875.9884718311216,153901
2022-05-06,1875.1669792342009,1880.1096044879623,1853.7082782644204,1858.7779640722106,111962
2022-05-09,1861.2348329934246,1886.1064506987989,1851.2227420750492,1881.0393551843401,174433
2022-05-10,1877.5522606249742,1904.7740321843385,1872.0419406331762,1899.552921295609,185617
2022-05-11,1898.293910299608,1912.0256165291964,1897.5825444156942,1911.0963091397255,206694
2022-05-12,1908.1187245704737,1910.4652728290275,1891.0782980711713,1894.1144778684231,101522
2022-05-13,1890.154595753331,1898.583273222345,1881.6437353121341,1896.717089279794,234719
2022-05-16,1899.0620880963454,1906.9088365516961,1884.8201914917804,1892.6290223225556,175320
2022-05-17,1895.7070383762384,1896.661792163387,1892.303203005276,1894.1100140511442,95560
2022-05-18,1898.4452010441346,1908.2090113241368,1887.1393576345567,1890.6184567098296,243157
2022-05-19,1882.5671408906717,1907.771159676358,1879.8358509813943,1900.3560475116126,245510
2022-05-20,1902.235087240191,1921.865523066159,1883.474228637344,1892.1259204761673,142643
2022-05-23,1902.1272113432406,1910.3623937437542,1897.3265557097557,1908.9750313759598,150146
2022-05-24,1915.1367584384404,1917.6346129151145,1912.9472818630825,1913.7489770984935,196006
2022-05-25,1912.7476249792307,1916.9084477777606,1898.2540425200978,1907.7924677536816,212710
2022-05-26,1908.3814362608384,1917.2403031743522,1886.957653930623,1905.433643340393,192794
2022-05-27,1899.0139578589578,1908.5079653212658,1885.4398336535423,1896.3615673688148,136468
2022-05-30,1905.0844039591757,1915.0848460823115,1903.0257006533902,1913.3366940289618,114127
2022-05-31,1910.7872748670625,1930.733141828849,1897.260669736674,1907.716253991542,204131
2022-06-01,1907.6009923451463,1919.3850455719705,1900.6410793325615,1913.8530841027712,154612
2022-06-02,1910.471291079024,1913.596550763171,1900.3172576772347,1905.7298768239455,196544
2022-06-03,1917.7200702041548,1922.9032453914058,1869.7107071473838,1877.043937537412,133228
2022-06-06,1881.4254925583198,1896.0995342857111,1878.3406079272577,1894.267200488436,83267
2022-06-07,1891.0383952764444,1899.6498981337354,1859.9367733904921,1872.9233756747299,230742
2022-06-08,1870.093811905249,1904.153926626765,1858.9784576382508,1885.736893125962,228175
2022-06-09,1882.3865924997813,1896.0386563973648,1878.2421213778584,1893.6047995506315,106801
2022-06-10,1895.4667362500074,1896.6979324754527,1858.8557479687627,1861.231960159377,87438
2022-06-13,1857.9116174201642,1864.4531592917556,1835.816675741947,1844.210717055801,147914
2022-06-14,1846.9732112729164,1851.3516754029163,1827.4473656452647,1834.930151163101,163725
2022-06-15,1831.1698267072795,1838.3651818030364,1816.516059525873,1821.1446029100812,201978
2022-06-16,1820.545678355965,1824.4473905275481,1798.7079026997021,1799.9718588449552,116936
2022-06-17,1803.7082860375986,1822.1772738930974,1800.7406185389134,1814.928891893958,207944
2022-06-20,1814.6393383382197,1823.5385188509151,1782.904370004238,1809.5267706556274,180587
2022-06-21,1818.5684580490765,1834.118260512082,1805.2859882988346,1818.1201725871217,150616
2022-06-22,1814.6435809563816,1819.838984413677,1800.7778612961117,1808.1446632275895,110949
2022-06-23,1801.8069012721123,1823.207702398638,1794.4770928475448,1815.228741706685,149709
2022-06-24,1814.926653397141,1836.0077612239613,1774.2450916779574,1797.6652374510543,183553
2022-06-27,1788.0911510106937,1797.5254607640518,1787.97451683116,1797.0117533950206,102859
2022-06-28,1793.1837601113004,1811.2639737938805,1792.4445739950572,1810.6316768073866,210886
2022-06-29,1812.414760592171,1812.5970193145874,1811.589359656556,1811.7509970418516,95168
2022-06-30,1815.8339762810797,1815.8950888400577,1800.3399732919645,1800.4717393724027,180919
2022-07-01,1806.479936488275,1824.77622261363,1765.3774974476646,1772.1650766982305,116748
2022-07-04,1782.4058806432486,1787.0678596967173,1773.8982734153399,1776.5024420856143,222401
2022-07-05,1780.9204506242427,1788.8144186128823,1777.853004795357,1785.1965178811538,154856
2022-07-06,1786.0380179806798,1811.1681163172113,1759.4787835150494,1778.58512614415,144850
2022-07-07,1783.7653694985688,1788.603917147074,1744.8446710873013,1758.3570571240693,230582
2022-07-08,1743.4967868462602,1800.0949586500085,1734.6747522711887,1772.4905197580708,193644
2022-07-11,1768.5816570974891,1865.1007042640692,1736.366059453844,1838.9248581644192,119698
2022-07-12,1844.1004615023717,1845.1940129331788,1829.5721972533886,1830.7048838509045,156071
2022-07-13,1826.7467100777285,1848.530037424894,1824.2207067256968,1839.037193883996,231093
2022-07-14,1849.1424910087371,1856.69899280229,1843.4732263881806,1848.7923309584562,235628
2022-07-15,1840.8590429031724,1841.431172728146,1778.9683789064181,1780.150747091894,174196
2022-07-18,1780.726492732976,1793.810286414109,1772.846923411727,1783.3655557527406,96145
2022-07-19,1771.925284127543,1772.460303918849,1764.058189749426,1764.9780705715632,229124
2022-07-20,1768.6731802651002,1807.8636621786748,1764.3470302159067,1802.178731326429,227822
2022-07-21,1791.3817182927778,1812.2630959353885,1774.288966083037,1795.3433266496115,94103
2022-07-22,1809.1630441645273,1824.7633001742834,1753.4834780352382,1775.0777821370805,82282
2022-07-25,1776.316810926104,1787.304210228781,1756.647071602852,1769.4946848252052,119108
2022-07-26,1765.8141679351918,1777.6236447554647,1759.2906367791409,1773.9567837644252,225431
2022-07-27,1780.531224294626,1781.5125377230906,1758.7034339953805,1759.769083591561,95021
2022-07-28,1742.6484947740253,1766.7938236772327,1735.8506950367039,1758.3838468133906,94504
2022-07-29,1756.5444086930304,1798.9319857674361,1685.477544923242,1723.5749390329192,237293
2022-08-01,1732.7755104701905,1736.0738493924096,1716.429810052711,1718.1597695665525,198507
2022-08-02,1719.3736677704153,1739.755703704169,1716.4672410857506,1737.7777921097756,135304
2022-08-03,1731.5392174512513,1791.6610866610933,1729.4223903004415,1787.9431815021203,97270
2022-08-04,1785.4693512766996,1806.0641292460202,1784.4026464676608,1805.4790890904035,234175
2022-08-05,1806.1666939350257,1814.363522134146,1804.6777467362263,1812.1920940315624,212664
2022-08-08,1814.5549613100793,1860.3092900932545,1799.2005170158216,1842.7053707213563,228942
2022-08-09,1835.9410624981833,1875.0401939687695,1831.0772471370926,1870.7608439188816,117836
2022-08-10,1865.1176370641265,1916.8477017462997,1864.5060840269712,1916.461578519225,221239
2022-08-11,1916.151553310573,1951.6285118187338,1912.9743464234023,1947.433212534631,91952
2022-08-12,1925.2752610689865,1966.6207420134597,1909.1150902246543,1943.9152578945477,153451
2022-08-15,1931.8849466786592,1955.2072976150228,1925.4787845863511,1951.4399753828409,227909
2022-08-16,1958.6843821864875,1964.1541536213356,1954.5079684163547,1956.7528098662258,141698
2022-08-17,1957.5365311832659,1966.187100610528,1956.5730131838725,1965.7214230619152,178007
2022-08-18,1964.3570522018483,1974.6029899259663,1961.0338968618983,1971.5701889605564,166567
2022-08-19,1986.0602288348282,1988.679285576659,1944.2616789034207,1949.1417829286688,224052
2022-08-22,1959.259815939054,1987.6158460838024,1856.3496531942537,1889.352337414206,172064
2022-08-23,1878.994366307749,1879.9220111716809,1870.2587292753515,1870.8285384746196,214638
2022-08-24,1860.8054434262772,1868.2227237060056,1815.0859763591648,1816.776534466302,175633
2022-08-25,1815.1852555303233,1820.2458066072702,1813.059783429525,1818.5109224413618,96028
2022-08-26,1828.7215163061144,1833.6789031255676,1812.2212125346102,1818.6373140390301,154185
2022-08-29,1823.3897118234631,1832.9483979261552,1755.9004259119322,1773.5355503891462,96373
2022-08-30,1768.3111543434932,1794.125479555935,1767.7518506788551,1792.2554716597235,223657
2022-08-31,1786.9718487389805,1823.4279132284357,1774.8725664155504,1817.204254803778,201525
2022-09-01,1816.5421453432464,1838.8772435384628,1803.3548342511694,1820.068195885428,180480
2022-09-02,1809.7741299386753,1884.718897369105,1802.3581771899528,1874.0128740913347,223771
2022-09-05,1860.5187251485993,1949.3218402530601,1848.421779389704,1934.6129720685008,215320
2022-09-06,1928.1763276755107,1928.3775770464467,1892.4394389070364,1893.1825723639445,110656
2022-09-07,1888.7459434552006,1936.2253776796292,1876.6721901100861,1927.6723523939163,150501
2022-09-08,1947.3221145455934,1961.1444944782236,1921.3435210190507,1943.5565176614662,230775
2022-09-09,1934.5815847209412,1962.3379115878026,1926.6164598962175,1959.58344340782,171058
2022-09-12,1961.9143193007517,2008.1543984133575,1941.801640674092,1993.5227634021583,84479
2022-09-13,1996.5337792611367,2000.706752700015,1963.6222893048132,1967.796318357899,204471
2022-09-14,1972.3521760085848,1974.732549363716,1942.0982821040716,1946.415910085572,210652
2022-09-15,1955.8999712168613,1968.5751990977549,1899.6204252546768,1916.1379411044575,99110
2022-09-16,1906.2887140652108,1906.8183398984904,1888.162222491577,1888.2802731832176,186683
2022-09-19,1895.0965856741561,1920.506401541705,1874.9103929991134,1884.7120299789144,197452
2022-09-20,1885.5707108644772,1891.2389229336156,1827.7448534321786,1831.3775172113087,145468
2022-09-21,1817.948405871663,1827.5007967212027,1778.9851244208412,1793.300348175944,93030
2022-09-22,1807.1042656966274,1820.4392240723753,1799.8314503814736,1813.8548261556632,144984
2022-09-23,1810.3552968705053,1811.4211445461583,1810.223456105371,1811.2877603064849,167301
2022-09-26,1817.533669915077,1836.0457603984623,1804.8433075321407,1824.2269724555417,132286
2022-09-27,1847.7205580643954,1862.5726546669384,1752.9536614773535,1758.666849005785,163208
2022-09-28,1769.1635577376926,1775.0467324586618,1725.8397636211923,1733.3025304083546,160850
2022-09-29,1748.5971163202573,1748.9661115213162,1713.7533338785627,1715.0373928036088,149221
2022-09-30,1706.0177174517125,1727.4663801439137,1696.0995928780317,1716.0952176378992,165058
2022-10-03,1713.0858356950737,1715.6194513601179,1695.3706002893944,1697.6805912741154,172479
2022-10-04,1695.5264024731318,1742.4913067949972,1681.0675167054558,1727.0490570551879,108065
2022-10-05,1726.6241662886948,1740.237667746729,1707.1367551345882,1725.2450145982161,173805
2022-10-06,1721.7580238838013,1727.0376529525665,1720.123357965535,1725.762921848847,82296
2022-10-07,1723.5552669804017,1737.3662274650644,1719.5263676026166,1726.1540789791168,131655
2022-10-10,1733.1150674001985,1747.6872992453098,1727.9473648909627,1746.3027156407225,169572
2022-10-11,1735.8712433291514,1737.4132552540589,1731.8549832001786,1732.4883287379942,82164
2022-10-12,1725.9112646295703,1784.6394199409692,1704.7040566211651,1766.318085593228,112385
2022-10-13,1762.702970773827,1782.6206859540446,1760.4060352468603,1780.3898442973154,102427
2022-10-14,1775.424149401855,1788.2533635804357,1774.7852299670312,1785.3156349352964,96716
2022-10-17,1781.9457976928807,1792.1087924597107,1778.0994343245584,1786.6594525949454,127138
2022-10-18,1801.0325029847827,1805.9580263927649,1799.1166176348765,1803.29904350103,122888
2022-10-19,1827.5560833161026,1852.5851901981544,1817.2838318357853,1836.6983370885257,173392
2022-10-20,1829.1147018393315,1871.0352804790223,1826.8301359551692,1869.4791544853401,104559
2022-10-21,1860.3443752066628,1898.666191155962,1853.6826143598628,1882.6027753327676,97686
2022-10-24,1860.638186339589,1914.388671341732,1860.199945681254,1913.178563789054,227091
2022-10-25,1915.340486489981,1936.5134874557837,1885.4694679245752,1917.357617414388,149481
2022-10-26,1903.9807389147024,1969.0635930622275,1899.3978756243441,1961.7293853772146,129392
2022-10-27,1948.3372458153715,1966.6237794594686,1945.2152179040413,1960.80037566708,196002
2022-10-28,1946.8912435733537,1963.5142916843863,1875.0564255930783,1885.3268284296316,190110
2022-10-31,1888.638370633765,1936.9990867157412,1882.7647070367534,1931.5185670386647,187688
2022-11-01,1929.80147875158,1940.8151043158168,1916.4122361692398,1935.3978774259024,81659
2022-11-02,1924.564767919125,1929.7276800154823,1882.6591181306558,1894.3982874335316,179180
2022-11-03,1892.2721415041194,1909.711644293398,1866.3905955963005,1887.530401164494,192405
2022-11-04,1880.2477485278891,1887.1210826430427,1852.0052694049928,1856.6033210073665,96967
2022-11-07,1850.87353936679,1929.359209942514,1849.7339738117687,1927.9285987419396,242233
2022-11-08,1926.6687299558498,1946.8351561625193,1926.5291588727043,1946.6490906153147,228461
2022-11-09,1948.0545444091285,1948.8020408787597,1885.9578688491297,1886.4206003131105,208359
2022-11-10,1877.19258111204,1932.0021274890555,1858.0072282215283,1907.0340670241296,114610
2022-11-11,1901.1855908983164,1931.5026409530813,1859.132997644433,1891.8334816058416,209849
2022-11-14,1900.533143091099,1965.0779427841235,1898.388144968443,1962.9246580189304,162654
2022-11-15,1955.1043451473454,1969.5299757355112,1910.743431214899,1922.8999242283523,151026
2022-11-16,1925.6576442117453,1933.6481284602169,1834.042274363657,1838.0683828915805,172267
2022-11-17,1821.1018387932415,1843.6530226774805,1818.6999607746868,1840.457306171359,161148
2022-11-18,1828.8134725300938,1832.4483122533413,1820.4815022320915,1827.8452533704763,191282
2022-11-21,1810.0930931196197,1820.6998205650468,1801.7755690423483,1812.9814641238154,233253
2022-11-22,1811.6929508847709,1819.323467299601,1738.6851494830742,1741.3858905502875,246260
2022-11-23,1746.8865388193724,1761.654208361878,1737.122772986703,1755.0004645037116,120240
2022-11-24,1732.092608885637,1822.51650340777,1723.2325006059614,1804.8673246387968,224167
2022-11-25,1811.7108955672704,1817.8696035512671,1741.5869734646017,1745.6043327220805,165941
2022-11-28,1745.0913985576708,1788.4911148474148,1739.9166538891584,1779.8879133344378,105613
2022-11-29,1783.1043688499801,1789.9714418352282,1759.6471271222636,1763.3569379226626,203959
2022-11-30,1765.8405383511342,1845.1302708403525,1751.145235677876,1830.4861452239556,139551
2022-12-01,1825.2196609811272,1852.3912536961848,1802.9395359443672,1843.5560641314337,137381
2022-12-02,1834.9547096260544,1849.2563239716203,1831.411322947995,1838.1908356290683,160750
2022-12-05,1835.177788219239,1871.4764902910874,1832.910740294912,1867.5780469222375,160236
2022-12-06,1870.8194606806999,1892.1432445992439,1860.7182984486944,1881.1606019548838,181628
2022-12-07,1876.5280595793358,1882.6259783782893,1855.1749526808426,1867.127471483121,86016
2022-12-08,1875.7757001555083,1896.5041207375602,1859.8038758816906,1883.0653007187502,160770
2022-12-09,1881.7042679025767,1883.0551232139092,1868.7038856239076,1870.5972480760406,195979
2022-12-12,1868.32312122642,1868.564727379546,1828.8040660538354,1829.3310078118022,194568
2022-12-13,1819.5076511275079,1876.838458761029,1819.1319712301095,1876.6346938843956,108420
2022-12-14,1864.1019918919847,1870.9251275838772,1862.727181527262,1868.8297025506313,142517
2022-12-15,1875.2049995042037,1879.1902882998552,1851.251944934778,1855.081560672179,123997
2022-12-16,1860.7741187312104,1868.9107036787184,1855.0465280927572,1862.5581267034606,90162
2022-12-19,1869.488068880509,1874.6011737180922,1817.207888642357,1828.122902279643,118236
2022-12-20,1832.1930541009551,1840.7191614854526,1794.258315036658,1797.945904102129,95817
2022-12-21,1786.6902553603406,1792.142751329244,1777.495531056094,1786.0470682677992,202086
2022-12-22,1786.5339239316816,1792.2563701181307,1764.2217370097692,1773.6434745875858,238812
2022-12-23,1778.7476724897897,1798.5998081308571,1769.2474941584578,1775.3621950204013,147887
2022-12-26,1781.3457554158188,1809.819341679598,1769.757625634974,1800.9922961252832,138301
2022-12-27,1805.8152357292186,1814.9502057757356,1779.0847719462756,1789.7210326995762,248960
2022-12-28,1786.9296119975168,1804.4082821991344,1772.088614603269,1801.2446784716406,180724
2022-12-29,1809.5854045165183,1828.000954662726,1800.6072335865213,1815.9418793141328,215886
2022-12-30,1810.7856469541928,1818.3322449626687,1786.3708674981356,1789.3045915331193,119148
2023-01-02,1788.2592693665747,1803.17955338354,1783.079497583825,1795.2689450708733,237012
2023-01-03,1791.9122776326453,1792.2046360359122,1772.5371775145359,1772.6163135201823,109346
2023-01-04,1771.1549011264601,1808.1597769281357,1760.6657734161024,1797.5340176880359,196811
2023-01-05,1796.0581232404334,1816.5735412502786,1780.9420207729963,1808.7781237653824,196541
2023-01-06,1819.3832602295226,1827.0602446344087,1802.2859460729921,1809.1868814084078,119099
2023-01-09,1810.4206553390934,1814.4524049351949,1759.1902887136248,1777.5531326052599,221603
2023-01-10,1771.992288954873,1782.6260576076377,1770.6907856471032,1780.2161604973037,135043
2023-01-11,1782.8546864204159,1787.7277125033606,1748.7225746103247,1763.7447145561064,188751
2023-01-12,1765.3259782349805,1782.960472827882,1755.966114267502,1778.8616279589776,141816
2023-01-13,1776.2226061491513,1778.7212837919803,1775.1608289496883,1775.97932027584,94901
2023-01-16,1780.4752737884507,1795.9146663073293,1739.804185546968,1755.3701127741879,114422
2023-01-17,1755.7360263887642,1787.677507260392,1743.533168396792,1777.507517439801,125598
2023-01-18,1773.4177946300156,1802.0300477814649,1766.4639435304207,1794.3123462324925,159340
2023-01-19,1803.919907056413,1820.1471102099913,1764.8382173038851,1780.6305841394346,143655
2023-01-20,1769.0328605913437,1811.6789745633641,1763.80395514888,1808.4839944245232,214482
2023-01-23,1804.8777191571,1812.5011225500123,1799.0729966432107,1801.491619883273,155165
2023-01-24,1802.130210639991,1811.2249397802975,1784.3879873806245,1794.5055151964145,168714
2023-01-25,1789.116322928135,1800.4508515837101,1782.4443520836498,1797.4167147158842,219158
2023-01-26,1794.7323366078774,1798.167907819365,1767.8155543631528,1779.0213736121166,108263
2023-01-27,1787.8365284321355,1800.3705580508422,1756.4665462517996,1768.5157364284241,195357
2023-01-30,1768.7161753386415,1780.7178486355886,1755.2257346778802,1764.9139468110616,204572
2023-01-31,1762.9725750078178,1801.3885511301469,1761.2324731988272,1796.7251799599053,189725
2023-02-01,1803.3081524961583,1828.389644161848,1802.203254720033,1827.3314041422077,244072
2023-02-02,1823.1393492434236,1826.093747615382,1820.503039979764,1822.5956047825555,102828
2023-02-03,1826.5178824264556,1870.3995724687709,1816.5236886374887,1853.3278212145065,160670
2023-02-06,1855.2130065373715,1858.2697189702608,1839.7197067396548,1852.5220163100637,224428
2023-02-07,1851.9537138088785,1862.077946367583,1849.2097229303624,1859.8439534689646,104085
2023-02-08,1859.6486608921077,1884.5672597340922,1854.8611934035457,1878.747632133138,219829
2023-02-09,1881.6510923187493,1885.6795124513162,1881.2387027497325,1885.4486678795852,204174
2023-02-10,1877.1313193911242,1943.3433447445925,1872.8582515784574,1937.8837939531636,93572
2023-02-13,1939.072518819477,1945.761503222212,1937.7273086894716,1943.564089362979,171647
2023-02-14,1940.6494900052594,1957.6042194318063,1898.6363141419713,1913.938461677296,193167
2023-02-15,1908.7031342221665,1949.0995776861023,1904.6257412256307,1944.6316857897841,217389
2023-02-16,1944.4216050184875,1945.1381485361403,1933.519073563377,1935.2525973449235,107991
2023-02-17,1916.5056301076718,1932.1109417086234,1914.8332636229063,1928.399929851195,182964
2023-02-20,1923.7804285123627,1925.160856278518,1866.290423862998,1866.7683653857014,205763
2023-02-21,1874.2760933487457,1889.6378936032775,1872.8697714224518,1888.3852457797973,228229
2023-02-22,1885.405118302854,1915.6469833500623,1881.4842721475322,1904.0344992645366,181244
2023-02-23,1901.445624170478,1923.1717620827515,1892.3006237360598,1918.4283804101183,82441
2023-02-24,1904.2000673548582,1940.5441904383104,1899.0871683808057,1935.8825869745785,119360
2023-02-27,1936.263492526326,1971.929294391779,1920.5376355549788,1965.8748253357637,190579
2023-02-28,1965.1951350702052,1968.2864945792635,1962.3900559316905,1965.0410029723923,202093
2023-03-01,1965.654652191939,1991.8239013222303,1960.1893736506288,1982.4068478014183,182288
2023-03-02,1984.9365910330403,1989.0755183939043,1964.2553217567383,1968.7038849537164,233949
2023-03-03,1971.6306593770196,1983.963853993545,1957.6036594748432,1961.75830010329,212396
2023-03-06,1960.132939110717,1982.2636724148429,1958.3123860331687,1979.7847169707854,80657
2023-03-07,1980.4897146961196,1992.052624859077,1975.4779660217898,1986.5199810194117,117180
2023-03-08,1979.032313072899,1997.528776322486,1945.5698668684754,1964.630831830278,107170
2023-03-09,1969.543161212672,1970.6354412325097,1969.3573003864083,1970.5576034106548,179521
2023-03-10,1973.3429197200207,1977.387737098401,1966.0509122872136,1967.5055774386149,84259
2023-03-13,1962.6001602126712,1963.1365088326743,1954.0989168041795,1954.7360395226249,125416
2023-03-14,1961.5045405286503,1964.5520280570038,1959.250748941801,1961.1442011669876,93207
2023-03-15,1962.6032425667709,1966.5996086596213,1947.7135730924972,1954.7845637136745,208305
2023-03-16,1946.9396837792597,1954.2982382494558,1927.3709931391443,1929.5214863613844,222290
2023-03-17,1925.1458008560103,1932.6639699422883,1903.4237290622789,1912.7541579076722,93548
2023-03-20,1910.3982325936715,1943.7882705070808,1910.1572048156575,1943.3689389690865,198908
2023-03-21,1940.1794095289831,1946.719991901672,1895.9938426016502,1912.6621514120636,106793
2023-03-22,1912.9603727781537,1924.2839745120891,1898.2874992316895,1916.7371818878462,235728
2023-03-23,1915.9542063822878,1941.31202165817,1906.8237783039526,1928.1242580414682,240692
2023-03-24,1936.052152422956,1944.383907695755,1930.1256690153273,1941.981708161519,170458
2023-03-27,1935.2407514435815,1937.0891644421429,1911.6746976197244,1914.1164465597137,205406
2023-03-28,1911.9490357983734,1912.4657140104557,1906.0859344978078,1906.8318175489235,204984
2023-03-29,1905.7876031046292,1912.4423086272166,1897.001510886002,1909.9835565012345,122855
2023-03-30,1895.083144691274,1928.9703441143276,1893.0897419076846,1927.4021302360104,143953
2023-03-31,1930.5544055395767,1933.2693111324024,1911.8379024236433,1913.4012853310376,133082
2023-04-03,1917.7185207902844,1924.7043816169773,1879.6698092027987,1889.0600106364436,247105
2023-04-04,1890.8980545925438,1911.5929799006092,1889.9216576419744,1910.6225626129203,153782
2023-04-05,1912.0159391377074,1942.590814958179,1902.0604719663543,1934.1576557533,123301
2023-04-06,1931.4745985471693,1960.044338067086,1916.8221044626252,1941.9490170973374,119686
2023-04-07,1952.2991824726219,1958.8744736499382,1924.4977091511955,1929.9438586563704,90029
2023-04-10,1923.0043067732008,1939.9757264110058,1919.6909388832166,1937.898699397297,103844
2023-04-11,1938.2203023432553,1943.4496436546845,1932.651061860722,1939.9342671442946,150320
2023-04-12,1927.9301380508432,1956.0927002932756,1927.3176303485996,1955.3477857850403,244880
2023-04-13,1964.153258433666,1972.8174033388163,1919.6431932258301,1930.662497012164,171920
2023-04-14,1939.5592822064402,1939.7182305393508,1932.582280154071,1932.9846988952927,116002
2023-04-17,1932.227352352332,1935.7989736083712,1927.0647384410247,1929.7201839315017,88615
2023-04-18,1925.441351390088,1927.2680971886332,1902.5162713278241,1906.5023222714206,207159
2023-04-19,1913.1907691714364,1928.4402646489,1905.2862170813344,1910.9795831985118,197061
2023-04-20,1918.591163219779,1920.0424989125963,1909.6747513686182,1911.70460327851,202094
2023-04-21,1907.9816825816501,1910.0175607958631,1902.5674859714866,1903.3783314932011,94289
2023-04-24,1905.2318869594892,1920.2308930911306,1892.3869288898686,1911.7302948925458,205062
2023-04-25,1914.8412261798214,1917.6029012536449,1882.1340456722594,1883.46124763203,127547
2023-04-26,1901.3661925446959,1902.3673508234588,1879.7249608856448,1882.3310650034052,131510
2023-04-27,1890.561486155338,1894.4785271882502,1887.7057259866747,1891.4699404240123,236383
2023-04-28,1892.8941913109572,1902.1742091521312,1889.7476237126016,1897.2756099514127,117804
2023-05-01,1892.0130756006024,1919.7928475066392,1889.0723850949116,1918.7357083844383,188267
2023-05-02,1922.6485383999302,1931.3943790215824,1887.2730176781463,1895.4634885597866,184823
2023-05-03,1890.1175595923019,1890.7333801824832,1865.4957273960267,1866.3261550181396,98270
2023-05-04,1865.1394088211168,1876.5257063084405,1860.498760312791,1870.686813496018,249220
2023-05-05,1866.1339746652034,1881.8766057272717,1857.9328308993167,1879.5887462651663,146870
2023-05-08,1882.4204600425753,1921.8341244703022,1880.1151803760176,1919.3626697356256,146078
2023-05-09,1917.3813669473525,1933.590025373661,1914.73718745925,1929.5653651457903,110322
2023-05-10,1937.9390010413886,1945.240094828917,1907.963155565407,1915.7753267098915,117142
2023-05-11,1915.8694571694552,1943.4784687068286,1909.9110812099052,1926.547444662614,166865
2023-05-12,1923.0134934050163,1923.7065169446996,1912.8116070714896,1915.2270130532931,166384
2023-05-15,1915.9290472404525,1917.2641945135929,1890.8915245259739,1893.6428319959166,130582
2023-05-16,1897.9545262393206,1934.4888786567954,1896.3193269555527,1933.045419637672,112274
2023-05-17,1937.178032760662,1938.2433018105949,1936.1342037794984,1937.5653260519805,240310
2023-05-18,1934.5177013324887,1949.2879608828587,1930.9947516279885,1946.869385073892,138988
2023-05-19,1946.8658975546448,1966.7563524697841,1944.357436756325,1955.4102364812004,149991
2023-05-22,1949.5583539400636,1985.2851356673305,1944.9484176099288,1983.6640252442828,204994
2023-05-23,1984.560918211576,1991.7371148260638,1983.0059853007458,1988.1618632146287,239833
2023-05-24,1984.7499966105884,2012.5317094812087,1983.0958672853792,2009.0074409093081,121219
2023-05-25,2001.137335840726,2008.4107005848562,1982.7789230549681,1988.206905093527,137940
2023-05-26,1990.9658682443971,1995.8130019196876,1956.4641188782252,1958.155769978844,156207
2023-05-29,1959.112874388287,1992.1253429127453,1951.9340934036143,1988.7262506274653,83807
2023-05-30,1984.4473945432496,2024.9317645448236,1981.1103822266755,2021.4493963575183,189402
2023-05-31,2023.5834817832865,2042.9681216364822,2017.888311784075,2033.3528183363483,231112
2023-06-01,2037.1020267429665,2043.2735586120655,2023.551836807394,2038.48622627874,107065
2023-06-02,2034.8650139156882,2052.292228526303,2032.3565767982209,2042.0549720713527,147463
2023-06-05,2031.347860540394,2032.3750381915258,2024.4982900247185,2027.2282881899182,104557
2023-06-06,2027.6893161041314,2059.3675754146702,2026.679127956887,2058.379004824406,119334
2023-06-07,2058.5400699991774,2072.922074050621,2056.726516323697,2071.875769379748,244025
2023-06-08,2065.3034306850527,2082.3969706797375,2065.2659691356366,2082.3683127124496,180104
2023-06-09,2087.2658809173618,2094.76982454548,2073.9164398599314,2091.310502787725,227527
2023-06-12,2094.7866553039876,2118.7978035254473,2089.0051374163154,2115.2033014739645,141677
2023-06-13,2104.9452504931646,2131.659594645408,2102.0584733126952,2126.7734591045023,230413
2023-06-14,2126.049101984804,2153.8660538948766,2123.500392367562,2143.785272959041,159953
2023-06-15,2144.9498908249407,2148.182598641826,2113.748926752293,2116.2470287958354,177307
2023-06-16,2127.2867882874057,2131.161541244718,2123.5127041153155,2128.793107620385,89987
2023-06-19,2130.519780654894,2181.904381282152,2130.1181794992312,2181.5274480359126,165748
2023-06-20,2177.973342201582,2180.489095847688,2166.154005996159,2169.2792999500275,95943
2023-06-21,2169.3090752604044,2190.829777147938,2150.9973353295813,2166.5315081106337,98487
2023-06-22,2159.74465446065,2187.2757714571894,2151.295427596534,2184.4913608908223,163577
2023-06-23,2184.6187188371077,2209.0609956813378,2176.7513463973264,2204.5999917054455,120814
2023-06-26,2212.5821350340507,2218.036455438851,2212.177865754012,2217.8763222518487,83960
2023-06-27,2226.9461828544295,2242.726725975626,2175.316580703442,2185.477295952824,99114
2023-06-28,2186.3786541530185,2196.800222930676,2184.959660437008,2195.1395123439274,91019
2023-06-29,2202.908025434157,2203.300565376835,2171.28541957642,2172.2077101427817,170486
2023-06-30,2177.107041735011,2186.929509903189,2151.8476877137227,2155.857249860617,204965
2023-07-03,2156.1041955132496,2167.5548357801285,2152.154277120882,2166.226856209838,154067
2023-07-04,2162.0388896135687,2166.462446964667,2155.680555785343,2160.7047899631025,108497
2023-07-05,2157.024564228822,2175.115362526735,2154.7261025437383,2173.884068435073,109344
2023-07-06,2179.560294600864,2221.702884960857,2179.345894748529,2220.705373684253,173276
2023-07-07,2225.650572558881,2238.122894723051,2219.4165510621096,2234.191005922734,96803
2023-07-10,2233.0579496422683,2250.9417186203727,2222.9061651176535,2244.689479152518,116310
2023-07-11,2245.365452295286,2252.1572141374545,2223.850639712261,2232.033058010539,177639
2023-07-12,2231.20064617887,2231.996929627479,2222.3448544836974,2222.8114532955437,80235
2023-07-13,2226.303868775373,2226.4814253562467,2207.9788251255445,2208.1481719085336,103992
2023-07-14,2206.1429954723744,2206.3887260444576,2201.1829113276617,2201.4258351142253,209363
2023-07-17,2201.0353190108367,2203.616401302728,2184.7597195093613,2187.7732901732625,82188
2023-07-18,2185.1483806745678,2186.3883290466592,2178.3132757699686,2179.5801977586384,133727
2023-07-19,2177.153463818796,2185.1763621729583,2172.870392941305,2177.0217469834824,118345
2023-07-20,2182.1189660401838,2188.361210144231,2161.004179685434,2167.2157143008867,166564
2023-07-21,2163.3140917000846,2163.4444869566887,2153.6048677930576,2153.641776330564,216501
2023-07-24,2152.935513501116,2157.3763806231254,2140.143717841522,2141.915080350063,197175
2023-07-25,2140.2889446700333,2148.5271830606357,2139.7419619191373,2145.8058357858285,191803
2023-07-26,2148.15927391162,2149.548291262869,2146.0355738594935,2146.337888203998,123797
2023-07-27,2141.2577790220876,2157.60442175823,2135.755484139854,2156.2943046336404,167919
2023-07-28,2153.491195193101,2171.102447431335,2151.5006430409435,2167.689251396472,159066
2023-07-31,2166.0086047899104,2170.4051891596823,2154.8827409154565,2164.175913838036,118310
2023-08-01,2171.5440332377457,2172.2183261827013,2170.9286177939152,2171.885805734952,117927
2023-08-02,2175.0503418343737,2186.153854659732,2143.47753834448,2153.0556012307293,159482
2023-08-03,2150.9850511435257,2192.309948599572,2146.8078474257827,2185.999364803786,128406
2023-08-04,2183.9130627442178,2208.4658157534027,2181.7853616172697,2205.693609816203,81684
2023-08-07,2204.517254841985,2210.036445883432,2193.1165393721435,2202.164366794897,199633
2023-08-08,2200.2395475459844,2206.111883213102,2180.1968484045497,2183.3569818285205,135298
2023-08-09,2178.5964537355726,2191.8502285625445,2173.885023619459,2189.8646189187475,214562
2023-08-10,2192.7384896623103,2196.374172869266,2157.603182489197,2161.125273384851,161497
2023-08-11,2164.0332798334107,2167.1032723054027,2146.172864834561,2149.096300772638,106474
2023-08-14,2148.973232888765,2162.3570203489417,2143.829997019967,2160.0831003448047,95582
2023-08-15,2161.8436728869106,2164.7159216949594,2159.1568121435294,2161.162345365123,197438
2023-08-16,2156.6332347677644,2160.917121885136,2143.6941788714375,2155.2656149005547,178605
2023-08-17,2154.2661152185533,2169.5817982175026,2151.9386194982403,2165.565233854085,230535
2023-08-18,2169.813447073177,2171.465858401723,2152.5943791067525,2154.291866777323,155229
2023-08-21,2154.954754859724,2172.371147129667,2147.3384236333955,2157.695859638794,164778
2023-08-22,2158.04656811059,2158.2843488774647,2150.4160598151675,2151.1022305505016,89202
2023-08-23,2150.1068447728094,2150.7717692105916,2139.227700766075,2140.0005482707543,148666
2023-08-24,2140.114878164975,2145.9695547194697,2140.054082974881,2145.931675767505,105019
2023-08-25,2145.7589133963033,2147.5827188224625,2131.39607049242,2134.2581046559794,99929
2023-08-28,2133.2708555097975,2158.773743080886,2129.6374181305205,2157.485808971322,163019
2023-08-29,2156.0094383303967,2170.8708938054074,2135.587893174772,2150.4579675296063,145763
2023-08-30,2155.087428782367,2176.8651892300213,2154.244098385947,2175.8624169164964,232497
2023-08-31,2187.382746928933,2197.7017535678538,2150.5892614142026,2159.2331690021124,169661
2023-09-01,2153.8175011466183,2176.5999348095006,2138.8855770633018,2168.3529939635823,89672
2023-09-04,2174.375100985233,2174.686494254895,2152.4351706936995,2152.5680973927456,242968
2023-09-05,2156.1992239157366,2164.2159473049987,2128.5695652676854,2136.5397148324732,175572
2023-09-06,2137.363524393689,2144.8019128904134,2133.2117787148886,2138.1379777863785,91384
2023-09-07,2136.5964626665964,2145.060633032541,2135.210548443048,2143.934545364999,128351
2023-09-08,2142.540767324189,2144.8065259645255,2128.572248870992,2130.8693009259136,82663
2023-09-11,2132.4925820502335,2145.4131755363314,2129.229174432507,2143.2837253607677,146023
2023-09-12,2145.495938479878,2146.875135300802,2135.5744023424654,2136.4354612016277,207537
2023-09-13,2139.2676875105453,2143.410355500445,2135.5225199814763,2137.6706606155267,236803
2023-09-14,2132.7919089345774,2143.3515186214136,2126.2749108018716,2141.8582825245544,108915
2023-09-15,2141.081405626928,2149.9337133492813,2139.0824436242488,2148.1519996541037,187058
2023-09-18,2145.6366416028877,2146.546867430905,2129.8853259303287,2130.6439955298015,107422
2023-09-19,2132.625206156338,2149.5707730874346,2128.236647819624,2145.5834096750264,128326
2023-09-20,2146.8811472838756,2155.7023884235205,2143.2596489200605,2151.012267661118,192493
2023-09-21,2154.155301740076,2157.638166859396,2140.516302425093,2146.5412117517017,156800
2023-09-22,2144.1110463979207,2144.3355575546334,2133.550950177454,2134.2423373913834,125008
2023-09-25,2131.5009554122926,2138.5432860496585,2106.9282155030655,2111.3835848814656,246823
2023-09-26,2106.9720160068614,2108.6008430125717,2089.3141542169155,2091.166504536323,97169
2023-09-27,2090.2682495191834,2106.9430928819215,2082.326964263845,2100.116986701147,227447
2023-09-28,2098.3659260616837,2100.7456362237594,2090.6913726642424,2094.2122430656186,95738
2023-09-29,2096.157032585049,2099.2007651663894,2069.3326921334847,2076.8464633935896,152379
2023-10-02,2073.0268761648495,2081.568944492249,2056.3630596350326,2068.914051805924,151624
2023-10-03,2074.5474644355254,2097.699155919891,2069.2260487248855,2092.991564717963,170053
2023-10-04,2096.8115504852663,2099.775207491128,2083.716018213028,2088.0047808096783,138703
2023-10-05,2087.643628856194,2089.314321606516,2073.901245080474,2078.5426303809063,157918
2023-10-06,2080.3920184491926,2106.9239788880836,2072.724165500298,2099.713548659623,134166
2023-10-09,2099.2109846540334,2106.839398210987,2098.8780578823753,2106.490657625255,105595
2023-10-10,2096.2186850835333,2109.318230188487,2092.840404256136,2107.2263231514858,163280
2023-10-11,2102.9109085951245,2108.56484698146,2087.0645679026006,2096.6624402981774,244516
2023-10-12,2102.875214490791,2107.2353834964356,2056.6439139077474,2069.3816812720274,121670
2023-10-13,2062.738689207269,2073.5154214531976,2038.198302239921,2047.7334253476386,118955
2023-10-16,2052.465405091048,2053.233745406172,2037.6043723825096,2038.3158148045527,229453
2023-10-17,2045.947403629621,2048.817896994384,2030.435992356897,2033.9412927286887,117255
2023-10-18,2038.461468942856,2042.705004654011,2037.6934207013792,2039.963101520254,121172
2023-10-19,2044.2888901337021,2054.3149458136095,2039.268912303723,2048.859291359681,98769
2023-10-20,2043.6584887194485,2054.73886355767,2041.3055649723078,2052.3458608959704,139777
2023-10-23,2059.71551861345,2062.600784673515,2052.3674053640907,2055.531659943757,240105
2023-10-24,2059.6409700397912,2061.3198472535587,2039.3830476798082,2040.715514377739,217006
2023-10-25,2043.72413682052,2044.0385533820383,2005.1134804531448,2006.1087062029012,235516
2023-10-26,2011.16953905476,2013.7313138626596,1996.1226338374925,1998.1912512898502,101774
2023-10-27,1999.0376303227636,2004.0863338042266,1982.438412099667,1985.0405548712101,188295
2023-10-30,1982.6460604149609,1984.3012667843839,1970.047675760906,1974.5297981823069,228268
2023-10-31,1978.3119633609338,1979.3469215413934,1966.757652204066,1970.2800240386443,169868
2023-11-01,1975.8804302688548,1978.6602812982492,1949.8797898205241,1952.8733169448947,111552
2023-11-02,1950.3127252268296,1954.6650957680247,1932.7931670351297,1937.1579649132657,178777
2023-11-03,1934.598919976867,1938.0055442777625,1933.0560921554395,1935.7027750384987,82871
2023-11-06,1935.5893621765697,1938.6275339824333,1933.4105224337832,1937.292163174595,142967
2023-11-07,1937.1268337449076,1940.9422778515004,1922.1536608947526,1927.6944495419266,170486
2023-11-08,1919.1673430671842,1941.5162481278192,1909.3283955724137,1934.6727491114018,231279
2023-11-09,1943.4601717872906,1949.364980244247,1915.981113212113,1931.8271899338154,101003
2023-11-10,1932.6371453224701,1934.9305867858016,1915.0747501157439,1918.401401255081,174749
2023-11-13,1919.0518134751078,1928.571042228094,1910.1790182116567,1918.9728721871902,117488
2023-11-14,1923.798002639589,1958.8723293657438,1914.197053512283,1943.8916693694969,225500
2023-11-15,1941.755185618574,1944.1777064755756,1931.6097151867614,1934.5846460247417,214722
2023-11-16,1927.7983386552057,1965.1502449289653,1925.0578856259576,1950.46927797243,198070
2023-11-17,1956.7332378632298,1976.4301569490453,1955.559107140222,1973.9450587613478,243458
2023-11-20,1977.6878111366739,1998.8929743618369,1977.4976835728194,1998.5216030504987,195421
2023-11-21,1996.9198546503974,2001.0876633406488,1979.3932013851227,1983.4989086649011,215569
2023-11-22,1982.2908059584117,2030.2621992817037,1971.5913430048424,2019.9136169415676,194089
2023-11-23,2025.1084214875093,2035.236407982726,2013.509314385099,2022.0400295747745,89771
2023-11-24,2022.3175918095985,2022.7050391992777,2016.646643239733,2017.1864719084986,211904
2023-11-27,2015.3615326498955,2023.6663866756376,1993.2519435323402,2012.5431139116292,224435
2023-11-28,2006.7272082335123,2025.8196874177936,2006.427356076681,2025.5769571536293,218275
2023-11-29,2023.2849518039934,2031.980250676409,2005.0897270679438,2026.7163640310157,152075
2023-11-30,2023.457015945162,2025.3326579587292,2021.6074731821707,2022.9207190546906,196134
2023-12-01,2018.6823578146211,2050.41932304589,2017.598815284257,2049.608552072,205645
2023-12-04,2049.597457615196,2053.2808936543634,2029.631478027409,2033.9366427097184,134529
2023-12-05,2027.440079628864,2030.2739128903459,2005.034371629727,2010.7494880843806,214953
2023-12-06,2006.7383287485688,2033.200633759247,2001.1019107736352,2029.5235556903879,124746
2023-12-07,2028.267333522574,2053.486020358484,2025.5307285964534,2046.6934842158716,224654
2023-12-08,2047.7727444345574,2088.9369935370614,2043.4488693571834,2075.0375200921385,113309
2023-12-11,2075.9973513576138,2085.8713664675106,2011.9540899842036,2044.8590353944792,141919
2023-12-12,2041.899474065265,2082.112857507363,2032.364514739052,2075.0834049473633,225519
2023-12-13,2083.610065782625,2098.2120416523126,2078.473382885809,2087.8660267640003,107433
2023-12-14,2089.7791249135234,2137.428614424143,2084.5499709240435,2132.2769966818387,162584
2023-12-15,2134.602700222136,2135.643221634249,2100.6730328918816,2102.4599374181025,234359
2023-12-18,2102.6423308350772,2114.6182449731587,2098.037078082221,2108.044119556836,80055
2023-12-19,2112.1275957797,2113.476319197353,2100.5210621912797,2101.231989564929,182997
2023-12-20,2100.550453733547,2107.4127447999495,2056.8020282296225,2059.8498411075025,181841
2023-12-21,2061.176403608984,2075.5675495659525,2032.9023346161273,2041.0929879462906,128408
2023-12-22,2042.83572252395,2073.376726378454,2041.6891209921926,2072.776377335459,226810
2023-12-25,2067.924312340264,2081.5279698787654,2046.5448618979394,2058.811879842187,190695
2023-12-26,2056.782111272679,2058.666469485577,2035.3112225944776,2037.527813883866,236171
2023-12-27,2046.6262508381806,2071.3345889575826,2030.7589016012803,2062.638444552303,148748
2023-12-28,2062.517878684616,2092.4967271754767,2058.568096735341,2091.693265811703,239554
2023-12-29,2081.596790897753,2123.3691282566183,2079.2616988170885,2121.3121115221716,152059
2024-01-01,2123.043629795991,2131.4118385300985,2092.07819625169,2097.817683279849,227673
2024-01-02,2106.376823603597,2130.060090596269,2090.2388913202394,2096.118787744841,213451
2024-01-03,2092.5719170227244,2136.9240623993405,2083.492735019811,2128.4758086258726,110042
2024-01-04,2128.9618477311096,2132.631648573635,2103.200103844426,2108.998087881486,229912
2024-01-05,2097.7281903135545,2099.3316017222796,2085.65138436006,2086.7080868914386,167662
2024-01-08,2093.3556591706447,2117.6036525300997,2088.9214612088767,2110.1564129422663,111122
2024-01-09,2115.889572043224,2177.862167544277,2095.9246079887844,2155.2505232683948,200428
2024-01-10,2159.079721748694,2159.316861925506,2119.7800970671155,2120.046793931133,128624
2024-01-11,2116.4271185202274,2118.1141741492133,2038.0065515560686,2042.152664914157,189354
2024-01-12,2050.9405471569603,2060.6621064986966,1994.8620046382975,1998.8885879130914,89275
2024-01-15,1997.8280113782719,2007.3868382777466,1962.3046269656952,1971.2580606684476,140960
2024-01-16,1970.6024988246606,1971.1488614231073,1966.924651174705,1967.377359095569,137810
2024-01-17,1965.1028726697816,1991.8418720804098,1955.2248097255742,1984.2944074373659,86324
2024-01-18,1987.5386213597014,1999.4655879875775,1970.8841117432714,1980.133938314794,244007
2024-01-19,1980.2792355433567,1988.3318809381242,1936.8969226996899,1960.1135632151147,231845
2024-01-22,1960.863261128429,1964.723598326556,1960.0969268935457,1963.993490263204,159553
2024-01-23,1971.06519405965,1984.8238606164657,1913.3262415577467,1940.505623859813,212274
2024-01-24,1944.156470604773,1947.8082205667918,1937.8865502250708,1939.3661781901396,101124
2024-01-25,1947.7222756815472,1952.01452767725,1900.298046501818,1922.5735112350048,227222
2024-01-26,1916.4147763956853,1993.527866949615,1915.6659264291382,1993.0375503926791,90067
2024-01-29,2000.0895392333098,2023.4680799392154,1990.441147065681,2015.5527568746134,145539
2024-01-30,2017.650000622425,2025.285960810693,1985.1174097393828,1993.7125427239794,174079
2024-01-31,1996.8686580757087,2018.7304019935516,1959.6776199549943,1966.2123949378781,122169
2024-02-01,1970.6461317214194,1975.658852241724,1939.2705256665001,1953.3614371861308,169567
2024-02-02,1956.5328564389404,1968.302265337603,1899.8343875622802,1905.3644508656769,223515
2024-02-05,1895.7827604707304,1900.0724724350357,1868.6276357631311,1884.7592244278992,242889
2024-02-06,1881.6240672429233,1890.2987145752102,1857.464709197119,1865.5122746619834,191276
2024-02-07,1871.8160787809563,1906.8060619690004,1855.4668523083621,1889.2080033327397,121280
2024-02-08,1893.6059997125146,1905.4836034507985,1869.5106201187357,1876.3286487095345,193429
2024-02-09,1864.0002824428404,1867.3937156210443,1847.0023325034567,1851.981058564742,147821
2024-02-12,1855.6956936979338,1867.7844873948122,1800.0238345859343,1809.3462427771424,85831
2024-02-13,1810.716782652802,1813.8765828852415,1766.3292947133516,1772.0920933854477,244615
2024-02-14,1770.2792792830785,1775.006536146619,1761.1202734303336,1770.109558657719,98223
2024-02-15,1779.2818904072321,1784.761477459463,1759.9103150887343,1763.370745114146,207890
2024-02-16,1748.2811952977331,1804.2435472902234,1735.6444915839525,1797.3227113521943,210794
2024-02-19,1783.529473871603,1784.5093068649103,1777.4973634489845,1778.2804896688353,138859
2024-02-20,1775.5301278654085,1815.8101194437252,1762.7254338609025,1810.330984319772,230205
2024-02-21,1811.7939745356286,1820.4853178061715,1805.3765263222128,1818.5031995026666,122598
2024-02-22,1834.8831084884923,1843.4713905519243,1811.4128885842222,1818.3596809564244,140094
2024-02-23,1822.0886313461733,1835.2012493005775,1727.0106205102684,1752.5442359218307,201950
2024-02-26,1760.7906724281931,1772.6037667517282,1709.2269532237053,1712.8322074370265,228270
2024-02-27,1730.21585830903,1748.90054055803,1707.9105055250952,1734.1652903585662,104294
2024-02-28,1736.8875812882932,1782.9063616579645,1727.3095462127956,1774.9698700424515,110461
2024-02-29,1777.4084622766177,1786.6959768213676,1771.22813608844,1780.9870369243226,112870
2024-03-01,1778.252473048516,1813.3124859888476,1772.6769575605226,1802.2053941790123,178576
2024-03-04,1805.2170140348207,1811.7334632065556,1788.5739822384846,1791.2913014924727,124456
2024-03-05,1794.5763189519007,1794.6868740743387,1781.4099738376744,1781.6069983318637,139371
2024-03-06,1785.436586466253,1792.865775704301,1761.1792324933633,1765.7197680101626,187268
2024-03-07,1769.8489125318301,1792.8955499113986,1759.531051157921,1787.4891709850058,170760
2024-03-08,1788.3754298247125,1795.6146202974494,1787.2743840269227,1794.641195018271,155279
2024-03-11,1791.6720786666028,1800.2521837151985,1786.8741318558566,1789.6971366391633,113440
2024-03-12,1791.9142111962644,1793.908683398752,1775.866923336497,1782.637377596918,175363
2024-03-13,1788.0301406029432,1795.7782002970034,1788.0064992553023,1795.7606320655302,145109
2024-03-14,1797.1177225807523,1808.7204574468421,1791.5619848002834,1802.9165993992954,171569
2024-03-15,1808.9305934550039,1817.0110263512415,1781.214068097693,1785.043543074155,158493
2024-03-18,1779.8519726530546,1835.8163284625746,1773.9679927593616,1823.2296225956538,249023
2024-03-19,1831.725415883009,1843.4974417303838,1825.1238231626787,1829.0145471794044,178497
2024-03-20,1830.273665517092,1842.1844614343981,1821.3654870696155,1829.2516436719263,224069
2024-03-21,1827.410620586517,1867.120473646149,1816.2854894395205,1864.8305139138477,114849
2024-03-22,1869.9365728455134,1890.4277625842576,1869.237398240009,1889.586262188233,190133
2024-03-25,1898.9806042286027,1903.3266841731834,1876.8259906275596,1887.551787850361,182933
2024-03-26,1886.5126999394786,1899.2961392582658,1886.4096698330225,1899.1677068465983,232461
2024-03-27,1894.9934583415052,1895.6695601102665,1874.327168190081,1875.4401847260472,116009
2024-03-28,1883.9672014053888,1893.4783039608892,1834.3366800465787,1861.1883015261933,80361
2024-03-29,1856.8768003459431,1874.4504647867216,1799.8891463060213,1814.7530694482507,245949
2024-04-01,1817.9747787215229,1839.1829066605649,1815.798150121629,1837.8948079284387,237954
2024-04-02,1832.4826547435148,1835.0450732383426,1790.7626880797195,1800.3268319543292,121029
2024-04-03,1792.0018717431535,1818.856981716176,1777.1875192274244,1813.9633300953114,177090
2024-04-04,1817.6472972636552,1818.8279742883544,1796.6365595850293,1797.8007878835851,98636
2024-04-05,1801.3336126380066,1808.2999391932694,1775.6779168459825,1778.2649722029128,129697
2024-04-08,1776.3481551478699,1777.1140878121653,1773.1473831378771,1774.2996218335597,126093
2024-04-09,1769.8259496214068,1782.5753919546673,1767.641616672437,1779.2077293834216,193134
2024-04-10,1777.7730898675852,1792.2091224157866,1775.4651604610353,1790.3069800834242,176573
2024-04-11,1781.075246118862,1826.6927478453877,1778.656348720455,1823.4153486282898,99271
2024-04-12,1825.9355233270496,1831.360168561235,1822.3980430123509,1830.0191579113432,155855
2024-04-15,1823.896540570774,1846.5683851297922,1815.2935128441,1844.229567369682,221312
2024-04-16,1847.7513154217156,1849.8746848697822,1827.074795839957,1834.6960375952979,192097
2024-04-17,1831.2936717516052,1863.6423206437814,1827.126976445581,1846.6043888819047,106472
2024-04-18,1847.1067674977562,1850.665307240451,1846.1802713641719,1849.4496223573178,98672
2024-04-19,1852.9637646856318,1864.5690030629592,1838.8423825360287,1841.9784383229862,202904
2024-04-22,1840.369010726172,1845.8641465433054,1835.9666326551132,1840.1624588849409,150133
2024-04-23,1841.0779379456224,1842.211206656509,1838.1310400622694,1839.0678167533147,97301
2024-04-24,1840.3735029522175,1847.5337487308261,1839.4674022213362,1842.6535815518412,174529
2024-04-25,1839.269534801426,1851.3756735991815,1838.39710452305,1850.7429825646934,95635
2024-04-26,1850.6577291231079,1852.3938529118175,1839.0531487209475,1839.8959785130262,245692
2024-04-29,1836.2602137402935,1840.8009598815247,1820.4453198321885,1824.0746732120851,168291
2024-04-30,1822.5911522847323,1843.2626329017035,1816.7625422624674,1838.9598975584506,230697
2024-05-01,1840.0703858749825,1850.4598002709347,1792.4310547339585,1803.7392950587823,134004
2024-05-02,1801.458068962814,1803.3455510719966,1790.7709086034242,1791.6320152178398,177180
2024-05-03,1791.0104382591242,1829.38276120923,1781.7470044638164,1817.6378467056732,134605
2024-05-06,1803.1163634600402,1805.1068367954638,1761.150971278778,1763.2928299068994,131065
2024-05-07,1765.2864653562115,1768.9779361047665,1744.432036393265,1749.2801273499497,248793
2024-05-08,1746.421639256143,1777.8652349288639,1733.2814484048045,1764.3951891980175,99521
2024-05-09,1761.710424285403,1763.1600262309967,1727.5690147466332,1729.4177041826963,141338
2024-05-10,1722.782906560293,1798.6209746157817,1703.8300858757716,1787.3593429164264,187510
2024-05-13,1774.4862146514554,1780.272533481156,1721.1165694676135,1723.297223659474,206556
2024-05-14,1720.5745399504592,1769.5145577044052,1710.3764112222793,1759.8940829445414,175759
2024-05-15,1759.6704838427418,1805.426730404999,1754.020108513995,1800.3751238684192,123441
2024-05-16,1791.907786426416,1824.0827050461703,1791.3650069029195,1823.5540429610928,160624
2024-05-17,1826.8024924080898,1831.2536727924135,1814.341902253893,1817.9262380810476,177819
2024-05-20,1803.380516512828,1827.6175216499535,1801.6099257485482,1826.1243844506541,202438
2024-05-21,1824.8994825728216,1833.6535266818314,1798.6592976870975,1807.1264011027306,225578
2024-05-22,1796.9499133790212,1829.9110685527987,1795.5199245561134,1824.1730884722872,159107
2024-05-23,1826.4993148872281,1837.1020570136081,1793.351378067446,1801.5881051027568,137947
2024-05-24,1795.746364434744,1796.97870967654,1795.0130766400387,1796.1847688168077,212462
2024-05-27,1800.7637254584965,1823.4164448424965,1793.1099511753937,1815.6823070405858,102672
2024-05-28,1828.0727881313533,1832.8147827024789,1790.134808087047,1791.3026529267113,129052
2024-05-29,1793.0240380540115,1818.6467027061894,1777.412350737295,1782.9350446039648,237608
2024-05-30,1771.1633208672863,1790.4826990656295,1765.298972371738,1786.6894873188037,135662
2024-05-31,1787.7086890008604,1794.3369379508333,1750.3204176132854,1754.2602530486458,165961
2024-06-03,1751.436729849321,1784.7317427709422,1736.6926352028174,1780.943915619279,235097
2024-06-04,1785.4259995665652,1794.4941676132992,1782.5574468341574,1788.7526876081404,172506
2024-06-05,1789.3048101205802,1794.9278521565602,1731.8326998849166,1752.4156389520901,178437
2024-06-06,1753.9687393739339,1757.83738026749,1748.0572242333985,1751.3780174227531,147643
2024-06-07,1749.1848101768257,1755.3938478669336,1717.4527883362393,1734.4182685396981,242342
2024-06-10,1742.5570122831052,1749.8091588880386,1715.2478728897083,1721.0782959853302,249953
2024-06-11,1720.0779977538386,1723.7473523584347,1718.84627628408,1722.637085266056,90449
2024-06-12,1720.008573766554,1729.9246755684717,1703.0056312756742,1707.0536648745929,247001
2024-06-13,1718.0074335016593,1741.241951994605,1703.9873343581528,1727.3079899659108,237214
2024-06-14,1730.3936362894528,1734.1183281817014,1706.9349866274308,1712.1773339365159,210100
2024-06-17,1709.6204686280817,1738.3446986157003,1696.353808695364,1732.1773171116827,89754
2024-06-18,1720.1348400964405,1738.5306951147363,1712.89318938193,1731.331756533994,147075
2024-06-19,1737.8565951664789,1746.9907943021055,1737.4867319942477,1746.8405115680719,207123
2024-06-20,1746.3854494396949,1756.4024649549428,1731.1363189287383,1736.1231242448935,192205
2024-06-21,1733.598432126666,1737.5789254893582,1706.0494244954377,1724.938154698357,178449
2024-06-24,1728.7438322448727,1739.3658743139308,1687.5317406329973,1699.0098373681203,136357
2024-06-25,1711.3605281971784,1714.7267940281965,1707.7494186798478,1711.402294777544,100642
2024-06-26,1720.9226924214431,1744.8221005208345,1709.6043129972893,1732.332489795494,184450
2024-06-27,1726.4395344433947,1786.5430930887287,1722.9719828779112,1779.465893837674,131494
2024-06-28,1779.4097478144772,1812.0088378411986,1776.7630247061852,1810.0559715764584,226875
2024-07-01,1797.9995621823653,1823.6245357429377,1795.251832649139,1816.1613287966597,161564
2024-07-02,1819.6642995152026,1821.194009159293,1807.7871033799743,1810.9320090028225,86029
2024-07-03,1801.5684512526875,1825.1245092611034,1797.6806907232437,1820.8097276892488,174877
2024-07-04,1818.0327977246704,1823.434906235882,1814.749102899097,1820.1239191044765,218309
2024-07-05,1804.7517270758096,1896.4055423521686,1770.7245813791687,1855.915731784428,162912
2024-07-08,1862.6320155472524,1885.1235717611105,1854.9769759793926,1877.6475976674562,184243
2024-07-09,1863.16233649556,1864.678367775668,1857.1869071774825,1858.582994471314,84626
2024-07-10,1856.4492883744601,1860.9292214197703,1833.0591924444336,1844.1663736544494,82223
2024-07-11,1839.7580829849271,1875.692469489303,1826.850212642697,1872.403488756121,249078
2024-07-12,1878.2185326998963,1886.0720102115147,1866.7757781417479,1878.5349685869528,84653
2024-07-15,1876.4762158705817,1881.637637106526,1865.2353947344961,1873.8879125544856,139864
2024-07-16,1873.1785251178476,1899.1564104351678,1872.9640559818185,1898.2457120666318,140687
2024-07-17,1895.7987858627025,1903.2280484391433,1885.1308768419185,1890.8163108471695,202847
2024-07-18,1893.2766510606068,1900.2846284748134,1882.0963600795951,1885.7335797373262,232258
2024-07-19,1878.9887848635688,1881.9952270895926,1876.1033111504835,1877.8675606575837,237902
2024-07-22,1870.9923735601433,1883.8651935197925,1832.3380007284368,1842.8868337785439,180599
2024-07-23,1848.779180151598,1881.619715458425,1834.7612038848001,1859.647342887789,245631
2024-07-24,1844.5632573612088,1853.0813482750762,1831.9158373884222,1834.8471392296983,233273
2024-07-25,1836.0225160732034,1844.664912796318,1812.0731184085137,1823.5587586194133,111222
2024-07-26,1818.5886362322508,1821.755501951603,1805.8854073856946,1807.6907066376125,170508
2024-07-29,1809.5386743967097,1825.5469414970885,1804.0148710476947,1821.8778622937987,231678
2024-07-30,1823.3525696556385,1830.7508175564553,1802.3450682602322,1820.4211964853466,99442
2024-07-31,1818.845872205451,1828.9580510310686,1809.5305874354258,1820.7423955434783,167167
2024-08-01,1823.4380402870365,1824.5009628394673,1789.4566544443887,1791.2979642387395,231750
2024-08-02,1789.6942475343692,1790.2257028414765,1788.7592750882113,1789.5445305645626,191376
2024-08-05,1792.9948152605543,1804.3038297138044,1749.03420926601,1757.4027132691892,150010
2024-08-06,1752.7721266796366,1775.9295979921576,1731.911807361094,1763.6413930243482,121816
2024-08-07,1769.6314903367515,1795.2972284098023,1756.7002967582976,1771.1802210827427,177505
2024-08-08,1770.43848344084,1771.8100143975096,1768.5612395664873,1770.8292900668152,104496
2024-08-09,1768.1904952429913,1822.806149273484,1757.00963353808,1812.7393290466098,216948
2024-08-12,1813.1213090306344,1823.0471648536434,1813.0556692876794,1822.9719915455855,178465
2024-08-13,1820.0542603080498,1835.7742827822967,1818.819738995093,1834.145452832119,210941
2024-08-14,1814.674784902768,1842.4294693963634,1811.5642913126408,1836.9068306705171,233536
2024-08-15,1829.465572126348,1837.3676946475123,1823.9060135759319,1833.1228407576502,228872
2024-08-16,1837.3026172822345,1855.0884271364896,1836.1623330558261,1853.3433980903174,151168
2024-08-19,1854.2919183360348,1881.984276823781,1849.4140282963347,1876.7526166828384,197349
2024-08-20,1882.5052397201898,1884.6225400258863,1842.9934702572773,1845.3175340967127,242028
2024-08-21,1838.2588990154875,1874.968929587844,1825.9130036405177,1869.5393332650335,182076
2024-08-22,1872.0780660200303,1895.7444145619822,1861.1326652617556,1881.648773391658,199975
2024-08-23,1886.3889845904177,1914.8869780066484,1876.4570374805398,1902.353525555328,146764
2024-08-26,1910.5323130189738,1912.4443764087937,1909.607019678548,1911.8462002584556,83189
2024-08-27,1920.3483417831064,1922.5798995354492,1877.212329720715,1884.5021321390634,99024
2024-08-28,1876.5300069815687,1877.3666858794486,1859.6496973360822,1860.3451805908592,238763
2024-08-29,1852.4644416129545,1907.1947908140382,1847.9591768895634,1898.5333553666337,119519
2024-08-30,1892.0663003290529,1907.6443162090704,1888.4987959491737,1903.9108717439292,99108
2024-09-02,1894.7570284118715,1895.832637742611,1871.0344032623318,1875.3519481366236,109725
2024-09-03,1866.6644143067363,1883.8010443230048,1865.9239021698563,1882.130330825852,117732
2024-09-04,1875.2035792834606,1895.1303830029958,1862.7815310364033,1875.2721792245995,206511
2024-09-05,1875.9172036549312,1886.1485398064501,1828.9657823466496,1841.4828314953393,175681
2024-09-06,1842.6543966473057,1848.5230616714716,1793.9726146132339,1798.3529625634574,149612
2024-09-09,1800.6844265074428,1805.70443874949,1758.535614086579,1767.750864350447,239724
2024-09-10,1766.5034287999913,1775.188855516422,1765.5420660183615,1772.6901011726225,178749
2024-09-11,1771.1778693354627,1774.827043226988,1768.6646589408833,1771.8645261751763,102919
2024-09-12,1767.325871953633,1771.234801263043,1764.6865180380385,1767.4984006211694,82628
2024-09-13,1771.5607676608413,1776.3016514096507,1766.0032842221276,1772.4519285875717,130594
2024-09-16,1772.1061314779113,1784.5417994385098,1770.2749553155886,1783.59489064103,158341
2024-09-17,1780.9706876564535,1789.8243103310347,1731.3482346674045,1738.4192642258938,87750
2024-09-18,1746.478479474313,1756.2601569036017,1728.8657651917463,1731.851446008288,237238
2024-09-19,1727.7546722381333,1746.1700419397582,1706.0216118515436,1713.8859038703426,94941
2024-09-20,1722.3542426062356,1735.4006910133387,1676.4172546632478,1687.6195136156302,93746
2024-09-23,1681.4082482940487,1694.2466144491843,1667.7817055229239,1676.6198799580518,153229
2024-09-24,1680.5729169213655,1680.5838493643585,1674.2765214104368,1674.2810360593903,232892
2024-09-25,1677.8736597066086,1678.8421448364873,1668.7355166430052,1669.4819099095914,177884
2024-09-26,1668.296177640239,1671.5322566668779,1641.3463908960439,1643.9072334465186,165255
2024-09-27,1638.9673259882052,1641.1574692133004,1634.909104893018,1635.74883334646,166879
2024-09-30,1634.6249976057154,1675.268911504364,1631.9613554555067,1671.1079558881572,136147
2024-10-01,1677.2365120317022,1680.2752091857517,1651.6054786937505,1652.637736751624,88064
